consumer_number,timestamp,date,time,consumption_kwh,day_of_week,hour,month,season,ground_truth_anomaly
10023456785,2024-01-01 00:00:00,2024-01-01,00:00:00,0.7368,Monday,0,1,Winter,0
10023456785,2024-01-01 01:00:00,2024-01-01,01:00:00,0.9381,Monday,1,1,Winter,0
10023456785,2024-01-01 02:00:00,2024-01-01,02:00:00,0.7132,Monday,2,1,Winter,0
10023456785,2024-01-01 03:00:00,2024-01-01,03:00:00,0.7686,Monday,3,1,Winter,0
10023456785,2024-01-01 04:00:00,2024-01-01,04:00:00,0.7432,Monday,4,1,Winter,0
10023456785,2024-01-01 05:00:00,2024-01-01,05:00:00,1.0860,Monday,5,1,Winter,0
10023456785,2024-01-01 06:00:00,2024-01-01,06:00:00,1.6965,Monday,6,1,Winter,0
10023456785,2024-01-01 07:00:00,2024-01-01,07:00:00,2.2696,Monday,7,1,Winter,0
10023456785,2024-01-01 08:00:00,2024-01-01,08:00:00,2.3159,Monday,8,1,Winter,0
10023456785,2024-01-01 09:00:00,2024-01-01,09:00:00,2.0645,Monday,9,1,Winter,0
10023456785,2024-01-01 10:00:00,2024-01-01,10:00:00,2.4613,Monday,10,1,Winter,0
10023456785,2024-01-01 11:00:00,2024-01-01,11:00:00,2.0661,Monday,11,1,Winter,0
10023456785,2024-01-01 12:00:00,2024-01-01,12:00:00,1.7563,Monday,12,1,Winter,0
10023456785,2024-01-01 13:00:00,2024-01-01,13:00:00,1.9872,Monday,13,1,Winter,0
10023456785,2024-01-01 14:00:00,2024-01-01,14:00:00,1.8792,Monday,14,1,Winter,0
10023456785,2024-01-01 15:00:00,2024-01-01,15:00:00,2.4553,Monday,15,1,Winter,0
10023456785,2024-01-01 16:00:00,2024-01-01,16:00:00,2.3029,Monday,16,1,Winter,0
10023456785,2024-01-01 17:00:00,2024-01-01,17:00:00,2.0390,Monday,17,1,Winter,0
10023456785,2024-01-01 18:00:00,2024-01-01,18:00:00,2.6446,Monday,18,1,Winter,0
10023456785,2024-01-01 19:00:00,2024-01-01,19:00:00,2.4513,Monday,19,1,Winter,0
10023456785,2024-01-01 20:00:00,2024-01-01,20:00:00,2.0722,Monday,20,1,Winter,0
10023456785,2024-01-01 21:00:00,2024-01-01,21:00:00,1.9394,Monday,21,1,Winter,0
10023456785,2024-01-01 22:00:00,2024-01-01,22:00:00,1.2599,Monday,22,1,Winter,0
10023456785,2024-01-01 23:00:00,2024-01-01,23:00:00,0.8402,Monday,23,1,Winter,0
10023456785,2024-01-02 00:00:00,2024-01-02,00:00:00,0.9596,Tuesday,0,1,Winter,0
10023456785,2024-01-02 01:00:00,2024-01-02,01:00:00,0.7860,Tuesday,1,1,Winter,0
10023456785,2024-01-02 02:00:00,2024-01-02,02:00:00,0.7627,Tuesday,2,1,Winter,0
10023456785,2024-01-02 03:00:00,2024-01-02,03:00:00,0.6327,Tuesday,3,1,Winter,0
10023456785,2024-01-02 04:00:00,2024-01-02,04:00:00,1.0931,Tuesday,4,1,Winter,0
10023456785,2024-01-02 05:00:00,2024-01-02,05:00:00,1.4524,Tuesday,5,1,Winter,0
10023456785,2024-01-02 06:00:00,2024-01-02,06:00:00,1.8149,Tuesday,6,1,Winter,0
10023456785,2024-01-02 07:00:00,2024-01-02,07:00:00,2.9952,Tuesday,7,1,Winter,0
10023456785,2024-01-02 08:00:00,2024-01-02,08:00:00,2.6942,Tuesday,8,1,Winter,0
10023456785,2024-01-02 09:00:00,2024-01-02,09:00:00,2.7972,Tuesday,9,1,Winter,0
10023456785,2024-01-02 10:00:00,2024-01-02,10:00:00,3.1586,Tuesday,10,1,Winter,0
10023456785,2024-01-02 11:00:00,2024-01-02,11:00:00,2.3109,Tuesday,11,1,Winter,0
10023456785,2024-01-02 12:00:00,2024-01-02,12:00:00,2.5714,Tuesday,12,1,Winter,0
10023456785,2024-01-02 13:00:00,2024-01-02,13:00:00,2.4265,Tuesday,13,1,Winter,0
10023456785,2024-01-02 14:00:00,2024-01-02,14:00:00,10.7669,Tuesday,14,1,Winter,1
10023456785,2024-01-02 15:00:00,2024-01-02,15:00:00,2.4756,Tuesday,15,1,Winter,0
10023456785,2024-01-02 16:00:00,2024-01-02,16:00:00,2.2256,Tuesday,16,1,Winter,0
10023456785,2024-01-02 17:00:00,2024-01-02,17:00:00,3.0223,Tuesday,17,1,Winter,0
10023456785,2024-01-02 18:00:00,2024-01-02,18:00:00,3.0168,Tuesday,18,1,Winter,0
10023456785,2024-01-02 19:00:00,2024-01-02,19:00:00,3.0575,Tuesday,19,1,Winter,0
10023456785,2024-01-02 20:00:00,2024-01-02,20:00:00,2.7407,Tuesday,20,1,Winter,0
10023456785,2024-01-02 21:00:00,2024-01-02,21:00:00,2.3551,Tuesday,21,1,Winter,0
10023456785,2024-01-02 22:00:00,2024-01-02,22:00:00,1.4057,Tuesday,22,1,Winter,0
10023456785,2024-01-02 23:00:00,2024-01-02,23:00:00,0.9199,Tuesday,23,1,Winter,0
10023456785,2024-01-03 00:00:00,2024-01-03,00:00:00,0.9595,Wednesday,0,1,Winter,0
10023456785,2024-01-03 01:00:00,2024-01-03,01:00:00,0.8324,Wednesday,1,1,Winter,0
10023456785,2024-01-03 02:00:00,2024-01-03,02:00:00,0.8488,Wednesday,2,1,Winter,0
10023456785,2024-01-03 03:00:00,2024-01-03,03:00:00,1.1476,Wednesday,3,1,Winter,0
10023456785,2024-01-03 04:00:00,2024-01-03,04:00:00,0.9816,Wednesday,4,1,Winter,0
10023456785,2024-01-03 05:00:00,2024-01-03,05:00:00,1.3953,Wednesday,5,1,Winter,0
10023456785,2024-01-03 06:00:00,2024-01-03,06:00:00,2.2997,Wednesday,6,1,Winter,0
10023456785,2024-01-03 07:00:00,2024-01-03,07:00:00,2.9538,Wednesday,7,1,Winter,0
10023456785,2024-01-03 08:00:00,2024-01-03,08:00:00,2.9838,Wednesday,8,1,Winter,0
10023456785,2024-01-03 09:00:00,2024-01-03,09:00:00,3.4543,Wednesday,9,1,Winter,0
10023456785,2024-01-03 10:00:00,2024-01-03,10:00:00,3.0087,Wednesday,10,1,Winter,0
10023456785,2024-01-03 11:00:00,2024-01-03,11:00:00,3.6814,Wednesday,11,1,Winter,0
10023456785,2024-01-03 12:00:00,2024-01-03,12:00:00,3.2419,Wednesday,12,1,Winter,0
10023456785,2024-01-03 13:00:00,2024-01-03,13:00:00,2.6799,Wednesday,13,1,Winter,0
10023456785,2024-01-03 14:00:00,2024-01-03,14:00:00,3.0715,Wednesday,14,1,Winter,0
10023456785,2024-01-03 15:00:00,2024-01-03,15:00:00,2.6914,Wednesday,15,1,Winter,0
10023456785,2024-01-03 16:00:00,2024-01-03,16:00:00,3.2730,Wednesday,16,1,Winter,0
10023456785,2024-01-03 17:00:00,2024-01-03,17:00:00,2.5610,Wednesday,17,1,Winter,0
10023456785,2024-01-03 18:00:00,2024-01-03,18:00:00,3.2141,Wednesday,18,1,Winter,0
10023456785,2024-01-03 19:00:00,2024-01-03,19:00:00,3.7160,Wednesday,19,1,Winter,0
10023456785,2024-01-03 20:00:00,2024-01-03,20:00:00,3.2301,Wednesday,20,1,Winter,0
10023456785,2024-01-03 21:00:00,2024-01-03,21:00:00,2.5973,Wednesday,21,1,Winter,0
10023456785,2024-01-03 22:00:00,2024-01-03,22:00:00,1.9096,Wednesday,22,1,Winter,0
10023456785,2024-01-03 23:00:00,2024-01-03,23:00:00,1.6343,Wednesday,23,1,Winter,0
10023456785,2024-01-04 00:00:00,2024-01-04,00:00:00,1.1775,Thursday,0,1,Winter,0
10023456785,2024-01-04 01:00:00,2024-01-04,01:00:00,0.9093,Thursday,1,1,Winter,0
10023456785,2024-01-04 02:00:00,2024-01-04,02:00:00,0.9378,Thursday,2,1,Winter,0
10023456785,2024-01-04 03:00:00,2024-01-04,03:00:00,0.9526,Thursday,3,1,Winter,0
10023456785,2024-01-04 04:00:00,2024-01-04,04:00:00,0.8845,Thursday,4,1,Winter,0
10023456785,2024-01-04 05:00:00,2024-01-04,05:00:00,1.2976,Thursday,5,1,Winter,0
10023456785,2024-01-04 06:00:00,2024-01-04,06:00:00,2.3951,Thursday,6,1,Winter,0
10023456785,2024-01-04 07:00:00,2024-01-04,07:00:00,2.7212,Thursday,7,1,Winter,0
10023456785,2024-01-04 08:00:00,2024-01-04,08:00:00,2.9189,Thursday,8,1,Winter,0
10023456785,2024-01-04 09:00:00,2024-01-04,09:00:00,2.7868,Thursday,9,1,Winter,0
10023456785,2024-01-04 10:00:00,2024-01-04,10:00:00,2.6005,Thursday,10,1,Winter,0
10023456785,2024-01-04 11:00:00,2024-01-04,11:00:00,1.9488,Thursday,11,1,Winter,0
10023456785,2024-01-04 12:00:00,2024-01-04,12:00:00,2.0548,Thursday,12,1,Winter,0
10023456785,2024-01-04 13:00:00,2024-01-04,13:00:00,2.3700,Thursday,13,1,Winter,0
10023456785,2024-01-04 14:00:00,2024-01-04,14:00:00,2.5059,Thursday,14,1,Winter,0
10023456785,2024-01-04 15:00:00,2024-01-04,15:00:00,3.2091,Thursday,15,1,Winter,0
10023456785,2024-01-04 16:00:00,2024-01-04,16:00:00,2.6989,Thursday,16,1,Winter,0
10023456785,2024-01-04 17:00:00,2024-01-04,17:00:00,3.3020,Thursday,17,1,Winter,0
10023456785,2024-01-04 18:00:00,2024-01-04,18:00:00,2.9675,Thursday,18,1,Winter,0
10023456785,2024-01-04 19:00:00,2024-01-04,19:00:00,3.0069,Thursday,19,1,Winter,0
10023456785,2024-01-04 20:00:00,2024-01-04,20:00:00,3.2680,Thursday,20,1,Winter,0
10023456785,2024-01-04 21:00:00,2024-01-04,21:00:00,2.0717,Thursday,21,1,Winter,0
10023456785,2024-01-04 22:00:00,2024-01-04,22:00:00,1.6223,Thursday,22,1,Winter,0
10023456785,2024-01-04 23:00:00,2024-01-04,23:00:00,1.4316,Thursday,23,1,Winter,0
10023456785,2024-01-05 00:00:00,2024-01-05,00:00:00,0.7234,Friday,0,1,Winter,0
10023456785,2024-01-05 01:00:00,2024-01-05,01:00:00,0.5983,Friday,1,1,Winter,0
10023456785,2024-01-05 02:00:00,2024-01-05,02:00:00,4.3318,Friday,2,1,Winter,1
10023456785,2024-01-05 03:00:00,2024-01-05,03:00:00,0.7311,Friday,3,1,Winter,0
10023456785,2024-01-05 04:00:00,2024-01-05,04:00:00,0.7915,Friday,4,1,Winter,0
10023456785,2024-01-05 05:00:00,2024-01-05,05:00:00,1.1645,Friday,5,1,Winter,0
10023456785,2024-01-05 06:00:00,2024-01-05,06:00:00,2.1069,Friday,6,1,Winter,0
10023456785,2024-01-05 07:00:00,2024-01-05,07:00:00,2.2558,Friday,7,1,Winter,0
10023456785,2024-01-05 08:00:00,2024-01-05,08:00:00,2.6997,Friday,8,1,Winter,0
10023456785,2024-01-05 09:00:00,2024-01-05,09:00:00,2.2479,Friday,9,1,Winter,0
10023456785,2024-01-05 10:00:00,2024-01-05,10:00:00,2.1055,Friday,10,1,Winter,0
10023456785,2024-01-05 11:00:00,2024-01-05,11:00:00,2.1644,Friday,11,1,Winter,0
10023456785,2024-01-05 12:00:00,2024-01-05,12:00:00,1.9998,Friday,12,1,Winter,0
10023456785,2024-01-05 13:00:00,2024-01-05,13:00:00,2.1064,Friday,13,1,Winter,0
10023456785,2024-01-05 14:00:00,2024-01-05,14:00:00,1.8364,Friday,14,1,Winter,0
10023456785,2024-01-05 15:00:00,2024-01-05,15:00:00,2.2382,Friday,15,1,Winter,0
10023456785,2024-01-05 16:00:00,2024-01-05,16:00:00,2.4827,Friday,16,1,Winter,0
10023456785,2024-01-05 17:00:00,2024-01-05,17:00:00,2.3619,Friday,17,1,Winter,0
10023456785,2024-01-05 18:00:00,2024-01-05,18:00:00,2.9951,Friday,18,1,Winter,0
10023456785,2024-01-05 19:00:00,2024-01-05,19:00:00,3.0742,Friday,19,1,Winter,0
10023456785,2024-01-05 20:00:00,2024-01-05,20:00:00,1.4745,Friday,20,1,Winter,0
10023456785,2024-01-05 21:00:00,2024-01-05,21:00:00,1.8990,Friday,21,1,Winter,0
10023456785,2024-01-05 22:00:00,2024-01-05,22:00:00,1.5379,Friday,22,1,Winter,0
10023456785,2024-01-05 23:00:00,2024-01-05,23:00:00,1.0863,Friday,23,1,Winter,0
10023456785,2024-01-06 00:00:00,2024-01-06,00:00:00,0.8061,Saturday,0,1,Winter,0
10023456785,2024-01-06 01:00:00,2024-01-06,01:00:00,0.6950,Saturday,1,1,Winter,0
10023456785,2024-01-06 02:00:00,2024-01-06,02:00:00,0.6430,Saturday,2,1,Winter,0
10023456785,2024-01-06 03:00:00,2024-01-06,03:00:00,0.7425,Saturday,3,1,Winter,0
10023456785,2024-01-06 04:00:00,2024-01-06,04:00:00,0.9935,Saturday,4,1,Winter,0
10023456785,2024-01-06 05:00:00,2024-01-06,05:00:00,1.0768,Saturday,5,1,Winter,0
10023456785,2024-01-06 06:00:00,2024-01-06,06:00:00,1.5307,Saturday,6,1,Winter,0
10023456785,2024-01-06 07:00:00,2024-01-06,07:00:00,1.9279,Saturday,7,1,Winter,0
10023456785,2024-01-06 08:00:00,2024-01-06,08:00:00,2.0322,Saturday,8,1,Winter,0
10023456785,2024-01-06 09:00:00,2024-01-06,09:00:00,2.4666,Saturday,9,1,Winter,0
10023456785,2024-01-06 10:00:00,2024-01-06,10:00:00,2.3256,Saturday,10,1,Winter,0
10023456785,2024-01-06 11:00:00,2024-01-06,11:00:00,2.1911,Saturday,11,1,Winter,0
10023456785,2024-01-06 12:00:00,2024-01-06,12:00:00,2.1645,Saturday,12,1,Winter,0
10023456785,2024-01-06 13:00:00,2024-01-06,13:00:00,1.9263,Saturday,13,1,Winter,0
10023456785,2024-01-06 14:00:00,2024-01-06,14:00:00,2.2470,Saturday,14,1,Winter,0
10023456785,2024-01-06 15:00:00,2024-01-06,15:00:00,1.8750,Saturday,15,1,Winter,0
10023456785,2024-01-06 16:00:00,2024-01-06,16:00:00,2.5680,Saturday,16,1,Winter,0
10023456785,2024-01-06 17:00:00,2024-01-06,17:00:00,2.6717,Saturday,17,1,Winter,0
10023456785,2024-01-06 18:00:00,2024-01-06,18:00:00,2.6137,Saturday,18,1,Winter,0
10023456785,2024-01-06 19:00:00,2024-01-06,19:00:00,2.5626,Saturday,19,1,Winter,0
10023456785,2024-01-06 20:00:00,2024-01-06,20:00:00,2.7211,Saturday,20,1,Winter,0
10023456785,2024-01-06 21:00:00,2024-01-06,21:00:00,1.8834,Saturday,21,1,Winter,0
10023456785,2024-01-06 22:00:00,2024-01-06,22:00:00,1.3770,Saturday,22,1,Winter,0
10023456785,2024-01-06 23:00:00,2024-01-06,23:00:00,0.9839,Saturday,23,1,Winter,0
10023456785,2024-01-07 00:00:00,2024-01-07,00:00:00,0.8081,Sunday,0,1,Winter,0
10023456785,2024-01-07 01:00:00,2024-01-07,01:00:00,0.8364,Sunday,1,1,Winter,0
10023456785,2024-01-07 02:00:00,2024-01-07,02:00:00,0.7157,Sunday,2,1,Winter,0
10023456785,2024-01-07 03:00:00,2024-01-07,03:00:00,0.7145,Sunday,3,1,Winter,0
10023456785,2024-01-07 04:00:00,2024-01-07,04:00:00,6.3298,Sunday,4,1,Winter,1
10023456785,2024-01-07 05:00:00,2024-01-07,05:00:00,0.9102,Sunday,5,1,Winter,0
10023456785,2024-01-07 06:00:00,2024-01-07,06:00:00,1.2869,Sunday,6,1,Winter,0
10023456785,2024-01-07 07:00:00,2024-01-07,07:00:00,0.0949,Sunday,7,1,Winter,1
10023456785,2024-01-07 08:00:00,2024-01-07,08:00:00,2.1846,Sunday,8,1,Winter,0
10023456785,2024-01-07 09:00:00,2024-01-07,09:00:00,2.0959,Sunday,9,1,Winter,0
10023456785,2024-01-07 10:00:00,2024-01-07,10:00:00,2.4171,Sunday,10,1,Winter,0
10023456785,2024-01-07 11:00:00,2024-01-07,11:00:00,2.2978,Sunday,11,1,Winter,0
10023456785,2024-01-07 12:00:00,2024-01-07,12:00:00,1.8207,Sunday,12,1,Winter,0
10023456785,2024-01-07 13:00:00,2024-01-07,13:00:00,2.0812,Sunday,13,1,Winter,0
10023456785,2024-01-07 14:00:00,2024-01-07,14:00:00,1.9962,Sunday,14,1,Winter,0
10023456785,2024-01-07 15:00:00,2024-01-07,15:00:00,11.8120,Sunday,15,1,Winter,1
10023456785,2024-01-07 16:00:00,2024-01-07,16:00:00,10.1501,Sunday,16,1,Winter,1
10023456785,2024-01-07 17:00:00,2024-01-07,17:00:00,2.5561,Sunday,17,1,Winter,0
10023456785,2024-01-07 18:00:00,2024-01-07,18:00:00,2.3899,Sunday,18,1,Winter,0
10023456785,2024-01-07 19:00:00,2024-01-07,19:00:00,2.7255,Sunday,19,1,Winter,0
10023456785,2024-01-07 20:00:00,2024-01-07,20:00:00,2.5511,Sunday,20,1,Winter,0
10023456785,2024-01-07 21:00:00,2024-01-07,21:00:00,2.0667,Sunday,21,1,Winter,0
10023456785,2024-01-07 22:00:00,2024-01-07,22:00:00,1.6183,Sunday,22,1,Winter,0
10023456785,2024-01-07 23:00:00,2024-01-07,23:00:00,1.1325,Sunday,23,1,Winter,0
10023456785,2024-01-08 00:00:00,2024-01-08,00:00:00,1.0299,Monday,0,1,Winter,0
10023456785,2024-01-08 01:00:00,2024-01-08,01:00:00,0.7442,Monday,1,1,Winter,0
10023456785,2024-01-08 02:00:00,2024-01-08,02:00:00,0.6895,Monday,2,1,Winter,0
10023456785,2024-01-08 03:00:00,2024-01-08,03:00:00,0.7550,Monday,3,1,Winter,0
10023456785,2024-01-08 04:00:00,2024-01-08,04:00:00,1.0523,Monday,4,1,Winter,0
10023456785,2024-01-08 05:00:00,2024-01-08,05:00:00,1.5104,Monday,5,1,Winter,0
10023456785,2024-01-08 06:00:00,2024-01-08,06:00:00,1.5473,Monday,6,1,Winter,0
10023456785,2024-01-08 07:00:00,2024-01-08,07:00:00,2.6671,Monday,7,1,Winter,0
10023456785,2024-01-08 08:00:00,2024-01-08,08:00:00,3.9674,Monday,8,1,Winter,0
10023456785,2024-01-08 09:00:00,2024-01-08,09:00:00,2.7472,Monday,9,1,Winter,0
10023456785,2024-01-08 10:00:00,2024-01-08,10:00:00,2.9111,Monday,10,1,Winter,0
10023456785,2024-01-08 11:00:00,2024-01-08,11:00:00,2.6243,Monday,11,1,Winter,0
10023456785,2024-01-08 12:00:00,2024-01-08,12:00:00,1.8788,Monday,12,1,Winter,0
10023456785,2024-01-08 13:00:00,2024-01-08,13:00:00,2.2350,Monday,13,1,Winter,0
10023456785,2024-01-08 14:00:00,2024-01-08,14:00:00,2.1346,Monday,14,1,Winter,0
10023456785,2024-01-08 15:00:00,2024-01-08,15:00:00,2.5228,Monday,15,1,Winter,0
10023456785,2024-01-08 16:00:00,2024-01-08,16:00:00,3.1835,Monday,16,1,Winter,0
10023456785,2024-01-08 17:00:00,2024-01-08,17:00:00,2.2851,Monday,17,1,Winter,0
10023456785,2024-01-08 18:00:00,2024-01-08,18:00:00,2.6622,Monday,18,1,Winter,0
10023456785,2024-01-08 19:00:00,2024-01-08,19:00:00,2.8510,Monday,19,1,Winter,0
10023456785,2024-01-08 20:00:00,2024-01-08,20:00:00,2.4482,Monday,20,1,Winter,0
10023456785,2024-01-08 21:00:00,2024-01-08,21:00:00,2.1632,Monday,21,1,Winter,0
10023456785,2024-01-08 22:00:00,2024-01-08,22:00:00,1.5827,Monday,22,1,Winter,0
10023456785,2024-01-08 23:00:00,2024-01-08,23:00:00,3.2940,Monday,23,1,Winter,1
10023456785,2024-01-09 00:00:00,2024-01-09,00:00:00,1.1605,Tuesday,0,1,Winter,0
10023456785,2024-01-09 01:00:00,2024-01-09,01:00:00,1.1966,Tuesday,1,1,Winter,0
10023456785,2024-01-09 02:00:00,2024-01-09,02:00:00,2.8905,Tuesday,2,1,Winter,1
10023456785,2024-01-09 03:00:00,2024-01-09,03:00:00,2.7917,Tuesday,3,1,Winter,1
10023456785,2024-01-09 04:00:00,2024-01-09,04:00:00,3.6720,Tuesday,4,1,Winter,1
10023456785,2024-01-09 05:00:00,2024-01-09,05:00:00,4.2876,Tuesday,5,1,Winter,1
10023456785,2024-01-09 06:00:00,2024-01-09,06:00:00,6.6523,Tuesday,6,1,Winter,1
10023456785,2024-01-09 07:00:00,2024-01-09,07:00:00,8.4711,Tuesday,7,1,Winter,1
10023456785,2024-01-09 08:00:00,2024-01-09,08:00:00,3.4985,Tuesday,8,1,Winter,0
10023456785,2024-01-09 09:00:00,2024-01-09,09:00:00,3.9973,Tuesday,9,1,Winter,0
10023456785,2024-01-09 10:00:00,2024-01-09,10:00:00,3.8035,Tuesday,10,1,Winter,0
10023456785,2024-01-09 11:00:00,2024-01-09,11:00:00,3.3481,Tuesday,11,1,Winter,0
10023456785,2024-01-09 12:00:00,2024-01-09,12:00:00,2.8854,Tuesday,12,1,Winter,0
10023456785,2024-01-09 13:00:00,2024-01-09,13:00:00,2.6661,Tuesday,13,1,Winter,0
10023456785,2024-01-09 14:00:00,2024-01-09,14:00:00,3.0309,Tuesday,14,1,Winter,0
10023456785,2024-01-09 15:00:00,2024-01-09,15:00:00,2.7383,Tuesday,15,1,Winter,0
10023456785,2024-01-09 16:00:00,2024-01-09,16:00:00,3.2055,Tuesday,16,1,Winter,0
10023456785,2024-01-09 17:00:00,2024-01-09,17:00:00,4.3070,Tuesday,17,1,Winter,0
10023456785,2024-01-09 18:00:00,2024-01-09,18:00:00,3.0607,Tuesday,18,1,Winter,0
10023456785,2024-01-09 19:00:00,2024-01-09,19:00:00,3.4020,Tuesday,19,1,Winter,0
10023456785,2024-01-09 20:00:00,2024-01-09,20:00:00,3.5324,Tuesday,20,1,Winter,0
10023456785,2024-01-09 21:00:00,2024-01-09,21:00:00,2.4284,Tuesday,21,1,Winter,0
10023456785,2024-01-09 22:00:00,2024-01-09,22:00:00,1.9838,Tuesday,22,1,Winter,0
10023456785,2024-01-09 23:00:00,2024-01-09,23:00:00,1.6228,Tuesday,23,1,Winter,0
10023456785,2024-01-10 00:00:00,2024-01-10,00:00:00,1.2205,Wednesday,0,1,Winter,0
10023456785,2024-01-10 01:00:00,2024-01-10,01:00:00,1.1553,Wednesday,1,1,Winter,0
10023456785,2024-01-10 02:00:00,2024-01-10,02:00:00,1.0149,Wednesday,2,1,Winter,0
10023456785,2024-01-10 03:00:00,2024-01-10,03:00:00,0.8363,Wednesday,3,1,Winter,0
10023456785,2024-01-10 04:00:00,2024-01-10,04:00:00,1.1694,Wednesday,4,1,Winter,0
10023456785,2024-01-10 05:00:00,2024-01-10,05:00:00,1.3693,Wednesday,5,1,Winter,0
10023456785,2024-01-10 06:00:00,2024-01-10,06:00:00,2.1972,Wednesday,6,1,Winter,0
10023456785,2024-01-10 07:00:00,2024-01-10,07:00:00,3.5263,Wednesday,7,1,Winter,0
10023456785,2024-01-10 08:00:00,2024-01-10,08:00:00,3.5274,Wednesday,8,1,Winter,0
10023456785,2024-01-10 09:00:00,2024-01-10,09:00:00,8.8638,Wednesday,9,1,Winter,1
10023456785,2024-01-10 10:00:00,2024-01-10,10:00:00,9.2919,Wednesday,10,1,Winter,1
10023456785,2024-01-10 11:00:00,2024-01-10,11:00:00,6.2881,Wednesday,11,1,Winter,1
10023456785,2024-01-10 12:00:00,2024-01-10,12:00:00,7.0744,Wednesday,12,1,Winter,1
10023456785,2024-01-10 13:00:00,2024-01-10,13:00:00,7.6492,Wednesday,13,1,Winter,1
10023456785,2024-01-10 14:00:00,2024-01-10,14:00:00,7.4270,Wednesday,14,1,Winter,1
10023456785,2024-01-10 15:00:00,2024-01-10,15:00:00,3.1356,Wednesday,15,1,Winter,0
10023456785,2024-01-10 16:00:00,2024-01-10,16:00:00,3.1056,Wednesday,16,1,Winter,0
10023456785,2024-01-10 17:00:00,2024-01-10,17:00:00,3.8004,Wednesday,17,1,Winter,0
10023456785,2024-01-10 18:00:00,2024-01-10,18:00:00,4.2817,Wednesday,18,1,Winter,0
10023456785,2024-01-10 19:00:00,2024-01-10,19:00:00,2.9488,Wednesday,19,1,Winter,0
10023456785,2024-01-10 20:00:00,2024-01-10,20:00:00,3.5794,Wednesday,20,1,Winter,0
10023456785,2024-01-10 21:00:00,2024-01-10,21:00:00,2.4134,Wednesday,21,1,Winter,0
10023456785,2024-01-10 22:00:00,2024-01-10,22:00:00,2.1144,Wednesday,22,1,Winter,0
10023456785,2024-01-10 23:00:00,2024-01-10,23:00:00,1.2207,Wednesday,23,1,Winter,0
10023456785,2024-01-11 00:00:00,2024-01-11,00:00:00,1.0863,Thursday,0,1,Winter,0
10023456785,2024-01-11 01:00:00,2024-01-11,01:00:00,0.8470,Thursday,1,1,Winter,0
10023456785,2024-01-11 02:00:00,2024-01-11,02:00:00,0.9825,Thursday,2,1,Winter,0
10023456785,2024-01-11 03:00:00,2024-01-11,03:00:00,0.7863,Thursday,3,1,Winter,0
10023456785,2024-01-11 04:00:00,2024-01-11,04:00:00,1.0325,Thursday,4,1,Winter,0
10023456785,2024-01-11 05:00:00,2024-01-11,05:00:00,1.8124,Thursday,5,1,Winter,0
10023456785,2024-01-11 06:00:00,2024-01-11,06:00:00,2.6034,Thursday,6,1,Winter,0
10023456785,2024-01-11 07:00:00,2024-01-11,07:00:00,3.1811,Thursday,7,1,Winter,0
10023456785,2024-01-11 08:00:00,2024-01-11,08:00:00,4.5769,Thursday,8,1,Winter,0
10023456785,2024-01-11 09:00:00,2024-01-11,09:00:00,3.7467,Thursday,9,1,Winter,0
10023456785,2024-01-11 10:00:00,2024-01-11,10:00:00,3.0943,Thursday,10,1,Winter,0
10023456785,2024-01-11 11:00:00,2024-01-11,11:00:00,2.6506,Thursday,11,1,Winter,0
10023456785,2024-01-11 12:00:00,2024-01-11,12:00:00,3.2718,Thursday,12,1,Winter,0
10023456785,2024-01-11 13:00:00,2024-01-11,13:00:00,3.3971,Thursday,13,1,Winter,0
10023456785,2024-01-11 14:00:00,2024-01-11,14:00:00,4.2973,Thursday,14,1,Winter,0
10023456785,2024-01-11 15:00:00,2024-01-11,15:00:00,3.0365,Thursday,15,1,Winter,0
10023456785,2024-01-11 16:00:00,2024-01-11,16:00:00,2.8455,Thursday,16,1,Winter,0
10023456785,2024-01-11 17:00:00,2024-01-11,17:00:00,3.6292,Thursday,17,1,Winter,0
10023456785,2024-01-11 18:00:00,2024-01-11,18:00:00,0.3361,Thursday,18,1,Winter,1
10023456785,2024-01-11 19:00:00,2024-01-11,19:00:00,0.5446,Thursday,19,1,Winter,1
10023456785,2024-01-11 20:00:00,2024-01-11,20:00:00,0.3879,Thursday,20,1,Winter,1
10023456785,2024-01-11 21:00:00,2024-01-11,21:00:00,2.4823,Thursday,21,1,Winter,0
10023456785,2024-01-11 22:00:00,2024-01-11,22:00:00,1.7439,Thursday,22,1,Winter,0
10023456785,2024-01-11 23:00:00,2024-01-11,23:00:00,1.3597,Thursday,23,1,Winter,0
10023456785,2024-01-12 00:00:00,2024-01-12,00:00:00,0.8582,Friday,0,1,Winter,0
10023456785,2024-01-12 01:00:00,2024-01-12,01:00:00,0.6303,Friday,1,1,Winter,0
10023456785,2024-01-12 02:00:00,2024-01-12,02:00:00,0.5832,Friday,2,1,Winter,0
10023456785,2024-01-12 03:00:00,2024-01-12,03:00:00,0.5819,Friday,3,1,Winter,0
10023456785,2024-01-12 04:00:00,2024-01-12,04:00:00,0.6402,Friday,4,1,Winter,0
10023456785,2024-01-12 05:00:00,2024-01-12,05:00:00,0.9982,Friday,5,1,Winter,0
10023456785,2024-01-12 06:00:00,2024-01-12,06:00:00,1.1388,Friday,6,1,Winter,0
10023456785,2024-01-12 07:00:00,2024-01-12,07:00:00,1.9684,Friday,7,1,Winter,0
10023456785,2024-01-12 08:00:00,2024-01-12,08:00:00,2.0941,Friday,8,1,Winter,0
10023456785,2024-01-12 09:00:00,2024-01-12,09:00:00,2.2576,Friday,9,1,Winter,0
10023456785,2024-01-12 10:00:00,2024-01-12,10:00:00,2.2590,Friday,10,1,Winter,0
10023456785,2024-01-12 11:00:00,2024-01-12,11:00:00,2.0009,Friday,11,1,Winter,0
10023456785,2024-01-12 12:00:00,2024-01-12,12:00:00,1.8334,Friday,12,1,Winter,0
10023456785,2024-01-12 13:00:00,2024-01-12,13:00:00,1.7953,Friday,13,1,Winter,0
10023456785,2024-01-12 14:00:00,2024-01-12,14:00:00,1.9740,Friday,14,1,Winter,0
10023456785,2024-01-12 15:00:00,2024-01-12,15:00:00,1.9953,Friday,15,1,Winter,0
10023456785,2024-01-12 16:00:00,2024-01-12,16:00:00,1.9171,Friday,16,1,Winter,0
10023456785,2024-01-12 17:00:00,2024-01-12,17:00:00,2.1955,Friday,17,1,Winter,0
10023456785,2024-01-12 18:00:00,2024-01-12,18:00:00,2.4795,Friday,18,1,Winter,0
10023456785,2024-01-12 19:00:00,2024-01-12,19:00:00,2.1955,Friday,19,1,Winter,0
10023456785,2024-01-12 20:00:00,2024-01-12,20:00:00,1.8309,Friday,20,1,Winter,0
10023456785,2024-01-12 21:00:00,2024-01-12,21:00:00,2.0214,Friday,21,1,Winter,0
10023456785,2024-01-12 22:00:00,2024-01-12,22:00:00,1.1138,Friday,22,1,Winter,0
10023456785,2024-01-12 23:00:00,2024-01-12,23:00:00,0.7679,Friday,23,1,Winter,0
10023456785,2024-01-13 00:00:00,2024-01-13,00:00:00,0.8662,Saturday,0,1,Winter,0
10023456785,2024-01-13 01:00:00,2024-01-13,01:00:00,0.8022,Saturday,1,1,Winter,0
10023456785,2024-01-13 02:00:00,2024-01-13,02:00:00,0.7584,Saturday,2,1,Winter,0
10023456785,2024-01-13 03:00:00,2024-01-13,03:00:00,0.6196,Saturday,3,1,Winter,0
10023456785,2024-01-13 04:00:00,2024-01-13,04:00:00,0.6180,Saturday,4,1,Winter,0
10023456785,2024-01-13 05:00:00,2024-01-13,05:00:00,6.5336,Saturday,5,1,Winter,1
10023456785,2024-01-13 06:00:00,2024-01-13,06:00:00,0.9243,Saturday,6,1,Winter,0
10023456785,2024-01-13 07:00:00,2024-01-13,07:00:00,1.5415,Saturday,7,1,Winter,0
10023456785,2024-01-13 08:00:00,2024-01-13,08:00:00,1.8912,Saturday,8,1,Winter,0
10023456785,2024-01-13 09:00:00,2024-01-13,09:00:00,1.8493,Saturday,9,1,Winter,0
10023456785,2024-01-13 10:00:00,2024-01-13,10:00:00,1.7084,Saturday,10,1,Winter,0
10023456785,2024-01-13 11:00:00,2024-01-13,11:00:00,2.3634,Saturday,11,1,Winter,0
10023456785,2024-01-13 12:00:00,2024-01-13,12:00:00,1.5613,Saturday,12,1,Winter,0
10023456785,2024-01-13 13:00:00,2024-01-13,13:00:00,1.6703,Saturday,13,1,Winter,0
10023456785,2024-01-13 14:00:00,2024-01-13,14:00:00,1.9036,Saturday,14,1,Winter,0
10023456785,2024-01-13 15:00:00,2024-01-13,15:00:00,2.0511,Saturday,15,1,Winter,0
10023456785,2024-01-13 16:00:00,2024-01-13,16:00:00,1.9851,Saturday,16,1,Winter,0
10023456785,2024-01-13 17:00:00,2024-01-13,17:00:00,1.9947,Saturday,17,1,Winter,0
10023456785,2024-01-13 18:00:00,2024-01-13,18:00:00,2.4939,Saturday,18,1,Winter,0
10023456785,2024-01-13 19:00:00,2024-01-13,19:00:00,2.8301,Saturday,19,1,Winter,0
10023456785,2024-01-13 20:00:00,2024-01-13,20:00:00,2.1395,Saturday,20,1,Winter,0
10023456785,2024-01-13 21:00:00,2024-01-13,21:00:00,1.7911,Saturday,21,1,Winter,0
10023456785,2024-01-13 22:00:00,2024-01-13,22:00:00,1.5112,Saturday,22,1,Winter,0
10023456785,2024-01-13 23:00:00,2024-01-13,23:00:00,0.9015,Saturday,23,1,Winter,0
10023456785,2024-01-14 00:00:00,2024-01-14,00:00:00,0.7088,Sunday,0,1,Winter,0
10023456785,2024-01-14 01:00:00,2024-01-14,01:00:00,0.5952,Sunday,1,1,Winter,0
10023456785,2024-01-14 02:00:00,2024-01-14,02:00:00,0.6718,Sunday,2,1,Winter,0
10023456785,2024-01-14 03:00:00,2024-01-14,03:00:00,1.8148,Sunday,3,1,Winter,1
10023456785,2024-01-14 04:00:00,2024-01-14,04:00:00,0.6774,Sunday,4,1,Winter,0
10023456785,2024-01-14 05:00:00,2024-01-14,05:00:00,0.7743,Sunday,5,1,Winter,0
10023456785,2024-01-14 06:00:00,2024-01-14,06:00:00,1.1312,Sunday,6,1,Winter,0
10023456785,2024-01-14 07:00:00,2024-01-14,07:00:00,1.4544,Sunday,7,1,Winter,0
10023456785,2024-01-14 08:00:00,2024-01-14,08:00:00,1.6752,Sunday,8,1,Winter,0
10023456785,2024-01-14 09:00:00,2024-01-14,09:00:00,1.6061,Sunday,9,1,Winter,0
10023456785,2024-01-14 10:00:00,2024-01-14,10:00:00,1.6099,Sunday,10,1,Winter,0
10023456785,2024-01-14 11:00:00,2024-01-14,11:00:00,1.8294,Sunday,11,1,Winter,0
10023456785,2024-01-14 12:00:00,2024-01-14,12:00:00,1.7393,Sunday,12,1,Winter,0
10023456785,2024-01-14 13:00:00,2024-01-14,13:00:00,1.6489,Sunday,13,1,Winter,0
10023456785,2024-01-14 14:00:00,2024-01-14,14:00:00,1.6065,Sunday,14,1,Winter,0
10023456785,2024-01-14 15:00:00,2024-01-14,15:00:00,2.1311,Sunday,15,1,Winter,0
10023456785,2024-01-14 16:00:00,2024-01-14,16:00:00,2.1155,Sunday,16,1,Winter,0
10023456785,2024-01-14 17:00:00,2024-01-14,17:00:00,2.0607,Sunday,17,1,Winter,0
10023456785,2024-01-14 18:00:00,2024-01-14,18:00:00,1.9878,Sunday,18,1,Winter,0
10023456785,2024-01-14 19:00:00,2024-01-14,19:00:00,2.4490,Sunday,19,1,Winter,0
10023456785,2024-01-14 20:00:00,2024-01-14,20:00:00,0.1429,Sunday,20,1,Winter,1
10023456785,2024-01-14 21:00:00,2024-01-14,21:00:00,1.6254,Sunday,21,1,Winter,0
10023456785,2024-01-14 22:00:00,2024-01-14,22:00:00,1.1707,Sunday,22,1,Winter,0
10023456785,2024-01-14 23:00:00,2024-01-14,23:00:00,1.0733,Sunday,23,1,Winter,0
10023456785,2024-01-15 00:00:00,2024-01-15,00:00:00,0.8076,Monday,0,1,Winter,0
10023456785,2024-01-15 01:00:00,2024-01-15,01:00:00,0.6353,Monday,1,1,Winter,0
10023456785,2024-01-15 02:00:00,2024-01-15,02:00:00,0.6261,Monday,2,1,Winter,0
10023456785,2024-01-15 03:00:00,2024-01-15,03:00:00,0.5974,Monday,3,1,Winter,0
10023456785,2024-01-15 04:00:00,2024-01-15,04:00:00,0.7008,Monday,4,1,Winter,0
10023456785,2024-01-15 05:00:00,2024-01-15,05:00:00,0.7011,Monday,5,1,Winter,0
10023456785,2024-01-15 06:00:00,2024-01-15,06:00:00,1.6123,Monday,6,1,Winter,0
10023456785,2024-01-15 07:00:00,2024-01-15,07:00:00,2.1710,Monday,7,1,Winter,0
10023456785,2024-01-15 08:00:00,2024-01-15,08:00:00,2.1385,Monday,8,1,Winter,0
10023456785,2024-01-15 09:00:00,2024-01-15,09:00:00,2.4327,Monday,9,1,Winter,0
10023456785,2024-01-15 10:00:00,2024-01-15,10:00:00,1.8222,Monday,10,1,Winter,0
10023456785,2024-01-15 11:00:00,2024-01-15,11:00:00,1.7523,Monday,11,1,Winter,0
10023456785,2024-01-15 12:00:00,2024-01-15,12:00:00,1.3581,Monday,12,1,Winter,0
10023456785,2024-01-15 13:00:00,2024-01-15,13:00:00,2.4628,Monday,13,1,Winter,0
10023456785,2024-01-15 14:00:00,2024-01-15,14:00:00,1.9660,Monday,14,1,Winter,0
10023456785,2024-01-15 15:00:00,2024-01-15,15:00:00,1.9329,Monday,15,1,Winter,0
10023456785,2024-01-15 16:00:00,2024-01-15,16:00:00,1.7799,Monday,16,1,Winter,0
10023456785,2024-01-15 17:00:00,2024-01-15,17:00:00,1.9194,Monday,17,1,Winter,0
10023456785,2024-01-15 18:00:00,2024-01-15,18:00:00,2.4412,Monday,18,1,Winter,0
10023456785,2024-01-15 19:00:00,2024-01-15,19:00:00,2.4240,Monday,19,1,Winter,0
10023456785,2024-01-15 20:00:00,2024-01-15,20:00:00,2.1425,Monday,20,1,Winter,0
10023456785,2024-01-15 21:00:00,2024-01-15,21:00:00,1.5605,Monday,21,1,Winter,0
10023456785,2024-01-15 22:00:00,2024-01-15,22:00:00,1.3612,Monday,22,1,Winter,0
10023456785,2024-01-15 23:00:00,2024-01-15,23:00:00,0.9412,Monday,23,1,Winter,0
10023456785,2024-01-16 00:00:00,2024-01-16,00:00:00,0.7419,Tuesday,0,1,Winter,0
10023456785,2024-01-16 01:00:00,2024-01-16,01:00:00,0.8858,Tuesday,1,1,Winter,0
10023456785,2024-01-16 02:00:00,2024-01-16,02:00:00,0.7171,Tuesday,2,1,Winter,0
10023456785,2024-01-16 03:00:00,2024-01-16,03:00:00,0.5351,Tuesday,3,1,Winter,0
10023456785,2024-01-16 04:00:00,2024-01-16,04:00:00,0.6383,Tuesday,4,1,Winter,0
10023456785,2024-01-16 05:00:00,2024-01-16,05:00:00,0.8516,Tuesday,5,1,Winter,0
10023456785,2024-01-16 06:00:00,2024-01-16,06:00:00,1.5193,Tuesday,6,1,Winter,0
10023456785,2024-01-16 07:00:00,2024-01-16,07:00:00,1.8370,Tuesday,7,1,Winter,0
10023456785,2024-01-16 08:00:00,2024-01-16,08:00:00,2.7799,Tuesday,8,1,Winter,0
10023456785,2024-01-16 09:00:00,2024-01-16,09:00:00,2.5480,Tuesday,9,1,Winter,0
10023456785,2024-01-16 10:00:00,2024-01-16,10:00:00,2.3813,Tuesday,10,1,Winter,0
10023456785,2024-01-16 11:00:00,2024-01-16,11:00:00,2.1430,Tuesday,11,1,Winter,0
10023456785,2024-01-16 12:00:00,2024-01-16,12:00:00,1.6026,Tuesday,12,1,Winter,0
10023456785,2024-01-16 13:00:00,2024-01-16,13:00:00,1.4626,Tuesday,13,1,Winter,0
10023456785,2024-01-16 14:00:00,2024-01-16,14:00:00,1.8201,Tuesday,14,1,Winter,0
10023456785,2024-01-16 15:00:00,2024-01-16,15:00:00,4.3624,Tuesday,15,1,Winter,1
10023456785,2024-01-16 16:00:00,2024-01-16,16:00:00,5.0347,Tuesday,16,1,Winter,1
10023456785,2024-01-16 17:00:00,2024-01-16,17:00:00,6.1893,Tuesday,17,1,Winter,1
10023456785,2024-01-16 18:00:00,2024-01-16,18:00:00,5.5447,Tuesday,18,1,Winter,1
10023456785,2024-01-16 19:00:00,2024-01-16,19:00:00,5.3539,Tuesday,19,1,Winter,1
10023456785,2024-01-16 20:00:00,2024-01-16,20:00:00,3.7270,Tuesday,20,1,Winter,1
10023456785,2024-01-16 21:00:00,2024-01-16,21:00:00,1.6244,Tuesday,21,1,Winter,0
10023456785,2024-01-16 22:00:00,2024-01-16,22:00:00,1.1438,Tuesday,22,1,Winter,0
10023456785,2024-01-16 23:00:00,2024-01-16,23:00:00,1.0818,Tuesday,23,1,Winter,0
10023456785,2024-01-17 00:00:00,2024-01-17,00:00:00,0.6368,Wednesday,0,1,Winter,0
10023456785,2024-01-17 01:00:00,2024-01-17,01:00:00,0.7191,Wednesday,1,1,Winter,0
10023456785,2024-01-17 02:00:00,2024-01-17,02:00:00,0.4807,Wednesday,2,1,Winter,0
10023456785,2024-01-17 03:00:00,2024-01-17,03:00:00,0.5607,Wednesday,3,1,Winter,0
10023456785,2024-01-17 04:00:00,2024-01-17,04:00:00,0.5180,Wednesday,4,1,Winter,0
10023456785,2024-01-17 05:00:00,2024-01-17,05:00:00,0.8292,Wednesday,5,1,Winter,0
10023456785,2024-01-17 06:00:00,2024-01-17,06:00:00,1.4103,Wednesday,6,1,Winter,0
10023456785,2024-01-17 07:00:00,2024-01-17,07:00:00,1.5704,Wednesday,7,1,Winter,0
10023456785,2024-01-17 08:00:00,2024-01-17,08:00:00,2.1460,Wednesday,8,1,Winter,0
10023456785,2024-01-17 09:00:00,2024-01-17,09:00:00,1.7972,Wednesday,9,1,Winter,0
10023456785,2024-01-17 10:00:00,2024-01-17,10:00:00,1.9402,Wednesday,10,1,Winter,0
10023456785,2024-01-17 11:00:00,2024-01-17,11:00:00,1.7845,Wednesday,11,1,Winter,0
10023456785,2024-01-17 12:00:00,2024-01-17,12:00:00,1.6545,Wednesday,12,1,Winter,0
10023456785,2024-01-17 13:00:00,2024-01-17,13:00:00,1.6269,Wednesday,13,1,Winter,0
10023456785,2024-01-17 14:00:00,2024-01-17,14:00:00,1.8720,Wednesday,14,1,Winter,0
10023456785,2024-01-17 15:00:00,2024-01-17,15:00:00,1.6992,Wednesday,15,1,Winter,0
10023456785,2024-01-17 16:00:00,2024-01-17,16:00:00,1.8219,Wednesday,16,1,Winter,0
10023456785,2024-01-17 17:00:00,2024-01-17,17:00:00,2.0438,Wednesday,17,1,Winter,0
10023456785,2024-01-17 18:00:00,2024-01-17,18:00:00,2.1602,Wednesday,18,1,Winter,0
10023456785,2024-01-17 19:00:00,2024-01-17,19:00:00,5.6102,Wednesday,19,1,Winter,1
10023456785,2024-01-17 20:00:00,2024-01-17,20:00:00,4.2489,Wednesday,20,1,Winter,1
10023456785,2024-01-17 21:00:00,2024-01-17,21:00:00,4.5002,Wednesday,21,1,Winter,1
10023456785,2024-01-17 22:00:00,2024-01-17,22:00:00,2.5176,Wednesday,22,1,Winter,1
10023456785,2024-01-17 23:00:00,2024-01-17,23:00:00,0.7649,Wednesday,23,1,Winter,0
10023456785,2024-01-18 00:00:00,2024-01-18,00:00:00,0.6851,Thursday,0,1,Winter,0
10023456785,2024-01-18 01:00:00,2024-01-18,01:00:00,0.5811,Thursday,1,1,Winter,0
10023456785,2024-01-18 02:00:00,2024-01-18,02:00:00,0.5414,Thursday,2,1,Winter,0
10023456785,2024-01-18 03:00:00,2024-01-18,03:00:00,0.5303,Thursday,3,1,Winter,0
10023456785,2024-01-18 04:00:00,2024-01-18,04:00:00,0.4786,Thursday,4,1,Winter,0
10023456785,2024-01-18 05:00:00,2024-01-18,05:00:00,0.7920,Thursday,5,1,Winter,0
10023456785,2024-01-18 06:00:00,2024-01-18,06:00:00,1.0660,Thursday,6,1,Winter,0
10023456785,2024-01-18 07:00:00,2024-01-18,07:00:00,1.7301,Thursday,7,1,Winter,0
10023456785,2024-01-18 08:00:00,2024-01-18,08:00:00,1.3774,Thursday,8,1,Winter,0
10023456785,2024-01-18 09:00:00,2024-01-18,09:00:00,1.8469,Thursday,9,1,Winter,0
10023456785,2024-01-18 10:00:00,2024-01-18,10:00:00,1.4556,Thursday,10,1,Winter,0
10023456785,2024-01-18 11:00:00,2024-01-18,11:00:00,1.5133,Thursday,11,1,Winter,0
10023456785,2024-01-18 12:00:00,2024-01-18,12:00:00,1.3148,Thursday,12,1,Winter,0
10023456785,2024-01-18 13:00:00,2024-01-18,13:00:00,1.2835,Thursday,13,1,Winter,0
10023456785,2024-01-18 14:00:00,2024-01-18,14:00:00,1.3029,Thursday,14,1,Winter,0
10023456785,2024-01-18 15:00:00,2024-01-18,15:00:00,1.2077,Thursday,15,1,Winter,0
10023456785,2024-01-18 16:00:00,2024-01-18,16:00:00,1.7030,Thursday,16,1,Winter,0
10023456785,2024-01-18 17:00:00,2024-01-18,17:00:00,1.8057,Thursday,17,1,Winter,0
10023456785,2024-01-18 18:00:00,2024-01-18,18:00:00,1.7804,Thursday,18,1,Winter,0
10023456785,2024-01-18 19:00:00,2024-01-18,19:00:00,1.7732,Thursday,19,1,Winter,0
10023456785,2024-01-18 20:00:00,2024-01-18,20:00:00,1.9254,Thursday,20,1,Winter,0
10023456785,2024-01-18 21:00:00,2024-01-18,21:00:00,1.2150,Thursday,21,1,Winter,0
10023456785,2024-01-18 22:00:00,2024-01-18,22:00:00,0.8300,Thursday,22,1,Winter,0
10023456785,2024-01-18 23:00:00,2024-01-18,23:00:00,0.6970,Thursday,23,1,Winter,0
10023456785,2024-01-19 00:00:00,2024-01-19,00:00:00,0.5045,Friday,0,1,Winter,0
10023456785,2024-01-19 01:00:00,2024-01-19,01:00:00,0.4586,Friday,1,1,Winter,0
10023456785,2024-01-19 02:00:00,2024-01-19,02:00:00,0.4650,Friday,2,1,Winter,0
10023456785,2024-01-19 03:00:00,2024-01-19,03:00:00,0.5228,Friday,3,1,Winter,0
10023456785,2024-01-19 04:00:00,2024-01-19,04:00:00,0.4611,Friday,4,1,Winter,0
10023456785,2024-01-19 05:00:00,2024-01-19,05:00:00,0.8416,Friday,5,1,Winter,0
10023456785,2024-01-19 06:00:00,2024-01-19,06:00:00,1.3061,Friday,6,1,Winter,0
10023456785,2024-01-19 07:00:00,2024-01-19,07:00:00,1.5648,Friday,7,1,Winter,0
10023456785,2024-01-19 08:00:00,2024-01-19,08:00:00,1.4421,Friday,8,1,Winter,0
10023456785,2024-01-19 09:00:00,2024-01-19,09:00:00,1.6574,Friday,9,1,Winter,0
10023456785,2024-01-19 10:00:00,2024-01-19,10:00:00,1.3848,Friday,10,1,Winter,0
10023456785,2024-01-19 11:00:00,2024-01-19,11:00:00,1.6821,Friday,11,1,Winter,0
10023456785,2024-01-19 12:00:00,2024-01-19,12:00:00,1.1201,Friday,12,1,Winter,0
10023456785,2024-01-19 13:00:00,2024-01-19,13:00:00,1.3531,Friday,13,1,Winter,0
10023456785,2024-01-19 14:00:00,2024-01-19,14:00:00,1.6245,Friday,14,1,Winter,0
10023456785,2024-01-19 15:00:00,2024-01-19,15:00:00,1.1116,Friday,15,1,Winter,0
10023456785,2024-01-19 16:00:00,2024-01-19,16:00:00,1.4144,Friday,16,1,Winter,0
10023456785,2024-01-19 17:00:00,2024-01-19,17:00:00,1.3260,Friday,17,1,Winter,0
10023456785,2024-01-19 18:00:00,2024-01-19,18:00:00,1.7245,Friday,18,1,Winter,0
10023456785,2024-01-19 19:00:00,2024-01-19,19:00:00,1.7491,Friday,19,1,Winter,0
10023456785,2024-01-19 20:00:00,2024-01-19,20:00:00,3.7100,Friday,20,1,Winter,1
10023456785,2024-01-19 21:00:00,2024-01-19,21:00:00,1.0436,Friday,21,1,Winter,0
10023456785,2024-01-19 22:00:00,2024-01-19,22:00:00,0.9755,Friday,22,1,Winter,0
10023456785,2024-01-19 23:00:00,2024-01-19,23:00:00,0.4932,Friday,23,1,Winter,0
10023456785,2024-01-20 00:00:00,2024-01-20,00:00:00,0.5464,Saturday,0,1,Winter,0
10023456785,2024-01-20 01:00:00,2024-01-20,01:00:00,0.4177,Saturday,1,1,Winter,0
10023456785,2024-01-20 02:00:00,2024-01-20,02:00:00,0.4177,Saturday,2,1,Winter,0
10023456785,2024-01-20 03:00:00,2024-01-20,03:00:00,0.4301,Saturday,3,1,Winter,0
10023456785,2024-01-20 04:00:00,2024-01-20,04:00:00,0.3909,Saturday,4,1,Winter,0
10023456785,2024-01-20 05:00:00,2024-01-20,05:00:00,0.5357,Saturday,5,1,Winter,0
10023456785,2024-01-20 06:00:00,2024-01-20,06:00:00,0.6343,Saturday,6,1,Winter,0
10023456785,2024-01-20 07:00:00,2024-01-20,07:00:00,1.2641,Saturday,7,1,Winter,0
10023456785,2024-01-20 08:00:00,2024-01-20,08:00:00,1.1043,Saturday,8,1,Winter,0
10023456785,2024-01-20 09:00:00,2024-01-20,09:00:00,1.3719,Saturday,9,1,Winter,0
10023456785,2024-01-20 10:00:00,2024-01-20,10:00:00,1.3739,Saturday,10,1,Winter,0
10023456785,2024-01-20 11:00:00,2024-01-20,11:00:00,0.2689,Saturday,11,1,Winter,1
10023456785,2024-01-20 12:00:00,2024-01-20,12:00:00,0.9605,Saturday,12,1,Winter,0
10023456785,2024-01-20 13:00:00,2024-01-20,13:00:00,1.2116,Saturday,13,1,Winter,0
10023456785,2024-01-20 14:00:00,2024-01-20,14:00:00,1.0841,Saturday,14,1,Winter,0
10023456785,2024-01-20 15:00:00,2024-01-20,15:00:00,1.0844,Saturday,15,1,Winter,0
10023456785,2024-01-20 16:00:00,2024-01-20,16:00:00,1.2999,Saturday,16,1,Winter,0
10023456785,2024-01-20 17:00:00,2024-01-20,17:00:00,1.5528,Saturday,17,1,Winter,0
10023456785,2024-01-20 18:00:00,2024-01-20,18:00:00,1.4198,Saturday,18,1,Winter,0
10023456785,2024-01-20 19:00:00,2024-01-20,19:00:00,1.3548,Saturday,19,1,Winter,0
10023456785,2024-01-20 20:00:00,2024-01-20,20:00:00,1.1467,Saturday,20,1,Winter,0
10023456785,2024-01-20 21:00:00,2024-01-20,21:00:00,1.3599,Saturday,21,1,Winter,0
10023456785,2024-01-20 22:00:00,2024-01-20,22:00:00,0.8880,Saturday,22,1,Winter,0
10023456785,2024-01-20 23:00:00,2024-01-20,23:00:00,0.9594,Saturday,23,1,Winter,0
10023456785,2024-01-21 00:00:00,2024-01-21,00:00:00,0.4238,Sunday,0,1,Winter,0
10023456785,2024-01-21 01:00:00,2024-01-21,01:00:00,0.4812,Sunday,1,1,Winter,0
10023456785,2024-01-21 02:00:00,2024-01-21,02:00:00,0.3908,Sunday,2,1,Winter,0
10023456785,2024-01-21 03:00:00,2024-01-21,03:00:00,1.3920,Sunday,3,1,Winter,1
10023456785,2024-01-21 04:00:00,2024-01-21,04:00:00,0.4483,Sunday,4,1,Winter,0
10023456785,2024-01-21 05:00:00,2024-01-21,05:00:00,0.5099,Sunday,5,1,Winter,0
10023456785,2024-01-21 06:00:00,2024-01-21,06:00:00,0.6777,Sunday,6,1,Winter,0
10023456785,2024-01-21 07:00:00,2024-01-21,07:00:00,0.9753,Sunday,7,1,Winter,0
10023456785,2024-01-21 08:00:00,2024-01-21,08:00:00,1.1765,Sunday,8,1,Winter,0
10023456785,2024-01-21 09:00:00,2024-01-21,09:00:00,1.1519,Sunday,9,1,Winter,0
10023456785,2024-01-21 10:00:00,2024-01-21,10:00:00,1.3227,Sunday,10,1,Winter,0
10023456785,2024-01-21 11:00:00,2024-01-21,11:00:00,1.2121,Sunday,11,1,Winter,0
10023456785,2024-01-21 12:00:00,2024-01-21,12:00:00,0.9357,Sunday,12,1,Winter,0
10023456785,2024-01-21 13:00:00,2024-01-21,13:00:00,1.0778,Sunday,13,1,Winter,0
10023456785,2024-01-21 14:00:00,2024-01-21,14:00:00,1.0745,Sunday,14,1,Winter,0
10023456785,2024-01-21 15:00:00,2024-01-21,15:00:00,1.1723,Sunday,15,1,Winter,0
10023456785,2024-01-21 16:00:00,2024-01-21,16:00:00,1.1468,Sunday,16,1,Winter,0
10023456785,2024-01-21 17:00:00,2024-01-21,17:00:00,1.3869,Sunday,17,1,Winter,0
10023456785,2024-01-21 18:00:00,2024-01-21,18:00:00,1.4522,Sunday,18,1,Winter,0
10023456785,2024-01-21 19:00:00,2024-01-21,19:00:00,1.4351,Sunday,19,1,Winter,0
10023456785,2024-01-21 20:00:00,2024-01-21,20:00:00,1.3282,Sunday,20,1,Winter,0
10023456785,2024-01-21 21:00:00,2024-01-21,21:00:00,1.0380,Sunday,21,1,Winter,0
10023456785,2024-01-21 22:00:00,2024-01-21,22:00:00,0.9532,Sunday,22,1,Winter,0
10023456785,2024-01-21 23:00:00,2024-01-21,23:00:00,0.5735,Sunday,23,1,Winter,0
10023456785,2024-01-22 00:00:00,2024-01-22,00:00:00,0.5924,Monday,0,1,Winter,0
10023456785,2024-01-22 01:00:00,2024-01-22,01:00:00,0.5152,Monday,1,1,Winter,0
10023456785,2024-01-22 02:00:00,2024-01-22,02:00:00,0.5147,Monday,2,1,Winter,0
10023456785,2024-01-22 03:00:00,2024-01-22,03:00:00,0.3398,Monday,3,1,Winter,0
10023456785,2024-01-22 04:00:00,2024-01-22,04:00:00,0.4713,Monday,4,1,Winter,0
10023456785,2024-01-22 05:00:00,2024-01-22,05:00:00,0.7363,Monday,5,1,Winter,0
10023456785,2024-01-22 06:00:00,2024-01-22,06:00:00,1.2558,Monday,6,1,Winter,0
10023456785,2024-01-22 07:00:00,2024-01-22,07:00:00,1.3327,Monday,7,1,Winter,0
10023456785,2024-01-22 08:00:00,2024-01-22,08:00:00,1.8476,Monday,8,1,Winter,0
10023456785,2024-01-22 09:00:00,2024-01-22,09:00:00,1.5264,Monday,9,1,Winter,0
10023456785,2024-01-22 10:00:00,2024-01-22,10:00:00,1.5848,Monday,10,1,Winter,0
10023456785,2024-01-22 11:00:00,2024-01-22,11:00:00,1.4293,Monday,11,1,Winter,0
10023456785,2024-01-22 12:00:00,2024-01-22,12:00:00,1.3612,Monday,12,1,Winter,0
10023456785,2024-01-22 13:00:00,2024-01-22,13:00:00,1.5494,Monday,13,1,Winter,0
10023456785,2024-01-22 14:00:00,2024-01-22,14:00:00,1.7286,Monday,14,1,Winter,0
10023456785,2024-01-22 15:00:00,2024-01-22,15:00:00,1.4096,Monday,15,1,Winter,0
10023456785,2024-01-22 16:00:00,2024-01-22,16:00:00,1.2104,Monday,16,1,Winter,0
10023456785,2024-01-22 17:00:00,2024-01-22,17:00:00,1.7099,Monday,17,1,Winter,0
10023456785,2024-01-22 18:00:00,2024-01-22,18:00:00,1.8891,Monday,18,1,Winter,0
10023456785,2024-01-22 19:00:00,2024-01-22,19:00:00,1.7569,Monday,19,1,Winter,0
10023456785,2024-01-22 20:00:00,2024-01-22,20:00:00,1.5820,Monday,20,1,Winter,0
10023456785,2024-01-22 21:00:00,2024-01-22,21:00:00,1.1861,Monday,21,1,Winter,0
10023456785,2024-01-22 22:00:00,2024-01-22,22:00:00,0.8759,Monday,22,1,Winter,0
10023456785,2024-01-22 23:00:00,2024-01-22,23:00:00,0.7080,Monday,23,1,Winter,0
10023456785,2024-01-23 00:00:00,2024-01-23,00:00:00,0.7315,Tuesday,0,1,Winter,0
10023456785,2024-01-23 01:00:00,2024-01-23,01:00:00,0.7738,Tuesday,1,1,Winter,0
10023456785,2024-01-23 02:00:00,2024-01-23,02:00:00,0.7123,Tuesday,2,1,Winter,0
10023456785,2024-01-23 03:00:00,2024-01-23,03:00:00,0.5241,Tuesday,3,1,Winter,0
10023456785,2024-01-23 04:00:00,2024-01-23,04:00:00,0.6342,Tuesday,4,1,Winter,0
10023456785,2024-01-23 05:00:00,2024-01-23,05:00:00,0.9778,Tuesday,5,1,Winter,0
10023456785,2024-01-23 06:00:00,2024-01-23,06:00:00,1.5536,Tuesday,6,1,Winter,0
10023456785,2024-01-23 07:00:00,2024-01-23,07:00:00,1.6579,Tuesday,7,1,Winter,0
10023456785,2024-01-23 08:00:00,2024-01-23,08:00:00,2.0212,Tuesday,8,1,Winter,0
10023456785,2024-01-23 09:00:00,2024-01-23,09:00:00,2.1730,Tuesday,9,1,Winter,0
10023456785,2024-01-23 10:00:00,2024-01-23,10:00:00,1.9791,Tuesday,10,1,Winter,0
10023456785,2024-01-23 11:00:00,2024-01-23,11:00:00,1.7831,Tuesday,11,1,Winter,0
10023456785,2024-01-23 12:00:00,2024-01-23,12:00:00,2.0723,Tuesday,12,1,Winter,0
10023456785,2024-01-23 13:00:00,2024-01-23,13:00:00,2.0597,Tuesday,13,1,Winter,0
10023456785,2024-01-23 14:00:00,2024-01-23,14:00:00,1.8462,Tuesday,14,1,Winter,0
10023456785,2024-01-23 15:00:00,2024-01-23,15:00:00,1.9075,Tuesday,15,1,Winter,0
10023456785,2024-01-23 16:00:00,2024-01-23,16:00:00,1.8132,Tuesday,16,1,Winter,0
10023456785,2024-01-23 17:00:00,2024-01-23,17:00:00,2.2094,Tuesday,17,1,Winter,0
10023456785,2024-01-23 18:00:00,2024-01-23,18:00:00,1.7334,Tuesday,18,1,Winter,0
10023456785,2024-01-23 19:00:00,2024-01-23,19:00:00,2.1240,Tuesday,19,1,Winter,0
10023456785,2024-01-23 20:00:00,2024-01-23,20:00:00,0.3685,Tuesday,20,1,Winter,1
10023456785,2024-01-23 21:00:00,2024-01-23,21:00:00,1.3746,Tuesday,21,1,Winter,0
10023456785,2024-01-23 22:00:00,2024-01-23,22:00:00,1.2473,Tuesday,22,1,Winter,0
10023456785,2024-01-23 23:00:00,2024-01-23,23:00:00,0.6102,Tuesday,23,1,Winter,0
10023456785,2024-01-24 00:00:00,2024-01-24,00:00:00,0.8471,Wednesday,0,1,Winter,0
10023456785,2024-01-24 01:00:00,2024-01-24,01:00:00,0.6038,Wednesday,1,1,Winter,0
10023456785,2024-01-24 02:00:00,2024-01-24,02:00:00,0.6145,Wednesday,2,1,Winter,0
10023456785,2024-01-24 03:00:00,2024-01-24,03:00:00,0.7538,Wednesday,3,1,Winter,0
10023456785,2024-01-24 04:00:00,2024-01-24,04:00:00,0.6702,Wednesday,4,1,Winter,0
10023456785,2024-01-24 05:00:00,2024-01-24,05:00:00,1.0889,Wednesday,5,1,Winter,0
10023456785,2024-01-24 06:00:00,2024-01-24,06:00:00,1.6219,Wednesday,6,1,Winter,0
10023456785,2024-01-24 07:00:00,2024-01-24,07:00:00,2.3538,Wednesday,7,1,Winter,0
10023456785,2024-01-24 08:00:00,2024-01-24,08:00:00,2.7518,Wednesday,8,1,Winter,0
10023456785,2024-01-24 09:00:00,2024-01-24,09:00:00,2.4101,Wednesday,9,1,Winter,0
10023456785,2024-01-24 10:00:00,2024-01-24,10:00:00,2.0757,Wednesday,10,1,Winter,0
10023456785,2024-01-24 11:00:00,2024-01-24,11:00:00,2.1720,Wednesday,11,1,Winter,0
10023456785,2024-01-24 12:00:00,2024-01-24,12:00:00,2.1038,Wednesday,12,1,Winter,0
10023456785,2024-01-24 13:00:00,2024-01-24,13:00:00,1.8812,Wednesday,13,1,Winter,0
10023456785,2024-01-24 14:00:00,2024-01-24,14:00:00,2.5110,Wednesday,14,1,Winter,0
10023456785,2024-01-24 15:00:00,2024-01-24,15:00:00,1.9473,Wednesday,15,1,Winter,0
10023456785,2024-01-24 16:00:00,2024-01-24,16:00:00,2.1441,Wednesday,16,1,Winter,0
10023456785,2024-01-24 17:00:00,2024-01-24,17:00:00,2.8195,Wednesday,17,1,Winter,0
10023456785,2024-01-24 18:00:00,2024-01-24,18:00:00,0.2803,Wednesday,18,1,Winter,1
10023456785,2024-01-24 19:00:00,2024-01-24,19:00:00,0.3563,Wednesday,19,1,Winter,1
10023456785,2024-01-24 20:00:00,2024-01-24,20:00:00,2.4020,Wednesday,20,1,Winter,0
10023456785,2024-01-24 21:00:00,2024-01-24,21:00:00,1.6508,Wednesday,21,1,Winter,0
10023456785,2024-01-24 22:00:00,2024-01-24,22:00:00,1.5011,Wednesday,22,1,Winter,0
10023456785,2024-01-24 23:00:00,2024-01-24,23:00:00,0.6834,Wednesday,23,1,Winter,0
10023456785,2024-01-25 00:00:00,2024-01-25,00:00:00,0.6948,Thursday,0,1,Winter,0
10023456785,2024-01-25 01:00:00,2024-01-25,01:00:00,0.6537,Thursday,1,1,Winter,0
10023456785,2024-01-25 02:00:00,2024-01-25,02:00:00,4.5900,Thursday,2,1,Winter,1
10023456785,2024-01-25 03:00:00,2024-01-25,03:00:00,4.1561,Thursday,3,1,Winter,1
10023456785,2024-01-25 04:00:00,2024-01-25,04:00:00,0.7224,Thursday,4,1,Winter,0
10023456785,2024-01-25 05:00:00,2024-01-25,05:00:00,0.6670,Thursday,5,1,Winter,0
10023456785,2024-01-25 06:00:00,2024-01-25,06:00:00,1.7416,Thursday,6,1,Winter,0
10023456785,2024-01-25 07:00:00,2024-01-25,07:00:00,1.6246,Thursday,7,1,Winter,0
10023456785,2024-01-25 08:00:00,2024-01-25,08:00:00,1.8878,Thursday,8,1,Winter,0
10023456785,2024-01-25 09:00:00,2024-01-25,09:00:00,1.5609,Thursday,9,1,Winter,0
10023456785,2024-01-25 10:00:00,2024-01-25,10:00:00,1.8852,Thursday,10,1,Winter,0
10023456785,2024-01-25 11:00:00,2024-01-25,11:00:00,1.4822,Thursday,11,1,Winter,0
10023456785,2024-01-25 12:00:00,2024-01-25,12:00:00,1.7218,Thursday,12,1,Winter,0
10023456785,2024-01-25 13:00:00,2024-01-25,13:00:00,1.4671,Thursday,13,1,Winter,0
10023456785,2024-01-25 14:00:00,2024-01-25,14:00:00,1.8063,Thursday,14,1,Winter,0
10023456785,2024-01-25 15:00:00,2024-01-25,15:00:00,1.5943,Thursday,15,1,Winter,0
10023456785,2024-01-25 16:00:00,2024-01-25,16:00:00,1.8532,Thursday,16,1,Winter,0
10023456785,2024-01-25 17:00:00,2024-01-25,17:00:00,1.7583,Thursday,17,1,Winter,0
10023456785,2024-01-25 18:00:00,2024-01-25,18:00:00,2.9650,Thursday,18,1,Winter,0
10023456785,2024-01-25 19:00:00,2024-01-25,19:00:00,2.1626,Thursday,19,1,Winter,0
10023456785,2024-01-25 20:00:00,2024-01-25,20:00:00,1.5430,Thursday,20,1,Winter,0
10023456785,2024-01-25 21:00:00,2024-01-25,21:00:00,1.5089,Thursday,21,1,Winter,0
10023456785,2024-01-25 22:00:00,2024-01-25,22:00:00,0.9356,Thursday,22,1,Winter,0
10023456785,2024-01-25 23:00:00,2024-01-25,23:00:00,0.6929,Thursday,23,1,Winter,0
10023456785,2024-01-26 00:00:00,2024-01-26,00:00:00,0.8533,Friday,0,1,Winter,0
10023456785,2024-01-26 01:00:00,2024-01-26,01:00:00,0.8273,Friday,1,1,Winter,0
10023456785,2024-01-26 02:00:00,2024-01-26,02:00:00,0.6568,Friday,2,1,Winter,0
10023456785,2024-01-26 03:00:00,2024-01-26,03:00:00,0.6523,Friday,3,1,Winter,0
10023456785,2024-01-26 04:00:00,2024-01-26,04:00:00,0.8266,Friday,4,1,Winter,0
10023456785,2024-01-26 05:00:00,2024-01-26,05:00:00,1.1039,Friday,5,1,Winter,0
10023456785,2024-01-26 06:00:00,2024-01-26,06:00:00,1.7709,Friday,6,1,Winter,0
10023456785,2024-01-26 07:00:00,2024-01-26,07:00:00,2.4622,Friday,7,1,Winter,0
10023456785,2024-01-26 08:00:00,2024-01-26,08:00:00,2.8151,Friday,8,1,Winter,0
10023456785,2024-01-26 09:00:00,2024-01-26,09:00:00,2.1086,Friday,9,1,Winter,0
10023456785,2024-01-26 10:00:00,2024-01-26,10:00:00,1.9377,Friday,10,1,Winter,0
10023456785,2024-01-26 11:00:00,2024-01-26,11:00:00,2.2655,Friday,11,1,Winter,0
10023456785,2024-01-26 12:00:00,2024-01-26,12:00:00,1.8630,Friday,12,1,Winter,0
10023456785,2024-01-26 13:00:00,2024-01-26,13:00:00,1.9350,Friday,13,1,Winter,0
10023456785,2024-01-26 14:00:00,2024-01-26,14:00:00,1.8146,Friday,14,1,Winter,0
10023456785,2024-01-26 15:00:00,2024-01-26,15:00:00,1.5722,Friday,15,1,Winter,0
10023456785,2024-01-26 16:00:00,2024-01-26,16:00:00,2.2552,Friday,16,1,Winter,0
10023456785,2024-01-26 17:00:00,2024-01-26,17:00:00,2.3331,Friday,17,1,Winter,0
10023456785,2024-01-26 18:00:00,2024-01-26,18:00:00,2.9414,Friday,18,1,Winter,0
10023456785,2024-01-26 19:00:00,2024-01-26,19:00:00,2.3494,Friday,19,1,Winter,0
10023456785,2024-01-26 20:00:00,2024-01-26,20:00:00,2.3403,Friday,20,1,Winter,0
10023456785,2024-01-26 21:00:00,2024-01-26,21:00:00,2.1051,Friday,21,1,Winter,0
10023456785,2024-01-26 22:00:00,2024-01-26,22:00:00,1.3833,Friday,22,1,Winter,0
10023456785,2024-01-26 23:00:00,2024-01-26,23:00:00,0.9405,Friday,23,1,Winter,0
10023456785,2024-01-27 00:00:00,2024-01-27,00:00:00,0.8122,Saturday,0,1,Winter,0
10023456785,2024-01-27 01:00:00,2024-01-27,01:00:00,0.8465,Saturday,1,1,Winter,0
10023456785,2024-01-27 02:00:00,2024-01-27,02:00:00,0.6841,Saturday,2,1,Winter,0
10023456785,2024-01-27 03:00:00,2024-01-27,03:00:00,0.7935,Saturday,3,1,Winter,0
10023456785,2024-01-27 04:00:00,2024-01-27,04:00:00,0.6456,Saturday,4,1,Winter,0
10023456785,2024-01-27 05:00:00,2024-01-27,05:00:00,0.8636,Saturday,5,1,Winter,0
10023456785,2024-01-27 06:00:00,2024-01-27,06:00:00,1.4758,Saturday,6,1,Winter,0
10023456785,2024-01-27 07:00:00,2024-01-27,07:00:00,1.9277,Saturday,7,1,Winter,0
10023456785,2024-01-27 08:00:00,2024-01-27,08:00:00,2.0351,Saturday,8,1,Winter,0
10023456785,2024-01-27 09:00:00,2024-01-27,09:00:00,4.6002,Saturday,9,1,Winter,1
10023456785,2024-01-27 10:00:00,2024-01-27,10:00:00,2.0915,Saturday,10,1,Winter,0
10023456785,2024-01-27 11:00:00,2024-01-27,11:00:00,1.7995,Saturday,11,1,Winter,0
10023456785,2024-01-27 12:00:00,2024-01-27,12:00:00,1.8293,Saturday,12,1,Winter,0
10023456785,2024-01-27 13:00:00,2024-01-27,13:00:00,2.1295,Saturday,13,1,Winter,0
10023456785,2024-01-27 14:00:00,2024-01-27,14:00:00,2.0076,Saturday,14,1,Winter,0
10023456785,2024-01-27 15:00:00,2024-01-27,15:00:00,1.9780,Saturday,15,1,Winter,0
10023456785,2024-01-27 16:00:00,2024-01-27,16:00:00,1.7444,Saturday,16,1,Winter,0
10023456785,2024-01-27 17:00:00,2024-01-27,17:00:00,1.9866,Saturday,17,1,Winter,0
10023456785,2024-01-27 18:00:00,2024-01-27,18:00:00,0.1866,Saturday,18,1,Winter,1
10023456785,2024-01-27 19:00:00,2024-01-27,19:00:00,2.5819,Saturday,19,1,Winter,0
10023456785,2024-01-27 20:00:00,2024-01-27,20:00:00,2.5259,Saturday,20,1,Winter,0
10023456785,2024-01-27 21:00:00,2024-01-27,21:00:00,2.6593,Saturday,21,1,Winter,0
10023456785,2024-01-27 22:00:00,2024-01-27,22:00:00,1.5898,Saturday,22,1,Winter,0
10023456785,2024-01-27 23:00:00,2024-01-27,23:00:00,0.9507,Saturday,23,1,Winter,0
10023456785,2024-01-28 00:00:00,2024-01-28,00:00:00,1.0373,Sunday,0,1,Winter,0
10023456785,2024-01-28 01:00:00,2024-01-28,01:00:00,0.7323,Sunday,1,1,Winter,0
10023456785,2024-01-28 02:00:00,2024-01-28,02:00:00,0.6512,Sunday,2,1,Winter,0
10023456785,2024-01-28 03:00:00,2024-01-28,03:00:00,0.6100,Sunday,3,1,Winter,0
10023456785,2024-01-28 04:00:00,2024-01-28,04:00:00,0.7964,Sunday,4,1,Winter,0
10023456785,2024-01-28 05:00:00,2024-01-28,05:00:00,0.8398,Sunday,5,1,Winter,0
10023456785,2024-01-28 06:00:00,2024-01-28,06:00:00,1.2121,Sunday,6,1,Winter,0
10023456785,2024-01-28 07:00:00,2024-01-28,07:00:00,1.6161,Sunday,7,1,Winter,0
10023456785,2024-01-28 08:00:00,2024-01-28,08:00:00,1.9736,Sunday,8,1,Winter,0
10023456785,2024-01-28 09:00:00,2024-01-28,09:00:00,1.4876,Sunday,9,1,Winter,0
10023456785,2024-01-28 10:00:00,2024-01-28,10:00:00,2.0885,Sunday,10,1,Winter,0
10023456785,2024-01-28 11:00:00,2024-01-28,11:00:00,1.7545,Sunday,11,1,Winter,0
10023456785,2024-01-28 12:00:00,2024-01-28,12:00:00,1.8860,Sunday,12,1,Winter,0
10023456785,2024-01-28 13:00:00,2024-01-28,13:00:00,0.3004,Sunday,13,1,Winter,1
10023456785,2024-01-28 14:00:00,2024-01-28,14:00:00,1.7575,Sunday,14,1,Winter,0
10023456785,2024-01-28 15:00:00,2024-01-28,15:00:00,1.4557,Sunday,15,1,Winter,0
10023456785,2024-01-28 16:00:00,2024-01-28,16:00:00,2.0197,Sunday,16,1,Winter,0
10023456785,2024-01-28 17:00:00,2024-01-28,17:00:00,1.9861,Sunday,17,1,Winter,0
10023456785,2024-01-28 18:00:00,2024-01-28,18:00:00,2.4320,Sunday,18,1,Winter,0
10023456785,2024-01-28 19:00:00,2024-01-28,19:00:00,2.5787,Sunday,19,1,Winter,0
10023456785,2024-01-28 20:00:00,2024-01-28,20:00:00,1.8845,Sunday,20,1,Winter,0
10023456785,2024-01-28 21:00:00,2024-01-28,21:00:00,1.4919,Sunday,21,1,Winter,0
10023456785,2024-01-28 22:00:00,2024-01-28,22:00:00,1.2222,Sunday,22,1,Winter,0
10023456785,2024-01-28 23:00:00,2024-01-28,23:00:00,1.1072,Sunday,23,1,Winter,0
10023456785,2024-01-29 00:00:00,2024-01-29,00:00:00,0.7916,Monday,0,1,Winter,0
10023456785,2024-01-29 01:00:00,2024-01-29,01:00:00,0.7573,Monday,1,1,Winter,0
10023456785,2024-01-29 02:00:00,2024-01-29,02:00:00,0.8744,Monday,2,1,Winter,0
10023456785,2024-01-29 03:00:00,2024-01-29,03:00:00,0.7271,Monday,3,1,Winter,0
10023456785,2024-01-29 04:00:00,2024-01-29,04:00:00,0.8103,Monday,4,1,Winter,0
10023456785,2024-01-29 05:00:00,2024-01-29,05:00:00,1.3029,Monday,5,1,Winter,0
10023456785,2024-01-29 06:00:00,2024-01-29,06:00:00,1.5160,Monday,6,1,Winter,0
10023456785,2024-01-29 07:00:00,2024-01-29,07:00:00,2.6484,Monday,7,1,Winter,0
10023456785,2024-01-29 08:00:00,2024-01-29,08:00:00,3.0767,Monday,8,1,Winter,0
10023456785,2024-01-29 09:00:00,2024-01-29,09:00:00,2.2437,Monday,9,1,Winter,0
10023456785,2024-01-29 10:00:00,2024-01-29,10:00:00,2.8619,Monday,10,1,Winter,0
10023456785,2024-01-29 11:00:00,2024-01-29,11:00:00,2.1039,Monday,11,1,Winter,0
10023456785,2024-01-29 12:00:00,2024-01-29,12:00:00,2.4025,Monday,12,1,Winter,0
10023456785,2024-01-29 13:00:00,2024-01-29,13:00:00,0.2517,Monday,13,1,Winter,1
10023456785,2024-01-29 14:00:00,2024-01-29,14:00:00,2.3277,Monday,14,1,Winter,0
10023456785,2024-01-29 15:00:00,2024-01-29,15:00:00,2.6659,Monday,15,1,Winter,0
10023456785,2024-01-29 16:00:00,2024-01-29,16:00:00,2.8738,Monday,16,1,Winter,0
10023456785,2024-01-29 17:00:00,2024-01-29,17:00:00,2.7379,Monday,17,1,Winter,0
10023456785,2024-01-29 18:00:00,2024-01-29,18:00:00,2.9084,Monday,18,1,Winter,0
10023456785,2024-01-29 19:00:00,2024-01-29,19:00:00,2.2987,Monday,19,1,Winter,0
10023456785,2024-01-29 20:00:00,2024-01-29,20:00:00,2.6038,Monday,20,1,Winter,0
10023456785,2024-01-29 21:00:00,2024-01-29,21:00:00,2.3189,Monday,21,1,Winter,0
10023456785,2024-01-29 22:00:00,2024-01-29,22:00:00,1.4899,Monday,22,1,Winter,0
10023456785,2024-01-29 23:00:00,2024-01-29,23:00:00,0.9923,Monday,23,1,Winter,0
10023456785,2024-01-30 00:00:00,2024-01-30,00:00:00,0.9518,Tuesday,0,1,Winter,0
10023456785,2024-01-30 01:00:00,2024-01-30,01:00:00,0.6654,Tuesday,1,1,Winter,0
10023456785,2024-01-30 02:00:00,2024-01-30,02:00:00,0.6781,Tuesday,2,1,Winter,0
10023456785,2024-01-30 03:00:00,2024-01-30,03:00:00,0.7207,Tuesday,3,1,Winter,0
10023456785,2024-01-30 04:00:00,2024-01-30,04:00:00,0.8398,Tuesday,4,1,Winter,0
10023456785,2024-01-30 05:00:00,2024-01-30,05:00:00,0.9925,Tuesday,5,1,Winter,0
10023456785,2024-01-30 06:00:00,2024-01-30,06:00:00,1.2405,Tuesday,6,1,Winter,0
10023456785,2024-01-30 07:00:00,2024-01-30,07:00:00,1.9921,Tuesday,7,1,Winter,0
10023456785,2024-01-30 08:00:00,2024-01-30,08:00:00,2.7497,Tuesday,8,1,Winter,0
10023456785,2024-01-30 09:00:00,2024-01-30,09:00:00,2.3459,Tuesday,9,1,Winter,0
10023456785,2024-01-30 10:00:00,2024-01-30,10:00:00,2.9047,Tuesday,10,1,Winter,0
10023456785,2024-01-30 11:00:00,2024-01-30,11:00:00,1.8472,Tuesday,11,1,Winter,0
10023456785,2024-01-30 12:00:00,2024-01-30,12:00:00,2.0623,Tuesday,12,1,Winter,0
10023456785,2024-01-30 13:00:00,2024-01-30,13:00:00,1.9849,Tuesday,13,1,Winter,0
10023456785,2024-01-30 14:00:00,2024-01-30,14:00:00,2.3643,Tuesday,14,1,Winter,0
10023456785,2024-01-30 15:00:00,2024-01-30,15:00:00,2.2894,Tuesday,15,1,Winter,0
10023456785,2024-01-30 16:00:00,2024-01-30,16:00:00,2.1917,Tuesday,16,1,Winter,0
10023456785,2024-01-30 17:00:00,2024-01-30,17:00:00,2.7122,Tuesday,17,1,Winter,0
10023456785,2024-01-30 18:00:00,2024-01-30,18:00:00,2.9442,Tuesday,18,1,Winter,0
10023456785,2024-01-30 19:00:00,2024-01-30,19:00:00,3.1368,Tuesday,19,1,Winter,0
10023456785,2024-01-30 20:00:00,2024-01-30,20:00:00,2.5369,Tuesday,20,1,Winter,0
10023456785,2024-01-30 21:00:00,2024-01-30,21:00:00,1.9286,Tuesday,21,1,Winter,0
10023456785,2024-01-30 22:00:00,2024-01-30,22:00:00,1.2385,Tuesday,22,1,Winter,0
10023456785,2024-01-30 23:00:00,2024-01-30,23:00:00,1.0109,Tuesday,23,1,Winter,0
10023456785,2024-01-31 00:00:00,2024-01-31,00:00:00,0.5862,Wednesday,0,1,Winter,0
10023456785,2024-01-31 01:00:00,2024-01-31,01:00:00,0.8019,Wednesday,1,1,Winter,0
10023456785,2024-01-31 02:00:00,2024-01-31,02:00:00,0.6478,Wednesday,2,1,Winter,0
10023456785,2024-01-31 03:00:00,2024-01-31,03:00:00,0.6061,Wednesday,3,1,Winter,0
10023456785,2024-01-31 04:00:00,2024-01-31,04:00:00,0.6698,Wednesday,4,1,Winter,0
10023456785,2024-01-31 05:00:00,2024-01-31,05:00:00,1.0126,Wednesday,5,1,Winter,0
10023456785,2024-01-31 06:00:00,2024-01-31,06:00:00,1.6706,Wednesday,6,1,Winter,0
10023456785,2024-01-31 07:00:00,2024-01-31,07:00:00,1.9496,Wednesday,7,1,Winter,0
10023456785,2024-01-31 08:00:00,2024-01-31,08:00:00,2.6899,Wednesday,8,1,Winter,0
10023456785,2024-01-31 09:00:00,2024-01-31,09:00:00,1.9159,Wednesday,9,1,Winter,0
10023456785,2024-01-31 10:00:00,2024-01-31,10:00:00,2.0316,Wednesday,10,1,Winter,0
10023456785,2024-01-31 11:00:00,2024-01-31,11:00:00,1.4815,Wednesday,11,1,Winter,0
10023456785,2024-01-31 12:00:00,2024-01-31,12:00:00,1.9507,Wednesday,12,1,Winter,0
10023456785,2024-01-31 13:00:00,2024-01-31,13:00:00,1.9357,Wednesday,13,1,Winter,0
10023456785,2024-01-31 14:00:00,2024-01-31,14:00:00,1.9361,Wednesday,14,1,Winter,0
10023456785,2024-01-31 15:00:00,2024-01-31,15:00:00,2.1406,Wednesday,15,1,Winter,0
10023456785,2024-01-31 16:00:00,2024-01-31,16:00:00,2.0554,Wednesday,16,1,Winter,0
10023456785,2024-01-31 17:00:00,2024-01-31,17:00:00,2.5749,Wednesday,17,1,Winter,0
10023456785,2024-01-31 18:00:00,2024-01-31,18:00:00,1.6665,Wednesday,18,1,Winter,0
10023456785,2024-01-31 19:00:00,2024-01-31,19:00:00,2.2164,Wednesday,19,1,Winter,0
10023456785,2024-01-31 20:00:00,2024-01-31,20:00:00,2.2838,Wednesday,20,1,Winter,0
10023456785,2024-01-31 21:00:00,2024-01-31,21:00:00,1.3960,Wednesday,21,1,Winter,0
10023456785,2024-01-31 22:00:00,2024-01-31,22:00:00,1.0583,Wednesday,22,1,Winter,0
10023456785,2024-01-31 23:00:00,2024-01-31,23:00:00,1.1071,Wednesday,23,1,Winter,0
10023456785,2024-02-01 00:00:00,2024-02-01,00:00:00,0.9201,Thursday,0,2,Winter,0
10023456785,2024-02-01 01:00:00,2024-02-01,01:00:00,0.9690,Thursday,1,2,Winter,0
10023456785,2024-02-01 02:00:00,2024-02-01,02:00:00,0.6567,Thursday,2,2,Winter,0
10023456785,2024-02-01 03:00:00,2024-02-01,03:00:00,0.7387,Thursday,3,2,Winter,0
10023456785,2024-02-01 04:00:00,2024-02-01,04:00:00,0.8343,Thursday,4,2,Winter,0
10023456785,2024-02-01 05:00:00,2024-02-01,05:00:00,1.0478,Thursday,5,2,Winter,0
10023456785,2024-02-01 06:00:00,2024-02-01,06:00:00,1.9889,Thursday,6,2,Winter,0
10023456785,2024-02-01 07:00:00,2024-02-01,07:00:00,2.3595,Thursday,7,2,Winter,0
10023456785,2024-02-01 08:00:00,2024-02-01,08:00:00,2.6967,Thursday,8,2,Winter,0
10023456785,2024-02-01 09:00:00,2024-02-01,09:00:00,2.5314,Thursday,9,2,Winter,0
10023456785,2024-02-01 10:00:00,2024-02-01,10:00:00,2.1834,Thursday,10,2,Winter,0
10023456785,2024-02-01 11:00:00,2024-02-01,11:00:00,1.7941,Thursday,11,2,Winter,0
10023456785,2024-02-01 12:00:00,2024-02-01,12:00:00,2.3913,Thursday,12,2,Winter,0
10023456785,2024-02-01 13:00:00,2024-02-01,13:00:00,4.7649,Thursday,13,2,Winter,1
10023456785,2024-02-01 14:00:00,2024-02-01,14:00:00,6.1808,Thursday,14,2,Winter,1
10023456785,2024-02-01 15:00:00,2024-02-01,15:00:00,6.0205,Thursday,15,2,Winter,1
10023456785,2024-02-01 16:00:00,2024-02-01,16:00:00,2.8533,Thursday,16,2,Winter,0
10023456785,2024-02-01 17:00:00,2024-02-01,17:00:00,2.5528,Thursday,17,2,Winter,0
10023456785,2024-02-01 18:00:00,2024-02-01,18:00:00,3.1499,Thursday,18,2,Winter,0
10023456785,2024-02-01 19:00:00,2024-02-01,19:00:00,3.1692,Thursday,19,2,Winter,0
10023456785,2024-02-01 20:00:00,2024-02-01,20:00:00,3.2294,Thursday,20,2,Winter,0
10023456785,2024-02-01 21:00:00,2024-02-01,21:00:00,2.3116,Thursday,21,2,Winter,0
10023456785,2024-02-01 22:00:00,2024-02-01,22:00:00,1.6779,Thursday,22,2,Winter,0
10023456785,2024-02-01 23:00:00,2024-02-01,23:00:00,0.9936,Thursday,23,2,Winter,0
10023456785,2024-02-02 00:00:00,2024-02-02,00:00:00,0.9826,Friday,0,2,Winter,0
10023456785,2024-02-02 01:00:00,2024-02-02,01:00:00,0.6091,Friday,1,2,Winter,0
10023456785,2024-02-02 02:00:00,2024-02-02,02:00:00,6.7821,Friday,2,2,Winter,1
10023456785,2024-02-02 03:00:00,2024-02-02,03:00:00,6.6891,Friday,3,2,Winter,1
10023456785,2024-02-02 04:00:00,2024-02-02,04:00:00,0.7694,Friday,4,2,Winter,0
10023456785,2024-02-02 05:00:00,2024-02-02,05:00:00,1.1038,Friday,5,2,Winter,0
10023456785,2024-02-02 06:00:00,2024-02-02,06:00:00,1.7765,Friday,6,2,Winter,0
10023456785,2024-02-02 07:00:00,2024-02-02,07:00:00,2.7956,Friday,7,2,Winter,0
10023456785,2024-02-02 08:00:00,2024-02-02,08:00:00,2.3134,Friday,8,2,Winter,0
10023456785,2024-02-02 09:00:00,2024-02-02,09:00:00,4.4047,Friday,9,2,Winter,1
10023456785,2024-02-02 10:00:00,2024-02-02,10:00:00,5.5417,Friday,10,2,Winter,1
10023456785,2024-02-02 11:00:00,2024-02-02,11:00:00,4.9903,Friday,11,2,Winter,1
10023456785,2024-02-02 12:00:00,2024-02-02,12:00:00,4.0580,Friday,12,2,Winter,1
10023456785,2024-02-02 13:00:00,2024-02-02,13:00:00,5.1409,Friday,13,2,Winter,1
10023456785,2024-02-02 14:00:00,2024-02-02,14:00:00,1.8391,Friday,14,2,Winter,0
10023456785,2024-02-02 15:00:00,2024-02-02,15:00:00,2.0913,Friday,15,2,Winter,0
10023456785,2024-02-02 16:00:00,2024-02-02,16:00:00,2.3009,Friday,16,2,Winter,0
10023456785,2024-02-02 17:00:00,2024-02-02,17:00:00,2.6626,Friday,17,2,Winter,0
10023456785,2024-02-02 18:00:00,2024-02-02,18:00:00,2.9450,Friday,18,2,Winter,0
10023456785,2024-02-02 19:00:00,2024-02-02,19:00:00,2.5832,Friday,19,2,Winter,0
10023456785,2024-02-02 20:00:00,2024-02-02,20:00:00,1.9778,Friday,20,2,Winter,0
10023456785,2024-02-02 21:00:00,2024-02-02,21:00:00,1.7560,Friday,21,2,Winter,0
10023456785,2024-02-02 22:00:00,2024-02-02,22:00:00,1.8351,Friday,22,2,Winter,0
10023456785,2024-02-02 23:00:00,2024-02-02,23:00:00,1.2011,Friday,23,2,Winter,0
10023456785,2024-02-03 00:00:00,2024-02-03,00:00:00,1.0075,Saturday,0,2,Winter,0
10023456785,2024-02-03 01:00:00,2024-02-03,01:00:00,0.7812,Saturday,1,2,Winter,0
10023456785,2024-02-03 02:00:00,2024-02-03,02:00:00,0.7270,Saturday,2,2,Winter,0
10023456785,2024-02-03 03:00:00,2024-02-03,03:00:00,0.6521,Saturday,3,2,Winter,0
10023456785,2024-02-03 04:00:00,2024-02-03,04:00:00,0.7703,Saturday,4,2,Winter,0
10023456785,2024-02-03 05:00:00,2024-02-03,05:00:00,1.0788,Saturday,5,2,Winter,0
10023456785,2024-02-03 06:00:00,2024-02-03,06:00:00,1.2555,Saturday,6,2,Winter,0
10023456785,2024-02-03 07:00:00,2024-02-03,07:00:00,1.9690,Saturday,7,2,Winter,0
10023456785,2024-02-03 08:00:00,2024-02-03,08:00:00,1.7646,Saturday,8,2,Winter,0
10023456785,2024-02-03 09:00:00,2024-02-03,09:00:00,2.1991,Saturday,9,2,Winter,0
10023456785,2024-02-03 10:00:00,2024-02-03,10:00:00,2.1043,Saturday,10,2,Winter,0
10023456785,2024-02-03 11:00:00,2024-02-03,11:00:00,2.3359,Saturday,11,2,Winter,0
10023456785,2024-02-03 12:00:00,2024-02-03,12:00:00,0.1421,Saturday,12,2,Winter,1
10023456785,2024-02-03 13:00:00,2024-02-03,13:00:00,1.7916,Saturday,13,2,Winter,0
10023456785,2024-02-03 14:00:00,2024-02-03,14:00:00,1.4304,Saturday,14,2,Winter,0
10023456785,2024-02-03 15:00:00,2024-02-03,15:00:00,1.6697,Saturday,15,2,Winter,0
10023456785,2024-02-03 16:00:00,2024-02-03,16:00:00,2.4766,Saturday,16,2,Winter,0
10023456785,2024-02-03 17:00:00,2024-02-03,17:00:00,2.5969,Saturday,17,2,Winter,0
10023456785,2024-02-03 18:00:00,2024-02-03,18:00:00,3.3200,Saturday,18,2,Winter,0
10023456785,2024-02-03 19:00:00,2024-02-03,19:00:00,2.5664,Saturday,19,2,Winter,0
10023456785,2024-02-03 20:00:00,2024-02-03,20:00:00,2.7855,Saturday,20,2,Winter,0
10023456785,2024-02-03 21:00:00,2024-02-03,21:00:00,1.9624,Saturday,21,2,Winter,0
10023456785,2024-02-03 22:00:00,2024-02-03,22:00:00,10.0003,Saturday,22,2,Winter,1
10023456785,2024-02-03 23:00:00,2024-02-03,23:00:00,1.0194,Saturday,23,2,Winter,0
10023456785,2024-02-04 00:00:00,2024-02-04,00:00:00,0.9208,Sunday,0,2,Winter,0
10023456785,2024-02-04 01:00:00,2024-02-04,01:00:00,0.6796,Sunday,1,2,Winter,0
10023456785,2024-02-04 02:00:00,2024-02-04,02:00:00,0.7926,Sunday,2,2,Winter,0
10023456785,2024-02-04 03:00:00,2024-02-04,03:00:00,0.6925,Sunday,3,2,Winter,0
10023456785,2024-02-04 04:00:00,2024-02-04,04:00:00,0.7539,Sunday,4,2,Winter,0
10023456785,2024-02-04 05:00:00,2024-02-04,05:00:00,0.9663,Sunday,5,2,Winter,0
10023456785,2024-02-04 06:00:00,2024-02-04,06:00:00,1.1880,Sunday,6,2,Winter,0
10023456785,2024-02-04 07:00:00,2024-02-04,07:00:00,1.7145,Sunday,7,2,Winter,0
10023456785,2024-02-04 08:00:00,2024-02-04,08:00:00,1.6855,Sunday,8,2,Winter,0
10023456785,2024-02-04 09:00:00,2024-02-04,09:00:00,1.9246,Sunday,9,2,Winter,0
10023456785,2024-02-04 10:00:00,2024-02-04,10:00:00,1.7022,Sunday,10,2,Winter,0
10023456785,2024-02-04 11:00:00,2024-02-04,11:00:00,1.7417,Sunday,11,2,Winter,0
10023456785,2024-02-04 12:00:00,2024-02-04,12:00:00,1.5890,Sunday,12,2,Winter,0
10023456785,2024-02-04 13:00:00,2024-02-04,13:00:00,1.5975,Sunday,13,2,Winter,0
10023456785,2024-02-04 14:00:00,2024-02-04,14:00:00,1.4670,Sunday,14,2,Winter,0
10023456785,2024-02-04 15:00:00,2024-02-04,15:00:00,1.6967,Sunday,15,2,Winter,0
10023456785,2024-02-04 16:00:00,2024-02-04,16:00:00,1.8819,Sunday,16,2,Winter,0
10023456785,2024-02-04 17:00:00,2024-02-04,17:00:00,1.6020,Sunday,17,2,Winter,0
10023456785,2024-02-04 18:00:00,2024-02-04,18:00:00,2.1809,Sunday,18,2,Winter,0
10023456785,2024-02-04 19:00:00,2024-02-04,19:00:00,2.4726,Sunday,19,2,Winter,0
10023456785,2024-02-04 20:00:00,2024-02-04,20:00:00,1.9040,Sunday,20,2,Winter,0
10023456785,2024-02-04 21:00:00,2024-02-04,21:00:00,1.9324,Sunday,21,2,Winter,0
10023456785,2024-02-04 22:00:00,2024-02-04,22:00:00,1.2676,Sunday,22,2,Winter,0
10023456785,2024-02-04 23:00:00,2024-02-04,23:00:00,0.9648,Sunday,23,2,Winter,0
10023456785,2024-02-05 00:00:00,2024-02-05,00:00:00,0.9089,Monday,0,2,Winter,0
10023456785,2024-02-05 01:00:00,2024-02-05,01:00:00,2.1201,Monday,1,2,Winter,1
10023456785,2024-02-05 02:00:00,2024-02-05,02:00:00,0.5729,Monday,2,2,Winter,0
10023456785,2024-02-05 03:00:00,2024-02-05,03:00:00,0.7757,Monday,3,2,Winter,0
10023456785,2024-02-05 04:00:00,2024-02-05,04:00:00,0.8162,Monday,4,2,Winter,0
10023456785,2024-02-05 05:00:00,2024-02-05,05:00:00,0.9579,Monday,5,2,Winter,0
10023456785,2024-02-05 06:00:00,2024-02-05,06:00:00,1.4212,Monday,6,2,Winter,0
10023456785,2024-02-05 07:00:00,2024-02-05,07:00:00,2.4245,Monday,7,2,Winter,0
10023456785,2024-02-05 08:00:00,2024-02-05,08:00:00,2.5325,Monday,8,2,Winter,0
10023456785,2024-02-05 09:00:00,2024-02-05,09:00:00,2.5585,Monday,9,2,Winter,0
10023456785,2024-02-05 10:00:00,2024-02-05,10:00:00,2.8610,Monday,10,2,Winter,0
10023456785,2024-02-05 11:00:00,2024-02-05,11:00:00,1.9587,Monday,11,2,Winter,0
10023456785,2024-02-05 12:00:00,2024-02-05,12:00:00,2.1253,Monday,12,2,Winter,0
10023456785,2024-02-05 13:00:00,2024-02-05,13:00:00,2.4035,Monday,13,2,Winter,0
10023456785,2024-02-05 14:00:00,2024-02-05,14:00:00,2.1130,Monday,14,2,Winter,0
10023456785,2024-02-05 15:00:00,2024-02-05,15:00:00,2.0461,Monday,15,2,Winter,0
10023456785,2024-02-05 16:00:00,2024-02-05,16:00:00,2.2876,Monday,16,2,Winter,0
10023456785,2024-02-05 17:00:00,2024-02-05,17:00:00,2.5013,Monday,17,2,Winter,0
10023456785,2024-02-05 18:00:00,2024-02-05,18:00:00,4.6367,Monday,18,2,Winter,1
10023456785,2024-02-05 19:00:00,2024-02-05,19:00:00,5.9910,Monday,19,2,Winter,1
10023456785,2024-02-05 20:00:00,2024-02-05,20:00:00,3.8682,Monday,20,2,Winter,1
10023456785,2024-02-05 21:00:00,2024-02-05,21:00:00,3.6659,Monday,21,2,Winter,1
10023456785,2024-02-05 22:00:00,2024-02-05,22:00:00,0.9926,Monday,22,2,Winter,0
10023456785,2024-02-05 23:00:00,2024-02-05,23:00:00,1.0100,Monday,23,2,Winter,0
10023456785,2024-02-06 00:00:00,2024-02-06,00:00:00,0.9960,Tuesday,0,2,Winter,0
10023456785,2024-02-06 01:00:00,2024-02-06,01:00:00,0.8385,Tuesday,1,2,Winter,0
10023456785,2024-02-06 02:00:00,2024-02-06,02:00:00,0.9316,Tuesday,2,2,Winter,0
10023456785,2024-02-06 03:00:00,2024-02-06,03:00:00,0.9935,Tuesday,3,2,Winter,0
10023456785,2024-02-06 04:00:00,2024-02-06,04:00:00,1.0312,Tuesday,4,2,Winter,0
10023456785,2024-02-06 05:00:00,2024-02-06,05:00:00,1.0375,Tuesday,5,2,Winter,0
10023456785,2024-02-06 06:00:00,2024-02-06,06:00:00,2.4119,Tuesday,6,2,Winter,0
10023456785,2024-02-06 07:00:00,2024-02-06,07:00:00,2.6004,Tuesday,7,2,Winter,0
10023456785,2024-02-06 08:00:00,2024-02-06,08:00:00,2.7635,Tuesday,8,2,Winter,0
10023456785,2024-02-06 09:00:00,2024-02-06,09:00:00,3.3020,Tuesday,9,2,Winter,0
10023456785,2024-02-06 10:00:00,2024-02-06,10:00:00,3.2629,Tuesday,10,2,Winter,0
10023456785,2024-02-06 11:00:00,2024-02-06,11:00:00,3.2266,Tuesday,11,2,Winter,0
10023456785,2024-02-06 12:00:00,2024-02-06,12:00:00,2.6524,Tuesday,12,2,Winter,0
10023456785,2024-02-06 13:00:00,2024-02-06,13:00:00,2.2989,Tuesday,13,2,Winter,0
10023456785,2024-02-06 14:00:00,2024-02-06,14:00:00,2.7068,Tuesday,14,2,Winter,0
10023456785,2024-02-06 15:00:00,2024-02-06,15:00:00,2.7356,Tuesday,15,2,Winter,0
10023456785,2024-02-06 16:00:00,2024-02-06,16:00:00,2.5226,Tuesday,16,2,Winter,0
10023456785,2024-02-06 17:00:00,2024-02-06,17:00:00,7.2657,Tuesday,17,2,Winter,1
10023456785,2024-02-06 18:00:00,2024-02-06,18:00:00,9.9815,Tuesday,18,2,Winter,1
10023456785,2024-02-06 19:00:00,2024-02-06,19:00:00,8.6827,Tuesday,19,2,Winter,1
10023456785,2024-02-06 20:00:00,2024-02-06,20:00:00,6.2238,Tuesday,20,2,Winter,1
10023456785,2024-02-06 21:00:00,2024-02-06,21:00:00,6.8205,Tuesday,21,2,Winter,1
10023456785,2024-02-06 22:00:00,2024-02-06,22:00:00,4.6096,Tuesday,22,2,Winter,1
10023456785,2024-02-06 23:00:00,2024-02-06,23:00:00,1.2756,Tuesday,23,2,Winter,0
10023456785,2024-02-07 00:00:00,2024-02-07,00:00:00,0.7215,Wednesday,0,2,Winter,0
10023456785,2024-02-07 01:00:00,2024-02-07,01:00:00,0.7506,Wednesday,1,2,Winter,0
10023456785,2024-02-07 02:00:00,2024-02-07,02:00:00,0.5623,Wednesday,2,2,Winter,0
10023456785,2024-02-07 03:00:00,2024-02-07,03:00:00,0.8534,Wednesday,3,2,Winter,0
10023456785,2024-02-07 04:00:00,2024-02-07,04:00:00,0.9754,Wednesday,4,2,Winter,0
10023456785,2024-02-07 05:00:00,2024-02-07,05:00:00,1.1823,Wednesday,5,2,Winter,0
10023456785,2024-02-07 06:00:00,2024-02-07,06:00:00,2.0562,Wednesday,6,2,Winter,0
10023456785,2024-02-07 07:00:00,2024-02-07,07:00:00,2.6205,Wednesday,7,2,Winter,0
10023456785,2024-02-07 08:00:00,2024-02-07,08:00:00,2.9388,Wednesday,8,2,Winter,0
10023456785,2024-02-07 09:00:00,2024-02-07,09:00:00,2.4290,Wednesday,9,2,Winter,0
10023456785,2024-02-07 10:00:00,2024-02-07,10:00:00,2.8584,Wednesday,10,2,Winter,0
10023456785,2024-02-07 11:00:00,2024-02-07,11:00:00,2.2374,Wednesday,11,2,Winter,0
10023456785,2024-02-07 12:00:00,2024-02-07,12:00:00,2.4543,Wednesday,12,2,Winter,0
10023456785,2024-02-07 13:00:00,2024-02-07,13:00:00,2.1792,Wednesday,13,2,Winter,0
10023456785,2024-02-07 14:00:00,2024-02-07,14:00:00,2.3343,Wednesday,14,2,Winter,0
10023456785,2024-02-07 15:00:00,2024-02-07,15:00:00,2.5316,Wednesday,15,2,Winter,0
10023456785,2024-02-07 16:00:00,2024-02-07,16:00:00,2.7437,Wednesday,16,2,Winter,0
10023456785,2024-02-07 17:00:00,2024-02-07,17:00:00,3.1544,Wednesday,17,2,Winter,0
10023456785,2024-02-07 18:00:00,2024-02-07,18:00:00,3.5401,Wednesday,18,2,Winter,0
10023456785,2024-02-07 19:00:00,2024-02-07,19:00:00,3.1423,Wednesday,19,2,Winter,0
10023456785,2024-02-07 20:00:00,2024-02-07,20:00:00,3.0176,Wednesday,20,2,Winter,0
10023456785,2024-02-07 21:00:00,2024-02-07,21:00:00,2.0245,Wednesday,21,2,Winter,0
10023456785,2024-02-07 22:00:00,2024-02-07,22:00:00,1.6198,Wednesday,22,2,Winter,0
10023456785,2024-02-07 23:00:00,2024-02-07,23:00:00,0.9395,Wednesday,23,2,Winter,0
10023456785,2024-02-08 00:00:00,2024-02-08,00:00:00,0.7262,Thursday,0,2,Winter,0
10023456785,2024-02-08 01:00:00,2024-02-08,01:00:00,0.6397,Thursday,1,2,Winter,0
10023456785,2024-02-08 02:00:00,2024-02-08,02:00:00,0.4434,Thursday,2,2,Winter,0
10023456785,2024-02-08 03:00:00,2024-02-08,03:00:00,0.4621,Thursday,3,2,Winter,0
10023456785,2024-02-08 04:00:00,2024-02-08,04:00:00,0.6107,Thursday,4,2,Winter,0
10023456785,2024-02-08 05:00:00,2024-02-08,05:00:00,0.9842,Thursday,5,2,Winter,0
10023456785,2024-02-08 06:00:00,2024-02-08,06:00:00,1.5111,Thursday,6,2,Winter,0
10023456785,2024-02-08 07:00:00,2024-02-08,07:00:00,2.2066,Thursday,7,2,Winter,0
10023456785,2024-02-08 08:00:00,2024-02-08,08:00:00,2.3522,Thursday,8,2,Winter,0
10023456785,2024-02-08 09:00:00,2024-02-08,09:00:00,2.1184,Thursday,9,2,Winter,0
10023456785,2024-02-08 10:00:00,2024-02-08,10:00:00,1.8479,Thursday,10,2,Winter,0
10023456785,2024-02-08 11:00:00,2024-02-08,11:00:00,1.7036,Thursday,11,2,Winter,0
10023456785,2024-02-08 12:00:00,2024-02-08,12:00:00,1.5993,Thursday,12,2,Winter,0
10023456785,2024-02-08 13:00:00,2024-02-08,13:00:00,2.2447,Thursday,13,2,Winter,0
10023456785,2024-02-08 14:00:00,2024-02-08,14:00:00,1.6375,Thursday,14,2,Winter,0
10023456785,2024-02-08 15:00:00,2024-02-08,15:00:00,1.8156,Thursday,15,2,Winter,0
10023456785,2024-02-08 16:00:00,2024-02-08,16:00:00,2.3156,Thursday,16,2,Winter,0
10023456785,2024-02-08 17:00:00,2024-02-08,17:00:00,2.2492,Thursday,17,2,Winter,0
10023456785,2024-02-08 18:00:00,2024-02-08,18:00:00,2.2052,Thursday,18,2,Winter,0
10023456785,2024-02-08 19:00:00,2024-02-08,19:00:00,2.4001,Thursday,19,2,Winter,0
10023456785,2024-02-08 20:00:00,2024-02-08,20:00:00,1.9145,Thursday,20,2,Winter,0
10023456785,2024-02-08 21:00:00,2024-02-08,21:00:00,1.4473,Thursday,21,2,Winter,0
10023456785,2024-02-08 22:00:00,2024-02-08,22:00:00,1.2677,Thursday,22,2,Winter,0
10023456785,2024-02-08 23:00:00,2024-02-08,23:00:00,0.8139,Thursday,23,2,Winter,0
10023456785,2024-02-09 00:00:00,2024-02-09,00:00:00,0.8422,Friday,0,2,Winter,0
10023456785,2024-02-09 01:00:00,2024-02-09,01:00:00,0.6500,Friday,1,2,Winter,0
10023456785,2024-02-09 02:00:00,2024-02-09,02:00:00,0.6217,Friday,2,2,Winter,0
10023456785,2024-02-09 03:00:00,2024-02-09,03:00:00,0.5813,Friday,3,2,Winter,0
10023456785,2024-02-09 04:00:00,2024-02-09,04:00:00,0.6842,Friday,4,2,Winter,0
10023456785,2024-02-09 05:00:00,2024-02-09,05:00:00,1.1163,Friday,5,2,Winter,0
10023456785,2024-02-09 06:00:00,2024-02-09,06:00:00,1.7155,Friday,6,2,Winter,0
10023456785,2024-02-09 07:00:00,2024-02-09,07:00:00,2.4473,Friday,7,2,Winter,0
10023456785,2024-02-09 08:00:00,2024-02-09,08:00:00,3.1335,Friday,8,2,Winter,0
10023456785,2024-02-09 09:00:00,2024-02-09,09:00:00,2.2199,Friday,9,2,Winter,0
10023456785,2024-02-09 10:00:00,2024-02-09,10:00:00,2.3625,Friday,10,2,Winter,0
10023456785,2024-02-09 11:00:00,2024-02-09,11:00:00,2.1445,Friday,11,2,Winter,0
10023456785,2024-02-09 12:00:00,2024-02-09,12:00:00,2.0741,Friday,12,2,Winter,0
10023456785,2024-02-09 13:00:00,2024-02-09,13:00:00,1.6511,Friday,13,2,Winter,0
10023456785,2024-02-09 14:00:00,2024-02-09,14:00:00,1.5049,Friday,14,2,Winter,0
10023456785,2024-02-09 15:00:00,2024-02-09,15:00:00,2.4777,Friday,15,2,Winter,0
10023456785,2024-02-09 16:00:00,2024-02-09,16:00:00,2.0796,Friday,16,2,Winter,0
10023456785,2024-02-09 17:00:00,2024-02-09,17:00:00,2.1112,Friday,17,2,Winter,0
10023456785,2024-02-09 18:00:00,2024-02-09,18:00:00,2.8104,Friday,18,2,Winter,0
10023456785,2024-02-09 19:00:00,2024-02-09,19:00:00,2.1864,Friday,19,2,Winter,0
10023456785,2024-02-09 20:00:00,2024-02-09,20:00:00,1.9181,Friday,20,2,Winter,0
10023456785,2024-02-09 21:00:00,2024-02-09,21:00:00,1.8670,Friday,21,2,Winter,0
10023456785,2024-02-09 22:00:00,2024-02-09,22:00:00,1.3078,Friday,22,2,Winter,0
10023456785,2024-02-09 23:00:00,2024-02-09,23:00:00,0.9444,Friday,23,2,Winter,0
10023456785,2024-02-10 00:00:00,2024-02-10,00:00:00,4.4178,Saturday,0,2,Winter,1
10023456785,2024-02-10 01:00:00,2024-02-10,01:00:00,4.2574,Saturday,1,2,Winter,1
10023456785,2024-02-10 02:00:00,2024-02-10,02:00:00,0.6782,Saturday,2,2,Winter,0
10023456785,2024-02-10 03:00:00,2024-02-10,03:00:00,0.6739,Saturday,3,2,Winter,0
10023456785,2024-02-10 04:00:00,2024-02-10,04:00:00,0.5223,Saturday,4,2,Winter,0
10023456785,2024-02-10 05:00:00,2024-02-10,05:00:00,1.1149,Saturday,5,2,Winter,0
10023456785,2024-02-10 06:00:00,2024-02-10,06:00:00,1.0604,Saturday,6,2,Winter,0
10023456785,2024-02-10 07:00:00,2024-02-10,07:00:00,1.9079,Saturday,7,2,Winter,0
10023456785,2024-02-10 08:00:00,2024-02-10,08:00:00,1.7703,Saturday,8,2,Winter,0
10023456785,2024-02-10 09:00:00,2024-02-10,09:00:00,2.4540,Saturday,9,2,Winter,0
10023456785,2024-02-10 10:00:00,2024-02-10,10:00:00,2.0537,Saturday,10,2,Winter,0
10023456785,2024-02-10 11:00:00,2024-02-10,11:00:00,1.8818,Saturday,11,2,Winter,0
10023456785,2024-02-10 12:00:00,2024-02-10,12:00:00,2.3408,Saturday,12,2,Winter,0
10023456785,2024-02-10 13:00:00,2024-02-10,13:00:00,1.9346,Saturday,13,2,Winter,0
10023456785,2024-02-10 14:00:00,2024-02-10,14:00:00,2.0046,Saturday,14,2,Winter,0
10023456785,2024-02-10 15:00:00,2024-02-10,15:00:00,1.8462,Saturday,15,2,Winter,0
10023456785,2024-02-10 16:00:00,2024-02-10,16:00:00,2.2118,Saturday,16,2,Winter,0
10023456785,2024-02-10 17:00:00,2024-02-10,17:00:00,2.6063,Saturday,17,2,Winter,0
10023456785,2024-02-10 18:00:00,2024-02-10,18:00:00,2.7271,Saturday,18,2,Winter,0
10023456785,2024-02-10 19:00:00,2024-02-10,19:00:00,2.7805,Saturday,19,2,Winter,0
10023456785,2024-02-10 20:00:00,2024-02-10,20:00:00,2.3104,Saturday,20,2,Winter,0
10023456785,2024-02-10 21:00:00,2024-02-10,21:00:00,2.1780,Saturday,21,2,Winter,0
10023456785,2024-02-10 22:00:00,2024-02-10,22:00:00,1.8042,Saturday,22,2,Winter,0
10023456785,2024-02-10 23:00:00,2024-02-10,23:00:00,0.9185,Saturday,23,2,Winter,0
10023456785,2024-02-11 00:00:00,2024-02-11,00:00:00,0.8553,Sunday,0,2,Winter,0
10023456785,2024-02-11 01:00:00,2024-02-11,01:00:00,0.7156,Sunday,1,2,Winter,0
10023456785,2024-02-11 02:00:00,2024-02-11,02:00:00,0.6447,Sunday,2,2,Winter,0
10023456785,2024-02-11 03:00:00,2024-02-11,03:00:00,0.7706,Sunday,3,2,Winter,0
10023456785,2024-02-11 04:00:00,2024-02-11,04:00:00,0.7440,Sunday,4,2,Winter,0
10023456785,2024-02-11 05:00:00,2024-02-11,05:00:00,0.9236,Sunday,5,2,Winter,0
10023456785,2024-02-11 06:00:00,2024-02-11,06:00:00,1.3341,Sunday,6,2,Winter,0
10023456785,2024-02-11 07:00:00,2024-02-11,07:00:00,1.9235,Sunday,7,2,Winter,0
10023456785,2024-02-11 08:00:00,2024-02-11,08:00:00,2.1885,Sunday,8,2,Winter,0
10023456785,2024-02-11 09:00:00,2024-02-11,09:00:00,2.4397,Sunday,9,2,Winter,0
10023456785,2024-02-11 10:00:00,2024-02-11,10:00:00,2.0178,Sunday,10,2,Winter,0
10023456785,2024-02-11 11:00:00,2024-02-11,11:00:00,1.7894,Sunday,11,2,Winter,0
10023456785,2024-02-11 12:00:00,2024-02-11,12:00:00,2.1092,Sunday,12,2,Winter,0
10023456785,2024-02-11 13:00:00,2024-02-11,13:00:00,2.2708,Sunday,13,2,Winter,0
10023456785,2024-02-11 14:00:00,2024-02-11,14:00:00,1.8001,Sunday,14,2,Winter,0
10023456785,2024-02-11 15:00:00,2024-02-11,15:00:00,1.7242,Sunday,15,2,Winter,0
10023456785,2024-02-11 16:00:00,2024-02-11,16:00:00,2.3178,Sunday,16,2,Winter,0
10023456785,2024-02-11 17:00:00,2024-02-11,17:00:00,2.5265,Sunday,17,2,Winter,0
10023456785,2024-02-11 18:00:00,2024-02-11,18:00:00,2.6320,Sunday,18,2,Winter,0
10023456785,2024-02-11 19:00:00,2024-02-11,19:00:00,2.8272,Sunday,19,2,Winter,0
10023456785,2024-02-11 20:00:00,2024-02-11,20:00:00,2.9544,Sunday,20,2,Winter,0
10023456785,2024-02-11 21:00:00,2024-02-11,21:00:00,1.4359,Sunday,21,2,Winter,0
10023456785,2024-02-11 22:00:00,2024-02-11,22:00:00,1.4351,Sunday,22,2,Winter,0
10023456785,2024-02-11 23:00:00,2024-02-11,23:00:00,1.0983,Sunday,23,2,Winter,0
10023456785,2024-02-12 00:00:00,2024-02-12,00:00:00,1.1636,Monday,0,2,Winter,0
10023456785,2024-02-12 01:00:00,2024-02-12,01:00:00,0.8403,Monday,1,2,Winter,0
10023456785,2024-02-12 02:00:00,2024-02-12,02:00:00,0.7646,Monday,2,2,Winter,0
10023456785,2024-02-12 03:00:00,2024-02-12,03:00:00,0.8792,Monday,3,2,Winter,0
10023456785,2024-02-12 04:00:00,2024-02-12,04:00:00,0.8646,Monday,4,2,Winter,0
10023456785,2024-02-12 05:00:00,2024-02-12,05:00:00,1.1473,Monday,5,2,Winter,0
10023456785,2024-02-12 06:00:00,2024-02-12,06:00:00,1.5129,Monday,6,2,Winter,0
10023456785,2024-02-12 07:00:00,2024-02-12,07:00:00,2.6167,Monday,7,2,Winter,0
10023456785,2024-02-12 08:00:00,2024-02-12,08:00:00,2.6859,Monday,8,2,Winter,0
10023456785,2024-02-12 09:00:00,2024-02-12,09:00:00,0.1382,Monday,9,2,Winter,1
10023456785,2024-02-12 10:00:00,2024-02-12,10:00:00,2.1898,Monday,10,2,Winter,0
10023456785,2024-02-12 11:00:00,2024-02-12,11:00:00,2.3900,Monday,11,2,Winter,0
10023456785,2024-02-12 12:00:00,2024-02-12,12:00:00,2.1948,Monday,12,2,Winter,0
10023456785,2024-02-12 13:00:00,2024-02-12,13:00:00,2.4426,Monday,13,2,Winter,0
10023456785,2024-02-12 14:00:00,2024-02-12,14:00:00,1.9122,Monday,14,2,Winter,0
10023456785,2024-02-12 15:00:00,2024-02-12,15:00:00,2.2773,Monday,15,2,Winter,0
10023456785,2024-02-12 16:00:00,2024-02-12,16:00:00,1.9581,Monday,16,2,Winter,0
10023456785,2024-02-12 17:00:00,2024-02-12,17:00:00,2.8378,Monday,17,2,Winter,0
10023456785,2024-02-12 18:00:00,2024-02-12,18:00:00,3.3386,Monday,18,2,Winter,0
10023456785,2024-02-12 19:00:00,2024-02-12,19:00:00,2.5827,Monday,19,2,Winter,0
10023456785,2024-02-12 20:00:00,2024-02-12,20:00:00,2.5952,Monday,20,2,Winter,0
10023456785,2024-02-12 21:00:00,2024-02-12,21:00:00,2.1094,Monday,21,2,Winter,0
10023456785,2024-02-12 22:00:00,2024-02-12,22:00:00,1.3755,Monday,22,2,Winter,0
10023456785,2024-02-12 23:00:00,2024-02-12,23:00:00,1.3092,Monday,23,2,Winter,0
10023456785,2024-02-13 00:00:00,2024-02-13,00:00:00,0.8807,Tuesday,0,2,Winter,0
10023456785,2024-02-13 01:00:00,2024-02-13,01:00:00,0.7112,Tuesday,1,2,Winter,0
10023456785,2024-02-13 02:00:00,2024-02-13,02:00:00,0.6686,Tuesday,2,2,Winter,0
10023456785,2024-02-13 03:00:00,2024-02-13,03:00:00,0.8262,Tuesday,3,2,Winter,0
10023456785,2024-02-13 04:00:00,2024-02-13,04:00:00,0.7534,Tuesday,4,2,Winter,0
10023456785,2024-02-13 05:00:00,2024-02-13,05:00:00,1.1744,Tuesday,5,2,Winter,0
10023456785,2024-02-13 06:00:00,2024-02-13,06:00:00,1.4803,Tuesday,6,2,Winter,0
10023456785,2024-02-13 07:00:00,2024-02-13,07:00:00,2.3298,Tuesday,7,2,Winter,0
10023456785,2024-02-13 08:00:00,2024-02-13,08:00:00,2.1349,Tuesday,8,2,Winter,0
10023456785,2024-02-13 09:00:00,2024-02-13,09:00:00,2.6612,Tuesday,9,2,Winter,0
10023456785,2024-02-13 10:00:00,2024-02-13,10:00:00,2.1369,Tuesday,10,2,Winter,0
10023456785,2024-02-13 11:00:00,2024-02-13,11:00:00,2.1847,Tuesday,11,2,Winter,0
10023456785,2024-02-13 12:00:00,2024-02-13,12:00:00,1.7195,Tuesday,12,2,Winter,0
10023456785,2024-02-13 13:00:00,2024-02-13,13:00:00,2.3855,Tuesday,13,2,Winter,0
10023456785,2024-02-13 14:00:00,2024-02-13,14:00:00,1.9799,Tuesday,14,2,Winter,0
10023456785,2024-02-13 15:00:00,2024-02-13,15:00:00,2.0070,Tuesday,15,2,Winter,0
10023456785,2024-02-13 16:00:00,2024-02-13,16:00:00,2.7375,Tuesday,16,2,Winter,0
10023456785,2024-02-13 17:00:00,2024-02-13,17:00:00,2.5012,Tuesday,17,2,Winter,0
10023456785,2024-02-13 18:00:00,2024-02-13,18:00:00,2.2540,Tuesday,18,2,Winter,0
10023456785,2024-02-13 19:00:00,2024-02-13,19:00:00,2.4317,Tuesday,19,2,Winter,0
10023456785,2024-02-13 20:00:00,2024-02-13,20:00:00,2.2297,Tuesday,20,2,Winter,0
10023456785,2024-02-13 21:00:00,2024-02-13,21:00:00,1.9641,Tuesday,21,2,Winter,0
10023456785,2024-02-13 22:00:00,2024-02-13,22:00:00,1.4180,Tuesday,22,2,Winter,0
10023456785,2024-02-13 23:00:00,2024-02-13,23:00:00,1.0106,Tuesday,23,2,Winter,0
10023456785,2024-02-14 00:00:00,2024-02-14,00:00:00,0.8336,Wednesday,0,2,Winter,0
10023456785,2024-02-14 01:00:00,2024-02-14,01:00:00,1.0192,Wednesday,1,2,Winter,0
10023456785,2024-02-14 02:00:00,2024-02-14,02:00:00,1.0550,Wednesday,2,2,Winter,0
10023456785,2024-02-14 03:00:00,2024-02-14,03:00:00,0.7414,Wednesday,3,2,Winter,0
10023456785,2024-02-14 04:00:00,2024-02-14,04:00:00,1.0280,Wednesday,4,2,Winter,0
10023456785,2024-02-14 05:00:00,2024-02-14,05:00:00,1.3893,Wednesday,5,2,Winter,0
10023456785,2024-02-14 06:00:00,2024-02-14,06:00:00,1.9847,Wednesday,6,2,Winter,0
10023456785,2024-02-14 07:00:00,2024-02-14,07:00:00,3.5257,Wednesday,7,2,Winter,0
10023456785,2024-02-14 08:00:00,2024-02-14,08:00:00,2.8356,Wednesday,8,2,Winter,0
10023456785,2024-02-14 09:00:00,2024-02-14,09:00:00,8.2166,Wednesday,9,2,Winter,1
10023456785,2024-02-14 10:00:00,2024-02-14,10:00:00,8.0738,Wednesday,10,2,Winter,1
10023456785,2024-02-14 11:00:00,2024-02-14,11:00:00,9.1364,Wednesday,11,2,Winter,1
10023456785,2024-02-14 12:00:00,2024-02-14,12:00:00,7.6226,Wednesday,12,2,Winter,1
10023456785,2024-02-14 13:00:00,2024-02-14,13:00:00,5.9781,Wednesday,13,2,Winter,1
10023456785,2024-02-14 14:00:00,2024-02-14,14:00:00,5.4563,Wednesday,14,2,Winter,1
10023456785,2024-02-14 15:00:00,2024-02-14,15:00:00,2.2229,Wednesday,15,2,Winter,0
10023456785,2024-02-14 16:00:00,2024-02-14,16:00:00,3.2454,Wednesday,16,2,Winter,0
10023456785,2024-02-14 17:00:00,2024-02-14,17:00:00,2.6845,Wednesday,17,2,Winter,0
10023456785,2024-02-14 18:00:00,2024-02-14,18:00:00,3.1468,Wednesday,18,2,Winter,0
10023456785,2024-02-14 19:00:00,2024-02-14,19:00:00,4.3714,Wednesday,19,2,Winter,0
10023456785,2024-02-14 20:00:00,2024-02-14,20:00:00,2.6962,Wednesday,20,2,Winter,0
10023456785,2024-02-14 21:00:00,2024-02-14,21:00:00,2.3202,Wednesday,21,2,Winter,0
10023456785,2024-02-14 22:00:00,2024-02-14,22:00:00,1.7234,Wednesday,22,2,Winter,0
10023456785,2024-02-14 23:00:00,2024-02-14,23:00:00,1.0619,Wednesday,23,2,Winter,0
10023456785,2024-02-15 00:00:00,2024-02-15,00:00:00,0.7858,Thursday,0,2,Winter,0
10023456785,2024-02-15 01:00:00,2024-02-15,01:00:00,0.7948,Thursday,1,2,Winter,0
10023456785,2024-02-15 02:00:00,2024-02-15,02:00:00,7.0055,Thursday,2,2,Winter,1
10023456785,2024-02-15 03:00:00,2024-02-15,03:00:00,7.3311,Thursday,3,2,Winter,1
10023456785,2024-02-15 04:00:00,2024-02-15,04:00:00,0.7966,Thursday,4,2,Winter,0
10023456785,2024-02-15 05:00:00,2024-02-15,05:00:00,3.0593,Thursday,5,2,Winter,1
10023456785,2024-02-15 06:00:00,2024-02-15,06:00:00,1.6851,Thursday,6,2,Winter,0
10023456785,2024-02-15 07:00:00,2024-02-15,07:00:00,2.4881,Thursday,7,2,Winter,0
10023456785,2024-02-15 08:00:00,2024-02-15,08:00:00,2.8597,Thursday,8,2,Winter,0
10023456785,2024-02-15 09:00:00,2024-02-15,09:00:00,3.3302,Thursday,9,2,Winter,0
10023456785,2024-02-15 10:00:00,2024-02-15,10:00:00,2.2549,Thursday,10,2,Winter,0
10023456785,2024-02-15 11:00:00,2024-02-15,11:00:00,2.4018,Thursday,11,2,Winter,0
10023456785,2024-02-15 12:00:00,2024-02-15,12:00:00,2.5068,Thursday,12,2,Winter,0
10023456785,2024-02-15 13:00:00,2024-02-15,13:00:00,1.7130,Thursday,13,2,Winter,0
10023456785,2024-02-15 14:00:00,2024-02-15,14:00:00,3.2406,Thursday,14,2,Winter,0
10023456785,2024-02-15 15:00:00,2024-02-15,15:00:00,2.3106,Thursday,15,2,Winter,0
10023456785,2024-02-15 16:00:00,2024-02-15,16:00:00,2.4784,Thursday,16,2,Winter,0
10023456785,2024-02-15 17:00:00,2024-02-15,17:00:00,2.9602,Thursday,17,2,Winter,0
10023456785,2024-02-15 18:00:00,2024-02-15,18:00:00,3.1345,Thursday,18,2,Winter,0
10023456785,2024-02-15 19:00:00,2024-02-15,19:00:00,3.3181,Thursday,19,2,Winter,0
10023456785,2024-02-15 20:00:00,2024-02-15,20:00:00,2.8287,Thursday,20,2,Winter,0
10023456785,2024-02-15 21:00:00,2024-02-15,21:00:00,2.1020,Thursday,21,2,Winter,0
10023456785,2024-02-15 22:00:00,2024-02-15,22:00:00,1.7157,Thursday,22,2,Winter,0
10023456785,2024-02-15 23:00:00,2024-02-15,23:00:00,1.1034,Thursday,23,2,Winter,0
10023456785,2024-02-16 00:00:00,2024-02-16,00:00:00,0.8024,Friday,0,2,Winter,0
10023456785,2024-02-16 01:00:00,2024-02-16,01:00:00,0.7040,Friday,1,2,Winter,0
10023456785,2024-02-16 02:00:00,2024-02-16,02:00:00,0.7505,Friday,2,2,Winter,0
10023456785,2024-02-16 03:00:00,2024-02-16,03:00:00,0.6482,Friday,3,2,Winter,0
10023456785,2024-02-16 04:00:00,2024-02-16,04:00:00,1.8111,Friday,4,2,Winter,1
10023456785,2024-02-16 05:00:00,2024-02-16,05:00:00,2.7833,Friday,5,2,Winter,1
10023456785,2024-02-16 06:00:00,2024-02-16,06:00:00,4.3232,Friday,6,2,Winter,1
10023456785,2024-02-16 07:00:00,2024-02-16,07:00:00,5.4622,Friday,7,2,Winter,1
10023456785,2024-02-16 08:00:00,2024-02-16,08:00:00,5.6338,Friday,8,2,Winter,1
10023456785,2024-02-16 09:00:00,2024-02-16,09:00:00,5.0731,Friday,9,2,Winter,1
10023456785,2024-02-16 10:00:00,2024-02-16,10:00:00,2.5931,Friday,10,2,Winter,0
10023456785,2024-02-16 11:00:00,2024-02-16,11:00:00,2.3992,Friday,11,2,Winter,0
10023456785,2024-02-16 12:00:00,2024-02-16,12:00:00,1.9939,Friday,12,2,Winter,0
10023456785,2024-02-16 13:00:00,2024-02-16,13:00:00,2.2550,Friday,13,2,Winter,0
10023456785,2024-02-16 14:00:00,2024-02-16,14:00:00,1.7968,Friday,14,2,Winter,0
10023456785,2024-02-16 15:00:00,2024-02-16,15:00:00,2.0717,Friday,15,2,Winter,0
10023456785,2024-02-16 16:00:00,2024-02-16,16:00:00,2.4410,Friday,16,2,Winter,0
10023456785,2024-02-16 17:00:00,2024-02-16,17:00:00,3.3437,Friday,17,2,Winter,0
10023456785,2024-02-16 18:00:00,2024-02-16,18:00:00,2.9387,Friday,18,2,Winter,0
10023456785,2024-02-16 19:00:00,2024-02-16,19:00:00,2.9499,Friday,19,2,Winter,0
10023456785,2024-02-16 20:00:00,2024-02-16,20:00:00,2.5713,Friday,20,2,Winter,0
10023456785,2024-02-16 21:00:00,2024-02-16,21:00:00,2.3505,Friday,21,2,Winter,0
10023456785,2024-02-16 22:00:00,2024-02-16,22:00:00,1.6439,Friday,22,2,Winter,0
10023456785,2024-02-16 23:00:00,2024-02-16,23:00:00,0.9220,Friday,23,2,Winter,0
10023456785,2024-02-17 00:00:00,2024-02-17,00:00:00,0.6738,Saturday,0,2,Winter,0
10023456785,2024-02-17 01:00:00,2024-02-17,01:00:00,0.6771,Saturday,1,2,Winter,0
10023456785,2024-02-17 02:00:00,2024-02-17,02:00:00,0.5262,Saturday,2,2,Winter,0
10023456785,2024-02-17 03:00:00,2024-02-17,03:00:00,0.7837,Saturday,3,2,Winter,0
10023456785,2024-02-17 04:00:00,2024-02-17,04:00:00,0.6605,Saturday,4,2,Winter,0
10023456785,2024-02-17 05:00:00,2024-02-17,05:00:00,0.8968,Saturday,5,2,Winter,0
10023456785,2024-02-17 06:00:00,2024-02-17,06:00:00,1.3367,Saturday,6,2,Winter,0
10023456785,2024-02-17 07:00:00,2024-02-17,07:00:00,1.7350,Saturday,7,2,Winter,0
10023456785,2024-02-17 08:00:00,2024-02-17,08:00:00,1.6663,Saturday,8,2,Winter,0
10023456785,2024-02-17 09:00:00,2024-02-17,09:00:00,1.6530,Saturday,9,2,Winter,0
10023456785,2024-02-17 10:00:00,2024-02-17,10:00:00,1.8595,Saturday,10,2,Winter,0
10023456785,2024-02-17 11:00:00,2024-02-17,11:00:00,1.5745,Saturday,11,2,Winter,0
10023456785,2024-02-17 12:00:00,2024-02-17,12:00:00,1.9526,Saturday,12,2,Winter,0
10023456785,2024-02-17 13:00:00,2024-02-17,13:00:00,1.7540,Saturday,13,2,Winter,0
10023456785,2024-02-17 14:00:00,2024-02-17,14:00:00,1.6978,Saturday,14,2,Winter,0
10023456785,2024-02-17 15:00:00,2024-02-17,15:00:00,1.6882,Saturday,15,2,Winter,0
10023456785,2024-02-17 16:00:00,2024-02-17,16:00:00,2.0835,Saturday,16,2,Winter,0
10023456785,2024-02-17 17:00:00,2024-02-17,17:00:00,2.1475,Saturday,17,2,Winter,0
10023456785,2024-02-17 18:00:00,2024-02-17,18:00:00,2.5641,Saturday,18,2,Winter,0
10023456785,2024-02-17 19:00:00,2024-02-17,19:00:00,2.0491,Saturday,19,2,Winter,0
10023456785,2024-02-17 20:00:00,2024-02-17,20:00:00,1.8824,Saturday,20,2,Winter,0
10023456785,2024-02-17 21:00:00,2024-02-17,21:00:00,1.8882,Saturday,21,2,Winter,0
10023456785,2024-02-17 22:00:00,2024-02-17,22:00:00,1.5292,Saturday,22,2,Winter,0
10023456785,2024-02-17 23:00:00,2024-02-17,23:00:00,0.8778,Saturday,23,2,Winter,0
10023456785,2024-02-18 00:00:00,2024-02-18,00:00:00,0.7229,Sunday,0,2,Winter,0
10023456785,2024-02-18 01:00:00,2024-02-18,01:00:00,0.5868,Sunday,1,2,Winter,0
10023456785,2024-02-18 02:00:00,2024-02-18,02:00:00,0.8033,Sunday,2,2,Winter,0
10023456785,2024-02-18 03:00:00,2024-02-18,03:00:00,0.7600,Sunday,3,2,Winter,0
10023456785,2024-02-18 04:00:00,2024-02-18,04:00:00,0.7362,Sunday,4,2,Winter,0
10023456785,2024-02-18 05:00:00,2024-02-18,05:00:00,0.9130,Sunday,5,2,Winter,0
10023456785,2024-02-18 06:00:00,2024-02-18,06:00:00,1.1749,Sunday,6,2,Winter,0
10023456785,2024-02-18 07:00:00,2024-02-18,07:00:00,1.5442,Sunday,7,2,Winter,0
10023456785,2024-02-18 08:00:00,2024-02-18,08:00:00,1.8254,Sunday,8,2,Winter,0
10023456785,2024-02-18 09:00:00,2024-02-18,09:00:00,1.8319,Sunday,9,2,Winter,0
10023456785,2024-02-18 10:00:00,2024-02-18,10:00:00,1.5862,Sunday,10,2,Winter,0
10023456785,2024-02-18 11:00:00,2024-02-18,11:00:00,1.9508,Sunday,11,2,Winter,0
10023456785,2024-02-18 12:00:00,2024-02-18,12:00:00,1.8032,Sunday,12,2,Winter,0
10023456785,2024-02-18 13:00:00,2024-02-18,13:00:00,1.6804,Sunday,13,2,Winter,0
10023456785,2024-02-18 14:00:00,2024-02-18,14:00:00,1.6509,Sunday,14,2,Winter,0
10023456785,2024-02-18 15:00:00,2024-02-18,15:00:00,9.0119,Sunday,15,2,Winter,1
10023456785,2024-02-18 16:00:00,2024-02-18,16:00:00,1.8629,Sunday,16,2,Winter,0
10023456785,2024-02-18 17:00:00,2024-02-18,17:00:00,2.0424,Sunday,17,2,Winter,0
10023456785,2024-02-18 18:00:00,2024-02-18,18:00:00,2.0670,Sunday,18,2,Winter,0
10023456785,2024-02-18 19:00:00,2024-02-18,19:00:00,2.0561,Sunday,19,2,Winter,0
10023456785,2024-02-18 20:00:00,2024-02-18,20:00:00,2.1631,Sunday,20,2,Winter,0
10023456785,2024-02-18 21:00:00,2024-02-18,21:00:00,1.6976,Sunday,21,2,Winter,0
10023456785,2024-02-18 22:00:00,2024-02-18,22:00:00,1.1631,Sunday,22,2,Winter,0
10023456785,2024-02-18 23:00:00,2024-02-18,23:00:00,0.8894,Sunday,23,2,Winter,0
10023456785,2024-02-19 00:00:00,2024-02-19,00:00:00,1.0423,Monday,0,2,Winter,0
10023456785,2024-02-19 01:00:00,2024-02-19,01:00:00,0.6822,Monday,1,2,Winter,0
10023456785,2024-02-19 02:00:00,2024-02-19,02:00:00,0.9327,Monday,2,2,Winter,0
10023456785,2024-02-19 03:00:00,2024-02-19,03:00:00,6.5735,Monday,3,2,Winter,1
10023456785,2024-02-19 04:00:00,2024-02-19,04:00:00,0.8179,Monday,4,2,Winter,0
10023456785,2024-02-19 05:00:00,2024-02-19,05:00:00,1.6729,Monday,5,2,Winter,0
10023456785,2024-02-19 06:00:00,2024-02-19,06:00:00,2.0189,Monday,6,2,Winter,0
10023456785,2024-02-19 07:00:00,2024-02-19,07:00:00,3.7260,Monday,7,2,Winter,0
10023456785,2024-02-19 08:00:00,2024-02-19,08:00:00,3.8161,Monday,8,2,Winter,0
10023456785,2024-02-19 09:00:00,2024-02-19,09:00:00,3.0632,Monday,9,2,Winter,0
10023456785,2024-02-19 10:00:00,2024-02-19,10:00:00,3.4159,Monday,10,2,Winter,0
10023456785,2024-02-19 11:00:00,2024-02-19,11:00:00,2.8684,Monday,11,2,Winter,0
10023456785,2024-02-19 12:00:00,2024-02-19,12:00:00,3.4863,Monday,12,2,Winter,0
10023456785,2024-02-19 13:00:00,2024-02-19,13:00:00,2.7588,Monday,13,2,Winter,0
10023456785,2024-02-19 14:00:00,2024-02-19,14:00:00,3.2529,Monday,14,2,Winter,0
10023456785,2024-02-19 15:00:00,2024-02-19,15:00:00,3.0208,Monday,15,2,Winter,0
10023456785,2024-02-19 16:00:00,2024-02-19,16:00:00,3.1236,Monday,16,2,Winter,0
10023456785,2024-02-19 17:00:00,2024-02-19,17:00:00,3.8133,Monday,17,2,Winter,0
10023456785,2024-02-19 18:00:00,2024-02-19,18:00:00,3.3998,Monday,18,2,Winter,0
10023456785,2024-02-19 19:00:00,2024-02-19,19:00:00,4.1803,Monday,19,2,Winter,0
10023456785,2024-02-19 20:00:00,2024-02-19,20:00:00,0.1836,Monday,20,2,Winter,1
10023456785,2024-02-19 21:00:00,2024-02-19,21:00:00,2.7659,Monday,21,2,Winter,0
10023456785,2024-02-19 22:00:00,2024-02-19,22:00:00,2.0936,Monday,22,2,Winter,0
10023456785,2024-02-19 23:00:00,2024-02-19,23:00:00,1.5661,Monday,23,2,Winter,0
10023456785,2024-02-20 00:00:00,2024-02-20,00:00:00,0.8583,Tuesday,0,2,Winter,0
10023456785,2024-02-20 01:00:00,2024-02-20,01:00:00,0.7709,Tuesday,1,2,Winter,0
10023456785,2024-02-20 02:00:00,2024-02-20,02:00:00,0.8178,Tuesday,2,2,Winter,0
10023456785,2024-02-20 03:00:00,2024-02-20,03:00:00,0.5787,Tuesday,3,2,Winter,0
10023456785,2024-02-20 04:00:00,2024-02-20,04:00:00,0.6957,Tuesday,4,2,Winter,0
10023456785,2024-02-20 05:00:00,2024-02-20,05:00:00,0.9718,Tuesday,5,2,Winter,0
10023456785,2024-02-20 06:00:00,2024-02-20,06:00:00,1.9976,Tuesday,6,2,Winter,0
10023456785,2024-02-20 07:00:00,2024-02-20,07:00:00,2.5202,Tuesday,7,2,Winter,0
10023456785,2024-02-20 08:00:00,2024-02-20,08:00:00,2.1699,Tuesday,8,2,Winter,0
10023456785,2024-02-20 09:00:00,2024-02-20,09:00:00,1.8780,Tuesday,9,2,Winter,0
10023456785,2024-02-20 10:00:00,2024-02-20,10:00:00,1.8116,Tuesday,10,2,Winter,0
10023456785,2024-02-20 11:00:00,2024-02-20,11:00:00,2.1385,Tuesday,11,2,Winter,0
10023456785,2024-02-20 12:00:00,2024-02-20,12:00:00,1.3831,Tuesday,12,2,Winter,0
10023456785,2024-02-20 13:00:00,2024-02-20,13:00:00,1.8775,Tuesday,13,2,Winter,0
10023456785,2024-02-20 14:00:00,2024-02-20,14:00:00,1.9450,Tuesday,14,2,Winter,0
10023456785,2024-02-20 15:00:00,2024-02-20,15:00:00,2.0700,Tuesday,15,2,Winter,0
10023456785,2024-02-20 16:00:00,2024-02-20,16:00:00,2.6029,Tuesday,16,2,Winter,0
10023456785,2024-02-20 17:00:00,2024-02-20,17:00:00,2.4501,Tuesday,17,2,Winter,0
10023456785,2024-02-20 18:00:00,2024-02-20,18:00:00,2.4629,Tuesday,18,2,Winter,0
10023456785,2024-02-20 19:00:00,2024-02-20,19:00:00,2.2147,Tuesday,19,2,Winter,0
10023456785,2024-02-20 20:00:00,2024-02-20,20:00:00,2.2105,Tuesday,20,2,Winter,0
10023456785,2024-02-20 21:00:00,2024-02-20,21:00:00,1.7374,Tuesday,21,2,Winter,0
10023456785,2024-02-20 22:00:00,2024-02-20,22:00:00,1.4742,Tuesday,22,2,Winter,0
10023456785,2024-02-20 23:00:00,2024-02-20,23:00:00,0.7623,Tuesday,23,2,Winter,0
10023456785,2024-02-21 00:00:00,2024-02-21,00:00:00,0.5654,Wednesday,0,2,Winter,0
10023456785,2024-02-21 01:00:00,2024-02-21,01:00:00,0.5686,Wednesday,1,2,Winter,0
10023456785,2024-02-21 02:00:00,2024-02-21,02:00:00,0.5421,Wednesday,2,2,Winter,0
10023456785,2024-02-21 03:00:00,2024-02-21,03:00:00,0.4800,Wednesday,3,2,Winter,0
10023456785,2024-02-21 04:00:00,2024-02-21,04:00:00,0.6685,Wednesday,4,2,Winter,0
10023456785,2024-02-21 05:00:00,2024-02-21,05:00:00,1.0856,Wednesday,5,2,Winter,0
10023456785,2024-02-21 06:00:00,2024-02-21,06:00:00,1.3671,Wednesday,6,2,Winter,0
10023456785,2024-02-21 07:00:00,2024-02-21,07:00:00,1.8968,Wednesday,7,2,Winter,0
10023456785,2024-02-21 08:00:00,2024-02-21,08:00:00,2.3354,Wednesday,8,2,Winter,0
10023456785,2024-02-21 09:00:00,2024-02-21,09:00:00,1.6093,Wednesday,9,2,Winter,0
10023456785,2024-02-21 10:00:00,2024-02-21,10:00:00,2.2406,Wednesday,10,2,Winter,0
10023456785,2024-02-21 11:00:00,2024-02-21,11:00:00,1.7305,Wednesday,11,2,Winter,0
10023456785,2024-02-21 12:00:00,2024-02-21,12:00:00,2.1194,Wednesday,12,2,Winter,0
10023456785,2024-02-21 13:00:00,2024-02-21,13:00:00,2.0293,Wednesday,13,2,Winter,0
10023456785,2024-02-21 14:00:00,2024-02-21,14:00:00,1.6031,Wednesday,14,2,Winter,0
10023456785,2024-02-21 15:00:00,2024-02-21,15:00:00,1.6922,Wednesday,15,2,Winter,0
10023456785,2024-02-21 16:00:00,2024-02-21,16:00:00,1.9678,Wednesday,16,2,Winter,0
10023456785,2024-02-21 17:00:00,2024-02-21,17:00:00,2.2341,Wednesday,17,2,Winter,0
10023456785,2024-02-21 18:00:00,2024-02-21,18:00:00,2.1542,Wednesday,18,2,Winter,0
10023456785,2024-02-21 19:00:00,2024-02-21,19:00:00,2.1423,Wednesday,19,2,Winter,0
10023456785,2024-02-21 20:00:00,2024-02-21,20:00:00,2.4339,Wednesday,20,2,Winter,0
10023456785,2024-02-21 21:00:00,2024-02-21,21:00:00,1.7300,Wednesday,21,2,Winter,0
10023456785,2024-02-21 22:00:00,2024-02-21,22:00:00,1.0975,Wednesday,22,2,Winter,0
10023456785,2024-02-21 23:00:00,2024-02-21,23:00:00,0.8393,Wednesday,23,2,Winter,0
10023456785,2024-02-22 00:00:00,2024-02-22,00:00:00,0.8268,Thursday,0,2,Winter,0
10023456785,2024-02-22 01:00:00,2024-02-22,01:00:00,0.5041,Thursday,1,2,Winter,0
10023456785,2024-02-22 02:00:00,2024-02-22,02:00:00,0.5957,Thursday,2,2,Winter,0
10023456785,2024-02-22 03:00:00,2024-02-22,03:00:00,0.6433,Thursday,3,2,Winter,0
10023456785,2024-02-22 04:00:00,2024-02-22,04:00:00,0.6862,Thursday,4,2,Winter,0
10023456785,2024-02-22 05:00:00,2024-02-22,05:00:00,0.9998,Thursday,5,2,Winter,0
10023456785,2024-02-22 06:00:00,2024-02-22,06:00:00,1.3483,Thursday,6,2,Winter,0
10023456785,2024-02-22 07:00:00,2024-02-22,07:00:00,1.8020,Thursday,7,2,Winter,0
10023456785,2024-02-22 08:00:00,2024-02-22,08:00:00,1.8465,Thursday,8,2,Winter,0
10023456785,2024-02-22 09:00:00,2024-02-22,09:00:00,1.7528,Thursday,9,2,Winter,0
10023456785,2024-02-22 10:00:00,2024-02-22,10:00:00,1.5930,Thursday,10,2,Winter,0
10023456785,2024-02-22 11:00:00,2024-02-22,11:00:00,2.0491,Thursday,11,2,Winter,0
10023456785,2024-02-22 12:00:00,2024-02-22,12:00:00,1.6227,Thursday,12,2,Winter,0
10023456785,2024-02-22 13:00:00,2024-02-22,13:00:00,1.9002,Thursday,13,2,Winter,0
10023456785,2024-02-22 14:00:00,2024-02-22,14:00:00,1.5820,Thursday,14,2,Winter,0
10023456785,2024-02-22 15:00:00,2024-02-22,15:00:00,2.3023,Thursday,15,2,Winter,0
10023456785,2024-02-22 16:00:00,2024-02-22,16:00:00,6.0611,Thursday,16,2,Winter,1
10023456785,2024-02-22 17:00:00,2024-02-22,17:00:00,7.0069,Thursday,17,2,Winter,1
10023456785,2024-02-22 18:00:00,2024-02-22,18:00:00,7.7480,Thursday,18,2,Winter,1
10023456785,2024-02-22 19:00:00,2024-02-22,19:00:00,6.8046,Thursday,19,2,Winter,1
10023456785,2024-02-22 20:00:00,2024-02-22,20:00:00,1.8164,Thursday,20,2,Winter,0
10023456785,2024-02-22 21:00:00,2024-02-22,21:00:00,1.8075,Thursday,21,2,Winter,0
10023456785,2024-02-22 22:00:00,2024-02-22,22:00:00,1.1389,Thursday,22,2,Winter,0
10023456785,2024-02-22 23:00:00,2024-02-22,23:00:00,0.7316,Thursday,23,2,Winter,0
10023456785,2024-02-23 00:00:00,2024-02-23,00:00:00,0.7482,Friday,0,2,Winter,0
10023456785,2024-02-23 01:00:00,2024-02-23,01:00:00,0.8655,Friday,1,2,Winter,0
10023456785,2024-02-23 02:00:00,2024-02-23,02:00:00,5.3615,Friday,2,2,Winter,1
10023456785,2024-02-23 03:00:00,2024-02-23,03:00:00,4.5113,Friday,3,2,Winter,1
10023456785,2024-02-23 04:00:00,2024-02-23,04:00:00,4.5718,Friday,4,2,Winter,1
10023456785,2024-02-23 05:00:00,2024-02-23,05:00:00,1.2383,Friday,5,2,Winter,0
10023456785,2024-02-23 06:00:00,2024-02-23,06:00:00,1.5987,Friday,6,2,Winter,0
10023456785,2024-02-23 07:00:00,2024-02-23,07:00:00,1.9347,Friday,7,2,Winter,0
10023456785,2024-02-23 08:00:00,2024-02-23,08:00:00,1.8588,Friday,8,2,Winter,0
10023456785,2024-02-23 09:00:00,2024-02-23,09:00:00,2.3023,Friday,9,2,Winter,0
10023456785,2024-02-23 10:00:00,2024-02-23,10:00:00,1.9849,Friday,10,2,Winter,0
10023456785,2024-02-23 11:00:00,2024-02-23,11:00:00,2.4113,Friday,11,2,Winter,0
10023456785,2024-02-23 12:00:00,2024-02-23,12:00:00,1.7168,Friday,12,2,Winter,0
10023456785,2024-02-23 13:00:00,2024-02-23,13:00:00,1.7649,Friday,13,2,Winter,0
10023456785,2024-02-23 14:00:00,2024-02-23,14:00:00,2.0112,Friday,14,2,Winter,0
10023456785,2024-02-23 15:00:00,2024-02-23,15:00:00,2.0266,Friday,15,2,Winter,0
10023456785,2024-02-23 16:00:00,2024-02-23,16:00:00,1.9823,Friday,16,2,Winter,0
10023456785,2024-02-23 17:00:00,2024-02-23,17:00:00,2.0424,Friday,17,2,Winter,0
10023456785,2024-02-23 18:00:00,2024-02-23,18:00:00,2.7959,Friday,18,2,Winter,0
10023456785,2024-02-23 19:00:00,2024-02-23,19:00:00,2.9600,Friday,19,2,Winter,0
10023456785,2024-02-23 20:00:00,2024-02-23,20:00:00,1.9970,Friday,20,2,Winter,0
10023456785,2024-02-23 21:00:00,2024-02-23,21:00:00,1.7973,Friday,21,2,Winter,0
10023456785,2024-02-23 22:00:00,2024-02-23,22:00:00,1.3215,Friday,22,2,Winter,0
10023456785,2024-02-23 23:00:00,2024-02-23,23:00:00,0.8137,Friday,23,2,Winter,0
10023456785,2024-02-24 00:00:00,2024-02-24,00:00:00,1.1639,Saturday,0,2,Winter,0
10023456785,2024-02-24 01:00:00,2024-02-24,01:00:00,1.1827,Saturday,1,2,Winter,0
10023456785,2024-02-24 02:00:00,2024-02-24,02:00:00,1.0589,Saturday,2,2,Winter,0
10023456785,2024-02-24 03:00:00,2024-02-24,03:00:00,1.0336,Saturday,3,2,Winter,0
10023456785,2024-02-24 04:00:00,2024-02-24,04:00:00,1.1648,Saturday,4,2,Winter,0
10023456785,2024-02-24 05:00:00,2024-02-24,05:00:00,1.4538,Saturday,5,2,Winter,0
10023456785,2024-02-24 06:00:00,2024-02-24,06:00:00,1.3658,Saturday,6,2,Winter,0
10023456785,2024-02-24 07:00:00,2024-02-24,07:00:00,2.5836,Saturday,7,2,Winter,0
10023456785,2024-02-24 08:00:00,2024-02-24,08:00:00,7.3213,Saturday,8,2,Winter,1
10023456785,2024-02-24 09:00:00,2024-02-24,09:00:00,5.9935,Saturday,9,2,Winter,1
10023456785,2024-02-24 10:00:00,2024-02-24,10:00:00,6.6333,Saturday,10,2,Winter,1
10023456785,2024-02-24 11:00:00,2024-02-24,11:00:00,7.1829,Saturday,11,2,Winter,1
10023456785,2024-02-24 12:00:00,2024-02-24,12:00:00,2.7279,Saturday,12,2,Winter,0
10023456785,2024-02-24 13:00:00,2024-02-24,13:00:00,3.4105,Saturday,13,2,Winter,0
10023456785,2024-02-24 14:00:00,2024-02-24,14:00:00,2.4734,Saturday,14,2,Winter,0
10023456785,2024-02-24 15:00:00,2024-02-24,15:00:00,3.6551,Saturday,15,2,Winter,0
10023456785,2024-02-24 16:00:00,2024-02-24,16:00:00,2.5893,Saturday,16,2,Winter,0
10023456785,2024-02-24 17:00:00,2024-02-24,17:00:00,3.4635,Saturday,17,2,Winter,0
10023456785,2024-02-24 18:00:00,2024-02-24,18:00:00,2.5721,Saturday,18,2,Winter,0
10023456785,2024-02-24 19:00:00,2024-02-24,19:00:00,3.0292,Saturday,19,2,Winter,0
10023456785,2024-02-24 20:00:00,2024-02-24,20:00:00,2.4979,Saturday,20,2,Winter,0
10023456785,2024-02-24 21:00:00,2024-02-24,21:00:00,2.3950,Saturday,21,2,Winter,0
10023456785,2024-02-24 22:00:00,2024-02-24,22:00:00,1.8902,Saturday,22,2,Winter,0
10023456785,2024-02-24 23:00:00,2024-02-24,23:00:00,1.3401,Saturday,23,2,Winter,0
10023456785,2024-02-25 00:00:00,2024-02-25,00:00:00,0.6872,Sunday,0,2,Winter,0
10023456785,2024-02-25 01:00:00,2024-02-25,01:00:00,6.3482,Sunday,1,2,Winter,1
10023456785,2024-02-25 02:00:00,2024-02-25,02:00:00,4.1778,Sunday,2,2,Winter,1
10023456785,2024-02-25 03:00:00,2024-02-25,03:00:00,0.5855,Sunday,3,2,Winter,0
10023456785,2024-02-25 04:00:00,2024-02-25,04:00:00,0.6990,Sunday,4,2,Winter,0
10023456785,2024-02-25 05:00:00,2024-02-25,05:00:00,0.8413,Sunday,5,2,Winter,0
10023456785,2024-02-25 06:00:00,2024-02-25,06:00:00,1.2289,Sunday,6,2,Winter,0
10023456785,2024-02-25 07:00:00,2024-02-25,07:00:00,1.6360,Sunday,7,2,Winter,0
10023456785,2024-02-25 08:00:00,2024-02-25,08:00:00,2.0193,Sunday,8,2,Winter,0
10023456785,2024-02-25 09:00:00,2024-02-25,09:00:00,2.3727,Sunday,9,2,Winter,0
10023456785,2024-02-25 10:00:00,2024-02-25,10:00:00,2.0932,Sunday,10,2,Winter,0
10023456785,2024-02-25 11:00:00,2024-02-25,11:00:00,1.9246,Sunday,11,2,Winter,0
10023456785,2024-02-25 12:00:00,2024-02-25,12:00:00,1.8808,Sunday,12,2,Winter,0
10023456785,2024-02-25 13:00:00,2024-02-25,13:00:00,1.8917,Sunday,13,2,Winter,0
10023456785,2024-02-25 14:00:00,2024-02-25,14:00:00,1.6242,Sunday,14,2,Winter,0
10023456785,2024-02-25 15:00:00,2024-02-25,15:00:00,4.6686,Sunday,15,2,Winter,1
10023456785,2024-02-25 16:00:00,2024-02-25,16:00:00,1.8564,Sunday,16,2,Winter,0
10023456785,2024-02-25 17:00:00,2024-02-25,17:00:00,1.8886,Sunday,17,2,Winter,0
10023456785,2024-02-25 18:00:00,2024-02-25,18:00:00,2.6019,Sunday,18,2,Winter,0
10023456785,2024-02-25 19:00:00,2024-02-25,19:00:00,1.9731,Sunday,19,2,Winter,0
10023456785,2024-02-25 20:00:00,2024-02-25,20:00:00,2.2330,Sunday,20,2,Winter,0
10023456785,2024-02-25 21:00:00,2024-02-25,21:00:00,1.8261,Sunday,21,2,Winter,0
10023456785,2024-02-25 22:00:00,2024-02-25,22:00:00,1.2004,Sunday,22,2,Winter,0
10023456785,2024-02-25 23:00:00,2024-02-25,23:00:00,1.1109,Sunday,23,2,Winter,0
10023456785,2024-02-26 00:00:00,2024-02-26,00:00:00,1.0255,Monday,0,2,Winter,0
10023456785,2024-02-26 01:00:00,2024-02-26,01:00:00,0.9466,Monday,1,2,Winter,0
10023456785,2024-02-26 02:00:00,2024-02-26,02:00:00,0.8987,Monday,2,2,Winter,0
10023456785,2024-02-26 03:00:00,2024-02-26,03:00:00,0.8762,Monday,3,2,Winter,0
10023456785,2024-02-26 04:00:00,2024-02-26,04:00:00,1.0218,Monday,4,2,Winter,0
10023456785,2024-02-26 05:00:00,2024-02-26,05:00:00,1.6776,Monday,5,2,Winter,0
10023456785,2024-02-26 06:00:00,2024-02-26,06:00:00,2.3284,Monday,6,2,Winter,0
10023456785,2024-02-26 07:00:00,2024-02-26,07:00:00,2.0169,Monday,7,2,Winter,0
10023456785,2024-02-26 08:00:00,2024-02-26,08:00:00,3.7750,Monday,8,2,Winter,0
10023456785,2024-02-26 09:00:00,2024-02-26,09:00:00,4.1365,Monday,9,2,Winter,0
10023456785,2024-02-26 10:00:00,2024-02-26,10:00:00,2.5451,Monday,10,2,Winter,0
10023456785,2024-02-26 11:00:00,2024-02-26,11:00:00,2.9726,Monday,11,2,Winter,0
10023456785,2024-02-26 12:00:00,2024-02-26,12:00:00,2.3989,Monday,12,2,Winter,0
10023456785,2024-02-26 13:00:00,2024-02-26,13:00:00,2.6722,Monday,13,2,Winter,0
10023456785,2024-02-26 14:00:00,2024-02-26,14:00:00,2.6735,Monday,14,2,Winter,0
10023456785,2024-02-26 15:00:00,2024-02-26,15:00:00,2.7433,Monday,15,2,Winter,0
10023456785,2024-02-26 16:00:00,2024-02-26,16:00:00,3.1427,Monday,16,2,Winter,0
10023456785,2024-02-26 17:00:00,2024-02-26,17:00:00,3.4836,Monday,17,2,Winter,0
10023456785,2024-02-26 18:00:00,2024-02-26,18:00:00,3.9535,Monday,18,2,Winter,0
10023456785,2024-02-26 19:00:00,2024-02-26,19:00:00,3.4511,Monday,19,2,Winter,0
10023456785,2024-02-26 20:00:00,2024-02-26,20:00:00,2.5655,Monday,20,2,Winter,0
10023456785,2024-02-26 21:00:00,2024-02-26,21:00:00,2.2999,Monday,21,2,Winter,0
10023456785,2024-02-26 22:00:00,2024-02-26,22:00:00,1.8866,Monday,22,2,Winter,0
10023456785,2024-02-26 23:00:00,2024-02-26,23:00:00,0.9984,Monday,23,2,Winter,0
10023456785,2024-02-27 00:00:00,2024-02-27,00:00:00,0.9550,Tuesday,0,2,Winter,0
10023456785,2024-02-27 01:00:00,2024-02-27,01:00:00,0.8426,Tuesday,1,2,Winter,0
10023456785,2024-02-27 02:00:00,2024-02-27,02:00:00,0.6814,Tuesday,2,2,Winter,0
10023456785,2024-02-27 03:00:00,2024-02-27,03:00:00,0.7687,Tuesday,3,2,Winter,0
10023456785,2024-02-27 04:00:00,2024-02-27,04:00:00,0.8923,Tuesday,4,2,Winter,0
10023456785,2024-02-27 05:00:00,2024-02-27,05:00:00,1.3109,Tuesday,5,2,Winter,0
10023456785,2024-02-27 06:00:00,2024-02-27,06:00:00,1.7364,Tuesday,6,2,Winter,0
10023456785,2024-02-27 07:00:00,2024-02-27,07:00:00,2.9405,Tuesday,7,2,Winter,0
10023456785,2024-02-27 08:00:00,2024-02-27,08:00:00,2.6417,Tuesday,8,2,Winter,0
10023456785,2024-02-27 09:00:00,2024-02-27,09:00:00,2.7527,Tuesday,9,2,Winter,0
10023456785,2024-02-27 10:00:00,2024-02-27,10:00:00,2.7472,Tuesday,10,2,Winter,0
10023456785,2024-02-27 11:00:00,2024-02-27,11:00:00,2.8014,Tuesday,11,2,Winter,0
10023456785,2024-02-27 12:00:00,2024-02-27,12:00:00,2.7248,Tuesday,12,2,Winter,0
10023456785,2024-02-27 13:00:00,2024-02-27,13:00:00,2.3275,Tuesday,13,2,Winter,0
10023456785,2024-02-27 14:00:00,2024-02-27,14:00:00,2.5877,Tuesday,14,2,Winter,0
10023456785,2024-02-27 15:00:00,2024-02-27,15:00:00,8.9818,Tuesday,15,2,Winter,1
10023456785,2024-02-27 16:00:00,2024-02-27,16:00:00,2.8675,Tuesday,16,2,Winter,0
10023456785,2024-02-27 17:00:00,2024-02-27,17:00:00,2.9129,Tuesday,17,2,Winter,0
10023456785,2024-02-27 18:00:00,2024-02-27,18:00:00,2.9651,Tuesday,18,2,Winter,0
10023456785,2024-02-27 19:00:00,2024-02-27,19:00:00,3.0663,Tuesday,19,2,Winter,0
10023456785,2024-02-27 20:00:00,2024-02-27,20:00:00,2.7401,Tuesday,20,2,Winter,0
10023456785,2024-02-27 21:00:00,2024-02-27,21:00:00,1.7343,Tuesday,21,2,Winter,0
10023456785,2024-02-27 22:00:00,2024-02-27,22:00:00,1.8772,Tuesday,22,2,Winter,0
10023456785,2024-02-27 23:00:00,2024-02-27,23:00:00,1.1224,Tuesday,23,2,Winter,0
10023456785,2024-02-28 00:00:00,2024-02-28,00:00:00,0.8511,Wednesday,0,2,Winter,0
10023456785,2024-02-28 01:00:00,2024-02-28,01:00:00,0.7643,Wednesday,1,2,Winter,0
10023456785,2024-02-28 02:00:00,2024-02-28,02:00:00,0.7812,Wednesday,2,2,Winter,0
10023456785,2024-02-28 03:00:00,2024-02-28,03:00:00,0.7821,Wednesday,3,2,Winter,0
10023456785,2024-02-28 04:00:00,2024-02-28,04:00:00,0.6846,Wednesday,4,2,Winter,0
10023456785,2024-02-28 05:00:00,2024-02-28,05:00:00,1.3195,Wednesday,5,2,Winter,0
10023456785,2024-02-28 06:00:00,2024-02-28,06:00:00,1.9666,Wednesday,6,2,Winter,0
10023456785,2024-02-28 07:00:00,2024-02-28,07:00:00,2.4015,Wednesday,7,2,Winter,0
10023456785,2024-02-28 08:00:00,2024-02-28,08:00:00,2.5917,Wednesday,8,2,Winter,0
10023456785,2024-02-28 09:00:00,2024-02-28,09:00:00,2.8992,Wednesday,9,2,Winter,0
10023456785,2024-02-28 10:00:00,2024-02-28,10:00:00,2.3473,Wednesday,10,2,Winter,0
10023456785,2024-02-28 11:00:00,2024-02-28,11:00:00,2.2848,Wednesday,11,2,Winter,0
10023456785,2024-02-28 12:00:00,2024-02-28,12:00:00,2.0876,Wednesday,12,2,Winter,0
10023456785,2024-02-28 13:00:00,2024-02-28,13:00:00,2.0407,Wednesday,13,2,Winter,0
10023456785,2024-02-28 14:00:00,2024-02-28,14:00:00,2.5505,Wednesday,14,2,Winter,0
10023456785,2024-02-28 15:00:00,2024-02-28,15:00:00,2.1302,Wednesday,15,2,Winter,0
10023456785,2024-02-28 16:00:00,2024-02-28,16:00:00,1.8161,Wednesday,16,2,Winter,0
10023456785,2024-02-28 17:00:00,2024-02-28,17:00:00,2.5919,Wednesday,17,2,Winter,0
10023456785,2024-02-28 18:00:00,2024-02-28,18:00:00,6.8171,Wednesday,18,2,Winter,1
10023456785,2024-02-28 19:00:00,2024-02-28,19:00:00,6.9085,Wednesday,19,2,Winter,1
10023456785,2024-02-28 20:00:00,2024-02-28,20:00:00,5.9030,Wednesday,20,2,Winter,1
10023456785,2024-02-28 21:00:00,2024-02-28,21:00:00,4.6877,Wednesday,21,2,Winter,1
10023456785,2024-02-28 22:00:00,2024-02-28,22:00:00,2.6607,Wednesday,22,2,Winter,1
10023456785,2024-02-28 23:00:00,2024-02-28,23:00:00,0.8976,Wednesday,23,2,Winter,0
10023456785,2024-02-29 00:00:00,2024-02-29,00:00:00,0.7447,Thursday,0,2,Winter,0
10023456785,2024-02-29 01:00:00,2024-02-29,01:00:00,0.7729,Thursday,1,2,Winter,0
10023456785,2024-02-29 02:00:00,2024-02-29,02:00:00,0.7193,Thursday,2,2,Winter,0
10023456785,2024-02-29 03:00:00,2024-02-29,03:00:00,0.6332,Thursday,3,2,Winter,0
10023456785,2024-02-29 04:00:00,2024-02-29,04:00:00,0.7934,Thursday,4,2,Winter,0
10023456785,2024-02-29 05:00:00,2024-02-29,05:00:00,1.0977,Thursday,5,2,Winter,0
10023456785,2024-02-29 06:00:00,2024-02-29,06:00:00,1.4093,Thursday,6,2,Winter,0
10023456785,2024-02-29 07:00:00,2024-02-29,07:00:00,2.1460,Thursday,7,2,Winter,0
10023456785,2024-02-29 08:00:00,2024-02-29,08:00:00,2.5321,Thursday,8,2,Winter,0
10023456785,2024-02-29 09:00:00,2024-02-29,09:00:00,2.5182,Thursday,9,2,Winter,0
10023456785,2024-02-29 10:00:00,2024-02-29,10:00:00,2.0515,Thursday,10,2,Winter,0
10023456785,2024-02-29 11:00:00,2024-02-29,11:00:00,1.8416,Thursday,11,2,Winter,0
10023456785,2024-02-29 12:00:00,2024-02-29,12:00:00,1.9301,Thursday,12,2,Winter,0
10023456785,2024-02-29 13:00:00,2024-02-29,13:00:00,2.1581,Thursday,13,2,Winter,0
10023456785,2024-02-29 14:00:00,2024-02-29,14:00:00,2.3667,Thursday,14,2,Winter,0
10023456785,2024-02-29 15:00:00,2024-02-29,15:00:00,1.7527,Thursday,15,2,Winter,0
10023456785,2024-02-29 16:00:00,2024-02-29,16:00:00,2.1576,Thursday,16,2,Winter,0
10023456785,2024-02-29 17:00:00,2024-02-29,17:00:00,2.6198,Thursday,17,2,Winter,0
10023456785,2024-02-29 18:00:00,2024-02-29,18:00:00,2.3374,Thursday,18,2,Winter,0
10023456785,2024-02-29 19:00:00,2024-02-29,19:00:00,3.4191,Thursday,19,2,Winter,0
10023456785,2024-02-29 20:00:00,2024-02-29,20:00:00,2.4796,Thursday,20,2,Winter,0
10023456785,2024-02-29 21:00:00,2024-02-29,21:00:00,1.7052,Thursday,21,2,Winter,0
10023456785,2024-02-29 22:00:00,2024-02-29,22:00:00,0.9300,Thursday,22,2,Winter,0
10023456785,2024-02-29 23:00:00,2024-02-29,23:00:00,0.9696,Thursday,23,2,Winter,0
10023456785,2024-03-01 00:00:00,2024-03-01,00:00:00,0.7353,Friday,0,3,Spring,0
10023456785,2024-03-01 01:00:00,2024-03-01,01:00:00,0.6901,Friday,1,3,Spring,0
10023456785,2024-03-01 02:00:00,2024-03-01,02:00:00,0.5535,Friday,2,3,Spring,0
10023456785,2024-03-01 03:00:00,2024-03-01,03:00:00,0.6804,Friday,3,3,Spring,0
10023456785,2024-03-01 04:00:00,2024-03-01,04:00:00,0.8370,Friday,4,3,Spring,0
10023456785,2024-03-01 05:00:00,2024-03-01,05:00:00,1.0951,Friday,5,3,Spring,0
10023456785,2024-03-01 06:00:00,2024-03-01,06:00:00,1.8416,Friday,6,3,Spring,0
10023456785,2024-03-01 07:00:00,2024-03-01,07:00:00,2.0991,Friday,7,3,Spring,0
10023456785,2024-03-01 08:00:00,2024-03-01,08:00:00,3.7510,Friday,8,3,Spring,0
10023456785,2024-03-01 09:00:00,2024-03-01,09:00:00,2.5848,Friday,9,3,Spring,0
10023456785,2024-03-01 10:00:00,2024-03-01,10:00:00,2.2320,Friday,10,3,Spring,0
10023456785,2024-03-01 11:00:00,2024-03-01,11:00:00,1.6368,Friday,11,3,Spring,0
10023456785,2024-03-01 12:00:00,2024-03-01,12:00:00,1.8814,Friday,12,3,Spring,0
10023456785,2024-03-01 13:00:00,2024-03-01,13:00:00,1.7252,Friday,13,3,Spring,0
10023456785,2024-03-01 14:00:00,2024-03-01,14:00:00,2.2825,Friday,14,3,Spring,0
10023456785,2024-03-01 15:00:00,2024-03-01,15:00:00,2.3276,Friday,15,3,Spring,0
10023456785,2024-03-01 16:00:00,2024-03-01,16:00:00,2.0216,Friday,16,3,Spring,0
10023456785,2024-03-01 17:00:00,2024-03-01,17:00:00,2.6499,Friday,17,3,Spring,0
10023456785,2024-03-01 18:00:00,2024-03-01,18:00:00,2.2804,Friday,18,3,Spring,0
10023456785,2024-03-01 19:00:00,2024-03-01,19:00:00,2.6930,Friday,19,3,Spring,0
10023456785,2024-03-01 20:00:00,2024-03-01,20:00:00,2.8997,Friday,20,3,Spring,0
10023456785,2024-03-01 21:00:00,2024-03-01,21:00:00,2.0035,Friday,21,3,Spring,0
10023456785,2024-03-01 22:00:00,2024-03-01,22:00:00,1.7153,Friday,22,3,Spring,0
10023456785,2024-03-01 23:00:00,2024-03-01,23:00:00,1.0142,Friday,23,3,Spring,0
10023456785,2024-03-02 00:00:00,2024-03-02,00:00:00,0.6228,Saturday,0,3,Spring,0
10023456785,2024-03-02 01:00:00,2024-03-02,01:00:00,0.4727,Saturday,1,3,Spring,0
10023456785,2024-03-02 02:00:00,2024-03-02,02:00:00,0.6241,Saturday,2,3,Spring,0
10023456785,2024-03-02 03:00:00,2024-03-02,03:00:00,0.5381,Saturday,3,3,Spring,0
10023456785,2024-03-02 04:00:00,2024-03-02,04:00:00,0.5931,Saturday,4,3,Spring,0
10023456785,2024-03-02 05:00:00,2024-03-02,05:00:00,0.6953,Saturday,5,3,Spring,0
10023456785,2024-03-02 06:00:00,2024-03-02,06:00:00,0.8897,Saturday,6,3,Spring,0
10023456785,2024-03-02 07:00:00,2024-03-02,07:00:00,1.3080,Saturday,7,3,Spring,0
10023456785,2024-03-02 08:00:00,2024-03-02,08:00:00,1.5877,Saturday,8,3,Spring,0
10023456785,2024-03-02 09:00:00,2024-03-02,09:00:00,1.3008,Saturday,9,3,Spring,0
10023456785,2024-03-02 10:00:00,2024-03-02,10:00:00,1.4283,Saturday,10,3,Spring,0
10023456785,2024-03-02 11:00:00,2024-03-02,11:00:00,1.7273,Saturday,11,3,Spring,0
10023456785,2024-03-02 12:00:00,2024-03-02,12:00:00,1.7541,Saturday,12,3,Spring,0
10023456785,2024-03-02 13:00:00,2024-03-02,13:00:00,1.4824,Saturday,13,3,Spring,0
10023456785,2024-03-02 14:00:00,2024-03-02,14:00:00,1.4970,Saturday,14,3,Spring,0
10023456785,2024-03-02 15:00:00,2024-03-02,15:00:00,1.2959,Saturday,15,3,Spring,0
10023456785,2024-03-02 16:00:00,2024-03-02,16:00:00,1.5522,Saturday,16,3,Spring,0
10023456785,2024-03-02 17:00:00,2024-03-02,17:00:00,2.4252,Saturday,17,3,Spring,0
10023456785,2024-03-02 18:00:00,2024-03-02,18:00:00,7.7153,Saturday,18,3,Spring,1
10023456785,2024-03-02 19:00:00,2024-03-02,19:00:00,1.8620,Saturday,19,3,Spring,0
10023456785,2024-03-02 20:00:00,2024-03-02,20:00:00,1.6740,Saturday,20,3,Spring,0
10023456785,2024-03-02 21:00:00,2024-03-02,21:00:00,1.6443,Saturday,21,3,Spring,0
10023456785,2024-03-02 22:00:00,2024-03-02,22:00:00,1.1318,Saturday,22,3,Spring,0
10023456785,2024-03-02 23:00:00,2024-03-02,23:00:00,0.5015,Saturday,23,3,Spring,0
10023456785,2024-03-03 00:00:00,2024-03-03,00:00:00,0.7218,Sunday,0,3,Spring,0
10023456785,2024-03-03 01:00:00,2024-03-03,01:00:00,0.5949,Sunday,1,3,Spring,0
10023456785,2024-03-03 02:00:00,2024-03-03,02:00:00,0.7014,Sunday,2,3,Spring,0
10023456785,2024-03-03 03:00:00,2024-03-03,03:00:00,0.5308,Sunday,3,3,Spring,0
10023456785,2024-03-03 04:00:00,2024-03-03,04:00:00,0.6995,Sunday,4,3,Spring,0
10023456785,2024-03-03 05:00:00,2024-03-03,05:00:00,0.8440,Sunday,5,3,Spring,0
10023456785,2024-03-03 06:00:00,2024-03-03,06:00:00,1.2545,Sunday,6,3,Spring,0
10023456785,2024-03-03 07:00:00,2024-03-03,07:00:00,1.5330,Sunday,7,3,Spring,0
10023456785,2024-03-03 08:00:00,2024-03-03,08:00:00,1.6830,Sunday,8,3,Spring,0
10023456785,2024-03-03 09:00:00,2024-03-03,09:00:00,1.8482,Sunday,9,3,Spring,0
10023456785,2024-03-03 10:00:00,2024-03-03,10:00:00,1.9473,Sunday,10,3,Spring,0
10023456785,2024-03-03 11:00:00,2024-03-03,11:00:00,1.6312,Sunday,11,3,Spring,0
10023456785,2024-03-03 12:00:00,2024-03-03,12:00:00,1.6690,Sunday,12,3,Spring,0
10023456785,2024-03-03 13:00:00,2024-03-03,13:00:00,1.7016,Sunday,13,3,Spring,0
10023456785,2024-03-03 14:00:00,2024-03-03,14:00:00,1.7160,Sunday,14,3,Spring,0
10023456785,2024-03-03 15:00:00,2024-03-03,15:00:00,1.4579,Sunday,15,3,Spring,0
10023456785,2024-03-03 16:00:00,2024-03-03,16:00:00,2.2051,Sunday,16,3,Spring,0
10023456785,2024-03-03 17:00:00,2024-03-03,17:00:00,7.1818,Sunday,17,3,Spring,1
10023456785,2024-03-03 18:00:00,2024-03-03,18:00:00,6.1045,Sunday,18,3,Spring,1
10023456785,2024-03-03 19:00:00,2024-03-03,19:00:00,6.3303,Sunday,19,3,Spring,1
10023456785,2024-03-03 20:00:00,2024-03-03,20:00:00,6.4384,Sunday,20,3,Spring,1
10023456785,2024-03-03 21:00:00,2024-03-03,21:00:00,6.0765,Sunday,21,3,Spring,1
10023456785,2024-03-03 22:00:00,2024-03-03,22:00:00,1.1064,Sunday,22,3,Spring,0
10023456785,2024-03-03 23:00:00,2024-03-03,23:00:00,1.2081,Sunday,23,3,Spring,0
10023456785,2024-03-04 00:00:00,2024-03-04,00:00:00,0.8818,Monday,0,3,Spring,0
10023456785,2024-03-04 01:00:00,2024-03-04,01:00:00,0.9026,Monday,1,3,Spring,0
10023456785,2024-03-04 02:00:00,2024-03-04,02:00:00,0.7908,Monday,2,3,Spring,0
10023456785,2024-03-04 03:00:00,2024-03-04,03:00:00,0.8735,Monday,3,3,Spring,0
10023456785,2024-03-04 04:00:00,2024-03-04,04:00:00,0.7448,Monday,4,3,Spring,0
10023456785,2024-03-04 05:00:00,2024-03-04,05:00:00,1.2703,Monday,5,3,Spring,0
10023456785,2024-03-04 06:00:00,2024-03-04,06:00:00,1.4828,Monday,6,3,Spring,0
10023456785,2024-03-04 07:00:00,2024-03-04,07:00:00,2.2843,Monday,7,3,Spring,0
10023456785,2024-03-04 08:00:00,2024-03-04,08:00:00,2.4744,Monday,8,3,Spring,0
10023456785,2024-03-04 09:00:00,2024-03-04,09:00:00,3.5183,Monday,9,3,Spring,0
10023456785,2024-03-04 10:00:00,2024-03-04,10:00:00,1.8608,Monday,10,3,Spring,0
10023456785,2024-03-04 11:00:00,2024-03-04,11:00:00,2.4243,Monday,11,3,Spring,0
10023456785,2024-03-04 12:00:00,2024-03-04,12:00:00,2.1242,Monday,12,3,Spring,0
10023456785,2024-03-04 13:00:00,2024-03-04,13:00:00,1.9145,Monday,13,3,Spring,0
10023456785,2024-03-04 14:00:00,2024-03-04,14:00:00,2.0565,Monday,14,3,Spring,0
10023456785,2024-03-04 15:00:00,2024-03-04,15:00:00,1.8441,Monday,15,3,Spring,0
10023456785,2024-03-04 16:00:00,2024-03-04,16:00:00,2.2813,Monday,16,3,Spring,0
10023456785,2024-03-04 17:00:00,2024-03-04,17:00:00,2.4203,Monday,17,3,Spring,0
10023456785,2024-03-04 18:00:00,2024-03-04,18:00:00,2.6145,Monday,18,3,Spring,0
10023456785,2024-03-04 19:00:00,2024-03-04,19:00:00,2.9875,Monday,19,3,Spring,0
10023456785,2024-03-04 20:00:00,2024-03-04,20:00:00,2.1413,Monday,20,3,Spring,0
10023456785,2024-03-04 21:00:00,2024-03-04,21:00:00,2.0967,Monday,21,3,Spring,0
10023456785,2024-03-04 22:00:00,2024-03-04,22:00:00,1.3504,Monday,22,3,Spring,0
10023456785,2024-03-04 23:00:00,2024-03-04,23:00:00,0.9749,Monday,23,3,Spring,0
10023456785,2024-03-05 00:00:00,2024-03-05,00:00:00,0.5913,Tuesday,0,3,Spring,0
10023456785,2024-03-05 01:00:00,2024-03-05,01:00:00,0.5642,Tuesday,1,3,Spring,0
10023456785,2024-03-05 02:00:00,2024-03-05,02:00:00,0.4791,Tuesday,2,3,Spring,0
10023456785,2024-03-05 03:00:00,2024-03-05,03:00:00,0.5435,Tuesday,3,3,Spring,0
10023456785,2024-03-05 04:00:00,2024-03-05,04:00:00,0.5769,Tuesday,4,3,Spring,0
10023456785,2024-03-05 05:00:00,2024-03-05,05:00:00,0.9561,Tuesday,5,3,Spring,0
10023456785,2024-03-05 06:00:00,2024-03-05,06:00:00,1.9993,Tuesday,6,3,Spring,0
10023456785,2024-03-05 07:00:00,2024-03-05,07:00:00,4.2887,Tuesday,7,3,Spring,1
10023456785,2024-03-05 08:00:00,2024-03-05,08:00:00,2.3193,Tuesday,8,3,Spring,0
10023456785,2024-03-05 09:00:00,2024-03-05,09:00:00,1.9719,Tuesday,9,3,Spring,0
10023456785,2024-03-05 10:00:00,2024-03-05,10:00:00,2.0976,Tuesday,10,3,Spring,0
10023456785,2024-03-05 11:00:00,2024-03-05,11:00:00,1.9174,Tuesday,11,3,Spring,0
10023456785,2024-03-05 12:00:00,2024-03-05,12:00:00,1.7378,Tuesday,12,3,Spring,0
10023456785,2024-03-05 13:00:00,2024-03-05,13:00:00,2.3571,Tuesday,13,3,Spring,0
10023456785,2024-03-05 14:00:00,2024-03-05,14:00:00,1.9764,Tuesday,14,3,Spring,0
10023456785,2024-03-05 15:00:00,2024-03-05,15:00:00,2.0711,Tuesday,15,3,Spring,0
10023456785,2024-03-05 16:00:00,2024-03-05,16:00:00,2.1908,Tuesday,16,3,Spring,0
10023456785,2024-03-05 17:00:00,2024-03-05,17:00:00,0.3560,Tuesday,17,3,Spring,1
10023456785,2024-03-05 18:00:00,2024-03-05,18:00:00,1.9869,Tuesday,18,3,Spring,0
10023456785,2024-03-05 19:00:00,2024-03-05,19:00:00,2.1982,Tuesday,19,3,Spring,0
10023456785,2024-03-05 20:00:00,2024-03-05,20:00:00,2.0782,Tuesday,20,3,Spring,0
10023456785,2024-03-05 21:00:00,2024-03-05,21:00:00,1.6619,Tuesday,21,3,Spring,0
10023456785,2024-03-05 22:00:00,2024-03-05,22:00:00,1.4801,Tuesday,22,3,Spring,0
10023456785,2024-03-05 23:00:00,2024-03-05,23:00:00,0.9029,Tuesday,23,3,Spring,0
10023456785,2024-03-06 00:00:00,2024-03-06,00:00:00,1.1266,Wednesday,0,3,Spring,0
10023456785,2024-03-06 01:00:00,2024-03-06,01:00:00,0.9760,Wednesday,1,3,Spring,0
10023456785,2024-03-06 02:00:00,2024-03-06,02:00:00,0.8811,Wednesday,2,3,Spring,0
10023456785,2024-03-06 03:00:00,2024-03-06,03:00:00,0.8393,Wednesday,3,3,Spring,0
10023456785,2024-03-06 04:00:00,2024-03-06,04:00:00,0.9937,Wednesday,4,3,Spring,0
10023456785,2024-03-06 05:00:00,2024-03-06,05:00:00,1.3010,Wednesday,5,3,Spring,0
10023456785,2024-03-06 06:00:00,2024-03-06,06:00:00,1.7776,Wednesday,6,3,Spring,0
10023456785,2024-03-06 07:00:00,2024-03-06,07:00:00,2.2793,Wednesday,7,3,Spring,0
10023456785,2024-03-06 08:00:00,2024-03-06,08:00:00,3.6622,Wednesday,8,3,Spring,0
10023456785,2024-03-06 09:00:00,2024-03-06,09:00:00,2.9590,Wednesday,9,3,Spring,0
10023456785,2024-03-06 10:00:00,2024-03-06,10:00:00,2.3539,Wednesday,10,3,Spring,0
10023456785,2024-03-06 11:00:00,2024-03-06,11:00:00,2.6657,Wednesday,11,3,Spring,0
10023456785,2024-03-06 12:00:00,2024-03-06,12:00:00,2.6817,Wednesday,12,3,Spring,0
10023456785,2024-03-06 13:00:00,2024-03-06,13:00:00,2.2560,Wednesday,13,3,Spring,0
10023456785,2024-03-06 14:00:00,2024-03-06,14:00:00,9.4485,Wednesday,14,3,Spring,1
10023456785,2024-03-06 15:00:00,2024-03-06,15:00:00,13.7611,Wednesday,15,3,Spring,1
10023456785,2024-03-06 16:00:00,2024-03-06,16:00:00,2.7235,Wednesday,16,3,Spring,0
10023456785,2024-03-06 17:00:00,2024-03-06,17:00:00,2.9657,Wednesday,17,3,Spring,0
10023456785,2024-03-06 18:00:00,2024-03-06,18:00:00,3.3046,Wednesday,18,3,Spring,0
10023456785,2024-03-06 19:00:00,2024-03-06,19:00:00,6.0172,Wednesday,19,3,Spring,1
10023456785,2024-03-06 20:00:00,2024-03-06,20:00:00,4.0706,Wednesday,20,3,Spring,1
10023456785,2024-03-06 21:00:00,2024-03-06,21:00:00,5.0028,Wednesday,21,3,Spring,1
10023456785,2024-03-06 22:00:00,2024-03-06,22:00:00,4.0297,Wednesday,22,3,Spring,1
10023456785,2024-03-06 23:00:00,2024-03-06,23:00:00,2.1901,Wednesday,23,3,Spring,1
10023456785,2024-03-07 00:00:00,2024-03-07,00:00:00,2.0424,Thursday,0,3,Spring,1
10023456785,2024-03-07 01:00:00,2024-03-07,01:00:00,0.7211,Thursday,1,3,Spring,0
10023456785,2024-03-07 02:00:00,2024-03-07,02:00:00,0.9423,Thursday,2,3,Spring,0
10023456785,2024-03-07 03:00:00,2024-03-07,03:00:00,0.8312,Thursday,3,3,Spring,0
10023456785,2024-03-07 04:00:00,2024-03-07,04:00:00,0.7540,Thursday,4,3,Spring,0
10023456785,2024-03-07 05:00:00,2024-03-07,05:00:00,1.6130,Thursday,5,3,Spring,0
10023456785,2024-03-07 06:00:00,2024-03-07,06:00:00,1.9620,Thursday,6,3,Spring,0
10023456785,2024-03-07 07:00:00,2024-03-07,07:00:00,2.0703,Thursday,7,3,Spring,0
10023456785,2024-03-07 08:00:00,2024-03-07,08:00:00,2.9491,Thursday,8,3,Spring,0
10023456785,2024-03-07 09:00:00,2024-03-07,09:00:00,2.8892,Thursday,9,3,Spring,0
10023456785,2024-03-07 10:00:00,2024-03-07,10:00:00,3.2009,Thursday,10,3,Spring,0
10023456785,2024-03-07 11:00:00,2024-03-07,11:00:00,1.9859,Thursday,11,3,Spring,0
10023456785,2024-03-07 12:00:00,2024-03-07,12:00:00,2.3122,Thursday,12,3,Spring,0
10023456785,2024-03-07 13:00:00,2024-03-07,13:00:00,1.9514,Thursday,13,3,Spring,0
10023456785,2024-03-07 14:00:00,2024-03-07,14:00:00,2.8240,Thursday,14,3,Spring,0
10023456785,2024-03-07 15:00:00,2024-03-07,15:00:00,2.2656,Thursday,15,3,Spring,0
10023456785,2024-03-07 16:00:00,2024-03-07,16:00:00,2.2106,Thursday,16,3,Spring,0
10023456785,2024-03-07 17:00:00,2024-03-07,17:00:00,3.1415,Thursday,17,3,Spring,0
10023456785,2024-03-07 18:00:00,2024-03-07,18:00:00,2.9720,Thursday,18,3,Spring,0
10023456785,2024-03-07 19:00:00,2024-03-07,19:00:00,2.8818,Thursday,19,3,Spring,0
10023456785,2024-03-07 20:00:00,2024-03-07,20:00:00,2.1286,Thursday,20,3,Spring,0
10023456785,2024-03-07 21:00:00,2024-03-07,21:00:00,2.1333,Thursday,21,3,Spring,0
10023456785,2024-03-07 22:00:00,2024-03-07,22:00:00,1.3136,Thursday,22,3,Spring,0
10023456785,2024-03-07 23:00:00,2024-03-07,23:00:00,1.1083,Thursday,23,3,Spring,0
10023456785,2024-03-08 00:00:00,2024-03-08,00:00:00,0.9045,Friday,0,3,Spring,0
10023456785,2024-03-08 01:00:00,2024-03-08,01:00:00,0.6636,Friday,1,3,Spring,0
10023456785,2024-03-08 02:00:00,2024-03-08,02:00:00,0.6204,Friday,2,3,Spring,0
10023456785,2024-03-08 03:00:00,2024-03-08,03:00:00,0.7836,Friday,3,3,Spring,0
10023456785,2024-03-08 04:00:00,2024-03-08,04:00:00,1.0974,Friday,4,3,Spring,0
10023456785,2024-03-08 05:00:00,2024-03-08,05:00:00,1.2679,Friday,5,3,Spring,0
10023456785,2024-03-08 06:00:00,2024-03-08,06:00:00,2.2395,Friday,6,3,Spring,0
10023456785,2024-03-08 07:00:00,2024-03-08,07:00:00,2.6208,Friday,7,3,Spring,0
10023456785,2024-03-08 08:00:00,2024-03-08,08:00:00,2.6342,Friday,8,3,Spring,0
10023456785,2024-03-08 09:00:00,2024-03-08,09:00:00,2.8164,Friday,9,3,Spring,0
10023456785,2024-03-08 10:00:00,2024-03-08,10:00:00,1.9877,Friday,10,3,Spring,0
10023456785,2024-03-08 11:00:00,2024-03-08,11:00:00,2.0916,Friday,11,3,Spring,0
10023456785,2024-03-08 12:00:00,2024-03-08,12:00:00,2.1238,Friday,12,3,Spring,0
10023456785,2024-03-08 13:00:00,2024-03-08,13:00:00,3.0814,Friday,13,3,Spring,0
10023456785,2024-03-08 14:00:00,2024-03-08,14:00:00,2.0054,Friday,14,3,Spring,0
10023456785,2024-03-08 15:00:00,2024-03-08,15:00:00,2.6542,Friday,15,3,Spring,0
10023456785,2024-03-08 16:00:00,2024-03-08,16:00:00,2.4194,Friday,16,3,Spring,0
10023456785,2024-03-08 17:00:00,2024-03-08,17:00:00,7.6492,Friday,17,3,Spring,1
10023456785,2024-03-08 18:00:00,2024-03-08,18:00:00,2.8197,Friday,18,3,Spring,0
10023456785,2024-03-08 19:00:00,2024-03-08,19:00:00,3.1093,Friday,19,3,Spring,0
10023456785,2024-03-08 20:00:00,2024-03-08,20:00:00,2.2918,Friday,20,3,Spring,0
10023456785,2024-03-08 21:00:00,2024-03-08,21:00:00,2.7079,Friday,21,3,Spring,0
10023456785,2024-03-08 22:00:00,2024-03-08,22:00:00,1.3493,Friday,22,3,Spring,0
10023456785,2024-03-08 23:00:00,2024-03-08,23:00:00,0.9940,Friday,23,3,Spring,0
10023456785,2024-03-09 00:00:00,2024-03-09,00:00:00,0.8095,Saturday,0,3,Spring,0
10023456785,2024-03-09 01:00:00,2024-03-09,01:00:00,0.7096,Saturday,1,3,Spring,0
10023456785,2024-03-09 02:00:00,2024-03-09,02:00:00,0.8160,Saturday,2,3,Spring,0
10023456785,2024-03-09 03:00:00,2024-03-09,03:00:00,0.7683,Saturday,3,3,Spring,0
10023456785,2024-03-09 04:00:00,2024-03-09,04:00:00,0.9835,Saturday,4,3,Spring,0
10023456785,2024-03-09 05:00:00,2024-03-09,05:00:00,0.5896,Saturday,5,3,Spring,0
10023456785,2024-03-09 06:00:00,2024-03-09,06:00:00,1.4210,Saturday,6,3,Spring,0
10023456785,2024-03-09 07:00:00,2024-03-09,07:00:00,1.6533,Saturday,7,3,Spring,0
10023456785,2024-03-09 08:00:00,2024-03-09,08:00:00,2.3953,Saturday,8,3,Spring,0
10023456785,2024-03-09 09:00:00,2024-03-09,09:00:00,1.9091,Saturday,9,3,Spring,0
10023456785,2024-03-09 10:00:00,2024-03-09,10:00:00,3.1750,Saturday,10,3,Spring,0
10023456785,2024-03-09 11:00:00,2024-03-09,11:00:00,1.8910,Saturday,11,3,Spring,0
10023456785,2024-03-09 12:00:00,2024-03-09,12:00:00,1.9887,Saturday,12,3,Spring,0
10023456785,2024-03-09 13:00:00,2024-03-09,13:00:00,1.8307,Saturday,13,3,Spring,0
10023456785,2024-03-09 14:00:00,2024-03-09,14:00:00,1.9309,Saturday,14,3,Spring,0
10023456785,2024-03-09 15:00:00,2024-03-09,15:00:00,2.1387,Saturday,15,3,Spring,0
10023456785,2024-03-09 16:00:00,2024-03-09,16:00:00,2.1891,Saturday,16,3,Spring,0
10023456785,2024-03-09 17:00:00,2024-03-09,17:00:00,2.5797,Saturday,17,3,Spring,0
10023456785,2024-03-09 18:00:00,2024-03-09,18:00:00,2.0542,Saturday,18,3,Spring,0
10023456785,2024-03-09 19:00:00,2024-03-09,19:00:00,2.9300,Saturday,19,3,Spring,0
10023456785,2024-03-09 20:00:00,2024-03-09,20:00:00,2.2411,Saturday,20,3,Spring,0
10023456785,2024-03-09 21:00:00,2024-03-09,21:00:00,1.7815,Saturday,21,3,Spring,0
10023456785,2024-03-09 22:00:00,2024-03-09,22:00:00,1.4856,Saturday,22,3,Spring,0
10023456785,2024-03-09 23:00:00,2024-03-09,23:00:00,1.1282,Saturday,23,3,Spring,0
10023456785,2024-03-10 00:00:00,2024-03-10,00:00:00,4.3423,Sunday,0,3,Spring,1
10023456785,2024-03-10 01:00:00,2024-03-10,01:00:00,6.9956,Sunday,1,3,Spring,1
10023456785,2024-03-10 02:00:00,2024-03-10,02:00:00,0.6775,Sunday,2,3,Spring,0
10023456785,2024-03-10 03:00:00,2024-03-10,03:00:00,0.7025,Sunday,3,3,Spring,0
10023456785,2024-03-10 04:00:00,2024-03-10,04:00:00,0.7216,Sunday,4,3,Spring,0
10023456785,2024-03-10 05:00:00,2024-03-10,05:00:00,0.8142,Sunday,5,3,Spring,0
10023456785,2024-03-10 06:00:00,2024-03-10,06:00:00,1.2437,Sunday,6,3,Spring,0
10023456785,2024-03-10 07:00:00,2024-03-10,07:00:00,1.4782,Sunday,7,3,Spring,0
10023456785,2024-03-10 08:00:00,2024-03-10,08:00:00,1.9219,Sunday,8,3,Spring,0
10023456785,2024-03-10 09:00:00,2024-03-10,09:00:00,1.8527,Sunday,9,3,Spring,0
10023456785,2024-03-10 10:00:00,2024-03-10,10:00:00,2.1242,Sunday,10,3,Spring,0
10023456785,2024-03-10 11:00:00,2024-03-10,11:00:00,2.1803,Sunday,11,3,Spring,0
10023456785,2024-03-10 12:00:00,2024-03-10,12:00:00,2.1424,Sunday,12,3,Spring,0
10023456785,2024-03-10 13:00:00,2024-03-10,13:00:00,1.5875,Sunday,13,3,Spring,0
10023456785,2024-03-10 14:00:00,2024-03-10,14:00:00,1.7590,Sunday,14,3,Spring,0
10023456785,2024-03-10 15:00:00,2024-03-10,15:00:00,5.9415,Sunday,15,3,Spring,1
10023456785,2024-03-10 16:00:00,2024-03-10,16:00:00,2.4607,Sunday,16,3,Spring,0
10023456785,2024-03-10 17:00:00,2024-03-10,17:00:00,2.3098,Sunday,17,3,Spring,0
10023456785,2024-03-10 18:00:00,2024-03-10,18:00:00,2.2277,Sunday,18,3,Spring,0
10023456785,2024-03-10 19:00:00,2024-03-10,19:00:00,1.9245,Sunday,19,3,Spring,0
10023456785,2024-03-10 20:00:00,2024-03-10,20:00:00,1.8891,Sunday,20,3,Spring,0
10023456785,2024-03-10 21:00:00,2024-03-10,21:00:00,1.7743,Sunday,21,3,Spring,0
10023456785,2024-03-10 22:00:00,2024-03-10,22:00:00,1.4031,Sunday,22,3,Spring,0
10023456785,2024-03-10 23:00:00,2024-03-10,23:00:00,0.9573,Sunday,23,3,Spring,0
10023456785,2024-03-11 00:00:00,2024-03-11,00:00:00,1.0411,Monday,0,3,Spring,0
10023456785,2024-03-11 01:00:00,2024-03-11,01:00:00,0.8963,Monday,1,3,Spring,0
10023456785,2024-03-11 02:00:00,2024-03-11,02:00:00,0.9665,Monday,2,3,Spring,0
10023456785,2024-03-11 03:00:00,2024-03-11,03:00:00,1.0302,Monday,3,3,Spring,0
10023456785,2024-03-11 04:00:00,2024-03-11,04:00:00,1.2618,Monday,4,3,Spring,0
10023456785,2024-03-11 05:00:00,2024-03-11,05:00:00,1.3571,Monday,5,3,Spring,0
10023456785,2024-03-11 06:00:00,2024-03-11,06:00:00,1.8736,Monday,6,3,Spring,0
10023456785,2024-03-11 07:00:00,2024-03-11,07:00:00,3.4286,Monday,7,3,Spring,0
10023456785,2024-03-11 08:00:00,2024-03-11,08:00:00,3.7987,Monday,8,3,Spring,0
10023456785,2024-03-11 09:00:00,2024-03-11,09:00:00,3.8640,Monday,9,3,Spring,0
10023456785,2024-03-11 10:00:00,2024-03-11,10:00:00,2.8806,Monday,10,3,Spring,0
10023456785,2024-03-11 11:00:00,2024-03-11,11:00:00,2.9259,Monday,11,3,Spring,0
10023456785,2024-03-11 12:00:00,2024-03-11,12:00:00,2.7914,Monday,12,3,Spring,0
10023456785,2024-03-11 13:00:00,2024-03-11,13:00:00,0.2860,Monday,13,3,Spring,1
10023456785,2024-03-11 14:00:00,2024-03-11,14:00:00,2.5811,Monday,14,3,Spring,0
10023456785,2024-03-11 15:00:00,2024-03-11,15:00:00,2.8860,Monday,15,3,Spring,0
10023456785,2024-03-11 16:00:00,2024-03-11,16:00:00,2.8604,Monday,16,3,Spring,0
10023456785,2024-03-11 17:00:00,2024-03-11,17:00:00,3.2391,Monday,17,3,Spring,0
10023456785,2024-03-11 18:00:00,2024-03-11,18:00:00,2.8581,Monday,18,3,Spring,0
10023456785,2024-03-11 19:00:00,2024-03-11,19:00:00,3.2183,Monday,19,3,Spring,0
10023456785,2024-03-11 20:00:00,2024-03-11,20:00:00,3.1714,Monday,20,3,Spring,0
10023456785,2024-03-11 21:00:00,2024-03-11,21:00:00,1.9149,Monday,21,3,Spring,0
10023456785,2024-03-11 22:00:00,2024-03-11,22:00:00,1.9562,Monday,22,3,Spring,0
10023456785,2024-03-11 23:00:00,2024-03-11,23:00:00,1.2975,Monday,23,3,Spring,0
10023456785,2024-03-12 00:00:00,2024-03-12,00:00:00,7.1389,Tuesday,0,3,Spring,1
10023456785,2024-03-12 01:00:00,2024-03-12,01:00:00,1.2148,Tuesday,1,3,Spring,0
10023456785,2024-03-12 02:00:00,2024-03-12,02:00:00,1.1011,Tuesday,2,3,Spring,0
10023456785,2024-03-12 03:00:00,2024-03-12,03:00:00,1.5074,Tuesday,3,3,Spring,0
10023456785,2024-03-12 04:00:00,2024-03-12,04:00:00,1.0374,Tuesday,4,3,Spring,0
10023456785,2024-03-12 05:00:00,2024-03-12,05:00:00,2.0140,Tuesday,5,3,Spring,0
10023456785,2024-03-12 06:00:00,2024-03-12,06:00:00,2.7280,Tuesday,6,3,Spring,0
10023456785,2024-03-12 07:00:00,2024-03-12,07:00:00,3.0791,Tuesday,7,3,Spring,0
10023456785,2024-03-12 08:00:00,2024-03-12,08:00:00,6.1729,Tuesday,8,3,Spring,0
10023456785,2024-03-12 09:00:00,2024-03-12,09:00:00,4.1538,Tuesday,9,3,Spring,0
10023456785,2024-03-12 10:00:00,2024-03-12,10:00:00,3.0045,Tuesday,10,3,Spring,0
10023456785,2024-03-12 11:00:00,2024-03-12,11:00:00,4.5260,Tuesday,11,3,Spring,0
10023456785,2024-03-12 12:00:00,2024-03-12,12:00:00,3.6858,Tuesday,12,3,Spring,0
10023456785,2024-03-12 13:00:00,2024-03-12,13:00:00,3.2233,Tuesday,13,3,Spring,0
10023456785,2024-03-12 14:00:00,2024-03-12,14:00:00,3.0685,Tuesday,14,3,Spring,0
10023456785,2024-03-12 15:00:00,2024-03-12,15:00:00,3.0472,Tuesday,15,3,Spring,0
10023456785,2024-03-12 16:00:00,2024-03-12,16:00:00,3.4182,Tuesday,16,3,Spring,0
10023456785,2024-03-12 17:00:00,2024-03-12,17:00:00,3.6725,Tuesday,17,3,Spring,0
10023456785,2024-03-12 18:00:00,2024-03-12,18:00:00,3.8923,Tuesday,18,3,Spring,0
10023456785,2024-03-12 19:00:00,2024-03-12,19:00:00,4.4789,Tuesday,19,3,Spring,0
10023456785,2024-03-12 20:00:00,2024-03-12,20:00:00,3.2760,Tuesday,20,3,Spring,0
10023456785,2024-03-12 21:00:00,2024-03-12,21:00:00,3.5722,Tuesday,21,3,Spring,0
10023456785,2024-03-12 22:00:00,2024-03-12,22:00:00,2.0072,Tuesday,22,3,Spring,0
10023456785,2024-03-12 23:00:00,2024-03-12,23:00:00,1.6454,Tuesday,23,3,Spring,0
10023456785,2024-03-13 00:00:00,2024-03-13,00:00:00,1.0458,Wednesday,0,3,Spring,0
10023456785,2024-03-13 01:00:00,2024-03-13,01:00:00,1.0828,Wednesday,1,3,Spring,0
10023456785,2024-03-13 02:00:00,2024-03-13,02:00:00,0.8324,Wednesday,2,3,Spring,0
10023456785,2024-03-13 03:00:00,2024-03-13,03:00:00,0.9628,Wednesday,3,3,Spring,0
10023456785,2024-03-13 04:00:00,2024-03-13,04:00:00,1.2192,Wednesday,4,3,Spring,0
10023456785,2024-03-13 05:00:00,2024-03-13,05:00:00,1.7136,Wednesday,5,3,Spring,0
10023456785,2024-03-13 06:00:00,2024-03-13,06:00:00,2.5555,Wednesday,6,3,Spring,0
10023456785,2024-03-13 07:00:00,2024-03-13,07:00:00,2.9974,Wednesday,7,3,Spring,0
10023456785,2024-03-13 08:00:00,2024-03-13,08:00:00,3.0359,Wednesday,8,3,Spring,0
10023456785,2024-03-13 09:00:00,2024-03-13,09:00:00,3.6938,Wednesday,9,3,Spring,0
10023456785,2024-03-13 10:00:00,2024-03-13,10:00:00,3.2855,Wednesday,10,3,Spring,0
10023456785,2024-03-13 11:00:00,2024-03-13,11:00:00,3.1382,Wednesday,11,3,Spring,0
10023456785,2024-03-13 12:00:00,2024-03-13,12:00:00,2.9067,Wednesday,12,3,Spring,0
10023456785,2024-03-13 13:00:00,2024-03-13,13:00:00,2.9512,Wednesday,13,3,Spring,0
10023456785,2024-03-13 14:00:00,2024-03-13,14:00:00,3.1749,Wednesday,14,3,Spring,0
10023456785,2024-03-13 15:00:00,2024-03-13,15:00:00,3.0658,Wednesday,15,3,Spring,0
10023456785,2024-03-13 16:00:00,2024-03-13,16:00:00,3.0897,Wednesday,16,3,Spring,0
10023456785,2024-03-13 17:00:00,2024-03-13,17:00:00,3.5851,Wednesday,17,3,Spring,0
10023456785,2024-03-13 18:00:00,2024-03-13,18:00:00,3.8369,Wednesday,18,3,Spring,0
10023456785,2024-03-13 19:00:00,2024-03-13,19:00:00,3.0794,Wednesday,19,3,Spring,0
10023456785,2024-03-13 20:00:00,2024-03-13,20:00:00,2.6992,Wednesday,20,3,Spring,0
10023456785,2024-03-13 21:00:00,2024-03-13,21:00:00,2.5350,Wednesday,21,3,Spring,0
10023456785,2024-03-13 22:00:00,2024-03-13,22:00:00,1.6519,Wednesday,22,3,Spring,0
10023456785,2024-03-13 23:00:00,2024-03-13,23:00:00,1.3206,Wednesday,23,3,Spring,0
10023456785,2024-03-14 00:00:00,2024-03-14,00:00:00,6.1587,Thursday,0,3,Spring,1
10023456785,2024-03-14 01:00:00,2024-03-14,01:00:00,1.1979,Thursday,1,3,Spring,0
10023456785,2024-03-14 02:00:00,2024-03-14,02:00:00,1.2551,Thursday,2,3,Spring,0
10023456785,2024-03-14 03:00:00,2024-03-14,03:00:00,1.1129,Thursday,3,3,Spring,0
10023456785,2024-03-14 04:00:00,2024-03-14,04:00:00,1.0292,Thursday,4,3,Spring,0
10023456785,2024-03-14 05:00:00,2024-03-14,05:00:00,1.6237,Thursday,5,3,Spring,0
10023456785,2024-03-14 06:00:00,2024-03-14,06:00:00,3.2859,Thursday,6,3,Spring,0
10023456785,2024-03-14 07:00:00,2024-03-14,07:00:00,3.2462,Thursday,7,3,Spring,0
10023456785,2024-03-14 08:00:00,2024-03-14,08:00:00,4.5496,Thursday,8,3,Spring,0
10023456785,2024-03-14 09:00:00,2024-03-14,09:00:00,3.8346,Thursday,9,3,Spring,0
10023456785,2024-03-14 10:00:00,2024-03-14,10:00:00,13.2587,Thursday,10,3,Spring,1
10023456785,2024-03-14 11:00:00,2024-03-14,11:00:00,3.6352,Thursday,11,3,Spring,0
10023456785,2024-03-14 12:00:00,2024-03-14,12:00:00,3.2196,Thursday,12,3,Spring,0
10023456785,2024-03-14 13:00:00,2024-03-14,13:00:00,3.4237,Thursday,13,3,Spring,0
10023456785,2024-03-14 14:00:00,2024-03-14,14:00:00,3.4827,Thursday,14,3,Spring,0
10023456785,2024-03-14 15:00:00,2024-03-14,15:00:00,2.6126,Thursday,15,3,Spring,0
10023456785,2024-03-14 16:00:00,2024-03-14,16:00:00,3.6017,Thursday,16,3,Spring,0
10023456785,2024-03-14 17:00:00,2024-03-14,17:00:00,4.0506,Thursday,17,3,Spring,0
10023456785,2024-03-14 18:00:00,2024-03-14,18:00:00,3.8778,Thursday,18,3,Spring,0
10023456785,2024-03-14 19:00:00,2024-03-14,19:00:00,4.1408,Thursday,19,3,Spring,0
10023456785,2024-03-14 20:00:00,2024-03-14,20:00:00,3.2149,Thursday,20,3,Spring,0
10023456785,2024-03-14 21:00:00,2024-03-14,21:00:00,2.9860,Thursday,21,3,Spring,0
10023456785,2024-03-14 22:00:00,2024-03-14,22:00:00,2.5016,Thursday,22,3,Spring,0
10023456785,2024-03-14 23:00:00,2024-03-14,23:00:00,1.5031,Thursday,23,3,Spring,0
10023456785,2024-03-15 00:00:00,2024-03-15,00:00:00,1.6088,Friday,0,3,Spring,0
10023456785,2024-03-15 01:00:00,2024-03-15,01:00:00,1.4449,Friday,1,3,Spring,0
10023456785,2024-03-15 02:00:00,2024-03-15,02:00:00,1.1316,Friday,2,3,Spring,0
10023456785,2024-03-15 03:00:00,2024-03-15,03:00:00,1.3339,Friday,3,3,Spring,0
10023456785,2024-03-15 04:00:00,2024-03-15,04:00:00,1.3339,Friday,4,3,Spring,0
10023456785,2024-03-15 05:00:00,2024-03-15,05:00:00,4.3057,Friday,5,3,Spring,1
10023456785,2024-03-15 06:00:00,2024-03-15,06:00:00,5.1911,Friday,6,3,Spring,1
10023456785,2024-03-15 07:00:00,2024-03-15,07:00:00,5.2312,Friday,7,3,Spring,1
10023456785,2024-03-15 08:00:00,2024-03-15,08:00:00,4.2168,Friday,8,3,Spring,0
10023456785,2024-03-15 09:00:00,2024-03-15,09:00:00,3.7934,Friday,9,3,Spring,0
10023456785,2024-03-15 10:00:00,2024-03-15,10:00:00,4.0718,Friday,10,3,Spring,0
10023456785,2024-03-15 11:00:00,2024-03-15,11:00:00,2.8891,Friday,11,3,Spring,0
10023456785,2024-03-15 12:00:00,2024-03-15,12:00:00,3.8045,Friday,12,3,Spring,0
10023456785,2024-03-15 13:00:00,2024-03-15,13:00:00,3.2336,Friday,13,3,Spring,0
10023456785,2024-03-15 14:00:00,2024-03-15,14:00:00,3.6448,Friday,14,3,Spring,0
10023456785,2024-03-15 15:00:00,2024-03-15,15:00:00,4.6123,Friday,15,3,Spring,0
10023456785,2024-03-15 16:00:00,2024-03-15,16:00:00,3.2731,Friday,16,3,Spring,0
10023456785,2024-03-15 17:00:00,2024-03-15,17:00:00,5.1046,Friday,17,3,Spring,0
10023456785,2024-03-15 18:00:00,2024-03-15,18:00:00,5.0585,Friday,18,3,Spring,0
10023456785,2024-03-15 19:00:00,2024-03-15,19:00:00,3.9224,Friday,19,3,Spring,0
10023456785,2024-03-15 20:00:00,2024-03-15,20:00:00,3.7283,Friday,20,3,Spring,0
10023456785,2024-03-15 21:00:00,2024-03-15,21:00:00,3.2670,Friday,21,3,Spring,0
10023456785,2024-03-15 22:00:00,2024-03-15,22:00:00,1.9164,Friday,22,3,Spring,0
10023456785,2024-03-15 23:00:00,2024-03-15,23:00:00,1.8981,Friday,23,3,Spring,0
10023456785,2024-03-16 00:00:00,2024-03-16,00:00:00,1.1178,Saturday,0,3,Spring,0
10023456785,2024-03-16 01:00:00,2024-03-16,01:00:00,1.1020,Saturday,1,3,Spring,0
10023456785,2024-03-16 02:00:00,2024-03-16,02:00:00,1.0676,Saturday,2,3,Spring,0
10023456785,2024-03-16 03:00:00,2024-03-16,03:00:00,0.9987,Saturday,3,3,Spring,0
10023456785,2024-03-16 04:00:00,2024-03-16,04:00:00,0.9923,Saturday,4,3,Spring,0
10023456785,2024-03-16 05:00:00,2024-03-16,05:00:00,1.4836,Saturday,5,3,Spring,0
10023456785,2024-03-16 06:00:00,2024-03-16,06:00:00,1.6473,Saturday,6,3,Spring,0
10023456785,2024-03-16 07:00:00,2024-03-16,07:00:00,2.5647,Saturday,7,3,Spring,0
10023456785,2024-03-16 08:00:00,2024-03-16,08:00:00,3.1869,Saturday,8,3,Spring,0
10023456785,2024-03-16 09:00:00,2024-03-16,09:00:00,3.1346,Saturday,9,3,Spring,0
10023456785,2024-03-16 10:00:00,2024-03-16,10:00:00,2.9055,Saturday,10,3,Spring,0
10023456785,2024-03-16 11:00:00,2024-03-16,11:00:00,2.9710,Saturday,11,3,Spring,0
10023456785,2024-03-16 12:00:00,2024-03-16,12:00:00,3.5374,Saturday,12,3,Spring,0
10023456785,2024-03-16 13:00:00,2024-03-16,13:00:00,2.8928,Saturday,13,3,Spring,0
10023456785,2024-03-16 14:00:00,2024-03-16,14:00:00,2.8080,Saturday,14,3,Spring,0
10023456785,2024-03-16 15:00:00,2024-03-16,15:00:00,2.8851,Saturday,15,3,Spring,0
10023456785,2024-03-16 16:00:00,2024-03-16,16:00:00,2.9253,Saturday,16,3,Spring,0
10023456785,2024-03-16 17:00:00,2024-03-16,17:00:00,3.6777,Saturday,17,3,Spring,0
10023456785,2024-03-16 18:00:00,2024-03-16,18:00:00,3.6797,Saturday,18,3,Spring,0
10023456785,2024-03-16 19:00:00,2024-03-16,19:00:00,4.1407,Saturday,19,3,Spring,0
10023456785,2024-03-16 20:00:00,2024-03-16,20:00:00,3.5907,Saturday,20,3,Spring,0
10023456785,2024-03-16 21:00:00,2024-03-16,21:00:00,2.4454,Saturday,21,3,Spring,0
10023456785,2024-03-16 22:00:00,2024-03-16,22:00:00,2.2287,Saturday,22,3,Spring,0
10023456785,2024-03-16 23:00:00,2024-03-16,23:00:00,1.6480,Saturday,23,3,Spring,0
10023456785,2024-03-17 00:00:00,2024-03-17,00:00:00,6.9550,Sunday,0,3,Spring,1
10023456785,2024-03-17 01:00:00,2024-03-17,01:00:00,4.0659,Sunday,1,3,Spring,1
10023456785,2024-03-17 02:00:00,2024-03-17,02:00:00,5.5611,Sunday,2,3,Spring,1
10023456785,2024-03-17 03:00:00,2024-03-17,03:00:00,0.9876,Sunday,3,3,Spring,0
10023456785,2024-03-17 04:00:00,2024-03-17,04:00:00,0.9936,Sunday,4,3,Spring,0
10023456785,2024-03-17 05:00:00,2024-03-17,05:00:00,1.2348,Sunday,5,3,Spring,0
10023456785,2024-03-17 06:00:00,2024-03-17,06:00:00,1.2503,Sunday,6,3,Spring,0
10023456785,2024-03-17 07:00:00,2024-03-17,07:00:00,2.1675,Sunday,7,3,Spring,0
10023456785,2024-03-17 08:00:00,2024-03-17,08:00:00,2.5641,Sunday,8,3,Spring,0
10023456785,2024-03-17 09:00:00,2024-03-17,09:00:00,2.8394,Sunday,9,3,Spring,0
10023456785,2024-03-17 10:00:00,2024-03-17,10:00:00,2.7434,Sunday,10,3,Spring,0
10023456785,2024-03-17 11:00:00,2024-03-17,11:00:00,2.4233,Sunday,11,3,Spring,0
10023456785,2024-03-17 12:00:00,2024-03-17,12:00:00,2.6671,Sunday,12,3,Spring,0
10023456785,2024-03-17 13:00:00,2024-03-17,13:00:00,2.0887,Sunday,13,3,Spring,0
10023456785,2024-03-17 14:00:00,2024-03-17,14:00:00,2.1901,Sunday,14,3,Spring,0
10023456785,2024-03-17 15:00:00,2024-03-17,15:00:00,2.0765,Sunday,15,3,Spring,0
10023456785,2024-03-17 16:00:00,2024-03-17,16:00:00,2.5872,Sunday,16,3,Spring,0
10023456785,2024-03-17 17:00:00,2024-03-17,17:00:00,2.4326,Sunday,17,3,Spring,0
10023456785,2024-03-17 18:00:00,2024-03-17,18:00:00,2.6972,Sunday,18,3,Spring,0
10023456785,2024-03-17 19:00:00,2024-03-17,19:00:00,0.5218,Sunday,19,3,Spring,1
10023456785,2024-03-17 20:00:00,2024-03-17,20:00:00,2.9643,Sunday,20,3,Spring,0
10023456785,2024-03-17 21:00:00,2024-03-17,21:00:00,2.3229,Sunday,21,3,Spring,0
10023456785,2024-03-17 22:00:00,2024-03-17,22:00:00,1.2412,Sunday,22,3,Spring,0
10023456785,2024-03-17 23:00:00,2024-03-17,23:00:00,1.3577,Sunday,23,3,Spring,0
10023456785,2024-03-18 00:00:00,2024-03-18,00:00:00,1.2795,Monday,0,3,Spring,0
10023456785,2024-03-18 01:00:00,2024-03-18,01:00:00,0.8348,Monday,1,3,Spring,0
10023456785,2024-03-18 02:00:00,2024-03-18,02:00:00,1.1705,Monday,2,3,Spring,0
10023456785,2024-03-18 03:00:00,2024-03-18,03:00:00,1.0615,Monday,3,3,Spring,0
10023456785,2024-03-18 04:00:00,2024-03-18,04:00:00,1.2420,Monday,4,3,Spring,0
10023456785,2024-03-18 05:00:00,2024-03-18,05:00:00,1.8090,Monday,5,3,Spring,0
10023456785,2024-03-18 06:00:00,2024-03-18,06:00:00,2.2230,Monday,6,3,Spring,0
10023456785,2024-03-18 07:00:00,2024-03-18,07:00:00,3.6137,Monday,7,3,Spring,0
10023456785,2024-03-18 08:00:00,2024-03-18,08:00:00,4.4689,Monday,8,3,Spring,0
10023456785,2024-03-18 09:00:00,2024-03-18,09:00:00,3.2584,Monday,9,3,Spring,0
10023456785,2024-03-18 10:00:00,2024-03-18,10:00:00,3.9037,Monday,10,3,Spring,0
10023456785,2024-03-18 11:00:00,2024-03-18,11:00:00,2.4884,Monday,11,3,Spring,0
10023456785,2024-03-18 12:00:00,2024-03-18,12:00:00,2.8185,Monday,12,3,Spring,0
10023456785,2024-03-18 13:00:00,2024-03-18,13:00:00,3.4410,Monday,13,3,Spring,0
10023456785,2024-03-18 14:00:00,2024-03-18,14:00:00,3.0469,Monday,14,3,Spring,0
10023456785,2024-03-18 15:00:00,2024-03-18,15:00:00,4.1957,Monday,15,3,Spring,0
10023456785,2024-03-18 16:00:00,2024-03-18,16:00:00,3.4152,Monday,16,3,Spring,0
10023456785,2024-03-18 17:00:00,2024-03-18,17:00:00,3.4840,Monday,17,3,Spring,0
10023456785,2024-03-18 18:00:00,2024-03-18,18:00:00,4.8527,Monday,18,3,Spring,0
10023456785,2024-03-18 19:00:00,2024-03-18,19:00:00,3.7779,Monday,19,3,Spring,0
10023456785,2024-03-18 20:00:00,2024-03-18,20:00:00,3.5621,Monday,20,3,Spring,0
10023456785,2024-03-18 21:00:00,2024-03-18,21:00:00,3.0159,Monday,21,3,Spring,0
10023456785,2024-03-18 22:00:00,2024-03-18,22:00:00,2.3205,Monday,22,3,Spring,0
10023456785,2024-03-18 23:00:00,2024-03-18,23:00:00,1.7153,Monday,23,3,Spring,0
10023456785,2024-03-19 00:00:00,2024-03-19,00:00:00,1.2409,Tuesday,0,3,Spring,0
10023456785,2024-03-19 01:00:00,2024-03-19,01:00:00,1.2514,Tuesday,1,3,Spring,0
10023456785,2024-03-19 02:00:00,2024-03-19,02:00:00,0.9378,Tuesday,2,3,Spring,0
10023456785,2024-03-19 03:00:00,2024-03-19,03:00:00,1.0282,Tuesday,3,3,Spring,0
10023456785,2024-03-19 04:00:00,2024-03-19,04:00:00,1.0459,Tuesday,4,3,Spring,0
10023456785,2024-03-19 05:00:00,2024-03-19,05:00:00,1.5865,Tuesday,5,3,Spring,0
10023456785,2024-03-19 06:00:00,2024-03-19,06:00:00,2.3956,Tuesday,6,3,Spring,0
10023456785,2024-03-19 07:00:00,2024-03-19,07:00:00,3.0217,Tuesday,7,3,Spring,0
10023456785,2024-03-19 08:00:00,2024-03-19,08:00:00,3.6192,Tuesday,8,3,Spring,0
10023456785,2024-03-19 09:00:00,2024-03-19,09:00:00,3.3220,Tuesday,9,3,Spring,0
10023456785,2024-03-19 10:00:00,2024-03-19,10:00:00,3.4162,Tuesday,10,3,Spring,0
10023456785,2024-03-19 11:00:00,2024-03-19,11:00:00,9.4920,Tuesday,11,3,Spring,1
10023456785,2024-03-19 12:00:00,2024-03-19,12:00:00,12.5457,Tuesday,12,3,Spring,1
10023456785,2024-03-19 13:00:00,2024-03-19,13:00:00,3.6442,Tuesday,13,3,Spring,0
10023456785,2024-03-19 14:00:00,2024-03-19,14:00:00,3.1752,Tuesday,14,3,Spring,0
10023456785,2024-03-19 15:00:00,2024-03-19,15:00:00,2.7384,Tuesday,15,3,Spring,0
10023456785,2024-03-19 16:00:00,2024-03-19,16:00:00,3.3004,Tuesday,16,3,Spring,0
10023456785,2024-03-19 17:00:00,2024-03-19,17:00:00,3.2461,Tuesday,17,3,Spring,0
10023456785,2024-03-19 18:00:00,2024-03-19,18:00:00,3.9380,Tuesday,18,3,Spring,0
10023456785,2024-03-19 19:00:00,2024-03-19,19:00:00,4.0720,Tuesday,19,3,Spring,0
10023456785,2024-03-19 20:00:00,2024-03-19,20:00:00,4.2918,Tuesday,20,3,Spring,0
10023456785,2024-03-19 21:00:00,2024-03-19,21:00:00,2.5626,Tuesday,21,3,Spring,0
10023456785,2024-03-19 22:00:00,2024-03-19,22:00:00,1.9909,Tuesday,22,3,Spring,0
10023456785,2024-03-19 23:00:00,2024-03-19,23:00:00,1.8923,Tuesday,23,3,Spring,0
10023456785,2024-03-20 00:00:00,2024-03-20,00:00:00,1.2636,Wednesday,0,3,Spring,0
10023456785,2024-03-20 01:00:00,2024-03-20,01:00:00,6.0823,Wednesday,1,3,Spring,1
10023456785,2024-03-20 02:00:00,2024-03-20,02:00:00,6.5588,Wednesday,2,3,Spring,1
10023456785,2024-03-20 03:00:00,2024-03-20,03:00:00,0.9350,Wednesday,3,3,Spring,0
10023456785,2024-03-20 04:00:00,2024-03-20,04:00:00,1.1026,Wednesday,4,3,Spring,0
10023456785,2024-03-20 05:00:00,2024-03-20,05:00:00,6.0263,Wednesday,5,3,Spring,1
10023456785,2024-03-20 06:00:00,2024-03-20,06:00:00,2.3197,Wednesday,6,3,Spring,0
10023456785,2024-03-20 07:00:00,2024-03-20,07:00:00,3.6229,Wednesday,7,3,Spring,0
10023456785,2024-03-20 08:00:00,2024-03-20,08:00:00,3.5205,Wednesday,8,3,Spring,0
10023456785,2024-03-20 09:00:00,2024-03-20,09:00:00,3.7831,Wednesday,9,3,Spring,0
10023456785,2024-03-20 10:00:00,2024-03-20,10:00:00,3.0895,Wednesday,10,3,Spring,0
10023456785,2024-03-20 11:00:00,2024-03-20,11:00:00,2.9462,Wednesday,11,3,Spring,0
10023456785,2024-03-20 12:00:00,2024-03-20,12:00:00,3.5617,Wednesday,12,3,Spring,0
10023456785,2024-03-20 13:00:00,2024-03-20,13:00:00,3.0865,Wednesday,13,3,Spring,0
10023456785,2024-03-20 14:00:00,2024-03-20,14:00:00,3.1985,Wednesday,14,3,Spring,0
10023456785,2024-03-20 15:00:00,2024-03-20,15:00:00,2.4496,Wednesday,15,3,Spring,0
10023456785,2024-03-20 16:00:00,2024-03-20,16:00:00,2.8908,Wednesday,16,3,Spring,0
10023456785,2024-03-20 17:00:00,2024-03-20,17:00:00,3.3678,Wednesday,17,3,Spring,0
10023456785,2024-03-20 18:00:00,2024-03-20,18:00:00,3.7693,Wednesday,18,3,Spring,0
10023456785,2024-03-20 19:00:00,2024-03-20,19:00:00,3.6854,Wednesday,19,3,Spring,0
10023456785,2024-03-20 20:00:00,2024-03-20,20:00:00,2.9779,Wednesday,20,3,Spring,0
10023456785,2024-03-20 21:00:00,2024-03-20,21:00:00,2.4593,Wednesday,21,3,Spring,0
10023456785,2024-03-20 22:00:00,2024-03-20,22:00:00,2.0499,Wednesday,22,3,Spring,0
10023456785,2024-03-20 23:00:00,2024-03-20,23:00:00,1.3049,Wednesday,23,3,Spring,0
10023456785,2024-03-21 00:00:00,2024-03-21,00:00:00,0.9445,Thursday,0,3,Spring,0
10023456785,2024-03-21 01:00:00,2024-03-21,01:00:00,0.7086,Thursday,1,3,Spring,0
10023456785,2024-03-21 02:00:00,2024-03-21,02:00:00,0.7935,Thursday,2,3,Spring,0
10023456785,2024-03-21 03:00:00,2024-03-21,03:00:00,0.8842,Thursday,3,3,Spring,0
10023456785,2024-03-21 04:00:00,2024-03-21,04:00:00,1.0812,Thursday,4,3,Spring,0
10023456785,2024-03-21 05:00:00,2024-03-21,05:00:00,1.0187,Thursday,5,3,Spring,0
10023456785,2024-03-21 06:00:00,2024-03-21,06:00:00,1.7069,Thursday,6,3,Spring,0
10023456785,2024-03-21 07:00:00,2024-03-21,07:00:00,2.5019,Thursday,7,3,Spring,0
10023456785,2024-03-21 08:00:00,2024-03-21,08:00:00,2.4304,Thursday,8,3,Spring,0
10023456785,2024-03-21 09:00:00,2024-03-21,09:00:00,2.6114,Thursday,9,3,Spring,0
10023456785,2024-03-21 10:00:00,2024-03-21,10:00:00,2.3523,Thursday,10,3,Spring,0
10023456785,2024-03-21 11:00:00,2024-03-21,11:00:00,9.3890,Thursday,11,3,Spring,1
10023456785,2024-03-21 12:00:00,2024-03-21,12:00:00,11.7490,Thursday,12,3,Spring,1
10023456785,2024-03-21 13:00:00,2024-03-21,13:00:00,2.4591,Thursday,13,3,Spring,0
10023456785,2024-03-21 14:00:00,2024-03-21,14:00:00,2.1456,Thursday,14,3,Spring,0
10023456785,2024-03-21 15:00:00,2024-03-21,15:00:00,2.1038,Thursday,15,3,Spring,0
10023456785,2024-03-21 16:00:00,2024-03-21,16:00:00,2.4055,Thursday,16,3,Spring,0
10023456785,2024-03-21 17:00:00,2024-03-21,17:00:00,2.9107,Thursday,17,3,Spring,0
10023456785,2024-03-21 18:00:00,2024-03-21,18:00:00,2.5146,Thursday,18,3,Spring,0
10023456785,2024-03-21 19:00:00,2024-03-21,19:00:00,2.6656,Thursday,19,3,Spring,0
10023456785,2024-03-21 20:00:00,2024-03-21,20:00:00,2.3815,Thursday,20,3,Spring,0
10023456785,2024-03-21 21:00:00,2024-03-21,21:00:00,1.9696,Thursday,21,3,Spring,0
10023456785,2024-03-21 22:00:00,2024-03-21,22:00:00,1.5024,Thursday,22,3,Spring,0
10023456785,2024-03-21 23:00:00,2024-03-21,23:00:00,1.1356,Thursday,23,3,Spring,0
10023456785,2024-03-22 00:00:00,2024-03-22,00:00:00,1.2312,Friday,0,3,Spring,0
10023456785,2024-03-22 01:00:00,2024-03-22,01:00:00,0.9993,Friday,1,3,Spring,0
10023456785,2024-03-22 02:00:00,2024-03-22,02:00:00,0.8306,Friday,2,3,Spring,0
10023456785,2024-03-22 03:00:00,2024-03-22,03:00:00,1.0964,Friday,3,3,Spring,0
10023456785,2024-03-22 04:00:00,2024-03-22,04:00:00,0.8340,Friday,4,3,Spring,0
10023456785,2024-03-22 05:00:00,2024-03-22,05:00:00,1.4902,Friday,5,3,Spring,0
10023456785,2024-03-22 06:00:00,2024-03-22,06:00:00,1.8552,Friday,6,3,Spring,0
10023456785,2024-03-22 07:00:00,2024-03-22,07:00:00,2.1563,Friday,7,3,Spring,0
10023456785,2024-03-22 08:00:00,2024-03-22,08:00:00,2.7708,Friday,8,3,Spring,0
10023456785,2024-03-22 09:00:00,2024-03-22,09:00:00,3.0849,Friday,9,3,Spring,0
10023456785,2024-03-22 10:00:00,2024-03-22,10:00:00,3.0635,Friday,10,3,Spring,0
10023456785,2024-03-22 11:00:00,2024-03-22,11:00:00,2.2271,Friday,11,3,Spring,0
10023456785,2024-03-22 12:00:00,2024-03-22,12:00:00,2.8176,Friday,12,3,Spring,0
10023456785,2024-03-22 13:00:00,2024-03-22,13:00:00,2.5823,Friday,13,3,Spring,0
10023456785,2024-03-22 14:00:00,2024-03-22,14:00:00,2.7850,Friday,14,3,Spring,0
10023456785,2024-03-22 15:00:00,2024-03-22,15:00:00,2.6088,Friday,15,3,Spring,0
10023456785,2024-03-22 16:00:00,2024-03-22,16:00:00,2.7536,Friday,16,3,Spring,0
10023456785,2024-03-22 17:00:00,2024-03-22,17:00:00,3.2383,Friday,17,3,Spring,0
10023456785,2024-03-22 18:00:00,2024-03-22,18:00:00,3.1832,Friday,18,3,Spring,0
10023456785,2024-03-22 19:00:00,2024-03-22,19:00:00,3.3844,Friday,19,3,Spring,0
10023456785,2024-03-22 20:00:00,2024-03-22,20:00:00,3.2062,Friday,20,3,Spring,0
10023456785,2024-03-22 21:00:00,2024-03-22,21:00:00,2.8377,Friday,21,3,Spring,0
10023456785,2024-03-22 22:00:00,2024-03-22,22:00:00,1.9743,Friday,22,3,Spring,0
10023456785,2024-03-22 23:00:00,2024-03-22,23:00:00,1.1219,Friday,23,3,Spring,0
10023456785,2024-03-23 00:00:00,2024-03-23,00:00:00,0.6783,Saturday,0,3,Spring,0
10023456785,2024-03-23 01:00:00,2024-03-23,01:00:00,0.6906,Saturday,1,3,Spring,0
10023456785,2024-03-23 02:00:00,2024-03-23,02:00:00,0.7769,Saturday,2,3,Spring,0
10023456785,2024-03-23 03:00:00,2024-03-23,03:00:00,0.6610,Saturday,3,3,Spring,0
10023456785,2024-03-23 04:00:00,2024-03-23,04:00:00,0.5584,Saturday,4,3,Spring,0
10023456785,2024-03-23 05:00:00,2024-03-23,05:00:00,0.6830,Saturday,5,3,Spring,0
10023456785,2024-03-23 06:00:00,2024-03-23,06:00:00,1.0348,Saturday,6,3,Spring,0
10023456785,2024-03-23 07:00:00,2024-03-23,07:00:00,1.4369,Saturday,7,3,Spring,0
10023456785,2024-03-23 08:00:00,2024-03-23,08:00:00,1.7149,Saturday,8,3,Spring,0
10023456785,2024-03-23 09:00:00,2024-03-23,09:00:00,1.8504,Saturday,9,3,Spring,0
10023456785,2024-03-23 10:00:00,2024-03-23,10:00:00,2.0045,Saturday,10,3,Spring,0
10023456785,2024-03-23 11:00:00,2024-03-23,11:00:00,2.0080,Saturday,11,3,Spring,0
10023456785,2024-03-23 12:00:00,2024-03-23,12:00:00,0.2129,Saturday,12,3,Spring,1
10023456785,2024-03-23 13:00:00,2024-03-23,13:00:00,1.8624,Saturday,13,3,Spring,0
10023456785,2024-03-23 14:00:00,2024-03-23,14:00:00,2.1522,Saturday,14,3,Spring,0
10023456785,2024-03-23 15:00:00,2024-03-23,15:00:00,2.1548,Saturday,15,3,Spring,0
10023456785,2024-03-23 16:00:00,2024-03-23,16:00:00,2.2853,Saturday,16,3,Spring,0
10023456785,2024-03-23 17:00:00,2024-03-23,17:00:00,2.2023,Saturday,17,3,Spring,0
10023456785,2024-03-23 18:00:00,2024-03-23,18:00:00,2.4085,Saturday,18,3,Spring,0
10023456785,2024-03-23 19:00:00,2024-03-23,19:00:00,2.5827,Saturday,19,3,Spring,0
10023456785,2024-03-23 20:00:00,2024-03-23,20:00:00,1.8921,Saturday,20,3,Spring,0
10023456785,2024-03-23 21:00:00,2024-03-23,21:00:00,1.7177,Saturday,21,3,Spring,0
10023456785,2024-03-23 22:00:00,2024-03-23,22:00:00,1.3479,Saturday,22,3,Spring,0
10023456785,2024-03-23 23:00:00,2024-03-23,23:00:00,0.9608,Saturday,23,3,Spring,0
10023456785,2024-03-24 00:00:00,2024-03-24,00:00:00,1.0103,Sunday,0,3,Spring,0
10023456785,2024-03-24 01:00:00,2024-03-24,01:00:00,0.9315,Sunday,1,3,Spring,0
10023456785,2024-03-24 02:00:00,2024-03-24,02:00:00,0.8498,Sunday,2,3,Spring,0
10023456785,2024-03-24 03:00:00,2024-03-24,03:00:00,0.9488,Sunday,3,3,Spring,0
10023456785,2024-03-24 04:00:00,2024-03-24,04:00:00,0.8010,Sunday,4,3,Spring,0
10023456785,2024-03-24 05:00:00,2024-03-24,05:00:00,0.7308,Sunday,5,3,Spring,0
10023456785,2024-03-24 06:00:00,2024-03-24,06:00:00,1.4799,Sunday,6,3,Spring,0
10023456785,2024-03-24 07:00:00,2024-03-24,07:00:00,1.8629,Sunday,7,3,Spring,0
10023456785,2024-03-24 08:00:00,2024-03-24,08:00:00,2.0888,Sunday,8,3,Spring,0
10023456785,2024-03-24 09:00:00,2024-03-24,09:00:00,2.3037,Sunday,9,3,Spring,0
10023456785,2024-03-24 10:00:00,2024-03-24,10:00:00,2.2469,Sunday,10,3,Spring,0
10023456785,2024-03-24 11:00:00,2024-03-24,11:00:00,1.8659,Sunday,11,3,Spring,0
10023456785,2024-03-24 12:00:00,2024-03-24,12:00:00,2.1482,Sunday,12,3,Spring,0
10023456785,2024-03-24 13:00:00,2024-03-24,13:00:00,2.0871,Sunday,13,3,Spring,0
10023456785,2024-03-24 14:00:00,2024-03-24,14:00:00,2.0941,Sunday,14,3,Spring,0
10023456785,2024-03-24 15:00:00,2024-03-24,15:00:00,2.2550,Sunday,15,3,Spring,0
10023456785,2024-03-24 16:00:00,2024-03-24,16:00:00,2.0656,Sunday,16,3,Spring,0
10023456785,2024-03-24 17:00:00,2024-03-24,17:00:00,2.3062,Sunday,17,3,Spring,0
10023456785,2024-03-24 18:00:00,2024-03-24,18:00:00,3.3654,Sunday,18,3,Spring,0
10023456785,2024-03-24 19:00:00,2024-03-24,19:00:00,2.5091,Sunday,19,3,Spring,0
10023456785,2024-03-24 20:00:00,2024-03-24,20:00:00,3.0715,Sunday,20,3,Spring,0
10023456785,2024-03-24 21:00:00,2024-03-24,21:00:00,2.1233,Sunday,21,3,Spring,0
10023456785,2024-03-24 22:00:00,2024-03-24,22:00:00,1.2440,Sunday,22,3,Spring,0
10023456785,2024-03-24 23:00:00,2024-03-24,23:00:00,1.3446,Sunday,23,3,Spring,0
10023456785,2024-03-25 00:00:00,2024-03-25,00:00:00,1.0636,Monday,0,3,Spring,0
10023456785,2024-03-25 01:00:00,2024-03-25,01:00:00,0.7336,Monday,1,3,Spring,0
10023456785,2024-03-25 02:00:00,2024-03-25,02:00:00,0.8118,Monday,2,3,Spring,0
10023456785,2024-03-25 03:00:00,2024-03-25,03:00:00,0.5242,Monday,3,3,Spring,0
10023456785,2024-03-25 04:00:00,2024-03-25,04:00:00,0.7313,Monday,4,3,Spring,0
10023456785,2024-03-25 05:00:00,2024-03-25,05:00:00,1.1823,Monday,5,3,Spring,0
10023456785,2024-03-25 06:00:00,2024-03-25,06:00:00,1.8026,Monday,6,3,Spring,0
10023456785,2024-03-25 07:00:00,2024-03-25,07:00:00,2.0697,Monday,7,3,Spring,0
10023456785,2024-03-25 08:00:00,2024-03-25,08:00:00,2.5156,Monday,8,3,Spring,0
10023456785,2024-03-25 09:00:00,2024-03-25,09:00:00,2.1866,Monday,9,3,Spring,0
10023456785,2024-03-25 10:00:00,2024-03-25,10:00:00,2.8772,Monday,10,3,Spring,0
10023456785,2024-03-25 11:00:00,2024-03-25,11:00:00,2.2931,Monday,11,3,Spring,0
10023456785,2024-03-25 12:00:00,2024-03-25,12:00:00,2.2532,Monday,12,3,Spring,0
10023456785,2024-03-25 13:00:00,2024-03-25,13:00:00,2.2651,Monday,13,3,Spring,0
10023456785,2024-03-25 14:00:00,2024-03-25,14:00:00,2.7511,Monday,14,3,Spring,0
10023456785,2024-03-25 15:00:00,2024-03-25,15:00:00,2.2456,Monday,15,3,Spring,0
10023456785,2024-03-25 16:00:00,2024-03-25,16:00:00,2.7830,Monday,16,3,Spring,0
10023456785,2024-03-25 17:00:00,2024-03-25,17:00:00,2.7290,Monday,17,3,Spring,0
10023456785,2024-03-25 18:00:00,2024-03-25,18:00:00,2.7388,Monday,18,3,Spring,0
10023456785,2024-03-25 19:00:00,2024-03-25,19:00:00,2.9859,Monday,19,3,Spring,0
10023456785,2024-03-25 20:00:00,2024-03-25,20:00:00,2.5516,Monday,20,3,Spring,0
10023456785,2024-03-25 21:00:00,2024-03-25,21:00:00,1.3455,Monday,21,3,Spring,0
10023456785,2024-03-25 22:00:00,2024-03-25,22:00:00,1.4069,Monday,22,3,Spring,0
10023456785,2024-03-25 23:00:00,2024-03-25,23:00:00,0.9950,Monday,23,3,Spring,0
10023456785,2024-03-26 00:00:00,2024-03-26,00:00:00,0.7350,Tuesday,0,3,Spring,0
10023456785,2024-03-26 01:00:00,2024-03-26,01:00:00,0.5666,Tuesday,1,3,Spring,0
10023456785,2024-03-26 02:00:00,2024-03-26,02:00:00,0.5288,Tuesday,2,3,Spring,0
10023456785,2024-03-26 03:00:00,2024-03-26,03:00:00,0.6203,Tuesday,3,3,Spring,0
10023456785,2024-03-26 04:00:00,2024-03-26,04:00:00,0.8795,Tuesday,4,3,Spring,0
10023456785,2024-03-26 05:00:00,2024-03-26,05:00:00,1.0445,Tuesday,5,3,Spring,0
10023456785,2024-03-26 06:00:00,2024-03-26,06:00:00,1.8990,Tuesday,6,3,Spring,0
10023456785,2024-03-26 07:00:00,2024-03-26,07:00:00,1.9171,Tuesday,7,3,Spring,0
10023456785,2024-03-26 08:00:00,2024-03-26,08:00:00,2.3656,Tuesday,8,3,Spring,0
10023456785,2024-03-26 09:00:00,2024-03-26,09:00:00,2.2497,Tuesday,9,3,Spring,0
10023456785,2024-03-26 10:00:00,2024-03-26,10:00:00,2.0440,Tuesday,10,3,Spring,0
10023456785,2024-03-26 11:00:00,2024-03-26,11:00:00,2.1591,Tuesday,11,3,Spring,0
10023456785,2024-03-26 12:00:00,2024-03-26,12:00:00,1.6891,Tuesday,12,3,Spring,0
10023456785,2024-03-26 13:00:00,2024-03-26,13:00:00,1.7336,Tuesday,13,3,Spring,0
10023456785,2024-03-26 14:00:00,2024-03-26,14:00:00,1.8936,Tuesday,14,3,Spring,0
10023456785,2024-03-26 15:00:00,2024-03-26,15:00:00,1.5961,Tuesday,15,3,Spring,0
10023456785,2024-03-26 16:00:00,2024-03-26,16:00:00,1.8301,Tuesday,16,3,Spring,0
10023456785,2024-03-26 17:00:00,2024-03-26,17:00:00,2.5617,Tuesday,17,3,Spring,0
10023456785,2024-03-26 18:00:00,2024-03-26,18:00:00,2.4255,Tuesday,18,3,Spring,0
10023456785,2024-03-26 19:00:00,2024-03-26,19:00:00,2.5196,Tuesday,19,3,Spring,0
10023456785,2024-03-26 20:00:00,2024-03-26,20:00:00,2.0368,Tuesday,20,3,Spring,0
10023456785,2024-03-26 21:00:00,2024-03-26,21:00:00,1.8553,Tuesday,21,3,Spring,0
10023456785,2024-03-26 22:00:00,2024-03-26,22:00:00,1.1214,Tuesday,22,3,Spring,0
10023456785,2024-03-26 23:00:00,2024-03-26,23:00:00,0.8187,Tuesday,23,3,Spring,0
10023456785,2024-03-27 00:00:00,2024-03-27,00:00:00,0.9921,Wednesday,0,3,Spring,0
10023456785,2024-03-27 01:00:00,2024-03-27,01:00:00,0.7859,Wednesday,1,3,Spring,0
10023456785,2024-03-27 02:00:00,2024-03-27,02:00:00,0.9983,Wednesday,2,3,Spring,0
10023456785,2024-03-27 03:00:00,2024-03-27,03:00:00,0.8778,Wednesday,3,3,Spring,0
10023456785,2024-03-27 04:00:00,2024-03-27,04:00:00,0.9756,Wednesday,4,3,Spring,0
10023456785,2024-03-27 05:00:00,2024-03-27,05:00:00,1.3857,Wednesday,5,3,Spring,0
10023456785,2024-03-27 06:00:00,2024-03-27,06:00:00,1.7864,Wednesday,6,3,Spring,0
10023456785,2024-03-27 07:00:00,2024-03-27,07:00:00,2.8372,Wednesday,7,3,Spring,0
10023456785,2024-03-27 08:00:00,2024-03-27,08:00:00,3.1410,Wednesday,8,3,Spring,0
10023456785,2024-03-27 09:00:00,2024-03-27,09:00:00,3.5619,Wednesday,9,3,Spring,0
10023456785,2024-03-27 10:00:00,2024-03-27,10:00:00,2.7267,Wednesday,10,3,Spring,0
10023456785,2024-03-27 11:00:00,2024-03-27,11:00:00,3.0653,Wednesday,11,3,Spring,0
10023456785,2024-03-27 12:00:00,2024-03-27,12:00:00,2.8800,Wednesday,12,3,Spring,0
10023456785,2024-03-27 13:00:00,2024-03-27,13:00:00,2.1688,Wednesday,13,3,Spring,0
10023456785,2024-03-27 14:00:00,2024-03-27,14:00:00,2.4680,Wednesday,14,3,Spring,0
10023456785,2024-03-27 15:00:00,2024-03-27,15:00:00,2.8478,Wednesday,15,3,Spring,0
10023456785,2024-03-27 16:00:00,2024-03-27,16:00:00,2.5579,Wednesday,16,3,Spring,0
10023456785,2024-03-27 17:00:00,2024-03-27,17:00:00,3.2548,Wednesday,17,3,Spring,0
10023456785,2024-03-27 18:00:00,2024-03-27,18:00:00,3.0783,Wednesday,18,3,Spring,0
10023456785,2024-03-27 19:00:00,2024-03-27,19:00:00,3.6146,Wednesday,19,3,Spring,0
10023456785,2024-03-27 20:00:00,2024-03-27,20:00:00,3.3714,Wednesday,20,3,Spring,0
10023456785,2024-03-27 21:00:00,2024-03-27,21:00:00,2.7607,Wednesday,21,3,Spring,0
10023456785,2024-03-27 22:00:00,2024-03-27,22:00:00,1.6108,Wednesday,22,3,Spring,0
10023456785,2024-03-27 23:00:00,2024-03-27,23:00:00,1.3989,Wednesday,23,3,Spring,0
10023456785,2024-03-28 00:00:00,2024-03-28,00:00:00,1.1787,Thursday,0,3,Spring,0
10023456785,2024-03-28 01:00:00,2024-03-28,01:00:00,1.2822,Thursday,1,3,Spring,0
10023456785,2024-03-28 02:00:00,2024-03-28,02:00:00,1.0324,Thursday,2,3,Spring,0
10023456785,2024-03-28 03:00:00,2024-03-28,03:00:00,0.8015,Thursday,3,3,Spring,0
10023456785,2024-03-28 04:00:00,2024-03-28,04:00:00,1.0310,Thursday,4,3,Spring,0
10023456785,2024-03-28 05:00:00,2024-03-28,05:00:00,1.5248,Thursday,5,3,Spring,0
10023456785,2024-03-28 06:00:00,2024-03-28,06:00:00,2.9730,Thursday,6,3,Spring,0
10023456785,2024-03-28 07:00:00,2024-03-28,07:00:00,3.5002,Thursday,7,3,Spring,0
10023456785,2024-03-28 08:00:00,2024-03-28,08:00:00,5.0860,Thursday,8,3,Spring,0
10023456785,2024-03-28 09:00:00,2024-03-28,09:00:00,3.0179,Thursday,9,3,Spring,0
10023456785,2024-03-28 10:00:00,2024-03-28,10:00:00,2.8511,Thursday,10,3,Spring,0
10023456785,2024-03-28 11:00:00,2024-03-28,11:00:00,3.2726,Thursday,11,3,Spring,0
10023456785,2024-03-28 12:00:00,2024-03-28,12:00:00,3.7965,Thursday,12,3,Spring,0
10023456785,2024-03-28 13:00:00,2024-03-28,13:00:00,2.7303,Thursday,13,3,Spring,0
10023456785,2024-03-28 14:00:00,2024-03-28,14:00:00,3.2937,Thursday,14,3,Spring,0
10023456785,2024-03-28 15:00:00,2024-03-28,15:00:00,3.2553,Thursday,15,3,Spring,0
10023456785,2024-03-28 16:00:00,2024-03-28,16:00:00,3.1287,Thursday,16,3,Spring,0
10023456785,2024-03-28 17:00:00,2024-03-28,17:00:00,3.2458,Thursday,17,3,Spring,0
10023456785,2024-03-28 18:00:00,2024-03-28,18:00:00,3.5763,Thursday,18,3,Spring,0
10023456785,2024-03-28 19:00:00,2024-03-28,19:00:00,3.4848,Thursday,19,3,Spring,0
10023456785,2024-03-28 20:00:00,2024-03-28,20:00:00,3.5102,Thursday,20,3,Spring,0
10023456785,2024-03-28 21:00:00,2024-03-28,21:00:00,2.3952,Thursday,21,3,Spring,0
10023456785,2024-03-28 22:00:00,2024-03-28,22:00:00,2.2957,Thursday,22,3,Spring,0
10023456785,2024-03-28 23:00:00,2024-03-28,23:00:00,1.5157,Thursday,23,3,Spring,0
10023456785,2024-03-29 00:00:00,2024-03-29,00:00:00,1.3052,Friday,0,3,Spring,0
10023456785,2024-03-29 01:00:00,2024-03-29,01:00:00,1.1902,Friday,1,3,Spring,0
10023456785,2024-03-29 02:00:00,2024-03-29,02:00:00,1.3750,Friday,2,3,Spring,0
10023456785,2024-03-29 03:00:00,2024-03-29,03:00:00,0.9195,Friday,3,3,Spring,0
10023456785,2024-03-29 04:00:00,2024-03-29,04:00:00,4.5032,Friday,4,3,Spring,1
10023456785,2024-03-29 05:00:00,2024-03-29,05:00:00,1.6710,Friday,5,3,Spring,0
10023456785,2024-03-29 06:00:00,2024-03-29,06:00:00,2.9446,Friday,6,3,Spring,0
10023456785,2024-03-29 07:00:00,2024-03-29,07:00:00,3.9346,Friday,7,3,Spring,0
10023456785,2024-03-29 08:00:00,2024-03-29,08:00:00,3.8736,Friday,8,3,Spring,0
10023456785,2024-03-29 09:00:00,2024-03-29,09:00:00,4.3440,Friday,9,3,Spring,0
10023456785,2024-03-29 10:00:00,2024-03-29,10:00:00,3.4962,Friday,10,3,Spring,0
10023456785,2024-03-29 11:00:00,2024-03-29,11:00:00,3.0967,Friday,11,3,Spring,0
10023456785,2024-03-29 12:00:00,2024-03-29,12:00:00,3.0440,Friday,12,3,Spring,0
10023456785,2024-03-29 13:00:00,2024-03-29,13:00:00,3.7523,Friday,13,3,Spring,0
10023456785,2024-03-29 14:00:00,2024-03-29,14:00:00,0.3270,Friday,14,3,Spring,1
10023456785,2024-03-29 15:00:00,2024-03-29,15:00:00,3.1842,Friday,15,3,Spring,0
10023456785,2024-03-29 16:00:00,2024-03-29,16:00:00,3.2351,Friday,16,3,Spring,0
10023456785,2024-03-29 17:00:00,2024-03-29,17:00:00,3.9689,Friday,17,3,Spring,0
10023456785,2024-03-29 18:00:00,2024-03-29,18:00:00,4.3913,Friday,18,3,Spring,0
10023456785,2024-03-29 19:00:00,2024-03-29,19:00:00,3.9441,Friday,19,3,Spring,0
10023456785,2024-03-29 20:00:00,2024-03-29,20:00:00,3.8426,Friday,20,3,Spring,0
10023456785,2024-03-29 21:00:00,2024-03-29,21:00:00,3.5353,Friday,21,3,Spring,0
10023456785,2024-03-29 22:00:00,2024-03-29,22:00:00,1.7862,Friday,22,3,Spring,0
10023456785,2024-03-29 23:00:00,2024-03-29,23:00:00,1.2757,Friday,23,3,Spring,0
10023456785,2024-03-30 00:00:00,2024-03-30,00:00:00,1.2134,Saturday,0,3,Spring,0
10023456785,2024-03-30 01:00:00,2024-03-30,01:00:00,1.1495,Saturday,1,3,Spring,0
10023456785,2024-03-30 02:00:00,2024-03-30,02:00:00,0.9335,Saturday,2,3,Spring,0
10023456785,2024-03-30 03:00:00,2024-03-30,03:00:00,0.8575,Saturday,3,3,Spring,0
10023456785,2024-03-30 04:00:00,2024-03-30,04:00:00,1.1506,Saturday,4,3,Spring,0
10023456785,2024-03-30 05:00:00,2024-03-30,05:00:00,1.2012,Saturday,5,3,Spring,0
10023456785,2024-03-30 06:00:00,2024-03-30,06:00:00,1.5709,Saturday,6,3,Spring,0
10023456785,2024-03-30 07:00:00,2024-03-30,07:00:00,1.7530,Saturday,7,3,Spring,0
10023456785,2024-03-30 08:00:00,2024-03-30,08:00:00,2.5766,Saturday,8,3,Spring,0
10023456785,2024-03-30 09:00:00,2024-03-30,09:00:00,2.8345,Saturday,9,3,Spring,0
10023456785,2024-03-30 10:00:00,2024-03-30,10:00:00,2.7262,Saturday,10,3,Spring,0
10023456785,2024-03-30 11:00:00,2024-03-30,11:00:00,2.9144,Saturday,11,3,Spring,0
10023456785,2024-03-30 12:00:00,2024-03-30,12:00:00,2.6839,Saturday,12,3,Spring,0
10023456785,2024-03-30 13:00:00,2024-03-30,13:00:00,2.2837,Saturday,13,3,Spring,0
10023456785,2024-03-30 14:00:00,2024-03-30,14:00:00,2.3075,Saturday,14,3,Spring,0
10023456785,2024-03-30 15:00:00,2024-03-30,15:00:00,2.3935,Saturday,15,3,Spring,0
10023456785,2024-03-30 16:00:00,2024-03-30,16:00:00,1.9810,Saturday,16,3,Spring,0
10023456785,2024-03-30 17:00:00,2024-03-30,17:00:00,3.2501,Saturday,17,3,Spring,0
10023456785,2024-03-30 18:00:00,2024-03-30,18:00:00,2.7909,Saturday,18,3,Spring,0
10023456785,2024-03-30 19:00:00,2024-03-30,19:00:00,3.8993,Saturday,19,3,Spring,0
10023456785,2024-03-30 20:00:00,2024-03-30,20:00:00,3.0629,Saturday,20,3,Spring,0
10023456785,2024-03-30 21:00:00,2024-03-30,21:00:00,2.7811,Saturday,21,3,Spring,0
10023456785,2024-03-30 22:00:00,2024-03-30,22:00:00,1.9192,Saturday,22,3,Spring,0
10023456785,2024-03-30 23:00:00,2024-03-30,23:00:00,1.4626,Saturday,23,3,Spring,0
10023456785,2024-03-31 00:00:00,2024-03-31,00:00:00,0.7304,Sunday,0,3,Spring,0
10023456785,2024-03-31 01:00:00,2024-03-31,01:00:00,0.6124,Sunday,1,3,Spring,0
10023456785,2024-03-31 02:00:00,2024-03-31,02:00:00,0.5590,Sunday,2,3,Spring,0
10023456785,2024-03-31 03:00:00,2024-03-31,03:00:00,0.6111,Sunday,3,3,Spring,0
10023456785,2024-03-31 04:00:00,2024-03-31,04:00:00,0.6527,Sunday,4,3,Spring,0
10023456785,2024-03-31 05:00:00,2024-03-31,05:00:00,0.8367,Sunday,5,3,Spring,0
10023456785,2024-03-31 06:00:00,2024-03-31,06:00:00,1.2452,Sunday,6,3,Spring,0
10023456785,2024-03-31 07:00:00,2024-03-31,07:00:00,1.2491,Sunday,7,3,Spring,0
10023456785,2024-03-31 08:00:00,2024-03-31,08:00:00,1.5724,Sunday,8,3,Spring,0
10023456785,2024-03-31 09:00:00,2024-03-31,09:00:00,1.9719,Sunday,9,3,Spring,0
10023456785,2024-03-31 10:00:00,2024-03-31,10:00:00,1.9203,Sunday,10,3,Spring,0
10023456785,2024-03-31 11:00:00,2024-03-31,11:00:00,1.8496,Sunday,11,3,Spring,0
10023456785,2024-03-31 12:00:00,2024-03-31,12:00:00,1.8785,Sunday,12,3,Spring,0
10023456785,2024-03-31 13:00:00,2024-03-31,13:00:00,1.6192,Sunday,13,3,Spring,0
10023456785,2024-03-31 14:00:00,2024-03-31,14:00:00,1.5541,Sunday,14,3,Spring,0
10023456785,2024-03-31 15:00:00,2024-03-31,15:00:00,0.1222,Sunday,15,3,Spring,1
10023456785,2024-03-31 16:00:00,2024-03-31,16:00:00,1.7751,Sunday,16,3,Spring,0
10023456785,2024-03-31 17:00:00,2024-03-31,17:00:00,2.3287,Sunday,17,3,Spring,0
10023456785,2024-03-31 18:00:00,2024-03-31,18:00:00,2.1292,Sunday,18,3,Spring,0
10023456785,2024-03-31 19:00:00,2024-03-31,19:00:00,2.4197,Sunday,19,3,Spring,0
10023456785,2024-03-31 20:00:00,2024-03-31,20:00:00,2.4673,Sunday,20,3,Spring,0
10023456785,2024-03-31 21:00:00,2024-03-31,21:00:00,1.5661,Sunday,21,3,Spring,0
10023456785,2024-03-31 22:00:00,2024-03-31,22:00:00,1.5384,Sunday,22,3,Spring,0
10023456785,2024-03-31 23:00:00,2024-03-31,23:00:00,0.9819,Sunday,23,3,Spring,0
10023456785,2024-04-01 00:00:00,2024-04-01,00:00:00,1.0216,Monday,0,4,Spring,0
10023456785,2024-04-01 01:00:00,2024-04-01,01:00:00,1.0525,Monday,1,4,Spring,0
10023456785,2024-04-01 02:00:00,2024-04-01,02:00:00,0.8365,Monday,2,4,Spring,0
10023456785,2024-04-01 03:00:00,2024-04-01,03:00:00,0.9438,Monday,3,4,Spring,0
10023456785,2024-04-01 04:00:00,2024-04-01,04:00:00,0.8634,Monday,4,4,Spring,0
10023456785,2024-04-01 05:00:00,2024-04-01,05:00:00,7.1045,Monday,5,4,Spring,1
10023456785,2024-04-01 06:00:00,2024-04-01,06:00:00,4.8817,Monday,6,4,Spring,1
10023456785,2024-04-01 07:00:00,2024-04-01,07:00:00,2.1001,Monday,7,4,Spring,0
10023456785,2024-04-01 08:00:00,2024-04-01,08:00:00,2.8584,Monday,8,4,Spring,0
10023456785,2024-04-01 09:00:00,2024-04-01,09:00:00,3.9830,Monday,9,4,Spring,0
10023456785,2024-04-01 10:00:00,2024-04-01,10:00:00,2.7527,Monday,10,4,Spring,0
10023456785,2024-04-01 11:00:00,2024-04-01,11:00:00,2.2918,Monday,11,4,Spring,0
10023456785,2024-04-01 12:00:00,2024-04-01,12:00:00,2.3587,Monday,12,4,Spring,0
10023456785,2024-04-01 13:00:00,2024-04-01,13:00:00,3.1466,Monday,13,4,Spring,0
10023456785,2024-04-01 14:00:00,2024-04-01,14:00:00,2.2946,Monday,14,4,Spring,0
10023456785,2024-04-01 15:00:00,2024-04-01,15:00:00,2.3690,Monday,15,4,Spring,0
10023456785,2024-04-01 16:00:00,2024-04-01,16:00:00,3.1168,Monday,16,4,Spring,0
10023456785,2024-04-01 17:00:00,2024-04-01,17:00:00,3.5251,Monday,17,4,Spring,0
10023456785,2024-04-01 18:00:00,2024-04-01,18:00:00,2.9632,Monday,18,4,Spring,0
10023456785,2024-04-01 19:00:00,2024-04-01,19:00:00,3.2101,Monday,19,4,Spring,0
10023456785,2024-04-01 20:00:00,2024-04-01,20:00:00,2.9846,Monday,20,4,Spring,0
10023456785,2024-04-01 21:00:00,2024-04-01,21:00:00,2.2457,Monday,21,4,Spring,0
10023456785,2024-04-01 22:00:00,2024-04-01,22:00:00,1.5088,Monday,22,4,Spring,0
10023456785,2024-04-01 23:00:00,2024-04-01,23:00:00,0.9108,Monday,23,4,Spring,0
10023456785,2024-04-02 00:00:00,2024-04-02,00:00:00,0.7739,Tuesday,0,4,Spring,0
10023456785,2024-04-02 01:00:00,2024-04-02,01:00:00,0.7305,Tuesday,1,4,Spring,0
10023456785,2024-04-02 02:00:00,2024-04-02,02:00:00,0.7409,Tuesday,2,4,Spring,0
10023456785,2024-04-02 03:00:00,2024-04-02,03:00:00,0.8441,Tuesday,3,4,Spring,0
10023456785,2024-04-02 04:00:00,2024-04-02,04:00:00,4.2890,Tuesday,4,4,Spring,1
10023456785,2024-04-02 05:00:00,2024-04-02,05:00:00,5.9378,Tuesday,5,4,Spring,1
10023456785,2024-04-02 06:00:00,2024-04-02,06:00:00,6.1835,Tuesday,6,4,Spring,1
10023456785,2024-04-02 07:00:00,2024-04-02,07:00:00,2.7160,Tuesday,7,4,Spring,0
10023456785,2024-04-02 08:00:00,2024-04-02,08:00:00,2.7666,Tuesday,8,4,Spring,0
10023456785,2024-04-02 09:00:00,2024-04-02,09:00:00,2.5289,Tuesday,9,4,Spring,0
10023456785,2024-04-02 10:00:00,2024-04-02,10:00:00,2.5088,Tuesday,10,4,Spring,0
10023456785,2024-04-02 11:00:00,2024-04-02,11:00:00,1.9427,Tuesday,11,4,Spring,0
10023456785,2024-04-02 12:00:00,2024-04-02,12:00:00,2.4349,Tuesday,12,4,Spring,0
10023456785,2024-04-02 13:00:00,2024-04-02,13:00:00,2.5687,Tuesday,13,4,Spring,0
10023456785,2024-04-02 14:00:00,2024-04-02,14:00:00,5.9587,Tuesday,14,4,Spring,1
10023456785,2024-04-02 15:00:00,2024-04-02,15:00:00,6.6984,Tuesday,15,4,Spring,1
10023456785,2024-04-02 16:00:00,2024-04-02,16:00:00,5.8556,Tuesday,16,4,Spring,1
10023456785,2024-04-02 17:00:00,2024-04-02,17:00:00,6.2684,Tuesday,17,4,Spring,1
10023456785,2024-04-02 18:00:00,2024-04-02,18:00:00,5.5246,Tuesday,18,4,Spring,1
10023456785,2024-04-02 19:00:00,2024-04-02,19:00:00,3.0246,Tuesday,19,4,Spring,0
10023456785,2024-04-02 20:00:00,2024-04-02,20:00:00,2.3714,Tuesday,20,4,Spring,0
10023456785,2024-04-02 21:00:00,2024-04-02,21:00:00,2.2667,Tuesday,21,4,Spring,0
10023456785,2024-04-02 22:00:00,2024-04-02,22:00:00,1.2754,Tuesday,22,4,Spring,0
10023456785,2024-04-02 23:00:00,2024-04-02,23:00:00,1.1150,Tuesday,23,4,Spring,0
10023456785,2024-04-03 00:00:00,2024-04-03,00:00:00,0.6323,Wednesday,0,4,Spring,0
10023456785,2024-04-03 01:00:00,2024-04-03,01:00:00,0.7700,Wednesday,1,4,Spring,0
10023456785,2024-04-03 02:00:00,2024-04-03,02:00:00,0.5321,Wednesday,2,4,Spring,0
10023456785,2024-04-03 03:00:00,2024-04-03,03:00:00,0.5880,Wednesday,3,4,Spring,0
10023456785,2024-04-03 04:00:00,2024-04-03,04:00:00,0.6514,Wednesday,4,4,Spring,0
10023456785,2024-04-03 05:00:00,2024-04-03,05:00:00,1.0527,Wednesday,5,4,Spring,0
10023456785,2024-04-03 06:00:00,2024-04-03,06:00:00,1.6736,Wednesday,6,4,Spring,0
10023456785,2024-04-03 07:00:00,2024-04-03,07:00:00,1.9390,Wednesday,7,4,Spring,0
10023456785,2024-04-03 08:00:00,2024-04-03,08:00:00,2.3088,Wednesday,8,4,Spring,0
10023456785,2024-04-03 09:00:00,2024-04-03,09:00:00,2.7976,Wednesday,9,4,Spring,0
10023456785,2024-04-03 10:00:00,2024-04-03,10:00:00,2.0241,Wednesday,10,4,Spring,0
10023456785,2024-04-03 11:00:00,2024-04-03,11:00:00,1.7466,Wednesday,11,4,Spring,0
10023456785,2024-04-03 12:00:00,2024-04-03,12:00:00,2.2181,Wednesday,12,4,Spring,0
10023456785,2024-04-03 13:00:00,2024-04-03,13:00:00,1.8686,Wednesday,13,4,Spring,0
10023456785,2024-04-03 14:00:00,2024-04-03,14:00:00,1.9354,Wednesday,14,4,Spring,0
10023456785,2024-04-03 15:00:00,2024-04-03,15:00:00,3.7620,Wednesday,15,4,Spring,1
10023456785,2024-04-03 16:00:00,2024-04-03,16:00:00,5.1992,Wednesday,16,4,Spring,1
10023456785,2024-04-03 17:00:00,2024-04-03,17:00:00,5.1443,Wednesday,17,4,Spring,1
10023456785,2024-04-03 18:00:00,2024-04-03,18:00:00,6.9392,Wednesday,18,4,Spring,1
10023456785,2024-04-03 19:00:00,2024-04-03,19:00:00,2.2512,Wednesday,19,4,Spring,0
10023456785,2024-04-03 20:00:00,2024-04-03,20:00:00,1.8274,Wednesday,20,4,Spring,0
10023456785,2024-04-03 21:00:00,2024-04-03,21:00:00,1.6460,Wednesday,21,4,Spring,0
10023456785,2024-04-03 22:00:00,2024-04-03,22:00:00,1.5400,Wednesday,22,4,Spring,0
10023456785,2024-04-03 23:00:00,2024-04-03,23:00:00,0.7264,Wednesday,23,4,Spring,0
10023456785,2024-04-04 00:00:00,2024-04-04,00:00:00,0.9049,Thursday,0,4,Spring,0
10023456785,2024-04-04 01:00:00,2024-04-04,01:00:00,0.6239,Thursday,1,4,Spring,0
10023456785,2024-04-04 02:00:00,2024-04-04,02:00:00,0.6194,Thursday,2,4,Spring,0
10023456785,2024-04-04 03:00:00,2024-04-04,03:00:00,0.5794,Thursday,3,4,Spring,0
10023456785,2024-04-04 04:00:00,2024-04-04,04:00:00,0.6535,Thursday,4,4,Spring,0
10023456785,2024-04-04 05:00:00,2024-04-04,05:00:00,0.8172,Thursday,5,4,Spring,0
10023456785,2024-04-04 06:00:00,2024-04-04,06:00:00,1.3312,Thursday,6,4,Spring,0
10023456785,2024-04-04 07:00:00,2024-04-04,07:00:00,1.8949,Thursday,7,4,Spring,0
10023456785,2024-04-04 08:00:00,2024-04-04,08:00:00,2.2141,Thursday,8,4,Spring,0
10023456785,2024-04-04 09:00:00,2024-04-04,09:00:00,7.1252,Thursday,9,4,Spring,1
10023456785,2024-04-04 10:00:00,2024-04-04,10:00:00,5.3506,Thursday,10,4,Spring,1
10023456785,2024-04-04 11:00:00,2024-04-04,11:00:00,5.4802,Thursday,11,4,Spring,1
10023456785,2024-04-04 12:00:00,2024-04-04,12:00:00,2.0025,Thursday,12,4,Spring,0
10023456785,2024-04-04 13:00:00,2024-04-04,13:00:00,7.2173,Thursday,13,4,Spring,1
10023456785,2024-04-04 14:00:00,2024-04-04,14:00:00,1.8112,Thursday,14,4,Spring,0
10023456785,2024-04-04 15:00:00,2024-04-04,15:00:00,2.0839,Thursday,15,4,Spring,0
10023456785,2024-04-04 16:00:00,2024-04-04,16:00:00,1.9668,Thursday,16,4,Spring,0
10023456785,2024-04-04 17:00:00,2024-04-04,17:00:00,2.6051,Thursday,17,4,Spring,0
10023456785,2024-04-04 18:00:00,2024-04-04,18:00:00,2.2832,Thursday,18,4,Spring,0
10023456785,2024-04-04 19:00:00,2024-04-04,19:00:00,2.2911,Thursday,19,4,Spring,0
10023456785,2024-04-04 20:00:00,2024-04-04,20:00:00,1.7546,Thursday,20,4,Spring,0
10023456785,2024-04-04 21:00:00,2024-04-04,21:00:00,1.4175,Thursday,21,4,Spring,0
10023456785,2024-04-04 22:00:00,2024-04-04,22:00:00,1.4934,Thursday,22,4,Spring,0
10023456785,2024-04-04 23:00:00,2024-04-04,23:00:00,0.7739,Thursday,23,4,Spring,0
10023456785,2024-04-05 00:00:00,2024-04-05,00:00:00,0.6696,Friday,0,4,Spring,0
10023456785,2024-04-05 01:00:00,2024-04-05,01:00:00,0.6336,Friday,1,4,Spring,0
10023456785,2024-04-05 02:00:00,2024-04-05,02:00:00,0.4514,Friday,2,4,Spring,0
10023456785,2024-04-05 03:00:00,2024-04-05,03:00:00,0.6591,Friday,3,4,Spring,0
10023456785,2024-04-05 04:00:00,2024-04-05,04:00:00,0.6322,Friday,4,4,Spring,0
10023456785,2024-04-05 05:00:00,2024-04-05,05:00:00,5.5304,Friday,5,4,Spring,1
10023456785,2024-04-05 06:00:00,2024-04-05,06:00:00,5.7099,Friday,6,4,Spring,1
10023456785,2024-04-05 07:00:00,2024-04-05,07:00:00,2.2705,Friday,7,4,Spring,0
10023456785,2024-04-05 08:00:00,2024-04-05,08:00:00,2.0586,Friday,8,4,Spring,0
10023456785,2024-04-05 09:00:00,2024-04-05,09:00:00,2.6666,Friday,9,4,Spring,0
10023456785,2024-04-05 10:00:00,2024-04-05,10:00:00,1.9418,Friday,10,4,Spring,0
10023456785,2024-04-05 11:00:00,2024-04-05,11:00:00,1.6089,Friday,11,4,Spring,0
10023456785,2024-04-05 12:00:00,2024-04-05,12:00:00,1.9132,Friday,12,4,Spring,0
10023456785,2024-04-05 13:00:00,2024-04-05,13:00:00,1.6488,Friday,13,4,Spring,0
10023456785,2024-04-05 14:00:00,2024-04-05,14:00:00,1.6814,Friday,14,4,Spring,0
10023456785,2024-04-05 15:00:00,2024-04-05,15:00:00,1.6788,Friday,15,4,Spring,0
10023456785,2024-04-05 16:00:00,2024-04-05,16:00:00,1.9310,Friday,16,4,Spring,0
10023456785,2024-04-05 17:00:00,2024-04-05,17:00:00,2.3953,Friday,17,4,Spring,0
10023456785,2024-04-05 18:00:00,2024-04-05,18:00:00,2.4609,Friday,18,4,Spring,0
10023456785,2024-04-05 19:00:00,2024-04-05,19:00:00,2.8786,Friday,19,4,Spring,0
10023456785,2024-04-05 20:00:00,2024-04-05,20:00:00,1.8273,Friday,20,4,Spring,0
10023456785,2024-04-05 21:00:00,2024-04-05,21:00:00,1.4314,Friday,21,4,Spring,0
10023456785,2024-04-05 22:00:00,2024-04-05,22:00:00,1.2625,Friday,22,4,Spring,0
10023456785,2024-04-05 23:00:00,2024-04-05,23:00:00,0.7192,Friday,23,4,Spring,0
10023456785,2024-04-06 00:00:00,2024-04-06,00:00:00,0.8495,Saturday,0,4,Spring,0
10023456785,2024-04-06 01:00:00,2024-04-06,01:00:00,0.8189,Saturday,1,4,Spring,0
10023456785,2024-04-06 02:00:00,2024-04-06,02:00:00,0.7152,Saturday,2,4,Spring,0
10023456785,2024-04-06 03:00:00,2024-04-06,03:00:00,0.7919,Saturday,3,4,Spring,0
10023456785,2024-04-06 04:00:00,2024-04-06,04:00:00,0.8155,Saturday,4,4,Spring,0
10023456785,2024-04-06 05:00:00,2024-04-06,05:00:00,0.8244,Saturday,5,4,Spring,0
10023456785,2024-04-06 06:00:00,2024-04-06,06:00:00,1.3938,Saturday,6,4,Spring,0
10023456785,2024-04-06 07:00:00,2024-04-06,07:00:00,1.4067,Saturday,7,4,Spring,0
10023456785,2024-04-06 08:00:00,2024-04-06,08:00:00,1.9700,Saturday,8,4,Spring,0
10023456785,2024-04-06 09:00:00,2024-04-06,09:00:00,2.2136,Saturday,9,4,Spring,0
10023456785,2024-04-06 10:00:00,2024-04-06,10:00:00,2.2786,Saturday,10,4,Spring,0
10023456785,2024-04-06 11:00:00,2024-04-06,11:00:00,1.4371,Saturday,11,4,Spring,0
10023456785,2024-04-06 12:00:00,2024-04-06,12:00:00,1.4214,Saturday,12,4,Spring,0
10023456785,2024-04-06 13:00:00,2024-04-06,13:00:00,1.9215,Saturday,13,4,Spring,0
10023456785,2024-04-06 14:00:00,2024-04-06,14:00:00,2.4676,Saturday,14,4,Spring,0
10023456785,2024-04-06 15:00:00,2024-04-06,15:00:00,2.1361,Saturday,15,4,Spring,0
10023456785,2024-04-06 16:00:00,2024-04-06,16:00:00,1.9801,Saturday,16,4,Spring,0
10023456785,2024-04-06 17:00:00,2024-04-06,17:00:00,2.5976,Saturday,17,4,Spring,0
10023456785,2024-04-06 18:00:00,2024-04-06,18:00:00,0.3616,Saturday,18,4,Spring,1
10023456785,2024-04-06 19:00:00,2024-04-06,19:00:00,2.4450,Saturday,19,4,Spring,0
10023456785,2024-04-06 20:00:00,2024-04-06,20:00:00,2.4951,Saturday,20,4,Spring,0
10023456785,2024-04-06 21:00:00,2024-04-06,21:00:00,1.7863,Saturday,21,4,Spring,0
10023456785,2024-04-06 22:00:00,2024-04-06,22:00:00,1.4027,Saturday,22,4,Spring,0
10023456785,2024-04-06 23:00:00,2024-04-06,23:00:00,1.1578,Saturday,23,4,Spring,0
10023456785,2024-04-07 00:00:00,2024-04-07,00:00:00,0.8818,Sunday,0,4,Spring,0
10023456785,2024-04-07 01:00:00,2024-04-07,01:00:00,0.7335,Sunday,1,4,Spring,0
10023456785,2024-04-07 02:00:00,2024-04-07,02:00:00,0.7496,Sunday,2,4,Spring,0
10023456785,2024-04-07 03:00:00,2024-04-07,03:00:00,0.6808,Sunday,3,4,Spring,0
10023456785,2024-04-07 04:00:00,2024-04-07,04:00:00,0.6898,Sunday,4,4,Spring,0
10023456785,2024-04-07 05:00:00,2024-04-07,05:00:00,0.9372,Sunday,5,4,Spring,0
10023456785,2024-04-07 06:00:00,2024-04-07,06:00:00,1.2812,Sunday,6,4,Spring,0
10023456785,2024-04-07 07:00:00,2024-04-07,07:00:00,1.7181,Sunday,7,4,Spring,0
10023456785,2024-04-07 08:00:00,2024-04-07,08:00:00,2.1390,Sunday,8,4,Spring,0
10023456785,2024-04-07 09:00:00,2024-04-07,09:00:00,2.4250,Sunday,9,4,Spring,0
10023456785,2024-04-07 10:00:00,2024-04-07,10:00:00,2.3625,Sunday,10,4,Spring,0
10023456785,2024-04-07 11:00:00,2024-04-07,11:00:00,1.7853,Sunday,11,4,Spring,0
10023456785,2024-04-07 12:00:00,2024-04-07,12:00:00,2.0138,Sunday,12,4,Spring,0
10023456785,2024-04-07 13:00:00,2024-04-07,13:00:00,1.7963,Sunday,13,4,Spring,0
10023456785,2024-04-07 14:00:00,2024-04-07,14:00:00,1.8331,Sunday,14,4,Spring,0
10023456785,2024-04-07 15:00:00,2024-04-07,15:00:00,2.2103,Sunday,15,4,Spring,0
10023456785,2024-04-07 16:00:00,2024-04-07,16:00:00,2.4802,Sunday,16,4,Spring,0
10023456785,2024-04-07 17:00:00,2024-04-07,17:00:00,2.4876,Sunday,17,4,Spring,0
10023456785,2024-04-07 18:00:00,2024-04-07,18:00:00,2.9997,Sunday,18,4,Spring,0
10023456785,2024-04-07 19:00:00,2024-04-07,19:00:00,2.5119,Sunday,19,4,Spring,0
10023456785,2024-04-07 20:00:00,2024-04-07,20:00:00,2.2104,Sunday,20,4,Spring,0
10023456785,2024-04-07 21:00:00,2024-04-07,21:00:00,2.2535,Sunday,21,4,Spring,0
10023456785,2024-04-07 22:00:00,2024-04-07,22:00:00,1.3294,Sunday,22,4,Spring,0
10023456785,2024-04-07 23:00:00,2024-04-07,23:00:00,1.1167,Sunday,23,4,Spring,0
10023456785,2024-04-08 00:00:00,2024-04-08,00:00:00,1.1382,Monday,0,4,Spring,0
10023456785,2024-04-08 01:00:00,2024-04-08,01:00:00,1.5696,Monday,1,4,Spring,0
10023456785,2024-04-08 02:00:00,2024-04-08,02:00:00,1.0306,Monday,2,4,Spring,0
10023456785,2024-04-08 03:00:00,2024-04-08,03:00:00,1.0379,Monday,3,4,Spring,0
10023456785,2024-04-08 04:00:00,2024-04-08,04:00:00,3.0317,Monday,4,4,Spring,1
10023456785,2024-04-08 05:00:00,2024-04-08,05:00:00,5.6093,Monday,5,4,Spring,1
10023456785,2024-04-08 06:00:00,2024-04-08,06:00:00,7.3738,Monday,6,4,Spring,1
10023456785,2024-04-08 07:00:00,2024-04-08,07:00:00,13.1239,Monday,7,4,Spring,1
10023456785,2024-04-08 08:00:00,2024-04-08,08:00:00,11.1834,Monday,8,4,Spring,1
10023456785,2024-04-08 09:00:00,2024-04-08,09:00:00,3.5441,Monday,9,4,Spring,0
10023456785,2024-04-08 10:00:00,2024-04-08,10:00:00,3.3485,Monday,10,4,Spring,0
10023456785,2024-04-08 11:00:00,2024-04-08,11:00:00,3.1375,Monday,11,4,Spring,0
10023456785,2024-04-08 12:00:00,2024-04-08,12:00:00,3.5494,Monday,12,4,Spring,0
10023456785,2024-04-08 13:00:00,2024-04-08,13:00:00,3.1607,Monday,13,4,Spring,0
10023456785,2024-04-08 14:00:00,2024-04-08,14:00:00,4.8018,Monday,14,4,Spring,0
10023456785,2024-04-08 15:00:00,2024-04-08,15:00:00,3.4873,Monday,15,4,Spring,0
10023456785,2024-04-08 16:00:00,2024-04-08,16:00:00,3.4811,Monday,16,4,Spring,0
10023456785,2024-04-08 17:00:00,2024-04-08,17:00:00,3.7666,Monday,17,4,Spring,0
10023456785,2024-04-08 18:00:00,2024-04-08,18:00:00,4.9419,Monday,18,4,Spring,0
10023456785,2024-04-08 19:00:00,2024-04-08,19:00:00,2.9018,Monday,19,4,Spring,0
10023456785,2024-04-08 20:00:00,2024-04-08,20:00:00,4.5393,Monday,20,4,Spring,0
10023456785,2024-04-08 21:00:00,2024-04-08,21:00:00,3.3517,Monday,21,4,Spring,0
10023456785,2024-04-08 22:00:00,2024-04-08,22:00:00,2.3602,Monday,22,4,Spring,0
10023456785,2024-04-08 23:00:00,2024-04-08,23:00:00,1.5392,Monday,23,4,Spring,0
10023456785,2024-04-09 00:00:00,2024-04-09,00:00:00,1.0852,Tuesday,0,4,Spring,0
10023456785,2024-04-09 01:00:00,2024-04-09,01:00:00,1.5080,Tuesday,1,4,Spring,0
10023456785,2024-04-09 02:00:00,2024-04-09,02:00:00,1.3482,Tuesday,2,4,Spring,0
10023456785,2024-04-09 03:00:00,2024-04-09,03:00:00,1.3894,Tuesday,3,4,Spring,0
10023456785,2024-04-09 04:00:00,2024-04-09,04:00:00,1.4595,Tuesday,4,4,Spring,0
10023456785,2024-04-09 05:00:00,2024-04-09,05:00:00,2.6302,Tuesday,5,4,Spring,0
10023456785,2024-04-09 06:00:00,2024-04-09,06:00:00,2.8708,Tuesday,6,4,Spring,0
10023456785,2024-04-09 07:00:00,2024-04-09,07:00:00,3.4501,Tuesday,7,4,Spring,0
10023456785,2024-04-09 08:00:00,2024-04-09,08:00:00,12.9706,Tuesday,8,4,Spring,1
10023456785,2024-04-09 09:00:00,2024-04-09,09:00:00,13.1360,Tuesday,9,4,Spring,1
10023456785,2024-04-09 10:00:00,2024-04-09,10:00:00,10.2309,Tuesday,10,4,Spring,1
10023456785,2024-04-09 11:00:00,2024-04-09,11:00:00,9.5685,Tuesday,11,4,Spring,1
10023456785,2024-04-09 12:00:00,2024-04-09,12:00:00,3.2866,Tuesday,12,4,Spring,0
10023456785,2024-04-09 13:00:00,2024-04-09,13:00:00,3.6400,Tuesday,13,4,Spring,0
10023456785,2024-04-09 14:00:00,2024-04-09,14:00:00,3.7581,Tuesday,14,4,Spring,0
10023456785,2024-04-09 15:00:00,2024-04-09,15:00:00,3.1479,Tuesday,15,4,Spring,0
10023456785,2024-04-09 16:00:00,2024-04-09,16:00:00,3.9712,Tuesday,16,4,Spring,0
10023456785,2024-04-09 17:00:00,2024-04-09,17:00:00,4.3999,Tuesday,17,4,Spring,0
10023456785,2024-04-09 18:00:00,2024-04-09,18:00:00,4.7146,Tuesday,18,4,Spring,0
10023456785,2024-04-09 19:00:00,2024-04-09,19:00:00,5.3151,Tuesday,19,4,Spring,0
10023456785,2024-04-09 20:00:00,2024-04-09,20:00:00,3.9662,Tuesday,20,4,Spring,0
10023456785,2024-04-09 21:00:00,2024-04-09,21:00:00,3.7108,Tuesday,21,4,Spring,0
10023456785,2024-04-09 22:00:00,2024-04-09,22:00:00,2.0353,Tuesday,22,4,Spring,0
10023456785,2024-04-09 23:00:00,2024-04-09,23:00:00,1.6050,Tuesday,23,4,Spring,0
10023456785,2024-04-10 00:00:00,2024-04-10,00:00:00,1.0546,Wednesday,0,4,Spring,0
10023456785,2024-04-10 01:00:00,2024-04-10,01:00:00,1.1743,Wednesday,1,4,Spring,0
10023456785,2024-04-10 02:00:00,2024-04-10,02:00:00,0.9852,Wednesday,2,4,Spring,0
10023456785,2024-04-10 03:00:00,2024-04-10,03:00:00,1.0449,Wednesday,3,4,Spring,0
10023456785,2024-04-10 04:00:00,2024-04-10,04:00:00,1.4451,Wednesday,4,4,Spring,0
10023456785,2024-04-10 05:00:00,2024-04-10,05:00:00,1.7165,Wednesday,5,4,Spring,0
10023456785,2024-04-10 06:00:00,2024-04-10,06:00:00,2.0777,Wednesday,6,4,Spring,0
10023456785,2024-04-10 07:00:00,2024-04-10,07:00:00,9.7930,Wednesday,7,4,Spring,1
10023456785,2024-04-10 08:00:00,2024-04-10,08:00:00,3.4765,Wednesday,8,4,Spring,0
10023456785,2024-04-10 09:00:00,2024-04-10,09:00:00,3.4252,Wednesday,9,4,Spring,0
10023456785,2024-04-10 10:00:00,2024-04-10,10:00:00,2.2573,Wednesday,10,4,Spring,0
10023456785,2024-04-10 11:00:00,2024-04-10,11:00:00,3.9280,Wednesday,11,4,Spring,0
10023456785,2024-04-10 12:00:00,2024-04-10,12:00:00,3.1086,Wednesday,12,4,Spring,0
10023456785,2024-04-10 13:00:00,2024-04-10,13:00:00,3.7244,Wednesday,13,4,Spring,0
10023456785,2024-04-10 14:00:00,2024-04-10,14:00:00,3.3256,Wednesday,14,4,Spring,0
10023456785,2024-04-10 15:00:00,2024-04-10,15:00:00,3.3657,Wednesday,15,4,Spring,0
10023456785,2024-04-10 16:00:00,2024-04-10,16:00:00,3.6120,Wednesday,16,4,Spring,0
10023456785,2024-04-10 17:00:00,2024-04-10,17:00:00,3.8851,Wednesday,17,4,Spring,0
10023456785,2024-04-10 18:00:00,2024-04-10,18:00:00,4.4973,Wednesday,18,4,Spring,0
10023456785,2024-04-10 19:00:00,2024-04-10,19:00:00,4.7406,Wednesday,19,4,Spring,0
10023456785,2024-04-10 20:00:00,2024-04-10,20:00:00,4.0102,Wednesday,20,4,Spring,0
10023456785,2024-04-10 21:00:00,2024-04-10,21:00:00,2.4910,Wednesday,21,4,Spring,0
10023456785,2024-04-10 22:00:00,2024-04-10,22:00:00,2.1814,Wednesday,22,4,Spring,0
10023456785,2024-04-10 23:00:00,2024-04-10,23:00:00,1.4379,Wednesday,23,4,Spring,0
10023456785,2024-04-11 00:00:00,2024-04-11,00:00:00,1.4795,Thursday,0,4,Spring,0
10023456785,2024-04-11 01:00:00,2024-04-11,01:00:00,1.1013,Thursday,1,4,Spring,0
10023456785,2024-04-11 02:00:00,2024-04-11,02:00:00,1.3404,Thursday,2,4,Spring,0
10023456785,2024-04-11 03:00:00,2024-04-11,03:00:00,1.3925,Thursday,3,4,Spring,0
10023456785,2024-04-11 04:00:00,2024-04-11,04:00:00,1.5011,Thursday,4,4,Spring,0
10023456785,2024-04-11 05:00:00,2024-04-11,05:00:00,1.6183,Thursday,5,4,Spring,0
10023456785,2024-04-11 06:00:00,2024-04-11,06:00:00,2.9935,Thursday,6,4,Spring,0
10023456785,2024-04-11 07:00:00,2024-04-11,07:00:00,3.5406,Thursday,7,4,Spring,0
10023456785,2024-04-11 08:00:00,2024-04-11,08:00:00,4.2394,Thursday,8,4,Spring,0
10023456785,2024-04-11 09:00:00,2024-04-11,09:00:00,4.5533,Thursday,9,4,Spring,0
10023456785,2024-04-11 10:00:00,2024-04-11,10:00:00,3.7901,Thursday,10,4,Spring,0
10023456785,2024-04-11 11:00:00,2024-04-11,11:00:00,3.4719,Thursday,11,4,Spring,0
10023456785,2024-04-11 12:00:00,2024-04-11,12:00:00,3.6804,Thursday,12,4,Spring,0
10023456785,2024-04-11 13:00:00,2024-04-11,13:00:00,4.6455,Thursday,13,4,Spring,0
10023456785,2024-04-11 14:00:00,2024-04-11,14:00:00,3.1241,Thursday,14,4,Spring,0
10023456785,2024-04-11 15:00:00,2024-04-11,15:00:00,3.4705,Thursday,15,4,Spring,0
10023456785,2024-04-11 16:00:00,2024-04-11,16:00:00,4.1988,Thursday,16,4,Spring,0
10023456785,2024-04-11 17:00:00,2024-04-11,17:00:00,4.3272,Thursday,17,4,Spring,0
10023456785,2024-04-11 18:00:00,2024-04-11,18:00:00,5.1035,Thursday,18,4,Spring,0
10023456785,2024-04-11 19:00:00,2024-04-11,19:00:00,4.5101,Thursday,19,4,Spring,0
10023456785,2024-04-11 20:00:00,2024-04-11,20:00:00,4.1616,Thursday,20,4,Spring,0
10023456785,2024-04-11 21:00:00,2024-04-11,21:00:00,2.8056,Thursday,21,4,Spring,0
10023456785,2024-04-11 22:00:00,2024-04-11,22:00:00,0.2583,Thursday,22,4,Spring,1
10023456785,2024-04-11 23:00:00,2024-04-11,23:00:00,0.1214,Thursday,23,4,Spring,1
10023456785,2024-04-12 00:00:00,2024-04-12,00:00:00,0.8990,Friday,0,4,Spring,0
10023456785,2024-04-12 01:00:00,2024-04-12,01:00:00,0.9101,Friday,1,4,Spring,0
10023456785,2024-04-12 02:00:00,2024-04-12,02:00:00,2.8646,Friday,2,4,Spring,1
10023456785,2024-04-12 03:00:00,2024-04-12,03:00:00,1.7867,Friday,3,4,Spring,1
10023456785,2024-04-12 04:00:00,2024-04-12,04:00:00,2.8159,Friday,4,4,Spring,1
10023456785,2024-04-12 05:00:00,2024-04-12,05:00:00,1.4696,Friday,5,4,Spring,0
10023456785,2024-04-12 06:00:00,2024-04-12,06:00:00,2.2425,Friday,6,4,Spring,0
10023456785,2024-04-12 07:00:00,2024-04-12,07:00:00,2.7748,Friday,7,4,Spring,0
10023456785,2024-04-12 08:00:00,2024-04-12,08:00:00,3.0243,Friday,8,4,Spring,0
10023456785,2024-04-12 09:00:00,2024-04-12,09:00:00,3.1190,Friday,9,4,Spring,0
10023456785,2024-04-12 10:00:00,2024-04-12,10:00:00,3.1589,Friday,10,4,Spring,0
10023456785,2024-04-12 11:00:00,2024-04-12,11:00:00,3.1567,Friday,11,4,Spring,0
10023456785,2024-04-12 12:00:00,2024-04-12,12:00:00,2.5851,Friday,12,4,Spring,0
10023456785,2024-04-12 13:00:00,2024-04-12,13:00:00,2.8747,Friday,13,4,Spring,0
10023456785,2024-04-12 14:00:00,2024-04-12,14:00:00,2.4585,Friday,14,4,Spring,0
10023456785,2024-04-12 15:00:00,2024-04-12,15:00:00,3.0672,Friday,15,4,Spring,0
10023456785,2024-04-12 16:00:00,2024-04-12,16:00:00,3.2281,Friday,16,4,Spring,0
10023456785,2024-04-12 17:00:00,2024-04-12,17:00:00,3.0828,Friday,17,4,Spring,0
10023456785,2024-04-12 18:00:00,2024-04-12,18:00:00,3.3556,Friday,18,4,Spring,0
10023456785,2024-04-12 19:00:00,2024-04-12,19:00:00,3.6702,Friday,19,4,Spring,0
10023456785,2024-04-12 20:00:00,2024-04-12,20:00:00,2.9130,Friday,20,4,Spring,0
10023456785,2024-04-12 21:00:00,2024-04-12,21:00:00,2.7979,Friday,21,4,Spring,0
10023456785,2024-04-12 22:00:00,2024-04-12,22:00:00,1.8291,Friday,22,4,Spring,0
10023456785,2024-04-12 23:00:00,2024-04-12,23:00:00,1.2076,Friday,23,4,Spring,0
10023456785,2024-04-13 00:00:00,2024-04-13,00:00:00,0.9931,Saturday,0,4,Spring,0
10023456785,2024-04-13 01:00:00,2024-04-13,01:00:00,0.9365,Saturday,1,4,Spring,0
10023456785,2024-04-13 02:00:00,2024-04-13,02:00:00,0.7294,Saturday,2,4,Spring,0
10023456785,2024-04-13 03:00:00,2024-04-13,03:00:00,0.7972,Saturday,3,4,Spring,0
10023456785,2024-04-13 04:00:00,2024-04-13,04:00:00,0.9044,Saturday,4,4,Spring,0
10023456785,2024-04-13 05:00:00,2024-04-13,05:00:00,1.3215,Saturday,5,4,Spring,0
10023456785,2024-04-13 06:00:00,2024-04-13,06:00:00,1.9116,Saturday,6,4,Spring,0
10023456785,2024-04-13 07:00:00,2024-04-13,07:00:00,2.3827,Saturday,7,4,Spring,0
10023456785,2024-04-13 08:00:00,2024-04-13,08:00:00,2.5533,Saturday,8,4,Spring,0
10023456785,2024-04-13 09:00:00,2024-04-13,09:00:00,2.3112,Saturday,9,4,Spring,0
10023456785,2024-04-13 10:00:00,2024-04-13,10:00:00,2.0853,Saturday,10,4,Spring,0
10023456785,2024-04-13 11:00:00,2024-04-13,11:00:00,2.7143,Saturday,11,4,Spring,0
10023456785,2024-04-13 12:00:00,2024-04-13,12:00:00,2.0394,Saturday,12,4,Spring,0
10023456785,2024-04-13 13:00:00,2024-04-13,13:00:00,2.2763,Saturday,13,4,Spring,0
10023456785,2024-04-13 14:00:00,2024-04-13,14:00:00,2.8840,Saturday,14,4,Spring,0
10023456785,2024-04-13 15:00:00,2024-04-13,15:00:00,2.8466,Saturday,15,4,Spring,0
10023456785,2024-04-13 16:00:00,2024-04-13,16:00:00,2.7804,Saturday,16,4,Spring,0
10023456785,2024-04-13 17:00:00,2024-04-13,17:00:00,3.1306,Saturday,17,4,Spring,0
10023456785,2024-04-13 18:00:00,2024-04-13,18:00:00,3.5844,Saturday,18,4,Spring,0
10023456785,2024-04-13 19:00:00,2024-04-13,19:00:00,2.8136,Saturday,19,4,Spring,0
10023456785,2024-04-13 20:00:00,2024-04-13,20:00:00,2.8320,Saturday,20,4,Spring,0
10023456785,2024-04-13 21:00:00,2024-04-13,21:00:00,3.4302,Saturday,21,4,Spring,0
10023456785,2024-04-13 22:00:00,2024-04-13,22:00:00,1.6590,Saturday,22,4,Spring,0
10023456785,2024-04-13 23:00:00,2024-04-13,23:00:00,1.1595,Saturday,23,4,Spring,0
10023456785,2024-04-14 00:00:00,2024-04-14,00:00:00,1.1308,Sunday,0,4,Spring,0
10023456785,2024-04-14 01:00:00,2024-04-14,01:00:00,0.9131,Sunday,1,4,Spring,0
10023456785,2024-04-14 02:00:00,2024-04-14,02:00:00,1.1362,Sunday,2,4,Spring,0
10023456785,2024-04-14 03:00:00,2024-04-14,03:00:00,0.9469,Sunday,3,4,Spring,0
10023456785,2024-04-14 04:00:00,2024-04-14,04:00:00,1.0192,Sunday,4,4,Spring,0
10023456785,2024-04-14 05:00:00,2024-04-14,05:00:00,1.1334,Sunday,5,4,Spring,0
10023456785,2024-04-14 06:00:00,2024-04-14,06:00:00,1.5533,Sunday,6,4,Spring,0
10023456785,2024-04-14 07:00:00,2024-04-14,07:00:00,2.0469,Sunday,7,4,Spring,0
10023456785,2024-04-14 08:00:00,2024-04-14,08:00:00,2.8727,Sunday,8,4,Spring,0
10023456785,2024-04-14 09:00:00,2024-04-14,09:00:00,2.7855,Sunday,9,4,Spring,0
10023456785,2024-04-14 10:00:00,2024-04-14,10:00:00,3.0066,Sunday,10,4,Spring,0
10023456785,2024-04-14 11:00:00,2024-04-14,11:00:00,2.4836,Sunday,11,4,Spring,0
10023456785,2024-04-14 12:00:00,2024-04-14,12:00:00,2.7253,Sunday,12,4,Spring,0
10023456785,2024-04-14 13:00:00,2024-04-14,13:00:00,2.5655,Sunday,13,4,Spring,0
10023456785,2024-04-14 14:00:00,2024-04-14,14:00:00,2.1906,Sunday,14,4,Spring,0
10023456785,2024-04-14 15:00:00,2024-04-14,15:00:00,2.4746,Sunday,15,4,Spring,0
10023456785,2024-04-14 16:00:00,2024-04-14,16:00:00,2.2824,Sunday,16,4,Spring,0
10023456785,2024-04-14 17:00:00,2024-04-14,17:00:00,3.3020,Sunday,17,4,Spring,0
10023456785,2024-04-14 18:00:00,2024-04-14,18:00:00,3.2575,Sunday,18,4,Spring,0
10023456785,2024-04-14 19:00:00,2024-04-14,19:00:00,2.6839,Sunday,19,4,Spring,0
10023456785,2024-04-14 20:00:00,2024-04-14,20:00:00,2.8769,Sunday,20,4,Spring,0
10023456785,2024-04-14 21:00:00,2024-04-14,21:00:00,1.9856,Sunday,21,4,Spring,0
10023456785,2024-04-14 22:00:00,2024-04-14,22:00:00,1.6567,Sunday,22,4,Spring,0
10023456785,2024-04-14 23:00:00,2024-04-14,23:00:00,1.1198,Sunday,23,4,Spring,0
10023456785,2024-04-15 00:00:00,2024-04-15,00:00:00,1.1327,Monday,0,4,Spring,0
10023456785,2024-04-15 01:00:00,2024-04-15,01:00:00,1.1254,Monday,1,4,Spring,0
10023456785,2024-04-15 02:00:00,2024-04-15,02:00:00,1.0949,Monday,2,4,Spring,0
10023456785,2024-04-15 03:00:00,2024-04-15,03:00:00,1.0129,Monday,3,4,Spring,0
10023456785,2024-04-15 04:00:00,2024-04-15,04:00:00,1.0168,Monday,4,4,Spring,0
10023456785,2024-04-15 05:00:00,2024-04-15,05:00:00,1.5924,Monday,5,4,Spring,0
10023456785,2024-04-15 06:00:00,2024-04-15,06:00:00,2.4128,Monday,6,4,Spring,0
10023456785,2024-04-15 07:00:00,2024-04-15,07:00:00,3.4242,Monday,7,4,Spring,0
10023456785,2024-04-15 08:00:00,2024-04-15,08:00:00,3.4573,Monday,8,4,Spring,0
10023456785,2024-04-15 09:00:00,2024-04-15,09:00:00,2.9852,Monday,9,4,Spring,0
10023456785,2024-04-15 10:00:00,2024-04-15,10:00:00,3.4799,Monday,10,4,Spring,0
10023456785,2024-04-15 11:00:00,2024-04-15,11:00:00,3.2199,Monday,11,4,Spring,0
10023456785,2024-04-15 12:00:00,2024-04-15,12:00:00,3.4877,Monday,12,4,Spring,0
10023456785,2024-04-15 13:00:00,2024-04-15,13:00:00,2.7818,Monday,13,4,Spring,0
10023456785,2024-04-15 14:00:00,2024-04-15,14:00:00,3.2168,Monday,14,4,Spring,0
10023456785,2024-04-15 15:00:00,2024-04-15,15:00:00,2.2390,Monday,15,4,Spring,0
10023456785,2024-04-15 16:00:00,2024-04-15,16:00:00,2.7328,Monday,16,4,Spring,0
10023456785,2024-04-15 17:00:00,2024-04-15,17:00:00,2.8287,Monday,17,4,Spring,0
10023456785,2024-04-15 18:00:00,2024-04-15,18:00:00,4.2901,Monday,18,4,Spring,0
10023456785,2024-04-15 19:00:00,2024-04-15,19:00:00,3.8487,Monday,19,4,Spring,0
10023456785,2024-04-15 20:00:00,2024-04-15,20:00:00,3.0946,Monday,20,4,Spring,0
10023456785,2024-04-15 21:00:00,2024-04-15,21:00:00,2.9984,Monday,21,4,Spring,0
10023456785,2024-04-15 22:00:00,2024-04-15,22:00:00,2.2150,Monday,22,4,Spring,0
10023456785,2024-04-15 23:00:00,2024-04-15,23:00:00,1.3954,Monday,23,4,Spring,0
10023456785,2024-04-16 00:00:00,2024-04-16,00:00:00,1.1686,Tuesday,0,4,Spring,0
10023456785,2024-04-16 01:00:00,2024-04-16,01:00:00,1.0310,Tuesday,1,4,Spring,0
10023456785,2024-04-16 02:00:00,2024-04-16,02:00:00,0.9602,Tuesday,2,4,Spring,0
10023456785,2024-04-16 03:00:00,2024-04-16,03:00:00,0.9820,Tuesday,3,4,Spring,0
10023456785,2024-04-16 04:00:00,2024-04-16,04:00:00,0.9533,Tuesday,4,4,Spring,0
10023456785,2024-04-16 05:00:00,2024-04-16,05:00:00,1.3441,Tuesday,5,4,Spring,0
10023456785,2024-04-16 06:00:00,2024-04-16,06:00:00,2.0985,Tuesday,6,4,Spring,0
10023456785,2024-04-16 07:00:00,2024-04-16,07:00:00,9.4352,Tuesday,7,4,Spring,1
10023456785,2024-04-16 08:00:00,2024-04-16,08:00:00,9.6413,Tuesday,8,4,Spring,1
10023456785,2024-04-16 09:00:00,2024-04-16,09:00:00,9.1530,Tuesday,9,4,Spring,1
10023456785,2024-04-16 10:00:00,2024-04-16,10:00:00,10.5179,Tuesday,10,4,Spring,1
10023456785,2024-04-16 11:00:00,2024-04-16,11:00:00,7.3142,Tuesday,11,4,Spring,1
10023456785,2024-04-16 12:00:00,2024-04-16,12:00:00,2.6068,Tuesday,12,4,Spring,0
10023456785,2024-04-16 13:00:00,2024-04-16,13:00:00,2.7331,Tuesday,13,4,Spring,0
10023456785,2024-04-16 14:00:00,2024-04-16,14:00:00,9.4357,Tuesday,14,4,Spring,1
10023456785,2024-04-16 15:00:00,2024-04-16,15:00:00,10.5310,Tuesday,15,4,Spring,1
10023456785,2024-04-16 16:00:00,2024-04-16,16:00:00,3.1002,Tuesday,16,4,Spring,0
10023456785,2024-04-16 17:00:00,2024-04-16,17:00:00,4.4398,Tuesday,17,4,Spring,0
10023456785,2024-04-16 18:00:00,2024-04-16,18:00:00,3.6976,Tuesday,18,4,Spring,0
10023456785,2024-04-16 19:00:00,2024-04-16,19:00:00,3.7366,Tuesday,19,4,Spring,0
10023456785,2024-04-16 20:00:00,2024-04-16,20:00:00,3.7655,Tuesday,20,4,Spring,0
10023456785,2024-04-16 21:00:00,2024-04-16,21:00:00,2.8242,Tuesday,21,4,Spring,0
10023456785,2024-04-16 22:00:00,2024-04-16,22:00:00,2.5283,Tuesday,22,4,Spring,0
10023456785,2024-04-16 23:00:00,2024-04-16,23:00:00,1.2151,Tuesday,23,4,Spring,0
10023456785,2024-04-17 00:00:00,2024-04-17,00:00:00,1.7005,Wednesday,0,4,Spring,0
10023456785,2024-04-17 01:00:00,2024-04-17,01:00:00,1.2303,Wednesday,1,4,Spring,0
10023456785,2024-04-17 02:00:00,2024-04-17,02:00:00,0.9963,Wednesday,2,4,Spring,0
10023456785,2024-04-17 03:00:00,2024-04-17,03:00:00,0.9598,Wednesday,3,4,Spring,0
10023456785,2024-04-17 04:00:00,2024-04-17,04:00:00,1.3475,Wednesday,4,4,Spring,0
10023456785,2024-04-17 05:00:00,2024-04-17,05:00:00,1.8078,Wednesday,5,4,Spring,0
10023456785,2024-04-17 06:00:00,2024-04-17,06:00:00,2.5646,Wednesday,6,4,Spring,0
10023456785,2024-04-17 07:00:00,2024-04-17,07:00:00,3.0195,Wednesday,7,4,Spring,0
10023456785,2024-04-17 08:00:00,2024-04-17,08:00:00,4.3110,Wednesday,8,4,Spring,0
10023456785,2024-04-17 09:00:00,2024-04-17,09:00:00,3.6147,Wednesday,9,4,Spring,0
10023456785,2024-04-17 10:00:00,2024-04-17,10:00:00,4.9505,Wednesday,10,4,Spring,0
10023456785,2024-04-17 11:00:00,2024-04-17,11:00:00,2.7794,Wednesday,11,4,Spring,0
10023456785,2024-04-17 12:00:00,2024-04-17,12:00:00,3.2813,Wednesday,12,4,Spring,0
10023456785,2024-04-17 13:00:00,2024-04-17,13:00:00,3.4137,Wednesday,13,4,Spring,0
10023456785,2024-04-17 14:00:00,2024-04-17,14:00:00,3.1178,Wednesday,14,4,Spring,0
10023456785,2024-04-17 15:00:00,2024-04-17,15:00:00,3.3530,Wednesday,15,4,Spring,0
10023456785,2024-04-17 16:00:00,2024-04-17,16:00:00,3.7743,Wednesday,16,4,Spring,0
10023456785,2024-04-17 17:00:00,2024-04-17,17:00:00,4.3848,Wednesday,17,4,Spring,0
10023456785,2024-04-17 18:00:00,2024-04-17,18:00:00,4.3136,Wednesday,18,4,Spring,0
10023456785,2024-04-17 19:00:00,2024-04-17,19:00:00,4.8826,Wednesday,19,4,Spring,0
10023456785,2024-04-17 20:00:00,2024-04-17,20:00:00,3.8101,Wednesday,20,4,Spring,0
10023456785,2024-04-17 21:00:00,2024-04-17,21:00:00,2.7330,Wednesday,21,4,Spring,0
10023456785,2024-04-17 22:00:00,2024-04-17,22:00:00,2.3410,Wednesday,22,4,Spring,0
10023456785,2024-04-17 23:00:00,2024-04-17,23:00:00,1.3091,Wednesday,23,4,Spring,0
10023456785,2024-04-18 00:00:00,2024-04-18,00:00:00,1.0578,Thursday,0,4,Spring,0
10023456785,2024-04-18 01:00:00,2024-04-18,01:00:00,0.9927,Thursday,1,4,Spring,0
10023456785,2024-04-18 02:00:00,2024-04-18,02:00:00,0.9671,Thursday,2,4,Spring,0
10023456785,2024-04-18 03:00:00,2024-04-18,03:00:00,0.8582,Thursday,3,4,Spring,0
10023456785,2024-04-18 04:00:00,2024-04-18,04:00:00,1.0967,Thursday,4,4,Spring,0
10023456785,2024-04-18 05:00:00,2024-04-18,05:00:00,1.7213,Thursday,5,4,Spring,0
10023456785,2024-04-18 06:00:00,2024-04-18,06:00:00,1.8733,Thursday,6,4,Spring,0
10023456785,2024-04-18 07:00:00,2024-04-18,07:00:00,2.8990,Thursday,7,4,Spring,0
10023456785,2024-04-18 08:00:00,2024-04-18,08:00:00,2.5388,Thursday,8,4,Spring,0
10023456785,2024-04-18 09:00:00,2024-04-18,09:00:00,3.0471,Thursday,9,4,Spring,0
10023456785,2024-04-18 10:00:00,2024-04-18,10:00:00,2.6856,Thursday,10,4,Spring,0
10023456785,2024-04-18 11:00:00,2024-04-18,11:00:00,2.3172,Thursday,11,4,Spring,0
10023456785,2024-04-18 12:00:00,2024-04-18,12:00:00,3.1891,Thursday,12,4,Spring,0
10023456785,2024-04-18 13:00:00,2024-04-18,13:00:00,3.0800,Thursday,13,4,Spring,0
10023456785,2024-04-18 14:00:00,2024-04-18,14:00:00,8.9628,Thursday,14,4,Spring,1
10023456785,2024-04-18 15:00:00,2024-04-18,15:00:00,14.0485,Thursday,15,4,Spring,1
10023456785,2024-04-18 16:00:00,2024-04-18,16:00:00,3.4470,Thursday,16,4,Spring,0
10023456785,2024-04-18 17:00:00,2024-04-18,17:00:00,2.6024,Thursday,17,4,Spring,0
10023456785,2024-04-18 18:00:00,2024-04-18,18:00:00,4.5452,Thursday,18,4,Spring,0
10023456785,2024-04-18 19:00:00,2024-04-18,19:00:00,2.8732,Thursday,19,4,Spring,0
10023456785,2024-04-18 20:00:00,2024-04-18,20:00:00,3.1334,Thursday,20,4,Spring,0
10023456785,2024-04-18 21:00:00,2024-04-18,21:00:00,2.2776,Thursday,21,4,Spring,0
10023456785,2024-04-18 22:00:00,2024-04-18,22:00:00,1.9179,Thursday,22,4,Spring,0
10023456785,2024-04-18 23:00:00,2024-04-18,23:00:00,1.2500,Thursday,23,4,Spring,0
10023456785,2024-04-19 00:00:00,2024-04-19,00:00:00,1.1140,Friday,0,4,Spring,0
10023456785,2024-04-19 01:00:00,2024-04-19,01:00:00,5.2001,Friday,1,4,Spring,1
10023456785,2024-04-19 02:00:00,2024-04-19,02:00:00,5.7997,Friday,2,4,Spring,1
10023456785,2024-04-19 03:00:00,2024-04-19,03:00:00,7.1377,Friday,3,4,Spring,1
10023456785,2024-04-19 04:00:00,2024-04-19,04:00:00,1.0842,Friday,4,4,Spring,0
10023456785,2024-04-19 05:00:00,2024-04-19,05:00:00,1.3748,Friday,5,4,Spring,0
10023456785,2024-04-19 06:00:00,2024-04-19,06:00:00,1.9021,Friday,6,4,Spring,0
10023456785,2024-04-19 07:00:00,2024-04-19,07:00:00,2.8068,Friday,7,4,Spring,0
10023456785,2024-04-19 08:00:00,2024-04-19,08:00:00,3.4100,Friday,8,4,Spring,0
10023456785,2024-04-19 09:00:00,2024-04-19,09:00:00,3.4620,Friday,9,4,Spring,0
10023456785,2024-04-19 10:00:00,2024-04-19,10:00:00,3.2276,Friday,10,4,Spring,0
10023456785,2024-04-19 11:00:00,2024-04-19,11:00:00,3.0614,Friday,11,4,Spring,0
10023456785,2024-04-19 12:00:00,2024-04-19,12:00:00,2.1733,Friday,12,4,Spring,0
10023456785,2024-04-19 13:00:00,2024-04-19,13:00:00,2.6342,Friday,13,4,Spring,0
10023456785,2024-04-19 14:00:00,2024-04-19,14:00:00,2.3227,Friday,14,4,Spring,0
10023456785,2024-04-19 15:00:00,2024-04-19,15:00:00,2.3583,Friday,15,4,Spring,0
10023456785,2024-04-19 16:00:00,2024-04-19,16:00:00,3.0093,Friday,16,4,Spring,0
10023456785,2024-04-19 17:00:00,2024-04-19,17:00:00,3.0971,Friday,17,4,Spring,0
10023456785,2024-04-19 18:00:00,2024-04-19,18:00:00,2.9657,Friday,18,4,Spring,0
10023456785,2024-04-19 19:00:00,2024-04-19,19:00:00,18.0114,Friday,19,4,Spring,1
10023456785,2024-04-19 20:00:00,2024-04-19,20:00:00,2.8464,Friday,20,4,Spring,0
10023456785,2024-04-19 21:00:00,2024-04-19,21:00:00,2.5600,Friday,21,4,Spring,0
10023456785,2024-04-19 22:00:00,2024-04-19,22:00:00,1.8300,Friday,22,4,Spring,0
10023456785,2024-04-19 23:00:00,2024-04-19,23:00:00,1.4165,Friday,23,4,Spring,0
10023456785,2024-04-20 00:00:00,2024-04-20,00:00:00,1.4161,Saturday,0,4,Spring,0
10023456785,2024-04-20 01:00:00,2024-04-20,01:00:00,1.0656,Saturday,1,4,Spring,0
10023456785,2024-04-20 02:00:00,2024-04-20,02:00:00,1.2381,Saturday,2,4,Spring,0
10023456785,2024-04-20 03:00:00,2024-04-20,03:00:00,1.0760,Saturday,3,4,Spring,0
10023456785,2024-04-20 04:00:00,2024-04-20,04:00:00,1.0422,Saturday,4,4,Spring,0
10023456785,2024-04-20 05:00:00,2024-04-20,05:00:00,1.6111,Saturday,5,4,Spring,0
10023456785,2024-04-20 06:00:00,2024-04-20,06:00:00,2.0998,Saturday,6,4,Spring,0
10023456785,2024-04-20 07:00:00,2024-04-20,07:00:00,3.2600,Saturday,7,4,Spring,0
10023456785,2024-04-20 08:00:00,2024-04-20,08:00:00,2.9732,Saturday,8,4,Spring,0
10023456785,2024-04-20 09:00:00,2024-04-20,09:00:00,3.8208,Saturday,9,4,Spring,0
10023456785,2024-04-20 10:00:00,2024-04-20,10:00:00,2.7565,Saturday,10,4,Spring,0
10023456785,2024-04-20 11:00:00,2024-04-20,11:00:00,3.3119,Saturday,11,4,Spring,0
10023456785,2024-04-20 12:00:00,2024-04-20,12:00:00,2.9797,Saturday,12,4,Spring,0
10023456785,2024-04-20 13:00:00,2024-04-20,13:00:00,2.4056,Saturday,13,4,Spring,0
10023456785,2024-04-20 14:00:00,2024-04-20,14:00:00,3.2205,Saturday,14,4,Spring,0
10023456785,2024-04-20 15:00:00,2024-04-20,15:00:00,3.3849,Saturday,15,4,Spring,0
10023456785,2024-04-20 16:00:00,2024-04-20,16:00:00,3.5414,Saturday,16,4,Spring,0
10023456785,2024-04-20 17:00:00,2024-04-20,17:00:00,3.2991,Saturday,17,4,Spring,0
10023456785,2024-04-20 18:00:00,2024-04-20,18:00:00,3.3599,Saturday,18,4,Spring,0
10023456785,2024-04-20 19:00:00,2024-04-20,19:00:00,4.3841,Saturday,19,4,Spring,0
10023456785,2024-04-20 20:00:00,2024-04-20,20:00:00,3.4684,Saturday,20,4,Spring,0
10023456785,2024-04-20 21:00:00,2024-04-20,21:00:00,3.4398,Saturday,21,4,Spring,0
10023456785,2024-04-20 22:00:00,2024-04-20,22:00:00,1.8441,Saturday,22,4,Spring,0
10023456785,2024-04-20 23:00:00,2024-04-20,23:00:00,1.4842,Saturday,23,4,Spring,0
10023456785,2024-04-21 00:00:00,2024-04-21,00:00:00,0.7296,Sunday,0,4,Spring,0
10023456785,2024-04-21 01:00:00,2024-04-21,01:00:00,0.6965,Sunday,1,4,Spring,0
10023456785,2024-04-21 02:00:00,2024-04-21,02:00:00,0.6342,Sunday,2,4,Spring,0
10023456785,2024-04-21 03:00:00,2024-04-21,03:00:00,0.7970,Sunday,3,4,Spring,0
10023456785,2024-04-21 04:00:00,2024-04-21,04:00:00,0.7576,Sunday,4,4,Spring,0
10023456785,2024-04-21 05:00:00,2024-04-21,05:00:00,1.0646,Sunday,5,4,Spring,0
10023456785,2024-04-21 06:00:00,2024-04-21,06:00:00,1.3417,Sunday,6,4,Spring,0
10023456785,2024-04-21 07:00:00,2024-04-21,07:00:00,1.4530,Sunday,7,4,Spring,0
10023456785,2024-04-21 08:00:00,2024-04-21,08:00:00,0.3471,Sunday,8,4,Spring,1
10023456785,2024-04-21 09:00:00,2024-04-21,09:00:00,2.2041,Sunday,9,4,Spring,0
10023456785,2024-04-21 10:00:00,2024-04-21,10:00:00,2.2647,Sunday,10,4,Spring,0
10023456785,2024-04-21 11:00:00,2024-04-21,11:00:00,1.8476,Sunday,11,4,Spring,0
10023456785,2024-04-21 12:00:00,2024-04-21,12:00:00,1.6992,Sunday,12,4,Spring,0
10023456785,2024-04-21 13:00:00,2024-04-21,13:00:00,1.9146,Sunday,13,4,Spring,0
10023456785,2024-04-21 14:00:00,2024-04-21,14:00:00,8.9286,Sunday,14,4,Spring,1
10023456785,2024-04-21 15:00:00,2024-04-21,15:00:00,1.9279,Sunday,15,4,Spring,0
10023456785,2024-04-21 16:00:00,2024-04-21,16:00:00,1.8469,Sunday,16,4,Spring,0
10023456785,2024-04-21 17:00:00,2024-04-21,17:00:00,1.7291,Sunday,17,4,Spring,0
10023456785,2024-04-21 18:00:00,2024-04-21,18:00:00,2.1579,Sunday,18,4,Spring,0
10023456785,2024-04-21 19:00:00,2024-04-21,19:00:00,2.0281,Sunday,19,4,Spring,0
10023456785,2024-04-21 20:00:00,2024-04-21,20:00:00,2.2010,Sunday,20,4,Spring,0
10023456785,2024-04-21 21:00:00,2024-04-21,21:00:00,1.9389,Sunday,21,4,Spring,0
10023456785,2024-04-21 22:00:00,2024-04-21,22:00:00,1.3153,Sunday,22,4,Spring,0
10023456785,2024-04-21 23:00:00,2024-04-21,23:00:00,0.9968,Sunday,23,4,Spring,0
10023456785,2024-04-22 00:00:00,2024-04-22,00:00:00,0.8236,Monday,0,4,Spring,0
10023456785,2024-04-22 01:00:00,2024-04-22,01:00:00,0.9617,Monday,1,4,Spring,0
10023456785,2024-04-22 02:00:00,2024-04-22,02:00:00,0.8204,Monday,2,4,Spring,0
10023456785,2024-04-22 03:00:00,2024-04-22,03:00:00,0.9226,Monday,3,4,Spring,0
10023456785,2024-04-22 04:00:00,2024-04-22,04:00:00,3.2880,Monday,4,4,Spring,1
10023456785,2024-04-22 05:00:00,2024-04-22,05:00:00,1.3685,Monday,5,4,Spring,0
10023456785,2024-04-22 06:00:00,2024-04-22,06:00:00,1.9973,Monday,6,4,Spring,0
10023456785,2024-04-22 07:00:00,2024-04-22,07:00:00,2.7836,Monday,7,4,Spring,0
10023456785,2024-04-22 08:00:00,2024-04-22,08:00:00,2.9798,Monday,8,4,Spring,0
10023456785,2024-04-22 09:00:00,2024-04-22,09:00:00,2.7912,Monday,9,4,Spring,0
10023456785,2024-04-22 10:00:00,2024-04-22,10:00:00,2.8314,Monday,10,4,Spring,0
10023456785,2024-04-22 11:00:00,2024-04-22,11:00:00,2.6866,Monday,11,4,Spring,0
10023456785,2024-04-22 12:00:00,2024-04-22,12:00:00,2.3636,Monday,12,4,Spring,0
10023456785,2024-04-22 13:00:00,2024-04-22,13:00:00,2.6180,Monday,13,4,Spring,0
10023456785,2024-04-22 14:00:00,2024-04-22,14:00:00,2.9993,Monday,14,4,Spring,0
10023456785,2024-04-22 15:00:00,2024-04-22,15:00:00,2.3697,Monday,15,4,Spring,0
10023456785,2024-04-22 16:00:00,2024-04-22,16:00:00,3.1970,Monday,16,4,Spring,0
10023456785,2024-04-22 17:00:00,2024-04-22,17:00:00,2.6897,Monday,17,4,Spring,0
10023456785,2024-04-22 18:00:00,2024-04-22,18:00:00,0.2867,Monday,18,4,Spring,1
10023456785,2024-04-22 19:00:00,2024-04-22,19:00:00,3.9773,Monday,19,4,Spring,0
10023456785,2024-04-22 20:00:00,2024-04-22,20:00:00,2.4130,Monday,20,4,Spring,0
10023456785,2024-04-22 21:00:00,2024-04-22,21:00:00,2.0828,Monday,21,4,Spring,0
10023456785,2024-04-22 22:00:00,2024-04-22,22:00:00,1.4027,Monday,22,4,Spring,0
10023456785,2024-04-22 23:00:00,2024-04-22,23:00:00,1.1148,Monday,23,4,Spring,0
10023456785,2024-04-23 00:00:00,2024-04-23,00:00:00,1.3006,Tuesday,0,4,Spring,0
10023456785,2024-04-23 01:00:00,2024-04-23,01:00:00,0.9798,Tuesday,1,4,Spring,0
10023456785,2024-04-23 02:00:00,2024-04-23,02:00:00,1.0337,Tuesday,2,4,Spring,0
10023456785,2024-04-23 03:00:00,2024-04-23,03:00:00,1.1634,Tuesday,3,4,Spring,0
10023456785,2024-04-23 04:00:00,2024-04-23,04:00:00,1.1602,Tuesday,4,4,Spring,0
10023456785,2024-04-23 05:00:00,2024-04-23,05:00:00,1.8208,Tuesday,5,4,Spring,0
10023456785,2024-04-23 06:00:00,2024-04-23,06:00:00,2.2436,Tuesday,6,4,Spring,0
10023456785,2024-04-23 07:00:00,2024-04-23,07:00:00,3.2359,Tuesday,7,4,Spring,0
10023456785,2024-04-23 08:00:00,2024-04-23,08:00:00,3.8666,Tuesday,8,4,Spring,0
10023456785,2024-04-23 09:00:00,2024-04-23,09:00:00,2.8211,Tuesday,9,4,Spring,0
10023456785,2024-04-23 10:00:00,2024-04-23,10:00:00,3.4436,Tuesday,10,4,Spring,0
10023456785,2024-04-23 11:00:00,2024-04-23,11:00:00,3.9683,Tuesday,11,4,Spring,0
10023456785,2024-04-23 12:00:00,2024-04-23,12:00:00,2.7219,Tuesday,12,4,Spring,0
10023456785,2024-04-23 13:00:00,2024-04-23,13:00:00,3.3205,Tuesday,13,4,Spring,0
10023456785,2024-04-23 14:00:00,2024-04-23,14:00:00,3.5962,Tuesday,14,4,Spring,0
10023456785,2024-04-23 15:00:00,2024-04-23,15:00:00,2.7716,Tuesday,15,4,Spring,0
10023456785,2024-04-23 16:00:00,2024-04-23,16:00:00,3.4514,Tuesday,16,4,Spring,0
10023456785,2024-04-23 17:00:00,2024-04-23,17:00:00,2.8306,Tuesday,17,4,Spring,0
10023456785,2024-04-23 18:00:00,2024-04-23,18:00:00,5.2006,Tuesday,18,4,Spring,0
10023456785,2024-04-23 19:00:00,2024-04-23,19:00:00,3.4591,Tuesday,19,4,Spring,0
10023456785,2024-04-23 20:00:00,2024-04-23,20:00:00,2.5545,Tuesday,20,4,Spring,0
10023456785,2024-04-23 21:00:00,2024-04-23,21:00:00,2.7371,Tuesday,21,4,Spring,0
10023456785,2024-04-23 22:00:00,2024-04-23,22:00:00,2.0600,Tuesday,22,4,Spring,0
10023456785,2024-04-23 23:00:00,2024-04-23,23:00:00,1.3892,Tuesday,23,4,Spring,0
10023456785,2024-04-24 00:00:00,2024-04-24,00:00:00,0.9324,Wednesday,0,4,Spring,0
10023456785,2024-04-24 01:00:00,2024-04-24,01:00:00,1.1279,Wednesday,1,4,Spring,0
10023456785,2024-04-24 02:00:00,2024-04-24,02:00:00,0.9325,Wednesday,2,4,Spring,0
10023456785,2024-04-24 03:00:00,2024-04-24,03:00:00,0.7542,Wednesday,3,4,Spring,0
10023456785,2024-04-24 04:00:00,2024-04-24,04:00:00,1.0218,Wednesday,4,4,Spring,0
10023456785,2024-04-24 05:00:00,2024-04-24,05:00:00,1.1725,Wednesday,5,4,Spring,0
10023456785,2024-04-24 06:00:00,2024-04-24,06:00:00,2.1244,Wednesday,6,4,Spring,0
10023456785,2024-04-24 07:00:00,2024-04-24,07:00:00,2.7849,Wednesday,7,4,Spring,0
10023456785,2024-04-24 08:00:00,2024-04-24,08:00:00,3.3819,Wednesday,8,4,Spring,0
10023456785,2024-04-24 09:00:00,2024-04-24,09:00:00,3.4166,Wednesday,9,4,Spring,0
10023456785,2024-04-24 10:00:00,2024-04-24,10:00:00,2.5400,Wednesday,10,4,Spring,0
10023456785,2024-04-24 11:00:00,2024-04-24,11:00:00,2.4479,Wednesday,11,4,Spring,0
10023456785,2024-04-24 12:00:00,2024-04-24,12:00:00,2.6492,Wednesday,12,4,Spring,0
10023456785,2024-04-24 13:00:00,2024-04-24,13:00:00,2.5073,Wednesday,13,4,Spring,0
10023456785,2024-04-24 14:00:00,2024-04-24,14:00:00,2.6419,Wednesday,14,4,Spring,0
10023456785,2024-04-24 15:00:00,2024-04-24,15:00:00,2.3910,Wednesday,15,4,Spring,0
10023456785,2024-04-24 16:00:00,2024-04-24,16:00:00,2.7405,Wednesday,16,4,Spring,0
10023456785,2024-04-24 17:00:00,2024-04-24,17:00:00,2.9023,Wednesday,17,4,Spring,0
10023456785,2024-04-24 18:00:00,2024-04-24,18:00:00,3.3042,Wednesday,18,4,Spring,0
10023456785,2024-04-24 19:00:00,2024-04-24,19:00:00,9.2971,Wednesday,19,4,Spring,1
10023456785,2024-04-24 20:00:00,2024-04-24,20:00:00,2.7514,Wednesday,20,4,Spring,0
10023456785,2024-04-24 21:00:00,2024-04-24,21:00:00,1.9109,Wednesday,21,4,Spring,0
10023456785,2024-04-24 22:00:00,2024-04-24,22:00:00,1.4113,Wednesday,22,4,Spring,0
10023456785,2024-04-24 23:00:00,2024-04-24,23:00:00,1.2448,Wednesday,23,4,Spring,0
10023456785,2024-04-25 00:00:00,2024-04-25,00:00:00,1.3408,Thursday,0,4,Spring,0
10023456785,2024-04-25 01:00:00,2024-04-25,01:00:00,0.9373,Thursday,1,4,Spring,0
10023456785,2024-04-25 02:00:00,2024-04-25,02:00:00,0.8410,Thursday,2,4,Spring,0
10023456785,2024-04-25 03:00:00,2024-04-25,03:00:00,0.7814,Thursday,3,4,Spring,0
10023456785,2024-04-25 04:00:00,2024-04-25,04:00:00,0.9256,Thursday,4,4,Spring,0
10023456785,2024-04-25 05:00:00,2024-04-25,05:00:00,1.5043,Thursday,5,4,Spring,0
10023456785,2024-04-25 06:00:00,2024-04-25,06:00:00,1.9257,Thursday,6,4,Spring,0
10023456785,2024-04-25 07:00:00,2024-04-25,07:00:00,3.2655,Thursday,7,4,Spring,0
10023456785,2024-04-25 08:00:00,2024-04-25,08:00:00,3.4660,Thursday,8,4,Spring,0
10023456785,2024-04-25 09:00:00,2024-04-25,09:00:00,3.2696,Thursday,9,4,Spring,0
10023456785,2024-04-25 10:00:00,2024-04-25,10:00:00,2.6491,Thursday,10,4,Spring,0
10023456785,2024-04-25 11:00:00,2024-04-25,11:00:00,2.8901,Thursday,11,4,Spring,0
10023456785,2024-04-25 12:00:00,2024-04-25,12:00:00,2.5662,Thursday,12,4,Spring,0
10023456785,2024-04-25 13:00:00,2024-04-25,13:00:00,7.4007,Thursday,13,4,Spring,1
10023456785,2024-04-25 14:00:00,2024-04-25,14:00:00,6.3564,Thursday,14,4,Spring,1
10023456785,2024-04-25 15:00:00,2024-04-25,15:00:00,6.1938,Thursday,15,4,Spring,1
10023456785,2024-04-25 16:00:00,2024-04-25,16:00:00,9.0302,Thursday,16,4,Spring,1
10023456785,2024-04-25 17:00:00,2024-04-25,17:00:00,3.7046,Thursday,17,4,Spring,0
10023456785,2024-04-25 18:00:00,2024-04-25,18:00:00,3.3804,Thursday,18,4,Spring,0
10023456785,2024-04-25 19:00:00,2024-04-25,19:00:00,3.2482,Thursday,19,4,Spring,0
10023456785,2024-04-25 20:00:00,2024-04-25,20:00:00,2.7710,Thursday,20,4,Spring,0
10023456785,2024-04-25 21:00:00,2024-04-25,21:00:00,1.9594,Thursday,21,4,Spring,0
10023456785,2024-04-25 22:00:00,2024-04-25,22:00:00,1.7419,Thursday,22,4,Spring,0
10023456785,2024-04-25 23:00:00,2024-04-25,23:00:00,1.1640,Thursday,23,4,Spring,0
10023456785,2024-04-26 00:00:00,2024-04-26,00:00:00,1.5719,Friday,0,4,Spring,0
10023456785,2024-04-26 01:00:00,2024-04-26,01:00:00,1.1358,Friday,1,4,Spring,0
10023456785,2024-04-26 02:00:00,2024-04-26,02:00:00,4.5115,Friday,2,4,Spring,1
10023456785,2024-04-26 03:00:00,2024-04-26,03:00:00,5.9018,Friday,3,4,Spring,1
10023456785,2024-04-26 04:00:00,2024-04-26,04:00:00,6.0425,Friday,4,4,Spring,1
10023456785,2024-04-26 05:00:00,2024-04-26,05:00:00,1.7895,Friday,5,4,Spring,0
10023456785,2024-04-26 06:00:00,2024-04-26,06:00:00,3.2871,Friday,6,4,Spring,0
10023456785,2024-04-26 07:00:00,2024-04-26,07:00:00,3.8920,Friday,7,4,Spring,0
10023456785,2024-04-26 08:00:00,2024-04-26,08:00:00,4.1011,Friday,8,4,Spring,0
10023456785,2024-04-26 09:00:00,2024-04-26,09:00:00,4.4019,Friday,9,4,Spring,0
10023456785,2024-04-26 10:00:00,2024-04-26,10:00:00,4.4220,Friday,10,4,Spring,0
10023456785,2024-04-26 11:00:00,2024-04-26,11:00:00,2.9350,Friday,11,4,Spring,0
10023456785,2024-04-26 12:00:00,2024-04-26,12:00:00,3.3249,Friday,12,4,Spring,0
10023456785,2024-04-26 13:00:00,2024-04-26,13:00:00,3.8105,Friday,13,4,Spring,0
10023456785,2024-04-26 14:00:00,2024-04-26,14:00:00,3.0458,Friday,14,4,Spring,0
10023456785,2024-04-26 15:00:00,2024-04-26,15:00:00,2.8794,Friday,15,4,Spring,0
10023456785,2024-04-26 16:00:00,2024-04-26,16:00:00,4.4849,Friday,16,4,Spring,0
10023456785,2024-04-26 17:00:00,2024-04-26,17:00:00,4.4955,Friday,17,4,Spring,0
10023456785,2024-04-26 18:00:00,2024-04-26,18:00:00,3.9506,Friday,18,4,Spring,0
10023456785,2024-04-26 19:00:00,2024-04-26,19:00:00,4.0597,Friday,19,4,Spring,0
10023456785,2024-04-26 20:00:00,2024-04-26,20:00:00,3.9557,Friday,20,4,Spring,0
10023456785,2024-04-26 21:00:00,2024-04-26,21:00:00,3.4572,Friday,21,4,Spring,0
10023456785,2024-04-26 22:00:00,2024-04-26,22:00:00,1.7099,Friday,22,4,Spring,0
10023456785,2024-04-26 23:00:00,2024-04-26,23:00:00,1.5989,Friday,23,4,Spring,0
10023456785,2024-04-27 00:00:00,2024-04-27,00:00:00,0.9408,Saturday,0,4,Spring,0
10023456785,2024-04-27 01:00:00,2024-04-27,01:00:00,0.9890,Saturday,1,4,Spring,0
10023456785,2024-04-27 02:00:00,2024-04-27,02:00:00,0.8111,Saturday,2,4,Spring,0
10023456785,2024-04-27 03:00:00,2024-04-27,03:00:00,0.7467,Saturday,3,4,Spring,0
10023456785,2024-04-27 04:00:00,2024-04-27,04:00:00,0.8585,Saturday,4,4,Spring,0
10023456785,2024-04-27 05:00:00,2024-04-27,05:00:00,0.9964,Saturday,5,4,Spring,0
10023456785,2024-04-27 06:00:00,2024-04-27,06:00:00,1.4433,Saturday,6,4,Spring,0
10023456785,2024-04-27 07:00:00,2024-04-27,07:00:00,2.1367,Saturday,7,4,Spring,0
10023456785,2024-04-27 08:00:00,2024-04-27,08:00:00,2.5884,Saturday,8,4,Spring,0
10023456785,2024-04-27 09:00:00,2024-04-27,09:00:00,3.4308,Saturday,9,4,Spring,0
10023456785,2024-04-27 10:00:00,2024-04-27,10:00:00,2.9121,Saturday,10,4,Spring,0
10023456785,2024-04-27 11:00:00,2024-04-27,11:00:00,2.4061,Saturday,11,4,Spring,0
10023456785,2024-04-27 12:00:00,2024-04-27,12:00:00,2.7567,Saturday,12,4,Spring,0
10023456785,2024-04-27 13:00:00,2024-04-27,13:00:00,2.0721,Saturday,13,4,Spring,0
10023456785,2024-04-27 14:00:00,2024-04-27,14:00:00,2.7028,Saturday,14,4,Spring,0
10023456785,2024-04-27 15:00:00,2024-04-27,15:00:00,2.2151,Saturday,15,4,Spring,0
10023456785,2024-04-27 16:00:00,2024-04-27,16:00:00,2.8865,Saturday,16,4,Spring,0
10023456785,2024-04-27 17:00:00,2024-04-27,17:00:00,2.7671,Saturday,17,4,Spring,0
10023456785,2024-04-27 18:00:00,2024-04-27,18:00:00,2.8866,Saturday,18,4,Spring,0
10023456785,2024-04-27 19:00:00,2024-04-27,19:00:00,2.8715,Saturday,19,4,Spring,0
10023456785,2024-04-27 20:00:00,2024-04-27,20:00:00,3.7733,Saturday,20,4,Spring,0
10023456785,2024-04-27 21:00:00,2024-04-27,21:00:00,2.3889,Saturday,21,4,Spring,0
10023456785,2024-04-27 22:00:00,2024-04-27,22:00:00,2.0644,Saturday,22,4,Spring,0
10023456785,2024-04-27 23:00:00,2024-04-27,23:00:00,1.4766,Saturday,23,4,Spring,0
10023456785,2024-04-28 00:00:00,2024-04-28,00:00:00,1.0775,Sunday,0,4,Spring,0
10023456785,2024-04-28 01:00:00,2024-04-28,01:00:00,1.1023,Sunday,1,4,Spring,0
10023456785,2024-04-28 02:00:00,2024-04-28,02:00:00,0.9683,Sunday,2,4,Spring,0
10023456785,2024-04-28 03:00:00,2024-04-28,03:00:00,0.9858,Sunday,3,4,Spring,0
10023456785,2024-04-28 04:00:00,2024-04-28,04:00:00,0.9661,Sunday,4,4,Spring,0
10023456785,2024-04-28 05:00:00,2024-04-28,05:00:00,1.1687,Sunday,5,4,Spring,0
10023456785,2024-04-28 06:00:00,2024-04-28,06:00:00,1.6647,Sunday,6,4,Spring,0
10023456785,2024-04-28 07:00:00,2024-04-28,07:00:00,2.1668,Sunday,7,4,Spring,0
10023456785,2024-04-28 08:00:00,2024-04-28,08:00:00,2.4791,Sunday,8,4,Spring,0
10023456785,2024-04-28 09:00:00,2024-04-28,09:00:00,2.4850,Sunday,9,4,Spring,0
10023456785,2024-04-28 10:00:00,2024-04-28,10:00:00,2.2675,Sunday,10,4,Spring,0
10023456785,2024-04-28 11:00:00,2024-04-28,11:00:00,2.4606,Sunday,11,4,Spring,0
10023456785,2024-04-28 12:00:00,2024-04-28,12:00:00,2.8360,Sunday,12,4,Spring,0
10023456785,2024-04-28 13:00:00,2024-04-28,13:00:00,1.8446,Sunday,13,4,Spring,0
10023456785,2024-04-28 14:00:00,2024-04-28,14:00:00,2.6595,Sunday,14,4,Spring,0
10023456785,2024-04-28 15:00:00,2024-04-28,15:00:00,2.3056,Sunday,15,4,Spring,0
10023456785,2024-04-28 16:00:00,2024-04-28,16:00:00,2.8858,Sunday,16,4,Spring,0
10023456785,2024-04-28 17:00:00,2024-04-28,17:00:00,3.0627,Sunday,17,4,Spring,0
10023456785,2024-04-28 18:00:00,2024-04-28,18:00:00,3.3204,Sunday,18,4,Spring,0
10023456785,2024-04-28 19:00:00,2024-04-28,19:00:00,2.8924,Sunday,19,4,Spring,0
10023456785,2024-04-28 20:00:00,2024-04-28,20:00:00,2.7204,Sunday,20,4,Spring,0
10023456785,2024-04-28 21:00:00,2024-04-28,21:00:00,2.9157,Sunday,21,4,Spring,0
10023456785,2024-04-28 22:00:00,2024-04-28,22:00:00,2.0865,Sunday,22,4,Spring,0
10023456785,2024-04-28 23:00:00,2024-04-28,23:00:00,1.6009,Sunday,23,4,Spring,0
10023456785,2024-04-29 00:00:00,2024-04-29,00:00:00,1.3475,Monday,0,4,Spring,0
10023456785,2024-04-29 01:00:00,2024-04-29,01:00:00,1.3619,Monday,1,4,Spring,0
10023456785,2024-04-29 02:00:00,2024-04-29,02:00:00,1.3180,Monday,2,4,Spring,0
10023456785,2024-04-29 03:00:00,2024-04-29,03:00:00,1.1666,Monday,3,4,Spring,0
10023456785,2024-04-29 04:00:00,2024-04-29,04:00:00,1.1301,Monday,4,4,Spring,0
10023456785,2024-04-29 05:00:00,2024-04-29,05:00:00,1.7939,Monday,5,4,Spring,0
10023456785,2024-04-29 06:00:00,2024-04-29,06:00:00,2.8747,Monday,6,4,Spring,0
10023456785,2024-04-29 07:00:00,2024-04-29,07:00:00,3.4240,Monday,7,4,Spring,0
10023456785,2024-04-29 08:00:00,2024-04-29,08:00:00,4.1133,Monday,8,4,Spring,0
10023456785,2024-04-29 09:00:00,2024-04-29,09:00:00,3.5644,Monday,9,4,Spring,0
10023456785,2024-04-29 10:00:00,2024-04-29,10:00:00,4.0000,Monday,10,4,Spring,0
10023456785,2024-04-29 11:00:00,2024-04-29,11:00:00,3.0665,Monday,11,4,Spring,0
10023456785,2024-04-29 12:00:00,2024-04-29,12:00:00,3.1625,Monday,12,4,Spring,0
10023456785,2024-04-29 13:00:00,2024-04-29,13:00:00,2.7163,Monday,13,4,Spring,0
10023456785,2024-04-29 14:00:00,2024-04-29,14:00:00,4.3072,Monday,14,4,Spring,0
10023456785,2024-04-29 15:00:00,2024-04-29,15:00:00,2.8913,Monday,15,4,Spring,0
10023456785,2024-04-29 16:00:00,2024-04-29,16:00:00,3.7558,Monday,16,4,Spring,0
10023456785,2024-04-29 17:00:00,2024-04-29,17:00:00,4.5653,Monday,17,4,Spring,0
10023456785,2024-04-29 18:00:00,2024-04-29,18:00:00,4.2916,Monday,18,4,Spring,0
10023456785,2024-04-29 19:00:00,2024-04-29,19:00:00,5.3133,Monday,19,4,Spring,0
10023456785,2024-04-29 20:00:00,2024-04-29,20:00:00,3.7201,Monday,20,4,Spring,0
10023456785,2024-04-29 21:00:00,2024-04-29,21:00:00,2.7491,Monday,21,4,Spring,0
10023456785,2024-04-29 22:00:00,2024-04-29,22:00:00,2.3634,Monday,22,4,Spring,0
10023456785,2024-04-29 23:00:00,2024-04-29,23:00:00,1.6540,Monday,23,4,Spring,0
10023456785,2024-04-30 00:00:00,2024-04-30,00:00:00,1.3976,Tuesday,0,4,Spring,0
10023456785,2024-04-30 01:00:00,2024-04-30,01:00:00,1.2232,Tuesday,1,4,Spring,0
10023456785,2024-04-30 02:00:00,2024-04-30,02:00:00,1.4861,Tuesday,2,4,Spring,0
10023456785,2024-04-30 03:00:00,2024-04-30,03:00:00,1.0631,Tuesday,3,4,Spring,0
10023456785,2024-04-30 04:00:00,2024-04-30,04:00:00,1.4916,Tuesday,4,4,Spring,0
10023456785,2024-04-30 05:00:00,2024-04-30,05:00:00,1.8922,Tuesday,5,4,Spring,0
10023456785,2024-04-30 06:00:00,2024-04-30,06:00:00,2.7768,Tuesday,6,4,Spring,0
10023456785,2024-04-30 07:00:00,2024-04-30,07:00:00,3.4882,Tuesday,7,4,Spring,0
10023456785,2024-04-30 08:00:00,2024-04-30,08:00:00,4.2762,Tuesday,8,4,Spring,0
10023456785,2024-04-30 09:00:00,2024-04-30,09:00:00,3.9910,Tuesday,9,4,Spring,0
10023456785,2024-04-30 10:00:00,2024-04-30,10:00:00,3.8739,Tuesday,10,4,Spring,0
10023456785,2024-04-30 11:00:00,2024-04-30,11:00:00,3.1541,Tuesday,11,4,Spring,0
10023456785,2024-04-30 12:00:00,2024-04-30,12:00:00,4.1274,Tuesday,12,4,Spring,0
10023456785,2024-04-30 13:00:00,2024-04-30,13:00:00,3.2873,Tuesday,13,4,Spring,0
10023456785,2024-04-30 14:00:00,2024-04-30,14:00:00,3.7590,Tuesday,14,4,Spring,0
10023456785,2024-04-30 15:00:00,2024-04-30,15:00:00,3.7243,Tuesday,15,4,Spring,0
10023456785,2024-04-30 16:00:00,2024-04-30,16:00:00,4.5453,Tuesday,16,4,Spring,0
10023456785,2024-04-30 17:00:00,2024-04-30,17:00:00,4.5116,Tuesday,17,4,Spring,0
10023456785,2024-04-30 18:00:00,2024-04-30,18:00:00,3.9190,Tuesday,18,4,Spring,0
10023456785,2024-04-30 19:00:00,2024-04-30,19:00:00,4.9120,Tuesday,19,4,Spring,0
10023456785,2024-04-30 20:00:00,2024-04-30,20:00:00,3.5396,Tuesday,20,4,Spring,0
10023456785,2024-04-30 21:00:00,2024-04-30,21:00:00,3.5604,Tuesday,21,4,Spring,0
10023456785,2024-04-30 22:00:00,2024-04-30,22:00:00,2.2620,Tuesday,22,4,Spring,0
10023456785,2024-04-30 23:00:00,2024-04-30,23:00:00,1.9863,Tuesday,23,4,Spring,0
10023456785,2024-05-01 00:00:00,2024-05-01,00:00:00,1.4612,Wednesday,0,5,Spring,0
10023456785,2024-05-01 01:00:00,2024-05-01,01:00:00,1.4620,Wednesday,1,5,Spring,0
10023456785,2024-05-01 02:00:00,2024-05-01,02:00:00,7.3580,Wednesday,2,5,Spring,1
10023456785,2024-05-01 03:00:00,2024-05-01,03:00:00,7.0754,Wednesday,3,5,Spring,1
10023456785,2024-05-01 04:00:00,2024-05-01,04:00:00,6.4835,Wednesday,4,5,Spring,1
10023456785,2024-05-01 05:00:00,2024-05-01,05:00:00,2.1532,Wednesday,5,5,Spring,0
10023456785,2024-05-01 06:00:00,2024-05-01,06:00:00,3.6526,Wednesday,6,5,Spring,0
10023456785,2024-05-01 07:00:00,2024-05-01,07:00:00,3.5840,Wednesday,7,5,Spring,0
10023456785,2024-05-01 08:00:00,2024-05-01,08:00:00,4.2658,Wednesday,8,5,Spring,0
10023456785,2024-05-01 09:00:00,2024-05-01,09:00:00,3.6597,Wednesday,9,5,Spring,0
10023456785,2024-05-01 10:00:00,2024-05-01,10:00:00,3.2823,Wednesday,10,5,Spring,0
10023456785,2024-05-01 11:00:00,2024-05-01,11:00:00,2.9482,Wednesday,11,5,Spring,0
10023456785,2024-05-01 12:00:00,2024-05-01,12:00:00,3.2088,Wednesday,12,5,Spring,0
10023456785,2024-05-01 13:00:00,2024-05-01,13:00:00,3.4454,Wednesday,13,5,Spring,0
10023456785,2024-05-01 14:00:00,2024-05-01,14:00:00,2.9266,Wednesday,14,5,Spring,0
10023456785,2024-05-01 15:00:00,2024-05-01,15:00:00,2.8384,Wednesday,15,5,Spring,0
10023456785,2024-05-01 16:00:00,2024-05-01,16:00:00,3.4482,Wednesday,16,5,Spring,0
10023456785,2024-05-01 17:00:00,2024-05-01,17:00:00,3.6354,Wednesday,17,5,Spring,0
10023456785,2024-05-01 18:00:00,2024-05-01,18:00:00,3.6826,Wednesday,18,5,Spring,0
10023456785,2024-05-01 19:00:00,2024-05-01,19:00:00,0.3534,Wednesday,19,5,Spring,1
10023456785,2024-05-01 20:00:00,2024-05-01,20:00:00,0.3702,Wednesday,20,5,Spring,1
10023456785,2024-05-01 21:00:00,2024-05-01,21:00:00,0.2888,Wednesday,21,5,Spring,1
10023456785,2024-05-01 22:00:00,2024-05-01,22:00:00,2.0280,Wednesday,22,5,Spring,0
10023456785,2024-05-01 23:00:00,2024-05-01,23:00:00,1.7380,Wednesday,23,5,Spring,0
10023456785,2024-05-02 00:00:00,2024-05-02,00:00:00,1.2548,Thursday,0,5,Spring,0
10023456785,2024-05-02 01:00:00,2024-05-02,01:00:00,1.5024,Thursday,1,5,Spring,0
10023456785,2024-05-02 02:00:00,2024-05-02,02:00:00,1.4944,Thursday,2,5,Spring,0
10023456785,2024-05-02 03:00:00,2024-05-02,03:00:00,1.0292,Thursday,3,5,Spring,0
10023456785,2024-05-02 04:00:00,2024-05-02,04:00:00,1.2344,Thursday,4,5,Spring,0
10023456785,2024-05-02 05:00:00,2024-05-02,05:00:00,1.9406,Thursday,5,5,Spring,0
10023456785,2024-05-02 06:00:00,2024-05-02,06:00:00,4.0981,Thursday,6,5,Spring,0
10023456785,2024-05-02 07:00:00,2024-05-02,07:00:00,3.9751,Thursday,7,5,Spring,0
10023456785,2024-05-02 08:00:00,2024-05-02,08:00:00,4.8875,Thursday,8,5,Spring,0
10023456785,2024-05-02 09:00:00,2024-05-02,09:00:00,4.8356,Thursday,9,5,Spring,0
10023456785,2024-05-02 10:00:00,2024-05-02,10:00:00,6.2073,Thursday,10,5,Spring,0
10023456785,2024-05-02 11:00:00,2024-05-02,11:00:00,3.6039,Thursday,11,5,Spring,0
10023456785,2024-05-02 12:00:00,2024-05-02,12:00:00,3.5918,Thursday,12,5,Spring,0
10023456785,2024-05-02 13:00:00,2024-05-02,13:00:00,3.8804,Thursday,13,5,Spring,0
10023456785,2024-05-02 14:00:00,2024-05-02,14:00:00,4.9197,Thursday,14,5,Spring,0
10023456785,2024-05-02 15:00:00,2024-05-02,15:00:00,3.8863,Thursday,15,5,Spring,0
10023456785,2024-05-02 16:00:00,2024-05-02,16:00:00,5.0743,Thursday,16,5,Spring,0
10023456785,2024-05-02 17:00:00,2024-05-02,17:00:00,5.2781,Thursday,17,5,Spring,0
10023456785,2024-05-02 18:00:00,2024-05-02,18:00:00,5.3097,Thursday,18,5,Spring,0
10023456785,2024-05-02 19:00:00,2024-05-02,19:00:00,12.2610,Thursday,19,5,Spring,1
10023456785,2024-05-02 20:00:00,2024-05-02,20:00:00,14.3688,Thursday,20,5,Spring,1
10023456785,2024-05-02 21:00:00,2024-05-02,21:00:00,9.1716,Thursday,21,5,Spring,1
10023456785,2024-05-02 22:00:00,2024-05-02,22:00:00,7.0408,Thursday,22,5,Spring,1
10023456785,2024-05-02 23:00:00,2024-05-02,23:00:00,6.8468,Thursday,23,5,Spring,1
10023456785,2024-05-03 00:00:00,2024-05-03,00:00:00,1.5536,Friday,0,5,Spring,0
10023456785,2024-05-03 01:00:00,2024-05-03,01:00:00,1.1792,Friday,1,5,Spring,0
10023456785,2024-05-03 02:00:00,2024-05-03,02:00:00,1.3456,Friday,2,5,Spring,0
10023456785,2024-05-03 03:00:00,2024-05-03,03:00:00,1.0950,Friday,3,5,Spring,0
10023456785,2024-05-03 04:00:00,2024-05-03,04:00:00,1.3522,Friday,4,5,Spring,0
10023456785,2024-05-03 05:00:00,2024-05-03,05:00:00,1.8373,Friday,5,5,Spring,0
10023456785,2024-05-03 06:00:00,2024-05-03,06:00:00,3.0767,Friday,6,5,Spring,0
10023456785,2024-05-03 07:00:00,2024-05-03,07:00:00,4.5830,Friday,7,5,Spring,0
10023456785,2024-05-03 08:00:00,2024-05-03,08:00:00,3.9467,Friday,8,5,Spring,0
10023456785,2024-05-03 09:00:00,2024-05-03,09:00:00,4.5179,Friday,9,5,Spring,0
10023456785,2024-05-03 10:00:00,2024-05-03,10:00:00,3.5293,Friday,10,5,Spring,0
10023456785,2024-05-03 11:00:00,2024-05-03,11:00:00,4.7287,Friday,11,5,Spring,0
10023456785,2024-05-03 12:00:00,2024-05-03,12:00:00,4.3478,Friday,12,5,Spring,0
10023456785,2024-05-03 13:00:00,2024-05-03,13:00:00,4.1331,Friday,13,5,Spring,0
10023456785,2024-05-03 14:00:00,2024-05-03,14:00:00,4.0561,Friday,14,5,Spring,0
10023456785,2024-05-03 15:00:00,2024-05-03,15:00:00,3.9925,Friday,15,5,Spring,0
10023456785,2024-05-03 16:00:00,2024-05-03,16:00:00,4.8068,Friday,16,5,Spring,0
10023456785,2024-05-03 17:00:00,2024-05-03,17:00:00,4.2562,Friday,17,5,Spring,0
10023456785,2024-05-03 18:00:00,2024-05-03,18:00:00,4.7435,Friday,18,5,Spring,0
10023456785,2024-05-03 19:00:00,2024-05-03,19:00:00,5.2312,Friday,19,5,Spring,0
10023456785,2024-05-03 20:00:00,2024-05-03,20:00:00,3.4755,Friday,20,5,Spring,0
10023456785,2024-05-03 21:00:00,2024-05-03,21:00:00,3.1611,Friday,21,5,Spring,0
10023456785,2024-05-03 22:00:00,2024-05-03,22:00:00,2.1960,Friday,22,5,Spring,0
10023456785,2024-05-03 23:00:00,2024-05-03,23:00:00,1.6777,Friday,23,5,Spring,0
10023456785,2024-05-04 00:00:00,2024-05-04,00:00:00,1.2482,Saturday,0,5,Spring,0
10023456785,2024-05-04 01:00:00,2024-05-04,01:00:00,1.1770,Saturday,1,5,Spring,0
10023456785,2024-05-04 02:00:00,2024-05-04,02:00:00,0.8871,Saturday,2,5,Spring,0
10023456785,2024-05-04 03:00:00,2024-05-04,03:00:00,0.9540,Saturday,3,5,Spring,0
10023456785,2024-05-04 04:00:00,2024-05-04,04:00:00,1.0523,Saturday,4,5,Spring,0
10023456785,2024-05-04 05:00:00,2024-05-04,05:00:00,1.2638,Saturday,5,5,Spring,0
10023456785,2024-05-04 06:00:00,2024-05-04,06:00:00,1.6754,Saturday,6,5,Spring,0
10023456785,2024-05-04 07:00:00,2024-05-04,07:00:00,2.4797,Saturday,7,5,Spring,0
10023456785,2024-05-04 08:00:00,2024-05-04,08:00:00,2.7836,Saturday,8,5,Spring,0
10023456785,2024-05-04 09:00:00,2024-05-04,09:00:00,3.3167,Saturday,9,5,Spring,0
10023456785,2024-05-04 10:00:00,2024-05-04,10:00:00,3.2201,Saturday,10,5,Spring,0
10023456785,2024-05-04 11:00:00,2024-05-04,11:00:00,3.0331,Saturday,11,5,Spring,0
10023456785,2024-05-04 12:00:00,2024-05-04,12:00:00,2.5721,Saturday,12,5,Spring,0
10023456785,2024-05-04 13:00:00,2024-05-04,13:00:00,2.3568,Saturday,13,5,Spring,0
10023456785,2024-05-04 14:00:00,2024-05-04,14:00:00,2.2156,Saturday,14,5,Spring,0
10023456785,2024-05-04 15:00:00,2024-05-04,15:00:00,2.5638,Saturday,15,5,Spring,0
10023456785,2024-05-04 16:00:00,2024-05-04,16:00:00,3.3755,Saturday,16,5,Spring,0
10023456785,2024-05-04 17:00:00,2024-05-04,17:00:00,2.5864,Saturday,17,5,Spring,0
10023456785,2024-05-04 18:00:00,2024-05-04,18:00:00,3.3953,Saturday,18,5,Spring,0
10023456785,2024-05-04 19:00:00,2024-05-04,19:00:00,3.4246,Saturday,19,5,Spring,0
10023456785,2024-05-04 20:00:00,2024-05-04,20:00:00,3.1503,Saturday,20,5,Spring,0
10023456785,2024-05-04 21:00:00,2024-05-04,21:00:00,2.5566,Saturday,21,5,Spring,0
10023456785,2024-05-04 22:00:00,2024-05-04,22:00:00,0.2524,Saturday,22,5,Spring,1
10023456785,2024-05-04 23:00:00,2024-05-04,23:00:00,1.5304,Saturday,23,5,Spring,0
10023456785,2024-05-05 00:00:00,2024-05-05,00:00:00,1.1269,Sunday,0,5,Spring,0
10023456785,2024-05-05 01:00:00,2024-05-05,01:00:00,1.3523,Sunday,1,5,Spring,0
10023456785,2024-05-05 02:00:00,2024-05-05,02:00:00,0.9476,Sunday,2,5,Spring,0
10023456785,2024-05-05 03:00:00,2024-05-05,03:00:00,1.1523,Sunday,3,5,Spring,0
10023456785,2024-05-05 04:00:00,2024-05-05,04:00:00,1.0738,Sunday,4,5,Spring,0
10023456785,2024-05-05 05:00:00,2024-05-05,05:00:00,1.3299,Sunday,5,5,Spring,0
10023456785,2024-05-05 06:00:00,2024-05-05,06:00:00,1.8672,Sunday,6,5,Spring,0
10023456785,2024-05-05 07:00:00,2024-05-05,07:00:00,2.2273,Sunday,7,5,Spring,0
10023456785,2024-05-05 08:00:00,2024-05-05,08:00:00,2.7703,Sunday,8,5,Spring,0
10023456785,2024-05-05 09:00:00,2024-05-05,09:00:00,2.4669,Sunday,9,5,Spring,0
10023456785,2024-05-05 10:00:00,2024-05-05,10:00:00,3.0452,Sunday,10,5,Spring,0
10023456785,2024-05-05 11:00:00,2024-05-05,11:00:00,3.8024,Sunday,11,5,Spring,0
10023456785,2024-05-05 12:00:00,2024-05-05,12:00:00,3.0242,Sunday,12,5,Spring,0
10023456785,2024-05-05 13:00:00,2024-05-05,13:00:00,2.3433,Sunday,13,5,Spring,0
10023456785,2024-05-05 14:00:00,2024-05-05,14:00:00,2.7739,Sunday,14,5,Spring,0
10023456785,2024-05-05 15:00:00,2024-05-05,15:00:00,2.3718,Sunday,15,5,Spring,0
10023456785,2024-05-05 16:00:00,2024-05-05,16:00:00,2.7853,Sunday,16,5,Spring,0
10023456785,2024-05-05 17:00:00,2024-05-05,17:00:00,2.9662,Sunday,17,5,Spring,0
10023456785,2024-05-05 18:00:00,2024-05-05,18:00:00,3.1622,Sunday,18,5,Spring,0
10023456785,2024-05-05 19:00:00,2024-05-05,19:00:00,4.2805,Sunday,19,5,Spring,0
10023456785,2024-05-05 20:00:00,2024-05-05,20:00:00,3.1751,Sunday,20,5,Spring,0
10023456785,2024-05-05 21:00:00,2024-05-05,21:00:00,3.4678,Sunday,21,5,Spring,0
10023456785,2024-05-05 22:00:00,2024-05-05,22:00:00,2.2694,Sunday,22,5,Spring,0
10023456785,2024-05-05 23:00:00,2024-05-05,23:00:00,1.4208,Sunday,23,5,Spring,0
10023456785,2024-05-06 00:00:00,2024-05-06,00:00:00,1.1332,Monday,0,5,Spring,0
10023456785,2024-05-06 01:00:00,2024-05-06,01:00:00,1.1614,Monday,1,5,Spring,0
10023456785,2024-05-06 02:00:00,2024-05-06,02:00:00,0.9693,Monday,2,5,Spring,0
10023456785,2024-05-06 03:00:00,2024-05-06,03:00:00,1.2403,Monday,3,5,Spring,0
10023456785,2024-05-06 04:00:00,2024-05-06,04:00:00,1.2795,Monday,4,5,Spring,0
10023456785,2024-05-06 05:00:00,2024-05-06,05:00:00,1.5667,Monday,5,5,Spring,0
10023456785,2024-05-06 06:00:00,2024-05-06,06:00:00,2.3034,Monday,6,5,Spring,0
10023456785,2024-05-06 07:00:00,2024-05-06,07:00:00,4.0966,Monday,7,5,Spring,0
10023456785,2024-05-06 08:00:00,2024-05-06,08:00:00,4.2716,Monday,8,5,Spring,0
10023456785,2024-05-06 09:00:00,2024-05-06,09:00:00,4.4897,Monday,9,5,Spring,0
10023456785,2024-05-06 10:00:00,2024-05-06,10:00:00,3.8036,Monday,10,5,Spring,0
10023456785,2024-05-06 11:00:00,2024-05-06,11:00:00,2.9228,Monday,11,5,Spring,0
10023456785,2024-05-06 12:00:00,2024-05-06,12:00:00,2.8732,Monday,12,5,Spring,0
10023456785,2024-05-06 13:00:00,2024-05-06,13:00:00,3.4857,Monday,13,5,Spring,0
10023456785,2024-05-06 14:00:00,2024-05-06,14:00:00,3.4329,Monday,14,5,Spring,0
10023456785,2024-05-06 15:00:00,2024-05-06,15:00:00,3.7251,Monday,15,5,Spring,0
10023456785,2024-05-06 16:00:00,2024-05-06,16:00:00,4.3858,Monday,16,5,Spring,0
10023456785,2024-05-06 17:00:00,2024-05-06,17:00:00,3.5702,Monday,17,5,Spring,0
10023456785,2024-05-06 18:00:00,2024-05-06,18:00:00,4.0158,Monday,18,5,Spring,0
10023456785,2024-05-06 19:00:00,2024-05-06,19:00:00,3.8718,Monday,19,5,Spring,0
10023456785,2024-05-06 20:00:00,2024-05-06,20:00:00,3.4190,Monday,20,5,Spring,0
10023456785,2024-05-06 21:00:00,2024-05-06,21:00:00,2.3458,Monday,21,5,Spring,0
10023456785,2024-05-06 22:00:00,2024-05-06,22:00:00,1.7222,Monday,22,5,Spring,0
10023456785,2024-05-06 23:00:00,2024-05-06,23:00:00,1.6024,Monday,23,5,Spring,0
10023456785,2024-05-07 00:00:00,2024-05-07,00:00:00,1.4506,Tuesday,0,5,Spring,0
10023456785,2024-05-07 01:00:00,2024-05-07,01:00:00,1.0037,Tuesday,1,5,Spring,0
10023456785,2024-05-07 02:00:00,2024-05-07,02:00:00,3.4078,Tuesday,2,5,Spring,1
10023456785,2024-05-07 03:00:00,2024-05-07,03:00:00,1.0166,Tuesday,3,5,Spring,0
10023456785,2024-05-07 04:00:00,2024-05-07,04:00:00,1.2567,Tuesday,4,5,Spring,0
10023456785,2024-05-07 05:00:00,2024-05-07,05:00:00,2.0040,Tuesday,5,5,Spring,0
10023456785,2024-05-07 06:00:00,2024-05-07,06:00:00,2.6264,Tuesday,6,5,Spring,0
10023456785,2024-05-07 07:00:00,2024-05-07,07:00:00,3.3858,Tuesday,7,5,Spring,0
10023456785,2024-05-07 08:00:00,2024-05-07,08:00:00,5.4205,Tuesday,8,5,Spring,0
10023456785,2024-05-07 09:00:00,2024-05-07,09:00:00,3.0371,Tuesday,9,5,Spring,0
10023456785,2024-05-07 10:00:00,2024-05-07,10:00:00,3.9448,Tuesday,10,5,Spring,0
10023456785,2024-05-07 11:00:00,2024-05-07,11:00:00,3.3433,Tuesday,11,5,Spring,0
10023456785,2024-05-07 12:00:00,2024-05-07,12:00:00,3.2178,Tuesday,12,5,Spring,0
10023456785,2024-05-07 13:00:00,2024-05-07,13:00:00,3.5187,Tuesday,13,5,Spring,0
10023456785,2024-05-07 14:00:00,2024-05-07,14:00:00,3.1260,Tuesday,14,5,Spring,0
10023456785,2024-05-07 15:00:00,2024-05-07,15:00:00,3.2322,Tuesday,15,5,Spring,0
10023456785,2024-05-07 16:00:00,2024-05-07,16:00:00,3.3391,Tuesday,16,5,Spring,0
10023456785,2024-05-07 17:00:00,2024-05-07,17:00:00,3.8964,Tuesday,17,5,Spring,0
10023456785,2024-05-07 18:00:00,2024-05-07,18:00:00,3.8508,Tuesday,18,5,Spring,0
10023456785,2024-05-07 19:00:00,2024-05-07,19:00:00,4.5266,Tuesday,19,5,Spring,0
10023456785,2024-05-07 20:00:00,2024-05-07,20:00:00,3.6617,Tuesday,20,5,Spring,0
10023456785,2024-05-07 21:00:00,2024-05-07,21:00:00,0.2982,Tuesday,21,5,Spring,1
10023456785,2024-05-07 22:00:00,2024-05-07,22:00:00,1.5846,Tuesday,22,5,Spring,0
10023456785,2024-05-07 23:00:00,2024-05-07,23:00:00,1.5182,Tuesday,23,5,Spring,0
10023456785,2024-05-08 00:00:00,2024-05-08,00:00:00,1.0341,Wednesday,0,5,Spring,0
10023456785,2024-05-08 01:00:00,2024-05-08,01:00:00,0.7697,Wednesday,1,5,Spring,0
10023456785,2024-05-08 02:00:00,2024-05-08,02:00:00,0.8338,Wednesday,2,5,Spring,0
10023456785,2024-05-08 03:00:00,2024-05-08,03:00:00,0.9836,Wednesday,3,5,Spring,0
10023456785,2024-05-08 04:00:00,2024-05-08,04:00:00,0.8727,Wednesday,4,5,Spring,0
10023456785,2024-05-08 05:00:00,2024-05-08,05:00:00,1.2126,Wednesday,5,5,Spring,0
10023456785,2024-05-08 06:00:00,2024-05-08,06:00:00,2.0404,Wednesday,6,5,Spring,0
10023456785,2024-05-08 07:00:00,2024-05-08,07:00:00,2.3571,Wednesday,7,5,Spring,0
10023456785,2024-05-08 08:00:00,2024-05-08,08:00:00,2.8628,Wednesday,8,5,Spring,0
10023456785,2024-05-08 09:00:00,2024-05-08,09:00:00,2.7450,Wednesday,9,5,Spring,0
10023456785,2024-05-08 10:00:00,2024-05-08,10:00:00,2.7970,Wednesday,10,5,Spring,0
10023456785,2024-05-08 11:00:00,2024-05-08,11:00:00,2.7522,Wednesday,11,5,Spring,0
10023456785,2024-05-08 12:00:00,2024-05-08,12:00:00,3.0612,Wednesday,12,5,Spring,0
10023456785,2024-05-08 13:00:00,2024-05-08,13:00:00,2.2545,Wednesday,13,5,Spring,0
10023456785,2024-05-08 14:00:00,2024-05-08,14:00:00,2.1413,Wednesday,14,5,Spring,0
10023456785,2024-05-08 15:00:00,2024-05-08,15:00:00,2.7571,Wednesday,15,5,Spring,0
10023456785,2024-05-08 16:00:00,2024-05-08,16:00:00,3.3745,Wednesday,16,5,Spring,0
10023456785,2024-05-08 17:00:00,2024-05-08,17:00:00,3.1021,Wednesday,17,5,Spring,0
10023456785,2024-05-08 18:00:00,2024-05-08,18:00:00,3.5374,Wednesday,18,5,Spring,0
10023456785,2024-05-08 19:00:00,2024-05-08,19:00:00,2.5997,Wednesday,19,5,Spring,0
10023456785,2024-05-08 20:00:00,2024-05-08,20:00:00,2.9136,Wednesday,20,5,Spring,0
10023456785,2024-05-08 21:00:00,2024-05-08,21:00:00,2.0123,Wednesday,21,5,Spring,0
10023456785,2024-05-08 22:00:00,2024-05-08,22:00:00,1.3878,Wednesday,22,5,Spring,0
10023456785,2024-05-08 23:00:00,2024-05-08,23:00:00,1.0306,Wednesday,23,5,Spring,0
10023456785,2024-05-09 00:00:00,2024-05-09,00:00:00,1.2319,Thursday,0,5,Spring,0
10023456785,2024-05-09 01:00:00,2024-05-09,01:00:00,1.0276,Thursday,1,5,Spring,0
10023456785,2024-05-09 02:00:00,2024-05-09,02:00:00,3.9348,Thursday,2,5,Spring,1
10023456785,2024-05-09 03:00:00,2024-05-09,03:00:00,4.1194,Thursday,3,5,Spring,1
10023456785,2024-05-09 04:00:00,2024-05-09,04:00:00,1.1228,Thursday,4,5,Spring,0
10023456785,2024-05-09 05:00:00,2024-05-09,05:00:00,1.4375,Thursday,5,5,Spring,0
10023456785,2024-05-09 06:00:00,2024-05-09,06:00:00,2.7003,Thursday,6,5,Spring,0
10023456785,2024-05-09 07:00:00,2024-05-09,07:00:00,3.3091,Thursday,7,5,Spring,0
10023456785,2024-05-09 08:00:00,2024-05-09,08:00:00,3.8603,Thursday,8,5,Spring,0
10023456785,2024-05-09 09:00:00,2024-05-09,09:00:00,3.7083,Thursday,9,5,Spring,0
10023456785,2024-05-09 10:00:00,2024-05-09,10:00:00,2.6062,Thursday,10,5,Spring,0
10023456785,2024-05-09 11:00:00,2024-05-09,11:00:00,2.8943,Thursday,11,5,Spring,0
10023456785,2024-05-09 12:00:00,2024-05-09,12:00:00,6.5742,Thursday,12,5,Spring,1
10023456785,2024-05-09 13:00:00,2024-05-09,13:00:00,7.3276,Thursday,13,5,Spring,1
10023456785,2024-05-09 14:00:00,2024-05-09,14:00:00,6.2079,Thursday,14,5,Spring,1
10023456785,2024-05-09 15:00:00,2024-05-09,15:00:00,2.9380,Thursday,15,5,Spring,0
10023456785,2024-05-09 16:00:00,2024-05-09,16:00:00,3.4348,Thursday,16,5,Spring,0
10023456785,2024-05-09 17:00:00,2024-05-09,17:00:00,3.9289,Thursday,17,5,Spring,0
10023456785,2024-05-09 18:00:00,2024-05-09,18:00:00,3.2060,Thursday,18,5,Spring,0
10023456785,2024-05-09 19:00:00,2024-05-09,19:00:00,3.6435,Thursday,19,5,Spring,0
10023456785,2024-05-09 20:00:00,2024-05-09,20:00:00,3.3001,Thursday,20,5,Spring,0
10023456785,2024-05-09 21:00:00,2024-05-09,21:00:00,3.0869,Thursday,21,5,Spring,0
10023456785,2024-05-09 22:00:00,2024-05-09,22:00:00,2.3775,Thursday,22,5,Spring,0
10023456785,2024-05-09 23:00:00,2024-05-09,23:00:00,1.3185,Thursday,23,5,Spring,0
10023456785,2024-05-10 00:00:00,2024-05-10,00:00:00,0.7544,Friday,0,5,Spring,0
10023456785,2024-05-10 01:00:00,2024-05-10,01:00:00,0.8011,Friday,1,5,Spring,0
10023456785,2024-05-10 02:00:00,2024-05-10,02:00:00,0.9354,Friday,2,5,Spring,0
10023456785,2024-05-10 03:00:00,2024-05-10,03:00:00,1.1013,Friday,3,5,Spring,0
10023456785,2024-05-10 04:00:00,2024-05-10,04:00:00,0.8996,Friday,4,5,Spring,0
10023456785,2024-05-10 05:00:00,2024-05-10,05:00:00,1.4186,Friday,5,5,Spring,0
10023456785,2024-05-10 06:00:00,2024-05-10,06:00:00,1.7719,Friday,6,5,Spring,0
10023456785,2024-05-10 07:00:00,2024-05-10,07:00:00,2.8564,Friday,7,5,Spring,0
10023456785,2024-05-10 08:00:00,2024-05-10,08:00:00,3.4778,Friday,8,5,Spring,0
10023456785,2024-05-10 09:00:00,2024-05-10,09:00:00,2.3878,Friday,9,5,Spring,0
10023456785,2024-05-10 10:00:00,2024-05-10,10:00:00,11.9382,Friday,10,5,Spring,1
10023456785,2024-05-10 11:00:00,2024-05-10,11:00:00,2.5272,Friday,11,5,Spring,0
10023456785,2024-05-10 12:00:00,2024-05-10,12:00:00,1.9933,Friday,12,5,Spring,0
10023456785,2024-05-10 13:00:00,2024-05-10,13:00:00,2.6779,Friday,13,5,Spring,0
10023456785,2024-05-10 14:00:00,2024-05-10,14:00:00,2.1822,Friday,14,5,Spring,0
10023456785,2024-05-10 15:00:00,2024-05-10,15:00:00,1.8298,Friday,15,5,Spring,0
10023456785,2024-05-10 16:00:00,2024-05-10,16:00:00,19.0664,Friday,16,5,Spring,1
10023456785,2024-05-10 17:00:00,2024-05-10,17:00:00,3.7436,Friday,17,5,Spring,0
10023456785,2024-05-10 18:00:00,2024-05-10,18:00:00,3.7061,Friday,18,5,Spring,0
10023456785,2024-05-10 19:00:00,2024-05-10,19:00:00,2.8592,Friday,19,5,Spring,0
10023456785,2024-05-10 20:00:00,2024-05-10,20:00:00,0.4775,Friday,20,5,Spring,1
10023456785,2024-05-10 21:00:00,2024-05-10,21:00:00,0.1738,Friday,21,5,Spring,1
10023456785,2024-05-10 22:00:00,2024-05-10,22:00:00,0.1785,Friday,22,5,Spring,1
10023456785,2024-05-10 23:00:00,2024-05-10,23:00:00,0.9102,Friday,23,5,Spring,0
10023456785,2024-05-11 00:00:00,2024-05-11,00:00:00,0.9034,Saturday,0,5,Spring,0
10023456785,2024-05-11 01:00:00,2024-05-11,01:00:00,0.8000,Saturday,1,5,Spring,0
10023456785,2024-05-11 02:00:00,2024-05-11,02:00:00,5.5776,Saturday,2,5,Spring,1
10023456785,2024-05-11 03:00:00,2024-05-11,03:00:00,6.0327,Saturday,3,5,Spring,1
10023456785,2024-05-11 04:00:00,2024-05-11,04:00:00,1.0667,Saturday,4,5,Spring,0
10023456785,2024-05-11 05:00:00,2024-05-11,05:00:00,1.4351,Saturday,5,5,Spring,0
10023456785,2024-05-11 06:00:00,2024-05-11,06:00:00,1.4654,Saturday,6,5,Spring,0
10023456785,2024-05-11 07:00:00,2024-05-11,07:00:00,2.4099,Saturday,7,5,Spring,0
10023456785,2024-05-11 08:00:00,2024-05-11,08:00:00,1.8931,Saturday,8,5,Spring,0
10023456785,2024-05-11 09:00:00,2024-05-11,09:00:00,2.8514,Saturday,9,5,Spring,0
10023456785,2024-05-11 10:00:00,2024-05-11,10:00:00,2.3638,Saturday,10,5,Spring,0
10023456785,2024-05-11 11:00:00,2024-05-11,11:00:00,2.3542,Saturday,11,5,Spring,0
10023456785,2024-05-11 12:00:00,2024-05-11,12:00:00,2.5854,Saturday,12,5,Spring,0
10023456785,2024-05-11 13:00:00,2024-05-11,13:00:00,2.0788,Saturday,13,5,Spring,0
10023456785,2024-05-11 14:00:00,2024-05-11,14:00:00,1.7878,Saturday,14,5,Spring,0
10023456785,2024-05-11 15:00:00,2024-05-11,15:00:00,2.3993,Saturday,15,5,Spring,0
10023456785,2024-05-11 16:00:00,2024-05-11,16:00:00,2.2815,Saturday,16,5,Spring,0
10023456785,2024-05-11 17:00:00,2024-05-11,17:00:00,2.7438,Saturday,17,5,Spring,0
10023456785,2024-05-11 18:00:00,2024-05-11,18:00:00,2.7530,Saturday,18,5,Spring,0
10023456785,2024-05-11 19:00:00,2024-05-11,19:00:00,3.2861,Saturday,19,5,Spring,0
10023456785,2024-05-11 20:00:00,2024-05-11,20:00:00,2.5863,Saturday,20,5,Spring,0
10023456785,2024-05-11 21:00:00,2024-05-11,21:00:00,2.6558,Saturday,21,5,Spring,0
10023456785,2024-05-11 22:00:00,2024-05-11,22:00:00,1.7825,Saturday,22,5,Spring,0
10023456785,2024-05-11 23:00:00,2024-05-11,23:00:00,1.2424,Saturday,23,5,Spring,0
10023456785,2024-05-12 00:00:00,2024-05-12,00:00:00,1.4558,Sunday,0,5,Spring,0
10023456785,2024-05-12 01:00:00,2024-05-12,01:00:00,1.1645,Sunday,1,5,Spring,0
10023456785,2024-05-12 02:00:00,2024-05-12,02:00:00,1.4044,Sunday,2,5,Spring,0
10023456785,2024-05-12 03:00:00,2024-05-12,03:00:00,0.8462,Sunday,3,5,Spring,0
10023456785,2024-05-12 04:00:00,2024-05-12,04:00:00,1.1071,Sunday,4,5,Spring,0
10023456785,2024-05-12 05:00:00,2024-05-12,05:00:00,1.4728,Sunday,5,5,Spring,0
10023456785,2024-05-12 06:00:00,2024-05-12,06:00:00,1.7559,Sunday,6,5,Spring,0
10023456785,2024-05-12 07:00:00,2024-05-12,07:00:00,2.3857,Sunday,7,5,Spring,0
10023456785,2024-05-12 08:00:00,2024-05-12,08:00:00,2.5439,Sunday,8,5,Spring,0
10023456785,2024-05-12 09:00:00,2024-05-12,09:00:00,3.1732,Sunday,9,5,Spring,0
10023456785,2024-05-12 10:00:00,2024-05-12,10:00:00,3.2285,Sunday,10,5,Spring,0
10023456785,2024-05-12 11:00:00,2024-05-12,11:00:00,3.6631,Sunday,11,5,Spring,0
10023456785,2024-05-12 12:00:00,2024-05-12,12:00:00,2.3471,Sunday,12,5,Spring,0
10023456785,2024-05-12 13:00:00,2024-05-12,13:00:00,2.6498,Sunday,13,5,Spring,0
10023456785,2024-05-12 14:00:00,2024-05-12,14:00:00,2.4888,Sunday,14,5,Spring,0
10023456785,2024-05-12 15:00:00,2024-05-12,15:00:00,3.1856,Sunday,15,5,Spring,0
10023456785,2024-05-12 16:00:00,2024-05-12,16:00:00,3.0793,Sunday,16,5,Spring,0
10023456785,2024-05-12 17:00:00,2024-05-12,17:00:00,3.2165,Sunday,17,5,Spring,0
10023456785,2024-05-12 18:00:00,2024-05-12,18:00:00,3.3856,Sunday,18,5,Spring,0
10023456785,2024-05-12 19:00:00,2024-05-12,19:00:00,3.4440,Sunday,19,5,Spring,0
10023456785,2024-05-12 20:00:00,2024-05-12,20:00:00,3.6364,Sunday,20,5,Spring,0
10023456785,2024-05-12 21:00:00,2024-05-12,21:00:00,3.0832,Sunday,21,5,Spring,0
10023456785,2024-05-12 22:00:00,2024-05-12,22:00:00,2.3340,Sunday,22,5,Spring,0
10023456785,2024-05-12 23:00:00,2024-05-12,23:00:00,1.7793,Sunday,23,5,Spring,0
10023456785,2024-05-13 00:00:00,2024-05-13,00:00:00,1.3954,Monday,0,5,Spring,0
10023456785,2024-05-13 01:00:00,2024-05-13,01:00:00,1.1182,Monday,1,5,Spring,0
10023456785,2024-05-13 02:00:00,2024-05-13,02:00:00,1.3022,Monday,2,5,Spring,0
10023456785,2024-05-13 03:00:00,2024-05-13,03:00:00,1.0152,Monday,3,5,Spring,0
10023456785,2024-05-13 04:00:00,2024-05-13,04:00:00,1.5138,Monday,4,5,Spring,0
10023456785,2024-05-13 05:00:00,2024-05-13,05:00:00,1.6149,Monday,5,5,Spring,0
10023456785,2024-05-13 06:00:00,2024-05-13,06:00:00,11.8317,Monday,6,5,Spring,1
10023456785,2024-05-13 07:00:00,2024-05-13,07:00:00,4.1769,Monday,7,5,Spring,0
10023456785,2024-05-13 08:00:00,2024-05-13,08:00:00,5.3638,Monday,8,5,Spring,0
10023456785,2024-05-13 09:00:00,2024-05-13,09:00:00,5.0474,Monday,9,5,Spring,0
10023456785,2024-05-13 10:00:00,2024-05-13,10:00:00,3.1625,Monday,10,5,Spring,0
10023456785,2024-05-13 11:00:00,2024-05-13,11:00:00,4.7874,Monday,11,5,Spring,0
10023456785,2024-05-13 12:00:00,2024-05-13,12:00:00,3.4729,Monday,12,5,Spring,0
10023456785,2024-05-13 13:00:00,2024-05-13,13:00:00,3.4596,Monday,13,5,Spring,0
10023456785,2024-05-13 14:00:00,2024-05-13,14:00:00,3.6938,Monday,14,5,Spring,0
10023456785,2024-05-13 15:00:00,2024-05-13,15:00:00,3.5635,Monday,15,5,Spring,0
10023456785,2024-05-13 16:00:00,2024-05-13,16:00:00,4.6168,Monday,16,5,Spring,0
10023456785,2024-05-13 17:00:00,2024-05-13,17:00:00,4.3877,Monday,17,5,Spring,0
10023456785,2024-05-13 18:00:00,2024-05-13,18:00:00,4.8738,Monday,18,5,Spring,0
10023456785,2024-05-13 19:00:00,2024-05-13,19:00:00,4.8648,Monday,19,5,Spring,0
10023456785,2024-05-13 20:00:00,2024-05-13,20:00:00,3.5032,Monday,20,5,Spring,0
10023456785,2024-05-13 21:00:00,2024-05-13,21:00:00,3.2498,Monday,21,5,Spring,0
10023456785,2024-05-13 22:00:00,2024-05-13,22:00:00,2.2319,Monday,22,5,Spring,0
10023456785,2024-05-13 23:00:00,2024-05-13,23:00:00,1.7235,Monday,23,5,Spring,0
10023456785,2024-05-14 00:00:00,2024-05-14,00:00:00,1.3973,Tuesday,0,5,Spring,0
10023456785,2024-05-14 01:00:00,2024-05-14,01:00:00,1.2261,Tuesday,1,5,Spring,0
10023456785,2024-05-14 02:00:00,2024-05-14,02:00:00,1.2053,Tuesday,2,5,Spring,0
10023456785,2024-05-14 03:00:00,2024-05-14,03:00:00,1.1230,Tuesday,3,5,Spring,0
10023456785,2024-05-14 04:00:00,2024-05-14,04:00:00,1.3978,Tuesday,4,5,Spring,0
10023456785,2024-05-14 05:00:00,2024-05-14,05:00:00,1.7836,Tuesday,5,5,Spring,0
10023456785,2024-05-14 06:00:00,2024-05-14,06:00:00,2.5795,Tuesday,6,5,Spring,0
10023456785,2024-05-14 07:00:00,2024-05-14,07:00:00,3.9797,Tuesday,7,5,Spring,0
10023456785,2024-05-14 08:00:00,2024-05-14,08:00:00,3.7673,Tuesday,8,5,Spring,0
10023456785,2024-05-14 09:00:00,2024-05-14,09:00:00,3.8768,Tuesday,9,5,Spring,0
10023456785,2024-05-14 10:00:00,2024-05-14,10:00:00,3.2337,Tuesday,10,5,Spring,0
10023456785,2024-05-14 11:00:00,2024-05-14,11:00:00,4.4370,Tuesday,11,5,Spring,0
10023456785,2024-05-14 12:00:00,2024-05-14,12:00:00,3.8687,Tuesday,12,5,Spring,0
10023456785,2024-05-14 13:00:00,2024-05-14,13:00:00,3.5668,Tuesday,13,5,Spring,0
10023456785,2024-05-14 14:00:00,2024-05-14,14:00:00,3.0253,Tuesday,14,5,Spring,0
10023456785,2024-05-14 15:00:00,2024-05-14,15:00:00,4.0530,Tuesday,15,5,Spring,0
10023456785,2024-05-14 16:00:00,2024-05-14,16:00:00,3.6613,Tuesday,16,5,Spring,0
10023456785,2024-05-14 17:00:00,2024-05-14,17:00:00,4.0653,Tuesday,17,5,Spring,0
10023456785,2024-05-14 18:00:00,2024-05-14,18:00:00,4.7423,Tuesday,18,5,Spring,0
10023456785,2024-05-14 19:00:00,2024-05-14,19:00:00,4.5178,Tuesday,19,5,Spring,0
10023456785,2024-05-14 20:00:00,2024-05-14,20:00:00,4.2986,Tuesday,20,5,Spring,0
10023456785,2024-05-14 21:00:00,2024-05-14,21:00:00,3.2323,Tuesday,21,5,Spring,0
10023456785,2024-05-14 22:00:00,2024-05-14,22:00:00,2.5657,Tuesday,22,5,Spring,0
10023456785,2024-05-14 23:00:00,2024-05-14,23:00:00,1.6424,Tuesday,23,5,Spring,0
10023456785,2024-05-15 00:00:00,2024-05-15,00:00:00,1.1749,Wednesday,0,5,Spring,0
10023456785,2024-05-15 01:00:00,2024-05-15,01:00:00,1.0834,Wednesday,1,5,Spring,0
10023456785,2024-05-15 02:00:00,2024-05-15,02:00:00,1.0638,Wednesday,2,5,Spring,0
10023456785,2024-05-15 03:00:00,2024-05-15,03:00:00,0.9987,Wednesday,3,5,Spring,0
10023456785,2024-05-15 04:00:00,2024-05-15,04:00:00,1.3361,Wednesday,4,5,Spring,0
10023456785,2024-05-15 05:00:00,2024-05-15,05:00:00,1.5305,Wednesday,5,5,Spring,0
10023456785,2024-05-15 06:00:00,2024-05-15,06:00:00,2.5907,Wednesday,6,5,Spring,0
10023456785,2024-05-15 07:00:00,2024-05-15,07:00:00,2.8807,Wednesday,7,5,Spring,0
10023456785,2024-05-15 08:00:00,2024-05-15,08:00:00,3.5242,Wednesday,8,5,Spring,0
10023456785,2024-05-15 09:00:00,2024-05-15,09:00:00,3.0005,Wednesday,9,5,Spring,0
10023456785,2024-05-15 10:00:00,2024-05-15,10:00:00,3.4629,Wednesday,10,5,Spring,0
10023456785,2024-05-15 11:00:00,2024-05-15,11:00:00,3.1354,Wednesday,11,5,Spring,0
10023456785,2024-05-15 12:00:00,2024-05-15,12:00:00,2.5179,Wednesday,12,5,Spring,0
10023456785,2024-05-15 13:00:00,2024-05-15,13:00:00,3.2779,Wednesday,13,5,Spring,0
10023456785,2024-05-15 14:00:00,2024-05-15,14:00:00,3.2654,Wednesday,14,5,Spring,0
10023456785,2024-05-15 15:00:00,2024-05-15,15:00:00,3.1444,Wednesday,15,5,Spring,0
10023456785,2024-05-15 16:00:00,2024-05-15,16:00:00,2.9701,Wednesday,16,5,Spring,0
10023456785,2024-05-15 17:00:00,2024-05-15,17:00:00,3.1940,Wednesday,17,5,Spring,0
10023456785,2024-05-15 18:00:00,2024-05-15,18:00:00,3.1525,Wednesday,18,5,Spring,0
10023456785,2024-05-15 19:00:00,2024-05-15,19:00:00,3.5941,Wednesday,19,5,Spring,0
10023456785,2024-05-15 20:00:00,2024-05-15,20:00:00,3.0348,Wednesday,20,5,Spring,0
10023456785,2024-05-15 21:00:00,2024-05-15,21:00:00,2.8386,Wednesday,21,5,Spring,0
10023456785,2024-05-15 22:00:00,2024-05-15,22:00:00,1.9638,Wednesday,22,5,Spring,0
10023456785,2024-05-15 23:00:00,2024-05-15,23:00:00,1.3730,Wednesday,23,5,Spring,0
10023456785,2024-05-16 00:00:00,2024-05-16,00:00:00,0.9925,Thursday,0,5,Spring,0
10023456785,2024-05-16 01:00:00,2024-05-16,01:00:00,0.9710,Thursday,1,5,Spring,0
10023456785,2024-05-16 02:00:00,2024-05-16,02:00:00,1.0816,Thursday,2,5,Spring,0
10023456785,2024-05-16 03:00:00,2024-05-16,03:00:00,0.6760,Thursday,3,5,Spring,0
10023456785,2024-05-16 04:00:00,2024-05-16,04:00:00,0.9886,Thursday,4,5,Spring,0
10023456785,2024-05-16 05:00:00,2024-05-16,05:00:00,1.3020,Thursday,5,5,Spring,0
10023456785,2024-05-16 06:00:00,2024-05-16,06:00:00,2.1008,Thursday,6,5,Spring,0
10023456785,2024-05-16 07:00:00,2024-05-16,07:00:00,3.0428,Thursday,7,5,Spring,0
10023456785,2024-05-16 08:00:00,2024-05-16,08:00:00,2.5926,Thursday,8,5,Spring,0
10023456785,2024-05-16 09:00:00,2024-05-16,09:00:00,3.2616,Thursday,9,5,Spring,0
10023456785,2024-05-16 10:00:00,2024-05-16,10:00:00,3.1936,Thursday,10,5,Spring,0
10023456785,2024-05-16 11:00:00,2024-05-16,11:00:00,2.5132,Thursday,11,5,Spring,0
10023456785,2024-05-16 12:00:00,2024-05-16,12:00:00,2.3957,Thursday,12,5,Spring,0
10023456785,2024-05-16 13:00:00,2024-05-16,13:00:00,2.3652,Thursday,13,5,Spring,0
10023456785,2024-05-16 14:00:00,2024-05-16,14:00:00,2.3808,Thursday,14,5,Spring,0
10023456785,2024-05-16 15:00:00,2024-05-16,15:00:00,2.8259,Thursday,15,5,Spring,0
10023456785,2024-05-16 16:00:00,2024-05-16,16:00:00,3.3206,Thursday,16,5,Spring,0
10023456785,2024-05-16 17:00:00,2024-05-16,17:00:00,2.9979,Thursday,17,5,Spring,0
10023456785,2024-05-16 18:00:00,2024-05-16,18:00:00,3.9108,Thursday,18,5,Spring,0
10023456785,2024-05-16 19:00:00,2024-05-16,19:00:00,3.4093,Thursday,19,5,Spring,0
10023456785,2024-05-16 20:00:00,2024-05-16,20:00:00,2.8961,Thursday,20,5,Spring,0
10023456785,2024-05-16 21:00:00,2024-05-16,21:00:00,2.8180,Thursday,21,5,Spring,0
10023456785,2024-05-16 22:00:00,2024-05-16,22:00:00,1.6272,Thursday,22,5,Spring,0
10023456785,2024-05-16 23:00:00,2024-05-16,23:00:00,1.3795,Thursday,23,5,Spring,0
10023456785,2024-05-17 00:00:00,2024-05-17,00:00:00,1.4413,Friday,0,5,Spring,0
10023456785,2024-05-17 01:00:00,2024-05-17,01:00:00,1.0304,Friday,1,5,Spring,0
10023456785,2024-05-17 02:00:00,2024-05-17,02:00:00,0.9215,Friday,2,5,Spring,0
10023456785,2024-05-17 03:00:00,2024-05-17,03:00:00,0.8877,Friday,3,5,Spring,0
10023456785,2024-05-17 04:00:00,2024-05-17,04:00:00,3.6147,Friday,4,5,Spring,1
10023456785,2024-05-17 05:00:00,2024-05-17,05:00:00,6.7332,Friday,5,5,Spring,1
10023456785,2024-05-17 06:00:00,2024-05-17,06:00:00,2.5093,Friday,6,5,Spring,0
10023456785,2024-05-17 07:00:00,2024-05-17,07:00:00,3.2276,Friday,7,5,Spring,0
10023456785,2024-05-17 08:00:00,2024-05-17,08:00:00,3.2639,Friday,8,5,Spring,0
10023456785,2024-05-17 09:00:00,2024-05-17,09:00:00,3.4860,Friday,9,5,Spring,0
10023456785,2024-05-17 10:00:00,2024-05-17,10:00:00,4.2015,Friday,10,5,Spring,0
10023456785,2024-05-17 11:00:00,2024-05-17,11:00:00,3.2451,Friday,11,5,Spring,0
10023456785,2024-05-17 12:00:00,2024-05-17,12:00:00,3.8709,Friday,12,5,Spring,0
10023456785,2024-05-17 13:00:00,2024-05-17,13:00:00,3.1813,Friday,13,5,Spring,0
10023456785,2024-05-17 14:00:00,2024-05-17,14:00:00,3.5167,Friday,14,5,Spring,0
10023456785,2024-05-17 15:00:00,2024-05-17,15:00:00,19.8341,Friday,15,5,Spring,1
10023456785,2024-05-17 16:00:00,2024-05-17,16:00:00,3.3124,Friday,16,5,Spring,0
10023456785,2024-05-17 17:00:00,2024-05-17,17:00:00,4.3044,Friday,17,5,Spring,0
10023456785,2024-05-17 18:00:00,2024-05-17,18:00:00,3.7610,Friday,18,5,Spring,0
10023456785,2024-05-17 19:00:00,2024-05-17,19:00:00,4.1179,Friday,19,5,Spring,0
10023456785,2024-05-17 20:00:00,2024-05-17,20:00:00,3.5276,Friday,20,5,Spring,0
10023456785,2024-05-17 21:00:00,2024-05-17,21:00:00,2.2893,Friday,21,5,Spring,0
10023456785,2024-05-17 22:00:00,2024-05-17,22:00:00,2.1704,Friday,22,5,Spring,0
10023456785,2024-05-17 23:00:00,2024-05-17,23:00:00,1.5324,Friday,23,5,Spring,0
10023456785,2024-05-18 00:00:00,2024-05-18,00:00:00,1.2636,Saturday,0,5,Spring,0
10023456785,2024-05-18 01:00:00,2024-05-18,01:00:00,1.0267,Saturday,1,5,Spring,0
10023456785,2024-05-18 02:00:00,2024-05-18,02:00:00,0.9956,Saturday,2,5,Spring,0
10023456785,2024-05-18 03:00:00,2024-05-18,03:00:00,0.8169,Saturday,3,5,Spring,0
10023456785,2024-05-18 04:00:00,2024-05-18,04:00:00,0.9268,Saturday,4,5,Spring,0
10023456785,2024-05-18 05:00:00,2024-05-18,05:00:00,1.0594,Saturday,5,5,Spring,0
10023456785,2024-05-18 06:00:00,2024-05-18,06:00:00,1.7962,Saturday,6,5,Spring,0
10023456785,2024-05-18 07:00:00,2024-05-18,07:00:00,2.0467,Saturday,7,5,Spring,0
10023456785,2024-05-18 08:00:00,2024-05-18,08:00:00,2.9287,Saturday,8,5,Spring,0
10023456785,2024-05-18 09:00:00,2024-05-18,09:00:00,3.0820,Saturday,9,5,Spring,0
10023456785,2024-05-18 10:00:00,2024-05-18,10:00:00,2.3867,Saturday,10,5,Spring,0
10023456785,2024-05-18 11:00:00,2024-05-18,11:00:00,2.4761,Saturday,11,5,Spring,0
10023456785,2024-05-18 12:00:00,2024-05-18,12:00:00,2.8453,Saturday,12,5,Spring,0
10023456785,2024-05-18 13:00:00,2024-05-18,13:00:00,9.8502,Saturday,13,5,Spring,1
10023456785,2024-05-18 14:00:00,2024-05-18,14:00:00,2.2478,Saturday,14,5,Spring,0
10023456785,2024-05-18 15:00:00,2024-05-18,15:00:00,2.4679,Saturday,15,5,Spring,0
10023456785,2024-05-18 16:00:00,2024-05-18,16:00:00,2.8842,Saturday,16,5,Spring,0
10023456785,2024-05-18 17:00:00,2024-05-18,17:00:00,3.0220,Saturday,17,5,Spring,0
10023456785,2024-05-18 18:00:00,2024-05-18,18:00:00,3.4634,Saturday,18,5,Spring,0
10023456785,2024-05-18 19:00:00,2024-05-18,19:00:00,3.3832,Saturday,19,5,Spring,0
10023456785,2024-05-18 20:00:00,2024-05-18,20:00:00,3.7567,Saturday,20,5,Spring,0
10023456785,2024-05-18 21:00:00,2024-05-18,21:00:00,2.9573,Saturday,21,5,Spring,0
10023456785,2024-05-18 22:00:00,2024-05-18,22:00:00,1.8439,Saturday,22,5,Spring,0
10023456785,2024-05-18 23:00:00,2024-05-18,23:00:00,7.3041,Saturday,23,5,Spring,1
10023456785,2024-05-19 00:00:00,2024-05-19,00:00:00,0.8358,Sunday,0,5,Spring,0
10023456785,2024-05-19 01:00:00,2024-05-19,01:00:00,0.7129,Sunday,1,5,Spring,0
10023456785,2024-05-19 02:00:00,2024-05-19,02:00:00,0.6304,Sunday,2,5,Spring,0
10023456785,2024-05-19 03:00:00,2024-05-19,03:00:00,0.5531,Sunday,3,5,Spring,0
10023456785,2024-05-19 04:00:00,2024-05-19,04:00:00,0.7199,Sunday,4,5,Spring,0
10023456785,2024-05-19 05:00:00,2024-05-19,05:00:00,0.7545,Sunday,5,5,Spring,0
10023456785,2024-05-19 06:00:00,2024-05-19,06:00:00,1.0993,Sunday,6,5,Spring,0
10023456785,2024-05-19 07:00:00,2024-05-19,07:00:00,1.4299,Sunday,7,5,Spring,0
10023456785,2024-05-19 08:00:00,2024-05-19,08:00:00,1.8534,Sunday,8,5,Spring,0
10023456785,2024-05-19 09:00:00,2024-05-19,09:00:00,2.1346,Sunday,9,5,Spring,0
10023456785,2024-05-19 10:00:00,2024-05-19,10:00:00,1.8483,Sunday,10,5,Spring,0
10023456785,2024-05-19 11:00:00,2024-05-19,11:00:00,1.8774,Sunday,11,5,Spring,0
10023456785,2024-05-19 12:00:00,2024-05-19,12:00:00,1.4630,Sunday,12,5,Spring,0
10023456785,2024-05-19 13:00:00,2024-05-19,13:00:00,1.7773,Sunday,13,5,Spring,0
10023456785,2024-05-19 14:00:00,2024-05-19,14:00:00,1.3358,Sunday,14,5,Spring,0
10023456785,2024-05-19 15:00:00,2024-05-19,15:00:00,2.1530,Sunday,15,5,Spring,0
10023456785,2024-05-19 16:00:00,2024-05-19,16:00:00,1.6195,Sunday,16,5,Spring,0
10023456785,2024-05-19 17:00:00,2024-05-19,17:00:00,1.9293,Sunday,17,5,Spring,0
10023456785,2024-05-19 18:00:00,2024-05-19,18:00:00,2.0824,Sunday,18,5,Spring,0
10023456785,2024-05-19 19:00:00,2024-05-19,19:00:00,2.5205,Sunday,19,5,Spring,0
10023456785,2024-05-19 20:00:00,2024-05-19,20:00:00,1.8934,Sunday,20,5,Spring,0
10023456785,2024-05-19 21:00:00,2024-05-19,21:00:00,1.1035,Sunday,21,5,Spring,0
10023456785,2024-05-19 22:00:00,2024-05-19,22:00:00,1.7101,Sunday,22,5,Spring,0
10023456785,2024-05-19 23:00:00,2024-05-19,23:00:00,1.0412,Sunday,23,5,Spring,0
10023456785,2024-05-20 00:00:00,2024-05-20,00:00:00,1.3071,Monday,0,5,Spring,0
10023456785,2024-05-20 01:00:00,2024-05-20,01:00:00,0.8613,Monday,1,5,Spring,0
10023456785,2024-05-20 02:00:00,2024-05-20,02:00:00,2.2595,Monday,2,5,Spring,1
10023456785,2024-05-20 03:00:00,2024-05-20,03:00:00,1.0093,Monday,3,5,Spring,0
10023456785,2024-05-20 04:00:00,2024-05-20,04:00:00,1.0308,Monday,4,5,Spring,0
10023456785,2024-05-20 05:00:00,2024-05-20,05:00:00,1.5080,Monday,5,5,Spring,0
10023456785,2024-05-20 06:00:00,2024-05-20,06:00:00,1.9916,Monday,6,5,Spring,0
10023456785,2024-05-20 07:00:00,2024-05-20,07:00:00,2.9490,Monday,7,5,Spring,0
10023456785,2024-05-20 08:00:00,2024-05-20,08:00:00,3.5270,Monday,8,5,Spring,0
10023456785,2024-05-20 09:00:00,2024-05-20,09:00:00,3.0690,Monday,9,5,Spring,0
10023456785,2024-05-20 10:00:00,2024-05-20,10:00:00,2.3951,Monday,10,5,Spring,0
10023456785,2024-05-20 11:00:00,2024-05-20,11:00:00,2.7812,Monday,11,5,Spring,0
10023456785,2024-05-20 12:00:00,2024-05-20,12:00:00,2.3973,Monday,12,5,Spring,0
10023456785,2024-05-20 13:00:00,2024-05-20,13:00:00,3.3131,Monday,13,5,Spring,0
10023456785,2024-05-20 14:00:00,2024-05-20,14:00:00,2.5300,Monday,14,5,Spring,0
10023456785,2024-05-20 15:00:00,2024-05-20,15:00:00,2.3272,Monday,15,5,Spring,0
10023456785,2024-05-20 16:00:00,2024-05-20,16:00:00,2.7056,Monday,16,5,Spring,0
10023456785,2024-05-20 17:00:00,2024-05-20,17:00:00,2.7955,Monday,17,5,Spring,0
10023456785,2024-05-20 18:00:00,2024-05-20,18:00:00,3.5125,Monday,18,5,Spring,0
10023456785,2024-05-20 19:00:00,2024-05-20,19:00:00,4.0469,Monday,19,5,Spring,0
10023456785,2024-05-20 20:00:00,2024-05-20,20:00:00,2.8459,Monday,20,5,Spring,0
10023456785,2024-05-20 21:00:00,2024-05-20,21:00:00,2.6357,Monday,21,5,Spring,0
10023456785,2024-05-20 22:00:00,2024-05-20,22:00:00,1.9269,Monday,22,5,Spring,0
10023456785,2024-05-20 23:00:00,2024-05-20,23:00:00,1.2050,Monday,23,5,Spring,0
10023456785,2024-05-21 00:00:00,2024-05-21,00:00:00,1.0983,Tuesday,0,5,Spring,0
10023456785,2024-05-21 01:00:00,2024-05-21,01:00:00,6.7794,Tuesday,1,5,Spring,1
10023456785,2024-05-21 02:00:00,2024-05-21,02:00:00,6.8990,Tuesday,2,5,Spring,1
10023456785,2024-05-21 03:00:00,2024-05-21,03:00:00,0.7367,Tuesday,3,5,Spring,0
10023456785,2024-05-21 04:00:00,2024-05-21,04:00:00,1.1454,Tuesday,4,5,Spring,0
10023456785,2024-05-21 05:00:00,2024-05-21,05:00:00,1.7532,Tuesday,5,5,Spring,0
10023456785,2024-05-21 06:00:00,2024-05-21,06:00:00,2.1859,Tuesday,6,5,Spring,0
10023456785,2024-05-21 07:00:00,2024-05-21,07:00:00,2.7247,Tuesday,7,5,Spring,0
10023456785,2024-05-21 08:00:00,2024-05-21,08:00:00,3.4871,Tuesday,8,5,Spring,0
10023456785,2024-05-21 09:00:00,2024-05-21,09:00:00,3.1479,Tuesday,9,5,Spring,0
10023456785,2024-05-21 10:00:00,2024-05-21,10:00:00,3.7541,Tuesday,10,5,Spring,0
10023456785,2024-05-21 11:00:00,2024-05-21,11:00:00,3.0381,Tuesday,11,5,Spring,0
10023456785,2024-05-21 12:00:00,2024-05-21,12:00:00,2.4754,Tuesday,12,5,Spring,0
10023456785,2024-05-21 13:00:00,2024-05-21,13:00:00,3.4379,Tuesday,13,5,Spring,0
10023456785,2024-05-21 14:00:00,2024-05-21,14:00:00,2.2466,Tuesday,14,5,Spring,0
10023456785,2024-05-21 15:00:00,2024-05-21,15:00:00,2.9973,Tuesday,15,5,Spring,0
10023456785,2024-05-21 16:00:00,2024-05-21,16:00:00,2.3338,Tuesday,16,5,Spring,0
10023456785,2024-05-21 17:00:00,2024-05-21,17:00:00,3.2012,Tuesday,17,5,Spring,0
10023456785,2024-05-21 18:00:00,2024-05-21,18:00:00,2.7423,Tuesday,18,5,Spring,0
10023456785,2024-05-21 19:00:00,2024-05-21,19:00:00,3.2685,Tuesday,19,5,Spring,0
10023456785,2024-05-21 20:00:00,2024-05-21,20:00:00,3.0029,Tuesday,20,5,Spring,0
10023456785,2024-05-21 21:00:00,2024-05-21,21:00:00,2.4135,Tuesday,21,5,Spring,0
10023456785,2024-05-21 22:00:00,2024-05-21,22:00:00,1.7053,Tuesday,22,5,Spring,0
10023456785,2024-05-21 23:00:00,2024-05-21,23:00:00,1.1142,Tuesday,23,5,Spring,0
10023456785,2024-05-22 00:00:00,2024-05-22,00:00:00,1.4592,Wednesday,0,5,Spring,0
10023456785,2024-05-22 01:00:00,2024-05-22,01:00:00,1.4141,Wednesday,1,5,Spring,0
10023456785,2024-05-22 02:00:00,2024-05-22,02:00:00,0.8158,Wednesday,2,5,Spring,0
10023456785,2024-05-22 03:00:00,2024-05-22,03:00:00,1.1893,Wednesday,3,5,Spring,0
10023456785,2024-05-22 04:00:00,2024-05-22,04:00:00,1.3741,Wednesday,4,5,Spring,0
10023456785,2024-05-22 05:00:00,2024-05-22,05:00:00,1.6237,Wednesday,5,5,Spring,0
10023456785,2024-05-22 06:00:00,2024-05-22,06:00:00,2.2964,Wednesday,6,5,Spring,0
10023456785,2024-05-22 07:00:00,2024-05-22,07:00:00,3.2211,Wednesday,7,5,Spring,0
10023456785,2024-05-22 08:00:00,2024-05-22,08:00:00,3.6369,Wednesday,8,5,Spring,0
10023456785,2024-05-22 09:00:00,2024-05-22,09:00:00,3.5324,Wednesday,9,5,Spring,0
10023456785,2024-05-22 10:00:00,2024-05-22,10:00:00,3.6505,Wednesday,10,5,Spring,0
10023456785,2024-05-22 11:00:00,2024-05-22,11:00:00,3.4659,Wednesday,11,5,Spring,0
10023456785,2024-05-22 12:00:00,2024-05-22,12:00:00,3.3596,Wednesday,12,5,Spring,0
10023456785,2024-05-22 13:00:00,2024-05-22,13:00:00,2.9385,Wednesday,13,5,Spring,0
10023456785,2024-05-22 14:00:00,2024-05-22,14:00:00,3.3500,Wednesday,14,5,Spring,0
10023456785,2024-05-22 15:00:00,2024-05-22,15:00:00,2.9017,Wednesday,15,5,Spring,0
10023456785,2024-05-22 16:00:00,2024-05-22,16:00:00,3.2439,Wednesday,16,5,Spring,0
10023456785,2024-05-22 17:00:00,2024-05-22,17:00:00,4.4252,Wednesday,17,5,Spring,0
10023456785,2024-05-22 18:00:00,2024-05-22,18:00:00,4.2909,Wednesday,18,5,Spring,0
10023456785,2024-05-22 19:00:00,2024-05-22,19:00:00,0.2903,Wednesday,19,5,Spring,1
10023456785,2024-05-22 20:00:00,2024-05-22,20:00:00,0.3045,Wednesday,20,5,Spring,1
10023456785,2024-05-22 21:00:00,2024-05-22,21:00:00,0.3621,Wednesday,21,5,Spring,1
10023456785,2024-05-22 22:00:00,2024-05-22,22:00:00,2.3030,Wednesday,22,5,Spring,0
10023456785,2024-05-22 23:00:00,2024-05-22,23:00:00,1.5420,Wednesday,23,5,Spring,0
10023456785,2024-05-23 00:00:00,2024-05-23,00:00:00,1.0690,Thursday,0,5,Spring,0
10023456785,2024-05-23 01:00:00,2024-05-23,01:00:00,1.1892,Thursday,1,5,Spring,0
10023456785,2024-05-23 02:00:00,2024-05-23,02:00:00,1.0581,Thursday,2,5,Spring,0
10023456785,2024-05-23 03:00:00,2024-05-23,03:00:00,0.9476,Thursday,3,5,Spring,0
10023456785,2024-05-23 04:00:00,2024-05-23,04:00:00,1.2718,Thursday,4,5,Spring,0
10023456785,2024-05-23 05:00:00,2024-05-23,05:00:00,1.7180,Thursday,5,5,Spring,0
10023456785,2024-05-23 06:00:00,2024-05-23,06:00:00,2.2994,Thursday,6,5,Spring,0
10023456785,2024-05-23 07:00:00,2024-05-23,07:00:00,3.4923,Thursday,7,5,Spring,0
10023456785,2024-05-23 08:00:00,2024-05-23,08:00:00,3.5442,Thursday,8,5,Spring,0
10023456785,2024-05-23 09:00:00,2024-05-23,09:00:00,3.2196,Thursday,9,5,Spring,0
10023456785,2024-05-23 10:00:00,2024-05-23,10:00:00,2.6542,Thursday,10,5,Spring,0
10023456785,2024-05-23 11:00:00,2024-05-23,11:00:00,7.8886,Thursday,11,5,Spring,1
10023456785,2024-05-23 12:00:00,2024-05-23,12:00:00,3.0016,Thursday,12,5,Spring,0
10023456785,2024-05-23 13:00:00,2024-05-23,13:00:00,3.2458,Thursday,13,5,Spring,0
10023456785,2024-05-23 14:00:00,2024-05-23,14:00:00,0.1898,Thursday,14,5,Spring,1
10023456785,2024-05-23 15:00:00,2024-05-23,15:00:00,3.0145,Thursday,15,5,Spring,0
10023456785,2024-05-23 16:00:00,2024-05-23,16:00:00,3.2725,Thursday,16,5,Spring,0
10023456785,2024-05-23 17:00:00,2024-05-23,17:00:00,4.2493,Thursday,17,5,Spring,0
10023456785,2024-05-23 18:00:00,2024-05-23,18:00:00,3.5211,Thursday,18,5,Spring,0
10023456785,2024-05-23 19:00:00,2024-05-23,19:00:00,3.4885,Thursday,19,5,Spring,0
10023456785,2024-05-23 20:00:00,2024-05-23,20:00:00,3.3475,Thursday,20,5,Spring,0
10023456785,2024-05-23 21:00:00,2024-05-23,21:00:00,2.8525,Thursday,21,5,Spring,0
10023456785,2024-05-23 22:00:00,2024-05-23,22:00:00,2.1412,Thursday,22,5,Spring,0
10023456785,2024-05-23 23:00:00,2024-05-23,23:00:00,1.3726,Thursday,23,5,Spring,0
10023456785,2024-05-24 00:00:00,2024-05-24,00:00:00,0.8887,Friday,0,5,Spring,0
10023456785,2024-05-24 01:00:00,2024-05-24,01:00:00,0.8175,Friday,1,5,Spring,0
10023456785,2024-05-24 02:00:00,2024-05-24,02:00:00,0.6724,Friday,2,5,Spring,0
10023456785,2024-05-24 03:00:00,2024-05-24,03:00:00,0.8472,Friday,3,5,Spring,0
10023456785,2024-05-24 04:00:00,2024-05-24,04:00:00,0.9342,Friday,4,5,Spring,0
10023456785,2024-05-24 05:00:00,2024-05-24,05:00:00,1.1655,Friday,5,5,Spring,0
10023456785,2024-05-24 06:00:00,2024-05-24,06:00:00,2.1258,Friday,6,5,Spring,0
10023456785,2024-05-24 07:00:00,2024-05-24,07:00:00,3.0279,Friday,7,5,Spring,0
10023456785,2024-05-24 08:00:00,2024-05-24,08:00:00,3.0125,Friday,8,5,Spring,0
10023456785,2024-05-24 09:00:00,2024-05-24,09:00:00,3.1341,Friday,9,5,Spring,0
10023456785,2024-05-24 10:00:00,2024-05-24,10:00:00,3.3264,Friday,10,5,Spring,0
10023456785,2024-05-24 11:00:00,2024-05-24,11:00:00,1.9996,Friday,11,5,Spring,0
10023456785,2024-05-24 12:00:00,2024-05-24,12:00:00,2.5782,Friday,12,5,Spring,0
10023456785,2024-05-24 13:00:00,2024-05-24,13:00:00,2.3678,Friday,13,5,Spring,0
10023456785,2024-05-24 14:00:00,2024-05-24,14:00:00,2.0813,Friday,14,5,Spring,0
10023456785,2024-05-24 15:00:00,2024-05-24,15:00:00,2.6812,Friday,15,5,Spring,0
10023456785,2024-05-24 16:00:00,2024-05-24,16:00:00,3.2983,Friday,16,5,Spring,0
10023456785,2024-05-24 17:00:00,2024-05-24,17:00:00,3.3248,Friday,17,5,Spring,0
10023456785,2024-05-24 18:00:00,2024-05-24,18:00:00,3.1018,Friday,18,5,Spring,0
10023456785,2024-05-24 19:00:00,2024-05-24,19:00:00,3.2689,Friday,19,5,Spring,0
10023456785,2024-05-24 20:00:00,2024-05-24,20:00:00,2.7763,Friday,20,5,Spring,0
10023456785,2024-05-24 21:00:00,2024-05-24,21:00:00,2.3276,Friday,21,5,Spring,0
10023456785,2024-05-24 22:00:00,2024-05-24,22:00:00,1.5802,Friday,22,5,Spring,0
10023456785,2024-05-24 23:00:00,2024-05-24,23:00:00,1.1690,Friday,23,5,Spring,0
10023456785,2024-05-25 00:00:00,2024-05-25,00:00:00,0.8769,Saturday,0,5,Spring,0
10023456785,2024-05-25 01:00:00,2024-05-25,01:00:00,0.8831,Saturday,1,5,Spring,0
10023456785,2024-05-25 02:00:00,2024-05-25,02:00:00,0.6809,Saturday,2,5,Spring,0
10023456785,2024-05-25 03:00:00,2024-05-25,03:00:00,0.8993,Saturday,3,5,Spring,0
10023456785,2024-05-25 04:00:00,2024-05-25,04:00:00,0.8185,Saturday,4,5,Spring,0
10023456785,2024-05-25 05:00:00,2024-05-25,05:00:00,1.0702,Saturday,5,5,Spring,0
10023456785,2024-05-25 06:00:00,2024-05-25,06:00:00,1.5176,Saturday,6,5,Spring,0
10023456785,2024-05-25 07:00:00,2024-05-25,07:00:00,1.9620,Saturday,7,5,Spring,0
10023456785,2024-05-25 08:00:00,2024-05-25,08:00:00,2.8606,Saturday,8,5,Spring,0
10023456785,2024-05-25 09:00:00,2024-05-25,09:00:00,2.0843,Saturday,9,5,Spring,0
10023456785,2024-05-25 10:00:00,2024-05-25,10:00:00,1.9206,Saturday,10,5,Spring,0
10023456785,2024-05-25 11:00:00,2024-05-25,11:00:00,2.0855,Saturday,11,5,Spring,0
10023456785,2024-05-25 12:00:00,2024-05-25,12:00:00,2.1025,Saturday,12,5,Spring,0
10023456785,2024-05-25 13:00:00,2024-05-25,13:00:00,2.1602,Saturday,13,5,Spring,0
10023456785,2024-05-25 14:00:00,2024-05-25,14:00:00,2.3696,Saturday,14,5,Spring,0
10023456785,2024-05-25 15:00:00,2024-05-25,15:00:00,1.9879,Saturday,15,5,Spring,0
10023456785,2024-05-25 16:00:00,2024-05-25,16:00:00,2.2334,Saturday,16,5,Spring,0
10023456785,2024-05-25 17:00:00,2024-05-25,17:00:00,3.4167,Saturday,17,5,Spring,0
10023456785,2024-05-25 18:00:00,2024-05-25,18:00:00,2.8159,Saturday,18,5,Spring,0
10023456785,2024-05-25 19:00:00,2024-05-25,19:00:00,2.6351,Saturday,19,5,Spring,0
10023456785,2024-05-25 20:00:00,2024-05-25,20:00:00,2.9383,Saturday,20,5,Spring,0
10023456785,2024-05-25 21:00:00,2024-05-25,21:00:00,1.7229,Saturday,21,5,Spring,0
10023456785,2024-05-25 22:00:00,2024-05-25,22:00:00,1.9760,Saturday,22,5,Spring,0
10023456785,2024-05-25 23:00:00,2024-05-25,23:00:00,1.0786,Saturday,23,5,Spring,0
10023456785,2024-05-26 00:00:00,2024-05-26,00:00:00,6.7299,Sunday,0,5,Spring,1
10023456785,2024-05-26 01:00:00,2024-05-26,01:00:00,5.6159,Sunday,1,5,Spring,1
10023456785,2024-05-26 02:00:00,2024-05-26,02:00:00,3.9996,Sunday,2,5,Spring,1
10023456785,2024-05-26 03:00:00,2024-05-26,03:00:00,0.8532,Sunday,3,5,Spring,0
10023456785,2024-05-26 04:00:00,2024-05-26,04:00:00,1.0031,Sunday,4,5,Spring,0
10023456785,2024-05-26 05:00:00,2024-05-26,05:00:00,1.2491,Sunday,5,5,Spring,0
10023456785,2024-05-26 06:00:00,2024-05-26,06:00:00,1.6477,Sunday,6,5,Spring,0
10023456785,2024-05-26 07:00:00,2024-05-26,07:00:00,2.0228,Sunday,7,5,Spring,0
10023456785,2024-05-26 08:00:00,2024-05-26,08:00:00,2.9454,Sunday,8,5,Spring,0
10023456785,2024-05-26 09:00:00,2024-05-26,09:00:00,2.8386,Sunday,9,5,Spring,0
10023456785,2024-05-26 10:00:00,2024-05-26,10:00:00,3.5216,Sunday,10,5,Spring,0
10023456785,2024-05-26 11:00:00,2024-05-26,11:00:00,2.2986,Sunday,11,5,Spring,0
10023456785,2024-05-26 12:00:00,2024-05-26,12:00:00,3.0425,Sunday,12,5,Spring,0
10023456785,2024-05-26 13:00:00,2024-05-26,13:00:00,2.7368,Sunday,13,5,Spring,0
10023456785,2024-05-26 14:00:00,2024-05-26,14:00:00,2.7027,Sunday,14,5,Spring,0
10023456785,2024-05-26 15:00:00,2024-05-26,15:00:00,2.4115,Sunday,15,5,Spring,0
10023456785,2024-05-26 16:00:00,2024-05-26,16:00:00,2.6448,Sunday,16,5,Spring,0
10023456785,2024-05-26 17:00:00,2024-05-26,17:00:00,2.3973,Sunday,17,5,Spring,0
10023456785,2024-05-26 18:00:00,2024-05-26,18:00:00,3.2052,Sunday,18,5,Spring,0
10023456785,2024-05-26 19:00:00,2024-05-26,19:00:00,3.5545,Sunday,19,5,Spring,0
10023456785,2024-05-26 20:00:00,2024-05-26,20:00:00,3.7510,Sunday,20,5,Spring,0
10023456785,2024-05-26 21:00:00,2024-05-26,21:00:00,2.2697,Sunday,21,5,Spring,0
10023456785,2024-05-26 22:00:00,2024-05-26,22:00:00,2.4335,Sunday,22,5,Spring,0
10023456785,2024-05-26 23:00:00,2024-05-26,23:00:00,1.4711,Sunday,23,5,Spring,0
10023456785,2024-05-27 00:00:00,2024-05-27,00:00:00,1.1057,Monday,0,5,Spring,0
10023456785,2024-05-27 01:00:00,2024-05-27,01:00:00,0.9651,Monday,1,5,Spring,0
10023456785,2024-05-27 02:00:00,2024-05-27,02:00:00,1.1721,Monday,2,5,Spring,0
10023456785,2024-05-27 03:00:00,2024-05-27,03:00:00,0.8330,Monday,3,5,Spring,0
10023456785,2024-05-27 04:00:00,2024-05-27,04:00:00,1.2046,Monday,4,5,Spring,0
10023456785,2024-05-27 05:00:00,2024-05-27,05:00:00,1.6699,Monday,5,5,Spring,0
10023456785,2024-05-27 06:00:00,2024-05-27,06:00:00,2.1849,Monday,6,5,Spring,0
10023456785,2024-05-27 07:00:00,2024-05-27,07:00:00,3.5494,Monday,7,5,Spring,0
10023456785,2024-05-27 08:00:00,2024-05-27,08:00:00,3.7527,Monday,8,5,Spring,0
10023456785,2024-05-27 09:00:00,2024-05-27,09:00:00,3.5936,Monday,9,5,Spring,0
10023456785,2024-05-27 10:00:00,2024-05-27,10:00:00,3.4185,Monday,10,5,Spring,0
10023456785,2024-05-27 11:00:00,2024-05-27,11:00:00,3.1761,Monday,11,5,Spring,0
10023456785,2024-05-27 12:00:00,2024-05-27,12:00:00,2.6877,Monday,12,5,Spring,0
10023456785,2024-05-27 13:00:00,2024-05-27,13:00:00,2.7451,Monday,13,5,Spring,0
10023456785,2024-05-27 14:00:00,2024-05-27,14:00:00,2.7487,Monday,14,5,Spring,0
10023456785,2024-05-27 15:00:00,2024-05-27,15:00:00,2.5905,Monday,15,5,Spring,0
10023456785,2024-05-27 16:00:00,2024-05-27,16:00:00,3.8457,Monday,16,5,Spring,0
10023456785,2024-05-27 17:00:00,2024-05-27,17:00:00,3.4429,Monday,17,5,Spring,0
10023456785,2024-05-27 18:00:00,2024-05-27,18:00:00,3.7530,Monday,18,5,Spring,0
10023456785,2024-05-27 19:00:00,2024-05-27,19:00:00,3.9572,Monday,19,5,Spring,0
10023456785,2024-05-27 20:00:00,2024-05-27,20:00:00,3.4244,Monday,20,5,Spring,0
10023456785,2024-05-27 21:00:00,2024-05-27,21:00:00,2.6316,Monday,21,5,Spring,0
10023456785,2024-05-27 22:00:00,2024-05-27,22:00:00,2.0534,Monday,22,5,Spring,0
10023456785,2024-05-27 23:00:00,2024-05-27,23:00:00,1.3703,Monday,23,5,Spring,0
10023456785,2024-05-28 00:00:00,2024-05-28,00:00:00,1.0141,Tuesday,0,5,Spring,0
10023456785,2024-05-28 01:00:00,2024-05-28,01:00:00,0.9689,Tuesday,1,5,Spring,0
10023456785,2024-05-28 02:00:00,2024-05-28,02:00:00,4.9302,Tuesday,2,5,Spring,1
10023456785,2024-05-28 03:00:00,2024-05-28,03:00:00,4.8514,Tuesday,3,5,Spring,1
10023456785,2024-05-28 04:00:00,2024-05-28,04:00:00,4.7854,Tuesday,4,5,Spring,1
10023456785,2024-05-28 05:00:00,2024-05-28,05:00:00,1.6926,Tuesday,5,5,Spring,0
10023456785,2024-05-28 06:00:00,2024-05-28,06:00:00,2.1025,Tuesday,6,5,Spring,0
10023456785,2024-05-28 07:00:00,2024-05-28,07:00:00,2.9420,Tuesday,7,5,Spring,0
10023456785,2024-05-28 08:00:00,2024-05-28,08:00:00,3.3751,Tuesday,8,5,Spring,0
10023456785,2024-05-28 09:00:00,2024-05-28,09:00:00,3.5482,Tuesday,9,5,Spring,0
10023456785,2024-05-28 10:00:00,2024-05-28,10:00:00,3.1668,Tuesday,10,5,Spring,0
10023456785,2024-05-28 11:00:00,2024-05-28,11:00:00,3.2389,Tuesday,11,5,Spring,0
10023456785,2024-05-28 12:00:00,2024-05-28,12:00:00,3.2744,Tuesday,12,5,Spring,0
10023456785,2024-05-28 13:00:00,2024-05-28,13:00:00,2.8883,Tuesday,13,5,Spring,0
10023456785,2024-05-28 14:00:00,2024-05-28,14:00:00,3.0004,Tuesday,14,5,Spring,0
10023456785,2024-05-28 15:00:00,2024-05-28,15:00:00,3.1271,Tuesday,15,5,Spring,0
10023456785,2024-05-28 16:00:00,2024-05-28,16:00:00,2.8443,Tuesday,16,5,Spring,0
10023456785,2024-05-28 17:00:00,2024-05-28,17:00:00,3.8079,Tuesday,17,5,Spring,0
10023456785,2024-05-28 18:00:00,2024-05-28,18:00:00,3.9086,Tuesday,18,5,Spring,0
10023456785,2024-05-28 19:00:00,2024-05-28,19:00:00,3.7691,Tuesday,19,5,Spring,0
10023456785,2024-05-28 20:00:00,2024-05-28,20:00:00,2.9190,Tuesday,20,5,Spring,0
10023456785,2024-05-28 21:00:00,2024-05-28,21:00:00,1.9503,Tuesday,21,5,Spring,0
10023456785,2024-05-28 22:00:00,2024-05-28,22:00:00,1.7273,Tuesday,22,5,Spring,0
10023456785,2024-05-28 23:00:00,2024-05-28,23:00:00,1.4087,Tuesday,23,5,Spring,0
10023456785,2024-05-29 00:00:00,2024-05-29,00:00:00,1.2501,Wednesday,0,5,Spring,0
10023456785,2024-05-29 01:00:00,2024-05-29,01:00:00,0.9992,Wednesday,1,5,Spring,0
10023456785,2024-05-29 02:00:00,2024-05-29,02:00:00,1.0616,Wednesday,2,5,Spring,0
10023456785,2024-05-29 03:00:00,2024-05-29,03:00:00,0.6874,Wednesday,3,5,Spring,0
10023456785,2024-05-29 04:00:00,2024-05-29,04:00:00,1.0329,Wednesday,4,5,Spring,0
10023456785,2024-05-29 05:00:00,2024-05-29,05:00:00,1.4463,Wednesday,5,5,Spring,0
10023456785,2024-05-29 06:00:00,2024-05-29,06:00:00,2.5900,Wednesday,6,5,Spring,0
10023456785,2024-05-29 07:00:00,2024-05-29,07:00:00,3.2751,Wednesday,7,5,Spring,0
10023456785,2024-05-29 08:00:00,2024-05-29,08:00:00,3.9753,Wednesday,8,5,Spring,0
10023456785,2024-05-29 09:00:00,2024-05-29,09:00:00,3.5229,Wednesday,9,5,Spring,0
10023456785,2024-05-29 10:00:00,2024-05-29,10:00:00,3.0347,Wednesday,10,5,Spring,0
10023456785,2024-05-29 11:00:00,2024-05-29,11:00:00,2.7248,Wednesday,11,5,Spring,0
10023456785,2024-05-29 12:00:00,2024-05-29,12:00:00,3.1224,Wednesday,12,5,Spring,0
10023456785,2024-05-29 13:00:00,2024-05-29,13:00:00,3.4373,Wednesday,13,5,Spring,0
10023456785,2024-05-29 14:00:00,2024-05-29,14:00:00,2.5098,Wednesday,14,5,Spring,0
10023456785,2024-05-29 15:00:00,2024-05-29,15:00:00,2.5841,Wednesday,15,5,Spring,0
10023456785,2024-05-29 16:00:00,2024-05-29,16:00:00,3.7360,Wednesday,16,5,Spring,0
10023456785,2024-05-29 17:00:00,2024-05-29,17:00:00,3.4844,Wednesday,17,5,Spring,0
10023456785,2024-05-29 18:00:00,2024-05-29,18:00:00,3.4767,Wednesday,18,5,Spring,0
10023456785,2024-05-29 19:00:00,2024-05-29,19:00:00,4.3411,Wednesday,19,5,Spring,0
10023456785,2024-05-29 20:00:00,2024-05-29,20:00:00,3.4906,Wednesday,20,5,Spring,0
10023456785,2024-05-29 21:00:00,2024-05-29,21:00:00,2.2969,Wednesday,21,5,Spring,0
10023456785,2024-05-29 22:00:00,2024-05-29,22:00:00,1.7141,Wednesday,22,5,Spring,0
10023456785,2024-05-29 23:00:00,2024-05-29,23:00:00,1.1845,Wednesday,23,5,Spring,0
10023456785,2024-05-30 00:00:00,2024-05-30,00:00:00,1.2840,Thursday,0,5,Spring,0
10023456785,2024-05-30 01:00:00,2024-05-30,01:00:00,1.0215,Thursday,1,5,Spring,0
10023456785,2024-05-30 02:00:00,2024-05-30,02:00:00,0.9547,Thursday,2,5,Spring,0
10023456785,2024-05-30 03:00:00,2024-05-30,03:00:00,0.7587,Thursday,3,5,Spring,0
10023456785,2024-05-30 04:00:00,2024-05-30,04:00:00,0.7624,Thursday,4,5,Spring,0
10023456785,2024-05-30 05:00:00,2024-05-30,05:00:00,1.4131,Thursday,5,5,Spring,0
10023456785,2024-05-30 06:00:00,2024-05-30,06:00:00,2.6624,Thursday,6,5,Spring,0
10023456785,2024-05-30 07:00:00,2024-05-30,07:00:00,3.1260,Thursday,7,5,Spring,0
10023456785,2024-05-30 08:00:00,2024-05-30,08:00:00,2.7149,Thursday,8,5,Spring,0
10023456785,2024-05-30 09:00:00,2024-05-30,09:00:00,3.0879,Thursday,9,5,Spring,0
10023456785,2024-05-30 10:00:00,2024-05-30,10:00:00,2.6189,Thursday,10,5,Spring,0
10023456785,2024-05-30 11:00:00,2024-05-30,11:00:00,2.5547,Thursday,11,5,Spring,0
10023456785,2024-05-30 12:00:00,2024-05-30,12:00:00,2.6973,Thursday,12,5,Spring,0
10023456785,2024-05-30 13:00:00,2024-05-30,13:00:00,2.3676,Thursday,13,5,Spring,0
10023456785,2024-05-30 14:00:00,2024-05-30,14:00:00,2.8113,Thursday,14,5,Spring,0
10023456785,2024-05-30 15:00:00,2024-05-30,15:00:00,2.8188,Thursday,15,5,Spring,0
10023456785,2024-05-30 16:00:00,2024-05-30,16:00:00,2.1889,Thursday,16,5,Spring,0
10023456785,2024-05-30 17:00:00,2024-05-30,17:00:00,3.8075,Thursday,17,5,Spring,0
10023456785,2024-05-30 18:00:00,2024-05-30,18:00:00,2.8879,Thursday,18,5,Spring,0
10023456785,2024-05-30 19:00:00,2024-05-30,19:00:00,4.6045,Thursday,19,5,Spring,0
10023456785,2024-05-30 20:00:00,2024-05-30,20:00:00,3.2555,Thursday,20,5,Spring,0
10023456785,2024-05-30 21:00:00,2024-05-30,21:00:00,2.6075,Thursday,21,5,Spring,0
10023456785,2024-05-30 22:00:00,2024-05-30,22:00:00,2.0173,Thursday,22,5,Spring,0
10023456785,2024-05-30 23:00:00,2024-05-30,23:00:00,1.1324,Thursday,23,5,Spring,0
10023456785,2024-05-31 00:00:00,2024-05-31,00:00:00,1.1737,Friday,0,5,Spring,0
10023456785,2024-05-31 01:00:00,2024-05-31,01:00:00,0.9847,Friday,1,5,Spring,0
10023456785,2024-05-31 02:00:00,2024-05-31,02:00:00,0.7249,Friday,2,5,Spring,0
10023456785,2024-05-31 03:00:00,2024-05-31,03:00:00,0.9410,Friday,3,5,Spring,0
10023456785,2024-05-31 04:00:00,2024-05-31,04:00:00,0.7805,Friday,4,5,Spring,0
10023456785,2024-05-31 05:00:00,2024-05-31,05:00:00,1.2217,Friday,5,5,Spring,0
10023456785,2024-05-31 06:00:00,2024-05-31,06:00:00,2.5016,Friday,6,5,Spring,0
10023456785,2024-05-31 07:00:00,2024-05-31,07:00:00,3.3057,Friday,7,5,Spring,0
10023456785,2024-05-31 08:00:00,2024-05-31,08:00:00,2.9952,Friday,8,5,Spring,0
10023456785,2024-05-31 09:00:00,2024-05-31,09:00:00,2.9429,Friday,9,5,Spring,0
10023456785,2024-05-31 10:00:00,2024-05-31,10:00:00,2.8613,Friday,10,5,Spring,0
10023456785,2024-05-31 11:00:00,2024-05-31,11:00:00,3.3280,Friday,11,5,Spring,0
10023456785,2024-05-31 12:00:00,2024-05-31,12:00:00,2.3460,Friday,12,5,Spring,0
10023456785,2024-05-31 13:00:00,2024-05-31,13:00:00,2.5562,Friday,13,5,Spring,0
10023456785,2024-05-31 14:00:00,2024-05-31,14:00:00,2.8653,Friday,14,5,Spring,0
10023456785,2024-05-31 15:00:00,2024-05-31,15:00:00,2.7792,Friday,15,5,Spring,0
10023456785,2024-05-31 16:00:00,2024-05-31,16:00:00,2.7014,Friday,16,5,Spring,0
10023456785,2024-05-31 17:00:00,2024-05-31,17:00:00,3.2640,Friday,17,5,Spring,0
10023456785,2024-05-31 18:00:00,2024-05-31,18:00:00,3.1166,Friday,18,5,Spring,0
10023456785,2024-05-31 19:00:00,2024-05-31,19:00:00,3.1807,Friday,19,5,Spring,0
10023456785,2024-05-31 20:00:00,2024-05-31,20:00:00,2.6607,Friday,20,5,Spring,0
10023456785,2024-05-31 21:00:00,2024-05-31,21:00:00,2.6679,Friday,21,5,Spring,0
10023456785,2024-05-31 22:00:00,2024-05-31,22:00:00,1.6885,Friday,22,5,Spring,0
10023456785,2024-05-31 23:00:00,2024-05-31,23:00:00,1.3742,Friday,23,5,Spring,0
10023456785,2024-06-01 00:00:00,2024-06-01,00:00:00,0.8121,Saturday,0,6,Summer,0
10023456785,2024-06-01 01:00:00,2024-06-01,01:00:00,0.8101,Saturday,1,6,Summer,0
10023456785,2024-06-01 02:00:00,2024-06-01,02:00:00,0.8585,Saturday,2,6,Summer,0
10023456785,2024-06-01 03:00:00,2024-06-01,03:00:00,0.8154,Saturday,3,6,Summer,0
10023456785,2024-06-01 04:00:00,2024-06-01,04:00:00,0.7550,Saturday,4,6,Summer,0
10023456785,2024-06-01 05:00:00,2024-06-01,05:00:00,1.0338,Saturday,5,6,Summer,0
10023456785,2024-06-01 06:00:00,2024-06-01,06:00:00,1.3863,Saturday,6,6,Summer,0
10023456785,2024-06-01 07:00:00,2024-06-01,07:00:00,1.8295,Saturday,7,6,Summer,0
10023456785,2024-06-01 08:00:00,2024-06-01,08:00:00,2.0790,Saturday,8,6,Summer,0
10023456785,2024-06-01 09:00:00,2024-06-01,09:00:00,2.3261,Saturday,9,6,Summer,0
10023456785,2024-06-01 10:00:00,2024-06-01,10:00:00,2.1830,Saturday,10,6,Summer,0
10023456785,2024-06-01 11:00:00,2024-06-01,11:00:00,2.3007,Saturday,11,6,Summer,0
10023456785,2024-06-01 12:00:00,2024-06-01,12:00:00,1.8671,Saturday,12,6,Summer,0
10023456785,2024-06-01 13:00:00,2024-06-01,13:00:00,1.9924,Saturday,13,6,Summer,0
10023456785,2024-06-01 14:00:00,2024-06-01,14:00:00,2.1261,Saturday,14,6,Summer,0
10023456785,2024-06-01 15:00:00,2024-06-01,15:00:00,1.5969,Saturday,15,6,Summer,0
10023456785,2024-06-01 16:00:00,2024-06-01,16:00:00,1.8430,Saturday,16,6,Summer,0
10023456785,2024-06-01 17:00:00,2024-06-01,17:00:00,2.4559,Saturday,17,6,Summer,0
10023456785,2024-06-01 18:00:00,2024-06-01,18:00:00,2.9240,Saturday,18,6,Summer,0
10023456785,2024-06-01 19:00:00,2024-06-01,19:00:00,3.3836,Saturday,19,6,Summer,0
10023456785,2024-06-01 20:00:00,2024-06-01,20:00:00,11.9881,Saturday,20,6,Summer,1
10023456785,2024-06-01 21:00:00,2024-06-01,21:00:00,1.9864,Saturday,21,6,Summer,0
10023456785,2024-06-01 22:00:00,2024-06-01,22:00:00,1.8216,Saturday,22,6,Summer,0
10023456785,2024-06-01 23:00:00,2024-06-01,23:00:00,1.3954,Saturday,23,6,Summer,0
10023456785,2024-06-02 00:00:00,2024-06-02,00:00:00,0.8824,Sunday,0,6,Summer,0
10023456785,2024-06-02 01:00:00,2024-06-02,01:00:00,0.6968,Sunday,1,6,Summer,0
10023456785,2024-06-02 02:00:00,2024-06-02,02:00:00,0.7284,Sunday,2,6,Summer,0
10023456785,2024-06-02 03:00:00,2024-06-02,03:00:00,0.8270,Sunday,3,6,Summer,0
10023456785,2024-06-02 04:00:00,2024-06-02,04:00:00,0.6903,Sunday,4,6,Summer,0
10023456785,2024-06-02 05:00:00,2024-06-02,05:00:00,1.0760,Sunday,5,6,Summer,0
10023456785,2024-06-02 06:00:00,2024-06-02,06:00:00,1.1604,Sunday,6,6,Summer,0
10023456785,2024-06-02 07:00:00,2024-06-02,07:00:00,1.6078,Sunday,7,6,Summer,0
10023456785,2024-06-02 08:00:00,2024-06-02,08:00:00,2.3144,Sunday,8,6,Summer,0
10023456785,2024-06-02 09:00:00,2024-06-02,09:00:00,2.1632,Sunday,9,6,Summer,0
10023456785,2024-06-02 10:00:00,2024-06-02,10:00:00,2.2389,Sunday,10,6,Summer,0
10023456785,2024-06-02 11:00:00,2024-06-02,11:00:00,2.3487,Sunday,11,6,Summer,0
10023456785,2024-06-02 12:00:00,2024-06-02,12:00:00,1.9036,Sunday,12,6,Summer,0
10023456785,2024-06-02 13:00:00,2024-06-02,13:00:00,2.1025,Sunday,13,6,Summer,0
10023456785,2024-06-02 14:00:00,2024-06-02,14:00:00,2.2708,Sunday,14,6,Summer,0
10023456785,2024-06-02 15:00:00,2024-06-02,15:00:00,1.7527,Sunday,15,6,Summer,0
10023456785,2024-06-02 16:00:00,2024-06-02,16:00:00,2.6136,Sunday,16,6,Summer,0
10023456785,2024-06-02 17:00:00,2024-06-02,17:00:00,2.3575,Sunday,17,6,Summer,0
10023456785,2024-06-02 18:00:00,2024-06-02,18:00:00,2.5960,Sunday,18,6,Summer,0
10023456785,2024-06-02 19:00:00,2024-06-02,19:00:00,3.0087,Sunday,19,6,Summer,0
10023456785,2024-06-02 20:00:00,2024-06-02,20:00:00,2.5370,Sunday,20,6,Summer,0
10023456785,2024-06-02 21:00:00,2024-06-02,21:00:00,0.3138,Sunday,21,6,Summer,1
10023456785,2024-06-02 22:00:00,2024-06-02,22:00:00,0.1209,Sunday,22,6,Summer,1
10023456785,2024-06-02 23:00:00,2024-06-02,23:00:00,0.2072,Sunday,23,6,Summer,1
10023456785,2024-06-03 00:00:00,2024-06-03,00:00:00,0.9823,Monday,0,6,Summer,0
10023456785,2024-06-03 01:00:00,2024-06-03,01:00:00,0.9618,Monday,1,6,Summer,0
10023456785,2024-06-03 02:00:00,2024-06-03,02:00:00,0.8767,Monday,2,6,Summer,0
10023456785,2024-06-03 03:00:00,2024-06-03,03:00:00,1.1665,Monday,3,6,Summer,0
10023456785,2024-06-03 04:00:00,2024-06-03,04:00:00,0.9523,Monday,4,6,Summer,0
10023456785,2024-06-03 05:00:00,2024-06-03,05:00:00,1.2680,Monday,5,6,Summer,0
10023456785,2024-06-03 06:00:00,2024-06-03,06:00:00,1.8427,Monday,6,6,Summer,0
10023456785,2024-06-03 07:00:00,2024-06-03,07:00:00,2.8965,Monday,7,6,Summer,0
10023456785,2024-06-03 08:00:00,2024-06-03,08:00:00,3.3099,Monday,8,6,Summer,0
10023456785,2024-06-03 09:00:00,2024-06-03,09:00:00,3.3609,Monday,9,6,Summer,0
10023456785,2024-06-03 10:00:00,2024-06-03,10:00:00,3.4888,Monday,10,6,Summer,0
10023456785,2024-06-03 11:00:00,2024-06-03,11:00:00,3.0122,Monday,11,6,Summer,0
10023456785,2024-06-03 12:00:00,2024-06-03,12:00:00,2.6581,Monday,12,6,Summer,0
10023456785,2024-06-03 13:00:00,2024-06-03,13:00:00,2.9185,Monday,13,6,Summer,0
10023456785,2024-06-03 14:00:00,2024-06-03,14:00:00,2.6342,Monday,14,6,Summer,0
10023456785,2024-06-03 15:00:00,2024-06-03,15:00:00,2.8648,Monday,15,6,Summer,0
10023456785,2024-06-03 16:00:00,2024-06-03,16:00:00,3.0464,Monday,16,6,Summer,0
10023456785,2024-06-03 17:00:00,2024-06-03,17:00:00,3.3287,Monday,17,6,Summer,0
10023456785,2024-06-03 18:00:00,2024-06-03,18:00:00,3.5586,Monday,18,6,Summer,0
10023456785,2024-06-03 19:00:00,2024-06-03,19:00:00,3.6820,Monday,19,6,Summer,0
10023456785,2024-06-03 20:00:00,2024-06-03,20:00:00,2.6610,Monday,20,6,Summer,0
10023456785,2024-06-03 21:00:00,2024-06-03,21:00:00,2.0416,Monday,21,6,Summer,0
10023456785,2024-06-03 22:00:00,2024-06-03,22:00:00,1.8648,Monday,22,6,Summer,0
10023456785,2024-06-03 23:00:00,2024-06-03,23:00:00,1.4287,Monday,23,6,Summer,0
10023456785,2024-06-04 00:00:00,2024-06-04,00:00:00,0.9483,Tuesday,0,6,Summer,0
10023456785,2024-06-04 01:00:00,2024-06-04,01:00:00,0.9681,Tuesday,1,6,Summer,0
10023456785,2024-06-04 02:00:00,2024-06-04,02:00:00,0.8375,Tuesday,2,6,Summer,0
10023456785,2024-06-04 03:00:00,2024-06-04,03:00:00,1.0165,Tuesday,3,6,Summer,0
10023456785,2024-06-04 04:00:00,2024-06-04,04:00:00,0.9756,Tuesday,4,6,Summer,0
10023456785,2024-06-04 05:00:00,2024-06-04,05:00:00,1.3129,Tuesday,5,6,Summer,0
10023456785,2024-06-04 06:00:00,2024-06-04,06:00:00,2.3231,Tuesday,6,6,Summer,0
10023456785,2024-06-04 07:00:00,2024-06-04,07:00:00,2.9417,Tuesday,7,6,Summer,0
10023456785,2024-06-04 08:00:00,2024-06-04,08:00:00,3.6884,Tuesday,8,6,Summer,0
10023456785,2024-06-04 09:00:00,2024-06-04,09:00:00,3.2121,Tuesday,9,6,Summer,0
10023456785,2024-06-04 10:00:00,2024-06-04,10:00:00,13.0686,Tuesday,10,6,Summer,1
10023456785,2024-06-04 11:00:00,2024-06-04,11:00:00,8.0762,Tuesday,11,6,Summer,1
10023456785,2024-06-04 12:00:00,2024-06-04,12:00:00,3.0964,Tuesday,12,6,Summer,0
10023456785,2024-06-04 13:00:00,2024-06-04,13:00:00,2.7482,Tuesday,13,6,Summer,0
10023456785,2024-06-04 14:00:00,2024-06-04,14:00:00,2.8966,Tuesday,14,6,Summer,0
10023456785,2024-06-04 15:00:00,2024-06-04,15:00:00,3.5839,Tuesday,15,6,Summer,0
10023456785,2024-06-04 16:00:00,2024-06-04,16:00:00,3.0704,Tuesday,16,6,Summer,0
10023456785,2024-06-04 17:00:00,2024-06-04,17:00:00,3.6198,Tuesday,17,6,Summer,0
10023456785,2024-06-04 18:00:00,2024-06-04,18:00:00,3.8674,Tuesday,18,6,Summer,0
10023456785,2024-06-04 19:00:00,2024-06-04,19:00:00,3.6181,Tuesday,19,6,Summer,0
10023456785,2024-06-04 20:00:00,2024-06-04,20:00:00,3.6604,Tuesday,20,6,Summer,0
10023456785,2024-06-04 21:00:00,2024-06-04,21:00:00,2.6116,Tuesday,21,6,Summer,0
10023456785,2024-06-04 22:00:00,2024-06-04,22:00:00,1.8790,Tuesday,22,6,Summer,0
10023456785,2024-06-04 23:00:00,2024-06-04,23:00:00,1.4782,Tuesday,23,6,Summer,0
10023456785,2024-06-05 00:00:00,2024-06-05,00:00:00,1.5847,Wednesday,0,6,Summer,0
10023456785,2024-06-05 01:00:00,2024-06-05,01:00:00,1.3010,Wednesday,1,6,Summer,0
10023456785,2024-06-05 02:00:00,2024-06-05,02:00:00,1.2282,Wednesday,2,6,Summer,0
10023456785,2024-06-05 03:00:00,2024-06-05,03:00:00,1.1334,Wednesday,3,6,Summer,0
10023456785,2024-06-05 04:00:00,2024-06-05,04:00:00,1.4478,Wednesday,4,6,Summer,0
10023456785,2024-06-05 05:00:00,2024-06-05,05:00:00,2.1408,Wednesday,5,6,Summer,0
10023456785,2024-06-05 06:00:00,2024-06-05,06:00:00,3.6195,Wednesday,6,6,Summer,0
10023456785,2024-06-05 07:00:00,2024-06-05,07:00:00,4.4363,Wednesday,7,6,Summer,0
10023456785,2024-06-05 08:00:00,2024-06-05,08:00:00,4.9653,Wednesday,8,6,Summer,0
10023456785,2024-06-05 09:00:00,2024-06-05,09:00:00,4.1761,Wednesday,9,6,Summer,0
10023456785,2024-06-05 10:00:00,2024-06-05,10:00:00,4.2052,Wednesday,10,6,Summer,0
10023456785,2024-06-05 11:00:00,2024-06-05,11:00:00,3.8463,Wednesday,11,6,Summer,0
10023456785,2024-06-05 12:00:00,2024-06-05,12:00:00,4.1677,Wednesday,12,6,Summer,0
10023456785,2024-06-05 13:00:00,2024-06-05,13:00:00,3.3883,Wednesday,13,6,Summer,0
10023456785,2024-06-05 14:00:00,2024-06-05,14:00:00,3.8303,Wednesday,14,6,Summer,0
10023456785,2024-06-05 15:00:00,2024-06-05,15:00:00,3.6300,Wednesday,15,6,Summer,0
10023456785,2024-06-05 16:00:00,2024-06-05,16:00:00,0.3312,Wednesday,16,6,Summer,1
10023456785,2024-06-05 17:00:00,2024-06-05,17:00:00,5.0696,Wednesday,17,6,Summer,0
10023456785,2024-06-05 18:00:00,2024-06-05,18:00:00,4.9596,Wednesday,18,6,Summer,0
10023456785,2024-06-05 19:00:00,2024-06-05,19:00:00,4.5490,Wednesday,19,6,Summer,0
10023456785,2024-06-05 20:00:00,2024-06-05,20:00:00,4.2493,Wednesday,20,6,Summer,0
10023456785,2024-06-05 21:00:00,2024-06-05,21:00:00,3.5302,Wednesday,21,6,Summer,0
10023456785,2024-06-05 22:00:00,2024-06-05,22:00:00,2.4056,Wednesday,22,6,Summer,0
10023456785,2024-06-05 23:00:00,2024-06-05,23:00:00,2.3709,Wednesday,23,6,Summer,0
10023456785,2024-06-06 00:00:00,2024-06-06,00:00:00,1.0023,Thursday,0,6,Summer,0
10023456785,2024-06-06 01:00:00,2024-06-06,01:00:00,1.0945,Thursday,1,6,Summer,0
10023456785,2024-06-06 02:00:00,2024-06-06,02:00:00,1.1246,Thursday,2,6,Summer,0
10023456785,2024-06-06 03:00:00,2024-06-06,03:00:00,1.3148,Thursday,3,6,Summer,0
10023456785,2024-06-06 04:00:00,2024-06-06,04:00:00,1.1470,Thursday,4,6,Summer,0
10023456785,2024-06-06 05:00:00,2024-06-06,05:00:00,1.6507,Thursday,5,6,Summer,0
10023456785,2024-06-06 06:00:00,2024-06-06,06:00:00,1.8747,Thursday,6,6,Summer,0
10023456785,2024-06-06 07:00:00,2024-06-06,07:00:00,4.3836,Thursday,7,6,Summer,0
10023456785,2024-06-06 08:00:00,2024-06-06,08:00:00,3.4771,Thursday,8,6,Summer,0
10023456785,2024-06-06 09:00:00,2024-06-06,09:00:00,3.2754,Thursday,9,6,Summer,0
10023456785,2024-06-06 10:00:00,2024-06-06,10:00:00,3.8703,Thursday,10,6,Summer,0
10023456785,2024-06-06 11:00:00,2024-06-06,11:00:00,2.9553,Thursday,11,6,Summer,0
10023456785,2024-06-06 12:00:00,2024-06-06,12:00:00,3.3874,Thursday,12,6,Summer,0
10023456785,2024-06-06 13:00:00,2024-06-06,13:00:00,3.1208,Thursday,13,6,Summer,0
10023456785,2024-06-06 14:00:00,2024-06-06,14:00:00,3.6378,Thursday,14,6,Summer,0
10023456785,2024-06-06 15:00:00,2024-06-06,15:00:00,2.6256,Thursday,15,6,Summer,0
10023456785,2024-06-06 16:00:00,2024-06-06,16:00:00,3.0089,Thursday,16,6,Summer,0
10023456785,2024-06-06 17:00:00,2024-06-06,17:00:00,4.2233,Thursday,17,6,Summer,0
10023456785,2024-06-06 18:00:00,2024-06-06,18:00:00,0.3885,Thursday,18,6,Summer,1
10023456785,2024-06-06 19:00:00,2024-06-06,19:00:00,3.2958,Thursday,19,6,Summer,0
10023456785,2024-06-06 20:00:00,2024-06-06,20:00:00,3.2311,Thursday,20,6,Summer,0
10023456785,2024-06-06 21:00:00,2024-06-06,21:00:00,2.9787,Thursday,21,6,Summer,0
10023456785,2024-06-06 22:00:00,2024-06-06,22:00:00,2.0721,Thursday,22,6,Summer,0
10023456785,2024-06-06 23:00:00,2024-06-06,23:00:00,1.4448,Thursday,23,6,Summer,0
10023456785,2024-06-07 00:00:00,2024-06-07,00:00:00,1.1258,Friday,0,6,Summer,0
10023456785,2024-06-07 01:00:00,2024-06-07,01:00:00,0.7127,Friday,1,6,Summer,0
10023456785,2024-06-07 02:00:00,2024-06-07,02:00:00,1.0524,Friday,2,6,Summer,0
10023456785,2024-06-07 03:00:00,2024-06-07,03:00:00,0.8851,Friday,3,6,Summer,0
10023456785,2024-06-07 04:00:00,2024-06-07,04:00:00,6.6224,Friday,4,6,Summer,1
10023456785,2024-06-07 05:00:00,2024-06-07,05:00:00,4.5013,Friday,5,6,Summer,1
10023456785,2024-06-07 06:00:00,2024-06-07,06:00:00,2.7724,Friday,6,6,Summer,0
10023456785,2024-06-07 07:00:00,2024-06-07,07:00:00,3.8430,Friday,7,6,Summer,0
10023456785,2024-06-07 08:00:00,2024-06-07,08:00:00,4.3622,Friday,8,6,Summer,0
10023456785,2024-06-07 09:00:00,2024-06-07,09:00:00,3.7207,Friday,9,6,Summer,0
10023456785,2024-06-07 10:00:00,2024-06-07,10:00:00,3.4274,Friday,10,6,Summer,0
10023456785,2024-06-07 11:00:00,2024-06-07,11:00:00,2.7343,Friday,11,6,Summer,0
10023456785,2024-06-07 12:00:00,2024-06-07,12:00:00,2.2091,Friday,12,6,Summer,0
10023456785,2024-06-07 13:00:00,2024-06-07,13:00:00,2.7846,Friday,13,6,Summer,0
10023456785,2024-06-07 14:00:00,2024-06-07,14:00:00,2.4348,Friday,14,6,Summer,0
10023456785,2024-06-07 15:00:00,2024-06-07,15:00:00,2.8284,Friday,15,6,Summer,0
10023456785,2024-06-07 16:00:00,2024-06-07,16:00:00,2.8535,Friday,16,6,Summer,0
10023456785,2024-06-07 17:00:00,2024-06-07,17:00:00,3.6201,Friday,17,6,Summer,0
10023456785,2024-06-07 18:00:00,2024-06-07,18:00:00,3.7952,Friday,18,6,Summer,0
10023456785,2024-06-07 19:00:00,2024-06-07,19:00:00,3.4831,Friday,19,6,Summer,0
10023456785,2024-06-07 20:00:00,2024-06-07,20:00:00,3.3913,Friday,20,6,Summer,0
10023456785,2024-06-07 21:00:00,2024-06-07,21:00:00,2.6800,Friday,21,6,Summer,0
10023456785,2024-06-07 22:00:00,2024-06-07,22:00:00,2.0197,Friday,22,6,Summer,0
10023456785,2024-06-07 23:00:00,2024-06-07,23:00:00,1.3426,Friday,23,6,Summer,0
10023456785,2024-06-08 00:00:00,2024-06-08,00:00:00,1.5478,Saturday,0,6,Summer,0
10023456785,2024-06-08 01:00:00,2024-06-08,01:00:00,1.2381,Saturday,1,6,Summer,0
10023456785,2024-06-08 02:00:00,2024-06-08,02:00:00,1.4295,Saturday,2,6,Summer,0
10023456785,2024-06-08 03:00:00,2024-06-08,03:00:00,1.2815,Saturday,3,6,Summer,0
10023456785,2024-06-08 04:00:00,2024-06-08,04:00:00,1.2425,Saturday,4,6,Summer,0
10023456785,2024-06-08 05:00:00,2024-06-08,05:00:00,1.5380,Saturday,5,6,Summer,0
10023456785,2024-06-08 06:00:00,2024-06-08,06:00:00,1.9337,Saturday,6,6,Summer,0
10023456785,2024-06-08 07:00:00,2024-06-08,07:00:00,2.8230,Saturday,7,6,Summer,0
10023456785,2024-06-08 08:00:00,2024-06-08,08:00:00,2.7974,Saturday,8,6,Summer,0
10023456785,2024-06-08 09:00:00,2024-06-08,09:00:00,3.6937,Saturday,9,6,Summer,0
10023456785,2024-06-08 10:00:00,2024-06-08,10:00:00,3.6644,Saturday,10,6,Summer,0
10023456785,2024-06-08 11:00:00,2024-06-08,11:00:00,2.9116,Saturday,11,6,Summer,0
10023456785,2024-06-08 12:00:00,2024-06-08,12:00:00,3.2156,Saturday,12,6,Summer,0
10023456785,2024-06-08 13:00:00,2024-06-08,13:00:00,3.6730,Saturday,13,6,Summer,0
10023456785,2024-06-08 14:00:00,2024-06-08,14:00:00,3.1673,Saturday,14,6,Summer,0
10023456785,2024-06-08 15:00:00,2024-06-08,15:00:00,2.7970,Saturday,15,6,Summer,0
10023456785,2024-06-08 16:00:00,2024-06-08,16:00:00,3.0286,Saturday,16,6,Summer,0
10023456785,2024-06-08 17:00:00,2024-06-08,17:00:00,4.3520,Saturday,17,6,Summer,0
10023456785,2024-06-08 18:00:00,2024-06-08,18:00:00,3.5467,Saturday,18,6,Summer,0
10023456785,2024-06-08 19:00:00,2024-06-08,19:00:00,10.4340,Saturday,19,6,Summer,1
10023456785,2024-06-08 20:00:00,2024-06-08,20:00:00,4.1794,Saturday,20,6,Summer,0
10023456785,2024-06-08 21:00:00,2024-06-08,21:00:00,3.2247,Saturday,21,6,Summer,0
10023456785,2024-06-08 22:00:00,2024-06-08,22:00:00,2.0697,Saturday,22,6,Summer,0
10023456785,2024-06-08 23:00:00,2024-06-08,23:00:00,1.5867,Saturday,23,6,Summer,0
10023456785,2024-06-09 00:00:00,2024-06-09,00:00:00,1.1861,Sunday,0,6,Summer,0
10023456785,2024-06-09 01:00:00,2024-06-09,01:00:00,1.2131,Sunday,1,6,Summer,0
10023456785,2024-06-09 02:00:00,2024-06-09,02:00:00,1.4005,Sunday,2,6,Summer,0
10023456785,2024-06-09 03:00:00,2024-06-09,03:00:00,1.3768,Sunday,3,6,Summer,0
10023456785,2024-06-09 04:00:00,2024-06-09,04:00:00,5.7581,Sunday,4,6,Summer,1
10023456785,2024-06-09 05:00:00,2024-06-09,05:00:00,6.2379,Sunday,5,6,Summer,1
10023456785,2024-06-09 06:00:00,2024-06-09,06:00:00,2.1533,Sunday,6,6,Summer,0
10023456785,2024-06-09 07:00:00,2024-06-09,07:00:00,3.2118,Sunday,7,6,Summer,0
10023456785,2024-06-09 08:00:00,2024-06-09,08:00:00,3.3850,Sunday,8,6,Summer,0
10023456785,2024-06-09 09:00:00,2024-06-09,09:00:00,3.4379,Sunday,9,6,Summer,0
10023456785,2024-06-09 10:00:00,2024-06-09,10:00:00,4.3199,Sunday,10,6,Summer,0
10023456785,2024-06-09 11:00:00,2024-06-09,11:00:00,2.9238,Sunday,11,6,Summer,0
10023456785,2024-06-09 12:00:00,2024-06-09,12:00:00,2.9861,Sunday,12,6,Summer,0
10023456785,2024-06-09 13:00:00,2024-06-09,13:00:00,2.9918,Sunday,13,6,Summer,0
10023456785,2024-06-09 14:00:00,2024-06-09,14:00:00,3.7963,Sunday,14,6,Summer,0
10023456785,2024-06-09 15:00:00,2024-06-09,15:00:00,3.4689,Sunday,15,6,Summer,0
10023456785,2024-06-09 16:00:00,2024-06-09,16:00:00,3.4100,Sunday,16,6,Summer,0
10023456785,2024-06-09 17:00:00,2024-06-09,17:00:00,4.7881,Sunday,17,6,Summer,0
10023456785,2024-06-09 18:00:00,2024-06-09,18:00:00,4.1844,Sunday,18,6,Summer,0
10023456785,2024-06-09 19:00:00,2024-06-09,19:00:00,0.3845,Sunday,19,6,Summer,1
10023456785,2024-06-09 20:00:00,2024-06-09,20:00:00,0.3212,Sunday,20,6,Summer,1
10023456785,2024-06-09 21:00:00,2024-06-09,21:00:00,3.4395,Sunday,21,6,Summer,0
10023456785,2024-06-09 22:00:00,2024-06-09,22:00:00,6.5181,Sunday,22,6,Summer,1
10023456785,2024-06-09 23:00:00,2024-06-09,23:00:00,4.5243,Sunday,23,6,Summer,1
10023456785,2024-06-10 00:00:00,2024-06-10,00:00:00,2.3962,Monday,0,6,Summer,1
10023456785,2024-06-10 01:00:00,2024-06-10,01:00:00,1.0509,Monday,1,6,Summer,0
10023456785,2024-06-10 02:00:00,2024-06-10,02:00:00,1.0120,Monday,2,6,Summer,0
10023456785,2024-06-10 03:00:00,2024-06-10,03:00:00,0.8063,Monday,3,6,Summer,0
10023456785,2024-06-10 04:00:00,2024-06-10,04:00:00,0.8721,Monday,4,6,Summer,0
10023456785,2024-06-10 05:00:00,2024-06-10,05:00:00,1.3306,Monday,5,6,Summer,0
10023456785,2024-06-10 06:00:00,2024-06-10,06:00:00,2.1508,Monday,6,6,Summer,0
10023456785,2024-06-10 07:00:00,2024-06-10,07:00:00,2.9597,Monday,7,6,Summer,0
10023456785,2024-06-10 08:00:00,2024-06-10,08:00:00,3.5660,Monday,8,6,Summer,0
10023456785,2024-06-10 09:00:00,2024-06-10,09:00:00,3.8255,Monday,9,6,Summer,0
10023456785,2024-06-10 10:00:00,2024-06-10,10:00:00,3.2286,Monday,10,6,Summer,0
10023456785,2024-06-10 11:00:00,2024-06-10,11:00:00,10.1023,Monday,11,6,Summer,1
10023456785,2024-06-10 12:00:00,2024-06-10,12:00:00,2.6067,Monday,12,6,Summer,0
10023456785,2024-06-10 13:00:00,2024-06-10,13:00:00,2.9339,Monday,13,6,Summer,0
10023456785,2024-06-10 14:00:00,2024-06-10,14:00:00,3.0364,Monday,14,6,Summer,0
10023456785,2024-06-10 15:00:00,2024-06-10,15:00:00,3.2531,Monday,15,6,Summer,0
10023456785,2024-06-10 16:00:00,2024-06-10,16:00:00,3.0895,Monday,16,6,Summer,0
10023456785,2024-06-10 17:00:00,2024-06-10,17:00:00,2.7616,Monday,17,6,Summer,0
10023456785,2024-06-10 18:00:00,2024-06-10,18:00:00,4.3292,Monday,18,6,Summer,0
10023456785,2024-06-10 19:00:00,2024-06-10,19:00:00,3.0590,Monday,19,6,Summer,0
10023456785,2024-06-10 20:00:00,2024-06-10,20:00:00,4.0598,Monday,20,6,Summer,0
10023456785,2024-06-10 21:00:00,2024-06-10,21:00:00,2.2538,Monday,21,6,Summer,0
10023456785,2024-06-10 22:00:00,2024-06-10,22:00:00,2.2303,Monday,22,6,Summer,0
10023456785,2024-06-10 23:00:00,2024-06-10,23:00:00,1.7966,Monday,23,6,Summer,0
10023456785,2024-06-11 00:00:00,2024-06-11,00:00:00,0.9580,Tuesday,0,6,Summer,0
10023456785,2024-06-11 01:00:00,2024-06-11,01:00:00,6.2385,Tuesday,1,6,Summer,1
10023456785,2024-06-11 02:00:00,2024-06-11,02:00:00,6.6192,Tuesday,2,6,Summer,1
10023456785,2024-06-11 03:00:00,2024-06-11,03:00:00,0.8298,Tuesday,3,6,Summer,0
10023456785,2024-06-11 04:00:00,2024-06-11,04:00:00,1.0258,Tuesday,4,6,Summer,0
10023456785,2024-06-11 05:00:00,2024-06-11,05:00:00,1.3941,Tuesday,5,6,Summer,0
10023456785,2024-06-11 06:00:00,2024-06-11,06:00:00,2.3962,Tuesday,6,6,Summer,0
10023456785,2024-06-11 07:00:00,2024-06-11,07:00:00,2.8832,Tuesday,7,6,Summer,0
10023456785,2024-06-11 08:00:00,2024-06-11,08:00:00,3.3314,Tuesday,8,6,Summer,0
10023456785,2024-06-11 09:00:00,2024-06-11,09:00:00,3.4288,Tuesday,9,6,Summer,0
10023456785,2024-06-11 10:00:00,2024-06-11,10:00:00,2.7827,Tuesday,10,6,Summer,0
10023456785,2024-06-11 11:00:00,2024-06-11,11:00:00,3.1712,Tuesday,11,6,Summer,0
10023456785,2024-06-11 12:00:00,2024-06-11,12:00:00,2.6524,Tuesday,12,6,Summer,0
10023456785,2024-06-11 13:00:00,2024-06-11,13:00:00,2.6187,Tuesday,13,6,Summer,0
10023456785,2024-06-11 14:00:00,2024-06-11,14:00:00,3.0526,Tuesday,14,6,Summer,0
10023456785,2024-06-11 15:00:00,2024-06-11,15:00:00,8.7630,Tuesday,15,6,Summer,1
10023456785,2024-06-11 16:00:00,2024-06-11,16:00:00,15.3996,Tuesday,16,6,Summer,1
10023456785,2024-06-11 17:00:00,2024-06-11,17:00:00,2.5121,Tuesday,17,6,Summer,0
10023456785,2024-06-11 18:00:00,2024-06-11,18:00:00,4.1764,Tuesday,18,6,Summer,0
10023456785,2024-06-11 19:00:00,2024-06-11,19:00:00,3.4256,Tuesday,19,6,Summer,0
10023456785,2024-06-11 20:00:00,2024-06-11,20:00:00,2.5919,Tuesday,20,6,Summer,0
10023456785,2024-06-11 21:00:00,2024-06-11,21:00:00,2.4093,Tuesday,21,6,Summer,0
10023456785,2024-06-11 22:00:00,2024-06-11,22:00:00,1.9238,Tuesday,22,6,Summer,0
10023456785,2024-06-11 23:00:00,2024-06-11,23:00:00,1.2530,Tuesday,23,6,Summer,0
10023456785,2024-06-12 00:00:00,2024-06-12,00:00:00,1.0443,Wednesday,0,6,Summer,0
10023456785,2024-06-12 01:00:00,2024-06-12,01:00:00,0.8054,Wednesday,1,6,Summer,0
10023456785,2024-06-12 02:00:00,2024-06-12,02:00:00,0.8459,Wednesday,2,6,Summer,0
10023456785,2024-06-12 03:00:00,2024-06-12,03:00:00,0.6898,Wednesday,3,6,Summer,0
10023456785,2024-06-12 04:00:00,2024-06-12,04:00:00,0.6936,Wednesday,4,6,Summer,0
10023456785,2024-06-12 05:00:00,2024-06-12,05:00:00,1.4075,Wednesday,5,6,Summer,0
10023456785,2024-06-12 06:00:00,2024-06-12,06:00:00,1.6459,Wednesday,6,6,Summer,0
10023456785,2024-06-12 07:00:00,2024-06-12,07:00:00,2.2280,Wednesday,7,6,Summer,0
10023456785,2024-06-12 08:00:00,2024-06-12,08:00:00,2.7645,Wednesday,8,6,Summer,0
10023456785,2024-06-12 09:00:00,2024-06-12,09:00:00,2.8161,Wednesday,9,6,Summer,0
10023456785,2024-06-12 10:00:00,2024-06-12,10:00:00,2.4274,Wednesday,10,6,Summer,0
10023456785,2024-06-12 11:00:00,2024-06-12,11:00:00,2.2613,Wednesday,11,6,Summer,0
10023456785,2024-06-12 12:00:00,2024-06-12,12:00:00,2.3300,Wednesday,12,6,Summer,0
10023456785,2024-06-12 13:00:00,2024-06-12,13:00:00,2.3504,Wednesday,13,6,Summer,0
10023456785,2024-06-12 14:00:00,2024-06-12,14:00:00,2.8109,Wednesday,14,6,Summer,0
10023456785,2024-06-12 15:00:00,2024-06-12,15:00:00,2.0485,Wednesday,15,6,Summer,0
10023456785,2024-06-12 16:00:00,2024-06-12,16:00:00,3.2403,Wednesday,16,6,Summer,0
10023456785,2024-06-12 17:00:00,2024-06-12,17:00:00,2.7514,Wednesday,17,6,Summer,0
10023456785,2024-06-12 18:00:00,2024-06-12,18:00:00,3.0257,Wednesday,18,6,Summer,0
10023456785,2024-06-12 19:00:00,2024-06-12,19:00:00,2.9829,Wednesday,19,6,Summer,0
10023456785,2024-06-12 20:00:00,2024-06-12,20:00:00,2.2487,Wednesday,20,6,Summer,0
10023456785,2024-06-12 21:00:00,2024-06-12,21:00:00,1.9932,Wednesday,21,6,Summer,0
10023456785,2024-06-12 22:00:00,2024-06-12,22:00:00,1.8004,Wednesday,22,6,Summer,0
10023456785,2024-06-12 23:00:00,2024-06-12,23:00:00,0.9868,Wednesday,23,6,Summer,0
10023456785,2024-06-13 00:00:00,2024-06-13,00:00:00,0.8329,Thursday,0,6,Summer,0
10023456785,2024-06-13 01:00:00,2024-06-13,01:00:00,1.0962,Thursday,1,6,Summer,0
10023456785,2024-06-13 02:00:00,2024-06-13,02:00:00,1.1101,Thursday,2,6,Summer,0
10023456785,2024-06-13 03:00:00,2024-06-13,03:00:00,0.8251,Thursday,3,6,Summer,0
10023456785,2024-06-13 04:00:00,2024-06-13,04:00:00,1.2393,Thursday,4,6,Summer,0
10023456785,2024-06-13 05:00:00,2024-06-13,05:00:00,1.1501,Thursday,5,6,Summer,0
10023456785,2024-06-13 06:00:00,2024-06-13,06:00:00,1.9050,Thursday,6,6,Summer,0
10023456785,2024-06-13 07:00:00,2024-06-13,07:00:00,2.3847,Thursday,7,6,Summer,0
10023456785,2024-06-13 08:00:00,2024-06-13,08:00:00,14.4804,Thursday,8,6,Summer,1
10023456785,2024-06-13 09:00:00,2024-06-13,09:00:00,2.5851,Thursday,9,6,Summer,0
10023456785,2024-06-13 10:00:00,2024-06-13,10:00:00,2.8477,Thursday,10,6,Summer,0
10023456785,2024-06-13 11:00:00,2024-06-13,11:00:00,3.0325,Thursday,11,6,Summer,0
10023456785,2024-06-13 12:00:00,2024-06-13,12:00:00,2.5658,Thursday,12,6,Summer,0
10023456785,2024-06-13 13:00:00,2024-06-13,13:00:00,2.1253,Thursday,13,6,Summer,0
10023456785,2024-06-13 14:00:00,2024-06-13,14:00:00,2.4358,Thursday,14,6,Summer,0
10023456785,2024-06-13 15:00:00,2024-06-13,15:00:00,2.6725,Thursday,15,6,Summer,0
10023456785,2024-06-13 16:00:00,2024-06-13,16:00:00,2.6922,Thursday,16,6,Summer,0
10023456785,2024-06-13 17:00:00,2024-06-13,17:00:00,3.3108,Thursday,17,6,Summer,0
10023456785,2024-06-13 18:00:00,2024-06-13,18:00:00,3.5976,Thursday,18,6,Summer,0
10023456785,2024-06-13 19:00:00,2024-06-13,19:00:00,2.8862,Thursday,19,6,Summer,0
10023456785,2024-06-13 20:00:00,2024-06-13,20:00:00,2.6340,Thursday,20,6,Summer,0
10023456785,2024-06-13 21:00:00,2024-06-13,21:00:00,2.4587,Thursday,21,6,Summer,0
10023456785,2024-06-13 22:00:00,2024-06-13,22:00:00,1.8712,Thursday,22,6,Summer,0
10023456785,2024-06-13 23:00:00,2024-06-13,23:00:00,1.2315,Thursday,23,6,Summer,0
10023456785,2024-06-14 00:00:00,2024-06-14,00:00:00,0.8003,Friday,0,6,Summer,0
10023456785,2024-06-14 01:00:00,2024-06-14,01:00:00,0.6987,Friday,1,6,Summer,0
10023456785,2024-06-14 02:00:00,2024-06-14,02:00:00,0.8510,Friday,2,6,Summer,0
10023456785,2024-06-14 03:00:00,2024-06-14,03:00:00,0.6890,Friday,3,6,Summer,0
10023456785,2024-06-14 04:00:00,2024-06-14,04:00:00,1.1577,Friday,4,6,Summer,0
10023456785,2024-06-14 05:00:00,2024-06-14,05:00:00,1.0647,Friday,5,6,Summer,0
10023456785,2024-06-14 06:00:00,2024-06-14,06:00:00,2.1208,Friday,6,6,Summer,0
10023456785,2024-06-14 07:00:00,2024-06-14,07:00:00,2.1908,Friday,7,6,Summer,0
10023456785,2024-06-14 08:00:00,2024-06-14,08:00:00,2.8319,Friday,8,6,Summer,0
10023456785,2024-06-14 09:00:00,2024-06-14,09:00:00,2.3126,Friday,9,6,Summer,0
10023456785,2024-06-14 10:00:00,2024-06-14,10:00:00,2.1891,Friday,10,6,Summer,0
10023456785,2024-06-14 11:00:00,2024-06-14,11:00:00,2.0757,Friday,11,6,Summer,0
10023456785,2024-06-14 12:00:00,2024-06-14,12:00:00,2.6883,Friday,12,6,Summer,0
10023456785,2024-06-14 13:00:00,2024-06-14,13:00:00,2.3454,Friday,13,6,Summer,0
10023456785,2024-06-14 14:00:00,2024-06-14,14:00:00,8.4799,Friday,14,6,Summer,1
10023456785,2024-06-14 15:00:00,2024-06-14,15:00:00,7.3094,Friday,15,6,Summer,1
10023456785,2024-06-14 16:00:00,2024-06-14,16:00:00,8.9805,Friday,16,6,Summer,1
10023456785,2024-06-14 17:00:00,2024-06-14,17:00:00,7.3205,Friday,17,6,Summer,1
10023456785,2024-06-14 18:00:00,2024-06-14,18:00:00,8.5382,Friday,18,6,Summer,1
10023456785,2024-06-14 19:00:00,2024-06-14,19:00:00,9.0891,Friday,19,6,Summer,1
10023456785,2024-06-14 20:00:00,2024-06-14,20:00:00,2.6154,Friday,20,6,Summer,0
10023456785,2024-06-14 21:00:00,2024-06-14,21:00:00,1.5898,Friday,21,6,Summer,0
10023456785,2024-06-14 22:00:00,2024-06-14,22:00:00,1.5918,Friday,22,6,Summer,0
10023456785,2024-06-14 23:00:00,2024-06-14,23:00:00,0.9909,Friday,23,6,Summer,0
10023456785,2024-06-15 00:00:00,2024-06-15,00:00:00,0.9617,Saturday,0,6,Summer,0
10023456785,2024-06-15 01:00:00,2024-06-15,01:00:00,0.6404,Saturday,1,6,Summer,0
10023456785,2024-06-15 02:00:00,2024-06-15,02:00:00,0.7028,Saturday,2,6,Summer,0
10023456785,2024-06-15 03:00:00,2024-06-15,03:00:00,0.6532,Saturday,3,6,Summer,0
10023456785,2024-06-15 04:00:00,2024-06-15,04:00:00,0.7191,Saturday,4,6,Summer,0
10023456785,2024-06-15 05:00:00,2024-06-15,05:00:00,1.0098,Saturday,5,6,Summer,0
10023456785,2024-06-15 06:00:00,2024-06-15,06:00:00,1.3632,Saturday,6,6,Summer,0
10023456785,2024-06-15 07:00:00,2024-06-15,07:00:00,2.0783,Saturday,7,6,Summer,0
10023456785,2024-06-15 08:00:00,2024-06-15,08:00:00,1.9911,Saturday,8,6,Summer,0
10023456785,2024-06-15 09:00:00,2024-06-15,09:00:00,2.1704,Saturday,9,6,Summer,0
10023456785,2024-06-15 10:00:00,2024-06-15,10:00:00,2.3155,Saturday,10,6,Summer,0
10023456785,2024-06-15 11:00:00,2024-06-15,11:00:00,2.0955,Saturday,11,6,Summer,0
10023456785,2024-06-15 12:00:00,2024-06-15,12:00:00,2.1973,Saturday,12,6,Summer,0
10023456785,2024-06-15 13:00:00,2024-06-15,13:00:00,2.2194,Saturday,13,6,Summer,0
10023456785,2024-06-15 14:00:00,2024-06-15,14:00:00,1.7370,Saturday,14,6,Summer,0
10023456785,2024-06-15 15:00:00,2024-06-15,15:00:00,2.2174,Saturday,15,6,Summer,0
10023456785,2024-06-15 16:00:00,2024-06-15,16:00:00,1.7837,Saturday,16,6,Summer,0
10023456785,2024-06-15 17:00:00,2024-06-15,17:00:00,2.0737,Saturday,17,6,Summer,0
10023456785,2024-06-15 18:00:00,2024-06-15,18:00:00,2.2616,Saturday,18,6,Summer,0
10023456785,2024-06-15 19:00:00,2024-06-15,19:00:00,2.7409,Saturday,19,6,Summer,0
10023456785,2024-06-15 20:00:00,2024-06-15,20:00:00,6.0995,Saturday,20,6,Summer,1
10023456785,2024-06-15 21:00:00,2024-06-15,21:00:00,4.7773,Saturday,21,6,Summer,1
10023456785,2024-06-15 22:00:00,2024-06-15,22:00:00,3.7715,Saturday,22,6,Summer,1
10023456785,2024-06-15 23:00:00,2024-06-15,23:00:00,3.0843,Saturday,23,6,Summer,1
10023456785,2024-06-16 00:00:00,2024-06-16,00:00:00,2.4885,Sunday,0,6,Summer,1
10023456785,2024-06-16 01:00:00,2024-06-16,01:00:00,0.8512,Sunday,1,6,Summer,0
10023456785,2024-06-16 02:00:00,2024-06-16,02:00:00,0.8560,Sunday,2,6,Summer,0
10023456785,2024-06-16 03:00:00,2024-06-16,03:00:00,1.2633,Sunday,3,6,Summer,0
10023456785,2024-06-16 04:00:00,2024-06-16,04:00:00,1.1320,Sunday,4,6,Summer,0
10023456785,2024-06-16 05:00:00,2024-06-16,05:00:00,1.0553,Sunday,5,6,Summer,0
10023456785,2024-06-16 06:00:00,2024-06-16,06:00:00,1.9160,Sunday,6,6,Summer,0
10023456785,2024-06-16 07:00:00,2024-06-16,07:00:00,1.9914,Sunday,7,6,Summer,0
10023456785,2024-06-16 08:00:00,2024-06-16,08:00:00,2.8032,Sunday,8,6,Summer,0
10023456785,2024-06-16 09:00:00,2024-06-16,09:00:00,2.7520,Sunday,9,6,Summer,0
10023456785,2024-06-16 10:00:00,2024-06-16,10:00:00,2.2365,Sunday,10,6,Summer,0
10023456785,2024-06-16 11:00:00,2024-06-16,11:00:00,2.3296,Sunday,11,6,Summer,0
10023456785,2024-06-16 12:00:00,2024-06-16,12:00:00,2.2995,Sunday,12,6,Summer,0
10023456785,2024-06-16 13:00:00,2024-06-16,13:00:00,2.0189,Sunday,13,6,Summer,0
10023456785,2024-06-16 14:00:00,2024-06-16,14:00:00,2.9322,Sunday,14,6,Summer,0
10023456785,2024-06-16 15:00:00,2024-06-16,15:00:00,2.4523,Sunday,15,6,Summer,0
10023456785,2024-06-16 16:00:00,2024-06-16,16:00:00,2.6430,Sunday,16,6,Summer,0
10023456785,2024-06-16 17:00:00,2024-06-16,17:00:00,2.6548,Sunday,17,6,Summer,0
10023456785,2024-06-16 18:00:00,2024-06-16,18:00:00,3.2695,Sunday,18,6,Summer,0
10023456785,2024-06-16 19:00:00,2024-06-16,19:00:00,2.5459,Sunday,19,6,Summer,0
10023456785,2024-06-16 20:00:00,2024-06-16,20:00:00,2.6443,Sunday,20,6,Summer,0
10023456785,2024-06-16 21:00:00,2024-06-16,21:00:00,2.6767,Sunday,21,6,Summer,0
10023456785,2024-06-16 22:00:00,2024-06-16,22:00:00,1.7565,Sunday,22,6,Summer,0
10023456785,2024-06-16 23:00:00,2024-06-16,23:00:00,0.9409,Sunday,23,6,Summer,0
10023456785,2024-06-17 00:00:00,2024-06-17,00:00:00,0.8800,Monday,0,6,Summer,0
10023456785,2024-06-17 01:00:00,2024-06-17,01:00:00,0.9252,Monday,1,6,Summer,0
10023456785,2024-06-17 02:00:00,2024-06-17,02:00:00,0.7883,Monday,2,6,Summer,0
10023456785,2024-06-17 03:00:00,2024-06-17,03:00:00,0.8109,Monday,3,6,Summer,0
10023456785,2024-06-17 04:00:00,2024-06-17,04:00:00,0.8947,Monday,4,6,Summer,0
10023456785,2024-06-17 05:00:00,2024-06-17,05:00:00,1.2865,Monday,5,6,Summer,0
10023456785,2024-06-17 06:00:00,2024-06-17,06:00:00,1.8026,Monday,6,6,Summer,0
10023456785,2024-06-17 07:00:00,2024-06-17,07:00:00,2.4054,Monday,7,6,Summer,0
10023456785,2024-06-17 08:00:00,2024-06-17,08:00:00,3.5730,Monday,8,6,Summer,0
10023456785,2024-06-17 09:00:00,2024-06-17,09:00:00,2.4846,Monday,9,6,Summer,0
10023456785,2024-06-17 10:00:00,2024-06-17,10:00:00,3.0384,Monday,10,6,Summer,0
10023456785,2024-06-17 11:00:00,2024-06-17,11:00:00,2.8239,Monday,11,6,Summer,0
10023456785,2024-06-17 12:00:00,2024-06-17,12:00:00,2.3091,Monday,12,6,Summer,0
10023456785,2024-06-17 13:00:00,2024-06-17,13:00:00,3.0752,Monday,13,6,Summer,0
10023456785,2024-06-17 14:00:00,2024-06-17,14:00:00,3.0039,Monday,14,6,Summer,0
10023456785,2024-06-17 15:00:00,2024-06-17,15:00:00,2.7032,Monday,15,6,Summer,0
10023456785,2024-06-17 16:00:00,2024-06-17,16:00:00,2.8677,Monday,16,6,Summer,0
10023456785,2024-06-17 17:00:00,2024-06-17,17:00:00,3.2069,Monday,17,6,Summer,0
10023456785,2024-06-17 18:00:00,2024-06-17,18:00:00,3.3562,Monday,18,6,Summer,0
10023456785,2024-06-17 19:00:00,2024-06-17,19:00:00,3.4262,Monday,19,6,Summer,0
10023456785,2024-06-17 20:00:00,2024-06-17,20:00:00,3.0182,Monday,20,6,Summer,0
10023456785,2024-06-17 21:00:00,2024-06-17,21:00:00,2.2688,Monday,21,6,Summer,0
10023456785,2024-06-17 22:00:00,2024-06-17,22:00:00,1.6181,Monday,22,6,Summer,0
10023456785,2024-06-17 23:00:00,2024-06-17,23:00:00,1.2340,Monday,23,6,Summer,0
10023456785,2024-06-18 00:00:00,2024-06-18,00:00:00,1.0986,Tuesday,0,6,Summer,0
10023456785,2024-06-18 01:00:00,2024-06-18,01:00:00,0.8966,Tuesday,1,6,Summer,0
10023456785,2024-06-18 02:00:00,2024-06-18,02:00:00,0.7600,Tuesday,2,6,Summer,0
10023456785,2024-06-18 03:00:00,2024-06-18,03:00:00,0.8119,Tuesday,3,6,Summer,0
10023456785,2024-06-18 04:00:00,2024-06-18,04:00:00,1.0379,Tuesday,4,6,Summer,0
10023456785,2024-06-18 05:00:00,2024-06-18,05:00:00,1.1383,Tuesday,5,6,Summer,0
10023456785,2024-06-18 06:00:00,2024-06-18,06:00:00,1.4362,Tuesday,6,6,Summer,0
10023456785,2024-06-18 07:00:00,2024-06-18,07:00:00,2.5542,Tuesday,7,6,Summer,0
10023456785,2024-06-18 08:00:00,2024-06-18,08:00:00,2.6140,Tuesday,8,6,Summer,0
10023456785,2024-06-18 09:00:00,2024-06-18,09:00:00,2.4623,Tuesday,9,6,Summer,0
10023456785,2024-06-18 10:00:00,2024-06-18,10:00:00,2.5461,Tuesday,10,6,Summer,0
10023456785,2024-06-18 11:00:00,2024-06-18,11:00:00,2.6831,Tuesday,11,6,Summer,0
10023456785,2024-06-18 12:00:00,2024-06-18,12:00:00,2.3573,Tuesday,12,6,Summer,0
10023456785,2024-06-18 13:00:00,2024-06-18,13:00:00,2.4256,Tuesday,13,6,Summer,0
10023456785,2024-06-18 14:00:00,2024-06-18,14:00:00,3.0367,Tuesday,14,6,Summer,0
10023456785,2024-06-18 15:00:00,2024-06-18,15:00:00,2.3508,Tuesday,15,6,Summer,0
10023456785,2024-06-18 16:00:00,2024-06-18,16:00:00,2.6768,Tuesday,16,6,Summer,0
10023456785,2024-06-18 17:00:00,2024-06-18,17:00:00,2.2575,Tuesday,17,6,Summer,0
10023456785,2024-06-18 18:00:00,2024-06-18,18:00:00,3.0691,Tuesday,18,6,Summer,0
10023456785,2024-06-18 19:00:00,2024-06-18,19:00:00,2.4413,Tuesday,19,6,Summer,0
10023456785,2024-06-18 20:00:00,2024-06-18,20:00:00,2.3751,Tuesday,20,6,Summer,0
10023456785,2024-06-18 21:00:00,2024-06-18,21:00:00,0.1110,Tuesday,21,6,Summer,1
10023456785,2024-06-18 22:00:00,2024-06-18,22:00:00,1.6735,Tuesday,22,6,Summer,0
10023456785,2024-06-18 23:00:00,2024-06-18,23:00:00,1.0651,Tuesday,23,6,Summer,0
10023456785,2024-06-19 00:00:00,2024-06-19,00:00:00,1.1270,Wednesday,0,6,Summer,0
10023456785,2024-06-19 01:00:00,2024-06-19,01:00:00,0.9217,Wednesday,1,6,Summer,0
10023456785,2024-06-19 02:00:00,2024-06-19,02:00:00,1.0292,Wednesday,2,6,Summer,0
10023456785,2024-06-19 03:00:00,2024-06-19,03:00:00,1.0451,Wednesday,3,6,Summer,0
10023456785,2024-06-19 04:00:00,2024-06-19,04:00:00,6.6484,Wednesday,4,6,Summer,1
10023456785,2024-06-19 05:00:00,2024-06-19,05:00:00,1.4087,Wednesday,5,6,Summer,0
10023456785,2024-06-19 06:00:00,2024-06-19,06:00:00,2.3969,Wednesday,6,6,Summer,0
10023456785,2024-06-19 07:00:00,2024-06-19,07:00:00,2.9805,Wednesday,7,6,Summer,0
10023456785,2024-06-19 08:00:00,2024-06-19,08:00:00,3.3517,Wednesday,8,6,Summer,0
10023456785,2024-06-19 09:00:00,2024-06-19,09:00:00,3.5973,Wednesday,9,6,Summer,0
10023456785,2024-06-19 10:00:00,2024-06-19,10:00:00,2.9985,Wednesday,10,6,Summer,0
10023456785,2024-06-19 11:00:00,2024-06-19,11:00:00,3.0075,Wednesday,11,6,Summer,0
10023456785,2024-06-19 12:00:00,2024-06-19,12:00:00,2.4389,Wednesday,12,6,Summer,0
10023456785,2024-06-19 13:00:00,2024-06-19,13:00:00,3.1024,Wednesday,13,6,Summer,0
10023456785,2024-06-19 14:00:00,2024-06-19,14:00:00,2.8730,Wednesday,14,6,Summer,0
10023456785,2024-06-19 15:00:00,2024-06-19,15:00:00,3.2439,Wednesday,15,6,Summer,0
10023456785,2024-06-19 16:00:00,2024-06-19,16:00:00,3.1071,Wednesday,16,6,Summer,0
10023456785,2024-06-19 17:00:00,2024-06-19,17:00:00,2.9668,Wednesday,17,6,Summer,0
10023456785,2024-06-19 18:00:00,2024-06-19,18:00:00,3.8262,Wednesday,18,6,Summer,0
10023456785,2024-06-19 19:00:00,2024-06-19,19:00:00,2.7746,Wednesday,19,6,Summer,0
10023456785,2024-06-19 20:00:00,2024-06-19,20:00:00,3.3863,Wednesday,20,6,Summer,0
10023456785,2024-06-19 21:00:00,2024-06-19,21:00:00,2.6229,Wednesday,21,6,Summer,0
10023456785,2024-06-19 22:00:00,2024-06-19,22:00:00,1.7679,Wednesday,22,6,Summer,0
10023456785,2024-06-19 23:00:00,2024-06-19,23:00:00,1.1175,Wednesday,23,6,Summer,0
10023456785,2024-06-20 00:00:00,2024-06-20,00:00:00,1.1727,Thursday,0,6,Summer,0
10023456785,2024-06-20 01:00:00,2024-06-20,01:00:00,1.1167,Thursday,1,6,Summer,0
10023456785,2024-06-20 02:00:00,2024-06-20,02:00:00,1.0596,Thursday,2,6,Summer,0
10023456785,2024-06-20 03:00:00,2024-06-20,03:00:00,1.1894,Thursday,3,6,Summer,0
10023456785,2024-06-20 04:00:00,2024-06-20,04:00:00,1.1558,Thursday,4,6,Summer,0
10023456785,2024-06-20 05:00:00,2024-06-20,05:00:00,1.3538,Thursday,5,6,Summer,0
10023456785,2024-06-20 06:00:00,2024-06-20,06:00:00,2.4835,Thursday,6,6,Summer,0
10023456785,2024-06-20 07:00:00,2024-06-20,07:00:00,3.9677,Thursday,7,6,Summer,0
10023456785,2024-06-20 08:00:00,2024-06-20,08:00:00,3.7427,Thursday,8,6,Summer,0
10023456785,2024-06-20 09:00:00,2024-06-20,09:00:00,5.0893,Thursday,9,6,Summer,0
10023456785,2024-06-20 10:00:00,2024-06-20,10:00:00,3.6732,Thursday,10,6,Summer,0
10023456785,2024-06-20 11:00:00,2024-06-20,11:00:00,2.8268,Thursday,11,6,Summer,0
10023456785,2024-06-20 12:00:00,2024-06-20,12:00:00,2.6851,Thursday,12,6,Summer,0
10023456785,2024-06-20 13:00:00,2024-06-20,13:00:00,2.5790,Thursday,13,6,Summer,0
10023456785,2024-06-20 14:00:00,2024-06-20,14:00:00,2.4270,Thursday,14,6,Summer,0
10023456785,2024-06-20 15:00:00,2024-06-20,15:00:00,3.0140,Thursday,15,6,Summer,0
10023456785,2024-06-20 16:00:00,2024-06-20,16:00:00,3.5327,Thursday,16,6,Summer,0
10023456785,2024-06-20 17:00:00,2024-06-20,17:00:00,3.3749,Thursday,17,6,Summer,0
10023456785,2024-06-20 18:00:00,2024-06-20,18:00:00,4.3540,Thursday,18,6,Summer,0
10023456785,2024-06-20 19:00:00,2024-06-20,19:00:00,3.5706,Thursday,19,6,Summer,0
10023456785,2024-06-20 20:00:00,2024-06-20,20:00:00,3.3004,Thursday,20,6,Summer,0
10023456785,2024-06-20 21:00:00,2024-06-20,21:00:00,2.5647,Thursday,21,6,Summer,0
10023456785,2024-06-20 22:00:00,2024-06-20,22:00:00,1.8236,Thursday,22,6,Summer,0
10023456785,2024-06-20 23:00:00,2024-06-20,23:00:00,1.4995,Thursday,23,6,Summer,0
10023456785,2024-06-21 00:00:00,2024-06-21,00:00:00,1.3031,Friday,0,6,Summer,0
10023456785,2024-06-21 01:00:00,2024-06-21,01:00:00,1.0647,Friday,1,6,Summer,0
10023456785,2024-06-21 02:00:00,2024-06-21,02:00:00,0.9364,Friday,2,6,Summer,0
10023456785,2024-06-21 03:00:00,2024-06-21,03:00:00,1.2259,Friday,3,6,Summer,0
10023456785,2024-06-21 04:00:00,2024-06-21,04:00:00,1.1487,Friday,4,6,Summer,0
10023456785,2024-06-21 05:00:00,2024-06-21,05:00:00,1.5255,Friday,5,6,Summer,0
10023456785,2024-06-21 06:00:00,2024-06-21,06:00:00,2.7742,Friday,6,6,Summer,0
10023456785,2024-06-21 07:00:00,2024-06-21,07:00:00,4.0523,Friday,7,6,Summer,0
10023456785,2024-06-21 08:00:00,2024-06-21,08:00:00,3.5538,Friday,8,6,Summer,0
10023456785,2024-06-21 09:00:00,2024-06-21,09:00:00,4.5699,Friday,9,6,Summer,0
10023456785,2024-06-21 10:00:00,2024-06-21,10:00:00,3.8547,Friday,10,6,Summer,0
10023456785,2024-06-21 11:00:00,2024-06-21,11:00:00,3.4067,Friday,11,6,Summer,0
10023456785,2024-06-21 12:00:00,2024-06-21,12:00:00,3.7221,Friday,12,6,Summer,0
10023456785,2024-06-21 13:00:00,2024-06-21,13:00:00,3.7256,Friday,13,6,Summer,0
10023456785,2024-06-21 14:00:00,2024-06-21,14:00:00,2.8655,Friday,14,6,Summer,0
10023456785,2024-06-21 15:00:00,2024-06-21,15:00:00,2.9013,Friday,15,6,Summer,0
10023456785,2024-06-21 16:00:00,2024-06-21,16:00:00,3.3335,Friday,16,6,Summer,0
10023456785,2024-06-21 17:00:00,2024-06-21,17:00:00,0.1245,Friday,17,6,Summer,1
10023456785,2024-06-21 18:00:00,2024-06-21,18:00:00,3.3273,Friday,18,6,Summer,0
10023456785,2024-06-21 19:00:00,2024-06-21,19:00:00,3.5671,Friday,19,6,Summer,0
10023456785,2024-06-21 20:00:00,2024-06-21,20:00:00,4.3992,Friday,20,6,Summer,0
10023456785,2024-06-21 21:00:00,2024-06-21,21:00:00,0.2299,Friday,21,6,Summer,1
10023456785,2024-06-21 22:00:00,2024-06-21,22:00:00,0.2731,Friday,22,6,Summer,1
10023456785,2024-06-21 23:00:00,2024-06-21,23:00:00,1.6368,Friday,23,6,Summer,0
10023456785,2024-06-22 00:00:00,2024-06-22,00:00:00,1.1297,Saturday,0,6,Summer,0
10023456785,2024-06-22 01:00:00,2024-06-22,01:00:00,1.1279,Saturday,1,6,Summer,0
10023456785,2024-06-22 02:00:00,2024-06-22,02:00:00,0.9808,Saturday,2,6,Summer,0
10023456785,2024-06-22 03:00:00,2024-06-22,03:00:00,1.2487,Saturday,3,6,Summer,0
10023456785,2024-06-22 04:00:00,2024-06-22,04:00:00,1.0978,Saturday,4,6,Summer,0
10023456785,2024-06-22 05:00:00,2024-06-22,05:00:00,1.5459,Saturday,5,6,Summer,0
10023456785,2024-06-22 06:00:00,2024-06-22,06:00:00,1.8644,Saturday,6,6,Summer,0
10023456785,2024-06-22 07:00:00,2024-06-22,07:00:00,2.9026,Saturday,7,6,Summer,0
10023456785,2024-06-22 08:00:00,2024-06-22,08:00:00,2.9833,Saturday,8,6,Summer,0
10023456785,2024-06-22 09:00:00,2024-06-22,09:00:00,3.0547,Saturday,9,6,Summer,0
10023456785,2024-06-22 10:00:00,2024-06-22,10:00:00,3.5305,Saturday,10,6,Summer,0
10023456785,2024-06-22 11:00:00,2024-06-22,11:00:00,3.8102,Saturday,11,6,Summer,0
10023456785,2024-06-22 12:00:00,2024-06-22,12:00:00,2.9582,Saturday,12,6,Summer,0
10023456785,2024-06-22 13:00:00,2024-06-22,13:00:00,3.1834,Saturday,13,6,Summer,0
10023456785,2024-06-22 14:00:00,2024-06-22,14:00:00,2.9472,Saturday,14,6,Summer,0
10023456785,2024-06-22 15:00:00,2024-06-22,15:00:00,3.1739,Saturday,15,6,Summer,0
10023456785,2024-06-22 16:00:00,2024-06-22,16:00:00,3.3604,Saturday,16,6,Summer,0
10023456785,2024-06-22 17:00:00,2024-06-22,17:00:00,3.2727,Saturday,17,6,Summer,0
10023456785,2024-06-22 18:00:00,2024-06-22,18:00:00,3.6621,Saturday,18,6,Summer,0
10023456785,2024-06-22 19:00:00,2024-06-22,19:00:00,3.6373,Saturday,19,6,Summer,0
10023456785,2024-06-22 20:00:00,2024-06-22,20:00:00,3.4449,Saturday,20,6,Summer,0
10023456785,2024-06-22 21:00:00,2024-06-22,21:00:00,3.3937,Saturday,21,6,Summer,0
10023456785,2024-06-22 22:00:00,2024-06-22,22:00:00,2.6201,Saturday,22,6,Summer,0
10023456785,2024-06-22 23:00:00,2024-06-22,23:00:00,1.5382,Saturday,23,6,Summer,0
10023456785,2024-06-23 00:00:00,2024-06-23,00:00:00,0.9362,Sunday,0,6,Summer,0
10023456785,2024-06-23 01:00:00,2024-06-23,01:00:00,1.1732,Sunday,1,6,Summer,0
10023456785,2024-06-23 02:00:00,2024-06-23,02:00:00,0.7371,Sunday,2,6,Summer,0
10023456785,2024-06-23 03:00:00,2024-06-23,03:00:00,1.1160,Sunday,3,6,Summer,0
10023456785,2024-06-23 04:00:00,2024-06-23,04:00:00,1.1258,Sunday,4,6,Summer,0
10023456785,2024-06-23 05:00:00,2024-06-23,05:00:00,0.9967,Sunday,5,6,Summer,0
10023456785,2024-06-23 06:00:00,2024-06-23,06:00:00,1.8900,Sunday,6,6,Summer,0
10023456785,2024-06-23 07:00:00,2024-06-23,07:00:00,1.9227,Sunday,7,6,Summer,0
10023456785,2024-06-23 08:00:00,2024-06-23,08:00:00,2.4919,Sunday,8,6,Summer,0
10023456785,2024-06-23 09:00:00,2024-06-23,09:00:00,3.0647,Sunday,9,6,Summer,0
10023456785,2024-06-23 10:00:00,2024-06-23,10:00:00,0.1382,Sunday,10,6,Summer,1
10023456785,2024-06-23 11:00:00,2024-06-23,11:00:00,3.1070,Sunday,11,6,Summer,0
10023456785,2024-06-23 12:00:00,2024-06-23,12:00:00,2.6325,Sunday,12,6,Summer,0
10023456785,2024-06-23 13:00:00,2024-06-23,13:00:00,2.7647,Sunday,13,6,Summer,0
10023456785,2024-06-23 14:00:00,2024-06-23,14:00:00,2.3347,Sunday,14,6,Summer,0
10023456785,2024-06-23 15:00:00,2024-06-23,15:00:00,2.8055,Sunday,15,6,Summer,0
10023456785,2024-06-23 16:00:00,2024-06-23,16:00:00,2.8297,Sunday,16,6,Summer,0
10023456785,2024-06-23 17:00:00,2024-06-23,17:00:00,2.4182,Sunday,17,6,Summer,0
10023456785,2024-06-23 18:00:00,2024-06-23,18:00:00,2.9735,Sunday,18,6,Summer,0
10023456785,2024-06-23 19:00:00,2024-06-23,19:00:00,4.4134,Sunday,19,6,Summer,0
10023456785,2024-06-23 20:00:00,2024-06-23,20:00:00,3.4363,Sunday,20,6,Summer,0
10023456785,2024-06-23 21:00:00,2024-06-23,21:00:00,3.1418,Sunday,21,6,Summer,0
10023456785,2024-06-23 22:00:00,2024-06-23,22:00:00,2.1429,Sunday,22,6,Summer,0
10023456785,2024-06-23 23:00:00,2024-06-23,23:00:00,1.4601,Sunday,23,6,Summer,0
10023456785,2024-06-24 00:00:00,2024-06-24,00:00:00,1.2125,Monday,0,6,Summer,0
10023456785,2024-06-24 01:00:00,2024-06-24,01:00:00,1.1134,Monday,1,6,Summer,0
10023456785,2024-06-24 02:00:00,2024-06-24,02:00:00,1.2618,Monday,2,6,Summer,0
10023456785,2024-06-24 03:00:00,2024-06-24,03:00:00,1.5678,Monday,3,6,Summer,0
10023456785,2024-06-24 04:00:00,2024-06-24,04:00:00,1.5285,Monday,4,6,Summer,0
10023456785,2024-06-24 05:00:00,2024-06-24,05:00:00,1.4001,Monday,5,6,Summer,0
10023456785,2024-06-24 06:00:00,2024-06-24,06:00:00,2.6338,Monday,6,6,Summer,0
10023456785,2024-06-24 07:00:00,2024-06-24,07:00:00,3.9710,Monday,7,6,Summer,0
10023456785,2024-06-24 08:00:00,2024-06-24,08:00:00,3.9870,Monday,8,6,Summer,0
10023456785,2024-06-24 09:00:00,2024-06-24,09:00:00,4.3374,Monday,9,6,Summer,0
10023456785,2024-06-24 10:00:00,2024-06-24,10:00:00,2.9398,Monday,10,6,Summer,0
10023456785,2024-06-24 11:00:00,2024-06-24,11:00:00,3.1999,Monday,11,6,Summer,0
10023456785,2024-06-24 12:00:00,2024-06-24,12:00:00,3.2394,Monday,12,6,Summer,0
10023456785,2024-06-24 13:00:00,2024-06-24,13:00:00,4.0161,Monday,13,6,Summer,0
10023456785,2024-06-24 14:00:00,2024-06-24,14:00:00,3.2559,Monday,14,6,Summer,0
10023456785,2024-06-24 15:00:00,2024-06-24,15:00:00,3.5994,Monday,15,6,Summer,0
10023456785,2024-06-24 16:00:00,2024-06-24,16:00:00,3.5767,Monday,16,6,Summer,0
10023456785,2024-06-24 17:00:00,2024-06-24,17:00:00,3.9182,Monday,17,6,Summer,0
10023456785,2024-06-24 18:00:00,2024-06-24,18:00:00,4.2774,Monday,18,6,Summer,0
10023456785,2024-06-24 19:00:00,2024-06-24,19:00:00,4.7877,Monday,19,6,Summer,0
10023456785,2024-06-24 20:00:00,2024-06-24,20:00:00,3.6974,Monday,20,6,Summer,0
10023456785,2024-06-24 21:00:00,2024-06-24,21:00:00,3.6272,Monday,21,6,Summer,0
10023456785,2024-06-24 22:00:00,2024-06-24,22:00:00,2.4730,Monday,22,6,Summer,0
10023456785,2024-06-24 23:00:00,2024-06-24,23:00:00,1.5639,Monday,23,6,Summer,0
10023456785,2024-06-25 00:00:00,2024-06-25,00:00:00,0.9082,Tuesday,0,6,Summer,0
10023456785,2024-06-25 01:00:00,2024-06-25,01:00:00,0.7426,Tuesday,1,6,Summer,0
10023456785,2024-06-25 02:00:00,2024-06-25,02:00:00,0.7451,Tuesday,2,6,Summer,0
10023456785,2024-06-25 03:00:00,2024-06-25,03:00:00,0.8970,Tuesday,3,6,Summer,0
10023456785,2024-06-25 04:00:00,2024-06-25,04:00:00,0.7155,Tuesday,4,6,Summer,0
10023456785,2024-06-25 05:00:00,2024-06-25,05:00:00,1.2139,Tuesday,5,6,Summer,0
10023456785,2024-06-25 06:00:00,2024-06-25,06:00:00,1.9768,Tuesday,6,6,Summer,0
10023456785,2024-06-25 07:00:00,2024-06-25,07:00:00,2.6462,Tuesday,7,6,Summer,0
10023456785,2024-06-25 08:00:00,2024-06-25,08:00:00,2.0693,Tuesday,8,6,Summer,0
10023456785,2024-06-25 09:00:00,2024-06-25,09:00:00,2.0972,Tuesday,9,6,Summer,0
10023456785,2024-06-25 10:00:00,2024-06-25,10:00:00,2.8516,Tuesday,10,6,Summer,0
10023456785,2024-06-25 11:00:00,2024-06-25,11:00:00,2.6833,Tuesday,11,6,Summer,0
10023456785,2024-06-25 12:00:00,2024-06-25,12:00:00,2.5827,Tuesday,12,6,Summer,0
10023456785,2024-06-25 13:00:00,2024-06-25,13:00:00,2.3450,Tuesday,13,6,Summer,0
10023456785,2024-06-25 14:00:00,2024-06-25,14:00:00,2.2931,Tuesday,14,6,Summer,0
10023456785,2024-06-25 15:00:00,2024-06-25,15:00:00,1.9750,Tuesday,15,6,Summer,0
10023456785,2024-06-25 16:00:00,2024-06-25,16:00:00,2.2421,Tuesday,16,6,Summer,0
10023456785,2024-06-25 17:00:00,2024-06-25,17:00:00,2.5742,Tuesday,17,6,Summer,0
10023456785,2024-06-25 18:00:00,2024-06-25,18:00:00,2.3493,Tuesday,18,6,Summer,0
10023456785,2024-06-25 19:00:00,2024-06-25,19:00:00,3.0984,Tuesday,19,6,Summer,0
10023456785,2024-06-25 20:00:00,2024-06-25,20:00:00,2.8688,Tuesday,20,6,Summer,0
10023456785,2024-06-25 21:00:00,2024-06-25,21:00:00,2.1402,Tuesday,21,6,Summer,0
10023456785,2024-06-25 22:00:00,2024-06-25,22:00:00,1.4773,Tuesday,22,6,Summer,0
10023456785,2024-06-25 23:00:00,2024-06-25,23:00:00,1.1468,Tuesday,23,6,Summer,0
10023456785,2024-06-26 00:00:00,2024-06-26,00:00:00,0.9728,Wednesday,0,6,Summer,0
10023456785,2024-06-26 01:00:00,2024-06-26,01:00:00,1.0005,Wednesday,1,6,Summer,0
10023456785,2024-06-26 02:00:00,2024-06-26,02:00:00,0.8197,Wednesday,2,6,Summer,0
10023456785,2024-06-26 03:00:00,2024-06-26,03:00:00,1.0240,Wednesday,3,6,Summer,0
10023456785,2024-06-26 04:00:00,2024-06-26,04:00:00,0.9783,Wednesday,4,6,Summer,0
10023456785,2024-06-26 05:00:00,2024-06-26,05:00:00,1.2897,Wednesday,5,6,Summer,0
10023456785,2024-06-26 06:00:00,2024-06-26,06:00:00,1.9710,Wednesday,6,6,Summer,0
10023456785,2024-06-26 07:00:00,2024-06-26,07:00:00,3.3990,Wednesday,7,6,Summer,0
10023456785,2024-06-26 08:00:00,2024-06-26,08:00:00,3.4007,Wednesday,8,6,Summer,0
10023456785,2024-06-26 09:00:00,2024-06-26,09:00:00,2.9848,Wednesday,9,6,Summer,0
10023456785,2024-06-26 10:00:00,2024-06-26,10:00:00,3.0476,Wednesday,10,6,Summer,0
10023456785,2024-06-26 11:00:00,2024-06-26,11:00:00,2.9806,Wednesday,11,6,Summer,0
10023456785,2024-06-26 12:00:00,2024-06-26,12:00:00,2.7607,Wednesday,12,6,Summer,0
10023456785,2024-06-26 13:00:00,2024-06-26,13:00:00,2.6436,Wednesday,13,6,Summer,0
10023456785,2024-06-26 14:00:00,2024-06-26,14:00:00,3.0631,Wednesday,14,6,Summer,0
10023456785,2024-06-26 15:00:00,2024-06-26,15:00:00,3.1441,Wednesday,15,6,Summer,0
10023456785,2024-06-26 16:00:00,2024-06-26,16:00:00,2.5162,Wednesday,16,6,Summer,0
10023456785,2024-06-26 17:00:00,2024-06-26,17:00:00,3.2142,Wednesday,17,6,Summer,0
10023456785,2024-06-26 18:00:00,2024-06-26,18:00:00,3.3711,Wednesday,18,6,Summer,0
10023456785,2024-06-26 19:00:00,2024-06-26,19:00:00,3.5060,Wednesday,19,6,Summer,0
10023456785,2024-06-26 20:00:00,2024-06-26,20:00:00,2.9499,Wednesday,20,6,Summer,0
10023456785,2024-06-26 21:00:00,2024-06-26,21:00:00,2.6444,Wednesday,21,6,Summer,0
10023456785,2024-06-26 22:00:00,2024-06-26,22:00:00,1.7718,Wednesday,22,6,Summer,0
10023456785,2024-06-26 23:00:00,2024-06-26,23:00:00,1.1841,Wednesday,23,6,Summer,0
10023456785,2024-06-27 00:00:00,2024-06-27,00:00:00,1.1330,Thursday,0,6,Summer,0
10023456785,2024-06-27 01:00:00,2024-06-27,01:00:00,0.8602,Thursday,1,6,Summer,0
10023456785,2024-06-27 02:00:00,2024-06-27,02:00:00,1.0533,Thursday,2,6,Summer,0
10023456785,2024-06-27 03:00:00,2024-06-27,03:00:00,0.7608,Thursday,3,6,Summer,0
10023456785,2024-06-27 04:00:00,2024-06-27,04:00:00,1.4056,Thursday,4,6,Summer,0
10023456785,2024-06-27 05:00:00,2024-06-27,05:00:00,1.4920,Thursday,5,6,Summer,0
10023456785,2024-06-27 06:00:00,2024-06-27,06:00:00,2.2267,Thursday,6,6,Summer,0
10023456785,2024-06-27 07:00:00,2024-06-27,07:00:00,3.0589,Thursday,7,6,Summer,0
10023456785,2024-06-27 08:00:00,2024-06-27,08:00:00,3.5202,Thursday,8,6,Summer,0
10023456785,2024-06-27 09:00:00,2024-06-27,09:00:00,2.9103,Thursday,9,6,Summer,0
10023456785,2024-06-27 10:00:00,2024-06-27,10:00:00,2.5374,Thursday,10,6,Summer,0
10023456785,2024-06-27 11:00:00,2024-06-27,11:00:00,2.2720,Thursday,11,6,Summer,0
10023456785,2024-06-27 12:00:00,2024-06-27,12:00:00,2.5286,Thursday,12,6,Summer,0
10023456785,2024-06-27 13:00:00,2024-06-27,13:00:00,2.4648,Thursday,13,6,Summer,0
10023456785,2024-06-27 14:00:00,2024-06-27,14:00:00,4.9921,Thursday,14,6,Summer,1
10023456785,2024-06-27 15:00:00,2024-06-27,15:00:00,3.1785,Thursday,15,6,Summer,1
10023456785,2024-06-27 16:00:00,2024-06-27,16:00:00,5.3455,Thursday,16,6,Summer,1
10023456785,2024-06-27 17:00:00,2024-06-27,17:00:00,6.3796,Thursday,17,6,Summer,1
10023456785,2024-06-27 18:00:00,2024-06-27,18:00:00,5.8971,Thursday,18,6,Summer,1
10023456785,2024-06-27 19:00:00,2024-06-27,19:00:00,6.1654,Thursday,19,6,Summer,1
10023456785,2024-06-27 20:00:00,2024-06-27,20:00:00,2.6943,Thursday,20,6,Summer,0
10023456785,2024-06-27 21:00:00,2024-06-27,21:00:00,2.4812,Thursday,21,6,Summer,0
10023456785,2024-06-27 22:00:00,2024-06-27,22:00:00,1.8172,Thursday,22,6,Summer,0
10023456785,2024-06-27 23:00:00,2024-06-27,23:00:00,1.2987,Thursday,23,6,Summer,0
10023456785,2024-06-28 00:00:00,2024-06-28,00:00:00,1.3498,Friday,0,6,Summer,0
10023456785,2024-06-28 01:00:00,2024-06-28,01:00:00,1.3437,Friday,1,6,Summer,0
10023456785,2024-06-28 02:00:00,2024-06-28,02:00:00,1.4407,Friday,2,6,Summer,0
10023456785,2024-06-28 03:00:00,2024-06-28,03:00:00,1.2602,Friday,3,6,Summer,0
10023456785,2024-06-28 04:00:00,2024-06-28,04:00:00,1.9423,Friday,4,6,Summer,0
10023456785,2024-06-28 05:00:00,2024-06-28,05:00:00,1.8954,Friday,5,6,Summer,0
10023456785,2024-06-28 06:00:00,2024-06-28,06:00:00,3.5453,Friday,6,6,Summer,0
10023456785,2024-06-28 07:00:00,2024-06-28,07:00:00,4.7287,Friday,7,6,Summer,0
10023456785,2024-06-28 08:00:00,2024-06-28,08:00:00,5.4122,Friday,8,6,Summer,0
10023456785,2024-06-28 09:00:00,2024-06-28,09:00:00,5.1243,Friday,9,6,Summer,0
10023456785,2024-06-28 10:00:00,2024-06-28,10:00:00,5.6176,Friday,10,6,Summer,0
10023456785,2024-06-28 11:00:00,2024-06-28,11:00:00,3.9528,Friday,11,6,Summer,0
10023456785,2024-06-28 12:00:00,2024-06-28,12:00:00,4.0728,Friday,12,6,Summer,0
10023456785,2024-06-28 13:00:00,2024-06-28,13:00:00,4.1690,Friday,13,6,Summer,0
10023456785,2024-06-28 14:00:00,2024-06-28,14:00:00,4.8378,Friday,14,6,Summer,0
10023456785,2024-06-28 15:00:00,2024-06-28,15:00:00,3.9442,Friday,15,6,Summer,0
10023456785,2024-06-28 16:00:00,2024-06-28,16:00:00,4.9137,Friday,16,6,Summer,0
10023456785,2024-06-28 17:00:00,2024-06-28,17:00:00,4.9976,Friday,17,6,Summer,0
10023456785,2024-06-28 18:00:00,2024-06-28,18:00:00,5.7981,Friday,18,6,Summer,0
10023456785,2024-06-28 19:00:00,2024-06-28,19:00:00,4.4122,Friday,19,6,Summer,0
10023456785,2024-06-28 20:00:00,2024-06-28,20:00:00,5.6703,Friday,20,6,Summer,0
10023456785,2024-06-28 21:00:00,2024-06-28,21:00:00,3.9261,Friday,21,6,Summer,0
10023456785,2024-06-28 22:00:00,2024-06-28,22:00:00,2.5071,Friday,22,6,Summer,0
10023456785,2024-06-28 23:00:00,2024-06-28,23:00:00,2.4223,Friday,23,6,Summer,0
10023456785,2024-06-29 00:00:00,2024-06-29,00:00:00,1.2523,Saturday,0,6,Summer,0
10023456785,2024-06-29 01:00:00,2024-06-29,01:00:00,0.8972,Saturday,1,6,Summer,0
10023456785,2024-06-29 02:00:00,2024-06-29,02:00:00,0.8757,Saturday,2,6,Summer,0
10023456785,2024-06-29 03:00:00,2024-06-29,03:00:00,0.8972,Saturday,3,6,Summer,0
10023456785,2024-06-29 04:00:00,2024-06-29,04:00:00,0.8881,Saturday,4,6,Summer,0
10023456785,2024-06-29 05:00:00,2024-06-29,05:00:00,1.2068,Saturday,5,6,Summer,0
10023456785,2024-06-29 06:00:00,2024-06-29,06:00:00,1.4010,Saturday,6,6,Summer,0
10023456785,2024-06-29 07:00:00,2024-06-29,07:00:00,1.5556,Saturday,7,6,Summer,0
10023456785,2024-06-29 08:00:00,2024-06-29,08:00:00,2.6407,Saturday,8,6,Summer,0
10023456785,2024-06-29 09:00:00,2024-06-29,09:00:00,3.6488,Saturday,9,6,Summer,0
10023456785,2024-06-29 10:00:00,2024-06-29,10:00:00,0.3400,Saturday,10,6,Summer,1
10023456785,2024-06-29 11:00:00,2024-06-29,11:00:00,2.6185,Saturday,11,6,Summer,0
10023456785,2024-06-29 12:00:00,2024-06-29,12:00:00,2.6261,Saturday,12,6,Summer,0
10023456785,2024-06-29 13:00:00,2024-06-29,13:00:00,2.3838,Saturday,13,6,Summer,0
10023456785,2024-06-29 14:00:00,2024-06-29,14:00:00,2.7535,Saturday,14,6,Summer,0
10023456785,2024-06-29 15:00:00,2024-06-29,15:00:00,2.2563,Saturday,15,6,Summer,0
10023456785,2024-06-29 16:00:00,2024-06-29,16:00:00,2.6996,Saturday,16,6,Summer,0
10023456785,2024-06-29 17:00:00,2024-06-29,17:00:00,2.9755,Saturday,17,6,Summer,0
10023456785,2024-06-29 18:00:00,2024-06-29,18:00:00,0.1853,Saturday,18,6,Summer,1
10023456785,2024-06-29 19:00:00,2024-06-29,19:00:00,3.8893,Saturday,19,6,Summer,0
10023456785,2024-06-29 20:00:00,2024-06-29,20:00:00,3.3057,Saturday,20,6,Summer,0
10023456785,2024-06-29 21:00:00,2024-06-29,21:00:00,2.6123,Saturday,21,6,Summer,0
10023456785,2024-06-29 22:00:00,2024-06-29,22:00:00,1.7262,Saturday,22,6,Summer,0
10023456785,2024-06-29 23:00:00,2024-06-29,23:00:00,1.3751,Saturday,23,6,Summer,0
10023456785,2024-06-30 00:00:00,2024-06-30,00:00:00,1.3538,Sunday,0,6,Summer,0
10023456785,2024-06-30 01:00:00,2024-06-30,01:00:00,1.0551,Sunday,1,6,Summer,0
10023456785,2024-06-30 02:00:00,2024-06-30,02:00:00,0.8697,Sunday,2,6,Summer,0
10023456785,2024-06-30 03:00:00,2024-06-30,03:00:00,1.0887,Sunday,3,6,Summer,0
10023456785,2024-06-30 04:00:00,2024-06-30,04:00:00,1.0527,Sunday,4,6,Summer,0
10023456785,2024-06-30 05:00:00,2024-06-30,05:00:00,1.2053,Sunday,5,6,Summer,0
10023456785,2024-06-30 06:00:00,2024-06-30,06:00:00,1.8341,Sunday,6,6,Summer,0
10023456785,2024-06-30 07:00:00,2024-06-30,07:00:00,2.3573,Sunday,7,6,Summer,0
10023456785,2024-06-30 08:00:00,2024-06-30,08:00:00,3.6625,Sunday,8,6,Summer,0
10023456785,2024-06-30 09:00:00,2024-06-30,09:00:00,3.1530,Sunday,9,6,Summer,0
10023456785,2024-06-30 10:00:00,2024-06-30,10:00:00,2.4877,Sunday,10,6,Summer,0
10023456785,2024-06-30 11:00:00,2024-06-30,11:00:00,2.5093,Sunday,11,6,Summer,0
10023456785,2024-06-30 12:00:00,2024-06-30,12:00:00,2.8625,Sunday,12,6,Summer,0
10023456785,2024-06-30 13:00:00,2024-06-30,13:00:00,2.5960,Sunday,13,6,Summer,0
10023456785,2024-06-30 14:00:00,2024-06-30,14:00:00,3.1074,Sunday,14,6,Summer,0
10023456785,2024-06-30 15:00:00,2024-06-30,15:00:00,2.7205,Sunday,15,6,Summer,0
10023456785,2024-06-30 16:00:00,2024-06-30,16:00:00,2.7478,Sunday,16,6,Summer,0
10023456785,2024-06-30 17:00:00,2024-06-30,17:00:00,2.9457,Sunday,17,6,Summer,0
10023456785,2024-06-30 18:00:00,2024-06-30,18:00:00,3.8421,Sunday,18,6,Summer,0
10023456785,2024-06-30 19:00:00,2024-06-30,19:00:00,3.0574,Sunday,19,6,Summer,0
10023456785,2024-06-30 20:00:00,2024-06-30,20:00:00,3.3550,Sunday,20,6,Summer,0
10023456785,2024-06-30 21:00:00,2024-06-30,21:00:00,2.7552,Sunday,21,6,Summer,0
10023456785,2024-06-30 22:00:00,2024-06-30,22:00:00,2.3718,Sunday,22,6,Summer,0
10023456785,2024-06-30 23:00:00,2024-06-30,23:00:00,1.5215,Sunday,23,6,Summer,0
10023456785,2024-07-01 00:00:00,2024-07-01,00:00:00,0.8470,Monday,0,7,Summer,0
10023456785,2024-07-01 01:00:00,2024-07-01,01:00:00,0.9004,Monday,1,7,Summer,0
10023456785,2024-07-01 02:00:00,2024-07-01,02:00:00,0.9182,Monday,2,7,Summer,0
10023456785,2024-07-01 03:00:00,2024-07-01,03:00:00,1.0797,Monday,3,7,Summer,0
10023456785,2024-07-01 04:00:00,2024-07-01,04:00:00,0.9780,Monday,4,7,Summer,0
10023456785,2024-07-01 05:00:00,2024-07-01,05:00:00,1.7464,Monday,5,7,Summer,0
10023456785,2024-07-01 06:00:00,2024-07-01,06:00:00,2.2417,Monday,6,7,Summer,0
10023456785,2024-07-01 07:00:00,2024-07-01,07:00:00,3.0377,Monday,7,7,Summer,0
10023456785,2024-07-01 08:00:00,2024-07-01,08:00:00,3.1575,Monday,8,7,Summer,0
10023456785,2024-07-01 09:00:00,2024-07-01,09:00:00,3.0696,Monday,9,7,Summer,0
10023456785,2024-07-01 10:00:00,2024-07-01,10:00:00,2.7785,Monday,10,7,Summer,0
10023456785,2024-07-01 11:00:00,2024-07-01,11:00:00,2.4088,Monday,11,7,Summer,0
10023456785,2024-07-01 12:00:00,2024-07-01,12:00:00,2.8278,Monday,12,7,Summer,0
10023456785,2024-07-01 13:00:00,2024-07-01,13:00:00,3.1105,Monday,13,7,Summer,0
10023456785,2024-07-01 14:00:00,2024-07-01,14:00:00,2.2516,Monday,14,7,Summer,0
10023456785,2024-07-01 15:00:00,2024-07-01,15:00:00,2.7961,Monday,15,7,Summer,0
10023456785,2024-07-01 16:00:00,2024-07-01,16:00:00,3.1729,Monday,16,7,Summer,0
10023456785,2024-07-01 17:00:00,2024-07-01,17:00:00,3.3352,Monday,17,7,Summer,0
10023456785,2024-07-01 18:00:00,2024-07-01,18:00:00,3.4390,Monday,18,7,Summer,0
10023456785,2024-07-01 19:00:00,2024-07-01,19:00:00,4.1411,Monday,19,7,Summer,0
10023456785,2024-07-01 20:00:00,2024-07-01,20:00:00,2.7659,Monday,20,7,Summer,0
10023456785,2024-07-01 21:00:00,2024-07-01,21:00:00,2.5287,Monday,21,7,Summer,0
10023456785,2024-07-01 22:00:00,2024-07-01,22:00:00,1.9297,Monday,22,7,Summer,0
10023456785,2024-07-01 23:00:00,2024-07-01,23:00:00,1.3857,Monday,23,7,Summer,0
10023456785,2024-07-02 00:00:00,2024-07-02,00:00:00,1.1041,Tuesday,0,7,Summer,0
10023456785,2024-07-02 01:00:00,2024-07-02,01:00:00,0.8112,Tuesday,1,7,Summer,0
10023456785,2024-07-02 02:00:00,2024-07-02,02:00:00,0.8588,Tuesday,2,7,Summer,0
10023456785,2024-07-02 03:00:00,2024-07-02,03:00:00,0.7025,Tuesday,3,7,Summer,0
10023456785,2024-07-02 04:00:00,2024-07-02,04:00:00,0.8724,Tuesday,4,7,Summer,0
10023456785,2024-07-02 05:00:00,2024-07-02,05:00:00,1.1861,Tuesday,5,7,Summer,0
10023456785,2024-07-02 06:00:00,2024-07-02,06:00:00,1.7035,Tuesday,6,7,Summer,0
10023456785,2024-07-02 07:00:00,2024-07-02,07:00:00,2.5894,Tuesday,7,7,Summer,0
10023456785,2024-07-02 08:00:00,2024-07-02,08:00:00,3.2635,Tuesday,8,7,Summer,0
10023456785,2024-07-02 09:00:00,2024-07-02,09:00:00,2.5455,Tuesday,9,7,Summer,0
10023456785,2024-07-02 10:00:00,2024-07-02,10:00:00,2.2960,Tuesday,10,7,Summer,0
10023456785,2024-07-02 11:00:00,2024-07-02,11:00:00,2.3999,Tuesday,11,7,Summer,0
10023456785,2024-07-02 12:00:00,2024-07-02,12:00:00,1.7551,Tuesday,12,7,Summer,0
10023456785,2024-07-02 13:00:00,2024-07-02,13:00:00,2.5446,Tuesday,13,7,Summer,0
10023456785,2024-07-02 14:00:00,2024-07-02,14:00:00,2.9943,Tuesday,14,7,Summer,0
10023456785,2024-07-02 15:00:00,2024-07-02,15:00:00,2.3602,Tuesday,15,7,Summer,0
10023456785,2024-07-02 16:00:00,2024-07-02,16:00:00,2.4126,Tuesday,16,7,Summer,0
10023456785,2024-07-02 17:00:00,2024-07-02,17:00:00,3.0268,Tuesday,17,7,Summer,0
10023456785,2024-07-02 18:00:00,2024-07-02,18:00:00,3.1203,Tuesday,18,7,Summer,0
10023456785,2024-07-02 19:00:00,2024-07-02,19:00:00,3.0107,Tuesday,19,7,Summer,0
10023456785,2024-07-02 20:00:00,2024-07-02,20:00:00,2.9632,Tuesday,20,7,Summer,0
10023456785,2024-07-02 21:00:00,2024-07-02,21:00:00,2.3875,Tuesday,21,7,Summer,0
10023456785,2024-07-02 22:00:00,2024-07-02,22:00:00,1.8619,Tuesday,22,7,Summer,0
10023456785,2024-07-02 23:00:00,2024-07-02,23:00:00,1.1808,Tuesday,23,7,Summer,0
10023456785,2024-07-03 00:00:00,2024-07-03,00:00:00,0.8931,Wednesday,0,7,Summer,0
10023456785,2024-07-03 01:00:00,2024-07-03,01:00:00,0.7038,Wednesday,1,7,Summer,0
10023456785,2024-07-03 02:00:00,2024-07-03,02:00:00,0.7864,Wednesday,2,7,Summer,0
10023456785,2024-07-03 03:00:00,2024-07-03,03:00:00,0.8661,Wednesday,3,7,Summer,0
10023456785,2024-07-03 04:00:00,2024-07-03,04:00:00,0.7710,Wednesday,4,7,Summer,0
10023456785,2024-07-03 05:00:00,2024-07-03,05:00:00,1.3276,Wednesday,5,7,Summer,0
10023456785,2024-07-03 06:00:00,2024-07-03,06:00:00,1.8995,Wednesday,6,7,Summer,0
10023456785,2024-07-03 07:00:00,2024-07-03,07:00:00,2.4848,Wednesday,7,7,Summer,0
10023456785,2024-07-03 08:00:00,2024-07-03,08:00:00,2.7641,Wednesday,8,7,Summer,0
10023456785,2024-07-03 09:00:00,2024-07-03,09:00:00,2.8989,Wednesday,9,7,Summer,0
10023456785,2024-07-03 10:00:00,2024-07-03,10:00:00,0.2955,Wednesday,10,7,Summer,1
10023456785,2024-07-03 11:00:00,2024-07-03,11:00:00,2.5677,Wednesday,11,7,Summer,0
10023456785,2024-07-03 12:00:00,2024-07-03,12:00:00,1.8051,Wednesday,12,7,Summer,0
10023456785,2024-07-03 13:00:00,2024-07-03,13:00:00,1.9227,Wednesday,13,7,Summer,0
10023456785,2024-07-03 14:00:00,2024-07-03,14:00:00,2.3595,Wednesday,14,7,Summer,0
10023456785,2024-07-03 15:00:00,2024-07-03,15:00:00,2.5967,Wednesday,15,7,Summer,0
10023456785,2024-07-03 16:00:00,2024-07-03,16:00:00,2.3973,Wednesday,16,7,Summer,0
10023456785,2024-07-03 17:00:00,2024-07-03,17:00:00,2.6619,Wednesday,17,7,Summer,0
10023456785,2024-07-03 18:00:00,2024-07-03,18:00:00,3.0464,Wednesday,18,7,Summer,0
10023456785,2024-07-03 19:00:00,2024-07-03,19:00:00,2.5581,Wednesday,19,7,Summer,0
10023456785,2024-07-03 20:00:00,2024-07-03,20:00:00,2.9647,Wednesday,20,7,Summer,0
10023456785,2024-07-03 21:00:00,2024-07-03,21:00:00,1.9917,Wednesday,21,7,Summer,0
10023456785,2024-07-03 22:00:00,2024-07-03,22:00:00,1.4782,Wednesday,22,7,Summer,0
10023456785,2024-07-03 23:00:00,2024-07-03,23:00:00,1.1436,Wednesday,23,7,Summer,0
10023456785,2024-07-04 00:00:00,2024-07-04,00:00:00,0.7796,Thursday,0,7,Summer,0
10023456785,2024-07-04 01:00:00,2024-07-04,01:00:00,0.8188,Thursday,1,7,Summer,0
10023456785,2024-07-04 02:00:00,2024-07-04,02:00:00,0.7543,Thursday,2,7,Summer,0
10023456785,2024-07-04 03:00:00,2024-07-04,03:00:00,0.7881,Thursday,3,7,Summer,0
10023456785,2024-07-04 04:00:00,2024-07-04,04:00:00,0.7930,Thursday,4,7,Summer,0
10023456785,2024-07-04 05:00:00,2024-07-04,05:00:00,1.1702,Thursday,5,7,Summer,0
10023456785,2024-07-04 06:00:00,2024-07-04,06:00:00,1.6436,Thursday,6,7,Summer,0
10023456785,2024-07-04 07:00:00,2024-07-04,07:00:00,2.3815,Thursday,7,7,Summer,0
10023456785,2024-07-04 08:00:00,2024-07-04,08:00:00,2.3233,Thursday,8,7,Summer,0
10023456785,2024-07-04 09:00:00,2024-07-04,09:00:00,7.8731,Thursday,9,7,Summer,1
10023456785,2024-07-04 10:00:00,2024-07-04,10:00:00,2.4904,Thursday,10,7,Summer,0
10023456785,2024-07-04 11:00:00,2024-07-04,11:00:00,2.0640,Thursday,11,7,Summer,0
10023456785,2024-07-04 12:00:00,2024-07-04,12:00:00,2.1834,Thursday,12,7,Summer,0
10023456785,2024-07-04 13:00:00,2024-07-04,13:00:00,2.3382,Thursday,13,7,Summer,0
10023456785,2024-07-04 14:00:00,2024-07-04,14:00:00,2.2938,Thursday,14,7,Summer,0
10023456785,2024-07-04 15:00:00,2024-07-04,15:00:00,2.5190,Thursday,15,7,Summer,0
10023456785,2024-07-04 16:00:00,2024-07-04,16:00:00,2.1586,Thursday,16,7,Summer,0
10023456785,2024-07-04 17:00:00,2024-07-04,17:00:00,2.9957,Thursday,17,7,Summer,0
10023456785,2024-07-04 18:00:00,2024-07-04,18:00:00,2.6189,Thursday,18,7,Summer,0
10023456785,2024-07-04 19:00:00,2024-07-04,19:00:00,2.7528,Thursday,19,7,Summer,0
10023456785,2024-07-04 20:00:00,2024-07-04,20:00:00,2.4750,Thursday,20,7,Summer,0
10023456785,2024-07-04 21:00:00,2024-07-04,21:00:00,1.7382,Thursday,21,7,Summer,0
10023456785,2024-07-04 22:00:00,2024-07-04,22:00:00,1.5046,Thursday,22,7,Summer,0
10023456785,2024-07-04 23:00:00,2024-07-04,23:00:00,0.9054,Thursday,23,7,Summer,0
10023456785,2024-07-05 00:00:00,2024-07-05,00:00:00,0.9367,Friday,0,7,Summer,0
10023456785,2024-07-05 01:00:00,2024-07-05,01:00:00,0.8799,Friday,1,7,Summer,0
10023456785,2024-07-05 02:00:00,2024-07-05,02:00:00,1.0774,Friday,2,7,Summer,0
10023456785,2024-07-05 03:00:00,2024-07-05,03:00:00,0.7978,Friday,3,7,Summer,0
10023456785,2024-07-05 04:00:00,2024-07-05,04:00:00,0.7817,Friday,4,7,Summer,0
10023456785,2024-07-05 05:00:00,2024-07-05,05:00:00,1.1811,Friday,5,7,Summer,0
10023456785,2024-07-05 06:00:00,2024-07-05,06:00:00,1.7789,Friday,6,7,Summer,0
10023456785,2024-07-05 07:00:00,2024-07-05,07:00:00,2.6178,Friday,7,7,Summer,0
10023456785,2024-07-05 08:00:00,2024-07-05,08:00:00,3.0644,Friday,8,7,Summer,0
10023456785,2024-07-05 09:00:00,2024-07-05,09:00:00,2.4302,Friday,9,7,Summer,0
10023456785,2024-07-05 10:00:00,2024-07-05,10:00:00,2.6614,Friday,10,7,Summer,0
10023456785,2024-07-05 11:00:00,2024-07-05,11:00:00,2.0568,Friday,11,7,Summer,0
10023456785,2024-07-05 12:00:00,2024-07-05,12:00:00,2.3463,Friday,12,7,Summer,0
10023456785,2024-07-05 13:00:00,2024-07-05,13:00:00,2.4594,Friday,13,7,Summer,0
10023456785,2024-07-05 14:00:00,2024-07-05,14:00:00,2.7546,Friday,14,7,Summer,0
10023456785,2024-07-05 15:00:00,2024-07-05,15:00:00,2.9889,Friday,15,7,Summer,0
10023456785,2024-07-05 16:00:00,2024-07-05,16:00:00,2.5227,Friday,16,7,Summer,0
10023456785,2024-07-05 17:00:00,2024-07-05,17:00:00,2.2775,Friday,17,7,Summer,0
10023456785,2024-07-05 18:00:00,2024-07-05,18:00:00,2.9706,Friday,18,7,Summer,0
10023456785,2024-07-05 19:00:00,2024-07-05,19:00:00,2.6253,Friday,19,7,Summer,0
10023456785,2024-07-05 20:00:00,2024-07-05,20:00:00,2.4111,Friday,20,7,Summer,0
10023456785,2024-07-05 21:00:00,2024-07-05,21:00:00,2.0672,Friday,21,7,Summer,0
10023456785,2024-07-05 22:00:00,2024-07-05,22:00:00,1.5713,Friday,22,7,Summer,0
10023456785,2024-07-05 23:00:00,2024-07-05,23:00:00,0.9370,Friday,23,7,Summer,0
10023456785,2024-07-06 00:00:00,2024-07-06,00:00:00,0.8250,Saturday,0,7,Summer,0
10023456785,2024-07-06 01:00:00,2024-07-06,01:00:00,0.6713,Saturday,1,7,Summer,0
10023456785,2024-07-06 02:00:00,2024-07-06,02:00:00,0.6014,Saturday,2,7,Summer,0
10023456785,2024-07-06 03:00:00,2024-07-06,03:00:00,0.6599,Saturday,3,7,Summer,0
10023456785,2024-07-06 04:00:00,2024-07-06,04:00:00,0.5767,Saturday,4,7,Summer,0
10023456785,2024-07-06 05:00:00,2024-07-06,05:00:00,0.7895,Saturday,5,7,Summer,0
10023456785,2024-07-06 06:00:00,2024-07-06,06:00:00,1.0444,Saturday,6,7,Summer,0
10023456785,2024-07-06 07:00:00,2024-07-06,07:00:00,1.8172,Saturday,7,7,Summer,0
10023456785,2024-07-06 08:00:00,2024-07-06,08:00:00,2.3136,Saturday,8,7,Summer,0
10023456785,2024-07-06 09:00:00,2024-07-06,09:00:00,1.7672,Saturday,9,7,Summer,0
10023456785,2024-07-06 10:00:00,2024-07-06,10:00:00,1.8101,Saturday,10,7,Summer,0
10023456785,2024-07-06 11:00:00,2024-07-06,11:00:00,1.8387,Saturday,11,7,Summer,0
10023456785,2024-07-06 12:00:00,2024-07-06,12:00:00,1.7295,Saturday,12,7,Summer,0
10023456785,2024-07-06 13:00:00,2024-07-06,13:00:00,2.1836,Saturday,13,7,Summer,0
10023456785,2024-07-06 14:00:00,2024-07-06,14:00:00,1.5660,Saturday,14,7,Summer,0
10023456785,2024-07-06 15:00:00,2024-07-06,15:00:00,1.7163,Saturday,15,7,Summer,0
10023456785,2024-07-06 16:00:00,2024-07-06,16:00:00,5.2170,Saturday,16,7,Summer,1
10023456785,2024-07-06 17:00:00,2024-07-06,17:00:00,5.9113,Saturday,17,7,Summer,1
10023456785,2024-07-06 18:00:00,2024-07-06,18:00:00,4.9232,Saturday,18,7,Summer,1
10023456785,2024-07-06 19:00:00,2024-07-06,19:00:00,2.1799,Saturday,19,7,Summer,0
10023456785,2024-07-06 20:00:00,2024-07-06,20:00:00,2.0911,Saturday,20,7,Summer,0
10023456785,2024-07-06 21:00:00,2024-07-06,21:00:00,1.9432,Saturday,21,7,Summer,0
10023456785,2024-07-06 22:00:00,2024-07-06,22:00:00,1.3102,Saturday,22,7,Summer,0
10023456785,2024-07-06 23:00:00,2024-07-06,23:00:00,1.0153,Saturday,23,7,Summer,0
10023456785,2024-07-07 00:00:00,2024-07-07,00:00:00,0.9155,Sunday,0,7,Summer,0
10023456785,2024-07-07 01:00:00,2024-07-07,01:00:00,4.8983,Sunday,1,7,Summer,1
10023456785,2024-07-07 02:00:00,2024-07-07,02:00:00,4.7864,Sunday,2,7,Summer,1
10023456785,2024-07-07 03:00:00,2024-07-07,03:00:00,0.9308,Sunday,3,7,Summer,0
10023456785,2024-07-07 04:00:00,2024-07-07,04:00:00,0.8996,Sunday,4,7,Summer,0
10023456785,2024-07-07 05:00:00,2024-07-07,05:00:00,1.1836,Sunday,5,7,Summer,0
10023456785,2024-07-07 06:00:00,2024-07-07,06:00:00,1.6737,Sunday,6,7,Summer,0
10023456785,2024-07-07 07:00:00,2024-07-07,07:00:00,1.7901,Sunday,7,7,Summer,0
10023456785,2024-07-07 08:00:00,2024-07-07,08:00:00,2.1131,Sunday,8,7,Summer,0
10023456785,2024-07-07 09:00:00,2024-07-07,09:00:00,2.6633,Sunday,9,7,Summer,0
10023456785,2024-07-07 10:00:00,2024-07-07,10:00:00,2.3937,Sunday,10,7,Summer,0
10023456785,2024-07-07 11:00:00,2024-07-07,11:00:00,2.1815,Sunday,11,7,Summer,0
10023456785,2024-07-07 12:00:00,2024-07-07,12:00:00,2.1246,Sunday,12,7,Summer,0
10023456785,2024-07-07 13:00:00,2024-07-07,13:00:00,6.7857,Sunday,13,7,Summer,1
10023456785,2024-07-07 14:00:00,2024-07-07,14:00:00,2.5813,Sunday,14,7,Summer,0
10023456785,2024-07-07 15:00:00,2024-07-07,15:00:00,2.2731,Sunday,15,7,Summer,0
10023456785,2024-07-07 16:00:00,2024-07-07,16:00:00,2.0789,Sunday,16,7,Summer,0
10023456785,2024-07-07 17:00:00,2024-07-07,17:00:00,2.3084,Sunday,17,7,Summer,0
10023456785,2024-07-07 18:00:00,2024-07-07,18:00:00,3.0896,Sunday,18,7,Summer,0
10023456785,2024-07-07 19:00:00,2024-07-07,19:00:00,2.5550,Sunday,19,7,Summer,0
10023456785,2024-07-07 20:00:00,2024-07-07,20:00:00,2.8128,Sunday,20,7,Summer,0
10023456785,2024-07-07 21:00:00,2024-07-07,21:00:00,2.0798,Sunday,21,7,Summer,0
10023456785,2024-07-07 22:00:00,2024-07-07,22:00:00,1.7583,Sunday,22,7,Summer,0
10023456785,2024-07-07 23:00:00,2024-07-07,23:00:00,1.1412,Sunday,23,7,Summer,0
10023456785,2024-07-08 00:00:00,2024-07-08,00:00:00,1.0815,Monday,0,7,Summer,0
10023456785,2024-07-08 01:00:00,2024-07-08,01:00:00,0.9854,Monday,1,7,Summer,0
10023456785,2024-07-08 02:00:00,2024-07-08,02:00:00,2.1287,Monday,2,7,Summer,1
10023456785,2024-07-08 03:00:00,2024-07-08,03:00:00,0.9118,Monday,3,7,Summer,0
10023456785,2024-07-08 04:00:00,2024-07-08,04:00:00,1.0468,Monday,4,7,Summer,0
10023456785,2024-07-08 05:00:00,2024-07-08,05:00:00,1.3367,Monday,5,7,Summer,0
10023456785,2024-07-08 06:00:00,2024-07-08,06:00:00,1.8900,Monday,6,7,Summer,0
10023456785,2024-07-08 07:00:00,2024-07-08,07:00:00,2.8253,Monday,7,7,Summer,0
10023456785,2024-07-08 08:00:00,2024-07-08,08:00:00,2.7142,Monday,8,7,Summer,0
10023456785,2024-07-08 09:00:00,2024-07-08,09:00:00,3.1084,Monday,9,7,Summer,0
10023456785,2024-07-08 10:00:00,2024-07-08,10:00:00,2.4659,Monday,10,7,Summer,0
10023456785,2024-07-08 11:00:00,2024-07-08,11:00:00,2.3255,Monday,11,7,Summer,0
10023456785,2024-07-08 12:00:00,2024-07-08,12:00:00,1.9303,Monday,12,7,Summer,0
10023456785,2024-07-08 13:00:00,2024-07-08,13:00:00,2.8449,Monday,13,7,Summer,0
10023456785,2024-07-08 14:00:00,2024-07-08,14:00:00,1.9946,Monday,14,7,Summer,0
10023456785,2024-07-08 15:00:00,2024-07-08,15:00:00,2.7343,Monday,15,7,Summer,0
10023456785,2024-07-08 16:00:00,2024-07-08,16:00:00,0.1414,Monday,16,7,Summer,1
10023456785,2024-07-08 17:00:00,2024-07-08,17:00:00,3.4791,Monday,17,7,Summer,0
10023456785,2024-07-08 18:00:00,2024-07-08,18:00:00,2.9500,Monday,18,7,Summer,0
10023456785,2024-07-08 19:00:00,2024-07-08,19:00:00,3.4923,Monday,19,7,Summer,0
10023456785,2024-07-08 20:00:00,2024-07-08,20:00:00,2.8294,Monday,20,7,Summer,0
10023456785,2024-07-08 21:00:00,2024-07-08,21:00:00,2.2201,Monday,21,7,Summer,0
10023456785,2024-07-08 22:00:00,2024-07-08,22:00:00,1.5547,Monday,22,7,Summer,0
10023456785,2024-07-08 23:00:00,2024-07-08,23:00:00,1.1536,Monday,23,7,Summer,0
10023456785,2024-07-09 00:00:00,2024-07-09,00:00:00,1.3235,Tuesday,0,7,Summer,0
10023456785,2024-07-09 01:00:00,2024-07-09,01:00:00,1.1621,Tuesday,1,7,Summer,0
10023456785,2024-07-09 02:00:00,2024-07-09,02:00:00,1.2662,Tuesday,2,7,Summer,0
10023456785,2024-07-09 03:00:00,2024-07-09,03:00:00,1.0387,Tuesday,3,7,Summer,0
10023456785,2024-07-09 04:00:00,2024-07-09,04:00:00,1.5200,Tuesday,4,7,Summer,0
10023456785,2024-07-09 05:00:00,2024-07-09,05:00:00,1.3578,Tuesday,5,7,Summer,0
10023456785,2024-07-09 06:00:00,2024-07-09,06:00:00,2.0303,Tuesday,6,7,Summer,0
10023456785,2024-07-09 07:00:00,2024-07-09,07:00:00,3.7419,Tuesday,7,7,Summer,0
10023456785,2024-07-09 08:00:00,2024-07-09,08:00:00,4.5543,Tuesday,8,7,Summer,0
10023456785,2024-07-09 09:00:00,2024-07-09,09:00:00,4.2543,Tuesday,9,7,Summer,0
10023456785,2024-07-09 10:00:00,2024-07-09,10:00:00,3.0794,Tuesday,10,7,Summer,0
10023456785,2024-07-09 11:00:00,2024-07-09,11:00:00,2.6310,Tuesday,11,7,Summer,0
10023456785,2024-07-09 12:00:00,2024-07-09,12:00:00,2.4874,Tuesday,12,7,Summer,0
10023456785,2024-07-09 13:00:00,2024-07-09,13:00:00,3.0834,Tuesday,13,7,Summer,0
10023456785,2024-07-09 14:00:00,2024-07-09,14:00:00,2.6146,Tuesday,14,7,Summer,0
10023456785,2024-07-09 15:00:00,2024-07-09,15:00:00,3.4464,Tuesday,15,7,Summer,0
10023456785,2024-07-09 16:00:00,2024-07-09,16:00:00,2.6404,Tuesday,16,7,Summer,0
10023456785,2024-07-09 17:00:00,2024-07-09,17:00:00,3.0449,Tuesday,17,7,Summer,0
10023456785,2024-07-09 18:00:00,2024-07-09,18:00:00,3.0857,Tuesday,18,7,Summer,0
10023456785,2024-07-09 19:00:00,2024-07-09,19:00:00,2.8836,Tuesday,19,7,Summer,0
10023456785,2024-07-09 20:00:00,2024-07-09,20:00:00,3.5472,Tuesday,20,7,Summer,0
10023456785,2024-07-09 21:00:00,2024-07-09,21:00:00,2.6909,Tuesday,21,7,Summer,0
10023456785,2024-07-09 22:00:00,2024-07-09,22:00:00,1.9961,Tuesday,22,7,Summer,0
10023456785,2024-07-09 23:00:00,2024-07-09,23:00:00,1.4470,Tuesday,23,7,Summer,0
10023456785,2024-07-10 00:00:00,2024-07-10,00:00:00,0.9084,Wednesday,0,7,Summer,0
10023456785,2024-07-10 01:00:00,2024-07-10,01:00:00,0.8036,Wednesday,1,7,Summer,0
10023456785,2024-07-10 02:00:00,2024-07-10,02:00:00,0.7527,Wednesday,2,7,Summer,0
10023456785,2024-07-10 03:00:00,2024-07-10,03:00:00,0.7578,Wednesday,3,7,Summer,0
10023456785,2024-07-10 04:00:00,2024-07-10,04:00:00,5.0098,Wednesday,4,7,Summer,1
10023456785,2024-07-10 05:00:00,2024-07-10,05:00:00,5.0117,Wednesday,5,7,Summer,1
10023456785,2024-07-10 06:00:00,2024-07-10,06:00:00,1.9108,Wednesday,6,7,Summer,0
10023456785,2024-07-10 07:00:00,2024-07-10,07:00:00,2.4820,Wednesday,7,7,Summer,0
10023456785,2024-07-10 08:00:00,2024-07-10,08:00:00,2.8564,Wednesday,8,7,Summer,0
10023456785,2024-07-10 09:00:00,2024-07-10,09:00:00,2.3904,Wednesday,9,7,Summer,0
10023456785,2024-07-10 10:00:00,2024-07-10,10:00:00,1.8393,Wednesday,10,7,Summer,0
10023456785,2024-07-10 11:00:00,2024-07-10,11:00:00,1.7838,Wednesday,11,7,Summer,0
10023456785,2024-07-10 12:00:00,2024-07-10,12:00:00,1.8004,Wednesday,12,7,Summer,0
10023456785,2024-07-10 13:00:00,2024-07-10,13:00:00,2.3088,Wednesday,13,7,Summer,0
10023456785,2024-07-10 14:00:00,2024-07-10,14:00:00,1.9302,Wednesday,14,7,Summer,0
10023456785,2024-07-10 15:00:00,2024-07-10,15:00:00,1.7560,Wednesday,15,7,Summer,0
10023456785,2024-07-10 16:00:00,2024-07-10,16:00:00,2.8536,Wednesday,16,7,Summer,0
10023456785,2024-07-10 17:00:00,2024-07-10,17:00:00,2.6369,Wednesday,17,7,Summer,0
10023456785,2024-07-10 18:00:00,2024-07-10,18:00:00,2.6167,Wednesday,18,7,Summer,0
10023456785,2024-07-10 19:00:00,2024-07-10,19:00:00,2.4697,Wednesday,19,7,Summer,0
10023456785,2024-07-10 20:00:00,2024-07-10,20:00:00,1.9613,Wednesday,20,7,Summer,0
10023456785,2024-07-10 21:00:00,2024-07-10,21:00:00,1.8278,Wednesday,21,7,Summer,0
10023456785,2024-07-10 22:00:00,2024-07-10,22:00:00,1.2771,Wednesday,22,7,Summer,0
10023456785,2024-07-10 23:00:00,2024-07-10,23:00:00,1.0009,Wednesday,23,7,Summer,0
10023456785,2024-07-11 00:00:00,2024-07-11,00:00:00,6.5668,Thursday,0,7,Summer,1
10023456785,2024-07-11 01:00:00,2024-07-11,01:00:00,0.8957,Thursday,1,7,Summer,0
10023456785,2024-07-11 02:00:00,2024-07-11,02:00:00,0.6538,Thursday,2,7,Summer,0
10023456785,2024-07-11 03:00:00,2024-07-11,03:00:00,0.5735,Thursday,3,7,Summer,0
10023456785,2024-07-11 04:00:00,2024-07-11,04:00:00,0.6032,Thursday,4,7,Summer,0
10023456785,2024-07-11 05:00:00,2024-07-11,05:00:00,1.0707,Thursday,5,7,Summer,0
10023456785,2024-07-11 06:00:00,2024-07-11,06:00:00,1.6342,Thursday,6,7,Summer,0
10023456785,2024-07-11 07:00:00,2024-07-11,07:00:00,2.0550,Thursday,7,7,Summer,0
10023456785,2024-07-11 08:00:00,2024-07-11,08:00:00,3.0186,Thursday,8,7,Summer,0
10023456785,2024-07-11 09:00:00,2024-07-11,09:00:00,2.0162,Thursday,9,7,Summer,0
10023456785,2024-07-11 10:00:00,2024-07-11,10:00:00,1.9624,Thursday,10,7,Summer,0
10023456785,2024-07-11 11:00:00,2024-07-11,11:00:00,2.6864,Thursday,11,7,Summer,0
10023456785,2024-07-11 12:00:00,2024-07-11,12:00:00,2.0207,Thursday,12,7,Summer,0
10023456785,2024-07-11 13:00:00,2024-07-11,13:00:00,2.1824,Thursday,13,7,Summer,0
10023456785,2024-07-11 14:00:00,2024-07-11,14:00:00,1.9248,Thursday,14,7,Summer,0
10023456785,2024-07-11 15:00:00,2024-07-11,15:00:00,2.1048,Thursday,15,7,Summer,0
10023456785,2024-07-11 16:00:00,2024-07-11,16:00:00,2.5981,Thursday,16,7,Summer,0
10023456785,2024-07-11 17:00:00,2024-07-11,17:00:00,2.0469,Thursday,17,7,Summer,0
10023456785,2024-07-11 18:00:00,2024-07-11,18:00:00,2.4786,Thursday,18,7,Summer,0
10023456785,2024-07-11 19:00:00,2024-07-11,19:00:00,2.3886,Thursday,19,7,Summer,0
10023456785,2024-07-11 20:00:00,2024-07-11,20:00:00,1.8361,Thursday,20,7,Summer,0
10023456785,2024-07-11 21:00:00,2024-07-11,21:00:00,1.8067,Thursday,21,7,Summer,0
10023456785,2024-07-11 22:00:00,2024-07-11,22:00:00,0.0732,Thursday,22,7,Summer,1
10023456785,2024-07-11 23:00:00,2024-07-11,23:00:00,1.0294,Thursday,23,7,Summer,0
10023456785,2024-07-12 00:00:00,2024-07-12,00:00:00,1.0297,Friday,0,7,Summer,0
10023456785,2024-07-12 01:00:00,2024-07-12,01:00:00,1.0591,Friday,1,7,Summer,0
10023456785,2024-07-12 02:00:00,2024-07-12,02:00:00,0.7189,Friday,2,7,Summer,0
10023456785,2024-07-12 03:00:00,2024-07-12,03:00:00,1.0571,Friday,3,7,Summer,0
10023456785,2024-07-12 04:00:00,2024-07-12,04:00:00,1.0854,Friday,4,7,Summer,0
10023456785,2024-07-12 05:00:00,2024-07-12,05:00:00,1.4347,Friday,5,7,Summer,0
10023456785,2024-07-12 06:00:00,2024-07-12,06:00:00,1.9898,Friday,6,7,Summer,0
10023456785,2024-07-12 07:00:00,2024-07-12,07:00:00,3.2943,Friday,7,7,Summer,0
10023456785,2024-07-12 08:00:00,2024-07-12,08:00:00,2.6270,Friday,8,7,Summer,0
10023456785,2024-07-12 09:00:00,2024-07-12,09:00:00,2.9549,Friday,9,7,Summer,0
10023456785,2024-07-12 10:00:00,2024-07-12,10:00:00,3.0121,Friday,10,7,Summer,0
10023456785,2024-07-12 11:00:00,2024-07-12,11:00:00,2.4798,Friday,11,7,Summer,0
10023456785,2024-07-12 12:00:00,2024-07-12,12:00:00,2.5253,Friday,12,7,Summer,0
10023456785,2024-07-12 13:00:00,2024-07-12,13:00:00,2.9718,Friday,13,7,Summer,0
10023456785,2024-07-12 14:00:00,2024-07-12,14:00:00,2.7872,Friday,14,7,Summer,0
10023456785,2024-07-12 15:00:00,2024-07-12,15:00:00,2.1515,Friday,15,7,Summer,0
10023456785,2024-07-12 16:00:00,2024-07-12,16:00:00,2.5093,Friday,16,7,Summer,0
10023456785,2024-07-12 17:00:00,2024-07-12,17:00:00,3.2894,Friday,17,7,Summer,0
10023456785,2024-07-12 18:00:00,2024-07-12,18:00:00,2.4968,Friday,18,7,Summer,0
10023456785,2024-07-12 19:00:00,2024-07-12,19:00:00,3.2617,Friday,19,7,Summer,0
10023456785,2024-07-12 20:00:00,2024-07-12,20:00:00,2.9154,Friday,20,7,Summer,0
10023456785,2024-07-12 21:00:00,2024-07-12,21:00:00,2.2887,Friday,21,7,Summer,0
10023456785,2024-07-12 22:00:00,2024-07-12,22:00:00,1.5643,Friday,22,7,Summer,0
10023456785,2024-07-12 23:00:00,2024-07-12,23:00:00,1.4170,Friday,23,7,Summer,0
10023456785,2024-07-13 00:00:00,2024-07-13,00:00:00,1.6951,Saturday,0,7,Summer,0
10023456785,2024-07-13 01:00:00,2024-07-13,01:00:00,1.8461,Saturday,1,7,Summer,0
10023456785,2024-07-13 02:00:00,2024-07-13,02:00:00,1.2760,Saturday,2,7,Summer,0
10023456785,2024-07-13 03:00:00,2024-07-13,03:00:00,1.2077,Saturday,3,7,Summer,0
10023456785,2024-07-13 04:00:00,2024-07-13,04:00:00,1.3951,Saturday,4,7,Summer,0
10023456785,2024-07-13 05:00:00,2024-07-13,05:00:00,1.8661,Saturday,5,7,Summer,0
10023456785,2024-07-13 06:00:00,2024-07-13,06:00:00,2.4707,Saturday,6,7,Summer,0
10023456785,2024-07-13 07:00:00,2024-07-13,07:00:00,3.0280,Saturday,7,7,Summer,0
10023456785,2024-07-13 08:00:00,2024-07-13,08:00:00,3.6483,Saturday,8,7,Summer,0
10023456785,2024-07-13 09:00:00,2024-07-13,09:00:00,3.6551,Saturday,9,7,Summer,0
10023456785,2024-07-13 10:00:00,2024-07-13,10:00:00,3.2970,Saturday,10,7,Summer,0
10023456785,2024-07-13 11:00:00,2024-07-13,11:00:00,3.3793,Saturday,11,7,Summer,0
10023456785,2024-07-13 12:00:00,2024-07-13,12:00:00,3.3221,Saturday,12,7,Summer,0
10023456785,2024-07-13 13:00:00,2024-07-13,13:00:00,0.2397,Saturday,13,7,Summer,1
10023456785,2024-07-13 14:00:00,2024-07-13,14:00:00,3.6406,Saturday,14,7,Summer,0
10023456785,2024-07-13 15:00:00,2024-07-13,15:00:00,3.1079,Saturday,15,7,Summer,0
10023456785,2024-07-13 16:00:00,2024-07-13,16:00:00,3.2702,Saturday,16,7,Summer,0
10023456785,2024-07-13 17:00:00,2024-07-13,17:00:00,3.7135,Saturday,17,7,Summer,0
10023456785,2024-07-13 18:00:00,2024-07-13,18:00:00,4.0905,Saturday,18,7,Summer,0
10023456785,2024-07-13 19:00:00,2024-07-13,19:00:00,3.5864,Saturday,19,7,Summer,0
10023456785,2024-07-13 20:00:00,2024-07-13,20:00:00,0.4692,Saturday,20,7,Summer,1
10023456785,2024-07-13 21:00:00,2024-07-13,21:00:00,0.3187,Saturday,21,7,Summer,1
10023456785,2024-07-13 22:00:00,2024-07-13,22:00:00,2.8251,Saturday,22,7,Summer,0
10023456785,2024-07-13 23:00:00,2024-07-13,23:00:00,1.6110,Saturday,23,7,Summer,0
10023456785,2024-07-14 00:00:00,2024-07-14,00:00:00,1.1903,Sunday,0,7,Summer,0
10023456785,2024-07-14 01:00:00,2024-07-14,01:00:00,0.8986,Sunday,1,7,Summer,0
10023456785,2024-07-14 02:00:00,2024-07-14,02:00:00,1.0299,Sunday,2,7,Summer,0
10023456785,2024-07-14 03:00:00,2024-07-14,03:00:00,0.6711,Sunday,3,7,Summer,0
10023456785,2024-07-14 04:00:00,2024-07-14,04:00:00,0.8010,Sunday,4,7,Summer,0
10023456785,2024-07-14 05:00:00,2024-07-14,05:00:00,0.9343,Sunday,5,7,Summer,0
10023456785,2024-07-14 06:00:00,2024-07-14,06:00:00,1.5861,Sunday,6,7,Summer,0
10023456785,2024-07-14 07:00:00,2024-07-14,07:00:00,2.0727,Sunday,7,7,Summer,0
10023456785,2024-07-14 08:00:00,2024-07-14,08:00:00,2.7964,Sunday,8,7,Summer,0
10023456785,2024-07-14 09:00:00,2024-07-14,09:00:00,2.1577,Sunday,9,7,Summer,0
10023456785,2024-07-14 10:00:00,2024-07-14,10:00:00,2.9011,Sunday,10,7,Summer,0
10023456785,2024-07-14 11:00:00,2024-07-14,11:00:00,2.9883,Sunday,11,7,Summer,0
10023456785,2024-07-14 12:00:00,2024-07-14,12:00:00,1.9763,Sunday,12,7,Summer,0
10023456785,2024-07-14 13:00:00,2024-07-14,13:00:00,2.1549,Sunday,13,7,Summer,0
10023456785,2024-07-14 14:00:00,2024-07-14,14:00:00,2.1576,Sunday,14,7,Summer,0
10023456785,2024-07-14 15:00:00,2024-07-14,15:00:00,2.7114,Sunday,15,7,Summer,0
10023456785,2024-07-14 16:00:00,2024-07-14,16:00:00,2.2939,Sunday,16,7,Summer,0
10023456785,2024-07-14 17:00:00,2024-07-14,17:00:00,3.5087,Sunday,17,7,Summer,0
10023456785,2024-07-14 18:00:00,2024-07-14,18:00:00,4.1069,Sunday,18,7,Summer,0
10023456785,2024-07-14 19:00:00,2024-07-14,19:00:00,3.3777,Sunday,19,7,Summer,0
10023456785,2024-07-14 20:00:00,2024-07-14,20:00:00,2.5764,Sunday,20,7,Summer,0
10023456785,2024-07-14 21:00:00,2024-07-14,21:00:00,2.3444,Sunday,21,7,Summer,0
10023456785,2024-07-14 22:00:00,2024-07-14,22:00:00,1.9938,Sunday,22,7,Summer,0
10023456785,2024-07-14 23:00:00,2024-07-14,23:00:00,1.0067,Sunday,23,7,Summer,0
10023456785,2024-07-15 00:00:00,2024-07-15,00:00:00,0.8977,Monday,0,7,Summer,0
10023456785,2024-07-15 01:00:00,2024-07-15,01:00:00,1.0084,Monday,1,7,Summer,0
10023456785,2024-07-15 02:00:00,2024-07-15,02:00:00,0.9316,Monday,2,7,Summer,0
10023456785,2024-07-15 03:00:00,2024-07-15,03:00:00,0.9616,Monday,3,7,Summer,0
10023456785,2024-07-15 04:00:00,2024-07-15,04:00:00,1.0571,Monday,4,7,Summer,0
10023456785,2024-07-15 05:00:00,2024-07-15,05:00:00,1.3345,Monday,5,7,Summer,0
10023456785,2024-07-15 06:00:00,2024-07-15,06:00:00,1.8422,Monday,6,7,Summer,0
10023456785,2024-07-15 07:00:00,2024-07-15,07:00:00,3.3666,Monday,7,7,Summer,0
10023456785,2024-07-15 08:00:00,2024-07-15,08:00:00,3.4631,Monday,8,7,Summer,0
10023456785,2024-07-15 09:00:00,2024-07-15,09:00:00,3.3750,Monday,9,7,Summer,0
10023456785,2024-07-15 10:00:00,2024-07-15,10:00:00,2.8653,Monday,10,7,Summer,0
10023456785,2024-07-15 11:00:00,2024-07-15,11:00:00,2.7815,Monday,11,7,Summer,0
10023456785,2024-07-15 12:00:00,2024-07-15,12:00:00,3.3358,Monday,12,7,Summer,0
10023456785,2024-07-15 13:00:00,2024-07-15,13:00:00,2.8134,Monday,13,7,Summer,0
10023456785,2024-07-15 14:00:00,2024-07-15,14:00:00,2.6336,Monday,14,7,Summer,0
10023456785,2024-07-15 15:00:00,2024-07-15,15:00:00,2.7890,Monday,15,7,Summer,0
10023456785,2024-07-15 16:00:00,2024-07-15,16:00:00,3.9542,Monday,16,7,Summer,0
10023456785,2024-07-15 17:00:00,2024-07-15,17:00:00,2.9089,Monday,17,7,Summer,0
10023456785,2024-07-15 18:00:00,2024-07-15,18:00:00,3.2843,Monday,18,7,Summer,0
10023456785,2024-07-15 19:00:00,2024-07-15,19:00:00,3.8345,Monday,19,7,Summer,0
10023456785,2024-07-15 20:00:00,2024-07-15,20:00:00,2.8865,Monday,20,7,Summer,0
10023456785,2024-07-15 21:00:00,2024-07-15,21:00:00,2.0238,Monday,21,7,Summer,0
10023456785,2024-07-15 22:00:00,2024-07-15,22:00:00,0.1548,Monday,22,7,Summer,1
10023456785,2024-07-15 23:00:00,2024-07-15,23:00:00,0.1409,Monday,23,7,Summer,1
10023456785,2024-07-16 00:00:00,2024-07-16,00:00:00,0.1895,Tuesday,0,7,Summer,1
10023456785,2024-07-16 01:00:00,2024-07-16,01:00:00,0.7985,Tuesday,1,7,Summer,0
10023456785,2024-07-16 02:00:00,2024-07-16,02:00:00,0.9140,Tuesday,2,7,Summer,0
10023456785,2024-07-16 03:00:00,2024-07-16,03:00:00,0.7283,Tuesday,3,7,Summer,0
10023456785,2024-07-16 04:00:00,2024-07-16,04:00:00,0.8081,Tuesday,4,7,Summer,0
10023456785,2024-07-16 05:00:00,2024-07-16,05:00:00,1.2409,Tuesday,5,7,Summer,0
10023456785,2024-07-16 06:00:00,2024-07-16,06:00:00,1.8360,Tuesday,6,7,Summer,0
10023456785,2024-07-16 07:00:00,2024-07-16,07:00:00,2.1682,Tuesday,7,7,Summer,0
10023456785,2024-07-16 08:00:00,2024-07-16,08:00:00,3.1811,Tuesday,8,7,Summer,0
10023456785,2024-07-16 09:00:00,2024-07-16,09:00:00,2.1793,Tuesday,9,7,Summer,0
10023456785,2024-07-16 10:00:00,2024-07-16,10:00:00,2.9200,Tuesday,10,7,Summer,0
10023456785,2024-07-16 11:00:00,2024-07-16,11:00:00,7.6304,Tuesday,11,7,Summer,1
10023456785,2024-07-16 12:00:00,2024-07-16,12:00:00,5.9281,Tuesday,12,7,Summer,1
10023456785,2024-07-16 13:00:00,2024-07-16,13:00:00,6.9701,Tuesday,13,7,Summer,1
10023456785,2024-07-16 14:00:00,2024-07-16,14:00:00,8.3071,Tuesday,14,7,Summer,1
10023456785,2024-07-16 15:00:00,2024-07-16,15:00:00,8.6323,Tuesday,15,7,Summer,1
10023456785,2024-07-16 16:00:00,2024-07-16,16:00:00,8.0875,Tuesday,16,7,Summer,1
10023456785,2024-07-16 17:00:00,2024-07-16,17:00:00,2.7697,Tuesday,17,7,Summer,0
10023456785,2024-07-16 18:00:00,2024-07-16,18:00:00,3.1670,Tuesday,18,7,Summer,0
10023456785,2024-07-16 19:00:00,2024-07-16,19:00:00,2.9055,Tuesday,19,7,Summer,0
10023456785,2024-07-16 20:00:00,2024-07-16,20:00:00,0.5357,Tuesday,20,7,Summer,1
10023456785,2024-07-16 21:00:00,2024-07-16,21:00:00,0.3584,Tuesday,21,7,Summer,1
10023456785,2024-07-16 22:00:00,2024-07-16,22:00:00,1.5752,Tuesday,22,7,Summer,0
10023456785,2024-07-16 23:00:00,2024-07-16,23:00:00,1.1818,Tuesday,23,7,Summer,0
10023456785,2024-07-17 00:00:00,2024-07-17,00:00:00,1.0724,Wednesday,0,7,Summer,0
10023456785,2024-07-17 01:00:00,2024-07-17,01:00:00,1.1079,Wednesday,1,7,Summer,0
10023456785,2024-07-17 02:00:00,2024-07-17,02:00:00,0.8451,Wednesday,2,7,Summer,0
10023456785,2024-07-17 03:00:00,2024-07-17,03:00:00,6.2525,Wednesday,3,7,Summer,1
10023456785,2024-07-17 04:00:00,2024-07-17,04:00:00,5.4925,Wednesday,4,7,Summer,1
10023456785,2024-07-17 05:00:00,2024-07-17,05:00:00,1.6824,Wednesday,5,7,Summer,0
10023456785,2024-07-17 06:00:00,2024-07-17,06:00:00,2.3600,Wednesday,6,7,Summer,0
10023456785,2024-07-17 07:00:00,2024-07-17,07:00:00,3.0899,Wednesday,7,7,Summer,0
10023456785,2024-07-17 08:00:00,2024-07-17,08:00:00,3.7945,Wednesday,8,7,Summer,0
10023456785,2024-07-17 09:00:00,2024-07-17,09:00:00,2.9042,Wednesday,9,7,Summer,0
10023456785,2024-07-17 10:00:00,2024-07-17,10:00:00,3.1001,Wednesday,10,7,Summer,0
10023456785,2024-07-17 11:00:00,2024-07-17,11:00:00,3.3535,Wednesday,11,7,Summer,0
10023456785,2024-07-17 12:00:00,2024-07-17,12:00:00,3.1343,Wednesday,12,7,Summer,0
10023456785,2024-07-17 13:00:00,2024-07-17,13:00:00,2.6555,Wednesday,13,7,Summer,0
10023456785,2024-07-17 14:00:00,2024-07-17,14:00:00,2.8767,Wednesday,14,7,Summer,0
10023456785,2024-07-17 15:00:00,2024-07-17,15:00:00,2.4070,Wednesday,15,7,Summer,0
10023456785,2024-07-17 16:00:00,2024-07-17,16:00:00,2.6416,Wednesday,16,7,Summer,0
10023456785,2024-07-17 17:00:00,2024-07-17,17:00:00,3.6624,Wednesday,17,7,Summer,0
10023456785,2024-07-17 18:00:00,2024-07-17,18:00:00,3.9455,Wednesday,18,7,Summer,0
10023456785,2024-07-17 19:00:00,2024-07-17,19:00:00,4.0063,Wednesday,19,7,Summer,0
10023456785,2024-07-17 20:00:00,2024-07-17,20:00:00,2.6936,Wednesday,20,7,Summer,0
10023456785,2024-07-17 21:00:00,2024-07-17,21:00:00,2.3359,Wednesday,21,7,Summer,0
10023456785,2024-07-17 22:00:00,2024-07-17,22:00:00,1.7195,Wednesday,22,7,Summer,0
10023456785,2024-07-17 23:00:00,2024-07-17,23:00:00,1.1899,Wednesday,23,7,Summer,0
10023456785,2024-07-18 00:00:00,2024-07-18,00:00:00,1.2411,Thursday,0,7,Summer,0
10023456785,2024-07-18 01:00:00,2024-07-18,01:00:00,0.8073,Thursday,1,7,Summer,0
10023456785,2024-07-18 02:00:00,2024-07-18,02:00:00,0.9913,Thursday,2,7,Summer,0
10023456785,2024-07-18 03:00:00,2024-07-18,03:00:00,0.9462,Thursday,3,7,Summer,0
10023456785,2024-07-18 04:00:00,2024-07-18,04:00:00,0.7910,Thursday,4,7,Summer,0
10023456785,2024-07-18 05:00:00,2024-07-18,05:00:00,1.5024,Thursday,5,7,Summer,0
10023456785,2024-07-18 06:00:00,2024-07-18,06:00:00,2.4690,Thursday,6,7,Summer,0
10023456785,2024-07-18 07:00:00,2024-07-18,07:00:00,0.2735,Thursday,7,7,Summer,1
10023456785,2024-07-18 08:00:00,2024-07-18,08:00:00,2.6094,Thursday,8,7,Summer,0
10023456785,2024-07-18 09:00:00,2024-07-18,09:00:00,4.6663,Thursday,9,7,Summer,0
10023456785,2024-07-18 10:00:00,2024-07-18,10:00:00,3.2442,Thursday,10,7,Summer,0
10023456785,2024-07-18 11:00:00,2024-07-18,11:00:00,2.4808,Thursday,11,7,Summer,0
10023456785,2024-07-18 12:00:00,2024-07-18,12:00:00,2.6189,Thursday,12,7,Summer,0
10023456785,2024-07-18 13:00:00,2024-07-18,13:00:00,2.9483,Thursday,13,7,Summer,0
10023456785,2024-07-18 14:00:00,2024-07-18,14:00:00,2.5119,Thursday,14,7,Summer,0
10023456785,2024-07-18 15:00:00,2024-07-18,15:00:00,2.3354,Thursday,15,7,Summer,0
10023456785,2024-07-18 16:00:00,2024-07-18,16:00:00,2.9999,Thursday,16,7,Summer,0
10023456785,2024-07-18 17:00:00,2024-07-18,17:00:00,3.4984,Thursday,17,7,Summer,0
10023456785,2024-07-18 18:00:00,2024-07-18,18:00:00,3.7000,Thursday,18,7,Summer,0
10023456785,2024-07-18 19:00:00,2024-07-18,19:00:00,0.1960,Thursday,19,7,Summer,1
10023456785,2024-07-18 20:00:00,2024-07-18,20:00:00,2.9351,Thursday,20,7,Summer,0
10023456785,2024-07-18 21:00:00,2024-07-18,21:00:00,2.1911,Thursday,21,7,Summer,0
10023456785,2024-07-18 22:00:00,2024-07-18,22:00:00,1.8138,Thursday,22,7,Summer,0
10023456785,2024-07-18 23:00:00,2024-07-18,23:00:00,1.0190,Thursday,23,7,Summer,0
10023456785,2024-07-19 00:00:00,2024-07-19,00:00:00,1.6629,Friday,0,7,Summer,0
10023456785,2024-07-19 01:00:00,2024-07-19,01:00:00,1.2623,Friday,1,7,Summer,0
10023456785,2024-07-19 02:00:00,2024-07-19,02:00:00,1.2517,Friday,2,7,Summer,0
10023456785,2024-07-19 03:00:00,2024-07-19,03:00:00,1.2427,Friday,3,7,Summer,0
10023456785,2024-07-19 04:00:00,2024-07-19,04:00:00,1.4208,Friday,4,7,Summer,0
10023456785,2024-07-19 05:00:00,2024-07-19,05:00:00,1.9477,Friday,5,7,Summer,0
10023456785,2024-07-19 06:00:00,2024-07-19,06:00:00,2.3143,Friday,6,7,Summer,0
10023456785,2024-07-19 07:00:00,2024-07-19,07:00:00,3.4194,Friday,7,7,Summer,0
10023456785,2024-07-19 08:00:00,2024-07-19,08:00:00,5.4411,Friday,8,7,Summer,0
10023456785,2024-07-19 09:00:00,2024-07-19,09:00:00,4.9536,Friday,9,7,Summer,0
10023456785,2024-07-19 10:00:00,2024-07-19,10:00:00,3.7801,Friday,10,7,Summer,0
10023456785,2024-07-19 11:00:00,2024-07-19,11:00:00,3.6155,Friday,11,7,Summer,0
10023456785,2024-07-19 12:00:00,2024-07-19,12:00:00,3.5250,Friday,12,7,Summer,0
10023456785,2024-07-19 13:00:00,2024-07-19,13:00:00,3.8949,Friday,13,7,Summer,0
10023456785,2024-07-19 14:00:00,2024-07-19,14:00:00,3.7717,Friday,14,7,Summer,0
10023456785,2024-07-19 15:00:00,2024-07-19,15:00:00,3.6628,Friday,15,7,Summer,0
10023456785,2024-07-19 16:00:00,2024-07-19,16:00:00,2.9764,Friday,16,7,Summer,0
10023456785,2024-07-19 17:00:00,2024-07-19,17:00:00,0.2263,Friday,17,7,Summer,1
10023456785,2024-07-19 18:00:00,2024-07-19,18:00:00,5.3477,Friday,18,7,Summer,0
10023456785,2024-07-19 19:00:00,2024-07-19,19:00:00,4.6283,Friday,19,7,Summer,0
10023456785,2024-07-19 20:00:00,2024-07-19,20:00:00,4.7850,Friday,20,7,Summer,0
10023456785,2024-07-19 21:00:00,2024-07-19,21:00:00,3.4080,Friday,21,7,Summer,0
10023456785,2024-07-19 22:00:00,2024-07-19,22:00:00,2.5104,Friday,22,7,Summer,0
10023456785,2024-07-19 23:00:00,2024-07-19,23:00:00,1.6389,Friday,23,7,Summer,0
10023456785,2024-07-20 00:00:00,2024-07-20,00:00:00,0.9844,Saturday,0,7,Summer,0
10023456785,2024-07-20 01:00:00,2024-07-20,01:00:00,0.6394,Saturday,1,7,Summer,0
10023456785,2024-07-20 02:00:00,2024-07-20,02:00:00,0.6178,Saturday,2,7,Summer,0
10023456785,2024-07-20 03:00:00,2024-07-20,03:00:00,0.8580,Saturday,3,7,Summer,0
10023456785,2024-07-20 04:00:00,2024-07-20,04:00:00,0.7165,Saturday,4,7,Summer,0
10023456785,2024-07-20 05:00:00,2024-07-20,05:00:00,0.8955,Saturday,5,7,Summer,0
10023456785,2024-07-20 06:00:00,2024-07-20,06:00:00,1.4196,Saturday,6,7,Summer,0
10023456785,2024-07-20 07:00:00,2024-07-20,07:00:00,1.6948,Saturday,7,7,Summer,0
10023456785,2024-07-20 08:00:00,2024-07-20,08:00:00,1.5552,Saturday,8,7,Summer,0
10023456785,2024-07-20 09:00:00,2024-07-20,09:00:00,1.9031,Saturday,9,7,Summer,0
10023456785,2024-07-20 10:00:00,2024-07-20,10:00:00,2.1920,Saturday,10,7,Summer,0
10023456785,2024-07-20 11:00:00,2024-07-20,11:00:00,2.0760,Saturday,11,7,Summer,0
10023456785,2024-07-20 12:00:00,2024-07-20,12:00:00,2.0238,Saturday,12,7,Summer,0
10023456785,2024-07-20 13:00:00,2024-07-20,13:00:00,2.1702,Saturday,13,7,Summer,0
10023456785,2024-07-20 14:00:00,2024-07-20,14:00:00,2.5149,Saturday,14,7,Summer,0
10023456785,2024-07-20 15:00:00,2024-07-20,15:00:00,5.6775,Saturday,15,7,Summer,1
10023456785,2024-07-20 16:00:00,2024-07-20,16:00:00,2.3881,Saturday,16,7,Summer,0
10023456785,2024-07-20 17:00:00,2024-07-20,17:00:00,2.7292,Saturday,17,7,Summer,0
10023456785,2024-07-20 18:00:00,2024-07-20,18:00:00,2.6187,Saturday,18,7,Summer,0
10023456785,2024-07-20 19:00:00,2024-07-20,19:00:00,2.5758,Saturday,19,7,Summer,0
10023456785,2024-07-20 20:00:00,2024-07-20,20:00:00,2.4088,Saturday,20,7,Summer,0
10023456785,2024-07-20 21:00:00,2024-07-20,21:00:00,1.9943,Saturday,21,7,Summer,0
10023456785,2024-07-20 22:00:00,2024-07-20,22:00:00,1.5320,Saturday,22,7,Summer,0
10023456785,2024-07-20 23:00:00,2024-07-20,23:00:00,1.0896,Saturday,23,7,Summer,0
10023456785,2024-07-21 00:00:00,2024-07-21,00:00:00,0.6227,Sunday,0,7,Summer,0
10023456785,2024-07-21 01:00:00,2024-07-21,01:00:00,0.6297,Sunday,1,7,Summer,0
10023456785,2024-07-21 02:00:00,2024-07-21,02:00:00,0.4402,Sunday,2,7,Summer,0
10023456785,2024-07-21 03:00:00,2024-07-21,03:00:00,0.4875,Sunday,3,7,Summer,0
10023456785,2024-07-21 04:00:00,2024-07-21,04:00:00,0.4999,Sunday,4,7,Summer,0
10023456785,2024-07-21 05:00:00,2024-07-21,05:00:00,0.6465,Sunday,5,7,Summer,0
10023456785,2024-07-21 06:00:00,2024-07-21,06:00:00,0.9482,Sunday,6,7,Summer,0
10023456785,2024-07-21 07:00:00,2024-07-21,07:00:00,1.1204,Sunday,7,7,Summer,0
10023456785,2024-07-21 08:00:00,2024-07-21,08:00:00,1.4406,Sunday,8,7,Summer,0
10023456785,2024-07-21 09:00:00,2024-07-21,09:00:00,1.5974,Sunday,9,7,Summer,0
10023456785,2024-07-21 10:00:00,2024-07-21,10:00:00,1.6835,Sunday,10,7,Summer,0
10023456785,2024-07-21 11:00:00,2024-07-21,11:00:00,1.6315,Sunday,11,7,Summer,0
10023456785,2024-07-21 12:00:00,2024-07-21,12:00:00,1.3373,Sunday,12,7,Summer,0
10023456785,2024-07-21 13:00:00,2024-07-21,13:00:00,1.2372,Sunday,13,7,Summer,0
10023456785,2024-07-21 14:00:00,2024-07-21,14:00:00,1.6240,Sunday,14,7,Summer,0
10023456785,2024-07-21 15:00:00,2024-07-21,15:00:00,1.4078,Sunday,15,7,Summer,0
10023456785,2024-07-21 16:00:00,2024-07-21,16:00:00,1.7932,Sunday,16,7,Summer,0
10023456785,2024-07-21 17:00:00,2024-07-21,17:00:00,1.7989,Sunday,17,7,Summer,0
10023456785,2024-07-21 18:00:00,2024-07-21,18:00:00,1.7805,Sunday,18,7,Summer,0
10023456785,2024-07-21 19:00:00,2024-07-21,19:00:00,1.9499,Sunday,19,7,Summer,0
10023456785,2024-07-21 20:00:00,2024-07-21,20:00:00,1.6401,Sunday,20,7,Summer,0
10023456785,2024-07-21 21:00:00,2024-07-21,21:00:00,1.3002,Sunday,21,7,Summer,0
10023456785,2024-07-21 22:00:00,2024-07-21,22:00:00,1.0791,Sunday,22,7,Summer,0
10023456785,2024-07-21 23:00:00,2024-07-21,23:00:00,0.7749,Sunday,23,7,Summer,0
10023456785,2024-07-22 00:00:00,2024-07-22,00:00:00,0.6790,Monday,0,7,Summer,0
10023456785,2024-07-22 01:00:00,2024-07-22,01:00:00,0.6143,Monday,1,7,Summer,0
10023456785,2024-07-22 02:00:00,2024-07-22,02:00:00,0.4787,Monday,2,7,Summer,0
10023456785,2024-07-22 03:00:00,2024-07-22,03:00:00,0.6200,Monday,3,7,Summer,0
10023456785,2024-07-22 04:00:00,2024-07-22,04:00:00,0.8957,Monday,4,7,Summer,0
10023456785,2024-07-22 05:00:00,2024-07-22,05:00:00,0.9714,Monday,5,7,Summer,0
10023456785,2024-07-22 06:00:00,2024-07-22,06:00:00,1.0871,Monday,6,7,Summer,0
10023456785,2024-07-22 07:00:00,2024-07-22,07:00:00,1.4221,Monday,7,7,Summer,0
10023456785,2024-07-22 08:00:00,2024-07-22,08:00:00,2.4485,Monday,8,7,Summer,0
10023456785,2024-07-22 09:00:00,2024-07-22,09:00:00,1.9747,Monday,9,7,Summer,0
10023456785,2024-07-22 10:00:00,2024-07-22,10:00:00,1.7070,Monday,10,7,Summer,0
10023456785,2024-07-22 11:00:00,2024-07-22,11:00:00,1.3261,Monday,11,7,Summer,0
10023456785,2024-07-22 12:00:00,2024-07-22,12:00:00,1.3442,Monday,12,7,Summer,0
10023456785,2024-07-22 13:00:00,2024-07-22,13:00:00,1.6766,Monday,13,7,Summer,0
10023456785,2024-07-22 14:00:00,2024-07-22,14:00:00,1.4844,Monday,14,7,Summer,0
10023456785,2024-07-22 15:00:00,2024-07-22,15:00:00,1.2302,Monday,15,7,Summer,0
10023456785,2024-07-22 16:00:00,2024-07-22,16:00:00,1.6455,Monday,16,7,Summer,0
10023456785,2024-07-22 17:00:00,2024-07-22,17:00:00,1.8186,Monday,17,7,Summer,0
10023456785,2024-07-22 18:00:00,2024-07-22,18:00:00,1.9283,Monday,18,7,Summer,0
10023456785,2024-07-22 19:00:00,2024-07-22,19:00:00,2.3182,Monday,19,7,Summer,0
10023456785,2024-07-22 20:00:00,2024-07-22,20:00:00,1.6268,Monday,20,7,Summer,0
10023456785,2024-07-22 21:00:00,2024-07-22,21:00:00,1.1174,Monday,21,7,Summer,0
10023456785,2024-07-22 22:00:00,2024-07-22,22:00:00,1.5546,Monday,22,7,Summer,0
10023456785,2024-07-22 23:00:00,2024-07-22,23:00:00,0.9050,Monday,23,7,Summer,0
10023456785,2024-07-23 00:00:00,2024-07-23,00:00:00,0.7238,Tuesday,0,7,Summer,0
10023456785,2024-07-23 01:00:00,2024-07-23,01:00:00,0.6984,Tuesday,1,7,Summer,0
10023456785,2024-07-23 02:00:00,2024-07-23,02:00:00,0.5684,Tuesday,2,7,Summer,0
10023456785,2024-07-23 03:00:00,2024-07-23,03:00:00,0.7366,Tuesday,3,7,Summer,0
10023456785,2024-07-23 04:00:00,2024-07-23,04:00:00,0.6329,Tuesday,4,7,Summer,0
10023456785,2024-07-23 05:00:00,2024-07-23,05:00:00,1.0504,Tuesday,5,7,Summer,0
10023456785,2024-07-23 06:00:00,2024-07-23,06:00:00,1.7859,Tuesday,6,7,Summer,0
10023456785,2024-07-23 07:00:00,2024-07-23,07:00:00,2.4464,Tuesday,7,7,Summer,0
10023456785,2024-07-23 08:00:00,2024-07-23,08:00:00,2.3029,Tuesday,8,7,Summer,0
10023456785,2024-07-23 09:00:00,2024-07-23,09:00:00,2.1758,Tuesday,9,7,Summer,0
10023456785,2024-07-23 10:00:00,2024-07-23,10:00:00,1.9982,Tuesday,10,7,Summer,0
10023456785,2024-07-23 11:00:00,2024-07-23,11:00:00,1.9981,Tuesday,11,7,Summer,0
10023456785,2024-07-23 12:00:00,2024-07-23,12:00:00,1.9137,Tuesday,12,7,Summer,0
10023456785,2024-07-23 13:00:00,2024-07-23,13:00:00,1.8874,Tuesday,13,7,Summer,0
10023456785,2024-07-23 14:00:00,2024-07-23,14:00:00,1.6618,Tuesday,14,7,Summer,0
10023456785,2024-07-23 15:00:00,2024-07-23,15:00:00,1.6248,Tuesday,15,7,Summer,0
10023456785,2024-07-23 16:00:00,2024-07-23,16:00:00,2.1109,Tuesday,16,7,Summer,0
10023456785,2024-07-23 17:00:00,2024-07-23,17:00:00,2.0372,Tuesday,17,7,Summer,0
10023456785,2024-07-23 18:00:00,2024-07-23,18:00:00,2.2665,Tuesday,18,7,Summer,0
10023456785,2024-07-23 19:00:00,2024-07-23,19:00:00,2.5926,Tuesday,19,7,Summer,0
10023456785,2024-07-23 20:00:00,2024-07-23,20:00:00,1.8819,Tuesday,20,7,Summer,0
10023456785,2024-07-23 21:00:00,2024-07-23,21:00:00,1.8804,Tuesday,21,7,Summer,0
10023456785,2024-07-23 22:00:00,2024-07-23,22:00:00,1.1947,Tuesday,22,7,Summer,0
10023456785,2024-07-23 23:00:00,2024-07-23,23:00:00,0.8065,Tuesday,23,7,Summer,0
10023456785,2024-07-24 00:00:00,2024-07-24,00:00:00,0.7527,Wednesday,0,7,Summer,0
10023456785,2024-07-24 01:00:00,2024-07-24,01:00:00,0.7015,Wednesday,1,7,Summer,0
10023456785,2024-07-24 02:00:00,2024-07-24,02:00:00,0.8154,Wednesday,2,7,Summer,0
10023456785,2024-07-24 03:00:00,2024-07-24,03:00:00,0.7824,Wednesday,3,7,Summer,0
10023456785,2024-07-24 04:00:00,2024-07-24,04:00:00,0.8079,Wednesday,4,7,Summer,0
10023456785,2024-07-24 05:00:00,2024-07-24,05:00:00,0.9453,Wednesday,5,7,Summer,0
10023456785,2024-07-24 06:00:00,2024-07-24,06:00:00,1.4692,Wednesday,6,7,Summer,0
10023456785,2024-07-24 07:00:00,2024-07-24,07:00:00,2.8706,Wednesday,7,7,Summer,0
10023456785,2024-07-24 08:00:00,2024-07-24,08:00:00,2.8089,Wednesday,8,7,Summer,0
10023456785,2024-07-24 09:00:00,2024-07-24,09:00:00,2.3755,Wednesday,9,7,Summer,0
10023456785,2024-07-24 10:00:00,2024-07-24,10:00:00,1.9789,Wednesday,10,7,Summer,0
10023456785,2024-07-24 11:00:00,2024-07-24,11:00:00,2.1792,Wednesday,11,7,Summer,0
10023456785,2024-07-24 12:00:00,2024-07-24,12:00:00,2.7171,Wednesday,12,7,Summer,0
10023456785,2024-07-24 13:00:00,2024-07-24,13:00:00,1.9223,Wednesday,13,7,Summer,0
10023456785,2024-07-24 14:00:00,2024-07-24,14:00:00,2.2347,Wednesday,14,7,Summer,0
10023456785,2024-07-24 15:00:00,2024-07-24,15:00:00,2.4056,Wednesday,15,7,Summer,0
10023456785,2024-07-24 16:00:00,2024-07-24,16:00:00,2.0836,Wednesday,16,7,Summer,0
10023456785,2024-07-24 17:00:00,2024-07-24,17:00:00,2.7869,Wednesday,17,7,Summer,0
10023456785,2024-07-24 18:00:00,2024-07-24,18:00:00,2.5339,Wednesday,18,7,Summer,0
10023456785,2024-07-24 19:00:00,2024-07-24,19:00:00,1.9007,Wednesday,19,7,Summer,0
10023456785,2024-07-24 20:00:00,2024-07-24,20:00:00,2.4274,Wednesday,20,7,Summer,0
10023456785,2024-07-24 21:00:00,2024-07-24,21:00:00,1.5746,Wednesday,21,7,Summer,0
10023456785,2024-07-24 22:00:00,2024-07-24,22:00:00,1.3842,Wednesday,22,7,Summer,0
10023456785,2024-07-24 23:00:00,2024-07-24,23:00:00,1.0874,Wednesday,23,7,Summer,0
10023456785,2024-07-25 00:00:00,2024-07-25,00:00:00,0.7981,Thursday,0,7,Summer,0
10023456785,2024-07-25 01:00:00,2024-07-25,01:00:00,0.6982,Thursday,1,7,Summer,0
10023456785,2024-07-25 02:00:00,2024-07-25,02:00:00,0.5764,Thursday,2,7,Summer,0
10023456785,2024-07-25 03:00:00,2024-07-25,03:00:00,0.6702,Thursday,3,7,Summer,0
10023456785,2024-07-25 04:00:00,2024-07-25,04:00:00,0.7273,Thursday,4,7,Summer,0
10023456785,2024-07-25 05:00:00,2024-07-25,05:00:00,0.9495,Thursday,5,7,Summer,0
10023456785,2024-07-25 06:00:00,2024-07-25,06:00:00,1.9757,Thursday,6,7,Summer,0
10023456785,2024-07-25 07:00:00,2024-07-25,07:00:00,2.3483,Thursday,7,7,Summer,0
10023456785,2024-07-25 08:00:00,2024-07-25,08:00:00,0.1622,Thursday,8,7,Summer,1
10023456785,2024-07-25 09:00:00,2024-07-25,09:00:00,2.4648,Thursday,9,7,Summer,0
10023456785,2024-07-25 10:00:00,2024-07-25,10:00:00,2.6173,Thursday,10,7,Summer,0
10023456785,2024-07-25 11:00:00,2024-07-25,11:00:00,13.8203,Thursday,11,7,Summer,1
10023456785,2024-07-25 12:00:00,2024-07-25,12:00:00,2.5172,Thursday,12,7,Summer,0
10023456785,2024-07-25 13:00:00,2024-07-25,13:00:00,2.1096,Thursday,13,7,Summer,0
10023456785,2024-07-25 14:00:00,2024-07-25,14:00:00,2.3093,Thursday,14,7,Summer,0
10023456785,2024-07-25 15:00:00,2024-07-25,15:00:00,2.0231,Thursday,15,7,Summer,0
10023456785,2024-07-25 16:00:00,2024-07-25,16:00:00,2.1368,Thursday,16,7,Summer,0
10023456785,2024-07-25 17:00:00,2024-07-25,17:00:00,2.4067,Thursday,17,7,Summer,0
10023456785,2024-07-25 18:00:00,2024-07-25,18:00:00,2.8499,Thursday,18,7,Summer,0
10023456785,2024-07-25 19:00:00,2024-07-25,19:00:00,2.8392,Thursday,19,7,Summer,0
10023456785,2024-07-25 20:00:00,2024-07-25,20:00:00,1.7494,Thursday,20,7,Summer,0
10023456785,2024-07-25 21:00:00,2024-07-25,21:00:00,1.7272,Thursday,21,7,Summer,0
10023456785,2024-07-25 22:00:00,2024-07-25,22:00:00,1.3967,Thursday,22,7,Summer,0
10023456785,2024-07-25 23:00:00,2024-07-25,23:00:00,0.9590,Thursday,23,7,Summer,0
10023456785,2024-07-26 00:00:00,2024-07-26,00:00:00,1.0993,Friday,0,7,Summer,0
10023456785,2024-07-26 01:00:00,2024-07-26,01:00:00,0.8175,Friday,1,7,Summer,0
10023456785,2024-07-26 02:00:00,2024-07-26,02:00:00,0.8164,Friday,2,7,Summer,0
10023456785,2024-07-26 03:00:00,2024-07-26,03:00:00,0.5847,Friday,3,7,Summer,0
10023456785,2024-07-26 04:00:00,2024-07-26,04:00:00,0.8062,Friday,4,7,Summer,0
10023456785,2024-07-26 05:00:00,2024-07-26,05:00:00,1.2521,Friday,5,7,Summer,0
10023456785,2024-07-26 06:00:00,2024-07-26,06:00:00,1.8100,Friday,6,7,Summer,0
10023456785,2024-07-26 07:00:00,2024-07-26,07:00:00,2.4462,Friday,7,7,Summer,0
10023456785,2024-07-26 08:00:00,2024-07-26,08:00:00,2.3323,Friday,8,7,Summer,0
10023456785,2024-07-26 09:00:00,2024-07-26,09:00:00,2.3984,Friday,9,7,Summer,0
10023456785,2024-07-26 10:00:00,2024-07-26,10:00:00,2.1255,Friday,10,7,Summer,0
10023456785,2024-07-26 11:00:00,2024-07-26,11:00:00,2.3789,Friday,11,7,Summer,0
10023456785,2024-07-26 12:00:00,2024-07-26,12:00:00,2.4525,Friday,12,7,Summer,0
10023456785,2024-07-26 13:00:00,2024-07-26,13:00:00,2.1400,Friday,13,7,Summer,0
10023456785,2024-07-26 14:00:00,2024-07-26,14:00:00,2.4768,Friday,14,7,Summer,0
10023456785,2024-07-26 15:00:00,2024-07-26,15:00:00,2.0750,Friday,15,7,Summer,0
10023456785,2024-07-26 16:00:00,2024-07-26,16:00:00,2.2110,Friday,16,7,Summer,0
10023456785,2024-07-26 17:00:00,2024-07-26,17:00:00,2.1820,Friday,17,7,Summer,0
10023456785,2024-07-26 18:00:00,2024-07-26,18:00:00,2.4203,Friday,18,7,Summer,0
10023456785,2024-07-26 19:00:00,2024-07-26,19:00:00,2.3381,Friday,19,7,Summer,0
10023456785,2024-07-26 20:00:00,2024-07-26,20:00:00,2.7152,Friday,20,7,Summer,0
10023456785,2024-07-26 21:00:00,2024-07-26,21:00:00,1.5695,Friday,21,7,Summer,0
10023456785,2024-07-26 22:00:00,2024-07-26,22:00:00,1.2492,Friday,22,7,Summer,0
10023456785,2024-07-26 23:00:00,2024-07-26,23:00:00,0.9785,Friday,23,7,Summer,0
10023456785,2024-07-27 00:00:00,2024-07-27,00:00:00,0.7390,Saturday,0,7,Summer,0
10023456785,2024-07-27 01:00:00,2024-07-27,01:00:00,0.6701,Saturday,1,7,Summer,0
10023456785,2024-07-27 02:00:00,2024-07-27,02:00:00,0.7100,Saturday,2,7,Summer,0
10023456785,2024-07-27 03:00:00,2024-07-27,03:00:00,0.5116,Saturday,3,7,Summer,0
10023456785,2024-07-27 04:00:00,2024-07-27,04:00:00,0.7273,Saturday,4,7,Summer,0
10023456785,2024-07-27 05:00:00,2024-07-27,05:00:00,0.8683,Saturday,5,7,Summer,0
10023456785,2024-07-27 06:00:00,2024-07-27,06:00:00,0.9534,Saturday,6,7,Summer,0
10023456785,2024-07-27 07:00:00,2024-07-27,07:00:00,1.6151,Saturday,7,7,Summer,0
10023456785,2024-07-27 08:00:00,2024-07-27,08:00:00,1.8608,Saturday,8,7,Summer,0
10023456785,2024-07-27 09:00:00,2024-07-27,09:00:00,1.8398,Saturday,9,7,Summer,0
10023456785,2024-07-27 10:00:00,2024-07-27,10:00:00,1.9729,Saturday,10,7,Summer,0
10023456785,2024-07-27 11:00:00,2024-07-27,11:00:00,1.7357,Saturday,11,7,Summer,0
10023456785,2024-07-27 12:00:00,2024-07-27,12:00:00,1.9519,Saturday,12,7,Summer,0
10023456785,2024-07-27 13:00:00,2024-07-27,13:00:00,1.5229,Saturday,13,7,Summer,0
10023456785,2024-07-27 14:00:00,2024-07-27,14:00:00,1.7549,Saturday,14,7,Summer,0
10023456785,2024-07-27 15:00:00,2024-07-27,15:00:00,1.6779,Saturday,15,7,Summer,0
10023456785,2024-07-27 16:00:00,2024-07-27,16:00:00,1.7835,Saturday,16,7,Summer,0
10023456785,2024-07-27 17:00:00,2024-07-27,17:00:00,2.3675,Saturday,17,7,Summer,0
10023456785,2024-07-27 18:00:00,2024-07-27,18:00:00,2.9761,Saturday,18,7,Summer,0
10023456785,2024-07-27 19:00:00,2024-07-27,19:00:00,2.3826,Saturday,19,7,Summer,0
10023456785,2024-07-27 20:00:00,2024-07-27,20:00:00,1.9738,Saturday,20,7,Summer,0
10023456785,2024-07-27 21:00:00,2024-07-27,21:00:00,1.8511,Saturday,21,7,Summer,0
10023456785,2024-07-27 22:00:00,2024-07-27,22:00:00,1.5714,Saturday,22,7,Summer,0
10023456785,2024-07-27 23:00:00,2024-07-27,23:00:00,0.8740,Saturday,23,7,Summer,0
10023456785,2024-07-28 00:00:00,2024-07-28,00:00:00,0.6532,Sunday,0,7,Summer,0
10023456785,2024-07-28 01:00:00,2024-07-28,01:00:00,0.5943,Sunday,1,7,Summer,0
10023456785,2024-07-28 02:00:00,2024-07-28,02:00:00,0.4548,Sunday,2,7,Summer,0
10023456785,2024-07-28 03:00:00,2024-07-28,03:00:00,0.7313,Sunday,3,7,Summer,0
10023456785,2024-07-28 04:00:00,2024-07-28,04:00:00,0.5400,Sunday,4,7,Summer,0
10023456785,2024-07-28 05:00:00,2024-07-28,05:00:00,0.6740,Sunday,5,7,Summer,0
10023456785,2024-07-28 06:00:00,2024-07-28,06:00:00,0.9028,Sunday,6,7,Summer,0
10023456785,2024-07-28 07:00:00,2024-07-28,07:00:00,1.6277,Sunday,7,7,Summer,0
10023456785,2024-07-28 08:00:00,2024-07-28,08:00:00,1.4753,Sunday,8,7,Summer,0
10023456785,2024-07-28 09:00:00,2024-07-28,09:00:00,1.9780,Sunday,9,7,Summer,0
10023456785,2024-07-28 10:00:00,2024-07-28,10:00:00,1.4153,Sunday,10,7,Summer,0
10023456785,2024-07-28 11:00:00,2024-07-28,11:00:00,1.6255,Sunday,11,7,Summer,0
10023456785,2024-07-28 12:00:00,2024-07-28,12:00:00,1.8008,Sunday,12,7,Summer,0
10023456785,2024-07-28 13:00:00,2024-07-28,13:00:00,1.6190,Sunday,13,7,Summer,0
10023456785,2024-07-28 14:00:00,2024-07-28,14:00:00,0.3498,Sunday,14,7,Summer,1
10023456785,2024-07-28 15:00:00,2024-07-28,15:00:00,1.5483,Sunday,15,7,Summer,0
10023456785,2024-07-28 16:00:00,2024-07-28,16:00:00,1.8739,Sunday,16,7,Summer,0
10023456785,2024-07-28 17:00:00,2024-07-28,17:00:00,1.8176,Sunday,17,7,Summer,0
10023456785,2024-07-28 18:00:00,2024-07-28,18:00:00,2.5751,Sunday,18,7,Summer,0
10023456785,2024-07-28 19:00:00,2024-07-28,19:00:00,1.6517,Sunday,19,7,Summer,0
10023456785,2024-07-28 20:00:00,2024-07-28,20:00:00,1.9141,Sunday,20,7,Summer,0
10023456785,2024-07-28 21:00:00,2024-07-28,21:00:00,1.5964,Sunday,21,7,Summer,0
10023456785,2024-07-28 22:00:00,2024-07-28,22:00:00,1.0434,Sunday,22,7,Summer,0
10023456785,2024-07-28 23:00:00,2024-07-28,23:00:00,0.8332,Sunday,23,7,Summer,0
10023456785,2024-07-29 00:00:00,2024-07-29,00:00:00,0.7418,Monday,0,7,Summer,0
10023456785,2024-07-29 01:00:00,2024-07-29,01:00:00,0.5795,Monday,1,7,Summer,0
10023456785,2024-07-29 02:00:00,2024-07-29,02:00:00,0.8577,Monday,2,7,Summer,0
10023456785,2024-07-29 03:00:00,2024-07-29,03:00:00,6.2497,Monday,3,7,Summer,1
10023456785,2024-07-29 04:00:00,2024-07-29,04:00:00,5.0609,Monday,4,7,Summer,1
10023456785,2024-07-29 05:00:00,2024-07-29,05:00:00,1.3508,Monday,5,7,Summer,0
10023456785,2024-07-29 06:00:00,2024-07-29,06:00:00,1.7112,Monday,6,7,Summer,0
10023456785,2024-07-29 07:00:00,2024-07-29,07:00:00,2.7068,Monday,7,7,Summer,0
10023456785,2024-07-29 08:00:00,2024-07-29,08:00:00,3.2177,Monday,8,7,Summer,0
10023456785,2024-07-29 09:00:00,2024-07-29,09:00:00,2.6760,Monday,9,7,Summer,0
10023456785,2024-07-29 10:00:00,2024-07-29,10:00:00,2.6705,Monday,10,7,Summer,0
10023456785,2024-07-29 11:00:00,2024-07-29,11:00:00,2.4996,Monday,11,7,Summer,0
10023456785,2024-07-29 12:00:00,2024-07-29,12:00:00,2.0641,Monday,12,7,Summer,0
10023456785,2024-07-29 13:00:00,2024-07-29,13:00:00,2.5619,Monday,13,7,Summer,0
10023456785,2024-07-29 14:00:00,2024-07-29,14:00:00,1.9459,Monday,14,7,Summer,0
10023456785,2024-07-29 15:00:00,2024-07-29,15:00:00,2.2392,Monday,15,7,Summer,0
10023456785,2024-07-29 16:00:00,2024-07-29,16:00:00,2.3876,Monday,16,7,Summer,0
10023456785,2024-07-29 17:00:00,2024-07-29,17:00:00,2.7303,Monday,17,7,Summer,0
10023456785,2024-07-29 18:00:00,2024-07-29,18:00:00,2.4676,Monday,18,7,Summer,0
10023456785,2024-07-29 19:00:00,2024-07-29,19:00:00,2.7212,Monday,19,7,Summer,0
10023456785,2024-07-29 20:00:00,2024-07-29,20:00:00,2.4353,Monday,20,7,Summer,0
10023456785,2024-07-29 21:00:00,2024-07-29,21:00:00,1.8713,Monday,21,7,Summer,0
10023456785,2024-07-29 22:00:00,2024-07-29,22:00:00,1.2160,Monday,22,7,Summer,0
10023456785,2024-07-29 23:00:00,2024-07-29,23:00:00,1.0552,Monday,23,7,Summer,0
10023456785,2024-07-30 00:00:00,2024-07-30,00:00:00,0.8569,Tuesday,0,7,Summer,0
10023456785,2024-07-30 01:00:00,2024-07-30,01:00:00,0.6112,Tuesday,1,7,Summer,0
10023456785,2024-07-30 02:00:00,2024-07-30,02:00:00,0.7139,Tuesday,2,7,Summer,0
10023456785,2024-07-30 03:00:00,2024-07-30,03:00:00,0.6286,Tuesday,3,7,Summer,0
10023456785,2024-07-30 04:00:00,2024-07-30,04:00:00,0.7402,Tuesday,4,7,Summer,0
10023456785,2024-07-30 05:00:00,2024-07-30,05:00:00,1.0147,Tuesday,5,7,Summer,0
10023456785,2024-07-30 06:00:00,2024-07-30,06:00:00,1.1879,Tuesday,6,7,Summer,0
10023456785,2024-07-30 07:00:00,2024-07-30,07:00:00,2.2518,Tuesday,7,7,Summer,0
10023456785,2024-07-30 08:00:00,2024-07-30,08:00:00,2.5199,Tuesday,8,7,Summer,0
10023456785,2024-07-30 09:00:00,2024-07-30,09:00:00,1.8413,Tuesday,9,7,Summer,0
10023456785,2024-07-30 10:00:00,2024-07-30,10:00:00,2.4081,Tuesday,10,7,Summer,0
10023456785,2024-07-30 11:00:00,2024-07-30,11:00:00,1.7551,Tuesday,11,7,Summer,0
10023456785,2024-07-30 12:00:00,2024-07-30,12:00:00,1.9377,Tuesday,12,7,Summer,0
10023456785,2024-07-30 13:00:00,2024-07-30,13:00:00,2.5178,Tuesday,13,7,Summer,0
10023456785,2024-07-30 14:00:00,2024-07-30,14:00:00,1.9951,Tuesday,14,7,Summer,0
10023456785,2024-07-30 15:00:00,2024-07-30,15:00:00,1.8966,Tuesday,15,7,Summer,0
10023456785,2024-07-30 16:00:00,2024-07-30,16:00:00,2.1370,Tuesday,16,7,Summer,0
10023456785,2024-07-30 17:00:00,2024-07-30,17:00:00,2.3392,Tuesday,17,7,Summer,0
10023456785,2024-07-30 18:00:00,2024-07-30,18:00:00,2.2376,Tuesday,18,7,Summer,0
10023456785,2024-07-30 19:00:00,2024-07-30,19:00:00,2.7226,Tuesday,19,7,Summer,0
10023456785,2024-07-30 20:00:00,2024-07-30,20:00:00,1.9633,Tuesday,20,7,Summer,0
10023456785,2024-07-30 21:00:00,2024-07-30,21:00:00,1.9425,Tuesday,21,7,Summer,0
10023456785,2024-07-30 22:00:00,2024-07-30,22:00:00,1.2526,Tuesday,22,7,Summer,0
10023456785,2024-07-30 23:00:00,2024-07-30,23:00:00,1.1368,Tuesday,23,7,Summer,0
10023456785,2024-07-31 00:00:00,2024-07-31,00:00:00,0.8220,Wednesday,0,7,Summer,0
10023456785,2024-07-31 01:00:00,2024-07-31,01:00:00,0.6799,Wednesday,1,7,Summer,0
10023456785,2024-07-31 02:00:00,2024-07-31,02:00:00,0.6142,Wednesday,2,7,Summer,0
10023456785,2024-07-31 03:00:00,2024-07-31,03:00:00,0.6621,Wednesday,3,7,Summer,0
10023456785,2024-07-31 04:00:00,2024-07-31,04:00:00,0.6992,Wednesday,4,7,Summer,0
10023456785,2024-07-31 05:00:00,2024-07-31,05:00:00,1.2681,Wednesday,5,7,Summer,0
10023456785,2024-07-31 06:00:00,2024-07-31,06:00:00,1.1867,Wednesday,6,7,Summer,0
10023456785,2024-07-31 07:00:00,2024-07-31,07:00:00,2.2113,Wednesday,7,7,Summer,0
10023456785,2024-07-31 08:00:00,2024-07-31,08:00:00,2.6529,Wednesday,8,7,Summer,0
10023456785,2024-07-31 09:00:00,2024-07-31,09:00:00,1.8022,Wednesday,9,7,Summer,0
10023456785,2024-07-31 10:00:00,2024-07-31,10:00:00,2.5002,Wednesday,10,7,Summer,0
10023456785,2024-07-31 11:00:00,2024-07-31,11:00:00,2.3234,Wednesday,11,7,Summer,0
10023456785,2024-07-31 12:00:00,2024-07-31,12:00:00,2.1325,Wednesday,12,7,Summer,0
10023456785,2024-07-31 13:00:00,2024-07-31,13:00:00,1.5265,Wednesday,13,7,Summer,0
10023456785,2024-07-31 14:00:00,2024-07-31,14:00:00,1.8530,Wednesday,14,7,Summer,0
10023456785,2024-07-31 15:00:00,2024-07-31,15:00:00,1.7314,Wednesday,15,7,Summer,0
10023456785,2024-07-31 16:00:00,2024-07-31,16:00:00,1.9219,Wednesday,16,7,Summer,0
10023456785,2024-07-31 17:00:00,2024-07-31,17:00:00,2.2761,Wednesday,17,7,Summer,0
10023456785,2024-07-31 18:00:00,2024-07-31,18:00:00,2.6633,Wednesday,18,7,Summer,0
10023456785,2024-07-31 19:00:00,2024-07-31,19:00:00,2.1489,Wednesday,19,7,Summer,0
10023456785,2024-07-31 20:00:00,2024-07-31,20:00:00,2.2465,Wednesday,20,7,Summer,0
10023456785,2024-07-31 21:00:00,2024-07-31,21:00:00,1.6911,Wednesday,21,7,Summer,0
10023456785,2024-07-31 22:00:00,2024-07-31,22:00:00,1.0557,Wednesday,22,7,Summer,0
10023456785,2024-07-31 23:00:00,2024-07-31,23:00:00,0.8957,Wednesday,23,7,Summer,0
10023456785,2024-08-01 00:00:00,2024-08-01,00:00:00,1.0209,Thursday,0,8,Summer,0
10023456785,2024-08-01 01:00:00,2024-08-01,01:00:00,0.7306,Thursday,1,8,Summer,0
10023456785,2024-08-01 02:00:00,2024-08-01,02:00:00,0.8275,Thursday,2,8,Summer,0
10023456785,2024-08-01 03:00:00,2024-08-01,03:00:00,0.8070,Thursday,3,8,Summer,0
10023456785,2024-08-01 04:00:00,2024-08-01,04:00:00,1.1172,Thursday,4,8,Summer,0
10023456785,2024-08-01 05:00:00,2024-08-01,05:00:00,1.3907,Thursday,5,8,Summer,0
10023456785,2024-08-01 06:00:00,2024-08-01,06:00:00,1.7617,Thursday,6,8,Summer,0
10023456785,2024-08-01 07:00:00,2024-08-01,07:00:00,2.6014,Thursday,7,8,Summer,0
10023456785,2024-08-01 08:00:00,2024-08-01,08:00:00,2.7262,Thursday,8,8,Summer,0
10023456785,2024-08-01 09:00:00,2024-08-01,09:00:00,3.1927,Thursday,9,8,Summer,0
10023456785,2024-08-01 10:00:00,2024-08-01,10:00:00,3.2776,Thursday,10,8,Summer,0
10023456785,2024-08-01 11:00:00,2024-08-01,11:00:00,2.7575,Thursday,11,8,Summer,0
10023456785,2024-08-01 12:00:00,2024-08-01,12:00:00,2.1821,Thursday,12,8,Summer,0
10023456785,2024-08-01 13:00:00,2024-08-01,13:00:00,2.4870,Thursday,13,8,Summer,0
10023456785,2024-08-01 14:00:00,2024-08-01,14:00:00,2.9775,Thursday,14,8,Summer,0
10023456785,2024-08-01 15:00:00,2024-08-01,15:00:00,2.3316,Thursday,15,8,Summer,0
10023456785,2024-08-01 16:00:00,2024-08-01,16:00:00,2.9087,Thursday,16,8,Summer,0
10023456785,2024-08-01 17:00:00,2024-08-01,17:00:00,3.5537,Thursday,17,8,Summer,0
10023456785,2024-08-01 18:00:00,2024-08-01,18:00:00,3.5653,Thursday,18,8,Summer,0
10023456785,2024-08-01 19:00:00,2024-08-01,19:00:00,2.6210,Thursday,19,8,Summer,0
10023456785,2024-08-01 20:00:00,2024-08-01,20:00:00,2.9221,Thursday,20,8,Summer,0
10023456785,2024-08-01 21:00:00,2024-08-01,21:00:00,2.1526,Thursday,21,8,Summer,0
10023456785,2024-08-01 22:00:00,2024-08-01,22:00:00,1.7377,Thursday,22,8,Summer,0
10023456785,2024-08-01 23:00:00,2024-08-01,23:00:00,1.1105,Thursday,23,8,Summer,0
10023456785,2024-08-02 00:00:00,2024-08-02,00:00:00,1.1640,Friday,0,8,Summer,0
10023456785,2024-08-02 01:00:00,2024-08-02,01:00:00,0.9279,Friday,1,8,Summer,0
10023456785,2024-08-02 02:00:00,2024-08-02,02:00:00,1.1298,Friday,2,8,Summer,0
10023456785,2024-08-02 03:00:00,2024-08-02,03:00:00,0.8634,Friday,3,8,Summer,0
10023456785,2024-08-02 04:00:00,2024-08-02,04:00:00,1.0563,Friday,4,8,Summer,0
10023456785,2024-08-02 05:00:00,2024-08-02,05:00:00,1.5321,Friday,5,8,Summer,0
10023456785,2024-08-02 06:00:00,2024-08-02,06:00:00,2.4384,Friday,6,8,Summer,0
10023456785,2024-08-02 07:00:00,2024-08-02,07:00:00,2.7884,Friday,7,8,Summer,0
10023456785,2024-08-02 08:00:00,2024-08-02,08:00:00,3.6392,Friday,8,8,Summer,0
10023456785,2024-08-02 09:00:00,2024-08-02,09:00:00,3.2195,Friday,9,8,Summer,0
10023456785,2024-08-02 10:00:00,2024-08-02,10:00:00,2.8755,Friday,10,8,Summer,0
10023456785,2024-08-02 11:00:00,2024-08-02,11:00:00,2.3274,Friday,11,8,Summer,0
10023456785,2024-08-02 12:00:00,2024-08-02,12:00:00,3.3654,Friday,12,8,Summer,0
10023456785,2024-08-02 13:00:00,2024-08-02,13:00:00,2.7690,Friday,13,8,Summer,0
10023456785,2024-08-02 14:00:00,2024-08-02,14:00:00,3.0459,Friday,14,8,Summer,0
10023456785,2024-08-02 15:00:00,2024-08-02,15:00:00,3.1239,Friday,15,8,Summer,0
10023456785,2024-08-02 16:00:00,2024-08-02,16:00:00,3.2929,Friday,16,8,Summer,0
10023456785,2024-08-02 17:00:00,2024-08-02,17:00:00,3.1146,Friday,17,8,Summer,0
10023456785,2024-08-02 18:00:00,2024-08-02,18:00:00,3.4397,Friday,18,8,Summer,0
10023456785,2024-08-02 19:00:00,2024-08-02,19:00:00,3.0825,Friday,19,8,Summer,0
10023456785,2024-08-02 20:00:00,2024-08-02,20:00:00,2.9859,Friday,20,8,Summer,0
10023456785,2024-08-02 21:00:00,2024-08-02,21:00:00,2.2999,Friday,21,8,Summer,0
10023456785,2024-08-02 22:00:00,2024-08-02,22:00:00,1.5390,Friday,22,8,Summer,0
10023456785,2024-08-02 23:00:00,2024-08-02,23:00:00,1.2093,Friday,23,8,Summer,0
10023456785,2024-08-03 00:00:00,2024-08-03,00:00:00,0.7044,Saturday,0,8,Summer,0
10023456785,2024-08-03 01:00:00,2024-08-03,01:00:00,0.7323,Saturday,1,8,Summer,0
10023456785,2024-08-03 02:00:00,2024-08-03,02:00:00,0.6081,Saturday,2,8,Summer,0
10023456785,2024-08-03 03:00:00,2024-08-03,03:00:00,0.6625,Saturday,3,8,Summer,0
10023456785,2024-08-03 04:00:00,2024-08-03,04:00:00,0.8724,Saturday,4,8,Summer,0
10023456785,2024-08-03 05:00:00,2024-08-03,05:00:00,0.9994,Saturday,5,8,Summer,0
10023456785,2024-08-03 06:00:00,2024-08-03,06:00:00,1.4786,Saturday,6,8,Summer,0
10023456785,2024-08-03 07:00:00,2024-08-03,07:00:00,1.8189,Saturday,7,8,Summer,0
10023456785,2024-08-03 08:00:00,2024-08-03,08:00:00,2.0171,Saturday,8,8,Summer,0
10023456785,2024-08-03 09:00:00,2024-08-03,09:00:00,2.2617,Saturday,9,8,Summer,0
10023456785,2024-08-03 10:00:00,2024-08-03,10:00:00,2.8175,Saturday,10,8,Summer,0
10023456785,2024-08-03 11:00:00,2024-08-03,11:00:00,2.6487,Saturday,11,8,Summer,0
10023456785,2024-08-03 12:00:00,2024-08-03,12:00:00,2.2976,Saturday,12,8,Summer,0
10023456785,2024-08-03 13:00:00,2024-08-03,13:00:00,1.7983,Saturday,13,8,Summer,0
10023456785,2024-08-03 14:00:00,2024-08-03,14:00:00,2.2288,Saturday,14,8,Summer,0
10023456785,2024-08-03 15:00:00,2024-08-03,15:00:00,1.7371,Saturday,15,8,Summer,0
10023456785,2024-08-03 16:00:00,2024-08-03,16:00:00,2.0436,Saturday,16,8,Summer,0
10023456785,2024-08-03 17:00:00,2024-08-03,17:00:00,0.2518,Saturday,17,8,Summer,1
10023456785,2024-08-03 18:00:00,2024-08-03,18:00:00,2.6320,Saturday,18,8,Summer,0
10023456785,2024-08-03 19:00:00,2024-08-03,19:00:00,2.9274,Saturday,19,8,Summer,0
10023456785,2024-08-03 20:00:00,2024-08-03,20:00:00,2.0110,Saturday,20,8,Summer,0
10023456785,2024-08-03 21:00:00,2024-08-03,21:00:00,2.0053,Saturday,21,8,Summer,0
10023456785,2024-08-03 22:00:00,2024-08-03,22:00:00,1.6248,Saturday,22,8,Summer,0
10023456785,2024-08-03 23:00:00,2024-08-03,23:00:00,1.0658,Saturday,23,8,Summer,0
10023456785,2024-08-04 00:00:00,2024-08-04,00:00:00,0.8727,Sunday,0,8,Summer,0
10023456785,2024-08-04 01:00:00,2024-08-04,01:00:00,0.8648,Sunday,1,8,Summer,0
10023456785,2024-08-04 02:00:00,2024-08-04,02:00:00,0.7345,Sunday,2,8,Summer,0
10023456785,2024-08-04 03:00:00,2024-08-04,03:00:00,0.7659,Sunday,3,8,Summer,0
10023456785,2024-08-04 04:00:00,2024-08-04,04:00:00,1.0149,Sunday,4,8,Summer,0
10023456785,2024-08-04 05:00:00,2024-08-04,05:00:00,0.8273,Sunday,5,8,Summer,0
10023456785,2024-08-04 06:00:00,2024-08-04,06:00:00,1.2880,Sunday,6,8,Summer,0
10023456785,2024-08-04 07:00:00,2024-08-04,07:00:00,2.1618,Sunday,7,8,Summer,0
10023456785,2024-08-04 08:00:00,2024-08-04,08:00:00,2.3383,Sunday,8,8,Summer,0
10023456785,2024-08-04 09:00:00,2024-08-04,09:00:00,2.9446,Sunday,9,8,Summer,0
10023456785,2024-08-04 10:00:00,2024-08-04,10:00:00,2.1814,Sunday,10,8,Summer,0
10023456785,2024-08-04 11:00:00,2024-08-04,11:00:00,2.2038,Sunday,11,8,Summer,0
10023456785,2024-08-04 12:00:00,2024-08-04,12:00:00,2.1866,Sunday,12,8,Summer,0
10023456785,2024-08-04 13:00:00,2024-08-04,13:00:00,1.8438,Sunday,13,8,Summer,0
10023456785,2024-08-04 14:00:00,2024-08-04,14:00:00,2.4751,Sunday,14,8,Summer,0
10023456785,2024-08-04 15:00:00,2024-08-04,15:00:00,2.1312,Sunday,15,8,Summer,0
10023456785,2024-08-04 16:00:00,2024-08-04,16:00:00,2.2814,Sunday,16,8,Summer,0
10023456785,2024-08-04 17:00:00,2024-08-04,17:00:00,3.3289,Sunday,17,8,Summer,0
10023456785,2024-08-04 18:00:00,2024-08-04,18:00:00,2.8553,Sunday,18,8,Summer,0
10023456785,2024-08-04 19:00:00,2024-08-04,19:00:00,2.8521,Sunday,19,8,Summer,0
10023456785,2024-08-04 20:00:00,2024-08-04,20:00:00,3.0779,Sunday,20,8,Summer,0
10023456785,2024-08-04 21:00:00,2024-08-04,21:00:00,2.3756,Sunday,21,8,Summer,0
10023456785,2024-08-04 22:00:00,2024-08-04,22:00:00,1.4353,Sunday,22,8,Summer,0
10023456785,2024-08-04 23:00:00,2024-08-04,23:00:00,1.3572,Sunday,23,8,Summer,0
10023456785,2024-08-05 00:00:00,2024-08-05,00:00:00,1.1447,Monday,0,8,Summer,0
10023456785,2024-08-05 01:00:00,2024-08-05,01:00:00,1.1145,Monday,1,8,Summer,0
10023456785,2024-08-05 02:00:00,2024-08-05,02:00:00,0.6875,Monday,2,8,Summer,0
10023456785,2024-08-05 03:00:00,2024-08-05,03:00:00,1.0965,Monday,3,8,Summer,0
10023456785,2024-08-05 04:00:00,2024-08-05,04:00:00,0.9593,Monday,4,8,Summer,0
10023456785,2024-08-05 05:00:00,2024-08-05,05:00:00,1.5067,Monday,5,8,Summer,0
10023456785,2024-08-05 06:00:00,2024-08-05,06:00:00,1.7366,Monday,6,8,Summer,0
10023456785,2024-08-05 07:00:00,2024-08-05,07:00:00,2.1275,Monday,7,8,Summer,0
10023456785,2024-08-05 08:00:00,2024-08-05,08:00:00,2.5572,Monday,8,8,Summer,0
10023456785,2024-08-05 09:00:00,2024-08-05,09:00:00,2.9788,Monday,9,8,Summer,0
10023456785,2024-08-05 10:00:00,2024-08-05,10:00:00,2.7065,Monday,10,8,Summer,0
10023456785,2024-08-05 11:00:00,2024-08-05,11:00:00,2.4388,Monday,11,8,Summer,0
10023456785,2024-08-05 12:00:00,2024-08-05,12:00:00,2.3496,Monday,12,8,Summer,0
10023456785,2024-08-05 13:00:00,2024-08-05,13:00:00,2.4795,Monday,13,8,Summer,0
10023456785,2024-08-05 14:00:00,2024-08-05,14:00:00,2.1827,Monday,14,8,Summer,0
10023456785,2024-08-05 15:00:00,2024-08-05,15:00:00,2.1243,Monday,15,8,Summer,0
10023456785,2024-08-05 16:00:00,2024-08-05,16:00:00,2.2463,Monday,16,8,Summer,0
10023456785,2024-08-05 17:00:00,2024-08-05,17:00:00,2.4856,Monday,17,8,Summer,0
10023456785,2024-08-05 18:00:00,2024-08-05,18:00:00,2.5878,Monday,18,8,Summer,0
10023456785,2024-08-05 19:00:00,2024-08-05,19:00:00,3.3821,Monday,19,8,Summer,0
10023456785,2024-08-05 20:00:00,2024-08-05,20:00:00,1.9978,Monday,20,8,Summer,0
10023456785,2024-08-05 21:00:00,2024-08-05,21:00:00,2.1219,Monday,21,8,Summer,0
10023456785,2024-08-05 22:00:00,2024-08-05,22:00:00,1.5657,Monday,22,8,Summer,0
10023456785,2024-08-05 23:00:00,2024-08-05,23:00:00,1.0404,Monday,23,8,Summer,0
10023456785,2024-08-06 00:00:00,2024-08-06,00:00:00,0.9197,Tuesday,0,8,Summer,0
10023456785,2024-08-06 01:00:00,2024-08-06,01:00:00,0.9641,Tuesday,1,8,Summer,0
10023456785,2024-08-06 02:00:00,2024-08-06,02:00:00,0.7184,Tuesday,2,8,Summer,0
10023456785,2024-08-06 03:00:00,2024-08-06,03:00:00,0.6529,Tuesday,3,8,Summer,0
10023456785,2024-08-06 04:00:00,2024-08-06,04:00:00,0.9644,Tuesday,4,8,Summer,0
10023456785,2024-08-06 05:00:00,2024-08-06,05:00:00,1.2822,Tuesday,5,8,Summer,0
10023456785,2024-08-06 06:00:00,2024-08-06,06:00:00,2.3254,Tuesday,6,8,Summer,0
10023456785,2024-08-06 07:00:00,2024-08-06,07:00:00,2.3632,Tuesday,7,8,Summer,0
10023456785,2024-08-06 08:00:00,2024-08-06,08:00:00,2.6575,Tuesday,8,8,Summer,0
10023456785,2024-08-06 09:00:00,2024-08-06,09:00:00,3.3584,Tuesday,9,8,Summer,0
10023456785,2024-08-06 10:00:00,2024-08-06,10:00:00,2.1475,Tuesday,10,8,Summer,0
10023456785,2024-08-06 11:00:00,2024-08-06,11:00:00,2.3599,Tuesday,11,8,Summer,0
10023456785,2024-08-06 12:00:00,2024-08-06,12:00:00,2.4377,Tuesday,12,8,Summer,0
10023456785,2024-08-06 13:00:00,2024-08-06,13:00:00,2.0294,Tuesday,13,8,Summer,0
10023456785,2024-08-06 14:00:00,2024-08-06,14:00:00,2.1910,Tuesday,14,8,Summer,0
10023456785,2024-08-06 15:00:00,2024-08-06,15:00:00,2.4030,Tuesday,15,8,Summer,0
10023456785,2024-08-06 16:00:00,2024-08-06,16:00:00,2.2143,Tuesday,16,8,Summer,0
10023456785,2024-08-06 17:00:00,2024-08-06,17:00:00,2.3903,Tuesday,17,8,Summer,0
10023456785,2024-08-06 18:00:00,2024-08-06,18:00:00,2.8957,Tuesday,18,8,Summer,0
10023456785,2024-08-06 19:00:00,2024-08-06,19:00:00,2.5291,Tuesday,19,8,Summer,0
10023456785,2024-08-06 20:00:00,2024-08-06,20:00:00,2.1331,Tuesday,20,8,Summer,0
10023456785,2024-08-06 21:00:00,2024-08-06,21:00:00,1.8168,Tuesday,21,8,Summer,0
10023456785,2024-08-06 22:00:00,2024-08-06,22:00:00,1.7039,Tuesday,22,8,Summer,0
10023456785,2024-08-06 23:00:00,2024-08-06,23:00:00,1.1264,Tuesday,23,8,Summer,0
10023456785,2024-08-07 00:00:00,2024-08-07,00:00:00,2.8593,Wednesday,0,8,Summer,1
10023456785,2024-08-07 01:00:00,2024-08-07,01:00:00,2.8266,Wednesday,1,8,Summer,1
10023456785,2024-08-07 02:00:00,2024-08-07,02:00:00,2.8217,Wednesday,2,8,Summer,1
10023456785,2024-08-07 03:00:00,2024-08-07,03:00:00,2.6855,Wednesday,3,8,Summer,1
10023456785,2024-08-07 04:00:00,2024-08-07,04:00:00,2.6256,Wednesday,4,8,Summer,1
10023456785,2024-08-07 05:00:00,2024-08-07,05:00:00,4.1338,Wednesday,5,8,Summer,1
10023456785,2024-08-07 06:00:00,2024-08-07,06:00:00,2.1414,Wednesday,6,8,Summer,0
10023456785,2024-08-07 07:00:00,2024-08-07,07:00:00,2.8212,Wednesday,7,8,Summer,0
10023456785,2024-08-07 08:00:00,2024-08-07,08:00:00,2.7537,Wednesday,8,8,Summer,0
10023456785,2024-08-07 09:00:00,2024-08-07,09:00:00,2.7348,Wednesday,9,8,Summer,0
10023456785,2024-08-07 10:00:00,2024-08-07,10:00:00,2.6331,Wednesday,10,8,Summer,0
10023456785,2024-08-07 11:00:00,2024-08-07,11:00:00,2.4943,Wednesday,11,8,Summer,0
10023456785,2024-08-07 12:00:00,2024-08-07,12:00:00,2.6989,Wednesday,12,8,Summer,0
10023456785,2024-08-07 13:00:00,2024-08-07,13:00:00,3.0173,Wednesday,13,8,Summer,0
10023456785,2024-08-07 14:00:00,2024-08-07,14:00:00,2.7905,Wednesday,14,8,Summer,0
10023456785,2024-08-07 15:00:00,2024-08-07,15:00:00,2.6066,Wednesday,15,8,Summer,0
10023456785,2024-08-07 16:00:00,2024-08-07,16:00:00,2.2994,Wednesday,16,8,Summer,0
10023456785,2024-08-07 17:00:00,2024-08-07,17:00:00,3.1745,Wednesday,17,8,Summer,0
10023456785,2024-08-07 18:00:00,2024-08-07,18:00:00,3.3636,Wednesday,18,8,Summer,0
10023456785,2024-08-07 19:00:00,2024-08-07,19:00:00,0.3743,Wednesday,19,8,Summer,1
10023456785,2024-08-07 20:00:00,2024-08-07,20:00:00,0.5636,Wednesday,20,8,Summer,1
10023456785,2024-08-07 21:00:00,2024-08-07,21:00:00,0.4383,Wednesday,21,8,Summer,1
10023456785,2024-08-07 22:00:00,2024-08-07,22:00:00,1.6282,Wednesday,22,8,Summer,0
10023456785,2024-08-07 23:00:00,2024-08-07,23:00:00,1.1173,Wednesday,23,8,Summer,0
10023456785,2024-08-08 00:00:00,2024-08-08,00:00:00,0.9020,Thursday,0,8,Summer,0
10023456785,2024-08-08 01:00:00,2024-08-08,01:00:00,0.9134,Thursday,1,8,Summer,0
10023456785,2024-08-08 02:00:00,2024-08-08,02:00:00,3.0059,Thursday,2,8,Summer,1
10023456785,2024-08-08 03:00:00,2024-08-08,03:00:00,0.7554,Thursday,3,8,Summer,0
10023456785,2024-08-08 04:00:00,2024-08-08,04:00:00,1.0758,Thursday,4,8,Summer,0
10023456785,2024-08-08 05:00:00,2024-08-08,05:00:00,1.1855,Thursday,5,8,Summer,0
10023456785,2024-08-08 06:00:00,2024-08-08,06:00:00,2.0133,Thursday,6,8,Summer,0
10023456785,2024-08-08 07:00:00,2024-08-08,07:00:00,2.5386,Thursday,7,8,Summer,0
10023456785,2024-08-08 08:00:00,2024-08-08,08:00:00,2.5411,Thursday,8,8,Summer,0
10023456785,2024-08-08 09:00:00,2024-08-08,09:00:00,3.2502,Thursday,9,8,Summer,0
10023456785,2024-08-08 10:00:00,2024-08-08,10:00:00,3.3187,Thursday,10,8,Summer,0
10023456785,2024-08-08 11:00:00,2024-08-08,11:00:00,3.1112,Thursday,11,8,Summer,0
10023456785,2024-08-08 12:00:00,2024-08-08,12:00:00,2.9966,Thursday,12,8,Summer,0
10023456785,2024-08-08 13:00:00,2024-08-08,13:00:00,2.4606,Thursday,13,8,Summer,0
10023456785,2024-08-08 14:00:00,2024-08-08,14:00:00,2.1748,Thursday,14,8,Summer,0
10023456785,2024-08-08 15:00:00,2024-08-08,15:00:00,2.5266,Thursday,15,8,Summer,0
10023456785,2024-08-08 16:00:00,2024-08-08,16:00:00,2.5213,Thursday,16,8,Summer,0
10023456785,2024-08-08 17:00:00,2024-08-08,17:00:00,2.8629,Thursday,17,8,Summer,0
10023456785,2024-08-08 18:00:00,2024-08-08,18:00:00,2.5376,Thursday,18,8,Summer,0
10023456785,2024-08-08 19:00:00,2024-08-08,19:00:00,3.7216,Thursday,19,8,Summer,0
10023456785,2024-08-08 20:00:00,2024-08-08,20:00:00,2.8537,Thursday,20,8,Summer,0
10023456785,2024-08-08 21:00:00,2024-08-08,21:00:00,2.6927,Thursday,21,8,Summer,0
10023456785,2024-08-08 22:00:00,2024-08-08,22:00:00,1.5069,Thursday,22,8,Summer,0
10023456785,2024-08-08 23:00:00,2024-08-08,23:00:00,0.7761,Thursday,23,8,Summer,0
10023456785,2024-08-09 00:00:00,2024-08-09,00:00:00,1.0391,Friday,0,8,Summer,0
10023456785,2024-08-09 01:00:00,2024-08-09,01:00:00,0.7792,Friday,1,8,Summer,0
10023456785,2024-08-09 02:00:00,2024-08-09,02:00:00,0.9025,Friday,2,8,Summer,0
10023456785,2024-08-09 03:00:00,2024-08-09,03:00:00,7.3572,Friday,3,8,Summer,1
10023456785,2024-08-09 04:00:00,2024-08-09,04:00:00,7.0968,Friday,4,8,Summer,1
10023456785,2024-08-09 05:00:00,2024-08-09,05:00:00,4.3070,Friday,5,8,Summer,1
10023456785,2024-08-09 06:00:00,2024-08-09,06:00:00,1.9198,Friday,6,8,Summer,0
10023456785,2024-08-09 07:00:00,2024-08-09,07:00:00,2.6369,Friday,7,8,Summer,0
10023456785,2024-08-09 08:00:00,2024-08-09,08:00:00,2.5792,Friday,8,8,Summer,0
10023456785,2024-08-09 09:00:00,2024-08-09,09:00:00,2.9271,Friday,9,8,Summer,0
10023456785,2024-08-09 10:00:00,2024-08-09,10:00:00,3.2446,Friday,10,8,Summer,0
10023456785,2024-08-09 11:00:00,2024-08-09,11:00:00,2.8276,Friday,11,8,Summer,0
10023456785,2024-08-09 12:00:00,2024-08-09,12:00:00,2.0771,Friday,12,8,Summer,0
10023456785,2024-08-09 13:00:00,2024-08-09,13:00:00,2.9214,Friday,13,8,Summer,0
10023456785,2024-08-09 14:00:00,2024-08-09,14:00:00,2.4302,Friday,14,8,Summer,0
10023456785,2024-08-09 15:00:00,2024-08-09,15:00:00,3.0070,Friday,15,8,Summer,0
10023456785,2024-08-09 16:00:00,2024-08-09,16:00:00,2.6398,Friday,16,8,Summer,0
10023456785,2024-08-09 17:00:00,2024-08-09,17:00:00,3.1233,Friday,17,8,Summer,0
10023456785,2024-08-09 18:00:00,2024-08-09,18:00:00,3.6644,Friday,18,8,Summer,0
10023456785,2024-08-09 19:00:00,2024-08-09,19:00:00,2.8689,Friday,19,8,Summer,0
10023456785,2024-08-09 20:00:00,2024-08-09,20:00:00,2.5887,Friday,20,8,Summer,0
10023456785,2024-08-09 21:00:00,2024-08-09,21:00:00,2.0526,Friday,21,8,Summer,0
10023456785,2024-08-09 22:00:00,2024-08-09,22:00:00,1.7146,Friday,22,8,Summer,0
10023456785,2024-08-09 23:00:00,2024-08-09,23:00:00,1.1459,Friday,23,8,Summer,0
10023456785,2024-08-10 00:00:00,2024-08-10,00:00:00,0.7615,Saturday,0,8,Summer,0
10023456785,2024-08-10 01:00:00,2024-08-10,01:00:00,0.6849,Saturday,1,8,Summer,0
10023456785,2024-08-10 02:00:00,2024-08-10,02:00:00,0.5502,Saturday,2,8,Summer,0
10023456785,2024-08-10 03:00:00,2024-08-10,03:00:00,0.5504,Saturday,3,8,Summer,0
10023456785,2024-08-10 04:00:00,2024-08-10,04:00:00,0.6721,Saturday,4,8,Summer,0
10023456785,2024-08-10 05:00:00,2024-08-10,05:00:00,0.8576,Saturday,5,8,Summer,0
10023456785,2024-08-10 06:00:00,2024-08-10,06:00:00,1.0045,Saturday,6,8,Summer,0
10023456785,2024-08-10 07:00:00,2024-08-10,07:00:00,1.4340,Saturday,7,8,Summer,0
10023456785,2024-08-10 08:00:00,2024-08-10,08:00:00,2.1119,Saturday,8,8,Summer,0
10023456785,2024-08-10 09:00:00,2024-08-10,09:00:00,2.0568,Saturday,9,8,Summer,0
10023456785,2024-08-10 10:00:00,2024-08-10,10:00:00,1.5749,Saturday,10,8,Summer,0
10023456785,2024-08-10 11:00:00,2024-08-10,11:00:00,1.5602,Saturday,11,8,Summer,0
10023456785,2024-08-10 12:00:00,2024-08-10,12:00:00,2.0792,Saturday,12,8,Summer,0
10023456785,2024-08-10 13:00:00,2024-08-10,13:00:00,2.0785,Saturday,13,8,Summer,0
10023456785,2024-08-10 14:00:00,2024-08-10,14:00:00,1.5971,Saturday,14,8,Summer,0
10023456785,2024-08-10 15:00:00,2024-08-10,15:00:00,1.8963,Saturday,15,8,Summer,0
10023456785,2024-08-10 16:00:00,2024-08-10,16:00:00,2.1240,Saturday,16,8,Summer,0
10023456785,2024-08-10 17:00:00,2024-08-10,17:00:00,2.2433,Saturday,17,8,Summer,0
10023456785,2024-08-10 18:00:00,2024-08-10,18:00:00,1.8485,Saturday,18,8,Summer,0
10023456785,2024-08-10 19:00:00,2024-08-10,19:00:00,2.3712,Saturday,19,8,Summer,0
10023456785,2024-08-10 20:00:00,2024-08-10,20:00:00,2.0026,Saturday,20,8,Summer,0
10023456785,2024-08-10 21:00:00,2024-08-10,21:00:00,1.6295,Saturday,21,8,Summer,0
10023456785,2024-08-10 22:00:00,2024-08-10,22:00:00,1.0723,Saturday,22,8,Summer,0
10023456785,2024-08-10 23:00:00,2024-08-10,23:00:00,0.7855,Saturday,23,8,Summer,0
10023456785,2024-08-11 00:00:00,2024-08-11,00:00:00,0.8021,Sunday,0,8,Summer,0
10023456785,2024-08-11 01:00:00,2024-08-11,01:00:00,0.6469,Sunday,1,8,Summer,0
10023456785,2024-08-11 02:00:00,2024-08-11,02:00:00,0.6052,Sunday,2,8,Summer,0
10023456785,2024-08-11 03:00:00,2024-08-11,03:00:00,0.6162,Sunday,3,8,Summer,0
10023456785,2024-08-11 04:00:00,2024-08-11,04:00:00,0.7207,Sunday,4,8,Summer,0
10023456785,2024-08-11 05:00:00,2024-08-11,05:00:00,0.9862,Sunday,5,8,Summer,0
10023456785,2024-08-11 06:00:00,2024-08-11,06:00:00,1.4359,Sunday,6,8,Summer,0
10023456785,2024-08-11 07:00:00,2024-08-11,07:00:00,2.0116,Sunday,7,8,Summer,0
10023456785,2024-08-11 08:00:00,2024-08-11,08:00:00,2.2485,Sunday,8,8,Summer,0
10023456785,2024-08-11 09:00:00,2024-08-11,09:00:00,2.2961,Sunday,9,8,Summer,0
10023456785,2024-08-11 10:00:00,2024-08-11,10:00:00,2.2985,Sunday,10,8,Summer,0
10023456785,2024-08-11 11:00:00,2024-08-11,11:00:00,2.3436,Sunday,11,8,Summer,0
10023456785,2024-08-11 12:00:00,2024-08-11,12:00:00,2.4445,Sunday,12,8,Summer,0
10023456785,2024-08-11 13:00:00,2024-08-11,13:00:00,2.0705,Sunday,13,8,Summer,0
10023456785,2024-08-11 14:00:00,2024-08-11,14:00:00,1.9364,Sunday,14,8,Summer,0
10023456785,2024-08-11 15:00:00,2024-08-11,15:00:00,1.7656,Sunday,15,8,Summer,0
10023456785,2024-08-11 16:00:00,2024-08-11,16:00:00,2.5412,Sunday,16,8,Summer,0
10023456785,2024-08-11 17:00:00,2024-08-11,17:00:00,2.8542,Sunday,17,8,Summer,0
10023456785,2024-08-11 18:00:00,2024-08-11,18:00:00,2.7842,Sunday,18,8,Summer,0
10023456785,2024-08-11 19:00:00,2024-08-11,19:00:00,2.6159,Sunday,19,8,Summer,0
10023456785,2024-08-11 20:00:00,2024-08-11,20:00:00,0.3374,Sunday,20,8,Summer,1
10023456785,2024-08-11 21:00:00,2024-08-11,21:00:00,1.8660,Sunday,21,8,Summer,0
10023456785,2024-08-11 22:00:00,2024-08-11,22:00:00,1.5092,Sunday,22,8,Summer,0
10023456785,2024-08-11 23:00:00,2024-08-11,23:00:00,1.1695,Sunday,23,8,Summer,0
10023456785,2024-08-12 00:00:00,2024-08-12,00:00:00,0.6385,Monday,0,8,Summer,0
10023456785,2024-08-12 01:00:00,2024-08-12,01:00:00,0.7056,Monday,1,8,Summer,0
10023456785,2024-08-12 02:00:00,2024-08-12,02:00:00,0.7117,Monday,2,8,Summer,0
10023456785,2024-08-12 03:00:00,2024-08-12,03:00:00,0.6503,Monday,3,8,Summer,0
10023456785,2024-08-12 04:00:00,2024-08-12,04:00:00,0.8239,Monday,4,8,Summer,0
10023456785,2024-08-12 05:00:00,2024-08-12,05:00:00,0.9519,Monday,5,8,Summer,0
10023456785,2024-08-12 06:00:00,2024-08-12,06:00:00,1.6726,Monday,6,8,Summer,0
10023456785,2024-08-12 07:00:00,2024-08-12,07:00:00,2.4807,Monday,7,8,Summer,0
10023456785,2024-08-12 08:00:00,2024-08-12,08:00:00,2.2724,Monday,8,8,Summer,0
10023456785,2024-08-12 09:00:00,2024-08-12,09:00:00,3.0016,Monday,9,8,Summer,0
10023456785,2024-08-12 10:00:00,2024-08-12,10:00:00,2.3885,Monday,10,8,Summer,0
10023456785,2024-08-12 11:00:00,2024-08-12,11:00:00,1.9402,Monday,11,8,Summer,0
10023456785,2024-08-12 12:00:00,2024-08-12,12:00:00,2.4123,Monday,12,8,Summer,0
10023456785,2024-08-12 13:00:00,2024-08-12,13:00:00,2.0302,Monday,13,8,Summer,0
10023456785,2024-08-12 14:00:00,2024-08-12,14:00:00,2.1864,Monday,14,8,Summer,0
10023456785,2024-08-12 15:00:00,2024-08-12,15:00:00,1.8068,Monday,15,8,Summer,0
10023456785,2024-08-12 16:00:00,2024-08-12,16:00:00,2.1705,Monday,16,8,Summer,0
10023456785,2024-08-12 17:00:00,2024-08-12,17:00:00,2.1650,Monday,17,8,Summer,0
10023456785,2024-08-12 18:00:00,2024-08-12,18:00:00,2.6849,Monday,18,8,Summer,0
10023456785,2024-08-12 19:00:00,2024-08-12,19:00:00,2.1822,Monday,19,8,Summer,0
10023456785,2024-08-12 20:00:00,2024-08-12,20:00:00,2.7530,Monday,20,8,Summer,0
10023456785,2024-08-12 21:00:00,2024-08-12,21:00:00,1.7874,Monday,21,8,Summer,0
10023456785,2024-08-12 22:00:00,2024-08-12,22:00:00,1.0648,Monday,22,8,Summer,0
10023456785,2024-08-12 23:00:00,2024-08-12,23:00:00,1.1337,Monday,23,8,Summer,0
10023456785,2024-08-13 00:00:00,2024-08-13,00:00:00,0.7876,Tuesday,0,8,Summer,0
10023456785,2024-08-13 01:00:00,2024-08-13,01:00:00,0.5589,Tuesday,1,8,Summer,0
10023456785,2024-08-13 02:00:00,2024-08-13,02:00:00,0.6522,Tuesday,2,8,Summer,0
10023456785,2024-08-13 03:00:00,2024-08-13,03:00:00,0.6857,Tuesday,3,8,Summer,0
10023456785,2024-08-13 04:00:00,2024-08-13,04:00:00,0.7929,Tuesday,4,8,Summer,0
10023456785,2024-08-13 05:00:00,2024-08-13,05:00:00,1.0262,Tuesday,5,8,Summer,0
10023456785,2024-08-13 06:00:00,2024-08-13,06:00:00,2.3337,Tuesday,6,8,Summer,0
10023456785,2024-08-13 07:00:00,2024-08-13,07:00:00,2.0436,Tuesday,7,8,Summer,0
10023456785,2024-08-13 08:00:00,2024-08-13,08:00:00,2.3384,Tuesday,8,8,Summer,0
10023456785,2024-08-13 09:00:00,2024-08-13,09:00:00,3.2328,Tuesday,9,8,Summer,0
10023456785,2024-08-13 10:00:00,2024-08-13,10:00:00,2.0437,Tuesday,10,8,Summer,0
10023456785,2024-08-13 11:00:00,2024-08-13,11:00:00,2.0249,Tuesday,11,8,Summer,0
10023456785,2024-08-13 12:00:00,2024-08-13,12:00:00,2.2653,Tuesday,12,8,Summer,0
10023456785,2024-08-13 13:00:00,2024-08-13,13:00:00,2.3729,Tuesday,13,8,Summer,0
10023456785,2024-08-13 14:00:00,2024-08-13,14:00:00,2.0517,Tuesday,14,8,Summer,0
10023456785,2024-08-13 15:00:00,2024-08-13,15:00:00,1.9972,Tuesday,15,8,Summer,0
10023456785,2024-08-13 16:00:00,2024-08-13,16:00:00,1.7248,Tuesday,16,8,Summer,0
10023456785,2024-08-13 17:00:00,2024-08-13,17:00:00,2.3236,Tuesday,17,8,Summer,0
10023456785,2024-08-13 18:00:00,2024-08-13,18:00:00,2.9423,Tuesday,18,8,Summer,0
10023456785,2024-08-13 19:00:00,2024-08-13,19:00:00,2.5473,Tuesday,19,8,Summer,0
10023456785,2024-08-13 20:00:00,2024-08-13,20:00:00,2.3769,Tuesday,20,8,Summer,0
10023456785,2024-08-13 21:00:00,2024-08-13,21:00:00,1.8535,Tuesday,21,8,Summer,0
10023456785,2024-08-13 22:00:00,2024-08-13,22:00:00,1.3356,Tuesday,22,8,Summer,0
10023456785,2024-08-13 23:00:00,2024-08-13,23:00:00,0.8927,Tuesday,23,8,Summer,0
10023456785,2024-08-14 00:00:00,2024-08-14,00:00:00,1.1504,Wednesday,0,8,Summer,0
10023456785,2024-08-14 01:00:00,2024-08-14,01:00:00,1.2458,Wednesday,1,8,Summer,0
10023456785,2024-08-14 02:00:00,2024-08-14,02:00:00,0.9256,Wednesday,2,8,Summer,0
10023456785,2024-08-14 03:00:00,2024-08-14,03:00:00,0.9399,Wednesday,3,8,Summer,0
10023456785,2024-08-14 04:00:00,2024-08-14,04:00:00,1.1446,Wednesday,4,8,Summer,0
10023456785,2024-08-14 05:00:00,2024-08-14,05:00:00,1.8649,Wednesday,5,8,Summer,0
10023456785,2024-08-14 06:00:00,2024-08-14,06:00:00,2.5609,Wednesday,6,8,Summer,0
10023456785,2024-08-14 07:00:00,2024-08-14,07:00:00,3.1181,Wednesday,7,8,Summer,0
10023456785,2024-08-14 08:00:00,2024-08-14,08:00:00,4.0747,Wednesday,8,8,Summer,0
10023456785,2024-08-14 09:00:00,2024-08-14,09:00:00,3.3393,Wednesday,9,8,Summer,0
10023456785,2024-08-14 10:00:00,2024-08-14,10:00:00,3.4599,Wednesday,10,8,Summer,0
10023456785,2024-08-14 11:00:00,2024-08-14,11:00:00,3.3884,Wednesday,11,8,Summer,0
10023456785,2024-08-14 12:00:00,2024-08-14,12:00:00,3.3933,Wednesday,12,8,Summer,0
10023456785,2024-08-14 13:00:00,2024-08-14,13:00:00,2.6634,Wednesday,13,8,Summer,0
10023456785,2024-08-14 14:00:00,2024-08-14,14:00:00,3.7663,Wednesday,14,8,Summer,0
10023456785,2024-08-14 15:00:00,2024-08-14,15:00:00,3.0403,Wednesday,15,8,Summer,0
10023456785,2024-08-14 16:00:00,2024-08-14,16:00:00,3.7011,Wednesday,16,8,Summer,0
10023456785,2024-08-14 17:00:00,2024-08-14,17:00:00,2.8298,Wednesday,17,8,Summer,0
10023456785,2024-08-14 18:00:00,2024-08-14,18:00:00,3.3381,Wednesday,18,8,Summer,0
10023456785,2024-08-14 19:00:00,2024-08-14,19:00:00,3.5143,Wednesday,19,8,Summer,0
10023456785,2024-08-14 20:00:00,2024-08-14,20:00:00,3.3980,Wednesday,20,8,Summer,0
10023456785,2024-08-14 21:00:00,2024-08-14,21:00:00,2.5284,Wednesday,21,8,Summer,0
10023456785,2024-08-14 22:00:00,2024-08-14,22:00:00,1.7996,Wednesday,22,8,Summer,0
10023456785,2024-08-14 23:00:00,2024-08-14,23:00:00,1.5004,Wednesday,23,8,Summer,0
10023456785,2024-08-15 00:00:00,2024-08-15,00:00:00,1.3245,Thursday,0,8,Summer,0
10023456785,2024-08-15 01:00:00,2024-08-15,01:00:00,1.0341,Thursday,1,8,Summer,0
10023456785,2024-08-15 02:00:00,2024-08-15,02:00:00,0.9616,Thursday,2,8,Summer,0
10023456785,2024-08-15 03:00:00,2024-08-15,03:00:00,0.9275,Thursday,3,8,Summer,0
10023456785,2024-08-15 04:00:00,2024-08-15,04:00:00,1.1988,Thursday,4,8,Summer,0
10023456785,2024-08-15 05:00:00,2024-08-15,05:00:00,1.4027,Thursday,5,8,Summer,0
10023456785,2024-08-15 06:00:00,2024-08-15,06:00:00,2.5444,Thursday,6,8,Summer,0
10023456785,2024-08-15 07:00:00,2024-08-15,07:00:00,3.7342,Thursday,7,8,Summer,0
10023456785,2024-08-15 08:00:00,2024-08-15,08:00:00,3.5975,Thursday,8,8,Summer,0
10023456785,2024-08-15 09:00:00,2024-08-15,09:00:00,3.8360,Thursday,9,8,Summer,0
10023456785,2024-08-15 10:00:00,2024-08-15,10:00:00,4.0097,Thursday,10,8,Summer,0
10023456785,2024-08-15 11:00:00,2024-08-15,11:00:00,3.4543,Thursday,11,8,Summer,0
10023456785,2024-08-15 12:00:00,2024-08-15,12:00:00,3.3069,Thursday,12,8,Summer,0
10023456785,2024-08-15 13:00:00,2024-08-15,13:00:00,2.7863,Thursday,13,8,Summer,0
10023456785,2024-08-15 14:00:00,2024-08-15,14:00:00,3.4589,Thursday,14,8,Summer,0
10023456785,2024-08-15 15:00:00,2024-08-15,15:00:00,3.4123,Thursday,15,8,Summer,0
10023456785,2024-08-15 16:00:00,2024-08-15,16:00:00,3.5246,Thursday,16,8,Summer,0
10023456785,2024-08-15 17:00:00,2024-08-15,17:00:00,4.5483,Thursday,17,8,Summer,0
10023456785,2024-08-15 18:00:00,2024-08-15,18:00:00,0.3827,Thursday,18,8,Summer,1
10023456785,2024-08-15 19:00:00,2024-08-15,19:00:00,3.7437,Thursday,19,8,Summer,0
10023456785,2024-08-15 20:00:00,2024-08-15,20:00:00,3.4695,Thursday,20,8,Summer,0
10023456785,2024-08-15 21:00:00,2024-08-15,21:00:00,2.1715,Thursday,21,8,Summer,0
10023456785,2024-08-15 22:00:00,2024-08-15,22:00:00,2.0487,Thursday,22,8,Summer,0
10023456785,2024-08-15 23:00:00,2024-08-15,23:00:00,1.2724,Thursday,23,8,Summer,0
10023456785,2024-08-16 00:00:00,2024-08-16,00:00:00,1.0200,Friday,0,8,Summer,0
10023456785,2024-08-16 01:00:00,2024-08-16,01:00:00,1.1981,Friday,1,8,Summer,0
10023456785,2024-08-16 02:00:00,2024-08-16,02:00:00,0.8227,Friday,2,8,Summer,0
10023456785,2024-08-16 03:00:00,2024-08-16,03:00:00,0.7726,Friday,3,8,Summer,0
10023456785,2024-08-16 04:00:00,2024-08-16,04:00:00,0.8206,Friday,4,8,Summer,0
10023456785,2024-08-16 05:00:00,2024-08-16,05:00:00,1.1680,Friday,5,8,Summer,0
10023456785,2024-08-16 06:00:00,2024-08-16,06:00:00,2.0422,Friday,6,8,Summer,0
10023456785,2024-08-16 07:00:00,2024-08-16,07:00:00,2.8188,Friday,7,8,Summer,0
10023456785,2024-08-16 08:00:00,2024-08-16,08:00:00,2.8422,Friday,8,8,Summer,0
10023456785,2024-08-16 09:00:00,2024-08-16,09:00:00,2.7882,Friday,9,8,Summer,0
10023456785,2024-08-16 10:00:00,2024-08-16,10:00:00,2.5159,Friday,10,8,Summer,0
10023456785,2024-08-16 11:00:00,2024-08-16,11:00:00,2.9789,Friday,11,8,Summer,0
10023456785,2024-08-16 12:00:00,2024-08-16,12:00:00,2.5404,Friday,12,8,Summer,0
10023456785,2024-08-16 13:00:00,2024-08-16,13:00:00,2.6895,Friday,13,8,Summer,0
10023456785,2024-08-16 14:00:00,2024-08-16,14:00:00,0.2018,Friday,14,8,Summer,1
10023456785,2024-08-16 15:00:00,2024-08-16,15:00:00,2.3609,Friday,15,8,Summer,0
10023456785,2024-08-16 16:00:00,2024-08-16,16:00:00,2.7410,Friday,16,8,Summer,0
10023456785,2024-08-16 17:00:00,2024-08-16,17:00:00,0.2164,Friday,17,8,Summer,1
10023456785,2024-08-16 18:00:00,2024-08-16,18:00:00,3.5186,Friday,18,8,Summer,0
10023456785,2024-08-16 19:00:00,2024-08-16,19:00:00,3.8457,Friday,19,8,Summer,0
10023456785,2024-08-16 20:00:00,2024-08-16,20:00:00,3.8652,Friday,20,8,Summer,0
10023456785,2024-08-16 21:00:00,2024-08-16,21:00:00,2.2667,Friday,21,8,Summer,0
10023456785,2024-08-16 22:00:00,2024-08-16,22:00:00,1.8747,Friday,22,8,Summer,0
10023456785,2024-08-16 23:00:00,2024-08-16,23:00:00,1.2187,Friday,23,8,Summer,0
10023456785,2024-08-17 00:00:00,2024-08-17,00:00:00,2.3681,Saturday,0,8,Summer,1
10023456785,2024-08-17 01:00:00,2024-08-17,01:00:00,2.1496,Saturday,1,8,Summer,1
10023456785,2024-08-17 02:00:00,2024-08-17,02:00:00,1.7966,Saturday,2,8,Summer,1
10023456785,2024-08-17 03:00:00,2024-08-17,03:00:00,2.3142,Saturday,3,8,Summer,1
10023456785,2024-08-17 04:00:00,2024-08-17,04:00:00,1.9401,Saturday,4,8,Summer,1
10023456785,2024-08-17 05:00:00,2024-08-17,05:00:00,2.9958,Saturday,5,8,Summer,1
10023456785,2024-08-17 06:00:00,2024-08-17,06:00:00,0.9338,Saturday,6,8,Summer,0
10023456785,2024-08-17 07:00:00,2024-08-17,07:00:00,2.4231,Saturday,7,8,Summer,0
10023456785,2024-08-17 08:00:00,2024-08-17,08:00:00,2.0270,Saturday,8,8,Summer,0
10023456785,2024-08-17 09:00:00,2024-08-17,09:00:00,2.2248,Saturday,9,8,Summer,0
10023456785,2024-08-17 10:00:00,2024-08-17,10:00:00,2.0753,Saturday,10,8,Summer,0
10023456785,2024-08-17 11:00:00,2024-08-17,11:00:00,2.4096,Saturday,11,8,Summer,0
10023456785,2024-08-17 12:00:00,2024-08-17,12:00:00,5.0496,Saturday,12,8,Summer,1
10023456785,2024-08-17 13:00:00,2024-08-17,13:00:00,1.9880,Saturday,13,8,Summer,0
10023456785,2024-08-17 14:00:00,2024-08-17,14:00:00,1.9345,Saturday,14,8,Summer,0
10023456785,2024-08-17 15:00:00,2024-08-17,15:00:00,2.3266,Saturday,15,8,Summer,0
10023456785,2024-08-17 16:00:00,2024-08-17,16:00:00,2.3535,Saturday,16,8,Summer,0
10023456785,2024-08-17 17:00:00,2024-08-17,17:00:00,2.7056,Saturday,17,8,Summer,0
10023456785,2024-08-17 18:00:00,2024-08-17,18:00:00,2.6817,Saturday,18,8,Summer,0
10023456785,2024-08-17 19:00:00,2024-08-17,19:00:00,2.4434,Saturday,19,8,Summer,0
10023456785,2024-08-17 20:00:00,2024-08-17,20:00:00,2.3621,Saturday,20,8,Summer,0
10023456785,2024-08-17 21:00:00,2024-08-17,21:00:00,1.8737,Saturday,21,8,Summer,0
10023456785,2024-08-17 22:00:00,2024-08-17,22:00:00,1.2151,Saturday,22,8,Summer,0
10023456785,2024-08-17 23:00:00,2024-08-17,23:00:00,1.0569,Saturday,23,8,Summer,0
10023456785,2024-08-18 00:00:00,2024-08-18,00:00:00,1.0417,Sunday,0,8,Summer,0
10023456785,2024-08-18 01:00:00,2024-08-18,01:00:00,0.8774,Sunday,1,8,Summer,0
10023456785,2024-08-18 02:00:00,2024-08-18,02:00:00,0.8459,Sunday,2,8,Summer,0
10023456785,2024-08-18 03:00:00,2024-08-18,03:00:00,0.8230,Sunday,3,8,Summer,0
10023456785,2024-08-18 04:00:00,2024-08-18,04:00:00,0.8394,Sunday,4,8,Summer,0
10023456785,2024-08-18 05:00:00,2024-08-18,05:00:00,1.1257,Sunday,5,8,Summer,0
10023456785,2024-08-18 06:00:00,2024-08-18,06:00:00,1.2023,Sunday,6,8,Summer,0
10023456785,2024-08-18 07:00:00,2024-08-18,07:00:00,1.7619,Sunday,7,8,Summer,0
10023456785,2024-08-18 08:00:00,2024-08-18,08:00:00,2.2086,Sunday,8,8,Summer,0
10023456785,2024-08-18 09:00:00,2024-08-18,09:00:00,2.6314,Sunday,9,8,Summer,0
10023456785,2024-08-18 10:00:00,2024-08-18,10:00:00,1.9799,Sunday,10,8,Summer,0
10023456785,2024-08-18 11:00:00,2024-08-18,11:00:00,2.2505,Sunday,11,8,Summer,0
10023456785,2024-08-18 12:00:00,2024-08-18,12:00:00,2.0356,Sunday,12,8,Summer,0
10023456785,2024-08-18 13:00:00,2024-08-18,13:00:00,1.8792,Sunday,13,8,Summer,0
10023456785,2024-08-18 14:00:00,2024-08-18,14:00:00,1.9418,Sunday,14,8,Summer,0
10023456785,2024-08-18 15:00:00,2024-08-18,15:00:00,1.5032,Sunday,15,8,Summer,0
10023456785,2024-08-18 16:00:00,2024-08-18,16:00:00,1.8490,Sunday,16,8,Summer,0
10023456785,2024-08-18 17:00:00,2024-08-18,17:00:00,2.4510,Sunday,17,8,Summer,0
10023456785,2024-08-18 18:00:00,2024-08-18,18:00:00,2.7794,Sunday,18,8,Summer,0
10023456785,2024-08-18 19:00:00,2024-08-18,19:00:00,3.0353,Sunday,19,8,Summer,0
10023456785,2024-08-18 20:00:00,2024-08-18,20:00:00,2.7586,Sunday,20,8,Summer,0
10023456785,2024-08-18 21:00:00,2024-08-18,21:00:00,1.6862,Sunday,21,8,Summer,0
10023456785,2024-08-18 22:00:00,2024-08-18,22:00:00,1.4365,Sunday,22,8,Summer,0
10023456785,2024-08-18 23:00:00,2024-08-18,23:00:00,1.0884,Sunday,23,8,Summer,0
10023456785,2024-08-19 00:00:00,2024-08-19,00:00:00,0.6903,Monday,0,8,Summer,0
10023456785,2024-08-19 01:00:00,2024-08-19,01:00:00,0.7629,Monday,1,8,Summer,0
10023456785,2024-08-19 02:00:00,2024-08-19,02:00:00,0.5726,Monday,2,8,Summer,0
10023456785,2024-08-19 03:00:00,2024-08-19,03:00:00,0.5625,Monday,3,8,Summer,0
10023456785,2024-08-19 04:00:00,2024-08-19,04:00:00,0.7893,Monday,4,8,Summer,0
10023456785,2024-08-19 05:00:00,2024-08-19,05:00:00,1.2029,Monday,5,8,Summer,0
10023456785,2024-08-19 06:00:00,2024-08-19,06:00:00,1.4461,Monday,6,8,Summer,0
10023456785,2024-08-19 07:00:00,2024-08-19,07:00:00,1.9181,Monday,7,8,Summer,0
10023456785,2024-08-19 08:00:00,2024-08-19,08:00:00,2.4703,Monday,8,8,Summer,0
10023456785,2024-08-19 09:00:00,2024-08-19,09:00:00,2.8728,Monday,9,8,Summer,0
10023456785,2024-08-19 10:00:00,2024-08-19,10:00:00,2.1864,Monday,10,8,Summer,0
10023456785,2024-08-19 11:00:00,2024-08-19,11:00:00,1.6425,Monday,11,8,Summer,0
10023456785,2024-08-19 12:00:00,2024-08-19,12:00:00,1.7860,Monday,12,8,Summer,0
10023456785,2024-08-19 13:00:00,2024-08-19,13:00:00,2.6019,Monday,13,8,Summer,0
10023456785,2024-08-19 14:00:00,2024-08-19,14:00:00,2.0412,Monday,14,8,Summer,0
10023456785,2024-08-19 15:00:00,2024-08-19,15:00:00,2.0670,Monday,15,8,Summer,0
10023456785,2024-08-19 16:00:00,2024-08-19,16:00:00,2.2056,Monday,16,8,Summer,0
10023456785,2024-08-19 17:00:00,2024-08-19,17:00:00,2.3214,Monday,17,8,Summer,0
10023456785,2024-08-19 18:00:00,2024-08-19,18:00:00,2.3929,Monday,18,8,Summer,0
10023456785,2024-08-19 19:00:00,2024-08-19,19:00:00,0.5101,Monday,19,8,Summer,1
10023456785,2024-08-19 20:00:00,2024-08-19,20:00:00,0.4330,Monday,20,8,Summer,1
10023456785,2024-08-19 21:00:00,2024-08-19,21:00:00,0.2858,Monday,21,8,Summer,1
10023456785,2024-08-19 22:00:00,2024-08-19,22:00:00,1.3284,Monday,22,8,Summer,0
10023456785,2024-08-19 23:00:00,2024-08-19,23:00:00,0.9137,Monday,23,8,Summer,0
10023456785,2024-08-20 00:00:00,2024-08-20,00:00:00,0.7993,Tuesday,0,8,Summer,0
10023456785,2024-08-20 01:00:00,2024-08-20,01:00:00,0.7210,Tuesday,1,8,Summer,0
10023456785,2024-08-20 02:00:00,2024-08-20,02:00:00,0.8116,Tuesday,2,8,Summer,0
10023456785,2024-08-20 03:00:00,2024-08-20,03:00:00,0.5330,Tuesday,3,8,Summer,0
10023456785,2024-08-20 04:00:00,2024-08-20,04:00:00,0.7060,Tuesday,4,8,Summer,0
10023456785,2024-08-20 05:00:00,2024-08-20,05:00:00,0.8339,Tuesday,5,8,Summer,0
10023456785,2024-08-20 06:00:00,2024-08-20,06:00:00,1.5494,Tuesday,6,8,Summer,0
10023456785,2024-08-20 07:00:00,2024-08-20,07:00:00,1.9768,Tuesday,7,8,Summer,0
10023456785,2024-08-20 08:00:00,2024-08-20,08:00:00,2.1252,Tuesday,8,8,Summer,0
10023456785,2024-08-20 09:00:00,2024-08-20,09:00:00,2.1633,Tuesday,9,8,Summer,0
10023456785,2024-08-20 10:00:00,2024-08-20,10:00:00,1.8249,Tuesday,10,8,Summer,0
10023456785,2024-08-20 11:00:00,2024-08-20,11:00:00,1.7682,Tuesday,11,8,Summer,0
10023456785,2024-08-20 12:00:00,2024-08-20,12:00:00,2.1992,Tuesday,12,8,Summer,0
10023456785,2024-08-20 13:00:00,2024-08-20,13:00:00,1.6547,Tuesday,13,8,Summer,0
10023456785,2024-08-20 14:00:00,2024-08-20,14:00:00,1.9070,Tuesday,14,8,Summer,0
10023456785,2024-08-20 15:00:00,2024-08-20,15:00:00,2.2819,Tuesday,15,8,Summer,0
10023456785,2024-08-20 16:00:00,2024-08-20,16:00:00,1.8599,Tuesday,16,8,Summer,0
10023456785,2024-08-20 17:00:00,2024-08-20,17:00:00,2.7582,Tuesday,17,8,Summer,0
10023456785,2024-08-20 18:00:00,2024-08-20,18:00:00,2.2422,Tuesday,18,8,Summer,0
10023456785,2024-08-20 19:00:00,2024-08-20,19:00:00,2.0573,Tuesday,19,8,Summer,0
10023456785,2024-08-20 20:00:00,2024-08-20,20:00:00,1.9674,Tuesday,20,8,Summer,0
10023456785,2024-08-20 21:00:00,2024-08-20,21:00:00,2.0120,Tuesday,21,8,Summer,0
10023456785,2024-08-20 22:00:00,2024-08-20,22:00:00,0.0918,Tuesday,22,8,Summer,1
10023456785,2024-08-20 23:00:00,2024-08-20,23:00:00,0.8929,Tuesday,23,8,Summer,0
10023456785,2024-08-21 00:00:00,2024-08-21,00:00:00,0.6689,Wednesday,0,8,Summer,0
10023456785,2024-08-21 01:00:00,2024-08-21,01:00:00,0.6007,Wednesday,1,8,Summer,0
10023456785,2024-08-21 02:00:00,2024-08-21,02:00:00,0.5737,Wednesday,2,8,Summer,0
10023456785,2024-08-21 03:00:00,2024-08-21,03:00:00,0.5479,Wednesday,3,8,Summer,0
10023456785,2024-08-21 04:00:00,2024-08-21,04:00:00,0.6854,Wednesday,4,8,Summer,0
10023456785,2024-08-21 05:00:00,2024-08-21,05:00:00,0.8290,Wednesday,5,8,Summer,0
10023456785,2024-08-21 06:00:00,2024-08-21,06:00:00,1.7275,Wednesday,6,8,Summer,0
10023456785,2024-08-21 07:00:00,2024-08-21,07:00:00,1.5761,Wednesday,7,8,Summer,0
10023456785,2024-08-21 08:00:00,2024-08-21,08:00:00,2.5189,Wednesday,8,8,Summer,0
10023456785,2024-08-21 09:00:00,2024-08-21,09:00:00,1.9240,Wednesday,9,8,Summer,0
10023456785,2024-08-21 10:00:00,2024-08-21,10:00:00,2.5845,Wednesday,10,8,Summer,0
10023456785,2024-08-21 11:00:00,2024-08-21,11:00:00,1.8748,Wednesday,11,8,Summer,0
10023456785,2024-08-21 12:00:00,2024-08-21,12:00:00,1.8500,Wednesday,12,8,Summer,0
10023456785,2024-08-21 13:00:00,2024-08-21,13:00:00,2.2536,Wednesday,13,8,Summer,0
10023456785,2024-08-21 14:00:00,2024-08-21,14:00:00,2.3051,Wednesday,14,8,Summer,0
10023456785,2024-08-21 15:00:00,2024-08-21,15:00:00,1.5705,Wednesday,15,8,Summer,0
10023456785,2024-08-21 16:00:00,2024-08-21,16:00:00,1.9293,Wednesday,16,8,Summer,0
10023456785,2024-08-21 17:00:00,2024-08-21,17:00:00,2.1548,Wednesday,17,8,Summer,0
10023456785,2024-08-21 18:00:00,2024-08-21,18:00:00,2.6130,Wednesday,18,8,Summer,0
10023456785,2024-08-21 19:00:00,2024-08-21,19:00:00,2.1192,Wednesday,19,8,Summer,0
10023456785,2024-08-21 20:00:00,2024-08-21,20:00:00,7.6440,Wednesday,20,8,Summer,1
10023456785,2024-08-21 21:00:00,2024-08-21,21:00:00,1.2953,Wednesday,21,8,Summer,0
10023456785,2024-08-21 22:00:00,2024-08-21,22:00:00,1.1377,Wednesday,22,8,Summer,0
10023456785,2024-08-21 23:00:00,2024-08-21,23:00:00,0.7534,Wednesday,23,8,Summer,0
10023456785,2024-08-22 00:00:00,2024-08-22,00:00:00,0.7756,Thursday,0,8,Summer,0
10023456785,2024-08-22 01:00:00,2024-08-22,01:00:00,0.7643,Thursday,1,8,Summer,0
10023456785,2024-08-22 02:00:00,2024-08-22,02:00:00,0.7367,Thursday,2,8,Summer,0
10023456785,2024-08-22 03:00:00,2024-08-22,03:00:00,0.7881,Thursday,3,8,Summer,0
10023456785,2024-08-22 04:00:00,2024-08-22,04:00:00,0.7852,Thursday,4,8,Summer,0
10023456785,2024-08-22 05:00:00,2024-08-22,05:00:00,1.1966,Thursday,5,8,Summer,0
10023456785,2024-08-22 06:00:00,2024-08-22,06:00:00,1.8755,Thursday,6,8,Summer,0
10023456785,2024-08-22 07:00:00,2024-08-22,07:00:00,2.3102,Thursday,7,8,Summer,0
10023456785,2024-08-22 08:00:00,2024-08-22,08:00:00,2.2547,Thursday,8,8,Summer,0
10023456785,2024-08-22 09:00:00,2024-08-22,09:00:00,2.5386,Thursday,9,8,Summer,0
10023456785,2024-08-22 10:00:00,2024-08-22,10:00:00,2.3760,Thursday,10,8,Summer,0
10023456785,2024-08-22 11:00:00,2024-08-22,11:00:00,2.4942,Thursday,11,8,Summer,0
10023456785,2024-08-22 12:00:00,2024-08-22,12:00:00,2.4078,Thursday,12,8,Summer,0
10023456785,2024-08-22 13:00:00,2024-08-22,13:00:00,2.8219,Thursday,13,8,Summer,0
10023456785,2024-08-22 14:00:00,2024-08-22,14:00:00,2.0025,Thursday,14,8,Summer,0
10023456785,2024-08-22 15:00:00,2024-08-22,15:00:00,2.2907,Thursday,15,8,Summer,0
10023456785,2024-08-22 16:00:00,2024-08-22,16:00:00,2.6916,Thursday,16,8,Summer,0
10023456785,2024-08-22 17:00:00,2024-08-22,17:00:00,2.4984,Thursday,17,8,Summer,0
10023456785,2024-08-22 18:00:00,2024-08-22,18:00:00,2.6659,Thursday,18,8,Summer,0
10023456785,2024-08-22 19:00:00,2024-08-22,19:00:00,2.4078,Thursday,19,8,Summer,0
10023456785,2024-08-22 20:00:00,2024-08-22,20:00:00,0.2376,Thursday,20,8,Summer,1
10023456785,2024-08-22 21:00:00,2024-08-22,21:00:00,0.2355,Thursday,21,8,Summer,1
10023456785,2024-08-22 22:00:00,2024-08-22,22:00:00,0.2287,Thursday,22,8,Summer,1
10023456785,2024-08-22 23:00:00,2024-08-22,23:00:00,1.0465,Thursday,23,8,Summer,0
10023456785,2024-08-23 00:00:00,2024-08-23,00:00:00,0.8256,Friday,0,8,Summer,0
10023456785,2024-08-23 01:00:00,2024-08-23,01:00:00,0.7020,Friday,1,8,Summer,0
10023456785,2024-08-23 02:00:00,2024-08-23,02:00:00,0.8049,Friday,2,8,Summer,0
10023456785,2024-08-23 03:00:00,2024-08-23,03:00:00,0.6704,Friday,3,8,Summer,0
10023456785,2024-08-23 04:00:00,2024-08-23,04:00:00,0.7657,Friday,4,8,Summer,0
10023456785,2024-08-23 05:00:00,2024-08-23,05:00:00,0.9751,Friday,5,8,Summer,0
10023456785,2024-08-23 06:00:00,2024-08-23,06:00:00,1.8247,Friday,6,8,Summer,0
10023456785,2024-08-23 07:00:00,2024-08-23,07:00:00,1.9671,Friday,7,8,Summer,0
10023456785,2024-08-23 08:00:00,2024-08-23,08:00:00,2.8995,Friday,8,8,Summer,0
10023456785,2024-08-23 09:00:00,2024-08-23,09:00:00,2.7247,Friday,9,8,Summer,0
10023456785,2024-08-23 10:00:00,2024-08-23,10:00:00,2.7450,Friday,10,8,Summer,0
10023456785,2024-08-23 11:00:00,2024-08-23,11:00:00,1.6619,Friday,11,8,Summer,0
10023456785,2024-08-23 12:00:00,2024-08-23,12:00:00,1.9549,Friday,12,8,Summer,0
10023456785,2024-08-23 13:00:00,2024-08-23,13:00:00,2.0311,Friday,13,8,Summer,0
10023456785,2024-08-23 14:00:00,2024-08-23,14:00:00,8.8600,Friday,14,8,Summer,1
10023456785,2024-08-23 15:00:00,2024-08-23,15:00:00,2.0879,Friday,15,8,Summer,0
10023456785,2024-08-23 16:00:00,2024-08-23,16:00:00,2.9502,Friday,16,8,Summer,0
10023456785,2024-08-23 17:00:00,2024-08-23,17:00:00,2.6778,Friday,17,8,Summer,0
10023456785,2024-08-23 18:00:00,2024-08-23,18:00:00,2.0142,Friday,18,8,Summer,0
10023456785,2024-08-23 19:00:00,2024-08-23,19:00:00,3.2171,Friday,19,8,Summer,0
10023456785,2024-08-23 20:00:00,2024-08-23,20:00:00,2.2521,Friday,20,8,Summer,0
10023456785,2024-08-23 21:00:00,2024-08-23,21:00:00,1.6416,Friday,21,8,Summer,0
10023456785,2024-08-23 22:00:00,2024-08-23,22:00:00,1.4090,Friday,22,8,Summer,0
10023456785,2024-08-23 23:00:00,2024-08-23,23:00:00,1.0209,Friday,23,8,Summer,0
10023456785,2024-08-24 00:00:00,2024-08-24,00:00:00,0.9662,Saturday,0,8,Summer,0
10023456785,2024-08-24 01:00:00,2024-08-24,01:00:00,0.8813,Saturday,1,8,Summer,0
10023456785,2024-08-24 02:00:00,2024-08-24,02:00:00,3.1424,Saturday,2,8,Summer,1
10023456785,2024-08-24 03:00:00,2024-08-24,03:00:00,2.8793,Saturday,3,8,Summer,1
10023456785,2024-08-24 04:00:00,2024-08-24,04:00:00,1.0278,Saturday,4,8,Summer,0
10023456785,2024-08-24 05:00:00,2024-08-24,05:00:00,0.7345,Saturday,5,8,Summer,0
10023456785,2024-08-24 06:00:00,2024-08-24,06:00:00,1.5692,Saturday,6,8,Summer,0
10023456785,2024-08-24 07:00:00,2024-08-24,07:00:00,2.3059,Saturday,7,8,Summer,0
10023456785,2024-08-24 08:00:00,2024-08-24,08:00:00,2.6302,Saturday,8,8,Summer,0
10023456785,2024-08-24 09:00:00,2024-08-24,09:00:00,2.4744,Saturday,9,8,Summer,0
10023456785,2024-08-24 10:00:00,2024-08-24,10:00:00,2.2710,Saturday,10,8,Summer,0
10023456785,2024-08-24 11:00:00,2024-08-24,11:00:00,2.8818,Saturday,11,8,Summer,0
10023456785,2024-08-24 12:00:00,2024-08-24,12:00:00,2.1072,Saturday,12,8,Summer,0
10023456785,2024-08-24 13:00:00,2024-08-24,13:00:00,2.4635,Saturday,13,8,Summer,0
10023456785,2024-08-24 14:00:00,2024-08-24,14:00:00,2.3365,Saturday,14,8,Summer,0
10023456785,2024-08-24 15:00:00,2024-08-24,15:00:00,2.1603,Saturday,15,8,Summer,0
10023456785,2024-08-24 16:00:00,2024-08-24,16:00:00,2.7389,Saturday,16,8,Summer,0
10023456785,2024-08-24 17:00:00,2024-08-24,17:00:00,0.4016,Saturday,17,8,Summer,1
10023456785,2024-08-24 18:00:00,2024-08-24,18:00:00,3.1460,Saturday,18,8,Summer,0
10023456785,2024-08-24 19:00:00,2024-08-24,19:00:00,3.6359,Saturday,19,8,Summer,0
10023456785,2024-08-24 20:00:00,2024-08-24,20:00:00,2.4884,Saturday,20,8,Summer,0
10023456785,2024-08-24 21:00:00,2024-08-24,21:00:00,2.5511,Saturday,21,8,Summer,0
10023456785,2024-08-24 22:00:00,2024-08-24,22:00:00,1.8983,Saturday,22,8,Summer,0
10023456785,2024-08-24 23:00:00,2024-08-24,23:00:00,1.2867,Saturday,23,8,Summer,0
10023456785,2024-08-25 00:00:00,2024-08-25,00:00:00,0.7977,Sunday,0,8,Summer,0
10023456785,2024-08-25 01:00:00,2024-08-25,01:00:00,3.1620,Sunday,1,8,Summer,1
10023456785,2024-08-25 02:00:00,2024-08-25,02:00:00,0.8054,Sunday,2,8,Summer,0
10023456785,2024-08-25 03:00:00,2024-08-25,03:00:00,0.7746,Sunday,3,8,Summer,0
10023456785,2024-08-25 04:00:00,2024-08-25,04:00:00,0.7468,Sunday,4,8,Summer,0
10023456785,2024-08-25 05:00:00,2024-08-25,05:00:00,0.8726,Sunday,5,8,Summer,0
10023456785,2024-08-25 06:00:00,2024-08-25,06:00:00,1.4077,Sunday,6,8,Summer,0
10023456785,2024-08-25 07:00:00,2024-08-25,07:00:00,1.8270,Sunday,7,8,Summer,0
10023456785,2024-08-25 08:00:00,2024-08-25,08:00:00,1.9665,Sunday,8,8,Summer,0
10023456785,2024-08-25 09:00:00,2024-08-25,09:00:00,2.4328,Sunday,9,8,Summer,0
10023456785,2024-08-25 10:00:00,2024-08-25,10:00:00,2.1640,Sunday,10,8,Summer,0
10023456785,2024-08-25 11:00:00,2024-08-25,11:00:00,4.1973,Sunday,11,8,Summer,1
10023456785,2024-08-25 12:00:00,2024-08-25,12:00:00,3.8298,Sunday,12,8,Summer,1
10023456785,2024-08-25 13:00:00,2024-08-25,13:00:00,3.9491,Sunday,13,8,Summer,1
10023456785,2024-08-25 14:00:00,2024-08-25,14:00:00,3.8531,Sunday,14,8,Summer,1
10023456785,2024-08-25 15:00:00,2024-08-25,15:00:00,3.9632,Sunday,15,8,Summer,1
10023456785,2024-08-25 16:00:00,2024-08-25,16:00:00,5.1076,Sunday,16,8,Summer,1
10023456785,2024-08-25 17:00:00,2024-08-25,17:00:00,2.2239,Sunday,17,8,Summer,0
10023456785,2024-08-25 18:00:00,2024-08-25,18:00:00,2.9736,Sunday,18,8,Summer,0
10023456785,2024-08-25 19:00:00,2024-08-25,19:00:00,3.2700,Sunday,19,8,Summer,0
10023456785,2024-08-25 20:00:00,2024-08-25,20:00:00,1.8970,Sunday,20,8,Summer,0
10023456785,2024-08-25 21:00:00,2024-08-25,21:00:00,1.8499,Sunday,21,8,Summer,0
10023456785,2024-08-25 22:00:00,2024-08-25,22:00:00,1.8766,Sunday,22,8,Summer,0
10023456785,2024-08-25 23:00:00,2024-08-25,23:00:00,1.0998,Sunday,23,8,Summer,0
10023456785,2024-08-26 00:00:00,2024-08-26,00:00:00,0.9316,Monday,0,8,Summer,0
10023456785,2024-08-26 01:00:00,2024-08-26,01:00:00,0.9373,Monday,1,8,Summer,0
10023456785,2024-08-26 02:00:00,2024-08-26,02:00:00,0.7645,Monday,2,8,Summer,0
10023456785,2024-08-26 03:00:00,2024-08-26,03:00:00,0.8623,Monday,3,8,Summer,0
10023456785,2024-08-26 04:00:00,2024-08-26,04:00:00,0.8571,Monday,4,8,Summer,0
10023456785,2024-08-26 05:00:00,2024-08-26,05:00:00,1.6306,Monday,5,8,Summer,0
10023456785,2024-08-26 06:00:00,2024-08-26,06:00:00,2.1980,Monday,6,8,Summer,0
10023456785,2024-08-26 07:00:00,2024-08-26,07:00:00,3.5017,Monday,7,8,Summer,0
10023456785,2024-08-26 08:00:00,2024-08-26,08:00:00,2.8961,Monday,8,8,Summer,0
10023456785,2024-08-26 09:00:00,2024-08-26,09:00:00,2.8756,Monday,9,8,Summer,0
10023456785,2024-08-26 10:00:00,2024-08-26,10:00:00,2.1544,Monday,10,8,Summer,0
10023456785,2024-08-26 11:00:00,2024-08-26,11:00:00,3.0107,Monday,11,8,Summer,0
10023456785,2024-08-26 12:00:00,2024-08-26,12:00:00,2.4982,Monday,12,8,Summer,0
10023456785,2024-08-26 13:00:00,2024-08-26,13:00:00,2.5665,Monday,13,8,Summer,0
10023456785,2024-08-26 14:00:00,2024-08-26,14:00:00,2.4220,Monday,14,8,Summer,0
10023456785,2024-08-26 15:00:00,2024-08-26,15:00:00,2.3966,Monday,15,8,Summer,0
10023456785,2024-08-26 16:00:00,2024-08-26,16:00:00,3.0918,Monday,16,8,Summer,0
10023456785,2024-08-26 17:00:00,2024-08-26,17:00:00,3.1877,Monday,17,8,Summer,0
10023456785,2024-08-26 18:00:00,2024-08-26,18:00:00,2.8278,Monday,18,8,Summer,0
10023456785,2024-08-26 19:00:00,2024-08-26,19:00:00,3.9039,Monday,19,8,Summer,0
10023456785,2024-08-26 20:00:00,2024-08-26,20:00:00,2.5237,Monday,20,8,Summer,0
10023456785,2024-08-26 21:00:00,2024-08-26,21:00:00,0.3204,Monday,21,8,Summer,1
10023456785,2024-08-26 22:00:00,2024-08-26,22:00:00,1.5383,Monday,22,8,Summer,0
10023456785,2024-08-26 23:00:00,2024-08-26,23:00:00,1.0941,Monday,23,8,Summer,0
10023456785,2024-08-27 00:00:00,2024-08-27,00:00:00,0.9339,Tuesday,0,8,Summer,0
10023456785,2024-08-27 01:00:00,2024-08-27,01:00:00,0.7751,Tuesday,1,8,Summer,0
10023456785,2024-08-27 02:00:00,2024-08-27,02:00:00,0.8432,Tuesday,2,8,Summer,0
10023456785,2024-08-27 03:00:00,2024-08-27,03:00:00,0.7296,Tuesday,3,8,Summer,0
10023456785,2024-08-27 04:00:00,2024-08-27,04:00:00,0.8526,Tuesday,4,8,Summer,0
10023456785,2024-08-27 05:00:00,2024-08-27,05:00:00,1.1129,Tuesday,5,8,Summer,0
10023456785,2024-08-27 06:00:00,2024-08-27,06:00:00,1.8694,Tuesday,6,8,Summer,0
10023456785,2024-08-27 07:00:00,2024-08-27,07:00:00,2.4313,Tuesday,7,8,Summer,0
10023456785,2024-08-27 08:00:00,2024-08-27,08:00:00,0.2741,Tuesday,8,8,Summer,1
10023456785,2024-08-27 09:00:00,2024-08-27,09:00:00,2.4192,Tuesday,9,8,Summer,0
10023456785,2024-08-27 10:00:00,2024-08-27,10:00:00,2.7651,Tuesday,10,8,Summer,0
10023456785,2024-08-27 11:00:00,2024-08-27,11:00:00,2.6387,Tuesday,11,8,Summer,0
10023456785,2024-08-27 12:00:00,2024-08-27,12:00:00,2.6226,Tuesday,12,8,Summer,0
10023456785,2024-08-27 13:00:00,2024-08-27,13:00:00,2.2779,Tuesday,13,8,Summer,0
10023456785,2024-08-27 14:00:00,2024-08-27,14:00:00,2.3276,Tuesday,14,8,Summer,0
10023456785,2024-08-27 15:00:00,2024-08-27,15:00:00,2.9258,Tuesday,15,8,Summer,0
10023456785,2024-08-27 16:00:00,2024-08-27,16:00:00,2.2768,Tuesday,16,8,Summer,0
10023456785,2024-08-27 17:00:00,2024-08-27,17:00:00,2.0251,Tuesday,17,8,Summer,0
10023456785,2024-08-27 18:00:00,2024-08-27,18:00:00,2.7401,Tuesday,18,8,Summer,0
10023456785,2024-08-27 19:00:00,2024-08-27,19:00:00,3.0229,Tuesday,19,8,Summer,0
10023456785,2024-08-27 20:00:00,2024-08-27,20:00:00,2.6819,Tuesday,20,8,Summer,0
10023456785,2024-08-27 21:00:00,2024-08-27,21:00:00,2.0576,Tuesday,21,8,Summer,0
10023456785,2024-08-27 22:00:00,2024-08-27,22:00:00,1.4198,Tuesday,22,8,Summer,0
10023456785,2024-08-27 23:00:00,2024-08-27,23:00:00,1.4102,Tuesday,23,8,Summer,0
10023456785,2024-08-28 00:00:00,2024-08-28,00:00:00,0.9330,Wednesday,0,8,Summer,0
10023456785,2024-08-28 01:00:00,2024-08-28,01:00:00,0.8087,Wednesday,1,8,Summer,0
10023456785,2024-08-28 02:00:00,2024-08-28,02:00:00,0.9208,Wednesday,2,8,Summer,0
10023456785,2024-08-28 03:00:00,2024-08-28,03:00:00,0.9632,Wednesday,3,8,Summer,0
10023456785,2024-08-28 04:00:00,2024-08-28,04:00:00,0.9921,Wednesday,4,8,Summer,0
10023456785,2024-08-28 05:00:00,2024-08-28,05:00:00,1.3311,Wednesday,5,8,Summer,0
10023456785,2024-08-28 06:00:00,2024-08-28,06:00:00,1.9533,Wednesday,6,8,Summer,0
10023456785,2024-08-28 07:00:00,2024-08-28,07:00:00,2.6112,Wednesday,7,8,Summer,0
10023456785,2024-08-28 08:00:00,2024-08-28,08:00:00,3.1617,Wednesday,8,8,Summer,0
10023456785,2024-08-28 09:00:00,2024-08-28,09:00:00,3.2215,Wednesday,9,8,Summer,0
10023456785,2024-08-28 10:00:00,2024-08-28,10:00:00,3.0609,Wednesday,10,8,Summer,0
10023456785,2024-08-28 11:00:00,2024-08-28,11:00:00,2.0611,Wednesday,11,8,Summer,0
10023456785,2024-08-28 12:00:00,2024-08-28,12:00:00,3.1098,Wednesday,12,8,Summer,0
10023456785,2024-08-28 13:00:00,2024-08-28,13:00:00,2.2330,Wednesday,13,8,Summer,0
10023456785,2024-08-28 14:00:00,2024-08-28,14:00:00,2.2695,Wednesday,14,8,Summer,0
10023456785,2024-08-28 15:00:00,2024-08-28,15:00:00,2.7686,Wednesday,15,8,Summer,0
10023456785,2024-08-28 16:00:00,2024-08-28,16:00:00,2.5627,Wednesday,16,8,Summer,0
10023456785,2024-08-28 17:00:00,2024-08-28,17:00:00,2.5027,Wednesday,17,8,Summer,0
10023456785,2024-08-28 18:00:00,2024-08-28,18:00:00,2.9755,Wednesday,18,8,Summer,0
10023456785,2024-08-28 19:00:00,2024-08-28,19:00:00,3.6733,Wednesday,19,8,Summer,0
10023456785,2024-08-28 20:00:00,2024-08-28,20:00:00,3.5138,Wednesday,20,8,Summer,0
10023456785,2024-08-28 21:00:00,2024-08-28,21:00:00,2.3147,Wednesday,21,8,Summer,0
10023456785,2024-08-28 22:00:00,2024-08-28,22:00:00,1.8552,Wednesday,22,8,Summer,0
10023456785,2024-08-28 23:00:00,2024-08-28,23:00:00,1.2799,Wednesday,23,8,Summer,0
10023456785,2024-08-29 00:00:00,2024-08-29,00:00:00,0.7504,Thursday,0,8,Summer,0
10023456785,2024-08-29 01:00:00,2024-08-29,01:00:00,0.9420,Thursday,1,8,Summer,0
10023456785,2024-08-29 02:00:00,2024-08-29,02:00:00,0.8623,Thursday,2,8,Summer,0
10023456785,2024-08-29 03:00:00,2024-08-29,03:00:00,0.8915,Thursday,3,8,Summer,0
10023456785,2024-08-29 04:00:00,2024-08-29,04:00:00,0.9787,Thursday,4,8,Summer,0
10023456785,2024-08-29 05:00:00,2024-08-29,05:00:00,1.0689,Thursday,5,8,Summer,0
10023456785,2024-08-29 06:00:00,2024-08-29,06:00:00,1.7309,Thursday,6,8,Summer,0
10023456785,2024-08-29 07:00:00,2024-08-29,07:00:00,2.7434,Thursday,7,8,Summer,0
10023456785,2024-08-29 08:00:00,2024-08-29,08:00:00,2.9269,Thursday,8,8,Summer,0
10023456785,2024-08-29 09:00:00,2024-08-29,09:00:00,2.6317,Thursday,9,8,Summer,0
10023456785,2024-08-29 10:00:00,2024-08-29,10:00:00,2.0542,Thursday,10,8,Summer,0
10023456785,2024-08-29 11:00:00,2024-08-29,11:00:00,2.6224,Thursday,11,8,Summer,0
10023456785,2024-08-29 12:00:00,2024-08-29,12:00:00,2.5171,Thursday,12,8,Summer,0
10023456785,2024-08-29 13:00:00,2024-08-29,13:00:00,2.3527,Thursday,13,8,Summer,0
10023456785,2024-08-29 14:00:00,2024-08-29,14:00:00,2.3947,Thursday,14,8,Summer,0
10023456785,2024-08-29 15:00:00,2024-08-29,15:00:00,2.8556,Thursday,15,8,Summer,0
10023456785,2024-08-29 16:00:00,2024-08-29,16:00:00,2.5120,Thursday,16,8,Summer,0
10023456785,2024-08-29 17:00:00,2024-08-29,17:00:00,5.1016,Thursday,17,8,Summer,1
10023456785,2024-08-29 18:00:00,2024-08-29,18:00:00,6.1177,Thursday,18,8,Summer,1
10023456785,2024-08-29 19:00:00,2024-08-29,19:00:00,5.5229,Thursday,19,8,Summer,1
10023456785,2024-08-29 20:00:00,2024-08-29,20:00:00,2.7911,Thursday,20,8,Summer,0
10023456785,2024-08-29 21:00:00,2024-08-29,21:00:00,1.9358,Thursday,21,8,Summer,0
10023456785,2024-08-29 22:00:00,2024-08-29,22:00:00,1.4149,Thursday,22,8,Summer,0
10023456785,2024-08-29 23:00:00,2024-08-29,23:00:00,1.0569,Thursday,23,8,Summer,0
10023456785,2024-08-30 00:00:00,2024-08-30,00:00:00,1.0851,Friday,0,8,Summer,0
10023456785,2024-08-30 01:00:00,2024-08-30,01:00:00,0.8799,Friday,1,8,Summer,0
10023456785,2024-08-30 02:00:00,2024-08-30,02:00:00,0.8894,Friday,2,8,Summer,0
10023456785,2024-08-30 03:00:00,2024-08-30,03:00:00,0.9931,Friday,3,8,Summer,0
10023456785,2024-08-30 04:00:00,2024-08-30,04:00:00,1.0036,Friday,4,8,Summer,0
10023456785,2024-08-30 05:00:00,2024-08-30,05:00:00,1.3218,Friday,5,8,Summer,0
10023456785,2024-08-30 06:00:00,2024-08-30,06:00:00,1.9626,Friday,6,8,Summer,0
10023456785,2024-08-30 07:00:00,2024-08-30,07:00:00,2.7757,Friday,7,8,Summer,0
10023456785,2024-08-30 08:00:00,2024-08-30,08:00:00,3.3821,Friday,8,8,Summer,0
10023456785,2024-08-30 09:00:00,2024-08-30,09:00:00,3.9966,Friday,9,8,Summer,0
10023456785,2024-08-30 10:00:00,2024-08-30,10:00:00,2.4852,Friday,10,8,Summer,0
10023456785,2024-08-30 11:00:00,2024-08-30,11:00:00,2.8975,Friday,11,8,Summer,0
10023456785,2024-08-30 12:00:00,2024-08-30,12:00:00,3.2856,Friday,12,8,Summer,0
10023456785,2024-08-30 13:00:00,2024-08-30,13:00:00,3.1288,Friday,13,8,Summer,0
10023456785,2024-08-30 14:00:00,2024-08-30,14:00:00,3.0642,Friday,14,8,Summer,0
10023456785,2024-08-30 15:00:00,2024-08-30,15:00:00,2.3222,Friday,15,8,Summer,0
10023456785,2024-08-30 16:00:00,2024-08-30,16:00:00,2.7071,Friday,16,8,Summer,0
10023456785,2024-08-30 17:00:00,2024-08-30,17:00:00,3.2952,Friday,17,8,Summer,0
10023456785,2024-08-30 18:00:00,2024-08-30,18:00:00,3.7249,Friday,18,8,Summer,0
10023456785,2024-08-30 19:00:00,2024-08-30,19:00:00,3.3207,Friday,19,8,Summer,0
10023456785,2024-08-30 20:00:00,2024-08-30,20:00:00,2.7523,Friday,20,8,Summer,0
10023456785,2024-08-30 21:00:00,2024-08-30,21:00:00,0.1815,Friday,21,8,Summer,1
10023456785,2024-08-30 22:00:00,2024-08-30,22:00:00,1.7850,Friday,22,8,Summer,0
10023456785,2024-08-30 23:00:00,2024-08-30,23:00:00,1.2459,Friday,23,8,Summer,0
10023456785,2024-08-31 00:00:00,2024-08-31,00:00:00,0.9746,Saturday,0,8,Summer,0
10023456785,2024-08-31 01:00:00,2024-08-31,01:00:00,0.9043,Saturday,1,8,Summer,0
10023456785,2024-08-31 02:00:00,2024-08-31,02:00:00,0.8541,Saturday,2,8,Summer,0
10023456785,2024-08-31 03:00:00,2024-08-31,03:00:00,0.6645,Saturday,3,8,Summer,0
10023456785,2024-08-31 04:00:00,2024-08-31,04:00:00,0.7306,Saturday,4,8,Summer,0
10023456785,2024-08-31 05:00:00,2024-08-31,05:00:00,1.0057,Saturday,5,8,Summer,0
10023456785,2024-08-31 06:00:00,2024-08-31,06:00:00,1.4139,Saturday,6,8,Summer,0
10023456785,2024-08-31 07:00:00,2024-08-31,07:00:00,1.6004,Saturday,7,8,Summer,0
10023456785,2024-08-31 08:00:00,2024-08-31,08:00:00,2.0509,Saturday,8,8,Summer,0
10023456785,2024-08-31 09:00:00,2024-08-31,09:00:00,2.6010,Saturday,9,8,Summer,0
10023456785,2024-08-31 10:00:00,2024-08-31,10:00:00,2.4406,Saturday,10,8,Summer,0
10023456785,2024-08-31 11:00:00,2024-08-31,11:00:00,2.1833,Saturday,11,8,Summer,0
10023456785,2024-08-31 12:00:00,2024-08-31,12:00:00,2.5599,Saturday,12,8,Summer,0
10023456785,2024-08-31 13:00:00,2024-08-31,13:00:00,2.2527,Saturday,13,8,Summer,0
10023456785,2024-08-31 14:00:00,2024-08-31,14:00:00,2.5289,Saturday,14,8,Summer,0
10023456785,2024-08-31 15:00:00,2024-08-31,15:00:00,2.4693,Saturday,15,8,Summer,0
10023456785,2024-08-31 16:00:00,2024-08-31,16:00:00,2.6168,Saturday,16,8,Summer,0
10023456785,2024-08-31 17:00:00,2024-08-31,17:00:00,3.2966,Saturday,17,8,Summer,0
10023456785,2024-08-31 18:00:00,2024-08-31,18:00:00,3.3136,Saturday,18,8,Summer,0
10023456785,2024-08-31 19:00:00,2024-08-31,19:00:00,2.8122,Saturday,19,8,Summer,0
10023456785,2024-08-31 20:00:00,2024-08-31,20:00:00,2.9272,Saturday,20,8,Summer,0
10023456785,2024-08-31 21:00:00,2024-08-31,21:00:00,1.8182,Saturday,21,8,Summer,0
10023456785,2024-08-31 22:00:00,2024-08-31,22:00:00,1.8134,Saturday,22,8,Summer,0
10023456785,2024-08-31 23:00:00,2024-08-31,23:00:00,1.1563,Saturday,23,8,Summer,0
10023456785,2024-09-01 00:00:00,2024-09-01,00:00:00,0.9926,Sunday,0,9,Autumn,0
10023456785,2024-09-01 01:00:00,2024-09-01,01:00:00,0.7846,Sunday,1,9,Autumn,0
10023456785,2024-09-01 02:00:00,2024-09-01,02:00:00,0.9915,Sunday,2,9,Autumn,0
10023456785,2024-09-01 03:00:00,2024-09-01,03:00:00,0.9298,Sunday,3,9,Autumn,0
10023456785,2024-09-01 04:00:00,2024-09-01,04:00:00,0.8182,Sunday,4,9,Autumn,0
10023456785,2024-09-01 05:00:00,2024-09-01,05:00:00,1.1767,Sunday,5,9,Autumn,0
10023456785,2024-09-01 06:00:00,2024-09-01,06:00:00,1.5436,Sunday,6,9,Autumn,0
10023456785,2024-09-01 07:00:00,2024-09-01,07:00:00,0.2301,Sunday,7,9,Autumn,1
10023456785,2024-09-01 08:00:00,2024-09-01,08:00:00,3.3419,Sunday,8,9,Autumn,0
10023456785,2024-09-01 09:00:00,2024-09-01,09:00:00,2.8183,Sunday,9,9,Autumn,0
10023456785,2024-09-01 10:00:00,2024-09-01,10:00:00,3.4610,Sunday,10,9,Autumn,0
10023456785,2024-09-01 11:00:00,2024-09-01,11:00:00,2.7898,Sunday,11,9,Autumn,0
10023456785,2024-09-01 12:00:00,2024-09-01,12:00:00,2.8152,Sunday,12,9,Autumn,0
10023456785,2024-09-01 13:00:00,2024-09-01,13:00:00,2.5768,Sunday,13,9,Autumn,0
10023456785,2024-09-01 14:00:00,2024-09-01,14:00:00,2.4723,Sunday,14,9,Autumn,0
10023456785,2024-09-01 15:00:00,2024-09-01,15:00:00,2.4356,Sunday,15,9,Autumn,0
10023456785,2024-09-01 16:00:00,2024-09-01,16:00:00,2.4399,Sunday,16,9,Autumn,0
10023456785,2024-09-01 17:00:00,2024-09-01,17:00:00,3.2870,Sunday,17,9,Autumn,0
10023456785,2024-09-01 18:00:00,2024-09-01,18:00:00,0.6206,Sunday,18,9,Autumn,1
10023456785,2024-09-01 19:00:00,2024-09-01,19:00:00,0.5617,Sunday,19,9,Autumn,1
10023456785,2024-09-01 20:00:00,2024-09-01,20:00:00,3.2172,Sunday,20,9,Autumn,0
10023456785,2024-09-01 21:00:00,2024-09-01,21:00:00,2.8639,Sunday,21,9,Autumn,0
10023456785,2024-09-01 22:00:00,2024-09-01,22:00:00,2.2315,Sunday,22,9,Autumn,0
10023456785,2024-09-01 23:00:00,2024-09-01,23:00:00,1.0704,Sunday,23,9,Autumn,0
10023456785,2024-09-02 00:00:00,2024-09-02,00:00:00,1.0643,Monday,0,9,Autumn,0
10023456785,2024-09-02 01:00:00,2024-09-02,01:00:00,1.1466,Monday,1,9,Autumn,0
10023456785,2024-09-02 02:00:00,2024-09-02,02:00:00,0.7688,Monday,2,9,Autumn,0
10023456785,2024-09-02 03:00:00,2024-09-02,03:00:00,0.7902,Monday,3,9,Autumn,0
10023456785,2024-09-02 04:00:00,2024-09-02,04:00:00,0.9881,Monday,4,9,Autumn,0
10023456785,2024-09-02 05:00:00,2024-09-02,05:00:00,1.3355,Monday,5,9,Autumn,0
10023456785,2024-09-02 06:00:00,2024-09-02,06:00:00,1.9616,Monday,6,9,Autumn,0
10023456785,2024-09-02 07:00:00,2024-09-02,07:00:00,2.5713,Monday,7,9,Autumn,0
10023456785,2024-09-02 08:00:00,2024-09-02,08:00:00,3.0914,Monday,8,9,Autumn,0
10023456785,2024-09-02 09:00:00,2024-09-02,09:00:00,2.7966,Monday,9,9,Autumn,0
10023456785,2024-09-02 10:00:00,2024-09-02,10:00:00,2.4954,Monday,10,9,Autumn,0
10023456785,2024-09-02 11:00:00,2024-09-02,11:00:00,2.6370,Monday,11,9,Autumn,0
10023456785,2024-09-02 12:00:00,2024-09-02,12:00:00,2.9863,Monday,12,9,Autumn,0
10023456785,2024-09-02 13:00:00,2024-09-02,13:00:00,2.2447,Monday,13,9,Autumn,0
10023456785,2024-09-02 14:00:00,2024-09-02,14:00:00,2.3639,Monday,14,9,Autumn,0
10023456785,2024-09-02 15:00:00,2024-09-02,15:00:00,2.2562,Monday,15,9,Autumn,0
10023456785,2024-09-02 16:00:00,2024-09-02,16:00:00,2.9427,Monday,16,9,Autumn,0
10023456785,2024-09-02 17:00:00,2024-09-02,17:00:00,0.2393,Monday,17,9,Autumn,1
10023456785,2024-09-02 18:00:00,2024-09-02,18:00:00,4.3480,Monday,18,9,Autumn,0
10023456785,2024-09-02 19:00:00,2024-09-02,19:00:00,3.3449,Monday,19,9,Autumn,0
10023456785,2024-09-02 20:00:00,2024-09-02,20:00:00,2.6232,Monday,20,9,Autumn,0
10023456785,2024-09-02 21:00:00,2024-09-02,21:00:00,2.7574,Monday,21,9,Autumn,0
10023456785,2024-09-02 22:00:00,2024-09-02,22:00:00,2.1042,Monday,22,9,Autumn,0
10023456785,2024-09-02 23:00:00,2024-09-02,23:00:00,1.1982,Monday,23,9,Autumn,0
10023456785,2024-09-03 00:00:00,2024-09-03,00:00:00,0.9459,Tuesday,0,9,Autumn,0
10023456785,2024-09-03 01:00:00,2024-09-03,01:00:00,5.3669,Tuesday,1,9,Autumn,1
10023456785,2024-09-03 02:00:00,2024-09-03,02:00:00,0.8077,Tuesday,2,9,Autumn,0
10023456785,2024-09-03 03:00:00,2024-09-03,03:00:00,0.5424,Tuesday,3,9,Autumn,0
10023456785,2024-09-03 04:00:00,2024-09-03,04:00:00,0.8421,Tuesday,4,9,Autumn,0
10023456785,2024-09-03 05:00:00,2024-09-03,05:00:00,1.3066,Tuesday,5,9,Autumn,0
10023456785,2024-09-03 06:00:00,2024-09-03,06:00:00,2.5707,Tuesday,6,9,Autumn,0
10023456785,2024-09-03 07:00:00,2024-09-03,07:00:00,2.5870,Tuesday,7,9,Autumn,0
10023456785,2024-09-03 08:00:00,2024-09-03,08:00:00,2.5619,Tuesday,8,9,Autumn,0
10023456785,2024-09-03 09:00:00,2024-09-03,09:00:00,2.2247,Tuesday,9,9,Autumn,0
10023456785,2024-09-03 10:00:00,2024-09-03,10:00:00,2.3791,Tuesday,10,9,Autumn,0
10023456785,2024-09-03 11:00:00,2024-09-03,11:00:00,2.2064,Tuesday,11,9,Autumn,0
10023456785,2024-09-03 12:00:00,2024-09-03,12:00:00,1.9706,Tuesday,12,9,Autumn,0
10023456785,2024-09-03 13:00:00,2024-09-03,13:00:00,1.9096,Tuesday,13,9,Autumn,0
10023456785,2024-09-03 14:00:00,2024-09-03,14:00:00,2.2432,Tuesday,14,9,Autumn,0
10023456785,2024-09-03 15:00:00,2024-09-03,15:00:00,2.5637,Tuesday,15,9,Autumn,0
10023456785,2024-09-03 16:00:00,2024-09-03,16:00:00,2.3742,Tuesday,16,9,Autumn,0
10023456785,2024-09-03 17:00:00,2024-09-03,17:00:00,2.6091,Tuesday,17,9,Autumn,0
10023456785,2024-09-03 18:00:00,2024-09-03,18:00:00,2.5763,Tuesday,18,9,Autumn,0
10023456785,2024-09-03 19:00:00,2024-09-03,19:00:00,0.4969,Tuesday,19,9,Autumn,1
10023456785,2024-09-03 20:00:00,2024-09-03,20:00:00,0.3081,Tuesday,20,9,Autumn,1
10023456785,2024-09-03 21:00:00,2024-09-03,21:00:00,1.4756,Tuesday,21,9,Autumn,0
10023456785,2024-09-03 22:00:00,2024-09-03,22:00:00,1.5538,Tuesday,22,9,Autumn,0
10023456785,2024-09-03 23:00:00,2024-09-03,23:00:00,0.9385,Tuesday,23,9,Autumn,0
10023456785,2024-09-04 00:00:00,2024-09-04,00:00:00,0.7716,Wednesday,0,9,Autumn,0
10023456785,2024-09-04 01:00:00,2024-09-04,01:00:00,0.7483,Wednesday,1,9,Autumn,0
10023456785,2024-09-04 02:00:00,2024-09-04,02:00:00,0.7959,Wednesday,2,9,Autumn,0
10023456785,2024-09-04 03:00:00,2024-09-04,03:00:00,0.6843,Wednesday,3,9,Autumn,0
10023456785,2024-09-04 04:00:00,2024-09-04,04:00:00,0.7424,Wednesday,4,9,Autumn,0
10023456785,2024-09-04 05:00:00,2024-09-04,05:00:00,1.4314,Wednesday,5,9,Autumn,0
10023456785,2024-09-04 06:00:00,2024-09-04,06:00:00,1.5582,Wednesday,6,9,Autumn,0
10023456785,2024-09-04 07:00:00,2024-09-04,07:00:00,2.1296,Wednesday,7,9,Autumn,0
10023456785,2024-09-04 08:00:00,2024-09-04,08:00:00,3.1482,Wednesday,8,9,Autumn,0
10023456785,2024-09-04 09:00:00,2024-09-04,09:00:00,2.3606,Wednesday,9,9,Autumn,0
10023456785,2024-09-04 10:00:00,2024-09-04,10:00:00,2.2767,Wednesday,10,9,Autumn,0
10023456785,2024-09-04 11:00:00,2024-09-04,11:00:00,1.9602,Wednesday,11,9,Autumn,0
10023456785,2024-09-04 12:00:00,2024-09-04,12:00:00,2.1933,Wednesday,12,9,Autumn,0
10023456785,2024-09-04 13:00:00,2024-09-04,13:00:00,1.9434,Wednesday,13,9,Autumn,0
10023456785,2024-09-04 14:00:00,2024-09-04,14:00:00,2.2749,Wednesday,14,9,Autumn,0
10023456785,2024-09-04 15:00:00,2024-09-04,15:00:00,2.0155,Wednesday,15,9,Autumn,0
10023456785,2024-09-04 16:00:00,2024-09-04,16:00:00,2.8509,Wednesday,16,9,Autumn,0
10023456785,2024-09-04 17:00:00,2024-09-04,17:00:00,2.2867,Wednesday,17,9,Autumn,0
10023456785,2024-09-04 18:00:00,2024-09-04,18:00:00,3.3674,Wednesday,18,9,Autumn,0
10023456785,2024-09-04 19:00:00,2024-09-04,19:00:00,3.0217,Wednesday,19,9,Autumn,0
10023456785,2024-09-04 20:00:00,2024-09-04,20:00:00,0.2758,Wednesday,20,9,Autumn,1
10023456785,2024-09-04 21:00:00,2024-09-04,21:00:00,1.8649,Wednesday,21,9,Autumn,0
10023456785,2024-09-04 22:00:00,2024-09-04,22:00:00,1.6355,Wednesday,22,9,Autumn,0
10023456785,2024-09-04 23:00:00,2024-09-04,23:00:00,1.0150,Wednesday,23,9,Autumn,0
10023456785,2024-09-05 00:00:00,2024-09-05,00:00:00,1.0497,Thursday,0,9,Autumn,0
10023456785,2024-09-05 01:00:00,2024-09-05,01:00:00,0.6019,Thursday,1,9,Autumn,0
10023456785,2024-09-05 02:00:00,2024-09-05,02:00:00,0.6199,Thursday,2,9,Autumn,0
10023456785,2024-09-05 03:00:00,2024-09-05,03:00:00,0.8373,Thursday,3,9,Autumn,0
10023456785,2024-09-05 04:00:00,2024-09-05,04:00:00,0.7094,Thursday,4,9,Autumn,0
10023456785,2024-09-05 05:00:00,2024-09-05,05:00:00,1.0144,Thursday,5,9,Autumn,0
10023456785,2024-09-05 06:00:00,2024-09-05,06:00:00,2.2714,Thursday,6,9,Autumn,0
10023456785,2024-09-05 07:00:00,2024-09-05,07:00:00,2.3329,Thursday,7,9,Autumn,0
10023456785,2024-09-05 08:00:00,2024-09-05,08:00:00,2.3565,Thursday,8,9,Autumn,0
10023456785,2024-09-05 09:00:00,2024-09-05,09:00:00,2.5715,Thursday,9,9,Autumn,0
10023456785,2024-09-05 10:00:00,2024-09-05,10:00:00,1.8120,Thursday,10,9,Autumn,0
10023456785,2024-09-05 11:00:00,2024-09-05,11:00:00,2.6703,Thursday,11,9,Autumn,0
10023456785,2024-09-05 12:00:00,2024-09-05,12:00:00,1.9135,Thursday,12,9,Autumn,0
10023456785,2024-09-05 13:00:00,2024-09-05,13:00:00,2.5680,Thursday,13,9,Autumn,0
10023456785,2024-09-05 14:00:00,2024-09-05,14:00:00,2.0504,Thursday,14,9,Autumn,0
10023456785,2024-09-05 15:00:00,2024-09-05,15:00:00,8.9115,Thursday,15,9,Autumn,1
10023456785,2024-09-05 16:00:00,2024-09-05,16:00:00,2.6739,Thursday,16,9,Autumn,0
10023456785,2024-09-05 17:00:00,2024-09-05,17:00:00,2.2108,Thursday,17,9,Autumn,0
10023456785,2024-09-05 18:00:00,2024-09-05,18:00:00,2.9185,Thursday,18,9,Autumn,0
10023456785,2024-09-05 19:00:00,2024-09-05,19:00:00,2.9211,Thursday,19,9,Autumn,0
10023456785,2024-09-05 20:00:00,2024-09-05,20:00:00,2.2584,Thursday,20,9,Autumn,0
10023456785,2024-09-05 21:00:00,2024-09-05,21:00:00,1.7714,Thursday,21,9,Autumn,0
10023456785,2024-09-05 22:00:00,2024-09-05,22:00:00,0.1214,Thursday,22,9,Autumn,1
10023456785,2024-09-05 23:00:00,2024-09-05,23:00:00,0.8032,Thursday,23,9,Autumn,0
10023456785,2024-09-06 00:00:00,2024-09-06,00:00:00,0.6299,Friday,0,9,Autumn,0
10023456785,2024-09-06 01:00:00,2024-09-06,01:00:00,0.8727,Friday,1,9,Autumn,0
10023456785,2024-09-06 02:00:00,2024-09-06,02:00:00,0.7399,Friday,2,9,Autumn,0
10023456785,2024-09-06 03:00:00,2024-09-06,03:00:00,0.7863,Friday,3,9,Autumn,0
10023456785,2024-09-06 04:00:00,2024-09-06,04:00:00,0.8911,Friday,4,9,Autumn,0
10023456785,2024-09-06 05:00:00,2024-09-06,05:00:00,1.0271,Friday,5,9,Autumn,0
10023456785,2024-09-06 06:00:00,2024-09-06,06:00:00,1.6914,Friday,6,9,Autumn,0
10023456785,2024-09-06 07:00:00,2024-09-06,07:00:00,2.6928,Friday,7,9,Autumn,0
10023456785,2024-09-06 08:00:00,2024-09-06,08:00:00,2.7707,Friday,8,9,Autumn,0
10023456785,2024-09-06 09:00:00,2024-09-06,09:00:00,2.5558,Friday,9,9,Autumn,0
10023456785,2024-09-06 10:00:00,2024-09-06,10:00:00,2.3471,Friday,10,9,Autumn,0
10023456785,2024-09-06 11:00:00,2024-09-06,11:00:00,2.0755,Friday,11,9,Autumn,0
10023456785,2024-09-06 12:00:00,2024-09-06,12:00:00,1.7337,Friday,12,9,Autumn,0
10023456785,2024-09-06 13:00:00,2024-09-06,13:00:00,2.3904,Friday,13,9,Autumn,0
10023456785,2024-09-06 14:00:00,2024-09-06,14:00:00,1.9459,Friday,14,9,Autumn,0
10023456785,2024-09-06 15:00:00,2024-09-06,15:00:00,2.7362,Friday,15,9,Autumn,0
10023456785,2024-09-06 16:00:00,2024-09-06,16:00:00,0.1367,Friday,16,9,Autumn,1
10023456785,2024-09-06 17:00:00,2024-09-06,17:00:00,2.6560,Friday,17,9,Autumn,0
10023456785,2024-09-06 18:00:00,2024-09-06,18:00:00,3.1378,Friday,18,9,Autumn,0
10023456785,2024-09-06 19:00:00,2024-09-06,19:00:00,2.2277,Friday,19,9,Autumn,0
10023456785,2024-09-06 20:00:00,2024-09-06,20:00:00,2.3042,Friday,20,9,Autumn,0
10023456785,2024-09-06 21:00:00,2024-09-06,21:00:00,2.1607,Friday,21,9,Autumn,0
10023456785,2024-09-06 22:00:00,2024-09-06,22:00:00,1.7053,Friday,22,9,Autumn,0
10023456785,2024-09-06 23:00:00,2024-09-06,23:00:00,0.9786,Friday,23,9,Autumn,0
10023456785,2024-09-07 00:00:00,2024-09-07,00:00:00,1.0758,Saturday,0,9,Autumn,0
10023456785,2024-09-07 01:00:00,2024-09-07,01:00:00,0.8343,Saturday,1,9,Autumn,0
10023456785,2024-09-07 02:00:00,2024-09-07,02:00:00,0.6660,Saturday,2,9,Autumn,0
10023456785,2024-09-07 03:00:00,2024-09-07,03:00:00,0.7797,Saturday,3,9,Autumn,0
10023456785,2024-09-07 04:00:00,2024-09-07,04:00:00,0.6416,Saturday,4,9,Autumn,0
10023456785,2024-09-07 05:00:00,2024-09-07,05:00:00,0.9650,Saturday,5,9,Autumn,0
10023456785,2024-09-07 06:00:00,2024-09-07,06:00:00,1.3644,Saturday,6,9,Autumn,0
10023456785,2024-09-07 07:00:00,2024-09-07,07:00:00,1.3309,Saturday,7,9,Autumn,0
10023456785,2024-09-07 08:00:00,2024-09-07,08:00:00,1.7840,Saturday,8,9,Autumn,0
10023456785,2024-09-07 09:00:00,2024-09-07,09:00:00,2.1485,Saturday,9,9,Autumn,0
10023456785,2024-09-07 10:00:00,2024-09-07,10:00:00,2.3281,Saturday,10,9,Autumn,0
10023456785,2024-09-07 11:00:00,2024-09-07,11:00:00,2.4989,Saturday,11,9,Autumn,0
10023456785,2024-09-07 12:00:00,2024-09-07,12:00:00,1.8181,Saturday,12,9,Autumn,0
10023456785,2024-09-07 13:00:00,2024-09-07,13:00:00,1.9622,Saturday,13,9,Autumn,0
10023456785,2024-09-07 14:00:00,2024-09-07,14:00:00,1.9387,Saturday,14,9,Autumn,0
10023456785,2024-09-07 15:00:00,2024-09-07,15:00:00,1.9242,Saturday,15,9,Autumn,0
10023456785,2024-09-07 16:00:00,2024-09-07,16:00:00,2.0378,Saturday,16,9,Autumn,0
10023456785,2024-09-07 17:00:00,2024-09-07,17:00:00,2.1003,Saturday,17,9,Autumn,0
10023456785,2024-09-07 18:00:00,2024-09-07,18:00:00,2.4344,Saturday,18,9,Autumn,0
10023456785,2024-09-07 19:00:00,2024-09-07,19:00:00,2.8380,Saturday,19,9,Autumn,0
10023456785,2024-09-07 20:00:00,2024-09-07,20:00:00,1.7472,Saturday,20,9,Autumn,0
10023456785,2024-09-07 21:00:00,2024-09-07,21:00:00,1.9556,Saturday,21,9,Autumn,0
10023456785,2024-09-07 22:00:00,2024-09-07,22:00:00,1.3242,Saturday,22,9,Autumn,0
10023456785,2024-09-07 23:00:00,2024-09-07,23:00:00,1.0063,Saturday,23,9,Autumn,0
10023456785,2024-09-08 00:00:00,2024-09-08,00:00:00,0.6064,Sunday,0,9,Autumn,0
10023456785,2024-09-08 01:00:00,2024-09-08,01:00:00,0.5858,Sunday,1,9,Autumn,0
10023456785,2024-09-08 02:00:00,2024-09-08,02:00:00,0.5852,Sunday,2,9,Autumn,0
10023456785,2024-09-08 03:00:00,2024-09-08,03:00:00,0.6841,Sunday,3,9,Autumn,0
10023456785,2024-09-08 04:00:00,2024-09-08,04:00:00,0.4805,Sunday,4,9,Autumn,0
10023456785,2024-09-08 05:00:00,2024-09-08,05:00:00,0.6355,Sunday,5,9,Autumn,0
10023456785,2024-09-08 06:00:00,2024-09-08,06:00:00,0.8887,Sunday,6,9,Autumn,0
10023456785,2024-09-08 07:00:00,2024-09-08,07:00:00,1.2503,Sunday,7,9,Autumn,0
10023456785,2024-09-08 08:00:00,2024-09-08,08:00:00,3.5433,Sunday,8,9,Autumn,1
10023456785,2024-09-08 09:00:00,2024-09-08,09:00:00,1.3209,Sunday,9,9,Autumn,0
10023456785,2024-09-08 10:00:00,2024-09-08,10:00:00,1.4854,Sunday,10,9,Autumn,0
10023456785,2024-09-08 11:00:00,2024-09-08,11:00:00,1.2941,Sunday,11,9,Autumn,0
10023456785,2024-09-08 12:00:00,2024-09-08,12:00:00,1.4628,Sunday,12,9,Autumn,0
10023456785,2024-09-08 13:00:00,2024-09-08,13:00:00,1.2935,Sunday,13,9,Autumn,0
10023456785,2024-09-08 14:00:00,2024-09-08,14:00:00,1.2433,Sunday,14,9,Autumn,0
10023456785,2024-09-08 15:00:00,2024-09-08,15:00:00,1.3359,Sunday,15,9,Autumn,0
10023456785,2024-09-08 16:00:00,2024-09-08,16:00:00,1.6183,Sunday,16,9,Autumn,0
10023456785,2024-09-08 17:00:00,2024-09-08,17:00:00,1.6281,Sunday,17,9,Autumn,0
10023456785,2024-09-08 18:00:00,2024-09-08,18:00:00,1.7776,Sunday,18,9,Autumn,0
10023456785,2024-09-08 19:00:00,2024-09-08,19:00:00,1.9282,Sunday,19,9,Autumn,0
10023456785,2024-09-08 20:00:00,2024-09-08,20:00:00,0.2275,Sunday,20,9,Autumn,1
10023456785,2024-09-08 21:00:00,2024-09-08,21:00:00,1.4377,Sunday,21,9,Autumn,0
10023456785,2024-09-08 22:00:00,2024-09-08,22:00:00,1.0852,Sunday,22,9,Autumn,0
10023456785,2024-09-08 23:00:00,2024-09-08,23:00:00,0.6680,Sunday,23,9,Autumn,0
10023456785,2024-09-09 00:00:00,2024-09-09,00:00:00,0.6235,Monday,0,9,Autumn,0
10023456785,2024-09-09 01:00:00,2024-09-09,01:00:00,0.5125,Monday,1,9,Autumn,0
10023456785,2024-09-09 02:00:00,2024-09-09,02:00:00,0.4843,Monday,2,9,Autumn,0
10023456785,2024-09-09 03:00:00,2024-09-09,03:00:00,0.5374,Monday,3,9,Autumn,0
10023456785,2024-09-09 04:00:00,2024-09-09,04:00:00,0.6106,Monday,4,9,Autumn,0
10023456785,2024-09-09 05:00:00,2024-09-09,05:00:00,1.0407,Monday,5,9,Autumn,0
10023456785,2024-09-09 06:00:00,2024-09-09,06:00:00,1.2202,Monday,6,9,Autumn,0
10023456785,2024-09-09 07:00:00,2024-09-09,07:00:00,1.5410,Monday,7,9,Autumn,0
10023456785,2024-09-09 08:00:00,2024-09-09,08:00:00,1.7101,Monday,8,9,Autumn,0
10023456785,2024-09-09 09:00:00,2024-09-09,09:00:00,1.5855,Monday,9,9,Autumn,0
10023456785,2024-09-09 10:00:00,2024-09-09,10:00:00,1.9435,Monday,10,9,Autumn,0
10023456785,2024-09-09 11:00:00,2024-09-09,11:00:00,1.2902,Monday,11,9,Autumn,0
10023456785,2024-09-09 12:00:00,2024-09-09,12:00:00,1.4490,Monday,12,9,Autumn,0
10023456785,2024-09-09 13:00:00,2024-09-09,13:00:00,1.0775,Monday,13,9,Autumn,0
10023456785,2024-09-09 14:00:00,2024-09-09,14:00:00,1.2720,Monday,14,9,Autumn,0
10023456785,2024-09-09 15:00:00,2024-09-09,15:00:00,1.4952,Monday,15,9,Autumn,0
10023456785,2024-09-09 16:00:00,2024-09-09,16:00:00,1.4617,Monday,16,9,Autumn,0
10023456785,2024-09-09 17:00:00,2024-09-09,17:00:00,1.8641,Monday,17,9,Autumn,0
10023456785,2024-09-09 18:00:00,2024-09-09,18:00:00,1.9751,Monday,18,9,Autumn,0
10023456785,2024-09-09 19:00:00,2024-09-09,19:00:00,1.8034,Monday,19,9,Autumn,0
10023456785,2024-09-09 20:00:00,2024-09-09,20:00:00,1.6424,Monday,20,9,Autumn,0
10023456785,2024-09-09 21:00:00,2024-09-09,21:00:00,1.2935,Monday,21,9,Autumn,0
10023456785,2024-09-09 22:00:00,2024-09-09,22:00:00,0.9591,Monday,22,9,Autumn,0
10023456785,2024-09-09 23:00:00,2024-09-09,23:00:00,0.6496,Monday,23,9,Autumn,0
10023456785,2024-09-10 00:00:00,2024-09-10,00:00:00,0.6481,Tuesday,0,9,Autumn,0
10023456785,2024-09-10 01:00:00,2024-09-10,01:00:00,0.6003,Tuesday,1,9,Autumn,0
10023456785,2024-09-10 02:00:00,2024-09-10,02:00:00,0.5550,Tuesday,2,9,Autumn,0
10023456785,2024-09-10 03:00:00,2024-09-10,03:00:00,0.5781,Tuesday,3,9,Autumn,0
10023456785,2024-09-10 04:00:00,2024-09-10,04:00:00,0.7140,Tuesday,4,9,Autumn,0
10023456785,2024-09-10 05:00:00,2024-09-10,05:00:00,4.9980,Tuesday,5,9,Autumn,1
10023456785,2024-09-10 06:00:00,2024-09-10,06:00:00,1.9157,Tuesday,6,9,Autumn,0
10023456785,2024-09-10 07:00:00,2024-09-10,07:00:00,1.9076,Tuesday,7,9,Autumn,0
10023456785,2024-09-10 08:00:00,2024-09-10,08:00:00,1.9855,Tuesday,8,9,Autumn,0
10023456785,2024-09-10 09:00:00,2024-09-10,09:00:00,2.7321,Tuesday,9,9,Autumn,0
10023456785,2024-09-10 10:00:00,2024-09-10,10:00:00,1.9389,Tuesday,10,9,Autumn,0
10023456785,2024-09-10 11:00:00,2024-09-10,11:00:00,1.4008,Tuesday,11,9,Autumn,0
10023456785,2024-09-10 12:00:00,2024-09-10,12:00:00,1.3002,Tuesday,12,9,Autumn,0
10023456785,2024-09-10 13:00:00,2024-09-10,13:00:00,1.8884,Tuesday,13,9,Autumn,0
10023456785,2024-09-10 14:00:00,2024-09-10,14:00:00,1.8228,Tuesday,14,9,Autumn,0
10023456785,2024-09-10 15:00:00,2024-09-10,15:00:00,2.0129,Tuesday,15,9,Autumn,0
10023456785,2024-09-10 16:00:00,2024-09-10,16:00:00,1.7763,Tuesday,16,9,Autumn,0
10023456785,2024-09-10 17:00:00,2024-09-10,17:00:00,2.3930,Tuesday,17,9,Autumn,0
10023456785,2024-09-10 18:00:00,2024-09-10,18:00:00,0.1683,Tuesday,18,9,Autumn,1
10023456785,2024-09-10 19:00:00,2024-09-10,19:00:00,2.2332,Tuesday,19,9,Autumn,0
10023456785,2024-09-10 20:00:00,2024-09-10,20:00:00,2.0151,Tuesday,20,9,Autumn,0
10023456785,2024-09-10 21:00:00,2024-09-10,21:00:00,1.6099,Tuesday,21,9,Autumn,0
10023456785,2024-09-10 22:00:00,2024-09-10,22:00:00,0.9368,Tuesday,22,9,Autumn,0
10023456785,2024-09-10 23:00:00,2024-09-10,23:00:00,0.8789,Tuesday,23,9,Autumn,0
10023456785,2024-09-11 00:00:00,2024-09-11,00:00:00,0.7214,Wednesday,0,9,Autumn,0
10023456785,2024-09-11 01:00:00,2024-09-11,01:00:00,0.5741,Wednesday,1,9,Autumn,0
10023456785,2024-09-11 02:00:00,2024-09-11,02:00:00,0.5420,Wednesday,2,9,Autumn,0
10023456785,2024-09-11 03:00:00,2024-09-11,03:00:00,0.5855,Wednesday,3,9,Autumn,0
10023456785,2024-09-11 04:00:00,2024-09-11,04:00:00,0.6860,Wednesday,4,9,Autumn,0
10023456785,2024-09-11 05:00:00,2024-09-11,05:00:00,0.9117,Wednesday,5,9,Autumn,0
10023456785,2024-09-11 06:00:00,2024-09-11,06:00:00,1.3770,Wednesday,6,9,Autumn,0
10023456785,2024-09-11 07:00:00,2024-09-11,07:00:00,2.4153,Wednesday,7,9,Autumn,0
10023456785,2024-09-11 08:00:00,2024-09-11,08:00:00,2.1901,Wednesday,8,9,Autumn,0
10023456785,2024-09-11 09:00:00,2024-09-11,09:00:00,2.2484,Wednesday,9,9,Autumn,0
10023456785,2024-09-11 10:00:00,2024-09-11,10:00:00,1.4989,Wednesday,10,9,Autumn,0
10023456785,2024-09-11 11:00:00,2024-09-11,11:00:00,1.5541,Wednesday,11,9,Autumn,0
10023456785,2024-09-11 12:00:00,2024-09-11,12:00:00,1.4786,Wednesday,12,9,Autumn,0
10023456785,2024-09-11 13:00:00,2024-09-11,13:00:00,1.5598,Wednesday,13,9,Autumn,0
10023456785,2024-09-11 14:00:00,2024-09-11,14:00:00,1.7841,Wednesday,14,9,Autumn,0
10023456785,2024-09-11 15:00:00,2024-09-11,15:00:00,1.5818,Wednesday,15,9,Autumn,0
10023456785,2024-09-11 16:00:00,2024-09-11,16:00:00,2.0003,Wednesday,16,9,Autumn,0
10023456785,2024-09-11 17:00:00,2024-09-11,17:00:00,1.9831,Wednesday,17,9,Autumn,0
10023456785,2024-09-11 18:00:00,2024-09-11,18:00:00,1.8964,Wednesday,18,9,Autumn,0
10023456785,2024-09-11 19:00:00,2024-09-11,19:00:00,2.2625,Wednesday,19,9,Autumn,0
10023456785,2024-09-11 20:00:00,2024-09-11,20:00:00,2.4303,Wednesday,20,9,Autumn,0
10023456785,2024-09-11 21:00:00,2024-09-11,21:00:00,1.5669,Wednesday,21,9,Autumn,0
10023456785,2024-09-11 22:00:00,2024-09-11,22:00:00,0.9364,Wednesday,22,9,Autumn,0
10023456785,2024-09-11 23:00:00,2024-09-11,23:00:00,0.9566,Wednesday,23,9,Autumn,0
10023456785,2024-09-12 00:00:00,2024-09-12,00:00:00,0.7699,Thursday,0,9,Autumn,0
10023456785,2024-09-12 01:00:00,2024-09-12,01:00:00,0.6308,Thursday,1,9,Autumn,0
10023456785,2024-09-12 02:00:00,2024-09-12,02:00:00,0.6801,Thursday,2,9,Autumn,0
10023456785,2024-09-12 03:00:00,2024-09-12,03:00:00,2.3429,Thursday,3,9,Autumn,1
10023456785,2024-09-12 04:00:00,2024-09-12,04:00:00,0.7105,Thursday,4,9,Autumn,0
10023456785,2024-09-12 05:00:00,2024-09-12,05:00:00,1.0176,Thursday,5,9,Autumn,0
10023456785,2024-09-12 06:00:00,2024-09-12,06:00:00,1.3487,Thursday,6,9,Autumn,0
10023456785,2024-09-12 07:00:00,2024-09-12,07:00:00,2.0619,Thursday,7,9,Autumn,0
10023456785,2024-09-12 08:00:00,2024-09-12,08:00:00,2.2395,Thursday,8,9,Autumn,0
10023456785,2024-09-12 09:00:00,2024-09-12,09:00:00,2.0097,Thursday,9,9,Autumn,0
10023456785,2024-09-12 10:00:00,2024-09-12,10:00:00,1.9676,Thursday,10,9,Autumn,0
10023456785,2024-09-12 11:00:00,2024-09-12,11:00:00,1.6113,Thursday,11,9,Autumn,0
10023456785,2024-09-12 12:00:00,2024-09-12,12:00:00,1.7696,Thursday,12,9,Autumn,0
10023456785,2024-09-12 13:00:00,2024-09-12,13:00:00,1.5337,Thursday,13,9,Autumn,0
10023456785,2024-09-12 14:00:00,2024-09-12,14:00:00,1.7840,Thursday,14,9,Autumn,0
10023456785,2024-09-12 15:00:00,2024-09-12,15:00:00,2.0783,Thursday,15,9,Autumn,0
10023456785,2024-09-12 16:00:00,2024-09-12,16:00:00,1.8455,Thursday,16,9,Autumn,0
10023456785,2024-09-12 17:00:00,2024-09-12,17:00:00,2.2417,Thursday,17,9,Autumn,0
10023456785,2024-09-12 18:00:00,2024-09-12,18:00:00,2.6514,Thursday,18,9,Autumn,0
10023456785,2024-09-12 19:00:00,2024-09-12,19:00:00,2.4807,Thursday,19,9,Autumn,0
10023456785,2024-09-12 20:00:00,2024-09-12,20:00:00,2.1991,Thursday,20,9,Autumn,0
10023456785,2024-09-12 21:00:00,2024-09-12,21:00:00,1.5046,Thursday,21,9,Autumn,0
10023456785,2024-09-12 22:00:00,2024-09-12,22:00:00,1.2937,Thursday,22,9,Autumn,0
10023456785,2024-09-12 23:00:00,2024-09-12,23:00:00,0.8203,Thursday,23,9,Autumn,0
10023456785,2024-09-13 00:00:00,2024-09-13,00:00:00,4.5594,Friday,0,9,Autumn,1
10023456785,2024-09-13 01:00:00,2024-09-13,01:00:00,0.6791,Friday,1,9,Autumn,0
10023456785,2024-09-13 02:00:00,2024-09-13,02:00:00,0.6682,Friday,2,9,Autumn,0
10023456785,2024-09-13 03:00:00,2024-09-13,03:00:00,0.6116,Friday,3,9,Autumn,0
10023456785,2024-09-13 04:00:00,2024-09-13,04:00:00,0.8563,Friday,4,9,Autumn,0
10023456785,2024-09-13 05:00:00,2024-09-13,05:00:00,0.9738,Friday,5,9,Autumn,0
10023456785,2024-09-13 06:00:00,2024-09-13,06:00:00,1.2643,Friday,6,9,Autumn,0
10023456785,2024-09-13 07:00:00,2024-09-13,07:00:00,2.6920,Friday,7,9,Autumn,0
10023456785,2024-09-13 08:00:00,2024-09-13,08:00:00,2.5515,Friday,8,9,Autumn,0
10023456785,2024-09-13 09:00:00,2024-09-13,09:00:00,2.3586,Friday,9,9,Autumn,0
10023456785,2024-09-13 10:00:00,2024-09-13,10:00:00,2.7480,Friday,10,9,Autumn,0
10023456785,2024-09-13 11:00:00,2024-09-13,11:00:00,2.0830,Friday,11,9,Autumn,0
10023456785,2024-09-13 12:00:00,2024-09-13,12:00:00,2.0961,Friday,12,9,Autumn,0
10023456785,2024-09-13 13:00:00,2024-09-13,13:00:00,2.3439,Friday,13,9,Autumn,0
10023456785,2024-09-13 14:00:00,2024-09-13,14:00:00,1.6563,Friday,14,9,Autumn,0
10023456785,2024-09-13 15:00:00,2024-09-13,15:00:00,2.5130,Friday,15,9,Autumn,0
10023456785,2024-09-13 16:00:00,2024-09-13,16:00:00,2.6646,Friday,16,9,Autumn,0
10023456785,2024-09-13 17:00:00,2024-09-13,17:00:00,2.5928,Friday,17,9,Autumn,0
10023456785,2024-09-13 18:00:00,2024-09-13,18:00:00,2.1066,Friday,18,9,Autumn,0
10023456785,2024-09-13 19:00:00,2024-09-13,19:00:00,2.0120,Friday,19,9,Autumn,0
10023456785,2024-09-13 20:00:00,2024-09-13,20:00:00,2.5648,Friday,20,9,Autumn,0
10023456785,2024-09-13 21:00:00,2024-09-13,21:00:00,1.6549,Friday,21,9,Autumn,0
10023456785,2024-09-13 22:00:00,2024-09-13,22:00:00,1.3223,Friday,22,9,Autumn,0
10023456785,2024-09-13 23:00:00,2024-09-13,23:00:00,0.9860,Friday,23,9,Autumn,0
10023456785,2024-09-14 00:00:00,2024-09-14,00:00:00,0.7204,Saturday,0,9,Autumn,0
10023456785,2024-09-14 01:00:00,2024-09-14,01:00:00,0.6625,Saturday,1,9,Autumn,0
10023456785,2024-09-14 02:00:00,2024-09-14,02:00:00,0.6680,Saturday,2,9,Autumn,0
10023456785,2024-09-14 03:00:00,2024-09-14,03:00:00,0.7539,Saturday,3,9,Autumn,0
10023456785,2024-09-14 04:00:00,2024-09-14,04:00:00,0.7207,Saturday,4,9,Autumn,0
10023456785,2024-09-14 05:00:00,2024-09-14,05:00:00,0.8975,Saturday,5,9,Autumn,0
10023456785,2024-09-14 06:00:00,2024-09-14,06:00:00,0.9059,Saturday,6,9,Autumn,0
10023456785,2024-09-14 07:00:00,2024-09-14,07:00:00,1.3536,Saturday,7,9,Autumn,0
10023456785,2024-09-14 08:00:00,2024-09-14,08:00:00,1.6153,Saturday,8,9,Autumn,0
10023456785,2024-09-14 09:00:00,2024-09-14,09:00:00,1.9503,Saturday,9,9,Autumn,0
10023456785,2024-09-14 10:00:00,2024-09-14,10:00:00,1.4600,Saturday,10,9,Autumn,0
10023456785,2024-09-14 11:00:00,2024-09-14,11:00:00,1.8474,Saturday,11,9,Autumn,0
10023456785,2024-09-14 12:00:00,2024-09-14,12:00:00,1.8813,Saturday,12,9,Autumn,0
10023456785,2024-09-14 13:00:00,2024-09-14,13:00:00,1.9719,Saturday,13,9,Autumn,0
10023456785,2024-09-14 14:00:00,2024-09-14,14:00:00,1.5894,Saturday,14,9,Autumn,0
10023456785,2024-09-14 15:00:00,2024-09-14,15:00:00,1.5486,Saturday,15,9,Autumn,0
10023456785,2024-09-14 16:00:00,2024-09-14,16:00:00,2.0471,Saturday,16,9,Autumn,0
10023456785,2024-09-14 17:00:00,2024-09-14,17:00:00,1.8924,Saturday,17,9,Autumn,0
10023456785,2024-09-14 18:00:00,2024-09-14,18:00:00,2.5369,Saturday,18,9,Autumn,0
10023456785,2024-09-14 19:00:00,2024-09-14,19:00:00,2.5132,Saturday,19,9,Autumn,0
10023456785,2024-09-14 20:00:00,2024-09-14,20:00:00,1.6526,Saturday,20,9,Autumn,0
10023456785,2024-09-14 21:00:00,2024-09-14,21:00:00,0.2109,Saturday,21,9,Autumn,1
10023456785,2024-09-14 22:00:00,2024-09-14,22:00:00,0.1622,Saturday,22,9,Autumn,1
10023456785,2024-09-14 23:00:00,2024-09-14,23:00:00,0.8556,Saturday,23,9,Autumn,0
10023456785,2024-09-15 00:00:00,2024-09-15,00:00:00,0.7124,Sunday,0,9,Autumn,0
10023456785,2024-09-15 01:00:00,2024-09-15,01:00:00,0.7725,Sunday,1,9,Autumn,0
10023456785,2024-09-15 02:00:00,2024-09-15,02:00:00,0.8373,Sunday,2,9,Autumn,0
10023456785,2024-09-15 03:00:00,2024-09-15,03:00:00,0.7744,Sunday,3,9,Autumn,0
10023456785,2024-09-15 04:00:00,2024-09-15,04:00:00,0.8286,Sunday,4,9,Autumn,0
10023456785,2024-09-15 05:00:00,2024-09-15,05:00:00,0.8775,Sunday,5,9,Autumn,0
10023456785,2024-09-15 06:00:00,2024-09-15,06:00:00,1.3861,Sunday,6,9,Autumn,0
10023456785,2024-09-15 07:00:00,2024-09-15,07:00:00,1.9803,Sunday,7,9,Autumn,0
10023456785,2024-09-15 08:00:00,2024-09-15,08:00:00,2.3993,Sunday,8,9,Autumn,0
10023456785,2024-09-15 09:00:00,2024-09-15,09:00:00,2.2046,Sunday,9,9,Autumn,0
10023456785,2024-09-15 10:00:00,2024-09-15,10:00:00,1.9453,Sunday,10,9,Autumn,0
10023456785,2024-09-15 11:00:00,2024-09-15,11:00:00,1.8345,Sunday,11,9,Autumn,0
10023456785,2024-09-15 12:00:00,2024-09-15,12:00:00,2.3025,Sunday,12,9,Autumn,0
10023456785,2024-09-15 13:00:00,2024-09-15,13:00:00,1.9214,Sunday,13,9,Autumn,0
10023456785,2024-09-15 14:00:00,2024-09-15,14:00:00,2.0143,Sunday,14,9,Autumn,0
10023456785,2024-09-15 15:00:00,2024-09-15,15:00:00,1.9950,Sunday,15,9,Autumn,0
10023456785,2024-09-15 16:00:00,2024-09-15,16:00:00,2.2039,Sunday,16,9,Autumn,0
10023456785,2024-09-15 17:00:00,2024-09-15,17:00:00,2.4931,Sunday,17,9,Autumn,0
10023456785,2024-09-15 18:00:00,2024-09-15,18:00:00,2.5252,Sunday,18,9,Autumn,0
10023456785,2024-09-15 19:00:00,2024-09-15,19:00:00,2.9120,Sunday,19,9,Autumn,0
10023456785,2024-09-15 20:00:00,2024-09-15,20:00:00,2.8127,Sunday,20,9,Autumn,0
10023456785,2024-09-15 21:00:00,2024-09-15,21:00:00,2.3745,Sunday,21,9,Autumn,0
10023456785,2024-09-15 22:00:00,2024-09-15,22:00:00,1.4657,Sunday,22,9,Autumn,0
10023456785,2024-09-15 23:00:00,2024-09-15,23:00:00,1.2601,Sunday,23,9,Autumn,0
10023456785,2024-09-16 00:00:00,2024-09-16,00:00:00,0.6220,Monday,0,9,Autumn,0
10023456785,2024-09-16 01:00:00,2024-09-16,01:00:00,0.5911,Monday,1,9,Autumn,0
10023456785,2024-09-16 02:00:00,2024-09-16,02:00:00,0.4514,Monday,2,9,Autumn,0
10023456785,2024-09-16 03:00:00,2024-09-16,03:00:00,0.5724,Monday,3,9,Autumn,0
10023456785,2024-09-16 04:00:00,2024-09-16,04:00:00,0.7404,Monday,4,9,Autumn,0
10023456785,2024-09-16 05:00:00,2024-09-16,05:00:00,1.0339,Monday,5,9,Autumn,0
10023456785,2024-09-16 06:00:00,2024-09-16,06:00:00,1.3400,Monday,6,9,Autumn,0
10023456785,2024-09-16 07:00:00,2024-09-16,07:00:00,1.6166,Monday,7,9,Autumn,0
10023456785,2024-09-16 08:00:00,2024-09-16,08:00:00,2.6802,Monday,8,9,Autumn,0
10023456785,2024-09-16 09:00:00,2024-09-16,09:00:00,2.4496,Monday,9,9,Autumn,0
10023456785,2024-09-16 10:00:00,2024-09-16,10:00:00,4.5704,Monday,10,9,Autumn,1
10023456785,2024-09-16 11:00:00,2024-09-16,11:00:00,1.5117,Monday,11,9,Autumn,0
10023456785,2024-09-16 12:00:00,2024-09-16,12:00:00,1.8242,Monday,12,9,Autumn,0
10023456785,2024-09-16 13:00:00,2024-09-16,13:00:00,1.9099,Monday,13,9,Autumn,0
10023456785,2024-09-16 14:00:00,2024-09-16,14:00:00,1.7777,Monday,14,9,Autumn,0
10023456785,2024-09-16 15:00:00,2024-09-16,15:00:00,1.8401,Monday,15,9,Autumn,0
10023456785,2024-09-16 16:00:00,2024-09-16,16:00:00,1.7926,Monday,16,9,Autumn,0
10023456785,2024-09-16 17:00:00,2024-09-16,17:00:00,2.0556,Monday,17,9,Autumn,0
10023456785,2024-09-16 18:00:00,2024-09-16,18:00:00,2.4060,Monday,18,9,Autumn,0
10023456785,2024-09-16 19:00:00,2024-09-16,19:00:00,1.9526,Monday,19,9,Autumn,0
10023456785,2024-09-16 20:00:00,2024-09-16,20:00:00,1.7335,Monday,20,9,Autumn,0
10023456785,2024-09-16 21:00:00,2024-09-16,21:00:00,3.7959,Monday,21,9,Autumn,1
10023456785,2024-09-16 22:00:00,2024-09-16,22:00:00,1.2555,Monday,22,9,Autumn,0
10023456785,2024-09-16 23:00:00,2024-09-16,23:00:00,0.7801,Monday,23,9,Autumn,0
10023456785,2024-09-17 00:00:00,2024-09-17,00:00:00,0.7690,Tuesday,0,9,Autumn,0
10023456785,2024-09-17 01:00:00,2024-09-17,01:00:00,1.0113,Tuesday,1,9,Autumn,0
10023456785,2024-09-17 02:00:00,2024-09-17,02:00:00,0.9387,Tuesday,2,9,Autumn,0
10023456785,2024-09-17 03:00:00,2024-09-17,03:00:00,0.7023,Tuesday,3,9,Autumn,0
10023456785,2024-09-17 04:00:00,2024-09-17,04:00:00,4.3481,Tuesday,4,9,Autumn,1
10023456785,2024-09-17 05:00:00,2024-09-17,05:00:00,1.1156,Tuesday,5,9,Autumn,0
10023456785,2024-09-17 06:00:00,2024-09-17,06:00:00,1.7229,Tuesday,6,9,Autumn,0
10023456785,2024-09-17 07:00:00,2024-09-17,07:00:00,2.3191,Tuesday,7,9,Autumn,0
10023456785,2024-09-17 08:00:00,2024-09-17,08:00:00,2.6270,Tuesday,8,9,Autumn,0
10023456785,2024-09-17 09:00:00,2024-09-17,09:00:00,3.1120,Tuesday,9,9,Autumn,0
10023456785,2024-09-17 10:00:00,2024-09-17,10:00:00,2.1212,Tuesday,10,9,Autumn,0
10023456785,2024-09-17 11:00:00,2024-09-17,11:00:00,2.3946,Tuesday,11,9,Autumn,0
10023456785,2024-09-17 12:00:00,2024-09-17,12:00:00,2.0622,Tuesday,12,9,Autumn,0
10023456785,2024-09-17 13:00:00,2024-09-17,13:00:00,2.5631,Tuesday,13,9,Autumn,0
10023456785,2024-09-17 14:00:00,2024-09-17,14:00:00,2.1787,Tuesday,14,9,Autumn,0
10023456785,2024-09-17 15:00:00,2024-09-17,15:00:00,2.6855,Tuesday,15,9,Autumn,0
10023456785,2024-09-17 16:00:00,2024-09-17,16:00:00,2.6374,Tuesday,16,9,Autumn,0
10023456785,2024-09-17 17:00:00,2024-09-17,17:00:00,2.8432,Tuesday,17,9,Autumn,0
10023456785,2024-09-17 18:00:00,2024-09-17,18:00:00,2.8344,Tuesday,18,9,Autumn,0
10023456785,2024-09-17 19:00:00,2024-09-17,19:00:00,3.1649,Tuesday,19,9,Autumn,0
10023456785,2024-09-17 20:00:00,2024-09-17,20:00:00,2.8535,Tuesday,20,9,Autumn,0
10023456785,2024-09-17 21:00:00,2024-09-17,21:00:00,2.2399,Tuesday,21,9,Autumn,0
10023456785,2024-09-17 22:00:00,2024-09-17,22:00:00,1.7459,Tuesday,22,9,Autumn,0
10023456785,2024-09-17 23:00:00,2024-09-17,23:00:00,0.8342,Tuesday,23,9,Autumn,0
10023456785,2024-09-18 00:00:00,2024-09-18,00:00:00,0.8383,Wednesday,0,9,Autumn,0
10023456785,2024-09-18 01:00:00,2024-09-18,01:00:00,0.6224,Wednesday,1,9,Autumn,0
10023456785,2024-09-18 02:00:00,2024-09-18,02:00:00,0.8881,Wednesday,2,9,Autumn,0
10023456785,2024-09-18 03:00:00,2024-09-18,03:00:00,0.7713,Wednesday,3,9,Autumn,0
10023456785,2024-09-18 04:00:00,2024-09-18,04:00:00,0.6851,Wednesday,4,9,Autumn,0
10023456785,2024-09-18 05:00:00,2024-09-18,05:00:00,1.1641,Wednesday,5,9,Autumn,0
10023456785,2024-09-18 06:00:00,2024-09-18,06:00:00,1.6349,Wednesday,6,9,Autumn,0
10023456785,2024-09-18 07:00:00,2024-09-18,07:00:00,2.6864,Wednesday,7,9,Autumn,0
10023456785,2024-09-18 08:00:00,2024-09-18,08:00:00,3.1043,Wednesday,8,9,Autumn,0
10023456785,2024-09-18 09:00:00,2024-09-18,09:00:00,2.3424,Wednesday,9,9,Autumn,0
10023456785,2024-09-18 10:00:00,2024-09-18,10:00:00,2.4964,Wednesday,10,9,Autumn,0
10023456785,2024-09-18 11:00:00,2024-09-18,11:00:00,2.4594,Wednesday,11,9,Autumn,0
10023456785,2024-09-18 12:00:00,2024-09-18,12:00:00,2.1742,Wednesday,12,9,Autumn,0
10023456785,2024-09-18 13:00:00,2024-09-18,13:00:00,2.3973,Wednesday,13,9,Autumn,0
10023456785,2024-09-18 14:00:00,2024-09-18,14:00:00,2.1893,Wednesday,14,9,Autumn,0
10023456785,2024-09-18 15:00:00,2024-09-18,15:00:00,2.5703,Wednesday,15,9,Autumn,0
10023456785,2024-09-18 16:00:00,2024-09-18,16:00:00,2.9799,Wednesday,16,9,Autumn,0
10023456785,2024-09-18 17:00:00,2024-09-18,17:00:00,2.9866,Wednesday,17,9,Autumn,0
10023456785,2024-09-18 18:00:00,2024-09-18,18:00:00,3.3610,Wednesday,18,9,Autumn,0
10023456785,2024-09-18 19:00:00,2024-09-18,19:00:00,3.6445,Wednesday,19,9,Autumn,0
10023456785,2024-09-18 20:00:00,2024-09-18,20:00:00,2.4107,Wednesday,20,9,Autumn,0
10023456785,2024-09-18 21:00:00,2024-09-18,21:00:00,2.1430,Wednesday,21,9,Autumn,0
10023456785,2024-09-18 22:00:00,2024-09-18,22:00:00,1.2621,Wednesday,22,9,Autumn,0
10023456785,2024-09-18 23:00:00,2024-09-18,23:00:00,0.9571,Wednesday,23,9,Autumn,0
10023456785,2024-09-19 00:00:00,2024-09-19,00:00:00,0.8632,Thursday,0,9,Autumn,0
10023456785,2024-09-19 01:00:00,2024-09-19,01:00:00,0.6974,Thursday,1,9,Autumn,0
10023456785,2024-09-19 02:00:00,2024-09-19,02:00:00,0.7707,Thursday,2,9,Autumn,0
10023456785,2024-09-19 03:00:00,2024-09-19,03:00:00,0.8645,Thursday,3,9,Autumn,0
10023456785,2024-09-19 04:00:00,2024-09-19,04:00:00,0.6590,Thursday,4,9,Autumn,0
10023456785,2024-09-19 05:00:00,2024-09-19,05:00:00,1.1894,Thursday,5,9,Autumn,0
10023456785,2024-09-19 06:00:00,2024-09-19,06:00:00,1.6033,Thursday,6,9,Autumn,0
10023456785,2024-09-19 07:00:00,2024-09-19,07:00:00,1.9957,Thursday,7,9,Autumn,0
10023456785,2024-09-19 08:00:00,2024-09-19,08:00:00,2.8500,Thursday,8,9,Autumn,0
10023456785,2024-09-19 09:00:00,2024-09-19,09:00:00,3.0943,Thursday,9,9,Autumn,0
10023456785,2024-09-19 10:00:00,2024-09-19,10:00:00,2.3899,Thursday,10,9,Autumn,0
10023456785,2024-09-19 11:00:00,2024-09-19,11:00:00,1.9936,Thursday,11,9,Autumn,0
10023456785,2024-09-19 12:00:00,2024-09-19,12:00:00,2.1840,Thursday,12,9,Autumn,0
10023456785,2024-09-19 13:00:00,2024-09-19,13:00:00,2.1821,Thursday,13,9,Autumn,0
10023456785,2024-09-19 14:00:00,2024-09-19,14:00:00,2.1376,Thursday,14,9,Autumn,0
10023456785,2024-09-19 15:00:00,2024-09-19,15:00:00,2.5887,Thursday,15,9,Autumn,0
10023456785,2024-09-19 16:00:00,2024-09-19,16:00:00,2.4786,Thursday,16,9,Autumn,0
10023456785,2024-09-19 17:00:00,2024-09-19,17:00:00,3.0153,Thursday,17,9,Autumn,0
10023456785,2024-09-19 18:00:00,2024-09-19,18:00:00,3.0771,Thursday,18,9,Autumn,0
10023456785,2024-09-19 19:00:00,2024-09-19,19:00:00,2.6502,Thursday,19,9,Autumn,0
10023456785,2024-09-19 20:00:00,2024-09-19,20:00:00,2.3886,Thursday,20,9,Autumn,0
10023456785,2024-09-19 21:00:00,2024-09-19,21:00:00,2.2031,Thursday,21,9,Autumn,0
10023456785,2024-09-19 22:00:00,2024-09-19,22:00:00,1.3438,Thursday,22,9,Autumn,0
10023456785,2024-09-19 23:00:00,2024-09-19,23:00:00,1.1924,Thursday,23,9,Autumn,0
10023456785,2024-09-20 00:00:00,2024-09-20,00:00:00,0.9941,Friday,0,9,Autumn,0
10023456785,2024-09-20 01:00:00,2024-09-20,01:00:00,0.8927,Friday,1,9,Autumn,0
10023456785,2024-09-20 02:00:00,2024-09-20,02:00:00,2.5877,Friday,2,9,Autumn,1
10023456785,2024-09-20 03:00:00,2024-09-20,03:00:00,0.7990,Friday,3,9,Autumn,0
10023456785,2024-09-20 04:00:00,2024-09-20,04:00:00,1.1322,Friday,4,9,Autumn,0
10023456785,2024-09-20 05:00:00,2024-09-20,05:00:00,1.4355,Friday,5,9,Autumn,0
10023456785,2024-09-20 06:00:00,2024-09-20,06:00:00,1.9623,Friday,6,9,Autumn,0
10023456785,2024-09-20 07:00:00,2024-09-20,07:00:00,2.2285,Friday,7,9,Autumn,0
10023456785,2024-09-20 08:00:00,2024-09-20,08:00:00,3.3151,Friday,8,9,Autumn,0
10023456785,2024-09-20 09:00:00,2024-09-20,09:00:00,3.3560,Friday,9,9,Autumn,0
10023456785,2024-09-20 10:00:00,2024-09-20,10:00:00,2.3474,Friday,10,9,Autumn,0
10023456785,2024-09-20 11:00:00,2024-09-20,11:00:00,2.9234,Friday,11,9,Autumn,0
10023456785,2024-09-20 12:00:00,2024-09-20,12:00:00,2.1513,Friday,12,9,Autumn,0
10023456785,2024-09-20 13:00:00,2024-09-20,13:00:00,2.2985,Friday,13,9,Autumn,0
10023456785,2024-09-20 14:00:00,2024-09-20,14:00:00,2.2554,Friday,14,9,Autumn,0
10023456785,2024-09-20 15:00:00,2024-09-20,15:00:00,2.6293,Friday,15,9,Autumn,0
10023456785,2024-09-20 16:00:00,2024-09-20,16:00:00,2.8889,Friday,16,9,Autumn,0
10023456785,2024-09-20 17:00:00,2024-09-20,17:00:00,2.8690,Friday,17,9,Autumn,0
10023456785,2024-09-20 18:00:00,2024-09-20,18:00:00,3.1024,Friday,18,9,Autumn,0
10023456785,2024-09-20 19:00:00,2024-09-20,19:00:00,2.7974,Friday,19,9,Autumn,0
10023456785,2024-09-20 20:00:00,2024-09-20,20:00:00,3.5142,Friday,20,9,Autumn,0
10023456785,2024-09-20 21:00:00,2024-09-20,21:00:00,2.6390,Friday,21,9,Autumn,0
10023456785,2024-09-20 22:00:00,2024-09-20,22:00:00,1.5476,Friday,22,9,Autumn,0
10023456785,2024-09-20 23:00:00,2024-09-20,23:00:00,0.8835,Friday,23,9,Autumn,0
10023456785,2024-09-21 00:00:00,2024-09-21,00:00:00,0.7172,Saturday,0,9,Autumn,0
10023456785,2024-09-21 01:00:00,2024-09-21,01:00:00,0.6319,Saturday,1,9,Autumn,0
10023456785,2024-09-21 02:00:00,2024-09-21,02:00:00,0.8588,Saturday,2,9,Autumn,0
10023456785,2024-09-21 03:00:00,2024-09-21,03:00:00,0.7843,Saturday,3,9,Autumn,0
10023456785,2024-09-21 04:00:00,2024-09-21,04:00:00,0.6970,Saturday,4,9,Autumn,0
10023456785,2024-09-21 05:00:00,2024-09-21,05:00:00,0.8765,Saturday,5,9,Autumn,0
10023456785,2024-09-21 06:00:00,2024-09-21,06:00:00,1.0819,Saturday,6,9,Autumn,0
10023456785,2024-09-21 07:00:00,2024-09-21,07:00:00,1.5321,Saturday,7,9,Autumn,0
10023456785,2024-09-21 08:00:00,2024-09-21,08:00:00,1.6273,Saturday,8,9,Autumn,0
10023456785,2024-09-21 09:00:00,2024-09-21,09:00:00,2.1784,Saturday,9,9,Autumn,0
10023456785,2024-09-21 10:00:00,2024-09-21,10:00:00,2.0280,Saturday,10,9,Autumn,0
10023456785,2024-09-21 11:00:00,2024-09-21,11:00:00,1.5739,Saturday,11,9,Autumn,0
10023456785,2024-09-21 12:00:00,2024-09-21,12:00:00,2.0428,Saturday,12,9,Autumn,0
10023456785,2024-09-21 13:00:00,2024-09-21,13:00:00,1.5955,Saturday,13,9,Autumn,0
10023456785,2024-09-21 14:00:00,2024-09-21,14:00:00,1.7209,Saturday,14,9,Autumn,0
10023456785,2024-09-21 15:00:00,2024-09-21,15:00:00,1.6171,Saturday,15,9,Autumn,0
10023456785,2024-09-21 16:00:00,2024-09-21,16:00:00,2.4191,Saturday,16,9,Autumn,0
10023456785,2024-09-21 17:00:00,2024-09-21,17:00:00,2.4705,Saturday,17,9,Autumn,0
10023456785,2024-09-21 18:00:00,2024-09-21,18:00:00,1.9590,Saturday,18,9,Autumn,0
10023456785,2024-09-21 19:00:00,2024-09-21,19:00:00,2.0525,Saturday,19,9,Autumn,0
10023456785,2024-09-21 20:00:00,2024-09-21,20:00:00,2.1802,Saturday,20,9,Autumn,0
10023456785,2024-09-21 21:00:00,2024-09-21,21:00:00,1.7468,Saturday,21,9,Autumn,0
10023456785,2024-09-21 22:00:00,2024-09-21,22:00:00,1.5726,Saturday,22,9,Autumn,0
10023456785,2024-09-21 23:00:00,2024-09-21,23:00:00,1.0702,Saturday,23,9,Autumn,0
10023456785,2024-09-22 00:00:00,2024-09-22,00:00:00,0.8113,Sunday,0,9,Autumn,0
10023456785,2024-09-22 01:00:00,2024-09-22,01:00:00,0.5823,Sunday,1,9,Autumn,0
10023456785,2024-09-22 02:00:00,2024-09-22,02:00:00,0.6256,Sunday,2,9,Autumn,0
10023456785,2024-09-22 03:00:00,2024-09-22,03:00:00,0.5771,Sunday,3,9,Autumn,0
10023456785,2024-09-22 04:00:00,2024-09-22,04:00:00,0.6626,Sunday,4,9,Autumn,0
10023456785,2024-09-22 05:00:00,2024-09-22,05:00:00,0.7428,Sunday,5,9,Autumn,0
10023456785,2024-09-22 06:00:00,2024-09-22,06:00:00,1.1097,Sunday,6,9,Autumn,0
10023456785,2024-09-22 07:00:00,2024-09-22,07:00:00,1.5670,Sunday,7,9,Autumn,0
10023456785,2024-09-22 08:00:00,2024-09-22,08:00:00,2.0167,Sunday,8,9,Autumn,0
10023456785,2024-09-22 09:00:00,2024-09-22,09:00:00,1.7480,Sunday,9,9,Autumn,0
10023456785,2024-09-22 10:00:00,2024-09-22,10:00:00,1.5134,Sunday,10,9,Autumn,0
10023456785,2024-09-22 11:00:00,2024-09-22,11:00:00,1.5439,Sunday,11,9,Autumn,0
10023456785,2024-09-22 12:00:00,2024-09-22,12:00:00,2.0414,Sunday,12,9,Autumn,0
10023456785,2024-09-22 13:00:00,2024-09-22,13:00:00,1.7946,Sunday,13,9,Autumn,0
10023456785,2024-09-22 14:00:00,2024-09-22,14:00:00,1.3207,Sunday,14,9,Autumn,0
10023456785,2024-09-22 15:00:00,2024-09-22,15:00:00,2.1171,Sunday,15,9,Autumn,0
10023456785,2024-09-22 16:00:00,2024-09-22,16:00:00,6.5326,Sunday,16,9,Autumn,1
10023456785,2024-09-22 17:00:00,2024-09-22,17:00:00,1.9105,Sunday,17,9,Autumn,0
10023456785,2024-09-22 18:00:00,2024-09-22,18:00:00,2.4835,Sunday,18,9,Autumn,0
10023456785,2024-09-22 19:00:00,2024-09-22,19:00:00,2.4475,Sunday,19,9,Autumn,0
10023456785,2024-09-22 20:00:00,2024-09-22,20:00:00,1.9716,Sunday,20,9,Autumn,0
10023456785,2024-09-22 21:00:00,2024-09-22,21:00:00,1.7706,Sunday,21,9,Autumn,0
10023456785,2024-09-22 22:00:00,2024-09-22,22:00:00,1.0767,Sunday,22,9,Autumn,0
10023456785,2024-09-22 23:00:00,2024-09-22,23:00:00,0.9569,Sunday,23,9,Autumn,0
10023456785,2024-09-23 00:00:00,2024-09-23,00:00:00,0.6671,Monday,0,9,Autumn,0
10023456785,2024-09-23 01:00:00,2024-09-23,01:00:00,0.6008,Monday,1,9,Autumn,0
10023456785,2024-09-23 02:00:00,2024-09-23,02:00:00,0.6262,Monday,2,9,Autumn,0
10023456785,2024-09-23 03:00:00,2024-09-23,03:00:00,0.6725,Monday,3,9,Autumn,0
10023456785,2024-09-23 04:00:00,2024-09-23,04:00:00,0.6609,Monday,4,9,Autumn,0
10023456785,2024-09-23 05:00:00,2024-09-23,05:00:00,0.8716,Monday,5,9,Autumn,0
10023456785,2024-09-23 06:00:00,2024-09-23,06:00:00,1.4780,Monday,6,9,Autumn,0
10023456785,2024-09-23 07:00:00,2024-09-23,07:00:00,1.8220,Monday,7,9,Autumn,0
10023456785,2024-09-23 08:00:00,2024-09-23,08:00:00,2.5105,Monday,8,9,Autumn,0
10023456785,2024-09-23 09:00:00,2024-09-23,09:00:00,2.8792,Monday,9,9,Autumn,0
10023456785,2024-09-23 10:00:00,2024-09-23,10:00:00,2.3252,Monday,10,9,Autumn,0
10023456785,2024-09-23 11:00:00,2024-09-23,11:00:00,2.3479,Monday,11,9,Autumn,0
10023456785,2024-09-23 12:00:00,2024-09-23,12:00:00,1.9995,Monday,12,9,Autumn,0
10023456785,2024-09-23 13:00:00,2024-09-23,13:00:00,1.8212,Monday,13,9,Autumn,0
10023456785,2024-09-23 14:00:00,2024-09-23,14:00:00,1.9971,Monday,14,9,Autumn,0
10023456785,2024-09-23 15:00:00,2024-09-23,15:00:00,1.9882,Monday,15,9,Autumn,0
10023456785,2024-09-23 16:00:00,2024-09-23,16:00:00,2.1304,Monday,16,9,Autumn,0
10023456785,2024-09-23 17:00:00,2024-09-23,17:00:00,2.7052,Monday,17,9,Autumn,0
10023456785,2024-09-23 18:00:00,2024-09-23,18:00:00,8.1743,Monday,18,9,Autumn,1
10023456785,2024-09-23 19:00:00,2024-09-23,19:00:00,7.8999,Monday,19,9,Autumn,1
10023456785,2024-09-23 20:00:00,2024-09-23,20:00:00,6.3052,Monday,20,9,Autumn,1
10023456785,2024-09-23 21:00:00,2024-09-23,21:00:00,4.4080,Monday,21,9,Autumn,1
10023456785,2024-09-23 22:00:00,2024-09-23,22:00:00,1.7114,Monday,22,9,Autumn,0
10023456785,2024-09-23 23:00:00,2024-09-23,23:00:00,0.8048,Monday,23,9,Autumn,0
10023456785,2024-09-24 00:00:00,2024-09-24,00:00:00,0.9885,Tuesday,0,9,Autumn,0
10023456785,2024-09-24 01:00:00,2024-09-24,01:00:00,0.9596,Tuesday,1,9,Autumn,0
10023456785,2024-09-24 02:00:00,2024-09-24,02:00:00,1.2780,Tuesday,2,9,Autumn,0
10023456785,2024-09-24 03:00:00,2024-09-24,03:00:00,0.7269,Tuesday,3,9,Autumn,0
10023456785,2024-09-24 04:00:00,2024-09-24,04:00:00,0.9446,Tuesday,4,9,Autumn,0
10023456785,2024-09-24 05:00:00,2024-09-24,05:00:00,1.2507,Tuesday,5,9,Autumn,0
10023456785,2024-09-24 06:00:00,2024-09-24,06:00:00,1.7366,Tuesday,6,9,Autumn,0
10023456785,2024-09-24 07:00:00,2024-09-24,07:00:00,2.5651,Tuesday,7,9,Autumn,0
10023456785,2024-09-24 08:00:00,2024-09-24,08:00:00,2.5725,Tuesday,8,9,Autumn,0
10023456785,2024-09-24 09:00:00,2024-09-24,09:00:00,3.8327,Tuesday,9,9,Autumn,0
10023456785,2024-09-24 10:00:00,2024-09-24,10:00:00,2.6086,Tuesday,10,9,Autumn,0
10023456785,2024-09-24 11:00:00,2024-09-24,11:00:00,3.1470,Tuesday,11,9,Autumn,0
10023456785,2024-09-24 12:00:00,2024-09-24,12:00:00,2.1937,Tuesday,12,9,Autumn,0
10023456785,2024-09-24 13:00:00,2024-09-24,13:00:00,2.6619,Tuesday,13,9,Autumn,0
10023456785,2024-09-24 14:00:00,2024-09-24,14:00:00,2.6818,Tuesday,14,9,Autumn,0
10023456785,2024-09-24 15:00:00,2024-09-24,15:00:00,3.1312,Tuesday,15,9,Autumn,0
10023456785,2024-09-24 16:00:00,2024-09-24,16:00:00,2.9304,Tuesday,16,9,Autumn,0
10023456785,2024-09-24 17:00:00,2024-09-24,17:00:00,2.7401,Tuesday,17,9,Autumn,0
10023456785,2024-09-24 18:00:00,2024-09-24,18:00:00,2.7356,Tuesday,18,9,Autumn,0
10023456785,2024-09-24 19:00:00,2024-09-24,19:00:00,3.6502,Tuesday,19,9,Autumn,0
10023456785,2024-09-24 20:00:00,2024-09-24,20:00:00,2.7486,Tuesday,20,9,Autumn,0
10023456785,2024-09-24 21:00:00,2024-09-24,21:00:00,1.8281,Tuesday,21,9,Autumn,0
10023456785,2024-09-24 22:00:00,2024-09-24,22:00:00,1.5355,Tuesday,22,9,Autumn,0
10023456785,2024-09-24 23:00:00,2024-09-24,23:00:00,1.2582,Tuesday,23,9,Autumn,0
10023456785,2024-09-25 00:00:00,2024-09-25,00:00:00,1.0176,Wednesday,0,9,Autumn,0
10023456785,2024-09-25 01:00:00,2024-09-25,01:00:00,0.7800,Wednesday,1,9,Autumn,0
10023456785,2024-09-25 02:00:00,2024-09-25,02:00:00,0.8554,Wednesday,2,9,Autumn,0
10023456785,2024-09-25 03:00:00,2024-09-25,03:00:00,0.9641,Wednesday,3,9,Autumn,0
10023456785,2024-09-25 04:00:00,2024-09-25,04:00:00,1.0198,Wednesday,4,9,Autumn,0
10023456785,2024-09-25 05:00:00,2024-09-25,05:00:00,1.2132,Wednesday,5,9,Autumn,0
10023456785,2024-09-25 06:00:00,2024-09-25,06:00:00,1.5642,Wednesday,6,9,Autumn,0
10023456785,2024-09-25 07:00:00,2024-09-25,07:00:00,2.5015,Wednesday,7,9,Autumn,0
10023456785,2024-09-25 08:00:00,2024-09-25,08:00:00,3.1313,Wednesday,8,9,Autumn,0
10023456785,2024-09-25 09:00:00,2024-09-25,09:00:00,3.2755,Wednesday,9,9,Autumn,0
10023456785,2024-09-25 10:00:00,2024-09-25,10:00:00,2.5782,Wednesday,10,9,Autumn,0
10023456785,2024-09-25 11:00:00,2024-09-25,11:00:00,2.5552,Wednesday,11,9,Autumn,0
10023456785,2024-09-25 12:00:00,2024-09-25,12:00:00,2.5651,Wednesday,12,9,Autumn,0
10023456785,2024-09-25 13:00:00,2024-09-25,13:00:00,2.5380,Wednesday,13,9,Autumn,0
10023456785,2024-09-25 14:00:00,2024-09-25,14:00:00,2.3321,Wednesday,14,9,Autumn,0
10023456785,2024-09-25 15:00:00,2024-09-25,15:00:00,2.5236,Wednesday,15,9,Autumn,0
10023456785,2024-09-25 16:00:00,2024-09-25,16:00:00,2.4782,Wednesday,16,9,Autumn,0
10023456785,2024-09-25 17:00:00,2024-09-25,17:00:00,3.7790,Wednesday,17,9,Autumn,0
10023456785,2024-09-25 18:00:00,2024-09-25,18:00:00,3.3746,Wednesday,18,9,Autumn,0
10023456785,2024-09-25 19:00:00,2024-09-25,19:00:00,2.4213,Wednesday,19,9,Autumn,0
10023456785,2024-09-25 20:00:00,2024-09-25,20:00:00,2.5830,Wednesday,20,9,Autumn,0
10023456785,2024-09-25 21:00:00,2024-09-25,21:00:00,2.0084,Wednesday,21,9,Autumn,0
10023456785,2024-09-25 22:00:00,2024-09-25,22:00:00,1.4621,Wednesday,22,9,Autumn,0
10023456785,2024-09-25 23:00:00,2024-09-25,23:00:00,1.1411,Wednesday,23,9,Autumn,0
10023456785,2024-09-26 00:00:00,2024-09-26,00:00:00,0.9516,Thursday,0,9,Autumn,0
10023456785,2024-09-26 01:00:00,2024-09-26,01:00:00,0.6829,Thursday,1,9,Autumn,0
10023456785,2024-09-26 02:00:00,2024-09-26,02:00:00,4.1135,Thursday,2,9,Autumn,1
10023456785,2024-09-26 03:00:00,2024-09-26,03:00:00,5.9756,Thursday,3,9,Autumn,1
10023456785,2024-09-26 04:00:00,2024-09-26,04:00:00,5.7031,Thursday,4,9,Autumn,1
10023456785,2024-09-26 05:00:00,2024-09-26,05:00:00,1.2110,Thursday,5,9,Autumn,0
10023456785,2024-09-26 06:00:00,2024-09-26,06:00:00,1.6538,Thursday,6,9,Autumn,0
10023456785,2024-09-26 07:00:00,2024-09-26,07:00:00,2.7520,Thursday,7,9,Autumn,0
10023456785,2024-09-26 08:00:00,2024-09-26,08:00:00,2.4048,Thursday,8,9,Autumn,0
10023456785,2024-09-26 09:00:00,2024-09-26,09:00:00,3.1539,Thursday,9,9,Autumn,0
10023456785,2024-09-26 10:00:00,2024-09-26,10:00:00,2.8728,Thursday,10,9,Autumn,0
10023456785,2024-09-26 11:00:00,2024-09-26,11:00:00,2.5812,Thursday,11,9,Autumn,0
10023456785,2024-09-26 12:00:00,2024-09-26,12:00:00,2.0757,Thursday,12,9,Autumn,0
10023456785,2024-09-26 13:00:00,2024-09-26,13:00:00,2.3852,Thursday,13,9,Autumn,0
10023456785,2024-09-26 14:00:00,2024-09-26,14:00:00,2.4872,Thursday,14,9,Autumn,0
10023456785,2024-09-26 15:00:00,2024-09-26,15:00:00,2.0853,Thursday,15,9,Autumn,0
10023456785,2024-09-26 16:00:00,2024-09-26,16:00:00,2.9098,Thursday,16,9,Autumn,0
10023456785,2024-09-26 17:00:00,2024-09-26,17:00:00,3.6378,Thursday,17,9,Autumn,0
10023456785,2024-09-26 18:00:00,2024-09-26,18:00:00,3.3307,Thursday,18,9,Autumn,0
10023456785,2024-09-26 19:00:00,2024-09-26,19:00:00,3.0967,Thursday,19,9,Autumn,0
10023456785,2024-09-26 20:00:00,2024-09-26,20:00:00,3.1141,Thursday,20,9,Autumn,0
10023456785,2024-09-26 21:00:00,2024-09-26,21:00:00,2.2963,Thursday,21,9,Autumn,0
10023456785,2024-09-26 22:00:00,2024-09-26,22:00:00,1.5571,Thursday,22,9,Autumn,0
10023456785,2024-09-26 23:00:00,2024-09-26,23:00:00,1.3115,Thursday,23,9,Autumn,0
10023456785,2024-09-27 00:00:00,2024-09-27,00:00:00,0.8791,Friday,0,9,Autumn,0
10023456785,2024-09-27 01:00:00,2024-09-27,01:00:00,0.7521,Friday,1,9,Autumn,0
10023456785,2024-09-27 02:00:00,2024-09-27,02:00:00,0.7559,Friday,2,9,Autumn,0
10023456785,2024-09-27 03:00:00,2024-09-27,03:00:00,0.8075,Friday,3,9,Autumn,0
10023456785,2024-09-27 04:00:00,2024-09-27,04:00:00,0.8569,Friday,4,9,Autumn,0
10023456785,2024-09-27 05:00:00,2024-09-27,05:00:00,1.0383,Friday,5,9,Autumn,0
10023456785,2024-09-27 06:00:00,2024-09-27,06:00:00,2.0389,Friday,6,9,Autumn,0
10023456785,2024-09-27 07:00:00,2024-09-27,07:00:00,2.3616,Friday,7,9,Autumn,0
10023456785,2024-09-27 08:00:00,2024-09-27,08:00:00,2.3641,Friday,8,9,Autumn,0
10023456785,2024-09-27 09:00:00,2024-09-27,09:00:00,2.6866,Friday,9,9,Autumn,0
10023456785,2024-09-27 10:00:00,2024-09-27,10:00:00,2.2687,Friday,10,9,Autumn,0
10023456785,2024-09-27 11:00:00,2024-09-27,11:00:00,2.6740,Friday,11,9,Autumn,0
10023456785,2024-09-27 12:00:00,2024-09-27,12:00:00,1.9078,Friday,12,9,Autumn,0
10023456785,2024-09-27 13:00:00,2024-09-27,13:00:00,2.4961,Friday,13,9,Autumn,0
10023456785,2024-09-27 14:00:00,2024-09-27,14:00:00,2.2912,Friday,14,9,Autumn,0
10023456785,2024-09-27 15:00:00,2024-09-27,15:00:00,2.9501,Friday,15,9,Autumn,0
10023456785,2024-09-27 16:00:00,2024-09-27,16:00:00,2.7486,Friday,16,9,Autumn,0
10023456785,2024-09-27 17:00:00,2024-09-27,17:00:00,2.7114,Friday,17,9,Autumn,0
10023456785,2024-09-27 18:00:00,2024-09-27,18:00:00,2.6260,Friday,18,9,Autumn,0
10023456785,2024-09-27 19:00:00,2024-09-27,19:00:00,2.0206,Friday,19,9,Autumn,0
10023456785,2024-09-27 20:00:00,2024-09-27,20:00:00,2.5965,Friday,20,9,Autumn,0
10023456785,2024-09-27 21:00:00,2024-09-27,21:00:00,1.6956,Friday,21,9,Autumn,0
10023456785,2024-09-27 22:00:00,2024-09-27,22:00:00,1.7025,Friday,22,9,Autumn,0
10023456785,2024-09-27 23:00:00,2024-09-27,23:00:00,1.0572,Friday,23,9,Autumn,0
10023456785,2024-09-28 00:00:00,2024-09-28,00:00:00,0.8709,Saturday,0,9,Autumn,0
10023456785,2024-09-28 01:00:00,2024-09-28,01:00:00,0.9438,Saturday,1,9,Autumn,0
10023456785,2024-09-28 02:00:00,2024-09-28,02:00:00,0.6890,Saturday,2,9,Autumn,0
10023456785,2024-09-28 03:00:00,2024-09-28,03:00:00,0.5228,Saturday,3,9,Autumn,0
10023456785,2024-09-28 04:00:00,2024-09-28,04:00:00,0.8921,Saturday,4,9,Autumn,0
10023456785,2024-09-28 05:00:00,2024-09-28,05:00:00,1.0605,Saturday,5,9,Autumn,0
10023456785,2024-09-28 06:00:00,2024-09-28,06:00:00,1.3422,Saturday,6,9,Autumn,0
10023456785,2024-09-28 07:00:00,2024-09-28,07:00:00,1.9955,Saturday,7,9,Autumn,0
10023456785,2024-09-28 08:00:00,2024-09-28,08:00:00,2.2373,Saturday,8,9,Autumn,0
10023456785,2024-09-28 09:00:00,2024-09-28,09:00:00,2.3604,Saturday,9,9,Autumn,0
10023456785,2024-09-28 10:00:00,2024-09-28,10:00:00,2.0110,Saturday,10,9,Autumn,0
10023456785,2024-09-28 11:00:00,2024-09-28,11:00:00,1.5836,Saturday,11,9,Autumn,0
10023456785,2024-09-28 12:00:00,2024-09-28,12:00:00,1.7968,Saturday,12,9,Autumn,0
10023456785,2024-09-28 13:00:00,2024-09-28,13:00:00,1.8224,Saturday,13,9,Autumn,0
10023456785,2024-09-28 14:00:00,2024-09-28,14:00:00,1.6682,Saturday,14,9,Autumn,0
10023456785,2024-09-28 15:00:00,2024-09-28,15:00:00,1.6425,Saturday,15,9,Autumn,0
10023456785,2024-09-28 16:00:00,2024-09-28,16:00:00,2.1659,Saturday,16,9,Autumn,0
10023456785,2024-09-28 17:00:00,2024-09-28,17:00:00,2.0747,Saturday,17,9,Autumn,0
10023456785,2024-09-28 18:00:00,2024-09-28,18:00:00,3.2285,Saturday,18,9,Autumn,0
10023456785,2024-09-28 19:00:00,2024-09-28,19:00:00,2.2575,Saturday,19,9,Autumn,0
10023456785,2024-09-28 20:00:00,2024-09-28,20:00:00,2.6381,Saturday,20,9,Autumn,0
10023456785,2024-09-28 21:00:00,2024-09-28,21:00:00,1.7948,Saturday,21,9,Autumn,0
10023456785,2024-09-28 22:00:00,2024-09-28,22:00:00,1.1938,Saturday,22,9,Autumn,0
10023456785,2024-09-28 23:00:00,2024-09-28,23:00:00,1.0894,Saturday,23,9,Autumn,0
10023456785,2024-09-29 00:00:00,2024-09-29,00:00:00,1.1474,Sunday,0,9,Autumn,0
10023456785,2024-09-29 01:00:00,2024-09-29,01:00:00,0.9425,Sunday,1,9,Autumn,0
10023456785,2024-09-29 02:00:00,2024-09-29,02:00:00,0.7266,Sunday,2,9,Autumn,0
10023456785,2024-09-29 03:00:00,2024-09-29,03:00:00,0.7759,Sunday,3,9,Autumn,0
10023456785,2024-09-29 04:00:00,2024-09-29,04:00:00,5.2868,Sunday,4,9,Autumn,1
10023456785,2024-09-29 05:00:00,2024-09-29,05:00:00,6.9814,Sunday,5,9,Autumn,1
10023456785,2024-09-29 06:00:00,2024-09-29,06:00:00,1.2668,Sunday,6,9,Autumn,0
10023456785,2024-09-29 07:00:00,2024-09-29,07:00:00,1.7612,Sunday,7,9,Autumn,0
10023456785,2024-09-29 08:00:00,2024-09-29,08:00:00,2.4319,Sunday,8,9,Autumn,0
10023456785,2024-09-29 09:00:00,2024-09-29,09:00:00,2.5073,Sunday,9,9,Autumn,0
10023456785,2024-09-29 10:00:00,2024-09-29,10:00:00,2.9270,Sunday,10,9,Autumn,0
10023456785,2024-09-29 11:00:00,2024-09-29,11:00:00,2.2840,Sunday,11,9,Autumn,0
10023456785,2024-09-29 12:00:00,2024-09-29,12:00:00,2.2587,Sunday,12,9,Autumn,0
10023456785,2024-09-29 13:00:00,2024-09-29,13:00:00,2.4614,Sunday,13,9,Autumn,0
10023456785,2024-09-29 14:00:00,2024-09-29,14:00:00,2.1616,Sunday,14,9,Autumn,0
10023456785,2024-09-29 15:00:00,2024-09-29,15:00:00,2.4433,Sunday,15,9,Autumn,0
10023456785,2024-09-29 16:00:00,2024-09-29,16:00:00,2.4260,Sunday,16,9,Autumn,0
10023456785,2024-09-29 17:00:00,2024-09-29,17:00:00,2.2814,Sunday,17,9,Autumn,0
10023456785,2024-09-29 18:00:00,2024-09-29,18:00:00,3.3587,Sunday,18,9,Autumn,0
10023456785,2024-09-29 19:00:00,2024-09-29,19:00:00,3.6680,Sunday,19,9,Autumn,0
10023456785,2024-09-29 20:00:00,2024-09-29,20:00:00,2.9061,Sunday,20,9,Autumn,0
10023456785,2024-09-29 21:00:00,2024-09-29,21:00:00,2.0108,Sunday,21,9,Autumn,0
10023456785,2024-09-29 22:00:00,2024-09-29,22:00:00,1.6913,Sunday,22,9,Autumn,0
10023456785,2024-09-29 23:00:00,2024-09-29,23:00:00,1.3050,Sunday,23,9,Autumn,0
10023456785,2024-09-30 00:00:00,2024-09-30,00:00:00,1.1083,Monday,0,9,Autumn,0
10023456785,2024-09-30 01:00:00,2024-09-30,01:00:00,0.9042,Monday,1,9,Autumn,0
10023456785,2024-09-30 02:00:00,2024-09-30,02:00:00,0.6987,Monday,2,9,Autumn,0
10023456785,2024-09-30 03:00:00,2024-09-30,03:00:00,0.9023,Monday,3,9,Autumn,0
10023456785,2024-09-30 04:00:00,2024-09-30,04:00:00,0.9607,Monday,4,9,Autumn,0
10023456785,2024-09-30 05:00:00,2024-09-30,05:00:00,1.4511,Monday,5,9,Autumn,0
10023456785,2024-09-30 06:00:00,2024-09-30,06:00:00,2.1738,Monday,6,9,Autumn,0
10023456785,2024-09-30 07:00:00,2024-09-30,07:00:00,3.1752,Monday,7,9,Autumn,0
10023456785,2024-09-30 08:00:00,2024-09-30,08:00:00,2.4053,Monday,8,9,Autumn,0
10023456785,2024-09-30 09:00:00,2024-09-30,09:00:00,3.1692,Monday,9,9,Autumn,0
10023456785,2024-09-30 10:00:00,2024-09-30,10:00:00,3.0205,Monday,10,9,Autumn,0
10023456785,2024-09-30 11:00:00,2024-09-30,11:00:00,2.7339,Monday,11,9,Autumn,0
10023456785,2024-09-30 12:00:00,2024-09-30,12:00:00,2.7607,Monday,12,9,Autumn,0
10023456785,2024-09-30 13:00:00,2024-09-30,13:00:00,2.7458,Monday,13,9,Autumn,0
10023456785,2024-09-30 14:00:00,2024-09-30,14:00:00,2.6036,Monday,14,9,Autumn,0
10023456785,2024-09-30 15:00:00,2024-09-30,15:00:00,2.6906,Monday,15,9,Autumn,0
10023456785,2024-09-30 16:00:00,2024-09-30,16:00:00,2.5358,Monday,16,9,Autumn,0
10023456785,2024-09-30 17:00:00,2024-09-30,17:00:00,3.1859,Monday,17,9,Autumn,0
10023456785,2024-09-30 18:00:00,2024-09-30,18:00:00,3.1183,Monday,18,9,Autumn,0
10023456785,2024-09-30 19:00:00,2024-09-30,19:00:00,3.0217,Monday,19,9,Autumn,0
10023456785,2024-09-30 20:00:00,2024-09-30,20:00:00,3.2971,Monday,20,9,Autumn,0
10023456785,2024-09-30 21:00:00,2024-09-30,21:00:00,1.9161,Monday,21,9,Autumn,0
10023456785,2024-09-30 22:00:00,2024-09-30,22:00:00,1.7792,Monday,22,9,Autumn,0
10023456785,2024-09-30 23:00:00,2024-09-30,23:00:00,1.2100,Monday,23,9,Autumn,0
10023456785,2024-10-01 00:00:00,2024-10-01,00:00:00,0.9134,Tuesday,0,10,Autumn,0
10023456785,2024-10-01 01:00:00,2024-10-01,01:00:00,0.6465,Tuesday,1,10,Autumn,0
10023456785,2024-10-01 02:00:00,2024-10-01,02:00:00,0.8358,Tuesday,2,10,Autumn,0
10023456785,2024-10-01 03:00:00,2024-10-01,03:00:00,0.6433,Tuesday,3,10,Autumn,0
10023456785,2024-10-01 04:00:00,2024-10-01,04:00:00,0.8004,Tuesday,4,10,Autumn,0
10023456785,2024-10-01 05:00:00,2024-10-01,05:00:00,1.3979,Tuesday,5,10,Autumn,0
10023456785,2024-10-01 06:00:00,2024-10-01,06:00:00,1.6671,Tuesday,6,10,Autumn,0
10023456785,2024-10-01 07:00:00,2024-10-01,07:00:00,1.9229,Tuesday,7,10,Autumn,0
10023456785,2024-10-01 08:00:00,2024-10-01,08:00:00,3.3460,Tuesday,8,10,Autumn,0
10023456785,2024-10-01 09:00:00,2024-10-01,09:00:00,3.0353,Tuesday,9,10,Autumn,0
10023456785,2024-10-01 10:00:00,2024-10-01,10:00:00,2.5089,Tuesday,10,10,Autumn,0
10023456785,2024-10-01 11:00:00,2024-10-01,11:00:00,1.9023,Tuesday,11,10,Autumn,0
10023456785,2024-10-01 12:00:00,2024-10-01,12:00:00,2.0152,Tuesday,12,10,Autumn,0
10023456785,2024-10-01 13:00:00,2024-10-01,13:00:00,1.9104,Tuesday,13,10,Autumn,0
10023456785,2024-10-01 14:00:00,2024-10-01,14:00:00,2.4395,Tuesday,14,10,Autumn,0
10023456785,2024-10-01 15:00:00,2024-10-01,15:00:00,1.9410,Tuesday,15,10,Autumn,0
10023456785,2024-10-01 16:00:00,2024-10-01,16:00:00,2.5369,Tuesday,16,10,Autumn,0
10023456785,2024-10-01 17:00:00,2024-10-01,17:00:00,2.4704,Tuesday,17,10,Autumn,0
10023456785,2024-10-01 18:00:00,2024-10-01,18:00:00,2.6254,Tuesday,18,10,Autumn,0
10023456785,2024-10-01 19:00:00,2024-10-01,19:00:00,2.7874,Tuesday,19,10,Autumn,0
10023456785,2024-10-01 20:00:00,2024-10-01,20:00:00,2.3127,Tuesday,20,10,Autumn,0
10023456785,2024-10-01 21:00:00,2024-10-01,21:00:00,2.0978,Tuesday,21,10,Autumn,0
10023456785,2024-10-01 22:00:00,2024-10-01,22:00:00,1.4226,Tuesday,22,10,Autumn,0
10023456785,2024-10-01 23:00:00,2024-10-01,23:00:00,1.1801,Tuesday,23,10,Autumn,0
10023456785,2024-10-02 00:00:00,2024-10-02,00:00:00,0.9464,Wednesday,0,10,Autumn,0
10023456785,2024-10-02 01:00:00,2024-10-02,01:00:00,1.0067,Wednesday,1,10,Autumn,0
10023456785,2024-10-02 02:00:00,2024-10-02,02:00:00,0.9271,Wednesday,2,10,Autumn,0
10023456785,2024-10-02 03:00:00,2024-10-02,03:00:00,0.8285,Wednesday,3,10,Autumn,0
10023456785,2024-10-02 04:00:00,2024-10-02,04:00:00,0.9333,Wednesday,4,10,Autumn,0
10023456785,2024-10-02 05:00:00,2024-10-02,05:00:00,1.0501,Wednesday,5,10,Autumn,0
10023456785,2024-10-02 06:00:00,2024-10-02,06:00:00,1.9313,Wednesday,6,10,Autumn,0
10023456785,2024-10-02 07:00:00,2024-10-02,07:00:00,2.8659,Wednesday,7,10,Autumn,0
10023456785,2024-10-02 08:00:00,2024-10-02,08:00:00,2.5193,Wednesday,8,10,Autumn,0
10023456785,2024-10-02 09:00:00,2024-10-02,09:00:00,2.6848,Wednesday,9,10,Autumn,0
10023456785,2024-10-02 10:00:00,2024-10-02,10:00:00,2.9763,Wednesday,10,10,Autumn,0
10023456785,2024-10-02 11:00:00,2024-10-02,11:00:00,2.1728,Wednesday,11,10,Autumn,0
10023456785,2024-10-02 12:00:00,2024-10-02,12:00:00,2.5755,Wednesday,12,10,Autumn,0
10023456785,2024-10-02 13:00:00,2024-10-02,13:00:00,2.4684,Wednesday,13,10,Autumn,0
10023456785,2024-10-02 14:00:00,2024-10-02,14:00:00,2.2395,Wednesday,14,10,Autumn,0
10023456785,2024-10-02 15:00:00,2024-10-02,15:00:00,3.0162,Wednesday,15,10,Autumn,0
10023456785,2024-10-02 16:00:00,2024-10-02,16:00:00,2.9119,Wednesday,16,10,Autumn,0
10023456785,2024-10-02 17:00:00,2024-10-02,17:00:00,2.3118,Wednesday,17,10,Autumn,0
10023456785,2024-10-02 18:00:00,2024-10-02,18:00:00,2.7714,Wednesday,18,10,Autumn,0
10023456785,2024-10-02 19:00:00,2024-10-02,19:00:00,2.7390,Wednesday,19,10,Autumn,0
10023456785,2024-10-02 20:00:00,2024-10-02,20:00:00,2.3082,Wednesday,20,10,Autumn,0
10023456785,2024-10-02 21:00:00,2024-10-02,21:00:00,2.2060,Wednesday,21,10,Autumn,0
10023456785,2024-10-02 22:00:00,2024-10-02,22:00:00,1.7356,Wednesday,22,10,Autumn,0
10023456785,2024-10-02 23:00:00,2024-10-02,23:00:00,1.0841,Wednesday,23,10,Autumn,0
10023456785,2024-10-03 00:00:00,2024-10-03,00:00:00,0.6413,Thursday,0,10,Autumn,0
10023456785,2024-10-03 01:00:00,2024-10-03,01:00:00,0.6649,Thursday,1,10,Autumn,0
10023456785,2024-10-03 02:00:00,2024-10-03,02:00:00,2.4845,Thursday,2,10,Autumn,1
10023456785,2024-10-03 03:00:00,2024-10-03,03:00:00,1.5547,Thursday,3,10,Autumn,1
10023456785,2024-10-03 04:00:00,2024-10-03,04:00:00,1.8402,Thursday,4,10,Autumn,1
10023456785,2024-10-03 05:00:00,2024-10-03,05:00:00,2.2006,Thursday,5,10,Autumn,1
10023456785,2024-10-03 06:00:00,2024-10-03,06:00:00,3.9486,Thursday,6,10,Autumn,1
10023456785,2024-10-03 07:00:00,2024-10-03,07:00:00,4.5918,Thursday,7,10,Autumn,1
10023456785,2024-10-03 08:00:00,2024-10-03,08:00:00,3.4926,Thursday,8,10,Autumn,0
10023456785,2024-10-03 09:00:00,2024-10-03,09:00:00,2.5661,Thursday,9,10,Autumn,0
10023456785,2024-10-03 10:00:00,2024-10-03,10:00:00,2.4584,Thursday,10,10,Autumn,0
10023456785,2024-10-03 11:00:00,2024-10-03,11:00:00,2.2634,Thursday,11,10,Autumn,0
10023456785,2024-10-03 12:00:00,2024-10-03,12:00:00,2.2663,Thursday,12,10,Autumn,0
10023456785,2024-10-03 13:00:00,2024-10-03,13:00:00,2.4640,Thursday,13,10,Autumn,0
10023456785,2024-10-03 14:00:00,2024-10-03,14:00:00,2.0628,Thursday,14,10,Autumn,0
10023456785,2024-10-03 15:00:00,2024-10-03,15:00:00,2.8616,Thursday,15,10,Autumn,0
10023456785,2024-10-03 16:00:00,2024-10-03,16:00:00,2.3925,Thursday,16,10,Autumn,0
10023456785,2024-10-03 17:00:00,2024-10-03,17:00:00,2.5986,Thursday,17,10,Autumn,0
10023456785,2024-10-03 18:00:00,2024-10-03,18:00:00,2.8658,Thursday,18,10,Autumn,0
10023456785,2024-10-03 19:00:00,2024-10-03,19:00:00,2.3291,Thursday,19,10,Autumn,0
10023456785,2024-10-03 20:00:00,2024-10-03,20:00:00,1.9069,Thursday,20,10,Autumn,0
10023456785,2024-10-03 21:00:00,2024-10-03,21:00:00,1.8043,Thursday,21,10,Autumn,0
10023456785,2024-10-03 22:00:00,2024-10-03,22:00:00,1.4301,Thursday,22,10,Autumn,0
10023456785,2024-10-03 23:00:00,2024-10-03,23:00:00,0.9314,Thursday,23,10,Autumn,0
10023456785,2024-10-04 00:00:00,2024-10-04,00:00:00,1.3674,Friday,0,10,Autumn,0
10023456785,2024-10-04 01:00:00,2024-10-04,01:00:00,0.9890,Friday,1,10,Autumn,0
10023456785,2024-10-04 02:00:00,2024-10-04,02:00:00,0.7502,Friday,2,10,Autumn,0
10023456785,2024-10-04 03:00:00,2024-10-04,03:00:00,1.0256,Friday,3,10,Autumn,0
10023456785,2024-10-04 04:00:00,2024-10-04,04:00:00,0.7639,Friday,4,10,Autumn,0
10023456785,2024-10-04 05:00:00,2024-10-04,05:00:00,1.2468,Friday,5,10,Autumn,0
10023456785,2024-10-04 06:00:00,2024-10-04,06:00:00,1.8955,Friday,6,10,Autumn,0
10023456785,2024-10-04 07:00:00,2024-10-04,07:00:00,2.2060,Friday,7,10,Autumn,0
10023456785,2024-10-04 08:00:00,2024-10-04,08:00:00,2.8342,Friday,8,10,Autumn,0
10023456785,2024-10-04 09:00:00,2024-10-04,09:00:00,3.0252,Friday,9,10,Autumn,0
10023456785,2024-10-04 10:00:00,2024-10-04,10:00:00,2.3731,Friday,10,10,Autumn,0
10023456785,2024-10-04 11:00:00,2024-10-04,11:00:00,0.1188,Friday,11,10,Autumn,1
10023456785,2024-10-04 12:00:00,2024-10-04,12:00:00,2.3132,Friday,12,10,Autumn,0
10023456785,2024-10-04 13:00:00,2024-10-04,13:00:00,2.3016,Friday,13,10,Autumn,0
10023456785,2024-10-04 14:00:00,2024-10-04,14:00:00,2.7359,Friday,14,10,Autumn,0
10023456785,2024-10-04 15:00:00,2024-10-04,15:00:00,3.4341,Friday,15,10,Autumn,0
10023456785,2024-10-04 16:00:00,2024-10-04,16:00:00,2.8346,Friday,16,10,Autumn,0
10023456785,2024-10-04 17:00:00,2024-10-04,17:00:00,3.3761,Friday,17,10,Autumn,0
10023456785,2024-10-04 18:00:00,2024-10-04,18:00:00,3.4084,Friday,18,10,Autumn,0
10023456785,2024-10-04 19:00:00,2024-10-04,19:00:00,3.6999,Friday,19,10,Autumn,0
10023456785,2024-10-04 20:00:00,2024-10-04,20:00:00,2.9014,Friday,20,10,Autumn,0
10023456785,2024-10-04 21:00:00,2024-10-04,21:00:00,2.4734,Friday,21,10,Autumn,0
10023456785,2024-10-04 22:00:00,2024-10-04,22:00:00,2.0160,Friday,22,10,Autumn,0
10023456785,2024-10-04 23:00:00,2024-10-04,23:00:00,0.9028,Friday,23,10,Autumn,0
10023456785,2024-10-05 00:00:00,2024-10-05,00:00:00,0.8110,Saturday,0,10,Autumn,0
10023456785,2024-10-05 01:00:00,2024-10-05,01:00:00,0.7122,Saturday,1,10,Autumn,0
10023456785,2024-10-05 02:00:00,2024-10-05,02:00:00,0.7831,Saturday,2,10,Autumn,0
10023456785,2024-10-05 03:00:00,2024-10-05,03:00:00,0.6051,Saturday,3,10,Autumn,0
10023456785,2024-10-05 04:00:00,2024-10-05,04:00:00,0.8329,Saturday,4,10,Autumn,0
10023456785,2024-10-05 05:00:00,2024-10-05,05:00:00,0.8772,Saturday,5,10,Autumn,0
10023456785,2024-10-05 06:00:00,2024-10-05,06:00:00,1.4573,Saturday,6,10,Autumn,0
10023456785,2024-10-05 07:00:00,2024-10-05,07:00:00,1.6850,Saturday,7,10,Autumn,0
10023456785,2024-10-05 08:00:00,2024-10-05,08:00:00,1.7923,Saturday,8,10,Autumn,0
10023456785,2024-10-05 09:00:00,2024-10-05,09:00:00,2.3991,Saturday,9,10,Autumn,0
10023456785,2024-10-05 10:00:00,2024-10-05,10:00:00,1.9944,Saturday,10,10,Autumn,0
10023456785,2024-10-05 11:00:00,2024-10-05,11:00:00,2.5554,Saturday,11,10,Autumn,0
10023456785,2024-10-05 12:00:00,2024-10-05,12:00:00,2.4922,Saturday,12,10,Autumn,0
10023456785,2024-10-05 13:00:00,2024-10-05,13:00:00,2.2024,Saturday,13,10,Autumn,0
10023456785,2024-10-05 14:00:00,2024-10-05,14:00:00,2.3174,Saturday,14,10,Autumn,0
10023456785,2024-10-05 15:00:00,2024-10-05,15:00:00,2.0558,Saturday,15,10,Autumn,0
10023456785,2024-10-05 16:00:00,2024-10-05,16:00:00,2.2966,Saturday,16,10,Autumn,0
10023456785,2024-10-05 17:00:00,2024-10-05,17:00:00,2.9102,Saturday,17,10,Autumn,0
10023456785,2024-10-05 18:00:00,2024-10-05,18:00:00,9.2860,Saturday,18,10,Autumn,1
10023456785,2024-10-05 19:00:00,2024-10-05,19:00:00,3.0008,Saturday,19,10,Autumn,0
10023456785,2024-10-05 20:00:00,2024-10-05,20:00:00,2.1283,Saturday,20,10,Autumn,0
10023456785,2024-10-05 21:00:00,2024-10-05,21:00:00,2.0600,Saturday,21,10,Autumn,0
10023456785,2024-10-05 22:00:00,2024-10-05,22:00:00,1.3949,Saturday,22,10,Autumn,0
10023456785,2024-10-05 23:00:00,2024-10-05,23:00:00,1.3702,Saturday,23,10,Autumn,0
10023456785,2024-10-06 00:00:00,2024-10-06,00:00:00,0.7839,Sunday,0,10,Autumn,0
10023456785,2024-10-06 01:00:00,2024-10-06,01:00:00,0.8156,Sunday,1,10,Autumn,0
10023456785,2024-10-06 02:00:00,2024-10-06,02:00:00,0.6904,Sunday,2,10,Autumn,0
10023456785,2024-10-06 03:00:00,2024-10-06,03:00:00,0.8385,Sunday,3,10,Autumn,0
10023456785,2024-10-06 04:00:00,2024-10-06,04:00:00,0.9435,Sunday,4,10,Autumn,0
10023456785,2024-10-06 05:00:00,2024-10-06,05:00:00,0.7774,Sunday,5,10,Autumn,0
10023456785,2024-10-06 06:00:00,2024-10-06,06:00:00,1.3176,Sunday,6,10,Autumn,0
10023456785,2024-10-06 07:00:00,2024-10-06,07:00:00,1.6145,Sunday,7,10,Autumn,0
10023456785,2024-10-06 08:00:00,2024-10-06,08:00:00,2.1103,Sunday,8,10,Autumn,0
10023456785,2024-10-06 09:00:00,2024-10-06,09:00:00,2.0134,Sunday,9,10,Autumn,0
10023456785,2024-10-06 10:00:00,2024-10-06,10:00:00,10.5528,Sunday,10,10,Autumn,1
10023456785,2024-10-06 11:00:00,2024-10-06,11:00:00,1.7555,Sunday,11,10,Autumn,0
10023456785,2024-10-06 12:00:00,2024-10-06,12:00:00,1.9210,Sunday,12,10,Autumn,0
10023456785,2024-10-06 13:00:00,2024-10-06,13:00:00,2.0973,Sunday,13,10,Autumn,0
10023456785,2024-10-06 14:00:00,2024-10-06,14:00:00,1.5967,Sunday,14,10,Autumn,0
10023456785,2024-10-06 15:00:00,2024-10-06,15:00:00,0.2545,Sunday,15,10,Autumn,1
10023456785,2024-10-06 16:00:00,2024-10-06,16:00:00,2.1131,Sunday,16,10,Autumn,0
10023456785,2024-10-06 17:00:00,2024-10-06,17:00:00,2.1717,Sunday,17,10,Autumn,0
10023456785,2024-10-06 18:00:00,2024-10-06,18:00:00,2.6340,Sunday,18,10,Autumn,0
10023456785,2024-10-06 19:00:00,2024-10-06,19:00:00,2.1352,Sunday,19,10,Autumn,0
10023456785,2024-10-06 20:00:00,2024-10-06,20:00:00,1.8481,Sunday,20,10,Autumn,0
10023456785,2024-10-06 21:00:00,2024-10-06,21:00:00,1.8213,Sunday,21,10,Autumn,0
10023456785,2024-10-06 22:00:00,2024-10-06,22:00:00,1.3098,Sunday,22,10,Autumn,0
10023456785,2024-10-06 23:00:00,2024-10-06,23:00:00,1.0057,Sunday,23,10,Autumn,0
10023456785,2024-10-07 00:00:00,2024-10-07,00:00:00,0.7480,Monday,0,10,Autumn,0
10023456785,2024-10-07 01:00:00,2024-10-07,01:00:00,2.1172,Monday,1,10,Autumn,1
10023456785,2024-10-07 02:00:00,2024-10-07,02:00:00,1.5847,Monday,2,10,Autumn,1
10023456785,2024-10-07 03:00:00,2024-10-07,03:00:00,1.6879,Monday,3,10,Autumn,1
10023456785,2024-10-07 04:00:00,2024-10-07,04:00:00,0.9828,Monday,4,10,Autumn,0
10023456785,2024-10-07 05:00:00,2024-10-07,05:00:00,1.0342,Monday,5,10,Autumn,0
10023456785,2024-10-07 06:00:00,2024-10-07,06:00:00,1.9454,Monday,6,10,Autumn,0
10023456785,2024-10-07 07:00:00,2024-10-07,07:00:00,2.5110,Monday,7,10,Autumn,0
10023456785,2024-10-07 08:00:00,2024-10-07,08:00:00,2.6366,Monday,8,10,Autumn,0
10023456785,2024-10-07 09:00:00,2024-10-07,09:00:00,2.2500,Monday,9,10,Autumn,0
10023456785,2024-10-07 10:00:00,2024-10-07,10:00:00,2.5589,Monday,10,10,Autumn,0
10023456785,2024-10-07 11:00:00,2024-10-07,11:00:00,2.3385,Monday,11,10,Autumn,0
10023456785,2024-10-07 12:00:00,2024-10-07,12:00:00,2.1750,Monday,12,10,Autumn,0
10023456785,2024-10-07 13:00:00,2024-10-07,13:00:00,2.6968,Monday,13,10,Autumn,0
10023456785,2024-10-07 14:00:00,2024-10-07,14:00:00,2.1982,Monday,14,10,Autumn,0
10023456785,2024-10-07 15:00:00,2024-10-07,15:00:00,2.5739,Monday,15,10,Autumn,0
10023456785,2024-10-07 16:00:00,2024-10-07,16:00:00,3.0647,Monday,16,10,Autumn,0
10023456785,2024-10-07 17:00:00,2024-10-07,17:00:00,3.0624,Monday,17,10,Autumn,0
10023456785,2024-10-07 18:00:00,2024-10-07,18:00:00,2.8513,Monday,18,10,Autumn,0
10023456785,2024-10-07 19:00:00,2024-10-07,19:00:00,17.6145,Monday,19,10,Autumn,1
10023456785,2024-10-07 20:00:00,2024-10-07,20:00:00,3.1695,Monday,20,10,Autumn,0
10023456785,2024-10-07 21:00:00,2024-10-07,21:00:00,1.6766,Monday,21,10,Autumn,0
10023456785,2024-10-07 22:00:00,2024-10-07,22:00:00,1.5116,Monday,22,10,Autumn,0
10023456785,2024-10-07 23:00:00,2024-10-07,23:00:00,1.3206,Monday,23,10,Autumn,0
10023456785,2024-10-08 00:00:00,2024-10-08,00:00:00,0.8115,Tuesday,0,10,Autumn,0
10023456785,2024-10-08 01:00:00,2024-10-08,01:00:00,0.7957,Tuesday,1,10,Autumn,0
10023456785,2024-10-08 02:00:00,2024-10-08,02:00:00,3.8342,Tuesday,2,10,Autumn,1
10023456785,2024-10-08 03:00:00,2024-10-08,03:00:00,0.5801,Tuesday,3,10,Autumn,0
10023456785,2024-10-08 04:00:00,2024-10-08,04:00:00,0.7224,Tuesday,4,10,Autumn,0
10023456785,2024-10-08 05:00:00,2024-10-08,05:00:00,1.0536,Tuesday,5,10,Autumn,0
10023456785,2024-10-08 06:00:00,2024-10-08,06:00:00,1.5325,Tuesday,6,10,Autumn,0
10023456785,2024-10-08 07:00:00,2024-10-08,07:00:00,2.1419,Tuesday,7,10,Autumn,0
10023456785,2024-10-08 08:00:00,2024-10-08,08:00:00,2.5561,Tuesday,8,10,Autumn,0
10023456785,2024-10-08 09:00:00,2024-10-08,09:00:00,2.7086,Tuesday,9,10,Autumn,0
10023456785,2024-10-08 10:00:00,2024-10-08,10:00:00,2.2006,Tuesday,10,10,Autumn,0
10023456785,2024-10-08 11:00:00,2024-10-08,11:00:00,1.9745,Tuesday,11,10,Autumn,0
10023456785,2024-10-08 12:00:00,2024-10-08,12:00:00,2.4254,Tuesday,12,10,Autumn,0
10023456785,2024-10-08 13:00:00,2024-10-08,13:00:00,2.3918,Tuesday,13,10,Autumn,0
10023456785,2024-10-08 14:00:00,2024-10-08,14:00:00,2.5970,Tuesday,14,10,Autumn,0
10023456785,2024-10-08 15:00:00,2024-10-08,15:00:00,2.5832,Tuesday,15,10,Autumn,0
10023456785,2024-10-08 16:00:00,2024-10-08,16:00:00,2.1046,Tuesday,16,10,Autumn,0
10023456785,2024-10-08 17:00:00,2024-10-08,17:00:00,2.2630,Tuesday,17,10,Autumn,0
10023456785,2024-10-08 18:00:00,2024-10-08,18:00:00,2.6018,Tuesday,18,10,Autumn,0
10023456785,2024-10-08 19:00:00,2024-10-08,19:00:00,2.2884,Tuesday,19,10,Autumn,0
10023456785,2024-10-08 20:00:00,2024-10-08,20:00:00,1.9704,Tuesday,20,10,Autumn,0
10023456785,2024-10-08 21:00:00,2024-10-08,21:00:00,2.0149,Tuesday,21,10,Autumn,0
10023456785,2024-10-08 22:00:00,2024-10-08,22:00:00,1.2615,Tuesday,22,10,Autumn,0
10023456785,2024-10-08 23:00:00,2024-10-08,23:00:00,1.0002,Tuesday,23,10,Autumn,0
10023456785,2024-10-09 00:00:00,2024-10-09,00:00:00,1.0049,Wednesday,0,10,Autumn,0
10023456785,2024-10-09 01:00:00,2024-10-09,01:00:00,0.9138,Wednesday,1,10,Autumn,0
10023456785,2024-10-09 02:00:00,2024-10-09,02:00:00,0.6151,Wednesday,2,10,Autumn,0
10023456785,2024-10-09 03:00:00,2024-10-09,03:00:00,0.8162,Wednesday,3,10,Autumn,0
10023456785,2024-10-09 04:00:00,2024-10-09,04:00:00,0.9431,Wednesday,4,10,Autumn,0
10023456785,2024-10-09 05:00:00,2024-10-09,05:00:00,6.3459,Wednesday,5,10,Autumn,1
10023456785,2024-10-09 06:00:00,2024-10-09,06:00:00,5.6595,Wednesday,6,10,Autumn,1
10023456785,2024-10-09 07:00:00,2024-10-09,07:00:00,2.8909,Wednesday,7,10,Autumn,0
10023456785,2024-10-09 08:00:00,2024-10-09,08:00:00,2.2890,Wednesday,8,10,Autumn,0
10023456785,2024-10-09 09:00:00,2024-10-09,09:00:00,2.4902,Wednesday,9,10,Autumn,0
10023456785,2024-10-09 10:00:00,2024-10-09,10:00:00,13.1932,Wednesday,10,10,Autumn,1
10023456785,2024-10-09 11:00:00,2024-10-09,11:00:00,8.6199,Wednesday,11,10,Autumn,1
10023456785,2024-10-09 12:00:00,2024-10-09,12:00:00,2.2153,Wednesday,12,10,Autumn,0
10023456785,2024-10-09 13:00:00,2024-10-09,13:00:00,2.6675,Wednesday,13,10,Autumn,0
10023456785,2024-10-09 14:00:00,2024-10-09,14:00:00,2.5259,Wednesday,14,10,Autumn,0
10023456785,2024-10-09 15:00:00,2024-10-09,15:00:00,2.6237,Wednesday,15,10,Autumn,0
10023456785,2024-10-09 16:00:00,2024-10-09,16:00:00,2.3293,Wednesday,16,10,Autumn,0
10023456785,2024-10-09 17:00:00,2024-10-09,17:00:00,3.4030,Wednesday,17,10,Autumn,0
10023456785,2024-10-09 18:00:00,2024-10-09,18:00:00,2.6700,Wednesday,18,10,Autumn,0
10023456785,2024-10-09 19:00:00,2024-10-09,19:00:00,2.9633,Wednesday,19,10,Autumn,0
10023456785,2024-10-09 20:00:00,2024-10-09,20:00:00,3.2103,Wednesday,20,10,Autumn,0
10023456785,2024-10-09 21:00:00,2024-10-09,21:00:00,1.8837,Wednesday,21,10,Autumn,0
10023456785,2024-10-09 22:00:00,2024-10-09,22:00:00,1.7342,Wednesday,22,10,Autumn,0
10023456785,2024-10-09 23:00:00,2024-10-09,23:00:00,0.9817,Wednesday,23,10,Autumn,0
10023456785,2024-10-10 00:00:00,2024-10-10,00:00:00,0.8718,Thursday,0,10,Autumn,0
10023456785,2024-10-10 01:00:00,2024-10-10,01:00:00,0.8847,Thursday,1,10,Autumn,0
10023456785,2024-10-10 02:00:00,2024-10-10,02:00:00,0.9692,Thursday,2,10,Autumn,0
10023456785,2024-10-10 03:00:00,2024-10-10,03:00:00,0.7793,Thursday,3,10,Autumn,0
10023456785,2024-10-10 04:00:00,2024-10-10,04:00:00,0.8341,Thursday,4,10,Autumn,0
10023456785,2024-10-10 05:00:00,2024-10-10,05:00:00,1.0567,Thursday,5,10,Autumn,0
10023456785,2024-10-10 06:00:00,2024-10-10,06:00:00,1.9817,Thursday,6,10,Autumn,0
10023456785,2024-10-10 07:00:00,2024-10-10,07:00:00,2.3302,Thursday,7,10,Autumn,0
10023456785,2024-10-10 08:00:00,2024-10-10,08:00:00,2.2796,Thursday,8,10,Autumn,0
10023456785,2024-10-10 09:00:00,2024-10-10,09:00:00,3.6233,Thursday,9,10,Autumn,0
10023456785,2024-10-10 10:00:00,2024-10-10,10:00:00,2.3916,Thursday,10,10,Autumn,0
10023456785,2024-10-10 11:00:00,2024-10-10,11:00:00,2.9007,Thursday,11,10,Autumn,0
10023456785,2024-10-10 12:00:00,2024-10-10,12:00:00,2.5850,Thursday,12,10,Autumn,0
10023456785,2024-10-10 13:00:00,2024-10-10,13:00:00,2.3694,Thursday,13,10,Autumn,0
10023456785,2024-10-10 14:00:00,2024-10-10,14:00:00,2.0565,Thursday,14,10,Autumn,0
10023456785,2024-10-10 15:00:00,2024-10-10,15:00:00,2.5394,Thursday,15,10,Autumn,0
10023456785,2024-10-10 16:00:00,2024-10-10,16:00:00,2.7784,Thursday,16,10,Autumn,0
10023456785,2024-10-10 17:00:00,2024-10-10,17:00:00,3.1509,Thursday,17,10,Autumn,0
10023456785,2024-10-10 18:00:00,2024-10-10,18:00:00,3.5989,Thursday,18,10,Autumn,0
10023456785,2024-10-10 19:00:00,2024-10-10,19:00:00,2.9410,Thursday,19,10,Autumn,0
10023456785,2024-10-10 20:00:00,2024-10-10,20:00:00,8.2770,Thursday,20,10,Autumn,1
10023456785,2024-10-10 21:00:00,2024-10-10,21:00:00,4.9068,Thursday,21,10,Autumn,1
10023456785,2024-10-10 22:00:00,2024-10-10,22:00:00,4.7648,Thursday,22,10,Autumn,1
10023456785,2024-10-10 23:00:00,2024-10-10,23:00:00,2.8881,Thursday,23,10,Autumn,1
10023456785,2024-10-11 00:00:00,2024-10-11,00:00:00,0.8378,Friday,0,10,Autumn,0
10023456785,2024-10-11 01:00:00,2024-10-11,01:00:00,0.9733,Friday,1,10,Autumn,0
10023456785,2024-10-11 02:00:00,2024-10-11,02:00:00,0.7869,Friday,2,10,Autumn,0
10023456785,2024-10-11 03:00:00,2024-10-11,03:00:00,0.8718,Friday,3,10,Autumn,0
10023456785,2024-10-11 04:00:00,2024-10-11,04:00:00,2.3432,Friday,4,10,Autumn,1
10023456785,2024-10-11 05:00:00,2024-10-11,05:00:00,3.5076,Friday,5,10,Autumn,1
10023456785,2024-10-11 06:00:00,2024-10-11,06:00:00,5.4137,Friday,6,10,Autumn,1
10023456785,2024-10-11 07:00:00,2024-10-11,07:00:00,2.1832,Friday,7,10,Autumn,0
10023456785,2024-10-11 08:00:00,2024-10-11,08:00:00,3.2534,Friday,8,10,Autumn,0
10023456785,2024-10-11 09:00:00,2024-10-11,09:00:00,2.7671,Friday,9,10,Autumn,0
10023456785,2024-10-11 10:00:00,2024-10-11,10:00:00,2.6628,Friday,10,10,Autumn,0
10023456785,2024-10-11 11:00:00,2024-10-11,11:00:00,2.3004,Friday,11,10,Autumn,0
10023456785,2024-10-11 12:00:00,2024-10-11,12:00:00,2.2477,Friday,12,10,Autumn,0
10023456785,2024-10-11 13:00:00,2024-10-11,13:00:00,2.4700,Friday,13,10,Autumn,0
10023456785,2024-10-11 14:00:00,2024-10-11,14:00:00,2.7084,Friday,14,10,Autumn,0
10023456785,2024-10-11 15:00:00,2024-10-11,15:00:00,2.5795,Friday,15,10,Autumn,0
10023456785,2024-10-11 16:00:00,2024-10-11,16:00:00,2.5673,Friday,16,10,Autumn,0
10023456785,2024-10-11 17:00:00,2024-10-11,17:00:00,3.0527,Friday,17,10,Autumn,0
10023456785,2024-10-11 18:00:00,2024-10-11,18:00:00,3.0351,Friday,18,10,Autumn,0
10023456785,2024-10-11 19:00:00,2024-10-11,19:00:00,2.2980,Friday,19,10,Autumn,0
10023456785,2024-10-11 20:00:00,2024-10-11,20:00:00,2.7135,Friday,20,10,Autumn,0
10023456785,2024-10-11 21:00:00,2024-10-11,21:00:00,2.0848,Friday,21,10,Autumn,0
10023456785,2024-10-11 22:00:00,2024-10-11,22:00:00,1.4005,Friday,22,10,Autumn,0
10023456785,2024-10-11 23:00:00,2024-10-11,23:00:00,1.0997,Friday,23,10,Autumn,0
10023456785,2024-10-12 00:00:00,2024-10-12,00:00:00,0.6883,Saturday,0,10,Autumn,0
10023456785,2024-10-12 01:00:00,2024-10-12,01:00:00,0.8137,Saturday,1,10,Autumn,0
10023456785,2024-10-12 02:00:00,2024-10-12,02:00:00,0.6207,Saturday,2,10,Autumn,0
10023456785,2024-10-12 03:00:00,2024-10-12,03:00:00,0.5098,Saturday,3,10,Autumn,0
10023456785,2024-10-12 04:00:00,2024-10-12,04:00:00,0.5662,Saturday,4,10,Autumn,0
10023456785,2024-10-12 05:00:00,2024-10-12,05:00:00,0.9361,Saturday,5,10,Autumn,0
10023456785,2024-10-12 06:00:00,2024-10-12,06:00:00,1.2158,Saturday,6,10,Autumn,0
10023456785,2024-10-12 07:00:00,2024-10-12,07:00:00,1.3670,Saturday,7,10,Autumn,0
10023456785,2024-10-12 08:00:00,2024-10-12,08:00:00,1.9820,Saturday,8,10,Autumn,0
10023456785,2024-10-12 09:00:00,2024-10-12,09:00:00,2.1912,Saturday,9,10,Autumn,0
10023456785,2024-10-12 10:00:00,2024-10-12,10:00:00,2.2494,Saturday,10,10,Autumn,0
10023456785,2024-10-12 11:00:00,2024-10-12,11:00:00,2.0221,Saturday,11,10,Autumn,0
10023456785,2024-10-12 12:00:00,2024-10-12,12:00:00,1.6918,Saturday,12,10,Autumn,0
10023456785,2024-10-12 13:00:00,2024-10-12,13:00:00,1.9005,Saturday,13,10,Autumn,0
10023456785,2024-10-12 14:00:00,2024-10-12,14:00:00,2.0086,Saturday,14,10,Autumn,0
10023456785,2024-10-12 15:00:00,2024-10-12,15:00:00,2.3072,Saturday,15,10,Autumn,0
10023456785,2024-10-12 16:00:00,2024-10-12,16:00:00,1.8875,Saturday,16,10,Autumn,0
10023456785,2024-10-12 17:00:00,2024-10-12,17:00:00,6.4321,Saturday,17,10,Autumn,1
10023456785,2024-10-12 18:00:00,2024-10-12,18:00:00,2.5427,Saturday,18,10,Autumn,0
10023456785,2024-10-12 19:00:00,2024-10-12,19:00:00,3.0298,Saturday,19,10,Autumn,0
10023456785,2024-10-12 20:00:00,2024-10-12,20:00:00,2.0913,Saturday,20,10,Autumn,0
10023456785,2024-10-12 21:00:00,2024-10-12,21:00:00,1.8575,Saturday,21,10,Autumn,0
10023456785,2024-10-12 22:00:00,2024-10-12,22:00:00,1.3634,Saturday,22,10,Autumn,0
10023456785,2024-10-12 23:00:00,2024-10-12,23:00:00,0.8635,Saturday,23,10,Autumn,0
10023456785,2024-10-13 00:00:00,2024-10-13,00:00:00,0.7502,Sunday,0,10,Autumn,0
10023456785,2024-10-13 01:00:00,2024-10-13,01:00:00,0.6994,Sunday,1,10,Autumn,0
10023456785,2024-10-13 02:00:00,2024-10-13,02:00:00,0.6988,Sunday,2,10,Autumn,0
10023456785,2024-10-13 03:00:00,2024-10-13,03:00:00,0.7614,Sunday,3,10,Autumn,0
10023456785,2024-10-13 04:00:00,2024-10-13,04:00:00,0.8594,Sunday,4,10,Autumn,0
10023456785,2024-10-13 05:00:00,2024-10-13,05:00:00,0.8258,Sunday,5,10,Autumn,0
10023456785,2024-10-13 06:00:00,2024-10-13,06:00:00,1.0669,Sunday,6,10,Autumn,0
10023456785,2024-10-13 07:00:00,2024-10-13,07:00:00,1.5945,Sunday,7,10,Autumn,0
10023456785,2024-10-13 08:00:00,2024-10-13,08:00:00,2.3723,Sunday,8,10,Autumn,0
10023456785,2024-10-13 09:00:00,2024-10-13,09:00:00,2.5464,Sunday,9,10,Autumn,0
10023456785,2024-10-13 10:00:00,2024-10-13,10:00:00,1.9973,Sunday,10,10,Autumn,0
10023456785,2024-10-13 11:00:00,2024-10-13,11:00:00,1.9657,Sunday,11,10,Autumn,0
10023456785,2024-10-13 12:00:00,2024-10-13,12:00:00,1.8812,Sunday,12,10,Autumn,0
10023456785,2024-10-13 13:00:00,2024-10-13,13:00:00,2.1347,Sunday,13,10,Autumn,0
10023456785,2024-10-13 14:00:00,2024-10-13,14:00:00,1.9684,Sunday,14,10,Autumn,0
10023456785,2024-10-13 15:00:00,2024-10-13,15:00:00,1.6713,Sunday,15,10,Autumn,0
10023456785,2024-10-13 16:00:00,2024-10-13,16:00:00,2.0526,Sunday,16,10,Autumn,0
10023456785,2024-10-13 17:00:00,2024-10-13,17:00:00,2.2616,Sunday,17,10,Autumn,0
10023456785,2024-10-13 18:00:00,2024-10-13,18:00:00,2.2150,Sunday,18,10,Autumn,0
10023456785,2024-10-13 19:00:00,2024-10-13,19:00:00,2.4174,Sunday,19,10,Autumn,0
10023456785,2024-10-13 20:00:00,2024-10-13,20:00:00,1.7991,Sunday,20,10,Autumn,0
10023456785,2024-10-13 21:00:00,2024-10-13,21:00:00,2.1157,Sunday,21,10,Autumn,0
10023456785,2024-10-13 22:00:00,2024-10-13,22:00:00,1.2313,Sunday,22,10,Autumn,0
10023456785,2024-10-13 23:00:00,2024-10-13,23:00:00,1.1127,Sunday,23,10,Autumn,0
10023456785,2024-10-14 00:00:00,2024-10-14,00:00:00,0.9392,Monday,0,10,Autumn,0
10023456785,2024-10-14 01:00:00,2024-10-14,01:00:00,0.7976,Monday,1,10,Autumn,0
10023456785,2024-10-14 02:00:00,2024-10-14,02:00:00,0.7567,Monday,2,10,Autumn,0
10023456785,2024-10-14 03:00:00,2024-10-14,03:00:00,0.6906,Monday,3,10,Autumn,0
10023456785,2024-10-14 04:00:00,2024-10-14,04:00:00,0.9873,Monday,4,10,Autumn,0
10023456785,2024-10-14 05:00:00,2024-10-14,05:00:00,1.0580,Monday,5,10,Autumn,0
10023456785,2024-10-14 06:00:00,2024-10-14,06:00:00,1.5919,Monday,6,10,Autumn,0
10023456785,2024-10-14 07:00:00,2024-10-14,07:00:00,2.4762,Monday,7,10,Autumn,0
10023456785,2024-10-14 08:00:00,2024-10-14,08:00:00,2.0896,Monday,8,10,Autumn,0
10023456785,2024-10-14 09:00:00,2024-10-14,09:00:00,2.4975,Monday,9,10,Autumn,0
10023456785,2024-10-14 10:00:00,2024-10-14,10:00:00,2.8061,Monday,10,10,Autumn,0
10023456785,2024-10-14 11:00:00,2024-10-14,11:00:00,2.5738,Monday,11,10,Autumn,0
10023456785,2024-10-14 12:00:00,2024-10-14,12:00:00,2.0943,Monday,12,10,Autumn,0
10023456785,2024-10-14 13:00:00,2024-10-14,13:00:00,2.0936,Monday,13,10,Autumn,0
10023456785,2024-10-14 14:00:00,2024-10-14,14:00:00,2.1415,Monday,14,10,Autumn,0
10023456785,2024-10-14 15:00:00,2024-10-14,15:00:00,2.4930,Monday,15,10,Autumn,0
10023456785,2024-10-14 16:00:00,2024-10-14,16:00:00,2.5692,Monday,16,10,Autumn,0
10023456785,2024-10-14 17:00:00,2024-10-14,17:00:00,2.0405,Monday,17,10,Autumn,0
10023456785,2024-10-14 18:00:00,2024-10-14,18:00:00,2.2035,Monday,18,10,Autumn,0
10023456785,2024-10-14 19:00:00,2024-10-14,19:00:00,2.7404,Monday,19,10,Autumn,0
10023456785,2024-10-14 20:00:00,2024-10-14,20:00:00,2.6441,Monday,20,10,Autumn,0
10023456785,2024-10-14 21:00:00,2024-10-14,21:00:00,1.9641,Monday,21,10,Autumn,0
10023456785,2024-10-14 22:00:00,2024-10-14,22:00:00,1.4556,Monday,22,10,Autumn,0
10023456785,2024-10-14 23:00:00,2024-10-14,23:00:00,0.9290,Monday,23,10,Autumn,0
10023456785,2024-10-15 00:00:00,2024-10-15,00:00:00,0.7192,Tuesday,0,10,Autumn,0
10023456785,2024-10-15 01:00:00,2024-10-15,01:00:00,0.6482,Tuesday,1,10,Autumn,0
10023456785,2024-10-15 02:00:00,2024-10-15,02:00:00,0.6289,Tuesday,2,10,Autumn,0
10023456785,2024-10-15 03:00:00,2024-10-15,03:00:00,0.6756,Tuesday,3,10,Autumn,0
10023456785,2024-10-15 04:00:00,2024-10-15,04:00:00,0.7237,Tuesday,4,10,Autumn,0
10023456785,2024-10-15 05:00:00,2024-10-15,05:00:00,0.9698,Tuesday,5,10,Autumn,0
10023456785,2024-10-15 06:00:00,2024-10-15,06:00:00,1.6543,Tuesday,6,10,Autumn,0
10023456785,2024-10-15 07:00:00,2024-10-15,07:00:00,2.2220,Tuesday,7,10,Autumn,0
10023456785,2024-10-15 08:00:00,2024-10-15,08:00:00,2.0906,Tuesday,8,10,Autumn,0
10023456785,2024-10-15 09:00:00,2024-10-15,09:00:00,2.2153,Tuesday,9,10,Autumn,0
10023456785,2024-10-15 10:00:00,2024-10-15,10:00:00,2.4814,Tuesday,10,10,Autumn,0
10023456785,2024-10-15 11:00:00,2024-10-15,11:00:00,2.1531,Tuesday,11,10,Autumn,0
10023456785,2024-10-15 12:00:00,2024-10-15,12:00:00,2.0362,Tuesday,12,10,Autumn,0
10023456785,2024-10-15 13:00:00,2024-10-15,13:00:00,2.1144,Tuesday,13,10,Autumn,0
10023456785,2024-10-15 14:00:00,2024-10-15,14:00:00,1.8817,Tuesday,14,10,Autumn,0
10023456785,2024-10-15 15:00:00,2024-10-15,15:00:00,2.3944,Tuesday,15,10,Autumn,0
10023456785,2024-10-15 16:00:00,2024-10-15,16:00:00,2.1485,Tuesday,16,10,Autumn,0
10023456785,2024-10-15 17:00:00,2024-10-15,17:00:00,3.2628,Tuesday,17,10,Autumn,0
10023456785,2024-10-15 18:00:00,2024-10-15,18:00:00,2.6568,Tuesday,18,10,Autumn,0
10023456785,2024-10-15 19:00:00,2024-10-15,19:00:00,2.0753,Tuesday,19,10,Autumn,0
10023456785,2024-10-15 20:00:00,2024-10-15,20:00:00,2.3986,Tuesday,20,10,Autumn,0
10023456785,2024-10-15 21:00:00,2024-10-15,21:00:00,1.7497,Tuesday,21,10,Autumn,0
10023456785,2024-10-15 22:00:00,2024-10-15,22:00:00,1.1127,Tuesday,22,10,Autumn,0
10023456785,2024-10-15 23:00:00,2024-10-15,23:00:00,0.9555,Tuesday,23,10,Autumn,0
10023456785,2024-10-16 00:00:00,2024-10-16,00:00:00,0.9643,Wednesday,0,10,Autumn,0
10023456785,2024-10-16 01:00:00,2024-10-16,01:00:00,0.8201,Wednesday,1,10,Autumn,0
10023456785,2024-10-16 02:00:00,2024-10-16,02:00:00,0.6399,Wednesday,2,10,Autumn,0
10023456785,2024-10-16 03:00:00,2024-10-16,03:00:00,0.7756,Wednesday,3,10,Autumn,0
10023456785,2024-10-16 04:00:00,2024-10-16,04:00:00,0.8241,Wednesday,4,10,Autumn,0
10023456785,2024-10-16 05:00:00,2024-10-16,05:00:00,1.3704,Wednesday,5,10,Autumn,0
10023456785,2024-10-16 06:00:00,2024-10-16,06:00:00,1.6557,Wednesday,6,10,Autumn,0
10023456785,2024-10-16 07:00:00,2024-10-16,07:00:00,2.1627,Wednesday,7,10,Autumn,0
10023456785,2024-10-16 08:00:00,2024-10-16,08:00:00,2.7795,Wednesday,8,10,Autumn,0
10023456785,2024-10-16 09:00:00,2024-10-16,09:00:00,2.6709,Wednesday,9,10,Autumn,0
10023456785,2024-10-16 10:00:00,2024-10-16,10:00:00,2.3453,Wednesday,10,10,Autumn,0
10023456785,2024-10-16 11:00:00,2024-10-16,11:00:00,2.5176,Wednesday,11,10,Autumn,0
10023456785,2024-10-16 12:00:00,2024-10-16,12:00:00,1.9817,Wednesday,12,10,Autumn,0
10023456785,2024-10-16 13:00:00,2024-10-16,13:00:00,2.0178,Wednesday,13,10,Autumn,0
10023456785,2024-10-16 14:00:00,2024-10-16,14:00:00,1.6428,Wednesday,14,10,Autumn,0
10023456785,2024-10-16 15:00:00,2024-10-16,15:00:00,2.2115,Wednesday,15,10,Autumn,0
10023456785,2024-10-16 16:00:00,2024-10-16,16:00:00,2.2075,Wednesday,16,10,Autumn,0
10023456785,2024-10-16 17:00:00,2024-10-16,17:00:00,2.0172,Wednesday,17,10,Autumn,0
10023456785,2024-10-16 18:00:00,2024-10-16,18:00:00,2.6513,Wednesday,18,10,Autumn,0
10023456785,2024-10-16 19:00:00,2024-10-16,19:00:00,3.0260,Wednesday,19,10,Autumn,0
10023456785,2024-10-16 20:00:00,2024-10-16,20:00:00,2.6141,Wednesday,20,10,Autumn,0
10023456785,2024-10-16 21:00:00,2024-10-16,21:00:00,1.6795,Wednesday,21,10,Autumn,0
10023456785,2024-10-16 22:00:00,2024-10-16,22:00:00,1.1755,Wednesday,22,10,Autumn,0
10023456785,2024-10-16 23:00:00,2024-10-16,23:00:00,1.0300,Wednesday,23,10,Autumn,0
10023456785,2024-10-17 00:00:00,2024-10-17,00:00:00,0.8439,Thursday,0,10,Autumn,0
10023456785,2024-10-17 01:00:00,2024-10-17,01:00:00,0.5376,Thursday,1,10,Autumn,0
10023456785,2024-10-17 02:00:00,2024-10-17,02:00:00,0.6160,Thursday,2,10,Autumn,0
10023456785,2024-10-17 03:00:00,2024-10-17,03:00:00,0.4564,Thursday,3,10,Autumn,0
10023456785,2024-10-17 04:00:00,2024-10-17,04:00:00,0.6577,Thursday,4,10,Autumn,0
10023456785,2024-10-17 05:00:00,2024-10-17,05:00:00,0.8242,Thursday,5,10,Autumn,0
10023456785,2024-10-17 06:00:00,2024-10-17,06:00:00,1.3200,Thursday,6,10,Autumn,0
10023456785,2024-10-17 07:00:00,2024-10-17,07:00:00,1.9397,Thursday,7,10,Autumn,0
10023456785,2024-10-17 08:00:00,2024-10-17,08:00:00,2.1983,Thursday,8,10,Autumn,0
10023456785,2024-10-17 09:00:00,2024-10-17,09:00:00,1.8158,Thursday,9,10,Autumn,0
10023456785,2024-10-17 10:00:00,2024-10-17,10:00:00,2.2910,Thursday,10,10,Autumn,0
10023456785,2024-10-17 11:00:00,2024-10-17,11:00:00,1.7888,Thursday,11,10,Autumn,0
10023456785,2024-10-17 12:00:00,2024-10-17,12:00:00,1.6078,Thursday,12,10,Autumn,0
10023456785,2024-10-17 13:00:00,2024-10-17,13:00:00,2.1292,Thursday,13,10,Autumn,0
10023456785,2024-10-17 14:00:00,2024-10-17,14:00:00,1.5897,Thursday,14,10,Autumn,0
10023456785,2024-10-17 15:00:00,2024-10-17,15:00:00,1.8827,Thursday,15,10,Autumn,0
10023456785,2024-10-17 16:00:00,2024-10-17,16:00:00,1.8360,Thursday,16,10,Autumn,0
10023456785,2024-10-17 17:00:00,2024-10-17,17:00:00,1.9477,Thursday,17,10,Autumn,0
10023456785,2024-10-17 18:00:00,2024-10-17,18:00:00,2.5636,Thursday,18,10,Autumn,0
10023456785,2024-10-17 19:00:00,2024-10-17,19:00:00,2.3616,Thursday,19,10,Autumn,0
10023456785,2024-10-17 20:00:00,2024-10-17,20:00:00,1.8580,Thursday,20,10,Autumn,0
10023456785,2024-10-17 21:00:00,2024-10-17,21:00:00,1.5242,Thursday,21,10,Autumn,0
10023456785,2024-10-17 22:00:00,2024-10-17,22:00:00,1.2133,Thursday,22,10,Autumn,0
10023456785,2024-10-17 23:00:00,2024-10-17,23:00:00,0.6345,Thursday,23,10,Autumn,0
10023456785,2024-10-18 00:00:00,2024-10-18,00:00:00,0.6648,Friday,0,10,Autumn,0
10023456785,2024-10-18 01:00:00,2024-10-18,01:00:00,0.4596,Friday,1,10,Autumn,0
10023456785,2024-10-18 02:00:00,2024-10-18,02:00:00,0.5191,Friday,2,10,Autumn,0
10023456785,2024-10-18 03:00:00,2024-10-18,03:00:00,0.3894,Friday,3,10,Autumn,0
10023456785,2024-10-18 04:00:00,2024-10-18,04:00:00,0.5101,Friday,4,10,Autumn,0
10023456785,2024-10-18 05:00:00,2024-10-18,05:00:00,0.7278,Friday,5,10,Autumn,0
10023456785,2024-10-18 06:00:00,2024-10-18,06:00:00,1.2304,Friday,6,10,Autumn,0
10023456785,2024-10-18 07:00:00,2024-10-18,07:00:00,1.3756,Friday,7,10,Autumn,0
10023456785,2024-10-18 08:00:00,2024-10-18,08:00:00,1.6849,Friday,8,10,Autumn,0
10023456785,2024-10-18 09:00:00,2024-10-18,09:00:00,1.8909,Friday,9,10,Autumn,0
10023456785,2024-10-18 10:00:00,2024-10-18,10:00:00,1.9690,Friday,10,10,Autumn,0
10023456785,2024-10-18 11:00:00,2024-10-18,11:00:00,1.4126,Friday,11,10,Autumn,0
10023456785,2024-10-18 12:00:00,2024-10-18,12:00:00,1.3281,Friday,12,10,Autumn,0
10023456785,2024-10-18 13:00:00,2024-10-18,13:00:00,1.3563,Friday,13,10,Autumn,0
10023456785,2024-10-18 14:00:00,2024-10-18,14:00:00,1.3281,Friday,14,10,Autumn,0
10023456785,2024-10-18 15:00:00,2024-10-18,15:00:00,1.7707,Friday,15,10,Autumn,0
10023456785,2024-10-18 16:00:00,2024-10-18,16:00:00,1.6817,Friday,16,10,Autumn,0
10023456785,2024-10-18 17:00:00,2024-10-18,17:00:00,1.6909,Friday,17,10,Autumn,0
10023456785,2024-10-18 18:00:00,2024-10-18,18:00:00,1.6786,Friday,18,10,Autumn,0
10023456785,2024-10-18 19:00:00,2024-10-18,19:00:00,1.8587,Friday,19,10,Autumn,0
10023456785,2024-10-18 20:00:00,2024-10-18,20:00:00,1.5200,Friday,20,10,Autumn,0
10023456785,2024-10-18 21:00:00,2024-10-18,21:00:00,1.2828,Friday,21,10,Autumn,0
10023456785,2024-10-18 22:00:00,2024-10-18,22:00:00,1.0566,Friday,22,10,Autumn,0
10023456785,2024-10-18 23:00:00,2024-10-18,23:00:00,0.5929,Friday,23,10,Autumn,0
10023456785,2024-10-19 00:00:00,2024-10-19,00:00:00,0.4431,Saturday,0,10,Autumn,0
10023456785,2024-10-19 01:00:00,2024-10-19,01:00:00,0.3170,Saturday,1,10,Autumn,0
10023456785,2024-10-19 02:00:00,2024-10-19,02:00:00,0.3898,Saturday,2,10,Autumn,0
10023456785,2024-10-19 03:00:00,2024-10-19,03:00:00,0.4247,Saturday,3,10,Autumn,0
10023456785,2024-10-19 04:00:00,2024-10-19,04:00:00,0.5851,Saturday,4,10,Autumn,0
10023456785,2024-10-19 05:00:00,2024-10-19,05:00:00,0.5110,Saturday,5,10,Autumn,0
10023456785,2024-10-19 06:00:00,2024-10-19,06:00:00,0.6253,Saturday,6,10,Autumn,0
10023456785,2024-10-19 07:00:00,2024-10-19,07:00:00,1.0354,Saturday,7,10,Autumn,0
10023456785,2024-10-19 08:00:00,2024-10-19,08:00:00,1.2222,Saturday,8,10,Autumn,0
10023456785,2024-10-19 09:00:00,2024-10-19,09:00:00,1.2544,Saturday,9,10,Autumn,0
10023456785,2024-10-19 10:00:00,2024-10-19,10:00:00,1.4328,Saturday,10,10,Autumn,0
10023456785,2024-10-19 11:00:00,2024-10-19,11:00:00,1.0001,Saturday,11,10,Autumn,0
10023456785,2024-10-19 12:00:00,2024-10-19,12:00:00,1.2030,Saturday,12,10,Autumn,0
10023456785,2024-10-19 13:00:00,2024-10-19,13:00:00,1.1655,Saturday,13,10,Autumn,0
10023456785,2024-10-19 14:00:00,2024-10-19,14:00:00,0.0931,Saturday,14,10,Autumn,1
10023456785,2024-10-19 15:00:00,2024-10-19,15:00:00,1.1527,Saturday,15,10,Autumn,0
10023456785,2024-10-19 16:00:00,2024-10-19,16:00:00,1.0377,Saturday,16,10,Autumn,0
10023456785,2024-10-19 17:00:00,2024-10-19,17:00:00,1.1113,Saturday,17,10,Autumn,0
10023456785,2024-10-19 18:00:00,2024-10-19,18:00:00,1.5641,Saturday,18,10,Autumn,0
10023456785,2024-10-19 19:00:00,2024-10-19,19:00:00,1.5976,Saturday,19,10,Autumn,0
10023456785,2024-10-19 20:00:00,2024-10-19,20:00:00,1.2494,Saturday,20,10,Autumn,0
10023456785,2024-10-19 21:00:00,2024-10-19,21:00:00,0.9410,Saturday,21,10,Autumn,0
10023456785,2024-10-19 22:00:00,2024-10-19,22:00:00,0.7157,Saturday,22,10,Autumn,0
10023456785,2024-10-19 23:00:00,2024-10-19,23:00:00,0.5989,Saturday,23,10,Autumn,0
10023456785,2024-10-20 00:00:00,2024-10-20,00:00:00,0.5619,Sunday,0,10,Autumn,0
10023456785,2024-10-20 01:00:00,2024-10-20,01:00:00,0.5544,Sunday,1,10,Autumn,0
10023456785,2024-10-20 02:00:00,2024-10-20,02:00:00,0.4978,Sunday,2,10,Autumn,0
10023456785,2024-10-20 03:00:00,2024-10-20,03:00:00,0.3491,Sunday,3,10,Autumn,0
10023456785,2024-10-20 04:00:00,2024-10-20,04:00:00,0.4508,Sunday,4,10,Autumn,0
10023456785,2024-10-20 05:00:00,2024-10-20,05:00:00,0.6687,Sunday,5,10,Autumn,0
10023456785,2024-10-20 06:00:00,2024-10-20,06:00:00,0.7662,Sunday,6,10,Autumn,0
10023456785,2024-10-20 07:00:00,2024-10-20,07:00:00,0.9144,Sunday,7,10,Autumn,0
10023456785,2024-10-20 08:00:00,2024-10-20,08:00:00,1.3739,Sunday,8,10,Autumn,0
10023456785,2024-10-20 09:00:00,2024-10-20,09:00:00,1.6793,Sunday,9,10,Autumn,0
10023456785,2024-10-20 10:00:00,2024-10-20,10:00:00,1.3892,Sunday,10,10,Autumn,0
10023456785,2024-10-20 11:00:00,2024-10-20,11:00:00,1.2301,Sunday,11,10,Autumn,0
10023456785,2024-10-20 12:00:00,2024-10-20,12:00:00,1.0606,Sunday,12,10,Autumn,0
10023456785,2024-10-20 13:00:00,2024-10-20,13:00:00,1.1461,Sunday,13,10,Autumn,0
10023456785,2024-10-20 14:00:00,2024-10-20,14:00:00,1.0488,Sunday,14,10,Autumn,0
10023456785,2024-10-20 15:00:00,2024-10-20,15:00:00,0.8598,Sunday,15,10,Autumn,0
10023456785,2024-10-20 16:00:00,2024-10-20,16:00:00,1.2770,Sunday,16,10,Autumn,0
10023456785,2024-10-20 17:00:00,2024-10-20,17:00:00,1.7697,Sunday,17,10,Autumn,0
10023456785,2024-10-20 18:00:00,2024-10-20,18:00:00,1.6338,Sunday,18,10,Autumn,0
10023456785,2024-10-20 19:00:00,2024-10-20,19:00:00,1.3324,Sunday,19,10,Autumn,0
10023456785,2024-10-20 20:00:00,2024-10-20,20:00:00,1.6857,Sunday,20,10,Autumn,0
10023456785,2024-10-20 21:00:00,2024-10-20,21:00:00,1.4263,Sunday,21,10,Autumn,0
10023456785,2024-10-20 22:00:00,2024-10-20,22:00:00,1.0210,Sunday,22,10,Autumn,0
10023456785,2024-10-20 23:00:00,2024-10-20,23:00:00,0.6351,Sunday,23,10,Autumn,0
10023456785,2024-10-21 00:00:00,2024-10-21,00:00:00,0.5802,Monday,0,10,Autumn,0
10023456785,2024-10-21 01:00:00,2024-10-21,01:00:00,0.6347,Monday,1,10,Autumn,0
10023456785,2024-10-21 02:00:00,2024-10-21,02:00:00,0.5620,Monday,2,10,Autumn,0
10023456785,2024-10-21 03:00:00,2024-10-21,03:00:00,0.5125,Monday,3,10,Autumn,0
10023456785,2024-10-21 04:00:00,2024-10-21,04:00:00,0.4897,Monday,4,10,Autumn,0
10023456785,2024-10-21 05:00:00,2024-10-21,05:00:00,4.8176,Monday,5,10,Autumn,1
10023456785,2024-10-21 06:00:00,2024-10-21,06:00:00,4.5159,Monday,6,10,Autumn,1
10023456785,2024-10-21 07:00:00,2024-10-21,07:00:00,5.1174,Monday,7,10,Autumn,1
10023456785,2024-10-21 08:00:00,2024-10-21,08:00:00,2.2897,Monday,8,10,Autumn,0
10023456785,2024-10-21 09:00:00,2024-10-21,09:00:00,0.1551,Monday,9,10,Autumn,1
10023456785,2024-10-21 10:00:00,2024-10-21,10:00:00,1.8384,Monday,10,10,Autumn,0
10023456785,2024-10-21 11:00:00,2024-10-21,11:00:00,1.9450,Monday,11,10,Autumn,0
10023456785,2024-10-21 12:00:00,2024-10-21,12:00:00,1.2377,Monday,12,10,Autumn,0
10023456785,2024-10-21 13:00:00,2024-10-21,13:00:00,1.5814,Monday,13,10,Autumn,0
10023456785,2024-10-21 14:00:00,2024-10-21,14:00:00,1.3449,Monday,14,10,Autumn,0
10023456785,2024-10-21 15:00:00,2024-10-21,15:00:00,1.5456,Monday,15,10,Autumn,0
10023456785,2024-10-21 16:00:00,2024-10-21,16:00:00,1.8380,Monday,16,10,Autumn,0
10023456785,2024-10-21 17:00:00,2024-10-21,17:00:00,1.9758,Monday,17,10,Autumn,0
10023456785,2024-10-21 18:00:00,2024-10-21,18:00:00,1.8214,Monday,18,10,Autumn,0
10023456785,2024-10-21 19:00:00,2024-10-21,19:00:00,1.8718,Monday,19,10,Autumn,0
10023456785,2024-10-21 20:00:00,2024-10-21,20:00:00,1.6120,Monday,20,10,Autumn,0
10023456785,2024-10-21 21:00:00,2024-10-21,21:00:00,1.6716,Monday,21,10,Autumn,0
10023456785,2024-10-21 22:00:00,2024-10-21,22:00:00,1.2368,Monday,22,10,Autumn,0
10023456785,2024-10-21 23:00:00,2024-10-21,23:00:00,0.8563,Monday,23,10,Autumn,0
10023456785,2024-10-22 00:00:00,2024-10-22,00:00:00,0.7946,Tuesday,0,10,Autumn,0
10023456785,2024-10-22 01:00:00,2024-10-22,01:00:00,1.7251,Tuesday,1,10,Autumn,1
10023456785,2024-10-22 02:00:00,2024-10-22,02:00:00,1.5029,Tuesday,2,10,Autumn,1
10023456785,2024-10-22 03:00:00,2024-10-22,03:00:00,1.4067,Tuesday,3,10,Autumn,1
10023456785,2024-10-22 04:00:00,2024-10-22,04:00:00,0.8899,Tuesday,4,10,Autumn,0
10023456785,2024-10-22 05:00:00,2024-10-22,05:00:00,1.0317,Tuesday,5,10,Autumn,0
10023456785,2024-10-22 06:00:00,2024-10-22,06:00:00,1.6061,Tuesday,6,10,Autumn,0
10023456785,2024-10-22 07:00:00,2024-10-22,07:00:00,2.4733,Tuesday,7,10,Autumn,0
10023456785,2024-10-22 08:00:00,2024-10-22,08:00:00,2.2559,Tuesday,8,10,Autumn,0
10023456785,2024-10-22 09:00:00,2024-10-22,09:00:00,2.3902,Tuesday,9,10,Autumn,0
10023456785,2024-10-22 10:00:00,2024-10-22,10:00:00,2.1336,Tuesday,10,10,Autumn,0
10023456785,2024-10-22 11:00:00,2024-10-22,11:00:00,1.8640,Tuesday,11,10,Autumn,0
10023456785,2024-10-22 12:00:00,2024-10-22,12:00:00,1.9281,Tuesday,12,10,Autumn,0
10023456785,2024-10-22 13:00:00,2024-10-22,13:00:00,0.1248,Tuesday,13,10,Autumn,1
10023456785,2024-10-22 14:00:00,2024-10-22,14:00:00,2.3138,Tuesday,14,10,Autumn,0
10023456785,2024-10-22 15:00:00,2024-10-22,15:00:00,1.6338,Tuesday,15,10,Autumn,0
10023456785,2024-10-22 16:00:00,2024-10-22,16:00:00,5.4451,Tuesday,16,10,Autumn,1
10023456785,2024-10-22 17:00:00,2024-10-22,17:00:00,2.3779,Tuesday,17,10,Autumn,0
10023456785,2024-10-22 18:00:00,2024-10-22,18:00:00,2.8822,Tuesday,18,10,Autumn,0
10023456785,2024-10-22 19:00:00,2024-10-22,19:00:00,2.6977,Tuesday,19,10,Autumn,0
10023456785,2024-10-22 20:00:00,2024-10-22,20:00:00,2.2607,Tuesday,20,10,Autumn,0
10023456785,2024-10-22 21:00:00,2024-10-22,21:00:00,1.5895,Tuesday,21,10,Autumn,0
10023456785,2024-10-22 22:00:00,2024-10-22,22:00:00,1.3965,Tuesday,22,10,Autumn,0
10023456785,2024-10-22 23:00:00,2024-10-22,23:00:00,0.9900,Tuesday,23,10,Autumn,0
10023456785,2024-10-23 00:00:00,2024-10-23,00:00:00,0.9788,Wednesday,0,10,Autumn,0
10023456785,2024-10-23 01:00:00,2024-10-23,01:00:00,0.8268,Wednesday,1,10,Autumn,0
10023456785,2024-10-23 02:00:00,2024-10-23,02:00:00,0.7224,Wednesday,2,10,Autumn,0
10023456785,2024-10-23 03:00:00,2024-10-23,03:00:00,0.8033,Wednesday,3,10,Autumn,0
10023456785,2024-10-23 04:00:00,2024-10-23,04:00:00,0.7403,Wednesday,4,10,Autumn,0
10023456785,2024-10-23 05:00:00,2024-10-23,05:00:00,0.9389,Wednesday,5,10,Autumn,0
10023456785,2024-10-23 06:00:00,2024-10-23,06:00:00,2.0641,Wednesday,6,10,Autumn,0
10023456785,2024-10-23 07:00:00,2024-10-23,07:00:00,1.9804,Wednesday,7,10,Autumn,0
10023456785,2024-10-23 08:00:00,2024-10-23,08:00:00,3.2069,Wednesday,8,10,Autumn,0
10023456785,2024-10-23 09:00:00,2024-10-23,09:00:00,2.8930,Wednesday,9,10,Autumn,0
10023456785,2024-10-23 10:00:00,2024-10-23,10:00:00,2.4170,Wednesday,10,10,Autumn,0
10023456785,2024-10-23 11:00:00,2024-10-23,11:00:00,2.2577,Wednesday,11,10,Autumn,0
10023456785,2024-10-23 12:00:00,2024-10-23,12:00:00,2.3556,Wednesday,12,10,Autumn,0
10023456785,2024-10-23 13:00:00,2024-10-23,13:00:00,2.3932,Wednesday,13,10,Autumn,0
10023456785,2024-10-23 14:00:00,2024-10-23,14:00:00,2.0059,Wednesday,14,10,Autumn,0
10023456785,2024-10-23 15:00:00,2024-10-23,15:00:00,2.1607,Wednesday,15,10,Autumn,0
10023456785,2024-10-23 16:00:00,2024-10-23,16:00:00,2.3007,Wednesday,16,10,Autumn,0
10023456785,2024-10-23 17:00:00,2024-10-23,17:00:00,2.7942,Wednesday,17,10,Autumn,0
10023456785,2024-10-23 18:00:00,2024-10-23,18:00:00,2.3020,Wednesday,18,10,Autumn,0
10023456785,2024-10-23 19:00:00,2024-10-23,19:00:00,2.6094,Wednesday,19,10,Autumn,0
10023456785,2024-10-23 20:00:00,2024-10-23,20:00:00,2.2499,Wednesday,20,10,Autumn,0
10023456785,2024-10-23 21:00:00,2024-10-23,21:00:00,1.7797,Wednesday,21,10,Autumn,0
10023456785,2024-10-23 22:00:00,2024-10-23,22:00:00,1.4878,Wednesday,22,10,Autumn,0
10023456785,2024-10-23 23:00:00,2024-10-23,23:00:00,0.8470,Wednesday,23,10,Autumn,0
10023456785,2024-10-24 00:00:00,2024-10-24,00:00:00,0.7721,Thursday,0,10,Autumn,0
10023456785,2024-10-24 01:00:00,2024-10-24,01:00:00,0.7636,Thursday,1,10,Autumn,0
10023456785,2024-10-24 02:00:00,2024-10-24,02:00:00,0.6262,Thursday,2,10,Autumn,0
10023456785,2024-10-24 03:00:00,2024-10-24,03:00:00,0.6949,Thursday,3,10,Autumn,0
10023456785,2024-10-24 04:00:00,2024-10-24,04:00:00,0.6629,Thursday,4,10,Autumn,0
10023456785,2024-10-24 05:00:00,2024-10-24,05:00:00,1.0350,Thursday,5,10,Autumn,0
10023456785,2024-10-24 06:00:00,2024-10-24,06:00:00,1.6422,Thursday,6,10,Autumn,0
10023456785,2024-10-24 07:00:00,2024-10-24,07:00:00,2.4617,Thursday,7,10,Autumn,0
10023456785,2024-10-24 08:00:00,2024-10-24,08:00:00,2.3823,Thursday,8,10,Autumn,0
10023456785,2024-10-24 09:00:00,2024-10-24,09:00:00,2.5859,Thursday,9,10,Autumn,0
10023456785,2024-10-24 10:00:00,2024-10-24,10:00:00,2.8438,Thursday,10,10,Autumn,0
10023456785,2024-10-24 11:00:00,2024-10-24,11:00:00,1.8282,Thursday,11,10,Autumn,0
10023456785,2024-10-24 12:00:00,2024-10-24,12:00:00,2.5740,Thursday,12,10,Autumn,0
10023456785,2024-10-24 13:00:00,2024-10-24,13:00:00,2.2724,Thursday,13,10,Autumn,0
10023456785,2024-10-24 14:00:00,2024-10-24,14:00:00,1.9854,Thursday,14,10,Autumn,0
10023456785,2024-10-24 15:00:00,2024-10-24,15:00:00,1.8973,Thursday,15,10,Autumn,0
10023456785,2024-10-24 16:00:00,2024-10-24,16:00:00,2.0389,Thursday,16,10,Autumn,0
10023456785,2024-10-24 17:00:00,2024-10-24,17:00:00,2.6308,Thursday,17,10,Autumn,0
10023456785,2024-10-24 18:00:00,2024-10-24,18:00:00,2.4623,Thursday,18,10,Autumn,0
10023456785,2024-10-24 19:00:00,2024-10-24,19:00:00,2.1352,Thursday,19,10,Autumn,0
10023456785,2024-10-24 20:00:00,2024-10-24,20:00:00,2.6798,Thursday,20,10,Autumn,0
10023456785,2024-10-24 21:00:00,2024-10-24,21:00:00,6.4782,Thursday,21,10,Autumn,1
10023456785,2024-10-24 22:00:00,2024-10-24,22:00:00,1.6084,Thursday,22,10,Autumn,0
10023456785,2024-10-24 23:00:00,2024-10-24,23:00:00,0.8855,Thursday,23,10,Autumn,0
10023456785,2024-10-25 00:00:00,2024-10-25,00:00:00,0.6533,Friday,0,10,Autumn,0
10023456785,2024-10-25 01:00:00,2024-10-25,01:00:00,0.6186,Friday,1,10,Autumn,0
10023456785,2024-10-25 02:00:00,2024-10-25,02:00:00,0.7128,Friday,2,10,Autumn,0
10023456785,2024-10-25 03:00:00,2024-10-25,03:00:00,0.5749,Friday,3,10,Autumn,0
10023456785,2024-10-25 04:00:00,2024-10-25,04:00:00,0.5984,Friday,4,10,Autumn,0
10023456785,2024-10-25 05:00:00,2024-10-25,05:00:00,5.0360,Friday,5,10,Autumn,1
10023456785,2024-10-25 06:00:00,2024-10-25,06:00:00,5.9727,Friday,6,10,Autumn,1
10023456785,2024-10-25 07:00:00,2024-10-25,07:00:00,6.0847,Friday,7,10,Autumn,1
10023456785,2024-10-25 08:00:00,2024-10-25,08:00:00,2.2687,Friday,8,10,Autumn,0
10023456785,2024-10-25 09:00:00,2024-10-25,09:00:00,2.2107,Friday,9,10,Autumn,0
10023456785,2024-10-25 10:00:00,2024-10-25,10:00:00,1.5608,Friday,10,10,Autumn,0
10023456785,2024-10-25 11:00:00,2024-10-25,11:00:00,1.9712,Friday,11,10,Autumn,0
10023456785,2024-10-25 12:00:00,2024-10-25,12:00:00,1.9295,Friday,12,10,Autumn,0
10023456785,2024-10-25 13:00:00,2024-10-25,13:00:00,1.6332,Friday,13,10,Autumn,0
10023456785,2024-10-25 14:00:00,2024-10-25,14:00:00,1.8464,Friday,14,10,Autumn,0
10023456785,2024-10-25 15:00:00,2024-10-25,15:00:00,1.7912,Friday,15,10,Autumn,0
10023456785,2024-10-25 16:00:00,2024-10-25,16:00:00,1.6632,Friday,16,10,Autumn,0
10023456785,2024-10-25 17:00:00,2024-10-25,17:00:00,2.3935,Friday,17,10,Autumn,0
10023456785,2024-10-25 18:00:00,2024-10-25,18:00:00,2.3501,Friday,18,10,Autumn,0
10023456785,2024-10-25 19:00:00,2024-10-25,19:00:00,2.6480,Friday,19,10,Autumn,0
10023456785,2024-10-25 20:00:00,2024-10-25,20:00:00,2.1472,Friday,20,10,Autumn,0
10023456785,2024-10-25 21:00:00,2024-10-25,21:00:00,1.3773,Friday,21,10,Autumn,0
10023456785,2024-10-25 22:00:00,2024-10-25,22:00:00,1.2412,Friday,22,10,Autumn,0
10023456785,2024-10-25 23:00:00,2024-10-25,23:00:00,1.1112,Friday,23,10,Autumn,0
10023456785,2024-10-26 00:00:00,2024-10-26,00:00:00,0.6363,Saturday,0,10,Autumn,0
10023456785,2024-10-26 01:00:00,2024-10-26,01:00:00,0.4929,Saturday,1,10,Autumn,0
10023456785,2024-10-26 02:00:00,2024-10-26,02:00:00,0.5310,Saturday,2,10,Autumn,0
10023456785,2024-10-26 03:00:00,2024-10-26,03:00:00,0.4733,Saturday,3,10,Autumn,0
10023456785,2024-10-26 04:00:00,2024-10-26,04:00:00,0.5510,Saturday,4,10,Autumn,0
10023456785,2024-10-26 05:00:00,2024-10-26,05:00:00,0.6823,Saturday,5,10,Autumn,0
10023456785,2024-10-26 06:00:00,2024-10-26,06:00:00,0.8830,Saturday,6,10,Autumn,0
10023456785,2024-10-26 07:00:00,2024-10-26,07:00:00,1.1925,Saturday,7,10,Autumn,0
10023456785,2024-10-26 08:00:00,2024-10-26,08:00:00,1.2290,Saturday,8,10,Autumn,0
10023456785,2024-10-26 09:00:00,2024-10-26,09:00:00,1.6160,Saturday,9,10,Autumn,0
10023456785,2024-10-26 10:00:00,2024-10-26,10:00:00,1.5091,Saturday,10,10,Autumn,0
10023456785,2024-10-26 11:00:00,2024-10-26,11:00:00,1.5842,Saturday,11,10,Autumn,0
10023456785,2024-10-26 12:00:00,2024-10-26,12:00:00,1.5773,Saturday,12,10,Autumn,0
10023456785,2024-10-26 13:00:00,2024-10-26,13:00:00,1.2818,Saturday,13,10,Autumn,0
10023456785,2024-10-26 14:00:00,2024-10-26,14:00:00,1.7093,Saturday,14,10,Autumn,0
10023456785,2024-10-26 15:00:00,2024-10-26,15:00:00,1.4266,Saturday,15,10,Autumn,0
10023456785,2024-10-26 16:00:00,2024-10-26,16:00:00,1.4476,Saturday,16,10,Autumn,0
10023456785,2024-10-26 17:00:00,2024-10-26,17:00:00,1.8499,Saturday,17,10,Autumn,0
10023456785,2024-10-26 18:00:00,2024-10-26,18:00:00,1.8827,Saturday,18,10,Autumn,0
10023456785,2024-10-26 19:00:00,2024-10-26,19:00:00,1.3449,Saturday,19,10,Autumn,0
10023456785,2024-10-26 20:00:00,2024-10-26,20:00:00,1.7731,Saturday,20,10,Autumn,0
10023456785,2024-10-26 21:00:00,2024-10-26,21:00:00,1.5704,Saturday,21,10,Autumn,0
10023456785,2024-10-26 22:00:00,2024-10-26,22:00:00,1.1560,Saturday,22,10,Autumn,0
10023456785,2024-10-26 23:00:00,2024-10-26,23:00:00,0.6138,Saturday,23,10,Autumn,0
10023456785,2024-10-27 00:00:00,2024-10-27,00:00:00,0.6866,Sunday,0,10,Autumn,0
10023456785,2024-10-27 01:00:00,2024-10-27,01:00:00,0.6560,Sunday,1,10,Autumn,0
10023456785,2024-10-27 02:00:00,2024-10-27,02:00:00,0.5400,Sunday,2,10,Autumn,0
10023456785,2024-10-27 03:00:00,2024-10-27,03:00:00,0.6209,Sunday,3,10,Autumn,0
10023456785,2024-10-27 04:00:00,2024-10-27,04:00:00,0.4145,Sunday,4,10,Autumn,0
10023456785,2024-10-27 05:00:00,2024-10-27,05:00:00,0.8624,Sunday,5,10,Autumn,0
10023456785,2024-10-27 06:00:00,2024-10-27,06:00:00,1.2176,Sunday,6,10,Autumn,0
10023456785,2024-10-27 07:00:00,2024-10-27,07:00:00,1.5272,Sunday,7,10,Autumn,0
10023456785,2024-10-27 08:00:00,2024-10-27,08:00:00,1.5524,Sunday,8,10,Autumn,0
10023456785,2024-10-27 09:00:00,2024-10-27,09:00:00,1.4253,Sunday,9,10,Autumn,0
10023456785,2024-10-27 10:00:00,2024-10-27,10:00:00,2.0376,Sunday,10,10,Autumn,0
10023456785,2024-10-27 11:00:00,2024-10-27,11:00:00,1.7984,Sunday,11,10,Autumn,0
10023456785,2024-10-27 12:00:00,2024-10-27,12:00:00,1.5412,Sunday,12,10,Autumn,0
10023456785,2024-10-27 13:00:00,2024-10-27,13:00:00,1.2289,Sunday,13,10,Autumn,0
10023456785,2024-10-27 14:00:00,2024-10-27,14:00:00,1.3932,Sunday,14,10,Autumn,0
10023456785,2024-10-27 15:00:00,2024-10-27,15:00:00,1.5240,Sunday,15,10,Autumn,0
10023456785,2024-10-27 16:00:00,2024-10-27,16:00:00,1.9060,Sunday,16,10,Autumn,0
10023456785,2024-10-27 17:00:00,2024-10-27,17:00:00,1.8718,Sunday,17,10,Autumn,0
10023456785,2024-10-27 18:00:00,2024-10-27,18:00:00,2.4057,Sunday,18,10,Autumn,0
10023456785,2024-10-27 19:00:00,2024-10-27,19:00:00,1.8065,Sunday,19,10,Autumn,0
10023456785,2024-10-27 20:00:00,2024-10-27,20:00:00,2.1383,Sunday,20,10,Autumn,0
10023456785,2024-10-27 21:00:00,2024-10-27,21:00:00,1.4743,Sunday,21,10,Autumn,0
10023456785,2024-10-27 22:00:00,2024-10-27,22:00:00,0.9362,Sunday,22,10,Autumn,0
10023456785,2024-10-27 23:00:00,2024-10-27,23:00:00,0.9037,Sunday,23,10,Autumn,0
10023456785,2024-10-28 00:00:00,2024-10-28,00:00:00,0.7821,Monday,0,10,Autumn,0
10023456785,2024-10-28 01:00:00,2024-10-28,01:00:00,0.5785,Monday,1,10,Autumn,0
10023456785,2024-10-28 02:00:00,2024-10-28,02:00:00,0.6091,Monday,2,10,Autumn,0
10023456785,2024-10-28 03:00:00,2024-10-28,03:00:00,0.5599,Monday,3,10,Autumn,0
10023456785,2024-10-28 04:00:00,2024-10-28,04:00:00,0.6676,Monday,4,10,Autumn,0
10023456785,2024-10-28 05:00:00,2024-10-28,05:00:00,0.8218,Monday,5,10,Autumn,0
10023456785,2024-10-28 06:00:00,2024-10-28,06:00:00,1.6625,Monday,6,10,Autumn,0
10023456785,2024-10-28 07:00:00,2024-10-28,07:00:00,1.8727,Monday,7,10,Autumn,0
10023456785,2024-10-28 08:00:00,2024-10-28,08:00:00,2.1844,Monday,8,10,Autumn,0
10023456785,2024-10-28 09:00:00,2024-10-28,09:00:00,2.2535,Monday,9,10,Autumn,0
10023456785,2024-10-28 10:00:00,2024-10-28,10:00:00,1.9191,Monday,10,10,Autumn,0
10023456785,2024-10-28 11:00:00,2024-10-28,11:00:00,1.6105,Monday,11,10,Autumn,0
10023456785,2024-10-28 12:00:00,2024-10-28,12:00:00,2.0602,Monday,12,10,Autumn,0
10023456785,2024-10-28 13:00:00,2024-10-28,13:00:00,1.9921,Monday,13,10,Autumn,0
10023456785,2024-10-28 14:00:00,2024-10-28,14:00:00,1.9334,Monday,14,10,Autumn,0
10023456785,2024-10-28 15:00:00,2024-10-28,15:00:00,1.8926,Monday,15,10,Autumn,0
10023456785,2024-10-28 16:00:00,2024-10-28,16:00:00,1.6868,Monday,16,10,Autumn,0
10023456785,2024-10-28 17:00:00,2024-10-28,17:00:00,2.3536,Monday,17,10,Autumn,0
10023456785,2024-10-28 18:00:00,2024-10-28,18:00:00,0.2700,Monday,18,10,Autumn,1
10023456785,2024-10-28 19:00:00,2024-10-28,19:00:00,2.3432,Monday,19,10,Autumn,0
10023456785,2024-10-28 20:00:00,2024-10-28,20:00:00,1.8847,Monday,20,10,Autumn,0
10023456785,2024-10-28 21:00:00,2024-10-28,21:00:00,1.4925,Monday,21,10,Autumn,0
10023456785,2024-10-28 22:00:00,2024-10-28,22:00:00,1.0462,Monday,22,10,Autumn,0
10023456785,2024-10-28 23:00:00,2024-10-28,23:00:00,0.7912,Monday,23,10,Autumn,0
10023456785,2024-10-29 00:00:00,2024-10-29,00:00:00,0.6102,Tuesday,0,10,Autumn,0
10023456785,2024-10-29 01:00:00,2024-10-29,01:00:00,0.6862,Tuesday,1,10,Autumn,0
10023456785,2024-10-29 02:00:00,2024-10-29,02:00:00,0.7468,Tuesday,2,10,Autumn,0
10023456785,2024-10-29 03:00:00,2024-10-29,03:00:00,0.6821,Tuesday,3,10,Autumn,0
10023456785,2024-10-29 04:00:00,2024-10-29,04:00:00,0.6954,Tuesday,4,10,Autumn,0
10023456785,2024-10-29 05:00:00,2024-10-29,05:00:00,0.9774,Tuesday,5,10,Autumn,0
10023456785,2024-10-29 06:00:00,2024-10-29,06:00:00,1.6122,Tuesday,6,10,Autumn,0
10023456785,2024-10-29 07:00:00,2024-10-29,07:00:00,1.8940,Tuesday,7,10,Autumn,0
10023456785,2024-10-29 08:00:00,2024-10-29,08:00:00,2.1362,Tuesday,8,10,Autumn,0
10023456785,2024-10-29 09:00:00,2024-10-29,09:00:00,1.8779,Tuesday,9,10,Autumn,0
10023456785,2024-10-29 10:00:00,2024-10-29,10:00:00,1.6119,Tuesday,10,10,Autumn,0
10023456785,2024-10-29 11:00:00,2024-10-29,11:00:00,1.9203,Tuesday,11,10,Autumn,0
10023456785,2024-10-29 12:00:00,2024-10-29,12:00:00,1.3496,Tuesday,12,10,Autumn,0
10023456785,2024-10-29 13:00:00,2024-10-29,13:00:00,1.9844,Tuesday,13,10,Autumn,0
10023456785,2024-10-29 14:00:00,2024-10-29,14:00:00,1.7557,Tuesday,14,10,Autumn,0
10023456785,2024-10-29 15:00:00,2024-10-29,15:00:00,1.8199,Tuesday,15,10,Autumn,0
10023456785,2024-10-29 16:00:00,2024-10-29,16:00:00,2.3240,Tuesday,16,10,Autumn,0
10023456785,2024-10-29 17:00:00,2024-10-29,17:00:00,2.7495,Tuesday,17,10,Autumn,0
10023456785,2024-10-29 18:00:00,2024-10-29,18:00:00,2.4042,Tuesday,18,10,Autumn,0
10023456785,2024-10-29 19:00:00,2024-10-29,19:00:00,2.0233,Tuesday,19,10,Autumn,0
10023456785,2024-10-29 20:00:00,2024-10-29,20:00:00,6.2973,Tuesday,20,10,Autumn,1
10023456785,2024-10-29 21:00:00,2024-10-29,21:00:00,1.7276,Tuesday,21,10,Autumn,0
10023456785,2024-10-29 22:00:00,2024-10-29,22:00:00,1.0055,Tuesday,22,10,Autumn,0
10023456785,2024-10-29 23:00:00,2024-10-29,23:00:00,0.9431,Tuesday,23,10,Autumn,0
10023456785,2024-10-30 00:00:00,2024-10-30,00:00:00,0.7811,Wednesday,0,10,Autumn,0
10023456785,2024-10-30 01:00:00,2024-10-30,01:00:00,0.6518,Wednesday,1,10,Autumn,0
10023456785,2024-10-30 02:00:00,2024-10-30,02:00:00,0.6158,Wednesday,2,10,Autumn,0
10023456785,2024-10-30 03:00:00,2024-10-30,03:00:00,0.6989,Wednesday,3,10,Autumn,0
10023456785,2024-10-30 04:00:00,2024-10-30,04:00:00,0.7384,Wednesday,4,10,Autumn,0
10023456785,2024-10-30 05:00:00,2024-10-30,05:00:00,1.2119,Wednesday,5,10,Autumn,0
10023456785,2024-10-30 06:00:00,2024-10-30,06:00:00,1.6771,Wednesday,6,10,Autumn,0
10023456785,2024-10-30 07:00:00,2024-10-30,07:00:00,2.4859,Wednesday,7,10,Autumn,0
10023456785,2024-10-30 08:00:00,2024-10-30,08:00:00,2.3013,Wednesday,8,10,Autumn,0
10023456785,2024-10-30 09:00:00,2024-10-30,09:00:00,2.3512,Wednesday,9,10,Autumn,0
10023456785,2024-10-30 10:00:00,2024-10-30,10:00:00,1.8324,Wednesday,10,10,Autumn,0
10023456785,2024-10-30 11:00:00,2024-10-30,11:00:00,1.7507,Wednesday,11,10,Autumn,0
10023456785,2024-10-30 12:00:00,2024-10-30,12:00:00,1.7522,Wednesday,12,10,Autumn,0
10023456785,2024-10-30 13:00:00,2024-10-30,13:00:00,2.3187,Wednesday,13,10,Autumn,0
10023456785,2024-10-30 14:00:00,2024-10-30,14:00:00,1.7757,Wednesday,14,10,Autumn,0
10023456785,2024-10-30 15:00:00,2024-10-30,15:00:00,1.9459,Wednesday,15,10,Autumn,0
10023456785,2024-10-30 16:00:00,2024-10-30,16:00:00,1.8875,Wednesday,16,10,Autumn,0
10023456785,2024-10-30 17:00:00,2024-10-30,17:00:00,2.1902,Wednesday,17,10,Autumn,0
10023456785,2024-10-30 18:00:00,2024-10-30,18:00:00,2.3924,Wednesday,18,10,Autumn,0
10023456785,2024-10-30 19:00:00,2024-10-30,19:00:00,2.4329,Wednesday,19,10,Autumn,0
10023456785,2024-10-30 20:00:00,2024-10-30,20:00:00,1.7969,Wednesday,20,10,Autumn,0
10023456785,2024-10-30 21:00:00,2024-10-30,21:00:00,1.5701,Wednesday,21,10,Autumn,0
10023456785,2024-10-30 22:00:00,2024-10-30,22:00:00,1.0936,Wednesday,22,10,Autumn,0
10023456785,2024-10-30 23:00:00,2024-10-30,23:00:00,2.4221,Wednesday,23,10,Autumn,1
10023456785,2024-10-31 00:00:00,2024-10-31,00:00:00,0.8625,Thursday,0,10,Autumn,0
10023456785,2024-10-31 01:00:00,2024-10-31,01:00:00,0.6356,Thursday,1,10,Autumn,0
10023456785,2024-10-31 02:00:00,2024-10-31,02:00:00,0.4665,Thursday,2,10,Autumn,0
10023456785,2024-10-31 03:00:00,2024-10-31,03:00:00,0.5979,Thursday,3,10,Autumn,0
10023456785,2024-10-31 04:00:00,2024-10-31,04:00:00,0.7393,Thursday,4,10,Autumn,0
10023456785,2024-10-31 05:00:00,2024-10-31,05:00:00,0.8867,Thursday,5,10,Autumn,0
10023456785,2024-10-31 06:00:00,2024-10-31,06:00:00,1.6118,Thursday,6,10,Autumn,0
10023456785,2024-10-31 07:00:00,2024-10-31,07:00:00,2.4735,Thursday,7,10,Autumn,0
10023456785,2024-10-31 08:00:00,2024-10-31,08:00:00,2.1229,Thursday,8,10,Autumn,0
10023456785,2024-10-31 09:00:00,2024-10-31,09:00:00,2.3763,Thursday,9,10,Autumn,0
10023456785,2024-10-31 10:00:00,2024-10-31,10:00:00,1.6229,Thursday,10,10,Autumn,0
10023456785,2024-10-31 11:00:00,2024-10-31,11:00:00,5.3208,Thursday,11,10,Autumn,1
10023456785,2024-10-31 12:00:00,2024-10-31,12:00:00,1.7981,Thursday,12,10,Autumn,0
10023456785,2024-10-31 13:00:00,2024-10-31,13:00:00,2.1968,Thursday,13,10,Autumn,0
10023456785,2024-10-31 14:00:00,2024-10-31,14:00:00,1.6747,Thursday,14,10,Autumn,0
10023456785,2024-10-31 15:00:00,2024-10-31,15:00:00,1.9868,Thursday,15,10,Autumn,0
10023456785,2024-10-31 16:00:00,2024-10-31,16:00:00,2.0544,Thursday,16,10,Autumn,0
10023456785,2024-10-31 17:00:00,2024-10-31,17:00:00,2.2508,Thursday,17,10,Autumn,0
10023456785,2024-10-31 18:00:00,2024-10-31,18:00:00,2.4312,Thursday,18,10,Autumn,0
10023456785,2024-10-31 19:00:00,2024-10-31,19:00:00,2.1729,Thursday,19,10,Autumn,0
10023456785,2024-10-31 20:00:00,2024-10-31,20:00:00,2.2595,Thursday,20,10,Autumn,0
10023456785,2024-10-31 21:00:00,2024-10-31,21:00:00,1.6756,Thursday,21,10,Autumn,0
10023456785,2024-10-31 22:00:00,2024-10-31,22:00:00,1.7284,Thursday,22,10,Autumn,0
10023456785,2024-10-31 23:00:00,2024-10-31,23:00:00,0.9765,Thursday,23,10,Autumn,0
10023456785,2024-11-01 00:00:00,2024-11-01,00:00:00,0.9361,Friday,0,11,Autumn,0
10023456785,2024-11-01 01:00:00,2024-11-01,01:00:00,0.6610,Friday,1,11,Autumn,0
10023456785,2024-11-01 02:00:00,2024-11-01,02:00:00,0.8001,Friday,2,11,Autumn,0
10023456785,2024-11-01 03:00:00,2024-11-01,03:00:00,0.6686,Friday,3,11,Autumn,0
10023456785,2024-11-01 04:00:00,2024-11-01,04:00:00,0.8568,Friday,4,11,Autumn,0
10023456785,2024-11-01 05:00:00,2024-11-01,05:00:00,1.1276,Friday,5,11,Autumn,0
10023456785,2024-11-01 06:00:00,2024-11-01,06:00:00,1.8770,Friday,6,11,Autumn,0
10023456785,2024-11-01 07:00:00,2024-11-01,07:00:00,1.8448,Friday,7,11,Autumn,0
10023456785,2024-11-01 08:00:00,2024-11-01,08:00:00,2.8498,Friday,8,11,Autumn,0
10023456785,2024-11-01 09:00:00,2024-11-01,09:00:00,2.0326,Friday,9,11,Autumn,0
10023456785,2024-11-01 10:00:00,2024-11-01,10:00:00,2.0875,Friday,10,11,Autumn,0
10023456785,2024-11-01 11:00:00,2024-11-01,11:00:00,1.9036,Friday,11,11,Autumn,0
10023456785,2024-11-01 12:00:00,2024-11-01,12:00:00,1.6921,Friday,12,11,Autumn,0
10023456785,2024-11-01 13:00:00,2024-11-01,13:00:00,2.4644,Friday,13,11,Autumn,0
10023456785,2024-11-01 14:00:00,2024-11-01,14:00:00,2.1480,Friday,14,11,Autumn,0
10023456785,2024-11-01 15:00:00,2024-11-01,15:00:00,2.2175,Friday,15,11,Autumn,0
10023456785,2024-11-01 16:00:00,2024-11-01,16:00:00,2.3975,Friday,16,11,Autumn,0
10023456785,2024-11-01 17:00:00,2024-11-01,17:00:00,2.4951,Friday,17,11,Autumn,0
10023456785,2024-11-01 18:00:00,2024-11-01,18:00:00,3.0089,Friday,18,11,Autumn,0
10023456785,2024-11-01 19:00:00,2024-11-01,19:00:00,3.0086,Friday,19,11,Autumn,0
10023456785,2024-11-01 20:00:00,2024-11-01,20:00:00,2.2030,Friday,20,11,Autumn,0
10023456785,2024-11-01 21:00:00,2024-11-01,21:00:00,2.0736,Friday,21,11,Autumn,0
10023456785,2024-11-01 22:00:00,2024-11-01,22:00:00,2.0231,Friday,22,11,Autumn,0
10023456785,2024-11-01 23:00:00,2024-11-01,23:00:00,1.1817,Friday,23,11,Autumn,0
10023456785,2024-11-02 00:00:00,2024-11-02,00:00:00,0.6551,Saturday,0,11,Autumn,0
10023456785,2024-11-02 01:00:00,2024-11-02,01:00:00,0.6846,Saturday,1,11,Autumn,0
10023456785,2024-11-02 02:00:00,2024-11-02,02:00:00,0.6622,Saturday,2,11,Autumn,0
10023456785,2024-11-02 03:00:00,2024-11-02,03:00:00,0.5495,Saturday,3,11,Autumn,0
10023456785,2024-11-02 04:00:00,2024-11-02,04:00:00,0.6829,Saturday,4,11,Autumn,0
10023456785,2024-11-02 05:00:00,2024-11-02,05:00:00,0.6509,Saturday,5,11,Autumn,0
10023456785,2024-11-02 06:00:00,2024-11-02,06:00:00,1.1296,Saturday,6,11,Autumn,0
10023456785,2024-11-02 07:00:00,2024-11-02,07:00:00,1.3110,Saturday,7,11,Autumn,0
10023456785,2024-11-02 08:00:00,2024-11-02,08:00:00,1.4788,Saturday,8,11,Autumn,0
10023456785,2024-11-02 09:00:00,2024-11-02,09:00:00,1.7733,Saturday,9,11,Autumn,0
10023456785,2024-11-02 10:00:00,2024-11-02,10:00:00,2.0301,Saturday,10,11,Autumn,0
10023456785,2024-11-02 11:00:00,2024-11-02,11:00:00,1.5570,Saturday,11,11,Autumn,0
10023456785,2024-11-02 12:00:00,2024-11-02,12:00:00,1.7975,Saturday,12,11,Autumn,0
10023456785,2024-11-02 13:00:00,2024-11-02,13:00:00,1.8350,Saturday,13,11,Autumn,0
10023456785,2024-11-02 14:00:00,2024-11-02,14:00:00,1.5737,Saturday,14,11,Autumn,0
10023456785,2024-11-02 15:00:00,2024-11-02,15:00:00,1.5284,Saturday,15,11,Autumn,0
10023456785,2024-11-02 16:00:00,2024-11-02,16:00:00,2.1331,Saturday,16,11,Autumn,0
10023456785,2024-11-02 17:00:00,2024-11-02,17:00:00,1.9885,Saturday,17,11,Autumn,0
10023456785,2024-11-02 18:00:00,2024-11-02,18:00:00,2.1087,Saturday,18,11,Autumn,0
10023456785,2024-11-02 19:00:00,2024-11-02,19:00:00,2.2281,Saturday,19,11,Autumn,0
10023456785,2024-11-02 20:00:00,2024-11-02,20:00:00,1.8225,Saturday,20,11,Autumn,0
10023456785,2024-11-02 21:00:00,2024-11-02,21:00:00,1.5923,Saturday,21,11,Autumn,0
10023456785,2024-11-02 22:00:00,2024-11-02,22:00:00,1.3564,Saturday,22,11,Autumn,0
10023456785,2024-11-02 23:00:00,2024-11-02,23:00:00,0.9259,Saturday,23,11,Autumn,0
10023456785,2024-11-03 00:00:00,2024-11-03,00:00:00,0.5271,Sunday,0,11,Autumn,0
10023456785,2024-11-03 01:00:00,2024-11-03,01:00:00,0.7812,Sunday,1,11,Autumn,0
10023456785,2024-11-03 02:00:00,2024-11-03,02:00:00,0.7641,Sunday,2,11,Autumn,0
10023456785,2024-11-03 03:00:00,2024-11-03,03:00:00,0.6541,Sunday,3,11,Autumn,0
10023456785,2024-11-03 04:00:00,2024-11-03,04:00:00,6.4061,Sunday,4,11,Autumn,1
10023456785,2024-11-03 05:00:00,2024-11-03,05:00:00,6.4087,Sunday,5,11,Autumn,1
10023456785,2024-11-03 06:00:00,2024-11-03,06:00:00,4.1962,Sunday,6,11,Autumn,1
10023456785,2024-11-03 07:00:00,2024-11-03,07:00:00,1.8688,Sunday,7,11,Autumn,0
10023456785,2024-11-03 08:00:00,2024-11-03,08:00:00,1.9129,Sunday,8,11,Autumn,0
10023456785,2024-11-03 09:00:00,2024-11-03,09:00:00,1.3831,Sunday,9,11,Autumn,0
10023456785,2024-11-03 10:00:00,2024-11-03,10:00:00,1.8787,Sunday,10,11,Autumn,0
10023456785,2024-11-03 11:00:00,2024-11-03,11:00:00,1.5867,Sunday,11,11,Autumn,0
10023456785,2024-11-03 12:00:00,2024-11-03,12:00:00,1.5010,Sunday,12,11,Autumn,0
10023456785,2024-11-03 13:00:00,2024-11-03,13:00:00,1.3069,Sunday,13,11,Autumn,0
10023456785,2024-11-03 14:00:00,2024-11-03,14:00:00,1.5286,Sunday,14,11,Autumn,0
10023456785,2024-11-03 15:00:00,2024-11-03,15:00:00,1.4664,Sunday,15,11,Autumn,0
10023456785,2024-11-03 16:00:00,2024-11-03,16:00:00,1.4750,Sunday,16,11,Autumn,0
10023456785,2024-11-03 17:00:00,2024-11-03,17:00:00,1.7378,Sunday,17,11,Autumn,0
10023456785,2024-11-03 18:00:00,2024-11-03,18:00:00,1.8901,Sunday,18,11,Autumn,0
10023456785,2024-11-03 19:00:00,2024-11-03,19:00:00,1.9502,Sunday,19,11,Autumn,0
10023456785,2024-11-03 20:00:00,2024-11-03,20:00:00,1.8484,Sunday,20,11,Autumn,0
10023456785,2024-11-03 21:00:00,2024-11-03,21:00:00,1.3757,Sunday,21,11,Autumn,0
10023456785,2024-11-03 22:00:00,2024-11-03,22:00:00,1.2962,Sunday,22,11,Autumn,0
10023456785,2024-11-03 23:00:00,2024-11-03,23:00:00,0.9022,Sunday,23,11,Autumn,0
10023456785,2024-11-04 00:00:00,2024-11-04,00:00:00,0.9411,Monday,0,11,Autumn,0
10023456785,2024-11-04 01:00:00,2024-11-04,01:00:00,1.1430,Monday,1,11,Autumn,0
10023456785,2024-11-04 02:00:00,2024-11-04,02:00:00,0.9468,Monday,2,11,Autumn,0
10023456785,2024-11-04 03:00:00,2024-11-04,03:00:00,0.9457,Monday,3,11,Autumn,0
10023456785,2024-11-04 04:00:00,2024-11-04,04:00:00,0.8744,Monday,4,11,Autumn,0
10023456785,2024-11-04 05:00:00,2024-11-04,05:00:00,1.3218,Monday,5,11,Autumn,0
10023456785,2024-11-04 06:00:00,2024-11-04,06:00:00,2.0912,Monday,6,11,Autumn,0
10023456785,2024-11-04 07:00:00,2024-11-04,07:00:00,2.2055,Monday,7,11,Autumn,0
10023456785,2024-11-04 08:00:00,2024-11-04,08:00:00,3.6537,Monday,8,11,Autumn,0
10023456785,2024-11-04 09:00:00,2024-11-04,09:00:00,2.6915,Monday,9,11,Autumn,0
10023456785,2024-11-04 10:00:00,2024-11-04,10:00:00,2.7089,Monday,10,11,Autumn,0
10023456785,2024-11-04 11:00:00,2024-11-04,11:00:00,2.7578,Monday,11,11,Autumn,0
10023456785,2024-11-04 12:00:00,2024-11-04,12:00:00,2.1436,Monday,12,11,Autumn,0
10023456785,2024-11-04 13:00:00,2024-11-04,13:00:00,2.4350,Monday,13,11,Autumn,0
10023456785,2024-11-04 14:00:00,2024-11-04,14:00:00,2.5158,Monday,14,11,Autumn,0
10023456785,2024-11-04 15:00:00,2024-11-04,15:00:00,2.2505,Monday,15,11,Autumn,0
10023456785,2024-11-04 16:00:00,2024-11-04,16:00:00,0.3196,Monday,16,11,Autumn,1
10023456785,2024-11-04 17:00:00,2024-11-04,17:00:00,2.6945,Monday,17,11,Autumn,0
10023456785,2024-11-04 18:00:00,2024-11-04,18:00:00,3.5162,Monday,18,11,Autumn,0
10023456785,2024-11-04 19:00:00,2024-11-04,19:00:00,3.7190,Monday,19,11,Autumn,0
10023456785,2024-11-04 20:00:00,2024-11-04,20:00:00,2.9868,Monday,20,11,Autumn,0
10023456785,2024-11-04 21:00:00,2024-11-04,21:00:00,2.2717,Monday,21,11,Autumn,0
10023456785,2024-11-04 22:00:00,2024-11-04,22:00:00,1.8889,Monday,22,11,Autumn,0
10023456785,2024-11-04 23:00:00,2024-11-04,23:00:00,1.1311,Monday,23,11,Autumn,0
10023456785,2024-11-05 00:00:00,2024-11-05,00:00:00,0.9961,Tuesday,0,11,Autumn,0
10023456785,2024-11-05 01:00:00,2024-11-05,01:00:00,0.8969,Tuesday,1,11,Autumn,0
10023456785,2024-11-05 02:00:00,2024-11-05,02:00:00,0.5963,Tuesday,2,11,Autumn,0
10023456785,2024-11-05 03:00:00,2024-11-05,03:00:00,0.8157,Tuesday,3,11,Autumn,0
10023456785,2024-11-05 04:00:00,2024-11-05,04:00:00,0.8801,Tuesday,4,11,Autumn,0
10023456785,2024-11-05 05:00:00,2024-11-05,05:00:00,1.1394,Tuesday,5,11,Autumn,0
10023456785,2024-11-05 06:00:00,2024-11-05,06:00:00,1.9447,Tuesday,6,11,Autumn,0
10023456785,2024-11-05 07:00:00,2024-11-05,07:00:00,2.7487,Tuesday,7,11,Autumn,0
10023456785,2024-11-05 08:00:00,2024-11-05,08:00:00,4.2541,Tuesday,8,11,Autumn,0
10023456785,2024-11-05 09:00:00,2024-11-05,09:00:00,3.5694,Tuesday,9,11,Autumn,0
10023456785,2024-11-05 10:00:00,2024-11-05,10:00:00,3.1797,Tuesday,10,11,Autumn,0
10023456785,2024-11-05 11:00:00,2024-11-05,11:00:00,2.6813,Tuesday,11,11,Autumn,0
10023456785,2024-11-05 12:00:00,2024-11-05,12:00:00,2.7218,Tuesday,12,11,Autumn,0
10023456785,2024-11-05 13:00:00,2024-11-05,13:00:00,2.9461,Tuesday,13,11,Autumn,0
10023456785,2024-11-05 14:00:00,2024-11-05,14:00:00,2.3081,Tuesday,14,11,Autumn,0
10023456785,2024-11-05 15:00:00,2024-11-05,15:00:00,2.0432,Tuesday,15,11,Autumn,0
10023456785,2024-11-05 16:00:00,2024-11-05,16:00:00,2.5168,Tuesday,16,11,Autumn,0
10023456785,2024-11-05 17:00:00,2024-11-05,17:00:00,3.3888,Tuesday,17,11,Autumn,0
10023456785,2024-11-05 18:00:00,2024-11-05,18:00:00,3.2700,Tuesday,18,11,Autumn,0
10023456785,2024-11-05 19:00:00,2024-11-05,19:00:00,3.5612,Tuesday,19,11,Autumn,0
10023456785,2024-11-05 20:00:00,2024-11-05,20:00:00,2.9072,Tuesday,20,11,Autumn,0
10023456785,2024-11-05 21:00:00,2024-11-05,21:00:00,2.4154,Tuesday,21,11,Autumn,0
10023456785,2024-11-05 22:00:00,2024-11-05,22:00:00,1.8153,Tuesday,22,11,Autumn,0
10023456785,2024-11-05 23:00:00,2024-11-05,23:00:00,1.0828,Tuesday,23,11,Autumn,0
10023456785,2024-11-06 00:00:00,2024-11-06,00:00:00,0.7556,Wednesday,0,11,Autumn,0
10023456785,2024-11-06 01:00:00,2024-11-06,01:00:00,0.7472,Wednesday,1,11,Autumn,0
10023456785,2024-11-06 02:00:00,2024-11-06,02:00:00,0.8413,Wednesday,2,11,Autumn,0
10023456785,2024-11-06 03:00:00,2024-11-06,03:00:00,0.6640,Wednesday,3,11,Autumn,0
10023456785,2024-11-06 04:00:00,2024-11-06,04:00:00,1.0063,Wednesday,4,11,Autumn,0
10023456785,2024-11-06 05:00:00,2024-11-06,05:00:00,1.0779,Wednesday,5,11,Autumn,0
10023456785,2024-11-06 06:00:00,2024-11-06,06:00:00,1.6602,Wednesday,6,11,Autumn,0
10023456785,2024-11-06 07:00:00,2024-11-06,07:00:00,2.0840,Wednesday,7,11,Autumn,0
10023456785,2024-11-06 08:00:00,2024-11-06,08:00:00,2.9155,Wednesday,8,11,Autumn,0
10023456785,2024-11-06 09:00:00,2024-11-06,09:00:00,2.7899,Wednesday,9,11,Autumn,0
10023456785,2024-11-06 10:00:00,2024-11-06,10:00:00,2.1077,Wednesday,10,11,Autumn,0
10023456785,2024-11-06 11:00:00,2024-11-06,11:00:00,1.8362,Wednesday,11,11,Autumn,0
10023456785,2024-11-06 12:00:00,2024-11-06,12:00:00,1.9708,Wednesday,12,11,Autumn,0
10023456785,2024-11-06 13:00:00,2024-11-06,13:00:00,2.1483,Wednesday,13,11,Autumn,0
10023456785,2024-11-06 14:00:00,2024-11-06,14:00:00,2.4177,Wednesday,14,11,Autumn,0
10023456785,2024-11-06 15:00:00,2024-11-06,15:00:00,1.9913,Wednesday,15,11,Autumn,0
10023456785,2024-11-06 16:00:00,2024-11-06,16:00:00,2.2941,Wednesday,16,11,Autumn,0
10023456785,2024-11-06 17:00:00,2024-11-06,17:00:00,2.2092,Wednesday,17,11,Autumn,0
10023456785,2024-11-06 18:00:00,2024-11-06,18:00:00,2.2313,Wednesday,18,11,Autumn,0
10023456785,2024-11-06 19:00:00,2024-11-06,19:00:00,3.4984,Wednesday,19,11,Autumn,0
10023456785,2024-11-06 20:00:00,2024-11-06,20:00:00,2.5808,Wednesday,20,11,Autumn,0
10023456785,2024-11-06 21:00:00,2024-11-06,21:00:00,2.0405,Wednesday,21,11,Autumn,0
10023456785,2024-11-06 22:00:00,2024-11-06,22:00:00,1.6816,Wednesday,22,11,Autumn,0
10023456785,2024-11-06 23:00:00,2024-11-06,23:00:00,0.9598,Wednesday,23,11,Autumn,0
10023456785,2024-11-07 00:00:00,2024-11-07,00:00:00,0.7718,Thursday,0,11,Autumn,0
10023456785,2024-11-07 01:00:00,2024-11-07,01:00:00,0.7277,Thursday,1,11,Autumn,0
10023456785,2024-11-07 02:00:00,2024-11-07,02:00:00,0.6635,Thursday,2,11,Autumn,0
10023456785,2024-11-07 03:00:00,2024-11-07,03:00:00,0.6179,Thursday,3,11,Autumn,0
10023456785,2024-11-07 04:00:00,2024-11-07,04:00:00,4.6390,Thursday,4,11,Autumn,1
10023456785,2024-11-07 05:00:00,2024-11-07,05:00:00,5.8679,Thursday,5,11,Autumn,1
10023456785,2024-11-07 06:00:00,2024-11-07,06:00:00,1.4075,Thursday,6,11,Autumn,0
10023456785,2024-11-07 07:00:00,2024-11-07,07:00:00,2.1869,Thursday,7,11,Autumn,0
10023456785,2024-11-07 08:00:00,2024-11-07,08:00:00,3.2563,Thursday,8,11,Autumn,0
10023456785,2024-11-07 09:00:00,2024-11-07,09:00:00,2.6068,Thursday,9,11,Autumn,0
10023456785,2024-11-07 10:00:00,2024-11-07,10:00:00,2.3322,Thursday,10,11,Autumn,0
10023456785,2024-11-07 11:00:00,2024-11-07,11:00:00,2.2768,Thursday,11,11,Autumn,0
10023456785,2024-11-07 12:00:00,2024-11-07,12:00:00,2.1741,Thursday,12,11,Autumn,0
10023456785,2024-11-07 13:00:00,2024-11-07,13:00:00,1.7781,Thursday,13,11,Autumn,0
10023456785,2024-11-07 14:00:00,2024-11-07,14:00:00,2.4642,Thursday,14,11,Autumn,0
10023456785,2024-11-07 15:00:00,2024-11-07,15:00:00,12.4506,Thursday,15,11,Autumn,1
10023456785,2024-11-07 16:00:00,2024-11-07,16:00:00,11.8740,Thursday,16,11,Autumn,1
10023456785,2024-11-07 17:00:00,2024-11-07,17:00:00,2.6861,Thursday,17,11,Autumn,0
10023456785,2024-11-07 18:00:00,2024-11-07,18:00:00,2.5080,Thursday,18,11,Autumn,0
10023456785,2024-11-07 19:00:00,2024-11-07,19:00:00,2.1183,Thursday,19,11,Autumn,0
10023456785,2024-11-07 20:00:00,2024-11-07,20:00:00,2.2210,Thursday,20,11,Autumn,0
10023456785,2024-11-07 21:00:00,2024-11-07,21:00:00,2.1406,Thursday,21,11,Autumn,0
10023456785,2024-11-07 22:00:00,2024-11-07,22:00:00,1.5041,Thursday,22,11,Autumn,0
10023456785,2024-11-07 23:00:00,2024-11-07,23:00:00,0.8153,Thursday,23,11,Autumn,0
10023456785,2024-11-08 00:00:00,2024-11-08,00:00:00,0.8370,Friday,0,11,Autumn,0
10023456785,2024-11-08 01:00:00,2024-11-08,01:00:00,0.7926,Friday,1,11,Autumn,0
10023456785,2024-11-08 02:00:00,2024-11-08,02:00:00,0.6958,Friday,2,11,Autumn,0
10023456785,2024-11-08 03:00:00,2024-11-08,03:00:00,0.6915,Friday,3,11,Autumn,0
10023456785,2024-11-08 04:00:00,2024-11-08,04:00:00,0.7465,Friday,4,11,Autumn,0
10023456785,2024-11-08 05:00:00,2024-11-08,05:00:00,1.0728,Friday,5,11,Autumn,0
10023456785,2024-11-08 06:00:00,2024-11-08,06:00:00,1.6699,Friday,6,11,Autumn,0
10023456785,2024-11-08 07:00:00,2024-11-08,07:00:00,2.1494,Friday,7,11,Autumn,0
10023456785,2024-11-08 08:00:00,2024-11-08,08:00:00,2.7229,Friday,8,11,Autumn,0
10023456785,2024-11-08 09:00:00,2024-11-08,09:00:00,2.5959,Friday,9,11,Autumn,0
10023456785,2024-11-08 10:00:00,2024-11-08,10:00:00,2.2913,Friday,10,11,Autumn,0
10023456785,2024-11-08 11:00:00,2024-11-08,11:00:00,2.2544,Friday,11,11,Autumn,0
10023456785,2024-11-08 12:00:00,2024-11-08,12:00:00,2.4448,Friday,12,11,Autumn,0
10023456785,2024-11-08 13:00:00,2024-11-08,13:00:00,2.2119,Friday,13,11,Autumn,0
10023456785,2024-11-08 14:00:00,2024-11-08,14:00:00,2.1104,Friday,14,11,Autumn,0
10023456785,2024-11-08 15:00:00,2024-11-08,15:00:00,1.8397,Friday,15,11,Autumn,0
10023456785,2024-11-08 16:00:00,2024-11-08,16:00:00,2.0758,Friday,16,11,Autumn,0
10023456785,2024-11-08 17:00:00,2024-11-08,17:00:00,2.1882,Friday,17,11,Autumn,0
10023456785,2024-11-08 18:00:00,2024-11-08,18:00:00,2.0131,Friday,18,11,Autumn,0
10023456785,2024-11-08 19:00:00,2024-11-08,19:00:00,2.4950,Friday,19,11,Autumn,0
10023456785,2024-11-08 20:00:00,2024-11-08,20:00:00,2.4521,Friday,20,11,Autumn,0
10023456785,2024-11-08 21:00:00,2024-11-08,21:00:00,1.9553,Friday,21,11,Autumn,0
10023456785,2024-11-08 22:00:00,2024-11-08,22:00:00,1.3481,Friday,22,11,Autumn,0
10023456785,2024-11-08 23:00:00,2024-11-08,23:00:00,1.1948,Friday,23,11,Autumn,0
10023456785,2024-11-09 00:00:00,2024-11-09,00:00:00,0.8418,Saturday,0,11,Autumn,0
10023456785,2024-11-09 01:00:00,2024-11-09,01:00:00,2.2133,Saturday,1,11,Autumn,1
10023456785,2024-11-09 02:00:00,2024-11-09,02:00:00,0.7073,Saturday,2,11,Autumn,0
10023456785,2024-11-09 03:00:00,2024-11-09,03:00:00,0.7144,Saturday,3,11,Autumn,0
10023456785,2024-11-09 04:00:00,2024-11-09,04:00:00,0.6182,Saturday,4,11,Autumn,0
10023456785,2024-11-09 05:00:00,2024-11-09,05:00:00,0.7729,Saturday,5,11,Autumn,0
10023456785,2024-11-09 06:00:00,2024-11-09,06:00:00,0.8092,Saturday,6,11,Autumn,0
10023456785,2024-11-09 07:00:00,2024-11-09,07:00:00,1.2961,Saturday,7,11,Autumn,0
10023456785,2024-11-09 08:00:00,2024-11-09,08:00:00,1.6713,Saturday,8,11,Autumn,0
10023456785,2024-11-09 09:00:00,2024-11-09,09:00:00,1.7594,Saturday,9,11,Autumn,0
10023456785,2024-11-09 10:00:00,2024-11-09,10:00:00,1.5312,Saturday,10,11,Autumn,0
10023456785,2024-11-09 11:00:00,2024-11-09,11:00:00,1.5203,Saturday,11,11,Autumn,0
10023456785,2024-11-09 12:00:00,2024-11-09,12:00:00,1.3191,Saturday,12,11,Autumn,0
10023456785,2024-11-09 13:00:00,2024-11-09,13:00:00,1.3428,Saturday,13,11,Autumn,0
10023456785,2024-11-09 14:00:00,2024-11-09,14:00:00,1.9009,Saturday,14,11,Autumn,0
10023456785,2024-11-09 15:00:00,2024-11-09,15:00:00,1.7631,Saturday,15,11,Autumn,0
10023456785,2024-11-09 16:00:00,2024-11-09,16:00:00,1.6757,Saturday,16,11,Autumn,0
10023456785,2024-11-09 17:00:00,2024-11-09,17:00:00,2.0460,Saturday,17,11,Autumn,0
10023456785,2024-11-09 18:00:00,2024-11-09,18:00:00,2.0117,Saturday,18,11,Autumn,0
10023456785,2024-11-09 19:00:00,2024-11-09,19:00:00,2.5737,Saturday,19,11,Autumn,0
10023456785,2024-11-09 20:00:00,2024-11-09,20:00:00,6.3050,Saturday,20,11,Autumn,1
10023456785,2024-11-09 21:00:00,2024-11-09,21:00:00,1.4265,Saturday,21,11,Autumn,0
10023456785,2024-11-09 22:00:00,2024-11-09,22:00:00,1.0924,Saturday,22,11,Autumn,0
10023456785,2024-11-09 23:00:00,2024-11-09,23:00:00,0.9785,Saturday,23,11,Autumn,0
10023456785,2024-11-10 00:00:00,2024-11-10,00:00:00,0.8702,Sunday,0,11,Autumn,0
10023456785,2024-11-10 01:00:00,2024-11-10,01:00:00,0.7803,Sunday,1,11,Autumn,0
10023456785,2024-11-10 02:00:00,2024-11-10,02:00:00,0.7700,Sunday,2,11,Autumn,0
10023456785,2024-11-10 03:00:00,2024-11-10,03:00:00,0.7375,Sunday,3,11,Autumn,0
10023456785,2024-11-10 04:00:00,2024-11-10,04:00:00,0.6686,Sunday,4,11,Autumn,0
10023456785,2024-11-10 05:00:00,2024-11-10,05:00:00,1.0118,Sunday,5,11,Autumn,0
10023456785,2024-11-10 06:00:00,2024-11-10,06:00:00,1.2656,Sunday,6,11,Autumn,0
10023456785,2024-11-10 07:00:00,2024-11-10,07:00:00,1.6878,Sunday,7,11,Autumn,0
10023456785,2024-11-10 08:00:00,2024-11-10,08:00:00,2.1723,Sunday,8,11,Autumn,0
10023456785,2024-11-10 09:00:00,2024-11-10,09:00:00,2.2094,Sunday,9,11,Autumn,0
10023456785,2024-11-10 10:00:00,2024-11-10,10:00:00,1.9556,Sunday,10,11,Autumn,0
10023456785,2024-11-10 11:00:00,2024-11-10,11:00:00,1.9208,Sunday,11,11,Autumn,0
10023456785,2024-11-10 12:00:00,2024-11-10,12:00:00,2.0435,Sunday,12,11,Autumn,0
10023456785,2024-11-10 13:00:00,2024-11-10,13:00:00,1.7076,Sunday,13,11,Autumn,0
10023456785,2024-11-10 14:00:00,2024-11-10,14:00:00,2.0345,Sunday,14,11,Autumn,0
10023456785,2024-11-10 15:00:00,2024-11-10,15:00:00,1.8079,Sunday,15,11,Autumn,0
10023456785,2024-11-10 16:00:00,2024-11-10,16:00:00,2.2833,Sunday,16,11,Autumn,0
10023456785,2024-11-10 17:00:00,2024-11-10,17:00:00,2.6435,Sunday,17,11,Autumn,0
10023456785,2024-11-10 18:00:00,2024-11-10,18:00:00,2.4131,Sunday,18,11,Autumn,0
10023456785,2024-11-10 19:00:00,2024-11-10,19:00:00,2.8208,Sunday,19,11,Autumn,0
10023456785,2024-11-10 20:00:00,2024-11-10,20:00:00,2.0609,Sunday,20,11,Autumn,0
10023456785,2024-11-10 21:00:00,2024-11-10,21:00:00,1.5542,Sunday,21,11,Autumn,0
10023456785,2024-11-10 22:00:00,2024-11-10,22:00:00,1.3537,Sunday,22,11,Autumn,0
10023456785,2024-11-10 23:00:00,2024-11-10,23:00:00,1.1114,Sunday,23,11,Autumn,0
10023456785,2024-11-11 00:00:00,2024-11-11,00:00:00,0.6245,Monday,0,11,Autumn,0
10023456785,2024-11-11 01:00:00,2024-11-11,01:00:00,0.8121,Monday,1,11,Autumn,0
10023456785,2024-11-11 02:00:00,2024-11-11,02:00:00,0.8335,Monday,2,11,Autumn,0
10023456785,2024-11-11 03:00:00,2024-11-11,03:00:00,0.6608,Monday,3,11,Autumn,0
10023456785,2024-11-11 04:00:00,2024-11-11,04:00:00,0.6877,Monday,4,11,Autumn,0
10023456785,2024-11-11 05:00:00,2024-11-11,05:00:00,0.9361,Monday,5,11,Autumn,0
10023456785,2024-11-11 06:00:00,2024-11-11,06:00:00,1.2917,Monday,6,11,Autumn,0
10023456785,2024-11-11 07:00:00,2024-11-11,07:00:00,2.0713,Monday,7,11,Autumn,0
10023456785,2024-11-11 08:00:00,2024-11-11,08:00:00,2.2842,Monday,8,11,Autumn,0
10023456785,2024-11-11 09:00:00,2024-11-11,09:00:00,4.9933,Monday,9,11,Autumn,1
10023456785,2024-11-11 10:00:00,2024-11-11,10:00:00,4.4144,Monday,10,11,Autumn,1
10023456785,2024-11-11 11:00:00,2024-11-11,11:00:00,3.9851,Monday,11,11,Autumn,1
10023456785,2024-11-11 12:00:00,2024-11-11,12:00:00,2.0690,Monday,12,11,Autumn,0
10023456785,2024-11-11 13:00:00,2024-11-11,13:00:00,1.5062,Monday,13,11,Autumn,0
10023456785,2024-11-11 14:00:00,2024-11-11,14:00:00,1.7508,Monday,14,11,Autumn,0
10023456785,2024-11-11 15:00:00,2024-11-11,15:00:00,1.8934,Monday,15,11,Autumn,0
10023456785,2024-11-11 16:00:00,2024-11-11,16:00:00,1.9154,Monday,16,11,Autumn,0
10023456785,2024-11-11 17:00:00,2024-11-11,17:00:00,2.2371,Monday,17,11,Autumn,0
10023456785,2024-11-11 18:00:00,2024-11-11,18:00:00,2.4568,Monday,18,11,Autumn,0
10023456785,2024-11-11 19:00:00,2024-11-11,19:00:00,2.1228,Monday,19,11,Autumn,0
10023456785,2024-11-11 20:00:00,2024-11-11,20:00:00,0.1057,Monday,20,11,Autumn,1
10023456785,2024-11-11 21:00:00,2024-11-11,21:00:00,1.4580,Monday,21,11,Autumn,0
10023456785,2024-11-11 22:00:00,2024-11-11,22:00:00,1.2749,Monday,22,11,Autumn,0
10023456785,2024-11-11 23:00:00,2024-11-11,23:00:00,0.7031,Monday,23,11,Autumn,0
10023456785,2024-11-12 00:00:00,2024-11-12,00:00:00,5.7580,Tuesday,0,11,Autumn,1
10023456785,2024-11-12 01:00:00,2024-11-12,01:00:00,0.7348,Tuesday,1,11,Autumn,0
10023456785,2024-11-12 02:00:00,2024-11-12,02:00:00,0.7062,Tuesday,2,11,Autumn,0
10023456785,2024-11-12 03:00:00,2024-11-12,03:00:00,0.4711,Tuesday,3,11,Autumn,0
10023456785,2024-11-12 04:00:00,2024-11-12,04:00:00,0.7469,Tuesday,4,11,Autumn,0
10023456785,2024-11-12 05:00:00,2024-11-12,05:00:00,1.0106,Tuesday,5,11,Autumn,0
10023456785,2024-11-12 06:00:00,2024-11-12,06:00:00,1.4937,Tuesday,6,11,Autumn,0
10023456785,2024-11-12 07:00:00,2024-11-12,07:00:00,2.3492,Tuesday,7,11,Autumn,0
10023456785,2024-11-12 08:00:00,2024-11-12,08:00:00,2.0746,Tuesday,8,11,Autumn,0
10023456785,2024-11-12 09:00:00,2024-11-12,09:00:00,2.2381,Tuesday,9,11,Autumn,0
10023456785,2024-11-12 10:00:00,2024-11-12,10:00:00,1.6629,Tuesday,10,11,Autumn,0
10023456785,2024-11-12 11:00:00,2024-11-12,11:00:00,1.7604,Tuesday,11,11,Autumn,0
10023456785,2024-11-12 12:00:00,2024-11-12,12:00:00,1.8178,Tuesday,12,11,Autumn,0
10023456785,2024-11-12 13:00:00,2024-11-12,13:00:00,1.4579,Tuesday,13,11,Autumn,0
10023456785,2024-11-12 14:00:00,2024-11-12,14:00:00,1.7232,Tuesday,14,11,Autumn,0
10023456785,2024-11-12 15:00:00,2024-11-12,15:00:00,0.3339,Tuesday,15,11,Autumn,1
10023456785,2024-11-12 16:00:00,2024-11-12,16:00:00,2.2032,Tuesday,16,11,Autumn,0
10023456785,2024-11-12 17:00:00,2024-11-12,17:00:00,2.0340,Tuesday,17,11,Autumn,0
10023456785,2024-11-12 18:00:00,2024-11-12,18:00:00,2.3231,Tuesday,18,11,Autumn,0
10023456785,2024-11-12 19:00:00,2024-11-12,19:00:00,2.7068,Tuesday,19,11,Autumn,0
10023456785,2024-11-12 20:00:00,2024-11-12,20:00:00,2.5835,Tuesday,20,11,Autumn,0
10023456785,2024-11-12 21:00:00,2024-11-12,21:00:00,2.0026,Tuesday,21,11,Autumn,0
10023456785,2024-11-12 22:00:00,2024-11-12,22:00:00,1.1475,Tuesday,22,11,Autumn,0
10023456785,2024-11-12 23:00:00,2024-11-12,23:00:00,0.7540,Tuesday,23,11,Autumn,0
10023456785,2024-11-13 00:00:00,2024-11-13,00:00:00,0.6251,Wednesday,0,11,Autumn,0
10023456785,2024-11-13 01:00:00,2024-11-13,01:00:00,0.7974,Wednesday,1,11,Autumn,0
10023456785,2024-11-13 02:00:00,2024-11-13,02:00:00,0.6237,Wednesday,2,11,Autumn,0
10023456785,2024-11-13 03:00:00,2024-11-13,03:00:00,0.6914,Wednesday,3,11,Autumn,0
10023456785,2024-11-13 04:00:00,2024-11-13,04:00:00,0.7001,Wednesday,4,11,Autumn,0
10023456785,2024-11-13 05:00:00,2024-11-13,05:00:00,0.8766,Wednesday,5,11,Autumn,0
10023456785,2024-11-13 06:00:00,2024-11-13,06:00:00,1.6423,Wednesday,6,11,Autumn,0
10023456785,2024-11-13 07:00:00,2024-11-13,07:00:00,1.8134,Wednesday,7,11,Autumn,0
10023456785,2024-11-13 08:00:00,2024-11-13,08:00:00,1.9461,Wednesday,8,11,Autumn,0
10023456785,2024-11-13 09:00:00,2024-11-13,09:00:00,1.9745,Wednesday,9,11,Autumn,0
10023456785,2024-11-13 10:00:00,2024-11-13,10:00:00,1.5124,Wednesday,10,11,Autumn,0
10023456785,2024-11-13 11:00:00,2024-11-13,11:00:00,1.7978,Wednesday,11,11,Autumn,0
10023456785,2024-11-13 12:00:00,2024-11-13,12:00:00,2.1382,Wednesday,12,11,Autumn,0
10023456785,2024-11-13 13:00:00,2024-11-13,13:00:00,1.4748,Wednesday,13,11,Autumn,0
10023456785,2024-11-13 14:00:00,2024-11-13,14:00:00,1.6007,Wednesday,14,11,Autumn,0
10023456785,2024-11-13 15:00:00,2024-11-13,15:00:00,1.7321,Wednesday,15,11,Autumn,0
10023456785,2024-11-13 16:00:00,2024-11-13,16:00:00,1.9284,Wednesday,16,11,Autumn,0
10023456785,2024-11-13 17:00:00,2024-11-13,17:00:00,2.3670,Wednesday,17,11,Autumn,0
10023456785,2024-11-13 18:00:00,2024-11-13,18:00:00,2.1028,Wednesday,18,11,Autumn,0
10023456785,2024-11-13 19:00:00,2024-11-13,19:00:00,2.6669,Wednesday,19,11,Autumn,0
10023456785,2024-11-13 20:00:00,2024-11-13,20:00:00,2.1846,Wednesday,20,11,Autumn,0
10023456785,2024-11-13 21:00:00,2024-11-13,21:00:00,1.5864,Wednesday,21,11,Autumn,0
10023456785,2024-11-13 22:00:00,2024-11-13,22:00:00,1.3066,Wednesday,22,11,Autumn,0
10023456785,2024-11-13 23:00:00,2024-11-13,23:00:00,0.9953,Wednesday,23,11,Autumn,0
10023456785,2024-11-14 00:00:00,2024-11-14,00:00:00,0.8133,Thursday,0,11,Autumn,0
10023456785,2024-11-14 01:00:00,2024-11-14,01:00:00,0.6559,Thursday,1,11,Autumn,0
10023456785,2024-11-14 02:00:00,2024-11-14,02:00:00,0.7384,Thursday,2,11,Autumn,0
10023456785,2024-11-14 03:00:00,2024-11-14,03:00:00,4.6194,Thursday,3,11,Autumn,1
10023456785,2024-11-14 04:00:00,2024-11-14,04:00:00,0.7233,Thursday,4,11,Autumn,0
10023456785,2024-11-14 05:00:00,2024-11-14,05:00:00,1.2754,Thursday,5,11,Autumn,0
10023456785,2024-11-14 06:00:00,2024-11-14,06:00:00,1.9771,Thursday,6,11,Autumn,0
10023456785,2024-11-14 07:00:00,2024-11-14,07:00:00,2.5929,Thursday,7,11,Autumn,0
10023456785,2024-11-14 08:00:00,2024-11-14,08:00:00,2.2153,Thursday,8,11,Autumn,0
10023456785,2024-11-14 09:00:00,2024-11-14,09:00:00,2.2324,Thursday,9,11,Autumn,0
10023456785,2024-11-14 10:00:00,2024-11-14,10:00:00,2.1750,Thursday,10,11,Autumn,0
10023456785,2024-11-14 11:00:00,2024-11-14,11:00:00,2.1735,Thursday,11,11,Autumn,0
10023456785,2024-11-14 12:00:00,2024-11-14,12:00:00,2.0952,Thursday,12,11,Autumn,0
10023456785,2024-11-14 13:00:00,2024-11-14,13:00:00,2.1302,Thursday,13,11,Autumn,0
10023456785,2024-11-14 14:00:00,2024-11-14,14:00:00,2.0380,Thursday,14,11,Autumn,0
10023456785,2024-11-14 15:00:00,2024-11-14,15:00:00,2.3210,Thursday,15,11,Autumn,0
10023456785,2024-11-14 16:00:00,2024-11-14,16:00:00,1.8780,Thursday,16,11,Autumn,0
10023456785,2024-11-14 17:00:00,2024-11-14,17:00:00,2.9932,Thursday,17,11,Autumn,0
10023456785,2024-11-14 18:00:00,2024-11-14,18:00:00,2.3650,Thursday,18,11,Autumn,0
10023456785,2024-11-14 19:00:00,2024-11-14,19:00:00,3.5187,Thursday,19,11,Autumn,0
10023456785,2024-11-14 20:00:00,2024-11-14,20:00:00,2.7412,Thursday,20,11,Autumn,0
10023456785,2024-11-14 21:00:00,2024-11-14,21:00:00,1.7711,Thursday,21,11,Autumn,0
10023456785,2024-11-14 22:00:00,2024-11-14,22:00:00,1.1661,Thursday,22,11,Autumn,0
10023456785,2024-11-14 23:00:00,2024-11-14,23:00:00,1.0256,Thursday,23,11,Autumn,0
10023456785,2024-11-15 00:00:00,2024-11-15,00:00:00,0.8818,Friday,0,11,Autumn,0
10023456785,2024-11-15 01:00:00,2024-11-15,01:00:00,0.6794,Friday,1,11,Autumn,0
10023456785,2024-11-15 02:00:00,2024-11-15,02:00:00,0.6552,Friday,2,11,Autumn,0
10023456785,2024-11-15 03:00:00,2024-11-15,03:00:00,0.6665,Friday,3,11,Autumn,0
10023456785,2024-11-15 04:00:00,2024-11-15,04:00:00,0.6930,Friday,4,11,Autumn,0
10023456785,2024-11-15 05:00:00,2024-11-15,05:00:00,1.5035,Friday,5,11,Autumn,0
10023456785,2024-11-15 06:00:00,2024-11-15,06:00:00,1.6259,Friday,6,11,Autumn,0
10023456785,2024-11-15 07:00:00,2024-11-15,07:00:00,2.2767,Friday,7,11,Autumn,0
10023456785,2024-11-15 08:00:00,2024-11-15,08:00:00,2.6285,Friday,8,11,Autumn,0
10023456785,2024-11-15 09:00:00,2024-11-15,09:00:00,2.4626,Friday,9,11,Autumn,0
10023456785,2024-11-15 10:00:00,2024-11-15,10:00:00,2.7664,Friday,10,11,Autumn,0
10023456785,2024-11-15 11:00:00,2024-11-15,11:00:00,2.2201,Friday,11,11,Autumn,0
10023456785,2024-11-15 12:00:00,2024-11-15,12:00:00,1.7955,Friday,12,11,Autumn,0
10023456785,2024-11-15 13:00:00,2024-11-15,13:00:00,2.1370,Friday,13,11,Autumn,0
10023456785,2024-11-15 14:00:00,2024-11-15,14:00:00,2.1571,Friday,14,11,Autumn,0
10023456785,2024-11-15 15:00:00,2024-11-15,15:00:00,1.7405,Friday,15,11,Autumn,0
10023456785,2024-11-15 16:00:00,2024-11-15,16:00:00,2.1137,Friday,16,11,Autumn,0
10023456785,2024-11-15 17:00:00,2024-11-15,17:00:00,2.5789,Friday,17,11,Autumn,0
10023456785,2024-11-15 18:00:00,2024-11-15,18:00:00,2.9356,Friday,18,11,Autumn,0
10023456785,2024-11-15 19:00:00,2024-11-15,19:00:00,1.7181,Friday,19,11,Autumn,0
10023456785,2024-11-15 20:00:00,2024-11-15,20:00:00,0.2823,Friday,20,11,Autumn,1
10023456785,2024-11-15 21:00:00,2024-11-15,21:00:00,0.3751,Friday,21,11,Autumn,1
10023456785,2024-11-15 22:00:00,2024-11-15,22:00:00,1.4527,Friday,22,11,Autumn,0
10023456785,2024-11-15 23:00:00,2024-11-15,23:00:00,1.0458,Friday,23,11,Autumn,0
10023456785,2024-11-16 00:00:00,2024-11-16,00:00:00,0.5980,Saturday,0,11,Autumn,0
10023456785,2024-11-16 01:00:00,2024-11-16,01:00:00,0.7677,Saturday,1,11,Autumn,0
10023456785,2024-11-16 02:00:00,2024-11-16,02:00:00,0.7009,Saturday,2,11,Autumn,0
10023456785,2024-11-16 03:00:00,2024-11-16,03:00:00,0.4686,Saturday,3,11,Autumn,0
10023456785,2024-11-16 04:00:00,2024-11-16,04:00:00,0.6285,Saturday,4,11,Autumn,0
10023456785,2024-11-16 05:00:00,2024-11-16,05:00:00,0.7571,Saturday,5,11,Autumn,0
10023456785,2024-11-16 06:00:00,2024-11-16,06:00:00,0.9654,Saturday,6,11,Autumn,0
10023456785,2024-11-16 07:00:00,2024-11-16,07:00:00,1.5597,Saturday,7,11,Autumn,0
10023456785,2024-11-16 08:00:00,2024-11-16,08:00:00,1.8958,Saturday,8,11,Autumn,0
10023456785,2024-11-16 09:00:00,2024-11-16,09:00:00,1.7255,Saturday,9,11,Autumn,0
10023456785,2024-11-16 10:00:00,2024-11-16,10:00:00,1.9025,Saturday,10,11,Autumn,0
10023456785,2024-11-16 11:00:00,2024-11-16,11:00:00,2.1301,Saturday,11,11,Autumn,0
10023456785,2024-11-16 12:00:00,2024-11-16,12:00:00,1.6617,Saturday,12,11,Autumn,0
10023456785,2024-11-16 13:00:00,2024-11-16,13:00:00,0.2961,Saturday,13,11,Autumn,1
10023456785,2024-11-16 14:00:00,2024-11-16,14:00:00,1.3195,Saturday,14,11,Autumn,0
10023456785,2024-11-16 15:00:00,2024-11-16,15:00:00,1.5304,Saturday,15,11,Autumn,0
10023456785,2024-11-16 16:00:00,2024-11-16,16:00:00,1.6915,Saturday,16,11,Autumn,0
10023456785,2024-11-16 17:00:00,2024-11-16,17:00:00,2.3631,Saturday,17,11,Autumn,0
10023456785,2024-11-16 18:00:00,2024-11-16,18:00:00,2.1626,Saturday,18,11,Autumn,0
10023456785,2024-11-16 19:00:00,2024-11-16,19:00:00,2.2587,Saturday,19,11,Autumn,0
10023456785,2024-11-16 20:00:00,2024-11-16,20:00:00,1.7609,Saturday,20,11,Autumn,0
10023456785,2024-11-16 21:00:00,2024-11-16,21:00:00,1.5847,Saturday,21,11,Autumn,0
10023456785,2024-11-16 22:00:00,2024-11-16,22:00:00,1.0827,Saturday,22,11,Autumn,0
10023456785,2024-11-16 23:00:00,2024-11-16,23:00:00,0.9834,Saturday,23,11,Autumn,0
10023456785,2024-11-17 00:00:00,2024-11-17,00:00:00,0.7486,Sunday,0,11,Autumn,0
10023456785,2024-11-17 01:00:00,2024-11-17,01:00:00,0.6617,Sunday,1,11,Autumn,0
10023456785,2024-11-17 02:00:00,2024-11-17,02:00:00,0.6201,Sunday,2,11,Autumn,0
10023456785,2024-11-17 03:00:00,2024-11-17,03:00:00,0.5441,Sunday,3,11,Autumn,0
10023456785,2024-11-17 04:00:00,2024-11-17,04:00:00,0.6425,Sunday,4,11,Autumn,0
10023456785,2024-11-17 05:00:00,2024-11-17,05:00:00,0.9111,Sunday,5,11,Autumn,0
10023456785,2024-11-17 06:00:00,2024-11-17,06:00:00,1.1880,Sunday,6,11,Autumn,0
10023456785,2024-11-17 07:00:00,2024-11-17,07:00:00,1.7477,Sunday,7,11,Autumn,0
10023456785,2024-11-17 08:00:00,2024-11-17,08:00:00,1.6963,Sunday,8,11,Autumn,0
10023456785,2024-11-17 09:00:00,2024-11-17,09:00:00,1.6464,Sunday,9,11,Autumn,0
10023456785,2024-11-17 10:00:00,2024-11-17,10:00:00,1.7116,Sunday,10,11,Autumn,0
10023456785,2024-11-17 11:00:00,2024-11-17,11:00:00,1.5256,Sunday,11,11,Autumn,0
10023456785,2024-11-17 12:00:00,2024-11-17,12:00:00,2.1856,Sunday,12,11,Autumn,0
10023456785,2024-11-17 13:00:00,2024-11-17,13:00:00,1.8103,Sunday,13,11,Autumn,0
10023456785,2024-11-17 14:00:00,2024-11-17,14:00:00,1.4932,Sunday,14,11,Autumn,0
10023456785,2024-11-17 15:00:00,2024-11-17,15:00:00,1.8359,Sunday,15,11,Autumn,0
10023456785,2024-11-17 16:00:00,2024-11-17,16:00:00,2.0521,Sunday,16,11,Autumn,0
10023456785,2024-11-17 17:00:00,2024-11-17,17:00:00,2.1881,Sunday,17,11,Autumn,0
10023456785,2024-11-17 18:00:00,2024-11-17,18:00:00,2.1449,Sunday,18,11,Autumn,0
10023456785,2024-11-17 19:00:00,2024-11-17,19:00:00,2.4251,Sunday,19,11,Autumn,0
10023456785,2024-11-17 20:00:00,2024-11-17,20:00:00,1.9333,Sunday,20,11,Autumn,0
10023456785,2024-11-17 21:00:00,2024-11-17,21:00:00,1.6828,Sunday,21,11,Autumn,0
10023456785,2024-11-17 22:00:00,2024-11-17,22:00:00,1.2747,Sunday,22,11,Autumn,0
10023456785,2024-11-17 23:00:00,2024-11-17,23:00:00,0.9532,Sunday,23,11,Autumn,0
10023456785,2024-11-18 00:00:00,2024-11-18,00:00:00,0.7225,Monday,0,11,Autumn,0
10023456785,2024-11-18 01:00:00,2024-11-18,01:00:00,0.7437,Monday,1,11,Autumn,0
10023456785,2024-11-18 02:00:00,2024-11-18,02:00:00,0.7473,Monday,2,11,Autumn,0
10023456785,2024-11-18 03:00:00,2024-11-18,03:00:00,0.5204,Monday,3,11,Autumn,0
10023456785,2024-11-18 04:00:00,2024-11-18,04:00:00,1.7043,Monday,4,11,Autumn,1
10023456785,2024-11-18 05:00:00,2024-11-18,05:00:00,2.4627,Monday,5,11,Autumn,1
10023456785,2024-11-18 06:00:00,2024-11-18,06:00:00,4.9602,Monday,6,11,Autumn,1
10023456785,2024-11-18 07:00:00,2024-11-18,07:00:00,6.0947,Monday,7,11,Autumn,1
10023456785,2024-11-18 08:00:00,2024-11-18,08:00:00,6.8221,Monday,8,11,Autumn,1
10023456785,2024-11-18 09:00:00,2024-11-18,09:00:00,2.0935,Monday,9,11,Autumn,0
10023456785,2024-11-18 10:00:00,2024-11-18,10:00:00,2.2489,Monday,10,11,Autumn,0
10023456785,2024-11-18 11:00:00,2024-11-18,11:00:00,1.6776,Monday,11,11,Autumn,0
10023456785,2024-11-18 12:00:00,2024-11-18,12:00:00,1.9111,Monday,12,11,Autumn,0
10023456785,2024-11-18 13:00:00,2024-11-18,13:00:00,1.8612,Monday,13,11,Autumn,0
10023456785,2024-11-18 14:00:00,2024-11-18,14:00:00,1.7179,Monday,14,11,Autumn,0
10023456785,2024-11-18 15:00:00,2024-11-18,15:00:00,1.8191,Monday,15,11,Autumn,0
10023456785,2024-11-18 16:00:00,2024-11-18,16:00:00,2.3116,Monday,16,11,Autumn,0
10023456785,2024-11-18 17:00:00,2024-11-18,17:00:00,2.4648,Monday,17,11,Autumn,0
10023456785,2024-11-18 18:00:00,2024-11-18,18:00:00,3.5185,Monday,18,11,Autumn,0
10023456785,2024-11-18 19:00:00,2024-11-18,19:00:00,2.4548,Monday,19,11,Autumn,0
10023456785,2024-11-18 20:00:00,2024-11-18,20:00:00,1.9772,Monday,20,11,Autumn,0
10023456785,2024-11-18 21:00:00,2024-11-18,21:00:00,1.5562,Monday,21,11,Autumn,0
10023456785,2024-11-18 22:00:00,2024-11-18,22:00:00,1.4871,Monday,22,11,Autumn,0
10023456785,2024-11-18 23:00:00,2024-11-18,23:00:00,0.7683,Monday,23,11,Autumn,0
10023456785,2024-11-19 00:00:00,2024-11-19,00:00:00,1.0702,Tuesday,0,11,Autumn,0
10023456785,2024-11-19 01:00:00,2024-11-19,01:00:00,0.8587,Tuesday,1,11,Autumn,0
10023456785,2024-11-19 02:00:00,2024-11-19,02:00:00,0.6676,Tuesday,2,11,Autumn,0
10023456785,2024-11-19 03:00:00,2024-11-19,03:00:00,0.7794,Tuesday,3,11,Autumn,0
10023456785,2024-11-19 04:00:00,2024-11-19,04:00:00,1.2177,Tuesday,4,11,Autumn,0
10023456785,2024-11-19 05:00:00,2024-11-19,05:00:00,1.2401,Tuesday,5,11,Autumn,0
10023456785,2024-11-19 06:00:00,2024-11-19,06:00:00,1.8060,Tuesday,6,11,Autumn,0
10023456785,2024-11-19 07:00:00,2024-11-19,07:00:00,2.8950,Tuesday,7,11,Autumn,0
10023456785,2024-11-19 08:00:00,2024-11-19,08:00:00,2.9106,Tuesday,8,11,Autumn,0
10023456785,2024-11-19 09:00:00,2024-11-19,09:00:00,3.2306,Tuesday,9,11,Autumn,0
10023456785,2024-11-19 10:00:00,2024-11-19,10:00:00,3.0274,Tuesday,10,11,Autumn,0
10023456785,2024-11-19 11:00:00,2024-11-19,11:00:00,2.0669,Tuesday,11,11,Autumn,0
10023456785,2024-11-19 12:00:00,2024-11-19,12:00:00,2.5421,Tuesday,12,11,Autumn,0
10023456785,2024-11-19 13:00:00,2024-11-19,13:00:00,2.7926,Tuesday,13,11,Autumn,0
10023456785,2024-11-19 14:00:00,2024-11-19,14:00:00,2.8158,Tuesday,14,11,Autumn,0
10023456785,2024-11-19 15:00:00,2024-11-19,15:00:00,2.7389,Tuesday,15,11,Autumn,0
10023456785,2024-11-19 16:00:00,2024-11-19,16:00:00,3.0339,Tuesday,16,11,Autumn,0
10023456785,2024-11-19 17:00:00,2024-11-19,17:00:00,2.7019,Tuesday,17,11,Autumn,0
10023456785,2024-11-19 18:00:00,2024-11-19,18:00:00,2.9165,Tuesday,18,11,Autumn,0
10023456785,2024-11-19 19:00:00,2024-11-19,19:00:00,3.1836,Tuesday,19,11,Autumn,0
10023456785,2024-11-19 20:00:00,2024-11-19,20:00:00,2.9371,Tuesday,20,11,Autumn,0
10023456785,2024-11-19 21:00:00,2024-11-19,21:00:00,2.2084,Tuesday,21,11,Autumn,0
10023456785,2024-11-19 22:00:00,2024-11-19,22:00:00,1.2552,Tuesday,22,11,Autumn,0
10023456785,2024-11-19 23:00:00,2024-11-19,23:00:00,1.2144,Tuesday,23,11,Autumn,0
10023456785,2024-11-20 00:00:00,2024-11-20,00:00:00,0.9683,Wednesday,0,11,Autumn,0
10023456785,2024-11-20 01:00:00,2024-11-20,01:00:00,1.0416,Wednesday,1,11,Autumn,0
10023456785,2024-11-20 02:00:00,2024-11-20,02:00:00,0.9630,Wednesday,2,11,Autumn,0
10023456785,2024-11-20 03:00:00,2024-11-20,03:00:00,1.1783,Wednesday,3,11,Autumn,0
10023456785,2024-11-20 04:00:00,2024-11-20,04:00:00,0.7465,Wednesday,4,11,Autumn,0
10023456785,2024-11-20 05:00:00,2024-11-20,05:00:00,1.2122,Wednesday,5,11,Autumn,0
10023456785,2024-11-20 06:00:00,2024-11-20,06:00:00,1.5104,Wednesday,6,11,Autumn,0
10023456785,2024-11-20 07:00:00,2024-11-20,07:00:00,2.8496,Wednesday,7,11,Autumn,0
10023456785,2024-11-20 08:00:00,2024-11-20,08:00:00,3.1329,Wednesday,8,11,Autumn,0
10023456785,2024-11-20 09:00:00,2024-11-20,09:00:00,2.7518,Wednesday,9,11,Autumn,0
10023456785,2024-11-20 10:00:00,2024-11-20,10:00:00,3.0405,Wednesday,10,11,Autumn,0
10023456785,2024-11-20 11:00:00,2024-11-20,11:00:00,2.6458,Wednesday,11,11,Autumn,0
10023456785,2024-11-20 12:00:00,2024-11-20,12:00:00,2.1611,Wednesday,12,11,Autumn,0
10023456785,2024-11-20 13:00:00,2024-11-20,13:00:00,2.6194,Wednesday,13,11,Autumn,0
10023456785,2024-11-20 14:00:00,2024-11-20,14:00:00,2.5683,Wednesday,14,11,Autumn,0
10023456785,2024-11-20 15:00:00,2024-11-20,15:00:00,2.5352,Wednesday,15,11,Autumn,0
10023456785,2024-11-20 16:00:00,2024-11-20,16:00:00,3.1078,Wednesday,16,11,Autumn,0
10023456785,2024-11-20 17:00:00,2024-11-20,17:00:00,3.6779,Wednesday,17,11,Autumn,0
10023456785,2024-11-20 18:00:00,2024-11-20,18:00:00,3.3322,Wednesday,18,11,Autumn,0
10023456785,2024-11-20 19:00:00,2024-11-20,19:00:00,3.2815,Wednesday,19,11,Autumn,0
10023456785,2024-11-20 20:00:00,2024-11-20,20:00:00,2.5122,Wednesday,20,11,Autumn,0
10023456785,2024-11-20 21:00:00,2024-11-20,21:00:00,2.2768,Wednesday,21,11,Autumn,0
10023456785,2024-11-20 22:00:00,2024-11-20,22:00:00,1.4441,Wednesday,22,11,Autumn,0
10023456785,2024-11-20 23:00:00,2024-11-20,23:00:00,1.0820,Wednesday,23,11,Autumn,0
10023456785,2024-11-21 00:00:00,2024-11-21,00:00:00,0.7089,Thursday,0,11,Autumn,0
10023456785,2024-11-21 01:00:00,2024-11-21,01:00:00,0.5596,Thursday,1,11,Autumn,0
10023456785,2024-11-21 02:00:00,2024-11-21,02:00:00,0.5173,Thursday,2,11,Autumn,0
10023456785,2024-11-21 03:00:00,2024-11-21,03:00:00,0.6204,Thursday,3,11,Autumn,0
10023456785,2024-11-21 04:00:00,2024-11-21,04:00:00,0.7450,Thursday,4,11,Autumn,0
10023456785,2024-11-21 05:00:00,2024-11-21,05:00:00,0.9280,Thursday,5,11,Autumn,0
10023456785,2024-11-21 06:00:00,2024-11-21,06:00:00,1.4125,Thursday,6,11,Autumn,0
10023456785,2024-11-21 07:00:00,2024-11-21,07:00:00,2.3266,Thursday,7,11,Autumn,0
10023456785,2024-11-21 08:00:00,2024-11-21,08:00:00,2.0778,Thursday,8,11,Autumn,0
10023456785,2024-11-21 09:00:00,2024-11-21,09:00:00,2.6130,Thursday,9,11,Autumn,0
10023456785,2024-11-21 10:00:00,2024-11-21,10:00:00,1.7971,Thursday,10,11,Autumn,0
10023456785,2024-11-21 11:00:00,2024-11-21,11:00:00,1.8610,Thursday,11,11,Autumn,0
10023456785,2024-11-21 12:00:00,2024-11-21,12:00:00,1.8952,Thursday,12,11,Autumn,0
10023456785,2024-11-21 13:00:00,2024-11-21,13:00:00,2.1295,Thursday,13,11,Autumn,0
10023456785,2024-11-21 14:00:00,2024-11-21,14:00:00,1.5962,Thursday,14,11,Autumn,0
10023456785,2024-11-21 15:00:00,2024-11-21,15:00:00,1.6591,Thursday,15,11,Autumn,0
10023456785,2024-11-21 16:00:00,2024-11-21,16:00:00,2.0127,Thursday,16,11,Autumn,0
10023456785,2024-11-21 17:00:00,2024-11-21,17:00:00,2.2859,Thursday,17,11,Autumn,0
10023456785,2024-11-21 18:00:00,2024-11-21,18:00:00,2.2283,Thursday,18,11,Autumn,0
10023456785,2024-11-21 19:00:00,2024-11-21,19:00:00,2.3195,Thursday,19,11,Autumn,0
10023456785,2024-11-21 20:00:00,2024-11-21,20:00:00,2.5667,Thursday,20,11,Autumn,0
10023456785,2024-11-21 21:00:00,2024-11-21,21:00:00,1.4353,Thursday,21,11,Autumn,0
10023456785,2024-11-21 22:00:00,2024-11-21,22:00:00,1.2622,Thursday,22,11,Autumn,0
10023456785,2024-11-21 23:00:00,2024-11-21,23:00:00,0.9157,Thursday,23,11,Autumn,0
10023456785,2024-11-22 00:00:00,2024-11-22,00:00:00,0.9005,Friday,0,11,Autumn,0
10023456785,2024-11-22 01:00:00,2024-11-22,01:00:00,0.6834,Friday,1,11,Autumn,0
10023456785,2024-11-22 02:00:00,2024-11-22,02:00:00,0.8897,Friday,2,11,Autumn,0
10023456785,2024-11-22 03:00:00,2024-11-22,03:00:00,0.8178,Friday,3,11,Autumn,0
10023456785,2024-11-22 04:00:00,2024-11-22,04:00:00,0.6753,Friday,4,11,Autumn,0
10023456785,2024-11-22 05:00:00,2024-11-22,05:00:00,1.2165,Friday,5,11,Autumn,0
10023456785,2024-11-22 06:00:00,2024-11-22,06:00:00,2.0159,Friday,6,11,Autumn,0
10023456785,2024-11-22 07:00:00,2024-11-22,07:00:00,2.2548,Friday,7,11,Autumn,0
10023456785,2024-11-22 08:00:00,2024-11-22,08:00:00,2.5463,Friday,8,11,Autumn,0
10023456785,2024-11-22 09:00:00,2024-11-22,09:00:00,2.5109,Friday,9,11,Autumn,0
10023456785,2024-11-22 10:00:00,2024-11-22,10:00:00,2.1949,Friday,10,11,Autumn,0
10023456785,2024-11-22 11:00:00,2024-11-22,11:00:00,1.9724,Friday,11,11,Autumn,0
10023456785,2024-11-22 12:00:00,2024-11-22,12:00:00,2.2846,Friday,12,11,Autumn,0
10023456785,2024-11-22 13:00:00,2024-11-22,13:00:00,1.9300,Friday,13,11,Autumn,0
10023456785,2024-11-22 14:00:00,2024-11-22,14:00:00,2.0524,Friday,14,11,Autumn,0
10023456785,2024-11-22 15:00:00,2024-11-22,15:00:00,2.3194,Friday,15,11,Autumn,0
10023456785,2024-11-22 16:00:00,2024-11-22,16:00:00,2.2047,Friday,16,11,Autumn,0
10023456785,2024-11-22 17:00:00,2024-11-22,17:00:00,2.8928,Friday,17,11,Autumn,0
10023456785,2024-11-22 18:00:00,2024-11-22,18:00:00,2.6352,Friday,18,11,Autumn,0
10023456785,2024-11-22 19:00:00,2024-11-22,19:00:00,2.3718,Friday,19,11,Autumn,0
10023456785,2024-11-22 20:00:00,2024-11-22,20:00:00,2.7005,Friday,20,11,Autumn,0
10023456785,2024-11-22 21:00:00,2024-11-22,21:00:00,1.7034,Friday,21,11,Autumn,0
10023456785,2024-11-22 22:00:00,2024-11-22,22:00:00,1.8724,Friday,22,11,Autumn,0
10023456785,2024-11-22 23:00:00,2024-11-22,23:00:00,0.8621,Friday,23,11,Autumn,0
10023456785,2024-11-23 00:00:00,2024-11-23,00:00:00,0.6297,Saturday,0,11,Autumn,0
10023456785,2024-11-23 01:00:00,2024-11-23,01:00:00,3.0516,Saturday,1,11,Autumn,1
10023456785,2024-11-23 02:00:00,2024-11-23,02:00:00,0.4941,Saturday,2,11,Autumn,0
10023456785,2024-11-23 03:00:00,2024-11-23,03:00:00,0.7250,Saturday,3,11,Autumn,0
10023456785,2024-11-23 04:00:00,2024-11-23,04:00:00,0.6349,Saturday,4,11,Autumn,0
10023456785,2024-11-23 05:00:00,2024-11-23,05:00:00,0.7723,Saturday,5,11,Autumn,0
10023456785,2024-11-23 06:00:00,2024-11-23,06:00:00,0.8931,Saturday,6,11,Autumn,0
10023456785,2024-11-23 07:00:00,2024-11-23,07:00:00,1.2106,Saturday,7,11,Autumn,0
10023456785,2024-11-23 08:00:00,2024-11-23,08:00:00,1.5082,Saturday,8,11,Autumn,0
10023456785,2024-11-23 09:00:00,2024-11-23,09:00:00,1.9659,Saturday,9,11,Autumn,0
10023456785,2024-11-23 10:00:00,2024-11-23,10:00:00,1.4447,Saturday,10,11,Autumn,0
10023456785,2024-11-23 11:00:00,2024-11-23,11:00:00,1.5782,Saturday,11,11,Autumn,0
10023456785,2024-11-23 12:00:00,2024-11-23,12:00:00,1.1627,Saturday,12,11,Autumn,0
10023456785,2024-11-23 13:00:00,2024-11-23,13:00:00,1.6400,Saturday,13,11,Autumn,0
10023456785,2024-11-23 14:00:00,2024-11-23,14:00:00,1.5075,Saturday,14,11,Autumn,0
10023456785,2024-11-23 15:00:00,2024-11-23,15:00:00,1.5642,Saturday,15,11,Autumn,0
10023456785,2024-11-23 16:00:00,2024-11-23,16:00:00,1.5901,Saturday,16,11,Autumn,0
10023456785,2024-11-23 17:00:00,2024-11-23,17:00:00,1.6604,Saturday,17,11,Autumn,0
10023456785,2024-11-23 18:00:00,2024-11-23,18:00:00,1.8251,Saturday,18,11,Autumn,0
10023456785,2024-11-23 19:00:00,2024-11-23,19:00:00,2.0519,Saturday,19,11,Autumn,0
10023456785,2024-11-23 20:00:00,2024-11-23,20:00:00,7.2768,Saturday,20,11,Autumn,1
10023456785,2024-11-23 21:00:00,2024-11-23,21:00:00,1.3328,Saturday,21,11,Autumn,0
10023456785,2024-11-23 22:00:00,2024-11-23,22:00:00,1.0876,Saturday,22,11,Autumn,0
10023456785,2024-11-23 23:00:00,2024-11-23,23:00:00,0.9719,Saturday,23,11,Autumn,0
10023456785,2024-11-24 00:00:00,2024-11-24,00:00:00,0.5608,Sunday,0,11,Autumn,0
10023456785,2024-11-24 01:00:00,2024-11-24,01:00:00,0.4956,Sunday,1,11,Autumn,0
10023456785,2024-11-24 02:00:00,2024-11-24,02:00:00,0.5595,Sunday,2,11,Autumn,0
10023456785,2024-11-24 03:00:00,2024-11-24,03:00:00,0.6181,Sunday,3,11,Autumn,0
10023456785,2024-11-24 04:00:00,2024-11-24,04:00:00,4.4548,Sunday,4,11,Autumn,1
10023456785,2024-11-24 05:00:00,2024-11-24,05:00:00,0.7240,Sunday,5,11,Autumn,0
10023456785,2024-11-24 06:00:00,2024-11-24,06:00:00,1.0636,Sunday,6,11,Autumn,0
10023456785,2024-11-24 07:00:00,2024-11-24,07:00:00,1.1333,Sunday,7,11,Autumn,0
10023456785,2024-11-24 08:00:00,2024-11-24,08:00:00,1.2995,Sunday,8,11,Autumn,0
10023456785,2024-11-24 09:00:00,2024-11-24,09:00:00,1.6237,Sunday,9,11,Autumn,0
10023456785,2024-11-24 10:00:00,2024-11-24,10:00:00,1.3802,Sunday,10,11,Autumn,0
10023456785,2024-11-24 11:00:00,2024-11-24,11:00:00,1.3204,Sunday,11,11,Autumn,0
10023456785,2024-11-24 12:00:00,2024-11-24,12:00:00,1.4317,Sunday,12,11,Autumn,0
10023456785,2024-11-24 13:00:00,2024-11-24,13:00:00,1.1304,Sunday,13,11,Autumn,0
10023456785,2024-11-24 14:00:00,2024-11-24,14:00:00,1.0638,Sunday,14,11,Autumn,0
10023456785,2024-11-24 15:00:00,2024-11-24,15:00:00,1.6791,Sunday,15,11,Autumn,0
10023456785,2024-11-24 16:00:00,2024-11-24,16:00:00,1.5999,Sunday,16,11,Autumn,0
10023456785,2024-11-24 17:00:00,2024-11-24,17:00:00,1.6297,Sunday,17,11,Autumn,0
10023456785,2024-11-24 18:00:00,2024-11-24,18:00:00,1.9669,Sunday,18,11,Autumn,0
10023456785,2024-11-24 19:00:00,2024-11-24,19:00:00,1.9448,Sunday,19,11,Autumn,0
10023456785,2024-11-24 20:00:00,2024-11-24,20:00:00,1.9350,Sunday,20,11,Autumn,0
10023456785,2024-11-24 21:00:00,2024-11-24,21:00:00,1.2794,Sunday,21,11,Autumn,0
10023456785,2024-11-24 22:00:00,2024-11-24,22:00:00,0.9778,Sunday,22,11,Autumn,0
10023456785,2024-11-24 23:00:00,2024-11-24,23:00:00,0.6098,Sunday,23,11,Autumn,0
10023456785,2024-11-25 00:00:00,2024-11-25,00:00:00,0.5672,Monday,0,11,Autumn,0
10023456785,2024-11-25 01:00:00,2024-11-25,01:00:00,0.4215,Monday,1,11,Autumn,0
10023456785,2024-11-25 02:00:00,2024-11-25,02:00:00,0.4698,Monday,2,11,Autumn,0
10023456785,2024-11-25 03:00:00,2024-11-25,03:00:00,0.5211,Monday,3,11,Autumn,0
10023456785,2024-11-25 04:00:00,2024-11-25,04:00:00,0.5125,Monday,4,11,Autumn,0
10023456785,2024-11-25 05:00:00,2024-11-25,05:00:00,0.7090,Monday,5,11,Autumn,0
10023456785,2024-11-25 06:00:00,2024-11-25,06:00:00,1.1050,Monday,6,11,Autumn,0
10023456785,2024-11-25 07:00:00,2024-11-25,07:00:00,1.4733,Monday,7,11,Autumn,0
10023456785,2024-11-25 08:00:00,2024-11-25,08:00:00,1.7481,Monday,8,11,Autumn,0
10023456785,2024-11-25 09:00:00,2024-11-25,09:00:00,1.9413,Monday,9,11,Autumn,0
10023456785,2024-11-25 10:00:00,2024-11-25,10:00:00,1.3259,Monday,10,11,Autumn,0
10023456785,2024-11-25 11:00:00,2024-11-25,11:00:00,2.9645,Monday,11,11,Autumn,1
10023456785,2024-11-25 12:00:00,2024-11-25,12:00:00,2.8203,Monday,12,11,Autumn,1
10023456785,2024-11-25 13:00:00,2024-11-25,13:00:00,3.6275,Monday,13,11,Autumn,1
10023456785,2024-11-25 14:00:00,2024-11-25,14:00:00,1.3640,Monday,14,11,Autumn,0
10023456785,2024-11-25 15:00:00,2024-11-25,15:00:00,1.4238,Monday,15,11,Autumn,0
10023456785,2024-11-25 16:00:00,2024-11-25,16:00:00,1.7921,Monday,16,11,Autumn,0
10023456785,2024-11-25 17:00:00,2024-11-25,17:00:00,1.5879,Monday,17,11,Autumn,0
10023456785,2024-11-25 18:00:00,2024-11-25,18:00:00,2.1842,Monday,18,11,Autumn,0
10023456785,2024-11-25 19:00:00,2024-11-25,19:00:00,1.7800,Monday,19,11,Autumn,0
10023456785,2024-11-25 20:00:00,2024-11-25,20:00:00,0.5500,Monday,20,11,Autumn,1
10023456785,2024-11-25 21:00:00,2024-11-25,21:00:00,0.1738,Monday,21,11,Autumn,1
10023456785,2024-11-25 22:00:00,2024-11-25,22:00:00,0.1346,Monday,22,11,Autumn,1
10023456785,2024-11-25 23:00:00,2024-11-25,23:00:00,0.7301,Monday,23,11,Autumn,0
10023456785,2024-11-26 00:00:00,2024-11-26,00:00:00,4.7077,Tuesday,0,11,Autumn,1
10023456785,2024-11-26 01:00:00,2024-11-26,01:00:00,4.5588,Tuesday,1,11,Autumn,1
10023456785,2024-11-26 02:00:00,2024-11-26,02:00:00,6.0267,Tuesday,2,11,Autumn,1
10023456785,2024-11-26 03:00:00,2024-11-26,03:00:00,0.5965,Tuesday,3,11,Autumn,0
10023456785,2024-11-26 04:00:00,2024-11-26,04:00:00,0.7232,Tuesday,4,11,Autumn,0
10023456785,2024-11-26 05:00:00,2024-11-26,05:00:00,1.0655,Tuesday,5,11,Autumn,0
10023456785,2024-11-26 06:00:00,2024-11-26,06:00:00,1.4433,Tuesday,6,11,Autumn,0
10023456785,2024-11-26 07:00:00,2024-11-26,07:00:00,2.0200,Tuesday,7,11,Autumn,0
10023456785,2024-11-26 08:00:00,2024-11-26,08:00:00,2.6007,Tuesday,8,11,Autumn,0
10023456785,2024-11-26 09:00:00,2024-11-26,09:00:00,2.6538,Tuesday,9,11,Autumn,0
10023456785,2024-11-26 10:00:00,2024-11-26,10:00:00,2.1887,Tuesday,10,11,Autumn,0
10023456785,2024-11-26 11:00:00,2024-11-26,11:00:00,1.9323,Tuesday,11,11,Autumn,0
10023456785,2024-11-26 12:00:00,2024-11-26,12:00:00,2.0822,Tuesday,12,11,Autumn,0
10023456785,2024-11-26 13:00:00,2024-11-26,13:00:00,1.9545,Tuesday,13,11,Autumn,0
10023456785,2024-11-26 14:00:00,2024-11-26,14:00:00,2.3559,Tuesday,14,11,Autumn,0
10023456785,2024-11-26 15:00:00,2024-11-26,15:00:00,1.7655,Tuesday,15,11,Autumn,0
10023456785,2024-11-26 16:00:00,2024-11-26,16:00:00,2.4275,Tuesday,16,11,Autumn,0
10023456785,2024-11-26 17:00:00,2024-11-26,17:00:00,2.6061,Tuesday,17,11,Autumn,0
10023456785,2024-11-26 18:00:00,2024-11-26,18:00:00,2.3196,Tuesday,18,11,Autumn,0
10023456785,2024-11-26 19:00:00,2024-11-26,19:00:00,2.6020,Tuesday,19,11,Autumn,0
10023456785,2024-11-26 20:00:00,2024-11-26,20:00:00,2.3810,Tuesday,20,11,Autumn,0
10023456785,2024-11-26 21:00:00,2024-11-26,21:00:00,2.2156,Tuesday,21,11,Autumn,0
10023456785,2024-11-26 22:00:00,2024-11-26,22:00:00,1.1819,Tuesday,22,11,Autumn,0
10023456785,2024-11-26 23:00:00,2024-11-26,23:00:00,0.8184,Tuesday,23,11,Autumn,0
10023456785,2024-11-27 00:00:00,2024-11-27,00:00:00,0.6873,Wednesday,0,11,Autumn,0
10023456785,2024-11-27 01:00:00,2024-11-27,01:00:00,0.6663,Wednesday,1,11,Autumn,0
10023456785,2024-11-27 02:00:00,2024-11-27,02:00:00,0.7364,Wednesday,2,11,Autumn,0
10023456785,2024-11-27 03:00:00,2024-11-27,03:00:00,0.6716,Wednesday,3,11,Autumn,0
10023456785,2024-11-27 04:00:00,2024-11-27,04:00:00,0.6556,Wednesday,4,11,Autumn,0
10023456785,2024-11-27 05:00:00,2024-11-27,05:00:00,0.7967,Wednesday,5,11,Autumn,0
10023456785,2024-11-27 06:00:00,2024-11-27,06:00:00,1.8493,Wednesday,6,11,Autumn,0
10023456785,2024-11-27 07:00:00,2024-11-27,07:00:00,0.2439,Wednesday,7,11,Autumn,1
10023456785,2024-11-27 08:00:00,2024-11-27,08:00:00,2.5833,Wednesday,8,11,Autumn,0
10023456785,2024-11-27 09:00:00,2024-11-27,09:00:00,1.8801,Wednesday,9,11,Autumn,0
10023456785,2024-11-27 10:00:00,2024-11-27,10:00:00,2.2003,Wednesday,10,11,Autumn,0
10023456785,2024-11-27 11:00:00,2024-11-27,11:00:00,1.8858,Wednesday,11,11,Autumn,0
10023456785,2024-11-27 12:00:00,2024-11-27,12:00:00,1.7595,Wednesday,12,11,Autumn,0
10023456785,2024-11-27 13:00:00,2024-11-27,13:00:00,1.8344,Wednesday,13,11,Autumn,0
10023456785,2024-11-27 14:00:00,2024-11-27,14:00:00,2.1118,Wednesday,14,11,Autumn,0
10023456785,2024-11-27 15:00:00,2024-11-27,15:00:00,1.6532,Wednesday,15,11,Autumn,0
10023456785,2024-11-27 16:00:00,2024-11-27,16:00:00,1.9956,Wednesday,16,11,Autumn,0
10023456785,2024-11-27 17:00:00,2024-11-27,17:00:00,2.3618,Wednesday,17,11,Autumn,0
10023456785,2024-11-27 18:00:00,2024-11-27,18:00:00,2.4123,Wednesday,18,11,Autumn,0
10023456785,2024-11-27 19:00:00,2024-11-27,19:00:00,2.4385,Wednesday,19,11,Autumn,0
10023456785,2024-11-27 20:00:00,2024-11-27,20:00:00,2.1198,Wednesday,20,11,Autumn,0
10023456785,2024-11-27 21:00:00,2024-11-27,21:00:00,1.7155,Wednesday,21,11,Autumn,0
10023456785,2024-11-27 22:00:00,2024-11-27,22:00:00,1.3287,Wednesday,22,11,Autumn,0
10023456785,2024-11-27 23:00:00,2024-11-27,23:00:00,0.9724,Wednesday,23,11,Autumn,0
10023456785,2024-11-28 00:00:00,2024-11-28,00:00:00,0.7697,Thursday,0,11,Autumn,0
10023456785,2024-11-28 01:00:00,2024-11-28,01:00:00,0.7134,Thursday,1,11,Autumn,0
10023456785,2024-11-28 02:00:00,2024-11-28,02:00:00,0.6074,Thursday,2,11,Autumn,0
10023456785,2024-11-28 03:00:00,2024-11-28,03:00:00,0.6585,Thursday,3,11,Autumn,0
10023456785,2024-11-28 04:00:00,2024-11-28,04:00:00,0.8799,Thursday,4,11,Autumn,0
10023456785,2024-11-28 05:00:00,2024-11-28,05:00:00,1.1847,Thursday,5,11,Autumn,0
10023456785,2024-11-28 06:00:00,2024-11-28,06:00:00,1.4736,Thursday,6,11,Autumn,0
10023456785,2024-11-28 07:00:00,2024-11-28,07:00:00,2.1403,Thursday,7,11,Autumn,0
10023456785,2024-11-28 08:00:00,2024-11-28,08:00:00,2.6006,Thursday,8,11,Autumn,0
10023456785,2024-11-28 09:00:00,2024-11-28,09:00:00,2.4802,Thursday,9,11,Autumn,0
10023456785,2024-11-28 10:00:00,2024-11-28,10:00:00,2.0416,Thursday,10,11,Autumn,0
10023456785,2024-11-28 11:00:00,2024-11-28,11:00:00,1.6153,Thursday,11,11,Autumn,0
10023456785,2024-11-28 12:00:00,2024-11-28,12:00:00,2.1128,Thursday,12,11,Autumn,0
10023456785,2024-11-28 13:00:00,2024-11-28,13:00:00,1.5911,Thursday,13,11,Autumn,0
10023456785,2024-11-28 14:00:00,2024-11-28,14:00:00,2.0654,Thursday,14,11,Autumn,0
10023456785,2024-11-28 15:00:00,2024-11-28,15:00:00,2.3038,Thursday,15,11,Autumn,0
10023456785,2024-11-28 16:00:00,2024-11-28,16:00:00,2.0835,Thursday,16,11,Autumn,0
10023456785,2024-11-28 17:00:00,2024-11-28,17:00:00,2.3731,Thursday,17,11,Autumn,0
10023456785,2024-11-28 18:00:00,2024-11-28,18:00:00,2.3652,Thursday,18,11,Autumn,0
10023456785,2024-11-28 19:00:00,2024-11-28,19:00:00,2.4552,Thursday,19,11,Autumn,0
10023456785,2024-11-28 20:00:00,2024-11-28,20:00:00,2.7321,Thursday,20,11,Autumn,0
10023456785,2024-11-28 21:00:00,2024-11-28,21:00:00,1.9038,Thursday,21,11,Autumn,0
10023456785,2024-11-28 22:00:00,2024-11-28,22:00:00,1.3584,Thursday,22,11,Autumn,0
10023456785,2024-11-28 23:00:00,2024-11-28,23:00:00,0.8468,Thursday,23,11,Autumn,0
10023456785,2024-11-29 00:00:00,2024-11-29,00:00:00,1.0631,Friday,0,11,Autumn,0
10023456785,2024-11-29 01:00:00,2024-11-29,01:00:00,0.8175,Friday,1,11,Autumn,0
10023456785,2024-11-29 02:00:00,2024-11-29,02:00:00,0.7218,Friday,2,11,Autumn,0
10023456785,2024-11-29 03:00:00,2024-11-29,03:00:00,0.7791,Friday,3,11,Autumn,0
10023456785,2024-11-29 04:00:00,2024-11-29,04:00:00,0.8835,Friday,4,11,Autumn,0
10023456785,2024-11-29 05:00:00,2024-11-29,05:00:00,1.0799,Friday,5,11,Autumn,0
10023456785,2024-11-29 06:00:00,2024-11-29,06:00:00,2.4878,Friday,6,11,Autumn,0
10023456785,2024-11-29 07:00:00,2024-11-29,07:00:00,2.4662,Friday,7,11,Autumn,0
10023456785,2024-11-29 08:00:00,2024-11-29,08:00:00,2.3405,Friday,8,11,Autumn,0
10023456785,2024-11-29 09:00:00,2024-11-29,09:00:00,3.4009,Friday,9,11,Autumn,0
10023456785,2024-11-29 10:00:00,2024-11-29,10:00:00,2.7022,Friday,10,11,Autumn,0
10023456785,2024-11-29 11:00:00,2024-11-29,11:00:00,2.5975,Friday,11,11,Autumn,0
10023456785,2024-11-29 12:00:00,2024-11-29,12:00:00,2.3236,Friday,12,11,Autumn,0
10023456785,2024-11-29 13:00:00,2024-11-29,13:00:00,1.9291,Friday,13,11,Autumn,0
10023456785,2024-11-29 14:00:00,2024-11-29,14:00:00,2.8681,Friday,14,11,Autumn,0
10023456785,2024-11-29 15:00:00,2024-11-29,15:00:00,2.2979,Friday,15,11,Autumn,0
10023456785,2024-11-29 16:00:00,2024-11-29,16:00:00,2.2582,Friday,16,11,Autumn,0
10023456785,2024-11-29 17:00:00,2024-11-29,17:00:00,3.1050,Friday,17,11,Autumn,0
10023456785,2024-11-29 18:00:00,2024-11-29,18:00:00,2.8363,Friday,18,11,Autumn,0
10023456785,2024-11-29 19:00:00,2024-11-29,19:00:00,2.9066,Friday,19,11,Autumn,0
10023456785,2024-11-29 20:00:00,2024-11-29,20:00:00,3.2183,Friday,20,11,Autumn,0
10023456785,2024-11-29 21:00:00,2024-11-29,21:00:00,2.2531,Friday,21,11,Autumn,0
10023456785,2024-11-29 22:00:00,2024-11-29,22:00:00,1.4385,Friday,22,11,Autumn,0
10023456785,2024-11-29 23:00:00,2024-11-29,23:00:00,1.4691,Friday,23,11,Autumn,0
10023456785,2024-11-30 00:00:00,2024-11-30,00:00:00,0.9310,Saturday,0,11,Autumn,0
10023456785,2024-11-30 01:00:00,2024-11-30,01:00:00,0.6250,Saturday,1,11,Autumn,0
10023456785,2024-11-30 02:00:00,2024-11-30,02:00:00,0.8342,Saturday,2,11,Autumn,0
10023456785,2024-11-30 03:00:00,2024-11-30,03:00:00,0.7913,Saturday,3,11,Autumn,0
10023456785,2024-11-30 04:00:00,2024-11-30,04:00:00,1.9479,Saturday,4,11,Autumn,1
10023456785,2024-11-30 05:00:00,2024-11-30,05:00:00,2.1110,Saturday,5,11,Autumn,1
10023456785,2024-11-30 06:00:00,2024-11-30,06:00:00,2.6428,Saturday,6,11,Autumn,1
10023456785,2024-11-30 07:00:00,2024-11-30,07:00:00,1.8550,Saturday,7,11,Autumn,0
10023456785,2024-11-30 08:00:00,2024-11-30,08:00:00,2.1292,Saturday,8,11,Autumn,0
10023456785,2024-11-30 09:00:00,2024-11-30,09:00:00,2.4580,Saturday,9,11,Autumn,0
10023456785,2024-11-30 10:00:00,2024-11-30,10:00:00,2.2668,Saturday,10,11,Autumn,0
10023456785,2024-11-30 11:00:00,2024-11-30,11:00:00,5.5457,Saturday,11,11,Autumn,1
10023456785,2024-11-30 12:00:00,2024-11-30,12:00:00,4.1341,Saturday,12,11,Autumn,1
10023456785,2024-11-30 13:00:00,2024-11-30,13:00:00,4.3236,Saturday,13,11,Autumn,1
10023456785,2024-11-30 14:00:00,2024-11-30,14:00:00,4.7081,Saturday,14,11,Autumn,1
10023456785,2024-11-30 15:00:00,2024-11-30,15:00:00,1.5508,Saturday,15,11,Autumn,0
10023456785,2024-11-30 16:00:00,2024-11-30,16:00:00,2.2777,Saturday,16,11,Autumn,0
10023456785,2024-11-30 17:00:00,2024-11-30,17:00:00,0.2708,Saturday,17,11,Autumn,1
10023456785,2024-11-30 18:00:00,2024-11-30,18:00:00,2.5860,Saturday,18,11,Autumn,0
10023456785,2024-11-30 19:00:00,2024-11-30,19:00:00,2.7631,Saturday,19,11,Autumn,0
10023456785,2024-11-30 20:00:00,2024-11-30,20:00:00,2.7426,Saturday,20,11,Autumn,0
10023456785,2024-11-30 21:00:00,2024-11-30,21:00:00,2.1812,Saturday,21,11,Autumn,0
10023456785,2024-11-30 22:00:00,2024-11-30,22:00:00,1.3802,Saturday,22,11,Autumn,0
10023456785,2024-11-30 23:00:00,2024-11-30,23:00:00,1.1085,Saturday,23,11,Autumn,0
10023456785,2024-12-01 00:00:00,2024-12-01,00:00:00,0.8359,Sunday,0,12,Winter,0
10023456785,2024-12-01 01:00:00,2024-12-01,01:00:00,0.6291,Sunday,1,12,Winter,0
10023456785,2024-12-01 02:00:00,2024-12-01,02:00:00,0.6241,Sunday,2,12,Winter,0
10023456785,2024-12-01 03:00:00,2024-12-01,03:00:00,0.7650,Sunday,3,12,Winter,0
10023456785,2024-12-01 04:00:00,2024-12-01,04:00:00,0.8678,Sunday,4,12,Winter,0
10023456785,2024-12-01 05:00:00,2024-12-01,05:00:00,0.9984,Sunday,5,12,Winter,0
10023456785,2024-12-01 06:00:00,2024-12-01,06:00:00,1.1510,Sunday,6,12,Winter,0
10023456785,2024-12-01 07:00:00,2024-12-01,07:00:00,1.9156,Sunday,7,12,Winter,0
10023456785,2024-12-01 08:00:00,2024-12-01,08:00:00,1.8434,Sunday,8,12,Winter,0
10023456785,2024-12-01 09:00:00,2024-12-01,09:00:00,2.4219,Sunday,9,12,Winter,0
10023456785,2024-12-01 10:00:00,2024-12-01,10:00:00,2.1078,Sunday,10,12,Winter,0
10023456785,2024-12-01 11:00:00,2024-12-01,11:00:00,2.0949,Sunday,11,12,Winter,0
10023456785,2024-12-01 12:00:00,2024-12-01,12:00:00,1.8285,Sunday,12,12,Winter,0
10023456785,2024-12-01 13:00:00,2024-12-01,13:00:00,1.9083,Sunday,13,12,Winter,0
10023456785,2024-12-01 14:00:00,2024-12-01,14:00:00,1.6690,Sunday,14,12,Winter,0
10023456785,2024-12-01 15:00:00,2024-12-01,15:00:00,1.6371,Sunday,15,12,Winter,0
10023456785,2024-12-01 16:00:00,2024-12-01,16:00:00,2.1396,Sunday,16,12,Winter,0
10023456785,2024-12-01 17:00:00,2024-12-01,17:00:00,2.2678,Sunday,17,12,Winter,0
10023456785,2024-12-01 18:00:00,2024-12-01,18:00:00,2.0518,Sunday,18,12,Winter,0
10023456785,2024-12-01 19:00:00,2024-12-01,19:00:00,2.3383,Sunday,19,12,Winter,0
10023456785,2024-12-01 20:00:00,2024-12-01,20:00:00,1.8016,Sunday,20,12,Winter,0
10023456785,2024-12-01 21:00:00,2024-12-01,21:00:00,1.4958,Sunday,21,12,Winter,0
10023456785,2024-12-01 22:00:00,2024-12-01,22:00:00,1.1940,Sunday,22,12,Winter,0
10023456785,2024-12-01 23:00:00,2024-12-01,23:00:00,1.0555,Sunday,23,12,Winter,0
10023456785,2024-12-02 00:00:00,2024-12-02,00:00:00,1.0048,Monday,0,12,Winter,0
10023456785,2024-12-02 01:00:00,2024-12-02,01:00:00,0.6831,Monday,1,12,Winter,0
10023456785,2024-12-02 02:00:00,2024-12-02,02:00:00,0.7621,Monday,2,12,Winter,0
10023456785,2024-12-02 03:00:00,2024-12-02,03:00:00,0.7338,Monday,3,12,Winter,0
10023456785,2024-12-02 04:00:00,2024-12-02,04:00:00,0.8011,Monday,4,12,Winter,0
10023456785,2024-12-02 05:00:00,2024-12-02,05:00:00,1.0908,Monday,5,12,Winter,0
10023456785,2024-12-02 06:00:00,2024-12-02,06:00:00,2.2163,Monday,6,12,Winter,0
10023456785,2024-12-02 07:00:00,2024-12-02,07:00:00,2.4501,Monday,7,12,Winter,0
10023456785,2024-12-02 08:00:00,2024-12-02,08:00:00,2.3657,Monday,8,12,Winter,0
10023456785,2024-12-02 09:00:00,2024-12-02,09:00:00,2.5790,Monday,9,12,Winter,0
10023456785,2024-12-02 10:00:00,2024-12-02,10:00:00,1.7534,Monday,10,12,Winter,0
10023456785,2024-12-02 11:00:00,2024-12-02,11:00:00,1.8951,Monday,11,12,Winter,0
10023456785,2024-12-02 12:00:00,2024-12-02,12:00:00,2.3605,Monday,12,12,Winter,0
10023456785,2024-12-02 13:00:00,2024-12-02,13:00:00,2.3857,Monday,13,12,Winter,0
10023456785,2024-12-02 14:00:00,2024-12-02,14:00:00,1.9993,Monday,14,12,Winter,0
10023456785,2024-12-02 15:00:00,2024-12-02,15:00:00,1.8753,Monday,15,12,Winter,0
10023456785,2024-12-02 16:00:00,2024-12-02,16:00:00,1.8396,Monday,16,12,Winter,0
10023456785,2024-12-02 17:00:00,2024-12-02,17:00:00,2.3960,Monday,17,12,Winter,0
10023456785,2024-12-02 18:00:00,2024-12-02,18:00:00,2.5928,Monday,18,12,Winter,0
10023456785,2024-12-02 19:00:00,2024-12-02,19:00:00,2.4269,Monday,19,12,Winter,0
10023456785,2024-12-02 20:00:00,2024-12-02,20:00:00,2.1870,Monday,20,12,Winter,0
10023456785,2024-12-02 21:00:00,2024-12-02,21:00:00,2.0264,Monday,21,12,Winter,0
10023456785,2024-12-02 22:00:00,2024-12-02,22:00:00,1.2966,Monday,22,12,Winter,0
10023456785,2024-12-02 23:00:00,2024-12-02,23:00:00,0.8388,Monday,23,12,Winter,0
10023456785,2024-12-03 00:00:00,2024-12-03,00:00:00,0.9881,Tuesday,0,12,Winter,0
10023456785,2024-12-03 01:00:00,2024-12-03,01:00:00,0.6891,Tuesday,1,12,Winter,0
10023456785,2024-12-03 02:00:00,2024-12-03,02:00:00,0.6603,Tuesday,2,12,Winter,0
10023456785,2024-12-03 03:00:00,2024-12-03,03:00:00,0.8791,Tuesday,3,12,Winter,0
10023456785,2024-12-03 04:00:00,2024-12-03,04:00:00,0.8066,Tuesday,4,12,Winter,0
10023456785,2024-12-03 05:00:00,2024-12-03,05:00:00,1.1323,Tuesday,5,12,Winter,0
10023456785,2024-12-03 06:00:00,2024-12-03,06:00:00,2.0311,Tuesday,6,12,Winter,0
10023456785,2024-12-03 07:00:00,2024-12-03,07:00:00,2.4652,Tuesday,7,12,Winter,0
10023456785,2024-12-03 08:00:00,2024-12-03,08:00:00,2.1905,Tuesday,8,12,Winter,0
10023456785,2024-12-03 09:00:00,2024-12-03,09:00:00,2.3257,Tuesday,9,12,Winter,0
10023456785,2024-12-03 10:00:00,2024-12-03,10:00:00,2.4945,Tuesday,10,12,Winter,0
10023456785,2024-12-03 11:00:00,2024-12-03,11:00:00,1.7191,Tuesday,11,12,Winter,0
10023456785,2024-12-03 12:00:00,2024-12-03,12:00:00,1.9593,Tuesday,12,12,Winter,0
10023456785,2024-12-03 13:00:00,2024-12-03,13:00:00,1.9187,Tuesday,13,12,Winter,0
10023456785,2024-12-03 14:00:00,2024-12-03,14:00:00,2.2728,Tuesday,14,12,Winter,0
10023456785,2024-12-03 15:00:00,2024-12-03,15:00:00,1.8711,Tuesday,15,12,Winter,0
10023456785,2024-12-03 16:00:00,2024-12-03,16:00:00,2.1542,Tuesday,16,12,Winter,0
10023456785,2024-12-03 17:00:00,2024-12-03,17:00:00,2.0122,Tuesday,17,12,Winter,0
10023456785,2024-12-03 18:00:00,2024-12-03,18:00:00,2.6802,Tuesday,18,12,Winter,0
10023456785,2024-12-03 19:00:00,2024-12-03,19:00:00,3.4310,Tuesday,19,12,Winter,0
10023456785,2024-12-03 20:00:00,2024-12-03,20:00:00,2.7940,Tuesday,20,12,Winter,0
10023456785,2024-12-03 21:00:00,2024-12-03,21:00:00,0.2953,Tuesday,21,12,Winter,1
10023456785,2024-12-03 22:00:00,2024-12-03,22:00:00,0.3135,Tuesday,22,12,Winter,1
10023456785,2024-12-03 23:00:00,2024-12-03,23:00:00,0.7809,Tuesday,23,12,Winter,0
10023456785,2024-12-04 00:00:00,2024-12-04,00:00:00,0.7997,Wednesday,0,12,Winter,0
10023456785,2024-12-04 01:00:00,2024-12-04,01:00:00,0.6977,Wednesday,1,12,Winter,0
10023456785,2024-12-04 02:00:00,2024-12-04,02:00:00,0.7369,Wednesday,2,12,Winter,0
10023456785,2024-12-04 03:00:00,2024-12-04,03:00:00,0.5702,Wednesday,3,12,Winter,0
10023456785,2024-12-04 04:00:00,2024-12-04,04:00:00,0.7230,Wednesday,4,12,Winter,0
10023456785,2024-12-04 05:00:00,2024-12-04,05:00:00,0.8662,Wednesday,5,12,Winter,0
10023456785,2024-12-04 06:00:00,2024-12-04,06:00:00,1.4268,Wednesday,6,12,Winter,0
10023456785,2024-12-04 07:00:00,2024-12-04,07:00:00,2.1909,Wednesday,7,12,Winter,0
10023456785,2024-12-04 08:00:00,2024-12-04,08:00:00,1.9540,Wednesday,8,12,Winter,0
10023456785,2024-12-04 09:00:00,2024-12-04,09:00:00,1.9028,Wednesday,9,12,Winter,0
10023456785,2024-12-04 10:00:00,2024-12-04,10:00:00,2.1004,Wednesday,10,12,Winter,0
10023456785,2024-12-04 11:00:00,2024-12-04,11:00:00,1.6050,Wednesday,11,12,Winter,0
10023456785,2024-12-04 12:00:00,2024-12-04,12:00:00,1.4053,Wednesday,12,12,Winter,0
10023456785,2024-12-04 13:00:00,2024-12-04,13:00:00,1.6689,Wednesday,13,12,Winter,0
10023456785,2024-12-04 14:00:00,2024-12-04,14:00:00,1.8360,Wednesday,14,12,Winter,0
10023456785,2024-12-04 15:00:00,2024-12-04,15:00:00,2.3270,Wednesday,15,12,Winter,0
10023456785,2024-12-04 16:00:00,2024-12-04,16:00:00,1.9198,Wednesday,16,12,Winter,0
10023456785,2024-12-04 17:00:00,2024-12-04,17:00:00,2.3823,Wednesday,17,12,Winter,0
10023456785,2024-12-04 18:00:00,2024-12-04,18:00:00,2.2358,Wednesday,18,12,Winter,0
10023456785,2024-12-04 19:00:00,2024-12-04,19:00:00,2.2547,Wednesday,19,12,Winter,0
10023456785,2024-12-04 20:00:00,2024-12-04,20:00:00,1.9465,Wednesday,20,12,Winter,0
10023456785,2024-12-04 21:00:00,2024-12-04,21:00:00,1.9312,Wednesday,21,12,Winter,0
10023456785,2024-12-04 22:00:00,2024-12-04,22:00:00,1.1018,Wednesday,22,12,Winter,0
10023456785,2024-12-04 23:00:00,2024-12-04,23:00:00,0.9433,Wednesday,23,12,Winter,0
10023456785,2024-12-05 00:00:00,2024-12-05,00:00:00,0.8675,Thursday,0,12,Winter,0
10023456785,2024-12-05 01:00:00,2024-12-05,01:00:00,0.8531,Thursday,1,12,Winter,0
10023456785,2024-12-05 02:00:00,2024-12-05,02:00:00,0.7350,Thursday,2,12,Winter,0
10023456785,2024-12-05 03:00:00,2024-12-05,03:00:00,0.7695,Thursday,3,12,Winter,0
10023456785,2024-12-05 04:00:00,2024-12-05,04:00:00,0.6255,Thursday,4,12,Winter,0
10023456785,2024-12-05 05:00:00,2024-12-05,05:00:00,1.0925,Thursday,5,12,Winter,0
10023456785,2024-12-05 06:00:00,2024-12-05,06:00:00,1.6243,Thursday,6,12,Winter,0
10023456785,2024-12-05 07:00:00,2024-12-05,07:00:00,2.5480,Thursday,7,12,Winter,0
10023456785,2024-12-05 08:00:00,2024-12-05,08:00:00,2.5969,Thursday,8,12,Winter,0
10023456785,2024-12-05 09:00:00,2024-12-05,09:00:00,2.2859,Thursday,9,12,Winter,0
10023456785,2024-12-05 10:00:00,2024-12-05,10:00:00,2.3046,Thursday,10,12,Winter,0
10023456785,2024-12-05 11:00:00,2024-12-05,11:00:00,2.6588,Thursday,11,12,Winter,0
10023456785,2024-12-05 12:00:00,2024-12-05,12:00:00,2.3364,Thursday,12,12,Winter,0
10023456785,2024-12-05 13:00:00,2024-12-05,13:00:00,2.3644,Thursday,13,12,Winter,0
10023456785,2024-12-05 14:00:00,2024-12-05,14:00:00,2.0333,Thursday,14,12,Winter,0
10023456785,2024-12-05 15:00:00,2024-12-05,15:00:00,2.1197,Thursday,15,12,Winter,0
10023456785,2024-12-05 16:00:00,2024-12-05,16:00:00,2.0914,Thursday,16,12,Winter,0
10023456785,2024-12-05 17:00:00,2024-12-05,17:00:00,3.2343,Thursday,17,12,Winter,0
10023456785,2024-12-05 18:00:00,2024-12-05,18:00:00,2.6270,Thursday,18,12,Winter,0
10023456785,2024-12-05 19:00:00,2024-12-05,19:00:00,2.4919,Thursday,19,12,Winter,0
10023456785,2024-12-05 20:00:00,2024-12-05,20:00:00,2.1840,Thursday,20,12,Winter,0
10023456785,2024-12-05 21:00:00,2024-12-05,21:00:00,1.9642,Thursday,21,12,Winter,0
10023456785,2024-12-05 22:00:00,2024-12-05,22:00:00,1.1373,Thursday,22,12,Winter,0
10023456785,2024-12-05 23:00:00,2024-12-05,23:00:00,1.0558,Thursday,23,12,Winter,0
10023456785,2024-12-06 00:00:00,2024-12-06,00:00:00,1.2280,Friday,0,12,Winter,0
10023456785,2024-12-06 01:00:00,2024-12-06,01:00:00,0.6866,Friday,1,12,Winter,0
10023456785,2024-12-06 02:00:00,2024-12-06,02:00:00,0.8004,Friday,2,12,Winter,0
10023456785,2024-12-06 03:00:00,2024-12-06,03:00:00,1.9590,Friday,3,12,Winter,1
10023456785,2024-12-06 04:00:00,2024-12-06,04:00:00,0.8914,Friday,4,12,Winter,0
10023456785,2024-12-06 05:00:00,2024-12-06,05:00:00,1.1010,Friday,5,12,Winter,0
10023456785,2024-12-06 06:00:00,2024-12-06,06:00:00,1.6950,Friday,6,12,Winter,0
10023456785,2024-12-06 07:00:00,2024-12-06,07:00:00,2.2939,Friday,7,12,Winter,0
10023456785,2024-12-06 08:00:00,2024-12-06,08:00:00,2.8633,Friday,8,12,Winter,0
10023456785,2024-12-06 09:00:00,2024-12-06,09:00:00,2.7260,Friday,9,12,Winter,0
10023456785,2024-12-06 10:00:00,2024-12-06,10:00:00,2.2991,Friday,10,12,Winter,0
10023456785,2024-12-06 11:00:00,2024-12-06,11:00:00,1.9389,Friday,11,12,Winter,0
10023456785,2024-12-06 12:00:00,2024-12-06,12:00:00,2.4498,Friday,12,12,Winter,0
10023456785,2024-12-06 13:00:00,2024-12-06,13:00:00,2.0332,Friday,13,12,Winter,0
10023456785,2024-12-06 14:00:00,2024-12-06,14:00:00,2.3632,Friday,14,12,Winter,0
10023456785,2024-12-06 15:00:00,2024-12-06,15:00:00,2.0580,Friday,15,12,Winter,0
10023456785,2024-12-06 16:00:00,2024-12-06,16:00:00,2.1206,Friday,16,12,Winter,0
10023456785,2024-12-06 17:00:00,2024-12-06,17:00:00,2.4418,Friday,17,12,Winter,0
10023456785,2024-12-06 18:00:00,2024-12-06,18:00:00,2.6748,Friday,18,12,Winter,0
10023456785,2024-12-06 19:00:00,2024-12-06,19:00:00,3.2751,Friday,19,12,Winter,0
10023456785,2024-12-06 20:00:00,2024-12-06,20:00:00,1.8375,Friday,20,12,Winter,0
10023456785,2024-12-06 21:00:00,2024-12-06,21:00:00,1.8464,Friday,21,12,Winter,0
10023456785,2024-12-06 22:00:00,2024-12-06,22:00:00,1.2560,Friday,22,12,Winter,0
10023456785,2024-12-06 23:00:00,2024-12-06,23:00:00,0.9813,Friday,23,12,Winter,0
10023456785,2024-12-07 00:00:00,2024-12-07,00:00:00,0.7461,Saturday,0,12,Winter,0
10023456785,2024-12-07 01:00:00,2024-12-07,01:00:00,0.5989,Saturday,1,12,Winter,0
10023456785,2024-12-07 02:00:00,2024-12-07,02:00:00,0.6736,Saturday,2,12,Winter,0
10023456785,2024-12-07 03:00:00,2024-12-07,03:00:00,0.6424,Saturday,3,12,Winter,0
10023456785,2024-12-07 04:00:00,2024-12-07,04:00:00,0.5674,Saturday,4,12,Winter,0
10023456785,2024-12-07 05:00:00,2024-12-07,05:00:00,1.0399,Saturday,5,12,Winter,0
10023456785,2024-12-07 06:00:00,2024-12-07,06:00:00,0.9622,Saturday,6,12,Winter,0
10023456785,2024-12-07 07:00:00,2024-12-07,07:00:00,1.8733,Saturday,7,12,Winter,0
10023456785,2024-12-07 08:00:00,2024-12-07,08:00:00,1.8741,Saturday,8,12,Winter,0
10023456785,2024-12-07 09:00:00,2024-12-07,09:00:00,1.7033,Saturday,9,12,Winter,0
10023456785,2024-12-07 10:00:00,2024-12-07,10:00:00,1.7705,Saturday,10,12,Winter,0
10023456785,2024-12-07 11:00:00,2024-12-07,11:00:00,1.9170,Saturday,11,12,Winter,0
10023456785,2024-12-07 12:00:00,2024-12-07,12:00:00,1.7610,Saturday,12,12,Winter,0
10023456785,2024-12-07 13:00:00,2024-12-07,13:00:00,1.9779,Saturday,13,12,Winter,0
10023456785,2024-12-07 14:00:00,2024-12-07,14:00:00,1.8305,Saturday,14,12,Winter,0
10023456785,2024-12-07 15:00:00,2024-12-07,15:00:00,1.6606,Saturday,15,12,Winter,0
10023456785,2024-12-07 16:00:00,2024-12-07,16:00:00,1.6833,Saturday,16,12,Winter,0
10023456785,2024-12-07 17:00:00,2024-12-07,17:00:00,1.8822,Saturday,17,12,Winter,0
10023456785,2024-12-07 18:00:00,2024-12-07,18:00:00,2.1046,Saturday,18,12,Winter,0
10023456785,2024-12-07 19:00:00,2024-12-07,19:00:00,6.0149,Saturday,19,12,Winter,1
10023456785,2024-12-07 20:00:00,2024-12-07,20:00:00,5.4961,Saturday,20,12,Winter,1
10023456785,2024-12-07 21:00:00,2024-12-07,21:00:00,3.8768,Saturday,21,12,Winter,1
10023456785,2024-12-07 22:00:00,2024-12-07,22:00:00,3.3438,Saturday,22,12,Winter,1
10023456785,2024-12-07 23:00:00,2024-12-07,23:00:00,2.2310,Saturday,23,12,Winter,1
10023456785,2024-12-08 00:00:00,2024-12-08,00:00:00,0.8309,Sunday,0,12,Winter,0
10023456785,2024-12-08 01:00:00,2024-12-08,01:00:00,0.6516,Sunday,1,12,Winter,0
10023456785,2024-12-08 02:00:00,2024-12-08,02:00:00,0.5929,Sunday,2,12,Winter,0
10023456785,2024-12-08 03:00:00,2024-12-08,03:00:00,0.5014,Sunday,3,12,Winter,0
10023456785,2024-12-08 04:00:00,2024-12-08,04:00:00,0.5980,Sunday,4,12,Winter,0
10023456785,2024-12-08 05:00:00,2024-12-08,05:00:00,0.9233,Sunday,5,12,Winter,0
10023456785,2024-12-08 06:00:00,2024-12-08,06:00:00,1.2492,Sunday,6,12,Winter,0
10023456785,2024-12-08 07:00:00,2024-12-08,07:00:00,1.3029,Sunday,7,12,Winter,0
10023456785,2024-12-08 08:00:00,2024-12-08,08:00:00,1.6030,Sunday,8,12,Winter,0
10023456785,2024-12-08 09:00:00,2024-12-08,09:00:00,1.7635,Sunday,9,12,Winter,0
10023456785,2024-12-08 10:00:00,2024-12-08,10:00:00,1.5494,Sunday,10,12,Winter,0
10023456785,2024-12-08 11:00:00,2024-12-08,11:00:00,1.8467,Sunday,11,12,Winter,0
10023456785,2024-12-08 12:00:00,2024-12-08,12:00:00,1.8810,Sunday,12,12,Winter,0
10023456785,2024-12-08 13:00:00,2024-12-08,13:00:00,1.9118,Sunday,13,12,Winter,0
10023456785,2024-12-08 14:00:00,2024-12-08,14:00:00,1.6698,Sunday,14,12,Winter,0
10023456785,2024-12-08 15:00:00,2024-12-08,15:00:00,1.4788,Sunday,15,12,Winter,0
10023456785,2024-12-08 16:00:00,2024-12-08,16:00:00,2.2409,Sunday,16,12,Winter,0
10023456785,2024-12-08 17:00:00,2024-12-08,17:00:00,2.3504,Sunday,17,12,Winter,0
10023456785,2024-12-08 18:00:00,2024-12-08,18:00:00,2.2861,Sunday,18,12,Winter,0
10023456785,2024-12-08 19:00:00,2024-12-08,19:00:00,2.5566,Sunday,19,12,Winter,0
10023456785,2024-12-08 20:00:00,2024-12-08,20:00:00,2.3619,Sunday,20,12,Winter,0
10023456785,2024-12-08 21:00:00,2024-12-08,21:00:00,1.9873,Sunday,21,12,Winter,0
10023456785,2024-12-08 22:00:00,2024-12-08,22:00:00,1.2860,Sunday,22,12,Winter,0
10023456785,2024-12-08 23:00:00,2024-12-08,23:00:00,1.1496,Sunday,23,12,Winter,0
10023456785,2024-12-09 00:00:00,2024-12-09,00:00:00,0.8262,Monday,0,12,Winter,0
10023456785,2024-12-09 01:00:00,2024-12-09,01:00:00,0.7061,Monday,1,12,Winter,0
10023456785,2024-12-09 02:00:00,2024-12-09,02:00:00,0.6964,Monday,2,12,Winter,0
10023456785,2024-12-09 03:00:00,2024-12-09,03:00:00,0.6494,Monday,3,12,Winter,0
10023456785,2024-12-09 04:00:00,2024-12-09,04:00:00,0.7347,Monday,4,12,Winter,0
10023456785,2024-12-09 05:00:00,2024-12-09,05:00:00,0.9879,Monday,5,12,Winter,0
10023456785,2024-12-09 06:00:00,2024-12-09,06:00:00,1.5963,Monday,6,12,Winter,0
10023456785,2024-12-09 07:00:00,2024-12-09,07:00:00,1.8765,Monday,7,12,Winter,0
10023456785,2024-12-09 08:00:00,2024-12-09,08:00:00,2.6821,Monday,8,12,Winter,0
10023456785,2024-12-09 09:00:00,2024-12-09,09:00:00,2.0285,Monday,9,12,Winter,0
10023456785,2024-12-09 10:00:00,2024-12-09,10:00:00,1.9363,Monday,10,12,Winter,0
10023456785,2024-12-09 11:00:00,2024-12-09,11:00:00,2.0598,Monday,11,12,Winter,0
10023456785,2024-12-09 12:00:00,2024-12-09,12:00:00,1.5617,Monday,12,12,Winter,0
10023456785,2024-12-09 13:00:00,2024-12-09,13:00:00,2.0242,Monday,13,12,Winter,0
10023456785,2024-12-09 14:00:00,2024-12-09,14:00:00,1.6404,Monday,14,12,Winter,0
10023456785,2024-12-09 15:00:00,2024-12-09,15:00:00,1.5684,Monday,15,12,Winter,0
10023456785,2024-12-09 16:00:00,2024-12-09,16:00:00,2.2373,Monday,16,12,Winter,0
10023456785,2024-12-09 17:00:00,2024-12-09,17:00:00,1.7163,Monday,17,12,Winter,0
10023456785,2024-12-09 18:00:00,2024-12-09,18:00:00,2.6781,Monday,18,12,Winter,0
10023456785,2024-12-09 19:00:00,2024-12-09,19:00:00,2.3433,Monday,19,12,Winter,0
10023456785,2024-12-09 20:00:00,2024-12-09,20:00:00,2.0174,Monday,20,12,Winter,0
10023456785,2024-12-09 21:00:00,2024-12-09,21:00:00,1.9794,Monday,21,12,Winter,0
10023456785,2024-12-09 22:00:00,2024-12-09,22:00:00,1.2549,Monday,22,12,Winter,0
10023456785,2024-12-09 23:00:00,2024-12-09,23:00:00,1.2891,Monday,23,12,Winter,0
10023456785,2024-12-10 00:00:00,2024-12-10,00:00:00,5.0236,Tuesday,0,12,Winter,1
10023456785,2024-12-10 01:00:00,2024-12-10,01:00:00,4.1395,Tuesday,1,12,Winter,1
10023456785,2024-12-10 02:00:00,2024-12-10,02:00:00,4.5805,Tuesday,2,12,Winter,1
10023456785,2024-12-10 03:00:00,2024-12-10,03:00:00,0.5799,Tuesday,3,12,Winter,0
10023456785,2024-12-10 04:00:00,2024-12-10,04:00:00,0.8562,Tuesday,4,12,Winter,0
10023456785,2024-12-10 05:00:00,2024-12-10,05:00:00,0.7984,Tuesday,5,12,Winter,0
10023456785,2024-12-10 06:00:00,2024-12-10,06:00:00,1.3775,Tuesday,6,12,Winter,0
10023456785,2024-12-10 07:00:00,2024-12-10,07:00:00,2.1240,Tuesday,7,12,Winter,0
10023456785,2024-12-10 08:00:00,2024-12-10,08:00:00,2.1200,Tuesday,8,12,Winter,0
10023456785,2024-12-10 09:00:00,2024-12-10,09:00:00,1.8135,Tuesday,9,12,Winter,0
10023456785,2024-12-10 10:00:00,2024-12-10,10:00:00,13.0583,Tuesday,10,12,Winter,1
10023456785,2024-12-10 11:00:00,2024-12-10,11:00:00,8.3525,Tuesday,11,12,Winter,1
10023456785,2024-12-10 12:00:00,2024-12-10,12:00:00,1.8877,Tuesday,12,12,Winter,0
10023456785,2024-12-10 13:00:00,2024-12-10,13:00:00,2.4623,Tuesday,13,12,Winter,0
10023456785,2024-12-10 14:00:00,2024-12-10,14:00:00,1.7795,Tuesday,14,12,Winter,0
10023456785,2024-12-10 15:00:00,2024-12-10,15:00:00,2.1411,Tuesday,15,12,Winter,0
10023456785,2024-12-10 16:00:00,2024-12-10,16:00:00,2.4570,Tuesday,16,12,Winter,0
10023456785,2024-12-10 17:00:00,2024-12-10,17:00:00,2.0002,Tuesday,17,12,Winter,0
10023456785,2024-12-10 18:00:00,2024-12-10,18:00:00,2.1649,Tuesday,18,12,Winter,0
10023456785,2024-12-10 19:00:00,2024-12-10,19:00:00,2.6354,Tuesday,19,12,Winter,0
10023456785,2024-12-10 20:00:00,2024-12-10,20:00:00,2.0746,Tuesday,20,12,Winter,0
10023456785,2024-12-10 21:00:00,2024-12-10,21:00:00,1.4953,Tuesday,21,12,Winter,0
10023456785,2024-12-10 22:00:00,2024-12-10,22:00:00,1.2911,Tuesday,22,12,Winter,0
10023456785,2024-12-10 23:00:00,2024-12-10,23:00:00,0.8754,Tuesday,23,12,Winter,0
10023456785,2024-12-11 00:00:00,2024-12-11,00:00:00,0.6572,Wednesday,0,12,Winter,0
10023456785,2024-12-11 01:00:00,2024-12-11,01:00:00,0.5309,Wednesday,1,12,Winter,0
10023456785,2024-12-11 02:00:00,2024-12-11,02:00:00,0.5148,Wednesday,2,12,Winter,0
10023456785,2024-12-11 03:00:00,2024-12-11,03:00:00,0.5101,Wednesday,3,12,Winter,0
10023456785,2024-12-11 04:00:00,2024-12-11,04:00:00,0.6394,Wednesday,4,12,Winter,0
10023456785,2024-12-11 05:00:00,2024-12-11,05:00:00,0.7717,Wednesday,5,12,Winter,0
10023456785,2024-12-11 06:00:00,2024-12-11,06:00:00,1.1421,Wednesday,6,12,Winter,0
10023456785,2024-12-11 07:00:00,2024-12-11,07:00:00,2.2209,Wednesday,7,12,Winter,0
10023456785,2024-12-11 08:00:00,2024-12-11,08:00:00,2.3246,Wednesday,8,12,Winter,0
10023456785,2024-12-11 09:00:00,2024-12-11,09:00:00,2.7145,Wednesday,9,12,Winter,0
10023456785,2024-12-11 10:00:00,2024-12-11,10:00:00,1.7228,Wednesday,10,12,Winter,0
10023456785,2024-12-11 11:00:00,2024-12-11,11:00:00,1.5520,Wednesday,11,12,Winter,0
10023456785,2024-12-11 12:00:00,2024-12-11,12:00:00,1.8370,Wednesday,12,12,Winter,0
10023456785,2024-12-11 13:00:00,2024-12-11,13:00:00,1.8056,Wednesday,13,12,Winter,0
10023456785,2024-12-11 14:00:00,2024-12-11,14:00:00,2.1102,Wednesday,14,12,Winter,0
10023456785,2024-12-11 15:00:00,2024-12-11,15:00:00,1.5562,Wednesday,15,12,Winter,0
10023456785,2024-12-11 16:00:00,2024-12-11,16:00:00,1.7133,Wednesday,16,12,Winter,0
10023456785,2024-12-11 17:00:00,2024-12-11,17:00:00,2.1326,Wednesday,17,12,Winter,0
10023456785,2024-12-11 18:00:00,2024-12-11,18:00:00,2.5249,Wednesday,18,12,Winter,0
10023456785,2024-12-11 19:00:00,2024-12-11,19:00:00,2.1321,Wednesday,19,12,Winter,0
10023456785,2024-12-11 20:00:00,2024-12-11,20:00:00,2.4451,Wednesday,20,12,Winter,0
10023456785,2024-12-11 21:00:00,2024-12-11,21:00:00,1.4915,Wednesday,21,12,Winter,0
10023456785,2024-12-11 22:00:00,2024-12-11,22:00:00,0.8173,Wednesday,22,12,Winter,0
10023456785,2024-12-11 23:00:00,2024-12-11,23:00:00,0.8054,Wednesday,23,12,Winter,0
10023456785,2024-12-12 00:00:00,2024-12-12,00:00:00,0.7132,Thursday,0,12,Winter,0
10023456785,2024-12-12 01:00:00,2024-12-12,01:00:00,0.6790,Thursday,1,12,Winter,0
10023456785,2024-12-12 02:00:00,2024-12-12,02:00:00,0.7344,Thursday,2,12,Winter,0
10023456785,2024-12-12 03:00:00,2024-12-12,03:00:00,0.7137,Thursday,3,12,Winter,0
10023456785,2024-12-12 04:00:00,2024-12-12,04:00:00,0.8802,Thursday,4,12,Winter,0
10023456785,2024-12-12 05:00:00,2024-12-12,05:00:00,0.8987,Thursday,5,12,Winter,0
10023456785,2024-12-12 06:00:00,2024-12-12,06:00:00,1.6824,Thursday,6,12,Winter,0
10023456785,2024-12-12 07:00:00,2024-12-12,07:00:00,1.8457,Thursday,7,12,Winter,0
10023456785,2024-12-12 08:00:00,2024-12-12,08:00:00,2.6588,Thursday,8,12,Winter,0
10023456785,2024-12-12 09:00:00,2024-12-12,09:00:00,2.3574,Thursday,9,12,Winter,0
10023456785,2024-12-12 10:00:00,2024-12-12,10:00:00,2.3998,Thursday,10,12,Winter,0
10023456785,2024-12-12 11:00:00,2024-12-12,11:00:00,2.2107,Thursday,11,12,Winter,0
10023456785,2024-12-12 12:00:00,2024-12-12,12:00:00,2.1090,Thursday,12,12,Winter,0
10023456785,2024-12-12 13:00:00,2024-12-12,13:00:00,2.4131,Thursday,13,12,Winter,0
10023456785,2024-12-12 14:00:00,2024-12-12,14:00:00,2.3968,Thursday,14,12,Winter,0
10023456785,2024-12-12 15:00:00,2024-12-12,15:00:00,2.1232,Thursday,15,12,Winter,0
10023456785,2024-12-12 16:00:00,2024-12-12,16:00:00,2.6634,Thursday,16,12,Winter,0
10023456785,2024-12-12 17:00:00,2024-12-12,17:00:00,2.6859,Thursday,17,12,Winter,0
10023456785,2024-12-12 18:00:00,2024-12-12,18:00:00,2.5523,Thursday,18,12,Winter,0
10023456785,2024-12-12 19:00:00,2024-12-12,19:00:00,2.4379,Thursday,19,12,Winter,0
10023456785,2024-12-12 20:00:00,2024-12-12,20:00:00,2.1785,Thursday,20,12,Winter,0
10023456785,2024-12-12 21:00:00,2024-12-12,21:00:00,2.0468,Thursday,21,12,Winter,0
10023456785,2024-12-12 22:00:00,2024-12-12,22:00:00,1.4726,Thursday,22,12,Winter,0
10023456785,2024-12-12 23:00:00,2024-12-12,23:00:00,0.9448,Thursday,23,12,Winter,0
10023456785,2024-12-13 00:00:00,2024-12-13,00:00:00,0.7280,Friday,0,12,Winter,0
10023456785,2024-12-13 01:00:00,2024-12-13,01:00:00,0.6503,Friday,1,12,Winter,0
10023456785,2024-12-13 02:00:00,2024-12-13,02:00:00,0.8516,Friday,2,12,Winter,0
10023456785,2024-12-13 03:00:00,2024-12-13,03:00:00,0.7580,Friday,3,12,Winter,0
10023456785,2024-12-13 04:00:00,2024-12-13,04:00:00,1.1518,Friday,4,12,Winter,0
10023456785,2024-12-13 05:00:00,2024-12-13,05:00:00,1.3158,Friday,5,12,Winter,0
10023456785,2024-12-13 06:00:00,2024-12-13,06:00:00,1.8228,Friday,6,12,Winter,0
10023456785,2024-12-13 07:00:00,2024-12-13,07:00:00,3.1088,Friday,7,12,Winter,0
10023456785,2024-12-13 08:00:00,2024-12-13,08:00:00,2.9078,Friday,8,12,Winter,0
10023456785,2024-12-13 09:00:00,2024-12-13,09:00:00,2.7732,Friday,9,12,Winter,0
10023456785,2024-12-13 10:00:00,2024-12-13,10:00:00,2.7927,Friday,10,12,Winter,0
10023456785,2024-12-13 11:00:00,2024-12-13,11:00:00,2.6419,Friday,11,12,Winter,0
10023456785,2024-12-13 12:00:00,2024-12-13,12:00:00,13.7603,Friday,12,12,Winter,1
10023456785,2024-12-13 13:00:00,2024-12-13,13:00:00,2.4061,Friday,13,12,Winter,0
10023456785,2024-12-13 14:00:00,2024-12-13,14:00:00,2.8165,Friday,14,12,Winter,0
10023456785,2024-12-13 15:00:00,2024-12-13,15:00:00,2.1441,Friday,15,12,Winter,0
10023456785,2024-12-13 16:00:00,2024-12-13,16:00:00,2.4449,Friday,16,12,Winter,0
10023456785,2024-12-13 17:00:00,2024-12-13,17:00:00,2.8594,Friday,17,12,Winter,0
10023456785,2024-12-13 18:00:00,2024-12-13,18:00:00,0.4686,Friday,18,12,Winter,1
10023456785,2024-12-13 19:00:00,2024-12-13,19:00:00,0.5224,Friday,19,12,Winter,1
10023456785,2024-12-13 20:00:00,2024-12-13,20:00:00,0.2569,Friday,20,12,Winter,1
10023456785,2024-12-13 21:00:00,2024-12-13,21:00:00,2.0570,Friday,21,12,Winter,0
10023456785,2024-12-13 22:00:00,2024-12-13,22:00:00,1.4308,Friday,22,12,Winter,0
10023456785,2024-12-13 23:00:00,2024-12-13,23:00:00,1.0305,Friday,23,12,Winter,0
10023456785,2024-12-14 00:00:00,2024-12-14,00:00:00,0.7307,Saturday,0,12,Winter,0
10023456785,2024-12-14 01:00:00,2024-12-14,01:00:00,0.6677,Saturday,1,12,Winter,0
10023456785,2024-12-14 02:00:00,2024-12-14,02:00:00,0.5320,Saturday,2,12,Winter,0
10023456785,2024-12-14 03:00:00,2024-12-14,03:00:00,0.5138,Saturday,3,12,Winter,0
10023456785,2024-12-14 04:00:00,2024-12-14,04:00:00,0.5625,Saturday,4,12,Winter,0
10023456785,2024-12-14 05:00:00,2024-12-14,05:00:00,0.7469,Saturday,5,12,Winter,0
10023456785,2024-12-14 06:00:00,2024-12-14,06:00:00,1.0962,Saturday,6,12,Winter,0
10023456785,2024-12-14 07:00:00,2024-12-14,07:00:00,1.4920,Saturday,7,12,Winter,0
10023456785,2024-12-14 08:00:00,2024-12-14,08:00:00,1.6835,Saturday,8,12,Winter,0
10023456785,2024-12-14 09:00:00,2024-12-14,09:00:00,1.9542,Saturday,9,12,Winter,0
10023456785,2024-12-14 10:00:00,2024-12-14,10:00:00,1.3928,Saturday,10,12,Winter,0
10023456785,2024-12-14 11:00:00,2024-12-14,11:00:00,1.5274,Saturday,11,12,Winter,0
10023456785,2024-12-14 12:00:00,2024-12-14,12:00:00,1.6963,Saturday,12,12,Winter,0
10023456785,2024-12-14 13:00:00,2024-12-14,13:00:00,1.8290,Saturday,13,12,Winter,0
10023456785,2024-12-14 14:00:00,2024-12-14,14:00:00,1.7085,Saturday,14,12,Winter,0
10023456785,2024-12-14 15:00:00,2024-12-14,15:00:00,1.3846,Saturday,15,12,Winter,0
10023456785,2024-12-14 16:00:00,2024-12-14,16:00:00,1.5282,Saturday,16,12,Winter,0
10023456785,2024-12-14 17:00:00,2024-12-14,17:00:00,2.0646,Saturday,17,12,Winter,0
10023456785,2024-12-14 18:00:00,2024-12-14,18:00:00,2.3687,Saturday,18,12,Winter,0
10023456785,2024-12-14 19:00:00,2024-12-14,19:00:00,2.3781,Saturday,19,12,Winter,0
10023456785,2024-12-14 20:00:00,2024-12-14,20:00:00,1.3837,Saturday,20,12,Winter,0
10023456785,2024-12-14 21:00:00,2024-12-14,21:00:00,1.5240,Saturday,21,12,Winter,0
10023456785,2024-12-14 22:00:00,2024-12-14,22:00:00,1.0783,Saturday,22,12,Winter,0
10023456785,2024-12-14 23:00:00,2024-12-14,23:00:00,0.7955,Saturday,23,12,Winter,0
10023456785,2024-12-15 00:00:00,2024-12-15,00:00:00,0.6376,Sunday,0,12,Winter,0
10023456785,2024-12-15 01:00:00,2024-12-15,01:00:00,0.5923,Sunday,1,12,Winter,0
10023456785,2024-12-15 02:00:00,2024-12-15,02:00:00,0.6481,Sunday,2,12,Winter,0
10023456785,2024-12-15 03:00:00,2024-12-15,03:00:00,0.5835,Sunday,3,12,Winter,0
10023456785,2024-12-15 04:00:00,2024-12-15,04:00:00,0.6464,Sunday,4,12,Winter,0
10023456785,2024-12-15 05:00:00,2024-12-15,05:00:00,4.3113,Sunday,5,12,Winter,1
10023456785,2024-12-15 06:00:00,2024-12-15,06:00:00,6.6271,Sunday,6,12,Winter,1
10023456785,2024-12-15 07:00:00,2024-12-15,07:00:00,5.0559,Sunday,7,12,Winter,1
10023456785,2024-12-15 08:00:00,2024-12-15,08:00:00,1.3316,Sunday,8,12,Winter,0
10023456785,2024-12-15 09:00:00,2024-12-15,09:00:00,1.7178,Sunday,9,12,Winter,0
10023456785,2024-12-15 10:00:00,2024-12-15,10:00:00,1.5330,Sunday,10,12,Winter,0
10023456785,2024-12-15 11:00:00,2024-12-15,11:00:00,1.6063,Sunday,11,12,Winter,0
10023456785,2024-12-15 12:00:00,2024-12-15,12:00:00,1.3598,Sunday,12,12,Winter,0
10023456785,2024-12-15 13:00:00,2024-12-15,13:00:00,1.6325,Sunday,13,12,Winter,0
10023456785,2024-12-15 14:00:00,2024-12-15,14:00:00,1.5078,Sunday,14,12,Winter,0
10023456785,2024-12-15 15:00:00,2024-12-15,15:00:00,1.1479,Sunday,15,12,Winter,0
10023456785,2024-12-15 16:00:00,2024-12-15,16:00:00,1.7312,Sunday,16,12,Winter,0
10023456785,2024-12-15 17:00:00,2024-12-15,17:00:00,1.7194,Sunday,17,12,Winter,0
10023456785,2024-12-15 18:00:00,2024-12-15,18:00:00,2.2908,Sunday,18,12,Winter,0
10023456785,2024-12-15 19:00:00,2024-12-15,19:00:00,1.9661,Sunday,19,12,Winter,0
10023456785,2024-12-15 20:00:00,2024-12-15,20:00:00,1.8036,Sunday,20,12,Winter,0
10023456785,2024-12-15 21:00:00,2024-12-15,21:00:00,0.1663,Sunday,21,12,Winter,1
10023456785,2024-12-15 22:00:00,2024-12-15,22:00:00,0.1498,Sunday,22,12,Winter,1
10023456785,2024-12-15 23:00:00,2024-12-15,23:00:00,0.6729,Sunday,23,12,Winter,0
10023456785,2024-12-16 00:00:00,2024-12-16,00:00:00,0.9886,Monday,0,12,Winter,0
10023456785,2024-12-16 01:00:00,2024-12-16,01:00:00,1.1705,Monday,1,12,Winter,0
10023456785,2024-12-16 02:00:00,2024-12-16,02:00:00,0.9876,Monday,2,12,Winter,0
10023456785,2024-12-16 03:00:00,2024-12-16,03:00:00,1.0031,Monday,3,12,Winter,0
10023456785,2024-12-16 04:00:00,2024-12-16,04:00:00,0.9527,Monday,4,12,Winter,0
10023456785,2024-12-16 05:00:00,2024-12-16,05:00:00,1.6085,Monday,5,12,Winter,0
10023456785,2024-12-16 06:00:00,2024-12-16,06:00:00,2.6451,Monday,6,12,Winter,0
10023456785,2024-12-16 07:00:00,2024-12-16,07:00:00,2.6843,Monday,7,12,Winter,0
10023456785,2024-12-16 08:00:00,2024-12-16,08:00:00,3.3798,Monday,8,12,Winter,0
10023456785,2024-12-16 09:00:00,2024-12-16,09:00:00,3.4378,Monday,9,12,Winter,0
10023456785,2024-12-16 10:00:00,2024-12-16,10:00:00,3.7986,Monday,10,12,Winter,0
10023456785,2024-12-16 11:00:00,2024-12-16,11:00:00,3.0461,Monday,11,12,Winter,0
10023456785,2024-12-16 12:00:00,2024-12-16,12:00:00,3.3097,Monday,12,12,Winter,0
10023456785,2024-12-16 13:00:00,2024-12-16,13:00:00,2.5715,Monday,13,12,Winter,0
10023456785,2024-12-16 14:00:00,2024-12-16,14:00:00,2.8836,Monday,14,12,Winter,0
10023456785,2024-12-16 15:00:00,2024-12-16,15:00:00,3.0669,Monday,15,12,Winter,0
10023456785,2024-12-16 16:00:00,2024-12-16,16:00:00,3.0760,Monday,16,12,Winter,0
10023456785,2024-12-16 17:00:00,2024-12-16,17:00:00,3.6323,Monday,17,12,Winter,0
10023456785,2024-12-16 18:00:00,2024-12-16,18:00:00,3.5569,Monday,18,12,Winter,0
10023456785,2024-12-16 19:00:00,2024-12-16,19:00:00,3.0162,Monday,19,12,Winter,0
10023456785,2024-12-16 20:00:00,2024-12-16,20:00:00,3.7501,Monday,20,12,Winter,0
10023456785,2024-12-16 21:00:00,2024-12-16,21:00:00,2.2790,Monday,21,12,Winter,0
10023456785,2024-12-16 22:00:00,2024-12-16,22:00:00,2.0220,Monday,22,12,Winter,0
10023456785,2024-12-16 23:00:00,2024-12-16,23:00:00,1.2564,Monday,23,12,Winter,0
10023456785,2024-12-17 00:00:00,2024-12-17,00:00:00,0.9684,Tuesday,0,12,Winter,0
10023456785,2024-12-17 01:00:00,2024-12-17,01:00:00,0.7491,Tuesday,1,12,Winter,0
10023456785,2024-12-17 02:00:00,2024-12-17,02:00:00,0.6228,Tuesday,2,12,Winter,0
10023456785,2024-12-17 03:00:00,2024-12-17,03:00:00,0.6751,Tuesday,3,12,Winter,0
10023456785,2024-12-17 04:00:00,2024-12-17,04:00:00,0.7119,Tuesday,4,12,Winter,0
10023456785,2024-12-17 05:00:00,2024-12-17,05:00:00,0.8969,Tuesday,5,12,Winter,0
10023456785,2024-12-17 06:00:00,2024-12-17,06:00:00,1.8120,Tuesday,6,12,Winter,0
10023456785,2024-12-17 07:00:00,2024-12-17,07:00:00,2.4277,Tuesday,7,12,Winter,0
10023456785,2024-12-17 08:00:00,2024-12-17,08:00:00,2.6961,Tuesday,8,12,Winter,0
10023456785,2024-12-17 09:00:00,2024-12-17,09:00:00,1.9082,Tuesday,9,12,Winter,0
10023456785,2024-12-17 10:00:00,2024-12-17,10:00:00,2.1712,Tuesday,10,12,Winter,0
10023456785,2024-12-17 11:00:00,2024-12-17,11:00:00,2.6173,Tuesday,11,12,Winter,0
10023456785,2024-12-17 12:00:00,2024-12-17,12:00:00,0.2216,Tuesday,12,12,Winter,1
10023456785,2024-12-17 13:00:00,2024-12-17,13:00:00,2.3933,Tuesday,13,12,Winter,0
10023456785,2024-12-17 14:00:00,2024-12-17,14:00:00,2.2869,Tuesday,14,12,Winter,0
10023456785,2024-12-17 15:00:00,2024-12-17,15:00:00,2.4650,Tuesday,15,12,Winter,0
10023456785,2024-12-17 16:00:00,2024-12-17,16:00:00,2.1267,Tuesday,16,12,Winter,0
10023456785,2024-12-17 17:00:00,2024-12-17,17:00:00,2.4063,Tuesday,17,12,Winter,0
10023456785,2024-12-17 18:00:00,2024-12-17,18:00:00,2.8812,Tuesday,18,12,Winter,0
10023456785,2024-12-17 19:00:00,2024-12-17,19:00:00,3.0201,Tuesday,19,12,Winter,0
10023456785,2024-12-17 20:00:00,2024-12-17,20:00:00,2.6156,Tuesday,20,12,Winter,0
10023456785,2024-12-17 21:00:00,2024-12-17,21:00:00,1.7220,Tuesday,21,12,Winter,0
10023456785,2024-12-17 22:00:00,2024-12-17,22:00:00,1.6674,Tuesday,22,12,Winter,0
10023456785,2024-12-17 23:00:00,2024-12-17,23:00:00,0.8514,Tuesday,23,12,Winter,0
10023456785,2024-12-18 00:00:00,2024-12-18,00:00:00,1.0641,Wednesday,0,12,Winter,0
10023456785,2024-12-18 01:00:00,2024-12-18,01:00:00,0.8002,Wednesday,1,12,Winter,0
10023456785,2024-12-18 02:00:00,2024-12-18,02:00:00,0.5995,Wednesday,2,12,Winter,0
10023456785,2024-12-18 03:00:00,2024-12-18,03:00:00,0.6612,Wednesday,3,12,Winter,0
10023456785,2024-12-18 04:00:00,2024-12-18,04:00:00,0.7451,Wednesday,4,12,Winter,0
10023456785,2024-12-18 05:00:00,2024-12-18,05:00:00,1.1551,Wednesday,5,12,Winter,0
10023456785,2024-12-18 06:00:00,2024-12-18,06:00:00,1.5763,Wednesday,6,12,Winter,0
10023456785,2024-12-18 07:00:00,2024-12-18,07:00:00,1.7338,Wednesday,7,12,Winter,0
10023456785,2024-12-18 08:00:00,2024-12-18,08:00:00,3.3499,Wednesday,8,12,Winter,0
10023456785,2024-12-18 09:00:00,2024-12-18,09:00:00,2.3209,Wednesday,9,12,Winter,0
10023456785,2024-12-18 10:00:00,2024-12-18,10:00:00,2.7954,Wednesday,10,12,Winter,0
10023456785,2024-12-18 11:00:00,2024-12-18,11:00:00,2.3217,Wednesday,11,12,Winter,0
10023456785,2024-12-18 12:00:00,2024-12-18,12:00:00,2.1271,Wednesday,12,12,Winter,0
10023456785,2024-12-18 13:00:00,2024-12-18,13:00:00,2.1842,Wednesday,13,12,Winter,0
10023456785,2024-12-18 14:00:00,2024-12-18,14:00:00,2.0035,Wednesday,14,12,Winter,0
10023456785,2024-12-18 15:00:00,2024-12-18,15:00:00,2.0233,Wednesday,15,12,Winter,0
10023456785,2024-12-18 16:00:00,2024-12-18,16:00:00,2.0480,Wednesday,16,12,Winter,0
10023456785,2024-12-18 17:00:00,2024-12-18,17:00:00,2.1191,Wednesday,17,12,Winter,0
10023456785,2024-12-18 18:00:00,2024-12-18,18:00:00,2.8432,Wednesday,18,12,Winter,0
10023456785,2024-12-18 19:00:00,2024-12-18,19:00:00,2.4863,Wednesday,19,12,Winter,0
10023456785,2024-12-18 20:00:00,2024-12-18,20:00:00,2.3757,Wednesday,20,12,Winter,0
10023456785,2024-12-18 21:00:00,2024-12-18,21:00:00,1.9904,Wednesday,21,12,Winter,0
10023456785,2024-12-18 22:00:00,2024-12-18,22:00:00,1.3223,Wednesday,22,12,Winter,0
10023456785,2024-12-18 23:00:00,2024-12-18,23:00:00,0.9691,Wednesday,23,12,Winter,0
10023456785,2024-12-19 00:00:00,2024-12-19,00:00:00,0.7645,Thursday,0,12,Winter,0
10023456785,2024-12-19 01:00:00,2024-12-19,01:00:00,0.6166,Thursday,1,12,Winter,0
10023456785,2024-12-19 02:00:00,2024-12-19,02:00:00,0.7481,Thursday,2,12,Winter,0
10023456785,2024-12-19 03:00:00,2024-12-19,03:00:00,0.6936,Thursday,3,12,Winter,0
10023456785,2024-12-19 04:00:00,2024-12-19,04:00:00,0.6658,Thursday,4,12,Winter,0
10023456785,2024-12-19 05:00:00,2024-12-19,05:00:00,0.9995,Thursday,5,12,Winter,0
10023456785,2024-12-19 06:00:00,2024-12-19,06:00:00,1.4199,Thursday,6,12,Winter,0
10023456785,2024-12-19 07:00:00,2024-12-19,07:00:00,2.5256,Thursday,7,12,Winter,0
10023456785,2024-12-19 08:00:00,2024-12-19,08:00:00,2.2830,Thursday,8,12,Winter,0
10023456785,2024-12-19 09:00:00,2024-12-19,09:00:00,2.5678,Thursday,9,12,Winter,0
10023456785,2024-12-19 10:00:00,2024-12-19,10:00:00,1.9959,Thursday,10,12,Winter,0
10023456785,2024-12-19 11:00:00,2024-12-19,11:00:00,1.6452,Thursday,11,12,Winter,0
10023456785,2024-12-19 12:00:00,2024-12-19,12:00:00,1.5572,Thursday,12,12,Winter,0
10023456785,2024-12-19 13:00:00,2024-12-19,13:00:00,1.7315,Thursday,13,12,Winter,0
10023456785,2024-12-19 14:00:00,2024-12-19,14:00:00,1.7270,Thursday,14,12,Winter,0
10023456785,2024-12-19 15:00:00,2024-12-19,15:00:00,1.8292,Thursday,15,12,Winter,0
10023456785,2024-12-19 16:00:00,2024-12-19,16:00:00,2.5585,Thursday,16,12,Winter,0
10023456785,2024-12-19 17:00:00,2024-12-19,17:00:00,2.6771,Thursday,17,12,Winter,0
10023456785,2024-12-19 18:00:00,2024-12-19,18:00:00,4.3465,Thursday,18,12,Winter,1
10023456785,2024-12-19 19:00:00,2024-12-19,19:00:00,3.7996,Thursday,19,12,Winter,1
10023456785,2024-12-19 20:00:00,2024-12-19,20:00:00,5.0591,Thursday,20,12,Winter,1
10023456785,2024-12-19 21:00:00,2024-12-19,21:00:00,3.2740,Thursday,21,12,Winter,1
10023456785,2024-12-19 22:00:00,2024-12-19,22:00:00,2.8025,Thursday,22,12,Winter,1
10023456785,2024-12-19 23:00:00,2024-12-19,23:00:00,1.8255,Thursday,23,12,Winter,1
10023456785,2024-12-20 00:00:00,2024-12-20,00:00:00,0.7046,Friday,0,12,Winter,0
10023456785,2024-12-20 01:00:00,2024-12-20,01:00:00,0.7304,Friday,1,12,Winter,0
10023456785,2024-12-20 02:00:00,2024-12-20,02:00:00,0.6157,Friday,2,12,Winter,0
10023456785,2024-12-20 03:00:00,2024-12-20,03:00:00,0.6402,Friday,3,12,Winter,0
10023456785,2024-12-20 04:00:00,2024-12-20,04:00:00,0.9892,Friday,4,12,Winter,0
10023456785,2024-12-20 05:00:00,2024-12-20,05:00:00,1.0255,Friday,5,12,Winter,0
10023456785,2024-12-20 06:00:00,2024-12-20,06:00:00,2.0445,Friday,6,12,Winter,0
10023456785,2024-12-20 07:00:00,2024-12-20,07:00:00,2.1009,Friday,7,12,Winter,0
10023456785,2024-12-20 08:00:00,2024-12-20,08:00:00,0.1588,Friday,8,12,Winter,1
10023456785,2024-12-20 09:00:00,2024-12-20,09:00:00,2.7121,Friday,9,12,Winter,0
10023456785,2024-12-20 10:00:00,2024-12-20,10:00:00,2.5734,Friday,10,12,Winter,0
10023456785,2024-12-20 11:00:00,2024-12-20,11:00:00,2.2398,Friday,11,12,Winter,0
10023456785,2024-12-20 12:00:00,2024-12-20,12:00:00,2.0928,Friday,12,12,Winter,0
10023456785,2024-12-20 13:00:00,2024-12-20,13:00:00,2.1091,Friday,13,12,Winter,0
10023456785,2024-12-20 14:00:00,2024-12-20,14:00:00,2.3269,Friday,14,12,Winter,0
10023456785,2024-12-20 15:00:00,2024-12-20,15:00:00,2.4813,Friday,15,12,Winter,0
10023456785,2024-12-20 16:00:00,2024-12-20,16:00:00,2.4793,Friday,16,12,Winter,0
10023456785,2024-12-20 17:00:00,2024-12-20,17:00:00,2.8066,Friday,17,12,Winter,0
10023456785,2024-12-20 18:00:00,2024-12-20,18:00:00,8.0380,Friday,18,12,Winter,1
10023456785,2024-12-20 19:00:00,2024-12-20,19:00:00,2.7656,Friday,19,12,Winter,0
10023456785,2024-12-20 20:00:00,2024-12-20,20:00:00,2.8524,Friday,20,12,Winter,0
10023456785,2024-12-20 21:00:00,2024-12-20,21:00:00,2.0600,Friday,21,12,Winter,0
10023456785,2024-12-20 22:00:00,2024-12-20,22:00:00,1.5833,Friday,22,12,Winter,0
10023456785,2024-12-20 23:00:00,2024-12-20,23:00:00,1.1442,Friday,23,12,Winter,0
10023456785,2024-12-21 00:00:00,2024-12-21,00:00:00,0.9584,Saturday,0,12,Winter,0
10023456785,2024-12-21 01:00:00,2024-12-21,01:00:00,0.7312,Saturday,1,12,Winter,0
10023456785,2024-12-21 02:00:00,2024-12-21,02:00:00,0.7216,Saturday,2,12,Winter,0
10023456785,2024-12-21 03:00:00,2024-12-21,03:00:00,0.5620,Saturday,3,12,Winter,0
10023456785,2024-12-21 04:00:00,2024-12-21,04:00:00,0.5872,Saturday,4,12,Winter,0
10023456785,2024-12-21 05:00:00,2024-12-21,05:00:00,5.7907,Saturday,5,12,Winter,1
10023456785,2024-12-21 06:00:00,2024-12-21,06:00:00,1.2964,Saturday,6,12,Winter,0
10023456785,2024-12-21 07:00:00,2024-12-21,07:00:00,1.3075,Saturday,7,12,Winter,0
10023456785,2024-12-21 08:00:00,2024-12-21,08:00:00,1.8504,Saturday,8,12,Winter,0
10023456785,2024-12-21 09:00:00,2024-12-21,09:00:00,1.6546,Saturday,9,12,Winter,0
10023456785,2024-12-21 10:00:00,2024-12-21,10:00:00,1.9894,Saturday,10,12,Winter,0
10023456785,2024-12-21 11:00:00,2024-12-21,11:00:00,1.6618,Saturday,11,12,Winter,0
10023456785,2024-12-21 12:00:00,2024-12-21,12:00:00,1.5952,Saturday,12,12,Winter,0
10023456785,2024-12-21 13:00:00,2024-12-21,13:00:00,1.6656,Saturday,13,12,Winter,0
10023456785,2024-12-21 14:00:00,2024-12-21,14:00:00,1.8418,Saturday,14,12,Winter,0
10023456785,2024-12-21 15:00:00,2024-12-21,15:00:00,1.5274,Saturday,15,12,Winter,0
10023456785,2024-12-21 16:00:00,2024-12-21,16:00:00,2.0618,Saturday,16,12,Winter,0
10023456785,2024-12-21 17:00:00,2024-12-21,17:00:00,1.5570,Saturday,17,12,Winter,0
10023456785,2024-12-21 18:00:00,2024-12-21,18:00:00,1.9461,Saturday,18,12,Winter,0
10023456785,2024-12-21 19:00:00,2024-12-21,19:00:00,2.1180,Saturday,19,12,Winter,0
10023456785,2024-12-21 20:00:00,2024-12-21,20:00:00,2.1300,Saturday,20,12,Winter,0
10023456785,2024-12-21 21:00:00,2024-12-21,21:00:00,1.7877,Saturday,21,12,Winter,0
10023456785,2024-12-21 22:00:00,2024-12-21,22:00:00,1.4949,Saturday,22,12,Winter,0
10023456785,2024-12-21 23:00:00,2024-12-21,23:00:00,1.0659,Saturday,23,12,Winter,0
10023456785,2024-12-22 00:00:00,2024-12-22,00:00:00,0.5883,Sunday,0,12,Winter,0
10023456785,2024-12-22 01:00:00,2024-12-22,01:00:00,0.5279,Sunday,1,12,Winter,0
10023456785,2024-12-22 02:00:00,2024-12-22,02:00:00,0.5148,Sunday,2,12,Winter,0
10023456785,2024-12-22 03:00:00,2024-12-22,03:00:00,0.5703,Sunday,3,12,Winter,0
10023456785,2024-12-22 04:00:00,2024-12-22,04:00:00,0.6505,Sunday,4,12,Winter,0
10023456785,2024-12-22 05:00:00,2024-12-22,05:00:00,0.6171,Sunday,5,12,Winter,0
10023456785,2024-12-22 06:00:00,2024-12-22,06:00:00,0.8621,Sunday,6,12,Winter,0
10023456785,2024-12-22 07:00:00,2024-12-22,07:00:00,1.3499,Sunday,7,12,Winter,0
10023456785,2024-12-22 08:00:00,2024-12-22,08:00:00,1.5484,Sunday,8,12,Winter,0
10023456785,2024-12-22 09:00:00,2024-12-22,09:00:00,1.4899,Sunday,9,12,Winter,0
10023456785,2024-12-22 10:00:00,2024-12-22,10:00:00,1.3411,Sunday,10,12,Winter,0
10023456785,2024-12-22 11:00:00,2024-12-22,11:00:00,1.5189,Sunday,11,12,Winter,0
10023456785,2024-12-22 12:00:00,2024-12-22,12:00:00,1.2077,Sunday,12,12,Winter,0
10023456785,2024-12-22 13:00:00,2024-12-22,13:00:00,1.4097,Sunday,13,12,Winter,0
10023456785,2024-12-22 14:00:00,2024-12-22,14:00:00,1.2735,Sunday,14,12,Winter,0
10023456785,2024-12-22 15:00:00,2024-12-22,15:00:00,1.3078,Sunday,15,12,Winter,0
10023456785,2024-12-22 16:00:00,2024-12-22,16:00:00,1.5730,Sunday,16,12,Winter,0
10023456785,2024-12-22 17:00:00,2024-12-22,17:00:00,1.7417,Sunday,17,12,Winter,0
10023456785,2024-12-22 18:00:00,2024-12-22,18:00:00,1.8088,Sunday,18,12,Winter,0
10023456785,2024-12-22 19:00:00,2024-12-22,19:00:00,2.1886,Sunday,19,12,Winter,0
10023456785,2024-12-22 20:00:00,2024-12-22,20:00:00,1.4858,Sunday,20,12,Winter,0
10023456785,2024-12-22 21:00:00,2024-12-22,21:00:00,1.2799,Sunday,21,12,Winter,0
10023456785,2024-12-22 22:00:00,2024-12-22,22:00:00,1.0303,Sunday,22,12,Winter,0
10023456785,2024-12-22 23:00:00,2024-12-22,23:00:00,0.7027,Sunday,23,12,Winter,0
10023456785,2024-12-23 00:00:00,2024-12-23,00:00:00,0.7219,Monday,0,12,Winter,0
10023456785,2024-12-23 01:00:00,2024-12-23,01:00:00,0.4540,Monday,1,12,Winter,0
10023456785,2024-12-23 02:00:00,2024-12-23,02:00:00,0.4598,Monday,2,12,Winter,0
10023456785,2024-12-23 03:00:00,2024-12-23,03:00:00,0.4672,Monday,3,12,Winter,0
10023456785,2024-12-23 04:00:00,2024-12-23,04:00:00,0.7471,Monday,4,12,Winter,0
10023456785,2024-12-23 05:00:00,2024-12-23,05:00:00,1.0412,Monday,5,12,Winter,0
10023456785,2024-12-23 06:00:00,2024-12-23,06:00:00,1.3511,Monday,6,12,Winter,0
10023456785,2024-12-23 07:00:00,2024-12-23,07:00:00,2.1389,Monday,7,12,Winter,0
10023456785,2024-12-23 08:00:00,2024-12-23,08:00:00,2.3779,Monday,8,12,Winter,0
10023456785,2024-12-23 09:00:00,2024-12-23,09:00:00,2.3594,Monday,9,12,Winter,0
10023456785,2024-12-23 10:00:00,2024-12-23,10:00:00,1.8886,Monday,10,12,Winter,0
10023456785,2024-12-23 11:00:00,2024-12-23,11:00:00,1.9113,Monday,11,12,Winter,0
10023456785,2024-12-23 12:00:00,2024-12-23,12:00:00,1.3848,Monday,12,12,Winter,0
10023456785,2024-12-23 13:00:00,2024-12-23,13:00:00,2.0238,Monday,13,12,Winter,0
10023456785,2024-12-23 14:00:00,2024-12-23,14:00:00,1.7514,Monday,14,12,Winter,0
10023456785,2024-12-23 15:00:00,2024-12-23,15:00:00,2.0313,Monday,15,12,Winter,0
10023456785,2024-12-23 16:00:00,2024-12-23,16:00:00,2.1298,Monday,16,12,Winter,0
10023456785,2024-12-23 17:00:00,2024-12-23,17:00:00,2.3205,Monday,17,12,Winter,0
10023456785,2024-12-23 18:00:00,2024-12-23,18:00:00,2.3254,Monday,18,12,Winter,0
10023456785,2024-12-23 19:00:00,2024-12-23,19:00:00,1.9954,Monday,19,12,Winter,0
10023456785,2024-12-23 20:00:00,2024-12-23,20:00:00,2.2505,Monday,20,12,Winter,0
10023456785,2024-12-23 21:00:00,2024-12-23,21:00:00,1.5510,Monday,21,12,Winter,0
10023456785,2024-12-23 22:00:00,2024-12-23,22:00:00,1.0982,Monday,22,12,Winter,0
10023456785,2024-12-23 23:00:00,2024-12-23,23:00:00,0.9028,Monday,23,12,Winter,0
10023456785,2024-12-24 00:00:00,2024-12-24,00:00:00,0.6179,Tuesday,0,12,Winter,0
10023456785,2024-12-24 01:00:00,2024-12-24,01:00:00,0.4672,Tuesday,1,12,Winter,0
10023456785,2024-12-24 02:00:00,2024-12-24,02:00:00,0.4827,Tuesday,2,12,Winter,0
10023456785,2024-12-24 03:00:00,2024-12-24,03:00:00,5.1955,Tuesday,3,12,Winter,1
10023456785,2024-12-24 04:00:00,2024-12-24,04:00:00,0.5324,Tuesday,4,12,Winter,0
10023456785,2024-12-24 05:00:00,2024-12-24,05:00:00,0.7707,Tuesday,5,12,Winter,0
10023456785,2024-12-24 06:00:00,2024-12-24,06:00:00,1.2249,Tuesday,6,12,Winter,0
10023456785,2024-12-24 07:00:00,2024-12-24,07:00:00,1.6244,Tuesday,7,12,Winter,0
10023456785,2024-12-24 08:00:00,2024-12-24,08:00:00,1.6471,Tuesday,8,12,Winter,0
10023456785,2024-12-24 09:00:00,2024-12-24,09:00:00,1.5282,Tuesday,9,12,Winter,0
10023456785,2024-12-24 10:00:00,2024-12-24,10:00:00,1.4308,Tuesday,10,12,Winter,0
10023456785,2024-12-24 11:00:00,2024-12-24,11:00:00,1.9229,Tuesday,11,12,Winter,0
10023456785,2024-12-24 12:00:00,2024-12-24,12:00:00,1.4457,Tuesday,12,12,Winter,0
10023456785,2024-12-24 13:00:00,2024-12-24,13:00:00,1.2894,Tuesday,13,12,Winter,0
10023456785,2024-12-24 14:00:00,2024-12-24,14:00:00,1.3329,Tuesday,14,12,Winter,0
10023456785,2024-12-24 15:00:00,2024-12-24,15:00:00,1.4528,Tuesday,15,12,Winter,0
10023456785,2024-12-24 16:00:00,2024-12-24,16:00:00,1.4029,Tuesday,16,12,Winter,0
10023456785,2024-12-24 17:00:00,2024-12-24,17:00:00,1.9885,Tuesday,17,12,Winter,0
10023456785,2024-12-24 18:00:00,2024-12-24,18:00:00,2.0825,Tuesday,18,12,Winter,0
10023456785,2024-12-24 19:00:00,2024-12-24,19:00:00,4.5908,Tuesday,19,12,Winter,1
10023456785,2024-12-24 20:00:00,2024-12-24,20:00:00,1.6511,Tuesday,20,12,Winter,0
10023456785,2024-12-24 21:00:00,2024-12-24,21:00:00,1.3466,Tuesday,21,12,Winter,0
10023456785,2024-12-24 22:00:00,2024-12-24,22:00:00,0.7765,Tuesday,22,12,Winter,0
10023456785,2024-12-24 23:00:00,2024-12-24,23:00:00,0.9088,Tuesday,23,12,Winter,0
10023456785,2024-12-25 00:00:00,2024-12-25,00:00:00,0.6597,Wednesday,0,12,Winter,0
10023456785,2024-12-25 01:00:00,2024-12-25,01:00:00,0.6665,Wednesday,1,12,Winter,0
10023456785,2024-12-25 02:00:00,2024-12-25,02:00:00,0.5792,Wednesday,2,12,Winter,0
10023456785,2024-12-25 03:00:00,2024-12-25,03:00:00,0.6204,Wednesday,3,12,Winter,0
10023456785,2024-12-25 04:00:00,2024-12-25,04:00:00,0.7965,Wednesday,4,12,Winter,0
10023456785,2024-12-25 05:00:00,2024-12-25,05:00:00,0.7015,Wednesday,5,12,Winter,0
10023456785,2024-12-25 06:00:00,2024-12-25,06:00:00,1.6273,Wednesday,6,12,Winter,0
10023456785,2024-12-25 07:00:00,2024-12-25,07:00:00,1.7673,Wednesday,7,12,Winter,0
10023456785,2024-12-25 08:00:00,2024-12-25,08:00:00,2.4015,Wednesday,8,12,Winter,0
10023456785,2024-12-25 09:00:00,2024-12-25,09:00:00,2.5732,Wednesday,9,12,Winter,0
10023456785,2024-12-25 10:00:00,2024-12-25,10:00:00,2.0246,Wednesday,10,12,Winter,0
10023456785,2024-12-25 11:00:00,2024-12-25,11:00:00,1.3415,Wednesday,11,12,Winter,0
10023456785,2024-12-25 12:00:00,2024-12-25,12:00:00,1.5718,Wednesday,12,12,Winter,0
10023456785,2024-12-25 13:00:00,2024-12-25,13:00:00,2.0624,Wednesday,13,12,Winter,0
10023456785,2024-12-25 14:00:00,2024-12-25,14:00:00,4.7812,Wednesday,14,12,Winter,1
10023456785,2024-12-25 15:00:00,2024-12-25,15:00:00,1.9442,Wednesday,15,12,Winter,0
10023456785,2024-12-25 16:00:00,2024-12-25,16:00:00,1.8992,Wednesday,16,12,Winter,0
10023456785,2024-12-25 17:00:00,2024-12-25,17:00:00,2.2938,Wednesday,17,12,Winter,0
10023456785,2024-12-25 18:00:00,2024-12-25,18:00:00,2.3558,Wednesday,18,12,Winter,0
10023456785,2024-12-25 19:00:00,2024-12-25,19:00:00,0.5680,Wednesday,19,12,Winter,1
10023456785,2024-12-25 20:00:00,2024-12-25,20:00:00,0.2131,Wednesday,20,12,Winter,1
10023456785,2024-12-25 21:00:00,2024-12-25,21:00:00,0.1861,Wednesday,21,12,Winter,1
10023456785,2024-12-25 22:00:00,2024-12-25,22:00:00,1.4647,Wednesday,22,12,Winter,0
10023456785,2024-12-25 23:00:00,2024-12-25,23:00:00,0.7331,Wednesday,23,12,Winter,0
10023456785,2024-12-26 00:00:00,2024-12-26,00:00:00,2.3629,Thursday,0,12,Winter,1
10023456785,2024-12-26 01:00:00,2024-12-26,01:00:00,0.7277,Thursday,1,12,Winter,0
10023456785,2024-12-26 02:00:00,2024-12-26,02:00:00,0.5553,Thursday,2,12,Winter,0
10023456785,2024-12-26 03:00:00,2024-12-26,03:00:00,0.4867,Thursday,3,12,Winter,0
10023456785,2024-12-26 04:00:00,2024-12-26,04:00:00,0.5332,Thursday,4,12,Winter,0
10023456785,2024-12-26 05:00:00,2024-12-26,05:00:00,0.8861,Thursday,5,12,Winter,0
10023456785,2024-12-26 06:00:00,2024-12-26,06:00:00,1.1691,Thursday,6,12,Winter,0
10023456785,2024-12-26 07:00:00,2024-12-26,07:00:00,1.9668,Thursday,7,12,Winter,0
10023456785,2024-12-26 08:00:00,2024-12-26,08:00:00,1.7865,Thursday,8,12,Winter,0
10023456785,2024-12-26 09:00:00,2024-12-26,09:00:00,4.6714,Thursday,9,12,Winter,1
10023456785,2024-12-26 10:00:00,2024-12-26,10:00:00,1.8707,Thursday,10,12,Winter,0
10023456785,2024-12-26 11:00:00,2024-12-26,11:00:00,1.7248,Thursday,11,12,Winter,0
10023456785,2024-12-26 12:00:00,2024-12-26,12:00:00,1.7379,Thursday,12,12,Winter,0
10023456785,2024-12-26 13:00:00,2024-12-26,13:00:00,1.4850,Thursday,13,12,Winter,0
10023456785,2024-12-26 14:00:00,2024-12-26,14:00:00,1.5590,Thursday,14,12,Winter,0
10023456785,2024-12-26 15:00:00,2024-12-26,15:00:00,1.6700,Thursday,15,12,Winter,0
10023456785,2024-12-26 16:00:00,2024-12-26,16:00:00,1.6619,Thursday,16,12,Winter,0
10023456785,2024-12-26 17:00:00,2024-12-26,17:00:00,1.8207,Thursday,17,12,Winter,0
10023456785,2024-12-26 18:00:00,2024-12-26,18:00:00,2.8783,Thursday,18,12,Winter,0
10023456785,2024-12-26 19:00:00,2024-12-26,19:00:00,2.2660,Thursday,19,12,Winter,0
10023456785,2024-12-26 20:00:00,2024-12-26,20:00:00,2.5698,Thursday,20,12,Winter,0
10023456785,2024-12-26 21:00:00,2024-12-26,21:00:00,1.2684,Thursday,21,12,Winter,0
10023456785,2024-12-26 22:00:00,2024-12-26,22:00:00,0.9669,Thursday,22,12,Winter,0
10023456785,2024-12-26 23:00:00,2024-12-26,23:00:00,0.8464,Thursday,23,12,Winter,0
10023456785,2024-12-27 00:00:00,2024-12-27,00:00:00,0.6152,Friday,0,12,Winter,0
10023456785,2024-12-27 01:00:00,2024-12-27,01:00:00,0.7705,Friday,1,12,Winter,0
10023456785,2024-12-27 02:00:00,2024-12-27,02:00:00,0.5408,Friday,2,12,Winter,0
10023456785,2024-12-27 03:00:00,2024-12-27,03:00:00,4.3626,Friday,3,12,Winter,1
10023456785,2024-12-27 04:00:00,2024-12-27,04:00:00,4.9633,Friday,4,12,Winter,1
10023456785,2024-12-27 05:00:00,2024-12-27,05:00:00,0.8573,Friday,5,12,Winter,0
10023456785,2024-12-27 06:00:00,2024-12-27,06:00:00,1.5411,Friday,6,12,Winter,0
10023456785,2024-12-27 07:00:00,2024-12-27,07:00:00,1.6645,Friday,7,12,Winter,0
10023456785,2024-12-27 08:00:00,2024-12-27,08:00:00,2.4796,Friday,8,12,Winter,0
10023456785,2024-12-27 09:00:00,2024-12-27,09:00:00,2.2525,Friday,9,12,Winter,0
10023456785,2024-12-27 10:00:00,2024-12-27,10:00:00,1.8263,Friday,10,12,Winter,0
10023456785,2024-12-27 11:00:00,2024-12-27,11:00:00,2.0920,Friday,11,12,Winter,0
10023456785,2024-12-27 12:00:00,2024-12-27,12:00:00,1.7596,Friday,12,12,Winter,0
10023456785,2024-12-27 13:00:00,2024-12-27,13:00:00,1.9419,Friday,13,12,Winter,0
10023456785,2024-12-27 14:00:00,2024-12-27,14:00:00,1.9406,Friday,14,12,Winter,0
10023456785,2024-12-27 15:00:00,2024-12-27,15:00:00,1.8313,Friday,15,12,Winter,0
10023456785,2024-12-27 16:00:00,2024-12-27,16:00:00,2.4938,Friday,16,12,Winter,0
10023456785,2024-12-27 17:00:00,2024-12-27,17:00:00,2.3672,Friday,17,12,Winter,0
10023456785,2024-12-27 18:00:00,2024-12-27,18:00:00,2.5146,Friday,18,12,Winter,0
10023456785,2024-12-27 19:00:00,2024-12-27,19:00:00,2.7792,Friday,19,12,Winter,0
10023456785,2024-12-27 20:00:00,2024-12-27,20:00:00,2.2376,Friday,20,12,Winter,0
10023456785,2024-12-27 21:00:00,2024-12-27,21:00:00,1.4918,Friday,21,12,Winter,0
10023456785,2024-12-27 22:00:00,2024-12-27,22:00:00,1.1737,Friday,22,12,Winter,0
10023456785,2024-12-27 23:00:00,2024-12-27,23:00:00,0.8730,Friday,23,12,Winter,0
10023456785,2024-12-28 00:00:00,2024-12-28,00:00:00,0.5375,Saturday,0,12,Winter,0
10023456785,2024-12-28 01:00:00,2024-12-28,01:00:00,0.4454,Saturday,1,12,Winter,0
10023456785,2024-12-28 02:00:00,2024-12-28,02:00:00,0.3767,Saturday,2,12,Winter,0
10023456785,2024-12-28 03:00:00,2024-12-28,03:00:00,0.5371,Saturday,3,12,Winter,0
10023456785,2024-12-28 04:00:00,2024-12-28,04:00:00,0.5048,Saturday,4,12,Winter,0
10023456785,2024-12-28 05:00:00,2024-12-28,05:00:00,0.5373,Saturday,5,12,Winter,0
10023456785,2024-12-28 06:00:00,2024-12-28,06:00:00,0.7369,Saturday,6,12,Winter,0
10023456785,2024-12-28 07:00:00,2024-12-28,07:00:00,1.1505,Saturday,7,12,Winter,0
10023456785,2024-12-28 08:00:00,2024-12-28,08:00:00,1.3076,Saturday,8,12,Winter,0
10023456785,2024-12-28 09:00:00,2024-12-28,09:00:00,1.6364,Saturday,9,12,Winter,0
10023456785,2024-12-28 10:00:00,2024-12-28,10:00:00,1.5414,Saturday,10,12,Winter,0
10023456785,2024-12-28 11:00:00,2024-12-28,11:00:00,1.3590,Saturday,11,12,Winter,0
10023456785,2024-12-28 12:00:00,2024-12-28,12:00:00,1.1852,Saturday,12,12,Winter,0
10023456785,2024-12-28 13:00:00,2024-12-28,13:00:00,1.2851,Saturday,13,12,Winter,0
10023456785,2024-12-28 14:00:00,2024-12-28,14:00:00,1.0861,Saturday,14,12,Winter,0
10023456785,2024-12-28 15:00:00,2024-12-28,15:00:00,1.4649,Saturday,15,12,Winter,0
10023456785,2024-12-28 16:00:00,2024-12-28,16:00:00,1.4024,Saturday,16,12,Winter,0
10023456785,2024-12-28 17:00:00,2024-12-28,17:00:00,1.3604,Saturday,17,12,Winter,0
10023456785,2024-12-28 18:00:00,2024-12-28,18:00:00,1.6753,Saturday,18,12,Winter,0
10023456785,2024-12-28 19:00:00,2024-12-28,19:00:00,1.6405,Saturday,19,12,Winter,0
10023456785,2024-12-28 20:00:00,2024-12-28,20:00:00,1.6191,Saturday,20,12,Winter,0
10023456785,2024-12-28 21:00:00,2024-12-28,21:00:00,0.9096,Saturday,21,12,Winter,0
10023456785,2024-12-28 22:00:00,2024-12-28,22:00:00,0.8355,Saturday,22,12,Winter,0
10023456785,2024-12-28 23:00:00,2024-12-28,23:00:00,0.9669,Saturday,23,12,Winter,0
10023456785,2024-12-29 00:00:00,2024-12-29,00:00:00,0.4932,Sunday,0,12,Winter,0
10023456785,2024-12-29 01:00:00,2024-12-29,01:00:00,0.5018,Sunday,1,12,Winter,0
10023456785,2024-12-29 02:00:00,2024-12-29,02:00:00,0.3821,Sunday,2,12,Winter,0
10023456785,2024-12-29 03:00:00,2024-12-29,03:00:00,0.4770,Sunday,3,12,Winter,0
10023456785,2024-12-29 04:00:00,2024-12-29,04:00:00,0.5325,Sunday,4,12,Winter,0
10023456785,2024-12-29 05:00:00,2024-12-29,05:00:00,0.6907,Sunday,5,12,Winter,0
10023456785,2024-12-29 06:00:00,2024-12-29,06:00:00,0.8014,Sunday,6,12,Winter,0
10023456785,2024-12-29 07:00:00,2024-12-29,07:00:00,1.0599,Sunday,7,12,Winter,0
10023456785,2024-12-29 08:00:00,2024-12-29,08:00:00,1.2130,Sunday,8,12,Winter,0
10023456785,2024-12-29 09:00:00,2024-12-29,09:00:00,1.2691,Sunday,9,12,Winter,0
10023456785,2024-12-29 10:00:00,2024-12-29,10:00:00,1.2642,Sunday,10,12,Winter,0
10023456785,2024-12-29 11:00:00,2024-12-29,11:00:00,1.5145,Sunday,11,12,Winter,0
10023456785,2024-12-29 12:00:00,2024-12-29,12:00:00,0.9557,Sunday,12,12,Winter,0
10023456785,2024-12-29 13:00:00,2024-12-29,13:00:00,1.4620,Sunday,13,12,Winter,0
10023456785,2024-12-29 14:00:00,2024-12-29,14:00:00,1.4696,Sunday,14,12,Winter,0
10023456785,2024-12-29 15:00:00,2024-12-29,15:00:00,1.3243,Sunday,15,12,Winter,0
10023456785,2024-12-29 16:00:00,2024-12-29,16:00:00,1.3748,Sunday,16,12,Winter,0
10023456785,2024-12-29 17:00:00,2024-12-29,17:00:00,1.4501,Sunday,17,12,Winter,0
10023456785,2024-12-29 18:00:00,2024-12-29,18:00:00,1.4710,Sunday,18,12,Winter,0
10023456785,2024-12-29 19:00:00,2024-12-29,19:00:00,1.7487,Sunday,19,12,Winter,0
10023456785,2024-12-29 20:00:00,2024-12-29,20:00:00,1.3543,Sunday,20,12,Winter,0
10023456785,2024-12-29 21:00:00,2024-12-29,21:00:00,1.4885,Sunday,21,12,Winter,0
10023456785,2024-12-29 22:00:00,2024-12-29,22:00:00,4.5300,Sunday,22,12,Winter,1
10023456785,2024-12-29 23:00:00,2024-12-29,23:00:00,0.6428,Sunday,23,12,Winter,0
10023456785,2024-12-30 00:00:00,2024-12-30,00:00:00,0.5234,Monday,0,12,Winter,0
10023456785,2024-12-30 01:00:00,2024-12-30,01:00:00,0.8455,Monday,1,12,Winter,0
10023456785,2024-12-30 02:00:00,2024-12-30,02:00:00,0.7470,Monday,2,12,Winter,0
10023456785,2024-12-30 03:00:00,2024-12-30,03:00:00,0.6880,Monday,3,12,Winter,0
10023456785,2024-12-30 04:00:00,2024-12-30,04:00:00,0.8150,Monday,4,12,Winter,0
10023456785,2024-12-30 05:00:00,2024-12-30,05:00:00,1.2113,Monday,5,12,Winter,0
10023456785,2024-12-30 06:00:00,2024-12-30,06:00:00,1.6846,Monday,6,12,Winter,0
10023456785,2024-12-30 07:00:00,2024-12-30,07:00:00,2.4446,Monday,7,12,Winter,0
10023456785,2024-12-30 08:00:00,2024-12-30,08:00:00,2.2130,Monday,8,12,Winter,0
10023456785,2024-12-30 09:00:00,2024-12-30,09:00:00,2.3001,Monday,9,12,Winter,0
10023456785,2024-12-30 10:00:00,2024-12-30,10:00:00,2.4400,Monday,10,12,Winter,0
10023456785,2024-12-30 11:00:00,2024-12-30,11:00:00,2.2048,Monday,11,12,Winter,0
10023456785,2024-12-30 12:00:00,2024-12-30,12:00:00,1.9574,Monday,12,12,Winter,0
10023456785,2024-12-30 13:00:00,2024-12-30,13:00:00,2.3405,Monday,13,12,Winter,0
10023456785,2024-12-30 14:00:00,2024-12-30,14:00:00,2.3385,Monday,14,12,Winter,0
10023456785,2024-12-30 15:00:00,2024-12-30,15:00:00,2.4595,Monday,15,12,Winter,0
10023456785,2024-12-30 16:00:00,2024-12-30,16:00:00,1.9936,Monday,16,12,Winter,0
10023456785,2024-12-30 17:00:00,2024-12-30,17:00:00,2.1698,Monday,17,12,Winter,0
10023456785,2024-12-30 18:00:00,2024-12-30,18:00:00,2.8036,Monday,18,12,Winter,0
10023456785,2024-12-30 19:00:00,2024-12-30,19:00:00,2.8240,Monday,19,12,Winter,0
10023456785,2024-12-30 20:00:00,2024-12-30,20:00:00,2.7749,Monday,20,12,Winter,0
10023456785,2024-12-30 21:00:00,2024-12-30,21:00:00,1.4393,Monday,21,12,Winter,0
10023456785,2024-12-30 22:00:00,2024-12-30,22:00:00,1.4034,Monday,22,12,Winter,0
10023456785,2024-12-30 23:00:00,2024-12-30,23:00:00,1.8977,Monday,23,12,Winter,1
10023456785,2024-12-31 00:00:00,2024-12-31,00:00:00,0.7482,Tuesday,0,12,Winter,0
10023456785,2024-12-31 01:00:00,2024-12-31,01:00:00,0.7069,Tuesday,1,12,Winter,0
10023456785,2024-12-31 02:00:00,2024-12-31,02:00:00,0.5706,Tuesday,2,12,Winter,0
10023456785,2024-12-31 03:00:00,2024-12-31,03:00:00,0.5347,Tuesday,3,12,Winter,0
10023456785,2024-12-31 04:00:00,2024-12-31,04:00:00,0.7847,Tuesday,4,12,Winter,0
10023456785,2024-12-31 05:00:00,2024-12-31,05:00:00,0.9824,Tuesday,5,12,Winter,0
10023456785,2024-12-31 06:00:00,2024-12-31,06:00:00,1.5057,Tuesday,6,12,Winter,0
10023456785,2024-12-31 07:00:00,2024-12-31,07:00:00,2.2395,Tuesday,7,12,Winter,0
10023456785,2024-12-31 08:00:00,2024-12-31,08:00:00,2.5776,Tuesday,8,12,Winter,0
10023456785,2024-12-31 09:00:00,2024-12-31,09:00:00,2.5355,Tuesday,9,12,Winter,0
10023456785,2024-12-31 10:00:00,2024-12-31,10:00:00,1.8650,Tuesday,10,12,Winter,0
10023456785,2024-12-31 11:00:00,2024-12-31,11:00:00,1.7020,Tuesday,11,12,Winter,0
10023456785,2024-12-31 12:00:00,2024-12-31,12:00:00,1.8382,Tuesday,12,12,Winter,0
10023456785,2024-12-31 13:00:00,2024-12-31,13:00:00,2.0088,Tuesday,13,12,Winter,0
10023456785,2024-12-31 14:00:00,2024-12-31,14:00:00,1.8927,Tuesday,14,12,Winter,0
10023456785,2024-12-31 15:00:00,2024-12-31,15:00:00,1.6911,Tuesday,15,12,Winter,0
10023456785,2024-12-31 16:00:00,2024-12-31,16:00:00,4.3111,Tuesday,16,12,Winter,1
10023456785,2024-12-31 17:00:00,2024-12-31,17:00:00,8.4486,Tuesday,17,12,Winter,1
10023456785,2024-12-31 18:00:00,2024-12-31,18:00:00,5.9907,Tuesday,18,12,Winter,1
10023456785,2024-12-31 19:00:00,2024-12-31,19:00:00,6.2458,Tuesday,19,12,Winter,1
10023456785,2024-12-31 20:00:00,2024-12-31,20:00:00,4.1047,Tuesday,20,12,Winter,1
10023456785,2024-12-31 21:00:00,2024-12-31,21:00:00,1.7299,Tuesday,21,12,Winter,0
10023456785,2024-12-31 22:00:00,2024-12-31,22:00:00,1.4030,Tuesday,22,12,Winter,0
10023456785,2024-12-31 23:00:00,2024-12-31,23:00:00,1.0633,Tuesday,23,12,Winter,0
