consumer_number,timestamp,date,time,consumption_kwh,day_of_week,hour,month,season,ground_truth_anomaly
10023456782,2024-01-01 00:00:00,2024-01-01,00:00:00,1.2748,Monday,0,1,Winter,0
10023456782,2024-01-01 01:00:00,2024-01-01,01:00:00,1.1392,Monday,1,1,Winter,0
10023456782,2024-01-01 02:00:00,2024-01-01,02:00:00,1.0081,Monday,2,1,Winter,0
10023456782,2024-01-01 03:00:00,2024-01-01,03:00:00,1.1174,Monday,3,1,Winter,0
10023456782,2024-01-01 04:00:00,2024-01-01,04:00:00,1.2054,Monday,4,1,Winter,0
10023456782,2024-01-01 05:00:00,2024-01-01,05:00:00,1.7800,Monday,5,1,Winter,0
10023456782,2024-01-01 06:00:00,2024-01-01,06:00:00,2.2205,Monday,6,1,Winter,0
10023456782,2024-01-01 07:00:00,2024-01-01,07:00:00,3.8738,Monday,7,1,Winter,0
10023456782,2024-01-01 08:00:00,2024-01-01,08:00:00,3.5403,Monday,8,1,Winter,0
10023456782,2024-01-01 09:00:00,2024-01-01,09:00:00,3.4029,Monday,9,1,Winter,0
10023456782,2024-01-01 10:00:00,2024-01-01,10:00:00,3.3393,Monday,10,1,Winter,0
10023456782,2024-01-01 11:00:00,2024-01-01,11:00:00,3.7210,Monday,11,1,Winter,0
10023456782,2024-01-01 12:00:00,2024-01-01,12:00:00,3.2494,Monday,12,1,Winter,0
10023456782,2024-01-01 13:00:00,2024-01-01,13:00:00,3.2090,Monday,13,1,Winter,0
10023456782,2024-01-01 14:00:00,2024-01-01,14:00:00,3.3541,Monday,14,1,Winter,0
10023456782,2024-01-01 15:00:00,2024-01-01,15:00:00,10.1905,Monday,15,1,Winter,1
10023456782,2024-01-01 16:00:00,2024-01-01,16:00:00,3.6275,Monday,16,1,Winter,0
10023456782,2024-01-01 17:00:00,2024-01-01,17:00:00,4.3448,Monday,17,1,Winter,0
10023456782,2024-01-01 18:00:00,2024-01-01,18:00:00,4.1521,Monday,18,1,Winter,0
10023456782,2024-01-01 19:00:00,2024-01-01,19:00:00,3.5094,Monday,19,1,Winter,0
10023456782,2024-01-01 20:00:00,2024-01-01,20:00:00,4.4535,Monday,20,1,Winter,0
10023456782,2024-01-01 21:00:00,2024-01-01,21:00:00,2.9290,Monday,21,1,Winter,0
10023456782,2024-01-01 22:00:00,2024-01-01,22:00:00,6.0786,Monday,22,1,Winter,1
10023456782,2024-01-01 23:00:00,2024-01-01,23:00:00,1.4137,Monday,23,1,Winter,0
10023456782,2024-01-02 00:00:00,2024-01-02,00:00:00,2.3272,Tuesday,0,1,Winter,0
10023456782,2024-01-02 01:00:00,2024-01-02,01:00:00,1.5041,Tuesday,1,1,Winter,0
10023456782,2024-01-02 02:00:00,2024-01-02,02:00:00,1.2260,Tuesday,2,1,Winter,0
10023456782,2024-01-02 03:00:00,2024-01-02,03:00:00,1.1787,Tuesday,3,1,Winter,0
10023456782,2024-01-02 04:00:00,2024-01-02,04:00:00,1.3177,Tuesday,4,1,Winter,0
10023456782,2024-01-02 05:00:00,2024-01-02,05:00:00,2.1191,Tuesday,5,1,Winter,0
10023456782,2024-01-02 06:00:00,2024-01-02,06:00:00,3.6790,Tuesday,6,1,Winter,0
10023456782,2024-01-02 07:00:00,2024-01-02,07:00:00,4.8080,Tuesday,7,1,Winter,0
10023456782,2024-01-02 08:00:00,2024-01-02,08:00:00,5.2041,Tuesday,8,1,Winter,0
10023456782,2024-01-02 09:00:00,2024-01-02,09:00:00,5.1754,Tuesday,9,1,Winter,0
10023456782,2024-01-02 10:00:00,2024-01-02,10:00:00,4.6972,Tuesday,10,1,Winter,0
10023456782,2024-01-02 11:00:00,2024-01-02,11:00:00,4.2408,Tuesday,11,1,Winter,0
10023456782,2024-01-02 12:00:00,2024-01-02,12:00:00,4.4317,Tuesday,12,1,Winter,0
10023456782,2024-01-02 13:00:00,2024-01-02,13:00:00,4.0432,Tuesday,13,1,Winter,0
10023456782,2024-01-02 14:00:00,2024-01-02,14:00:00,4.4511,Tuesday,14,1,Winter,0
10023456782,2024-01-02 15:00:00,2024-01-02,15:00:00,3.1246,Tuesday,15,1,Winter,0
10023456782,2024-01-02 16:00:00,2024-01-02,16:00:00,3.7569,Tuesday,16,1,Winter,0
10023456782,2024-01-02 17:00:00,2024-01-02,17:00:00,5.2370,Tuesday,17,1,Winter,0
10023456782,2024-01-02 18:00:00,2024-01-02,18:00:00,5.3158,Tuesday,18,1,Winter,0
10023456782,2024-01-02 19:00:00,2024-01-02,19:00:00,4.4162,Tuesday,19,1,Winter,0
10023456782,2024-01-02 20:00:00,2024-01-02,20:00:00,5.5197,Tuesday,20,1,Winter,0
10023456782,2024-01-02 21:00:00,2024-01-02,21:00:00,4.6637,Tuesday,21,1,Winter,0
10023456782,2024-01-02 22:00:00,2024-01-02,22:00:00,2.7548,Tuesday,22,1,Winter,0
10023456782,2024-01-02 23:00:00,2024-01-02,23:00:00,1.9515,Tuesday,23,1,Winter,0
10023456782,2024-01-03 00:00:00,2024-01-03,00:00:00,1.4607,Wednesday,0,1,Winter,0
10023456782,2024-01-03 01:00:00,2024-01-03,01:00:00,1.3869,Wednesday,1,1,Winter,0
10023456782,2024-01-03 02:00:00,2024-01-03,02:00:00,1.3209,Wednesday,2,1,Winter,0
10023456782,2024-01-03 03:00:00,2024-01-03,03:00:00,1.2903,Wednesday,3,1,Winter,0
10023456782,2024-01-03 04:00:00,2024-01-03,04:00:00,1.5532,Wednesday,4,1,Winter,0
10023456782,2024-01-03 05:00:00,2024-01-03,05:00:00,2.2310,Wednesday,5,1,Winter,0
10023456782,2024-01-03 06:00:00,2024-01-03,06:00:00,3.3299,Wednesday,6,1,Winter,0
10023456782,2024-01-03 07:00:00,2024-01-03,07:00:00,4.7517,Wednesday,7,1,Winter,0
10023456782,2024-01-03 08:00:00,2024-01-03,08:00:00,6.2560,Wednesday,8,1,Winter,0
10023456782,2024-01-03 09:00:00,2024-01-03,09:00:00,4.6201,Wednesday,9,1,Winter,0
10023456782,2024-01-03 10:00:00,2024-01-03,10:00:00,4.8339,Wednesday,10,1,Winter,0
10023456782,2024-01-03 11:00:00,2024-01-03,11:00:00,5.1866,Wednesday,11,1,Winter,0
10023456782,2024-01-03 12:00:00,2024-01-03,12:00:00,4.6410,Wednesday,12,1,Winter,0
10023456782,2024-01-03 13:00:00,2024-01-03,13:00:00,4.5055,Wednesday,13,1,Winter,0
10023456782,2024-01-03 14:00:00,2024-01-03,14:00:00,4.2673,Wednesday,14,1,Winter,0
10023456782,2024-01-03 15:00:00,2024-01-03,15:00:00,4.0502,Wednesday,15,1,Winter,0
10023456782,2024-01-03 16:00:00,2024-01-03,16:00:00,4.4461,Wednesday,16,1,Winter,0
10023456782,2024-01-03 17:00:00,2024-01-03,17:00:00,5.8191,Wednesday,17,1,Winter,0
10023456782,2024-01-03 18:00:00,2024-01-03,18:00:00,5.4814,Wednesday,18,1,Winter,0
10023456782,2024-01-03 19:00:00,2024-01-03,19:00:00,6.6140,Wednesday,19,1,Winter,0
10023456782,2024-01-03 20:00:00,2024-01-03,20:00:00,5.5525,Wednesday,20,1,Winter,0
10023456782,2024-01-03 21:00:00,2024-01-03,21:00:00,4.1439,Wednesday,21,1,Winter,0
10023456782,2024-01-03 22:00:00,2024-01-03,22:00:00,3.1950,Wednesday,22,1,Winter,0
10023456782,2024-01-03 23:00:00,2024-01-03,23:00:00,1.9556,Wednesday,23,1,Winter,0
10023456782,2024-01-04 00:00:00,2024-01-04,00:00:00,1.7784,Thursday,0,1,Winter,0
10023456782,2024-01-04 01:00:00,2024-01-04,01:00:00,1.2608,Thursday,1,1,Winter,0
10023456782,2024-01-04 02:00:00,2024-01-04,02:00:00,1.4605,Thursday,2,1,Winter,0
10023456782,2024-01-04 03:00:00,2024-01-04,03:00:00,1.2557,Thursday,3,1,Winter,0
10023456782,2024-01-04 04:00:00,2024-01-04,04:00:00,1.4273,Thursday,4,1,Winter,0
10023456782,2024-01-04 05:00:00,2024-01-04,05:00:00,1.8641,Thursday,5,1,Winter,0
10023456782,2024-01-04 06:00:00,2024-01-04,06:00:00,2.9988,Thursday,6,1,Winter,0
10023456782,2024-01-04 07:00:00,2024-01-04,07:00:00,3.6054,Thursday,7,1,Winter,0
10023456782,2024-01-04 08:00:00,2024-01-04,08:00:00,5.0814,Thursday,8,1,Winter,0
10023456782,2024-01-04 09:00:00,2024-01-04,09:00:00,4.4396,Thursday,9,1,Winter,0
10023456782,2024-01-04 10:00:00,2024-01-04,10:00:00,4.3366,Thursday,10,1,Winter,0
10023456782,2024-01-04 11:00:00,2024-01-04,11:00:00,3.5901,Thursday,11,1,Winter,0
10023456782,2024-01-04 12:00:00,2024-01-04,12:00:00,3.5558,Thursday,12,1,Winter,0
10023456782,2024-01-04 13:00:00,2024-01-04,13:00:00,3.6825,Thursday,13,1,Winter,0
10023456782,2024-01-04 14:00:00,2024-01-04,14:00:00,3.3369,Thursday,14,1,Winter,0
10023456782,2024-01-04 15:00:00,2024-01-04,15:00:00,3.7557,Thursday,15,1,Winter,0
10023456782,2024-01-04 16:00:00,2024-01-04,16:00:00,3.4885,Thursday,16,1,Winter,0
10023456782,2024-01-04 17:00:00,2024-01-04,17:00:00,3.9844,Thursday,17,1,Winter,0
10023456782,2024-01-04 18:00:00,2024-01-04,18:00:00,4.9997,Thursday,18,1,Winter,0
10023456782,2024-01-04 19:00:00,2024-01-04,19:00:00,4.0009,Thursday,19,1,Winter,0
10023456782,2024-01-04 20:00:00,2024-01-04,20:00:00,3.0231,Thursday,20,1,Winter,0
10023456782,2024-01-04 21:00:00,2024-01-04,21:00:00,3.3612,Thursday,21,1,Winter,0
10023456782,2024-01-04 22:00:00,2024-01-04,22:00:00,2.9180,Thursday,22,1,Winter,0
10023456782,2024-01-04 23:00:00,2024-01-04,23:00:00,1.6095,Thursday,23,1,Winter,0
10023456782,2024-01-05 00:00:00,2024-01-05,00:00:00,1.1911,Friday,0,1,Winter,0
10023456782,2024-01-05 01:00:00,2024-01-05,01:00:00,1.0214,Friday,1,1,Winter,0
10023456782,2024-01-05 02:00:00,2024-01-05,02:00:00,1.2586,Friday,2,1,Winter,0
10023456782,2024-01-05 03:00:00,2024-01-05,03:00:00,0.9137,Friday,3,1,Winter,0
10023456782,2024-01-05 04:00:00,2024-01-05,04:00:00,1.0874,Friday,4,1,Winter,0
10023456782,2024-01-05 05:00:00,2024-01-05,05:00:00,1.5576,Friday,5,1,Winter,0
10023456782,2024-01-05 06:00:00,2024-01-05,06:00:00,2.9182,Friday,6,1,Winter,0
10023456782,2024-01-05 07:00:00,2024-01-05,07:00:00,3.3520,Friday,7,1,Winter,0
10023456782,2024-01-05 08:00:00,2024-01-05,08:00:00,3.6006,Friday,8,1,Winter,0
10023456782,2024-01-05 09:00:00,2024-01-05,09:00:00,3.3277,Friday,9,1,Winter,0
10023456782,2024-01-05 10:00:00,2024-01-05,10:00:00,3.0082,Friday,10,1,Winter,0
10023456782,2024-01-05 11:00:00,2024-01-05,11:00:00,2.5761,Friday,11,1,Winter,0
10023456782,2024-01-05 12:00:00,2024-01-05,12:00:00,2.6435,Friday,12,1,Winter,0
10023456782,2024-01-05 13:00:00,2024-01-05,13:00:00,2.8691,Friday,13,1,Winter,0
10023456782,2024-01-05 14:00:00,2024-01-05,14:00:00,2.9984,Friday,14,1,Winter,0
10023456782,2024-01-05 15:00:00,2024-01-05,15:00:00,2.9338,Friday,15,1,Winter,0
10023456782,2024-01-05 16:00:00,2024-01-05,16:00:00,3.6393,Friday,16,1,Winter,0
10023456782,2024-01-05 17:00:00,2024-01-05,17:00:00,3.5595,Friday,17,1,Winter,0
10023456782,2024-01-05 18:00:00,2024-01-05,18:00:00,3.8753,Friday,18,1,Winter,0
10023456782,2024-01-05 19:00:00,2024-01-05,19:00:00,4.8777,Friday,19,1,Winter,0
10023456782,2024-01-05 20:00:00,2024-01-05,20:00:00,3.3640,Friday,20,1,Winter,0
10023456782,2024-01-05 21:00:00,2024-01-05,21:00:00,2.8313,Friday,21,1,Winter,0
10023456782,2024-01-05 22:00:00,2024-01-05,22:00:00,2.3363,Friday,22,1,Winter,0
10023456782,2024-01-05 23:00:00,2024-01-05,23:00:00,1.2561,Friday,23,1,Winter,0
10023456782,2024-01-06 00:00:00,2024-01-06,00:00:00,0.9649,Saturday,0,1,Winter,0
10023456782,2024-01-06 01:00:00,2024-01-06,01:00:00,0.8996,Saturday,1,1,Winter,0
10023456782,2024-01-06 02:00:00,2024-01-06,02:00:00,0.9317,Saturday,2,1,Winter,0
10023456782,2024-01-06 03:00:00,2024-01-06,03:00:00,1.0193,Saturday,3,1,Winter,0
10023456782,2024-01-06 04:00:00,2024-01-06,04:00:00,1.0067,Saturday,4,1,Winter,0
10023456782,2024-01-06 05:00:00,2024-01-06,05:00:00,1.3723,Saturday,5,1,Winter,0
10023456782,2024-01-06 06:00:00,2024-01-06,06:00:00,1.5692,Saturday,6,1,Winter,0
10023456782,2024-01-06 07:00:00,2024-01-06,07:00:00,2.0649,Saturday,7,1,Winter,0
10023456782,2024-01-06 08:00:00,2024-01-06,08:00:00,2.6806,Saturday,8,1,Winter,0
10023456782,2024-01-06 09:00:00,2024-01-06,09:00:00,3.0381,Saturday,9,1,Winter,0
10023456782,2024-01-06 10:00:00,2024-01-06,10:00:00,2.5771,Saturday,10,1,Winter,0
10023456782,2024-01-06 11:00:00,2024-01-06,11:00:00,2.6966,Saturday,11,1,Winter,0
10023456782,2024-01-06 12:00:00,2024-01-06,12:00:00,2.5252,Saturday,12,1,Winter,0
10023456782,2024-01-06 13:00:00,2024-01-06,13:00:00,2.3114,Saturday,13,1,Winter,0
10023456782,2024-01-06 14:00:00,2024-01-06,14:00:00,2.4398,Saturday,14,1,Winter,0
10023456782,2024-01-06 15:00:00,2024-01-06,15:00:00,2.7262,Saturday,15,1,Winter,0
10023456782,2024-01-06 16:00:00,2024-01-06,16:00:00,2.7870,Saturday,16,1,Winter,0
10023456782,2024-01-06 17:00:00,2024-01-06,17:00:00,3.1582,Saturday,17,1,Winter,0
10023456782,2024-01-06 18:00:00,2024-01-06,18:00:00,3.0512,Saturday,18,1,Winter,0
10023456782,2024-01-06 19:00:00,2024-01-06,19:00:00,3.3847,Saturday,19,1,Winter,0
10023456782,2024-01-06 20:00:00,2024-01-06,20:00:00,3.1684,Saturday,20,1,Winter,0
10023456782,2024-01-06 21:00:00,2024-01-06,21:00:00,2.4377,Saturday,21,1,Winter,0
10023456782,2024-01-06 22:00:00,2024-01-06,22:00:00,1.6569,Saturday,22,1,Winter,0
10023456782,2024-01-06 23:00:00,2024-01-06,23:00:00,1.4811,Saturday,23,1,Winter,0
10023456782,2024-01-07 00:00:00,2024-01-07,00:00:00,1.3339,Sunday,0,1,Winter,0
10023456782,2024-01-07 01:00:00,2024-01-07,01:00:00,0.9610,Sunday,1,1,Winter,0
10023456782,2024-01-07 02:00:00,2024-01-07,02:00:00,1.1784,Sunday,2,1,Winter,0
10023456782,2024-01-07 03:00:00,2024-01-07,03:00:00,0.8338,Sunday,3,1,Winter,0
10023456782,2024-01-07 04:00:00,2024-01-07,04:00:00,1.0708,Sunday,4,1,Winter,0
10023456782,2024-01-07 05:00:00,2024-01-07,05:00:00,1.0189,Sunday,5,1,Winter,0
10023456782,2024-01-07 06:00:00,2024-01-07,06:00:00,1.4103,Sunday,6,1,Winter,0
10023456782,2024-01-07 07:00:00,2024-01-07,07:00:00,2.3645,Sunday,7,1,Winter,0
10023456782,2024-01-07 08:00:00,2024-01-07,08:00:00,2.6269,Sunday,8,1,Winter,0
10023456782,2024-01-07 09:00:00,2024-01-07,09:00:00,2.9212,Sunday,9,1,Winter,0
10023456782,2024-01-07 10:00:00,2024-01-07,10:00:00,3.1765,Sunday,10,1,Winter,0
10023456782,2024-01-07 11:00:00,2024-01-07,11:00:00,3.1674,Sunday,11,1,Winter,0
10023456782,2024-01-07 12:00:00,2024-01-07,12:00:00,2.7399,Sunday,12,1,Winter,0
10023456782,2024-01-07 13:00:00,2024-01-07,13:00:00,2.7912,Sunday,13,1,Winter,0
10023456782,2024-01-07 14:00:00,2024-01-07,14:00:00,2.7992,Sunday,14,1,Winter,0
10023456782,2024-01-07 15:00:00,2024-01-07,15:00:00,2.6626,Sunday,15,1,Winter,0
10023456782,2024-01-07 16:00:00,2024-01-07,16:00:00,2.6409,Sunday,16,1,Winter,0
10023456782,2024-01-07 17:00:00,2024-01-07,17:00:00,3.2584,Sunday,17,1,Winter,0
10023456782,2024-01-07 18:00:00,2024-01-07,18:00:00,3.5300,Sunday,18,1,Winter,0
10023456782,2024-01-07 19:00:00,2024-01-07,19:00:00,4.6356,Sunday,19,1,Winter,0
10023456782,2024-01-07 20:00:00,2024-01-07,20:00:00,3.0719,Sunday,20,1,Winter,0
10023456782,2024-01-07 21:00:00,2024-01-07,21:00:00,3.0227,Sunday,21,1,Winter,0
10023456782,2024-01-07 22:00:00,2024-01-07,22:00:00,2.2349,Sunday,22,1,Winter,0
10023456782,2024-01-07 23:00:00,2024-01-07,23:00:00,1.4334,Sunday,23,1,Winter,0
10023456782,2024-01-08 00:00:00,2024-01-08,00:00:00,2.1746,Monday,0,1,Winter,0
10023456782,2024-01-08 01:00:00,2024-01-08,01:00:00,1.8278,Monday,1,1,Winter,0
10023456782,2024-01-08 02:00:00,2024-01-08,02:00:00,1.9363,Monday,2,1,Winter,0
10023456782,2024-01-08 03:00:00,2024-01-08,03:00:00,1.8375,Monday,3,1,Winter,0
10023456782,2024-01-08 04:00:00,2024-01-08,04:00:00,1.7442,Monday,4,1,Winter,0
10023456782,2024-01-08 05:00:00,2024-01-08,05:00:00,2.0514,Monday,5,1,Winter,0
10023456782,2024-01-08 06:00:00,2024-01-08,06:00:00,4.1757,Monday,6,1,Winter,0
10023456782,2024-01-08 07:00:00,2024-01-08,07:00:00,5.2232,Monday,7,1,Winter,0
10023456782,2024-01-08 08:00:00,2024-01-08,08:00:00,4.8195,Monday,8,1,Winter,0
10023456782,2024-01-08 09:00:00,2024-01-08,09:00:00,4.6210,Monday,9,1,Winter,0
10023456782,2024-01-08 10:00:00,2024-01-08,10:00:00,4.6457,Monday,10,1,Winter,0
10023456782,2024-01-08 11:00:00,2024-01-08,11:00:00,4.4620,Monday,11,1,Winter,0
10023456782,2024-01-08 12:00:00,2024-01-08,12:00:00,4.1454,Monday,12,1,Winter,0
10023456782,2024-01-08 13:00:00,2024-01-08,13:00:00,4.0939,Monday,13,1,Winter,0
10023456782,2024-01-08 14:00:00,2024-01-08,14:00:00,4.0319,Monday,14,1,Winter,0
10023456782,2024-01-08 15:00:00,2024-01-08,15:00:00,4.7872,Monday,15,1,Winter,0
10023456782,2024-01-08 16:00:00,2024-01-08,16:00:00,5.2258,Monday,16,1,Winter,0
10023456782,2024-01-08 17:00:00,2024-01-08,17:00:00,5.1926,Monday,17,1,Winter,0
10023456782,2024-01-08 18:00:00,2024-01-08,18:00:00,6.0511,Monday,18,1,Winter,0
10023456782,2024-01-08 19:00:00,2024-01-08,19:00:00,5.0018,Monday,19,1,Winter,0
10023456782,2024-01-08 20:00:00,2024-01-08,20:00:00,4.2391,Monday,20,1,Winter,0
10023456782,2024-01-08 21:00:00,2024-01-08,21:00:00,4.0963,Monday,21,1,Winter,0
10023456782,2024-01-08 22:00:00,2024-01-08,22:00:00,2.7773,Monday,22,1,Winter,0
10023456782,2024-01-08 23:00:00,2024-01-08,23:00:00,1.9857,Monday,23,1,Winter,0
10023456782,2024-01-09 00:00:00,2024-01-09,00:00:00,0.9866,Tuesday,0,1,Winter,0
10023456782,2024-01-09 01:00:00,2024-01-09,01:00:00,1.0455,Tuesday,1,1,Winter,0
10023456782,2024-01-09 02:00:00,2024-01-09,02:00:00,1.0161,Tuesday,2,1,Winter,0
10023456782,2024-01-09 03:00:00,2024-01-09,03:00:00,0.9214,Tuesday,3,1,Winter,0
10023456782,2024-01-09 04:00:00,2024-01-09,04:00:00,1.0557,Tuesday,4,1,Winter,0
10023456782,2024-01-09 05:00:00,2024-01-09,05:00:00,1.6781,Tuesday,5,1,Winter,0
10023456782,2024-01-09 06:00:00,2024-01-09,06:00:00,2.3748,Tuesday,6,1,Winter,0
10023456782,2024-01-09 07:00:00,2024-01-09,07:00:00,2.8666,Tuesday,7,1,Winter,0
10023456782,2024-01-09 08:00:00,2024-01-09,08:00:00,3.2685,Tuesday,8,1,Winter,0
10023456782,2024-01-09 09:00:00,2024-01-09,09:00:00,3.1405,Tuesday,9,1,Winter,0
10023456782,2024-01-09 10:00:00,2024-01-09,10:00:00,2.8775,Tuesday,10,1,Winter,0
10023456782,2024-01-09 11:00:00,2024-01-09,11:00:00,2.7746,Tuesday,11,1,Winter,0
10023456782,2024-01-09 12:00:00,2024-01-09,12:00:00,2.5729,Tuesday,12,1,Winter,0
10023456782,2024-01-09 13:00:00,2024-01-09,13:00:00,3.3293,Tuesday,13,1,Winter,0
10023456782,2024-01-09 14:00:00,2024-01-09,14:00:00,3.5882,Tuesday,14,1,Winter,0
10023456782,2024-01-09 15:00:00,2024-01-09,15:00:00,2.8733,Tuesday,15,1,Winter,0
10023456782,2024-01-09 16:00:00,2024-01-09,16:00:00,2.8084,Tuesday,16,1,Winter,0
10023456782,2024-01-09 17:00:00,2024-01-09,17:00:00,3.6008,Tuesday,17,1,Winter,0
10023456782,2024-01-09 18:00:00,2024-01-09,18:00:00,2.8188,Tuesday,18,1,Winter,0
10023456782,2024-01-09 19:00:00,2024-01-09,19:00:00,3.0976,Tuesday,19,1,Winter,0
10023456782,2024-01-09 20:00:00,2024-01-09,20:00:00,3.0547,Tuesday,20,1,Winter,0
10023456782,2024-01-09 21:00:00,2024-01-09,21:00:00,2.6727,Tuesday,21,1,Winter,0
10023456782,2024-01-09 22:00:00,2024-01-09,22:00:00,2.1157,Tuesday,22,1,Winter,0
10023456782,2024-01-09 23:00:00,2024-01-09,23:00:00,1.2768,Tuesday,23,1,Winter,0
10023456782,2024-01-10 00:00:00,2024-01-10,00:00:00,1.6198,Wednesday,0,1,Winter,0
10023456782,2024-01-10 01:00:00,2024-01-10,01:00:00,1.2040,Wednesday,1,1,Winter,0
10023456782,2024-01-10 02:00:00,2024-01-10,02:00:00,1.1850,Wednesday,2,1,Winter,0
10023456782,2024-01-10 03:00:00,2024-01-10,03:00:00,1.2552,Wednesday,3,1,Winter,0
10023456782,2024-01-10 04:00:00,2024-01-10,04:00:00,1.5482,Wednesday,4,1,Winter,0
10023456782,2024-01-10 05:00:00,2024-01-10,05:00:00,1.9375,Wednesday,5,1,Winter,0
10023456782,2024-01-10 06:00:00,2024-01-10,06:00:00,3.3019,Wednesday,6,1,Winter,0
10023456782,2024-01-10 07:00:00,2024-01-10,07:00:00,3.5212,Wednesday,7,1,Winter,0
10023456782,2024-01-10 08:00:00,2024-01-10,08:00:00,4.8122,Wednesday,8,1,Winter,0
10023456782,2024-01-10 09:00:00,2024-01-10,09:00:00,5.0044,Wednesday,9,1,Winter,0
10023456782,2024-01-10 10:00:00,2024-01-10,10:00:00,3.8247,Wednesday,10,1,Winter,0
10023456782,2024-01-10 11:00:00,2024-01-10,11:00:00,4.3247,Wednesday,11,1,Winter,0
10023456782,2024-01-10 12:00:00,2024-01-10,12:00:00,3.6942,Wednesday,12,1,Winter,0
10023456782,2024-01-10 13:00:00,2024-01-10,13:00:00,3.4722,Wednesday,13,1,Winter,0
10023456782,2024-01-10 14:00:00,2024-01-10,14:00:00,3.9868,Wednesday,14,1,Winter,0
10023456782,2024-01-10 15:00:00,2024-01-10,15:00:00,3.7094,Wednesday,15,1,Winter,0
10023456782,2024-01-10 16:00:00,2024-01-10,16:00:00,16.5546,Wednesday,16,1,Winter,1
10023456782,2024-01-10 17:00:00,2024-01-10,17:00:00,3.5875,Wednesday,17,1,Winter,0
10023456782,2024-01-10 18:00:00,2024-01-10,18:00:00,4.7492,Wednesday,18,1,Winter,0
10023456782,2024-01-10 19:00:00,2024-01-10,19:00:00,5.1960,Wednesday,19,1,Winter,0
10023456782,2024-01-10 20:00:00,2024-01-10,20:00:00,3.4404,Wednesday,20,1,Winter,0
10023456782,2024-01-10 21:00:00,2024-01-10,21:00:00,3.9862,Wednesday,21,1,Winter,0
10023456782,2024-01-10 22:00:00,2024-01-10,22:00:00,2.2392,Wednesday,22,1,Winter,0
10023456782,2024-01-10 23:00:00,2024-01-10,23:00:00,2.0705,Wednesday,23,1,Winter,0
10023456782,2024-01-11 00:00:00,2024-01-11,00:00:00,1.5206,Thursday,0,1,Winter,0
10023456782,2024-01-11 01:00:00,2024-01-11,01:00:00,1.7088,Thursday,1,1,Winter,0
10023456782,2024-01-11 02:00:00,2024-01-11,02:00:00,1.4863,Thursday,2,1,Winter,0
10023456782,2024-01-11 03:00:00,2024-01-11,03:00:00,1.4318,Thursday,3,1,Winter,0
10023456782,2024-01-11 04:00:00,2024-01-11,04:00:00,1.3058,Thursday,4,1,Winter,0
10023456782,2024-01-11 05:00:00,2024-01-11,05:00:00,2.2432,Thursday,5,1,Winter,0
10023456782,2024-01-11 06:00:00,2024-01-11,06:00:00,2.7793,Thursday,6,1,Winter,0
10023456782,2024-01-11 07:00:00,2024-01-11,07:00:00,4.7042,Thursday,7,1,Winter,0
10023456782,2024-01-11 08:00:00,2024-01-11,08:00:00,5.3432,Thursday,8,1,Winter,0
10023456782,2024-01-11 09:00:00,2024-01-11,09:00:00,4.8270,Thursday,9,1,Winter,0
10023456782,2024-01-11 10:00:00,2024-01-11,10:00:00,4.5192,Thursday,10,1,Winter,0
10023456782,2024-01-11 11:00:00,2024-01-11,11:00:00,3.8187,Thursday,11,1,Winter,0
10023456782,2024-01-11 12:00:00,2024-01-11,12:00:00,4.7849,Thursday,12,1,Winter,0
10023456782,2024-01-11 13:00:00,2024-01-11,13:00:00,4.0802,Thursday,13,1,Winter,0
10023456782,2024-01-11 14:00:00,2024-01-11,14:00:00,4.7190,Thursday,14,1,Winter,0
10023456782,2024-01-11 15:00:00,2024-01-11,15:00:00,5.4000,Thursday,15,1,Winter,0
10023456782,2024-01-11 16:00:00,2024-01-11,16:00:00,4.9841,Thursday,16,1,Winter,0
10023456782,2024-01-11 17:00:00,2024-01-11,17:00:00,5.7198,Thursday,17,1,Winter,0
10023456782,2024-01-11 18:00:00,2024-01-11,18:00:00,4.7982,Thursday,18,1,Winter,0
10023456782,2024-01-11 19:00:00,2024-01-11,19:00:00,4.6221,Thursday,19,1,Winter,0
10023456782,2024-01-11 20:00:00,2024-01-11,20:00:00,5.0379,Thursday,20,1,Winter,0
10023456782,2024-01-11 21:00:00,2024-01-11,21:00:00,3.2015,Thursday,21,1,Winter,0
10023456782,2024-01-11 22:00:00,2024-01-11,22:00:00,13.7949,Thursday,22,1,Winter,1
10023456782,2024-01-11 23:00:00,2024-01-11,23:00:00,1.8259,Thursday,23,1,Winter,0
10023456782,2024-01-12 00:00:00,2024-01-12,00:00:00,1.7545,Friday,0,1,Winter,0
10023456782,2024-01-12 01:00:00,2024-01-12,01:00:00,1.3133,Friday,1,1,Winter,0
10023456782,2024-01-12 02:00:00,2024-01-12,02:00:00,1.1421,Friday,2,1,Winter,0
10023456782,2024-01-12 03:00:00,2024-01-12,03:00:00,1.4607,Friday,3,1,Winter,0
10023456782,2024-01-12 04:00:00,2024-01-12,04:00:00,1.5215,Friday,4,1,Winter,0
10023456782,2024-01-12 05:00:00,2024-01-12,05:00:00,2.0840,Friday,5,1,Winter,0
10023456782,2024-01-12 06:00:00,2024-01-12,06:00:00,3.1506,Friday,6,1,Winter,0
10023456782,2024-01-12 07:00:00,2024-01-12,07:00:00,3.5100,Friday,7,1,Winter,0
10023456782,2024-01-12 08:00:00,2024-01-12,08:00:00,3.7551,Friday,8,1,Winter,0
10023456782,2024-01-12 09:00:00,2024-01-12,09:00:00,5.2424,Friday,9,1,Winter,0
10023456782,2024-01-12 10:00:00,2024-01-12,10:00:00,3.7583,Friday,10,1,Winter,0
10023456782,2024-01-12 11:00:00,2024-01-12,11:00:00,3.8227,Friday,11,1,Winter,0
10023456782,2024-01-12 12:00:00,2024-01-12,12:00:00,3.0952,Friday,12,1,Winter,0
10023456782,2024-01-12 13:00:00,2024-01-12,13:00:00,3.9690,Friday,13,1,Winter,0
10023456782,2024-01-12 14:00:00,2024-01-12,14:00:00,2.9693,Friday,14,1,Winter,0
10023456782,2024-01-12 15:00:00,2024-01-12,15:00:00,3.6692,Friday,15,1,Winter,0
10023456782,2024-01-12 16:00:00,2024-01-12,16:00:00,4.2054,Friday,16,1,Winter,0
10023456782,2024-01-12 17:00:00,2024-01-12,17:00:00,4.7929,Friday,17,1,Winter,0
10023456782,2024-01-12 18:00:00,2024-01-12,18:00:00,5.1943,Friday,18,1,Winter,0
10023456782,2024-01-12 19:00:00,2024-01-12,19:00:00,4.3207,Friday,19,1,Winter,0
10023456782,2024-01-12 20:00:00,2024-01-12,20:00:00,4.0654,Friday,20,1,Winter,0
10023456782,2024-01-12 21:00:00,2024-01-12,21:00:00,2.9521,Friday,21,1,Winter,0
10023456782,2024-01-12 22:00:00,2024-01-12,22:00:00,2.5602,Friday,22,1,Winter,0
10023456782,2024-01-12 23:00:00,2024-01-12,23:00:00,1.9628,Friday,23,1,Winter,0
10023456782,2024-01-13 00:00:00,2024-01-13,00:00:00,1.0490,Saturday,0,1,Winter,0
10023456782,2024-01-13 01:00:00,2024-01-13,01:00:00,1.0850,Saturday,1,1,Winter,0
10023456782,2024-01-13 02:00:00,2024-01-13,02:00:00,0.8776,Saturday,2,1,Winter,0
10023456782,2024-01-13 03:00:00,2024-01-13,03:00:00,0.8659,Saturday,3,1,Winter,0
10023456782,2024-01-13 04:00:00,2024-01-13,04:00:00,1.0025,Saturday,4,1,Winter,0
10023456782,2024-01-13 05:00:00,2024-01-13,05:00:00,1.1622,Saturday,5,1,Winter,0
10023456782,2024-01-13 06:00:00,2024-01-13,06:00:00,1.5258,Saturday,6,1,Winter,0
10023456782,2024-01-13 07:00:00,2024-01-13,07:00:00,1.9967,Saturday,7,1,Winter,0
10023456782,2024-01-13 08:00:00,2024-01-13,08:00:00,3.2724,Saturday,8,1,Winter,0
10023456782,2024-01-13 09:00:00,2024-01-13,09:00:00,2.4037,Saturday,9,1,Winter,0
10023456782,2024-01-13 10:00:00,2024-01-13,10:00:00,2.5919,Saturday,10,1,Winter,0
10023456782,2024-01-13 11:00:00,2024-01-13,11:00:00,2.8078,Saturday,11,1,Winter,0
10023456782,2024-01-13 12:00:00,2024-01-13,12:00:00,2.1822,Saturday,12,1,Winter,0
10023456782,2024-01-13 13:00:00,2024-01-13,13:00:00,2.3222,Saturday,13,1,Winter,0
10023456782,2024-01-13 14:00:00,2024-01-13,14:00:00,2.5363,Saturday,14,1,Winter,0
10023456782,2024-01-13 15:00:00,2024-01-13,15:00:00,2.1557,Saturday,15,1,Winter,0
10023456782,2024-01-13 16:00:00,2024-01-13,16:00:00,2.5627,Saturday,16,1,Winter,0
10023456782,2024-01-13 17:00:00,2024-01-13,17:00:00,2.6256,Saturday,17,1,Winter,0
10023456782,2024-01-13 18:00:00,2024-01-13,18:00:00,2.9363,Saturday,18,1,Winter,0
10023456782,2024-01-13 19:00:00,2024-01-13,19:00:00,2.8943,Saturday,19,1,Winter,0
10023456782,2024-01-13 20:00:00,2024-01-13,20:00:00,2.3783,Saturday,20,1,Winter,0
10023456782,2024-01-13 21:00:00,2024-01-13,21:00:00,2.4629,Saturday,21,1,Winter,0
10023456782,2024-01-13 22:00:00,2024-01-13,22:00:00,1.7033,Saturday,22,1,Winter,0
10023456782,2024-01-13 23:00:00,2024-01-13,23:00:00,1.1730,Saturday,23,1,Winter,0
10023456782,2024-01-14 00:00:00,2024-01-14,00:00:00,0.9586,Sunday,0,1,Winter,0
10023456782,2024-01-14 01:00:00,2024-01-14,01:00:00,0.9510,Sunday,1,1,Winter,0
10023456782,2024-01-14 02:00:00,2024-01-14,02:00:00,0.9421,Sunday,2,1,Winter,0
10023456782,2024-01-14 03:00:00,2024-01-14,03:00:00,0.6980,Sunday,3,1,Winter,0
10023456782,2024-01-14 04:00:00,2024-01-14,04:00:00,0.9727,Sunday,4,1,Winter,0
10023456782,2024-01-14 05:00:00,2024-01-14,05:00:00,1.1755,Sunday,5,1,Winter,0
10023456782,2024-01-14 06:00:00,2024-01-14,06:00:00,1.5218,Sunday,6,1,Winter,0
10023456782,2024-01-14 07:00:00,2024-01-14,07:00:00,2.0047,Sunday,7,1,Winter,0
10023456782,2024-01-14 08:00:00,2024-01-14,08:00:00,2.5933,Sunday,8,1,Winter,0
10023456782,2024-01-14 09:00:00,2024-01-14,09:00:00,2.8374,Sunday,9,1,Winter,0
10023456782,2024-01-14 10:00:00,2024-01-14,10:00:00,2.5574,Sunday,10,1,Winter,0
10023456782,2024-01-14 11:00:00,2024-01-14,11:00:00,2.8928,Sunday,11,1,Winter,0
10023456782,2024-01-14 12:00:00,2024-01-14,12:00:00,2.2851,Sunday,12,1,Winter,0
10023456782,2024-01-14 13:00:00,2024-01-14,13:00:00,2.7729,Sunday,13,1,Winter,0
10023456782,2024-01-14 14:00:00,2024-01-14,14:00:00,2.2901,Sunday,14,1,Winter,0
10023456782,2024-01-14 15:00:00,2024-01-14,15:00:00,2.4079,Sunday,15,1,Winter,0
10023456782,2024-01-14 16:00:00,2024-01-14,16:00:00,2.7447,Sunday,16,1,Winter,0
10023456782,2024-01-14 17:00:00,2024-01-14,17:00:00,3.0610,Sunday,17,1,Winter,0
10023456782,2024-01-14 18:00:00,2024-01-14,18:00:00,3.1342,Sunday,18,1,Winter,0
10023456782,2024-01-14 19:00:00,2024-01-14,19:00:00,3.5642,Sunday,19,1,Winter,0
10023456782,2024-01-14 20:00:00,2024-01-14,20:00:00,2.8629,Sunday,20,1,Winter,0
10023456782,2024-01-14 21:00:00,2024-01-14,21:00:00,2.1421,Sunday,21,1,Winter,0
10023456782,2024-01-14 22:00:00,2024-01-14,22:00:00,2.0596,Sunday,22,1,Winter,0
10023456782,2024-01-14 23:00:00,2024-01-14,23:00:00,1.4265,Sunday,23,1,Winter,0
10023456782,2024-01-15 00:00:00,2024-01-15,00:00:00,0.8374,Monday,0,1,Winter,0
10023456782,2024-01-15 01:00:00,2024-01-15,01:00:00,0.9196,Monday,1,1,Winter,0
10023456782,2024-01-15 02:00:00,2024-01-15,02:00:00,0.9803,Monday,2,1,Winter,0
10023456782,2024-01-15 03:00:00,2024-01-15,03:00:00,0.9967,Monday,3,1,Winter,0
10023456782,2024-01-15 04:00:00,2024-01-15,04:00:00,1.0798,Monday,4,1,Winter,0
10023456782,2024-01-15 05:00:00,2024-01-15,05:00:00,1.6432,Monday,5,1,Winter,0
10023456782,2024-01-15 06:00:00,2024-01-15,06:00:00,2.3709,Monday,6,1,Winter,0
10023456782,2024-01-15 07:00:00,2024-01-15,07:00:00,2.4646,Monday,7,1,Winter,0
10023456782,2024-01-15 08:00:00,2024-01-15,08:00:00,4.3704,Monday,8,1,Winter,0
10023456782,2024-01-15 09:00:00,2024-01-15,09:00:00,3.5507,Monday,9,1,Winter,0
10023456782,2024-01-15 10:00:00,2024-01-15,10:00:00,3.1974,Monday,10,1,Winter,0
10023456782,2024-01-15 11:00:00,2024-01-15,11:00:00,3.4882,Monday,11,1,Winter,0
10023456782,2024-01-15 12:00:00,2024-01-15,12:00:00,2.5942,Monday,12,1,Winter,0
10023456782,2024-01-15 13:00:00,2024-01-15,13:00:00,2.9660,Monday,13,1,Winter,0
10023456782,2024-01-15 14:00:00,2024-01-15,14:00:00,11.3930,Monday,14,1,Winter,1
10023456782,2024-01-15 15:00:00,2024-01-15,15:00:00,3.3837,Monday,15,1,Winter,0
10023456782,2024-01-15 16:00:00,2024-01-15,16:00:00,3.4425,Monday,16,1,Winter,0
10023456782,2024-01-15 17:00:00,2024-01-15,17:00:00,4.0005,Monday,17,1,Winter,0
10023456782,2024-01-15 18:00:00,2024-01-15,18:00:00,3.0669,Monday,18,1,Winter,0
10023456782,2024-01-15 19:00:00,2024-01-15,19:00:00,0.8897,Monday,19,1,Winter,1
10023456782,2024-01-15 20:00:00,2024-01-15,20:00:00,0.3465,Monday,20,1,Winter,1
10023456782,2024-01-15 21:00:00,2024-01-15,21:00:00,3.0802,Monday,21,1,Winter,0
10023456782,2024-01-15 22:00:00,2024-01-15,22:00:00,2.1987,Monday,22,1,Winter,0
10023456782,2024-01-15 23:00:00,2024-01-15,23:00:00,1.4086,Monday,23,1,Winter,0
10023456782,2024-01-16 00:00:00,2024-01-16,00:00:00,1.3600,Tuesday,0,1,Winter,0
10023456782,2024-01-16 01:00:00,2024-01-16,01:00:00,1.1000,Tuesday,1,1,Winter,0
10023456782,2024-01-16 02:00:00,2024-01-16,02:00:00,1.3254,Tuesday,2,1,Winter,0
10023456782,2024-01-16 03:00:00,2024-01-16,03:00:00,1.1065,Tuesday,3,1,Winter,0
10023456782,2024-01-16 04:00:00,2024-01-16,04:00:00,1.2252,Tuesday,4,1,Winter,0
10023456782,2024-01-16 05:00:00,2024-01-16,05:00:00,1.6452,Tuesday,5,1,Winter,0
10023456782,2024-01-16 06:00:00,2024-01-16,06:00:00,2.4715,Tuesday,6,1,Winter,0
10023456782,2024-01-16 07:00:00,2024-01-16,07:00:00,3.2829,Tuesday,7,1,Winter,0
10023456782,2024-01-16 08:00:00,2024-01-16,08:00:00,3.8799,Tuesday,8,1,Winter,0
10023456782,2024-01-16 09:00:00,2024-01-16,09:00:00,4.1382,Tuesday,9,1,Winter,0
10023456782,2024-01-16 10:00:00,2024-01-16,10:00:00,3.4640,Tuesday,10,1,Winter,0
10023456782,2024-01-16 11:00:00,2024-01-16,11:00:00,3.2365,Tuesday,11,1,Winter,0
10023456782,2024-01-16 12:00:00,2024-01-16,12:00:00,3.8647,Tuesday,12,1,Winter,0
10023456782,2024-01-16 13:00:00,2024-01-16,13:00:00,3.7978,Tuesday,13,1,Winter,0
10023456782,2024-01-16 14:00:00,2024-01-16,14:00:00,3.3540,Tuesday,14,1,Winter,0
10023456782,2024-01-16 15:00:00,2024-01-16,15:00:00,3.5397,Tuesday,15,1,Winter,0
10023456782,2024-01-16 16:00:00,2024-01-16,16:00:00,5.0617,Tuesday,16,1,Winter,0
10023456782,2024-01-16 17:00:00,2024-01-16,17:00:00,2.9924,Tuesday,17,1,Winter,0
10023456782,2024-01-16 18:00:00,2024-01-16,18:00:00,6.1140,Tuesday,18,1,Winter,0
10023456782,2024-01-16 19:00:00,2024-01-16,19:00:00,4.6349,Tuesday,19,1,Winter,0
10023456782,2024-01-16 20:00:00,2024-01-16,20:00:00,3.5247,Tuesday,20,1,Winter,0
10023456782,2024-01-16 21:00:00,2024-01-16,21:00:00,2.6776,Tuesday,21,1,Winter,0
10023456782,2024-01-16 22:00:00,2024-01-16,22:00:00,1.9358,Tuesday,22,1,Winter,0
10023456782,2024-01-16 23:00:00,2024-01-16,23:00:00,1.5650,Tuesday,23,1,Winter,0
10023456782,2024-01-17 00:00:00,2024-01-17,00:00:00,1.1804,Wednesday,0,1,Winter,0
10023456782,2024-01-17 01:00:00,2024-01-17,01:00:00,1.2603,Wednesday,1,1,Winter,0
10023456782,2024-01-17 02:00:00,2024-01-17,02:00:00,1.1817,Wednesday,2,1,Winter,0
10023456782,2024-01-17 03:00:00,2024-01-17,03:00:00,0.9004,Wednesday,3,1,Winter,0
10023456782,2024-01-17 04:00:00,2024-01-17,04:00:00,1.3721,Wednesday,4,1,Winter,0
10023456782,2024-01-17 05:00:00,2024-01-17,05:00:00,1.4508,Wednesday,5,1,Winter,0
10023456782,2024-01-17 06:00:00,2024-01-17,06:00:00,2.8355,Wednesday,6,1,Winter,0
10023456782,2024-01-17 07:00:00,2024-01-17,07:00:00,0.3488,Wednesday,7,1,Winter,1
10023456782,2024-01-17 08:00:00,2024-01-17,08:00:00,4.5018,Wednesday,8,1,Winter,0
10023456782,2024-01-17 09:00:00,2024-01-17,09:00:00,3.4007,Wednesday,9,1,Winter,0
10023456782,2024-01-17 10:00:00,2024-01-17,10:00:00,3.2231,Wednesday,10,1,Winter,0
10023456782,2024-01-17 11:00:00,2024-01-17,11:00:00,3.8809,Wednesday,11,1,Winter,0
10023456782,2024-01-17 12:00:00,2024-01-17,12:00:00,3.0767,Wednesday,12,1,Winter,0
10023456782,2024-01-17 13:00:00,2024-01-17,13:00:00,3.4032,Wednesday,13,1,Winter,0
10023456782,2024-01-17 14:00:00,2024-01-17,14:00:00,3.3092,Wednesday,14,1,Winter,0
10023456782,2024-01-17 15:00:00,2024-01-17,15:00:00,3.5214,Wednesday,15,1,Winter,0
10023456782,2024-01-17 16:00:00,2024-01-17,16:00:00,2.8479,Wednesday,16,1,Winter,0
10023456782,2024-01-17 17:00:00,2024-01-17,17:00:00,3.2454,Wednesday,17,1,Winter,0
10023456782,2024-01-17 18:00:00,2024-01-17,18:00:00,3.2079,Wednesday,18,1,Winter,0
10023456782,2024-01-17 19:00:00,2024-01-17,19:00:00,3.9650,Wednesday,19,1,Winter,0
10023456782,2024-01-17 20:00:00,2024-01-17,20:00:00,2.6877,Wednesday,20,1,Winter,0
10023456782,2024-01-17 21:00:00,2024-01-17,21:00:00,2.9917,Wednesday,21,1,Winter,0
10023456782,2024-01-17 22:00:00,2024-01-17,22:00:00,1.8475,Wednesday,22,1,Winter,0
10023456782,2024-01-17 23:00:00,2024-01-17,23:00:00,1.3071,Wednesday,23,1,Winter,0
10023456782,2024-01-18 00:00:00,2024-01-18,00:00:00,1.1793,Thursday,0,1,Winter,0
10023456782,2024-01-18 01:00:00,2024-01-18,01:00:00,1.2548,Thursday,1,1,Winter,0
10023456782,2024-01-18 02:00:00,2024-01-18,02:00:00,0.9908,Thursday,2,1,Winter,0
10023456782,2024-01-18 03:00:00,2024-01-18,03:00:00,0.9531,Thursday,3,1,Winter,0
10023456782,2024-01-18 04:00:00,2024-01-18,04:00:00,1.1873,Thursday,4,1,Winter,0
10023456782,2024-01-18 05:00:00,2024-01-18,05:00:00,1.6165,Thursday,5,1,Winter,0
10023456782,2024-01-18 06:00:00,2024-01-18,06:00:00,2.2147,Thursday,6,1,Winter,0
10023456782,2024-01-18 07:00:00,2024-01-18,07:00:00,2.8258,Thursday,7,1,Winter,0
10023456782,2024-01-18 08:00:00,2024-01-18,08:00:00,3.4172,Thursday,8,1,Winter,0
10023456782,2024-01-18 09:00:00,2024-01-18,09:00:00,3.7914,Thursday,9,1,Winter,0
10023456782,2024-01-18 10:00:00,2024-01-18,10:00:00,2.8487,Thursday,10,1,Winter,0
10023456782,2024-01-18 11:00:00,2024-01-18,11:00:00,3.1016,Thursday,11,1,Winter,0
10023456782,2024-01-18 12:00:00,2024-01-18,12:00:00,2.5046,Thursday,12,1,Winter,0
10023456782,2024-01-18 13:00:00,2024-01-18,13:00:00,3.1552,Thursday,13,1,Winter,0
10023456782,2024-01-18 14:00:00,2024-01-18,14:00:00,2.3516,Thursday,14,1,Winter,0
10023456782,2024-01-18 15:00:00,2024-01-18,15:00:00,3.1297,Thursday,15,1,Winter,0
10023456782,2024-01-18 16:00:00,2024-01-18,16:00:00,3.5657,Thursday,16,1,Winter,0
10023456782,2024-01-18 17:00:00,2024-01-18,17:00:00,2.9176,Thursday,17,1,Winter,0
10023456782,2024-01-18 18:00:00,2024-01-18,18:00:00,3.4277,Thursday,18,1,Winter,0
10023456782,2024-01-18 19:00:00,2024-01-18,19:00:00,3.3150,Thursday,19,1,Winter,0
10023456782,2024-01-18 20:00:00,2024-01-18,20:00:00,3.3124,Thursday,20,1,Winter,0
10023456782,2024-01-18 21:00:00,2024-01-18,21:00:00,2.9122,Thursday,21,1,Winter,0
10023456782,2024-01-18 22:00:00,2024-01-18,22:00:00,1.8185,Thursday,22,1,Winter,0
10023456782,2024-01-18 23:00:00,2024-01-18,23:00:00,1.1274,Thursday,23,1,Winter,0
10023456782,2024-01-19 00:00:00,2024-01-19,00:00:00,1.6558,Friday,0,1,Winter,0
10023456782,2024-01-19 01:00:00,2024-01-19,01:00:00,0.9972,Friday,1,1,Winter,0
10023456782,2024-01-19 02:00:00,2024-01-19,02:00:00,1.0809,Friday,2,1,Winter,0
10023456782,2024-01-19 03:00:00,2024-01-19,03:00:00,0.9228,Friday,3,1,Winter,0
10023456782,2024-01-19 04:00:00,2024-01-19,04:00:00,1.3247,Friday,4,1,Winter,0
10023456782,2024-01-19 05:00:00,2024-01-19,05:00:00,1.4470,Friday,5,1,Winter,0
10023456782,2024-01-19 06:00:00,2024-01-19,06:00:00,2.4168,Friday,6,1,Winter,0
10023456782,2024-01-19 07:00:00,2024-01-19,07:00:00,3.4082,Friday,7,1,Winter,0
10023456782,2024-01-19 08:00:00,2024-01-19,08:00:00,4.1230,Friday,8,1,Winter,0
10023456782,2024-01-19 09:00:00,2024-01-19,09:00:00,3.4516,Friday,9,1,Winter,0
10023456782,2024-01-19 10:00:00,2024-01-19,10:00:00,3.0956,Friday,10,1,Winter,0
10023456782,2024-01-19 11:00:00,2024-01-19,11:00:00,2.7894,Friday,11,1,Winter,0
10023456782,2024-01-19 12:00:00,2024-01-19,12:00:00,3.3466,Friday,12,1,Winter,0
10023456782,2024-01-19 13:00:00,2024-01-19,13:00:00,3.1057,Friday,13,1,Winter,0
10023456782,2024-01-19 14:00:00,2024-01-19,14:00:00,3.6321,Friday,14,1,Winter,0
10023456782,2024-01-19 15:00:00,2024-01-19,15:00:00,2.8925,Friday,15,1,Winter,0
10023456782,2024-01-19 16:00:00,2024-01-19,16:00:00,4.2311,Friday,16,1,Winter,0
10023456782,2024-01-19 17:00:00,2024-01-19,17:00:00,3.2857,Friday,17,1,Winter,0
10023456782,2024-01-19 18:00:00,2024-01-19,18:00:00,4.0383,Friday,18,1,Winter,0
10023456782,2024-01-19 19:00:00,2024-01-19,19:00:00,4.4801,Friday,19,1,Winter,0
10023456782,2024-01-19 20:00:00,2024-01-19,20:00:00,3.2060,Friday,20,1,Winter,0
10023456782,2024-01-19 21:00:00,2024-01-19,21:00:00,2.9476,Friday,21,1,Winter,0
10023456782,2024-01-19 22:00:00,2024-01-19,22:00:00,2.4580,Friday,22,1,Winter,0
10023456782,2024-01-19 23:00:00,2024-01-19,23:00:00,1.1437,Friday,23,1,Winter,0
10023456782,2024-01-20 00:00:00,2024-01-20,00:00:00,1.1054,Saturday,0,1,Winter,0
10023456782,2024-01-20 01:00:00,2024-01-20,01:00:00,1.2799,Saturday,1,1,Winter,0
10023456782,2024-01-20 02:00:00,2024-01-20,02:00:00,1.2844,Saturday,2,1,Winter,0
10023456782,2024-01-20 03:00:00,2024-01-20,03:00:00,1.2831,Saturday,3,1,Winter,0
10023456782,2024-01-20 04:00:00,2024-01-20,04:00:00,1.3049,Saturday,4,1,Winter,0
10023456782,2024-01-20 05:00:00,2024-01-20,05:00:00,1.2670,Saturday,5,1,Winter,0
10023456782,2024-01-20 06:00:00,2024-01-20,06:00:00,2.2856,Saturday,6,1,Winter,0
10023456782,2024-01-20 07:00:00,2024-01-20,07:00:00,2.9599,Saturday,7,1,Winter,0
10023456782,2024-01-20 08:00:00,2024-01-20,08:00:00,3.0503,Saturday,8,1,Winter,0
10023456782,2024-01-20 09:00:00,2024-01-20,09:00:00,3.8074,Saturday,9,1,Winter,0
10023456782,2024-01-20 10:00:00,2024-01-20,10:00:00,3.9888,Saturday,10,1,Winter,0
10023456782,2024-01-20 11:00:00,2024-01-20,11:00:00,3.1743,Saturday,11,1,Winter,0
10023456782,2024-01-20 12:00:00,2024-01-20,12:00:00,3.1114,Saturday,12,1,Winter,0
10023456782,2024-01-20 13:00:00,2024-01-20,13:00:00,3.4012,Saturday,13,1,Winter,0
10023456782,2024-01-20 14:00:00,2024-01-20,14:00:00,3.2181,Saturday,14,1,Winter,0
10023456782,2024-01-20 15:00:00,2024-01-20,15:00:00,3.8248,Saturday,15,1,Winter,0
10023456782,2024-01-20 16:00:00,2024-01-20,16:00:00,3.1155,Saturday,16,1,Winter,0
10023456782,2024-01-20 17:00:00,2024-01-20,17:00:00,3.4501,Saturday,17,1,Winter,0
10023456782,2024-01-20 18:00:00,2024-01-20,18:00:00,4.0542,Saturday,18,1,Winter,0
10023456782,2024-01-20 19:00:00,2024-01-20,19:00:00,5.2310,Saturday,19,1,Winter,0
10023456782,2024-01-20 20:00:00,2024-01-20,20:00:00,4.2712,Saturday,20,1,Winter,0
10023456782,2024-01-20 21:00:00,2024-01-20,21:00:00,4.0315,Saturday,21,1,Winter,0
10023456782,2024-01-20 22:00:00,2024-01-20,22:00:00,2.1705,Saturday,22,1,Winter,0
10023456782,2024-01-20 23:00:00,2024-01-20,23:00:00,1.4845,Saturday,23,1,Winter,0
10023456782,2024-01-21 00:00:00,2024-01-21,00:00:00,1.1143,Sunday,0,1,Winter,0
10023456782,2024-01-21 01:00:00,2024-01-21,01:00:00,1.1762,Sunday,1,1,Winter,0
10023456782,2024-01-21 02:00:00,2024-01-21,02:00:00,0.9186,Sunday,2,1,Winter,0
10023456782,2024-01-21 03:00:00,2024-01-21,03:00:00,1.0210,Sunday,3,1,Winter,0
10023456782,2024-01-21 04:00:00,2024-01-21,04:00:00,0.9755,Sunday,4,1,Winter,0
10023456782,2024-01-21 05:00:00,2024-01-21,05:00:00,1.3415,Sunday,5,1,Winter,0
10023456782,2024-01-21 06:00:00,2024-01-21,06:00:00,1.7457,Sunday,6,1,Winter,0
10023456782,2024-01-21 07:00:00,2024-01-21,07:00:00,2.5652,Sunday,7,1,Winter,0
10023456782,2024-01-21 08:00:00,2024-01-21,08:00:00,3.0388,Sunday,8,1,Winter,0
10023456782,2024-01-21 09:00:00,2024-01-21,09:00:00,2.6807,Sunday,9,1,Winter,0
10023456782,2024-01-21 10:00:00,2024-01-21,10:00:00,3.3195,Sunday,10,1,Winter,0
10023456782,2024-01-21 11:00:00,2024-01-21,11:00:00,3.0657,Sunday,11,1,Winter,0
10023456782,2024-01-21 12:00:00,2024-01-21,12:00:00,2.9254,Sunday,12,1,Winter,0
10023456782,2024-01-21 13:00:00,2024-01-21,13:00:00,2.3405,Sunday,13,1,Winter,0
10023456782,2024-01-21 14:00:00,2024-01-21,14:00:00,2.9086,Sunday,14,1,Winter,0
10023456782,2024-01-21 15:00:00,2024-01-21,15:00:00,10.0054,Sunday,15,1,Winter,1
10023456782,2024-01-21 16:00:00,2024-01-21,16:00:00,2.7269,Sunday,16,1,Winter,0
10023456782,2024-01-21 17:00:00,2024-01-21,17:00:00,3.6614,Sunday,17,1,Winter,0
10023456782,2024-01-21 18:00:00,2024-01-21,18:00:00,3.9765,Sunday,18,1,Winter,0
10023456782,2024-01-21 19:00:00,2024-01-21,19:00:00,3.9288,Sunday,19,1,Winter,0
10023456782,2024-01-21 20:00:00,2024-01-21,20:00:00,7.8700,Sunday,20,1,Winter,1
10023456782,2024-01-21 21:00:00,2024-01-21,21:00:00,6.9782,Sunday,21,1,Winter,1
10023456782,2024-01-21 22:00:00,2024-01-21,22:00:00,5.4362,Sunday,22,1,Winter,1
10023456782,2024-01-21 23:00:00,2024-01-21,23:00:00,4.0919,Sunday,23,1,Winter,1
10023456782,2024-01-22 00:00:00,2024-01-22,00:00:00,3.6424,Monday,0,1,Winter,1
10023456782,2024-01-22 01:00:00,2024-01-22,01:00:00,2.7827,Monday,1,1,Winter,1
10023456782,2024-01-22 02:00:00,2024-01-22,02:00:00,1.3166,Monday,2,1,Winter,0
10023456782,2024-01-22 03:00:00,2024-01-22,03:00:00,1.2268,Monday,3,1,Winter,0
10023456782,2024-01-22 04:00:00,2024-01-22,04:00:00,1.3017,Monday,4,1,Winter,0
10023456782,2024-01-22 05:00:00,2024-01-22,05:00:00,2.0884,Monday,5,1,Winter,0
10023456782,2024-01-22 06:00:00,2024-01-22,06:00:00,2.8808,Monday,6,1,Winter,0
10023456782,2024-01-22 07:00:00,2024-01-22,07:00:00,4.5367,Monday,7,1,Winter,0
10023456782,2024-01-22 08:00:00,2024-01-22,08:00:00,5.7745,Monday,8,1,Winter,0
10023456782,2024-01-22 09:00:00,2024-01-22,09:00:00,4.2811,Monday,9,1,Winter,0
10023456782,2024-01-22 10:00:00,2024-01-22,10:00:00,4.0960,Monday,10,1,Winter,0
10023456782,2024-01-22 11:00:00,2024-01-22,11:00:00,3.8182,Monday,11,1,Winter,0
10023456782,2024-01-22 12:00:00,2024-01-22,12:00:00,2.8746,Monday,12,1,Winter,0
10023456782,2024-01-22 13:00:00,2024-01-22,13:00:00,3.7100,Monday,13,1,Winter,0
10023456782,2024-01-22 14:00:00,2024-01-22,14:00:00,3.5266,Monday,14,1,Winter,0
10023456782,2024-01-22 15:00:00,2024-01-22,15:00:00,3.7289,Monday,15,1,Winter,0
10023456782,2024-01-22 16:00:00,2024-01-22,16:00:00,3.6994,Monday,16,1,Winter,0
10023456782,2024-01-22 17:00:00,2024-01-22,17:00:00,4.2499,Monday,17,1,Winter,0
10023456782,2024-01-22 18:00:00,2024-01-22,18:00:00,5.4542,Monday,18,1,Winter,0
10023456782,2024-01-22 19:00:00,2024-01-22,19:00:00,4.7163,Monday,19,1,Winter,0
10023456782,2024-01-22 20:00:00,2024-01-22,20:00:00,3.4061,Monday,20,1,Winter,0
10023456782,2024-01-22 21:00:00,2024-01-22,21:00:00,3.8198,Monday,21,1,Winter,0
10023456782,2024-01-22 22:00:00,2024-01-22,22:00:00,2.6376,Monday,22,1,Winter,0
10023456782,2024-01-22 23:00:00,2024-01-22,23:00:00,2.0283,Monday,23,1,Winter,0
10023456782,2024-01-23 00:00:00,2024-01-23,00:00:00,1.1890,Tuesday,0,1,Winter,0
10023456782,2024-01-23 01:00:00,2024-01-23,01:00:00,6.5110,Tuesday,1,1,Winter,1
10023456782,2024-01-23 02:00:00,2024-01-23,02:00:00,1.2214,Tuesday,2,1,Winter,0
10023456782,2024-01-23 03:00:00,2024-01-23,03:00:00,1.1273,Tuesday,3,1,Winter,0
10023456782,2024-01-23 04:00:00,2024-01-23,04:00:00,1.1489,Tuesday,4,1,Winter,0
10023456782,2024-01-23 05:00:00,2024-01-23,05:00:00,1.7689,Tuesday,5,1,Winter,0
10023456782,2024-01-23 06:00:00,2024-01-23,06:00:00,2.6397,Tuesday,6,1,Winter,0
10023456782,2024-01-23 07:00:00,2024-01-23,07:00:00,4.2428,Tuesday,7,1,Winter,0
10023456782,2024-01-23 08:00:00,2024-01-23,08:00:00,3.9711,Tuesday,8,1,Winter,0
10023456782,2024-01-23 09:00:00,2024-01-23,09:00:00,3.9303,Tuesday,9,1,Winter,0
10023456782,2024-01-23 10:00:00,2024-01-23,10:00:00,2.9224,Tuesday,10,1,Winter,0
10023456782,2024-01-23 11:00:00,2024-01-23,11:00:00,2.9518,Tuesday,11,1,Winter,0
10023456782,2024-01-23 12:00:00,2024-01-23,12:00:00,2.7239,Tuesday,12,1,Winter,0
10023456782,2024-01-23 13:00:00,2024-01-23,13:00:00,2.7242,Tuesday,13,1,Winter,0
10023456782,2024-01-23 14:00:00,2024-01-23,14:00:00,2.5300,Tuesday,14,1,Winter,0
10023456782,2024-01-23 15:00:00,2024-01-23,15:00:00,3.8173,Tuesday,15,1,Winter,0
10023456782,2024-01-23 16:00:00,2024-01-23,16:00:00,4.0146,Tuesday,16,1,Winter,0
10023456782,2024-01-23 17:00:00,2024-01-23,17:00:00,3.8472,Tuesday,17,1,Winter,0
10023456782,2024-01-23 18:00:00,2024-01-23,18:00:00,3.8778,Tuesday,18,1,Winter,0
10023456782,2024-01-23 19:00:00,2024-01-23,19:00:00,3.8419,Tuesday,19,1,Winter,0
10023456782,2024-01-23 20:00:00,2024-01-23,20:00:00,3.7373,Tuesday,20,1,Winter,0
10023456782,2024-01-23 21:00:00,2024-01-23,21:00:00,2.6699,Tuesday,21,1,Winter,0
10023456782,2024-01-23 22:00:00,2024-01-23,22:00:00,1.7473,Tuesday,22,1,Winter,0
10023456782,2024-01-23 23:00:00,2024-01-23,23:00:00,1.3946,Tuesday,23,1,Winter,0
10023456782,2024-01-24 00:00:00,2024-01-24,00:00:00,1.0811,Wednesday,0,1,Winter,0
10023456782,2024-01-24 01:00:00,2024-01-24,01:00:00,1.1511,Wednesday,1,1,Winter,0
10023456782,2024-01-24 02:00:00,2024-01-24,02:00:00,1.2336,Wednesday,2,1,Winter,0
10023456782,2024-01-24 03:00:00,2024-01-24,03:00:00,1.1939,Wednesday,3,1,Winter,0
10023456782,2024-01-24 04:00:00,2024-01-24,04:00:00,1.3486,Wednesday,4,1,Winter,0
10023456782,2024-01-24 05:00:00,2024-01-24,05:00:00,1.7930,Wednesday,5,1,Winter,0
10023456782,2024-01-24 06:00:00,2024-01-24,06:00:00,2.8689,Wednesday,6,1,Winter,0
10023456782,2024-01-24 07:00:00,2024-01-24,07:00:00,3.6637,Wednesday,7,1,Winter,0
10023456782,2024-01-24 08:00:00,2024-01-24,08:00:00,4.9560,Wednesday,8,1,Winter,0
10023456782,2024-01-24 09:00:00,2024-01-24,09:00:00,4.4707,Wednesday,9,1,Winter,0
10023456782,2024-01-24 10:00:00,2024-01-24,10:00:00,3.9917,Wednesday,10,1,Winter,0
10023456782,2024-01-24 11:00:00,2024-01-24,11:00:00,3.5970,Wednesday,11,1,Winter,0
10023456782,2024-01-24 12:00:00,2024-01-24,12:00:00,3.1123,Wednesday,12,1,Winter,0
10023456782,2024-01-24 13:00:00,2024-01-24,13:00:00,3.2051,Wednesday,13,1,Winter,0
10023456782,2024-01-24 14:00:00,2024-01-24,14:00:00,3.0778,Wednesday,14,1,Winter,0
10023456782,2024-01-24 15:00:00,2024-01-24,15:00:00,4.1444,Wednesday,15,1,Winter,0
10023456782,2024-01-24 16:00:00,2024-01-24,16:00:00,4.3907,Wednesday,16,1,Winter,0
10023456782,2024-01-24 17:00:00,2024-01-24,17:00:00,4.7704,Wednesday,17,1,Winter,0
10023456782,2024-01-24 18:00:00,2024-01-24,18:00:00,4.2253,Wednesday,18,1,Winter,0
10023456782,2024-01-24 19:00:00,2024-01-24,19:00:00,3.4930,Wednesday,19,1,Winter,0
10023456782,2024-01-24 20:00:00,2024-01-24,20:00:00,4.4079,Wednesday,20,1,Winter,0
10023456782,2024-01-24 21:00:00,2024-01-24,21:00:00,3.2876,Wednesday,21,1,Winter,0
10023456782,2024-01-24 22:00:00,2024-01-24,22:00:00,2.1824,Wednesday,22,1,Winter,0
10023456782,2024-01-24 23:00:00,2024-01-24,23:00:00,1.6525,Wednesday,23,1,Winter,0
10023456782,2024-01-25 00:00:00,2024-01-25,00:00:00,1.7392,Thursday,0,1,Winter,0
10023456782,2024-01-25 01:00:00,2024-01-25,01:00:00,1.5407,Thursday,1,1,Winter,0
10023456782,2024-01-25 02:00:00,2024-01-25,02:00:00,1.6123,Thursday,2,1,Winter,0
10023456782,2024-01-25 03:00:00,2024-01-25,03:00:00,1.0388,Thursday,3,1,Winter,0
10023456782,2024-01-25 04:00:00,2024-01-25,04:00:00,1.5630,Thursday,4,1,Winter,0
10023456782,2024-01-25 05:00:00,2024-01-25,05:00:00,2.0357,Thursday,5,1,Winter,0
10023456782,2024-01-25 06:00:00,2024-01-25,06:00:00,3.6639,Thursday,6,1,Winter,0
10023456782,2024-01-25 07:00:00,2024-01-25,07:00:00,5.2169,Thursday,7,1,Winter,0
10023456782,2024-01-25 08:00:00,2024-01-25,08:00:00,6.1898,Thursday,8,1,Winter,0
10023456782,2024-01-25 09:00:00,2024-01-25,09:00:00,4.9848,Thursday,9,1,Winter,0
10023456782,2024-01-25 10:00:00,2024-01-25,10:00:00,4.7830,Thursday,10,1,Winter,0
10023456782,2024-01-25 11:00:00,2024-01-25,11:00:00,4.9094,Thursday,11,1,Winter,0
10023456782,2024-01-25 12:00:00,2024-01-25,12:00:00,3.9799,Thursday,12,1,Winter,0
10023456782,2024-01-25 13:00:00,2024-01-25,13:00:00,4.5245,Thursday,13,1,Winter,0
10023456782,2024-01-25 14:00:00,2024-01-25,14:00:00,3.9801,Thursday,14,1,Winter,0
10023456782,2024-01-25 15:00:00,2024-01-25,15:00:00,4.0652,Thursday,15,1,Winter,0
10023456782,2024-01-25 16:00:00,2024-01-25,16:00:00,5.3674,Thursday,16,1,Winter,0
10023456782,2024-01-25 17:00:00,2024-01-25,17:00:00,4.9011,Thursday,17,1,Winter,0
10023456782,2024-01-25 18:00:00,2024-01-25,18:00:00,5.2954,Thursday,18,1,Winter,0
10023456782,2024-01-25 19:00:00,2024-01-25,19:00:00,5.7435,Thursday,19,1,Winter,0
10023456782,2024-01-25 20:00:00,2024-01-25,20:00:00,4.7287,Thursday,20,1,Winter,0
10023456782,2024-01-25 21:00:00,2024-01-25,21:00:00,3.3706,Thursday,21,1,Winter,0
10023456782,2024-01-25 22:00:00,2024-01-25,22:00:00,3.8950,Thursday,22,1,Winter,0
10023456782,2024-01-25 23:00:00,2024-01-25,23:00:00,2.3066,Thursday,23,1,Winter,0
10023456782,2024-01-26 00:00:00,2024-01-26,00:00:00,1.6086,Friday,0,1,Winter,0
10023456782,2024-01-26 01:00:00,2024-01-26,01:00:00,1.6657,Friday,1,1,Winter,0
10023456782,2024-01-26 02:00:00,2024-01-26,02:00:00,1.2332,Friday,2,1,Winter,0
10023456782,2024-01-26 03:00:00,2024-01-26,03:00:00,1.2542,Friday,3,1,Winter,0
10023456782,2024-01-26 04:00:00,2024-01-26,04:00:00,1.8303,Friday,4,1,Winter,0
10023456782,2024-01-26 05:00:00,2024-01-26,05:00:00,2.5530,Friday,5,1,Winter,0
10023456782,2024-01-26 06:00:00,2024-01-26,06:00:00,3.6861,Friday,6,1,Winter,0
10023456782,2024-01-26 07:00:00,2024-01-26,07:00:00,4.7424,Friday,7,1,Winter,0
10023456782,2024-01-26 08:00:00,2024-01-26,08:00:00,5.6866,Friday,8,1,Winter,0
10023456782,2024-01-26 09:00:00,2024-01-26,09:00:00,12.9714,Friday,9,1,Winter,1
10023456782,2024-01-26 10:00:00,2024-01-26,10:00:00,12.1048,Friday,10,1,Winter,1
10023456782,2024-01-26 11:00:00,2024-01-26,11:00:00,13.9991,Friday,11,1,Winter,1
10023456782,2024-01-26 12:00:00,2024-01-26,12:00:00,9.4814,Friday,12,1,Winter,1
10023456782,2024-01-26 13:00:00,2024-01-26,13:00:00,4.9083,Friday,13,1,Winter,0
10023456782,2024-01-26 14:00:00,2024-01-26,14:00:00,4.3721,Friday,14,1,Winter,0
10023456782,2024-01-26 15:00:00,2024-01-26,15:00:00,4.4716,Friday,15,1,Winter,0
10023456782,2024-01-26 16:00:00,2024-01-26,16:00:00,4.7613,Friday,16,1,Winter,0
10023456782,2024-01-26 17:00:00,2024-01-26,17:00:00,5.7019,Friday,17,1,Winter,0
10023456782,2024-01-26 18:00:00,2024-01-26,18:00:00,5.6285,Friday,18,1,Winter,0
10023456782,2024-01-26 19:00:00,2024-01-26,19:00:00,5.7597,Friday,19,1,Winter,0
10023456782,2024-01-26 20:00:00,2024-01-26,20:00:00,4.9554,Friday,20,1,Winter,0
10023456782,2024-01-26 21:00:00,2024-01-26,21:00:00,3.4808,Friday,21,1,Winter,0
10023456782,2024-01-26 22:00:00,2024-01-26,22:00:00,2.5255,Friday,22,1,Winter,0
10023456782,2024-01-26 23:00:00,2024-01-26,23:00:00,2.3430,Friday,23,1,Winter,0
10023456782,2024-01-27 00:00:00,2024-01-27,00:00:00,1.8092,Saturday,0,1,Winter,0
10023456782,2024-01-27 01:00:00,2024-01-27,01:00:00,1.9430,Saturday,1,1,Winter,0
10023456782,2024-01-27 02:00:00,2024-01-27,02:00:00,6.8969,Saturday,2,1,Winter,1
10023456782,2024-01-27 03:00:00,2024-01-27,03:00:00,1.8678,Saturday,3,1,Winter,0
10023456782,2024-01-27 04:00:00,2024-01-27,04:00:00,1.7231,Saturday,4,1,Winter,0
10023456782,2024-01-27 05:00:00,2024-01-27,05:00:00,2.3811,Saturday,5,1,Winter,0
10023456782,2024-01-27 06:00:00,2024-01-27,06:00:00,2.9382,Saturday,6,1,Winter,0
10023456782,2024-01-27 07:00:00,2024-01-27,07:00:00,4.3981,Saturday,7,1,Winter,0
10023456782,2024-01-27 08:00:00,2024-01-27,08:00:00,5.3592,Saturday,8,1,Winter,0
10023456782,2024-01-27 09:00:00,2024-01-27,09:00:00,6.0706,Saturday,9,1,Winter,0
10023456782,2024-01-27 10:00:00,2024-01-27,10:00:00,4.1988,Saturday,10,1,Winter,0
10023456782,2024-01-27 11:00:00,2024-01-27,11:00:00,5.1262,Saturday,11,1,Winter,0
10023456782,2024-01-27 12:00:00,2024-01-27,12:00:00,3.8646,Saturday,12,1,Winter,0
10023456782,2024-01-27 13:00:00,2024-01-27,13:00:00,4.1374,Saturday,13,1,Winter,0
10023456782,2024-01-27 14:00:00,2024-01-27,14:00:00,4.0536,Saturday,14,1,Winter,0
10023456782,2024-01-27 15:00:00,2024-01-27,15:00:00,4.7847,Saturday,15,1,Winter,0
10023456782,2024-01-27 16:00:00,2024-01-27,16:00:00,5.4666,Saturday,16,1,Winter,0
10023456782,2024-01-27 17:00:00,2024-01-27,17:00:00,5.3348,Saturday,17,1,Winter,0
10023456782,2024-01-27 18:00:00,2024-01-27,18:00:00,6.7226,Saturday,18,1,Winter,0
10023456782,2024-01-27 19:00:00,2024-01-27,19:00:00,6.0025,Saturday,19,1,Winter,0
10023456782,2024-01-27 20:00:00,2024-01-27,20:00:00,5.8132,Saturday,20,1,Winter,0
10023456782,2024-01-27 21:00:00,2024-01-27,21:00:00,4.1293,Saturday,21,1,Winter,0
10023456782,2024-01-27 22:00:00,2024-01-27,22:00:00,3.5531,Saturday,22,1,Winter,0
10023456782,2024-01-27 23:00:00,2024-01-27,23:00:00,2.3509,Saturday,23,1,Winter,0
10023456782,2024-01-28 00:00:00,2024-01-28,00:00:00,0.7315,Sunday,0,1,Winter,0
10023456782,2024-01-28 01:00:00,2024-01-28,01:00:00,1.0032,Sunday,1,1,Winter,0
10023456782,2024-01-28 02:00:00,2024-01-28,02:00:00,0.9049,Sunday,2,1,Winter,0
10023456782,2024-01-28 03:00:00,2024-01-28,03:00:00,0.6351,Sunday,3,1,Winter,0
10023456782,2024-01-28 04:00:00,2024-01-28,04:00:00,0.9063,Sunday,4,1,Winter,0
10023456782,2024-01-28 05:00:00,2024-01-28,05:00:00,1.1047,Sunday,5,1,Winter,0
10023456782,2024-01-28 06:00:00,2024-01-28,06:00:00,1.7552,Sunday,6,1,Winter,0
10023456782,2024-01-28 07:00:00,2024-01-28,07:00:00,1.8786,Sunday,7,1,Winter,0
10023456782,2024-01-28 08:00:00,2024-01-28,08:00:00,2.7682,Sunday,8,1,Winter,0
10023456782,2024-01-28 09:00:00,2024-01-28,09:00:00,2.7169,Sunday,9,1,Winter,0
10023456782,2024-01-28 10:00:00,2024-01-28,10:00:00,3.0168,Sunday,10,1,Winter,0
10023456782,2024-01-28 11:00:00,2024-01-28,11:00:00,2.2750,Sunday,11,1,Winter,0
10023456782,2024-01-28 12:00:00,2024-01-28,12:00:00,2.0458,Sunday,12,1,Winter,0
10023456782,2024-01-28 13:00:00,2024-01-28,13:00:00,2.2464,Sunday,13,1,Winter,0
10023456782,2024-01-28 14:00:00,2024-01-28,14:00:00,2.2673,Sunday,14,1,Winter,0
10023456782,2024-01-28 15:00:00,2024-01-28,15:00:00,0.2886,Sunday,15,1,Winter,1
10023456782,2024-01-28 16:00:00,2024-01-28,16:00:00,2.1927,Sunday,16,1,Winter,0
10023456782,2024-01-28 17:00:00,2024-01-28,17:00:00,2.8738,Sunday,17,1,Winter,0
10023456782,2024-01-28 18:00:00,2024-01-28,18:00:00,2.9173,Sunday,18,1,Winter,0
10023456782,2024-01-28 19:00:00,2024-01-28,19:00:00,3.3138,Sunday,19,1,Winter,0
10023456782,2024-01-28 20:00:00,2024-01-28,20:00:00,3.1732,Sunday,20,1,Winter,0
10023456782,2024-01-28 21:00:00,2024-01-28,21:00:00,2.1586,Sunday,21,1,Winter,0
10023456782,2024-01-28 22:00:00,2024-01-28,22:00:00,1.4737,Sunday,22,1,Winter,0
10023456782,2024-01-28 23:00:00,2024-01-28,23:00:00,1.0611,Sunday,23,1,Winter,0
10023456782,2024-01-29 00:00:00,2024-01-29,00:00:00,1.2070,Monday,0,1,Winter,0
10023456782,2024-01-29 01:00:00,2024-01-29,01:00:00,1.1364,Monday,1,1,Winter,0
10023456782,2024-01-29 02:00:00,2024-01-29,02:00:00,1.0437,Monday,2,1,Winter,0
10023456782,2024-01-29 03:00:00,2024-01-29,03:00:00,1.0181,Monday,3,1,Winter,0
10023456782,2024-01-29 04:00:00,2024-01-29,04:00:00,1.0550,Monday,4,1,Winter,0
10023456782,2024-01-29 05:00:00,2024-01-29,05:00:00,1.2875,Monday,5,1,Winter,0
10023456782,2024-01-29 06:00:00,2024-01-29,06:00:00,2.0578,Monday,6,1,Winter,0
10023456782,2024-01-29 07:00:00,2024-01-29,07:00:00,3.5463,Monday,7,1,Winter,0
10023456782,2024-01-29 08:00:00,2024-01-29,08:00:00,4.0209,Monday,8,1,Winter,0
10023456782,2024-01-29 09:00:00,2024-01-29,09:00:00,3.4185,Monday,9,1,Winter,0
10023456782,2024-01-29 10:00:00,2024-01-29,10:00:00,3.6304,Monday,10,1,Winter,0
10023456782,2024-01-29 11:00:00,2024-01-29,11:00:00,3.9399,Monday,11,1,Winter,0
10023456782,2024-01-29 12:00:00,2024-01-29,12:00:00,3.4384,Monday,12,1,Winter,0
10023456782,2024-01-29 13:00:00,2024-01-29,13:00:00,3.2070,Monday,13,1,Winter,0
10023456782,2024-01-29 14:00:00,2024-01-29,14:00:00,4.1227,Monday,14,1,Winter,0
10023456782,2024-01-29 15:00:00,2024-01-29,15:00:00,2.9980,Monday,15,1,Winter,0
10023456782,2024-01-29 16:00:00,2024-01-29,16:00:00,3.3708,Monday,16,1,Winter,0
10023456782,2024-01-29 17:00:00,2024-01-29,17:00:00,4.0544,Monday,17,1,Winter,0
10023456782,2024-01-29 18:00:00,2024-01-29,18:00:00,3.1241,Monday,18,1,Winter,0
10023456782,2024-01-29 19:00:00,2024-01-29,19:00:00,3.2567,Monday,19,1,Winter,0
10023456782,2024-01-29 20:00:00,2024-01-29,20:00:00,3.5094,Monday,20,1,Winter,0
10023456782,2024-01-29 21:00:00,2024-01-29,21:00:00,3.4413,Monday,21,1,Winter,0
10023456782,2024-01-29 22:00:00,2024-01-29,22:00:00,2.2797,Monday,22,1,Winter,0
10023456782,2024-01-29 23:00:00,2024-01-29,23:00:00,1.4688,Monday,23,1,Winter,0
10023456782,2024-01-30 00:00:00,2024-01-30,00:00:00,1.1215,Tuesday,0,1,Winter,0
10023456782,2024-01-30 01:00:00,2024-01-30,01:00:00,0.8613,Tuesday,1,1,Winter,0
10023456782,2024-01-30 02:00:00,2024-01-30,02:00:00,0.8290,Tuesday,2,1,Winter,0
10023456782,2024-01-30 03:00:00,2024-01-30,03:00:00,0.7208,Tuesday,3,1,Winter,0
10023456782,2024-01-30 04:00:00,2024-01-30,04:00:00,1.1397,Tuesday,4,1,Winter,0
10023456782,2024-01-30 05:00:00,2024-01-30,05:00:00,1.3278,Tuesday,5,1,Winter,0
10023456782,2024-01-30 06:00:00,2024-01-30,06:00:00,2.2724,Tuesday,6,1,Winter,0
10023456782,2024-01-30 07:00:00,2024-01-30,07:00:00,2.4382,Tuesday,7,1,Winter,0
10023456782,2024-01-30 08:00:00,2024-01-30,08:00:00,3.0317,Tuesday,8,1,Winter,0
10023456782,2024-01-30 09:00:00,2024-01-30,09:00:00,2.9032,Tuesday,9,1,Winter,0
10023456782,2024-01-30 10:00:00,2024-01-30,10:00:00,2.8565,Tuesday,10,1,Winter,0
10023456782,2024-01-30 11:00:00,2024-01-30,11:00:00,2.8994,Tuesday,11,1,Winter,0
10023456782,2024-01-30 12:00:00,2024-01-30,12:00:00,2.5583,Tuesday,12,1,Winter,0
10023456782,2024-01-30 13:00:00,2024-01-30,13:00:00,2.6003,Tuesday,13,1,Winter,0
10023456782,2024-01-30 14:00:00,2024-01-30,14:00:00,2.5503,Tuesday,14,1,Winter,0
10023456782,2024-01-30 15:00:00,2024-01-30,15:00:00,2.4162,Tuesday,15,1,Winter,0
10023456782,2024-01-30 16:00:00,2024-01-30,16:00:00,2.6571,Tuesday,16,1,Winter,0
10023456782,2024-01-30 17:00:00,2024-01-30,17:00:00,3.1534,Tuesday,17,1,Winter,0
10023456782,2024-01-30 18:00:00,2024-01-30,18:00:00,3.9250,Tuesday,18,1,Winter,0
10023456782,2024-01-30 19:00:00,2024-01-30,19:00:00,3.1664,Tuesday,19,1,Winter,0
10023456782,2024-01-30 20:00:00,2024-01-30,20:00:00,2.6278,Tuesday,20,1,Winter,0
10023456782,2024-01-30 21:00:00,2024-01-30,21:00:00,2.5162,Tuesday,21,1,Winter,0
10023456782,2024-01-30 22:00:00,2024-01-30,22:00:00,1.6210,Tuesday,22,1,Winter,0
10023456782,2024-01-30 23:00:00,2024-01-30,23:00:00,1.4864,Tuesday,23,1,Winter,0
10023456782,2024-01-31 00:00:00,2024-01-31,00:00:00,1.2282,Wednesday,0,1,Winter,0
10023456782,2024-01-31 01:00:00,2024-01-31,01:00:00,1.3540,Wednesday,1,1,Winter,0
10023456782,2024-01-31 02:00:00,2024-01-31,02:00:00,1.1303,Wednesday,2,1,Winter,0
10023456782,2024-01-31 03:00:00,2024-01-31,03:00:00,0.9529,Wednesday,3,1,Winter,0
10023456782,2024-01-31 04:00:00,2024-01-31,04:00:00,1.3481,Wednesday,4,1,Winter,0
10023456782,2024-01-31 05:00:00,2024-01-31,05:00:00,1.6625,Wednesday,5,1,Winter,0
10023456782,2024-01-31 06:00:00,2024-01-31,06:00:00,2.6881,Wednesday,6,1,Winter,0
10023456782,2024-01-31 07:00:00,2024-01-31,07:00:00,4.1614,Wednesday,7,1,Winter,0
10023456782,2024-01-31 08:00:00,2024-01-31,08:00:00,3.1292,Wednesday,8,1,Winter,0
10023456782,2024-01-31 09:00:00,2024-01-31,09:00:00,8.3059,Wednesday,9,1,Winter,1
10023456782,2024-01-31 10:00:00,2024-01-31,10:00:00,9.5862,Wednesday,10,1,Winter,1
10023456782,2024-01-31 11:00:00,2024-01-31,11:00:00,7.3425,Wednesday,11,1,Winter,1
10023456782,2024-01-31 12:00:00,2024-01-31,12:00:00,0.7902,Wednesday,12,1,Winter,1
10023456782,2024-01-31 13:00:00,2024-01-31,13:00:00,8.1088,Wednesday,13,1,Winter,1
10023456782,2024-01-31 14:00:00,2024-01-31,14:00:00,3.5688,Wednesday,14,1,Winter,0
10023456782,2024-01-31 15:00:00,2024-01-31,15:00:00,2.9510,Wednesday,15,1,Winter,0
10023456782,2024-01-31 16:00:00,2024-01-31,16:00:00,3.6879,Wednesday,16,1,Winter,0
10023456782,2024-01-31 17:00:00,2024-01-31,17:00:00,4.2207,Wednesday,17,1,Winter,0
10023456782,2024-01-31 18:00:00,2024-01-31,18:00:00,4.2567,Wednesday,18,1,Winter,0
10023456782,2024-01-31 19:00:00,2024-01-31,19:00:00,4.7025,Wednesday,19,1,Winter,0
10023456782,2024-01-31 20:00:00,2024-01-31,20:00:00,3.2879,Wednesday,20,1,Winter,0
10023456782,2024-01-31 21:00:00,2024-01-31,21:00:00,2.6235,Wednesday,21,1,Winter,0
10023456782,2024-01-31 22:00:00,2024-01-31,22:00:00,2.1920,Wednesday,22,1,Winter,0
10023456782,2024-01-31 23:00:00,2024-01-31,23:00:00,3.1583,Wednesday,23,1,Winter,1
10023456782,2024-02-01 00:00:00,2024-02-01,00:00:00,4.0973,Thursday,0,2,Winter,1
10023456782,2024-02-01 01:00:00,2024-02-01,01:00:00,3.2248,Thursday,1,2,Winter,1
10023456782,2024-02-01 02:00:00,2024-02-01,02:00:00,1.2659,Thursday,2,2,Winter,0
10023456782,2024-02-01 03:00:00,2024-02-01,03:00:00,1.2194,Thursday,3,2,Winter,0
10023456782,2024-02-01 04:00:00,2024-02-01,04:00:00,1.3147,Thursday,4,2,Winter,0
10023456782,2024-02-01 05:00:00,2024-02-01,05:00:00,2.2418,Thursday,5,2,Winter,0
10023456782,2024-02-01 06:00:00,2024-02-01,06:00:00,2.8934,Thursday,6,2,Winter,0
10023456782,2024-02-01 07:00:00,2024-02-01,07:00:00,3.8594,Thursday,7,2,Winter,0
10023456782,2024-02-01 08:00:00,2024-02-01,08:00:00,5.9933,Thursday,8,2,Winter,0
10023456782,2024-02-01 09:00:00,2024-02-01,09:00:00,4.8486,Thursday,9,2,Winter,0
10023456782,2024-02-01 10:00:00,2024-02-01,10:00:00,4.7810,Thursday,10,2,Winter,0
10023456782,2024-02-01 11:00:00,2024-02-01,11:00:00,3.7296,Thursday,11,2,Winter,0
10023456782,2024-02-01 12:00:00,2024-02-01,12:00:00,4.7390,Thursday,12,2,Winter,0
10023456782,2024-02-01 13:00:00,2024-02-01,13:00:00,3.8175,Thursday,13,2,Winter,0
10023456782,2024-02-01 14:00:00,2024-02-01,14:00:00,4.1124,Thursday,14,2,Winter,0
10023456782,2024-02-01 15:00:00,2024-02-01,15:00:00,4.2624,Thursday,15,2,Winter,0
10023456782,2024-02-01 16:00:00,2024-02-01,16:00:00,3.9036,Thursday,16,2,Winter,0
10023456782,2024-02-01 17:00:00,2024-02-01,17:00:00,4.6621,Thursday,17,2,Winter,0
10023456782,2024-02-01 18:00:00,2024-02-01,18:00:00,5.3490,Thursday,18,2,Winter,0
10023456782,2024-02-01 19:00:00,2024-02-01,19:00:00,4.6367,Thursday,19,2,Winter,0
10023456782,2024-02-01 20:00:00,2024-02-01,20:00:00,4.7608,Thursday,20,2,Winter,0
10023456782,2024-02-01 21:00:00,2024-02-01,21:00:00,4.1327,Thursday,21,2,Winter,0
10023456782,2024-02-01 22:00:00,2024-02-01,22:00:00,2.2395,Thursday,22,2,Winter,0
10023456782,2024-02-01 23:00:00,2024-02-01,23:00:00,1.8661,Thursday,23,2,Winter,0
10023456782,2024-02-02 00:00:00,2024-02-02,00:00:00,1.3566,Friday,0,2,Winter,0
10023456782,2024-02-02 01:00:00,2024-02-02,01:00:00,1.5927,Friday,1,2,Winter,0
10023456782,2024-02-02 02:00:00,2024-02-02,02:00:00,1.4240,Friday,2,2,Winter,0
10023456782,2024-02-02 03:00:00,2024-02-02,03:00:00,1.7993,Friday,3,2,Winter,0
10023456782,2024-02-02 04:00:00,2024-02-02,04:00:00,1.7736,Friday,4,2,Winter,0
10023456782,2024-02-02 05:00:00,2024-02-02,05:00:00,2.6103,Friday,5,2,Winter,0
10023456782,2024-02-02 06:00:00,2024-02-02,06:00:00,4.1401,Friday,6,2,Winter,0
10023456782,2024-02-02 07:00:00,2024-02-02,07:00:00,13.5785,Friday,7,2,Winter,1
10023456782,2024-02-02 08:00:00,2024-02-02,08:00:00,15.4405,Friday,8,2,Winter,1
10023456782,2024-02-02 09:00:00,2024-02-02,09:00:00,18.2136,Friday,9,2,Winter,1
10023456782,2024-02-02 10:00:00,2024-02-02,10:00:00,10.9380,Friday,10,2,Winter,1
10023456782,2024-02-02 11:00:00,2024-02-02,11:00:00,4.0340,Friday,11,2,Winter,0
10023456782,2024-02-02 12:00:00,2024-02-02,12:00:00,4.3398,Friday,12,2,Winter,0
10023456782,2024-02-02 13:00:00,2024-02-02,13:00:00,5.8507,Friday,13,2,Winter,0
10023456782,2024-02-02 14:00:00,2024-02-02,14:00:00,5.7206,Friday,14,2,Winter,0
10023456782,2024-02-02 15:00:00,2024-02-02,15:00:00,4.3428,Friday,15,2,Winter,0
10023456782,2024-02-02 16:00:00,2024-02-02,16:00:00,12.1727,Friday,16,2,Winter,1
10023456782,2024-02-02 17:00:00,2024-02-02,17:00:00,4.8911,Friday,17,2,Winter,0
10023456782,2024-02-02 18:00:00,2024-02-02,18:00:00,6.2173,Friday,18,2,Winter,0
10023456782,2024-02-02 19:00:00,2024-02-02,19:00:00,5.3488,Friday,19,2,Winter,0
10023456782,2024-02-02 20:00:00,2024-02-02,20:00:00,4.9636,Friday,20,2,Winter,0
10023456782,2024-02-02 21:00:00,2024-02-02,21:00:00,3.7455,Friday,21,2,Winter,0
10023456782,2024-02-02 22:00:00,2024-02-02,22:00:00,2.8514,Friday,22,2,Winter,0
10023456782,2024-02-02 23:00:00,2024-02-02,23:00:00,1.7799,Friday,23,2,Winter,0
10023456782,2024-02-03 00:00:00,2024-02-03,00:00:00,1.6117,Saturday,0,2,Winter,0
10023456782,2024-02-03 01:00:00,2024-02-03,01:00:00,1.0128,Saturday,1,2,Winter,0
10023456782,2024-02-03 02:00:00,2024-02-03,02:00:00,1.4715,Saturday,2,2,Winter,0
10023456782,2024-02-03 03:00:00,2024-02-03,03:00:00,1.3094,Saturday,3,2,Winter,0
10023456782,2024-02-03 04:00:00,2024-02-03,04:00:00,1.6099,Saturday,4,2,Winter,0
10023456782,2024-02-03 05:00:00,2024-02-03,05:00:00,1.6055,Saturday,5,2,Winter,0
10023456782,2024-02-03 06:00:00,2024-02-03,06:00:00,2.0290,Saturday,6,2,Winter,0
10023456782,2024-02-03 07:00:00,2024-02-03,07:00:00,2.5162,Saturday,7,2,Winter,0
10023456782,2024-02-03 08:00:00,2024-02-03,08:00:00,2.7620,Saturday,8,2,Winter,0
10023456782,2024-02-03 09:00:00,2024-02-03,09:00:00,6.9488,Saturday,9,2,Winter,1
10023456782,2024-02-03 10:00:00,2024-02-03,10:00:00,7.9795,Saturday,10,2,Winter,1
10023456782,2024-02-03 11:00:00,2024-02-03,11:00:00,7.2962,Saturday,11,2,Winter,1
10023456782,2024-02-03 12:00:00,2024-02-03,12:00:00,7.9632,Saturday,12,2,Winter,1
10023456782,2024-02-03 13:00:00,2024-02-03,13:00:00,3.2845,Saturday,13,2,Winter,0
10023456782,2024-02-03 14:00:00,2024-02-03,14:00:00,2.6159,Saturday,14,2,Winter,0
10023456782,2024-02-03 15:00:00,2024-02-03,15:00:00,2.6783,Saturday,15,2,Winter,0
10023456782,2024-02-03 16:00:00,2024-02-03,16:00:00,3.2574,Saturday,16,2,Winter,0
10023456782,2024-02-03 17:00:00,2024-02-03,17:00:00,3.6278,Saturday,17,2,Winter,0
10023456782,2024-02-03 18:00:00,2024-02-03,18:00:00,4.2749,Saturday,18,2,Winter,0
10023456782,2024-02-03 19:00:00,2024-02-03,19:00:00,4.2881,Saturday,19,2,Winter,0
10023456782,2024-02-03 20:00:00,2024-02-03,20:00:00,3.9301,Saturday,20,2,Winter,0
10023456782,2024-02-03 21:00:00,2024-02-03,21:00:00,3.0733,Saturday,21,2,Winter,0
10023456782,2024-02-03 22:00:00,2024-02-03,22:00:00,2.6991,Saturday,22,2,Winter,0
10023456782,2024-02-03 23:00:00,2024-02-03,23:00:00,1.9060,Saturday,23,2,Winter,0
10023456782,2024-02-04 00:00:00,2024-02-04,00:00:00,1.2206,Sunday,0,2,Winter,0
10023456782,2024-02-04 01:00:00,2024-02-04,01:00:00,0.9094,Sunday,1,2,Winter,0
10023456782,2024-02-04 02:00:00,2024-02-04,02:00:00,1.3193,Sunday,2,2,Winter,0
10023456782,2024-02-04 03:00:00,2024-02-04,03:00:00,0.9045,Sunday,3,2,Winter,0
10023456782,2024-02-04 04:00:00,2024-02-04,04:00:00,1.1708,Sunday,4,2,Winter,0
10023456782,2024-02-04 05:00:00,2024-02-04,05:00:00,1.6799,Sunday,5,2,Winter,0
10023456782,2024-02-04 06:00:00,2024-02-04,06:00:00,2.2467,Sunday,6,2,Winter,0
10023456782,2024-02-04 07:00:00,2024-02-04,07:00:00,2.5886,Sunday,7,2,Winter,0
10023456782,2024-02-04 08:00:00,2024-02-04,08:00:00,3.2021,Sunday,8,2,Winter,0
10023456782,2024-02-04 09:00:00,2024-02-04,09:00:00,3.6843,Sunday,9,2,Winter,0
10023456782,2024-02-04 10:00:00,2024-02-04,10:00:00,3.0995,Sunday,10,2,Winter,0
10023456782,2024-02-04 11:00:00,2024-02-04,11:00:00,3.4753,Sunday,11,2,Winter,0
10023456782,2024-02-04 12:00:00,2024-02-04,12:00:00,3.0179,Sunday,12,2,Winter,0
10023456782,2024-02-04 13:00:00,2024-02-04,13:00:00,2.7065,Sunday,13,2,Winter,0
10023456782,2024-02-04 14:00:00,2024-02-04,14:00:00,2.4006,Sunday,14,2,Winter,0
10023456782,2024-02-04 15:00:00,2024-02-04,15:00:00,2.7619,Sunday,15,2,Winter,0
10023456782,2024-02-04 16:00:00,2024-02-04,16:00:00,3.7605,Sunday,16,2,Winter,0
10023456782,2024-02-04 17:00:00,2024-02-04,17:00:00,3.5062,Sunday,17,2,Winter,0
10023456782,2024-02-04 18:00:00,2024-02-04,18:00:00,4.2786,Sunday,18,2,Winter,0
10023456782,2024-02-04 19:00:00,2024-02-04,19:00:00,4.9090,Sunday,19,2,Winter,0
10023456782,2024-02-04 20:00:00,2024-02-04,20:00:00,7.4862,Sunday,20,2,Winter,1
10023456782,2024-02-04 21:00:00,2024-02-04,21:00:00,2.7630,Sunday,21,2,Winter,0
10023456782,2024-02-04 22:00:00,2024-02-04,22:00:00,2.1676,Sunday,22,2,Winter,0
10023456782,2024-02-04 23:00:00,2024-02-04,23:00:00,1.7907,Sunday,23,2,Winter,0
10023456782,2024-02-05 00:00:00,2024-02-05,00:00:00,1.7013,Monday,0,2,Winter,0
10023456782,2024-02-05 01:00:00,2024-02-05,01:00:00,1.1913,Monday,1,2,Winter,0
10023456782,2024-02-05 02:00:00,2024-02-05,02:00:00,1.4637,Monday,2,2,Winter,0
10023456782,2024-02-05 03:00:00,2024-02-05,03:00:00,1.1476,Monday,3,2,Winter,0
10023456782,2024-02-05 04:00:00,2024-02-05,04:00:00,1.4435,Monday,4,2,Winter,0
10023456782,2024-02-05 05:00:00,2024-02-05,05:00:00,1.6743,Monday,5,2,Winter,0
10023456782,2024-02-05 06:00:00,2024-02-05,06:00:00,2.7223,Monday,6,2,Winter,0
10023456782,2024-02-05 07:00:00,2024-02-05,07:00:00,4.4202,Monday,7,2,Winter,0
10023456782,2024-02-05 08:00:00,2024-02-05,08:00:00,4.5576,Monday,8,2,Winter,0
10023456782,2024-02-05 09:00:00,2024-02-05,09:00:00,4.5541,Monday,9,2,Winter,0
10023456782,2024-02-05 10:00:00,2024-02-05,10:00:00,3.7366,Monday,10,2,Winter,0
10023456782,2024-02-05 11:00:00,2024-02-05,11:00:00,4.6671,Monday,11,2,Winter,0
10023456782,2024-02-05 12:00:00,2024-02-05,12:00:00,3.5927,Monday,12,2,Winter,0
10023456782,2024-02-05 13:00:00,2024-02-05,13:00:00,3.4843,Monday,13,2,Winter,0
10023456782,2024-02-05 14:00:00,2024-02-05,14:00:00,3.9442,Monday,14,2,Winter,0
10023456782,2024-02-05 15:00:00,2024-02-05,15:00:00,4.8684,Monday,15,2,Winter,0
10023456782,2024-02-05 16:00:00,2024-02-05,16:00:00,3.9469,Monday,16,2,Winter,0
10023456782,2024-02-05 17:00:00,2024-02-05,17:00:00,4.4035,Monday,17,2,Winter,0
10023456782,2024-02-05 18:00:00,2024-02-05,18:00:00,3.9412,Monday,18,2,Winter,0
10023456782,2024-02-05 19:00:00,2024-02-05,19:00:00,4.5237,Monday,19,2,Winter,0
10023456782,2024-02-05 20:00:00,2024-02-05,20:00:00,4.6714,Monday,20,2,Winter,0
10023456782,2024-02-05 21:00:00,2024-02-05,21:00:00,2.7533,Monday,21,2,Winter,0
10023456782,2024-02-05 22:00:00,2024-02-05,22:00:00,3.1422,Monday,22,2,Winter,0
10023456782,2024-02-05 23:00:00,2024-02-05,23:00:00,2.0956,Monday,23,2,Winter,0
10023456782,2024-02-06 00:00:00,2024-02-06,00:00:00,1.1729,Tuesday,0,2,Winter,0
10023456782,2024-02-06 01:00:00,2024-02-06,01:00:00,1.2183,Tuesday,1,2,Winter,0
10023456782,2024-02-06 02:00:00,2024-02-06,02:00:00,1.4049,Tuesday,2,2,Winter,0
10023456782,2024-02-06 03:00:00,2024-02-06,03:00:00,1.2761,Tuesday,3,2,Winter,0
10023456782,2024-02-06 04:00:00,2024-02-06,04:00:00,1.4782,Tuesday,4,2,Winter,0
10023456782,2024-02-06 05:00:00,2024-02-06,05:00:00,1.8761,Tuesday,5,2,Winter,0
10023456782,2024-02-06 06:00:00,2024-02-06,06:00:00,2.6602,Tuesday,6,2,Winter,0
10023456782,2024-02-06 07:00:00,2024-02-06,07:00:00,4.1354,Tuesday,7,2,Winter,0
10023456782,2024-02-06 08:00:00,2024-02-06,08:00:00,4.8723,Tuesday,8,2,Winter,0
10023456782,2024-02-06 09:00:00,2024-02-06,09:00:00,4.6291,Tuesday,9,2,Winter,0
10023456782,2024-02-06 10:00:00,2024-02-06,10:00:00,4.1639,Tuesday,10,2,Winter,0
10023456782,2024-02-06 11:00:00,2024-02-06,11:00:00,4.4704,Tuesday,11,2,Winter,0
10023456782,2024-02-06 12:00:00,2024-02-06,12:00:00,3.7857,Tuesday,12,2,Winter,0
10023456782,2024-02-06 13:00:00,2024-02-06,13:00:00,3.4744,Tuesday,13,2,Winter,0
10023456782,2024-02-06 14:00:00,2024-02-06,14:00:00,4.1758,Tuesday,14,2,Winter,0
10023456782,2024-02-06 15:00:00,2024-02-06,15:00:00,4.4061,Tuesday,15,2,Winter,0
10023456782,2024-02-06 16:00:00,2024-02-06,16:00:00,10.0614,Tuesday,16,2,Winter,1
10023456782,2024-02-06 17:00:00,2024-02-06,17:00:00,8.5341,Tuesday,17,2,Winter,1
10023456782,2024-02-06 18:00:00,2024-02-06,18:00:00,8.4022,Tuesday,18,2,Winter,1
10023456782,2024-02-06 19:00:00,2024-02-06,19:00:00,10.7525,Tuesday,19,2,Winter,1
10023456782,2024-02-06 20:00:00,2024-02-06,20:00:00,8.5181,Tuesday,20,2,Winter,1
10023456782,2024-02-06 21:00:00,2024-02-06,21:00:00,8.3338,Tuesday,21,2,Winter,1
10023456782,2024-02-06 22:00:00,2024-02-06,22:00:00,2.1663,Tuesday,22,2,Winter,0
10023456782,2024-02-06 23:00:00,2024-02-06,23:00:00,2.1736,Tuesday,23,2,Winter,0
10023456782,2024-02-07 00:00:00,2024-02-07,00:00:00,1.4841,Wednesday,0,2,Winter,0
10023456782,2024-02-07 01:00:00,2024-02-07,01:00:00,1.2555,Wednesday,1,2,Winter,0
10023456782,2024-02-07 02:00:00,2024-02-07,02:00:00,1.1431,Wednesday,2,2,Winter,0
10023456782,2024-02-07 03:00:00,2024-02-07,03:00:00,1.1556,Wednesday,3,2,Winter,0
10023456782,2024-02-07 04:00:00,2024-02-07,04:00:00,1.2689,Wednesday,4,2,Winter,0
10023456782,2024-02-07 05:00:00,2024-02-07,05:00:00,2.0485,Wednesday,5,2,Winter,0
10023456782,2024-02-07 06:00:00,2024-02-07,06:00:00,2.9961,Wednesday,6,2,Winter,0
10023456782,2024-02-07 07:00:00,2024-02-07,07:00:00,3.9232,Wednesday,7,2,Winter,0
10023456782,2024-02-07 08:00:00,2024-02-07,08:00:00,4.7526,Wednesday,8,2,Winter,0
10023456782,2024-02-07 09:00:00,2024-02-07,09:00:00,4.8637,Wednesday,9,2,Winter,0
10023456782,2024-02-07 10:00:00,2024-02-07,10:00:00,4.5784,Wednesday,10,2,Winter,0
10023456782,2024-02-07 11:00:00,2024-02-07,11:00:00,4.0945,Wednesday,11,2,Winter,0
10023456782,2024-02-07 12:00:00,2024-02-07,12:00:00,3.9659,Wednesday,12,2,Winter,0
10023456782,2024-02-07 13:00:00,2024-02-07,13:00:00,3.4907,Wednesday,13,2,Winter,0
10023456782,2024-02-07 14:00:00,2024-02-07,14:00:00,3.6147,Wednesday,14,2,Winter,0
10023456782,2024-02-07 15:00:00,2024-02-07,15:00:00,2.9556,Wednesday,15,2,Winter,0
10023456782,2024-02-07 16:00:00,2024-02-07,16:00:00,3.9685,Wednesday,16,2,Winter,0
10023456782,2024-02-07 17:00:00,2024-02-07,17:00:00,4.2563,Wednesday,17,2,Winter,0
10023456782,2024-02-07 18:00:00,2024-02-07,18:00:00,5.3148,Wednesday,18,2,Winter,0
10023456782,2024-02-07 19:00:00,2024-02-07,19:00:00,4.5418,Wednesday,19,2,Winter,0
10023456782,2024-02-07 20:00:00,2024-02-07,20:00:00,3.8838,Wednesday,20,2,Winter,0
10023456782,2024-02-07 21:00:00,2024-02-07,21:00:00,3.0693,Wednesday,21,2,Winter,0
10023456782,2024-02-07 22:00:00,2024-02-07,22:00:00,2.2646,Wednesday,22,2,Winter,0
10023456782,2024-02-07 23:00:00,2024-02-07,23:00:00,1.5894,Wednesday,23,2,Winter,0
10023456782,2024-02-08 00:00:00,2024-02-08,00:00:00,1.2260,Thursday,0,2,Winter,0
10023456782,2024-02-08 01:00:00,2024-02-08,01:00:00,1.2374,Thursday,1,2,Winter,0
10023456782,2024-02-08 02:00:00,2024-02-08,02:00:00,1.4913,Thursday,2,2,Winter,0
10023456782,2024-02-08 03:00:00,2024-02-08,03:00:00,1.3075,Thursday,3,2,Winter,0
10023456782,2024-02-08 04:00:00,2024-02-08,04:00:00,1.3740,Thursday,4,2,Winter,0
10023456782,2024-02-08 05:00:00,2024-02-08,05:00:00,2.5368,Thursday,5,2,Winter,0
10023456782,2024-02-08 06:00:00,2024-02-08,06:00:00,3.0276,Thursday,6,2,Winter,0
10023456782,2024-02-08 07:00:00,2024-02-08,07:00:00,4.0359,Thursday,7,2,Winter,0
10023456782,2024-02-08 08:00:00,2024-02-08,08:00:00,4.7310,Thursday,8,2,Winter,0
10023456782,2024-02-08 09:00:00,2024-02-08,09:00:00,5.2146,Thursday,9,2,Winter,0
10023456782,2024-02-08 10:00:00,2024-02-08,10:00:00,3.8584,Thursday,10,2,Winter,0
10023456782,2024-02-08 11:00:00,2024-02-08,11:00:00,4.8708,Thursday,11,2,Winter,0
10023456782,2024-02-08 12:00:00,2024-02-08,12:00:00,4.5778,Thursday,12,2,Winter,0
10023456782,2024-02-08 13:00:00,2024-02-08,13:00:00,3.2067,Thursday,13,2,Winter,0
10023456782,2024-02-08 14:00:00,2024-02-08,14:00:00,3.7951,Thursday,14,2,Winter,0
10023456782,2024-02-08 15:00:00,2024-02-08,15:00:00,4.3900,Thursday,15,2,Winter,0
10023456782,2024-02-08 16:00:00,2024-02-08,16:00:00,5.4413,Thursday,16,2,Winter,0
10023456782,2024-02-08 17:00:00,2024-02-08,17:00:00,5.1771,Thursday,17,2,Winter,0
10023456782,2024-02-08 18:00:00,2024-02-08,18:00:00,4.5613,Thursday,18,2,Winter,0
10023456782,2024-02-08 19:00:00,2024-02-08,19:00:00,4.0551,Thursday,19,2,Winter,0
10023456782,2024-02-08 20:00:00,2024-02-08,20:00:00,3.5431,Thursday,20,2,Winter,0
10023456782,2024-02-08 21:00:00,2024-02-08,21:00:00,4.2374,Thursday,21,2,Winter,0
10023456782,2024-02-08 22:00:00,2024-02-08,22:00:00,0.4199,Thursday,22,2,Winter,1
10023456782,2024-02-08 23:00:00,2024-02-08,23:00:00,0.3320,Thursday,23,2,Winter,1
10023456782,2024-02-09 00:00:00,2024-02-09,00:00:00,1.1433,Friday,0,2,Winter,0
10023456782,2024-02-09 01:00:00,2024-02-09,01:00:00,1.0295,Friday,1,2,Winter,0
10023456782,2024-02-09 02:00:00,2024-02-09,02:00:00,0.7913,Friday,2,2,Winter,0
10023456782,2024-02-09 03:00:00,2024-02-09,03:00:00,0.9739,Friday,3,2,Winter,0
10023456782,2024-02-09 04:00:00,2024-02-09,04:00:00,0.8399,Friday,4,2,Winter,0
10023456782,2024-02-09 05:00:00,2024-02-09,05:00:00,1.3003,Friday,5,2,Winter,0
10023456782,2024-02-09 06:00:00,2024-02-09,06:00:00,2.0410,Friday,6,2,Winter,0
10023456782,2024-02-09 07:00:00,2024-02-09,07:00:00,2.6061,Friday,7,2,Winter,0
10023456782,2024-02-09 08:00:00,2024-02-09,08:00:00,10.4930,Friday,8,2,Winter,1
10023456782,2024-02-09 09:00:00,2024-02-09,09:00:00,8.8601,Friday,9,2,Winter,1
10023456782,2024-02-09 10:00:00,2024-02-09,10:00:00,7.2379,Friday,10,2,Winter,1
10023456782,2024-02-09 11:00:00,2024-02-09,11:00:00,7.6344,Friday,11,2,Winter,1
10023456782,2024-02-09 12:00:00,2024-02-09,12:00:00,3.0531,Friday,12,2,Winter,0
10023456782,2024-02-09 13:00:00,2024-02-09,13:00:00,2.5888,Friday,13,2,Winter,0
10023456782,2024-02-09 14:00:00,2024-02-09,14:00:00,2.2436,Friday,14,2,Winter,0
10023456782,2024-02-09 15:00:00,2024-02-09,15:00:00,2.8359,Friday,15,2,Winter,0
10023456782,2024-02-09 16:00:00,2024-02-09,16:00:00,3.0793,Friday,16,2,Winter,0
10023456782,2024-02-09 17:00:00,2024-02-09,17:00:00,3.1814,Friday,17,2,Winter,0
10023456782,2024-02-09 18:00:00,2024-02-09,18:00:00,3.7205,Friday,18,2,Winter,0
10023456782,2024-02-09 19:00:00,2024-02-09,19:00:00,3.5338,Friday,19,2,Winter,0
10023456782,2024-02-09 20:00:00,2024-02-09,20:00:00,3.0447,Friday,20,2,Winter,0
10023456782,2024-02-09 21:00:00,2024-02-09,21:00:00,2.3217,Friday,21,2,Winter,0
10023456782,2024-02-09 22:00:00,2024-02-09,22:00:00,2.0009,Friday,22,2,Winter,0
10023456782,2024-02-09 23:00:00,2024-02-09,23:00:00,1.4530,Friday,23,2,Winter,0
10023456782,2024-02-10 00:00:00,2024-02-10,00:00:00,0.9057,Saturday,0,2,Winter,0
10023456782,2024-02-10 01:00:00,2024-02-10,01:00:00,0.9441,Saturday,1,2,Winter,0
10023456782,2024-02-10 02:00:00,2024-02-10,02:00:00,0.8050,Saturday,2,2,Winter,0
10023456782,2024-02-10 03:00:00,2024-02-10,03:00:00,0.8175,Saturday,3,2,Winter,0
10023456782,2024-02-10 04:00:00,2024-02-10,04:00:00,0.7518,Saturday,4,2,Winter,0
10023456782,2024-02-10 05:00:00,2024-02-10,05:00:00,1.1292,Saturday,5,2,Winter,0
10023456782,2024-02-10 06:00:00,2024-02-10,06:00:00,1.2889,Saturday,6,2,Winter,0
10023456782,2024-02-10 07:00:00,2024-02-10,07:00:00,2.0030,Saturday,7,2,Winter,0
10023456782,2024-02-10 08:00:00,2024-02-10,08:00:00,2.1300,Saturday,8,2,Winter,0
10023456782,2024-02-10 09:00:00,2024-02-10,09:00:00,2.4386,Saturday,9,2,Winter,0
10023456782,2024-02-10 10:00:00,2024-02-10,10:00:00,2.2505,Saturday,10,2,Winter,0
10023456782,2024-02-10 11:00:00,2024-02-10,11:00:00,2.1399,Saturday,11,2,Winter,0
10023456782,2024-02-10 12:00:00,2024-02-10,12:00:00,2.0244,Saturday,12,2,Winter,0
10023456782,2024-02-10 13:00:00,2024-02-10,13:00:00,1.9678,Saturday,13,2,Winter,0
10023456782,2024-02-10 14:00:00,2024-02-10,14:00:00,2.0143,Saturday,14,2,Winter,0
10023456782,2024-02-10 15:00:00,2024-02-10,15:00:00,2.0683,Saturday,15,2,Winter,0
10023456782,2024-02-10 16:00:00,2024-02-10,16:00:00,2.6531,Saturday,16,2,Winter,0
10023456782,2024-02-10 17:00:00,2024-02-10,17:00:00,2.5769,Saturday,17,2,Winter,0
10023456782,2024-02-10 18:00:00,2024-02-10,18:00:00,2.6995,Saturday,18,2,Winter,0
10023456782,2024-02-10 19:00:00,2024-02-10,19:00:00,2.8073,Saturday,19,2,Winter,0
10023456782,2024-02-10 20:00:00,2024-02-10,20:00:00,2.8107,Saturday,20,2,Winter,0
10023456782,2024-02-10 21:00:00,2024-02-10,21:00:00,1.8981,Saturday,21,2,Winter,0
10023456782,2024-02-10 22:00:00,2024-02-10,22:00:00,1.7567,Saturday,22,2,Winter,0
10023456782,2024-02-10 23:00:00,2024-02-10,23:00:00,1.1303,Saturday,23,2,Winter,0
10023456782,2024-02-11 00:00:00,2024-02-11,00:00:00,1.1839,Sunday,0,2,Winter,0
10023456782,2024-02-11 01:00:00,2024-02-11,01:00:00,0.8091,Sunday,1,2,Winter,0
10023456782,2024-02-11 02:00:00,2024-02-11,02:00:00,0.7839,Sunday,2,2,Winter,0
10023456782,2024-02-11 03:00:00,2024-02-11,03:00:00,0.7393,Sunday,3,2,Winter,0
10023456782,2024-02-11 04:00:00,2024-02-11,04:00:00,0.9997,Sunday,4,2,Winter,0
10023456782,2024-02-11 05:00:00,2024-02-11,05:00:00,0.9907,Sunday,5,2,Winter,0
10023456782,2024-02-11 06:00:00,2024-02-11,06:00:00,1.2878,Sunday,6,2,Winter,0
10023456782,2024-02-11 07:00:00,2024-02-11,07:00:00,1.6704,Sunday,7,2,Winter,0
10023456782,2024-02-11 08:00:00,2024-02-11,08:00:00,2.1693,Sunday,8,2,Winter,0
10023456782,2024-02-11 09:00:00,2024-02-11,09:00:00,2.7304,Sunday,9,2,Winter,0
10023456782,2024-02-11 10:00:00,2024-02-11,10:00:00,2.3480,Sunday,10,2,Winter,0
10023456782,2024-02-11 11:00:00,2024-02-11,11:00:00,2.6797,Sunday,11,2,Winter,0
10023456782,2024-02-11 12:00:00,2024-02-11,12:00:00,2.7197,Sunday,12,2,Winter,0
10023456782,2024-02-11 13:00:00,2024-02-11,13:00:00,2.1156,Sunday,13,2,Winter,0
10023456782,2024-02-11 14:00:00,2024-02-11,14:00:00,2.0967,Sunday,14,2,Winter,0
10023456782,2024-02-11 15:00:00,2024-02-11,15:00:00,2.4076,Sunday,15,2,Winter,0
10023456782,2024-02-11 16:00:00,2024-02-11,16:00:00,3.2574,Sunday,16,2,Winter,0
10023456782,2024-02-11 17:00:00,2024-02-11,17:00:00,3.0078,Sunday,17,2,Winter,0
10023456782,2024-02-11 18:00:00,2024-02-11,18:00:00,3.5889,Sunday,18,2,Winter,0
10023456782,2024-02-11 19:00:00,2024-02-11,19:00:00,2.4453,Sunday,19,2,Winter,0
10023456782,2024-02-11 20:00:00,2024-02-11,20:00:00,2.4350,Sunday,20,2,Winter,0
10023456782,2024-02-11 21:00:00,2024-02-11,21:00:00,2.1943,Sunday,21,2,Winter,0
10023456782,2024-02-11 22:00:00,2024-02-11,22:00:00,1.5018,Sunday,22,2,Winter,0
10023456782,2024-02-11 23:00:00,2024-02-11,23:00:00,4.1027,Sunday,23,2,Winter,1
10023456782,2024-02-12 00:00:00,2024-02-12,00:00:00,1.2804,Monday,0,2,Winter,0
10023456782,2024-02-12 01:00:00,2024-02-12,01:00:00,1.0399,Monday,1,2,Winter,0
10023456782,2024-02-12 02:00:00,2024-02-12,02:00:00,1.1001,Monday,2,2,Winter,0
10023456782,2024-02-12 03:00:00,2024-02-12,03:00:00,1.2204,Monday,3,2,Winter,0
10023456782,2024-02-12 04:00:00,2024-02-12,04:00:00,1.1994,Monday,4,2,Winter,0
10023456782,2024-02-12 05:00:00,2024-02-12,05:00:00,1.5473,Monday,5,2,Winter,0
10023456782,2024-02-12 06:00:00,2024-02-12,06:00:00,2.1672,Monday,6,2,Winter,0
10023456782,2024-02-12 07:00:00,2024-02-12,07:00:00,3.2233,Monday,7,2,Winter,0
10023456782,2024-02-12 08:00:00,2024-02-12,08:00:00,3.9822,Monday,8,2,Winter,0
10023456782,2024-02-12 09:00:00,2024-02-12,09:00:00,3.6728,Monday,9,2,Winter,0
10023456782,2024-02-12 10:00:00,2024-02-12,10:00:00,4.1240,Monday,10,2,Winter,0
10023456782,2024-02-12 11:00:00,2024-02-12,11:00:00,2.5117,Monday,11,2,Winter,0
10023456782,2024-02-12 12:00:00,2024-02-12,12:00:00,2.9301,Monday,12,2,Winter,0
10023456782,2024-02-12 13:00:00,2024-02-12,13:00:00,3.6164,Monday,13,2,Winter,0
10023456782,2024-02-12 14:00:00,2024-02-12,14:00:00,2.7710,Monday,14,2,Winter,0
10023456782,2024-02-12 15:00:00,2024-02-12,15:00:00,2.7793,Monday,15,2,Winter,0
10023456782,2024-02-12 16:00:00,2024-02-12,16:00:00,3.2757,Monday,16,2,Winter,0
10023456782,2024-02-12 17:00:00,2024-02-12,17:00:00,3.8448,Monday,17,2,Winter,0
10023456782,2024-02-12 18:00:00,2024-02-12,18:00:00,4.0360,Monday,18,2,Winter,0
10023456782,2024-02-12 19:00:00,2024-02-12,19:00:00,3.7161,Monday,19,2,Winter,0
10023456782,2024-02-12 20:00:00,2024-02-12,20:00:00,2.9918,Monday,20,2,Winter,0
10023456782,2024-02-12 21:00:00,2024-02-12,21:00:00,3.3646,Monday,21,2,Winter,0
10023456782,2024-02-12 22:00:00,2024-02-12,22:00:00,2.4077,Monday,22,2,Winter,0
10023456782,2024-02-12 23:00:00,2024-02-12,23:00:00,1.3543,Monday,23,2,Winter,0
10023456782,2024-02-13 00:00:00,2024-02-13,00:00:00,1.4504,Tuesday,0,2,Winter,0
10023456782,2024-02-13 01:00:00,2024-02-13,01:00:00,1.1292,Tuesday,1,2,Winter,0
10023456782,2024-02-13 02:00:00,2024-02-13,02:00:00,1.0673,Tuesday,2,2,Winter,0
10023456782,2024-02-13 03:00:00,2024-02-13,03:00:00,1.3583,Tuesday,3,2,Winter,0
10023456782,2024-02-13 04:00:00,2024-02-13,04:00:00,1.0798,Tuesday,4,2,Winter,0
10023456782,2024-02-13 05:00:00,2024-02-13,05:00:00,1.6817,Tuesday,5,2,Winter,0
10023456782,2024-02-13 06:00:00,2024-02-13,06:00:00,3.0675,Tuesday,6,2,Winter,0
10023456782,2024-02-13 07:00:00,2024-02-13,07:00:00,3.8112,Tuesday,7,2,Winter,0
10023456782,2024-02-13 08:00:00,2024-02-13,08:00:00,0.5524,Tuesday,8,2,Winter,1
10023456782,2024-02-13 09:00:00,2024-02-13,09:00:00,4.4543,Tuesday,9,2,Winter,0
10023456782,2024-02-13 10:00:00,2024-02-13,10:00:00,4.8727,Tuesday,10,2,Winter,0
10023456782,2024-02-13 11:00:00,2024-02-13,11:00:00,3.2883,Tuesday,11,2,Winter,0
10023456782,2024-02-13 12:00:00,2024-02-13,12:00:00,3.2186,Tuesday,12,2,Winter,0
10023456782,2024-02-13 13:00:00,2024-02-13,13:00:00,3.6163,Tuesday,13,2,Winter,0
10023456782,2024-02-13 14:00:00,2024-02-13,14:00:00,3.3901,Tuesday,14,2,Winter,0
10023456782,2024-02-13 15:00:00,2024-02-13,15:00:00,3.7579,Tuesday,15,2,Winter,0
10023456782,2024-02-13 16:00:00,2024-02-13,16:00:00,3.1509,Tuesday,16,2,Winter,0
10023456782,2024-02-13 17:00:00,2024-02-13,17:00:00,4.2782,Tuesday,17,2,Winter,0
10023456782,2024-02-13 18:00:00,2024-02-13,18:00:00,4.0521,Tuesday,18,2,Winter,0
10023456782,2024-02-13 19:00:00,2024-02-13,19:00:00,3.8393,Tuesday,19,2,Winter,0
10023456782,2024-02-13 20:00:00,2024-02-13,20:00:00,4.0919,Tuesday,20,2,Winter,0
10023456782,2024-02-13 21:00:00,2024-02-13,21:00:00,2.8563,Tuesday,21,2,Winter,0
10023456782,2024-02-13 22:00:00,2024-02-13,22:00:00,2.7234,Tuesday,22,2,Winter,0
10023456782,2024-02-13 23:00:00,2024-02-13,23:00:00,1.5493,Tuesday,23,2,Winter,0
10023456782,2024-02-14 00:00:00,2024-02-14,00:00:00,1.3446,Wednesday,0,2,Winter,0
10023456782,2024-02-14 01:00:00,2024-02-14,01:00:00,1.2710,Wednesday,1,2,Winter,0
10023456782,2024-02-14 02:00:00,2024-02-14,02:00:00,1.1611,Wednesday,2,2,Winter,0
10023456782,2024-02-14 03:00:00,2024-02-14,03:00:00,1.2143,Wednesday,3,2,Winter,0
10023456782,2024-02-14 04:00:00,2024-02-14,04:00:00,1.5286,Wednesday,4,2,Winter,0
10023456782,2024-02-14 05:00:00,2024-02-14,05:00:00,2.1297,Wednesday,5,2,Winter,0
10023456782,2024-02-14 06:00:00,2024-02-14,06:00:00,3.5687,Wednesday,6,2,Winter,0
10023456782,2024-02-14 07:00:00,2024-02-14,07:00:00,3.9331,Wednesday,7,2,Winter,0
10023456782,2024-02-14 08:00:00,2024-02-14,08:00:00,5.1975,Wednesday,8,2,Winter,0
10023456782,2024-02-14 09:00:00,2024-02-14,09:00:00,4.9247,Wednesday,9,2,Winter,0
10023456782,2024-02-14 10:00:00,2024-02-14,10:00:00,4.9096,Wednesday,10,2,Winter,0
10023456782,2024-02-14 11:00:00,2024-02-14,11:00:00,4.3142,Wednesday,11,2,Winter,0
10023456782,2024-02-14 12:00:00,2024-02-14,12:00:00,4.8449,Wednesday,12,2,Winter,0
10023456782,2024-02-14 13:00:00,2024-02-14,13:00:00,3.9540,Wednesday,13,2,Winter,0
10023456782,2024-02-14 14:00:00,2024-02-14,14:00:00,4.5693,Wednesday,14,2,Winter,0
10023456782,2024-02-14 15:00:00,2024-02-14,15:00:00,4.0076,Wednesday,15,2,Winter,0
10023456782,2024-02-14 16:00:00,2024-02-14,16:00:00,5.0429,Wednesday,16,2,Winter,0
10023456782,2024-02-14 17:00:00,2024-02-14,17:00:00,5.0388,Wednesday,17,2,Winter,0
10023456782,2024-02-14 18:00:00,2024-02-14,18:00:00,4.3299,Wednesday,18,2,Winter,0
10023456782,2024-02-14 19:00:00,2024-02-14,19:00:00,6.1385,Wednesday,19,2,Winter,0
10023456782,2024-02-14 20:00:00,2024-02-14,20:00:00,4.8093,Wednesday,20,2,Winter,0
10023456782,2024-02-14 21:00:00,2024-02-14,21:00:00,3.1654,Wednesday,21,2,Winter,0
10023456782,2024-02-14 22:00:00,2024-02-14,22:00:00,2.3650,Wednesday,22,2,Winter,0
10023456782,2024-02-14 23:00:00,2024-02-14,23:00:00,1.3415,Wednesday,23,2,Winter,0
10023456782,2024-02-15 00:00:00,2024-02-15,00:00:00,1.2741,Thursday,0,2,Winter,0
10023456782,2024-02-15 01:00:00,2024-02-15,01:00:00,1.1236,Thursday,1,2,Winter,0
10023456782,2024-02-15 02:00:00,2024-02-15,02:00:00,0.9229,Thursday,2,2,Winter,0
10023456782,2024-02-15 03:00:00,2024-02-15,03:00:00,0.6762,Thursday,3,2,Winter,0
10023456782,2024-02-15 04:00:00,2024-02-15,04:00:00,1.1948,Thursday,4,2,Winter,0
10023456782,2024-02-15 05:00:00,2024-02-15,05:00:00,1.7244,Thursday,5,2,Winter,0
10023456782,2024-02-15 06:00:00,2024-02-15,06:00:00,2.5355,Thursday,6,2,Winter,0
10023456782,2024-02-15 07:00:00,2024-02-15,07:00:00,3.0196,Thursday,7,2,Winter,0
10023456782,2024-02-15 08:00:00,2024-02-15,08:00:00,3.2285,Thursday,8,2,Winter,0
10023456782,2024-02-15 09:00:00,2024-02-15,09:00:00,3.2715,Thursday,9,2,Winter,0
10023456782,2024-02-15 10:00:00,2024-02-15,10:00:00,2.7767,Thursday,10,2,Winter,0
10023456782,2024-02-15 11:00:00,2024-02-15,11:00:00,2.3639,Thursday,11,2,Winter,0
10023456782,2024-02-15 12:00:00,2024-02-15,12:00:00,2.2488,Thursday,12,2,Winter,0
10023456782,2024-02-15 13:00:00,2024-02-15,13:00:00,2.8719,Thursday,13,2,Winter,0
10023456782,2024-02-15 14:00:00,2024-02-15,14:00:00,3.2184,Thursday,14,2,Winter,0
10023456782,2024-02-15 15:00:00,2024-02-15,15:00:00,2.9644,Thursday,15,2,Winter,0
10023456782,2024-02-15 16:00:00,2024-02-15,16:00:00,3.2598,Thursday,16,2,Winter,0
10023456782,2024-02-15 17:00:00,2024-02-15,17:00:00,3.3298,Thursday,17,2,Winter,0
10023456782,2024-02-15 18:00:00,2024-02-15,18:00:00,2.8803,Thursday,18,2,Winter,0
10023456782,2024-02-15 19:00:00,2024-02-15,19:00:00,3.9868,Thursday,19,2,Winter,0
10023456782,2024-02-15 20:00:00,2024-02-15,20:00:00,2.8165,Thursday,20,2,Winter,0
10023456782,2024-02-15 21:00:00,2024-02-15,21:00:00,2.8195,Thursday,21,2,Winter,0
10023456782,2024-02-15 22:00:00,2024-02-15,22:00:00,1.8051,Thursday,22,2,Winter,0
10023456782,2024-02-15 23:00:00,2024-02-15,23:00:00,0.9446,Thursday,23,2,Winter,0
10023456782,2024-02-16 00:00:00,2024-02-16,00:00:00,1.4404,Friday,0,2,Winter,0
10023456782,2024-02-16 01:00:00,2024-02-16,01:00:00,1.1282,Friday,1,2,Winter,0
10023456782,2024-02-16 02:00:00,2024-02-16,02:00:00,1.4566,Friday,2,2,Winter,0
10023456782,2024-02-16 03:00:00,2024-02-16,03:00:00,1.1981,Friday,3,2,Winter,0
10023456782,2024-02-16 04:00:00,2024-02-16,04:00:00,1.2765,Friday,4,2,Winter,0
10023456782,2024-02-16 05:00:00,2024-02-16,05:00:00,1.8741,Friday,5,2,Winter,0
10023456782,2024-02-16 06:00:00,2024-02-16,06:00:00,3.3438,Friday,6,2,Winter,0
10023456782,2024-02-16 07:00:00,2024-02-16,07:00:00,3.6201,Friday,7,2,Winter,0
10023456782,2024-02-16 08:00:00,2024-02-16,08:00:00,4.7349,Friday,8,2,Winter,0
10023456782,2024-02-16 09:00:00,2024-02-16,09:00:00,3.9416,Friday,9,2,Winter,0
10023456782,2024-02-16 10:00:00,2024-02-16,10:00:00,3.9847,Friday,10,2,Winter,0
10023456782,2024-02-16 11:00:00,2024-02-16,11:00:00,3.5557,Friday,11,2,Winter,0
10023456782,2024-02-16 12:00:00,2024-02-16,12:00:00,3.2358,Friday,12,2,Winter,0
10023456782,2024-02-16 13:00:00,2024-02-16,13:00:00,3.5912,Friday,13,2,Winter,0
10023456782,2024-02-16 14:00:00,2024-02-16,14:00:00,3.6490,Friday,14,2,Winter,0
10023456782,2024-02-16 15:00:00,2024-02-16,15:00:00,3.3095,Friday,15,2,Winter,0
10023456782,2024-02-16 16:00:00,2024-02-16,16:00:00,3.7936,Friday,16,2,Winter,0
10023456782,2024-02-16 17:00:00,2024-02-16,17:00:00,11.5288,Friday,17,2,Winter,1
10023456782,2024-02-16 18:00:00,2024-02-16,18:00:00,11.8189,Friday,18,2,Winter,1
10023456782,2024-02-16 19:00:00,2024-02-16,19:00:00,11.0263,Friday,19,2,Winter,1
10023456782,2024-02-16 20:00:00,2024-02-16,20:00:00,3.4954,Friday,20,2,Winter,0
10023456782,2024-02-16 21:00:00,2024-02-16,21:00:00,3.6568,Friday,21,2,Winter,0
10023456782,2024-02-16 22:00:00,2024-02-16,22:00:00,2.4926,Friday,22,2,Winter,0
10023456782,2024-02-16 23:00:00,2024-02-16,23:00:00,2.0157,Friday,23,2,Winter,0
10023456782,2024-02-17 00:00:00,2024-02-17,00:00:00,1.0574,Saturday,0,2,Winter,0
10023456782,2024-02-17 01:00:00,2024-02-17,01:00:00,1.0945,Saturday,1,2,Winter,0
10023456782,2024-02-17 02:00:00,2024-02-17,02:00:00,0.9727,Saturday,2,2,Winter,0
10023456782,2024-02-17 03:00:00,2024-02-17,03:00:00,1.2099,Saturday,3,2,Winter,0
10023456782,2024-02-17 04:00:00,2024-02-17,04:00:00,0.9161,Saturday,4,2,Winter,0
10023456782,2024-02-17 05:00:00,2024-02-17,05:00:00,1.4106,Saturday,5,2,Winter,0
10023456782,2024-02-17 06:00:00,2024-02-17,06:00:00,2.0967,Saturday,6,2,Winter,0
10023456782,2024-02-17 07:00:00,2024-02-17,07:00:00,1.7058,Saturday,7,2,Winter,0
10023456782,2024-02-17 08:00:00,2024-02-17,08:00:00,3.4195,Saturday,8,2,Winter,0
10023456782,2024-02-17 09:00:00,2024-02-17,09:00:00,3.7580,Saturday,9,2,Winter,0
10023456782,2024-02-17 10:00:00,2024-02-17,10:00:00,2.5357,Saturday,10,2,Winter,0
10023456782,2024-02-17 11:00:00,2024-02-17,11:00:00,2.7724,Saturday,11,2,Winter,0
10023456782,2024-02-17 12:00:00,2024-02-17,12:00:00,2.3191,Saturday,12,2,Winter,0
10023456782,2024-02-17 13:00:00,2024-02-17,13:00:00,2.6799,Saturday,13,2,Winter,0
10023456782,2024-02-17 14:00:00,2024-02-17,14:00:00,2.7919,Saturday,14,2,Winter,0
10023456782,2024-02-17 15:00:00,2024-02-17,15:00:00,2.5986,Saturday,15,2,Winter,0
10023456782,2024-02-17 16:00:00,2024-02-17,16:00:00,2.7855,Saturday,16,2,Winter,0
10023456782,2024-02-17 17:00:00,2024-02-17,17:00:00,3.1639,Saturday,17,2,Winter,0
10023456782,2024-02-17 18:00:00,2024-02-17,18:00:00,4.2810,Saturday,18,2,Winter,0
10023456782,2024-02-17 19:00:00,2024-02-17,19:00:00,3.0539,Saturday,19,2,Winter,0
10023456782,2024-02-17 20:00:00,2024-02-17,20:00:00,2.9974,Saturday,20,2,Winter,0
10023456782,2024-02-17 21:00:00,2024-02-17,21:00:00,6.7160,Saturday,21,2,Winter,1
10023456782,2024-02-17 22:00:00,2024-02-17,22:00:00,4.3364,Saturday,22,2,Winter,1
10023456782,2024-02-17 23:00:00,2024-02-17,23:00:00,2.8493,Saturday,23,2,Winter,1
10023456782,2024-02-18 00:00:00,2024-02-18,00:00:00,2.4288,Sunday,0,2,Winter,1
10023456782,2024-02-18 01:00:00,2024-02-18,01:00:00,0.9040,Sunday,1,2,Winter,0
10023456782,2024-02-18 02:00:00,2024-02-18,02:00:00,0.7696,Sunday,2,2,Winter,0
10023456782,2024-02-18 03:00:00,2024-02-18,03:00:00,1.3050,Sunday,3,2,Winter,1
10023456782,2024-02-18 04:00:00,2024-02-18,04:00:00,2.3216,Sunday,4,2,Winter,1
10023456782,2024-02-18 05:00:00,2024-02-18,05:00:00,3.0303,Sunday,5,2,Winter,1
10023456782,2024-02-18 06:00:00,2024-02-18,06:00:00,3.3525,Sunday,6,2,Winter,1
10023456782,2024-02-18 07:00:00,2024-02-18,07:00:00,4.8045,Sunday,7,2,Winter,1
10023456782,2024-02-18 08:00:00,2024-02-18,08:00:00,2.4134,Sunday,8,2,Winter,0
10023456782,2024-02-18 09:00:00,2024-02-18,09:00:00,2.6437,Sunday,9,2,Winter,0
10023456782,2024-02-18 10:00:00,2024-02-18,10:00:00,2.0717,Sunday,10,2,Winter,0
10023456782,2024-02-18 11:00:00,2024-02-18,11:00:00,2.1398,Sunday,11,2,Winter,0
10023456782,2024-02-18 12:00:00,2024-02-18,12:00:00,2.2643,Sunday,12,2,Winter,0
10023456782,2024-02-18 13:00:00,2024-02-18,13:00:00,2.1719,Sunday,13,2,Winter,0
10023456782,2024-02-18 14:00:00,2024-02-18,14:00:00,2.3253,Sunday,14,2,Winter,0
10023456782,2024-02-18 15:00:00,2024-02-18,15:00:00,2.1782,Sunday,15,2,Winter,0
10023456782,2024-02-18 16:00:00,2024-02-18,16:00:00,2.2696,Sunday,16,2,Winter,0
10023456782,2024-02-18 17:00:00,2024-02-18,17:00:00,2.6123,Sunday,17,2,Winter,0
10023456782,2024-02-18 18:00:00,2024-02-18,18:00:00,2.7159,Sunday,18,2,Winter,0
10023456782,2024-02-18 19:00:00,2024-02-18,19:00:00,3.3176,Sunday,19,2,Winter,0
10023456782,2024-02-18 20:00:00,2024-02-18,20:00:00,2.5755,Sunday,20,2,Winter,0
10023456782,2024-02-18 21:00:00,2024-02-18,21:00:00,2.3504,Sunday,21,2,Winter,0
10023456782,2024-02-18 22:00:00,2024-02-18,22:00:00,1.7830,Sunday,22,2,Winter,0
10023456782,2024-02-18 23:00:00,2024-02-18,23:00:00,1.0357,Sunday,23,2,Winter,0
10023456782,2024-02-19 00:00:00,2024-02-19,00:00:00,1.5322,Monday,0,2,Winter,0
10023456782,2024-02-19 01:00:00,2024-02-19,01:00:00,1.2943,Monday,1,2,Winter,0
10023456782,2024-02-19 02:00:00,2024-02-19,02:00:00,1.1952,Monday,2,2,Winter,0
10023456782,2024-02-19 03:00:00,2024-02-19,03:00:00,1.5321,Monday,3,2,Winter,0
10023456782,2024-02-19 04:00:00,2024-02-19,04:00:00,1.2503,Monday,4,2,Winter,0
10023456782,2024-02-19 05:00:00,2024-02-19,05:00:00,1.8868,Monday,5,2,Winter,0
10023456782,2024-02-19 06:00:00,2024-02-19,06:00:00,2.5296,Monday,6,2,Winter,0
10023456782,2024-02-19 07:00:00,2024-02-19,07:00:00,4.2032,Monday,7,2,Winter,0
10023456782,2024-02-19 08:00:00,2024-02-19,08:00:00,4.2115,Monday,8,2,Winter,0
10023456782,2024-02-19 09:00:00,2024-02-19,09:00:00,4.0033,Monday,9,2,Winter,0
10023456782,2024-02-19 10:00:00,2024-02-19,10:00:00,4.2484,Monday,10,2,Winter,0
10023456782,2024-02-19 11:00:00,2024-02-19,11:00:00,4.3907,Monday,11,2,Winter,0
10023456782,2024-02-19 12:00:00,2024-02-19,12:00:00,3.5071,Monday,12,2,Winter,0
10023456782,2024-02-19 13:00:00,2024-02-19,13:00:00,4.5529,Monday,13,2,Winter,0
10023456782,2024-02-19 14:00:00,2024-02-19,14:00:00,3.7013,Monday,14,2,Winter,0
10023456782,2024-02-19 15:00:00,2024-02-19,15:00:00,3.5595,Monday,15,2,Winter,0
10023456782,2024-02-19 16:00:00,2024-02-19,16:00:00,4.3609,Monday,16,2,Winter,0
10023456782,2024-02-19 17:00:00,2024-02-19,17:00:00,4.1058,Monday,17,2,Winter,0
10023456782,2024-02-19 18:00:00,2024-02-19,18:00:00,5.3586,Monday,18,2,Winter,0
10023456782,2024-02-19 19:00:00,2024-02-19,19:00:00,13.3148,Monday,19,2,Winter,1
10023456782,2024-02-19 20:00:00,2024-02-19,20:00:00,9.9871,Monday,20,2,Winter,1
10023456782,2024-02-19 21:00:00,2024-02-19,21:00:00,7.1451,Monday,21,2,Winter,1
10023456782,2024-02-19 22:00:00,2024-02-19,22:00:00,6.1815,Monday,22,2,Winter,1
10023456782,2024-02-19 23:00:00,2024-02-19,23:00:00,5.1856,Monday,23,2,Winter,1
10023456782,2024-02-20 00:00:00,2024-02-20,00:00:00,2.7763,Tuesday,0,2,Winter,1
10023456782,2024-02-20 01:00:00,2024-02-20,01:00:00,1.1732,Tuesday,1,2,Winter,0
10023456782,2024-02-20 02:00:00,2024-02-20,02:00:00,1.0350,Tuesday,2,2,Winter,0
10023456782,2024-02-20 03:00:00,2024-02-20,03:00:00,1.0326,Tuesday,3,2,Winter,0
10023456782,2024-02-20 04:00:00,2024-02-20,04:00:00,1.3127,Tuesday,4,2,Winter,0
10023456782,2024-02-20 05:00:00,2024-02-20,05:00:00,1.4904,Tuesday,5,2,Winter,0
10023456782,2024-02-20 06:00:00,2024-02-20,06:00:00,2.4873,Tuesday,6,2,Winter,0
10023456782,2024-02-20 07:00:00,2024-02-20,07:00:00,3.0340,Tuesday,7,2,Winter,0
10023456782,2024-02-20 08:00:00,2024-02-20,08:00:00,3.7538,Tuesday,8,2,Winter,0
10023456782,2024-02-20 09:00:00,2024-02-20,09:00:00,3.2472,Tuesday,9,2,Winter,0
10023456782,2024-02-20 10:00:00,2024-02-20,10:00:00,3.0678,Tuesday,10,2,Winter,0
10023456782,2024-02-20 11:00:00,2024-02-20,11:00:00,3.0413,Tuesday,11,2,Winter,0
10023456782,2024-02-20 12:00:00,2024-02-20,12:00:00,2.8126,Tuesday,12,2,Winter,0
10023456782,2024-02-20 13:00:00,2024-02-20,13:00:00,2.4672,Tuesday,13,2,Winter,0
10023456782,2024-02-20 14:00:00,2024-02-20,14:00:00,2.6446,Tuesday,14,2,Winter,0
10023456782,2024-02-20 15:00:00,2024-02-20,15:00:00,3.0247,Tuesday,15,2,Winter,0
10023456782,2024-02-20 16:00:00,2024-02-20,16:00:00,3.0583,Tuesday,16,2,Winter,0
10023456782,2024-02-20 17:00:00,2024-02-20,17:00:00,3.5404,Tuesday,17,2,Winter,0
10023456782,2024-02-20 18:00:00,2024-02-20,18:00:00,3.0812,Tuesday,18,2,Winter,0
10023456782,2024-02-20 19:00:00,2024-02-20,19:00:00,3.4812,Tuesday,19,2,Winter,0
10023456782,2024-02-20 20:00:00,2024-02-20,20:00:00,3.4294,Tuesday,20,2,Winter,0
10023456782,2024-02-20 21:00:00,2024-02-20,21:00:00,2.6121,Tuesday,21,2,Winter,0
10023456782,2024-02-20 22:00:00,2024-02-20,22:00:00,2.1503,Tuesday,22,2,Winter,0
10023456782,2024-02-20 23:00:00,2024-02-20,23:00:00,1.1597,Tuesday,23,2,Winter,0
10023456782,2024-02-21 00:00:00,2024-02-21,00:00:00,1.1907,Wednesday,0,2,Winter,0
10023456782,2024-02-21 01:00:00,2024-02-21,01:00:00,1.0358,Wednesday,1,2,Winter,0
10023456782,2024-02-21 02:00:00,2024-02-21,02:00:00,0.9800,Wednesday,2,2,Winter,0
10023456782,2024-02-21 03:00:00,2024-02-21,03:00:00,0.9781,Wednesday,3,2,Winter,0
10023456782,2024-02-21 04:00:00,2024-02-21,04:00:00,1.1704,Wednesday,4,2,Winter,0
10023456782,2024-02-21 05:00:00,2024-02-21,05:00:00,1.8650,Wednesday,5,2,Winter,0
10023456782,2024-02-21 06:00:00,2024-02-21,06:00:00,2.8636,Wednesday,6,2,Winter,0
10023456782,2024-02-21 07:00:00,2024-02-21,07:00:00,4.1222,Wednesday,7,2,Winter,0
10023456782,2024-02-21 08:00:00,2024-02-21,08:00:00,3.2074,Wednesday,8,2,Winter,0
10023456782,2024-02-21 09:00:00,2024-02-21,09:00:00,3.4280,Wednesday,9,2,Winter,0
10023456782,2024-02-21 10:00:00,2024-02-21,10:00:00,2.9875,Wednesday,10,2,Winter,0
10023456782,2024-02-21 11:00:00,2024-02-21,11:00:00,2.7947,Wednesday,11,2,Winter,0
10023456782,2024-02-21 12:00:00,2024-02-21,12:00:00,3.1521,Wednesday,12,2,Winter,0
10023456782,2024-02-21 13:00:00,2024-02-21,13:00:00,3.6961,Wednesday,13,2,Winter,0
10023456782,2024-02-21 14:00:00,2024-02-21,14:00:00,3.1002,Wednesday,14,2,Winter,0
10023456782,2024-02-21 15:00:00,2024-02-21,15:00:00,3.2909,Wednesday,15,2,Winter,0
10023456782,2024-02-21 16:00:00,2024-02-21,16:00:00,3.4649,Wednesday,16,2,Winter,0
10023456782,2024-02-21 17:00:00,2024-02-21,17:00:00,3.7450,Wednesday,17,2,Winter,0
10023456782,2024-02-21 18:00:00,2024-02-21,18:00:00,3.8782,Wednesday,18,2,Winter,0
10023456782,2024-02-21 19:00:00,2024-02-21,19:00:00,3.6641,Wednesday,19,2,Winter,0
10023456782,2024-02-21 20:00:00,2024-02-21,20:00:00,3.2609,Wednesday,20,2,Winter,0
10023456782,2024-02-21 21:00:00,2024-02-21,21:00:00,2.5263,Wednesday,21,2,Winter,0
10023456782,2024-02-21 22:00:00,2024-02-21,22:00:00,1.9181,Wednesday,22,2,Winter,0
10023456782,2024-02-21 23:00:00,2024-02-21,23:00:00,1.6165,Wednesday,23,2,Winter,0
10023456782,2024-02-22 00:00:00,2024-02-22,00:00:00,1.0080,Thursday,0,2,Winter,0
10023456782,2024-02-22 01:00:00,2024-02-22,01:00:00,0.7615,Thursday,1,2,Winter,0
10023456782,2024-02-22 02:00:00,2024-02-22,02:00:00,1.0572,Thursday,2,2,Winter,0
10023456782,2024-02-22 03:00:00,2024-02-22,03:00:00,0.8788,Thursday,3,2,Winter,0
10023456782,2024-02-22 04:00:00,2024-02-22,04:00:00,1.1220,Thursday,4,2,Winter,0
10023456782,2024-02-22 05:00:00,2024-02-22,05:00:00,1.3622,Thursday,5,2,Winter,0
10023456782,2024-02-22 06:00:00,2024-02-22,06:00:00,2.3112,Thursday,6,2,Winter,0
10023456782,2024-02-22 07:00:00,2024-02-22,07:00:00,2.7503,Thursday,7,2,Winter,0
10023456782,2024-02-22 08:00:00,2024-02-22,08:00:00,3.1828,Thursday,8,2,Winter,0
10023456782,2024-02-22 09:00:00,2024-02-22,09:00:00,3.2698,Thursday,9,2,Winter,0
10023456782,2024-02-22 10:00:00,2024-02-22,10:00:00,3.5057,Thursday,10,2,Winter,0
10023456782,2024-02-22 11:00:00,2024-02-22,11:00:00,3.1020,Thursday,11,2,Winter,0
10023456782,2024-02-22 12:00:00,2024-02-22,12:00:00,2.6167,Thursday,12,2,Winter,0
10023456782,2024-02-22 13:00:00,2024-02-22,13:00:00,2.9317,Thursday,13,2,Winter,0
10023456782,2024-02-22 14:00:00,2024-02-22,14:00:00,2.8631,Thursday,14,2,Winter,0
10023456782,2024-02-22 15:00:00,2024-02-22,15:00:00,2.6739,Thursday,15,2,Winter,0
10023456782,2024-02-22 16:00:00,2024-02-22,16:00:00,3.1237,Thursday,16,2,Winter,0
10023456782,2024-02-22 17:00:00,2024-02-22,17:00:00,3.6452,Thursday,17,2,Winter,0
10023456782,2024-02-22 18:00:00,2024-02-22,18:00:00,3.2490,Thursday,18,2,Winter,0
10023456782,2024-02-22 19:00:00,2024-02-22,19:00:00,3.2250,Thursday,19,2,Winter,0
10023456782,2024-02-22 20:00:00,2024-02-22,20:00:00,2.7199,Thursday,20,2,Winter,0
10023456782,2024-02-22 21:00:00,2024-02-22,21:00:00,2.0882,Thursday,21,2,Winter,0
10023456782,2024-02-22 22:00:00,2024-02-22,22:00:00,1.6548,Thursday,22,2,Winter,0
10023456782,2024-02-22 23:00:00,2024-02-22,23:00:00,1.1624,Thursday,23,2,Winter,0
10023456782,2024-02-23 00:00:00,2024-02-23,00:00:00,0.9285,Friday,0,2,Winter,0
10023456782,2024-02-23 01:00:00,2024-02-23,01:00:00,0.8591,Friday,1,2,Winter,0
10023456782,2024-02-23 02:00:00,2024-02-23,02:00:00,0.9940,Friday,2,2,Winter,0
10023456782,2024-02-23 03:00:00,2024-02-23,03:00:00,0.8513,Friday,3,2,Winter,0
10023456782,2024-02-23 04:00:00,2024-02-23,04:00:00,1.0076,Friday,4,2,Winter,0
10023456782,2024-02-23 05:00:00,2024-02-23,05:00:00,1.4519,Friday,5,2,Winter,0
10023456782,2024-02-23 06:00:00,2024-02-23,06:00:00,2.4750,Friday,6,2,Winter,0
10023456782,2024-02-23 07:00:00,2024-02-23,07:00:00,3.1331,Friday,7,2,Winter,0
10023456782,2024-02-23 08:00:00,2024-02-23,08:00:00,3.1473,Friday,8,2,Winter,0
10023456782,2024-02-23 09:00:00,2024-02-23,09:00:00,3.6933,Friday,9,2,Winter,0
10023456782,2024-02-23 10:00:00,2024-02-23,10:00:00,2.8435,Friday,10,2,Winter,0
10023456782,2024-02-23 11:00:00,2024-02-23,11:00:00,3.1122,Friday,11,2,Winter,0
10023456782,2024-02-23 12:00:00,2024-02-23,12:00:00,2.9144,Friday,12,2,Winter,0
10023456782,2024-02-23 13:00:00,2024-02-23,13:00:00,2.3936,Friday,13,2,Winter,0
10023456782,2024-02-23 14:00:00,2024-02-23,14:00:00,2.4297,Friday,14,2,Winter,0
10023456782,2024-02-23 15:00:00,2024-02-23,15:00:00,3.3652,Friday,15,2,Winter,0
10023456782,2024-02-23 16:00:00,2024-02-23,16:00:00,3.1815,Friday,16,2,Winter,0
10023456782,2024-02-23 17:00:00,2024-02-23,17:00:00,3.4262,Friday,17,2,Winter,0
10023456782,2024-02-23 18:00:00,2024-02-23,18:00:00,0.2869,Friday,18,2,Winter,1
10023456782,2024-02-23 19:00:00,2024-02-23,19:00:00,3.8626,Friday,19,2,Winter,0
10023456782,2024-02-23 20:00:00,2024-02-23,20:00:00,3.0674,Friday,20,2,Winter,0
10023456782,2024-02-23 21:00:00,2024-02-23,21:00:00,2.8045,Friday,21,2,Winter,0
10023456782,2024-02-23 22:00:00,2024-02-23,22:00:00,0.2961,Friday,22,2,Winter,1
10023456782,2024-02-23 23:00:00,2024-02-23,23:00:00,1.1664,Friday,23,2,Winter,0
10023456782,2024-02-24 00:00:00,2024-02-24,00:00:00,0.9004,Saturday,0,2,Winter,0
10023456782,2024-02-24 01:00:00,2024-02-24,01:00:00,0.6341,Saturday,1,2,Winter,0
10023456782,2024-02-24 02:00:00,2024-02-24,02:00:00,0.6995,Saturday,2,2,Winter,0
10023456782,2024-02-24 03:00:00,2024-02-24,03:00:00,0.8696,Saturday,3,2,Winter,0
10023456782,2024-02-24 04:00:00,2024-02-24,04:00:00,0.6241,Saturday,4,2,Winter,0
10023456782,2024-02-24 05:00:00,2024-02-24,05:00:00,0.9253,Saturday,5,2,Winter,0
10023456782,2024-02-24 06:00:00,2024-02-24,06:00:00,1.4267,Saturday,6,2,Winter,0
10023456782,2024-02-24 07:00:00,2024-02-24,07:00:00,1.6689,Saturday,7,2,Winter,0
10023456782,2024-02-24 08:00:00,2024-02-24,08:00:00,2.1548,Saturday,8,2,Winter,0
10023456782,2024-02-24 09:00:00,2024-02-24,09:00:00,2.1120,Saturday,9,2,Winter,0
10023456782,2024-02-24 10:00:00,2024-02-24,10:00:00,2.2138,Saturday,10,2,Winter,0
10023456782,2024-02-24 11:00:00,2024-02-24,11:00:00,2.4097,Saturday,11,2,Winter,0
10023456782,2024-02-24 12:00:00,2024-02-24,12:00:00,2.1517,Saturday,12,2,Winter,0
10023456782,2024-02-24 13:00:00,2024-02-24,13:00:00,2.0614,Saturday,13,2,Winter,0
10023456782,2024-02-24 14:00:00,2024-02-24,14:00:00,1.7428,Saturday,14,2,Winter,0
10023456782,2024-02-24 15:00:00,2024-02-24,15:00:00,1.9387,Saturday,15,2,Winter,0
10023456782,2024-02-24 16:00:00,2024-02-24,16:00:00,1.9126,Saturday,16,2,Winter,0
10023456782,2024-02-24 17:00:00,2024-02-24,17:00:00,2.1368,Saturday,17,2,Winter,0
10023456782,2024-02-24 18:00:00,2024-02-24,18:00:00,2.3828,Saturday,18,2,Winter,0
10023456782,2024-02-24 19:00:00,2024-02-24,19:00:00,2.8993,Saturday,19,2,Winter,0
10023456782,2024-02-24 20:00:00,2024-02-24,20:00:00,2.5349,Saturday,20,2,Winter,0
10023456782,2024-02-24 21:00:00,2024-02-24,21:00:00,1.4709,Saturday,21,2,Winter,0
10023456782,2024-02-24 22:00:00,2024-02-24,22:00:00,3.8191,Saturday,22,2,Winter,1
10023456782,2024-02-24 23:00:00,2024-02-24,23:00:00,2.6532,Saturday,23,2,Winter,1
10023456782,2024-02-25 00:00:00,2024-02-25,00:00:00,2.3646,Sunday,0,2,Winter,1
10023456782,2024-02-25 01:00:00,2024-02-25,01:00:00,2.0503,Sunday,1,2,Winter,1
10023456782,2024-02-25 02:00:00,2024-02-25,02:00:00,2.1135,Sunday,2,2,Winter,1
10023456782,2024-02-25 03:00:00,2024-02-25,03:00:00,0.6528,Sunday,3,2,Winter,0
10023456782,2024-02-25 04:00:00,2024-02-25,04:00:00,0.8832,Sunday,4,2,Winter,0
10023456782,2024-02-25 05:00:00,2024-02-25,05:00:00,1.0821,Sunday,5,2,Winter,0
10023456782,2024-02-25 06:00:00,2024-02-25,06:00:00,1.2191,Sunday,6,2,Winter,0
10023456782,2024-02-25 07:00:00,2024-02-25,07:00:00,1.7794,Sunday,7,2,Winter,0
10023456782,2024-02-25 08:00:00,2024-02-25,08:00:00,2.0375,Sunday,8,2,Winter,0
10023456782,2024-02-25 09:00:00,2024-02-25,09:00:00,2.1470,Sunday,9,2,Winter,0
10023456782,2024-02-25 10:00:00,2024-02-25,10:00:00,1.8615,Sunday,10,2,Winter,0
10023456782,2024-02-25 11:00:00,2024-02-25,11:00:00,2.3445,Sunday,11,2,Winter,0
10023456782,2024-02-25 12:00:00,2024-02-25,12:00:00,2.3668,Sunday,12,2,Winter,0
10023456782,2024-02-25 13:00:00,2024-02-25,13:00:00,1.8408,Sunday,13,2,Winter,0
10023456782,2024-02-25 14:00:00,2024-02-25,14:00:00,2.2884,Sunday,14,2,Winter,0
10023456782,2024-02-25 15:00:00,2024-02-25,15:00:00,1.7888,Sunday,15,2,Winter,0
10023456782,2024-02-25 16:00:00,2024-02-25,16:00:00,1.8584,Sunday,16,2,Winter,0
10023456782,2024-02-25 17:00:00,2024-02-25,17:00:00,2.8778,Sunday,17,2,Winter,0
10023456782,2024-02-25 18:00:00,2024-02-25,18:00:00,3.0399,Sunday,18,2,Winter,0
10023456782,2024-02-25 19:00:00,2024-02-25,19:00:00,2.5181,Sunday,19,2,Winter,0
10023456782,2024-02-25 20:00:00,2024-02-25,20:00:00,2.6444,Sunday,20,2,Winter,0
10023456782,2024-02-25 21:00:00,2024-02-25,21:00:00,1.8245,Sunday,21,2,Winter,0
10023456782,2024-02-25 22:00:00,2024-02-25,22:00:00,1.7024,Sunday,22,2,Winter,0
10023456782,2024-02-25 23:00:00,2024-02-25,23:00:00,1.3710,Sunday,23,2,Winter,0
10023456782,2024-02-26 00:00:00,2024-02-26,00:00:00,1.0584,Monday,0,2,Winter,0
10023456782,2024-02-26 01:00:00,2024-02-26,01:00:00,0.9925,Monday,1,2,Winter,0
10023456782,2024-02-26 02:00:00,2024-02-26,02:00:00,1.0420,Monday,2,2,Winter,0
10023456782,2024-02-26 03:00:00,2024-02-26,03:00:00,0.7985,Monday,3,2,Winter,0
10023456782,2024-02-26 04:00:00,2024-02-26,04:00:00,1.0744,Monday,4,2,Winter,0
10023456782,2024-02-26 05:00:00,2024-02-26,05:00:00,1.4139,Monday,5,2,Winter,0
10023456782,2024-02-26 06:00:00,2024-02-26,06:00:00,2.3335,Monday,6,2,Winter,0
10023456782,2024-02-26 07:00:00,2024-02-26,07:00:00,3.0021,Monday,7,2,Winter,0
10023456782,2024-02-26 08:00:00,2024-02-26,08:00:00,3.3638,Monday,8,2,Winter,0
10023456782,2024-02-26 09:00:00,2024-02-26,09:00:00,3.6932,Monday,9,2,Winter,0
10023456782,2024-02-26 10:00:00,2024-02-26,10:00:00,2.8354,Monday,10,2,Winter,0
10023456782,2024-02-26 11:00:00,2024-02-26,11:00:00,2.9445,Monday,11,2,Winter,0
10023456782,2024-02-26 12:00:00,2024-02-26,12:00:00,2.5418,Monday,12,2,Winter,0
10023456782,2024-02-26 13:00:00,2024-02-26,13:00:00,2.7166,Monday,13,2,Winter,0
10023456782,2024-02-26 14:00:00,2024-02-26,14:00:00,3.0219,Monday,14,2,Winter,0
10023456782,2024-02-26 15:00:00,2024-02-26,15:00:00,3.2577,Monday,15,2,Winter,0
10023456782,2024-02-26 16:00:00,2024-02-26,16:00:00,3.0513,Monday,16,2,Winter,0
10023456782,2024-02-26 17:00:00,2024-02-26,17:00:00,3.7382,Monday,17,2,Winter,0
10023456782,2024-02-26 18:00:00,2024-02-26,18:00:00,3.3697,Monday,18,2,Winter,0
10023456782,2024-02-26 19:00:00,2024-02-26,19:00:00,3.1122,Monday,19,2,Winter,0
10023456782,2024-02-26 20:00:00,2024-02-26,20:00:00,3.0190,Monday,20,2,Winter,0
10023456782,2024-02-26 21:00:00,2024-02-26,21:00:00,2.4617,Monday,21,2,Winter,0
10023456782,2024-02-26 22:00:00,2024-02-26,22:00:00,1.7597,Monday,22,2,Winter,0
10023456782,2024-02-26 23:00:00,2024-02-26,23:00:00,1.4211,Monday,23,2,Winter,0
10023456782,2024-02-27 00:00:00,2024-02-27,00:00:00,0.6340,Tuesday,0,2,Winter,0
10023456782,2024-02-27 01:00:00,2024-02-27,01:00:00,0.7912,Tuesday,1,2,Winter,0
10023456782,2024-02-27 02:00:00,2024-02-27,02:00:00,0.6316,Tuesday,2,2,Winter,0
10023456782,2024-02-27 03:00:00,2024-02-27,03:00:00,0.7718,Tuesday,3,2,Winter,0
10023456782,2024-02-27 04:00:00,2024-02-27,04:00:00,0.9010,Tuesday,4,2,Winter,0
10023456782,2024-02-27 05:00:00,2024-02-27,05:00:00,1.1870,Tuesday,5,2,Winter,0
10023456782,2024-02-27 06:00:00,2024-02-27,06:00:00,1.8709,Tuesday,6,2,Winter,0
10023456782,2024-02-27 07:00:00,2024-02-27,07:00:00,2.4689,Tuesday,7,2,Winter,0
10023456782,2024-02-27 08:00:00,2024-02-27,08:00:00,2.4298,Tuesday,8,2,Winter,0
10023456782,2024-02-27 09:00:00,2024-02-27,09:00:00,3.0781,Tuesday,9,2,Winter,0
10023456782,2024-02-27 10:00:00,2024-02-27,10:00:00,2.5308,Tuesday,10,2,Winter,0
10023456782,2024-02-27 11:00:00,2024-02-27,11:00:00,2.5999,Tuesday,11,2,Winter,0
10023456782,2024-02-27 12:00:00,2024-02-27,12:00:00,1.9406,Tuesday,12,2,Winter,0
10023456782,2024-02-27 13:00:00,2024-02-27,13:00:00,2.6962,Tuesday,13,2,Winter,0
10023456782,2024-02-27 14:00:00,2024-02-27,14:00:00,2.4750,Tuesday,14,2,Winter,0
10023456782,2024-02-27 15:00:00,2024-02-27,15:00:00,2.3678,Tuesday,15,2,Winter,0
10023456782,2024-02-27 16:00:00,2024-02-27,16:00:00,7.1412,Tuesday,16,2,Winter,1
10023456782,2024-02-27 17:00:00,2024-02-27,17:00:00,6.1316,Tuesday,17,2,Winter,1
10023456782,2024-02-27 18:00:00,2024-02-27,18:00:00,8.3658,Tuesday,18,2,Winter,1
10023456782,2024-02-27 19:00:00,2024-02-27,19:00:00,8.2679,Tuesday,19,2,Winter,1
10023456782,2024-02-27 20:00:00,2024-02-27,20:00:00,6.4481,Tuesday,20,2,Winter,1
10023456782,2024-02-27 21:00:00,2024-02-27,21:00:00,4.8996,Tuesday,21,2,Winter,1
10023456782,2024-02-27 22:00:00,2024-02-27,22:00:00,1.7137,Tuesday,22,2,Winter,0
10023456782,2024-02-27 23:00:00,2024-02-27,23:00:00,1.2088,Tuesday,23,2,Winter,0
10023456782,2024-02-28 00:00:00,2024-02-28,00:00:00,1.2087,Wednesday,0,2,Winter,0
10023456782,2024-02-28 01:00:00,2024-02-28,01:00:00,1.3334,Wednesday,1,2,Winter,0
10023456782,2024-02-28 02:00:00,2024-02-28,02:00:00,1.3447,Wednesday,2,2,Winter,0
10023456782,2024-02-28 03:00:00,2024-02-28,03:00:00,0.9140,Wednesday,3,2,Winter,0
10023456782,2024-02-28 04:00:00,2024-02-28,04:00:00,1.1221,Wednesday,4,2,Winter,0
10023456782,2024-02-28 05:00:00,2024-02-28,05:00:00,1.6000,Wednesday,5,2,Winter,0
10023456782,2024-02-28 06:00:00,2024-02-28,06:00:00,2.5683,Wednesday,6,2,Winter,0
10023456782,2024-02-28 07:00:00,2024-02-28,07:00:00,4.5328,Wednesday,7,2,Winter,0
10023456782,2024-02-28 08:00:00,2024-02-28,08:00:00,4.5352,Wednesday,8,2,Winter,0
10023456782,2024-02-28 09:00:00,2024-02-28,09:00:00,3.9589,Wednesday,9,2,Winter,0
10023456782,2024-02-28 10:00:00,2024-02-28,10:00:00,3.8650,Wednesday,10,2,Winter,0
10023456782,2024-02-28 11:00:00,2024-02-28,11:00:00,3.0325,Wednesday,11,2,Winter,0
10023456782,2024-02-28 12:00:00,2024-02-28,12:00:00,2.5287,Wednesday,12,2,Winter,0
10023456782,2024-02-28 13:00:00,2024-02-28,13:00:00,3.4042,Wednesday,13,2,Winter,0
10023456782,2024-02-28 14:00:00,2024-02-28,14:00:00,3.0999,Wednesday,14,2,Winter,0
10023456782,2024-02-28 15:00:00,2024-02-28,15:00:00,3.0185,Wednesday,15,2,Winter,0
10023456782,2024-02-28 16:00:00,2024-02-28,16:00:00,3.7101,Wednesday,16,2,Winter,0
10023456782,2024-02-28 17:00:00,2024-02-28,17:00:00,2.8854,Wednesday,17,2,Winter,0
10023456782,2024-02-28 18:00:00,2024-02-28,18:00:00,4.2960,Wednesday,18,2,Winter,0
10023456782,2024-02-28 19:00:00,2024-02-28,19:00:00,3.8691,Wednesday,19,2,Winter,0
10023456782,2024-02-28 20:00:00,2024-02-28,20:00:00,3.2529,Wednesday,20,2,Winter,0
10023456782,2024-02-28 21:00:00,2024-02-28,21:00:00,2.9928,Wednesday,21,2,Winter,0
10023456782,2024-02-28 22:00:00,2024-02-28,22:00:00,1.9844,Wednesday,22,2,Winter,0
10023456782,2024-02-28 23:00:00,2024-02-28,23:00:00,1.5725,Wednesday,23,2,Winter,0
10023456782,2024-02-29 00:00:00,2024-02-29,00:00:00,1.3023,Thursday,0,2,Winter,0
10023456782,2024-02-29 01:00:00,2024-02-29,01:00:00,1.0562,Thursday,1,2,Winter,0
10023456782,2024-02-29 02:00:00,2024-02-29,02:00:00,1.1148,Thursday,2,2,Winter,0
10023456782,2024-02-29 03:00:00,2024-02-29,03:00:00,1.1225,Thursday,3,2,Winter,0
10023456782,2024-02-29 04:00:00,2024-02-29,04:00:00,1.2863,Thursday,4,2,Winter,0
10023456782,2024-02-29 05:00:00,2024-02-29,05:00:00,1.9673,Thursday,5,2,Winter,0
10023456782,2024-02-29 06:00:00,2024-02-29,06:00:00,2.7855,Thursday,6,2,Winter,0
10023456782,2024-02-29 07:00:00,2024-02-29,07:00:00,3.8885,Thursday,7,2,Winter,0
10023456782,2024-02-29 08:00:00,2024-02-29,08:00:00,3.6660,Thursday,8,2,Winter,0
10023456782,2024-02-29 09:00:00,2024-02-29,09:00:00,4.0538,Thursday,9,2,Winter,0
10023456782,2024-02-29 10:00:00,2024-02-29,10:00:00,3.0255,Thursday,10,2,Winter,0
10023456782,2024-02-29 11:00:00,2024-02-29,11:00:00,3.8065,Thursday,11,2,Winter,0
10023456782,2024-02-29 12:00:00,2024-02-29,12:00:00,3.1486,Thursday,12,2,Winter,0
10023456782,2024-02-29 13:00:00,2024-02-29,13:00:00,3.4232,Thursday,13,2,Winter,0
10023456782,2024-02-29 14:00:00,2024-02-29,14:00:00,3.0799,Thursday,14,2,Winter,0
10023456782,2024-02-29 15:00:00,2024-02-29,15:00:00,3.3269,Thursday,15,2,Winter,0
10023456782,2024-02-29 16:00:00,2024-02-29,16:00:00,3.5381,Thursday,16,2,Winter,0
10023456782,2024-02-29 17:00:00,2024-02-29,17:00:00,3.7484,Thursday,17,2,Winter,0
10023456782,2024-02-29 18:00:00,2024-02-29,18:00:00,4.5279,Thursday,18,2,Winter,0
10023456782,2024-02-29 19:00:00,2024-02-29,19:00:00,4.4982,Thursday,19,2,Winter,0
10023456782,2024-02-29 20:00:00,2024-02-29,20:00:00,4.1403,Thursday,20,2,Winter,0
10023456782,2024-02-29 21:00:00,2024-02-29,21:00:00,3.6755,Thursday,21,2,Winter,0
10023456782,2024-02-29 22:00:00,2024-02-29,22:00:00,2.2309,Thursday,22,2,Winter,0
10023456782,2024-02-29 23:00:00,2024-02-29,23:00:00,1.4267,Thursday,23,2,Winter,0
10023456782,2024-03-01 00:00:00,2024-03-01,00:00:00,1.4474,Friday,0,3,Spring,0
10023456782,2024-03-01 01:00:00,2024-03-01,01:00:00,7.2598,Friday,1,3,Spring,1
10023456782,2024-03-01 02:00:00,2024-03-01,02:00:00,1.1511,Friday,2,3,Spring,0
10023456782,2024-03-01 03:00:00,2024-03-01,03:00:00,1.0664,Friday,3,3,Spring,0
10023456782,2024-03-01 04:00:00,2024-03-01,04:00:00,1.4256,Friday,4,3,Spring,0
10023456782,2024-03-01 05:00:00,2024-03-01,05:00:00,1.8587,Friday,5,3,Spring,0
10023456782,2024-03-01 06:00:00,2024-03-01,06:00:00,2.7027,Friday,6,3,Spring,0
10023456782,2024-03-01 07:00:00,2024-03-01,07:00:00,4.4197,Friday,7,3,Spring,0
10023456782,2024-03-01 08:00:00,2024-03-01,08:00:00,4.1683,Friday,8,3,Spring,0
10023456782,2024-03-01 09:00:00,2024-03-01,09:00:00,5.1285,Friday,9,3,Spring,0
10023456782,2024-03-01 10:00:00,2024-03-01,10:00:00,4.0510,Friday,10,3,Spring,0
10023456782,2024-03-01 11:00:00,2024-03-01,11:00:00,3.4478,Friday,11,3,Spring,0
10023456782,2024-03-01 12:00:00,2024-03-01,12:00:00,3.8217,Friday,12,3,Spring,0
10023456782,2024-03-01 13:00:00,2024-03-01,13:00:00,3.7313,Friday,13,3,Spring,0
10023456782,2024-03-01 14:00:00,2024-03-01,14:00:00,3.8102,Friday,14,3,Spring,0
10023456782,2024-03-01 15:00:00,2024-03-01,15:00:00,3.9045,Friday,15,3,Spring,0
10023456782,2024-03-01 16:00:00,2024-03-01,16:00:00,4.1876,Friday,16,3,Spring,0
10023456782,2024-03-01 17:00:00,2024-03-01,17:00:00,3.9308,Friday,17,3,Spring,0
10023456782,2024-03-01 18:00:00,2024-03-01,18:00:00,4.3572,Friday,18,3,Spring,0
10023456782,2024-03-01 19:00:00,2024-03-01,19:00:00,4.8015,Friday,19,3,Spring,0
10023456782,2024-03-01 20:00:00,2024-03-01,20:00:00,5.0702,Friday,20,3,Spring,0
10023456782,2024-03-01 21:00:00,2024-03-01,21:00:00,2.4648,Friday,21,3,Spring,0
10023456782,2024-03-01 22:00:00,2024-03-01,22:00:00,2.4806,Friday,22,3,Spring,0
10023456782,2024-03-01 23:00:00,2024-03-01,23:00:00,1.5869,Friday,23,3,Spring,0
10023456782,2024-03-02 00:00:00,2024-03-02,00:00:00,1.6923,Saturday,0,3,Spring,0
10023456782,2024-03-02 01:00:00,2024-03-02,01:00:00,1.4489,Saturday,1,3,Spring,0
10023456782,2024-03-02 02:00:00,2024-03-02,02:00:00,1.2705,Saturday,2,3,Spring,0
10023456782,2024-03-02 03:00:00,2024-03-02,03:00:00,1.1129,Saturday,3,3,Spring,0
10023456782,2024-03-02 04:00:00,2024-03-02,04:00:00,1.7486,Saturday,4,3,Spring,0
10023456782,2024-03-02 05:00:00,2024-03-02,05:00:00,1.7287,Saturday,5,3,Spring,0
10023456782,2024-03-02 06:00:00,2024-03-02,06:00:00,2.3389,Saturday,6,3,Spring,0
10023456782,2024-03-02 07:00:00,2024-03-02,07:00:00,3.0211,Saturday,7,3,Spring,0
10023456782,2024-03-02 08:00:00,2024-03-02,08:00:00,3.1416,Saturday,8,3,Spring,0
10023456782,2024-03-02 09:00:00,2024-03-02,09:00:00,3.7487,Saturday,9,3,Spring,0
10023456782,2024-03-02 10:00:00,2024-03-02,10:00:00,4.1204,Saturday,10,3,Spring,0
10023456782,2024-03-02 11:00:00,2024-03-02,11:00:00,3.1220,Saturday,11,3,Spring,0
10023456782,2024-03-02 12:00:00,2024-03-02,12:00:00,3.5393,Saturday,12,3,Spring,0
10023456782,2024-03-02 13:00:00,2024-03-02,13:00:00,3.2011,Saturday,13,3,Spring,0
10023456782,2024-03-02 14:00:00,2024-03-02,14:00:00,3.3594,Saturday,14,3,Spring,0
10023456782,2024-03-02 15:00:00,2024-03-02,15:00:00,3.4567,Saturday,15,3,Spring,0
10023456782,2024-03-02 16:00:00,2024-03-02,16:00:00,4.0675,Saturday,16,3,Spring,0
10023456782,2024-03-02 17:00:00,2024-03-02,17:00:00,5.1793,Saturday,17,3,Spring,0
10023456782,2024-03-02 18:00:00,2024-03-02,18:00:00,9.4710,Saturday,18,3,Spring,1
10023456782,2024-03-02 19:00:00,2024-03-02,19:00:00,10.1290,Saturday,19,3,Spring,1
10023456782,2024-03-02 20:00:00,2024-03-02,20:00:00,13.9467,Saturday,20,3,Spring,1
10023456782,2024-03-02 21:00:00,2024-03-02,21:00:00,9.0779,Saturday,21,3,Spring,1
10023456782,2024-03-02 22:00:00,2024-03-02,22:00:00,2.7464,Saturday,22,3,Spring,0
10023456782,2024-03-02 23:00:00,2024-03-02,23:00:00,2.1848,Saturday,23,3,Spring,0
10023456782,2024-03-03 00:00:00,2024-03-03,00:00:00,1.5311,Sunday,0,3,Spring,0
10023456782,2024-03-03 01:00:00,2024-03-03,01:00:00,1.5511,Sunday,1,3,Spring,0
10023456782,2024-03-03 02:00:00,2024-03-03,02:00:00,2.0421,Sunday,2,3,Spring,0
10023456782,2024-03-03 03:00:00,2024-03-03,03:00:00,1.4984,Sunday,3,3,Spring,0
10023456782,2024-03-03 04:00:00,2024-03-03,04:00:00,1.8979,Sunday,4,3,Spring,0
10023456782,2024-03-03 05:00:00,2024-03-03,05:00:00,2.0177,Sunday,5,3,Spring,0
10023456782,2024-03-03 06:00:00,2024-03-03,06:00:00,2.4059,Sunday,6,3,Spring,0
10023456782,2024-03-03 07:00:00,2024-03-03,07:00:00,3.3923,Sunday,7,3,Spring,0
10023456782,2024-03-03 08:00:00,2024-03-03,08:00:00,3.6346,Sunday,8,3,Spring,0
10023456782,2024-03-03 09:00:00,2024-03-03,09:00:00,3.6392,Sunday,9,3,Spring,0
10023456782,2024-03-03 10:00:00,2024-03-03,10:00:00,3.7158,Sunday,10,3,Spring,0
10023456782,2024-03-03 11:00:00,2024-03-03,11:00:00,4.2593,Sunday,11,3,Spring,0
10023456782,2024-03-03 12:00:00,2024-03-03,12:00:00,3.9002,Sunday,12,3,Spring,0
10023456782,2024-03-03 13:00:00,2024-03-03,13:00:00,4.1936,Sunday,13,3,Spring,0
10023456782,2024-03-03 14:00:00,2024-03-03,14:00:00,4.0612,Sunday,14,3,Spring,0
10023456782,2024-03-03 15:00:00,2024-03-03,15:00:00,3.4724,Sunday,15,3,Spring,0
10023456782,2024-03-03 16:00:00,2024-03-03,16:00:00,4.9661,Sunday,16,3,Spring,0
10023456782,2024-03-03 17:00:00,2024-03-03,17:00:00,4.9021,Sunday,17,3,Spring,0
10023456782,2024-03-03 18:00:00,2024-03-03,18:00:00,5.2829,Sunday,18,3,Spring,0
10023456782,2024-03-03 19:00:00,2024-03-03,19:00:00,5.7914,Sunday,19,3,Spring,0
10023456782,2024-03-03 20:00:00,2024-03-03,20:00:00,4.5968,Sunday,20,3,Spring,0
10023456782,2024-03-03 21:00:00,2024-03-03,21:00:00,3.9140,Sunday,21,3,Spring,0
10023456782,2024-03-03 22:00:00,2024-03-03,22:00:00,3.5251,Sunday,22,3,Spring,0
10023456782,2024-03-03 23:00:00,2024-03-03,23:00:00,2.2024,Sunday,23,3,Spring,0
10023456782,2024-03-04 00:00:00,2024-03-04,00:00:00,1.6427,Monday,0,3,Spring,0
10023456782,2024-03-04 01:00:00,2024-03-04,01:00:00,1.8555,Monday,1,3,Spring,0
10023456782,2024-03-04 02:00:00,2024-03-04,02:00:00,1.5135,Monday,2,3,Spring,0
10023456782,2024-03-04 03:00:00,2024-03-04,03:00:00,1.5401,Monday,3,3,Spring,0
10023456782,2024-03-04 04:00:00,2024-03-04,04:00:00,2.2120,Monday,4,3,Spring,0
10023456782,2024-03-04 05:00:00,2024-03-04,05:00:00,3.1100,Monday,5,3,Spring,0
10023456782,2024-03-04 06:00:00,2024-03-04,06:00:00,4.5121,Monday,6,3,Spring,0
10023456782,2024-03-04 07:00:00,2024-03-04,07:00:00,4.6083,Monday,7,3,Spring,0
10023456782,2024-03-04 08:00:00,2024-03-04,08:00:00,6.7134,Monday,8,3,Spring,0
10023456782,2024-03-04 09:00:00,2024-03-04,09:00:00,5.3064,Monday,9,3,Spring,0
10023456782,2024-03-04 10:00:00,2024-03-04,10:00:00,5.5219,Monday,10,3,Spring,0
10023456782,2024-03-04 11:00:00,2024-03-04,11:00:00,7.1160,Monday,11,3,Spring,0
10023456782,2024-03-04 12:00:00,2024-03-04,12:00:00,4.8507,Monday,12,3,Spring,0
10023456782,2024-03-04 13:00:00,2024-03-04,13:00:00,4.6904,Monday,13,3,Spring,0
10023456782,2024-03-04 14:00:00,2024-03-04,14:00:00,5.5599,Monday,14,3,Spring,0
10023456782,2024-03-04 15:00:00,2024-03-04,15:00:00,6.3910,Monday,15,3,Spring,0
10023456782,2024-03-04 16:00:00,2024-03-04,16:00:00,5.5392,Monday,16,3,Spring,0
10023456782,2024-03-04 17:00:00,2024-03-04,17:00:00,5.3111,Monday,17,3,Spring,0
10023456782,2024-03-04 18:00:00,2024-03-04,18:00:00,7.0729,Monday,18,3,Spring,0
10023456782,2024-03-04 19:00:00,2024-03-04,19:00:00,6.5420,Monday,19,3,Spring,0
10023456782,2024-03-04 20:00:00,2024-03-04,20:00:00,6.2093,Monday,20,3,Spring,0
10023456782,2024-03-04 21:00:00,2024-03-04,21:00:00,4.8557,Monday,21,3,Spring,0
10023456782,2024-03-04 22:00:00,2024-03-04,22:00:00,3.7845,Monday,22,3,Spring,0
10023456782,2024-03-04 23:00:00,2024-03-04,23:00:00,2.8544,Monday,23,3,Spring,0
10023456782,2024-03-05 00:00:00,2024-03-05,00:00:00,1.4213,Tuesday,0,3,Spring,0
10023456782,2024-03-05 01:00:00,2024-03-05,01:00:00,1.2965,Tuesday,1,3,Spring,0
10023456782,2024-03-05 02:00:00,2024-03-05,02:00:00,1.4614,Tuesday,2,3,Spring,0
10023456782,2024-03-05 03:00:00,2024-03-05,03:00:00,1.1298,Tuesday,3,3,Spring,0
10023456782,2024-03-05 04:00:00,2024-03-05,04:00:00,1.2992,Tuesday,4,3,Spring,0
10023456782,2024-03-05 05:00:00,2024-03-05,05:00:00,2.0023,Tuesday,5,3,Spring,0
10023456782,2024-03-05 06:00:00,2024-03-05,06:00:00,2.5451,Tuesday,6,3,Spring,0
10023456782,2024-03-05 07:00:00,2024-03-05,07:00:00,3.7776,Tuesday,7,3,Spring,0
10023456782,2024-03-05 08:00:00,2024-03-05,08:00:00,4.0193,Tuesday,8,3,Spring,0
10023456782,2024-03-05 09:00:00,2024-03-05,09:00:00,4.3980,Tuesday,9,3,Spring,0
10023456782,2024-03-05 10:00:00,2024-03-05,10:00:00,3.7895,Tuesday,10,3,Spring,0
10023456782,2024-03-05 11:00:00,2024-03-05,11:00:00,2.9206,Tuesday,11,3,Spring,0
10023456782,2024-03-05 12:00:00,2024-03-05,12:00:00,4.1882,Tuesday,12,3,Spring,0
10023456782,2024-03-05 13:00:00,2024-03-05,13:00:00,2.9352,Tuesday,13,3,Spring,0
10023456782,2024-03-05 14:00:00,2024-03-05,14:00:00,4.1047,Tuesday,14,3,Spring,0
10023456782,2024-03-05 15:00:00,2024-03-05,15:00:00,4.0876,Tuesday,15,3,Spring,0
10023456782,2024-03-05 16:00:00,2024-03-05,16:00:00,5.1112,Tuesday,16,3,Spring,0
10023456782,2024-03-05 17:00:00,2024-03-05,17:00:00,4.2700,Tuesday,17,3,Spring,0
10023456782,2024-03-05 18:00:00,2024-03-05,18:00:00,4.4929,Tuesday,18,3,Spring,0
10023456782,2024-03-05 19:00:00,2024-03-05,19:00:00,5.3705,Tuesday,19,3,Spring,0
10023456782,2024-03-05 20:00:00,2024-03-05,20:00:00,3.5788,Tuesday,20,3,Spring,0
10023456782,2024-03-05 21:00:00,2024-03-05,21:00:00,3.2702,Tuesday,21,3,Spring,0
10023456782,2024-03-05 22:00:00,2024-03-05,22:00:00,2.0701,Tuesday,22,3,Spring,0
10023456782,2024-03-05 23:00:00,2024-03-05,23:00:00,1.6334,Tuesday,23,3,Spring,0
10023456782,2024-03-06 00:00:00,2024-03-06,00:00:00,1.4052,Wednesday,0,3,Spring,0
10023456782,2024-03-06 01:00:00,2024-03-06,01:00:00,1.6489,Wednesday,1,3,Spring,0
10023456782,2024-03-06 02:00:00,2024-03-06,02:00:00,1.4548,Wednesday,2,3,Spring,0
10023456782,2024-03-06 03:00:00,2024-03-06,03:00:00,1.3275,Wednesday,3,3,Spring,0
10023456782,2024-03-06 04:00:00,2024-03-06,04:00:00,1.4114,Wednesday,4,3,Spring,0
10023456782,2024-03-06 05:00:00,2024-03-06,05:00:00,2.0075,Wednesday,5,3,Spring,0
10023456782,2024-03-06 06:00:00,2024-03-06,06:00:00,2.9024,Wednesday,6,3,Spring,0
10023456782,2024-03-06 07:00:00,2024-03-06,07:00:00,3.6257,Wednesday,7,3,Spring,0
10023456782,2024-03-06 08:00:00,2024-03-06,08:00:00,4.7889,Wednesday,8,3,Spring,0
10023456782,2024-03-06 09:00:00,2024-03-06,09:00:00,3.7159,Wednesday,9,3,Spring,0
10023456782,2024-03-06 10:00:00,2024-03-06,10:00:00,4.2794,Wednesday,10,3,Spring,0
10023456782,2024-03-06 11:00:00,2024-03-06,11:00:00,4.6239,Wednesday,11,3,Spring,0
10023456782,2024-03-06 12:00:00,2024-03-06,12:00:00,3.5672,Wednesday,12,3,Spring,0
10023456782,2024-03-06 13:00:00,2024-03-06,13:00:00,4.1898,Wednesday,13,3,Spring,0
10023456782,2024-03-06 14:00:00,2024-03-06,14:00:00,3.0450,Wednesday,14,3,Spring,0
10023456782,2024-03-06 15:00:00,2024-03-06,15:00:00,4.3773,Wednesday,15,3,Spring,0
10023456782,2024-03-06 16:00:00,2024-03-06,16:00:00,4.7096,Wednesday,16,3,Spring,0
10023456782,2024-03-06 17:00:00,2024-03-06,17:00:00,4.5673,Wednesday,17,3,Spring,0
10023456782,2024-03-06 18:00:00,2024-03-06,18:00:00,4.9788,Wednesday,18,3,Spring,0
10023456782,2024-03-06 19:00:00,2024-03-06,19:00:00,4.4918,Wednesday,19,3,Spring,0
10023456782,2024-03-06 20:00:00,2024-03-06,20:00:00,4.1679,Wednesday,20,3,Spring,0
10023456782,2024-03-06 21:00:00,2024-03-06,21:00:00,3.4123,Wednesday,21,3,Spring,0
10023456782,2024-03-06 22:00:00,2024-03-06,22:00:00,2.5025,Wednesday,22,3,Spring,0
10023456782,2024-03-06 23:00:00,2024-03-06,23:00:00,1.7932,Wednesday,23,3,Spring,0
10023456782,2024-03-07 00:00:00,2024-03-07,00:00:00,1.4937,Thursday,0,3,Spring,0
10023456782,2024-03-07 01:00:00,2024-03-07,01:00:00,1.9546,Thursday,1,3,Spring,0
10023456782,2024-03-07 02:00:00,2024-03-07,02:00:00,1.4645,Thursday,2,3,Spring,0
10023456782,2024-03-07 03:00:00,2024-03-07,03:00:00,1.0939,Thursday,3,3,Spring,0
10023456782,2024-03-07 04:00:00,2024-03-07,04:00:00,1.7125,Thursday,4,3,Spring,0
10023456782,2024-03-07 05:00:00,2024-03-07,05:00:00,2.3181,Thursday,5,3,Spring,0
10023456782,2024-03-07 06:00:00,2024-03-07,06:00:00,2.6965,Thursday,6,3,Spring,0
10023456782,2024-03-07 07:00:00,2024-03-07,07:00:00,4.3435,Thursday,7,3,Spring,0
10023456782,2024-03-07 08:00:00,2024-03-07,08:00:00,5.4455,Thursday,8,3,Spring,0
10023456782,2024-03-07 09:00:00,2024-03-07,09:00:00,5.1377,Thursday,9,3,Spring,0
10023456782,2024-03-07 10:00:00,2024-03-07,10:00:00,4.9524,Thursday,10,3,Spring,0
10023456782,2024-03-07 11:00:00,2024-03-07,11:00:00,4.7722,Thursday,11,3,Spring,0
10023456782,2024-03-07 12:00:00,2024-03-07,12:00:00,5.5515,Thursday,12,3,Spring,0
10023456782,2024-03-07 13:00:00,2024-03-07,13:00:00,4.2270,Thursday,13,3,Spring,0
10023456782,2024-03-07 14:00:00,2024-03-07,14:00:00,3.2770,Thursday,14,3,Spring,0
10023456782,2024-03-07 15:00:00,2024-03-07,15:00:00,4.5338,Thursday,15,3,Spring,0
10023456782,2024-03-07 16:00:00,2024-03-07,16:00:00,5.7860,Thursday,16,3,Spring,0
10023456782,2024-03-07 17:00:00,2024-03-07,17:00:00,6.3858,Thursday,17,3,Spring,0
10023456782,2024-03-07 18:00:00,2024-03-07,18:00:00,5.4070,Thursday,18,3,Spring,0
10023456782,2024-03-07 19:00:00,2024-03-07,19:00:00,5.7280,Thursday,19,3,Spring,0
10023456782,2024-03-07 20:00:00,2024-03-07,20:00:00,4.8075,Thursday,20,3,Spring,0
10023456782,2024-03-07 21:00:00,2024-03-07,21:00:00,3.6906,Thursday,21,3,Spring,0
10023456782,2024-03-07 22:00:00,2024-03-07,22:00:00,3.3638,Thursday,22,3,Spring,0
10023456782,2024-03-07 23:00:00,2024-03-07,23:00:00,1.8530,Thursday,23,3,Spring,0
10023456782,2024-03-08 00:00:00,2024-03-08,00:00:00,1.9020,Friday,0,3,Spring,0
10023456782,2024-03-08 01:00:00,2024-03-08,01:00:00,1.4876,Friday,1,3,Spring,0
10023456782,2024-03-08 02:00:00,2024-03-08,02:00:00,1.6220,Friday,2,3,Spring,0
10023456782,2024-03-08 03:00:00,2024-03-08,03:00:00,1.5746,Friday,3,3,Spring,0
10023456782,2024-03-08 04:00:00,2024-03-08,04:00:00,1.6636,Friday,4,3,Spring,0
10023456782,2024-03-08 05:00:00,2024-03-08,05:00:00,2.5194,Friday,5,3,Spring,0
10023456782,2024-03-08 06:00:00,2024-03-08,06:00:00,3.9810,Friday,6,3,Spring,0
10023456782,2024-03-08 07:00:00,2024-03-08,07:00:00,5.3362,Friday,7,3,Spring,0
10023456782,2024-03-08 08:00:00,2024-03-08,08:00:00,5.3502,Friday,8,3,Spring,0
10023456782,2024-03-08 09:00:00,2024-03-08,09:00:00,5.5220,Friday,9,3,Spring,0
10023456782,2024-03-08 10:00:00,2024-03-08,10:00:00,4.7231,Friday,10,3,Spring,0
10023456782,2024-03-08 11:00:00,2024-03-08,11:00:00,4.5999,Friday,11,3,Spring,0
10023456782,2024-03-08 12:00:00,2024-03-08,12:00:00,4.0654,Friday,12,3,Spring,0
10023456782,2024-03-08 13:00:00,2024-03-08,13:00:00,5.3896,Friday,13,3,Spring,0
10023456782,2024-03-08 14:00:00,2024-03-08,14:00:00,4.4978,Friday,14,3,Spring,0
10023456782,2024-03-08 15:00:00,2024-03-08,15:00:00,5.6877,Friday,15,3,Spring,0
10023456782,2024-03-08 16:00:00,2024-03-08,16:00:00,5.7583,Friday,16,3,Spring,0
10023456782,2024-03-08 17:00:00,2024-03-08,17:00:00,6.4124,Friday,17,3,Spring,0
10023456782,2024-03-08 18:00:00,2024-03-08,18:00:00,5.1433,Friday,18,3,Spring,0
10023456782,2024-03-08 19:00:00,2024-03-08,19:00:00,5.8408,Friday,19,3,Spring,0
10023456782,2024-03-08 20:00:00,2024-03-08,20:00:00,4.6316,Friday,20,3,Spring,0
10023456782,2024-03-08 21:00:00,2024-03-08,21:00:00,3.9020,Friday,21,3,Spring,0
10023456782,2024-03-08 22:00:00,2024-03-08,22:00:00,4.1536,Friday,22,3,Spring,0
10023456782,2024-03-08 23:00:00,2024-03-08,23:00:00,2.1637,Friday,23,3,Spring,0
10023456782,2024-03-09 00:00:00,2024-03-09,00:00:00,1.5119,Saturday,0,3,Spring,0
10023456782,2024-03-09 01:00:00,2024-03-09,01:00:00,1.4439,Saturday,1,3,Spring,0
10023456782,2024-03-09 02:00:00,2024-03-09,02:00:00,1.1073,Saturday,2,3,Spring,0
10023456782,2024-03-09 03:00:00,2024-03-09,03:00:00,1.0592,Saturday,3,3,Spring,0
10023456782,2024-03-09 04:00:00,2024-03-09,04:00:00,1.0948,Saturday,4,3,Spring,0
10023456782,2024-03-09 05:00:00,2024-03-09,05:00:00,1.7707,Saturday,5,3,Spring,0
10023456782,2024-03-09 06:00:00,2024-03-09,06:00:00,2.1590,Saturday,6,3,Spring,0
10023456782,2024-03-09 07:00:00,2024-03-09,07:00:00,2.9205,Saturday,7,3,Spring,0
10023456782,2024-03-09 08:00:00,2024-03-09,08:00:00,2.7192,Saturday,8,3,Spring,0
10023456782,2024-03-09 09:00:00,2024-03-09,09:00:00,3.2649,Saturday,9,3,Spring,0
10023456782,2024-03-09 10:00:00,2024-03-09,10:00:00,3.1884,Saturday,10,3,Spring,0
10023456782,2024-03-09 11:00:00,2024-03-09,11:00:00,12.4138,Saturday,11,3,Spring,1
10023456782,2024-03-09 12:00:00,2024-03-09,12:00:00,2.7621,Saturday,12,3,Spring,0
10023456782,2024-03-09 13:00:00,2024-03-09,13:00:00,3.2134,Saturday,13,3,Spring,0
10023456782,2024-03-09 14:00:00,2024-03-09,14:00:00,3.2540,Saturday,14,3,Spring,0
10023456782,2024-03-09 15:00:00,2024-03-09,15:00:00,3.6086,Saturday,15,3,Spring,0
10023456782,2024-03-09 16:00:00,2024-03-09,16:00:00,3.0632,Saturday,16,3,Spring,0
10023456782,2024-03-09 17:00:00,2024-03-09,17:00:00,3.7758,Saturday,17,3,Spring,0
10023456782,2024-03-09 18:00:00,2024-03-09,18:00:00,3.8145,Saturday,18,3,Spring,0
10023456782,2024-03-09 19:00:00,2024-03-09,19:00:00,3.9325,Saturday,19,3,Spring,0
10023456782,2024-03-09 20:00:00,2024-03-09,20:00:00,3.8145,Saturday,20,3,Spring,0
10023456782,2024-03-09 21:00:00,2024-03-09,21:00:00,3.1481,Saturday,21,3,Spring,0
10023456782,2024-03-09 22:00:00,2024-03-09,22:00:00,2.5119,Saturday,22,3,Spring,0
10023456782,2024-03-09 23:00:00,2024-03-09,23:00:00,1.5913,Saturday,23,3,Spring,0
10023456782,2024-03-10 00:00:00,2024-03-10,00:00:00,1.2496,Sunday,0,3,Spring,0
10023456782,2024-03-10 01:00:00,2024-03-10,01:00:00,1.1369,Sunday,1,3,Spring,0
10023456782,2024-03-10 02:00:00,2024-03-10,02:00:00,1.2841,Sunday,2,3,Spring,0
10023456782,2024-03-10 03:00:00,2024-03-10,03:00:00,0.9362,Sunday,3,3,Spring,0
10023456782,2024-03-10 04:00:00,2024-03-10,04:00:00,0.9217,Sunday,4,3,Spring,0
10023456782,2024-03-10 05:00:00,2024-03-10,05:00:00,1.1140,Sunday,5,3,Spring,0
10023456782,2024-03-10 06:00:00,2024-03-10,06:00:00,1.7094,Sunday,6,3,Spring,0
10023456782,2024-03-10 07:00:00,2024-03-10,07:00:00,2.4340,Sunday,7,3,Spring,0
10023456782,2024-03-10 08:00:00,2024-03-10,08:00:00,3.0380,Sunday,8,3,Spring,0
10023456782,2024-03-10 09:00:00,2024-03-10,09:00:00,3.4541,Sunday,9,3,Spring,0
10023456782,2024-03-10 10:00:00,2024-03-10,10:00:00,3.3634,Sunday,10,3,Spring,0
10023456782,2024-03-10 11:00:00,2024-03-10,11:00:00,3.3112,Sunday,11,3,Spring,0
10023456782,2024-03-10 12:00:00,2024-03-10,12:00:00,3.4058,Sunday,12,3,Spring,0
10023456782,2024-03-10 13:00:00,2024-03-10,13:00:00,2.7241,Sunday,13,3,Spring,0
10023456782,2024-03-10 14:00:00,2024-03-10,14:00:00,2.7910,Sunday,14,3,Spring,0
10023456782,2024-03-10 15:00:00,2024-03-10,15:00:00,2.3928,Sunday,15,3,Spring,0
10023456782,2024-03-10 16:00:00,2024-03-10,16:00:00,4.0652,Sunday,16,3,Spring,0
10023456782,2024-03-10 17:00:00,2024-03-10,17:00:00,2.8430,Sunday,17,3,Spring,0
10023456782,2024-03-10 18:00:00,2024-03-10,18:00:00,4.4932,Sunday,18,3,Spring,0
10023456782,2024-03-10 19:00:00,2024-03-10,19:00:00,18.6556,Sunday,19,3,Spring,1
10023456782,2024-03-10 20:00:00,2024-03-10,20:00:00,3.2519,Sunday,20,3,Spring,0
10023456782,2024-03-10 21:00:00,2024-03-10,21:00:00,2.9081,Sunday,21,3,Spring,0
10023456782,2024-03-10 22:00:00,2024-03-10,22:00:00,2.3083,Sunday,22,3,Spring,0
10023456782,2024-03-10 23:00:00,2024-03-10,23:00:00,1.3224,Sunday,23,3,Spring,0
10023456782,2024-03-11 00:00:00,2024-03-11,00:00:00,1.0809,Monday,0,3,Spring,0
10023456782,2024-03-11 01:00:00,2024-03-11,01:00:00,1.0050,Monday,1,3,Spring,0
10023456782,2024-03-11 02:00:00,2024-03-11,02:00:00,1.0014,Monday,2,3,Spring,0
10023456782,2024-03-11 03:00:00,2024-03-11,03:00:00,0.9915,Monday,3,3,Spring,0
10023456782,2024-03-11 04:00:00,2024-03-11,04:00:00,0.9903,Monday,4,3,Spring,0
10023456782,2024-03-11 05:00:00,2024-03-11,05:00:00,1.4257,Monday,5,3,Spring,0
10023456782,2024-03-11 06:00:00,2024-03-11,06:00:00,2.1533,Monday,6,3,Spring,0
10023456782,2024-03-11 07:00:00,2024-03-11,07:00:00,3.2704,Monday,7,3,Spring,0
10023456782,2024-03-11 08:00:00,2024-03-11,08:00:00,3.4158,Monday,8,3,Spring,0
10023456782,2024-03-11 09:00:00,2024-03-11,09:00:00,3.9052,Monday,9,3,Spring,0
10023456782,2024-03-11 10:00:00,2024-03-11,10:00:00,2.7690,Monday,10,3,Spring,0
10023456782,2024-03-11 11:00:00,2024-03-11,11:00:00,3.7865,Monday,11,3,Spring,0
10023456782,2024-03-11 12:00:00,2024-03-11,12:00:00,2.1984,Monday,12,3,Spring,0
10023456782,2024-03-11 13:00:00,2024-03-11,13:00:00,3.3810,Monday,13,3,Spring,0
10023456782,2024-03-11 14:00:00,2024-03-11,14:00:00,3.3594,Monday,14,3,Spring,0
10023456782,2024-03-11 15:00:00,2024-03-11,15:00:00,2.7850,Monday,15,3,Spring,0
10023456782,2024-03-11 16:00:00,2024-03-11,16:00:00,3.0516,Monday,16,3,Spring,0
10023456782,2024-03-11 17:00:00,2024-03-11,17:00:00,3.5404,Monday,17,3,Spring,0
10023456782,2024-03-11 18:00:00,2024-03-11,18:00:00,2.5108,Monday,18,3,Spring,0
10023456782,2024-03-11 19:00:00,2024-03-11,19:00:00,3.6173,Monday,19,3,Spring,0
10023456782,2024-03-11 20:00:00,2024-03-11,20:00:00,2.9679,Monday,20,3,Spring,0
10023456782,2024-03-11 21:00:00,2024-03-11,21:00:00,3.0806,Monday,21,3,Spring,0
10023456782,2024-03-11 22:00:00,2024-03-11,22:00:00,2.0303,Monday,22,3,Spring,0
10023456782,2024-03-11 23:00:00,2024-03-11,23:00:00,1.1257,Monday,23,3,Spring,0
10023456782,2024-03-12 00:00:00,2024-03-12,00:00:00,1.5062,Tuesday,0,3,Spring,0
10023456782,2024-03-12 01:00:00,2024-03-12,01:00:00,1.3542,Tuesday,1,3,Spring,0
10023456782,2024-03-12 02:00:00,2024-03-12,02:00:00,1.2896,Tuesday,2,3,Spring,0
10023456782,2024-03-12 03:00:00,2024-03-12,03:00:00,1.1958,Tuesday,3,3,Spring,0
10023456782,2024-03-12 04:00:00,2024-03-12,04:00:00,4.2952,Tuesday,4,3,Spring,1
10023456782,2024-03-12 05:00:00,2024-03-12,05:00:00,5.3654,Tuesday,5,3,Spring,1
10023456782,2024-03-12 06:00:00,2024-03-12,06:00:00,7.4703,Tuesday,6,3,Spring,1
10023456782,2024-03-12 07:00:00,2024-03-12,07:00:00,11.4594,Tuesday,7,3,Spring,1
10023456782,2024-03-12 08:00:00,2024-03-12,08:00:00,11.5452,Tuesday,8,3,Spring,1
10023456782,2024-03-12 09:00:00,2024-03-12,09:00:00,4.3024,Tuesday,9,3,Spring,0
10023456782,2024-03-12 10:00:00,2024-03-12,10:00:00,4.3558,Tuesday,10,3,Spring,0
10023456782,2024-03-12 11:00:00,2024-03-12,11:00:00,3.7667,Tuesday,11,3,Spring,0
10023456782,2024-03-12 12:00:00,2024-03-12,12:00:00,3.1185,Tuesday,12,3,Spring,0
10023456782,2024-03-12 13:00:00,2024-03-12,13:00:00,3.4287,Tuesday,13,3,Spring,0
10023456782,2024-03-12 14:00:00,2024-03-12,14:00:00,3.6979,Tuesday,14,3,Spring,0
10023456782,2024-03-12 15:00:00,2024-03-12,15:00:00,4.2620,Tuesday,15,3,Spring,0
10023456782,2024-03-12 16:00:00,2024-03-12,16:00:00,3.9880,Tuesday,16,3,Spring,0
10023456782,2024-03-12 17:00:00,2024-03-12,17:00:00,4.6755,Tuesday,17,3,Spring,0
10023456782,2024-03-12 18:00:00,2024-03-12,18:00:00,4.4602,Tuesday,18,3,Spring,0
10023456782,2024-03-12 19:00:00,2024-03-12,19:00:00,4.3568,Tuesday,19,3,Spring,0
10023456782,2024-03-12 20:00:00,2024-03-12,20:00:00,4.4677,Tuesday,20,3,Spring,0
10023456782,2024-03-12 21:00:00,2024-03-12,21:00:00,2.8885,Tuesday,21,3,Spring,0
10023456782,2024-03-12 22:00:00,2024-03-12,22:00:00,2.2880,Tuesday,22,3,Spring,0
10023456782,2024-03-12 23:00:00,2024-03-12,23:00:00,1.7074,Tuesday,23,3,Spring,0
10023456782,2024-03-13 00:00:00,2024-03-13,00:00:00,1.1943,Wednesday,0,3,Spring,0
10023456782,2024-03-13 01:00:00,2024-03-13,01:00:00,1.1857,Wednesday,1,3,Spring,0
10023456782,2024-03-13 02:00:00,2024-03-13,02:00:00,1.1890,Wednesday,2,3,Spring,0
10023456782,2024-03-13 03:00:00,2024-03-13,03:00:00,1.0247,Wednesday,3,3,Spring,0
10023456782,2024-03-13 04:00:00,2024-03-13,04:00:00,1.1998,Wednesday,4,3,Spring,0
10023456782,2024-03-13 05:00:00,2024-03-13,05:00:00,1.5572,Wednesday,5,3,Spring,0
10023456782,2024-03-13 06:00:00,2024-03-13,06:00:00,2.5501,Wednesday,6,3,Spring,0
10023456782,2024-03-13 07:00:00,2024-03-13,07:00:00,10.5424,Wednesday,7,3,Spring,1
10023456782,2024-03-13 08:00:00,2024-03-13,08:00:00,4.0028,Wednesday,8,3,Spring,0
10023456782,2024-03-13 09:00:00,2024-03-13,09:00:00,4.1434,Wednesday,9,3,Spring,0
10023456782,2024-03-13 10:00:00,2024-03-13,10:00:00,2.9988,Wednesday,10,3,Spring,0
10023456782,2024-03-13 11:00:00,2024-03-13,11:00:00,3.3178,Wednesday,11,3,Spring,0
10023456782,2024-03-13 12:00:00,2024-03-13,12:00:00,2.9585,Wednesday,12,3,Spring,0
10023456782,2024-03-13 13:00:00,2024-03-13,13:00:00,3.0325,Wednesday,13,3,Spring,0
10023456782,2024-03-13 14:00:00,2024-03-13,14:00:00,2.7385,Wednesday,14,3,Spring,0
10023456782,2024-03-13 15:00:00,2024-03-13,15:00:00,2.9499,Wednesday,15,3,Spring,0
10023456782,2024-03-13 16:00:00,2024-03-13,16:00:00,4.1230,Wednesday,16,3,Spring,0
10023456782,2024-03-13 17:00:00,2024-03-13,17:00:00,2.9862,Wednesday,17,3,Spring,0
10023456782,2024-03-13 18:00:00,2024-03-13,18:00:00,3.9935,Wednesday,18,3,Spring,0
10023456782,2024-03-13 19:00:00,2024-03-13,19:00:00,3.7199,Wednesday,19,3,Spring,0
10023456782,2024-03-13 20:00:00,2024-03-13,20:00:00,3.4064,Wednesday,20,3,Spring,0
10023456782,2024-03-13 21:00:00,2024-03-13,21:00:00,2.0705,Wednesday,21,3,Spring,0
10023456782,2024-03-13 22:00:00,2024-03-13,22:00:00,2.1894,Wednesday,22,3,Spring,0
10023456782,2024-03-13 23:00:00,2024-03-13,23:00:00,1.2497,Wednesday,23,3,Spring,0
10023456782,2024-03-14 00:00:00,2024-03-14,00:00:00,1.1122,Thursday,0,3,Spring,0
10023456782,2024-03-14 01:00:00,2024-03-14,01:00:00,1.0321,Thursday,1,3,Spring,0
10023456782,2024-03-14 02:00:00,2024-03-14,02:00:00,1.3351,Thursday,2,3,Spring,0
10023456782,2024-03-14 03:00:00,2024-03-14,03:00:00,0.8589,Thursday,3,3,Spring,0
10023456782,2024-03-14 04:00:00,2024-03-14,04:00:00,1.3997,Thursday,4,3,Spring,0
10023456782,2024-03-14 05:00:00,2024-03-14,05:00:00,1.4245,Thursday,5,3,Spring,0
10023456782,2024-03-14 06:00:00,2024-03-14,06:00:00,2.3440,Thursday,6,3,Spring,0
10023456782,2024-03-14 07:00:00,2024-03-14,07:00:00,3.3370,Thursday,7,3,Spring,0
10023456782,2024-03-14 08:00:00,2024-03-14,08:00:00,3.7962,Thursday,8,3,Spring,0
10023456782,2024-03-14 09:00:00,2024-03-14,09:00:00,4.6257,Thursday,9,3,Spring,0
10023456782,2024-03-14 10:00:00,2024-03-14,10:00:00,3.4349,Thursday,10,3,Spring,0
10023456782,2024-03-14 11:00:00,2024-03-14,11:00:00,2.8602,Thursday,11,3,Spring,0
10023456782,2024-03-14 12:00:00,2024-03-14,12:00:00,3.3546,Thursday,12,3,Spring,0
10023456782,2024-03-14 13:00:00,2024-03-14,13:00:00,2.9750,Thursday,13,3,Spring,0
10023456782,2024-03-14 14:00:00,2024-03-14,14:00:00,3.3841,Thursday,14,3,Spring,0
10023456782,2024-03-14 15:00:00,2024-03-14,15:00:00,2.8261,Thursday,15,3,Spring,0
10023456782,2024-03-14 16:00:00,2024-03-14,16:00:00,3.9950,Thursday,16,3,Spring,0
10023456782,2024-03-14 17:00:00,2024-03-14,17:00:00,3.1128,Thursday,17,3,Spring,0
10023456782,2024-03-14 18:00:00,2024-03-14,18:00:00,4.0177,Thursday,18,3,Spring,0
10023456782,2024-03-14 19:00:00,2024-03-14,19:00:00,4.0606,Thursday,19,3,Spring,0
10023456782,2024-03-14 20:00:00,2024-03-14,20:00:00,3.4029,Thursday,20,3,Spring,0
10023456782,2024-03-14 21:00:00,2024-03-14,21:00:00,2.6700,Thursday,21,3,Spring,0
10023456782,2024-03-14 22:00:00,2024-03-14,22:00:00,1.7068,Thursday,22,3,Spring,0
10023456782,2024-03-14 23:00:00,2024-03-14,23:00:00,1.3197,Thursday,23,3,Spring,0
10023456782,2024-03-15 00:00:00,2024-03-15,00:00:00,1.0920,Friday,0,3,Spring,0
10023456782,2024-03-15 01:00:00,2024-03-15,01:00:00,1.1579,Friday,1,3,Spring,0
10023456782,2024-03-15 02:00:00,2024-03-15,02:00:00,1.1016,Friday,2,3,Spring,0
10023456782,2024-03-15 03:00:00,2024-03-15,03:00:00,1.0314,Friday,3,3,Spring,0
10023456782,2024-03-15 04:00:00,2024-03-15,04:00:00,1.1783,Friday,4,3,Spring,0
10023456782,2024-03-15 05:00:00,2024-03-15,05:00:00,1.4088,Friday,5,3,Spring,0
10023456782,2024-03-15 06:00:00,2024-03-15,06:00:00,2.1541,Friday,6,3,Spring,0
10023456782,2024-03-15 07:00:00,2024-03-15,07:00:00,4.0756,Friday,7,3,Spring,0
10023456782,2024-03-15 08:00:00,2024-03-15,08:00:00,3.0687,Friday,8,3,Spring,0
10023456782,2024-03-15 09:00:00,2024-03-15,09:00:00,4.0647,Friday,9,3,Spring,0
10023456782,2024-03-15 10:00:00,2024-03-15,10:00:00,3.8452,Friday,10,3,Spring,0
10023456782,2024-03-15 11:00:00,2024-03-15,11:00:00,3.6141,Friday,11,3,Spring,0
10023456782,2024-03-15 12:00:00,2024-03-15,12:00:00,3.7741,Friday,12,3,Spring,0
10023456782,2024-03-15 13:00:00,2024-03-15,13:00:00,3.9305,Friday,13,3,Spring,0
10023456782,2024-03-15 14:00:00,2024-03-15,14:00:00,3.3188,Friday,14,3,Spring,0
10023456782,2024-03-15 15:00:00,2024-03-15,15:00:00,3.1870,Friday,15,3,Spring,0
10023456782,2024-03-15 16:00:00,2024-03-15,16:00:00,4.0934,Friday,16,3,Spring,0
10023456782,2024-03-15 17:00:00,2024-03-15,17:00:00,3.3899,Friday,17,3,Spring,0
10023456782,2024-03-15 18:00:00,2024-03-15,18:00:00,4.4904,Friday,18,3,Spring,0
10023456782,2024-03-15 19:00:00,2024-03-15,19:00:00,3.8884,Friday,19,3,Spring,0
10023456782,2024-03-15 20:00:00,2024-03-15,20:00:00,0.7097,Friday,20,3,Spring,1
10023456782,2024-03-15 21:00:00,2024-03-15,21:00:00,3.1268,Friday,21,3,Spring,0
10023456782,2024-03-15 22:00:00,2024-03-15,22:00:00,2.1575,Friday,22,3,Spring,0
10023456782,2024-03-15 23:00:00,2024-03-15,23:00:00,1.4114,Friday,23,3,Spring,0
10023456782,2024-03-16 00:00:00,2024-03-16,00:00:00,1.5932,Saturday,0,3,Spring,0
10023456782,2024-03-16 01:00:00,2024-03-16,01:00:00,1.1270,Saturday,1,3,Spring,0
10023456782,2024-03-16 02:00:00,2024-03-16,02:00:00,0.8131,Saturday,2,3,Spring,0
10023456782,2024-03-16 03:00:00,2024-03-16,03:00:00,0.9333,Saturday,3,3,Spring,0
10023456782,2024-03-16 04:00:00,2024-03-16,04:00:00,1.2446,Saturday,4,3,Spring,0
10023456782,2024-03-16 05:00:00,2024-03-16,05:00:00,1.3298,Saturday,5,3,Spring,0
10023456782,2024-03-16 06:00:00,2024-03-16,06:00:00,1.6913,Saturday,6,3,Spring,0
10023456782,2024-03-16 07:00:00,2024-03-16,07:00:00,2.7524,Saturday,7,3,Spring,0
10023456782,2024-03-16 08:00:00,2024-03-16,08:00:00,3.0863,Saturday,8,3,Spring,0
10023456782,2024-03-16 09:00:00,2024-03-16,09:00:00,3.2935,Saturday,9,3,Spring,0
10023456782,2024-03-16 10:00:00,2024-03-16,10:00:00,4.2942,Saturday,10,3,Spring,0
10023456782,2024-03-16 11:00:00,2024-03-16,11:00:00,2.8213,Saturday,11,3,Spring,0
10023456782,2024-03-16 12:00:00,2024-03-16,12:00:00,2.4975,Saturday,12,3,Spring,0
10023456782,2024-03-16 13:00:00,2024-03-16,13:00:00,8.3215,Saturday,13,3,Spring,1
10023456782,2024-03-16 14:00:00,2024-03-16,14:00:00,2.7669,Saturday,14,3,Spring,0
10023456782,2024-03-16 15:00:00,2024-03-16,15:00:00,2.9859,Saturday,15,3,Spring,0
10023456782,2024-03-16 16:00:00,2024-03-16,16:00:00,2.7410,Saturday,16,3,Spring,0
10023456782,2024-03-16 17:00:00,2024-03-16,17:00:00,4.3773,Saturday,17,3,Spring,0
10023456782,2024-03-16 18:00:00,2024-03-16,18:00:00,3.2844,Saturday,18,3,Spring,0
10023456782,2024-03-16 19:00:00,2024-03-16,19:00:00,3.8789,Saturday,19,3,Spring,0
10023456782,2024-03-16 20:00:00,2024-03-16,20:00:00,3.7903,Saturday,20,3,Spring,0
10023456782,2024-03-16 21:00:00,2024-03-16,21:00:00,2.8466,Saturday,21,3,Spring,0
10023456782,2024-03-16 22:00:00,2024-03-16,22:00:00,2.0810,Saturday,22,3,Spring,0
10023456782,2024-03-16 23:00:00,2024-03-16,23:00:00,1.7635,Saturday,23,3,Spring,0
10023456782,2024-03-17 00:00:00,2024-03-17,00:00:00,1.4117,Sunday,0,3,Spring,0
10023456782,2024-03-17 01:00:00,2024-03-17,01:00:00,0.8052,Sunday,1,3,Spring,0
10023456782,2024-03-17 02:00:00,2024-03-17,02:00:00,1.3747,Sunday,2,3,Spring,0
10023456782,2024-03-17 03:00:00,2024-03-17,03:00:00,0.9176,Sunday,3,3,Spring,0
10023456782,2024-03-17 04:00:00,2024-03-17,04:00:00,1.0008,Sunday,4,3,Spring,0
10023456782,2024-03-17 05:00:00,2024-03-17,05:00:00,1.4901,Sunday,5,3,Spring,0
10023456782,2024-03-17 06:00:00,2024-03-17,06:00:00,2.3412,Sunday,6,3,Spring,0
10023456782,2024-03-17 07:00:00,2024-03-17,07:00:00,2.5590,Sunday,7,3,Spring,0
10023456782,2024-03-17 08:00:00,2024-03-17,08:00:00,2.3801,Sunday,8,3,Spring,0
10023456782,2024-03-17 09:00:00,2024-03-17,09:00:00,3.5719,Sunday,9,3,Spring,0
10023456782,2024-03-17 10:00:00,2024-03-17,10:00:00,3.0368,Sunday,10,3,Spring,0
10023456782,2024-03-17 11:00:00,2024-03-17,11:00:00,2.7003,Sunday,11,3,Spring,0
10023456782,2024-03-17 12:00:00,2024-03-17,12:00:00,3.0457,Sunday,12,3,Spring,0
10023456782,2024-03-17 13:00:00,2024-03-17,13:00:00,3.4965,Sunday,13,3,Spring,0
10023456782,2024-03-17 14:00:00,2024-03-17,14:00:00,2.6110,Sunday,14,3,Spring,0
10023456782,2024-03-17 15:00:00,2024-03-17,15:00:00,2.7178,Sunday,15,3,Spring,0
10023456782,2024-03-17 16:00:00,2024-03-17,16:00:00,2.9959,Sunday,16,3,Spring,0
10023456782,2024-03-17 17:00:00,2024-03-17,17:00:00,3.7920,Sunday,17,3,Spring,0
10023456782,2024-03-17 18:00:00,2024-03-17,18:00:00,4.6780,Sunday,18,3,Spring,0
10023456782,2024-03-17 19:00:00,2024-03-17,19:00:00,3.4754,Sunday,19,3,Spring,0
10023456782,2024-03-17 20:00:00,2024-03-17,20:00:00,3.3755,Sunday,20,3,Spring,0
10023456782,2024-03-17 21:00:00,2024-03-17,21:00:00,2.9122,Sunday,21,3,Spring,0
10023456782,2024-03-17 22:00:00,2024-03-17,22:00:00,0.0978,Sunday,22,3,Spring,1
10023456782,2024-03-17 23:00:00,2024-03-17,23:00:00,1.5189,Sunday,23,3,Spring,0
10023456782,2024-03-18 00:00:00,2024-03-18,00:00:00,1.8536,Monday,0,3,Spring,0
10023456782,2024-03-18 01:00:00,2024-03-18,01:00:00,1.2744,Monday,1,3,Spring,0
10023456782,2024-03-18 02:00:00,2024-03-18,02:00:00,1.5383,Monday,2,3,Spring,0
10023456782,2024-03-18 03:00:00,2024-03-18,03:00:00,1.4547,Monday,3,3,Spring,0
10023456782,2024-03-18 04:00:00,2024-03-18,04:00:00,1.7771,Monday,4,3,Spring,0
10023456782,2024-03-18 05:00:00,2024-03-18,05:00:00,2.2466,Monday,5,3,Spring,0
10023456782,2024-03-18 06:00:00,2024-03-18,06:00:00,3.5092,Monday,6,3,Spring,0
10023456782,2024-03-18 07:00:00,2024-03-18,07:00:00,4.1246,Monday,7,3,Spring,0
10023456782,2024-03-18 08:00:00,2024-03-18,08:00:00,5.3585,Monday,8,3,Spring,0
10023456782,2024-03-18 09:00:00,2024-03-18,09:00:00,5.0505,Monday,9,3,Spring,0
10023456782,2024-03-18 10:00:00,2024-03-18,10:00:00,5.4204,Monday,10,3,Spring,0
10023456782,2024-03-18 11:00:00,2024-03-18,11:00:00,4.4412,Monday,11,3,Spring,0
10023456782,2024-03-18 12:00:00,2024-03-18,12:00:00,3.8426,Monday,12,3,Spring,0
10023456782,2024-03-18 13:00:00,2024-03-18,13:00:00,4.5023,Monday,13,3,Spring,0
10023456782,2024-03-18 14:00:00,2024-03-18,14:00:00,4.3369,Monday,14,3,Spring,0
10023456782,2024-03-18 15:00:00,2024-03-18,15:00:00,4.2259,Monday,15,3,Spring,0
10023456782,2024-03-18 16:00:00,2024-03-18,16:00:00,4.0339,Monday,16,3,Spring,0
10023456782,2024-03-18 17:00:00,2024-03-18,17:00:00,5.3807,Monday,17,3,Spring,0
10023456782,2024-03-18 18:00:00,2024-03-18,18:00:00,5.3411,Monday,18,3,Spring,0
10023456782,2024-03-18 19:00:00,2024-03-18,19:00:00,4.8550,Monday,19,3,Spring,0
10023456782,2024-03-18 20:00:00,2024-03-18,20:00:00,4.5212,Monday,20,3,Spring,0
10023456782,2024-03-18 21:00:00,2024-03-18,21:00:00,4.0193,Monday,21,3,Spring,0
10023456782,2024-03-18 22:00:00,2024-03-18,22:00:00,2.8891,Monday,22,3,Spring,0
10023456782,2024-03-18 23:00:00,2024-03-18,23:00:00,1.8216,Monday,23,3,Spring,0
10023456782,2024-03-19 00:00:00,2024-03-19,00:00:00,1.3071,Tuesday,0,3,Spring,0
10023456782,2024-03-19 01:00:00,2024-03-19,01:00:00,1.2942,Tuesday,1,3,Spring,0
10023456782,2024-03-19 02:00:00,2024-03-19,02:00:00,1.1030,Tuesday,2,3,Spring,0
10023456782,2024-03-19 03:00:00,2024-03-19,03:00:00,0.8515,Tuesday,3,3,Spring,0
10023456782,2024-03-19 04:00:00,2024-03-19,04:00:00,1.1431,Tuesday,4,3,Spring,0
10023456782,2024-03-19 05:00:00,2024-03-19,05:00:00,1.6268,Tuesday,5,3,Spring,0
10023456782,2024-03-19 06:00:00,2024-03-19,06:00:00,2.1505,Tuesday,6,3,Spring,0
10023456782,2024-03-19 07:00:00,2024-03-19,07:00:00,3.2692,Tuesday,7,3,Spring,0
10023456782,2024-03-19 08:00:00,2024-03-19,08:00:00,3.6237,Tuesday,8,3,Spring,0
10023456782,2024-03-19 09:00:00,2024-03-19,09:00:00,3.9809,Tuesday,9,3,Spring,0
10023456782,2024-03-19 10:00:00,2024-03-19,10:00:00,3.0400,Tuesday,10,3,Spring,0
10023456782,2024-03-19 11:00:00,2024-03-19,11:00:00,3.3330,Tuesday,11,3,Spring,0
10023456782,2024-03-19 12:00:00,2024-03-19,12:00:00,3.0220,Tuesday,12,3,Spring,0
10023456782,2024-03-19 13:00:00,2024-03-19,13:00:00,3.8281,Tuesday,13,3,Spring,0
10023456782,2024-03-19 14:00:00,2024-03-19,14:00:00,2.8533,Tuesday,14,3,Spring,0
10023456782,2024-03-19 15:00:00,2024-03-19,15:00:00,2.8439,Tuesday,15,3,Spring,0
10023456782,2024-03-19 16:00:00,2024-03-19,16:00:00,3.8391,Tuesday,16,3,Spring,0
10023456782,2024-03-19 17:00:00,2024-03-19,17:00:00,2.9464,Tuesday,17,3,Spring,0
10023456782,2024-03-19 18:00:00,2024-03-19,18:00:00,4.4286,Tuesday,18,3,Spring,0
10023456782,2024-03-19 19:00:00,2024-03-19,19:00:00,4.7712,Tuesday,19,3,Spring,0
10023456782,2024-03-19 20:00:00,2024-03-19,20:00:00,3.9976,Tuesday,20,3,Spring,0
10023456782,2024-03-19 21:00:00,2024-03-19,21:00:00,2.3894,Tuesday,21,3,Spring,0
10023456782,2024-03-19 22:00:00,2024-03-19,22:00:00,1.9511,Tuesday,22,3,Spring,0
10023456782,2024-03-19 23:00:00,2024-03-19,23:00:00,1.4165,Tuesday,23,3,Spring,0
10023456782,2024-03-20 00:00:00,2024-03-20,00:00:00,1.0666,Wednesday,0,3,Spring,0
10023456782,2024-03-20 01:00:00,2024-03-20,01:00:00,0.9611,Wednesday,1,3,Spring,0
10023456782,2024-03-20 02:00:00,2024-03-20,02:00:00,0.8535,Wednesday,2,3,Spring,0
10023456782,2024-03-20 03:00:00,2024-03-20,03:00:00,1.1852,Wednesday,3,3,Spring,0
10023456782,2024-03-20 04:00:00,2024-03-20,04:00:00,1.0359,Wednesday,4,3,Spring,0
10023456782,2024-03-20 05:00:00,2024-03-20,05:00:00,1.6431,Wednesday,5,3,Spring,0
10023456782,2024-03-20 06:00:00,2024-03-20,06:00:00,2.1121,Wednesday,6,3,Spring,0
10023456782,2024-03-20 07:00:00,2024-03-20,07:00:00,2.5286,Wednesday,7,3,Spring,0
10023456782,2024-03-20 08:00:00,2024-03-20,08:00:00,3.8517,Wednesday,8,3,Spring,0
10023456782,2024-03-20 09:00:00,2024-03-20,09:00:00,3.9828,Wednesday,9,3,Spring,0
10023456782,2024-03-20 10:00:00,2024-03-20,10:00:00,3.4908,Wednesday,10,3,Spring,0
10023456782,2024-03-20 11:00:00,2024-03-20,11:00:00,3.5035,Wednesday,11,3,Spring,0
10023456782,2024-03-20 12:00:00,2024-03-20,12:00:00,2.9022,Wednesday,12,3,Spring,0
10023456782,2024-03-20 13:00:00,2024-03-20,13:00:00,2.9332,Wednesday,13,3,Spring,0
10023456782,2024-03-20 14:00:00,2024-03-20,14:00:00,3.0765,Wednesday,14,3,Spring,0
10023456782,2024-03-20 15:00:00,2024-03-20,15:00:00,2.6225,Wednesday,15,3,Spring,0
10023456782,2024-03-20 16:00:00,2024-03-20,16:00:00,2.8602,Wednesday,16,3,Spring,0
10023456782,2024-03-20 17:00:00,2024-03-20,17:00:00,3.4085,Wednesday,17,3,Spring,0
10023456782,2024-03-20 18:00:00,2024-03-20,18:00:00,3.4584,Wednesday,18,3,Spring,0
10023456782,2024-03-20 19:00:00,2024-03-20,19:00:00,3.5359,Wednesday,19,3,Spring,0
10023456782,2024-03-20 20:00:00,2024-03-20,20:00:00,2.5926,Wednesday,20,3,Spring,0
10023456782,2024-03-20 21:00:00,2024-03-20,21:00:00,2.0874,Wednesday,21,3,Spring,0
10023456782,2024-03-20 22:00:00,2024-03-20,22:00:00,2.2159,Wednesday,22,3,Spring,0
10023456782,2024-03-20 23:00:00,2024-03-20,23:00:00,1.3626,Wednesday,23,3,Spring,0
10023456782,2024-03-21 00:00:00,2024-03-21,00:00:00,1.5763,Thursday,0,3,Spring,0
10023456782,2024-03-21 01:00:00,2024-03-21,01:00:00,1.4797,Thursday,1,3,Spring,0
10023456782,2024-03-21 02:00:00,2024-03-21,02:00:00,1.2215,Thursday,2,3,Spring,0
10023456782,2024-03-21 03:00:00,2024-03-21,03:00:00,1.3682,Thursday,3,3,Spring,0
10023456782,2024-03-21 04:00:00,2024-03-21,04:00:00,1.6236,Thursday,4,3,Spring,0
10023456782,2024-03-21 05:00:00,2024-03-21,05:00:00,2.6174,Thursday,5,3,Spring,0
10023456782,2024-03-21 06:00:00,2024-03-21,06:00:00,3.8455,Thursday,6,3,Spring,0
10023456782,2024-03-21 07:00:00,2024-03-21,07:00:00,4.8273,Thursday,7,3,Spring,0
10023456782,2024-03-21 08:00:00,2024-03-21,08:00:00,4.8564,Thursday,8,3,Spring,0
10023456782,2024-03-21 09:00:00,2024-03-21,09:00:00,4.7632,Thursday,9,3,Spring,0
10023456782,2024-03-21 10:00:00,2024-03-21,10:00:00,5.1202,Thursday,10,3,Spring,0
10023456782,2024-03-21 11:00:00,2024-03-21,11:00:00,4.1784,Thursday,11,3,Spring,0
10023456782,2024-03-21 12:00:00,2024-03-21,12:00:00,3.9468,Thursday,12,3,Spring,0
10023456782,2024-03-21 13:00:00,2024-03-21,13:00:00,4.9789,Thursday,13,3,Spring,0
10023456782,2024-03-21 14:00:00,2024-03-21,14:00:00,3.7289,Thursday,14,3,Spring,0
10023456782,2024-03-21 15:00:00,2024-03-21,15:00:00,3.7736,Thursday,15,3,Spring,0
10023456782,2024-03-21 16:00:00,2024-03-21,16:00:00,4.2844,Thursday,16,3,Spring,0
10023456782,2024-03-21 17:00:00,2024-03-21,17:00:00,3.8046,Thursday,17,3,Spring,0
10023456782,2024-03-21 18:00:00,2024-03-21,18:00:00,4.3158,Thursday,18,3,Spring,0
10023456782,2024-03-21 19:00:00,2024-03-21,19:00:00,5.5806,Thursday,19,3,Spring,0
10023456782,2024-03-21 20:00:00,2024-03-21,20:00:00,4.7245,Thursday,20,3,Spring,0
10023456782,2024-03-21 21:00:00,2024-03-21,21:00:00,3.1965,Thursday,21,3,Spring,0
10023456782,2024-03-21 22:00:00,2024-03-21,22:00:00,2.7034,Thursday,22,3,Spring,0
10023456782,2024-03-21 23:00:00,2024-03-21,23:00:00,1.6537,Thursday,23,3,Spring,0
10023456782,2024-03-22 00:00:00,2024-03-22,00:00:00,2.1656,Friday,0,3,Spring,0
10023456782,2024-03-22 01:00:00,2024-03-22,01:00:00,1.8298,Friday,1,3,Spring,0
10023456782,2024-03-22 02:00:00,2024-03-22,02:00:00,1.7000,Friday,2,3,Spring,0
10023456782,2024-03-22 03:00:00,2024-03-22,03:00:00,1.5250,Friday,3,3,Spring,0
10023456782,2024-03-22 04:00:00,2024-03-22,04:00:00,1.5530,Friday,4,3,Spring,0
10023456782,2024-03-22 05:00:00,2024-03-22,05:00:00,2.1528,Friday,5,3,Spring,0
10023456782,2024-03-22 06:00:00,2024-03-22,06:00:00,3.8783,Friday,6,3,Spring,0
10023456782,2024-03-22 07:00:00,2024-03-22,07:00:00,5.8446,Friday,7,3,Spring,0
10023456782,2024-03-22 08:00:00,2024-03-22,08:00:00,5.8741,Friday,8,3,Spring,0
10023456782,2024-03-22 09:00:00,2024-03-22,09:00:00,5.8559,Friday,9,3,Spring,0
10023456782,2024-03-22 10:00:00,2024-03-22,10:00:00,4.8093,Friday,10,3,Spring,0
10023456782,2024-03-22 11:00:00,2024-03-22,11:00:00,4.4546,Friday,11,3,Spring,0
10023456782,2024-03-22 12:00:00,2024-03-22,12:00:00,4.7352,Friday,12,3,Spring,0
10023456782,2024-03-22 13:00:00,2024-03-22,13:00:00,11.6867,Friday,13,3,Spring,1
10023456782,2024-03-22 14:00:00,2024-03-22,14:00:00,5.5234,Friday,14,3,Spring,0
10023456782,2024-03-22 15:00:00,2024-03-22,15:00:00,4.2594,Friday,15,3,Spring,0
10023456782,2024-03-22 16:00:00,2024-03-22,16:00:00,5.9115,Friday,16,3,Spring,0
10023456782,2024-03-22 17:00:00,2024-03-22,17:00:00,6.0504,Friday,17,3,Spring,0
10023456782,2024-03-22 18:00:00,2024-03-22,18:00:00,6.7766,Friday,18,3,Spring,0
10023456782,2024-03-22 19:00:00,2024-03-22,19:00:00,5.9984,Friday,19,3,Spring,0
10023456782,2024-03-22 20:00:00,2024-03-22,20:00:00,7.2184,Friday,20,3,Spring,0
10023456782,2024-03-22 21:00:00,2024-03-22,21:00:00,4.3179,Friday,21,3,Spring,0
10023456782,2024-03-22 22:00:00,2024-03-22,22:00:00,3.5460,Friday,22,3,Spring,0
10023456782,2024-03-22 23:00:00,2024-03-22,23:00:00,2.2871,Friday,23,3,Spring,0
10023456782,2024-03-23 00:00:00,2024-03-23,00:00:00,1.5036,Saturday,0,3,Spring,0
10023456782,2024-03-23 01:00:00,2024-03-23,01:00:00,1.2592,Saturday,1,3,Spring,0
10023456782,2024-03-23 02:00:00,2024-03-23,02:00:00,1.2240,Saturday,2,3,Spring,0
10023456782,2024-03-23 03:00:00,2024-03-23,03:00:00,1.1092,Saturday,3,3,Spring,0
10023456782,2024-03-23 04:00:00,2024-03-23,04:00:00,0.9593,Saturday,4,3,Spring,0
10023456782,2024-03-23 05:00:00,2024-03-23,05:00:00,1.5008,Saturday,5,3,Spring,0
10023456782,2024-03-23 06:00:00,2024-03-23,06:00:00,1.8013,Saturday,6,3,Spring,0
10023456782,2024-03-23 07:00:00,2024-03-23,07:00:00,3.2964,Saturday,7,3,Spring,0
10023456782,2024-03-23 08:00:00,2024-03-23,08:00:00,3.0648,Saturday,8,3,Spring,0
10023456782,2024-03-23 09:00:00,2024-03-23,09:00:00,3.5409,Saturday,9,3,Spring,0
10023456782,2024-03-23 10:00:00,2024-03-23,10:00:00,3.5677,Saturday,10,3,Spring,0
10023456782,2024-03-23 11:00:00,2024-03-23,11:00:00,2.9870,Saturday,11,3,Spring,0
10023456782,2024-03-23 12:00:00,2024-03-23,12:00:00,4.3808,Saturday,12,3,Spring,0
10023456782,2024-03-23 13:00:00,2024-03-23,13:00:00,3.0945,Saturday,13,3,Spring,0
10023456782,2024-03-23 14:00:00,2024-03-23,14:00:00,3.3357,Saturday,14,3,Spring,0
10023456782,2024-03-23 15:00:00,2024-03-23,15:00:00,2.9965,Saturday,15,3,Spring,0
10023456782,2024-03-23 16:00:00,2024-03-23,16:00:00,3.2643,Saturday,16,3,Spring,0
10023456782,2024-03-23 17:00:00,2024-03-23,17:00:00,3.3266,Saturday,17,3,Spring,0
10023456782,2024-03-23 18:00:00,2024-03-23,18:00:00,16.8604,Saturday,18,3,Spring,1
10023456782,2024-03-23 19:00:00,2024-03-23,19:00:00,4.0404,Saturday,19,3,Spring,0
10023456782,2024-03-23 20:00:00,2024-03-23,20:00:00,4.0031,Saturday,20,3,Spring,0
10023456782,2024-03-23 21:00:00,2024-03-23,21:00:00,3.4651,Saturday,21,3,Spring,0
10023456782,2024-03-23 22:00:00,2024-03-23,22:00:00,2.7305,Saturday,22,3,Spring,0
10023456782,2024-03-23 23:00:00,2024-03-23,23:00:00,1.5980,Saturday,23,3,Spring,0
10023456782,2024-03-24 00:00:00,2024-03-24,00:00:00,1.1716,Sunday,0,3,Spring,0
10023456782,2024-03-24 01:00:00,2024-03-24,01:00:00,0.9082,Sunday,1,3,Spring,0
10023456782,2024-03-24 02:00:00,2024-03-24,02:00:00,1.3859,Sunday,2,3,Spring,0
10023456782,2024-03-24 03:00:00,2024-03-24,03:00:00,1.0470,Sunday,3,3,Spring,0
10023456782,2024-03-24 04:00:00,2024-03-24,04:00:00,1.2333,Sunday,4,3,Spring,0
10023456782,2024-03-24 05:00:00,2024-03-24,05:00:00,1.2991,Sunday,5,3,Spring,0
10023456782,2024-03-24 06:00:00,2024-03-24,06:00:00,2.0558,Sunday,6,3,Spring,0
10023456782,2024-03-24 07:00:00,2024-03-24,07:00:00,2.9038,Sunday,7,3,Spring,0
10023456782,2024-03-24 08:00:00,2024-03-24,08:00:00,3.4920,Sunday,8,3,Spring,0
10023456782,2024-03-24 09:00:00,2024-03-24,09:00:00,3.1283,Sunday,9,3,Spring,0
10023456782,2024-03-24 10:00:00,2024-03-24,10:00:00,2.9724,Sunday,10,3,Spring,0
10023456782,2024-03-24 11:00:00,2024-03-24,11:00:00,3.3259,Sunday,11,3,Spring,0
10023456782,2024-03-24 12:00:00,2024-03-24,12:00:00,2.9028,Sunday,12,3,Spring,0
10023456782,2024-03-24 13:00:00,2024-03-24,13:00:00,3.0851,Sunday,13,3,Spring,0
10023456782,2024-03-24 14:00:00,2024-03-24,14:00:00,3.0136,Sunday,14,3,Spring,0
10023456782,2024-03-24 15:00:00,2024-03-24,15:00:00,2.5778,Sunday,15,3,Spring,0
10023456782,2024-03-24 16:00:00,2024-03-24,16:00:00,3.0556,Sunday,16,3,Spring,0
10023456782,2024-03-24 17:00:00,2024-03-24,17:00:00,4.7481,Sunday,17,3,Spring,0
10023456782,2024-03-24 18:00:00,2024-03-24,18:00:00,4.3012,Sunday,18,3,Spring,0
10023456782,2024-03-24 19:00:00,2024-03-24,19:00:00,3.9750,Sunday,19,3,Spring,0
10023456782,2024-03-24 20:00:00,2024-03-24,20:00:00,4.0718,Sunday,20,3,Spring,0
10023456782,2024-03-24 21:00:00,2024-03-24,21:00:00,2.7063,Sunday,21,3,Spring,0
10023456782,2024-03-24 22:00:00,2024-03-24,22:00:00,2.3227,Sunday,22,3,Spring,0
10023456782,2024-03-24 23:00:00,2024-03-24,23:00:00,2.0082,Sunday,23,3,Spring,0
10023456782,2024-03-25 00:00:00,2024-03-25,00:00:00,1.8217,Monday,0,3,Spring,0
10023456782,2024-03-25 01:00:00,2024-03-25,01:00:00,1.6901,Monday,1,3,Spring,0
10023456782,2024-03-25 02:00:00,2024-03-25,02:00:00,1.4640,Monday,2,3,Spring,0
10023456782,2024-03-25 03:00:00,2024-03-25,03:00:00,1.7325,Monday,3,3,Spring,0
10023456782,2024-03-25 04:00:00,2024-03-25,04:00:00,1.7591,Monday,4,3,Spring,0
10023456782,2024-03-25 05:00:00,2024-03-25,05:00:00,1.9711,Monday,5,3,Spring,0
10023456782,2024-03-25 06:00:00,2024-03-25,06:00:00,3.6061,Monday,6,3,Spring,0
10023456782,2024-03-25 07:00:00,2024-03-25,07:00:00,4.7517,Monday,7,3,Spring,0
10023456782,2024-03-25 08:00:00,2024-03-25,08:00:00,5.5953,Monday,8,3,Spring,0
10023456782,2024-03-25 09:00:00,2024-03-25,09:00:00,4.7811,Monday,9,3,Spring,0
10023456782,2024-03-25 10:00:00,2024-03-25,10:00:00,5.2539,Monday,10,3,Spring,0
10023456782,2024-03-25 11:00:00,2024-03-25,11:00:00,4.6569,Monday,11,3,Spring,0
10023456782,2024-03-25 12:00:00,2024-03-25,12:00:00,5.1640,Monday,12,3,Spring,0
10023456782,2024-03-25 13:00:00,2024-03-25,13:00:00,4.1311,Monday,13,3,Spring,0
10023456782,2024-03-25 14:00:00,2024-03-25,14:00:00,3.7685,Monday,14,3,Spring,0
10023456782,2024-03-25 15:00:00,2024-03-25,15:00:00,11.5636,Monday,15,3,Spring,1
10023456782,2024-03-25 16:00:00,2024-03-25,16:00:00,12.0830,Monday,16,3,Spring,1
10023456782,2024-03-25 17:00:00,2024-03-25,17:00:00,13.6479,Monday,17,3,Spring,1
10023456782,2024-03-25 18:00:00,2024-03-25,18:00:00,18.4387,Monday,18,3,Spring,1
10023456782,2024-03-25 19:00:00,2024-03-25,19:00:00,12.5243,Monday,19,3,Spring,1
10023456782,2024-03-25 20:00:00,2024-03-25,20:00:00,10.7779,Monday,20,3,Spring,1
10023456782,2024-03-25 21:00:00,2024-03-25,21:00:00,3.8932,Monday,21,3,Spring,0
10023456782,2024-03-25 22:00:00,2024-03-25,22:00:00,2.8308,Monday,22,3,Spring,0
10023456782,2024-03-25 23:00:00,2024-03-25,23:00:00,2.3354,Monday,23,3,Spring,0
10023456782,2024-03-26 00:00:00,2024-03-26,00:00:00,1.5058,Tuesday,0,3,Spring,0
10023456782,2024-03-26 01:00:00,2024-03-26,01:00:00,1.4903,Tuesday,1,3,Spring,0
10023456782,2024-03-26 02:00:00,2024-03-26,02:00:00,1.1660,Tuesday,2,3,Spring,0
10023456782,2024-03-26 03:00:00,2024-03-26,03:00:00,1.2584,Tuesday,3,3,Spring,0
10023456782,2024-03-26 04:00:00,2024-03-26,04:00:00,3.6596,Tuesday,4,3,Spring,1
10023456782,2024-03-26 05:00:00,2024-03-26,05:00:00,2.0679,Tuesday,5,3,Spring,0
10023456782,2024-03-26 06:00:00,2024-03-26,06:00:00,2.9022,Tuesday,6,3,Spring,0
10023456782,2024-03-26 07:00:00,2024-03-26,07:00:00,3.9775,Tuesday,7,3,Spring,0
10023456782,2024-03-26 08:00:00,2024-03-26,08:00:00,4.3746,Tuesday,8,3,Spring,0
10023456782,2024-03-26 09:00:00,2024-03-26,09:00:00,4.3596,Tuesday,9,3,Spring,0
10023456782,2024-03-26 10:00:00,2024-03-26,10:00:00,4.5701,Tuesday,10,3,Spring,0
10023456782,2024-03-26 11:00:00,2024-03-26,11:00:00,4.3450,Tuesday,11,3,Spring,0
10023456782,2024-03-26 12:00:00,2024-03-26,12:00:00,3.6414,Tuesday,12,3,Spring,0
10023456782,2024-03-26 13:00:00,2024-03-26,13:00:00,3.4556,Tuesday,13,3,Spring,0
10023456782,2024-03-26 14:00:00,2024-03-26,14:00:00,3.6096,Tuesday,14,3,Spring,0
10023456782,2024-03-26 15:00:00,2024-03-26,15:00:00,4.5035,Tuesday,15,3,Spring,0
10023456782,2024-03-26 16:00:00,2024-03-26,16:00:00,4.1178,Tuesday,16,3,Spring,0
10023456782,2024-03-26 17:00:00,2024-03-26,17:00:00,4.9887,Tuesday,17,3,Spring,0
10023456782,2024-03-26 18:00:00,2024-03-26,18:00:00,5.9697,Tuesday,18,3,Spring,0
10023456782,2024-03-26 19:00:00,2024-03-26,19:00:00,5.6134,Tuesday,19,3,Spring,0
10023456782,2024-03-26 20:00:00,2024-03-26,20:00:00,3.8632,Tuesday,20,3,Spring,0
10023456782,2024-03-26 21:00:00,2024-03-26,21:00:00,3.7689,Tuesday,21,3,Spring,0
10023456782,2024-03-26 22:00:00,2024-03-26,22:00:00,2.6139,Tuesday,22,3,Spring,0
10023456782,2024-03-26 23:00:00,2024-03-26,23:00:00,1.9124,Tuesday,23,3,Spring,0
10023456782,2024-03-27 00:00:00,2024-03-27,00:00:00,1.2118,Wednesday,0,3,Spring,0
10023456782,2024-03-27 01:00:00,2024-03-27,01:00:00,1.0101,Wednesday,1,3,Spring,0
10023456782,2024-03-27 02:00:00,2024-03-27,02:00:00,1.3375,Wednesday,2,3,Spring,0
10023456782,2024-03-27 03:00:00,2024-03-27,03:00:00,1.2032,Wednesday,3,3,Spring,0
10023456782,2024-03-27 04:00:00,2024-03-27,04:00:00,1.1520,Wednesday,4,3,Spring,0
10023456782,2024-03-27 05:00:00,2024-03-27,05:00:00,1.7205,Wednesday,5,3,Spring,0
10023456782,2024-03-27 06:00:00,2024-03-27,06:00:00,3.8753,Wednesday,6,3,Spring,0
10023456782,2024-03-27 07:00:00,2024-03-27,07:00:00,3.3043,Wednesday,7,3,Spring,0
10023456782,2024-03-27 08:00:00,2024-03-27,08:00:00,4.4468,Wednesday,8,3,Spring,0
10023456782,2024-03-27 09:00:00,2024-03-27,09:00:00,3.8819,Wednesday,9,3,Spring,0
10023456782,2024-03-27 10:00:00,2024-03-27,10:00:00,3.6321,Wednesday,10,3,Spring,0
10023456782,2024-03-27 11:00:00,2024-03-27,11:00:00,12.9178,Wednesday,11,3,Spring,1
10023456782,2024-03-27 12:00:00,2024-03-27,12:00:00,3.6953,Wednesday,12,3,Spring,0
10023456782,2024-03-27 13:00:00,2024-03-27,13:00:00,3.2731,Wednesday,13,3,Spring,0
10023456782,2024-03-27 14:00:00,2024-03-27,14:00:00,3.7416,Wednesday,14,3,Spring,0
10023456782,2024-03-27 15:00:00,2024-03-27,15:00:00,3.5953,Wednesday,15,3,Spring,0
10023456782,2024-03-27 16:00:00,2024-03-27,16:00:00,3.9737,Wednesday,16,3,Spring,0
10023456782,2024-03-27 17:00:00,2024-03-27,17:00:00,2.9453,Wednesday,17,3,Spring,0
10023456782,2024-03-27 18:00:00,2024-03-27,18:00:00,3.9541,Wednesday,18,3,Spring,0
10023456782,2024-03-27 19:00:00,2024-03-27,19:00:00,4.4323,Wednesday,19,3,Spring,0
10023456782,2024-03-27 20:00:00,2024-03-27,20:00:00,3.3435,Wednesday,20,3,Spring,0
10023456782,2024-03-27 21:00:00,2024-03-27,21:00:00,3.0834,Wednesday,21,3,Spring,0
10023456782,2024-03-27 22:00:00,2024-03-27,22:00:00,2.1058,Wednesday,22,3,Spring,0
10023456782,2024-03-27 23:00:00,2024-03-27,23:00:00,1.8280,Wednesday,23,3,Spring,0
10023456782,2024-03-28 00:00:00,2024-03-28,00:00:00,1.2346,Thursday,0,3,Spring,0
10023456782,2024-03-28 01:00:00,2024-03-28,01:00:00,1.2324,Thursday,1,3,Spring,0
10023456782,2024-03-28 02:00:00,2024-03-28,02:00:00,1.0989,Thursday,2,3,Spring,0
10023456782,2024-03-28 03:00:00,2024-03-28,03:00:00,7.2413,Thursday,3,3,Spring,1
10023456782,2024-03-28 04:00:00,2024-03-28,04:00:00,1.1414,Thursday,4,3,Spring,0
10023456782,2024-03-28 05:00:00,2024-03-28,05:00:00,1.6220,Thursday,5,3,Spring,0
10023456782,2024-03-28 06:00:00,2024-03-28,06:00:00,2.4678,Thursday,6,3,Spring,0
10023456782,2024-03-28 07:00:00,2024-03-28,07:00:00,3.6942,Thursday,7,3,Spring,0
10023456782,2024-03-28 08:00:00,2024-03-28,08:00:00,4.3411,Thursday,8,3,Spring,0
10023456782,2024-03-28 09:00:00,2024-03-28,09:00:00,4.6564,Thursday,9,3,Spring,0
10023456782,2024-03-28 10:00:00,2024-03-28,10:00:00,3.7205,Thursday,10,3,Spring,0
10023456782,2024-03-28 11:00:00,2024-03-28,11:00:00,3.5865,Thursday,11,3,Spring,0
10023456782,2024-03-28 12:00:00,2024-03-28,12:00:00,3.5369,Thursday,12,3,Spring,0
10023456782,2024-03-28 13:00:00,2024-03-28,13:00:00,3.3053,Thursday,13,3,Spring,0
10023456782,2024-03-28 14:00:00,2024-03-28,14:00:00,8.8173,Thursday,14,3,Spring,1
10023456782,2024-03-28 15:00:00,2024-03-28,15:00:00,3.2271,Thursday,15,3,Spring,0
10023456782,2024-03-28 16:00:00,2024-03-28,16:00:00,4.7246,Thursday,16,3,Spring,0
10023456782,2024-03-28 17:00:00,2024-03-28,17:00:00,3.4857,Thursday,17,3,Spring,0
10023456782,2024-03-28 18:00:00,2024-03-28,18:00:00,4.2252,Thursday,18,3,Spring,0
10023456782,2024-03-28 19:00:00,2024-03-28,19:00:00,5.0319,Thursday,19,3,Spring,0
10023456782,2024-03-28 20:00:00,2024-03-28,20:00:00,3.2678,Thursday,20,3,Spring,0
10023456782,2024-03-28 21:00:00,2024-03-28,21:00:00,2.9247,Thursday,21,3,Spring,0
10023456782,2024-03-28 22:00:00,2024-03-28,22:00:00,2.0745,Thursday,22,3,Spring,0
10023456782,2024-03-28 23:00:00,2024-03-28,23:00:00,1.6316,Thursday,23,3,Spring,0
10023456782,2024-03-29 00:00:00,2024-03-29,00:00:00,1.5423,Friday,0,3,Spring,0
10023456782,2024-03-29 01:00:00,2024-03-29,01:00:00,1.5409,Friday,1,3,Spring,0
10023456782,2024-03-29 02:00:00,2024-03-29,02:00:00,1.4211,Friday,2,3,Spring,0
10023456782,2024-03-29 03:00:00,2024-03-29,03:00:00,1.6295,Friday,3,3,Spring,0
10023456782,2024-03-29 04:00:00,2024-03-29,04:00:00,1.5941,Friday,4,3,Spring,0
10023456782,2024-03-29 05:00:00,2024-03-29,05:00:00,2.2825,Friday,5,3,Spring,0
10023456782,2024-03-29 06:00:00,2024-03-29,06:00:00,3.6232,Friday,6,3,Spring,0
10023456782,2024-03-29 07:00:00,2024-03-29,07:00:00,4.8810,Friday,7,3,Spring,0
10023456782,2024-03-29 08:00:00,2024-03-29,08:00:00,4.7852,Friday,8,3,Spring,0
10023456782,2024-03-29 09:00:00,2024-03-29,09:00:00,5.4328,Friday,9,3,Spring,0
10023456782,2024-03-29 10:00:00,2024-03-29,10:00:00,5.7645,Friday,10,3,Spring,0
10023456782,2024-03-29 11:00:00,2024-03-29,11:00:00,4.9222,Friday,11,3,Spring,0
10023456782,2024-03-29 12:00:00,2024-03-29,12:00:00,3.9833,Friday,12,3,Spring,0
10023456782,2024-03-29 13:00:00,2024-03-29,13:00:00,4.7303,Friday,13,3,Spring,0
10023456782,2024-03-29 14:00:00,2024-03-29,14:00:00,4.5367,Friday,14,3,Spring,0
10023456782,2024-03-29 15:00:00,2024-03-29,15:00:00,4.7393,Friday,15,3,Spring,0
10023456782,2024-03-29 16:00:00,2024-03-29,16:00:00,21.3989,Friday,16,3,Spring,1
10023456782,2024-03-29 17:00:00,2024-03-29,17:00:00,5.2196,Friday,17,3,Spring,0
10023456782,2024-03-29 18:00:00,2024-03-29,18:00:00,4.9878,Friday,18,3,Spring,0
10023456782,2024-03-29 19:00:00,2024-03-29,19:00:00,3.9865,Friday,19,3,Spring,0
10023456782,2024-03-29 20:00:00,2024-03-29,20:00:00,4.7707,Friday,20,3,Spring,0
10023456782,2024-03-29 21:00:00,2024-03-29,21:00:00,3.7826,Friday,21,3,Spring,0
10023456782,2024-03-29 22:00:00,2024-03-29,22:00:00,3.1114,Friday,22,3,Spring,0
10023456782,2024-03-29 23:00:00,2024-03-29,23:00:00,1.8403,Friday,23,3,Spring,0
10023456782,2024-03-30 00:00:00,2024-03-30,00:00:00,1.3191,Saturday,0,3,Spring,0
10023456782,2024-03-30 01:00:00,2024-03-30,01:00:00,1.4179,Saturday,1,3,Spring,0
10023456782,2024-03-30 02:00:00,2024-03-30,02:00:00,1.2102,Saturday,2,3,Spring,0
10023456782,2024-03-30 03:00:00,2024-03-30,03:00:00,1.0863,Saturday,3,3,Spring,0
10023456782,2024-03-30 04:00:00,2024-03-30,04:00:00,1.6886,Saturday,4,3,Spring,0
10023456782,2024-03-30 05:00:00,2024-03-30,05:00:00,1.7976,Saturday,5,3,Spring,0
10023456782,2024-03-30 06:00:00,2024-03-30,06:00:00,1.8814,Saturday,6,3,Spring,0
10023456782,2024-03-30 07:00:00,2024-03-30,07:00:00,2.3808,Saturday,7,3,Spring,0
10023456782,2024-03-30 08:00:00,2024-03-30,08:00:00,3.2048,Saturday,8,3,Spring,0
10023456782,2024-03-30 09:00:00,2024-03-30,09:00:00,3.8163,Saturday,9,3,Spring,0
10023456782,2024-03-30 10:00:00,2024-03-30,10:00:00,3.4402,Saturday,10,3,Spring,0
10023456782,2024-03-30 11:00:00,2024-03-30,11:00:00,3.5477,Saturday,11,3,Spring,0
10023456782,2024-03-30 12:00:00,2024-03-30,12:00:00,4.3022,Saturday,12,3,Spring,0
10023456782,2024-03-30 13:00:00,2024-03-30,13:00:00,4.8211,Saturday,13,3,Spring,0
10023456782,2024-03-30 14:00:00,2024-03-30,14:00:00,3.3563,Saturday,14,3,Spring,0
10023456782,2024-03-30 15:00:00,2024-03-30,15:00:00,2.9554,Saturday,15,3,Spring,0
10023456782,2024-03-30 16:00:00,2024-03-30,16:00:00,3.4702,Saturday,16,3,Spring,0
10023456782,2024-03-30 17:00:00,2024-03-30,17:00:00,4.3116,Saturday,17,3,Spring,0
10023456782,2024-03-30 18:00:00,2024-03-30,18:00:00,5.3642,Saturday,18,3,Spring,0
10023456782,2024-03-30 19:00:00,2024-03-30,19:00:00,4.5594,Saturday,19,3,Spring,0
10023456782,2024-03-30 20:00:00,2024-03-30,20:00:00,3.7455,Saturday,20,3,Spring,0
10023456782,2024-03-30 21:00:00,2024-03-30,21:00:00,3.3677,Saturday,21,3,Spring,0
10023456782,2024-03-30 22:00:00,2024-03-30,22:00:00,2.6514,Saturday,22,3,Spring,0
10023456782,2024-03-30 23:00:00,2024-03-30,23:00:00,1.7012,Saturday,23,3,Spring,0
10023456782,2024-03-31 00:00:00,2024-03-31,00:00:00,1.1451,Sunday,0,3,Spring,0
10023456782,2024-03-31 01:00:00,2024-03-31,01:00:00,1.0865,Sunday,1,3,Spring,0
10023456782,2024-03-31 02:00:00,2024-03-31,02:00:00,1.2092,Sunday,2,3,Spring,0
10023456782,2024-03-31 03:00:00,2024-03-31,03:00:00,1.1456,Sunday,3,3,Spring,0
10023456782,2024-03-31 04:00:00,2024-03-31,04:00:00,1.3319,Sunday,4,3,Spring,0
10023456782,2024-03-31 05:00:00,2024-03-31,05:00:00,1.6697,Sunday,5,3,Spring,0
10023456782,2024-03-31 06:00:00,2024-03-31,06:00:00,2.2933,Sunday,6,3,Spring,0
10023456782,2024-03-31 07:00:00,2024-03-31,07:00:00,3.2465,Sunday,7,3,Spring,0
10023456782,2024-03-31 08:00:00,2024-03-31,08:00:00,3.6455,Sunday,8,3,Spring,0
10023456782,2024-03-31 09:00:00,2024-03-31,09:00:00,3.0641,Sunday,9,3,Spring,0
10023456782,2024-03-31 10:00:00,2024-03-31,10:00:00,2.9024,Sunday,10,3,Spring,0
10023456782,2024-03-31 11:00:00,2024-03-31,11:00:00,3.7440,Sunday,11,3,Spring,0
10023456782,2024-03-31 12:00:00,2024-03-31,12:00:00,3.6277,Sunday,12,3,Spring,0
10023456782,2024-03-31 13:00:00,2024-03-31,13:00:00,3.3052,Sunday,13,3,Spring,0
10023456782,2024-03-31 14:00:00,2024-03-31,14:00:00,2.5448,Sunday,14,3,Spring,0
10023456782,2024-03-31 15:00:00,2024-03-31,15:00:00,3.1746,Sunday,15,3,Spring,0
10023456782,2024-03-31 16:00:00,2024-03-31,16:00:00,3.5727,Sunday,16,3,Spring,0
10023456782,2024-03-31 17:00:00,2024-03-31,17:00:00,3.9107,Sunday,17,3,Spring,0
10023456782,2024-03-31 18:00:00,2024-03-31,18:00:00,3.6499,Sunday,18,3,Spring,0
10023456782,2024-03-31 19:00:00,2024-03-31,19:00:00,5.3016,Sunday,19,3,Spring,0
10023456782,2024-03-31 20:00:00,2024-03-31,20:00:00,3.9074,Sunday,20,3,Spring,0
10023456782,2024-03-31 21:00:00,2024-03-31,21:00:00,3.1863,Sunday,21,3,Spring,0
10023456782,2024-03-31 22:00:00,2024-03-31,22:00:00,2.5605,Sunday,22,3,Spring,0
10023456782,2024-03-31 23:00:00,2024-03-31,23:00:00,1.7245,Sunday,23,3,Spring,0
10023456782,2024-04-01 00:00:00,2024-04-01,00:00:00,1.5076,Monday,0,4,Spring,0
10023456782,2024-04-01 01:00:00,2024-04-01,01:00:00,1.2860,Monday,1,4,Spring,0
10023456782,2024-04-01 02:00:00,2024-04-01,02:00:00,1.2080,Monday,2,4,Spring,0
10023456782,2024-04-01 03:00:00,2024-04-01,03:00:00,1.3816,Monday,3,4,Spring,0
10023456782,2024-04-01 04:00:00,2024-04-01,04:00:00,1.1501,Monday,4,4,Spring,0
10023456782,2024-04-01 05:00:00,2024-04-01,05:00:00,1.9333,Monday,5,4,Spring,0
10023456782,2024-04-01 06:00:00,2024-04-01,06:00:00,3.4151,Monday,6,4,Spring,0
10023456782,2024-04-01 07:00:00,2024-04-01,07:00:00,3.8186,Monday,7,4,Spring,0
10023456782,2024-04-01 08:00:00,2024-04-01,08:00:00,3.8235,Monday,8,4,Spring,0
10023456782,2024-04-01 09:00:00,2024-04-01,09:00:00,4.8371,Monday,9,4,Spring,0
10023456782,2024-04-01 10:00:00,2024-04-01,10:00:00,4.5645,Monday,10,4,Spring,0
10023456782,2024-04-01 11:00:00,2024-04-01,11:00:00,3.9503,Monday,11,4,Spring,0
10023456782,2024-04-01 12:00:00,2024-04-01,12:00:00,4.0330,Monday,12,4,Spring,0
10023456782,2024-04-01 13:00:00,2024-04-01,13:00:00,3.9748,Monday,13,4,Spring,0
10023456782,2024-04-01 14:00:00,2024-04-01,14:00:00,3.6400,Monday,14,4,Spring,0
10023456782,2024-04-01 15:00:00,2024-04-01,15:00:00,3.2976,Monday,15,4,Spring,0
10023456782,2024-04-01 16:00:00,2024-04-01,16:00:00,3.6933,Monday,16,4,Spring,0
10023456782,2024-04-01 17:00:00,2024-04-01,17:00:00,4.1735,Monday,17,4,Spring,0
10023456782,2024-04-01 18:00:00,2024-04-01,18:00:00,4.7711,Monday,18,4,Spring,0
10023456782,2024-04-01 19:00:00,2024-04-01,19:00:00,5.1759,Monday,19,4,Spring,0
10023456782,2024-04-01 20:00:00,2024-04-01,20:00:00,4.7435,Monday,20,4,Spring,0
10023456782,2024-04-01 21:00:00,2024-04-01,21:00:00,2.8612,Monday,21,4,Spring,0
10023456782,2024-04-01 22:00:00,2024-04-01,22:00:00,1.8716,Monday,22,4,Spring,0
10023456782,2024-04-01 23:00:00,2024-04-01,23:00:00,1.9414,Monday,23,4,Spring,0
10023456782,2024-04-02 00:00:00,2024-04-02,00:00:00,1.8862,Tuesday,0,4,Spring,0
10023456782,2024-04-02 01:00:00,2024-04-02,01:00:00,1.5212,Tuesday,1,4,Spring,0
10023456782,2024-04-02 02:00:00,2024-04-02,02:00:00,1.8835,Tuesday,2,4,Spring,0
10023456782,2024-04-02 03:00:00,2024-04-02,03:00:00,1.6441,Tuesday,3,4,Spring,0
10023456782,2024-04-02 04:00:00,2024-04-02,04:00:00,1.9571,Tuesday,4,4,Spring,0
10023456782,2024-04-02 05:00:00,2024-04-02,05:00:00,2.0685,Tuesday,5,4,Spring,0
10023456782,2024-04-02 06:00:00,2024-04-02,06:00:00,3.8743,Tuesday,6,4,Spring,0
10023456782,2024-04-02 07:00:00,2024-04-02,07:00:00,5.0789,Tuesday,7,4,Spring,0
10023456782,2024-04-02 08:00:00,2024-04-02,08:00:00,6.2681,Tuesday,8,4,Spring,0
10023456782,2024-04-02 09:00:00,2024-04-02,09:00:00,7.1554,Tuesday,9,4,Spring,0
10023456782,2024-04-02 10:00:00,2024-04-02,10:00:00,4.3199,Tuesday,10,4,Spring,0
10023456782,2024-04-02 11:00:00,2024-04-02,11:00:00,4.7021,Tuesday,11,4,Spring,0
10023456782,2024-04-02 12:00:00,2024-04-02,12:00:00,5.9848,Tuesday,12,4,Spring,0
10023456782,2024-04-02 13:00:00,2024-04-02,13:00:00,13.4348,Tuesday,13,4,Spring,1
10023456782,2024-04-02 14:00:00,2024-04-02,14:00:00,16.0623,Tuesday,14,4,Spring,1
10023456782,2024-04-02 15:00:00,2024-04-02,15:00:00,13.7248,Tuesday,15,4,Spring,1
10023456782,2024-04-02 16:00:00,2024-04-02,16:00:00,14.2071,Tuesday,16,4,Spring,1
10023456782,2024-04-02 17:00:00,2024-04-02,17:00:00,6.6422,Tuesday,17,4,Spring,0
10023456782,2024-04-02 18:00:00,2024-04-02,18:00:00,6.5808,Tuesday,18,4,Spring,0
10023456782,2024-04-02 19:00:00,2024-04-02,19:00:00,6.9381,Tuesday,19,4,Spring,0
10023456782,2024-04-02 20:00:00,2024-04-02,20:00:00,6.0064,Tuesday,20,4,Spring,0
10023456782,2024-04-02 21:00:00,2024-04-02,21:00:00,4.0020,Tuesday,21,4,Spring,0
10023456782,2024-04-02 22:00:00,2024-04-02,22:00:00,3.2605,Tuesday,22,4,Spring,0
10023456782,2024-04-02 23:00:00,2024-04-02,23:00:00,2.3634,Tuesday,23,4,Spring,0
10023456782,2024-04-03 00:00:00,2024-04-03,00:00:00,1.5092,Wednesday,0,4,Spring,0
10023456782,2024-04-03 01:00:00,2024-04-03,01:00:00,1.4154,Wednesday,1,4,Spring,0
10023456782,2024-04-03 02:00:00,2024-04-03,02:00:00,1.1600,Wednesday,2,4,Spring,0
10023456782,2024-04-03 03:00:00,2024-04-03,03:00:00,1.2797,Wednesday,3,4,Spring,0
10023456782,2024-04-03 04:00:00,2024-04-03,04:00:00,1.6200,Wednesday,4,4,Spring,0
10023456782,2024-04-03 05:00:00,2024-04-03,05:00:00,2.0651,Wednesday,5,4,Spring,0
10023456782,2024-04-03 06:00:00,2024-04-03,06:00:00,3.1599,Wednesday,6,4,Spring,0
10023456782,2024-04-03 07:00:00,2024-04-03,07:00:00,5.5343,Wednesday,7,4,Spring,0
10023456782,2024-04-03 08:00:00,2024-04-03,08:00:00,5.4006,Wednesday,8,4,Spring,0
10023456782,2024-04-03 09:00:00,2024-04-03,09:00:00,4.7359,Wednesday,9,4,Spring,0
10023456782,2024-04-03 10:00:00,2024-04-03,10:00:00,3.8928,Wednesday,10,4,Spring,0
10023456782,2024-04-03 11:00:00,2024-04-03,11:00:00,5.0767,Wednesday,11,4,Spring,0
10023456782,2024-04-03 12:00:00,2024-04-03,12:00:00,5.1622,Wednesday,12,4,Spring,0
10023456782,2024-04-03 13:00:00,2024-04-03,13:00:00,3.9246,Wednesday,13,4,Spring,0
10023456782,2024-04-03 14:00:00,2024-04-03,14:00:00,4.7266,Wednesday,14,4,Spring,0
10023456782,2024-04-03 15:00:00,2024-04-03,15:00:00,4.2262,Wednesday,15,4,Spring,0
10023456782,2024-04-03 16:00:00,2024-04-03,16:00:00,5.1152,Wednesday,16,4,Spring,0
10023456782,2024-04-03 17:00:00,2024-04-03,17:00:00,4.9458,Wednesday,17,4,Spring,0
10023456782,2024-04-03 18:00:00,2024-04-03,18:00:00,5.2511,Wednesday,18,4,Spring,0
10023456782,2024-04-03 19:00:00,2024-04-03,19:00:00,5.2042,Wednesday,19,4,Spring,0
10023456782,2024-04-03 20:00:00,2024-04-03,20:00:00,4.0879,Wednesday,20,4,Spring,0
10023456782,2024-04-03 21:00:00,2024-04-03,21:00:00,4.2220,Wednesday,21,4,Spring,0
10023456782,2024-04-03 22:00:00,2024-04-03,22:00:00,2.4654,Wednesday,22,4,Spring,0
10023456782,2024-04-03 23:00:00,2024-04-03,23:00:00,1.8530,Wednesday,23,4,Spring,0
10023456782,2024-04-04 00:00:00,2024-04-04,00:00:00,1.4914,Thursday,0,4,Spring,0
10023456782,2024-04-04 01:00:00,2024-04-04,01:00:00,1.3156,Thursday,1,4,Spring,0
10023456782,2024-04-04 02:00:00,2024-04-04,02:00:00,1.3806,Thursday,2,4,Spring,0
10023456782,2024-04-04 03:00:00,2024-04-04,03:00:00,1.4288,Thursday,3,4,Spring,0
10023456782,2024-04-04 04:00:00,2024-04-04,04:00:00,1.5995,Thursday,4,4,Spring,0
10023456782,2024-04-04 05:00:00,2024-04-04,05:00:00,2.0154,Thursday,5,4,Spring,0
10023456782,2024-04-04 06:00:00,2024-04-04,06:00:00,3.0064,Thursday,6,4,Spring,0
10023456782,2024-04-04 07:00:00,2024-04-04,07:00:00,4.4651,Thursday,7,4,Spring,0
10023456782,2024-04-04 08:00:00,2024-04-04,08:00:00,4.9471,Thursday,8,4,Spring,0
10023456782,2024-04-04 09:00:00,2024-04-04,09:00:00,4.9118,Thursday,9,4,Spring,0
10023456782,2024-04-04 10:00:00,2024-04-04,10:00:00,4.1251,Thursday,10,4,Spring,0
10023456782,2024-04-04 11:00:00,2024-04-04,11:00:00,4.8155,Thursday,11,4,Spring,0
10023456782,2024-04-04 12:00:00,2024-04-04,12:00:00,3.7627,Thursday,12,4,Spring,0
10023456782,2024-04-04 13:00:00,2024-04-04,13:00:00,4.0571,Thursday,13,4,Spring,0
10023456782,2024-04-04 14:00:00,2024-04-04,14:00:00,4.5020,Thursday,14,4,Spring,0
10023456782,2024-04-04 15:00:00,2024-04-04,15:00:00,3.7855,Thursday,15,4,Spring,0
10023456782,2024-04-04 16:00:00,2024-04-04,16:00:00,3.5592,Thursday,16,4,Spring,0
10023456782,2024-04-04 17:00:00,2024-04-04,17:00:00,4.2409,Thursday,17,4,Spring,0
10023456782,2024-04-04 18:00:00,2024-04-04,18:00:00,4.4570,Thursday,18,4,Spring,0
10023456782,2024-04-04 19:00:00,2024-04-04,19:00:00,5.1637,Thursday,19,4,Spring,0
10023456782,2024-04-04 20:00:00,2024-04-04,20:00:00,3.9867,Thursday,20,4,Spring,0
10023456782,2024-04-04 21:00:00,2024-04-04,21:00:00,4.4756,Thursday,21,4,Spring,0
10023456782,2024-04-04 22:00:00,2024-04-04,22:00:00,2.6266,Thursday,22,4,Spring,0
10023456782,2024-04-04 23:00:00,2024-04-04,23:00:00,1.7428,Thursday,23,4,Spring,0
10023456782,2024-04-05 00:00:00,2024-04-05,00:00:00,2.1800,Friday,0,4,Spring,0
10023456782,2024-04-05 01:00:00,2024-04-05,01:00:00,1.5337,Friday,1,4,Spring,0
10023456782,2024-04-05 02:00:00,2024-04-05,02:00:00,1.4329,Friday,2,4,Spring,0
10023456782,2024-04-05 03:00:00,2024-04-05,03:00:00,1.6951,Friday,3,4,Spring,0
10023456782,2024-04-05 04:00:00,2024-04-05,04:00:00,1.4275,Friday,4,4,Spring,0
10023456782,2024-04-05 05:00:00,2024-04-05,05:00:00,2.5180,Friday,5,4,Spring,0
10023456782,2024-04-05 06:00:00,2024-04-05,06:00:00,3.8234,Friday,6,4,Spring,0
10023456782,2024-04-05 07:00:00,2024-04-05,07:00:00,4.8517,Friday,7,4,Spring,0
10023456782,2024-04-05 08:00:00,2024-04-05,08:00:00,5.6952,Friday,8,4,Spring,0
10023456782,2024-04-05 09:00:00,2024-04-05,09:00:00,4.9075,Friday,9,4,Spring,0
10023456782,2024-04-05 10:00:00,2024-04-05,10:00:00,4.8813,Friday,10,4,Spring,0
10023456782,2024-04-05 11:00:00,2024-04-05,11:00:00,6.0280,Friday,11,4,Spring,0
10023456782,2024-04-05 12:00:00,2024-04-05,12:00:00,4.1514,Friday,12,4,Spring,0
10023456782,2024-04-05 13:00:00,2024-04-05,13:00:00,4.1090,Friday,13,4,Spring,0
10023456782,2024-04-05 14:00:00,2024-04-05,14:00:00,4.0095,Friday,14,4,Spring,0
10023456782,2024-04-05 15:00:00,2024-04-05,15:00:00,4.6788,Friday,15,4,Spring,0
10023456782,2024-04-05 16:00:00,2024-04-05,16:00:00,5.3125,Friday,16,4,Spring,0
10023456782,2024-04-05 17:00:00,2024-04-05,17:00:00,27.5880,Friday,17,4,Spring,1
10023456782,2024-04-05 18:00:00,2024-04-05,18:00:00,5.6255,Friday,18,4,Spring,0
10023456782,2024-04-05 19:00:00,2024-04-05,19:00:00,6.2741,Friday,19,4,Spring,0
10023456782,2024-04-05 20:00:00,2024-04-05,20:00:00,0.5067,Friday,20,4,Spring,1
10023456782,2024-04-05 21:00:00,2024-04-05,21:00:00,3.5179,Friday,21,4,Spring,0
10023456782,2024-04-05 22:00:00,2024-04-05,22:00:00,2.8477,Friday,22,4,Spring,0
10023456782,2024-04-05 23:00:00,2024-04-05,23:00:00,1.7131,Friday,23,4,Spring,0
10023456782,2024-04-06 00:00:00,2024-04-06,00:00:00,1.0254,Saturday,0,4,Spring,0
10023456782,2024-04-06 01:00:00,2024-04-06,01:00:00,1.0861,Saturday,1,4,Spring,0
10023456782,2024-04-06 02:00:00,2024-04-06,02:00:00,0.9837,Saturday,2,4,Spring,0
10023456782,2024-04-06 03:00:00,2024-04-06,03:00:00,0.9337,Saturday,3,4,Spring,0
10023456782,2024-04-06 04:00:00,2024-04-06,04:00:00,1.0757,Saturday,4,4,Spring,0
10023456782,2024-04-06 05:00:00,2024-04-06,05:00:00,1.2505,Saturday,5,4,Spring,0
10023456782,2024-04-06 06:00:00,2024-04-06,06:00:00,1.5694,Saturday,6,4,Spring,0
10023456782,2024-04-06 07:00:00,2024-04-06,07:00:00,2.3003,Saturday,7,4,Spring,0
10023456782,2024-04-06 08:00:00,2024-04-06,08:00:00,2.7797,Saturday,8,4,Spring,0
10023456782,2024-04-06 09:00:00,2024-04-06,09:00:00,3.1792,Saturday,9,4,Spring,0
10023456782,2024-04-06 10:00:00,2024-04-06,10:00:00,2.9708,Saturday,10,4,Spring,0
10023456782,2024-04-06 11:00:00,2024-04-06,11:00:00,2.9929,Saturday,11,4,Spring,0
10023456782,2024-04-06 12:00:00,2024-04-06,12:00:00,2.8314,Saturday,12,4,Spring,0
10023456782,2024-04-06 13:00:00,2024-04-06,13:00:00,2.4457,Saturday,13,4,Spring,0
10023456782,2024-04-06 14:00:00,2024-04-06,14:00:00,2.6623,Saturday,14,4,Spring,0
10023456782,2024-04-06 15:00:00,2024-04-06,15:00:00,2.5035,Saturday,15,4,Spring,0
10023456782,2024-04-06 16:00:00,2024-04-06,16:00:00,8.0085,Saturday,16,4,Spring,1
10023456782,2024-04-06 17:00:00,2024-04-06,17:00:00,8.5556,Saturday,17,4,Spring,1
10023456782,2024-04-06 18:00:00,2024-04-06,18:00:00,9.3740,Saturday,18,4,Spring,1
10023456782,2024-04-06 19:00:00,2024-04-06,19:00:00,9.7093,Saturday,19,4,Spring,1
10023456782,2024-04-06 20:00:00,2024-04-06,20:00:00,8.7627,Saturday,20,4,Spring,1
10023456782,2024-04-06 21:00:00,2024-04-06,21:00:00,2.7429,Saturday,21,4,Spring,0
10023456782,2024-04-06 22:00:00,2024-04-06,22:00:00,1.6467,Saturday,22,4,Spring,0
10023456782,2024-04-06 23:00:00,2024-04-06,23:00:00,1.5328,Saturday,23,4,Spring,0
10023456782,2024-04-07 00:00:00,2024-04-07,00:00:00,1.4226,Sunday,0,4,Spring,0
10023456782,2024-04-07 01:00:00,2024-04-07,01:00:00,1.5833,Sunday,1,4,Spring,0
10023456782,2024-04-07 02:00:00,2024-04-07,02:00:00,1.2135,Sunday,2,4,Spring,0
10023456782,2024-04-07 03:00:00,2024-04-07,03:00:00,1.3594,Sunday,3,4,Spring,0
10023456782,2024-04-07 04:00:00,2024-04-07,04:00:00,1.7449,Sunday,4,4,Spring,0
10023456782,2024-04-07 05:00:00,2024-04-07,05:00:00,1.8373,Sunday,5,4,Spring,0
10023456782,2024-04-07 06:00:00,2024-04-07,06:00:00,2.7473,Sunday,6,4,Spring,0
10023456782,2024-04-07 07:00:00,2024-04-07,07:00:00,3.8243,Sunday,7,4,Spring,0
10023456782,2024-04-07 08:00:00,2024-04-07,08:00:00,3.4458,Sunday,8,4,Spring,0
10023456782,2024-04-07 09:00:00,2024-04-07,09:00:00,4.2529,Sunday,9,4,Spring,0
10023456782,2024-04-07 10:00:00,2024-04-07,10:00:00,4.4965,Sunday,10,4,Spring,0
10023456782,2024-04-07 11:00:00,2024-04-07,11:00:00,4.1644,Sunday,11,4,Spring,0
10023456782,2024-04-07 12:00:00,2024-04-07,12:00:00,3.2614,Sunday,12,4,Spring,0
10023456782,2024-04-07 13:00:00,2024-04-07,13:00:00,3.3629,Sunday,13,4,Spring,0
10023456782,2024-04-07 14:00:00,2024-04-07,14:00:00,3.8468,Sunday,14,4,Spring,0
10023456782,2024-04-07 15:00:00,2024-04-07,15:00:00,3.1238,Sunday,15,4,Spring,0
10023456782,2024-04-07 16:00:00,2024-04-07,16:00:00,3.4267,Sunday,16,4,Spring,0
10023456782,2024-04-07 17:00:00,2024-04-07,17:00:00,4.4688,Sunday,17,4,Spring,0
10023456782,2024-04-07 18:00:00,2024-04-07,18:00:00,5.9537,Sunday,18,4,Spring,0
10023456782,2024-04-07 19:00:00,2024-04-07,19:00:00,5.3662,Sunday,19,4,Spring,0
10023456782,2024-04-07 20:00:00,2024-04-07,20:00:00,3.5723,Sunday,20,4,Spring,0
10023456782,2024-04-07 21:00:00,2024-04-07,21:00:00,3.0555,Sunday,21,4,Spring,0
10023456782,2024-04-07 22:00:00,2024-04-07,22:00:00,3.1168,Sunday,22,4,Spring,0
10023456782,2024-04-07 23:00:00,2024-04-07,23:00:00,2.4656,Sunday,23,4,Spring,0
10023456782,2024-04-08 00:00:00,2024-04-08,00:00:00,1.2463,Monday,0,4,Spring,0
10023456782,2024-04-08 01:00:00,2024-04-08,01:00:00,1.0517,Monday,1,4,Spring,0
10023456782,2024-04-08 02:00:00,2024-04-08,02:00:00,1.3108,Monday,2,4,Spring,0
10023456782,2024-04-08 03:00:00,2024-04-08,03:00:00,1.0046,Monday,3,4,Spring,0
10023456782,2024-04-08 04:00:00,2024-04-08,04:00:00,1.1879,Monday,4,4,Spring,0
10023456782,2024-04-08 05:00:00,2024-04-08,05:00:00,1.5898,Monday,5,4,Spring,0
10023456782,2024-04-08 06:00:00,2024-04-08,06:00:00,2.9712,Monday,6,4,Spring,0
10023456782,2024-04-08 07:00:00,2024-04-08,07:00:00,3.1598,Monday,7,4,Spring,0
10023456782,2024-04-08 08:00:00,2024-04-08,08:00:00,4.1879,Monday,8,4,Spring,0
10023456782,2024-04-08 09:00:00,2024-04-08,09:00:00,4.1971,Monday,9,4,Spring,0
10023456782,2024-04-08 10:00:00,2024-04-08,10:00:00,3.6941,Monday,10,4,Spring,0
10023456782,2024-04-08 11:00:00,2024-04-08,11:00:00,3.9357,Monday,11,4,Spring,0
10023456782,2024-04-08 12:00:00,2024-04-08,12:00:00,2.7660,Monday,12,4,Spring,0
10023456782,2024-04-08 13:00:00,2024-04-08,13:00:00,4.0387,Monday,13,4,Spring,0
10023456782,2024-04-08 14:00:00,2024-04-08,14:00:00,15.1511,Monday,14,4,Spring,1
10023456782,2024-04-08 15:00:00,2024-04-08,15:00:00,3.1891,Monday,15,4,Spring,0
10023456782,2024-04-08 16:00:00,2024-04-08,16:00:00,3.2137,Monday,16,4,Spring,0
10023456782,2024-04-08 17:00:00,2024-04-08,17:00:00,4.5491,Monday,17,4,Spring,0
10023456782,2024-04-08 18:00:00,2024-04-08,18:00:00,5.4475,Monday,18,4,Spring,0
10023456782,2024-04-08 19:00:00,2024-04-08,19:00:00,4.3914,Monday,19,4,Spring,0
10023456782,2024-04-08 20:00:00,2024-04-08,20:00:00,3.7625,Monday,20,4,Spring,0
10023456782,2024-04-08 21:00:00,2024-04-08,21:00:00,2.8970,Monday,21,4,Spring,0
10023456782,2024-04-08 22:00:00,2024-04-08,22:00:00,3.0008,Monday,22,4,Spring,0
10023456782,2024-04-08 23:00:00,2024-04-08,23:00:00,1.4517,Monday,23,4,Spring,0
10023456782,2024-04-09 00:00:00,2024-04-09,00:00:00,1.3414,Tuesday,0,4,Spring,0
10023456782,2024-04-09 01:00:00,2024-04-09,01:00:00,1.0850,Tuesday,1,4,Spring,0
10023456782,2024-04-09 02:00:00,2024-04-09,02:00:00,1.1961,Tuesday,2,4,Spring,0
10023456782,2024-04-09 03:00:00,2024-04-09,03:00:00,0.9569,Tuesday,3,4,Spring,0
10023456782,2024-04-09 04:00:00,2024-04-09,04:00:00,1.2453,Tuesday,4,4,Spring,0
10023456782,2024-04-09 05:00:00,2024-04-09,05:00:00,1.6982,Tuesday,5,4,Spring,0
10023456782,2024-04-09 06:00:00,2024-04-09,06:00:00,2.6164,Tuesday,6,4,Spring,0
10023456782,2024-04-09 07:00:00,2024-04-09,07:00:00,3.5192,Tuesday,7,4,Spring,0
10023456782,2024-04-09 08:00:00,2024-04-09,08:00:00,3.7906,Tuesday,8,4,Spring,0
10023456782,2024-04-09 09:00:00,2024-04-09,09:00:00,3.6876,Tuesday,9,4,Spring,0
10023456782,2024-04-09 10:00:00,2024-04-09,10:00:00,3.8924,Tuesday,10,4,Spring,0
10023456782,2024-04-09 11:00:00,2024-04-09,11:00:00,3.0872,Tuesday,11,4,Spring,0
10023456782,2024-04-09 12:00:00,2024-04-09,12:00:00,4.1614,Tuesday,12,4,Spring,0
10023456782,2024-04-09 13:00:00,2024-04-09,13:00:00,4.4999,Tuesday,13,4,Spring,0
10023456782,2024-04-09 14:00:00,2024-04-09,14:00:00,3.6340,Tuesday,14,4,Spring,0
10023456782,2024-04-09 15:00:00,2024-04-09,15:00:00,4.0948,Tuesday,15,4,Spring,0
10023456782,2024-04-09 16:00:00,2024-04-09,16:00:00,3.8503,Tuesday,16,4,Spring,0
10023456782,2024-04-09 17:00:00,2024-04-09,17:00:00,3.9820,Tuesday,17,4,Spring,0
10023456782,2024-04-09 18:00:00,2024-04-09,18:00:00,4.7944,Tuesday,18,4,Spring,0
10023456782,2024-04-09 19:00:00,2024-04-09,19:00:00,4.2860,Tuesday,19,4,Spring,0
10023456782,2024-04-09 20:00:00,2024-04-09,20:00:00,3.4082,Tuesday,20,4,Spring,0
10023456782,2024-04-09 21:00:00,2024-04-09,21:00:00,0.3349,Tuesday,21,4,Spring,1
10023456782,2024-04-09 22:00:00,2024-04-09,22:00:00,2.2689,Tuesday,22,4,Spring,0
10023456782,2024-04-09 23:00:00,2024-04-09,23:00:00,1.8756,Tuesday,23,4,Spring,0
10023456782,2024-04-10 00:00:00,2024-04-10,00:00:00,1.6620,Wednesday,0,4,Spring,0
10023456782,2024-04-10 01:00:00,2024-04-10,01:00:00,1.3151,Wednesday,1,4,Spring,0
10023456782,2024-04-10 02:00:00,2024-04-10,02:00:00,1.3431,Wednesday,2,4,Spring,0
10023456782,2024-04-10 03:00:00,2024-04-10,03:00:00,1.1116,Wednesday,3,4,Spring,0
10023456782,2024-04-10 04:00:00,2024-04-10,04:00:00,1.3559,Wednesday,4,4,Spring,0
10023456782,2024-04-10 05:00:00,2024-04-10,05:00:00,2.3722,Wednesday,5,4,Spring,0
10023456782,2024-04-10 06:00:00,2024-04-10,06:00:00,3.4527,Wednesday,6,4,Spring,0
10023456782,2024-04-10 07:00:00,2024-04-10,07:00:00,4.4078,Wednesday,7,4,Spring,0
10023456782,2024-04-10 08:00:00,2024-04-10,08:00:00,5.1028,Wednesday,8,4,Spring,0
10023456782,2024-04-10 09:00:00,2024-04-10,09:00:00,4.3598,Wednesday,9,4,Spring,0
10023456782,2024-04-10 10:00:00,2024-04-10,10:00:00,4.3150,Wednesday,10,4,Spring,0
10023456782,2024-04-10 11:00:00,2024-04-10,11:00:00,3.5017,Wednesday,11,4,Spring,0
10023456782,2024-04-10 12:00:00,2024-04-10,12:00:00,4.5450,Wednesday,12,4,Spring,0
10023456782,2024-04-10 13:00:00,2024-04-10,13:00:00,4.8508,Wednesday,13,4,Spring,0
10023456782,2024-04-10 14:00:00,2024-04-10,14:00:00,3.6404,Wednesday,14,4,Spring,0
10023456782,2024-04-10 15:00:00,2024-04-10,15:00:00,3.7152,Wednesday,15,4,Spring,0
10023456782,2024-04-10 16:00:00,2024-04-10,16:00:00,3.5830,Wednesday,16,4,Spring,0
10023456782,2024-04-10 17:00:00,2024-04-10,17:00:00,4.1914,Wednesday,17,4,Spring,0
10023456782,2024-04-10 18:00:00,2024-04-10,18:00:00,4.3665,Wednesday,18,4,Spring,0
10023456782,2024-04-10 19:00:00,2024-04-10,19:00:00,0.1911,Wednesday,19,4,Spring,1
10023456782,2024-04-10 20:00:00,2024-04-10,20:00:00,4.7140,Wednesday,20,4,Spring,0
10023456782,2024-04-10 21:00:00,2024-04-10,21:00:00,3.1807,Wednesday,21,4,Spring,0
10023456782,2024-04-10 22:00:00,2024-04-10,22:00:00,2.8760,Wednesday,22,4,Spring,0
10023456782,2024-04-10 23:00:00,2024-04-10,23:00:00,1.4565,Wednesday,23,4,Spring,0
10023456782,2024-04-11 00:00:00,2024-04-11,00:00:00,1.9953,Thursday,0,4,Spring,0
10023456782,2024-04-11 01:00:00,2024-04-11,01:00:00,1.3452,Thursday,1,4,Spring,0
10023456782,2024-04-11 02:00:00,2024-04-11,02:00:00,1.4676,Thursday,2,4,Spring,0
10023456782,2024-04-11 03:00:00,2024-04-11,03:00:00,1.4300,Thursday,3,4,Spring,0
10023456782,2024-04-11 04:00:00,2024-04-11,04:00:00,1.5547,Thursday,4,4,Spring,0
10023456782,2024-04-11 05:00:00,2024-04-11,05:00:00,2.1197,Thursday,5,4,Spring,0
10023456782,2024-04-11 06:00:00,2024-04-11,06:00:00,3.1779,Thursday,6,4,Spring,0
10023456782,2024-04-11 07:00:00,2024-04-11,07:00:00,5.0336,Thursday,7,4,Spring,0
10023456782,2024-04-11 08:00:00,2024-04-11,08:00:00,5.7290,Thursday,8,4,Spring,0
10023456782,2024-04-11 09:00:00,2024-04-11,09:00:00,4.8276,Thursday,9,4,Spring,0
10023456782,2024-04-11 10:00:00,2024-04-11,10:00:00,5.5210,Thursday,10,4,Spring,0
10023456782,2024-04-11 11:00:00,2024-04-11,11:00:00,4.6548,Thursday,11,4,Spring,0
10023456782,2024-04-11 12:00:00,2024-04-11,12:00:00,3.6001,Thursday,12,4,Spring,0
10023456782,2024-04-11 13:00:00,2024-04-11,13:00:00,3.9849,Thursday,13,4,Spring,0
10023456782,2024-04-11 14:00:00,2024-04-11,14:00:00,3.6738,Thursday,14,4,Spring,0
10023456782,2024-04-11 15:00:00,2024-04-11,15:00:00,4.6768,Thursday,15,4,Spring,0
10023456782,2024-04-11 16:00:00,2024-04-11,16:00:00,4.2125,Thursday,16,4,Spring,0
10023456782,2024-04-11 17:00:00,2024-04-11,17:00:00,6.1156,Thursday,17,4,Spring,0
10023456782,2024-04-11 18:00:00,2024-04-11,18:00:00,5.8191,Thursday,18,4,Spring,0
10023456782,2024-04-11 19:00:00,2024-04-11,19:00:00,6.3756,Thursday,19,4,Spring,0
10023456782,2024-04-11 20:00:00,2024-04-11,20:00:00,5.4521,Thursday,20,4,Spring,0
10023456782,2024-04-11 21:00:00,2024-04-11,21:00:00,3.7284,Thursday,21,4,Spring,0
10023456782,2024-04-11 22:00:00,2024-04-11,22:00:00,2.9108,Thursday,22,4,Spring,0
10023456782,2024-04-11 23:00:00,2024-04-11,23:00:00,2.0119,Thursday,23,4,Spring,0
10023456782,2024-04-12 00:00:00,2024-04-12,00:00:00,1.2300,Friday,0,4,Spring,0
10023456782,2024-04-12 01:00:00,2024-04-12,01:00:00,1.0609,Friday,1,4,Spring,0
10023456782,2024-04-12 02:00:00,2024-04-12,02:00:00,1.2920,Friday,2,4,Spring,0
10023456782,2024-04-12 03:00:00,2024-04-12,03:00:00,1.1399,Friday,3,4,Spring,0
10023456782,2024-04-12 04:00:00,2024-04-12,04:00:00,1.3387,Friday,4,4,Spring,0
10023456782,2024-04-12 05:00:00,2024-04-12,05:00:00,2.0057,Friday,5,4,Spring,0
10023456782,2024-04-12 06:00:00,2024-04-12,06:00:00,2.9230,Friday,6,4,Spring,0
10023456782,2024-04-12 07:00:00,2024-04-12,07:00:00,3.6156,Friday,7,4,Spring,0
10023456782,2024-04-12 08:00:00,2024-04-12,08:00:00,5.0328,Friday,8,4,Spring,0
10023456782,2024-04-12 09:00:00,2024-04-12,09:00:00,3.6667,Friday,9,4,Spring,0
10023456782,2024-04-12 10:00:00,2024-04-12,10:00:00,3.8850,Friday,10,4,Spring,0
10023456782,2024-04-12 11:00:00,2024-04-12,11:00:00,3.5869,Friday,11,4,Spring,0
10023456782,2024-04-12 12:00:00,2024-04-12,12:00:00,3.4612,Friday,12,4,Spring,0
10023456782,2024-04-12 13:00:00,2024-04-12,13:00:00,3.4353,Friday,13,4,Spring,0
10023456782,2024-04-12 14:00:00,2024-04-12,14:00:00,3.3693,Friday,14,4,Spring,0
10023456782,2024-04-12 15:00:00,2024-04-12,15:00:00,3.2728,Friday,15,4,Spring,0
10023456782,2024-04-12 16:00:00,2024-04-12,16:00:00,4.3238,Friday,16,4,Spring,0
10023456782,2024-04-12 17:00:00,2024-04-12,17:00:00,4.8107,Friday,17,4,Spring,0
10023456782,2024-04-12 18:00:00,2024-04-12,18:00:00,4.8045,Friday,18,4,Spring,0
10023456782,2024-04-12 19:00:00,2024-04-12,19:00:00,3.9827,Friday,19,4,Spring,0
10023456782,2024-04-12 20:00:00,2024-04-12,20:00:00,4.0167,Friday,20,4,Spring,0
10023456782,2024-04-12 21:00:00,2024-04-12,21:00:00,2.7205,Friday,21,4,Spring,0
10023456782,2024-04-12 22:00:00,2024-04-12,22:00:00,2.8364,Friday,22,4,Spring,0
10023456782,2024-04-12 23:00:00,2024-04-12,23:00:00,3.6923,Friday,23,4,Spring,1
10023456782,2024-04-13 00:00:00,2024-04-13,00:00:00,1.4464,Saturday,0,4,Spring,0
10023456782,2024-04-13 01:00:00,2024-04-13,01:00:00,1.2066,Saturday,1,4,Spring,0
10023456782,2024-04-13 02:00:00,2024-04-13,02:00:00,1.1652,Saturday,2,4,Spring,0
10023456782,2024-04-13 03:00:00,2024-04-13,03:00:00,1.0122,Saturday,3,4,Spring,0
10023456782,2024-04-13 04:00:00,2024-04-13,04:00:00,0.8998,Saturday,4,4,Spring,0
10023456782,2024-04-13 05:00:00,2024-04-13,05:00:00,1.2928,Saturday,5,4,Spring,0
10023456782,2024-04-13 06:00:00,2024-04-13,06:00:00,1.8335,Saturday,6,4,Spring,0
10023456782,2024-04-13 07:00:00,2024-04-13,07:00:00,2.7222,Saturday,7,4,Spring,0
10023456782,2024-04-13 08:00:00,2024-04-13,08:00:00,2.9655,Saturday,8,4,Spring,0
10023456782,2024-04-13 09:00:00,2024-04-13,09:00:00,3.0389,Saturday,9,4,Spring,0
10023456782,2024-04-13 10:00:00,2024-04-13,10:00:00,3.3607,Saturday,10,4,Spring,0
10023456782,2024-04-13 11:00:00,2024-04-13,11:00:00,3.1623,Saturday,11,4,Spring,0
10023456782,2024-04-13 12:00:00,2024-04-13,12:00:00,2.9146,Saturday,12,4,Spring,0
10023456782,2024-04-13 13:00:00,2024-04-13,13:00:00,2.5976,Saturday,13,4,Spring,0
10023456782,2024-04-13 14:00:00,2024-04-13,14:00:00,3.0259,Saturday,14,4,Spring,0
10023456782,2024-04-13 15:00:00,2024-04-13,15:00:00,2.8939,Saturday,15,4,Spring,0
10023456782,2024-04-13 16:00:00,2024-04-13,16:00:00,2.7860,Saturday,16,4,Spring,0
10023456782,2024-04-13 17:00:00,2024-04-13,17:00:00,3.7347,Saturday,17,4,Spring,0
10023456782,2024-04-13 18:00:00,2024-04-13,18:00:00,3.8574,Saturday,18,4,Spring,0
10023456782,2024-04-13 19:00:00,2024-04-13,19:00:00,3.7038,Saturday,19,4,Spring,0
10023456782,2024-04-13 20:00:00,2024-04-13,20:00:00,3.9540,Saturday,20,4,Spring,0
10023456782,2024-04-13 21:00:00,2024-04-13,21:00:00,2.8426,Saturday,21,4,Spring,0
10023456782,2024-04-13 22:00:00,2024-04-13,22:00:00,2.3164,Saturday,22,4,Spring,0
10023456782,2024-04-13 23:00:00,2024-04-13,23:00:00,1.4518,Saturday,23,4,Spring,0
10023456782,2024-04-14 00:00:00,2024-04-14,00:00:00,1.6590,Sunday,0,4,Spring,0
10023456782,2024-04-14 01:00:00,2024-04-14,01:00:00,1.3251,Sunday,1,4,Spring,0
10023456782,2024-04-14 02:00:00,2024-04-14,02:00:00,1.2761,Sunday,2,4,Spring,0
10023456782,2024-04-14 03:00:00,2024-04-14,03:00:00,1.0439,Sunday,3,4,Spring,0
10023456782,2024-04-14 04:00:00,2024-04-14,04:00:00,1.3347,Sunday,4,4,Spring,0
10023456782,2024-04-14 05:00:00,2024-04-14,05:00:00,1.5255,Sunday,5,4,Spring,0
10023456782,2024-04-14 06:00:00,2024-04-14,06:00:00,2.4353,Sunday,6,4,Spring,0
10023456782,2024-04-14 07:00:00,2024-04-14,07:00:00,2.8020,Sunday,7,4,Spring,0
10023456782,2024-04-14 08:00:00,2024-04-14,08:00:00,3.4455,Sunday,8,4,Spring,0
10023456782,2024-04-14 09:00:00,2024-04-14,09:00:00,3.7381,Sunday,9,4,Spring,0
10023456782,2024-04-14 10:00:00,2024-04-14,10:00:00,3.5842,Sunday,10,4,Spring,0
10023456782,2024-04-14 11:00:00,2024-04-14,11:00:00,3.7651,Sunday,11,4,Spring,0
10023456782,2024-04-14 12:00:00,2024-04-14,12:00:00,3.5827,Sunday,12,4,Spring,0
10023456782,2024-04-14 13:00:00,2024-04-14,13:00:00,3.2001,Sunday,13,4,Spring,0
10023456782,2024-04-14 14:00:00,2024-04-14,14:00:00,3.5083,Sunday,14,4,Spring,0
10023456782,2024-04-14 15:00:00,2024-04-14,15:00:00,3.4106,Sunday,15,4,Spring,0
10023456782,2024-04-14 16:00:00,2024-04-14,16:00:00,4.1881,Sunday,16,4,Spring,0
10023456782,2024-04-14 17:00:00,2024-04-14,17:00:00,3.8951,Sunday,17,4,Spring,0
10023456782,2024-04-14 18:00:00,2024-04-14,18:00:00,4.6353,Sunday,18,4,Spring,0
10023456782,2024-04-14 19:00:00,2024-04-14,19:00:00,4.2789,Sunday,19,4,Spring,0
10023456782,2024-04-14 20:00:00,2024-04-14,20:00:00,4.1360,Sunday,20,4,Spring,0
10023456782,2024-04-14 21:00:00,2024-04-14,21:00:00,3.3005,Sunday,21,4,Spring,0
10023456782,2024-04-14 22:00:00,2024-04-14,22:00:00,0.3607,Sunday,22,4,Spring,1
10023456782,2024-04-14 23:00:00,2024-04-14,23:00:00,1.8188,Sunday,23,4,Spring,0
10023456782,2024-04-15 00:00:00,2024-04-15,00:00:00,1.3562,Monday,0,4,Spring,0
10023456782,2024-04-15 01:00:00,2024-04-15,01:00:00,1.4611,Monday,1,4,Spring,0
10023456782,2024-04-15 02:00:00,2024-04-15,02:00:00,1.3888,Monday,2,4,Spring,0
10023456782,2024-04-15 03:00:00,2024-04-15,03:00:00,1.2657,Monday,3,4,Spring,0
10023456782,2024-04-15 04:00:00,2024-04-15,04:00:00,1.2901,Monday,4,4,Spring,0
10023456782,2024-04-15 05:00:00,2024-04-15,05:00:00,2.0989,Monday,5,4,Spring,0
10023456782,2024-04-15 06:00:00,2024-04-15,06:00:00,2.9136,Monday,6,4,Spring,0
10023456782,2024-04-15 07:00:00,2024-04-15,07:00:00,3.4846,Monday,7,4,Spring,0
10023456782,2024-04-15 08:00:00,2024-04-15,08:00:00,4.3689,Monday,8,4,Spring,0
10023456782,2024-04-15 09:00:00,2024-04-15,09:00:00,4.6043,Monday,9,4,Spring,0
10023456782,2024-04-15 10:00:00,2024-04-15,10:00:00,4.1725,Monday,10,4,Spring,0
10023456782,2024-04-15 11:00:00,2024-04-15,11:00:00,4.0461,Monday,11,4,Spring,0
10023456782,2024-04-15 12:00:00,2024-04-15,12:00:00,3.3056,Monday,12,4,Spring,0
10023456782,2024-04-15 13:00:00,2024-04-15,13:00:00,3.8440,Monday,13,4,Spring,0
10023456782,2024-04-15 14:00:00,2024-04-15,14:00:00,3.2086,Monday,14,4,Spring,0
10023456782,2024-04-15 15:00:00,2024-04-15,15:00:00,3.4032,Monday,15,4,Spring,0
10023456782,2024-04-15 16:00:00,2024-04-15,16:00:00,4.0830,Monday,16,4,Spring,0
10023456782,2024-04-15 17:00:00,2024-04-15,17:00:00,3.8052,Monday,17,4,Spring,0
10023456782,2024-04-15 18:00:00,2024-04-15,18:00:00,4.8053,Monday,18,4,Spring,0
10023456782,2024-04-15 19:00:00,2024-04-15,19:00:00,4.3072,Monday,19,4,Spring,0
10023456782,2024-04-15 20:00:00,2024-04-15,20:00:00,3.8626,Monday,20,4,Spring,0
10023456782,2024-04-15 21:00:00,2024-04-15,21:00:00,3.4069,Monday,21,4,Spring,0
10023456782,2024-04-15 22:00:00,2024-04-15,22:00:00,2.6222,Monday,22,4,Spring,0
10023456782,2024-04-15 23:00:00,2024-04-15,23:00:00,1.5945,Monday,23,4,Spring,0
10023456782,2024-04-16 00:00:00,2024-04-16,00:00:00,1.6080,Tuesday,0,4,Spring,0
10023456782,2024-04-16 01:00:00,2024-04-16,01:00:00,1.3670,Tuesday,1,4,Spring,0
10023456782,2024-04-16 02:00:00,2024-04-16,02:00:00,1.4411,Tuesday,2,4,Spring,0
10023456782,2024-04-16 03:00:00,2024-04-16,03:00:00,1.1596,Tuesday,3,4,Spring,0
10023456782,2024-04-16 04:00:00,2024-04-16,04:00:00,1.4390,Tuesday,4,4,Spring,0
10023456782,2024-04-16 05:00:00,2024-04-16,05:00:00,1.6950,Tuesday,5,4,Spring,0
10023456782,2024-04-16 06:00:00,2024-04-16,06:00:00,3.0306,Tuesday,6,4,Spring,0
10023456782,2024-04-16 07:00:00,2024-04-16,07:00:00,3.7576,Tuesday,7,4,Spring,0
10023456782,2024-04-16 08:00:00,2024-04-16,08:00:00,4.7937,Tuesday,8,4,Spring,0
10023456782,2024-04-16 09:00:00,2024-04-16,09:00:00,4.0470,Tuesday,9,4,Spring,0
10023456782,2024-04-16 10:00:00,2024-04-16,10:00:00,5.0053,Tuesday,10,4,Spring,0
10023456782,2024-04-16 11:00:00,2024-04-16,11:00:00,4.1738,Tuesday,11,4,Spring,0
10023456782,2024-04-16 12:00:00,2024-04-16,12:00:00,3.3952,Tuesday,12,4,Spring,0
10023456782,2024-04-16 13:00:00,2024-04-16,13:00:00,10.5398,Tuesday,13,4,Spring,1
10023456782,2024-04-16 14:00:00,2024-04-16,14:00:00,4.0361,Tuesday,14,4,Spring,0
10023456782,2024-04-16 15:00:00,2024-04-16,15:00:00,4.1459,Tuesday,15,4,Spring,0
10023456782,2024-04-16 16:00:00,2024-04-16,16:00:00,3.8648,Tuesday,16,4,Spring,0
10023456782,2024-04-16 17:00:00,2024-04-16,17:00:00,3.8957,Tuesday,17,4,Spring,0
10023456782,2024-04-16 18:00:00,2024-04-16,18:00:00,5.1684,Tuesday,18,4,Spring,0
10023456782,2024-04-16 19:00:00,2024-04-16,19:00:00,4.8492,Tuesday,19,4,Spring,0
10023456782,2024-04-16 20:00:00,2024-04-16,20:00:00,4.2594,Tuesday,20,4,Spring,0
10023456782,2024-04-16 21:00:00,2024-04-16,21:00:00,4.1097,Tuesday,21,4,Spring,0
10023456782,2024-04-16 22:00:00,2024-04-16,22:00:00,2.9308,Tuesday,22,4,Spring,0
10023456782,2024-04-16 23:00:00,2024-04-16,23:00:00,1.8735,Tuesday,23,4,Spring,0
10023456782,2024-04-17 00:00:00,2024-04-17,00:00:00,1.4367,Wednesday,0,4,Spring,0
10023456782,2024-04-17 01:00:00,2024-04-17,01:00:00,1.0499,Wednesday,1,4,Spring,0
10023456782,2024-04-17 02:00:00,2024-04-17,02:00:00,1.2356,Wednesday,2,4,Spring,0
10023456782,2024-04-17 03:00:00,2024-04-17,03:00:00,1.3744,Wednesday,3,4,Spring,0
10023456782,2024-04-17 04:00:00,2024-04-17,04:00:00,1.2908,Wednesday,4,4,Spring,0
10023456782,2024-04-17 05:00:00,2024-04-17,05:00:00,2.0574,Wednesday,5,4,Spring,0
10023456782,2024-04-17 06:00:00,2024-04-17,06:00:00,2.5508,Wednesday,6,4,Spring,0
10023456782,2024-04-17 07:00:00,2024-04-17,07:00:00,3.4240,Wednesday,7,4,Spring,0
10023456782,2024-04-17 08:00:00,2024-04-17,08:00:00,4.3572,Wednesday,8,4,Spring,0
10023456782,2024-04-17 09:00:00,2024-04-17,09:00:00,4.6193,Wednesday,9,4,Spring,0
10023456782,2024-04-17 10:00:00,2024-04-17,10:00:00,4.5599,Wednesday,10,4,Spring,0
10023456782,2024-04-17 11:00:00,2024-04-17,11:00:00,3.5938,Wednesday,11,4,Spring,0
10023456782,2024-04-17 12:00:00,2024-04-17,12:00:00,3.1895,Wednesday,12,4,Spring,0
10023456782,2024-04-17 13:00:00,2024-04-17,13:00:00,3.9049,Wednesday,13,4,Spring,0
10023456782,2024-04-17 14:00:00,2024-04-17,14:00:00,3.2974,Wednesday,14,4,Spring,0
10023456782,2024-04-17 15:00:00,2024-04-17,15:00:00,4.5925,Wednesday,15,4,Spring,0
10023456782,2024-04-17 16:00:00,2024-04-17,16:00:00,4.3140,Wednesday,16,4,Spring,0
10023456782,2024-04-17 17:00:00,2024-04-17,17:00:00,4.7468,Wednesday,17,4,Spring,0
10023456782,2024-04-17 18:00:00,2024-04-17,18:00:00,5.7236,Wednesday,18,4,Spring,0
10023456782,2024-04-17 19:00:00,2024-04-17,19:00:00,5.1743,Wednesday,19,4,Spring,0
10023456782,2024-04-17 20:00:00,2024-04-17,20:00:00,4.2957,Wednesday,20,4,Spring,0
10023456782,2024-04-17 21:00:00,2024-04-17,21:00:00,3.4518,Wednesday,21,4,Spring,0
10023456782,2024-04-17 22:00:00,2024-04-17,22:00:00,2.0980,Wednesday,22,4,Spring,0
10023456782,2024-04-17 23:00:00,2024-04-17,23:00:00,1.7626,Wednesday,23,4,Spring,0
10023456782,2024-04-18 00:00:00,2024-04-18,00:00:00,1.8011,Thursday,0,4,Spring,0
10023456782,2024-04-18 01:00:00,2024-04-18,01:00:00,1.6996,Thursday,1,4,Spring,0
10023456782,2024-04-18 02:00:00,2024-04-18,02:00:00,1.7693,Thursday,2,4,Spring,0
10023456782,2024-04-18 03:00:00,2024-04-18,03:00:00,1.5626,Thursday,3,4,Spring,0
10023456782,2024-04-18 04:00:00,2024-04-18,04:00:00,1.7401,Thursday,4,4,Spring,0
10023456782,2024-04-18 05:00:00,2024-04-18,05:00:00,2.0238,Thursday,5,4,Spring,0
10023456782,2024-04-18 06:00:00,2024-04-18,06:00:00,4.0919,Thursday,6,4,Spring,0
10023456782,2024-04-18 07:00:00,2024-04-18,07:00:00,5.9541,Thursday,7,4,Spring,0
10023456782,2024-04-18 08:00:00,2024-04-18,08:00:00,6.2362,Thursday,8,4,Spring,0
10023456782,2024-04-18 09:00:00,2024-04-18,09:00:00,5.0969,Thursday,9,4,Spring,0
10023456782,2024-04-18 10:00:00,2024-04-18,10:00:00,6.0567,Thursday,10,4,Spring,0
10023456782,2024-04-18 11:00:00,2024-04-18,11:00:00,4.2882,Thursday,11,4,Spring,0
10023456782,2024-04-18 12:00:00,2024-04-18,12:00:00,4.4342,Thursday,12,4,Spring,0
10023456782,2024-04-18 13:00:00,2024-04-18,13:00:00,4.6165,Thursday,13,4,Spring,0
10023456782,2024-04-18 14:00:00,2024-04-18,14:00:00,4.7591,Thursday,14,4,Spring,0
10023456782,2024-04-18 15:00:00,2024-04-18,15:00:00,5.7415,Thursday,15,4,Spring,0
10023456782,2024-04-18 16:00:00,2024-04-18,16:00:00,4.9292,Thursday,16,4,Spring,0
10023456782,2024-04-18 17:00:00,2024-04-18,17:00:00,4.9261,Thursday,17,4,Spring,0
10023456782,2024-04-18 18:00:00,2024-04-18,18:00:00,0.4368,Thursday,18,4,Spring,1
10023456782,2024-04-18 19:00:00,2024-04-18,19:00:00,5.7655,Thursday,19,4,Spring,0
10023456782,2024-04-18 20:00:00,2024-04-18,20:00:00,5.5660,Thursday,20,4,Spring,0
10023456782,2024-04-18 21:00:00,2024-04-18,21:00:00,3.6979,Thursday,21,4,Spring,0
10023456782,2024-04-18 22:00:00,2024-04-18,22:00:00,2.5625,Thursday,22,4,Spring,0
10023456782,2024-04-18 23:00:00,2024-04-18,23:00:00,2.3548,Thursday,23,4,Spring,0
10023456782,2024-04-19 00:00:00,2024-04-19,00:00:00,1.7536,Friday,0,4,Spring,0
10023456782,2024-04-19 01:00:00,2024-04-19,01:00:00,1.8257,Friday,1,4,Spring,0
10023456782,2024-04-19 02:00:00,2024-04-19,02:00:00,1.5562,Friday,2,4,Spring,0
10023456782,2024-04-19 03:00:00,2024-04-19,03:00:00,1.9008,Friday,3,4,Spring,0
10023456782,2024-04-19 04:00:00,2024-04-19,04:00:00,1.5055,Friday,4,4,Spring,0
10023456782,2024-04-19 05:00:00,2024-04-19,05:00:00,2.5057,Friday,5,4,Spring,0
10023456782,2024-04-19 06:00:00,2024-04-19,06:00:00,3.4069,Friday,6,4,Spring,0
10023456782,2024-04-19 07:00:00,2024-04-19,07:00:00,6.7172,Friday,7,4,Spring,0
10023456782,2024-04-19 08:00:00,2024-04-19,08:00:00,6.0687,Friday,8,4,Spring,0
10023456782,2024-04-19 09:00:00,2024-04-19,09:00:00,5.9853,Friday,9,4,Spring,0
10023456782,2024-04-19 10:00:00,2024-04-19,10:00:00,4.8283,Friday,10,4,Spring,0
10023456782,2024-04-19 11:00:00,2024-04-19,11:00:00,4.9646,Friday,11,4,Spring,0
10023456782,2024-04-19 12:00:00,2024-04-19,12:00:00,4.4262,Friday,12,4,Spring,0
10023456782,2024-04-19 13:00:00,2024-04-19,13:00:00,4.9954,Friday,13,4,Spring,0
10023456782,2024-04-19 14:00:00,2024-04-19,14:00:00,4.7121,Friday,14,4,Spring,0
10023456782,2024-04-19 15:00:00,2024-04-19,15:00:00,4.5275,Friday,15,4,Spring,0
10023456782,2024-04-19 16:00:00,2024-04-19,16:00:00,4.9201,Friday,16,4,Spring,0
10023456782,2024-04-19 17:00:00,2024-04-19,17:00:00,5.4545,Friday,17,4,Spring,0
10023456782,2024-04-19 18:00:00,2024-04-19,18:00:00,5.2506,Friday,18,4,Spring,0
10023456782,2024-04-19 19:00:00,2024-04-19,19:00:00,5.1629,Friday,19,4,Spring,0
10023456782,2024-04-19 20:00:00,2024-04-19,20:00:00,5.4546,Friday,20,4,Spring,0
10023456782,2024-04-19 21:00:00,2024-04-19,21:00:00,3.8677,Friday,21,4,Spring,0
10023456782,2024-04-19 22:00:00,2024-04-19,22:00:00,3.3386,Friday,22,4,Spring,0
10023456782,2024-04-19 23:00:00,2024-04-19,23:00:00,2.2553,Friday,23,4,Spring,0
10023456782,2024-04-20 00:00:00,2024-04-20,00:00:00,1.1688,Saturday,0,4,Spring,0
10023456782,2024-04-20 01:00:00,2024-04-20,01:00:00,1.1528,Saturday,1,4,Spring,0
10023456782,2024-04-20 02:00:00,2024-04-20,02:00:00,1.0677,Saturday,2,4,Spring,0
10023456782,2024-04-20 03:00:00,2024-04-20,03:00:00,1.0193,Saturday,3,4,Spring,0
10023456782,2024-04-20 04:00:00,2024-04-20,04:00:00,0.9424,Saturday,4,4,Spring,0
10023456782,2024-04-20 05:00:00,2024-04-20,05:00:00,1.2935,Saturday,5,4,Spring,0
10023456782,2024-04-20 06:00:00,2024-04-20,06:00:00,1.7930,Saturday,6,4,Spring,0
10023456782,2024-04-20 07:00:00,2024-04-20,07:00:00,2.4614,Saturday,7,4,Spring,0
10023456782,2024-04-20 08:00:00,2024-04-20,08:00:00,2.7971,Saturday,8,4,Spring,0
10023456782,2024-04-20 09:00:00,2024-04-20,09:00:00,3.1503,Saturday,9,4,Spring,0
10023456782,2024-04-20 10:00:00,2024-04-20,10:00:00,3.3358,Saturday,10,4,Spring,0
10023456782,2024-04-20 11:00:00,2024-04-20,11:00:00,3.1660,Saturday,11,4,Spring,0
10023456782,2024-04-20 12:00:00,2024-04-20,12:00:00,3.2477,Saturday,12,4,Spring,0
10023456782,2024-04-20 13:00:00,2024-04-20,13:00:00,2.4256,Saturday,13,4,Spring,0
10023456782,2024-04-20 14:00:00,2024-04-20,14:00:00,2.3843,Saturday,14,4,Spring,0
10023456782,2024-04-20 15:00:00,2024-04-20,15:00:00,2.7757,Saturday,15,4,Spring,0
10023456782,2024-04-20 16:00:00,2024-04-20,16:00:00,2.5229,Saturday,16,4,Spring,0
10023456782,2024-04-20 17:00:00,2024-04-20,17:00:00,3.4647,Saturday,17,4,Spring,0
10023456782,2024-04-20 18:00:00,2024-04-20,18:00:00,4.1021,Saturday,18,4,Spring,0
10023456782,2024-04-20 19:00:00,2024-04-20,19:00:00,3.8508,Saturday,19,4,Spring,0
10023456782,2024-04-20 20:00:00,2024-04-20,20:00:00,4.4402,Saturday,20,4,Spring,0
10023456782,2024-04-20 21:00:00,2024-04-20,21:00:00,2.7249,Saturday,21,4,Spring,0
10023456782,2024-04-20 22:00:00,2024-04-20,22:00:00,2.1362,Saturday,22,4,Spring,0
10023456782,2024-04-20 23:00:00,2024-04-20,23:00:00,1.7121,Saturday,23,4,Spring,0
10023456782,2024-04-21 00:00:00,2024-04-21,00:00:00,1.4990,Sunday,0,4,Spring,0
10023456782,2024-04-21 01:00:00,2024-04-21,01:00:00,1.5838,Sunday,1,4,Spring,0
10023456782,2024-04-21 02:00:00,2024-04-21,02:00:00,1.4240,Sunday,2,4,Spring,0
10023456782,2024-04-21 03:00:00,2024-04-21,03:00:00,1.0239,Sunday,3,4,Spring,0
10023456782,2024-04-21 04:00:00,2024-04-21,04:00:00,1.2029,Sunday,4,4,Spring,0
10023456782,2024-04-21 05:00:00,2024-04-21,05:00:00,2.0976,Sunday,5,4,Spring,0
10023456782,2024-04-21 06:00:00,2024-04-21,06:00:00,1.9775,Sunday,6,4,Spring,0
10023456782,2024-04-21 07:00:00,2024-04-21,07:00:00,3.1229,Sunday,7,4,Spring,0
10023456782,2024-04-21 08:00:00,2024-04-21,08:00:00,3.3206,Sunday,8,4,Spring,0
10023456782,2024-04-21 09:00:00,2024-04-21,09:00:00,4.1222,Sunday,9,4,Spring,0
10023456782,2024-04-21 10:00:00,2024-04-21,10:00:00,3.0391,Sunday,10,4,Spring,0
10023456782,2024-04-21 11:00:00,2024-04-21,11:00:00,3.4398,Sunday,11,4,Spring,0
10023456782,2024-04-21 12:00:00,2024-04-21,12:00:00,4.1846,Sunday,12,4,Spring,0
10023456782,2024-04-21 13:00:00,2024-04-21,13:00:00,4.0982,Sunday,13,4,Spring,0
10023456782,2024-04-21 14:00:00,2024-04-21,14:00:00,3.9355,Sunday,14,4,Spring,0
10023456782,2024-04-21 15:00:00,2024-04-21,15:00:00,3.7226,Sunday,15,4,Spring,0
10023456782,2024-04-21 16:00:00,2024-04-21,16:00:00,3.6215,Sunday,16,4,Spring,0
10023456782,2024-04-21 17:00:00,2024-04-21,17:00:00,3.8739,Sunday,17,4,Spring,0
10023456782,2024-04-21 18:00:00,2024-04-21,18:00:00,4.4144,Sunday,18,4,Spring,0
10023456782,2024-04-21 19:00:00,2024-04-21,19:00:00,5.4838,Sunday,19,4,Spring,0
10023456782,2024-04-21 20:00:00,2024-04-21,20:00:00,4.2570,Sunday,20,4,Spring,0
10023456782,2024-04-21 21:00:00,2024-04-21,21:00:00,3.4661,Sunday,21,4,Spring,0
10023456782,2024-04-21 22:00:00,2024-04-21,22:00:00,3.6027,Sunday,22,4,Spring,0
10023456782,2024-04-21 23:00:00,2024-04-21,23:00:00,1.7739,Sunday,23,4,Spring,0
10023456782,2024-04-22 00:00:00,2024-04-22,00:00:00,1.8965,Monday,0,4,Spring,0
10023456782,2024-04-22 01:00:00,2024-04-22,01:00:00,1.4762,Monday,1,4,Spring,0
10023456782,2024-04-22 02:00:00,2024-04-22,02:00:00,1.1688,Monday,2,4,Spring,0
10023456782,2024-04-22 03:00:00,2024-04-22,03:00:00,1.7289,Monday,3,4,Spring,0
10023456782,2024-04-22 04:00:00,2024-04-22,04:00:00,2.0061,Monday,4,4,Spring,0
10023456782,2024-04-22 05:00:00,2024-04-22,05:00:00,2.2042,Monday,5,4,Spring,0
10023456782,2024-04-22 06:00:00,2024-04-22,06:00:00,3.1729,Monday,6,4,Spring,0
10023456782,2024-04-22 07:00:00,2024-04-22,07:00:00,4.7590,Monday,7,4,Spring,0
10023456782,2024-04-22 08:00:00,2024-04-22,08:00:00,4.9151,Monday,8,4,Spring,0
10023456782,2024-04-22 09:00:00,2024-04-22,09:00:00,4.7069,Monday,9,4,Spring,0
10023456782,2024-04-22 10:00:00,2024-04-22,10:00:00,4.8739,Monday,10,4,Spring,0
10023456782,2024-04-22 11:00:00,2024-04-22,11:00:00,4.1026,Monday,11,4,Spring,0
10023456782,2024-04-22 12:00:00,2024-04-22,12:00:00,9.9317,Monday,12,4,Spring,1
10023456782,2024-04-22 13:00:00,2024-04-22,13:00:00,4.2899,Monday,13,4,Spring,0
10023456782,2024-04-22 14:00:00,2024-04-22,14:00:00,4.4791,Monday,14,4,Spring,0
10023456782,2024-04-22 15:00:00,2024-04-22,15:00:00,4.1337,Monday,15,4,Spring,0
10023456782,2024-04-22 16:00:00,2024-04-22,16:00:00,4.3858,Monday,16,4,Spring,0
10023456782,2024-04-22 17:00:00,2024-04-22,17:00:00,6.3416,Monday,17,4,Spring,0
10023456782,2024-04-22 18:00:00,2024-04-22,18:00:00,5.4226,Monday,18,4,Spring,0
10023456782,2024-04-22 19:00:00,2024-04-22,19:00:00,5.6972,Monday,19,4,Spring,0
10023456782,2024-04-22 20:00:00,2024-04-22,20:00:00,4.3436,Monday,20,4,Spring,0
10023456782,2024-04-22 21:00:00,2024-04-22,21:00:00,4.1027,Monday,21,4,Spring,0
10023456782,2024-04-22 22:00:00,2024-04-22,22:00:00,3.1987,Monday,22,4,Spring,0
10023456782,2024-04-22 23:00:00,2024-04-22,23:00:00,1.7550,Monday,23,4,Spring,0
10023456782,2024-04-23 00:00:00,2024-04-23,00:00:00,2.3792,Tuesday,0,4,Spring,0
10023456782,2024-04-23 01:00:00,2024-04-23,01:00:00,1.5990,Tuesday,1,4,Spring,0
10023456782,2024-04-23 02:00:00,2024-04-23,02:00:00,1.6564,Tuesday,2,4,Spring,0
10023456782,2024-04-23 03:00:00,2024-04-23,03:00:00,1.8291,Tuesday,3,4,Spring,0
10023456782,2024-04-23 04:00:00,2024-04-23,04:00:00,2.0061,Tuesday,4,4,Spring,0
10023456782,2024-04-23 05:00:00,2024-04-23,05:00:00,2.6242,Tuesday,5,4,Spring,0
10023456782,2024-04-23 06:00:00,2024-04-23,06:00:00,3.8456,Tuesday,6,4,Spring,0
10023456782,2024-04-23 07:00:00,2024-04-23,07:00:00,6.4607,Tuesday,7,4,Spring,0
10023456782,2024-04-23 08:00:00,2024-04-23,08:00:00,6.4922,Tuesday,8,4,Spring,0
10023456782,2024-04-23 09:00:00,2024-04-23,09:00:00,5.4158,Tuesday,9,4,Spring,0
10023456782,2024-04-23 10:00:00,2024-04-23,10:00:00,4.6063,Tuesday,10,4,Spring,0
10023456782,2024-04-23 11:00:00,2024-04-23,11:00:00,6.1933,Tuesday,11,4,Spring,0
10023456782,2024-04-23 12:00:00,2024-04-23,12:00:00,4.5550,Tuesday,12,4,Spring,0
10023456782,2024-04-23 13:00:00,2024-04-23,13:00:00,6.3054,Tuesday,13,4,Spring,0
10023456782,2024-04-23 14:00:00,2024-04-23,14:00:00,4.7808,Tuesday,14,4,Spring,0
10023456782,2024-04-23 15:00:00,2024-04-23,15:00:00,4.8564,Tuesday,15,4,Spring,0
10023456782,2024-04-23 16:00:00,2024-04-23,16:00:00,6.8053,Tuesday,16,4,Spring,0
10023456782,2024-04-23 17:00:00,2024-04-23,17:00:00,6.3778,Tuesday,17,4,Spring,0
10023456782,2024-04-23 18:00:00,2024-04-23,18:00:00,6.0855,Tuesday,18,4,Spring,0
10023456782,2024-04-23 19:00:00,2024-04-23,19:00:00,8.5760,Tuesday,19,4,Spring,0
10023456782,2024-04-23 20:00:00,2024-04-23,20:00:00,6.7723,Tuesday,20,4,Spring,0
10023456782,2024-04-23 21:00:00,2024-04-23,21:00:00,4.4666,Tuesday,21,4,Spring,0
10023456782,2024-04-23 22:00:00,2024-04-23,22:00:00,3.9544,Tuesday,22,4,Spring,0
10023456782,2024-04-23 23:00:00,2024-04-23,23:00:00,9.7731,Tuesday,23,4,Spring,1
10023456782,2024-04-24 00:00:00,2024-04-24,00:00:00,1.9683,Wednesday,0,4,Spring,0
10023456782,2024-04-24 01:00:00,2024-04-24,01:00:00,1.6963,Wednesday,1,4,Spring,0
10023456782,2024-04-24 02:00:00,2024-04-24,02:00:00,1.6455,Wednesday,2,4,Spring,0
10023456782,2024-04-24 03:00:00,2024-04-24,03:00:00,2.0900,Wednesday,3,4,Spring,0
10023456782,2024-04-24 04:00:00,2024-04-24,04:00:00,2.2730,Wednesday,4,4,Spring,0
10023456782,2024-04-24 05:00:00,2024-04-24,05:00:00,3.5344,Wednesday,5,4,Spring,0
10023456782,2024-04-24 06:00:00,2024-04-24,06:00:00,4.1015,Wednesday,6,4,Spring,0
10023456782,2024-04-24 07:00:00,2024-04-24,07:00:00,7.5198,Wednesday,7,4,Spring,0
10023456782,2024-04-24 08:00:00,2024-04-24,08:00:00,9.3508,Wednesday,8,4,Spring,0
10023456782,2024-04-24 09:00:00,2024-04-24,09:00:00,7.9603,Wednesday,9,4,Spring,0
10023456782,2024-04-24 10:00:00,2024-04-24,10:00:00,6.8717,Wednesday,10,4,Spring,0
10023456782,2024-04-24 11:00:00,2024-04-24,11:00:00,7.4197,Wednesday,11,4,Spring,0
10023456782,2024-04-24 12:00:00,2024-04-24,12:00:00,6.6801,Wednesday,12,4,Spring,0
10023456782,2024-04-24 13:00:00,2024-04-24,13:00:00,6.5229,Wednesday,13,4,Spring,0
10023456782,2024-04-24 14:00:00,2024-04-24,14:00:00,5.3103,Wednesday,14,4,Spring,0
10023456782,2024-04-24 15:00:00,2024-04-24,15:00:00,5.2283,Wednesday,15,4,Spring,0
10023456782,2024-04-24 16:00:00,2024-04-24,16:00:00,7.4706,Wednesday,16,4,Spring,0
10023456782,2024-04-24 17:00:00,2024-04-24,17:00:00,6.1763,Wednesday,17,4,Spring,0
10023456782,2024-04-24 18:00:00,2024-04-24,18:00:00,7.8733,Wednesday,18,4,Spring,0
10023456782,2024-04-24 19:00:00,2024-04-24,19:00:00,7.4027,Wednesday,19,4,Spring,0
10023456782,2024-04-24 20:00:00,2024-04-24,20:00:00,7.8685,Wednesday,20,4,Spring,0
10023456782,2024-04-24 21:00:00,2024-04-24,21:00:00,4.3088,Wednesday,21,4,Spring,0
10023456782,2024-04-24 22:00:00,2024-04-24,22:00:00,4.2133,Wednesday,22,4,Spring,0
10023456782,2024-04-24 23:00:00,2024-04-24,23:00:00,2.9895,Wednesday,23,4,Spring,0
10023456782,2024-04-25 00:00:00,2024-04-25,00:00:00,2.2042,Thursday,0,4,Spring,0
10023456782,2024-04-25 01:00:00,2024-04-25,01:00:00,2.5017,Thursday,1,4,Spring,0
10023456782,2024-04-25 02:00:00,2024-04-25,02:00:00,1.8696,Thursday,2,4,Spring,0
10023456782,2024-04-25 03:00:00,2024-04-25,03:00:00,2.2004,Thursday,3,4,Spring,0
10023456782,2024-04-25 04:00:00,2024-04-25,04:00:00,2.7256,Thursday,4,4,Spring,0
10023456782,2024-04-25 05:00:00,2024-04-25,05:00:00,4.0914,Thursday,5,4,Spring,0
10023456782,2024-04-25 06:00:00,2024-04-25,06:00:00,5.3710,Thursday,6,4,Spring,0
10023456782,2024-04-25 07:00:00,2024-04-25,07:00:00,7.4740,Thursday,7,4,Spring,0
10023456782,2024-04-25 08:00:00,2024-04-25,08:00:00,9.2086,Thursday,8,4,Spring,0
10023456782,2024-04-25 09:00:00,2024-04-25,09:00:00,7.2526,Thursday,9,4,Spring,0
10023456782,2024-04-25 10:00:00,2024-04-25,10:00:00,5.9235,Thursday,10,4,Spring,0
10023456782,2024-04-25 11:00:00,2024-04-25,11:00:00,6.5003,Thursday,11,4,Spring,0
10023456782,2024-04-25 12:00:00,2024-04-25,12:00:00,7.9225,Thursday,12,4,Spring,0
10023456782,2024-04-25 13:00:00,2024-04-25,13:00:00,6.8719,Thursday,13,4,Spring,0
10023456782,2024-04-25 14:00:00,2024-04-25,14:00:00,5.9532,Thursday,14,4,Spring,0
10023456782,2024-04-25 15:00:00,2024-04-25,15:00:00,7.0319,Thursday,15,4,Spring,0
10023456782,2024-04-25 16:00:00,2024-04-25,16:00:00,7.8458,Thursday,16,4,Spring,0
10023456782,2024-04-25 17:00:00,2024-04-25,17:00:00,8.1238,Thursday,17,4,Spring,0
10023456782,2024-04-25 18:00:00,2024-04-25,18:00:00,10.5554,Thursday,18,4,Spring,0
10023456782,2024-04-25 19:00:00,2024-04-25,19:00:00,9.8512,Thursday,19,4,Spring,0
10023456782,2024-04-25 20:00:00,2024-04-25,20:00:00,6.1853,Thursday,20,4,Spring,0
10023456782,2024-04-25 21:00:00,2024-04-25,21:00:00,7.0388,Thursday,21,4,Spring,0
10023456782,2024-04-25 22:00:00,2024-04-25,22:00:00,3.7962,Thursday,22,4,Spring,0
10023456782,2024-04-25 23:00:00,2024-04-25,23:00:00,2.8897,Thursday,23,4,Spring,0
10023456782,2024-04-26 00:00:00,2024-04-26,00:00:00,2.3031,Friday,0,4,Spring,0
10023456782,2024-04-26 01:00:00,2024-04-26,01:00:00,1.6878,Friday,1,4,Spring,0
10023456782,2024-04-26 02:00:00,2024-04-26,02:00:00,1.3473,Friday,2,4,Spring,0
10023456782,2024-04-26 03:00:00,2024-04-26,03:00:00,1.9673,Friday,3,4,Spring,0
10023456782,2024-04-26 04:00:00,2024-04-26,04:00:00,2.1298,Friday,4,4,Spring,0
10023456782,2024-04-26 05:00:00,2024-04-26,05:00:00,2.8446,Friday,5,4,Spring,0
10023456782,2024-04-26 06:00:00,2024-04-26,06:00:00,3.7213,Friday,6,4,Spring,0
10023456782,2024-04-26 07:00:00,2024-04-26,07:00:00,5.6540,Friday,7,4,Spring,0
10023456782,2024-04-26 08:00:00,2024-04-26,08:00:00,6.5316,Friday,8,4,Spring,0
10023456782,2024-04-26 09:00:00,2024-04-26,09:00:00,6.3825,Friday,9,4,Spring,0
10023456782,2024-04-26 10:00:00,2024-04-26,10:00:00,6.0039,Friday,10,4,Spring,0
10023456782,2024-04-26 11:00:00,2024-04-26,11:00:00,5.9183,Friday,11,4,Spring,0
10023456782,2024-04-26 12:00:00,2024-04-26,12:00:00,4.4928,Friday,12,4,Spring,0
10023456782,2024-04-26 13:00:00,2024-04-26,13:00:00,6.9084,Friday,13,4,Spring,0
10023456782,2024-04-26 14:00:00,2024-04-26,14:00:00,4.8639,Friday,14,4,Spring,0
10023456782,2024-04-26 15:00:00,2024-04-26,15:00:00,0.1950,Friday,15,4,Spring,1
10023456782,2024-04-26 16:00:00,2024-04-26,16:00:00,5.3853,Friday,16,4,Spring,0
10023456782,2024-04-26 17:00:00,2024-04-26,17:00:00,6.0070,Friday,17,4,Spring,0
10023456782,2024-04-26 18:00:00,2024-04-26,18:00:00,6.8338,Friday,18,4,Spring,0
10023456782,2024-04-26 19:00:00,2024-04-26,19:00:00,0.6012,Friday,19,4,Spring,1
10023456782,2024-04-26 20:00:00,2024-04-26,20:00:00,7.2681,Friday,20,4,Spring,0
10023456782,2024-04-26 21:00:00,2024-04-26,21:00:00,4.1040,Friday,21,4,Spring,0
10023456782,2024-04-26 22:00:00,2024-04-26,22:00:00,3.0752,Friday,22,4,Spring,0
10023456782,2024-04-26 23:00:00,2024-04-26,23:00:00,2.6991,Friday,23,4,Spring,0
10023456782,2024-04-27 00:00:00,2024-04-27,00:00:00,1.4174,Saturday,0,4,Spring,0
10023456782,2024-04-27 01:00:00,2024-04-27,01:00:00,1.5697,Saturday,1,4,Spring,0
10023456782,2024-04-27 02:00:00,2024-04-27,02:00:00,1.3309,Saturday,2,4,Spring,0
10023456782,2024-04-27 03:00:00,2024-04-27,03:00:00,1.3870,Saturday,3,4,Spring,0
10023456782,2024-04-27 04:00:00,2024-04-27,04:00:00,1.3588,Saturday,4,4,Spring,0
10023456782,2024-04-27 05:00:00,2024-04-27,05:00:00,1.6676,Saturday,5,4,Spring,0
10023456782,2024-04-27 06:00:00,2024-04-27,06:00:00,2.2278,Saturday,6,4,Spring,0
10023456782,2024-04-27 07:00:00,2024-04-27,07:00:00,3.0155,Saturday,7,4,Spring,0
10023456782,2024-04-27 08:00:00,2024-04-27,08:00:00,3.7153,Saturday,8,4,Spring,0
10023456782,2024-04-27 09:00:00,2024-04-27,09:00:00,3.7911,Saturday,9,4,Spring,0
10023456782,2024-04-27 10:00:00,2024-04-27,10:00:00,4.0786,Saturday,10,4,Spring,0
10023456782,2024-04-27 11:00:00,2024-04-27,11:00:00,3.5494,Saturday,11,4,Spring,0
10023456782,2024-04-27 12:00:00,2024-04-27,12:00:00,3.4013,Saturday,12,4,Spring,0
10023456782,2024-04-27 13:00:00,2024-04-27,13:00:00,3.7372,Saturday,13,4,Spring,0
10023456782,2024-04-27 14:00:00,2024-04-27,14:00:00,3.1532,Saturday,14,4,Spring,0
10023456782,2024-04-27 15:00:00,2024-04-27,15:00:00,3.3070,Saturday,15,4,Spring,0
10023456782,2024-04-27 16:00:00,2024-04-27,16:00:00,3.7987,Saturday,16,4,Spring,0
10023456782,2024-04-27 17:00:00,2024-04-27,17:00:00,4.1043,Saturday,17,4,Spring,0
10023456782,2024-04-27 18:00:00,2024-04-27,18:00:00,4.5682,Saturday,18,4,Spring,0
10023456782,2024-04-27 19:00:00,2024-04-27,19:00:00,5.1947,Saturday,19,4,Spring,0
10023456782,2024-04-27 20:00:00,2024-04-27,20:00:00,4.2593,Saturday,20,4,Spring,0
10023456782,2024-04-27 21:00:00,2024-04-27,21:00:00,4.3356,Saturday,21,4,Spring,0
10023456782,2024-04-27 22:00:00,2024-04-27,22:00:00,2.9943,Saturday,22,4,Spring,0
10023456782,2024-04-27 23:00:00,2024-04-27,23:00:00,1.9611,Saturday,23,4,Spring,0
10023456782,2024-04-28 00:00:00,2024-04-28,00:00:00,1.4049,Sunday,0,4,Spring,0
10023456782,2024-04-28 01:00:00,2024-04-28,01:00:00,0.9906,Sunday,1,4,Spring,0
10023456782,2024-04-28 02:00:00,2024-04-28,02:00:00,1.3076,Sunday,2,4,Spring,0
10023456782,2024-04-28 03:00:00,2024-04-28,03:00:00,0.9105,Sunday,3,4,Spring,0
10023456782,2024-04-28 04:00:00,2024-04-28,04:00:00,1.3435,Sunday,4,4,Spring,0
10023456782,2024-04-28 05:00:00,2024-04-28,05:00:00,1.3632,Sunday,5,4,Spring,0
10023456782,2024-04-28 06:00:00,2024-04-28,06:00:00,1.5607,Sunday,6,4,Spring,0
10023456782,2024-04-28 07:00:00,2024-04-28,07:00:00,3.0254,Sunday,7,4,Spring,0
10023456782,2024-04-28 08:00:00,2024-04-28,08:00:00,3.3347,Sunday,8,4,Spring,0
10023456782,2024-04-28 09:00:00,2024-04-28,09:00:00,2.9748,Sunday,9,4,Spring,0
10023456782,2024-04-28 10:00:00,2024-04-28,10:00:00,3.4797,Sunday,10,4,Spring,0
10023456782,2024-04-28 11:00:00,2024-04-28,11:00:00,3.1513,Sunday,11,4,Spring,0
10023456782,2024-04-28 12:00:00,2024-04-28,12:00:00,3.4406,Sunday,12,4,Spring,0
10023456782,2024-04-28 13:00:00,2024-04-28,13:00:00,3.3532,Sunday,13,4,Spring,0
10023456782,2024-04-28 14:00:00,2024-04-28,14:00:00,3.0576,Sunday,14,4,Spring,0
10023456782,2024-04-28 15:00:00,2024-04-28,15:00:00,3.3897,Sunday,15,4,Spring,0
10023456782,2024-04-28 16:00:00,2024-04-28,16:00:00,3.1500,Sunday,16,4,Spring,0
10023456782,2024-04-28 17:00:00,2024-04-28,17:00:00,3.5862,Sunday,17,4,Spring,0
10023456782,2024-04-28 18:00:00,2024-04-28,18:00:00,3.9515,Sunday,18,4,Spring,0
10023456782,2024-04-28 19:00:00,2024-04-28,19:00:00,4.2541,Sunday,19,4,Spring,0
10023456782,2024-04-28 20:00:00,2024-04-28,20:00:00,3.6351,Sunday,20,4,Spring,0
10023456782,2024-04-28 21:00:00,2024-04-28,21:00:00,3.1681,Sunday,21,4,Spring,0
10023456782,2024-04-28 22:00:00,2024-04-28,22:00:00,2.2633,Sunday,22,4,Spring,0
10023456782,2024-04-28 23:00:00,2024-04-28,23:00:00,1.5612,Sunday,23,4,Spring,0
10023456782,2024-04-29 00:00:00,2024-04-29,00:00:00,1.3861,Monday,0,4,Spring,0
10023456782,2024-04-29 01:00:00,2024-04-29,01:00:00,1.1933,Monday,1,4,Spring,0
10023456782,2024-04-29 02:00:00,2024-04-29,02:00:00,1.1448,Monday,2,4,Spring,0
10023456782,2024-04-29 03:00:00,2024-04-29,03:00:00,1.5057,Monday,3,4,Spring,0
10023456782,2024-04-29 04:00:00,2024-04-29,04:00:00,0.8981,Monday,4,4,Spring,0
10023456782,2024-04-29 05:00:00,2024-04-29,05:00:00,1.8000,Monday,5,4,Spring,0
10023456782,2024-04-29 06:00:00,2024-04-29,06:00:00,3.4087,Monday,6,4,Spring,0
10023456782,2024-04-29 07:00:00,2024-04-29,07:00:00,3.9875,Monday,7,4,Spring,0
10023456782,2024-04-29 08:00:00,2024-04-29,08:00:00,4.1106,Monday,8,4,Spring,0
10023456782,2024-04-29 09:00:00,2024-04-29,09:00:00,3.7379,Monday,9,4,Spring,0
10023456782,2024-04-29 10:00:00,2024-04-29,10:00:00,3.9019,Monday,10,4,Spring,0
10023456782,2024-04-29 11:00:00,2024-04-29,11:00:00,3.8084,Monday,11,4,Spring,0
10023456782,2024-04-29 12:00:00,2024-04-29,12:00:00,4.0021,Monday,12,4,Spring,0
10023456782,2024-04-29 13:00:00,2024-04-29,13:00:00,3.9353,Monday,13,4,Spring,0
10023456782,2024-04-29 14:00:00,2024-04-29,14:00:00,16.3307,Monday,14,4,Spring,1
10023456782,2024-04-29 15:00:00,2024-04-29,15:00:00,3.2657,Monday,15,4,Spring,0
10023456782,2024-04-29 16:00:00,2024-04-29,16:00:00,3.6466,Monday,16,4,Spring,0
10023456782,2024-04-29 17:00:00,2024-04-29,17:00:00,4.4297,Monday,17,4,Spring,0
10023456782,2024-04-29 18:00:00,2024-04-29,18:00:00,4.7182,Monday,18,4,Spring,0
10023456782,2024-04-29 19:00:00,2024-04-29,19:00:00,4.4902,Monday,19,4,Spring,0
10023456782,2024-04-29 20:00:00,2024-04-29,20:00:00,3.7855,Monday,20,4,Spring,0
10023456782,2024-04-29 21:00:00,2024-04-29,21:00:00,3.4076,Monday,21,4,Spring,0
10023456782,2024-04-29 22:00:00,2024-04-29,22:00:00,2.2905,Monday,22,4,Spring,0
10023456782,2024-04-29 23:00:00,2024-04-29,23:00:00,1.9359,Monday,23,4,Spring,0
10023456782,2024-04-30 00:00:00,2024-04-30,00:00:00,1.5408,Tuesday,0,4,Spring,0
10023456782,2024-04-30 01:00:00,2024-04-30,01:00:00,1.1325,Tuesday,1,4,Spring,0
10023456782,2024-04-30 02:00:00,2024-04-30,02:00:00,1.0339,Tuesday,2,4,Spring,0
10023456782,2024-04-30 03:00:00,2024-04-30,03:00:00,1.1791,Tuesday,3,4,Spring,0
10023456782,2024-04-30 04:00:00,2024-04-30,04:00:00,1.2989,Tuesday,4,4,Spring,0
10023456782,2024-04-30 05:00:00,2024-04-30,05:00:00,2.1228,Tuesday,5,4,Spring,0
10023456782,2024-04-30 06:00:00,2024-04-30,06:00:00,3.1070,Tuesday,6,4,Spring,0
10023456782,2024-04-30 07:00:00,2024-04-30,07:00:00,3.9914,Tuesday,7,4,Spring,0
10023456782,2024-04-30 08:00:00,2024-04-30,08:00:00,5.2224,Tuesday,8,4,Spring,0
10023456782,2024-04-30 09:00:00,2024-04-30,09:00:00,4.9671,Tuesday,9,4,Spring,0
10023456782,2024-04-30 10:00:00,2024-04-30,10:00:00,3.8550,Tuesday,10,4,Spring,0
10023456782,2024-04-30 11:00:00,2024-04-30,11:00:00,4.5952,Tuesday,11,4,Spring,0
10023456782,2024-04-30 12:00:00,2024-04-30,12:00:00,3.8535,Tuesday,12,4,Spring,0
10023456782,2024-04-30 13:00:00,2024-04-30,13:00:00,3.7048,Tuesday,13,4,Spring,0
10023456782,2024-04-30 14:00:00,2024-04-30,14:00:00,3.7500,Tuesday,14,4,Spring,0
10023456782,2024-04-30 15:00:00,2024-04-30,15:00:00,3.5988,Tuesday,15,4,Spring,0
10023456782,2024-04-30 16:00:00,2024-04-30,16:00:00,4.1284,Tuesday,16,4,Spring,0
10023456782,2024-04-30 17:00:00,2024-04-30,17:00:00,4.3682,Tuesday,17,4,Spring,0
10023456782,2024-04-30 18:00:00,2024-04-30,18:00:00,4.6738,Tuesday,18,4,Spring,0
10023456782,2024-04-30 19:00:00,2024-04-30,19:00:00,4.9267,Tuesday,19,4,Spring,0
10023456782,2024-04-30 20:00:00,2024-04-30,20:00:00,3.5531,Tuesday,20,4,Spring,0
10023456782,2024-04-30 21:00:00,2024-04-30,21:00:00,3.2832,Tuesday,21,4,Spring,0
10023456782,2024-04-30 22:00:00,2024-04-30,22:00:00,2.5235,Tuesday,22,4,Spring,0
10023456782,2024-04-30 23:00:00,2024-04-30,23:00:00,1.8512,Tuesday,23,4,Spring,0
10023456782,2024-05-01 00:00:00,2024-05-01,00:00:00,1.5977,Wednesday,0,5,Spring,0
10023456782,2024-05-01 01:00:00,2024-05-01,01:00:00,1.9180,Wednesday,1,5,Spring,0
10023456782,2024-05-01 02:00:00,2024-05-01,02:00:00,8.7221,Wednesday,2,5,Spring,1
10023456782,2024-05-01 03:00:00,2024-05-01,03:00:00,1.2770,Wednesday,3,5,Spring,0
10023456782,2024-05-01 04:00:00,2024-05-01,04:00:00,1.7224,Wednesday,4,5,Spring,0
10023456782,2024-05-01 05:00:00,2024-05-01,05:00:00,2.1071,Wednesday,5,5,Spring,0
10023456782,2024-05-01 06:00:00,2024-05-01,06:00:00,3.3351,Wednesday,6,5,Spring,0
10023456782,2024-05-01 07:00:00,2024-05-01,07:00:00,4.3762,Wednesday,7,5,Spring,0
10023456782,2024-05-01 08:00:00,2024-05-01,08:00:00,6.3922,Wednesday,8,5,Spring,0
10023456782,2024-05-01 09:00:00,2024-05-01,09:00:00,5.3096,Wednesday,9,5,Spring,0
10023456782,2024-05-01 10:00:00,2024-05-01,10:00:00,5.4603,Wednesday,10,5,Spring,0
10023456782,2024-05-01 11:00:00,2024-05-01,11:00:00,4.2523,Wednesday,11,5,Spring,0
10023456782,2024-05-01 12:00:00,2024-05-01,12:00:00,5.3442,Wednesday,12,5,Spring,0
10023456782,2024-05-01 13:00:00,2024-05-01,13:00:00,5.7517,Wednesday,13,5,Spring,0
10023456782,2024-05-01 14:00:00,2024-05-01,14:00:00,4.5148,Wednesday,14,5,Spring,0
10023456782,2024-05-01 15:00:00,2024-05-01,15:00:00,5.1356,Wednesday,15,5,Spring,0
10023456782,2024-05-01 16:00:00,2024-05-01,16:00:00,5.4010,Wednesday,16,5,Spring,0
10023456782,2024-05-01 17:00:00,2024-05-01,17:00:00,5.0897,Wednesday,17,5,Spring,0
10023456782,2024-05-01 18:00:00,2024-05-01,18:00:00,6.2362,Wednesday,18,5,Spring,0
10023456782,2024-05-01 19:00:00,2024-05-01,19:00:00,7.5057,Wednesday,19,5,Spring,0
10023456782,2024-05-01 20:00:00,2024-05-01,20:00:00,3.9266,Wednesday,20,5,Spring,0
10023456782,2024-05-01 21:00:00,2024-05-01,21:00:00,4.1982,Wednesday,21,5,Spring,0
10023456782,2024-05-01 22:00:00,2024-05-01,22:00:00,3.3457,Wednesday,22,5,Spring,0
10023456782,2024-05-01 23:00:00,2024-05-01,23:00:00,1.9432,Wednesday,23,5,Spring,0
10023456782,2024-05-02 00:00:00,2024-05-02,00:00:00,1.2068,Thursday,0,5,Spring,0
10023456782,2024-05-02 01:00:00,2024-05-02,01:00:00,1.6675,Thursday,1,5,Spring,0
10023456782,2024-05-02 02:00:00,2024-05-02,02:00:00,1.5077,Thursday,2,5,Spring,0
10023456782,2024-05-02 03:00:00,2024-05-02,03:00:00,1.0166,Thursday,3,5,Spring,0
10023456782,2024-05-02 04:00:00,2024-05-02,04:00:00,1.2744,Thursday,4,5,Spring,0
10023456782,2024-05-02 05:00:00,2024-05-02,05:00:00,1.6834,Thursday,5,5,Spring,0
10023456782,2024-05-02 06:00:00,2024-05-02,06:00:00,3.1608,Thursday,6,5,Spring,0
10023456782,2024-05-02 07:00:00,2024-05-02,07:00:00,3.9392,Thursday,7,5,Spring,0
10023456782,2024-05-02 08:00:00,2024-05-02,08:00:00,4.7212,Thursday,8,5,Spring,0
10023456782,2024-05-02 09:00:00,2024-05-02,09:00:00,14.8350,Thursday,9,5,Spring,1
10023456782,2024-05-02 10:00:00,2024-05-02,10:00:00,9.2684,Thursday,10,5,Spring,1
10023456782,2024-05-02 11:00:00,2024-05-02,11:00:00,11.1419,Thursday,11,5,Spring,1
10023456782,2024-05-02 12:00:00,2024-05-02,12:00:00,3.0184,Thursday,12,5,Spring,0
10023456782,2024-05-02 13:00:00,2024-05-02,13:00:00,3.9996,Thursday,13,5,Spring,0
10023456782,2024-05-02 14:00:00,2024-05-02,14:00:00,3.8944,Thursday,14,5,Spring,0
10023456782,2024-05-02 15:00:00,2024-05-02,15:00:00,4.1173,Thursday,15,5,Spring,0
10023456782,2024-05-02 16:00:00,2024-05-02,16:00:00,4.4212,Thursday,16,5,Spring,0
10023456782,2024-05-02 17:00:00,2024-05-02,17:00:00,5.1144,Thursday,17,5,Spring,0
10023456782,2024-05-02 18:00:00,2024-05-02,18:00:00,5.2917,Thursday,18,5,Spring,0
10023456782,2024-05-02 19:00:00,2024-05-02,19:00:00,4.6956,Thursday,19,5,Spring,0
10023456782,2024-05-02 20:00:00,2024-05-02,20:00:00,4.0195,Thursday,20,5,Spring,0
10023456782,2024-05-02 21:00:00,2024-05-02,21:00:00,2.9335,Thursday,21,5,Spring,0
10023456782,2024-05-02 22:00:00,2024-05-02,22:00:00,2.5573,Thursday,22,5,Spring,0
10023456782,2024-05-02 23:00:00,2024-05-02,23:00:00,1.8281,Thursday,23,5,Spring,0
10023456782,2024-05-03 00:00:00,2024-05-03,00:00:00,1.5413,Friday,0,5,Spring,0
10023456782,2024-05-03 01:00:00,2024-05-03,01:00:00,1.3581,Friday,1,5,Spring,0
10023456782,2024-05-03 02:00:00,2024-05-03,02:00:00,1.2536,Friday,2,5,Spring,0
10023456782,2024-05-03 03:00:00,2024-05-03,03:00:00,1.2296,Friday,3,5,Spring,0
10023456782,2024-05-03 04:00:00,2024-05-03,04:00:00,1.2058,Friday,4,5,Spring,0
10023456782,2024-05-03 05:00:00,2024-05-03,05:00:00,2.0818,Friday,5,5,Spring,0
10023456782,2024-05-03 06:00:00,2024-05-03,06:00:00,3.0944,Friday,6,5,Spring,0
10023456782,2024-05-03 07:00:00,2024-05-03,07:00:00,3.9170,Friday,7,5,Spring,0
10023456782,2024-05-03 08:00:00,2024-05-03,08:00:00,4.7658,Friday,8,5,Spring,0
10023456782,2024-05-03 09:00:00,2024-05-03,09:00:00,4.4458,Friday,9,5,Spring,0
10023456782,2024-05-03 10:00:00,2024-05-03,10:00:00,3.2793,Friday,10,5,Spring,0
10023456782,2024-05-03 11:00:00,2024-05-03,11:00:00,4.2078,Friday,11,5,Spring,0
10023456782,2024-05-03 12:00:00,2024-05-03,12:00:00,4.2714,Friday,12,5,Spring,0
10023456782,2024-05-03 13:00:00,2024-05-03,13:00:00,4.3127,Friday,13,5,Spring,0
10023456782,2024-05-03 14:00:00,2024-05-03,14:00:00,3.5381,Friday,14,5,Spring,0
10023456782,2024-05-03 15:00:00,2024-05-03,15:00:00,3.9902,Friday,15,5,Spring,0
10023456782,2024-05-03 16:00:00,2024-05-03,16:00:00,4.9773,Friday,16,5,Spring,0
10023456782,2024-05-03 17:00:00,2024-05-03,17:00:00,4.5854,Friday,17,5,Spring,0
10023456782,2024-05-03 18:00:00,2024-05-03,18:00:00,4.5861,Friday,18,5,Spring,0
10023456782,2024-05-03 19:00:00,2024-05-03,19:00:00,4.1833,Friday,19,5,Spring,0
10023456782,2024-05-03 20:00:00,2024-05-03,20:00:00,4.2245,Friday,20,5,Spring,0
10023456782,2024-05-03 21:00:00,2024-05-03,21:00:00,3.6923,Friday,21,5,Spring,0
10023456782,2024-05-03 22:00:00,2024-05-03,22:00:00,2.7569,Friday,22,5,Spring,0
10023456782,2024-05-03 23:00:00,2024-05-03,23:00:00,1.9257,Friday,23,5,Spring,0
10023456782,2024-05-04 00:00:00,2024-05-04,00:00:00,1.5433,Saturday,0,5,Spring,0
10023456782,2024-05-04 01:00:00,2024-05-04,01:00:00,1.6703,Saturday,1,5,Spring,0
10023456782,2024-05-04 02:00:00,2024-05-04,02:00:00,1.3945,Saturday,2,5,Spring,0
10023456782,2024-05-04 03:00:00,2024-05-04,03:00:00,1.3039,Saturday,3,5,Spring,0
10023456782,2024-05-04 04:00:00,2024-05-04,04:00:00,1.2835,Saturday,4,5,Spring,0
10023456782,2024-05-04 05:00:00,2024-05-04,05:00:00,1.4622,Saturday,5,5,Spring,0
10023456782,2024-05-04 06:00:00,2024-05-04,06:00:00,2.4330,Saturday,6,5,Spring,0
10023456782,2024-05-04 07:00:00,2024-05-04,07:00:00,3.3693,Saturday,7,5,Spring,0
10023456782,2024-05-04 08:00:00,2024-05-04,08:00:00,4.1193,Saturday,8,5,Spring,0
10023456782,2024-05-04 09:00:00,2024-05-04,09:00:00,4.1055,Saturday,9,5,Spring,0
10023456782,2024-05-04 10:00:00,2024-05-04,10:00:00,4.0331,Saturday,10,5,Spring,0
10023456782,2024-05-04 11:00:00,2024-05-04,11:00:00,4.1006,Saturday,11,5,Spring,0
10023456782,2024-05-04 12:00:00,2024-05-04,12:00:00,0.2560,Saturday,12,5,Spring,1
10023456782,2024-05-04 13:00:00,2024-05-04,13:00:00,3.8085,Saturday,13,5,Spring,0
10023456782,2024-05-04 14:00:00,2024-05-04,14:00:00,4.2358,Saturday,14,5,Spring,0
10023456782,2024-05-04 15:00:00,2024-05-04,15:00:00,3.9146,Saturday,15,5,Spring,0
10023456782,2024-05-04 16:00:00,2024-05-04,16:00:00,3.9224,Saturday,16,5,Spring,0
10023456782,2024-05-04 17:00:00,2024-05-04,17:00:00,13.2710,Saturday,17,5,Spring,1
10023456782,2024-05-04 18:00:00,2024-05-04,18:00:00,14.9935,Saturday,18,5,Spring,1
10023456782,2024-05-04 19:00:00,2024-05-04,19:00:00,13.6029,Saturday,19,5,Spring,1
10023456782,2024-05-04 20:00:00,2024-05-04,20:00:00,12.7611,Saturday,20,5,Spring,1
10023456782,2024-05-04 21:00:00,2024-05-04,21:00:00,10.3643,Saturday,21,5,Spring,1
10023456782,2024-05-04 22:00:00,2024-05-04,22:00:00,8.0936,Saturday,22,5,Spring,1
10023456782,2024-05-04 23:00:00,2024-05-04,23:00:00,2.1101,Saturday,23,5,Spring,0
10023456782,2024-05-05 00:00:00,2024-05-05,00:00:00,2.3147,Sunday,0,5,Spring,0
10023456782,2024-05-05 01:00:00,2024-05-05,01:00:00,1.7523,Sunday,1,5,Spring,0
10023456782,2024-05-05 02:00:00,2024-05-05,02:00:00,1.9530,Sunday,2,5,Spring,0
10023456782,2024-05-05 03:00:00,2024-05-05,03:00:00,1.8111,Sunday,3,5,Spring,0
10023456782,2024-05-05 04:00:00,2024-05-05,04:00:00,1.6523,Sunday,4,5,Spring,0
10023456782,2024-05-05 05:00:00,2024-05-05,05:00:00,1.8658,Sunday,5,5,Spring,0
10023456782,2024-05-05 06:00:00,2024-05-05,06:00:00,2.6982,Sunday,6,5,Spring,0
10023456782,2024-05-05 07:00:00,2024-05-05,07:00:00,3.7795,Sunday,7,5,Spring,0
10023456782,2024-05-05 08:00:00,2024-05-05,08:00:00,4.6290,Sunday,8,5,Spring,0
10023456782,2024-05-05 09:00:00,2024-05-05,09:00:00,4.7634,Sunday,9,5,Spring,0
10023456782,2024-05-05 10:00:00,2024-05-05,10:00:00,4.5028,Sunday,10,5,Spring,0
10023456782,2024-05-05 11:00:00,2024-05-05,11:00:00,4.7780,Sunday,11,5,Spring,0
10023456782,2024-05-05 12:00:00,2024-05-05,12:00:00,3.9745,Sunday,12,5,Spring,0
10023456782,2024-05-05 13:00:00,2024-05-05,13:00:00,4.3973,Sunday,13,5,Spring,0
10023456782,2024-05-05 14:00:00,2024-05-05,14:00:00,2.9868,Sunday,14,5,Spring,0
10023456782,2024-05-05 15:00:00,2024-05-05,15:00:00,3.7132,Sunday,15,5,Spring,0
10023456782,2024-05-05 16:00:00,2024-05-05,16:00:00,4.2784,Sunday,16,5,Spring,0
10023456782,2024-05-05 17:00:00,2024-05-05,17:00:00,5.1715,Sunday,17,5,Spring,0
10023456782,2024-05-05 18:00:00,2024-05-05,18:00:00,5.4990,Sunday,18,5,Spring,0
10023456782,2024-05-05 19:00:00,2024-05-05,19:00:00,26.6719,Sunday,19,5,Spring,1
10023456782,2024-05-05 20:00:00,2024-05-05,20:00:00,5.7827,Sunday,20,5,Spring,0
10023456782,2024-05-05 21:00:00,2024-05-05,21:00:00,3.4884,Sunday,21,5,Spring,0
10023456782,2024-05-05 22:00:00,2024-05-05,22:00:00,2.9852,Sunday,22,5,Spring,0
10023456782,2024-05-05 23:00:00,2024-05-05,23:00:00,1.9554,Sunday,23,5,Spring,0
10023456782,2024-05-06 00:00:00,2024-05-06,00:00:00,2.1488,Monday,0,5,Spring,0
10023456782,2024-05-06 01:00:00,2024-05-06,01:00:00,1.8228,Monday,1,5,Spring,0
10023456782,2024-05-06 02:00:00,2024-05-06,02:00:00,1.6438,Monday,2,5,Spring,0
10023456782,2024-05-06 03:00:00,2024-05-06,03:00:00,1.8571,Monday,3,5,Spring,0
10023456782,2024-05-06 04:00:00,2024-05-06,04:00:00,1.7257,Monday,4,5,Spring,0
10023456782,2024-05-06 05:00:00,2024-05-06,05:00:00,2.4576,Monday,5,5,Spring,0
10023456782,2024-05-06 06:00:00,2024-05-06,06:00:00,4.2132,Monday,6,5,Spring,0
10023456782,2024-05-06 07:00:00,2024-05-06,07:00:00,6.1725,Monday,7,5,Spring,0
10023456782,2024-05-06 08:00:00,2024-05-06,08:00:00,6.6371,Monday,8,5,Spring,0
10023456782,2024-05-06 09:00:00,2024-05-06,09:00:00,5.0706,Monday,9,5,Spring,0
10023456782,2024-05-06 10:00:00,2024-05-06,10:00:00,4.9722,Monday,10,5,Spring,0
10023456782,2024-05-06 11:00:00,2024-05-06,11:00:00,5.3343,Monday,11,5,Spring,0
10023456782,2024-05-06 12:00:00,2024-05-06,12:00:00,4.5499,Monday,12,5,Spring,0
10023456782,2024-05-06 13:00:00,2024-05-06,13:00:00,4.8728,Monday,13,5,Spring,0
10023456782,2024-05-06 14:00:00,2024-05-06,14:00:00,4.7861,Monday,14,5,Spring,0
10023456782,2024-05-06 15:00:00,2024-05-06,15:00:00,5.3979,Monday,15,5,Spring,0
10023456782,2024-05-06 16:00:00,2024-05-06,16:00:00,6.3599,Monday,16,5,Spring,0
10023456782,2024-05-06 17:00:00,2024-05-06,17:00:00,6.5379,Monday,17,5,Spring,0
10023456782,2024-05-06 18:00:00,2024-05-06,18:00:00,5.8857,Monday,18,5,Spring,0
10023456782,2024-05-06 19:00:00,2024-05-06,19:00:00,4.8267,Monday,19,5,Spring,0
10023456782,2024-05-06 20:00:00,2024-05-06,20:00:00,5.4063,Monday,20,5,Spring,0
10023456782,2024-05-06 21:00:00,2024-05-06,21:00:00,4.4990,Monday,21,5,Spring,0
10023456782,2024-05-06 22:00:00,2024-05-06,22:00:00,3.6674,Monday,22,5,Spring,0
10023456782,2024-05-06 23:00:00,2024-05-06,23:00:00,1.7222,Monday,23,5,Spring,0
10023456782,2024-05-07 00:00:00,2024-05-07,00:00:00,1.5805,Tuesday,0,5,Spring,0
10023456782,2024-05-07 01:00:00,2024-05-07,01:00:00,1.8773,Tuesday,1,5,Spring,0
10023456782,2024-05-07 02:00:00,2024-05-07,02:00:00,1.6561,Tuesday,2,5,Spring,0
10023456782,2024-05-07 03:00:00,2024-05-07,03:00:00,1.6736,Tuesday,3,5,Spring,0
10023456782,2024-05-07 04:00:00,2024-05-07,04:00:00,1.6328,Tuesday,4,5,Spring,0
10023456782,2024-05-07 05:00:00,2024-05-07,05:00:00,2.3411,Tuesday,5,5,Spring,0
10023456782,2024-05-07 06:00:00,2024-05-07,06:00:00,4.0233,Tuesday,6,5,Spring,0
10023456782,2024-05-07 07:00:00,2024-05-07,07:00:00,5.2929,Tuesday,7,5,Spring,0
10023456782,2024-05-07 08:00:00,2024-05-07,08:00:00,4.6600,Tuesday,8,5,Spring,0
10023456782,2024-05-07 09:00:00,2024-05-07,09:00:00,5.0027,Tuesday,9,5,Spring,0
10023456782,2024-05-07 10:00:00,2024-05-07,10:00:00,5.6219,Tuesday,10,5,Spring,0
10023456782,2024-05-07 11:00:00,2024-05-07,11:00:00,4.3623,Tuesday,11,5,Spring,0
10023456782,2024-05-07 12:00:00,2024-05-07,12:00:00,4.4989,Tuesday,12,5,Spring,0
10023456782,2024-05-07 13:00:00,2024-05-07,13:00:00,4.3319,Tuesday,13,5,Spring,0
10023456782,2024-05-07 14:00:00,2024-05-07,14:00:00,5.2095,Tuesday,14,5,Spring,0
10023456782,2024-05-07 15:00:00,2024-05-07,15:00:00,5.1510,Tuesday,15,5,Spring,0
10023456782,2024-05-07 16:00:00,2024-05-07,16:00:00,5.8614,Tuesday,16,5,Spring,0
10023456782,2024-05-07 17:00:00,2024-05-07,17:00:00,6.2033,Tuesday,17,5,Spring,0
10023456782,2024-05-07 18:00:00,2024-05-07,18:00:00,5.9818,Tuesday,18,5,Spring,0
10023456782,2024-05-07 19:00:00,2024-05-07,19:00:00,4.9084,Tuesday,19,5,Spring,0
10023456782,2024-05-07 20:00:00,2024-05-07,20:00:00,5.2818,Tuesday,20,5,Spring,0
10023456782,2024-05-07 21:00:00,2024-05-07,21:00:00,5.7153,Tuesday,21,5,Spring,0
10023456782,2024-05-07 22:00:00,2024-05-07,22:00:00,3.0847,Tuesday,22,5,Spring,0
10023456782,2024-05-07 23:00:00,2024-05-07,23:00:00,2.7912,Tuesday,23,5,Spring,0
10023456782,2024-05-08 00:00:00,2024-05-08,00:00:00,1.4383,Wednesday,0,5,Spring,0
10023456782,2024-05-08 01:00:00,2024-05-08,01:00:00,1.2026,Wednesday,1,5,Spring,0
10023456782,2024-05-08 02:00:00,2024-05-08,02:00:00,1.2848,Wednesday,2,5,Spring,0
10023456782,2024-05-08 03:00:00,2024-05-08,03:00:00,1.2301,Wednesday,3,5,Spring,0
10023456782,2024-05-08 04:00:00,2024-05-08,04:00:00,1.4599,Wednesday,4,5,Spring,0
10023456782,2024-05-08 05:00:00,2024-05-08,05:00:00,1.6406,Wednesday,5,5,Spring,0
10023456782,2024-05-08 06:00:00,2024-05-08,06:00:00,3.0030,Wednesday,6,5,Spring,0
10023456782,2024-05-08 07:00:00,2024-05-08,07:00:00,4.0044,Wednesday,7,5,Spring,0
10023456782,2024-05-08 08:00:00,2024-05-08,08:00:00,4.5729,Wednesday,8,5,Spring,0
10023456782,2024-05-08 09:00:00,2024-05-08,09:00:00,4.0278,Wednesday,9,5,Spring,0
10023456782,2024-05-08 10:00:00,2024-05-08,10:00:00,4.8993,Wednesday,10,5,Spring,0
10023456782,2024-05-08 11:00:00,2024-05-08,11:00:00,3.3162,Wednesday,11,5,Spring,0
10023456782,2024-05-08 12:00:00,2024-05-08,12:00:00,3.6552,Wednesday,12,5,Spring,0
10023456782,2024-05-08 13:00:00,2024-05-08,13:00:00,4.3020,Wednesday,13,5,Spring,0
10023456782,2024-05-08 14:00:00,2024-05-08,14:00:00,2.8607,Wednesday,14,5,Spring,0
10023456782,2024-05-08 15:00:00,2024-05-08,15:00:00,3.1708,Wednesday,15,5,Spring,0
10023456782,2024-05-08 16:00:00,2024-05-08,16:00:00,3.8943,Wednesday,16,5,Spring,0
10023456782,2024-05-08 17:00:00,2024-05-08,17:00:00,4.7050,Wednesday,17,5,Spring,0
10023456782,2024-05-08 18:00:00,2024-05-08,18:00:00,4.9099,Wednesday,18,5,Spring,0
10023456782,2024-05-08 19:00:00,2024-05-08,19:00:00,5.4229,Wednesday,19,5,Spring,0
10023456782,2024-05-08 20:00:00,2024-05-08,20:00:00,4.8744,Wednesday,20,5,Spring,0
10023456782,2024-05-08 21:00:00,2024-05-08,21:00:00,3.1678,Wednesday,21,5,Spring,0
10023456782,2024-05-08 22:00:00,2024-05-08,22:00:00,2.5812,Wednesday,22,5,Spring,0
10023456782,2024-05-08 23:00:00,2024-05-08,23:00:00,1.7566,Wednesday,23,5,Spring,0
10023456782,2024-05-09 00:00:00,2024-05-09,00:00:00,1.8026,Thursday,0,5,Spring,0
10023456782,2024-05-09 01:00:00,2024-05-09,01:00:00,1.6152,Thursday,1,5,Spring,0
10023456782,2024-05-09 02:00:00,2024-05-09,02:00:00,1.4081,Thursday,2,5,Spring,0
10023456782,2024-05-09 03:00:00,2024-05-09,03:00:00,1.5107,Thursday,3,5,Spring,0
10023456782,2024-05-09 04:00:00,2024-05-09,04:00:00,1.6434,Thursday,4,5,Spring,0
10023456782,2024-05-09 05:00:00,2024-05-09,05:00:00,2.1679,Thursday,5,5,Spring,0
10023456782,2024-05-09 06:00:00,2024-05-09,06:00:00,2.9823,Thursday,6,5,Spring,0
10023456782,2024-05-09 07:00:00,2024-05-09,07:00:00,4.2317,Thursday,7,5,Spring,0
10023456782,2024-05-09 08:00:00,2024-05-09,08:00:00,5.0927,Thursday,8,5,Spring,0
10023456782,2024-05-09 09:00:00,2024-05-09,09:00:00,4.7023,Thursday,9,5,Spring,0
10023456782,2024-05-09 10:00:00,2024-05-09,10:00:00,4.0481,Thursday,10,5,Spring,0
10023456782,2024-05-09 11:00:00,2024-05-09,11:00:00,3.6347,Thursday,11,5,Spring,0
10023456782,2024-05-09 12:00:00,2024-05-09,12:00:00,4.9342,Thursday,12,5,Spring,0
10023456782,2024-05-09 13:00:00,2024-05-09,13:00:00,3.9838,Thursday,13,5,Spring,0
10023456782,2024-05-09 14:00:00,2024-05-09,14:00:00,3.8503,Thursday,14,5,Spring,0
10023456782,2024-05-09 15:00:00,2024-05-09,15:00:00,5.2120,Thursday,15,5,Spring,0
10023456782,2024-05-09 16:00:00,2024-05-09,16:00:00,4.8750,Thursday,16,5,Spring,0
10023456782,2024-05-09 17:00:00,2024-05-09,17:00:00,4.4512,Thursday,17,5,Spring,0
10023456782,2024-05-09 18:00:00,2024-05-09,18:00:00,5.9486,Thursday,18,5,Spring,0
10023456782,2024-05-09 19:00:00,2024-05-09,19:00:00,5.0696,Thursday,19,5,Spring,0
10023456782,2024-05-09 20:00:00,2024-05-09,20:00:00,4.9529,Thursday,20,5,Spring,0
10023456782,2024-05-09 21:00:00,2024-05-09,21:00:00,3.5936,Thursday,21,5,Spring,0
10023456782,2024-05-09 22:00:00,2024-05-09,22:00:00,2.9558,Thursday,22,5,Spring,0
10023456782,2024-05-09 23:00:00,2024-05-09,23:00:00,1.6754,Thursday,23,5,Spring,0
10023456782,2024-05-10 00:00:00,2024-05-10,00:00:00,1.7050,Friday,0,5,Spring,0
10023456782,2024-05-10 01:00:00,2024-05-10,01:00:00,4.2054,Friday,1,5,Spring,1
10023456782,2024-05-10 02:00:00,2024-05-10,02:00:00,1.4753,Friday,2,5,Spring,0
10023456782,2024-05-10 03:00:00,2024-05-10,03:00:00,1.5962,Friday,3,5,Spring,0
10023456782,2024-05-10 04:00:00,2024-05-10,04:00:00,1.6495,Friday,4,5,Spring,0
10023456782,2024-05-10 05:00:00,2024-05-10,05:00:00,2.3537,Friday,5,5,Spring,0
10023456782,2024-05-10 06:00:00,2024-05-10,06:00:00,2.3875,Friday,6,5,Spring,0
10023456782,2024-05-10 07:00:00,2024-05-10,07:00:00,4.1720,Friday,7,5,Spring,0
10023456782,2024-05-10 08:00:00,2024-05-10,08:00:00,5.5476,Friday,8,5,Spring,0
10023456782,2024-05-10 09:00:00,2024-05-10,09:00:00,5.3486,Friday,9,5,Spring,0
10023456782,2024-05-10 10:00:00,2024-05-10,10:00:00,5.0827,Friday,10,5,Spring,0
10023456782,2024-05-10 11:00:00,2024-05-10,11:00:00,4.6558,Friday,11,5,Spring,0
10023456782,2024-05-10 12:00:00,2024-05-10,12:00:00,3.9138,Friday,12,5,Spring,0
10023456782,2024-05-10 13:00:00,2024-05-10,13:00:00,4.9806,Friday,13,5,Spring,0
10023456782,2024-05-10 14:00:00,2024-05-10,14:00:00,4.7753,Friday,14,5,Spring,0
10023456782,2024-05-10 15:00:00,2024-05-10,15:00:00,5.1580,Friday,15,5,Spring,0
10023456782,2024-05-10 16:00:00,2024-05-10,16:00:00,5.4818,Friday,16,5,Spring,0
10023456782,2024-05-10 17:00:00,2024-05-10,17:00:00,4.8737,Friday,17,5,Spring,0
10023456782,2024-05-10 18:00:00,2024-05-10,18:00:00,5.9129,Friday,18,5,Spring,0
10023456782,2024-05-10 19:00:00,2024-05-10,19:00:00,6.0846,Friday,19,5,Spring,0
10023456782,2024-05-10 20:00:00,2024-05-10,20:00:00,5.6665,Friday,20,5,Spring,0
10023456782,2024-05-10 21:00:00,2024-05-10,21:00:00,4.2007,Friday,21,5,Spring,0
10023456782,2024-05-10 22:00:00,2024-05-10,22:00:00,3.1164,Friday,22,5,Spring,0
10023456782,2024-05-10 23:00:00,2024-05-10,23:00:00,2.2717,Friday,23,5,Spring,0
10023456782,2024-05-11 00:00:00,2024-05-11,00:00:00,1.1608,Saturday,0,5,Spring,0
10023456782,2024-05-11 01:00:00,2024-05-11,01:00:00,1.1327,Saturday,1,5,Spring,0
10023456782,2024-05-11 02:00:00,2024-05-11,02:00:00,1.3099,Saturday,2,5,Spring,0
10023456782,2024-05-11 03:00:00,2024-05-11,03:00:00,1.0318,Saturday,3,5,Spring,0
10023456782,2024-05-11 04:00:00,2024-05-11,04:00:00,1.0682,Saturday,4,5,Spring,0
10023456782,2024-05-11 05:00:00,2024-05-11,05:00:00,1.5009,Saturday,5,5,Spring,0
10023456782,2024-05-11 06:00:00,2024-05-11,06:00:00,2.2533,Saturday,6,5,Spring,0
10023456782,2024-05-11 07:00:00,2024-05-11,07:00:00,2.5786,Saturday,7,5,Spring,0
10023456782,2024-05-11 08:00:00,2024-05-11,08:00:00,2.8946,Saturday,8,5,Spring,0
10023456782,2024-05-11 09:00:00,2024-05-11,09:00:00,3.4386,Saturday,9,5,Spring,0
10023456782,2024-05-11 10:00:00,2024-05-11,10:00:00,2.7441,Saturday,10,5,Spring,0
10023456782,2024-05-11 11:00:00,2024-05-11,11:00:00,3.1098,Saturday,11,5,Spring,0
10023456782,2024-05-11 12:00:00,2024-05-11,12:00:00,2.8396,Saturday,12,5,Spring,0
10023456782,2024-05-11 13:00:00,2024-05-11,13:00:00,2.7238,Saturday,13,5,Spring,0
10023456782,2024-05-11 14:00:00,2024-05-11,14:00:00,3.0714,Saturday,14,5,Spring,0
10023456782,2024-05-11 15:00:00,2024-05-11,15:00:00,2.1805,Saturday,15,5,Spring,0
10023456782,2024-05-11 16:00:00,2024-05-11,16:00:00,3.2926,Saturday,16,5,Spring,0
10023456782,2024-05-11 17:00:00,2024-05-11,17:00:00,4.1032,Saturday,17,5,Spring,0
10023456782,2024-05-11 18:00:00,2024-05-11,18:00:00,3.7396,Saturday,18,5,Spring,0
10023456782,2024-05-11 19:00:00,2024-05-11,19:00:00,4.3901,Saturday,19,5,Spring,0
10023456782,2024-05-11 20:00:00,2024-05-11,20:00:00,4.2281,Saturday,20,5,Spring,0
10023456782,2024-05-11 21:00:00,2024-05-11,21:00:00,3.1853,Saturday,21,5,Spring,0
10023456782,2024-05-11 22:00:00,2024-05-11,22:00:00,1.6398,Saturday,22,5,Spring,0
10023456782,2024-05-11 23:00:00,2024-05-11,23:00:00,1.6429,Saturday,23,5,Spring,0
10023456782,2024-05-12 00:00:00,2024-05-12,00:00:00,1.4155,Sunday,0,5,Spring,0
10023456782,2024-05-12 01:00:00,2024-05-12,01:00:00,1.2481,Sunday,1,5,Spring,0
10023456782,2024-05-12 02:00:00,2024-05-12,02:00:00,1.0404,Sunday,2,5,Spring,0
10023456782,2024-05-12 03:00:00,2024-05-12,03:00:00,1.1278,Sunday,3,5,Spring,0
10023456782,2024-05-12 04:00:00,2024-05-12,04:00:00,1.2912,Sunday,4,5,Spring,0
10023456782,2024-05-12 05:00:00,2024-05-12,05:00:00,1.8562,Sunday,5,5,Spring,0
10023456782,2024-05-12 06:00:00,2024-05-12,06:00:00,2.0975,Sunday,6,5,Spring,0
10023456782,2024-05-12 07:00:00,2024-05-12,07:00:00,2.5379,Sunday,7,5,Spring,0
10023456782,2024-05-12 08:00:00,2024-05-12,08:00:00,2.6568,Sunday,8,5,Spring,0
10023456782,2024-05-12 09:00:00,2024-05-12,09:00:00,3.2966,Sunday,9,5,Spring,0
10023456782,2024-05-12 10:00:00,2024-05-12,10:00:00,3.0445,Sunday,10,5,Spring,0
10023456782,2024-05-12 11:00:00,2024-05-12,11:00:00,3.2573,Sunday,11,5,Spring,0
10023456782,2024-05-12 12:00:00,2024-05-12,12:00:00,3.1470,Sunday,12,5,Spring,0
10023456782,2024-05-12 13:00:00,2024-05-12,13:00:00,3.5600,Sunday,13,5,Spring,0
10023456782,2024-05-12 14:00:00,2024-05-12,14:00:00,2.9250,Sunday,14,5,Spring,0
10023456782,2024-05-12 15:00:00,2024-05-12,15:00:00,2.7179,Sunday,15,5,Spring,0
10023456782,2024-05-12 16:00:00,2024-05-12,16:00:00,3.1366,Sunday,16,5,Spring,0
10023456782,2024-05-12 17:00:00,2024-05-12,17:00:00,12.8008,Sunday,17,5,Spring,1
10023456782,2024-05-12 18:00:00,2024-05-12,18:00:00,3.9788,Sunday,18,5,Spring,0
10023456782,2024-05-12 19:00:00,2024-05-12,19:00:00,4.0183,Sunday,19,5,Spring,0
10023456782,2024-05-12 20:00:00,2024-05-12,20:00:00,4.1368,Sunday,20,5,Spring,0
10023456782,2024-05-12 21:00:00,2024-05-12,21:00:00,3.0215,Sunday,21,5,Spring,0
10023456782,2024-05-12 22:00:00,2024-05-12,22:00:00,2.2815,Sunday,22,5,Spring,0
10023456782,2024-05-12 23:00:00,2024-05-12,23:00:00,2.0437,Sunday,23,5,Spring,0
10023456782,2024-05-13 00:00:00,2024-05-13,00:00:00,1.6844,Monday,0,5,Spring,0
10023456782,2024-05-13 01:00:00,2024-05-13,01:00:00,1.4993,Monday,1,5,Spring,0
10023456782,2024-05-13 02:00:00,2024-05-13,02:00:00,1.3651,Monday,2,5,Spring,0
10023456782,2024-05-13 03:00:00,2024-05-13,03:00:00,1.3756,Monday,3,5,Spring,0
10023456782,2024-05-13 04:00:00,2024-05-13,04:00:00,1.3873,Monday,4,5,Spring,0
10023456782,2024-05-13 05:00:00,2024-05-13,05:00:00,2.5767,Monday,5,5,Spring,0
10023456782,2024-05-13 06:00:00,2024-05-13,06:00:00,3.3686,Monday,6,5,Spring,0
10023456782,2024-05-13 07:00:00,2024-05-13,07:00:00,4.7469,Monday,7,5,Spring,0
10023456782,2024-05-13 08:00:00,2024-05-13,08:00:00,5.4967,Monday,8,5,Spring,0
10023456782,2024-05-13 09:00:00,2024-05-13,09:00:00,5.0695,Monday,9,5,Spring,0
10023456782,2024-05-13 10:00:00,2024-05-13,10:00:00,4.3826,Monday,10,5,Spring,0
10023456782,2024-05-13 11:00:00,2024-05-13,11:00:00,4.4281,Monday,11,5,Spring,0
10023456782,2024-05-13 12:00:00,2024-05-13,12:00:00,4.2648,Monday,12,5,Spring,0
10023456782,2024-05-13 13:00:00,2024-05-13,13:00:00,4.5585,Monday,13,5,Spring,0
10023456782,2024-05-13 14:00:00,2024-05-13,14:00:00,4.2989,Monday,14,5,Spring,0
10023456782,2024-05-13 15:00:00,2024-05-13,15:00:00,3.7529,Monday,15,5,Spring,0
10023456782,2024-05-13 16:00:00,2024-05-13,16:00:00,4.1000,Monday,16,5,Spring,0
10023456782,2024-05-13 17:00:00,2024-05-13,17:00:00,4.5661,Monday,17,5,Spring,0
10023456782,2024-05-13 18:00:00,2024-05-13,18:00:00,5.1629,Monday,18,5,Spring,0
10023456782,2024-05-13 19:00:00,2024-05-13,19:00:00,4.8119,Monday,19,5,Spring,0
10023456782,2024-05-13 20:00:00,2024-05-13,20:00:00,5.5459,Monday,20,5,Spring,0
10023456782,2024-05-13 21:00:00,2024-05-13,21:00:00,3.9041,Monday,21,5,Spring,0
10023456782,2024-05-13 22:00:00,2024-05-13,22:00:00,2.8108,Monday,22,5,Spring,0
10023456782,2024-05-13 23:00:00,2024-05-13,23:00:00,2.2223,Monday,23,5,Spring,0
10023456782,2024-05-14 00:00:00,2024-05-14,00:00:00,1.5636,Tuesday,0,5,Spring,0
10023456782,2024-05-14 01:00:00,2024-05-14,01:00:00,1.6392,Tuesday,1,5,Spring,0
10023456782,2024-05-14 02:00:00,2024-05-14,02:00:00,1.6920,Tuesday,2,5,Spring,0
10023456782,2024-05-14 03:00:00,2024-05-14,03:00:00,1.2081,Tuesday,3,5,Spring,0
10023456782,2024-05-14 04:00:00,2024-05-14,04:00:00,1.5864,Tuesday,4,5,Spring,0
10023456782,2024-05-14 05:00:00,2024-05-14,05:00:00,2.2651,Tuesday,5,5,Spring,0
10023456782,2024-05-14 06:00:00,2024-05-14,06:00:00,3.1984,Tuesday,6,5,Spring,0
10023456782,2024-05-14 07:00:00,2024-05-14,07:00:00,4.3501,Tuesday,7,5,Spring,0
10023456782,2024-05-14 08:00:00,2024-05-14,08:00:00,4.5737,Tuesday,8,5,Spring,0
10023456782,2024-05-14 09:00:00,2024-05-14,09:00:00,4.5735,Tuesday,9,5,Spring,0
10023456782,2024-05-14 10:00:00,2024-05-14,10:00:00,5.3930,Tuesday,10,5,Spring,0
10023456782,2024-05-14 11:00:00,2024-05-14,11:00:00,4.6404,Tuesday,11,5,Spring,0
10023456782,2024-05-14 12:00:00,2024-05-14,12:00:00,4.0268,Tuesday,12,5,Spring,0
10023456782,2024-05-14 13:00:00,2024-05-14,13:00:00,4.1676,Tuesday,13,5,Spring,0
10023456782,2024-05-14 14:00:00,2024-05-14,14:00:00,4.2666,Tuesday,14,5,Spring,0
10023456782,2024-05-14 15:00:00,2024-05-14,15:00:00,3.9823,Tuesday,15,5,Spring,0
10023456782,2024-05-14 16:00:00,2024-05-14,16:00:00,3.6205,Tuesday,16,5,Spring,0
10023456782,2024-05-14 17:00:00,2024-05-14,17:00:00,4.4398,Tuesday,17,5,Spring,0
10023456782,2024-05-14 18:00:00,2024-05-14,18:00:00,5.4036,Tuesday,18,5,Spring,0
10023456782,2024-05-14 19:00:00,2024-05-14,19:00:00,5.4366,Tuesday,19,5,Spring,0
10023456782,2024-05-14 20:00:00,2024-05-14,20:00:00,4.0095,Tuesday,20,5,Spring,0
10023456782,2024-05-14 21:00:00,2024-05-14,21:00:00,4.1868,Tuesday,21,5,Spring,0
10023456782,2024-05-14 22:00:00,2024-05-14,22:00:00,2.8708,Tuesday,22,5,Spring,0
10023456782,2024-05-14 23:00:00,2024-05-14,23:00:00,2.1297,Tuesday,23,5,Spring,0
10023456782,2024-05-15 00:00:00,2024-05-15,00:00:00,1.9130,Wednesday,0,5,Spring,0
10023456782,2024-05-15 01:00:00,2024-05-15,01:00:00,1.9354,Wednesday,1,5,Spring,0
10023456782,2024-05-15 02:00:00,2024-05-15,02:00:00,1.6186,Wednesday,2,5,Spring,0
10023456782,2024-05-15 03:00:00,2024-05-15,03:00:00,1.6166,Wednesday,3,5,Spring,0
10023456782,2024-05-15 04:00:00,2024-05-15,04:00:00,2.0548,Wednesday,4,5,Spring,0
10023456782,2024-05-15 05:00:00,2024-05-15,05:00:00,2.6670,Wednesday,5,5,Spring,0
10023456782,2024-05-15 06:00:00,2024-05-15,06:00:00,4.7258,Wednesday,6,5,Spring,0
10023456782,2024-05-15 07:00:00,2024-05-15,07:00:00,5.9777,Wednesday,7,5,Spring,0
10023456782,2024-05-15 08:00:00,2024-05-15,08:00:00,6.5028,Wednesday,8,5,Spring,0
10023456782,2024-05-15 09:00:00,2024-05-15,09:00:00,7.1164,Wednesday,9,5,Spring,0
10023456782,2024-05-15 10:00:00,2024-05-15,10:00:00,6.0126,Wednesday,10,5,Spring,0
10023456782,2024-05-15 11:00:00,2024-05-15,11:00:00,4.7335,Wednesday,11,5,Spring,0
10023456782,2024-05-15 12:00:00,2024-05-15,12:00:00,5.8869,Wednesday,12,5,Spring,0
10023456782,2024-05-15 13:00:00,2024-05-15,13:00:00,4.5883,Wednesday,13,5,Spring,0
10023456782,2024-05-15 14:00:00,2024-05-15,14:00:00,5.1230,Wednesday,14,5,Spring,0
10023456782,2024-05-15 15:00:00,2024-05-15,15:00:00,4.9804,Wednesday,15,5,Spring,0
10023456782,2024-05-15 16:00:00,2024-05-15,16:00:00,5.3995,Wednesday,16,5,Spring,0
10023456782,2024-05-15 17:00:00,2024-05-15,17:00:00,6.3444,Wednesday,17,5,Spring,0
10023456782,2024-05-15 18:00:00,2024-05-15,18:00:00,7.8213,Wednesday,18,5,Spring,0
10023456782,2024-05-15 19:00:00,2024-05-15,19:00:00,5.9914,Wednesday,19,5,Spring,0
10023456782,2024-05-15 20:00:00,2024-05-15,20:00:00,5.9864,Wednesday,20,5,Spring,0
10023456782,2024-05-15 21:00:00,2024-05-15,21:00:00,3.8704,Wednesday,21,5,Spring,0
10023456782,2024-05-15 22:00:00,2024-05-15,22:00:00,3.2213,Wednesday,22,5,Spring,0
10023456782,2024-05-15 23:00:00,2024-05-15,23:00:00,2.2007,Wednesday,23,5,Spring,0
10023456782,2024-05-16 00:00:00,2024-05-16,00:00:00,2.0807,Thursday,0,5,Spring,0
10023456782,2024-05-16 01:00:00,2024-05-16,01:00:00,1.3650,Thursday,1,5,Spring,0
10023456782,2024-05-16 02:00:00,2024-05-16,02:00:00,1.5400,Thursday,2,5,Spring,0
10023456782,2024-05-16 03:00:00,2024-05-16,03:00:00,1.5239,Thursday,3,5,Spring,0
10023456782,2024-05-16 04:00:00,2024-05-16,04:00:00,1.3418,Thursday,4,5,Spring,0
10023456782,2024-05-16 05:00:00,2024-05-16,05:00:00,2.4826,Thursday,5,5,Spring,0
10023456782,2024-05-16 06:00:00,2024-05-16,06:00:00,3.5161,Thursday,6,5,Spring,0
10023456782,2024-05-16 07:00:00,2024-05-16,07:00:00,4.8588,Thursday,7,5,Spring,0
10023456782,2024-05-16 08:00:00,2024-05-16,08:00:00,5.8158,Thursday,8,5,Spring,0
10023456782,2024-05-16 09:00:00,2024-05-16,09:00:00,5.9800,Thursday,9,5,Spring,0
10023456782,2024-05-16 10:00:00,2024-05-16,10:00:00,5.6002,Thursday,10,5,Spring,0
10023456782,2024-05-16 11:00:00,2024-05-16,11:00:00,4.1049,Thursday,11,5,Spring,0
10023456782,2024-05-16 12:00:00,2024-05-16,12:00:00,4.2825,Thursday,12,5,Spring,0
10023456782,2024-05-16 13:00:00,2024-05-16,13:00:00,4.7591,Thursday,13,5,Spring,0
10023456782,2024-05-16 14:00:00,2024-05-16,14:00:00,4.2788,Thursday,14,5,Spring,0
10023456782,2024-05-16 15:00:00,2024-05-16,15:00:00,4.2940,Thursday,15,5,Spring,0
10023456782,2024-05-16 16:00:00,2024-05-16,16:00:00,5.0588,Thursday,16,5,Spring,0
10023456782,2024-05-16 17:00:00,2024-05-16,17:00:00,6.2170,Thursday,17,5,Spring,0
10023456782,2024-05-16 18:00:00,2024-05-16,18:00:00,7.0748,Thursday,18,5,Spring,0
10023456782,2024-05-16 19:00:00,2024-05-16,19:00:00,6.4186,Thursday,19,5,Spring,0
10023456782,2024-05-16 20:00:00,2024-05-16,20:00:00,5.2507,Thursday,20,5,Spring,0
10023456782,2024-05-16 21:00:00,2024-05-16,21:00:00,4.5153,Thursday,21,5,Spring,0
10023456782,2024-05-16 22:00:00,2024-05-16,22:00:00,3.4628,Thursday,22,5,Spring,0
10023456782,2024-05-16 23:00:00,2024-05-16,23:00:00,2.2464,Thursday,23,5,Spring,0
10023456782,2024-05-17 00:00:00,2024-05-17,00:00:00,2.0805,Friday,0,5,Spring,0
10023456782,2024-05-17 01:00:00,2024-05-17,01:00:00,1.4271,Friday,1,5,Spring,0
10023456782,2024-05-17 02:00:00,2024-05-17,02:00:00,1.3094,Friday,2,5,Spring,0
10023456782,2024-05-17 03:00:00,2024-05-17,03:00:00,1.4494,Friday,3,5,Spring,0
10023456782,2024-05-17 04:00:00,2024-05-17,04:00:00,1.5956,Friday,4,5,Spring,0
10023456782,2024-05-17 05:00:00,2024-05-17,05:00:00,2.3985,Friday,5,5,Spring,0
10023456782,2024-05-17 06:00:00,2024-05-17,06:00:00,3.2512,Friday,6,5,Spring,0
10023456782,2024-05-17 07:00:00,2024-05-17,07:00:00,5.3402,Friday,7,5,Spring,0
10023456782,2024-05-17 08:00:00,2024-05-17,08:00:00,5.5490,Friday,8,5,Spring,0
10023456782,2024-05-17 09:00:00,2024-05-17,09:00:00,5.9192,Friday,9,5,Spring,0
10023456782,2024-05-17 10:00:00,2024-05-17,10:00:00,4.2358,Friday,10,5,Spring,0
10023456782,2024-05-17 11:00:00,2024-05-17,11:00:00,4.1787,Friday,11,5,Spring,0
10023456782,2024-05-17 12:00:00,2024-05-17,12:00:00,5.1038,Friday,12,5,Spring,0
10023456782,2024-05-17 13:00:00,2024-05-17,13:00:00,4.5545,Friday,13,5,Spring,0
10023456782,2024-05-17 14:00:00,2024-05-17,14:00:00,4.2748,Friday,14,5,Spring,0
10023456782,2024-05-17 15:00:00,2024-05-17,15:00:00,4.7628,Friday,15,5,Spring,0
10023456782,2024-05-17 16:00:00,2024-05-17,16:00:00,4.9759,Friday,16,5,Spring,0
10023456782,2024-05-17 17:00:00,2024-05-17,17:00:00,5.3952,Friday,17,5,Spring,0
10023456782,2024-05-17 18:00:00,2024-05-17,18:00:00,4.6976,Friday,18,5,Spring,0
10023456782,2024-05-17 19:00:00,2024-05-17,19:00:00,5.0371,Friday,19,5,Spring,0
10023456782,2024-05-17 20:00:00,2024-05-17,20:00:00,5.2434,Friday,20,5,Spring,0
10023456782,2024-05-17 21:00:00,2024-05-17,21:00:00,3.4638,Friday,21,5,Spring,0
10023456782,2024-05-17 22:00:00,2024-05-17,22:00:00,3.3217,Friday,22,5,Spring,0
10023456782,2024-05-17 23:00:00,2024-05-17,23:00:00,2.2946,Friday,23,5,Spring,0
10023456782,2024-05-18 00:00:00,2024-05-18,00:00:00,1.3793,Saturday,0,5,Spring,0
10023456782,2024-05-18 01:00:00,2024-05-18,01:00:00,1.0456,Saturday,1,5,Spring,0
10023456782,2024-05-18 02:00:00,2024-05-18,02:00:00,1.2561,Saturday,2,5,Spring,0
10023456782,2024-05-18 03:00:00,2024-05-18,03:00:00,1.1013,Saturday,3,5,Spring,0
10023456782,2024-05-18 04:00:00,2024-05-18,04:00:00,1.0981,Saturday,4,5,Spring,0
10023456782,2024-05-18 05:00:00,2024-05-18,05:00:00,0.9908,Saturday,5,5,Spring,0
10023456782,2024-05-18 06:00:00,2024-05-18,06:00:00,1.8603,Saturday,6,5,Spring,0
10023456782,2024-05-18 07:00:00,2024-05-18,07:00:00,2.6637,Saturday,7,5,Spring,0
10023456782,2024-05-18 08:00:00,2024-05-18,08:00:00,3.0266,Saturday,8,5,Spring,0
10023456782,2024-05-18 09:00:00,2024-05-18,09:00:00,3.0682,Saturday,9,5,Spring,0
10023456782,2024-05-18 10:00:00,2024-05-18,10:00:00,2.6561,Saturday,10,5,Spring,0
10023456782,2024-05-18 11:00:00,2024-05-18,11:00:00,2.9011,Saturday,11,5,Spring,0
10023456782,2024-05-18 12:00:00,2024-05-18,12:00:00,2.4657,Saturday,12,5,Spring,0
10023456782,2024-05-18 13:00:00,2024-05-18,13:00:00,3.2881,Saturday,13,5,Spring,0
10023456782,2024-05-18 14:00:00,2024-05-18,14:00:00,2.6158,Saturday,14,5,Spring,0
10023456782,2024-05-18 15:00:00,2024-05-18,15:00:00,3.1904,Saturday,15,5,Spring,0
10023456782,2024-05-18 16:00:00,2024-05-18,16:00:00,2.9878,Saturday,16,5,Spring,0
10023456782,2024-05-18 17:00:00,2024-05-18,17:00:00,3.5661,Saturday,17,5,Spring,0
10023456782,2024-05-18 18:00:00,2024-05-18,18:00:00,3.5427,Saturday,18,5,Spring,0
10023456782,2024-05-18 19:00:00,2024-05-18,19:00:00,4.7515,Saturday,19,5,Spring,0
10023456782,2024-05-18 20:00:00,2024-05-18,20:00:00,3.8523,Saturday,20,5,Spring,0
10023456782,2024-05-18 21:00:00,2024-05-18,21:00:00,2.5839,Saturday,21,5,Spring,0
10023456782,2024-05-18 22:00:00,2024-05-18,22:00:00,1.8717,Saturday,22,5,Spring,0
10023456782,2024-05-18 23:00:00,2024-05-18,23:00:00,1.7572,Saturday,23,5,Spring,0
10023456782,2024-05-19 00:00:00,2024-05-19,00:00:00,1.5201,Sunday,0,5,Spring,0
10023456782,2024-05-19 01:00:00,2024-05-19,01:00:00,1.7554,Sunday,1,5,Spring,0
10023456782,2024-05-19 02:00:00,2024-05-19,02:00:00,1.2625,Sunday,2,5,Spring,0
10023456782,2024-05-19 03:00:00,2024-05-19,03:00:00,1.6074,Sunday,3,5,Spring,0
10023456782,2024-05-19 04:00:00,2024-05-19,04:00:00,1.3360,Sunday,4,5,Spring,0
10023456782,2024-05-19 05:00:00,2024-05-19,05:00:00,1.5941,Sunday,5,5,Spring,0
10023456782,2024-05-19 06:00:00,2024-05-19,06:00:00,2.5314,Sunday,6,5,Spring,0
10023456782,2024-05-19 07:00:00,2024-05-19,07:00:00,3.8836,Sunday,7,5,Spring,0
10023456782,2024-05-19 08:00:00,2024-05-19,08:00:00,4.0729,Sunday,8,5,Spring,0
10023456782,2024-05-19 09:00:00,2024-05-19,09:00:00,3.9999,Sunday,9,5,Spring,0
10023456782,2024-05-19 10:00:00,2024-05-19,10:00:00,4.0886,Sunday,10,5,Spring,0
10023456782,2024-05-19 11:00:00,2024-05-19,11:00:00,3.8055,Sunday,11,5,Spring,0
10023456782,2024-05-19 12:00:00,2024-05-19,12:00:00,3.6263,Sunday,12,5,Spring,0
10023456782,2024-05-19 13:00:00,2024-05-19,13:00:00,3.2722,Sunday,13,5,Spring,0
10023456782,2024-05-19 14:00:00,2024-05-19,14:00:00,3.7167,Sunday,14,5,Spring,0
10023456782,2024-05-19 15:00:00,2024-05-19,15:00:00,3.2219,Sunday,15,5,Spring,0
10023456782,2024-05-19 16:00:00,2024-05-19,16:00:00,3.5278,Sunday,16,5,Spring,0
10023456782,2024-05-19 17:00:00,2024-05-19,17:00:00,4.0374,Sunday,17,5,Spring,0
10023456782,2024-05-19 18:00:00,2024-05-19,18:00:00,5.3951,Sunday,18,5,Spring,0
10023456782,2024-05-19 19:00:00,2024-05-19,19:00:00,4.9160,Sunday,19,5,Spring,0
10023456782,2024-05-19 20:00:00,2024-05-19,20:00:00,4.0512,Sunday,20,5,Spring,0
10023456782,2024-05-19 21:00:00,2024-05-19,21:00:00,5.1854,Sunday,21,5,Spring,0
10023456782,2024-05-19 22:00:00,2024-05-19,22:00:00,0.4823,Sunday,22,5,Spring,1
10023456782,2024-05-19 23:00:00,2024-05-19,23:00:00,0.2785,Sunday,23,5,Spring,1
10023456782,2024-05-20 00:00:00,2024-05-20,00:00:00,0.2529,Monday,0,5,Spring,1
10023456782,2024-05-20 01:00:00,2024-05-20,01:00:00,2.1758,Monday,1,5,Spring,0
10023456782,2024-05-20 02:00:00,2024-05-20,02:00:00,2.0978,Monday,2,5,Spring,0
10023456782,2024-05-20 03:00:00,2024-05-20,03:00:00,1.7971,Monday,3,5,Spring,0
10023456782,2024-05-20 04:00:00,2024-05-20,04:00:00,2.3527,Monday,4,5,Spring,0
10023456782,2024-05-20 05:00:00,2024-05-20,05:00:00,3.3278,Monday,5,5,Spring,0
10023456782,2024-05-20 06:00:00,2024-05-20,06:00:00,4.7601,Monday,6,5,Spring,0
10023456782,2024-05-20 07:00:00,2024-05-20,07:00:00,6.2461,Monday,7,5,Spring,0
10023456782,2024-05-20 08:00:00,2024-05-20,08:00:00,6.8786,Monday,8,5,Spring,0
10023456782,2024-05-20 09:00:00,2024-05-20,09:00:00,7.6411,Monday,9,5,Spring,0
10023456782,2024-05-20 10:00:00,2024-05-20,10:00:00,7.0432,Monday,10,5,Spring,0
10023456782,2024-05-20 11:00:00,2024-05-20,11:00:00,6.5168,Monday,11,5,Spring,0
10023456782,2024-05-20 12:00:00,2024-05-20,12:00:00,5.5601,Monday,12,5,Spring,0
10023456782,2024-05-20 13:00:00,2024-05-20,13:00:00,6.2105,Monday,13,5,Spring,0
10023456782,2024-05-20 14:00:00,2024-05-20,14:00:00,5.0974,Monday,14,5,Spring,0
10023456782,2024-05-20 15:00:00,2024-05-20,15:00:00,5.3578,Monday,15,5,Spring,0
10023456782,2024-05-20 16:00:00,2024-05-20,16:00:00,6.4332,Monday,16,5,Spring,0
10023456782,2024-05-20 17:00:00,2024-05-20,17:00:00,7.8570,Monday,17,5,Spring,0
10023456782,2024-05-20 18:00:00,2024-05-20,18:00:00,7.5082,Monday,18,5,Spring,0
10023456782,2024-05-20 19:00:00,2024-05-20,19:00:00,7.6875,Monday,19,5,Spring,0
10023456782,2024-05-20 20:00:00,2024-05-20,20:00:00,5.8297,Monday,20,5,Spring,0
10023456782,2024-05-20 21:00:00,2024-05-20,21:00:00,5.0384,Monday,21,5,Spring,0
10023456782,2024-05-20 22:00:00,2024-05-20,22:00:00,4.8346,Monday,22,5,Spring,0
10023456782,2024-05-20 23:00:00,2024-05-20,23:00:00,3.4573,Monday,23,5,Spring,0
10023456782,2024-05-21 00:00:00,2024-05-21,00:00:00,1.7950,Tuesday,0,5,Spring,0
10023456782,2024-05-21 01:00:00,2024-05-21,01:00:00,1.6664,Tuesday,1,5,Spring,0
10023456782,2024-05-21 02:00:00,2024-05-21,02:00:00,1.6516,Tuesday,2,5,Spring,0
10023456782,2024-05-21 03:00:00,2024-05-21,03:00:00,1.7118,Tuesday,3,5,Spring,0
10023456782,2024-05-21 04:00:00,2024-05-21,04:00:00,1.7215,Tuesday,4,5,Spring,0
10023456782,2024-05-21 05:00:00,2024-05-21,05:00:00,1.8931,Tuesday,5,5,Spring,0
10023456782,2024-05-21 06:00:00,2024-05-21,06:00:00,3.8102,Tuesday,6,5,Spring,0
10023456782,2024-05-21 07:00:00,2024-05-21,07:00:00,5.2216,Tuesday,7,5,Spring,0
10023456782,2024-05-21 08:00:00,2024-05-21,08:00:00,4.8281,Tuesday,8,5,Spring,0
10023456782,2024-05-21 09:00:00,2024-05-21,09:00:00,6.0304,Tuesday,9,5,Spring,0
10023456782,2024-05-21 10:00:00,2024-05-21,10:00:00,5.9765,Tuesday,10,5,Spring,0
10023456782,2024-05-21 11:00:00,2024-05-21,11:00:00,4.5206,Tuesday,11,5,Spring,0
10023456782,2024-05-21 12:00:00,2024-05-21,12:00:00,4.6314,Tuesday,12,5,Spring,0
10023456782,2024-05-21 13:00:00,2024-05-21,13:00:00,4.8131,Tuesday,13,5,Spring,0
10023456782,2024-05-21 14:00:00,2024-05-21,14:00:00,3.8377,Tuesday,14,5,Spring,0
10023456782,2024-05-21 15:00:00,2024-05-21,15:00:00,4.8833,Tuesday,15,5,Spring,0
10023456782,2024-05-21 16:00:00,2024-05-21,16:00:00,6.0172,Tuesday,16,5,Spring,0
10023456782,2024-05-21 17:00:00,2024-05-21,17:00:00,5.5677,Tuesday,17,5,Spring,0
10023456782,2024-05-21 18:00:00,2024-05-21,18:00:00,6.5275,Tuesday,18,5,Spring,0
10023456782,2024-05-21 19:00:00,2024-05-21,19:00:00,5.4853,Tuesday,19,5,Spring,0
10023456782,2024-05-21 20:00:00,2024-05-21,20:00:00,4.8743,Tuesday,20,5,Spring,0
10023456782,2024-05-21 21:00:00,2024-05-21,21:00:00,3.9032,Tuesday,21,5,Spring,0
10023456782,2024-05-21 22:00:00,2024-05-21,22:00:00,3.1292,Tuesday,22,5,Spring,0
10023456782,2024-05-21 23:00:00,2024-05-21,23:00:00,2.5018,Tuesday,23,5,Spring,0
10023456782,2024-05-22 00:00:00,2024-05-22,00:00:00,1.7341,Wednesday,0,5,Spring,0
10023456782,2024-05-22 01:00:00,2024-05-22,01:00:00,1.9217,Wednesday,1,5,Spring,0
10023456782,2024-05-22 02:00:00,2024-05-22,02:00:00,1.2360,Wednesday,2,5,Spring,0
10023456782,2024-05-22 03:00:00,2024-05-22,03:00:00,1.3370,Wednesday,3,5,Spring,0
10023456782,2024-05-22 04:00:00,2024-05-22,04:00:00,1.6184,Wednesday,4,5,Spring,0
10023456782,2024-05-22 05:00:00,2024-05-22,05:00:00,2.4109,Wednesday,5,5,Spring,0
10023456782,2024-05-22 06:00:00,2024-05-22,06:00:00,3.6608,Wednesday,6,5,Spring,0
10023456782,2024-05-22 07:00:00,2024-05-22,07:00:00,5.0641,Wednesday,7,5,Spring,0
10023456782,2024-05-22 08:00:00,2024-05-22,08:00:00,5.3307,Wednesday,8,5,Spring,0
10023456782,2024-05-22 09:00:00,2024-05-22,09:00:00,4.4265,Wednesday,9,5,Spring,0
10023456782,2024-05-22 10:00:00,2024-05-22,10:00:00,5.1806,Wednesday,10,5,Spring,0
10023456782,2024-05-22 11:00:00,2024-05-22,11:00:00,4.9377,Wednesday,11,5,Spring,0
10023456782,2024-05-22 12:00:00,2024-05-22,12:00:00,4.7976,Wednesday,12,5,Spring,0
10023456782,2024-05-22 13:00:00,2024-05-22,13:00:00,4.0845,Wednesday,13,5,Spring,0
10023456782,2024-05-22 14:00:00,2024-05-22,14:00:00,4.0404,Wednesday,14,5,Spring,0
10023456782,2024-05-22 15:00:00,2024-05-22,15:00:00,4.3273,Wednesday,15,5,Spring,0
10023456782,2024-05-22 16:00:00,2024-05-22,16:00:00,4.6336,Wednesday,16,5,Spring,0
10023456782,2024-05-22 17:00:00,2024-05-22,17:00:00,4.0276,Wednesday,17,5,Spring,0
10023456782,2024-05-22 18:00:00,2024-05-22,18:00:00,6.1009,Wednesday,18,5,Spring,0
10023456782,2024-05-22 19:00:00,2024-05-22,19:00:00,5.5637,Wednesday,19,5,Spring,0
10023456782,2024-05-22 20:00:00,2024-05-22,20:00:00,4.8477,Wednesday,20,5,Spring,0
10023456782,2024-05-22 21:00:00,2024-05-22,21:00:00,3.2935,Wednesday,21,5,Spring,0
10023456782,2024-05-22 22:00:00,2024-05-22,22:00:00,3.0800,Wednesday,22,5,Spring,0
10023456782,2024-05-22 23:00:00,2024-05-22,23:00:00,1.8500,Wednesday,23,5,Spring,0
10023456782,2024-05-23 00:00:00,2024-05-23,00:00:00,1.7830,Thursday,0,5,Spring,0
10023456782,2024-05-23 01:00:00,2024-05-23,01:00:00,1.7216,Thursday,1,5,Spring,0
10023456782,2024-05-23 02:00:00,2024-05-23,02:00:00,1.7243,Thursday,2,5,Spring,0
10023456782,2024-05-23 03:00:00,2024-05-23,03:00:00,1.7503,Thursday,3,5,Spring,0
10023456782,2024-05-23 04:00:00,2024-05-23,04:00:00,1.9922,Thursday,4,5,Spring,0
10023456782,2024-05-23 05:00:00,2024-05-23,05:00:00,2.2793,Thursday,5,5,Spring,0
10023456782,2024-05-23 06:00:00,2024-05-23,06:00:00,4.0155,Thursday,6,5,Spring,0
10023456782,2024-05-23 07:00:00,2024-05-23,07:00:00,5.4036,Thursday,7,5,Spring,0
10023456782,2024-05-23 08:00:00,2024-05-23,08:00:00,5.2979,Thursday,8,5,Spring,0
10023456782,2024-05-23 09:00:00,2024-05-23,09:00:00,5.6967,Thursday,9,5,Spring,0
10023456782,2024-05-23 10:00:00,2024-05-23,10:00:00,5.3420,Thursday,10,5,Spring,0
10023456782,2024-05-23 11:00:00,2024-05-23,11:00:00,0.4342,Thursday,11,5,Spring,1
10023456782,2024-05-23 12:00:00,2024-05-23,12:00:00,5.0870,Thursday,12,5,Spring,0
10023456782,2024-05-23 13:00:00,2024-05-23,13:00:00,4.0854,Thursday,13,5,Spring,0
10023456782,2024-05-23 14:00:00,2024-05-23,14:00:00,16.7888,Thursday,14,5,Spring,1
10023456782,2024-05-23 15:00:00,2024-05-23,15:00:00,5.1077,Thursday,15,5,Spring,0
10023456782,2024-05-23 16:00:00,2024-05-23,16:00:00,5.4018,Thursday,16,5,Spring,0
10023456782,2024-05-23 17:00:00,2024-05-23,17:00:00,6.4193,Thursday,17,5,Spring,0
10023456782,2024-05-23 18:00:00,2024-05-23,18:00:00,6.4982,Thursday,18,5,Spring,0
10023456782,2024-05-23 19:00:00,2024-05-23,19:00:00,5.3155,Thursday,19,5,Spring,0
10023456782,2024-05-23 20:00:00,2024-05-23,20:00:00,4.6781,Thursday,20,5,Spring,0
10023456782,2024-05-23 21:00:00,2024-05-23,21:00:00,4.3242,Thursday,21,5,Spring,0
10023456782,2024-05-23 22:00:00,2024-05-23,22:00:00,3.0216,Thursday,22,5,Spring,0
10023456782,2024-05-23 23:00:00,2024-05-23,23:00:00,2.7079,Thursday,23,5,Spring,0
10023456782,2024-05-24 00:00:00,2024-05-24,00:00:00,1.1468,Friday,0,5,Spring,0
10023456782,2024-05-24 01:00:00,2024-05-24,01:00:00,1.1078,Friday,1,5,Spring,0
10023456782,2024-05-24 02:00:00,2024-05-24,02:00:00,1.1694,Friday,2,5,Spring,0
10023456782,2024-05-24 03:00:00,2024-05-24,03:00:00,1.0854,Friday,3,5,Spring,0
10023456782,2024-05-24 04:00:00,2024-05-24,04:00:00,1.4757,Friday,4,5,Spring,0
10023456782,2024-05-24 05:00:00,2024-05-24,05:00:00,1.8216,Friday,5,5,Spring,0
10023456782,2024-05-24 06:00:00,2024-05-24,06:00:00,2.6192,Friday,6,5,Spring,0
10023456782,2024-05-24 07:00:00,2024-05-24,07:00:00,3.0060,Friday,7,5,Spring,0
10023456782,2024-05-24 08:00:00,2024-05-24,08:00:00,4.5518,Friday,8,5,Spring,0
10023456782,2024-05-24 09:00:00,2024-05-24,09:00:00,4.7672,Friday,9,5,Spring,0
10023456782,2024-05-24 10:00:00,2024-05-24,10:00:00,3.8026,Friday,10,5,Spring,0
10023456782,2024-05-24 11:00:00,2024-05-24,11:00:00,3.4923,Friday,11,5,Spring,0
10023456782,2024-05-24 12:00:00,2024-05-24,12:00:00,3.0231,Friday,12,5,Spring,0
10023456782,2024-05-24 13:00:00,2024-05-24,13:00:00,3.3216,Friday,13,5,Spring,0
10023456782,2024-05-24 14:00:00,2024-05-24,14:00:00,3.3522,Friday,14,5,Spring,0
10023456782,2024-05-24 15:00:00,2024-05-24,15:00:00,3.4311,Friday,15,5,Spring,0
10023456782,2024-05-24 16:00:00,2024-05-24,16:00:00,3.4024,Friday,16,5,Spring,0
10023456782,2024-05-24 17:00:00,2024-05-24,17:00:00,4.3168,Friday,17,5,Spring,0
10023456782,2024-05-24 18:00:00,2024-05-24,18:00:00,3.8353,Friday,18,5,Spring,0
10023456782,2024-05-24 19:00:00,2024-05-24,19:00:00,4.1334,Friday,19,5,Spring,0
10023456782,2024-05-24 20:00:00,2024-05-24,20:00:00,3.3719,Friday,20,5,Spring,0
10023456782,2024-05-24 21:00:00,2024-05-24,21:00:00,3.1250,Friday,21,5,Spring,0
10023456782,2024-05-24 22:00:00,2024-05-24,22:00:00,2.1640,Friday,22,5,Spring,0
10023456782,2024-05-24 23:00:00,2024-05-24,23:00:00,4.3111,Friday,23,5,Spring,1
10023456782,2024-05-25 00:00:00,2024-05-25,00:00:00,1.3552,Saturday,0,5,Spring,0
10023456782,2024-05-25 01:00:00,2024-05-25,01:00:00,1.1814,Saturday,1,5,Spring,0
10023456782,2024-05-25 02:00:00,2024-05-25,02:00:00,1.1561,Saturday,2,5,Spring,0
10023456782,2024-05-25 03:00:00,2024-05-25,03:00:00,1.1313,Saturday,3,5,Spring,0
10023456782,2024-05-25 04:00:00,2024-05-25,04:00:00,0.9666,Saturday,4,5,Spring,0
10023456782,2024-05-25 05:00:00,2024-05-25,05:00:00,1.5056,Saturday,5,5,Spring,0
10023456782,2024-05-25 06:00:00,2024-05-25,06:00:00,1.7871,Saturday,6,5,Spring,0
10023456782,2024-05-25 07:00:00,2024-05-25,07:00:00,2.4967,Saturday,7,5,Spring,0
10023456782,2024-05-25 08:00:00,2024-05-25,08:00:00,3.2183,Saturday,8,5,Spring,0
10023456782,2024-05-25 09:00:00,2024-05-25,09:00:00,3.2722,Saturday,9,5,Spring,0
10023456782,2024-05-25 10:00:00,2024-05-25,10:00:00,3.0546,Saturday,10,5,Spring,0
10023456782,2024-05-25 11:00:00,2024-05-25,11:00:00,3.2060,Saturday,11,5,Spring,0
10023456782,2024-05-25 12:00:00,2024-05-25,12:00:00,2.9410,Saturday,12,5,Spring,0
10023456782,2024-05-25 13:00:00,2024-05-25,13:00:00,2.4338,Saturday,13,5,Spring,0
10023456782,2024-05-25 14:00:00,2024-05-25,14:00:00,3.1770,Saturday,14,5,Spring,0
10023456782,2024-05-25 15:00:00,2024-05-25,15:00:00,3.2643,Saturday,15,5,Spring,0
10023456782,2024-05-25 16:00:00,2024-05-25,16:00:00,3.5317,Saturday,16,5,Spring,0
10023456782,2024-05-25 17:00:00,2024-05-25,17:00:00,4.1017,Saturday,17,5,Spring,0
10023456782,2024-05-25 18:00:00,2024-05-25,18:00:00,3.8815,Saturday,18,5,Spring,0
10023456782,2024-05-25 19:00:00,2024-05-25,19:00:00,3.9271,Saturday,19,5,Spring,0
10023456782,2024-05-25 20:00:00,2024-05-25,20:00:00,4.1884,Saturday,20,5,Spring,0
10023456782,2024-05-25 21:00:00,2024-05-25,21:00:00,3.8114,Saturday,21,5,Spring,0
10023456782,2024-05-25 22:00:00,2024-05-25,22:00:00,2.0504,Saturday,22,5,Spring,0
10023456782,2024-05-25 23:00:00,2024-05-25,23:00:00,1.6956,Saturday,23,5,Spring,0
10023456782,2024-05-26 00:00:00,2024-05-26,00:00:00,1.6783,Sunday,0,5,Spring,0
10023456782,2024-05-26 01:00:00,2024-05-26,01:00:00,1.5065,Sunday,1,5,Spring,0
10023456782,2024-05-26 02:00:00,2024-05-26,02:00:00,1.5193,Sunday,2,5,Spring,0
10023456782,2024-05-26 03:00:00,2024-05-26,03:00:00,1.6157,Sunday,3,5,Spring,0
10023456782,2024-05-26 04:00:00,2024-05-26,04:00:00,1.5073,Sunday,4,5,Spring,0
10023456782,2024-05-26 05:00:00,2024-05-26,05:00:00,1.6396,Sunday,5,5,Spring,0
10023456782,2024-05-26 06:00:00,2024-05-26,06:00:00,2.2360,Sunday,6,5,Spring,0
10023456782,2024-05-26 07:00:00,2024-05-26,07:00:00,3.6268,Sunday,7,5,Spring,0
10023456782,2024-05-26 08:00:00,2024-05-26,08:00:00,4.6007,Sunday,8,5,Spring,0
10023456782,2024-05-26 09:00:00,2024-05-26,09:00:00,5.1334,Sunday,9,5,Spring,0
10023456782,2024-05-26 10:00:00,2024-05-26,10:00:00,4.9760,Sunday,10,5,Spring,0
10023456782,2024-05-26 11:00:00,2024-05-26,11:00:00,3.9384,Sunday,11,5,Spring,0
10023456782,2024-05-26 12:00:00,2024-05-26,12:00:00,3.9716,Sunday,12,5,Spring,0
10023456782,2024-05-26 13:00:00,2024-05-26,13:00:00,2.8503,Sunday,13,5,Spring,0
10023456782,2024-05-26 14:00:00,2024-05-26,14:00:00,3.1601,Sunday,14,5,Spring,0
10023456782,2024-05-26 15:00:00,2024-05-26,15:00:00,3.7779,Sunday,15,5,Spring,0
10023456782,2024-05-26 16:00:00,2024-05-26,16:00:00,4.8947,Sunday,16,5,Spring,0
10023456782,2024-05-26 17:00:00,2024-05-26,17:00:00,5.4061,Sunday,17,5,Spring,0
10023456782,2024-05-26 18:00:00,2024-05-26,18:00:00,4.6602,Sunday,18,5,Spring,0
10023456782,2024-05-26 19:00:00,2024-05-26,19:00:00,6.3891,Sunday,19,5,Spring,0
10023456782,2024-05-26 20:00:00,2024-05-26,20:00:00,5.2210,Sunday,20,5,Spring,0
10023456782,2024-05-26 21:00:00,2024-05-26,21:00:00,4.1053,Sunday,21,5,Spring,0
10023456782,2024-05-26 22:00:00,2024-05-26,22:00:00,2.6582,Sunday,22,5,Spring,0
10023456782,2024-05-26 23:00:00,2024-05-26,23:00:00,1.8262,Sunday,23,5,Spring,0
10023456782,2024-05-27 00:00:00,2024-05-27,00:00:00,1.8651,Monday,0,5,Spring,0
10023456782,2024-05-27 01:00:00,2024-05-27,01:00:00,1.8126,Monday,1,5,Spring,0
10023456782,2024-05-27 02:00:00,2024-05-27,02:00:00,1.7458,Monday,2,5,Spring,0
10023456782,2024-05-27 03:00:00,2024-05-27,03:00:00,1.3817,Monday,3,5,Spring,0
10023456782,2024-05-27 04:00:00,2024-05-27,04:00:00,1.5032,Monday,4,5,Spring,0
10023456782,2024-05-27 05:00:00,2024-05-27,05:00:00,2.5678,Monday,5,5,Spring,0
10023456782,2024-05-27 06:00:00,2024-05-27,06:00:00,3.3326,Monday,6,5,Spring,0
10023456782,2024-05-27 07:00:00,2024-05-27,07:00:00,4.6322,Monday,7,5,Spring,0
10023456782,2024-05-27 08:00:00,2024-05-27,08:00:00,5.1012,Monday,8,5,Spring,0
10023456782,2024-05-27 09:00:00,2024-05-27,09:00:00,5.1043,Monday,9,5,Spring,0
10023456782,2024-05-27 10:00:00,2024-05-27,10:00:00,4.7074,Monday,10,5,Spring,0
10023456782,2024-05-27 11:00:00,2024-05-27,11:00:00,4.1950,Monday,11,5,Spring,0
10023456782,2024-05-27 12:00:00,2024-05-27,12:00:00,4.1439,Monday,12,5,Spring,0
10023456782,2024-05-27 13:00:00,2024-05-27,13:00:00,4.5107,Monday,13,5,Spring,0
10023456782,2024-05-27 14:00:00,2024-05-27,14:00:00,5.0966,Monday,14,5,Spring,0
10023456782,2024-05-27 15:00:00,2024-05-27,15:00:00,5.1255,Monday,15,5,Spring,0
10023456782,2024-05-27 16:00:00,2024-05-27,16:00:00,4.7780,Monday,16,5,Spring,0
10023456782,2024-05-27 17:00:00,2024-05-27,17:00:00,5.2313,Monday,17,5,Spring,0
10023456782,2024-05-27 18:00:00,2024-05-27,18:00:00,5.1510,Monday,18,5,Spring,0
10023456782,2024-05-27 19:00:00,2024-05-27,19:00:00,5.7961,Monday,19,5,Spring,0
10023456782,2024-05-27 20:00:00,2024-05-27,20:00:00,0.6301,Monday,20,5,Spring,1
10023456782,2024-05-27 21:00:00,2024-05-27,21:00:00,0.3838,Monday,21,5,Spring,1
10023456782,2024-05-27 22:00:00,2024-05-27,22:00:00,0.3387,Monday,22,5,Spring,1
10023456782,2024-05-27 23:00:00,2024-05-27,23:00:00,1.9782,Monday,23,5,Spring,0
10023456782,2024-05-28 00:00:00,2024-05-28,00:00:00,1.4886,Tuesday,0,5,Spring,0
10023456782,2024-05-28 01:00:00,2024-05-28,01:00:00,1.2097,Tuesday,1,5,Spring,0
10023456782,2024-05-28 02:00:00,2024-05-28,02:00:00,1.4433,Tuesday,2,5,Spring,0
10023456782,2024-05-28 03:00:00,2024-05-28,03:00:00,1.1398,Tuesday,3,5,Spring,0
10023456782,2024-05-28 04:00:00,2024-05-28,04:00:00,1.3842,Tuesday,4,5,Spring,0
10023456782,2024-05-28 05:00:00,2024-05-28,05:00:00,2.1798,Tuesday,5,5,Spring,0
10023456782,2024-05-28 06:00:00,2024-05-28,06:00:00,3.7693,Tuesday,6,5,Spring,0
10023456782,2024-05-28 07:00:00,2024-05-28,07:00:00,3.9217,Tuesday,7,5,Spring,0
10023456782,2024-05-28 08:00:00,2024-05-28,08:00:00,4.6314,Tuesday,8,5,Spring,0
10023456782,2024-05-28 09:00:00,2024-05-28,09:00:00,3.6549,Tuesday,9,5,Spring,0
10023456782,2024-05-28 10:00:00,2024-05-28,10:00:00,4.0944,Tuesday,10,5,Spring,0
10023456782,2024-05-28 11:00:00,2024-05-28,11:00:00,4.1433,Tuesday,11,5,Spring,0
10023456782,2024-05-28 12:00:00,2024-05-28,12:00:00,14.8181,Tuesday,12,5,Spring,1
10023456782,2024-05-28 13:00:00,2024-05-28,13:00:00,5.0280,Tuesday,13,5,Spring,0
10023456782,2024-05-28 14:00:00,2024-05-28,14:00:00,4.3204,Tuesday,14,5,Spring,0
10023456782,2024-05-28 15:00:00,2024-05-28,15:00:00,3.8462,Tuesday,15,5,Spring,0
10023456782,2024-05-28 16:00:00,2024-05-28,16:00:00,3.8854,Tuesday,16,5,Spring,0
10023456782,2024-05-28 17:00:00,2024-05-28,17:00:00,5.0140,Tuesday,17,5,Spring,0
10023456782,2024-05-28 18:00:00,2024-05-28,18:00:00,5.5347,Tuesday,18,5,Spring,0
10023456782,2024-05-28 19:00:00,2024-05-28,19:00:00,5.2418,Tuesday,19,5,Spring,0
10023456782,2024-05-28 20:00:00,2024-05-28,20:00:00,4.1539,Tuesday,20,5,Spring,0
10023456782,2024-05-28 21:00:00,2024-05-28,21:00:00,3.5627,Tuesday,21,5,Spring,0
10023456782,2024-05-28 22:00:00,2024-05-28,22:00:00,2.7749,Tuesday,22,5,Spring,0
10023456782,2024-05-28 23:00:00,2024-05-28,23:00:00,1.8676,Tuesday,23,5,Spring,0
10023456782,2024-05-29 00:00:00,2024-05-29,00:00:00,1.7735,Wednesday,0,5,Spring,0
10023456782,2024-05-29 01:00:00,2024-05-29,01:00:00,1.3644,Wednesday,1,5,Spring,0
10023456782,2024-05-29 02:00:00,2024-05-29,02:00:00,1.3783,Wednesday,2,5,Spring,0
10023456782,2024-05-29 03:00:00,2024-05-29,03:00:00,1.6855,Wednesday,3,5,Spring,0
10023456782,2024-05-29 04:00:00,2024-05-29,04:00:00,1.8622,Wednesday,4,5,Spring,0
10023456782,2024-05-29 05:00:00,2024-05-29,05:00:00,2.3435,Wednesday,5,5,Spring,0
10023456782,2024-05-29 06:00:00,2024-05-29,06:00:00,4.4705,Wednesday,6,5,Spring,0
10023456782,2024-05-29 07:00:00,2024-05-29,07:00:00,5.2330,Wednesday,7,5,Spring,0
10023456782,2024-05-29 08:00:00,2024-05-29,08:00:00,6.2869,Wednesday,8,5,Spring,0
10023456782,2024-05-29 09:00:00,2024-05-29,09:00:00,6.6948,Wednesday,9,5,Spring,0
10023456782,2024-05-29 10:00:00,2024-05-29,10:00:00,4.6223,Wednesday,10,5,Spring,0
10023456782,2024-05-29 11:00:00,2024-05-29,11:00:00,4.7767,Wednesday,11,5,Spring,0
10023456782,2024-05-29 12:00:00,2024-05-29,12:00:00,4.8770,Wednesday,12,5,Spring,0
10023456782,2024-05-29 13:00:00,2024-05-29,13:00:00,3.9991,Wednesday,13,5,Spring,0
10023456782,2024-05-29 14:00:00,2024-05-29,14:00:00,4.9423,Wednesday,14,5,Spring,0
10023456782,2024-05-29 15:00:00,2024-05-29,15:00:00,0.4691,Wednesday,15,5,Spring,1
10023456782,2024-05-29 16:00:00,2024-05-29,16:00:00,5.9180,Wednesday,16,5,Spring,0
10023456782,2024-05-29 17:00:00,2024-05-29,17:00:00,6.0555,Wednesday,17,5,Spring,0
10023456782,2024-05-29 18:00:00,2024-05-29,18:00:00,5.5034,Wednesday,18,5,Spring,0
10023456782,2024-05-29 19:00:00,2024-05-29,19:00:00,6.2406,Wednesday,19,5,Spring,0
10023456782,2024-05-29 20:00:00,2024-05-29,20:00:00,5.3841,Wednesday,20,5,Spring,0
10023456782,2024-05-29 21:00:00,2024-05-29,21:00:00,4.3322,Wednesday,21,5,Spring,0
10023456782,2024-05-29 22:00:00,2024-05-29,22:00:00,2.8119,Wednesday,22,5,Spring,0
10023456782,2024-05-29 23:00:00,2024-05-29,23:00:00,2.8682,Wednesday,23,5,Spring,0
10023456782,2024-05-30 00:00:00,2024-05-30,00:00:00,2.3111,Thursday,0,5,Spring,0
10023456782,2024-05-30 01:00:00,2024-05-30,01:00:00,1.7518,Thursday,1,5,Spring,0
10023456782,2024-05-30 02:00:00,2024-05-30,02:00:00,1.7417,Thursday,2,5,Spring,0
10023456782,2024-05-30 03:00:00,2024-05-30,03:00:00,1.6635,Thursday,3,5,Spring,0
10023456782,2024-05-30 04:00:00,2024-05-30,04:00:00,1.5679,Thursday,4,5,Spring,0
10023456782,2024-05-30 05:00:00,2024-05-30,05:00:00,2.6753,Thursday,5,5,Spring,0
10023456782,2024-05-30 06:00:00,2024-05-30,06:00:00,4.3195,Thursday,6,5,Spring,0
10023456782,2024-05-30 07:00:00,2024-05-30,07:00:00,6.7400,Thursday,7,5,Spring,0
10023456782,2024-05-30 08:00:00,2024-05-30,08:00:00,6.4434,Thursday,8,5,Spring,0
10023456782,2024-05-30 09:00:00,2024-05-30,09:00:00,6.5000,Thursday,9,5,Spring,0
10023456782,2024-05-30 10:00:00,2024-05-30,10:00:00,6.3334,Thursday,10,5,Spring,0
10023456782,2024-05-30 11:00:00,2024-05-30,11:00:00,17.5194,Thursday,11,5,Spring,1
10023456782,2024-05-30 12:00:00,2024-05-30,12:00:00,4.8652,Thursday,12,5,Spring,0
10023456782,2024-05-30 13:00:00,2024-05-30,13:00:00,5.7077,Thursday,13,5,Spring,0
10023456782,2024-05-30 14:00:00,2024-05-30,14:00:00,0.2803,Thursday,14,5,Spring,1
10023456782,2024-05-30 15:00:00,2024-05-30,15:00:00,6.5290,Thursday,15,5,Spring,0
10023456782,2024-05-30 16:00:00,2024-05-30,16:00:00,5.2070,Thursday,16,5,Spring,0
10023456782,2024-05-30 17:00:00,2024-05-30,17:00:00,5.6851,Thursday,17,5,Spring,0
10023456782,2024-05-30 18:00:00,2024-05-30,18:00:00,6.7105,Thursday,18,5,Spring,0
10023456782,2024-05-30 19:00:00,2024-05-30,19:00:00,6.3698,Thursday,19,5,Spring,0
10023456782,2024-05-30 20:00:00,2024-05-30,20:00:00,5.5627,Thursday,20,5,Spring,0
10023456782,2024-05-30 21:00:00,2024-05-30,21:00:00,4.2712,Thursday,21,5,Spring,0
10023456782,2024-05-30 22:00:00,2024-05-30,22:00:00,3.3763,Thursday,22,5,Spring,0
10023456782,2024-05-30 23:00:00,2024-05-30,23:00:00,2.4484,Thursday,23,5,Spring,0
10023456782,2024-05-31 00:00:00,2024-05-31,00:00:00,1.6423,Friday,0,5,Spring,0
10023456782,2024-05-31 01:00:00,2024-05-31,01:00:00,1.5274,Friday,1,5,Spring,0
10023456782,2024-05-31 02:00:00,2024-05-31,02:00:00,1.3689,Friday,2,5,Spring,0
10023456782,2024-05-31 03:00:00,2024-05-31,03:00:00,1.4076,Friday,3,5,Spring,0
10023456782,2024-05-31 04:00:00,2024-05-31,04:00:00,1.6071,Friday,4,5,Spring,0
10023456782,2024-05-31 05:00:00,2024-05-31,05:00:00,2.4905,Friday,5,5,Spring,0
10023456782,2024-05-31 06:00:00,2024-05-31,06:00:00,3.1721,Friday,6,5,Spring,0
10023456782,2024-05-31 07:00:00,2024-05-31,07:00:00,5.4047,Friday,7,5,Spring,0
10023456782,2024-05-31 08:00:00,2024-05-31,08:00:00,5.2564,Friday,8,5,Spring,0
10023456782,2024-05-31 09:00:00,2024-05-31,09:00:00,4.7755,Friday,9,5,Spring,0
10023456782,2024-05-31 10:00:00,2024-05-31,10:00:00,4.1833,Friday,10,5,Spring,0
10023456782,2024-05-31 11:00:00,2024-05-31,11:00:00,4.8521,Friday,11,5,Spring,0
10023456782,2024-05-31 12:00:00,2024-05-31,12:00:00,3.8690,Friday,12,5,Spring,0
10023456782,2024-05-31 13:00:00,2024-05-31,13:00:00,5.1873,Friday,13,5,Spring,0
10023456782,2024-05-31 14:00:00,2024-05-31,14:00:00,4.2833,Friday,14,5,Spring,0
10023456782,2024-05-31 15:00:00,2024-05-31,15:00:00,3.8894,Friday,15,5,Spring,0
10023456782,2024-05-31 16:00:00,2024-05-31,16:00:00,5.5526,Friday,16,5,Spring,0
10023456782,2024-05-31 17:00:00,2024-05-31,17:00:00,5.1467,Friday,17,5,Spring,0
10023456782,2024-05-31 18:00:00,2024-05-31,18:00:00,4.7435,Friday,18,5,Spring,0
10023456782,2024-05-31 19:00:00,2024-05-31,19:00:00,5.0187,Friday,19,5,Spring,0
10023456782,2024-05-31 20:00:00,2024-05-31,20:00:00,5.7506,Friday,20,5,Spring,0
10023456782,2024-05-31 21:00:00,2024-05-31,21:00:00,3.3217,Friday,21,5,Spring,0
10023456782,2024-05-31 22:00:00,2024-05-31,22:00:00,3.1395,Friday,22,5,Spring,0
10023456782,2024-05-31 23:00:00,2024-05-31,23:00:00,1.8329,Friday,23,5,Spring,0
10023456782,2024-06-01 00:00:00,2024-06-01,00:00:00,1.1409,Saturday,0,6,Summer,0
10023456782,2024-06-01 01:00:00,2024-06-01,01:00:00,1.3530,Saturday,1,6,Summer,0
10023456782,2024-06-01 02:00:00,2024-06-01,02:00:00,1.2250,Saturday,2,6,Summer,0
10023456782,2024-06-01 03:00:00,2024-06-01,03:00:00,1.3578,Saturday,3,6,Summer,0
10023456782,2024-06-01 04:00:00,2024-06-01,04:00:00,1.1014,Saturday,4,6,Summer,0
10023456782,2024-06-01 05:00:00,2024-06-01,05:00:00,1.9151,Saturday,5,6,Summer,0
10023456782,2024-06-01 06:00:00,2024-06-01,06:00:00,2.0802,Saturday,6,6,Summer,0
10023456782,2024-06-01 07:00:00,2024-06-01,07:00:00,2.7587,Saturday,7,6,Summer,0
10023456782,2024-06-01 08:00:00,2024-06-01,08:00:00,3.3074,Saturday,8,6,Summer,0
10023456782,2024-06-01 09:00:00,2024-06-01,09:00:00,3.4043,Saturday,9,6,Summer,0
10023456782,2024-06-01 10:00:00,2024-06-01,10:00:00,3.8705,Saturday,10,6,Summer,0
10023456782,2024-06-01 11:00:00,2024-06-01,11:00:00,3.5895,Saturday,11,6,Summer,0
10023456782,2024-06-01 12:00:00,2024-06-01,12:00:00,3.0994,Saturday,12,6,Summer,0
10023456782,2024-06-01 13:00:00,2024-06-01,13:00:00,3.1494,Saturday,13,6,Summer,0
10023456782,2024-06-01 14:00:00,2024-06-01,14:00:00,3.6230,Saturday,14,6,Summer,0
10023456782,2024-06-01 15:00:00,2024-06-01,15:00:00,3.5224,Saturday,15,6,Summer,0
10023456782,2024-06-01 16:00:00,2024-06-01,16:00:00,3.2567,Saturday,16,6,Summer,0
10023456782,2024-06-01 17:00:00,2024-06-01,17:00:00,3.8489,Saturday,17,6,Summer,0
10023456782,2024-06-01 18:00:00,2024-06-01,18:00:00,3.8514,Saturday,18,6,Summer,0
10023456782,2024-06-01 19:00:00,2024-06-01,19:00:00,4.5529,Saturday,19,6,Summer,0
10023456782,2024-06-01 20:00:00,2024-06-01,20:00:00,4.3529,Saturday,20,6,Summer,0
10023456782,2024-06-01 21:00:00,2024-06-01,21:00:00,3.3149,Saturday,21,6,Summer,0
10023456782,2024-06-01 22:00:00,2024-06-01,22:00:00,2.3985,Saturday,22,6,Summer,0
10023456782,2024-06-01 23:00:00,2024-06-01,23:00:00,1.6488,Saturday,23,6,Summer,0
10023456782,2024-06-02 00:00:00,2024-06-02,00:00:00,1.3373,Sunday,0,6,Summer,0
10023456782,2024-06-02 01:00:00,2024-06-02,01:00:00,0.8968,Sunday,1,6,Summer,0
10023456782,2024-06-02 02:00:00,2024-06-02,02:00:00,0.9652,Sunday,2,6,Summer,0
10023456782,2024-06-02 03:00:00,2024-06-02,03:00:00,1.0860,Sunday,3,6,Summer,0
10023456782,2024-06-02 04:00:00,2024-06-02,04:00:00,1.0972,Sunday,4,6,Summer,0
10023456782,2024-06-02 05:00:00,2024-06-02,05:00:00,1.2149,Sunday,5,6,Summer,0
10023456782,2024-06-02 06:00:00,2024-06-02,06:00:00,1.9718,Sunday,6,6,Summer,0
10023456782,2024-06-02 07:00:00,2024-06-02,07:00:00,2.7636,Sunday,7,6,Summer,0
10023456782,2024-06-02 08:00:00,2024-06-02,08:00:00,3.1859,Sunday,8,6,Summer,0
10023456782,2024-06-02 09:00:00,2024-06-02,09:00:00,3.3654,Sunday,9,6,Summer,0
10023456782,2024-06-02 10:00:00,2024-06-02,10:00:00,2.6730,Sunday,10,6,Summer,0
10023456782,2024-06-02 11:00:00,2024-06-02,11:00:00,2.8249,Sunday,11,6,Summer,0
10023456782,2024-06-02 12:00:00,2024-06-02,12:00:00,3.2007,Sunday,12,6,Summer,0
10023456782,2024-06-02 13:00:00,2024-06-02,13:00:00,2.8440,Sunday,13,6,Summer,0
10023456782,2024-06-02 14:00:00,2024-06-02,14:00:00,3.0093,Sunday,14,6,Summer,0
10023456782,2024-06-02 15:00:00,2024-06-02,15:00:00,3.0948,Sunday,15,6,Summer,0
10023456782,2024-06-02 16:00:00,2024-06-02,16:00:00,3.0159,Sunday,16,6,Summer,0
10023456782,2024-06-02 17:00:00,2024-06-02,17:00:00,3.7265,Sunday,17,6,Summer,0
10023456782,2024-06-02 18:00:00,2024-06-02,18:00:00,3.5698,Sunday,18,6,Summer,0
10023456782,2024-06-02 19:00:00,2024-06-02,19:00:00,4.3836,Sunday,19,6,Summer,0
10023456782,2024-06-02 20:00:00,2024-06-02,20:00:00,3.9542,Sunday,20,6,Summer,0
10023456782,2024-06-02 21:00:00,2024-06-02,21:00:00,3.3146,Sunday,21,6,Summer,0
10023456782,2024-06-02 22:00:00,2024-06-02,22:00:00,2.0750,Sunday,22,6,Summer,0
10023456782,2024-06-02 23:00:00,2024-06-02,23:00:00,1.5595,Sunday,23,6,Summer,0
10023456782,2024-06-03 00:00:00,2024-06-03,00:00:00,1.6120,Monday,0,6,Summer,0
10023456782,2024-06-03 01:00:00,2024-06-03,01:00:00,1.4679,Monday,1,6,Summer,0
10023456782,2024-06-03 02:00:00,2024-06-03,02:00:00,1.5056,Monday,2,6,Summer,0
10023456782,2024-06-03 03:00:00,2024-06-03,03:00:00,1.4124,Monday,3,6,Summer,0
10023456782,2024-06-03 04:00:00,2024-06-03,04:00:00,1.5446,Monday,4,6,Summer,0
10023456782,2024-06-03 05:00:00,2024-06-03,05:00:00,3.5786,Monday,5,6,Summer,1
10023456782,2024-06-03 06:00:00,2024-06-03,06:00:00,7.7746,Monday,6,6,Summer,1
10023456782,2024-06-03 07:00:00,2024-06-03,07:00:00,7.9488,Monday,7,6,Summer,1
10023456782,2024-06-03 08:00:00,2024-06-03,08:00:00,5.4953,Monday,8,6,Summer,0
10023456782,2024-06-03 09:00:00,2024-06-03,09:00:00,5.1984,Monday,9,6,Summer,0
10023456782,2024-06-03 10:00:00,2024-06-03,10:00:00,4.2839,Monday,10,6,Summer,0
10023456782,2024-06-03 11:00:00,2024-06-03,11:00:00,10.5958,Monday,11,6,Summer,1
10023456782,2024-06-03 12:00:00,2024-06-03,12:00:00,10.6383,Monday,12,6,Summer,1
10023456782,2024-06-03 13:00:00,2024-06-03,13:00:00,11.5728,Monday,13,6,Summer,1
10023456782,2024-06-03 14:00:00,2024-06-03,14:00:00,4.2924,Monday,14,6,Summer,0
10023456782,2024-06-03 15:00:00,2024-06-03,15:00:00,4.0097,Monday,15,6,Summer,0
10023456782,2024-06-03 16:00:00,2024-06-03,16:00:00,3.7866,Monday,16,6,Summer,0
10023456782,2024-06-03 17:00:00,2024-06-03,17:00:00,6.0144,Monday,17,6,Summer,0
10023456782,2024-06-03 18:00:00,2024-06-03,18:00:00,5.3783,Monday,18,6,Summer,0
10023456782,2024-06-03 19:00:00,2024-06-03,19:00:00,5.9282,Monday,19,6,Summer,0
10023456782,2024-06-03 20:00:00,2024-06-03,20:00:00,0.4386,Monday,20,6,Summer,1
10023456782,2024-06-03 21:00:00,2024-06-03,21:00:00,0.3230,Monday,21,6,Summer,1
10023456782,2024-06-03 22:00:00,2024-06-03,22:00:00,2.8449,Monday,22,6,Summer,0
10023456782,2024-06-03 23:00:00,2024-06-03,23:00:00,2.3859,Monday,23,6,Summer,0
10023456782,2024-06-04 00:00:00,2024-06-04,00:00:00,1.3524,Tuesday,0,6,Summer,0
10023456782,2024-06-04 01:00:00,2024-06-04,01:00:00,1.2690,Tuesday,1,6,Summer,0
10023456782,2024-06-04 02:00:00,2024-06-04,02:00:00,1.0360,Tuesday,2,6,Summer,0
10023456782,2024-06-04 03:00:00,2024-06-04,03:00:00,0.9824,Tuesday,3,6,Summer,0
10023456782,2024-06-04 04:00:00,2024-06-04,04:00:00,1.7377,Tuesday,4,6,Summer,0
10023456782,2024-06-04 05:00:00,2024-06-04,05:00:00,1.7875,Tuesday,5,6,Summer,0
10023456782,2024-06-04 06:00:00,2024-06-04,06:00:00,2.8203,Tuesday,6,6,Summer,0
10023456782,2024-06-04 07:00:00,2024-06-04,07:00:00,3.7458,Tuesday,7,6,Summer,0
10023456782,2024-06-04 08:00:00,2024-06-04,08:00:00,3.8730,Tuesday,8,6,Summer,0
10023456782,2024-06-04 09:00:00,2024-06-04,09:00:00,4.2648,Tuesday,9,6,Summer,0
10023456782,2024-06-04 10:00:00,2024-06-04,10:00:00,4.5592,Tuesday,10,6,Summer,0
10023456782,2024-06-04 11:00:00,2024-06-04,11:00:00,3.9706,Tuesday,11,6,Summer,0
10023456782,2024-06-04 12:00:00,2024-06-04,12:00:00,4.0253,Tuesday,12,6,Summer,0
10023456782,2024-06-04 13:00:00,2024-06-04,13:00:00,4.3868,Tuesday,13,6,Summer,0
10023456782,2024-06-04 14:00:00,2024-06-04,14:00:00,3.5318,Tuesday,14,6,Summer,0
10023456782,2024-06-04 15:00:00,2024-06-04,15:00:00,4.2796,Tuesday,15,6,Summer,0
10023456782,2024-06-04 16:00:00,2024-06-04,16:00:00,4.1586,Tuesday,16,6,Summer,0
10023456782,2024-06-04 17:00:00,2024-06-04,17:00:00,4.5817,Tuesday,17,6,Summer,0
10023456782,2024-06-04 18:00:00,2024-06-04,18:00:00,4.8512,Tuesday,18,6,Summer,0
10023456782,2024-06-04 19:00:00,2024-06-04,19:00:00,4.3184,Tuesday,19,6,Summer,0
10023456782,2024-06-04 20:00:00,2024-06-04,20:00:00,4.5428,Tuesday,20,6,Summer,0
10023456782,2024-06-04 21:00:00,2024-06-04,21:00:00,3.5035,Tuesday,21,6,Summer,0
10023456782,2024-06-04 22:00:00,2024-06-04,22:00:00,2.4899,Tuesday,22,6,Summer,0
10023456782,2024-06-04 23:00:00,2024-06-04,23:00:00,1.4018,Tuesday,23,6,Summer,0
10023456782,2024-06-05 00:00:00,2024-06-05,00:00:00,1.4637,Wednesday,0,6,Summer,0
10023456782,2024-06-05 01:00:00,2024-06-05,01:00:00,1.0383,Wednesday,1,6,Summer,0
10023456782,2024-06-05 02:00:00,2024-06-05,02:00:00,1.1813,Wednesday,2,6,Summer,0
10023456782,2024-06-05 03:00:00,2024-06-05,03:00:00,1.2784,Wednesday,3,6,Summer,0
10023456782,2024-06-05 04:00:00,2024-06-05,04:00:00,1.2259,Wednesday,4,6,Summer,0
10023456782,2024-06-05 05:00:00,2024-06-05,05:00:00,1.8310,Wednesday,5,6,Summer,0
10023456782,2024-06-05 06:00:00,2024-06-05,06:00:00,2.7613,Wednesday,6,6,Summer,0
10023456782,2024-06-05 07:00:00,2024-06-05,07:00:00,4.2825,Wednesday,7,6,Summer,0
10023456782,2024-06-05 08:00:00,2024-06-05,08:00:00,5.3013,Wednesday,8,6,Summer,0
10023456782,2024-06-05 09:00:00,2024-06-05,09:00:00,3.7626,Wednesday,9,6,Summer,0
10023456782,2024-06-05 10:00:00,2024-06-05,10:00:00,3.3365,Wednesday,10,6,Summer,0
10023456782,2024-06-05 11:00:00,2024-06-05,11:00:00,3.4493,Wednesday,11,6,Summer,0
10023456782,2024-06-05 12:00:00,2024-06-05,12:00:00,3.4718,Wednesday,12,6,Summer,0
10023456782,2024-06-05 13:00:00,2024-06-05,13:00:00,3.8066,Wednesday,13,6,Summer,0
10023456782,2024-06-05 14:00:00,2024-06-05,14:00:00,3.8829,Wednesday,14,6,Summer,0
10023456782,2024-06-05 15:00:00,2024-06-05,15:00:00,3.4946,Wednesday,15,6,Summer,0
10023456782,2024-06-05 16:00:00,2024-06-05,16:00:00,3.3285,Wednesday,16,6,Summer,0
10023456782,2024-06-05 17:00:00,2024-06-05,17:00:00,3.8923,Wednesday,17,6,Summer,0
10023456782,2024-06-05 18:00:00,2024-06-05,18:00:00,3.5712,Wednesday,18,6,Summer,0
10023456782,2024-06-05 19:00:00,2024-06-05,19:00:00,4.2585,Wednesday,19,6,Summer,0
10023456782,2024-06-05 20:00:00,2024-06-05,20:00:00,3.7800,Wednesday,20,6,Summer,0
10023456782,2024-06-05 21:00:00,2024-06-05,21:00:00,3.8730,Wednesday,21,6,Summer,0
10023456782,2024-06-05 22:00:00,2024-06-05,22:00:00,2.1150,Wednesday,22,6,Summer,0
10023456782,2024-06-05 23:00:00,2024-06-05,23:00:00,2.0205,Wednesday,23,6,Summer,0
10023456782,2024-06-06 00:00:00,2024-06-06,00:00:00,1.6777,Thursday,0,6,Summer,0
10023456782,2024-06-06 01:00:00,2024-06-06,01:00:00,1.6857,Thursday,1,6,Summer,0
10023456782,2024-06-06 02:00:00,2024-06-06,02:00:00,1.6348,Thursday,2,6,Summer,0
10023456782,2024-06-06 03:00:00,2024-06-06,03:00:00,1.6807,Thursday,3,6,Summer,0
10023456782,2024-06-06 04:00:00,2024-06-06,04:00:00,1.3991,Thursday,4,6,Summer,0
10023456782,2024-06-06 05:00:00,2024-06-06,05:00:00,2.2670,Thursday,5,6,Summer,0
10023456782,2024-06-06 06:00:00,2024-06-06,06:00:00,3.3969,Thursday,6,6,Summer,0
10023456782,2024-06-06 07:00:00,2024-06-06,07:00:00,4.7892,Thursday,7,6,Summer,0
10023456782,2024-06-06 08:00:00,2024-06-06,08:00:00,6.3545,Thursday,8,6,Summer,0
10023456782,2024-06-06 09:00:00,2024-06-06,09:00:00,5.7298,Thursday,9,6,Summer,0
10023456782,2024-06-06 10:00:00,2024-06-06,10:00:00,4.0894,Thursday,10,6,Summer,0
10023456782,2024-06-06 11:00:00,2024-06-06,11:00:00,4.5496,Thursday,11,6,Summer,0
10023456782,2024-06-06 12:00:00,2024-06-06,12:00:00,4.4402,Thursday,12,6,Summer,0
10023456782,2024-06-06 13:00:00,2024-06-06,13:00:00,4.4319,Thursday,13,6,Summer,0
10023456782,2024-06-06 14:00:00,2024-06-06,14:00:00,4.0500,Thursday,14,6,Summer,0
10023456782,2024-06-06 15:00:00,2024-06-06,15:00:00,4.5866,Thursday,15,6,Summer,0
10023456782,2024-06-06 16:00:00,2024-06-06,16:00:00,5.6406,Thursday,16,6,Summer,0
10023456782,2024-06-06 17:00:00,2024-06-06,17:00:00,4.8054,Thursday,17,6,Summer,0
10023456782,2024-06-06 18:00:00,2024-06-06,18:00:00,5.3060,Thursday,18,6,Summer,0
10023456782,2024-06-06 19:00:00,2024-06-06,19:00:00,5.4557,Thursday,19,6,Summer,0
10023456782,2024-06-06 20:00:00,2024-06-06,20:00:00,5.5559,Thursday,20,6,Summer,0
10023456782,2024-06-06 21:00:00,2024-06-06,21:00:00,4.7802,Thursday,21,6,Summer,0
10023456782,2024-06-06 22:00:00,2024-06-06,22:00:00,3.4693,Thursday,22,6,Summer,0
10023456782,2024-06-06 23:00:00,2024-06-06,23:00:00,10.2907,Thursday,23,6,Summer,1
10023456782,2024-06-07 00:00:00,2024-06-07,00:00:00,1.9380,Friday,0,6,Summer,0
10023456782,2024-06-07 01:00:00,2024-06-07,01:00:00,2.0594,Friday,1,6,Summer,0
10023456782,2024-06-07 02:00:00,2024-06-07,02:00:00,1.9114,Friday,2,6,Summer,0
10023456782,2024-06-07 03:00:00,2024-06-07,03:00:00,1.5174,Friday,3,6,Summer,0
10023456782,2024-06-07 04:00:00,2024-06-07,04:00:00,1.9705,Friday,4,6,Summer,0
10023456782,2024-06-07 05:00:00,2024-06-07,05:00:00,2.7779,Friday,5,6,Summer,0
10023456782,2024-06-07 06:00:00,2024-06-07,06:00:00,4.0983,Friday,6,6,Summer,0
10023456782,2024-06-07 07:00:00,2024-06-07,07:00:00,6.5307,Friday,7,6,Summer,0
10023456782,2024-06-07 08:00:00,2024-06-07,08:00:00,6.7097,Friday,8,6,Summer,0
10023456782,2024-06-07 09:00:00,2024-06-07,09:00:00,6.8151,Friday,9,6,Summer,0
10023456782,2024-06-07 10:00:00,2024-06-07,10:00:00,5.5037,Friday,10,6,Summer,0
10023456782,2024-06-07 11:00:00,2024-06-07,11:00:00,4.9172,Friday,11,6,Summer,0
10023456782,2024-06-07 12:00:00,2024-06-07,12:00:00,5.4389,Friday,12,6,Summer,0
10023456782,2024-06-07 13:00:00,2024-06-07,13:00:00,5.5964,Friday,13,6,Summer,0
10023456782,2024-06-07 14:00:00,2024-06-07,14:00:00,4.6619,Friday,14,6,Summer,0
10023456782,2024-06-07 15:00:00,2024-06-07,15:00:00,6.3636,Friday,15,6,Summer,0
10023456782,2024-06-07 16:00:00,2024-06-07,16:00:00,5.5460,Friday,16,6,Summer,0
10023456782,2024-06-07 17:00:00,2024-06-07,17:00:00,5.6619,Friday,17,6,Summer,0
10023456782,2024-06-07 18:00:00,2024-06-07,18:00:00,6.7949,Friday,18,6,Summer,0
10023456782,2024-06-07 19:00:00,2024-06-07,19:00:00,5.5528,Friday,19,6,Summer,0
10023456782,2024-06-07 20:00:00,2024-06-07,20:00:00,5.4678,Friday,20,6,Summer,0
10023456782,2024-06-07 21:00:00,2024-06-07,21:00:00,4.5674,Friday,21,6,Summer,0
10023456782,2024-06-07 22:00:00,2024-06-07,22:00:00,3.5040,Friday,22,6,Summer,0
10023456782,2024-06-07 23:00:00,2024-06-07,23:00:00,2.3982,Friday,23,6,Summer,0
10023456782,2024-06-08 00:00:00,2024-06-08,00:00:00,1.4704,Saturday,0,6,Summer,0
10023456782,2024-06-08 01:00:00,2024-06-08,01:00:00,1.4315,Saturday,1,6,Summer,0
10023456782,2024-06-08 02:00:00,2024-06-08,02:00:00,1.1451,Saturday,2,6,Summer,0
10023456782,2024-06-08 03:00:00,2024-06-08,03:00:00,1.3542,Saturday,3,6,Summer,0
10023456782,2024-06-08 04:00:00,2024-06-08,04:00:00,1.3377,Saturday,4,6,Summer,0
10023456782,2024-06-08 05:00:00,2024-06-08,05:00:00,1.6205,Saturday,5,6,Summer,0
10023456782,2024-06-08 06:00:00,2024-06-08,06:00:00,2.1166,Saturday,6,6,Summer,0
10023456782,2024-06-08 07:00:00,2024-06-08,07:00:00,2.9830,Saturday,7,6,Summer,0
10023456782,2024-06-08 08:00:00,2024-06-08,08:00:00,3.6182,Saturday,8,6,Summer,0
10023456782,2024-06-08 09:00:00,2024-06-08,09:00:00,2.8511,Saturday,9,6,Summer,0
10023456782,2024-06-08 10:00:00,2024-06-08,10:00:00,3.5708,Saturday,10,6,Summer,0
10023456782,2024-06-08 11:00:00,2024-06-08,11:00:00,3.5884,Saturday,11,6,Summer,0
10023456782,2024-06-08 12:00:00,2024-06-08,12:00:00,3.7033,Saturday,12,6,Summer,0
10023456782,2024-06-08 13:00:00,2024-06-08,13:00:00,4.1509,Saturday,13,6,Summer,0
10023456782,2024-06-08 14:00:00,2024-06-08,14:00:00,2.8644,Saturday,14,6,Summer,0
10023456782,2024-06-08 15:00:00,2024-06-08,15:00:00,3.7431,Saturday,15,6,Summer,0
10023456782,2024-06-08 16:00:00,2024-06-08,16:00:00,3.9292,Saturday,16,6,Summer,0
10023456782,2024-06-08 17:00:00,2024-06-08,17:00:00,3.6832,Saturday,17,6,Summer,0
10023456782,2024-06-08 18:00:00,2024-06-08,18:00:00,4.7552,Saturday,18,6,Summer,0
10023456782,2024-06-08 19:00:00,2024-06-08,19:00:00,5.0156,Saturday,19,6,Summer,0
10023456782,2024-06-08 20:00:00,2024-06-08,20:00:00,4.2216,Saturday,20,6,Summer,0
10023456782,2024-06-08 21:00:00,2024-06-08,21:00:00,3.3988,Saturday,21,6,Summer,0
10023456782,2024-06-08 22:00:00,2024-06-08,22:00:00,2.8233,Saturday,22,6,Summer,0
10023456782,2024-06-08 23:00:00,2024-06-08,23:00:00,2.3233,Saturday,23,6,Summer,0
10023456782,2024-06-09 00:00:00,2024-06-09,00:00:00,1.4951,Sunday,0,6,Summer,0
10023456782,2024-06-09 01:00:00,2024-06-09,01:00:00,1.2873,Sunday,1,6,Summer,0
10023456782,2024-06-09 02:00:00,2024-06-09,02:00:00,1.3987,Sunday,2,6,Summer,0
10023456782,2024-06-09 03:00:00,2024-06-09,03:00:00,1.4304,Sunday,3,6,Summer,0
10023456782,2024-06-09 04:00:00,2024-06-09,04:00:00,1.5324,Sunday,4,6,Summer,0
10023456782,2024-06-09 05:00:00,2024-06-09,05:00:00,1.7117,Sunday,5,6,Summer,0
10023456782,2024-06-09 06:00:00,2024-06-09,06:00:00,2.6493,Sunday,6,6,Summer,0
10023456782,2024-06-09 07:00:00,2024-06-09,07:00:00,3.4231,Sunday,7,6,Summer,0
10023456782,2024-06-09 08:00:00,2024-06-09,08:00:00,4.1079,Sunday,8,6,Summer,0
10023456782,2024-06-09 09:00:00,2024-06-09,09:00:00,3.9062,Sunday,9,6,Summer,0
10023456782,2024-06-09 10:00:00,2024-06-09,10:00:00,4.7023,Sunday,10,6,Summer,0
10023456782,2024-06-09 11:00:00,2024-06-09,11:00:00,3.9107,Sunday,11,6,Summer,0
10023456782,2024-06-09 12:00:00,2024-06-09,12:00:00,3.4502,Sunday,12,6,Summer,0
10023456782,2024-06-09 13:00:00,2024-06-09,13:00:00,4.5655,Sunday,13,6,Summer,0
10023456782,2024-06-09 14:00:00,2024-06-09,14:00:00,4.1866,Sunday,14,6,Summer,0
10023456782,2024-06-09 15:00:00,2024-06-09,15:00:00,3.3328,Sunday,15,6,Summer,0
10023456782,2024-06-09 16:00:00,2024-06-09,16:00:00,3.9192,Sunday,16,6,Summer,0
10023456782,2024-06-09 17:00:00,2024-06-09,17:00:00,4.5817,Sunday,17,6,Summer,0
10023456782,2024-06-09 18:00:00,2024-06-09,18:00:00,5.0253,Sunday,18,6,Summer,0
10023456782,2024-06-09 19:00:00,2024-06-09,19:00:00,5.6601,Sunday,19,6,Summer,0
10023456782,2024-06-09 20:00:00,2024-06-09,20:00:00,4.0900,Sunday,20,6,Summer,0
10023456782,2024-06-09 21:00:00,2024-06-09,21:00:00,3.9593,Sunday,21,6,Summer,0
10023456782,2024-06-09 22:00:00,2024-06-09,22:00:00,2.0777,Sunday,22,6,Summer,0
10023456782,2024-06-09 23:00:00,2024-06-09,23:00:00,2.0146,Sunday,23,6,Summer,0
10023456782,2024-06-10 00:00:00,2024-06-10,00:00:00,1.4147,Monday,0,6,Summer,0
10023456782,2024-06-10 01:00:00,2024-06-10,01:00:00,1.5033,Monday,1,6,Summer,0
10023456782,2024-06-10 02:00:00,2024-06-10,02:00:00,1.6375,Monday,2,6,Summer,0
10023456782,2024-06-10 03:00:00,2024-06-10,03:00:00,1.0991,Monday,3,6,Summer,0
10023456782,2024-06-10 04:00:00,2024-06-10,04:00:00,1.3687,Monday,4,6,Summer,0
10023456782,2024-06-10 05:00:00,2024-06-10,05:00:00,2.3122,Monday,5,6,Summer,0
10023456782,2024-06-10 06:00:00,2024-06-10,06:00:00,2.8927,Monday,6,6,Summer,0
10023456782,2024-06-10 07:00:00,2024-06-10,07:00:00,4.1118,Monday,7,6,Summer,0
10023456782,2024-06-10 08:00:00,2024-06-10,08:00:00,4.3886,Monday,8,6,Summer,0
10023456782,2024-06-10 09:00:00,2024-06-10,09:00:00,4.4586,Monday,9,6,Summer,0
10023456782,2024-06-10 10:00:00,2024-06-10,10:00:00,3.7718,Monday,10,6,Summer,0
10023456782,2024-06-10 11:00:00,2024-06-10,11:00:00,3.5989,Monday,11,6,Summer,0
10023456782,2024-06-10 12:00:00,2024-06-10,12:00:00,4.0690,Monday,12,6,Summer,0
10023456782,2024-06-10 13:00:00,2024-06-10,13:00:00,3.8306,Monday,13,6,Summer,0
10023456782,2024-06-10 14:00:00,2024-06-10,14:00:00,5.2271,Monday,14,6,Summer,0
10023456782,2024-06-10 15:00:00,2024-06-10,15:00:00,5.0487,Monday,15,6,Summer,0
10023456782,2024-06-10 16:00:00,2024-06-10,16:00:00,4.1419,Monday,16,6,Summer,0
10023456782,2024-06-10 17:00:00,2024-06-10,17:00:00,5.3760,Monday,17,6,Summer,0
10023456782,2024-06-10 18:00:00,2024-06-10,18:00:00,5.7152,Monday,18,6,Summer,0
10023456782,2024-06-10 19:00:00,2024-06-10,19:00:00,5.1658,Monday,19,6,Summer,0
10023456782,2024-06-10 20:00:00,2024-06-10,20:00:00,4.0668,Monday,20,6,Summer,0
10023456782,2024-06-10 21:00:00,2024-06-10,21:00:00,3.3395,Monday,21,6,Summer,0
10023456782,2024-06-10 22:00:00,2024-06-10,22:00:00,2.8906,Monday,22,6,Summer,0
10023456782,2024-06-10 23:00:00,2024-06-10,23:00:00,1.8972,Monday,23,6,Summer,0
10023456782,2024-06-11 00:00:00,2024-06-11,00:00:00,1.8565,Tuesday,0,6,Summer,0
10023456782,2024-06-11 01:00:00,2024-06-11,01:00:00,1.2918,Tuesday,1,6,Summer,0
10023456782,2024-06-11 02:00:00,2024-06-11,02:00:00,1.1522,Tuesday,2,6,Summer,0
10023456782,2024-06-11 03:00:00,2024-06-11,03:00:00,1.4507,Tuesday,3,6,Summer,0
10023456782,2024-06-11 04:00:00,2024-06-11,04:00:00,1.2820,Tuesday,4,6,Summer,0
10023456782,2024-06-11 05:00:00,2024-06-11,05:00:00,2.0454,Tuesday,5,6,Summer,0
10023456782,2024-06-11 06:00:00,2024-06-11,06:00:00,3.8681,Tuesday,6,6,Summer,0
10023456782,2024-06-11 07:00:00,2024-06-11,07:00:00,3.4471,Tuesday,7,6,Summer,0
10023456782,2024-06-11 08:00:00,2024-06-11,08:00:00,4.9466,Tuesday,8,6,Summer,0
10023456782,2024-06-11 09:00:00,2024-06-11,09:00:00,5.1338,Tuesday,9,6,Summer,0
10023456782,2024-06-11 10:00:00,2024-06-11,10:00:00,4.6958,Tuesday,10,6,Summer,0
10023456782,2024-06-11 11:00:00,2024-06-11,11:00:00,3.8025,Tuesday,11,6,Summer,0
10023456782,2024-06-11 12:00:00,2024-06-11,12:00:00,3.9423,Tuesday,12,6,Summer,0
10023456782,2024-06-11 13:00:00,2024-06-11,13:00:00,4.3972,Tuesday,13,6,Summer,0
10023456782,2024-06-11 14:00:00,2024-06-11,14:00:00,3.8364,Tuesday,14,6,Summer,0
10023456782,2024-06-11 15:00:00,2024-06-11,15:00:00,4.4797,Tuesday,15,6,Summer,0
10023456782,2024-06-11 16:00:00,2024-06-11,16:00:00,4.2733,Tuesday,16,6,Summer,0
10023456782,2024-06-11 17:00:00,2024-06-11,17:00:00,4.3349,Tuesday,17,6,Summer,0
10023456782,2024-06-11 18:00:00,2024-06-11,18:00:00,4.8223,Tuesday,18,6,Summer,0
10023456782,2024-06-11 19:00:00,2024-06-11,19:00:00,5.3494,Tuesday,19,6,Summer,0
10023456782,2024-06-11 20:00:00,2024-06-11,20:00:00,3.9755,Tuesday,20,6,Summer,0
10023456782,2024-06-11 21:00:00,2024-06-11,21:00:00,3.2443,Tuesday,21,6,Summer,0
10023456782,2024-06-11 22:00:00,2024-06-11,22:00:00,2.5779,Tuesday,22,6,Summer,0
10023456782,2024-06-11 23:00:00,2024-06-11,23:00:00,1.8999,Tuesday,23,6,Summer,0
10023456782,2024-06-12 00:00:00,2024-06-12,00:00:00,1.6149,Wednesday,0,6,Summer,0
10023456782,2024-06-12 01:00:00,2024-06-12,01:00:00,1.3610,Wednesday,1,6,Summer,0
10023456782,2024-06-12 02:00:00,2024-06-12,02:00:00,1.6269,Wednesday,2,6,Summer,0
10023456782,2024-06-12 03:00:00,2024-06-12,03:00:00,1.2469,Wednesday,3,6,Summer,0
10023456782,2024-06-12 04:00:00,2024-06-12,04:00:00,1.2796,Wednesday,4,6,Summer,0
10023456782,2024-06-12 05:00:00,2024-06-12,05:00:00,2.2677,Wednesday,5,6,Summer,0
10023456782,2024-06-12 06:00:00,2024-06-12,06:00:00,3.0837,Wednesday,6,6,Summer,0
10023456782,2024-06-12 07:00:00,2024-06-12,07:00:00,3.4252,Wednesday,7,6,Summer,0
10023456782,2024-06-12 08:00:00,2024-06-12,08:00:00,4.1839,Wednesday,8,6,Summer,0
10023456782,2024-06-12 09:00:00,2024-06-12,09:00:00,4.1468,Wednesday,9,6,Summer,0
10023456782,2024-06-12 10:00:00,2024-06-12,10:00:00,4.0814,Wednesday,10,6,Summer,0
10023456782,2024-06-12 11:00:00,2024-06-12,11:00:00,4.3476,Wednesday,11,6,Summer,0
10023456782,2024-06-12 12:00:00,2024-06-12,12:00:00,3.5968,Wednesday,12,6,Summer,0
10023456782,2024-06-12 13:00:00,2024-06-12,13:00:00,3.5340,Wednesday,13,6,Summer,0
10023456782,2024-06-12 14:00:00,2024-06-12,14:00:00,3.8483,Wednesday,14,6,Summer,0
10023456782,2024-06-12 15:00:00,2024-06-12,15:00:00,3.6308,Wednesday,15,6,Summer,0
10023456782,2024-06-12 16:00:00,2024-06-12,16:00:00,4.8909,Wednesday,16,6,Summer,0
10023456782,2024-06-12 17:00:00,2024-06-12,17:00:00,0.6301,Wednesday,17,6,Summer,1
10023456782,2024-06-12 18:00:00,2024-06-12,18:00:00,5.3359,Wednesday,18,6,Summer,0
10023456782,2024-06-12 19:00:00,2024-06-12,19:00:00,5.2515,Wednesday,19,6,Summer,0
10023456782,2024-06-12 20:00:00,2024-06-12,20:00:00,4.4489,Wednesday,20,6,Summer,0
10023456782,2024-06-12 21:00:00,2024-06-12,21:00:00,3.9523,Wednesday,21,6,Summer,0
10023456782,2024-06-12 22:00:00,2024-06-12,22:00:00,2.5370,Wednesday,22,6,Summer,0
10023456782,2024-06-12 23:00:00,2024-06-12,23:00:00,1.6678,Wednesday,23,6,Summer,0
10023456782,2024-06-13 00:00:00,2024-06-13,00:00:00,1.5154,Thursday,0,6,Summer,0
10023456782,2024-06-13 01:00:00,2024-06-13,01:00:00,1.4891,Thursday,1,6,Summer,0
10023456782,2024-06-13 02:00:00,2024-06-13,02:00:00,1.4247,Thursday,2,6,Summer,0
10023456782,2024-06-13 03:00:00,2024-06-13,03:00:00,1.4293,Thursday,3,6,Summer,0
10023456782,2024-06-13 04:00:00,2024-06-13,04:00:00,1.5201,Thursday,4,6,Summer,0
10023456782,2024-06-13 05:00:00,2024-06-13,05:00:00,2.2763,Thursday,5,6,Summer,0
10023456782,2024-06-13 06:00:00,2024-06-13,06:00:00,3.8953,Thursday,6,6,Summer,0
10023456782,2024-06-13 07:00:00,2024-06-13,07:00:00,4.6112,Thursday,7,6,Summer,0
10023456782,2024-06-13 08:00:00,2024-06-13,08:00:00,5.2919,Thursday,8,6,Summer,0
10023456782,2024-06-13 09:00:00,2024-06-13,09:00:00,5.2007,Thursday,9,6,Summer,0
10023456782,2024-06-13 10:00:00,2024-06-13,10:00:00,4.6638,Thursday,10,6,Summer,0
10023456782,2024-06-13 11:00:00,2024-06-13,11:00:00,3.9949,Thursday,11,6,Summer,0
10023456782,2024-06-13 12:00:00,2024-06-13,12:00:00,4.6357,Thursday,12,6,Summer,0
10023456782,2024-06-13 13:00:00,2024-06-13,13:00:00,4.0288,Thursday,13,6,Summer,0
10023456782,2024-06-13 14:00:00,2024-06-13,14:00:00,4.3025,Thursday,14,6,Summer,0
10023456782,2024-06-13 15:00:00,2024-06-13,15:00:00,4.6213,Thursday,15,6,Summer,0
10023456782,2024-06-13 16:00:00,2024-06-13,16:00:00,4.0079,Thursday,16,6,Summer,0
10023456782,2024-06-13 17:00:00,2024-06-13,17:00:00,5.6814,Thursday,17,6,Summer,0
10023456782,2024-06-13 18:00:00,2024-06-13,18:00:00,6.0431,Thursday,18,6,Summer,0
10023456782,2024-06-13 19:00:00,2024-06-13,19:00:00,5.1222,Thursday,19,6,Summer,0
10023456782,2024-06-13 20:00:00,2024-06-13,20:00:00,5.0915,Thursday,20,6,Summer,0
10023456782,2024-06-13 21:00:00,2024-06-13,21:00:00,3.5292,Thursday,21,6,Summer,0
10023456782,2024-06-13 22:00:00,2024-06-13,22:00:00,7.8646,Thursday,22,6,Summer,1
10023456782,2024-06-13 23:00:00,2024-06-13,23:00:00,1.7629,Thursday,23,6,Summer,0
10023456782,2024-06-14 00:00:00,2024-06-14,00:00:00,1.4780,Friday,0,6,Summer,0
10023456782,2024-06-14 01:00:00,2024-06-14,01:00:00,1.4358,Friday,1,6,Summer,0
10023456782,2024-06-14 02:00:00,2024-06-14,02:00:00,1.1936,Friday,2,6,Summer,0
10023456782,2024-06-14 03:00:00,2024-06-14,03:00:00,1.2141,Friday,3,6,Summer,0
10023456782,2024-06-14 04:00:00,2024-06-14,04:00:00,1.4179,Friday,4,6,Summer,0
10023456782,2024-06-14 05:00:00,2024-06-14,05:00:00,2.8156,Friday,5,6,Summer,0
10023456782,2024-06-14 06:00:00,2024-06-14,06:00:00,2.9820,Friday,6,6,Summer,0
10023456782,2024-06-14 07:00:00,2024-06-14,07:00:00,3.6481,Friday,7,6,Summer,0
10023456782,2024-06-14 08:00:00,2024-06-14,08:00:00,5.1686,Friday,8,6,Summer,0
10023456782,2024-06-14 09:00:00,2024-06-14,09:00:00,4.5532,Friday,9,6,Summer,0
10023456782,2024-06-14 10:00:00,2024-06-14,10:00:00,4.8040,Friday,10,6,Summer,0
10023456782,2024-06-14 11:00:00,2024-06-14,11:00:00,4.2051,Friday,11,6,Summer,0
10023456782,2024-06-14 12:00:00,2024-06-14,12:00:00,3.7223,Friday,12,6,Summer,0
10023456782,2024-06-14 13:00:00,2024-06-14,13:00:00,4.8567,Friday,13,6,Summer,0
10023456782,2024-06-14 14:00:00,2024-06-14,14:00:00,4.2356,Friday,14,6,Summer,0
10023456782,2024-06-14 15:00:00,2024-06-14,15:00:00,5.2425,Friday,15,6,Summer,0
10023456782,2024-06-14 16:00:00,2024-06-14,16:00:00,4.5781,Friday,16,6,Summer,0
10023456782,2024-06-14 17:00:00,2024-06-14,17:00:00,4.3720,Friday,17,6,Summer,0
10023456782,2024-06-14 18:00:00,2024-06-14,18:00:00,5.0119,Friday,18,6,Summer,0
10023456782,2024-06-14 19:00:00,2024-06-14,19:00:00,5.1224,Friday,19,6,Summer,0
10023456782,2024-06-14 20:00:00,2024-06-14,20:00:00,5.1684,Friday,20,6,Summer,0
10023456782,2024-06-14 21:00:00,2024-06-14,21:00:00,3.0661,Friday,21,6,Summer,0
10023456782,2024-06-14 22:00:00,2024-06-14,22:00:00,2.8313,Friday,22,6,Summer,0
10023456782,2024-06-14 23:00:00,2024-06-14,23:00:00,2.4221,Friday,23,6,Summer,0
10023456782,2024-06-15 00:00:00,2024-06-15,00:00:00,2.3292,Saturday,0,6,Summer,0
10023456782,2024-06-15 01:00:00,2024-06-15,01:00:00,1.5096,Saturday,1,6,Summer,0
10023456782,2024-06-15 02:00:00,2024-06-15,02:00:00,1.4932,Saturday,2,6,Summer,0
10023456782,2024-06-15 03:00:00,2024-06-15,03:00:00,1.5827,Saturday,3,6,Summer,0
10023456782,2024-06-15 04:00:00,2024-06-15,04:00:00,1.6276,Saturday,4,6,Summer,0
10023456782,2024-06-15 05:00:00,2024-06-15,05:00:00,1.5806,Saturday,5,6,Summer,0
10023456782,2024-06-15 06:00:00,2024-06-15,06:00:00,3.7709,Saturday,6,6,Summer,0
10023456782,2024-06-15 07:00:00,2024-06-15,07:00:00,3.3998,Saturday,7,6,Summer,0
10023456782,2024-06-15 08:00:00,2024-06-15,08:00:00,3.9061,Saturday,8,6,Summer,0
10023456782,2024-06-15 09:00:00,2024-06-15,09:00:00,5.2259,Saturday,9,6,Summer,0
10023456782,2024-06-15 10:00:00,2024-06-15,10:00:00,5.2034,Saturday,10,6,Summer,0
10023456782,2024-06-15 11:00:00,2024-06-15,11:00:00,4.5862,Saturday,11,6,Summer,0
10023456782,2024-06-15 12:00:00,2024-06-15,12:00:00,4.1982,Saturday,12,6,Summer,0
10023456782,2024-06-15 13:00:00,2024-06-15,13:00:00,3.2415,Saturday,13,6,Summer,0
10023456782,2024-06-15 14:00:00,2024-06-15,14:00:00,4.4741,Saturday,14,6,Summer,0
10023456782,2024-06-15 15:00:00,2024-06-15,15:00:00,4.2536,Saturday,15,6,Summer,0
10023456782,2024-06-15 16:00:00,2024-06-15,16:00:00,4.7979,Saturday,16,6,Summer,0
10023456782,2024-06-15 17:00:00,2024-06-15,17:00:00,6.3217,Saturday,17,6,Summer,0
10023456782,2024-06-15 18:00:00,2024-06-15,18:00:00,5.0736,Saturday,18,6,Summer,0
10023456782,2024-06-15 19:00:00,2024-06-15,19:00:00,6.3712,Saturday,19,6,Summer,0
10023456782,2024-06-15 20:00:00,2024-06-15,20:00:00,0.7597,Saturday,20,6,Summer,1
10023456782,2024-06-15 21:00:00,2024-06-15,21:00:00,0.3148,Saturday,21,6,Summer,1
10023456782,2024-06-15 22:00:00,2024-06-15,22:00:00,3.4312,Saturday,22,6,Summer,0
10023456782,2024-06-15 23:00:00,2024-06-15,23:00:00,2.5179,Saturday,23,6,Summer,0
10023456782,2024-06-16 00:00:00,2024-06-16,00:00:00,1.5905,Sunday,0,6,Summer,0
10023456782,2024-06-16 01:00:00,2024-06-16,01:00:00,1.4891,Sunday,1,6,Summer,0
10023456782,2024-06-16 02:00:00,2024-06-16,02:00:00,1.2095,Sunday,2,6,Summer,0
10023456782,2024-06-16 03:00:00,2024-06-16,03:00:00,1.3320,Sunday,3,6,Summer,0
10023456782,2024-06-16 04:00:00,2024-06-16,04:00:00,1.3825,Sunday,4,6,Summer,0
10023456782,2024-06-16 05:00:00,2024-06-16,05:00:00,1.6642,Sunday,5,6,Summer,0
10023456782,2024-06-16 06:00:00,2024-06-16,06:00:00,3.1362,Sunday,6,6,Summer,0
10023456782,2024-06-16 07:00:00,2024-06-16,07:00:00,3.2875,Sunday,7,6,Summer,0
10023456782,2024-06-16 08:00:00,2024-06-16,08:00:00,4.4765,Sunday,8,6,Summer,0
10023456782,2024-06-16 09:00:00,2024-06-16,09:00:00,15.3879,Sunday,9,6,Summer,1
10023456782,2024-06-16 10:00:00,2024-06-16,10:00:00,3.9788,Sunday,10,6,Summer,0
10023456782,2024-06-16 11:00:00,2024-06-16,11:00:00,5.0152,Sunday,11,6,Summer,0
10023456782,2024-06-16 12:00:00,2024-06-16,12:00:00,4.1493,Sunday,12,6,Summer,0
10023456782,2024-06-16 13:00:00,2024-06-16,13:00:00,4.4083,Sunday,13,6,Summer,0
10023456782,2024-06-16 14:00:00,2024-06-16,14:00:00,3.6251,Sunday,14,6,Summer,0
10023456782,2024-06-16 15:00:00,2024-06-16,15:00:00,4.2587,Sunday,15,6,Summer,0
10023456782,2024-06-16 16:00:00,2024-06-16,16:00:00,3.1917,Sunday,16,6,Summer,0
10023456782,2024-06-16 17:00:00,2024-06-16,17:00:00,4.3128,Sunday,17,6,Summer,0
10023456782,2024-06-16 18:00:00,2024-06-16,18:00:00,5.4327,Sunday,18,6,Summer,0
10023456782,2024-06-16 19:00:00,2024-06-16,19:00:00,5.6238,Sunday,19,6,Summer,0
10023456782,2024-06-16 20:00:00,2024-06-16,20:00:00,3.8838,Sunday,20,6,Summer,0
10023456782,2024-06-16 21:00:00,2024-06-16,21:00:00,3.8960,Sunday,21,6,Summer,0
10023456782,2024-06-16 22:00:00,2024-06-16,22:00:00,3.2011,Sunday,22,6,Summer,0
10023456782,2024-06-16 23:00:00,2024-06-16,23:00:00,5.7254,Sunday,23,6,Summer,1
10023456782,2024-06-17 00:00:00,2024-06-17,00:00:00,5.0399,Monday,0,6,Summer,1
10023456782,2024-06-17 01:00:00,2024-06-17,01:00:00,5.9340,Monday,1,6,Summer,1
10023456782,2024-06-17 02:00:00,2024-06-17,02:00:00,1.6367,Monday,2,6,Summer,0
10023456782,2024-06-17 03:00:00,2024-06-17,03:00:00,1.7767,Monday,3,6,Summer,0
10023456782,2024-06-17 04:00:00,2024-06-17,04:00:00,1.5923,Monday,4,6,Summer,0
10023456782,2024-06-17 05:00:00,2024-06-17,05:00:00,2.7807,Monday,5,6,Summer,0
10023456782,2024-06-17 06:00:00,2024-06-17,06:00:00,4.1660,Monday,6,6,Summer,0
10023456782,2024-06-17 07:00:00,2024-06-17,07:00:00,5.5339,Monday,7,6,Summer,0
10023456782,2024-06-17 08:00:00,2024-06-17,08:00:00,6.2029,Monday,8,6,Summer,0
10023456782,2024-06-17 09:00:00,2024-06-17,09:00:00,5.4425,Monday,9,6,Summer,0
10023456782,2024-06-17 10:00:00,2024-06-17,10:00:00,5.6483,Monday,10,6,Summer,0
10023456782,2024-06-17 11:00:00,2024-06-17,11:00:00,4.9561,Monday,11,6,Summer,0
10023456782,2024-06-17 12:00:00,2024-06-17,12:00:00,4.3543,Monday,12,6,Summer,0
10023456782,2024-06-17 13:00:00,2024-06-17,13:00:00,6.1254,Monday,13,6,Summer,0
10023456782,2024-06-17 14:00:00,2024-06-17,14:00:00,4.7408,Monday,14,6,Summer,0
10023456782,2024-06-17 15:00:00,2024-06-17,15:00:00,4.0324,Monday,15,6,Summer,0
10023456782,2024-06-17 16:00:00,2024-06-17,16:00:00,6.3908,Monday,16,6,Summer,0
10023456782,2024-06-17 17:00:00,2024-06-17,17:00:00,6.0649,Monday,17,6,Summer,0
10023456782,2024-06-17 18:00:00,2024-06-17,18:00:00,5.6831,Monday,18,6,Summer,0
10023456782,2024-06-17 19:00:00,2024-06-17,19:00:00,6.0519,Monday,19,6,Summer,0
10023456782,2024-06-17 20:00:00,2024-06-17,20:00:00,5.7087,Monday,20,6,Summer,0
10023456782,2024-06-17 21:00:00,2024-06-17,21:00:00,4.1866,Monday,21,6,Summer,0
10023456782,2024-06-17 22:00:00,2024-06-17,22:00:00,3.1195,Monday,22,6,Summer,0
10023456782,2024-06-17 23:00:00,2024-06-17,23:00:00,2.4023,Monday,23,6,Summer,0
10023456782,2024-06-18 00:00:00,2024-06-18,00:00:00,1.5306,Tuesday,0,6,Summer,0
10023456782,2024-06-18 01:00:00,2024-06-18,01:00:00,1.4470,Tuesday,1,6,Summer,0
10023456782,2024-06-18 02:00:00,2024-06-18,02:00:00,1.3461,Tuesday,2,6,Summer,0
10023456782,2024-06-18 03:00:00,2024-06-18,03:00:00,1.6105,Tuesday,3,6,Summer,0
10023456782,2024-06-18 04:00:00,2024-06-18,04:00:00,1.6166,Tuesday,4,6,Summer,0
10023456782,2024-06-18 05:00:00,2024-06-18,05:00:00,2.4186,Tuesday,5,6,Summer,0
10023456782,2024-06-18 06:00:00,2024-06-18,06:00:00,3.3494,Tuesday,6,6,Summer,0
10023456782,2024-06-18 07:00:00,2024-06-18,07:00:00,5.2635,Tuesday,7,6,Summer,0
10023456782,2024-06-18 08:00:00,2024-06-18,08:00:00,5.7968,Tuesday,8,6,Summer,0
10023456782,2024-06-18 09:00:00,2024-06-18,09:00:00,5.6384,Tuesday,9,6,Summer,0
10023456782,2024-06-18 10:00:00,2024-06-18,10:00:00,5.0509,Tuesday,10,6,Summer,0
10023456782,2024-06-18 11:00:00,2024-06-18,11:00:00,4.7581,Tuesday,11,6,Summer,0
10023456782,2024-06-18 12:00:00,2024-06-18,12:00:00,4.6636,Tuesday,12,6,Summer,0
10023456782,2024-06-18 13:00:00,2024-06-18,13:00:00,4.1182,Tuesday,13,6,Summer,0
10023456782,2024-06-18 14:00:00,2024-06-18,14:00:00,4.2630,Tuesday,14,6,Summer,0
10023456782,2024-06-18 15:00:00,2024-06-18,15:00:00,4.5140,Tuesday,15,6,Summer,0
10023456782,2024-06-18 16:00:00,2024-06-18,16:00:00,4.5299,Tuesday,16,6,Summer,0
10023456782,2024-06-18 17:00:00,2024-06-18,17:00:00,5.3793,Tuesday,17,6,Summer,0
10023456782,2024-06-18 18:00:00,2024-06-18,18:00:00,5.5769,Tuesday,18,6,Summer,0
10023456782,2024-06-18 19:00:00,2024-06-18,19:00:00,5.4933,Tuesday,19,6,Summer,0
10023456782,2024-06-18 20:00:00,2024-06-18,20:00:00,4.3725,Tuesday,20,6,Summer,0
10023456782,2024-06-18 21:00:00,2024-06-18,21:00:00,3.7026,Tuesday,21,6,Summer,0
10023456782,2024-06-18 22:00:00,2024-06-18,22:00:00,2.8302,Tuesday,22,6,Summer,0
10023456782,2024-06-18 23:00:00,2024-06-18,23:00:00,1.8344,Tuesday,23,6,Summer,0
10023456782,2024-06-19 00:00:00,2024-06-19,00:00:00,2.0125,Wednesday,0,6,Summer,0
10023456782,2024-06-19 01:00:00,2024-06-19,01:00:00,1.3957,Wednesday,1,6,Summer,0
10023456782,2024-06-19 02:00:00,2024-06-19,02:00:00,1.9780,Wednesday,2,6,Summer,0
10023456782,2024-06-19 03:00:00,2024-06-19,03:00:00,1.8543,Wednesday,3,6,Summer,0
10023456782,2024-06-19 04:00:00,2024-06-19,04:00:00,1.7024,Wednesday,4,6,Summer,0
10023456782,2024-06-19 05:00:00,2024-06-19,05:00:00,2.6285,Wednesday,5,6,Summer,0
10023456782,2024-06-19 06:00:00,2024-06-19,06:00:00,3.5672,Wednesday,6,6,Summer,0
10023456782,2024-06-19 07:00:00,2024-06-19,07:00:00,5.3022,Wednesday,7,6,Summer,0
10023456782,2024-06-19 08:00:00,2024-06-19,08:00:00,5.9023,Wednesday,8,6,Summer,0
10023456782,2024-06-19 09:00:00,2024-06-19,09:00:00,6.4615,Wednesday,9,6,Summer,0
10023456782,2024-06-19 10:00:00,2024-06-19,10:00:00,5.2908,Wednesday,10,6,Summer,0
10023456782,2024-06-19 11:00:00,2024-06-19,11:00:00,4.7676,Wednesday,11,6,Summer,0
10023456782,2024-06-19 12:00:00,2024-06-19,12:00:00,4.1672,Wednesday,12,6,Summer,0
10023456782,2024-06-19 13:00:00,2024-06-19,13:00:00,5.0247,Wednesday,13,6,Summer,0
10023456782,2024-06-19 14:00:00,2024-06-19,14:00:00,5.0010,Wednesday,14,6,Summer,0
10023456782,2024-06-19 15:00:00,2024-06-19,15:00:00,5.3734,Wednesday,15,6,Summer,0
10023456782,2024-06-19 16:00:00,2024-06-19,16:00:00,6.3578,Wednesday,16,6,Summer,0
10023456782,2024-06-19 17:00:00,2024-06-19,17:00:00,5.5647,Wednesday,17,6,Summer,0
10023456782,2024-06-19 18:00:00,2024-06-19,18:00:00,6.0490,Wednesday,18,6,Summer,0
10023456782,2024-06-19 19:00:00,2024-06-19,19:00:00,5.9841,Wednesday,19,6,Summer,0
10023456782,2024-06-19 20:00:00,2024-06-19,20:00:00,4.5465,Wednesday,20,6,Summer,0
10023456782,2024-06-19 21:00:00,2024-06-19,21:00:00,5.1883,Wednesday,21,6,Summer,0
10023456782,2024-06-19 22:00:00,2024-06-19,22:00:00,3.7449,Wednesday,22,6,Summer,0
10023456782,2024-06-19 23:00:00,2024-06-19,23:00:00,2.1272,Wednesday,23,6,Summer,0
10023456782,2024-06-20 00:00:00,2024-06-20,00:00:00,1.6812,Thursday,0,6,Summer,0
10023456782,2024-06-20 01:00:00,2024-06-20,01:00:00,1.9372,Thursday,1,6,Summer,0
10023456782,2024-06-20 02:00:00,2024-06-20,02:00:00,1.5970,Thursday,2,6,Summer,0
10023456782,2024-06-20 03:00:00,2024-06-20,03:00:00,1.5669,Thursday,3,6,Summer,0
10023456782,2024-06-20 04:00:00,2024-06-20,04:00:00,2.0025,Thursday,4,6,Summer,0
10023456782,2024-06-20 05:00:00,2024-06-20,05:00:00,2.1408,Thursday,5,6,Summer,0
10023456782,2024-06-20 06:00:00,2024-06-20,06:00:00,3.0956,Thursday,6,6,Summer,0
10023456782,2024-06-20 07:00:00,2024-06-20,07:00:00,5.1648,Thursday,7,6,Summer,0
10023456782,2024-06-20 08:00:00,2024-06-20,08:00:00,5.5419,Thursday,8,6,Summer,0
10023456782,2024-06-20 09:00:00,2024-06-20,09:00:00,13.6441,Thursday,9,6,Summer,1
10023456782,2024-06-20 10:00:00,2024-06-20,10:00:00,11.7271,Thursday,10,6,Summer,1
10023456782,2024-06-20 11:00:00,2024-06-20,11:00:00,10.1063,Thursday,11,6,Summer,1
10023456782,2024-06-20 12:00:00,2024-06-20,12:00:00,7.9378,Thursday,12,6,Summer,1
10023456782,2024-06-20 13:00:00,2024-06-20,13:00:00,11.0221,Thursday,13,6,Summer,1
10023456782,2024-06-20 14:00:00,2024-06-20,14:00:00,9.2686,Thursday,14,6,Summer,1
10023456782,2024-06-20 15:00:00,2024-06-20,15:00:00,25.3073,Thursday,15,6,Summer,1
10023456782,2024-06-20 16:00:00,2024-06-20,16:00:00,5.7858,Thursday,16,6,Summer,0
10023456782,2024-06-20 17:00:00,2024-06-20,17:00:00,5.8567,Thursday,17,6,Summer,0
10023456782,2024-06-20 18:00:00,2024-06-20,18:00:00,6.4138,Thursday,18,6,Summer,0
10023456782,2024-06-20 19:00:00,2024-06-20,19:00:00,7.2497,Thursday,19,6,Summer,0
10023456782,2024-06-20 20:00:00,2024-06-20,20:00:00,5.3240,Thursday,20,6,Summer,0
10023456782,2024-06-20 21:00:00,2024-06-20,21:00:00,4.4705,Thursday,21,6,Summer,0
10023456782,2024-06-20 22:00:00,2024-06-20,22:00:00,2.9311,Thursday,22,6,Summer,0
10023456782,2024-06-20 23:00:00,2024-06-20,23:00:00,2.5424,Thursday,23,6,Summer,0
10023456782,2024-06-21 00:00:00,2024-06-21,00:00:00,2.2219,Friday,0,6,Summer,0
10023456782,2024-06-21 01:00:00,2024-06-21,01:00:00,1.9960,Friday,1,6,Summer,0
10023456782,2024-06-21 02:00:00,2024-06-21,02:00:00,2.1159,Friday,2,6,Summer,0
10023456782,2024-06-21 03:00:00,2024-06-21,03:00:00,1.8907,Friday,3,6,Summer,0
10023456782,2024-06-21 04:00:00,2024-06-21,04:00:00,2.1535,Friday,4,6,Summer,0
10023456782,2024-06-21 05:00:00,2024-06-21,05:00:00,2.6098,Friday,5,6,Summer,0
10023456782,2024-06-21 06:00:00,2024-06-21,06:00:00,5.2814,Friday,6,6,Summer,0
10023456782,2024-06-21 07:00:00,2024-06-21,07:00:00,5.7962,Friday,7,6,Summer,0
10023456782,2024-06-21 08:00:00,2024-06-21,08:00:00,5.6561,Friday,8,6,Summer,0
10023456782,2024-06-21 09:00:00,2024-06-21,09:00:00,6.3653,Friday,9,6,Summer,0
10023456782,2024-06-21 10:00:00,2024-06-21,10:00:00,5.6122,Friday,10,6,Summer,0
10023456782,2024-06-21 11:00:00,2024-06-21,11:00:00,5.9430,Friday,11,6,Summer,0
10023456782,2024-06-21 12:00:00,2024-06-21,12:00:00,4.5998,Friday,12,6,Summer,0
10023456782,2024-06-21 13:00:00,2024-06-21,13:00:00,5.8997,Friday,13,6,Summer,0
10023456782,2024-06-21 14:00:00,2024-06-21,14:00:00,5.9301,Friday,14,6,Summer,0
10023456782,2024-06-21 15:00:00,2024-06-21,15:00:00,7.0416,Friday,15,6,Summer,0
10023456782,2024-06-21 16:00:00,2024-06-21,16:00:00,6.7765,Friday,16,6,Summer,0
10023456782,2024-06-21 17:00:00,2024-06-21,17:00:00,7.3167,Friday,17,6,Summer,0
10023456782,2024-06-21 18:00:00,2024-06-21,18:00:00,8.1292,Friday,18,6,Summer,0
10023456782,2024-06-21 19:00:00,2024-06-21,19:00:00,6.7067,Friday,19,6,Summer,0
10023456782,2024-06-21 20:00:00,2024-06-21,20:00:00,6.6753,Friday,20,6,Summer,0
10023456782,2024-06-21 21:00:00,2024-06-21,21:00:00,4.9521,Friday,21,6,Summer,0
10023456782,2024-06-21 22:00:00,2024-06-21,22:00:00,0.2944,Friday,22,6,Summer,1
10023456782,2024-06-21 23:00:00,2024-06-21,23:00:00,0.2977,Friday,23,6,Summer,1
10023456782,2024-06-22 00:00:00,2024-06-22,00:00:00,0.2711,Saturday,0,6,Summer,1
10023456782,2024-06-22 01:00:00,2024-06-22,01:00:00,1.3271,Saturday,1,6,Summer,0
10023456782,2024-06-22 02:00:00,2024-06-22,02:00:00,1.4728,Saturday,2,6,Summer,0
10023456782,2024-06-22 03:00:00,2024-06-22,03:00:00,1.2167,Saturday,3,6,Summer,0
10023456782,2024-06-22 04:00:00,2024-06-22,04:00:00,1.4610,Saturday,4,6,Summer,0
10023456782,2024-06-22 05:00:00,2024-06-22,05:00:00,1.5305,Saturday,5,6,Summer,0
10023456782,2024-06-22 06:00:00,2024-06-22,06:00:00,2.6520,Saturday,6,6,Summer,0
10023456782,2024-06-22 07:00:00,2024-06-22,07:00:00,3.1865,Saturday,7,6,Summer,0
10023456782,2024-06-22 08:00:00,2024-06-22,08:00:00,3.3106,Saturday,8,6,Summer,0
10023456782,2024-06-22 09:00:00,2024-06-22,09:00:00,17.4698,Saturday,9,6,Summer,1
10023456782,2024-06-22 10:00:00,2024-06-22,10:00:00,3.7860,Saturday,10,6,Summer,0
10023456782,2024-06-22 11:00:00,2024-06-22,11:00:00,3.1798,Saturday,11,6,Summer,0
10023456782,2024-06-22 12:00:00,2024-06-22,12:00:00,3.3958,Saturday,12,6,Summer,0
10023456782,2024-06-22 13:00:00,2024-06-22,13:00:00,3.2685,Saturday,13,6,Summer,0
10023456782,2024-06-22 14:00:00,2024-06-22,14:00:00,3.4411,Saturday,14,6,Summer,0
10023456782,2024-06-22 15:00:00,2024-06-22,15:00:00,3.1830,Saturday,15,6,Summer,0
10023456782,2024-06-22 16:00:00,2024-06-22,16:00:00,3.9600,Saturday,16,6,Summer,0
10023456782,2024-06-22 17:00:00,2024-06-22,17:00:00,4.8139,Saturday,17,6,Summer,0
10023456782,2024-06-22 18:00:00,2024-06-22,18:00:00,4.0073,Saturday,18,6,Summer,0
10023456782,2024-06-22 19:00:00,2024-06-22,19:00:00,4.2594,Saturday,19,6,Summer,0
10023456782,2024-06-22 20:00:00,2024-06-22,20:00:00,3.5256,Saturday,20,6,Summer,0
10023456782,2024-06-22 21:00:00,2024-06-22,21:00:00,0.3108,Saturday,21,6,Summer,1
10023456782,2024-06-22 22:00:00,2024-06-22,22:00:00,0.4561,Saturday,22,6,Summer,1
10023456782,2024-06-22 23:00:00,2024-06-22,23:00:00,1.3984,Saturday,23,6,Summer,0
10023456782,2024-06-23 00:00:00,2024-06-23,00:00:00,1.7191,Sunday,0,6,Summer,0
10023456782,2024-06-23 01:00:00,2024-06-23,01:00:00,1.2066,Sunday,1,6,Summer,0
10023456782,2024-06-23 02:00:00,2024-06-23,02:00:00,1.2616,Sunday,2,6,Summer,0
10023456782,2024-06-23 03:00:00,2024-06-23,03:00:00,1.2202,Sunday,3,6,Summer,0
10023456782,2024-06-23 04:00:00,2024-06-23,04:00:00,1.3575,Sunday,4,6,Summer,0
10023456782,2024-06-23 05:00:00,2024-06-23,05:00:00,1.9425,Sunday,5,6,Summer,0
10023456782,2024-06-23 06:00:00,2024-06-23,06:00:00,2.3051,Sunday,6,6,Summer,0
10023456782,2024-06-23 07:00:00,2024-06-23,07:00:00,2.8958,Sunday,7,6,Summer,0
10023456782,2024-06-23 08:00:00,2024-06-23,08:00:00,3.3389,Sunday,8,6,Summer,0
10023456782,2024-06-23 09:00:00,2024-06-23,09:00:00,3.3164,Sunday,9,6,Summer,0
10023456782,2024-06-23 10:00:00,2024-06-23,10:00:00,3.4266,Sunday,10,6,Summer,0
10023456782,2024-06-23 11:00:00,2024-06-23,11:00:00,3.0433,Sunday,11,6,Summer,0
10023456782,2024-06-23 12:00:00,2024-06-23,12:00:00,3.2750,Sunday,12,6,Summer,0
10023456782,2024-06-23 13:00:00,2024-06-23,13:00:00,2.5675,Sunday,13,6,Summer,0
10023456782,2024-06-23 14:00:00,2024-06-23,14:00:00,3.4521,Sunday,14,6,Summer,0
10023456782,2024-06-23 15:00:00,2024-06-23,15:00:00,3.7017,Sunday,15,6,Summer,0
10023456782,2024-06-23 16:00:00,2024-06-23,16:00:00,3.3055,Sunday,16,6,Summer,0
10023456782,2024-06-23 17:00:00,2024-06-23,17:00:00,4.1757,Sunday,17,6,Summer,0
10023456782,2024-06-23 18:00:00,2024-06-23,18:00:00,4.7355,Sunday,18,6,Summer,0
10023456782,2024-06-23 19:00:00,2024-06-23,19:00:00,4.1078,Sunday,19,6,Summer,0
10023456782,2024-06-23 20:00:00,2024-06-23,20:00:00,4.0489,Sunday,20,6,Summer,0
10023456782,2024-06-23 21:00:00,2024-06-23,21:00:00,3.4753,Sunday,21,6,Summer,0
10023456782,2024-06-23 22:00:00,2024-06-23,22:00:00,2.4570,Sunday,22,6,Summer,0
10023456782,2024-06-23 23:00:00,2024-06-23,23:00:00,1.4386,Sunday,23,6,Summer,0
10023456782,2024-06-24 00:00:00,2024-06-24,00:00:00,1.1727,Monday,0,6,Summer,0
10023456782,2024-06-24 01:00:00,2024-06-24,01:00:00,1.1615,Monday,1,6,Summer,0
10023456782,2024-06-24 02:00:00,2024-06-24,02:00:00,1.0232,Monday,2,6,Summer,0
10023456782,2024-06-24 03:00:00,2024-06-24,03:00:00,0.8837,Monday,3,6,Summer,0
10023456782,2024-06-24 04:00:00,2024-06-24,04:00:00,1.2354,Monday,4,6,Summer,0
10023456782,2024-06-24 05:00:00,2024-06-24,05:00:00,1.6594,Monday,5,6,Summer,0
10023456782,2024-06-24 06:00:00,2024-06-24,06:00:00,2.7100,Monday,6,6,Summer,0
10023456782,2024-06-24 07:00:00,2024-06-24,07:00:00,3.4920,Monday,7,6,Summer,0
10023456782,2024-06-24 08:00:00,2024-06-24,08:00:00,3.8764,Monday,8,6,Summer,0
10023456782,2024-06-24 09:00:00,2024-06-24,09:00:00,3.6529,Monday,9,6,Summer,0
10023456782,2024-06-24 10:00:00,2024-06-24,10:00:00,3.4594,Monday,10,6,Summer,0
10023456782,2024-06-24 11:00:00,2024-06-24,11:00:00,3.1619,Monday,11,6,Summer,0
10023456782,2024-06-24 12:00:00,2024-06-24,12:00:00,2.5928,Monday,12,6,Summer,0
10023456782,2024-06-24 13:00:00,2024-06-24,13:00:00,3.2842,Monday,13,6,Summer,0
10023456782,2024-06-24 14:00:00,2024-06-24,14:00:00,3.2753,Monday,14,6,Summer,0
10023456782,2024-06-24 15:00:00,2024-06-24,15:00:00,2.9249,Monday,15,6,Summer,0
10023456782,2024-06-24 16:00:00,2024-06-24,16:00:00,3.0902,Monday,16,6,Summer,0
10023456782,2024-06-24 17:00:00,2024-06-24,17:00:00,3.6405,Monday,17,6,Summer,0
10023456782,2024-06-24 18:00:00,2024-06-24,18:00:00,3.5475,Monday,18,6,Summer,0
10023456782,2024-06-24 19:00:00,2024-06-24,19:00:00,3.4329,Monday,19,6,Summer,0
10023456782,2024-06-24 20:00:00,2024-06-24,20:00:00,3.5956,Monday,20,6,Summer,0
10023456782,2024-06-24 21:00:00,2024-06-24,21:00:00,2.4629,Monday,21,6,Summer,0
10023456782,2024-06-24 22:00:00,2024-06-24,22:00:00,2.1526,Monday,22,6,Summer,0
10023456782,2024-06-24 23:00:00,2024-06-24,23:00:00,1.1891,Monday,23,6,Summer,0
10023456782,2024-06-25 00:00:00,2024-06-25,00:00:00,0.9462,Tuesday,0,6,Summer,0
10023456782,2024-06-25 01:00:00,2024-06-25,01:00:00,1.0048,Tuesday,1,6,Summer,0
10023456782,2024-06-25 02:00:00,2024-06-25,02:00:00,1.1286,Tuesday,2,6,Summer,0
10023456782,2024-06-25 03:00:00,2024-06-25,03:00:00,1.1071,Tuesday,3,6,Summer,0
10023456782,2024-06-25 04:00:00,2024-06-25,04:00:00,1.1872,Tuesday,4,6,Summer,0
10023456782,2024-06-25 05:00:00,2024-06-25,05:00:00,1.8656,Tuesday,5,6,Summer,0
10023456782,2024-06-25 06:00:00,2024-06-25,06:00:00,2.9241,Tuesday,6,6,Summer,0
10023456782,2024-06-25 07:00:00,2024-06-25,07:00:00,2.9792,Tuesday,7,6,Summer,0
10023456782,2024-06-25 08:00:00,2024-06-25,08:00:00,4.4196,Tuesday,8,6,Summer,0
10023456782,2024-06-25 09:00:00,2024-06-25,09:00:00,3.7276,Tuesday,9,6,Summer,0
10023456782,2024-06-25 10:00:00,2024-06-25,10:00:00,3.7277,Tuesday,10,6,Summer,0
10023456782,2024-06-25 11:00:00,2024-06-25,11:00:00,3.6148,Tuesday,11,6,Summer,0
10023456782,2024-06-25 12:00:00,2024-06-25,12:00:00,2.6664,Tuesday,12,6,Summer,0
10023456782,2024-06-25 13:00:00,2024-06-25,13:00:00,3.3035,Tuesday,13,6,Summer,0
10023456782,2024-06-25 14:00:00,2024-06-25,14:00:00,3.5513,Tuesday,14,6,Summer,0
10023456782,2024-06-25 15:00:00,2024-06-25,15:00:00,3.3722,Tuesday,15,6,Summer,0
10023456782,2024-06-25 16:00:00,2024-06-25,16:00:00,3.2654,Tuesday,16,6,Summer,0
10023456782,2024-06-25 17:00:00,2024-06-25,17:00:00,4.0799,Tuesday,17,6,Summer,0
10023456782,2024-06-25 18:00:00,2024-06-25,18:00:00,4.1428,Tuesday,18,6,Summer,0
10023456782,2024-06-25 19:00:00,2024-06-25,19:00:00,4.0803,Tuesday,19,6,Summer,0
10023456782,2024-06-25 20:00:00,2024-06-25,20:00:00,3.7121,Tuesday,20,6,Summer,0
10023456782,2024-06-25 21:00:00,2024-06-25,21:00:00,2.4580,Tuesday,21,6,Summer,0
10023456782,2024-06-25 22:00:00,2024-06-25,22:00:00,1.9826,Tuesday,22,6,Summer,0
10023456782,2024-06-25 23:00:00,2024-06-25,23:00:00,1.3451,Tuesday,23,6,Summer,0
10023456782,2024-06-26 00:00:00,2024-06-26,00:00:00,1.4476,Wednesday,0,6,Summer,0
10023456782,2024-06-26 01:00:00,2024-06-26,01:00:00,1.3462,Wednesday,1,6,Summer,0
10023456782,2024-06-26 02:00:00,2024-06-26,02:00:00,1.2556,Wednesday,2,6,Summer,0
10023456782,2024-06-26 03:00:00,2024-06-26,03:00:00,1.0611,Wednesday,3,6,Summer,0
10023456782,2024-06-26 04:00:00,2024-06-26,04:00:00,1.2712,Wednesday,4,6,Summer,0
10023456782,2024-06-26 05:00:00,2024-06-26,05:00:00,1.5971,Wednesday,5,6,Summer,0
10023456782,2024-06-26 06:00:00,2024-06-26,06:00:00,2.6750,Wednesday,6,6,Summer,0
10023456782,2024-06-26 07:00:00,2024-06-26,07:00:00,3.5918,Wednesday,7,6,Summer,0
10023456782,2024-06-26 08:00:00,2024-06-26,08:00:00,3.5425,Wednesday,8,6,Summer,0
10023456782,2024-06-26 09:00:00,2024-06-26,09:00:00,3.8196,Wednesday,9,6,Summer,0
10023456782,2024-06-26 10:00:00,2024-06-26,10:00:00,4.3588,Wednesday,10,6,Summer,0
10023456782,2024-06-26 11:00:00,2024-06-26,11:00:00,3.0602,Wednesday,11,6,Summer,0
10023456782,2024-06-26 12:00:00,2024-06-26,12:00:00,3.9966,Wednesday,12,6,Summer,0
10023456782,2024-06-26 13:00:00,2024-06-26,13:00:00,4.2743,Wednesday,13,6,Summer,0
10023456782,2024-06-26 14:00:00,2024-06-26,14:00:00,3.7860,Wednesday,14,6,Summer,0
10023456782,2024-06-26 15:00:00,2024-06-26,15:00:00,3.5355,Wednesday,15,6,Summer,0
10023456782,2024-06-26 16:00:00,2024-06-26,16:00:00,3.9614,Wednesday,16,6,Summer,0
10023456782,2024-06-26 17:00:00,2024-06-26,17:00:00,3.7876,Wednesday,17,6,Summer,0
10023456782,2024-06-26 18:00:00,2024-06-26,18:00:00,4.3532,Wednesday,18,6,Summer,0
10023456782,2024-06-26 19:00:00,2024-06-26,19:00:00,4.3384,Wednesday,19,6,Summer,0
10023456782,2024-06-26 20:00:00,2024-06-26,20:00:00,3.3269,Wednesday,20,6,Summer,0
10023456782,2024-06-26 21:00:00,2024-06-26,21:00:00,3.2271,Wednesday,21,6,Summer,0
10023456782,2024-06-26 22:00:00,2024-06-26,22:00:00,2.4435,Wednesday,22,6,Summer,0
10023456782,2024-06-26 23:00:00,2024-06-26,23:00:00,1.6132,Wednesday,23,6,Summer,0
10023456782,2024-06-27 00:00:00,2024-06-27,00:00:00,1.2629,Thursday,0,6,Summer,0
10023456782,2024-06-27 01:00:00,2024-06-27,01:00:00,0.8432,Thursday,1,6,Summer,0
10023456782,2024-06-27 02:00:00,2024-06-27,02:00:00,0.9132,Thursday,2,6,Summer,0
10023456782,2024-06-27 03:00:00,2024-06-27,03:00:00,0.9159,Thursday,3,6,Summer,0
10023456782,2024-06-27 04:00:00,2024-06-27,04:00:00,0.9606,Thursday,4,6,Summer,0
10023456782,2024-06-27 05:00:00,2024-06-27,05:00:00,1.3294,Thursday,5,6,Summer,0
10023456782,2024-06-27 06:00:00,2024-06-27,06:00:00,1.5740,Thursday,6,6,Summer,0
10023456782,2024-06-27 07:00:00,2024-06-27,07:00:00,2.9072,Thursday,7,6,Summer,0
10023456782,2024-06-27 08:00:00,2024-06-27,08:00:00,3.0264,Thursday,8,6,Summer,0
10023456782,2024-06-27 09:00:00,2024-06-27,09:00:00,3.1415,Thursday,9,6,Summer,0
10023456782,2024-06-27 10:00:00,2024-06-27,10:00:00,2.5237,Thursday,10,6,Summer,0
10023456782,2024-06-27 11:00:00,2024-06-27,11:00:00,2.8606,Thursday,11,6,Summer,0
10023456782,2024-06-27 12:00:00,2024-06-27,12:00:00,2.3912,Thursday,12,6,Summer,0
10023456782,2024-06-27 13:00:00,2024-06-27,13:00:00,2.7166,Thursday,13,6,Summer,0
10023456782,2024-06-27 14:00:00,2024-06-27,14:00:00,2.9980,Thursday,14,6,Summer,0
10023456782,2024-06-27 15:00:00,2024-06-27,15:00:00,2.6695,Thursday,15,6,Summer,0
10023456782,2024-06-27 16:00:00,2024-06-27,16:00:00,2.7913,Thursday,16,6,Summer,0
10023456782,2024-06-27 17:00:00,2024-06-27,17:00:00,3.5101,Thursday,17,6,Summer,0
10023456782,2024-06-27 18:00:00,2024-06-27,18:00:00,3.1984,Thursday,18,6,Summer,0
10023456782,2024-06-27 19:00:00,2024-06-27,19:00:00,3.1066,Thursday,19,6,Summer,0
10023456782,2024-06-27 20:00:00,2024-06-27,20:00:00,3.1942,Thursday,20,6,Summer,0
10023456782,2024-06-27 21:00:00,2024-06-27,21:00:00,2.3164,Thursday,21,6,Summer,0
10023456782,2024-06-27 22:00:00,2024-06-27,22:00:00,1.6228,Thursday,22,6,Summer,0
10023456782,2024-06-27 23:00:00,2024-06-27,23:00:00,1.2383,Thursday,23,6,Summer,0
10023456782,2024-06-28 00:00:00,2024-06-28,00:00:00,1.3409,Friday,0,6,Summer,0
10023456782,2024-06-28 01:00:00,2024-06-28,01:00:00,1.0318,Friday,1,6,Summer,0
10023456782,2024-06-28 02:00:00,2024-06-28,02:00:00,1.0869,Friday,2,6,Summer,0
10023456782,2024-06-28 03:00:00,2024-06-28,03:00:00,1.0396,Friday,3,6,Summer,0
10023456782,2024-06-28 04:00:00,2024-06-28,04:00:00,1.1077,Friday,4,6,Summer,0
10023456782,2024-06-28 05:00:00,2024-06-28,05:00:00,1.8211,Friday,5,6,Summer,0
10023456782,2024-06-28 06:00:00,2024-06-28,06:00:00,2.1161,Friday,6,6,Summer,0
10023456782,2024-06-28 07:00:00,2024-06-28,07:00:00,3.4134,Friday,7,6,Summer,0
10023456782,2024-06-28 08:00:00,2024-06-28,08:00:00,3.9796,Friday,8,6,Summer,0
10023456782,2024-06-28 09:00:00,2024-06-28,09:00:00,3.2452,Friday,9,6,Summer,0
10023456782,2024-06-28 10:00:00,2024-06-28,10:00:00,3.1454,Friday,10,6,Summer,0
10023456782,2024-06-28 11:00:00,2024-06-28,11:00:00,3.5613,Friday,11,6,Summer,0
10023456782,2024-06-28 12:00:00,2024-06-28,12:00:00,2.9579,Friday,12,6,Summer,0
10023456782,2024-06-28 13:00:00,2024-06-28,13:00:00,3.2072,Friday,13,6,Summer,0
10023456782,2024-06-28 14:00:00,2024-06-28,14:00:00,3.4235,Friday,14,6,Summer,0
10023456782,2024-06-28 15:00:00,2024-06-28,15:00:00,2.6093,Friday,15,6,Summer,0
10023456782,2024-06-28 16:00:00,2024-06-28,16:00:00,3.6471,Friday,16,6,Summer,0
10023456782,2024-06-28 17:00:00,2024-06-28,17:00:00,3.3325,Friday,17,6,Summer,0
10023456782,2024-06-28 18:00:00,2024-06-28,18:00:00,4.4294,Friday,18,6,Summer,0
10023456782,2024-06-28 19:00:00,2024-06-28,19:00:00,14.1424,Friday,19,6,Summer,1
10023456782,2024-06-28 20:00:00,2024-06-28,20:00:00,3.4219,Friday,20,6,Summer,0
10023456782,2024-06-28 21:00:00,2024-06-28,21:00:00,2.6174,Friday,21,6,Summer,0
10023456782,2024-06-28 22:00:00,2024-06-28,22:00:00,2.1698,Friday,22,6,Summer,0
10023456782,2024-06-28 23:00:00,2024-06-28,23:00:00,1.5117,Friday,23,6,Summer,0
10023456782,2024-06-29 00:00:00,2024-06-29,00:00:00,1.3110,Saturday,0,6,Summer,0
10023456782,2024-06-29 01:00:00,2024-06-29,01:00:00,1.1998,Saturday,1,6,Summer,0
10023456782,2024-06-29 02:00:00,2024-06-29,02:00:00,1.1575,Saturday,2,6,Summer,0
10023456782,2024-06-29 03:00:00,2024-06-29,03:00:00,1.1651,Saturday,3,6,Summer,0
10023456782,2024-06-29 04:00:00,2024-06-29,04:00:00,1.1366,Saturday,4,6,Summer,0
10023456782,2024-06-29 05:00:00,2024-06-29,05:00:00,1.8035,Saturday,5,6,Summer,0
10023456782,2024-06-29 06:00:00,2024-06-29,06:00:00,1.9408,Saturday,6,6,Summer,0
10023456782,2024-06-29 07:00:00,2024-06-29,07:00:00,2.8191,Saturday,7,6,Summer,0
10023456782,2024-06-29 08:00:00,2024-06-29,08:00:00,2.8859,Saturday,8,6,Summer,0
10023456782,2024-06-29 09:00:00,2024-06-29,09:00:00,4.6216,Saturday,9,6,Summer,0
10023456782,2024-06-29 10:00:00,2024-06-29,10:00:00,3.3620,Saturday,10,6,Summer,0
10023456782,2024-06-29 11:00:00,2024-06-29,11:00:00,2.5065,Saturday,11,6,Summer,0
10023456782,2024-06-29 12:00:00,2024-06-29,12:00:00,3.2056,Saturday,12,6,Summer,0
10023456782,2024-06-29 13:00:00,2024-06-29,13:00:00,3.3635,Saturday,13,6,Summer,0
10023456782,2024-06-29 14:00:00,2024-06-29,14:00:00,3.3864,Saturday,14,6,Summer,0
10023456782,2024-06-29 15:00:00,2024-06-29,15:00:00,4.0270,Saturday,15,6,Summer,0
10023456782,2024-06-29 16:00:00,2024-06-29,16:00:00,4.1396,Saturday,16,6,Summer,0
10023456782,2024-06-29 17:00:00,2024-06-29,17:00:00,3.9967,Saturday,17,6,Summer,0
10023456782,2024-06-29 18:00:00,2024-06-29,18:00:00,4.3216,Saturday,18,6,Summer,0
10023456782,2024-06-29 19:00:00,2024-06-29,19:00:00,20.1338,Saturday,19,6,Summer,1
10023456782,2024-06-29 20:00:00,2024-06-29,20:00:00,4.6113,Saturday,20,6,Summer,0
10023456782,2024-06-29 21:00:00,2024-06-29,21:00:00,3.4032,Saturday,21,6,Summer,0
10023456782,2024-06-29 22:00:00,2024-06-29,22:00:00,3.3240,Saturday,22,6,Summer,0
10023456782,2024-06-29 23:00:00,2024-06-29,23:00:00,1.4143,Saturday,23,6,Summer,0
10023456782,2024-06-30 00:00:00,2024-06-30,00:00:00,1.3921,Sunday,0,6,Summer,0
10023456782,2024-06-30 01:00:00,2024-06-30,01:00:00,0.8482,Sunday,1,6,Summer,0
10023456782,2024-06-30 02:00:00,2024-06-30,02:00:00,1.2308,Sunday,2,6,Summer,0
10023456782,2024-06-30 03:00:00,2024-06-30,03:00:00,1.2040,Sunday,3,6,Summer,0
10023456782,2024-06-30 04:00:00,2024-06-30,04:00:00,0.9110,Sunday,4,6,Summer,0
10023456782,2024-06-30 05:00:00,2024-06-30,05:00:00,1.1022,Sunday,5,6,Summer,0
10023456782,2024-06-30 06:00:00,2024-06-30,06:00:00,1.9095,Sunday,6,6,Summer,0
10023456782,2024-06-30 07:00:00,2024-06-30,07:00:00,2.5914,Sunday,7,6,Summer,0
10023456782,2024-06-30 08:00:00,2024-06-30,08:00:00,2.6645,Sunday,8,6,Summer,0
10023456782,2024-06-30 09:00:00,2024-06-30,09:00:00,3.3983,Sunday,9,6,Summer,0
10023456782,2024-06-30 10:00:00,2024-06-30,10:00:00,2.6151,Sunday,10,6,Summer,0
10023456782,2024-06-30 11:00:00,2024-06-30,11:00:00,3.1586,Sunday,11,6,Summer,0
10023456782,2024-06-30 12:00:00,2024-06-30,12:00:00,2.4679,Sunday,12,6,Summer,0
10023456782,2024-06-30 13:00:00,2024-06-30,13:00:00,2.9987,Sunday,13,6,Summer,0
10023456782,2024-06-30 14:00:00,2024-06-30,14:00:00,2.0008,Sunday,14,6,Summer,0
10023456782,2024-06-30 15:00:00,2024-06-30,15:00:00,2.3550,Sunday,15,6,Summer,0
10023456782,2024-06-30 16:00:00,2024-06-30,16:00:00,2.8947,Sunday,16,6,Summer,0
10023456782,2024-06-30 17:00:00,2024-06-30,17:00:00,3.0659,Sunday,17,6,Summer,0
10023456782,2024-06-30 18:00:00,2024-06-30,18:00:00,4.1784,Sunday,18,6,Summer,0
10023456782,2024-06-30 19:00:00,2024-06-30,19:00:00,4.1427,Sunday,19,6,Summer,0
10023456782,2024-06-30 20:00:00,2024-06-30,20:00:00,3.5981,Sunday,20,6,Summer,0
10023456782,2024-06-30 21:00:00,2024-06-30,21:00:00,2.5563,Sunday,21,6,Summer,0
10023456782,2024-06-30 22:00:00,2024-06-30,22:00:00,2.4974,Sunday,22,6,Summer,0
10023456782,2024-06-30 23:00:00,2024-06-30,23:00:00,1.4810,Sunday,23,6,Summer,0
10023456782,2024-07-01 00:00:00,2024-07-01,00:00:00,1.5970,Monday,0,7,Summer,0
10023456782,2024-07-01 01:00:00,2024-07-01,01:00:00,1.7161,Monday,1,7,Summer,0
10023456782,2024-07-01 02:00:00,2024-07-01,02:00:00,1.3856,Monday,2,7,Summer,0
10023456782,2024-07-01 03:00:00,2024-07-01,03:00:00,1.4534,Monday,3,7,Summer,0
10023456782,2024-07-01 04:00:00,2024-07-01,04:00:00,1.4196,Monday,4,7,Summer,0
10023456782,2024-07-01 05:00:00,2024-07-01,05:00:00,2.0791,Monday,5,7,Summer,0
10023456782,2024-07-01 06:00:00,2024-07-01,06:00:00,3.6313,Monday,6,7,Summer,0
10023456782,2024-07-01 07:00:00,2024-07-01,07:00:00,4.7131,Monday,7,7,Summer,0
10023456782,2024-07-01 08:00:00,2024-07-01,08:00:00,5.3464,Monday,8,7,Summer,0
10023456782,2024-07-01 09:00:00,2024-07-01,09:00:00,5.8403,Monday,9,7,Summer,0
10023456782,2024-07-01 10:00:00,2024-07-01,10:00:00,4.9192,Monday,10,7,Summer,0
10023456782,2024-07-01 11:00:00,2024-07-01,11:00:00,3.9012,Monday,11,7,Summer,0
10023456782,2024-07-01 12:00:00,2024-07-01,12:00:00,5.1642,Monday,12,7,Summer,0
10023456782,2024-07-01 13:00:00,2024-07-01,13:00:00,3.9296,Monday,13,7,Summer,0
10023456782,2024-07-01 14:00:00,2024-07-01,14:00:00,5.1276,Monday,14,7,Summer,0
10023456782,2024-07-01 15:00:00,2024-07-01,15:00:00,4.6908,Monday,15,7,Summer,0
10023456782,2024-07-01 16:00:00,2024-07-01,16:00:00,5.9159,Monday,16,7,Summer,0
10023456782,2024-07-01 17:00:00,2024-07-01,17:00:00,6.2553,Monday,17,7,Summer,0
10023456782,2024-07-01 18:00:00,2024-07-01,18:00:00,5.8244,Monday,18,7,Summer,0
10023456782,2024-07-01 19:00:00,2024-07-01,19:00:00,5.5733,Monday,19,7,Summer,0
10023456782,2024-07-01 20:00:00,2024-07-01,20:00:00,11.4349,Monday,20,7,Summer,1
10023456782,2024-07-01 21:00:00,2024-07-01,21:00:00,7.8466,Monday,21,7,Summer,1
10023456782,2024-07-01 22:00:00,2024-07-01,22:00:00,7.5180,Monday,22,7,Summer,1
10023456782,2024-07-01 23:00:00,2024-07-01,23:00:00,3.1863,Monday,23,7,Summer,1
10023456782,2024-07-02 00:00:00,2024-07-02,00:00:00,3.0109,Tuesday,0,7,Summer,1
10023456782,2024-07-02 01:00:00,2024-07-02,01:00:00,1.2823,Tuesday,1,7,Summer,0
10023456782,2024-07-02 02:00:00,2024-07-02,02:00:00,0.9627,Tuesday,2,7,Summer,0
10023456782,2024-07-02 03:00:00,2024-07-02,03:00:00,1.1995,Tuesday,3,7,Summer,0
10023456782,2024-07-02 04:00:00,2024-07-02,04:00:00,0.9542,Tuesday,4,7,Summer,0
10023456782,2024-07-02 05:00:00,2024-07-02,05:00:00,1.8509,Tuesday,5,7,Summer,0
10023456782,2024-07-02 06:00:00,2024-07-02,06:00:00,2.7568,Tuesday,6,7,Summer,0
10023456782,2024-07-02 07:00:00,2024-07-02,07:00:00,4.4467,Tuesday,7,7,Summer,0
10023456782,2024-07-02 08:00:00,2024-07-02,08:00:00,4.5007,Tuesday,8,7,Summer,0
10023456782,2024-07-02 09:00:00,2024-07-02,09:00:00,3.8158,Tuesday,9,7,Summer,0
10023456782,2024-07-02 10:00:00,2024-07-02,10:00:00,3.7532,Tuesday,10,7,Summer,0
10023456782,2024-07-02 11:00:00,2024-07-02,11:00:00,3.8468,Tuesday,11,7,Summer,0
10023456782,2024-07-02 12:00:00,2024-07-02,12:00:00,3.6807,Tuesday,12,7,Summer,0
10023456782,2024-07-02 13:00:00,2024-07-02,13:00:00,3.7356,Tuesday,13,7,Summer,0
10023456782,2024-07-02 14:00:00,2024-07-02,14:00:00,3.5332,Tuesday,14,7,Summer,0
10023456782,2024-07-02 15:00:00,2024-07-02,15:00:00,3.8348,Tuesday,15,7,Summer,0
10023456782,2024-07-02 16:00:00,2024-07-02,16:00:00,4.2334,Tuesday,16,7,Summer,0
10023456782,2024-07-02 17:00:00,2024-07-02,17:00:00,4.1310,Tuesday,17,7,Summer,0
10023456782,2024-07-02 18:00:00,2024-07-02,18:00:00,4.7769,Tuesday,18,7,Summer,0
10023456782,2024-07-02 19:00:00,2024-07-02,19:00:00,5.3999,Tuesday,19,7,Summer,0
10023456782,2024-07-02 20:00:00,2024-07-02,20:00:00,3.9461,Tuesday,20,7,Summer,0
10023456782,2024-07-02 21:00:00,2024-07-02,21:00:00,2.6345,Tuesday,21,7,Summer,0
10023456782,2024-07-02 22:00:00,2024-07-02,22:00:00,2.4741,Tuesday,22,7,Summer,0
10023456782,2024-07-02 23:00:00,2024-07-02,23:00:00,1.3480,Tuesday,23,7,Summer,0
10023456782,2024-07-03 00:00:00,2024-07-03,00:00:00,1.4594,Wednesday,0,7,Summer,0
10023456782,2024-07-03 01:00:00,2024-07-03,01:00:00,1.2061,Wednesday,1,7,Summer,0
10023456782,2024-07-03 02:00:00,2024-07-03,02:00:00,1.1735,Wednesday,2,7,Summer,0
10023456782,2024-07-03 03:00:00,2024-07-03,03:00:00,1.3693,Wednesday,3,7,Summer,0
10023456782,2024-07-03 04:00:00,2024-07-03,04:00:00,1.4617,Wednesday,4,7,Summer,0
10023456782,2024-07-03 05:00:00,2024-07-03,05:00:00,2.0749,Wednesday,5,7,Summer,0
10023456782,2024-07-03 06:00:00,2024-07-03,06:00:00,3.6349,Wednesday,6,7,Summer,0
10023456782,2024-07-03 07:00:00,2024-07-03,07:00:00,3.6097,Wednesday,7,7,Summer,0
10023456782,2024-07-03 08:00:00,2024-07-03,08:00:00,4.1632,Wednesday,8,7,Summer,0
10023456782,2024-07-03 09:00:00,2024-07-03,09:00:00,4.5699,Wednesday,9,7,Summer,0
10023456782,2024-07-03 10:00:00,2024-07-03,10:00:00,4.6252,Wednesday,10,7,Summer,0
10023456782,2024-07-03 11:00:00,2024-07-03,11:00:00,4.1239,Wednesday,11,7,Summer,0
10023456782,2024-07-03 12:00:00,2024-07-03,12:00:00,3.7785,Wednesday,12,7,Summer,0
10023456782,2024-07-03 13:00:00,2024-07-03,13:00:00,3.9429,Wednesday,13,7,Summer,0
10023456782,2024-07-03 14:00:00,2024-07-03,14:00:00,3.5974,Wednesday,14,7,Summer,0
10023456782,2024-07-03 15:00:00,2024-07-03,15:00:00,3.2894,Wednesday,15,7,Summer,0
10023456782,2024-07-03 16:00:00,2024-07-03,16:00:00,3.6123,Wednesday,16,7,Summer,0
10023456782,2024-07-03 17:00:00,2024-07-03,17:00:00,4.9090,Wednesday,17,7,Summer,0
10023456782,2024-07-03 18:00:00,2024-07-03,18:00:00,4.3734,Wednesday,18,7,Summer,0
10023456782,2024-07-03 19:00:00,2024-07-03,19:00:00,5.0059,Wednesday,19,7,Summer,0
10023456782,2024-07-03 20:00:00,2024-07-03,20:00:00,3.9174,Wednesday,20,7,Summer,0
10023456782,2024-07-03 21:00:00,2024-07-03,21:00:00,2.6205,Wednesday,21,7,Summer,0
10023456782,2024-07-03 22:00:00,2024-07-03,22:00:00,2.5280,Wednesday,22,7,Summer,0
10023456782,2024-07-03 23:00:00,2024-07-03,23:00:00,1.5788,Wednesday,23,7,Summer,0
10023456782,2024-07-04 00:00:00,2024-07-04,00:00:00,1.4584,Thursday,0,7,Summer,0
10023456782,2024-07-04 01:00:00,2024-07-04,01:00:00,1.1368,Thursday,1,7,Summer,0
10023456782,2024-07-04 02:00:00,2024-07-04,02:00:00,5.9755,Thursday,2,7,Summer,1
10023456782,2024-07-04 03:00:00,2024-07-04,03:00:00,1.6595,Thursday,3,7,Summer,0
10023456782,2024-07-04 04:00:00,2024-07-04,04:00:00,1.3760,Thursday,4,7,Summer,0
10023456782,2024-07-04 05:00:00,2024-07-04,05:00:00,2.0731,Thursday,5,7,Summer,0
10023456782,2024-07-04 06:00:00,2024-07-04,06:00:00,3.1504,Thursday,6,7,Summer,0
10023456782,2024-07-04 07:00:00,2024-07-04,07:00:00,3.9304,Thursday,7,7,Summer,0
10023456782,2024-07-04 08:00:00,2024-07-04,08:00:00,4.2851,Thursday,8,7,Summer,0
10023456782,2024-07-04 09:00:00,2024-07-04,09:00:00,4.5915,Thursday,9,7,Summer,0
10023456782,2024-07-04 10:00:00,2024-07-04,10:00:00,4.6638,Thursday,10,7,Summer,0
10023456782,2024-07-04 11:00:00,2024-07-04,11:00:00,4.2085,Thursday,11,7,Summer,0
10023456782,2024-07-04 12:00:00,2024-07-04,12:00:00,4.1394,Thursday,12,7,Summer,0
10023456782,2024-07-04 13:00:00,2024-07-04,13:00:00,4.0852,Thursday,13,7,Summer,0
10023456782,2024-07-04 14:00:00,2024-07-04,14:00:00,3.7185,Thursday,14,7,Summer,0
10023456782,2024-07-04 15:00:00,2024-07-04,15:00:00,4.1345,Thursday,15,7,Summer,0
10023456782,2024-07-04 16:00:00,2024-07-04,16:00:00,4.6576,Thursday,16,7,Summer,0
10023456782,2024-07-04 17:00:00,2024-07-04,17:00:00,4.2344,Thursday,17,7,Summer,0
10023456782,2024-07-04 18:00:00,2024-07-04,18:00:00,4.8386,Thursday,18,7,Summer,0
10023456782,2024-07-04 19:00:00,2024-07-04,19:00:00,4.5491,Thursday,19,7,Summer,0
10023456782,2024-07-04 20:00:00,2024-07-04,20:00:00,3.8906,Thursday,20,7,Summer,0
10023456782,2024-07-04 21:00:00,2024-07-04,21:00:00,3.1094,Thursday,21,7,Summer,0
10023456782,2024-07-04 22:00:00,2024-07-04,22:00:00,2.6441,Thursday,22,7,Summer,0
10023456782,2024-07-04 23:00:00,2024-07-04,23:00:00,1.7558,Thursday,23,7,Summer,0
10023456782,2024-07-05 00:00:00,2024-07-05,00:00:00,1.2005,Friday,0,7,Summer,0
10023456782,2024-07-05 01:00:00,2024-07-05,01:00:00,1.1220,Friday,1,7,Summer,0
10023456782,2024-07-05 02:00:00,2024-07-05,02:00:00,1.0763,Friday,2,7,Summer,0
10023456782,2024-07-05 03:00:00,2024-07-05,03:00:00,1.3763,Friday,3,7,Summer,0
10023456782,2024-07-05 04:00:00,2024-07-05,04:00:00,1.3255,Friday,4,7,Summer,0
10023456782,2024-07-05 05:00:00,2024-07-05,05:00:00,1.9333,Friday,5,7,Summer,0
10023456782,2024-07-05 06:00:00,2024-07-05,06:00:00,2.9697,Friday,6,7,Summer,0
10023456782,2024-07-05 07:00:00,2024-07-05,07:00:00,3.9281,Friday,7,7,Summer,0
10023456782,2024-07-05 08:00:00,2024-07-05,08:00:00,4.1037,Friday,8,7,Summer,0
10023456782,2024-07-05 09:00:00,2024-07-05,09:00:00,3.8728,Friday,9,7,Summer,0
10023456782,2024-07-05 10:00:00,2024-07-05,10:00:00,3.7820,Friday,10,7,Summer,0
10023456782,2024-07-05 11:00:00,2024-07-05,11:00:00,3.4015,Friday,11,7,Summer,0
10023456782,2024-07-05 12:00:00,2024-07-05,12:00:00,6.8285,Friday,12,7,Summer,1
10023456782,2024-07-05 13:00:00,2024-07-05,13:00:00,8.1243,Friday,13,7,Summer,1
10023456782,2024-07-05 14:00:00,2024-07-05,14:00:00,6.1648,Friday,14,7,Summer,1
10023456782,2024-07-05 15:00:00,2024-07-05,15:00:00,6.9824,Friday,15,7,Summer,1
10023456782,2024-07-05 16:00:00,2024-07-05,16:00:00,3.6390,Friday,16,7,Summer,0
10023456782,2024-07-05 17:00:00,2024-07-05,17:00:00,4.0028,Friday,17,7,Summer,0
10023456782,2024-07-05 18:00:00,2024-07-05,18:00:00,4.2730,Friday,18,7,Summer,0
10023456782,2024-07-05 19:00:00,2024-07-05,19:00:00,5.2521,Friday,19,7,Summer,0
10023456782,2024-07-05 20:00:00,2024-07-05,20:00:00,3.3968,Friday,20,7,Summer,0
10023456782,2024-07-05 21:00:00,2024-07-05,21:00:00,3.2309,Friday,21,7,Summer,0
10023456782,2024-07-05 22:00:00,2024-07-05,22:00:00,2.0960,Friday,22,7,Summer,0
10023456782,2024-07-05 23:00:00,2024-07-05,23:00:00,1.5000,Friday,23,7,Summer,0
10023456782,2024-07-06 00:00:00,2024-07-06,00:00:00,1.1012,Saturday,0,7,Summer,0
10023456782,2024-07-06 01:00:00,2024-07-06,01:00:00,1.1599,Saturday,1,7,Summer,0
10023456782,2024-07-06 02:00:00,2024-07-06,02:00:00,1.0506,Saturday,2,7,Summer,0
10023456782,2024-07-06 03:00:00,2024-07-06,03:00:00,1.0815,Saturday,3,7,Summer,0
10023456782,2024-07-06 04:00:00,2024-07-06,04:00:00,1.2830,Saturday,4,7,Summer,0
10023456782,2024-07-06 05:00:00,2024-07-06,05:00:00,1.8364,Saturday,5,7,Summer,0
10023456782,2024-07-06 06:00:00,2024-07-06,06:00:00,1.9428,Saturday,6,7,Summer,0
10023456782,2024-07-06 07:00:00,2024-07-06,07:00:00,3.0573,Saturday,7,7,Summer,0
10023456782,2024-07-06 08:00:00,2024-07-06,08:00:00,2.9847,Saturday,8,7,Summer,0
10023456782,2024-07-06 09:00:00,2024-07-06,09:00:00,4.0881,Saturday,9,7,Summer,0
10023456782,2024-07-06 10:00:00,2024-07-06,10:00:00,3.4851,Saturday,10,7,Summer,0
10023456782,2024-07-06 11:00:00,2024-07-06,11:00:00,3.3274,Saturday,11,7,Summer,0
10023456782,2024-07-06 12:00:00,2024-07-06,12:00:00,2.8568,Saturday,12,7,Summer,0
10023456782,2024-07-06 13:00:00,2024-07-06,13:00:00,3.8041,Saturday,13,7,Summer,0
10023456782,2024-07-06 14:00:00,2024-07-06,14:00:00,2.8898,Saturday,14,7,Summer,0
10023456782,2024-07-06 15:00:00,2024-07-06,15:00:00,2.9408,Saturday,15,7,Summer,0
10023456782,2024-07-06 16:00:00,2024-07-06,16:00:00,2.9585,Saturday,16,7,Summer,0
10023456782,2024-07-06 17:00:00,2024-07-06,17:00:00,11.1517,Saturday,17,7,Summer,1
10023456782,2024-07-06 18:00:00,2024-07-06,18:00:00,3.6723,Saturday,18,7,Summer,0
10023456782,2024-07-06 19:00:00,2024-07-06,19:00:00,4.2217,Saturday,19,7,Summer,0
10023456782,2024-07-06 20:00:00,2024-07-06,20:00:00,3.5273,Saturday,20,7,Summer,0
10023456782,2024-07-06 21:00:00,2024-07-06,21:00:00,2.7487,Saturday,21,7,Summer,0
10023456782,2024-07-06 22:00:00,2024-07-06,22:00:00,2.5564,Saturday,22,7,Summer,0
10023456782,2024-07-06 23:00:00,2024-07-06,23:00:00,1.7147,Saturday,23,7,Summer,0
10023456782,2024-07-07 00:00:00,2024-07-07,00:00:00,1.7680,Sunday,0,7,Summer,0
10023456782,2024-07-07 01:00:00,2024-07-07,01:00:00,0.9745,Sunday,1,7,Summer,0
10023456782,2024-07-07 02:00:00,2024-07-07,02:00:00,1.4587,Sunday,2,7,Summer,0
10023456782,2024-07-07 03:00:00,2024-07-07,03:00:00,1.3792,Sunday,3,7,Summer,0
10023456782,2024-07-07 04:00:00,2024-07-07,04:00:00,1.2058,Sunday,4,7,Summer,0
10023456782,2024-07-07 05:00:00,2024-07-07,05:00:00,7.7839,Sunday,5,7,Summer,1
10023456782,2024-07-07 06:00:00,2024-07-07,06:00:00,2.3939,Sunday,6,7,Summer,0
10023456782,2024-07-07 07:00:00,2024-07-07,07:00:00,2.3445,Sunday,7,7,Summer,0
10023456782,2024-07-07 08:00:00,2024-07-07,08:00:00,3.7110,Sunday,8,7,Summer,0
10023456782,2024-07-07 09:00:00,2024-07-07,09:00:00,13.2700,Sunday,9,7,Summer,1
10023456782,2024-07-07 10:00:00,2024-07-07,10:00:00,3.7654,Sunday,10,7,Summer,0
10023456782,2024-07-07 11:00:00,2024-07-07,11:00:00,3.5649,Sunday,11,7,Summer,0
10023456782,2024-07-07 12:00:00,2024-07-07,12:00:00,3.9129,Sunday,12,7,Summer,0
10023456782,2024-07-07 13:00:00,2024-07-07,13:00:00,2.9096,Sunday,13,7,Summer,0
10023456782,2024-07-07 14:00:00,2024-07-07,14:00:00,3.1591,Sunday,14,7,Summer,0
10023456782,2024-07-07 15:00:00,2024-07-07,15:00:00,3.5507,Sunday,15,7,Summer,0
10023456782,2024-07-07 16:00:00,2024-07-07,16:00:00,4.2206,Sunday,16,7,Summer,0
10023456782,2024-07-07 17:00:00,2024-07-07,17:00:00,4.1269,Sunday,17,7,Summer,0
10023456782,2024-07-07 18:00:00,2024-07-07,18:00:00,5.1716,Sunday,18,7,Summer,0
10023456782,2024-07-07 19:00:00,2024-07-07,19:00:00,5.0578,Sunday,19,7,Summer,0
10023456782,2024-07-07 20:00:00,2024-07-07,20:00:00,3.7859,Sunday,20,7,Summer,0
10023456782,2024-07-07 21:00:00,2024-07-07,21:00:00,4.1969,Sunday,21,7,Summer,0
10023456782,2024-07-07 22:00:00,2024-07-07,22:00:00,2.2308,Sunday,22,7,Summer,0
10023456782,2024-07-07 23:00:00,2024-07-07,23:00:00,1.7583,Sunday,23,7,Summer,0
10023456782,2024-07-08 00:00:00,2024-07-08,00:00:00,1.6738,Monday,0,7,Summer,0
10023456782,2024-07-08 01:00:00,2024-07-08,01:00:00,1.5387,Monday,1,7,Summer,0
10023456782,2024-07-08 02:00:00,2024-07-08,02:00:00,4.2058,Monday,2,7,Summer,1
10023456782,2024-07-08 03:00:00,2024-07-08,03:00:00,1.3869,Monday,3,7,Summer,0
10023456782,2024-07-08 04:00:00,2024-07-08,04:00:00,1.3892,Monday,4,7,Summer,0
10023456782,2024-07-08 05:00:00,2024-07-08,05:00:00,1.8285,Monday,5,7,Summer,0
10023456782,2024-07-08 06:00:00,2024-07-08,06:00:00,3.8782,Monday,6,7,Summer,0
10023456782,2024-07-08 07:00:00,2024-07-08,07:00:00,3.8454,Monday,7,7,Summer,0
10023456782,2024-07-08 08:00:00,2024-07-08,08:00:00,4.6013,Monday,8,7,Summer,0
10023456782,2024-07-08 09:00:00,2024-07-08,09:00:00,5.3478,Monday,9,7,Summer,0
10023456782,2024-07-08 10:00:00,2024-07-08,10:00:00,3.8148,Monday,10,7,Summer,0
10023456782,2024-07-08 11:00:00,2024-07-08,11:00:00,3.7221,Monday,11,7,Summer,0
10023456782,2024-07-08 12:00:00,2024-07-08,12:00:00,4.2014,Monday,12,7,Summer,0
10023456782,2024-07-08 13:00:00,2024-07-08,13:00:00,3.9077,Monday,13,7,Summer,0
10023456782,2024-07-08 14:00:00,2024-07-08,14:00:00,3.2957,Monday,14,7,Summer,0
10023456782,2024-07-08 15:00:00,2024-07-08,15:00:00,3.9202,Monday,15,7,Summer,0
10023456782,2024-07-08 16:00:00,2024-07-08,16:00:00,4.3360,Monday,16,7,Summer,0
10023456782,2024-07-08 17:00:00,2024-07-08,17:00:00,4.8525,Monday,17,7,Summer,0
10023456782,2024-07-08 18:00:00,2024-07-08,18:00:00,0.5627,Monday,18,7,Summer,1
10023456782,2024-07-08 19:00:00,2024-07-08,19:00:00,4.8620,Monday,19,7,Summer,0
10023456782,2024-07-08 20:00:00,2024-07-08,20:00:00,5.3051,Monday,20,7,Summer,0
10023456782,2024-07-08 21:00:00,2024-07-08,21:00:00,3.7912,Monday,21,7,Summer,0
10023456782,2024-07-08 22:00:00,2024-07-08,22:00:00,2.4714,Monday,22,7,Summer,0
10023456782,2024-07-08 23:00:00,2024-07-08,23:00:00,1.8654,Monday,23,7,Summer,0
10023456782,2024-07-09 00:00:00,2024-07-09,00:00:00,1.3691,Tuesday,0,7,Summer,0
10023456782,2024-07-09 01:00:00,2024-07-09,01:00:00,1.1283,Tuesday,1,7,Summer,0
10023456782,2024-07-09 02:00:00,2024-07-09,02:00:00,1.3187,Tuesday,2,7,Summer,0
10023456782,2024-07-09 03:00:00,2024-07-09,03:00:00,1.0578,Tuesday,3,7,Summer,0
10023456782,2024-07-09 04:00:00,2024-07-09,04:00:00,1.3733,Tuesday,4,7,Summer,0
10023456782,2024-07-09 05:00:00,2024-07-09,05:00:00,1.7199,Tuesday,5,7,Summer,0
10023456782,2024-07-09 06:00:00,2024-07-09,06:00:00,2.7301,Tuesday,6,7,Summer,0
10023456782,2024-07-09 07:00:00,2024-07-09,07:00:00,3.5189,Tuesday,7,7,Summer,0
10023456782,2024-07-09 08:00:00,2024-07-09,08:00:00,3.9286,Tuesday,8,7,Summer,0
10023456782,2024-07-09 09:00:00,2024-07-09,09:00:00,4.5576,Tuesday,9,7,Summer,0
10023456782,2024-07-09 10:00:00,2024-07-09,10:00:00,3.5367,Tuesday,10,7,Summer,0
10023456782,2024-07-09 11:00:00,2024-07-09,11:00:00,2.9795,Tuesday,11,7,Summer,0
10023456782,2024-07-09 12:00:00,2024-07-09,12:00:00,3.1614,Tuesday,12,7,Summer,0
10023456782,2024-07-09 13:00:00,2024-07-09,13:00:00,3.5602,Tuesday,13,7,Summer,0
10023456782,2024-07-09 14:00:00,2024-07-09,14:00:00,4.2834,Tuesday,14,7,Summer,0
10023456782,2024-07-09 15:00:00,2024-07-09,15:00:00,3.9564,Tuesday,15,7,Summer,0
10023456782,2024-07-09 16:00:00,2024-07-09,16:00:00,3.0033,Tuesday,16,7,Summer,0
10023456782,2024-07-09 17:00:00,2024-07-09,17:00:00,4.2204,Tuesday,17,7,Summer,0
10023456782,2024-07-09 18:00:00,2024-07-09,18:00:00,3.5645,Tuesday,18,7,Summer,0
10023456782,2024-07-09 19:00:00,2024-07-09,19:00:00,3.3720,Tuesday,19,7,Summer,0
10023456782,2024-07-09 20:00:00,2024-07-09,20:00:00,3.3931,Tuesday,20,7,Summer,0
10023456782,2024-07-09 21:00:00,2024-07-09,21:00:00,2.6074,Tuesday,21,7,Summer,0
10023456782,2024-07-09 22:00:00,2024-07-09,22:00:00,2.1023,Tuesday,22,7,Summer,0
10023456782,2024-07-09 23:00:00,2024-07-09,23:00:00,1.5532,Tuesday,23,7,Summer,0
10023456782,2024-07-10 00:00:00,2024-07-10,00:00:00,1.3154,Wednesday,0,7,Summer,0
10023456782,2024-07-10 01:00:00,2024-07-10,01:00:00,1.1431,Wednesday,1,7,Summer,0
10023456782,2024-07-10 02:00:00,2024-07-10,02:00:00,0.9350,Wednesday,2,7,Summer,0
10023456782,2024-07-10 03:00:00,2024-07-10,03:00:00,0.9370,Wednesday,3,7,Summer,0
10023456782,2024-07-10 04:00:00,2024-07-10,04:00:00,6.3639,Wednesday,4,7,Summer,1
10023456782,2024-07-10 05:00:00,2024-07-10,05:00:00,1.4863,Wednesday,5,7,Summer,0
10023456782,2024-07-10 06:00:00,2024-07-10,06:00:00,2.4779,Wednesday,6,7,Summer,0
10023456782,2024-07-10 07:00:00,2024-07-10,07:00:00,2.7862,Wednesday,7,7,Summer,0
10023456782,2024-07-10 08:00:00,2024-07-10,08:00:00,3.5517,Wednesday,8,7,Summer,0
10023456782,2024-07-10 09:00:00,2024-07-10,09:00:00,2.9951,Wednesday,9,7,Summer,0
10023456782,2024-07-10 10:00:00,2024-07-10,10:00:00,3.7343,Wednesday,10,7,Summer,0
10023456782,2024-07-10 11:00:00,2024-07-10,11:00:00,3.1915,Wednesday,11,7,Summer,0
10023456782,2024-07-10 12:00:00,2024-07-10,12:00:00,2.7362,Wednesday,12,7,Summer,0
10023456782,2024-07-10 13:00:00,2024-07-10,13:00:00,2.7334,Wednesday,13,7,Summer,0
10023456782,2024-07-10 14:00:00,2024-07-10,14:00:00,2.6396,Wednesday,14,7,Summer,0
10023456782,2024-07-10 15:00:00,2024-07-10,15:00:00,2.8133,Wednesday,15,7,Summer,0
10023456782,2024-07-10 16:00:00,2024-07-10,16:00:00,2.9317,Wednesday,16,7,Summer,0
10023456782,2024-07-10 17:00:00,2024-07-10,17:00:00,4.2167,Wednesday,17,7,Summer,0
10023456782,2024-07-10 18:00:00,2024-07-10,18:00:00,3.0723,Wednesday,18,7,Summer,0
10023456782,2024-07-10 19:00:00,2024-07-10,19:00:00,3.4040,Wednesday,19,7,Summer,0
10023456782,2024-07-10 20:00:00,2024-07-10,20:00:00,3.4505,Wednesday,20,7,Summer,0
10023456782,2024-07-10 21:00:00,2024-07-10,21:00:00,2.9227,Wednesday,21,7,Summer,0
10023456782,2024-07-10 22:00:00,2024-07-10,22:00:00,2.0649,Wednesday,22,7,Summer,0
10023456782,2024-07-10 23:00:00,2024-07-10,23:00:00,1.2857,Wednesday,23,7,Summer,0
10023456782,2024-07-11 00:00:00,2024-07-11,00:00:00,1.5564,Thursday,0,7,Summer,0
10023456782,2024-07-11 01:00:00,2024-07-11,01:00:00,1.1977,Thursday,1,7,Summer,0
10023456782,2024-07-11 02:00:00,2024-07-11,02:00:00,1.1206,Thursday,2,7,Summer,0
10023456782,2024-07-11 03:00:00,2024-07-11,03:00:00,1.2497,Thursday,3,7,Summer,0
10023456782,2024-07-11 04:00:00,2024-07-11,04:00:00,1.1976,Thursday,4,7,Summer,0
10023456782,2024-07-11 05:00:00,2024-07-11,05:00:00,1.8344,Thursday,5,7,Summer,0
10023456782,2024-07-11 06:00:00,2024-07-11,06:00:00,2.9030,Thursday,6,7,Summer,0
10023456782,2024-07-11 07:00:00,2024-07-11,07:00:00,3.2584,Thursday,7,7,Summer,0
10023456782,2024-07-11 08:00:00,2024-07-11,08:00:00,4.5827,Thursday,8,7,Summer,0
10023456782,2024-07-11 09:00:00,2024-07-11,09:00:00,3.6580,Thursday,9,7,Summer,0
10023456782,2024-07-11 10:00:00,2024-07-11,10:00:00,3.2787,Thursday,10,7,Summer,0
10023456782,2024-07-11 11:00:00,2024-07-11,11:00:00,4.4703,Thursday,11,7,Summer,0
10023456782,2024-07-11 12:00:00,2024-07-11,12:00:00,3.3289,Thursday,12,7,Summer,0
10023456782,2024-07-11 13:00:00,2024-07-11,13:00:00,3.4914,Thursday,13,7,Summer,0
10023456782,2024-07-11 14:00:00,2024-07-11,14:00:00,3.0544,Thursday,14,7,Summer,0
10023456782,2024-07-11 15:00:00,2024-07-11,15:00:00,3.5604,Thursday,15,7,Summer,0
10023456782,2024-07-11 16:00:00,2024-07-11,16:00:00,3.5877,Thursday,16,7,Summer,0
10023456782,2024-07-11 17:00:00,2024-07-11,17:00:00,3.8896,Thursday,17,7,Summer,0
10023456782,2024-07-11 18:00:00,2024-07-11,18:00:00,4.6926,Thursday,18,7,Summer,0
10023456782,2024-07-11 19:00:00,2024-07-11,19:00:00,4.6366,Thursday,19,7,Summer,0
10023456782,2024-07-11 20:00:00,2024-07-11,20:00:00,3.8608,Thursday,20,7,Summer,0
10023456782,2024-07-11 21:00:00,2024-07-11,21:00:00,3.0903,Thursday,21,7,Summer,0
10023456782,2024-07-11 22:00:00,2024-07-11,22:00:00,2.5835,Thursday,22,7,Summer,0
10023456782,2024-07-11 23:00:00,2024-07-11,23:00:00,1.4507,Thursday,23,7,Summer,0
10023456782,2024-07-12 00:00:00,2024-07-12,00:00:00,1.5520,Friday,0,7,Summer,0
10023456782,2024-07-12 01:00:00,2024-07-12,01:00:00,1.1802,Friday,1,7,Summer,0
10023456782,2024-07-12 02:00:00,2024-07-12,02:00:00,1.3177,Friday,2,7,Summer,0
10023456782,2024-07-12 03:00:00,2024-07-12,03:00:00,1.2665,Friday,3,7,Summer,0
10023456782,2024-07-12 04:00:00,2024-07-12,04:00:00,1.6939,Friday,4,7,Summer,0
10023456782,2024-07-12 05:00:00,2024-07-12,05:00:00,2.0875,Friday,5,7,Summer,0
10023456782,2024-07-12 06:00:00,2024-07-12,06:00:00,2.9378,Friday,6,7,Summer,0
10023456782,2024-07-12 07:00:00,2024-07-12,07:00:00,4.9709,Friday,7,7,Summer,0
10023456782,2024-07-12 08:00:00,2024-07-12,08:00:00,4.2249,Friday,8,7,Summer,0
10023456782,2024-07-12 09:00:00,2024-07-12,09:00:00,4.7465,Friday,9,7,Summer,0
10023456782,2024-07-12 10:00:00,2024-07-12,10:00:00,3.7028,Friday,10,7,Summer,0
10023456782,2024-07-12 11:00:00,2024-07-12,11:00:00,4.3661,Friday,11,7,Summer,0
10023456782,2024-07-12 12:00:00,2024-07-12,12:00:00,3.5761,Friday,12,7,Summer,0
10023456782,2024-07-12 13:00:00,2024-07-12,13:00:00,3.5640,Friday,13,7,Summer,0
10023456782,2024-07-12 14:00:00,2024-07-12,14:00:00,3.6929,Friday,14,7,Summer,0
10023456782,2024-07-12 15:00:00,2024-07-12,15:00:00,3.0685,Friday,15,7,Summer,0
10023456782,2024-07-12 16:00:00,2024-07-12,16:00:00,3.3631,Friday,16,7,Summer,0
10023456782,2024-07-12 17:00:00,2024-07-12,17:00:00,5.1898,Friday,17,7,Summer,0
10023456782,2024-07-12 18:00:00,2024-07-12,18:00:00,5.0424,Friday,18,7,Summer,0
10023456782,2024-07-12 19:00:00,2024-07-12,19:00:00,3.7970,Friday,19,7,Summer,0
10023456782,2024-07-12 20:00:00,2024-07-12,20:00:00,4.5368,Friday,20,7,Summer,0
10023456782,2024-07-12 21:00:00,2024-07-12,21:00:00,3.0457,Friday,21,7,Summer,0
10023456782,2024-07-12 22:00:00,2024-07-12,22:00:00,2.2886,Friday,22,7,Summer,0
10023456782,2024-07-12 23:00:00,2024-07-12,23:00:00,1.7683,Friday,23,7,Summer,0
10023456782,2024-07-13 00:00:00,2024-07-13,00:00:00,1.2543,Saturday,0,7,Summer,0
10023456782,2024-07-13 01:00:00,2024-07-13,01:00:00,1.2649,Saturday,1,7,Summer,0
10023456782,2024-07-13 02:00:00,2024-07-13,02:00:00,1.2173,Saturday,2,7,Summer,0
10023456782,2024-07-13 03:00:00,2024-07-13,03:00:00,0.9826,Saturday,3,7,Summer,0
10023456782,2024-07-13 04:00:00,2024-07-13,04:00:00,1.5140,Saturday,4,7,Summer,0
10023456782,2024-07-13 05:00:00,2024-07-13,05:00:00,1.4762,Saturday,5,7,Summer,0
10023456782,2024-07-13 06:00:00,2024-07-13,06:00:00,2.0623,Saturday,6,7,Summer,0
10023456782,2024-07-13 07:00:00,2024-07-13,07:00:00,2.5676,Saturday,7,7,Summer,0
10023456782,2024-07-13 08:00:00,2024-07-13,08:00:00,3.0022,Saturday,8,7,Summer,0
10023456782,2024-07-13 09:00:00,2024-07-13,09:00:00,3.2518,Saturday,9,7,Summer,0
10023456782,2024-07-13 10:00:00,2024-07-13,10:00:00,2.9328,Saturday,10,7,Summer,0
10023456782,2024-07-13 11:00:00,2024-07-13,11:00:00,2.9814,Saturday,11,7,Summer,0
10023456782,2024-07-13 12:00:00,2024-07-13,12:00:00,2.8902,Saturday,12,7,Summer,0
10023456782,2024-07-13 13:00:00,2024-07-13,13:00:00,3.0116,Saturday,13,7,Summer,0
10023456782,2024-07-13 14:00:00,2024-07-13,14:00:00,2.3230,Saturday,14,7,Summer,0
10023456782,2024-07-13 15:00:00,2024-07-13,15:00:00,2.9059,Saturday,15,7,Summer,0
10023456782,2024-07-13 16:00:00,2024-07-13,16:00:00,3.5841,Saturday,16,7,Summer,0
10023456782,2024-07-13 17:00:00,2024-07-13,17:00:00,3.5908,Saturday,17,7,Summer,0
10023456782,2024-07-13 18:00:00,2024-07-13,18:00:00,3.7878,Saturday,18,7,Summer,0
10023456782,2024-07-13 19:00:00,2024-07-13,19:00:00,3.1377,Saturday,19,7,Summer,0
10023456782,2024-07-13 20:00:00,2024-07-13,20:00:00,3.0718,Saturday,20,7,Summer,0
10023456782,2024-07-13 21:00:00,2024-07-13,21:00:00,2.3410,Saturday,21,7,Summer,0
10023456782,2024-07-13 22:00:00,2024-07-13,22:00:00,2.3065,Saturday,22,7,Summer,0
10023456782,2024-07-13 23:00:00,2024-07-13,23:00:00,1.3768,Saturday,23,7,Summer,0
10023456782,2024-07-14 00:00:00,2024-07-14,00:00:00,1.3256,Sunday,0,7,Summer,0
10023456782,2024-07-14 01:00:00,2024-07-14,01:00:00,1.2204,Sunday,1,7,Summer,0
10023456782,2024-07-14 02:00:00,2024-07-14,02:00:00,0.9708,Sunday,2,7,Summer,0
10023456782,2024-07-14 03:00:00,2024-07-14,03:00:00,1.2234,Sunday,3,7,Summer,0
10023456782,2024-07-14 04:00:00,2024-07-14,04:00:00,1.3228,Sunday,4,7,Summer,0
10023456782,2024-07-14 05:00:00,2024-07-14,05:00:00,2.1729,Sunday,5,7,Summer,0
10023456782,2024-07-14 06:00:00,2024-07-14,06:00:00,1.6538,Sunday,6,7,Summer,0
10023456782,2024-07-14 07:00:00,2024-07-14,07:00:00,2.8565,Sunday,7,7,Summer,0
10023456782,2024-07-14 08:00:00,2024-07-14,08:00:00,3.5075,Sunday,8,7,Summer,0
10023456782,2024-07-14 09:00:00,2024-07-14,09:00:00,4.4522,Sunday,9,7,Summer,0
10023456782,2024-07-14 10:00:00,2024-07-14,10:00:00,3.4599,Sunday,10,7,Summer,0
10023456782,2024-07-14 11:00:00,2024-07-14,11:00:00,3.6000,Sunday,11,7,Summer,0
10023456782,2024-07-14 12:00:00,2024-07-14,12:00:00,2.8168,Sunday,12,7,Summer,0
10023456782,2024-07-14 13:00:00,2024-07-14,13:00:00,3.2630,Sunday,13,7,Summer,0
10023456782,2024-07-14 14:00:00,2024-07-14,14:00:00,3.2455,Sunday,14,7,Summer,0
10023456782,2024-07-14 15:00:00,2024-07-14,15:00:00,3.1425,Sunday,15,7,Summer,0
10023456782,2024-07-14 16:00:00,2024-07-14,16:00:00,3.4982,Sunday,16,7,Summer,0
10023456782,2024-07-14 17:00:00,2024-07-14,17:00:00,3.5684,Sunday,17,7,Summer,0
10023456782,2024-07-14 18:00:00,2024-07-14,18:00:00,4.2694,Sunday,18,7,Summer,0
10023456782,2024-07-14 19:00:00,2024-07-14,19:00:00,4.1460,Sunday,19,7,Summer,0
10023456782,2024-07-14 20:00:00,2024-07-14,20:00:00,3.6259,Sunday,20,7,Summer,0
10023456782,2024-07-14 21:00:00,2024-07-14,21:00:00,0.3021,Sunday,21,7,Summer,1
10023456782,2024-07-14 22:00:00,2024-07-14,22:00:00,2.0499,Sunday,22,7,Summer,0
10023456782,2024-07-14 23:00:00,2024-07-14,23:00:00,1.6990,Sunday,23,7,Summer,0
10023456782,2024-07-15 00:00:00,2024-07-15,00:00:00,1.8527,Monday,0,7,Summer,0
10023456782,2024-07-15 01:00:00,2024-07-15,01:00:00,1.6891,Monday,1,7,Summer,0
10023456782,2024-07-15 02:00:00,2024-07-15,02:00:00,1.7393,Monday,2,7,Summer,0
10023456782,2024-07-15 03:00:00,2024-07-15,03:00:00,1.0722,Monday,3,7,Summer,0
10023456782,2024-07-15 04:00:00,2024-07-15,04:00:00,1.6897,Monday,4,7,Summer,0
10023456782,2024-07-15 05:00:00,2024-07-15,05:00:00,1.9703,Monday,5,7,Summer,0
10023456782,2024-07-15 06:00:00,2024-07-15,06:00:00,3.2385,Monday,6,7,Summer,0
10023456782,2024-07-15 07:00:00,2024-07-15,07:00:00,5.0764,Monday,7,7,Summer,0
10023456782,2024-07-15 08:00:00,2024-07-15,08:00:00,4.1795,Monday,8,7,Summer,0
10023456782,2024-07-15 09:00:00,2024-07-15,09:00:00,5.0587,Monday,9,7,Summer,0
10023456782,2024-07-15 10:00:00,2024-07-15,10:00:00,4.3714,Monday,10,7,Summer,0
10023456782,2024-07-15 11:00:00,2024-07-15,11:00:00,4.2948,Monday,11,7,Summer,0
10023456782,2024-07-15 12:00:00,2024-07-15,12:00:00,4.8257,Monday,12,7,Summer,0
10023456782,2024-07-15 13:00:00,2024-07-15,13:00:00,4.8355,Monday,13,7,Summer,0
10023456782,2024-07-15 14:00:00,2024-07-15,14:00:00,3.8534,Monday,14,7,Summer,0
10023456782,2024-07-15 15:00:00,2024-07-15,15:00:00,4.8249,Monday,15,7,Summer,0
10023456782,2024-07-15 16:00:00,2024-07-15,16:00:00,4.8299,Monday,16,7,Summer,0
10023456782,2024-07-15 17:00:00,2024-07-15,17:00:00,6.5807,Monday,17,7,Summer,0
10023456782,2024-07-15 18:00:00,2024-07-15,18:00:00,4.9312,Monday,18,7,Summer,0
10023456782,2024-07-15 19:00:00,2024-07-15,19:00:00,5.7777,Monday,19,7,Summer,0
10023456782,2024-07-15 20:00:00,2024-07-15,20:00:00,5.1159,Monday,20,7,Summer,0
10023456782,2024-07-15 21:00:00,2024-07-15,21:00:00,3.6853,Monday,21,7,Summer,0
10023456782,2024-07-15 22:00:00,2024-07-15,22:00:00,2.8689,Monday,22,7,Summer,0
10023456782,2024-07-15 23:00:00,2024-07-15,23:00:00,1.6985,Monday,23,7,Summer,0
10023456782,2024-07-16 00:00:00,2024-07-16,00:00:00,1.3559,Tuesday,0,7,Summer,0
10023456782,2024-07-16 01:00:00,2024-07-16,01:00:00,1.2201,Tuesday,1,7,Summer,0
10023456782,2024-07-16 02:00:00,2024-07-16,02:00:00,5.1910,Tuesday,2,7,Summer,1
10023456782,2024-07-16 03:00:00,2024-07-16,03:00:00,1.5660,Tuesday,3,7,Summer,0
10023456782,2024-07-16 04:00:00,2024-07-16,04:00:00,1.2534,Tuesday,4,7,Summer,0
10023456782,2024-07-16 05:00:00,2024-07-16,05:00:00,1.4561,Tuesday,5,7,Summer,0
10023456782,2024-07-16 06:00:00,2024-07-16,06:00:00,2.8844,Tuesday,6,7,Summer,0
10023456782,2024-07-16 07:00:00,2024-07-16,07:00:00,4.5412,Tuesday,7,7,Summer,0
10023456782,2024-07-16 08:00:00,2024-07-16,08:00:00,4.2571,Tuesday,8,7,Summer,0
10023456782,2024-07-16 09:00:00,2024-07-16,09:00:00,5.4024,Tuesday,9,7,Summer,0
10023456782,2024-07-16 10:00:00,2024-07-16,10:00:00,3.2052,Tuesday,10,7,Summer,0
10023456782,2024-07-16 11:00:00,2024-07-16,11:00:00,4.1243,Tuesday,11,7,Summer,0
10023456782,2024-07-16 12:00:00,2024-07-16,12:00:00,3.8759,Tuesday,12,7,Summer,0
10023456782,2024-07-16 13:00:00,2024-07-16,13:00:00,4.0593,Tuesday,13,7,Summer,0
10023456782,2024-07-16 14:00:00,2024-07-16,14:00:00,3.4011,Tuesday,14,7,Summer,0
10023456782,2024-07-16 15:00:00,2024-07-16,15:00:00,3.7646,Tuesday,15,7,Summer,0
10023456782,2024-07-16 16:00:00,2024-07-16,16:00:00,4.2497,Tuesday,16,7,Summer,0
10023456782,2024-07-16 17:00:00,2024-07-16,17:00:00,4.1623,Tuesday,17,7,Summer,0
10023456782,2024-07-16 18:00:00,2024-07-16,18:00:00,4.1871,Tuesday,18,7,Summer,0
10023456782,2024-07-16 19:00:00,2024-07-16,19:00:00,4.2572,Tuesday,19,7,Summer,0
10023456782,2024-07-16 20:00:00,2024-07-16,20:00:00,4.0987,Tuesday,20,7,Summer,0
10023456782,2024-07-16 21:00:00,2024-07-16,21:00:00,3.3888,Tuesday,21,7,Summer,0
10023456782,2024-07-16 22:00:00,2024-07-16,22:00:00,2.3184,Tuesday,22,7,Summer,0
10023456782,2024-07-16 23:00:00,2024-07-16,23:00:00,1.7296,Tuesday,23,7,Summer,0
10023456782,2024-07-17 00:00:00,2024-07-17,00:00:00,1.5881,Wednesday,0,7,Summer,0
10023456782,2024-07-17 01:00:00,2024-07-17,01:00:00,1.5843,Wednesday,1,7,Summer,0
10023456782,2024-07-17 02:00:00,2024-07-17,02:00:00,1.3590,Wednesday,2,7,Summer,0
10023456782,2024-07-17 03:00:00,2024-07-17,03:00:00,1.3220,Wednesday,3,7,Summer,0
10023456782,2024-07-17 04:00:00,2024-07-17,04:00:00,1.5387,Wednesday,4,7,Summer,0
10023456782,2024-07-17 05:00:00,2024-07-17,05:00:00,2.1331,Wednesday,5,7,Summer,0
10023456782,2024-07-17 06:00:00,2024-07-17,06:00:00,3.3711,Wednesday,6,7,Summer,0
10023456782,2024-07-17 07:00:00,2024-07-17,07:00:00,4.8448,Wednesday,7,7,Summer,0
10023456782,2024-07-17 08:00:00,2024-07-17,08:00:00,4.7933,Wednesday,8,7,Summer,0
10023456782,2024-07-17 09:00:00,2024-07-17,09:00:00,5.9195,Wednesday,9,7,Summer,0
10023456782,2024-07-17 10:00:00,2024-07-17,10:00:00,5.5865,Wednesday,10,7,Summer,0
10023456782,2024-07-17 11:00:00,2024-07-17,11:00:00,4.0450,Wednesday,11,7,Summer,0
10023456782,2024-07-17 12:00:00,2024-07-17,12:00:00,4.1327,Wednesday,12,7,Summer,0
10023456782,2024-07-17 13:00:00,2024-07-17,13:00:00,4.5735,Wednesday,13,7,Summer,0
10023456782,2024-07-17 14:00:00,2024-07-17,14:00:00,4.2453,Wednesday,14,7,Summer,0
10023456782,2024-07-17 15:00:00,2024-07-17,15:00:00,4.2747,Wednesday,15,7,Summer,0
10023456782,2024-07-17 16:00:00,2024-07-17,16:00:00,4.1775,Wednesday,16,7,Summer,0
10023456782,2024-07-17 17:00:00,2024-07-17,17:00:00,5.5724,Wednesday,17,7,Summer,0
10023456782,2024-07-17 18:00:00,2024-07-17,18:00:00,5.9370,Wednesday,18,7,Summer,0
10023456782,2024-07-17 19:00:00,2024-07-17,19:00:00,5.2110,Wednesday,19,7,Summer,0
10023456782,2024-07-17 20:00:00,2024-07-17,20:00:00,4.3952,Wednesday,20,7,Summer,0
10023456782,2024-07-17 21:00:00,2024-07-17,21:00:00,3.7377,Wednesday,21,7,Summer,0
10023456782,2024-07-17 22:00:00,2024-07-17,22:00:00,2.7264,Wednesday,22,7,Summer,0
10023456782,2024-07-17 23:00:00,2024-07-17,23:00:00,1.6027,Wednesday,23,7,Summer,0
10023456782,2024-07-18 00:00:00,2024-07-18,00:00:00,1.4935,Thursday,0,7,Summer,0
10023456782,2024-07-18 01:00:00,2024-07-18,01:00:00,1.5732,Thursday,1,7,Summer,0
10023456782,2024-07-18 02:00:00,2024-07-18,02:00:00,1.0925,Thursday,2,7,Summer,0
10023456782,2024-07-18 03:00:00,2024-07-18,03:00:00,1.2289,Thursday,3,7,Summer,0
10023456782,2024-07-18 04:00:00,2024-07-18,04:00:00,1.3557,Thursday,4,7,Summer,0
10023456782,2024-07-18 05:00:00,2024-07-18,05:00:00,1.9678,Thursday,5,7,Summer,0
10023456782,2024-07-18 06:00:00,2024-07-18,06:00:00,3.1453,Thursday,6,7,Summer,0
10023456782,2024-07-18 07:00:00,2024-07-18,07:00:00,3.1523,Thursday,7,7,Summer,0
10023456782,2024-07-18 08:00:00,2024-07-18,08:00:00,4.4251,Thursday,8,7,Summer,0
10023456782,2024-07-18 09:00:00,2024-07-18,09:00:00,4.0523,Thursday,9,7,Summer,0
10023456782,2024-07-18 10:00:00,2024-07-18,10:00:00,4.5032,Thursday,10,7,Summer,0
10023456782,2024-07-18 11:00:00,2024-07-18,11:00:00,4.1716,Thursday,11,7,Summer,0
10023456782,2024-07-18 12:00:00,2024-07-18,12:00:00,4.1843,Thursday,12,7,Summer,0
10023456782,2024-07-18 13:00:00,2024-07-18,13:00:00,3.7003,Thursday,13,7,Summer,0
10023456782,2024-07-18 14:00:00,2024-07-18,14:00:00,15.9968,Thursday,14,7,Summer,1
10023456782,2024-07-18 15:00:00,2024-07-18,15:00:00,4.0634,Thursday,15,7,Summer,0
10023456782,2024-07-18 16:00:00,2024-07-18,16:00:00,4.7062,Thursday,16,7,Summer,0
10023456782,2024-07-18 17:00:00,2024-07-18,17:00:00,4.6316,Thursday,17,7,Summer,0
10023456782,2024-07-18 18:00:00,2024-07-18,18:00:00,4.6283,Thursday,18,7,Summer,0
10023456782,2024-07-18 19:00:00,2024-07-18,19:00:00,4.6082,Thursday,19,7,Summer,0
10023456782,2024-07-18 20:00:00,2024-07-18,20:00:00,4.1496,Thursday,20,7,Summer,0
10023456782,2024-07-18 21:00:00,2024-07-18,21:00:00,2.8862,Thursday,21,7,Summer,0
10023456782,2024-07-18 22:00:00,2024-07-18,22:00:00,2.1014,Thursday,22,7,Summer,0
10023456782,2024-07-18 23:00:00,2024-07-18,23:00:00,1.7002,Thursday,23,7,Summer,0
10023456782,2024-07-19 00:00:00,2024-07-19,00:00:00,1.5112,Friday,0,7,Summer,0
10023456782,2024-07-19 01:00:00,2024-07-19,01:00:00,1.3998,Friday,1,7,Summer,0
10023456782,2024-07-19 02:00:00,2024-07-19,02:00:00,1.1175,Friday,2,7,Summer,0
10023456782,2024-07-19 03:00:00,2024-07-19,03:00:00,3.3744,Friday,3,7,Summer,1
10023456782,2024-07-19 04:00:00,2024-07-19,04:00:00,1.1411,Friday,4,7,Summer,0
10023456782,2024-07-19 05:00:00,2024-07-19,05:00:00,1.6029,Friday,5,7,Summer,0
10023456782,2024-07-19 06:00:00,2024-07-19,06:00:00,3.6120,Friday,6,7,Summer,0
10023456782,2024-07-19 07:00:00,2024-07-19,07:00:00,3.4102,Friday,7,7,Summer,0
10023456782,2024-07-19 08:00:00,2024-07-19,08:00:00,4.0760,Friday,8,7,Summer,0
10023456782,2024-07-19 09:00:00,2024-07-19,09:00:00,3.7419,Friday,9,7,Summer,0
10023456782,2024-07-19 10:00:00,2024-07-19,10:00:00,3.5470,Friday,10,7,Summer,0
10023456782,2024-07-19 11:00:00,2024-07-19,11:00:00,2.9658,Friday,11,7,Summer,0
10023456782,2024-07-19 12:00:00,2024-07-19,12:00:00,3.0033,Friday,12,7,Summer,0
10023456782,2024-07-19 13:00:00,2024-07-19,13:00:00,2.7998,Friday,13,7,Summer,0
10023456782,2024-07-19 14:00:00,2024-07-19,14:00:00,2.8238,Friday,14,7,Summer,0
10023456782,2024-07-19 15:00:00,2024-07-19,15:00:00,3.1220,Friday,15,7,Summer,0
10023456782,2024-07-19 16:00:00,2024-07-19,16:00:00,4.1986,Friday,16,7,Summer,0
10023456782,2024-07-19 17:00:00,2024-07-19,17:00:00,3.0543,Friday,17,7,Summer,0
10023456782,2024-07-19 18:00:00,2024-07-19,18:00:00,4.6662,Friday,18,7,Summer,0
10023456782,2024-07-19 19:00:00,2024-07-19,19:00:00,4.0705,Friday,19,7,Summer,0
10023456782,2024-07-19 20:00:00,2024-07-19,20:00:00,3.1674,Friday,20,7,Summer,0
10023456782,2024-07-19 21:00:00,2024-07-19,21:00:00,2.2808,Friday,21,7,Summer,0
10023456782,2024-07-19 22:00:00,2024-07-19,22:00:00,2.0784,Friday,22,7,Summer,0
10023456782,2024-07-19 23:00:00,2024-07-19,23:00:00,1.4556,Friday,23,7,Summer,0
10023456782,2024-07-20 00:00:00,2024-07-20,00:00:00,0.9243,Saturday,0,7,Summer,0
10023456782,2024-07-20 01:00:00,2024-07-20,01:00:00,1.2477,Saturday,1,7,Summer,0
10023456782,2024-07-20 02:00:00,2024-07-20,02:00:00,1.0292,Saturday,2,7,Summer,0
10023456782,2024-07-20 03:00:00,2024-07-20,03:00:00,0.8531,Saturday,3,7,Summer,0
10023456782,2024-07-20 04:00:00,2024-07-20,04:00:00,1.1480,Saturday,4,7,Summer,0
10023456782,2024-07-20 05:00:00,2024-07-20,05:00:00,1.3043,Saturday,5,7,Summer,0
10023456782,2024-07-20 06:00:00,2024-07-20,06:00:00,2.0448,Saturday,6,7,Summer,0
10023456782,2024-07-20 07:00:00,2024-07-20,07:00:00,2.1936,Saturday,7,7,Summer,0
10023456782,2024-07-20 08:00:00,2024-07-20,08:00:00,3.0940,Saturday,8,7,Summer,0
10023456782,2024-07-20 09:00:00,2024-07-20,09:00:00,3.6254,Saturday,9,7,Summer,0
10023456782,2024-07-20 10:00:00,2024-07-20,10:00:00,3.6002,Saturday,10,7,Summer,0
10023456782,2024-07-20 11:00:00,2024-07-20,11:00:00,3.3617,Saturday,11,7,Summer,0
10023456782,2024-07-20 12:00:00,2024-07-20,12:00:00,2.8941,Saturday,12,7,Summer,0
10023456782,2024-07-20 13:00:00,2024-07-20,13:00:00,2.7503,Saturday,13,7,Summer,0
10023456782,2024-07-20 14:00:00,2024-07-20,14:00:00,3.2155,Saturday,14,7,Summer,0
10023456782,2024-07-20 15:00:00,2024-07-20,15:00:00,2.8430,Saturday,15,7,Summer,0
10023456782,2024-07-20 16:00:00,2024-07-20,16:00:00,3.5193,Saturday,16,7,Summer,0
10023456782,2024-07-20 17:00:00,2024-07-20,17:00:00,2.8535,Saturday,17,7,Summer,0
10023456782,2024-07-20 18:00:00,2024-07-20,18:00:00,3.7242,Saturday,18,7,Summer,0
10023456782,2024-07-20 19:00:00,2024-07-20,19:00:00,4.2059,Saturday,19,7,Summer,0
10023456782,2024-07-20 20:00:00,2024-07-20,20:00:00,3.4838,Saturday,20,7,Summer,0
10023456782,2024-07-20 21:00:00,2024-07-20,21:00:00,3.1581,Saturday,21,7,Summer,0
10023456782,2024-07-20 22:00:00,2024-07-20,22:00:00,1.9529,Saturday,22,7,Summer,0
10023456782,2024-07-20 23:00:00,2024-07-20,23:00:00,1.4346,Saturday,23,7,Summer,0
10023456782,2024-07-21 00:00:00,2024-07-21,00:00:00,1.2855,Sunday,0,7,Summer,0
10023456782,2024-07-21 01:00:00,2024-07-21,01:00:00,1.1025,Sunday,1,7,Summer,0
10023456782,2024-07-21 02:00:00,2024-07-21,02:00:00,1.1241,Sunday,2,7,Summer,0
10023456782,2024-07-21 03:00:00,2024-07-21,03:00:00,1.0548,Sunday,3,7,Summer,0
10023456782,2024-07-21 04:00:00,2024-07-21,04:00:00,1.2118,Sunday,4,7,Summer,0
10023456782,2024-07-21 05:00:00,2024-07-21,05:00:00,1.5781,Sunday,5,7,Summer,0
10023456782,2024-07-21 06:00:00,2024-07-21,06:00:00,2.0105,Sunday,6,7,Summer,0
10023456782,2024-07-21 07:00:00,2024-07-21,07:00:00,2.6132,Sunday,7,7,Summer,0
10023456782,2024-07-21 08:00:00,2024-07-21,08:00:00,3.7292,Sunday,8,7,Summer,0
10023456782,2024-07-21 09:00:00,2024-07-21,09:00:00,3.3623,Sunday,9,7,Summer,0
10023456782,2024-07-21 10:00:00,2024-07-21,10:00:00,3.2738,Sunday,10,7,Summer,0
10023456782,2024-07-21 11:00:00,2024-07-21,11:00:00,2.5105,Sunday,11,7,Summer,0
10023456782,2024-07-21 12:00:00,2024-07-21,12:00:00,2.4970,Sunday,12,7,Summer,0
10023456782,2024-07-21 13:00:00,2024-07-21,13:00:00,3.0526,Sunday,13,7,Summer,0
10023456782,2024-07-21 14:00:00,2024-07-21,14:00:00,3.0743,Sunday,14,7,Summer,0
10023456782,2024-07-21 15:00:00,2024-07-21,15:00:00,3.4481,Sunday,15,7,Summer,0
10023456782,2024-07-21 16:00:00,2024-07-21,16:00:00,3.5398,Sunday,16,7,Summer,0
10023456782,2024-07-21 17:00:00,2024-07-21,17:00:00,4.0432,Sunday,17,7,Summer,0
10023456782,2024-07-21 18:00:00,2024-07-21,18:00:00,4.1553,Sunday,18,7,Summer,0
10023456782,2024-07-21 19:00:00,2024-07-21,19:00:00,3.7932,Sunday,19,7,Summer,0
10023456782,2024-07-21 20:00:00,2024-07-21,20:00:00,3.8308,Sunday,20,7,Summer,0
10023456782,2024-07-21 21:00:00,2024-07-21,21:00:00,2.8910,Sunday,21,7,Summer,0
10023456782,2024-07-21 22:00:00,2024-07-21,22:00:00,2.4796,Sunday,22,7,Summer,0
10023456782,2024-07-21 23:00:00,2024-07-21,23:00:00,1.3931,Sunday,23,7,Summer,0
10023456782,2024-07-22 00:00:00,2024-07-22,00:00:00,1.6809,Monday,0,7,Summer,0
10023456782,2024-07-22 01:00:00,2024-07-22,01:00:00,1.2135,Monday,1,7,Summer,0
10023456782,2024-07-22 02:00:00,2024-07-22,02:00:00,1.4412,Monday,2,7,Summer,0
10023456782,2024-07-22 03:00:00,2024-07-22,03:00:00,1.2492,Monday,3,7,Summer,0
10023456782,2024-07-22 04:00:00,2024-07-22,04:00:00,1.4496,Monday,4,7,Summer,0
10023456782,2024-07-22 05:00:00,2024-07-22,05:00:00,2.1672,Monday,5,7,Summer,0
10023456782,2024-07-22 06:00:00,2024-07-22,06:00:00,3.4725,Monday,6,7,Summer,0
10023456782,2024-07-22 07:00:00,2024-07-22,07:00:00,4.0192,Monday,7,7,Summer,0
10023456782,2024-07-22 08:00:00,2024-07-22,08:00:00,4.5986,Monday,8,7,Summer,0
10023456782,2024-07-22 09:00:00,2024-07-22,09:00:00,4.7103,Monday,9,7,Summer,0
10023456782,2024-07-22 10:00:00,2024-07-22,10:00:00,4.0551,Monday,10,7,Summer,0
10023456782,2024-07-22 11:00:00,2024-07-22,11:00:00,5.3432,Monday,11,7,Summer,0
10023456782,2024-07-22 12:00:00,2024-07-22,12:00:00,4.4036,Monday,12,7,Summer,0
10023456782,2024-07-22 13:00:00,2024-07-22,13:00:00,4.4766,Monday,13,7,Summer,0
10023456782,2024-07-22 14:00:00,2024-07-22,14:00:00,3.8437,Monday,14,7,Summer,0
10023456782,2024-07-22 15:00:00,2024-07-22,15:00:00,4.1606,Monday,15,7,Summer,0
10023456782,2024-07-22 16:00:00,2024-07-22,16:00:00,4.2863,Monday,16,7,Summer,0
10023456782,2024-07-22 17:00:00,2024-07-22,17:00:00,5.2006,Monday,17,7,Summer,0
10023456782,2024-07-22 18:00:00,2024-07-22,18:00:00,5.4728,Monday,18,7,Summer,0
10023456782,2024-07-22 19:00:00,2024-07-22,19:00:00,5.9626,Monday,19,7,Summer,0
10023456782,2024-07-22 20:00:00,2024-07-22,20:00:00,4.7516,Monday,20,7,Summer,0
10023456782,2024-07-22 21:00:00,2024-07-22,21:00:00,3.3122,Monday,21,7,Summer,0
10023456782,2024-07-22 22:00:00,2024-07-22,22:00:00,3.0112,Monday,22,7,Summer,0
10023456782,2024-07-22 23:00:00,2024-07-22,23:00:00,2.4412,Monday,23,7,Summer,0
10023456782,2024-07-23 00:00:00,2024-07-23,00:00:00,1.5513,Tuesday,0,7,Summer,0
10023456782,2024-07-23 01:00:00,2024-07-23,01:00:00,1.6493,Tuesday,1,7,Summer,0
10023456782,2024-07-23 02:00:00,2024-07-23,02:00:00,1.3841,Tuesday,2,7,Summer,0
10023456782,2024-07-23 03:00:00,2024-07-23,03:00:00,1.3460,Tuesday,3,7,Summer,0
10023456782,2024-07-23 04:00:00,2024-07-23,04:00:00,1.6734,Tuesday,4,7,Summer,0
10023456782,2024-07-23 05:00:00,2024-07-23,05:00:00,2.1010,Tuesday,5,7,Summer,0
10023456782,2024-07-23 06:00:00,2024-07-23,06:00:00,2.9536,Tuesday,6,7,Summer,0
10023456782,2024-07-23 07:00:00,2024-07-23,07:00:00,4.4396,Tuesday,7,7,Summer,0
10023456782,2024-07-23 08:00:00,2024-07-23,08:00:00,4.9961,Tuesday,8,7,Summer,0
10023456782,2024-07-23 09:00:00,2024-07-23,09:00:00,5.7015,Tuesday,9,7,Summer,0
10023456782,2024-07-23 10:00:00,2024-07-23,10:00:00,3.8909,Tuesday,10,7,Summer,0
10023456782,2024-07-23 11:00:00,2024-07-23,11:00:00,4.5736,Tuesday,11,7,Summer,0
10023456782,2024-07-23 12:00:00,2024-07-23,12:00:00,4.0832,Tuesday,12,7,Summer,0
10023456782,2024-07-23 13:00:00,2024-07-23,13:00:00,4.0273,Tuesday,13,7,Summer,0
10023456782,2024-07-23 14:00:00,2024-07-23,14:00:00,3.3034,Tuesday,14,7,Summer,0
10023456782,2024-07-23 15:00:00,2024-07-23,15:00:00,4.0060,Tuesday,15,7,Summer,0
10023456782,2024-07-23 16:00:00,2024-07-23,16:00:00,4.4510,Tuesday,16,7,Summer,0
10023456782,2024-07-23 17:00:00,2024-07-23,17:00:00,4.6468,Tuesday,17,7,Summer,0
10023456782,2024-07-23 18:00:00,2024-07-23,18:00:00,5.5668,Tuesday,18,7,Summer,0
10023456782,2024-07-23 19:00:00,2024-07-23,19:00:00,4.3366,Tuesday,19,7,Summer,0
10023456782,2024-07-23 20:00:00,2024-07-23,20:00:00,5.3049,Tuesday,20,7,Summer,0
10023456782,2024-07-23 21:00:00,2024-07-23,21:00:00,3.6015,Tuesday,21,7,Summer,0
10023456782,2024-07-23 22:00:00,2024-07-23,22:00:00,2.9113,Tuesday,22,7,Summer,0
10023456782,2024-07-23 23:00:00,2024-07-23,23:00:00,1.7248,Tuesday,23,7,Summer,0
10023456782,2024-07-24 00:00:00,2024-07-24,00:00:00,1.5695,Wednesday,0,7,Summer,0
10023456782,2024-07-24 01:00:00,2024-07-24,01:00:00,1.5735,Wednesday,1,7,Summer,0
10023456782,2024-07-24 02:00:00,2024-07-24,02:00:00,1.3917,Wednesday,2,7,Summer,0
10023456782,2024-07-24 03:00:00,2024-07-24,03:00:00,1.6137,Wednesday,3,7,Summer,0
10023456782,2024-07-24 04:00:00,2024-07-24,04:00:00,1.7897,Wednesday,4,7,Summer,0
10023456782,2024-07-24 05:00:00,2024-07-24,05:00:00,2.2206,Wednesday,5,7,Summer,0
10023456782,2024-07-24 06:00:00,2024-07-24,06:00:00,3.8012,Wednesday,6,7,Summer,0
10023456782,2024-07-24 07:00:00,2024-07-24,07:00:00,5.0766,Wednesday,7,7,Summer,0
10023456782,2024-07-24 08:00:00,2024-07-24,08:00:00,4.6005,Wednesday,8,7,Summer,0
10023456782,2024-07-24 09:00:00,2024-07-24,09:00:00,4.7478,Wednesday,9,7,Summer,0
10023456782,2024-07-24 10:00:00,2024-07-24,10:00:00,5.0159,Wednesday,10,7,Summer,0
10023456782,2024-07-24 11:00:00,2024-07-24,11:00:00,5.0186,Wednesday,11,7,Summer,0
10023456782,2024-07-24 12:00:00,2024-07-24,12:00:00,4.7141,Wednesday,12,7,Summer,0
10023456782,2024-07-24 13:00:00,2024-07-24,13:00:00,4.2050,Wednesday,13,7,Summer,0
10023456782,2024-07-24 14:00:00,2024-07-24,14:00:00,4.8440,Wednesday,14,7,Summer,0
10023456782,2024-07-24 15:00:00,2024-07-24,15:00:00,4.3750,Wednesday,15,7,Summer,0
10023456782,2024-07-24 16:00:00,2024-07-24,16:00:00,4.4646,Wednesday,16,7,Summer,0
10023456782,2024-07-24 17:00:00,2024-07-24,17:00:00,4.3946,Wednesday,17,7,Summer,0
10023456782,2024-07-24 18:00:00,2024-07-24,18:00:00,5.6087,Wednesday,18,7,Summer,0
10023456782,2024-07-24 19:00:00,2024-07-24,19:00:00,16.6706,Wednesday,19,7,Summer,1
10023456782,2024-07-24 20:00:00,2024-07-24,20:00:00,14.1827,Wednesday,20,7,Summer,1
10023456782,2024-07-24 21:00:00,2024-07-24,21:00:00,9.6972,Wednesday,21,7,Summer,1
10023456782,2024-07-24 22:00:00,2024-07-24,22:00:00,8.3009,Wednesday,22,7,Summer,1
10023456782,2024-07-24 23:00:00,2024-07-24,23:00:00,5.9032,Wednesday,23,7,Summer,1
10023456782,2024-07-25 00:00:00,2024-07-25,00:00:00,5.6351,Thursday,0,7,Summer,1
10023456782,2024-07-25 01:00:00,2024-07-25,01:00:00,2.0787,Thursday,1,7,Summer,0
10023456782,2024-07-25 02:00:00,2024-07-25,02:00:00,1.2038,Thursday,2,7,Summer,0
10023456782,2024-07-25 03:00:00,2024-07-25,03:00:00,1.5678,Thursday,3,7,Summer,0
10023456782,2024-07-25 04:00:00,2024-07-25,04:00:00,1.6501,Thursday,4,7,Summer,0
10023456782,2024-07-25 05:00:00,2024-07-25,05:00:00,2.3894,Thursday,5,7,Summer,0
10023456782,2024-07-25 06:00:00,2024-07-25,06:00:00,3.4575,Thursday,6,7,Summer,0
10023456782,2024-07-25 07:00:00,2024-07-25,07:00:00,5.2368,Thursday,7,7,Summer,0
10023456782,2024-07-25 08:00:00,2024-07-25,08:00:00,5.5573,Thursday,8,7,Summer,0
10023456782,2024-07-25 09:00:00,2024-07-25,09:00:00,5.5871,Thursday,9,7,Summer,0
10023456782,2024-07-25 10:00:00,2024-07-25,10:00:00,4.9814,Thursday,10,7,Summer,0
10023456782,2024-07-25 11:00:00,2024-07-25,11:00:00,4.1235,Thursday,11,7,Summer,0
10023456782,2024-07-25 12:00:00,2024-07-25,12:00:00,3.9258,Thursday,12,7,Summer,0
10023456782,2024-07-25 13:00:00,2024-07-25,13:00:00,5.0232,Thursday,13,7,Summer,0
10023456782,2024-07-25 14:00:00,2024-07-25,14:00:00,0.3872,Thursday,14,7,Summer,1
10023456782,2024-07-25 15:00:00,2024-07-25,15:00:00,4.3519,Thursday,15,7,Summer,0
10023456782,2024-07-25 16:00:00,2024-07-25,16:00:00,5.7474,Thursday,16,7,Summer,0
10023456782,2024-07-25 17:00:00,2024-07-25,17:00:00,5.6181,Thursday,17,7,Summer,0
10023456782,2024-07-25 18:00:00,2024-07-25,18:00:00,6.1087,Thursday,18,7,Summer,0
10023456782,2024-07-25 19:00:00,2024-07-25,19:00:00,5.7257,Thursday,19,7,Summer,0
10023456782,2024-07-25 20:00:00,2024-07-25,20:00:00,4.5766,Thursday,20,7,Summer,0
10023456782,2024-07-25 21:00:00,2024-07-25,21:00:00,3.7218,Thursday,21,7,Summer,0
10023456782,2024-07-25 22:00:00,2024-07-25,22:00:00,3.2020,Thursday,22,7,Summer,0
10023456782,2024-07-25 23:00:00,2024-07-25,23:00:00,2.3730,Thursday,23,7,Summer,0
10023456782,2024-07-26 00:00:00,2024-07-26,00:00:00,1.4418,Friday,0,7,Summer,0
10023456782,2024-07-26 01:00:00,2024-07-26,01:00:00,1.5556,Friday,1,7,Summer,0
10023456782,2024-07-26 02:00:00,2024-07-26,02:00:00,1.3739,Friday,2,7,Summer,0
10023456782,2024-07-26 03:00:00,2024-07-26,03:00:00,1.4759,Friday,3,7,Summer,0
10023456782,2024-07-26 04:00:00,2024-07-26,04:00:00,1.7444,Friday,4,7,Summer,0
10023456782,2024-07-26 05:00:00,2024-07-26,05:00:00,1.8653,Friday,5,7,Summer,0
10023456782,2024-07-26 06:00:00,2024-07-26,06:00:00,3.1800,Friday,6,7,Summer,0
10023456782,2024-07-26 07:00:00,2024-07-26,07:00:00,4.9242,Friday,7,7,Summer,0
10023456782,2024-07-26 08:00:00,2024-07-26,08:00:00,4.9510,Friday,8,7,Summer,0
10023456782,2024-07-26 09:00:00,2024-07-26,09:00:00,4.4118,Friday,9,7,Summer,0
10023456782,2024-07-26 10:00:00,2024-07-26,10:00:00,4.4198,Friday,10,7,Summer,0
10023456782,2024-07-26 11:00:00,2024-07-26,11:00:00,4.2093,Friday,11,7,Summer,0
10023456782,2024-07-26 12:00:00,2024-07-26,12:00:00,3.9702,Friday,12,7,Summer,0
10023456782,2024-07-26 13:00:00,2024-07-26,13:00:00,3.9324,Friday,13,7,Summer,0
10023456782,2024-07-26 14:00:00,2024-07-26,14:00:00,3.7943,Friday,14,7,Summer,0
10023456782,2024-07-26 15:00:00,2024-07-26,15:00:00,3.6737,Friday,15,7,Summer,0
10023456782,2024-07-26 16:00:00,2024-07-26,16:00:00,4.0064,Friday,16,7,Summer,0
10023456782,2024-07-26 17:00:00,2024-07-26,17:00:00,4.8141,Friday,17,7,Summer,0
10023456782,2024-07-26 18:00:00,2024-07-26,18:00:00,4.7803,Friday,18,7,Summer,0
10023456782,2024-07-26 19:00:00,2024-07-26,19:00:00,4.7261,Friday,19,7,Summer,0
10023456782,2024-07-26 20:00:00,2024-07-26,20:00:00,4.0902,Friday,20,7,Summer,0
10023456782,2024-07-26 21:00:00,2024-07-26,21:00:00,3.5268,Friday,21,7,Summer,0
10023456782,2024-07-26 22:00:00,2024-07-26,22:00:00,3.1175,Friday,22,7,Summer,0
10023456782,2024-07-26 23:00:00,2024-07-26,23:00:00,2.2127,Friday,23,7,Summer,0
10023456782,2024-07-27 00:00:00,2024-07-27,00:00:00,1.0053,Saturday,0,7,Summer,0
10023456782,2024-07-27 01:00:00,2024-07-27,01:00:00,1.0624,Saturday,1,7,Summer,0
10023456782,2024-07-27 02:00:00,2024-07-27,02:00:00,1.0508,Saturday,2,7,Summer,0
10023456782,2024-07-27 03:00:00,2024-07-27,03:00:00,0.9247,Saturday,3,7,Summer,0
10023456782,2024-07-27 04:00:00,2024-07-27,04:00:00,3.0944,Saturday,4,7,Summer,1
10023456782,2024-07-27 05:00:00,2024-07-27,05:00:00,1.1303,Saturday,5,7,Summer,0
10023456782,2024-07-27 06:00:00,2024-07-27,06:00:00,1.7545,Saturday,6,7,Summer,0
10023456782,2024-07-27 07:00:00,2024-07-27,07:00:00,2.3279,Saturday,7,7,Summer,0
10023456782,2024-07-27 08:00:00,2024-07-27,08:00:00,3.1095,Saturday,8,7,Summer,0
10023456782,2024-07-27 09:00:00,2024-07-27,09:00:00,3.4292,Saturday,9,7,Summer,0
10023456782,2024-07-27 10:00:00,2024-07-27,10:00:00,3.4048,Saturday,10,7,Summer,0
10023456782,2024-07-27 11:00:00,2024-07-27,11:00:00,2.9819,Saturday,11,7,Summer,0
10023456782,2024-07-27 12:00:00,2024-07-27,12:00:00,2.4912,Saturday,12,7,Summer,0
10023456782,2024-07-27 13:00:00,2024-07-27,13:00:00,2.5868,Saturday,13,7,Summer,0
10023456782,2024-07-27 14:00:00,2024-07-27,14:00:00,2.0721,Saturday,14,7,Summer,0
10023456782,2024-07-27 15:00:00,2024-07-27,15:00:00,2.6701,Saturday,15,7,Summer,0
10023456782,2024-07-27 16:00:00,2024-07-27,16:00:00,2.8675,Saturday,16,7,Summer,0
10023456782,2024-07-27 17:00:00,2024-07-27,17:00:00,3.2359,Saturday,17,7,Summer,0
10023456782,2024-07-27 18:00:00,2024-07-27,18:00:00,3.5758,Saturday,18,7,Summer,0
10023456782,2024-07-27 19:00:00,2024-07-27,19:00:00,3.7796,Saturday,19,7,Summer,0
10023456782,2024-07-27 20:00:00,2024-07-27,20:00:00,3.6845,Saturday,20,7,Summer,0
10023456782,2024-07-27 21:00:00,2024-07-27,21:00:00,2.4619,Saturday,21,7,Summer,0
10023456782,2024-07-27 22:00:00,2024-07-27,22:00:00,1.8194,Saturday,22,7,Summer,0
10023456782,2024-07-27 23:00:00,2024-07-27,23:00:00,1.3823,Saturday,23,7,Summer,0
10023456782,2024-07-28 00:00:00,2024-07-28,00:00:00,0.9343,Sunday,0,7,Summer,0
10023456782,2024-07-28 01:00:00,2024-07-28,01:00:00,0.7459,Sunday,1,7,Summer,0
10023456782,2024-07-28 02:00:00,2024-07-28,02:00:00,0.7784,Sunday,2,7,Summer,0
10023456782,2024-07-28 03:00:00,2024-07-28,03:00:00,0.7062,Sunday,3,7,Summer,0
10023456782,2024-07-28 04:00:00,2024-07-28,04:00:00,0.6744,Sunday,4,7,Summer,0
10023456782,2024-07-28 05:00:00,2024-07-28,05:00:00,1.0675,Sunday,5,7,Summer,0
10023456782,2024-07-28 06:00:00,2024-07-28,06:00:00,1.3208,Sunday,6,7,Summer,0
10023456782,2024-07-28 07:00:00,2024-07-28,07:00:00,2.2875,Sunday,7,7,Summer,0
10023456782,2024-07-28 08:00:00,2024-07-28,08:00:00,2.6773,Sunday,8,7,Summer,0
10023456782,2024-07-28 09:00:00,2024-07-28,09:00:00,2.1117,Sunday,9,7,Summer,0
10023456782,2024-07-28 10:00:00,2024-07-28,10:00:00,2.5503,Sunday,10,7,Summer,0
10023456782,2024-07-28 11:00:00,2024-07-28,11:00:00,2.0746,Sunday,11,7,Summer,0
10023456782,2024-07-28 12:00:00,2024-07-28,12:00:00,2.3155,Sunday,12,7,Summer,0
10023456782,2024-07-28 13:00:00,2024-07-28,13:00:00,2.3514,Sunday,13,7,Summer,0
10023456782,2024-07-28 14:00:00,2024-07-28,14:00:00,1.9769,Sunday,14,7,Summer,0
10023456782,2024-07-28 15:00:00,2024-07-28,15:00:00,1.8510,Sunday,15,7,Summer,0
10023456782,2024-07-28 16:00:00,2024-07-28,16:00:00,2.1759,Sunday,16,7,Summer,0
10023456782,2024-07-28 17:00:00,2024-07-28,17:00:00,2.5741,Sunday,17,7,Summer,0
10023456782,2024-07-28 18:00:00,2024-07-28,18:00:00,2.6028,Sunday,18,7,Summer,0
10023456782,2024-07-28 19:00:00,2024-07-28,19:00:00,2.8930,Sunday,19,7,Summer,0
10023456782,2024-07-28 20:00:00,2024-07-28,20:00:00,2.5149,Sunday,20,7,Summer,0
10023456782,2024-07-28 21:00:00,2024-07-28,21:00:00,2.7124,Sunday,21,7,Summer,0
10023456782,2024-07-28 22:00:00,2024-07-28,22:00:00,1.7141,Sunday,22,7,Summer,0
10023456782,2024-07-28 23:00:00,2024-07-28,23:00:00,1.0301,Sunday,23,7,Summer,0
10023456782,2024-07-29 00:00:00,2024-07-29,00:00:00,0.7823,Monday,0,7,Summer,0
10023456782,2024-07-29 01:00:00,2024-07-29,01:00:00,0.7984,Monday,1,7,Summer,0
10023456782,2024-07-29 02:00:00,2024-07-29,02:00:00,0.8174,Monday,2,7,Summer,0
10023456782,2024-07-29 03:00:00,2024-07-29,03:00:00,0.7844,Monday,3,7,Summer,0
10023456782,2024-07-29 04:00:00,2024-07-29,04:00:00,0.8420,Monday,4,7,Summer,0
10023456782,2024-07-29 05:00:00,2024-07-29,05:00:00,1.1014,Monday,5,7,Summer,0
10023456782,2024-07-29 06:00:00,2024-07-29,06:00:00,2.0321,Monday,6,7,Summer,0
10023456782,2024-07-29 07:00:00,2024-07-29,07:00:00,2.4105,Monday,7,7,Summer,0
10023456782,2024-07-29 08:00:00,2024-07-29,08:00:00,2.3757,Monday,8,7,Summer,0
10023456782,2024-07-29 09:00:00,2024-07-29,09:00:00,3.2042,Monday,9,7,Summer,0
10023456782,2024-07-29 10:00:00,2024-07-29,10:00:00,2.1304,Monday,10,7,Summer,0
10023456782,2024-07-29 11:00:00,2024-07-29,11:00:00,2.2797,Monday,11,7,Summer,0
10023456782,2024-07-29 12:00:00,2024-07-29,12:00:00,2.2558,Monday,12,7,Summer,0
10023456782,2024-07-29 13:00:00,2024-07-29,13:00:00,2.1166,Monday,13,7,Summer,0
10023456782,2024-07-29 14:00:00,2024-07-29,14:00:00,2.3483,Monday,14,7,Summer,0
10023456782,2024-07-29 15:00:00,2024-07-29,15:00:00,2.3702,Monday,15,7,Summer,0
10023456782,2024-07-29 16:00:00,2024-07-29,16:00:00,2.5104,Monday,16,7,Summer,0
10023456782,2024-07-29 17:00:00,2024-07-29,17:00:00,2.7648,Monday,17,7,Summer,0
10023456782,2024-07-29 18:00:00,2024-07-29,18:00:00,2.2859,Monday,18,7,Summer,0
10023456782,2024-07-29 19:00:00,2024-07-29,19:00:00,2.6870,Monday,19,7,Summer,0
10023456782,2024-07-29 20:00:00,2024-07-29,20:00:00,2.7763,Monday,20,7,Summer,0
10023456782,2024-07-29 21:00:00,2024-07-29,21:00:00,2.1809,Monday,21,7,Summer,0
10023456782,2024-07-29 22:00:00,2024-07-29,22:00:00,1.4892,Monday,22,7,Summer,0
10023456782,2024-07-29 23:00:00,2024-07-29,23:00:00,1.2005,Monday,23,7,Summer,0
10023456782,2024-07-30 00:00:00,2024-07-30,00:00:00,1.2921,Tuesday,0,7,Summer,0
10023456782,2024-07-30 01:00:00,2024-07-30,01:00:00,1.1760,Tuesday,1,7,Summer,0
10023456782,2024-07-30 02:00:00,2024-07-30,02:00:00,1.0630,Tuesday,2,7,Summer,0
10023456782,2024-07-30 03:00:00,2024-07-30,03:00:00,1.2553,Tuesday,3,7,Summer,0
10023456782,2024-07-30 04:00:00,2024-07-30,04:00:00,1.4557,Tuesday,4,7,Summer,0
10023456782,2024-07-30 05:00:00,2024-07-30,05:00:00,1.4695,Tuesday,5,7,Summer,0
10023456782,2024-07-30 06:00:00,2024-07-30,06:00:00,2.8460,Tuesday,6,7,Summer,0
10023456782,2024-07-30 07:00:00,2024-07-30,07:00:00,3.2654,Tuesday,7,7,Summer,0
10023456782,2024-07-30 08:00:00,2024-07-30,08:00:00,3.9274,Tuesday,8,7,Summer,0
10023456782,2024-07-30 09:00:00,2024-07-30,09:00:00,4.1998,Tuesday,9,7,Summer,0
10023456782,2024-07-30 10:00:00,2024-07-30,10:00:00,3.4660,Tuesday,10,7,Summer,0
10023456782,2024-07-30 11:00:00,2024-07-30,11:00:00,3.1590,Tuesday,11,7,Summer,0
10023456782,2024-07-30 12:00:00,2024-07-30,12:00:00,3.5966,Tuesday,12,7,Summer,0
10023456782,2024-07-30 13:00:00,2024-07-30,13:00:00,3.8887,Tuesday,13,7,Summer,0
10023456782,2024-07-30 14:00:00,2024-07-30,14:00:00,2.9249,Tuesday,14,7,Summer,0
10023456782,2024-07-30 15:00:00,2024-07-30,15:00:00,3.6465,Tuesday,15,7,Summer,0
10023456782,2024-07-30 16:00:00,2024-07-30,16:00:00,3.4592,Tuesday,16,7,Summer,0
10023456782,2024-07-30 17:00:00,2024-07-30,17:00:00,4.2497,Tuesday,17,7,Summer,0
10023456782,2024-07-30 18:00:00,2024-07-30,18:00:00,5.0466,Tuesday,18,7,Summer,0
10023456782,2024-07-30 19:00:00,2024-07-30,19:00:00,4.4751,Tuesday,19,7,Summer,0
10023456782,2024-07-30 20:00:00,2024-07-30,20:00:00,3.8451,Tuesday,20,7,Summer,0
10023456782,2024-07-30 21:00:00,2024-07-30,21:00:00,3.6005,Tuesday,21,7,Summer,0
10023456782,2024-07-30 22:00:00,2024-07-30,22:00:00,1.8296,Tuesday,22,7,Summer,0
10023456782,2024-07-30 23:00:00,2024-07-30,23:00:00,1.3370,Tuesday,23,7,Summer,0
10023456782,2024-07-31 00:00:00,2024-07-31,00:00:00,1.3143,Wednesday,0,7,Summer,0
10023456782,2024-07-31 01:00:00,2024-07-31,01:00:00,1.5230,Wednesday,1,7,Summer,0
10023456782,2024-07-31 02:00:00,2024-07-31,02:00:00,1.1347,Wednesday,2,7,Summer,0
10023456782,2024-07-31 03:00:00,2024-07-31,03:00:00,1.2516,Wednesday,3,7,Summer,0
10023456782,2024-07-31 04:00:00,2024-07-31,04:00:00,1.3567,Wednesday,4,7,Summer,0
10023456782,2024-07-31 05:00:00,2024-07-31,05:00:00,1.6600,Wednesday,5,7,Summer,0
10023456782,2024-07-31 06:00:00,2024-07-31,06:00:00,2.8488,Wednesday,6,7,Summer,0
10023456782,2024-07-31 07:00:00,2024-07-31,07:00:00,4.0225,Wednesday,7,7,Summer,0
10023456782,2024-07-31 08:00:00,2024-07-31,08:00:00,4.3583,Wednesday,8,7,Summer,0
10023456782,2024-07-31 09:00:00,2024-07-31,09:00:00,5.2113,Wednesday,9,7,Summer,0
10023456782,2024-07-31 10:00:00,2024-07-31,10:00:00,4.5945,Wednesday,10,7,Summer,0
10023456782,2024-07-31 11:00:00,2024-07-31,11:00:00,4.3024,Wednesday,11,7,Summer,0
10023456782,2024-07-31 12:00:00,2024-07-31,12:00:00,3.5658,Wednesday,12,7,Summer,0
10023456782,2024-07-31 13:00:00,2024-07-31,13:00:00,3.8295,Wednesday,13,7,Summer,0
10023456782,2024-07-31 14:00:00,2024-07-31,14:00:00,3.5973,Wednesday,14,7,Summer,0
10023456782,2024-07-31 15:00:00,2024-07-31,15:00:00,4.2632,Wednesday,15,7,Summer,0
10023456782,2024-07-31 16:00:00,2024-07-31,16:00:00,4.2616,Wednesday,16,7,Summer,0
10023456782,2024-07-31 17:00:00,2024-07-31,17:00:00,4.7226,Wednesday,17,7,Summer,0
10023456782,2024-07-31 18:00:00,2024-07-31,18:00:00,4.8976,Wednesday,18,7,Summer,0
10023456782,2024-07-31 19:00:00,2024-07-31,19:00:00,3.9429,Wednesday,19,7,Summer,0
10023456782,2024-07-31 20:00:00,2024-07-31,20:00:00,3.9407,Wednesday,20,7,Summer,0
10023456782,2024-07-31 21:00:00,2024-07-31,21:00:00,3.4305,Wednesday,21,7,Summer,0
10023456782,2024-07-31 22:00:00,2024-07-31,22:00:00,2.7430,Wednesday,22,7,Summer,0
10023456782,2024-07-31 23:00:00,2024-07-31,23:00:00,1.5927,Wednesday,23,7,Summer,0
10023456782,2024-08-01 00:00:00,2024-08-01,00:00:00,1.2618,Thursday,0,8,Summer,0
10023456782,2024-08-01 01:00:00,2024-08-01,01:00:00,1.0145,Thursday,1,8,Summer,0
10023456782,2024-08-01 02:00:00,2024-08-01,02:00:00,0.8899,Thursday,2,8,Summer,0
10023456782,2024-08-01 03:00:00,2024-08-01,03:00:00,1.0151,Thursday,3,8,Summer,0
10023456782,2024-08-01 04:00:00,2024-08-01,04:00:00,0.8552,Thursday,4,8,Summer,0
10023456782,2024-08-01 05:00:00,2024-08-01,05:00:00,1.6642,Thursday,5,8,Summer,0
10023456782,2024-08-01 06:00:00,2024-08-01,06:00:00,2.3169,Thursday,6,8,Summer,0
10023456782,2024-08-01 07:00:00,2024-08-01,07:00:00,3.0938,Thursday,7,8,Summer,0
10023456782,2024-08-01 08:00:00,2024-08-01,08:00:00,3.5099,Thursday,8,8,Summer,0
10023456782,2024-08-01 09:00:00,2024-08-01,09:00:00,2.7617,Thursday,9,8,Summer,0
10023456782,2024-08-01 10:00:00,2024-08-01,10:00:00,2.6606,Thursday,10,8,Summer,0
10023456782,2024-08-01 11:00:00,2024-08-01,11:00:00,2.9283,Thursday,11,8,Summer,0
10023456782,2024-08-01 12:00:00,2024-08-01,12:00:00,10.5454,Thursday,12,8,Summer,1
10023456782,2024-08-01 13:00:00,2024-08-01,13:00:00,2.9026,Thursday,13,8,Summer,0
10023456782,2024-08-01 14:00:00,2024-08-01,14:00:00,2.9698,Thursday,14,8,Summer,0
10023456782,2024-08-01 15:00:00,2024-08-01,15:00:00,2.7355,Thursday,15,8,Summer,0
10023456782,2024-08-01 16:00:00,2024-08-01,16:00:00,3.2421,Thursday,16,8,Summer,0
10023456782,2024-08-01 17:00:00,2024-08-01,17:00:00,3.1509,Thursday,17,8,Summer,0
10023456782,2024-08-01 18:00:00,2024-08-01,18:00:00,3.0723,Thursday,18,8,Summer,0
10023456782,2024-08-01 19:00:00,2024-08-01,19:00:00,2.9429,Thursday,19,8,Summer,0
10023456782,2024-08-01 20:00:00,2024-08-01,20:00:00,3.6029,Thursday,20,8,Summer,0
10023456782,2024-08-01 21:00:00,2024-08-01,21:00:00,2.5653,Thursday,21,8,Summer,0
10023456782,2024-08-01 22:00:00,2024-08-01,22:00:00,1.9152,Thursday,22,8,Summer,0
10023456782,2024-08-01 23:00:00,2024-08-01,23:00:00,1.4714,Thursday,23,8,Summer,0
10023456782,2024-08-02 00:00:00,2024-08-02,00:00:00,1.5576,Friday,0,8,Summer,0
10023456782,2024-08-02 01:00:00,2024-08-02,01:00:00,1.3385,Friday,1,8,Summer,0
10023456782,2024-08-02 02:00:00,2024-08-02,02:00:00,1.3179,Friday,2,8,Summer,0
10023456782,2024-08-02 03:00:00,2024-08-02,03:00:00,0.8722,Friday,3,8,Summer,0
10023456782,2024-08-02 04:00:00,2024-08-02,04:00:00,1.4381,Friday,4,8,Summer,0
10023456782,2024-08-02 05:00:00,2024-08-02,05:00:00,1.8784,Friday,5,8,Summer,0
10023456782,2024-08-02 06:00:00,2024-08-02,06:00:00,2.7933,Friday,6,8,Summer,0
10023456782,2024-08-02 07:00:00,2024-08-02,07:00:00,3.8392,Friday,7,8,Summer,0
10023456782,2024-08-02 08:00:00,2024-08-02,08:00:00,4.7199,Friday,8,8,Summer,0
10023456782,2024-08-02 09:00:00,2024-08-02,09:00:00,3.9363,Friday,9,8,Summer,0
10023456782,2024-08-02 10:00:00,2024-08-02,10:00:00,4.4787,Friday,10,8,Summer,0
10023456782,2024-08-02 11:00:00,2024-08-02,11:00:00,3.3817,Friday,11,8,Summer,0
10023456782,2024-08-02 12:00:00,2024-08-02,12:00:00,3.2117,Friday,12,8,Summer,0
10023456782,2024-08-02 13:00:00,2024-08-02,13:00:00,4.1016,Friday,13,8,Summer,0
10023456782,2024-08-02 14:00:00,2024-08-02,14:00:00,3.4571,Friday,14,8,Summer,0
10023456782,2024-08-02 15:00:00,2024-08-02,15:00:00,4.0940,Friday,15,8,Summer,0
10023456782,2024-08-02 16:00:00,2024-08-02,16:00:00,3.6705,Friday,16,8,Summer,0
10023456782,2024-08-02 17:00:00,2024-08-02,17:00:00,5.4770,Friday,17,8,Summer,0
10023456782,2024-08-02 18:00:00,2024-08-02,18:00:00,5.0174,Friday,18,8,Summer,0
10023456782,2024-08-02 19:00:00,2024-08-02,19:00:00,4.4704,Friday,19,8,Summer,0
10023456782,2024-08-02 20:00:00,2024-08-02,20:00:00,3.9867,Friday,20,8,Summer,0
10023456782,2024-08-02 21:00:00,2024-08-02,21:00:00,3.1032,Friday,21,8,Summer,0
10023456782,2024-08-02 22:00:00,2024-08-02,22:00:00,2.3988,Friday,22,8,Summer,0
10023456782,2024-08-02 23:00:00,2024-08-02,23:00:00,1.6180,Friday,23,8,Summer,0
10023456782,2024-08-03 00:00:00,2024-08-03,00:00:00,1.0345,Saturday,0,8,Summer,0
10023456782,2024-08-03 01:00:00,2024-08-03,01:00:00,0.7485,Saturday,1,8,Summer,0
10023456782,2024-08-03 02:00:00,2024-08-03,02:00:00,0.6880,Saturday,2,8,Summer,0
10023456782,2024-08-03 03:00:00,2024-08-03,03:00:00,0.8959,Saturday,3,8,Summer,0
10023456782,2024-08-03 04:00:00,2024-08-03,04:00:00,2.8997,Saturday,4,8,Summer,1
10023456782,2024-08-03 05:00:00,2024-08-03,05:00:00,1.1200,Saturday,5,8,Summer,0
10023456782,2024-08-03 06:00:00,2024-08-03,06:00:00,1.0285,Saturday,6,8,Summer,0
10023456782,2024-08-03 07:00:00,2024-08-03,07:00:00,2.0319,Saturday,7,8,Summer,0
10023456782,2024-08-03 08:00:00,2024-08-03,08:00:00,1.9304,Saturday,8,8,Summer,0
10023456782,2024-08-03 09:00:00,2024-08-03,09:00:00,2.2114,Saturday,9,8,Summer,0
10023456782,2024-08-03 10:00:00,2024-08-03,10:00:00,2.3861,Saturday,10,8,Summer,0
10023456782,2024-08-03 11:00:00,2024-08-03,11:00:00,2.1649,Saturday,11,8,Summer,0
10023456782,2024-08-03 12:00:00,2024-08-03,12:00:00,1.8544,Saturday,12,8,Summer,0
10023456782,2024-08-03 13:00:00,2024-08-03,13:00:00,2.2444,Saturday,13,8,Summer,0
10023456782,2024-08-03 14:00:00,2024-08-03,14:00:00,2.1816,Saturday,14,8,Summer,0
10023456782,2024-08-03 15:00:00,2024-08-03,15:00:00,2.3220,Saturday,15,8,Summer,0
10023456782,2024-08-03 16:00:00,2024-08-03,16:00:00,2.7957,Saturday,16,8,Summer,0
10023456782,2024-08-03 17:00:00,2024-08-03,17:00:00,2.4026,Saturday,17,8,Summer,0
10023456782,2024-08-03 18:00:00,2024-08-03,18:00:00,2.9892,Saturday,18,8,Summer,0
10023456782,2024-08-03 19:00:00,2024-08-03,19:00:00,2.3619,Saturday,19,8,Summer,0
10023456782,2024-08-03 20:00:00,2024-08-03,20:00:00,2.6292,Saturday,20,8,Summer,0
10023456782,2024-08-03 21:00:00,2024-08-03,21:00:00,2.0332,Saturday,21,8,Summer,0
10023456782,2024-08-03 22:00:00,2024-08-03,22:00:00,1.6811,Saturday,22,8,Summer,0
10023456782,2024-08-03 23:00:00,2024-08-03,23:00:00,1.2913,Saturday,23,8,Summer,0
10023456782,2024-08-04 00:00:00,2024-08-04,00:00:00,1.4870,Sunday,0,8,Summer,0
10023456782,2024-08-04 01:00:00,2024-08-04,01:00:00,1.2997,Sunday,1,8,Summer,0
10023456782,2024-08-04 02:00:00,2024-08-04,02:00:00,1.1580,Sunday,2,8,Summer,0
10023456782,2024-08-04 03:00:00,2024-08-04,03:00:00,1.2342,Sunday,3,8,Summer,0
10023456782,2024-08-04 04:00:00,2024-08-04,04:00:00,1.3274,Sunday,4,8,Summer,0
10023456782,2024-08-04 05:00:00,2024-08-04,05:00:00,1.7330,Sunday,5,8,Summer,0
10023456782,2024-08-04 06:00:00,2024-08-04,06:00:00,2.4777,Sunday,6,8,Summer,0
10023456782,2024-08-04 07:00:00,2024-08-04,07:00:00,3.9319,Sunday,7,8,Summer,0
10023456782,2024-08-04 08:00:00,2024-08-04,08:00:00,4.0329,Sunday,8,8,Summer,0
10023456782,2024-08-04 09:00:00,2024-08-04,09:00:00,4.3936,Sunday,9,8,Summer,0
10023456782,2024-08-04 10:00:00,2024-08-04,10:00:00,3.9919,Sunday,10,8,Summer,0
10023456782,2024-08-04 11:00:00,2024-08-04,11:00:00,11.6901,Sunday,11,8,Summer,1
10023456782,2024-08-04 12:00:00,2024-08-04,12:00:00,2.8382,Sunday,12,8,Summer,0
10023456782,2024-08-04 13:00:00,2024-08-04,13:00:00,3.7031,Sunday,13,8,Summer,0
10023456782,2024-08-04 14:00:00,2024-08-04,14:00:00,3.6373,Sunday,14,8,Summer,0
10023456782,2024-08-04 15:00:00,2024-08-04,15:00:00,3.8117,Sunday,15,8,Summer,0
10023456782,2024-08-04 16:00:00,2024-08-04,16:00:00,3.2104,Sunday,16,8,Summer,0
10023456782,2024-08-04 17:00:00,2024-08-04,17:00:00,4.1085,Sunday,17,8,Summer,0
10023456782,2024-08-04 18:00:00,2024-08-04,18:00:00,4.0725,Sunday,18,8,Summer,0
10023456782,2024-08-04 19:00:00,2024-08-04,19:00:00,4.5489,Sunday,19,8,Summer,0
10023456782,2024-08-04 20:00:00,2024-08-04,20:00:00,4.5196,Sunday,20,8,Summer,0
10023456782,2024-08-04 21:00:00,2024-08-04,21:00:00,3.2513,Sunday,21,8,Summer,0
10023456782,2024-08-04 22:00:00,2024-08-04,22:00:00,2.5019,Sunday,22,8,Summer,0
10023456782,2024-08-04 23:00:00,2024-08-04,23:00:00,1.9567,Sunday,23,8,Summer,0
10023456782,2024-08-05 00:00:00,2024-08-05,00:00:00,1.2504,Monday,0,8,Summer,0
10023456782,2024-08-05 01:00:00,2024-08-05,01:00:00,1.7326,Monday,1,8,Summer,0
10023456782,2024-08-05 02:00:00,2024-08-05,02:00:00,0.9977,Monday,2,8,Summer,0
10023456782,2024-08-05 03:00:00,2024-08-05,03:00:00,1.2877,Monday,3,8,Summer,0
10023456782,2024-08-05 04:00:00,2024-08-05,04:00:00,1.3275,Monday,4,8,Summer,0
10023456782,2024-08-05 05:00:00,2024-08-05,05:00:00,1.7077,Monday,5,8,Summer,0
10023456782,2024-08-05 06:00:00,2024-08-05,06:00:00,2.9713,Monday,6,8,Summer,0
10023456782,2024-08-05 07:00:00,2024-08-05,07:00:00,4.6614,Monday,7,8,Summer,0
10023456782,2024-08-05 08:00:00,2024-08-05,08:00:00,3.6188,Monday,8,8,Summer,0
10023456782,2024-08-05 09:00:00,2024-08-05,09:00:00,4.3572,Monday,9,8,Summer,0
10023456782,2024-08-05 10:00:00,2024-08-05,10:00:00,3.2869,Monday,10,8,Summer,0
10023456782,2024-08-05 11:00:00,2024-08-05,11:00:00,4.3168,Monday,11,8,Summer,0
10023456782,2024-08-05 12:00:00,2024-08-05,12:00:00,3.4166,Monday,12,8,Summer,0
10023456782,2024-08-05 13:00:00,2024-08-05,13:00:00,3.5786,Monday,13,8,Summer,0
10023456782,2024-08-05 14:00:00,2024-08-05,14:00:00,3.8572,Monday,14,8,Summer,0
10023456782,2024-08-05 15:00:00,2024-08-05,15:00:00,4.1959,Monday,15,8,Summer,0
10023456782,2024-08-05 16:00:00,2024-08-05,16:00:00,4.2477,Monday,16,8,Summer,0
10023456782,2024-08-05 17:00:00,2024-08-05,17:00:00,4.5301,Monday,17,8,Summer,0
10023456782,2024-08-05 18:00:00,2024-08-05,18:00:00,4.5369,Monday,18,8,Summer,0
10023456782,2024-08-05 19:00:00,2024-08-05,19:00:00,4.5199,Monday,19,8,Summer,0
10023456782,2024-08-05 20:00:00,2024-08-05,20:00:00,4.5379,Monday,20,8,Summer,0
10023456782,2024-08-05 21:00:00,2024-08-05,21:00:00,2.7878,Monday,21,8,Summer,0
10023456782,2024-08-05 22:00:00,2024-08-05,22:00:00,2.2881,Monday,22,8,Summer,0
10023456782,2024-08-05 23:00:00,2024-08-05,23:00:00,1.9040,Monday,23,8,Summer,0
10023456782,2024-08-06 00:00:00,2024-08-06,00:00:00,1.8100,Tuesday,0,8,Summer,0
10023456782,2024-08-06 01:00:00,2024-08-06,01:00:00,1.7201,Tuesday,1,8,Summer,0
10023456782,2024-08-06 02:00:00,2024-08-06,02:00:00,1.4671,Tuesday,2,8,Summer,0
10023456782,2024-08-06 03:00:00,2024-08-06,03:00:00,1.4976,Tuesday,3,8,Summer,0
10023456782,2024-08-06 04:00:00,2024-08-06,04:00:00,1.5780,Tuesday,4,8,Summer,0
10023456782,2024-08-06 05:00:00,2024-08-06,05:00:00,2.1574,Tuesday,5,8,Summer,0
10023456782,2024-08-06 06:00:00,2024-08-06,06:00:00,3.3511,Tuesday,6,8,Summer,0
10023456782,2024-08-06 07:00:00,2024-08-06,07:00:00,4.8241,Tuesday,7,8,Summer,0
10023456782,2024-08-06 08:00:00,2024-08-06,08:00:00,6.0752,Tuesday,8,8,Summer,0
10023456782,2024-08-06 09:00:00,2024-08-06,09:00:00,5.7774,Tuesday,9,8,Summer,0
10023456782,2024-08-06 10:00:00,2024-08-06,10:00:00,4.8912,Tuesday,10,8,Summer,0
10023456782,2024-08-06 11:00:00,2024-08-06,11:00:00,4.1455,Tuesday,11,8,Summer,0
10023456782,2024-08-06 12:00:00,2024-08-06,12:00:00,0.3354,Tuesday,12,8,Summer,1
10023456782,2024-08-06 13:00:00,2024-08-06,13:00:00,4.7739,Tuesday,13,8,Summer,0
10023456782,2024-08-06 14:00:00,2024-08-06,14:00:00,4.5631,Tuesday,14,8,Summer,0
10023456782,2024-08-06 15:00:00,2024-08-06,15:00:00,4.4474,Tuesday,15,8,Summer,0
10023456782,2024-08-06 16:00:00,2024-08-06,16:00:00,6.1852,Tuesday,16,8,Summer,0
10023456782,2024-08-06 17:00:00,2024-08-06,17:00:00,5.9989,Tuesday,17,8,Summer,0
10023456782,2024-08-06 18:00:00,2024-08-06,18:00:00,6.0445,Tuesday,18,8,Summer,0
10023456782,2024-08-06 19:00:00,2024-08-06,19:00:00,6.1132,Tuesday,19,8,Summer,0
10023456782,2024-08-06 20:00:00,2024-08-06,20:00:00,4.9157,Tuesday,20,8,Summer,0
10023456782,2024-08-06 21:00:00,2024-08-06,21:00:00,3.4292,Tuesday,21,8,Summer,0
10023456782,2024-08-06 22:00:00,2024-08-06,22:00:00,3.3831,Tuesday,22,8,Summer,0
10023456782,2024-08-06 23:00:00,2024-08-06,23:00:00,2.2250,Tuesday,23,8,Summer,0
10023456782,2024-08-07 00:00:00,2024-08-07,00:00:00,1.4481,Wednesday,0,8,Summer,0
10023456782,2024-08-07 01:00:00,2024-08-07,01:00:00,1.2410,Wednesday,1,8,Summer,0
10023456782,2024-08-07 02:00:00,2024-08-07,02:00:00,1.1209,Wednesday,2,8,Summer,0
10023456782,2024-08-07 03:00:00,2024-08-07,03:00:00,1.0945,Wednesday,3,8,Summer,0
10023456782,2024-08-07 04:00:00,2024-08-07,04:00:00,1.3014,Wednesday,4,8,Summer,0
10023456782,2024-08-07 05:00:00,2024-08-07,05:00:00,1.9421,Wednesday,5,8,Summer,0
10023456782,2024-08-07 06:00:00,2024-08-07,06:00:00,3.1047,Wednesday,6,8,Summer,0
10023456782,2024-08-07 07:00:00,2024-08-07,07:00:00,4.0712,Wednesday,7,8,Summer,0
10023456782,2024-08-07 08:00:00,2024-08-07,08:00:00,3.7974,Wednesday,8,8,Summer,0
10023456782,2024-08-07 09:00:00,2024-08-07,09:00:00,4.2794,Wednesday,9,8,Summer,0
10023456782,2024-08-07 10:00:00,2024-08-07,10:00:00,3.7957,Wednesday,10,8,Summer,0
10023456782,2024-08-07 11:00:00,2024-08-07,11:00:00,3.7486,Wednesday,11,8,Summer,0
10023456782,2024-08-07 12:00:00,2024-08-07,12:00:00,3.6478,Wednesday,12,8,Summer,0
10023456782,2024-08-07 13:00:00,2024-08-07,13:00:00,31.1796,Wednesday,13,8,Summer,1
10023456782,2024-08-07 14:00:00,2024-08-07,14:00:00,4.0978,Wednesday,14,8,Summer,0
10023456782,2024-08-07 15:00:00,2024-08-07,15:00:00,3.8879,Wednesday,15,8,Summer,0
10023456782,2024-08-07 16:00:00,2024-08-07,16:00:00,4.2817,Wednesday,16,8,Summer,0
10023456782,2024-08-07 17:00:00,2024-08-07,17:00:00,3.7067,Wednesday,17,8,Summer,0
10023456782,2024-08-07 18:00:00,2024-08-07,18:00:00,3.5148,Wednesday,18,8,Summer,0
10023456782,2024-08-07 19:00:00,2024-08-07,19:00:00,4.5781,Wednesday,19,8,Summer,0
10023456782,2024-08-07 20:00:00,2024-08-07,20:00:00,4.0572,Wednesday,20,8,Summer,0
10023456782,2024-08-07 21:00:00,2024-08-07,21:00:00,3.4600,Wednesday,21,8,Summer,0
10023456782,2024-08-07 22:00:00,2024-08-07,22:00:00,2.4542,Wednesday,22,8,Summer,0
10023456782,2024-08-07 23:00:00,2024-08-07,23:00:00,1.5631,Wednesday,23,8,Summer,0
10023456782,2024-08-08 00:00:00,2024-08-08,00:00:00,1.6447,Thursday,0,8,Summer,0
10023456782,2024-08-08 01:00:00,2024-08-08,01:00:00,1.1197,Thursday,1,8,Summer,0
10023456782,2024-08-08 02:00:00,2024-08-08,02:00:00,1.3970,Thursday,2,8,Summer,0
10023456782,2024-08-08 03:00:00,2024-08-08,03:00:00,1.3355,Thursday,3,8,Summer,0
10023456782,2024-08-08 04:00:00,2024-08-08,04:00:00,1.3144,Thursday,4,8,Summer,0
10023456782,2024-08-08 05:00:00,2024-08-08,05:00:00,2.2405,Thursday,5,8,Summer,0
10023456782,2024-08-08 06:00:00,2024-08-08,06:00:00,3.7246,Thursday,6,8,Summer,0
10023456782,2024-08-08 07:00:00,2024-08-08,07:00:00,4.8243,Thursday,7,8,Summer,0
10023456782,2024-08-08 08:00:00,2024-08-08,08:00:00,5.1750,Thursday,8,8,Summer,0
10023456782,2024-08-08 09:00:00,2024-08-08,09:00:00,5.0664,Thursday,9,8,Summer,0
10023456782,2024-08-08 10:00:00,2024-08-08,10:00:00,4.4398,Thursday,10,8,Summer,0
10023456782,2024-08-08 11:00:00,2024-08-08,11:00:00,3.5595,Thursday,11,8,Summer,0
10023456782,2024-08-08 12:00:00,2024-08-08,12:00:00,3.8939,Thursday,12,8,Summer,0
10023456782,2024-08-08 13:00:00,2024-08-08,13:00:00,3.8943,Thursday,13,8,Summer,0
10023456782,2024-08-08 14:00:00,2024-08-08,14:00:00,5.2320,Thursday,14,8,Summer,0
10023456782,2024-08-08 15:00:00,2024-08-08,15:00:00,4.9329,Thursday,15,8,Summer,0
10023456782,2024-08-08 16:00:00,2024-08-08,16:00:00,3.4267,Thursday,16,8,Summer,0
10023456782,2024-08-08 17:00:00,2024-08-08,17:00:00,5.0424,Thursday,17,8,Summer,0
10023456782,2024-08-08 18:00:00,2024-08-08,18:00:00,5.4530,Thursday,18,8,Summer,0
10023456782,2024-08-08 19:00:00,2024-08-08,19:00:00,4.7266,Thursday,19,8,Summer,0
10023456782,2024-08-08 20:00:00,2024-08-08,20:00:00,3.8670,Thursday,20,8,Summer,0
10023456782,2024-08-08 21:00:00,2024-08-08,21:00:00,2.7138,Thursday,21,8,Summer,0
10023456782,2024-08-08 22:00:00,2024-08-08,22:00:00,2.4573,Thursday,22,8,Summer,0
10023456782,2024-08-08 23:00:00,2024-08-08,23:00:00,1.7001,Thursday,23,8,Summer,0
10023456782,2024-08-09 00:00:00,2024-08-09,00:00:00,1.4098,Friday,0,8,Summer,0
10023456782,2024-08-09 01:00:00,2024-08-09,01:00:00,1.2879,Friday,1,8,Summer,0
10023456782,2024-08-09 02:00:00,2024-08-09,02:00:00,0.9954,Friday,2,8,Summer,0
10023456782,2024-08-09 03:00:00,2024-08-09,03:00:00,1.1859,Friday,3,8,Summer,0
10023456782,2024-08-09 04:00:00,2024-08-09,04:00:00,1.1597,Friday,4,8,Summer,0
10023456782,2024-08-09 05:00:00,2024-08-09,05:00:00,1.4870,Friday,5,8,Summer,0
10023456782,2024-08-09 06:00:00,2024-08-09,06:00:00,2.6299,Friday,6,8,Summer,0
10023456782,2024-08-09 07:00:00,2024-08-09,07:00:00,3.4714,Friday,7,8,Summer,0
10023456782,2024-08-09 08:00:00,2024-08-09,08:00:00,4.5172,Friday,8,8,Summer,0
10023456782,2024-08-09 09:00:00,2024-08-09,09:00:00,3.5397,Friday,9,8,Summer,0
10023456782,2024-08-09 10:00:00,2024-08-09,10:00:00,3.3114,Friday,10,8,Summer,0
10023456782,2024-08-09 11:00:00,2024-08-09,11:00:00,3.7812,Friday,11,8,Summer,0
10023456782,2024-08-09 12:00:00,2024-08-09,12:00:00,3.3340,Friday,12,8,Summer,0
10023456782,2024-08-09 13:00:00,2024-08-09,13:00:00,3.1033,Friday,13,8,Summer,0
10023456782,2024-08-09 14:00:00,2024-08-09,14:00:00,3.3335,Friday,14,8,Summer,0
10023456782,2024-08-09 15:00:00,2024-08-09,15:00:00,3.6923,Friday,15,8,Summer,0
10023456782,2024-08-09 16:00:00,2024-08-09,16:00:00,3.5859,Friday,16,8,Summer,0
10023456782,2024-08-09 17:00:00,2024-08-09,17:00:00,4.6222,Friday,17,8,Summer,0
10023456782,2024-08-09 18:00:00,2024-08-09,18:00:00,4.5178,Friday,18,8,Summer,0
10023456782,2024-08-09 19:00:00,2024-08-09,19:00:00,3.8353,Friday,19,8,Summer,0
10023456782,2024-08-09 20:00:00,2024-08-09,20:00:00,3.1395,Friday,20,8,Summer,0
10023456782,2024-08-09 21:00:00,2024-08-09,21:00:00,2.4855,Friday,21,8,Summer,0
10023456782,2024-08-09 22:00:00,2024-08-09,22:00:00,1.9689,Friday,22,8,Summer,0
10023456782,2024-08-09 23:00:00,2024-08-09,23:00:00,1.3812,Friday,23,8,Summer,0
10023456782,2024-08-10 00:00:00,2024-08-10,00:00:00,1.1214,Saturday,0,8,Summer,0
10023456782,2024-08-10 01:00:00,2024-08-10,01:00:00,1.3713,Saturday,1,8,Summer,0
10023456782,2024-08-10 02:00:00,2024-08-10,02:00:00,0.9140,Saturday,2,8,Summer,0
10023456782,2024-08-10 03:00:00,2024-08-10,03:00:00,0.8051,Saturday,3,8,Summer,0
10023456782,2024-08-10 04:00:00,2024-08-10,04:00:00,1.0197,Saturday,4,8,Summer,0
10023456782,2024-08-10 05:00:00,2024-08-10,05:00:00,1.1561,Saturday,5,8,Summer,0
10023456782,2024-08-10 06:00:00,2024-08-10,06:00:00,1.3670,Saturday,6,8,Summer,0
10023456782,2024-08-10 07:00:00,2024-08-10,07:00:00,2.2975,Saturday,7,8,Summer,0
10023456782,2024-08-10 08:00:00,2024-08-10,08:00:00,2.1400,Saturday,8,8,Summer,0
10023456782,2024-08-10 09:00:00,2024-08-10,09:00:00,2.8726,Saturday,9,8,Summer,0
10023456782,2024-08-10 10:00:00,2024-08-10,10:00:00,2.6242,Saturday,10,8,Summer,0
10023456782,2024-08-10 11:00:00,2024-08-10,11:00:00,2.2900,Saturday,11,8,Summer,0
10023456782,2024-08-10 12:00:00,2024-08-10,12:00:00,2.4828,Saturday,12,8,Summer,0
10023456782,2024-08-10 13:00:00,2024-08-10,13:00:00,2.2525,Saturday,13,8,Summer,0
10023456782,2024-08-10 14:00:00,2024-08-10,14:00:00,2.4676,Saturday,14,8,Summer,0
10023456782,2024-08-10 15:00:00,2024-08-10,15:00:00,2.0866,Saturday,15,8,Summer,0
10023456782,2024-08-10 16:00:00,2024-08-10,16:00:00,2.9136,Saturday,16,8,Summer,0
10023456782,2024-08-10 17:00:00,2024-08-10,17:00:00,2.9678,Saturday,17,8,Summer,0
10023456782,2024-08-10 18:00:00,2024-08-10,18:00:00,3.3184,Saturday,18,8,Summer,0
10023456782,2024-08-10 19:00:00,2024-08-10,19:00:00,3.9684,Saturday,19,8,Summer,0
10023456782,2024-08-10 20:00:00,2024-08-10,20:00:00,2.7819,Saturday,20,8,Summer,0
10023456782,2024-08-10 21:00:00,2024-08-10,21:00:00,2.0309,Saturday,21,8,Summer,0
10023456782,2024-08-10 22:00:00,2024-08-10,22:00:00,1.7905,Saturday,22,8,Summer,0
10023456782,2024-08-10 23:00:00,2024-08-10,23:00:00,1.2730,Saturday,23,8,Summer,0
10023456782,2024-08-11 00:00:00,2024-08-11,00:00:00,1.2043,Sunday,0,8,Summer,0
10023456782,2024-08-11 01:00:00,2024-08-11,01:00:00,1.1142,Sunday,1,8,Summer,0
10023456782,2024-08-11 02:00:00,2024-08-11,02:00:00,1.1170,Sunday,2,8,Summer,0
10023456782,2024-08-11 03:00:00,2024-08-11,03:00:00,0.7061,Sunday,3,8,Summer,0
10023456782,2024-08-11 04:00:00,2024-08-11,04:00:00,1.0344,Sunday,4,8,Summer,0
10023456782,2024-08-11 05:00:00,2024-08-11,05:00:00,1.1711,Sunday,5,8,Summer,0
10023456782,2024-08-11 06:00:00,2024-08-11,06:00:00,1.5170,Sunday,6,8,Summer,0
10023456782,2024-08-11 07:00:00,2024-08-11,07:00:00,2.2979,Sunday,7,8,Summer,0
10023456782,2024-08-11 08:00:00,2024-08-11,08:00:00,2.9494,Sunday,8,8,Summer,0
10023456782,2024-08-11 09:00:00,2024-08-11,09:00:00,2.2888,Sunday,9,8,Summer,0
10023456782,2024-08-11 10:00:00,2024-08-11,10:00:00,2.8437,Sunday,10,8,Summer,0
10023456782,2024-08-11 11:00:00,2024-08-11,11:00:00,3.0383,Sunday,11,8,Summer,0
10023456782,2024-08-11 12:00:00,2024-08-11,12:00:00,2.5629,Sunday,12,8,Summer,0
10023456782,2024-08-11 13:00:00,2024-08-11,13:00:00,2.8259,Sunday,13,8,Summer,0
10023456782,2024-08-11 14:00:00,2024-08-11,14:00:00,2.5039,Sunday,14,8,Summer,0
10023456782,2024-08-11 15:00:00,2024-08-11,15:00:00,2.6992,Sunday,15,8,Summer,0
10023456782,2024-08-11 16:00:00,2024-08-11,16:00:00,3.3836,Sunday,16,8,Summer,0
10023456782,2024-08-11 17:00:00,2024-08-11,17:00:00,3.4653,Sunday,17,8,Summer,0
10023456782,2024-08-11 18:00:00,2024-08-11,18:00:00,3.5018,Sunday,18,8,Summer,0
10023456782,2024-08-11 19:00:00,2024-08-11,19:00:00,3.6153,Sunday,19,8,Summer,0
10023456782,2024-08-11 20:00:00,2024-08-11,20:00:00,3.2763,Sunday,20,8,Summer,0
10023456782,2024-08-11 21:00:00,2024-08-11,21:00:00,2.4896,Sunday,21,8,Summer,0
10023456782,2024-08-11 22:00:00,2024-08-11,22:00:00,1.8627,Sunday,22,8,Summer,0
10023456782,2024-08-11 23:00:00,2024-08-11,23:00:00,1.5437,Sunday,23,8,Summer,0
10023456782,2024-08-12 00:00:00,2024-08-12,00:00:00,1.2033,Monday,0,8,Summer,0
10023456782,2024-08-12 01:00:00,2024-08-12,01:00:00,1.0841,Monday,1,8,Summer,0
10023456782,2024-08-12 02:00:00,2024-08-12,02:00:00,0.9751,Monday,2,8,Summer,0
10023456782,2024-08-12 03:00:00,2024-08-12,03:00:00,0.7344,Monday,3,8,Summer,0
10023456782,2024-08-12 04:00:00,2024-08-12,04:00:00,0.9777,Monday,4,8,Summer,0
10023456782,2024-08-12 05:00:00,2024-08-12,05:00:00,1.4277,Monday,5,8,Summer,0
10023456782,2024-08-12 06:00:00,2024-08-12,06:00:00,2.4957,Monday,6,8,Summer,0
10023456782,2024-08-12 07:00:00,2024-08-12,07:00:00,2.7188,Monday,7,8,Summer,0
10023456782,2024-08-12 08:00:00,2024-08-12,08:00:00,3.4906,Monday,8,8,Summer,0
10023456782,2024-08-12 09:00:00,2024-08-12,09:00:00,3.7716,Monday,9,8,Summer,0
10023456782,2024-08-12 10:00:00,2024-08-12,10:00:00,2.7559,Monday,10,8,Summer,0
10023456782,2024-08-12 11:00:00,2024-08-12,11:00:00,3.2692,Monday,11,8,Summer,0
10023456782,2024-08-12 12:00:00,2024-08-12,12:00:00,2.6756,Monday,12,8,Summer,0
10023456782,2024-08-12 13:00:00,2024-08-12,13:00:00,2.8448,Monday,13,8,Summer,0
10023456782,2024-08-12 14:00:00,2024-08-12,14:00:00,3.0762,Monday,14,8,Summer,0
10023456782,2024-08-12 15:00:00,2024-08-12,15:00:00,2.7022,Monday,15,8,Summer,0
10023456782,2024-08-12 16:00:00,2024-08-12,16:00:00,3.3296,Monday,16,8,Summer,0
10023456782,2024-08-12 17:00:00,2024-08-12,17:00:00,3.1377,Monday,17,8,Summer,0
10023456782,2024-08-12 18:00:00,2024-08-12,18:00:00,3.6069,Monday,18,8,Summer,0
10023456782,2024-08-12 19:00:00,2024-08-12,19:00:00,3.3050,Monday,19,8,Summer,0
10023456782,2024-08-12 20:00:00,2024-08-12,20:00:00,3.1537,Monday,20,8,Summer,0
10023456782,2024-08-12 21:00:00,2024-08-12,21:00:00,2.5172,Monday,21,8,Summer,0
10023456782,2024-08-12 22:00:00,2024-08-12,22:00:00,1.8054,Monday,22,8,Summer,0
10023456782,2024-08-12 23:00:00,2024-08-12,23:00:00,1.3103,Monday,23,8,Summer,0
10023456782,2024-08-13 00:00:00,2024-08-13,00:00:00,1.0910,Tuesday,0,8,Summer,0
10023456782,2024-08-13 01:00:00,2024-08-13,01:00:00,0.9298,Tuesday,1,8,Summer,0
10023456782,2024-08-13 02:00:00,2024-08-13,02:00:00,0.9118,Tuesday,2,8,Summer,0
10023456782,2024-08-13 03:00:00,2024-08-13,03:00:00,1.1004,Tuesday,3,8,Summer,0
10023456782,2024-08-13 04:00:00,2024-08-13,04:00:00,0.9562,Tuesday,4,8,Summer,0
10023456782,2024-08-13 05:00:00,2024-08-13,05:00:00,1.4971,Tuesday,5,8,Summer,0
10023456782,2024-08-13 06:00:00,2024-08-13,06:00:00,2.0877,Tuesday,6,8,Summer,0
10023456782,2024-08-13 07:00:00,2024-08-13,07:00:00,3.6789,Tuesday,7,8,Summer,0
10023456782,2024-08-13 08:00:00,2024-08-13,08:00:00,4.1155,Tuesday,8,8,Summer,0
10023456782,2024-08-13 09:00:00,2024-08-13,09:00:00,3.8652,Tuesday,9,8,Summer,0
10023456782,2024-08-13 10:00:00,2024-08-13,10:00:00,2.8838,Tuesday,10,8,Summer,0
10023456782,2024-08-13 11:00:00,2024-08-13,11:00:00,3.3435,Tuesday,11,8,Summer,0
10023456782,2024-08-13 12:00:00,2024-08-13,12:00:00,2.9820,Tuesday,12,8,Summer,0
10023456782,2024-08-13 13:00:00,2024-08-13,13:00:00,3.2804,Tuesday,13,8,Summer,0
10023456782,2024-08-13 14:00:00,2024-08-13,14:00:00,3.0148,Tuesday,14,8,Summer,0
10023456782,2024-08-13 15:00:00,2024-08-13,15:00:00,3.0002,Tuesday,15,8,Summer,0
10023456782,2024-08-13 16:00:00,2024-08-13,16:00:00,3.4160,Tuesday,16,8,Summer,0
10023456782,2024-08-13 17:00:00,2024-08-13,17:00:00,3.3805,Tuesday,17,8,Summer,0
10023456782,2024-08-13 18:00:00,2024-08-13,18:00:00,3.9973,Tuesday,18,8,Summer,0
10023456782,2024-08-13 19:00:00,2024-08-13,19:00:00,4.0548,Tuesday,19,8,Summer,0
10023456782,2024-08-13 20:00:00,2024-08-13,20:00:00,4.3284,Tuesday,20,8,Summer,0
10023456782,2024-08-13 21:00:00,2024-08-13,21:00:00,3.1364,Tuesday,21,8,Summer,0
10023456782,2024-08-13 22:00:00,2024-08-13,22:00:00,1.5556,Tuesday,22,8,Summer,0
10023456782,2024-08-13 23:00:00,2024-08-13,23:00:00,1.3559,Tuesday,23,8,Summer,0
10023456782,2024-08-14 00:00:00,2024-08-14,00:00:00,1.2889,Wednesday,0,8,Summer,0
10023456782,2024-08-14 01:00:00,2024-08-14,01:00:00,1.3931,Wednesday,1,8,Summer,0
10023456782,2024-08-14 02:00:00,2024-08-14,02:00:00,1.0016,Wednesday,2,8,Summer,0
10023456782,2024-08-14 03:00:00,2024-08-14,03:00:00,1.2463,Wednesday,3,8,Summer,0
10023456782,2024-08-14 04:00:00,2024-08-14,04:00:00,1.4687,Wednesday,4,8,Summer,0
10023456782,2024-08-14 05:00:00,2024-08-14,05:00:00,1.7399,Wednesday,5,8,Summer,0
10023456782,2024-08-14 06:00:00,2024-08-14,06:00:00,3.1153,Wednesday,6,8,Summer,0
10023456782,2024-08-14 07:00:00,2024-08-14,07:00:00,3.5480,Wednesday,7,8,Summer,0
10023456782,2024-08-14 08:00:00,2024-08-14,08:00:00,3.8547,Wednesday,8,8,Summer,0
10023456782,2024-08-14 09:00:00,2024-08-14,09:00:00,3.7039,Wednesday,9,8,Summer,0
10023456782,2024-08-14 10:00:00,2024-08-14,10:00:00,3.8022,Wednesday,10,8,Summer,0
10023456782,2024-08-14 11:00:00,2024-08-14,11:00:00,3.7177,Wednesday,11,8,Summer,0
10023456782,2024-08-14 12:00:00,2024-08-14,12:00:00,3.8338,Wednesday,12,8,Summer,0
10023456782,2024-08-14 13:00:00,2024-08-14,13:00:00,3.5690,Wednesday,13,8,Summer,0
10023456782,2024-08-14 14:00:00,2024-08-14,14:00:00,3.3647,Wednesday,14,8,Summer,0
10023456782,2024-08-14 15:00:00,2024-08-14,15:00:00,3.2932,Wednesday,15,8,Summer,0
10023456782,2024-08-14 16:00:00,2024-08-14,16:00:00,4.3005,Wednesday,16,8,Summer,0
10023456782,2024-08-14 17:00:00,2024-08-14,17:00:00,4.9315,Wednesday,17,8,Summer,0
10023456782,2024-08-14 18:00:00,2024-08-14,18:00:00,4.8405,Wednesday,18,8,Summer,0
10023456782,2024-08-14 19:00:00,2024-08-14,19:00:00,3.8470,Wednesday,19,8,Summer,0
10023456782,2024-08-14 20:00:00,2024-08-14,20:00:00,3.5337,Wednesday,20,8,Summer,0
10023456782,2024-08-14 21:00:00,2024-08-14,21:00:00,2.7940,Wednesday,21,8,Summer,0
10023456782,2024-08-14 22:00:00,2024-08-14,22:00:00,2.0965,Wednesday,22,8,Summer,0
10023456782,2024-08-14 23:00:00,2024-08-14,23:00:00,2.0874,Wednesday,23,8,Summer,0
10023456782,2024-08-15 00:00:00,2024-08-15,00:00:00,1.4133,Thursday,0,8,Summer,0
10023456782,2024-08-15 01:00:00,2024-08-15,01:00:00,1.4602,Thursday,1,8,Summer,0
10023456782,2024-08-15 02:00:00,2024-08-15,02:00:00,1.3480,Thursday,2,8,Summer,0
10023456782,2024-08-15 03:00:00,2024-08-15,03:00:00,1.1745,Thursday,3,8,Summer,0
10023456782,2024-08-15 04:00:00,2024-08-15,04:00:00,1.5918,Thursday,4,8,Summer,0
10023456782,2024-08-15 05:00:00,2024-08-15,05:00:00,1.6908,Thursday,5,8,Summer,0
10023456782,2024-08-15 06:00:00,2024-08-15,06:00:00,3.0231,Thursday,6,8,Summer,0
10023456782,2024-08-15 07:00:00,2024-08-15,07:00:00,4.3782,Thursday,7,8,Summer,0
10023456782,2024-08-15 08:00:00,2024-08-15,08:00:00,4.5409,Thursday,8,8,Summer,0
10023456782,2024-08-15 09:00:00,2024-08-15,09:00:00,4.8414,Thursday,9,8,Summer,0
10023456782,2024-08-15 10:00:00,2024-08-15,10:00:00,3.8324,Thursday,10,8,Summer,0
10023456782,2024-08-15 11:00:00,2024-08-15,11:00:00,2.9764,Thursday,11,8,Summer,0
10023456782,2024-08-15 12:00:00,2024-08-15,12:00:00,4.0826,Thursday,12,8,Summer,0
10023456782,2024-08-15 13:00:00,2024-08-15,13:00:00,4.2133,Thursday,13,8,Summer,0
10023456782,2024-08-15 14:00:00,2024-08-15,14:00:00,3.2887,Thursday,14,8,Summer,0
10023456782,2024-08-15 15:00:00,2024-08-15,15:00:00,4.1632,Thursday,15,8,Summer,0
10023456782,2024-08-15 16:00:00,2024-08-15,16:00:00,4.6519,Thursday,16,8,Summer,0
10023456782,2024-08-15 17:00:00,2024-08-15,17:00:00,4.2659,Thursday,17,8,Summer,0
10023456782,2024-08-15 18:00:00,2024-08-15,18:00:00,5.7759,Thursday,18,8,Summer,0
10023456782,2024-08-15 19:00:00,2024-08-15,19:00:00,4.5878,Thursday,19,8,Summer,0
10023456782,2024-08-15 20:00:00,2024-08-15,20:00:00,4.5981,Thursday,20,8,Summer,0
10023456782,2024-08-15 21:00:00,2024-08-15,21:00:00,3.6510,Thursday,21,8,Summer,0
10023456782,2024-08-15 22:00:00,2024-08-15,22:00:00,2.0505,Thursday,22,8,Summer,0
10023456782,2024-08-15 23:00:00,2024-08-15,23:00:00,1.6477,Thursday,23,8,Summer,0
10023456782,2024-08-16 00:00:00,2024-08-16,00:00:00,1.2845,Friday,0,8,Summer,0
10023456782,2024-08-16 01:00:00,2024-08-16,01:00:00,1.3111,Friday,1,8,Summer,0
10023456782,2024-08-16 02:00:00,2024-08-16,02:00:00,1.2116,Friday,2,8,Summer,0
10023456782,2024-08-16 03:00:00,2024-08-16,03:00:00,1.1854,Friday,3,8,Summer,0
10023456782,2024-08-16 04:00:00,2024-08-16,04:00:00,1.1261,Friday,4,8,Summer,0
10023456782,2024-08-16 05:00:00,2024-08-16,05:00:00,1.8301,Friday,5,8,Summer,0
10023456782,2024-08-16 06:00:00,2024-08-16,06:00:00,2.7686,Friday,6,8,Summer,0
10023456782,2024-08-16 07:00:00,2024-08-16,07:00:00,3.5460,Friday,7,8,Summer,0
10023456782,2024-08-16 08:00:00,2024-08-16,08:00:00,3.7676,Friday,8,8,Summer,0
10023456782,2024-08-16 09:00:00,2024-08-16,09:00:00,4.1027,Friday,9,8,Summer,0
10023456782,2024-08-16 10:00:00,2024-08-16,10:00:00,3.0821,Friday,10,8,Summer,0
10023456782,2024-08-16 11:00:00,2024-08-16,11:00:00,3.6382,Friday,11,8,Summer,0
10023456782,2024-08-16 12:00:00,2024-08-16,12:00:00,2.8032,Friday,12,8,Summer,0
10023456782,2024-08-16 13:00:00,2024-08-16,13:00:00,4.1787,Friday,13,8,Summer,0
10023456782,2024-08-16 14:00:00,2024-08-16,14:00:00,3.3301,Friday,14,8,Summer,0
10023456782,2024-08-16 15:00:00,2024-08-16,15:00:00,4.0554,Friday,15,8,Summer,0
10023456782,2024-08-16 16:00:00,2024-08-16,16:00:00,3.8225,Friday,16,8,Summer,0
10023456782,2024-08-16 17:00:00,2024-08-16,17:00:00,4.0321,Friday,17,8,Summer,0
10023456782,2024-08-16 18:00:00,2024-08-16,18:00:00,4.5900,Friday,18,8,Summer,0
10023456782,2024-08-16 19:00:00,2024-08-16,19:00:00,4.5304,Friday,19,8,Summer,0
10023456782,2024-08-16 20:00:00,2024-08-16,20:00:00,3.8269,Friday,20,8,Summer,0
10023456782,2024-08-16 21:00:00,2024-08-16,21:00:00,2.8399,Friday,21,8,Summer,0
10023456782,2024-08-16 22:00:00,2024-08-16,22:00:00,2.1912,Friday,22,8,Summer,0
10023456782,2024-08-16 23:00:00,2024-08-16,23:00:00,1.6312,Friday,23,8,Summer,0
10023456782,2024-08-17 00:00:00,2024-08-17,00:00:00,1.1294,Saturday,0,8,Summer,0
10023456782,2024-08-17 01:00:00,2024-08-17,01:00:00,0.8783,Saturday,1,8,Summer,0
10023456782,2024-08-17 02:00:00,2024-08-17,02:00:00,0.9543,Saturday,2,8,Summer,0
10023456782,2024-08-17 03:00:00,2024-08-17,03:00:00,0.9520,Saturday,3,8,Summer,0
10023456782,2024-08-17 04:00:00,2024-08-17,04:00:00,0.8964,Saturday,4,8,Summer,0
10023456782,2024-08-17 05:00:00,2024-08-17,05:00:00,1.0767,Saturday,5,8,Summer,0
10023456782,2024-08-17 06:00:00,2024-08-17,06:00:00,1.7674,Saturday,6,8,Summer,0
10023456782,2024-08-17 07:00:00,2024-08-17,07:00:00,1.6190,Saturday,7,8,Summer,0
10023456782,2024-08-17 08:00:00,2024-08-17,08:00:00,2.6899,Saturday,8,8,Summer,0
10023456782,2024-08-17 09:00:00,2024-08-17,09:00:00,3.0929,Saturday,9,8,Summer,0
10023456782,2024-08-17 10:00:00,2024-08-17,10:00:00,1.7367,Saturday,10,8,Summer,0
10023456782,2024-08-17 11:00:00,2024-08-17,11:00:00,2.5352,Saturday,11,8,Summer,0
10023456782,2024-08-17 12:00:00,2024-08-17,12:00:00,2.3771,Saturday,12,8,Summer,0
10023456782,2024-08-17 13:00:00,2024-08-17,13:00:00,2.7328,Saturday,13,8,Summer,0
10023456782,2024-08-17 14:00:00,2024-08-17,14:00:00,2.9308,Saturday,14,8,Summer,0
10023456782,2024-08-17 15:00:00,2024-08-17,15:00:00,2.2366,Saturday,15,8,Summer,0
10023456782,2024-08-17 16:00:00,2024-08-17,16:00:00,2.2885,Saturday,16,8,Summer,0
10023456782,2024-08-17 17:00:00,2024-08-17,17:00:00,2.9615,Saturday,17,8,Summer,0
10023456782,2024-08-17 18:00:00,2024-08-17,18:00:00,3.7228,Saturday,18,8,Summer,0
10023456782,2024-08-17 19:00:00,2024-08-17,19:00:00,2.8332,Saturday,19,8,Summer,0
10023456782,2024-08-17 20:00:00,2024-08-17,20:00:00,2.7044,Saturday,20,8,Summer,0
10023456782,2024-08-17 21:00:00,2024-08-17,21:00:00,2.4240,Saturday,21,8,Summer,0
10023456782,2024-08-17 22:00:00,2024-08-17,22:00:00,1.9667,Saturday,22,8,Summer,0
10023456782,2024-08-17 23:00:00,2024-08-17,23:00:00,1.1168,Saturday,23,8,Summer,0
10023456782,2024-08-18 00:00:00,2024-08-18,00:00:00,1.0537,Sunday,0,8,Summer,0
10023456782,2024-08-18 01:00:00,2024-08-18,01:00:00,0.9247,Sunday,1,8,Summer,0
10023456782,2024-08-18 02:00:00,2024-08-18,02:00:00,0.7306,Sunday,2,8,Summer,0
10023456782,2024-08-18 03:00:00,2024-08-18,03:00:00,0.7362,Sunday,3,8,Summer,0
10023456782,2024-08-18 04:00:00,2024-08-18,04:00:00,0.7248,Sunday,4,8,Summer,0
10023456782,2024-08-18 05:00:00,2024-08-18,05:00:00,1.0883,Sunday,5,8,Summer,0
10023456782,2024-08-18 06:00:00,2024-08-18,06:00:00,1.5712,Sunday,6,8,Summer,0
10023456782,2024-08-18 07:00:00,2024-08-18,07:00:00,1.8629,Sunday,7,8,Summer,0
10023456782,2024-08-18 08:00:00,2024-08-18,08:00:00,2.5575,Sunday,8,8,Summer,0
10023456782,2024-08-18 09:00:00,2024-08-18,09:00:00,2.6753,Sunday,9,8,Summer,0
10023456782,2024-08-18 10:00:00,2024-08-18,10:00:00,2.4618,Sunday,10,8,Summer,0
10023456782,2024-08-18 11:00:00,2024-08-18,11:00:00,5.7103,Sunday,11,8,Summer,1
10023456782,2024-08-18 12:00:00,2024-08-18,12:00:00,5.4346,Sunday,12,8,Summer,1
10023456782,2024-08-18 13:00:00,2024-08-18,13:00:00,6.9013,Sunday,13,8,Summer,1
10023456782,2024-08-18 14:00:00,2024-08-18,14:00:00,6.8773,Sunday,14,8,Summer,1
10023456782,2024-08-18 15:00:00,2024-08-18,15:00:00,2.3599,Sunday,15,8,Summer,0
10023456782,2024-08-18 16:00:00,2024-08-18,16:00:00,2.5660,Sunday,16,8,Summer,0
10023456782,2024-08-18 17:00:00,2024-08-18,17:00:00,8.1785,Sunday,17,8,Summer,1
10023456782,2024-08-18 18:00:00,2024-08-18,18:00:00,8.0428,Sunday,18,8,Summer,1
10023456782,2024-08-18 19:00:00,2024-08-18,19:00:00,7.8362,Sunday,19,8,Summer,1
10023456782,2024-08-18 20:00:00,2024-08-18,20:00:00,3.1275,Sunday,20,8,Summer,0
10023456782,2024-08-18 21:00:00,2024-08-18,21:00:00,2.1495,Sunday,21,8,Summer,0
10023456782,2024-08-18 22:00:00,2024-08-18,22:00:00,1.3129,Sunday,22,8,Summer,0
10023456782,2024-08-18 23:00:00,2024-08-18,23:00:00,1.3031,Sunday,23,8,Summer,0
10023456782,2024-08-19 00:00:00,2024-08-19,00:00:00,1.3250,Monday,0,8,Summer,0
10023456782,2024-08-19 01:00:00,2024-08-19,01:00:00,1.2630,Monday,1,8,Summer,0
10023456782,2024-08-19 02:00:00,2024-08-19,02:00:00,1.2136,Monday,2,8,Summer,0
10023456782,2024-08-19 03:00:00,2024-08-19,03:00:00,1.3069,Monday,3,8,Summer,0
10023456782,2024-08-19 04:00:00,2024-08-19,04:00:00,1.1280,Monday,4,8,Summer,0
10023456782,2024-08-19 05:00:00,2024-08-19,05:00:00,2.0600,Monday,5,8,Summer,0
10023456782,2024-08-19 06:00:00,2024-08-19,06:00:00,2.3797,Monday,6,8,Summer,0
10023456782,2024-08-19 07:00:00,2024-08-19,07:00:00,4.2816,Monday,7,8,Summer,0
10023456782,2024-08-19 08:00:00,2024-08-19,08:00:00,4.5595,Monday,8,8,Summer,0
10023456782,2024-08-19 09:00:00,2024-08-19,09:00:00,11.6399,Monday,9,8,Summer,1
10023456782,2024-08-19 10:00:00,2024-08-19,10:00:00,3.3371,Monday,10,8,Summer,0
10023456782,2024-08-19 11:00:00,2024-08-19,11:00:00,2.9338,Monday,11,8,Summer,0
10023456782,2024-08-19 12:00:00,2024-08-19,12:00:00,3.0698,Monday,12,8,Summer,0
10023456782,2024-08-19 13:00:00,2024-08-19,13:00:00,4.3241,Monday,13,8,Summer,0
10023456782,2024-08-19 14:00:00,2024-08-19,14:00:00,11.2539,Monday,14,8,Summer,1
10023456782,2024-08-19 15:00:00,2024-08-19,15:00:00,3.4890,Monday,15,8,Summer,0
10023456782,2024-08-19 16:00:00,2024-08-19,16:00:00,3.5468,Monday,16,8,Summer,0
10023456782,2024-08-19 17:00:00,2024-08-19,17:00:00,4.3652,Monday,17,8,Summer,0
10023456782,2024-08-19 18:00:00,2024-08-19,18:00:00,4.1848,Monday,18,8,Summer,0
10023456782,2024-08-19 19:00:00,2024-08-19,19:00:00,4.7231,Monday,19,8,Summer,0
10023456782,2024-08-19 20:00:00,2024-08-19,20:00:00,3.7653,Monday,20,8,Summer,0
10023456782,2024-08-19 21:00:00,2024-08-19,21:00:00,3.4406,Monday,21,8,Summer,0
10023456782,2024-08-19 22:00:00,2024-08-19,22:00:00,1.9806,Monday,22,8,Summer,0
10023456782,2024-08-19 23:00:00,2024-08-19,23:00:00,1.6734,Monday,23,8,Summer,0
10023456782,2024-08-20 00:00:00,2024-08-20,00:00:00,1.3168,Tuesday,0,8,Summer,0
10023456782,2024-08-20 01:00:00,2024-08-20,01:00:00,1.1343,Tuesday,1,8,Summer,0
10023456782,2024-08-20 02:00:00,2024-08-20,02:00:00,1.2811,Tuesday,2,8,Summer,0
10023456782,2024-08-20 03:00:00,2024-08-20,03:00:00,1.3186,Tuesday,3,8,Summer,0
10023456782,2024-08-20 04:00:00,2024-08-20,04:00:00,1.4349,Tuesday,4,8,Summer,0
10023456782,2024-08-20 05:00:00,2024-08-20,05:00:00,1.6225,Tuesday,5,8,Summer,0
10023456782,2024-08-20 06:00:00,2024-08-20,06:00:00,2.7571,Tuesday,6,8,Summer,0
10023456782,2024-08-20 07:00:00,2024-08-20,07:00:00,4.1039,Tuesday,7,8,Summer,0
10023456782,2024-08-20 08:00:00,2024-08-20,08:00:00,4.6600,Tuesday,8,8,Summer,0
10023456782,2024-08-20 09:00:00,2024-08-20,09:00:00,4.4129,Tuesday,9,8,Summer,0
10023456782,2024-08-20 10:00:00,2024-08-20,10:00:00,4.3551,Tuesday,10,8,Summer,0
10023456782,2024-08-20 11:00:00,2024-08-20,11:00:00,3.3678,Tuesday,11,8,Summer,0
10023456782,2024-08-20 12:00:00,2024-08-20,12:00:00,3.4831,Tuesday,12,8,Summer,0
10023456782,2024-08-20 13:00:00,2024-08-20,13:00:00,3.3918,Tuesday,13,8,Summer,0
10023456782,2024-08-20 14:00:00,2024-08-20,14:00:00,3.1023,Tuesday,14,8,Summer,0
10023456782,2024-08-20 15:00:00,2024-08-20,15:00:00,3.5851,Tuesday,15,8,Summer,0
10023456782,2024-08-20 16:00:00,2024-08-20,16:00:00,3.5967,Tuesday,16,8,Summer,0
10023456782,2024-08-20 17:00:00,2024-08-20,17:00:00,5.0484,Tuesday,17,8,Summer,0
10023456782,2024-08-20 18:00:00,2024-08-20,18:00:00,3.8731,Tuesday,18,8,Summer,0
10023456782,2024-08-20 19:00:00,2024-08-20,19:00:00,3.6853,Tuesday,19,8,Summer,0
10023456782,2024-08-20 20:00:00,2024-08-20,20:00:00,3.9891,Tuesday,20,8,Summer,0
10023456782,2024-08-20 21:00:00,2024-08-20,21:00:00,3.0184,Tuesday,21,8,Summer,0
10023456782,2024-08-20 22:00:00,2024-08-20,22:00:00,2.6279,Tuesday,22,8,Summer,0
10023456782,2024-08-20 23:00:00,2024-08-20,23:00:00,1.7484,Tuesday,23,8,Summer,0
10023456782,2024-08-21 00:00:00,2024-08-21,00:00:00,1.2556,Wednesday,0,8,Summer,0
10023456782,2024-08-21 01:00:00,2024-08-21,01:00:00,1.0759,Wednesday,1,8,Summer,0
10023456782,2024-08-21 02:00:00,2024-08-21,02:00:00,1.3059,Wednesday,2,8,Summer,0
10023456782,2024-08-21 03:00:00,2024-08-21,03:00:00,1.0312,Wednesday,3,8,Summer,0
10023456782,2024-08-21 04:00:00,2024-08-21,04:00:00,6.0400,Wednesday,4,8,Summer,1
10023456782,2024-08-21 05:00:00,2024-08-21,05:00:00,2.0508,Wednesday,5,8,Summer,0
10023456782,2024-08-21 06:00:00,2024-08-21,06:00:00,2.2977,Wednesday,6,8,Summer,0
10023456782,2024-08-21 07:00:00,2024-08-21,07:00:00,3.6982,Wednesday,7,8,Summer,0
10023456782,2024-08-21 08:00:00,2024-08-21,08:00:00,3.1369,Wednesday,8,8,Summer,0
10023456782,2024-08-21 09:00:00,2024-08-21,09:00:00,4.6416,Wednesday,9,8,Summer,0
10023456782,2024-08-21 10:00:00,2024-08-21,10:00:00,3.5829,Wednesday,10,8,Summer,0
10023456782,2024-08-21 11:00:00,2024-08-21,11:00:00,2.4937,Wednesday,11,8,Summer,0
10023456782,2024-08-21 12:00:00,2024-08-21,12:00:00,3.1769,Wednesday,12,8,Summer,0
10023456782,2024-08-21 13:00:00,2024-08-21,13:00:00,3.8385,Wednesday,13,8,Summer,0
10023456782,2024-08-21 14:00:00,2024-08-21,14:00:00,3.2444,Wednesday,14,8,Summer,0
10023456782,2024-08-21 15:00:00,2024-08-21,15:00:00,3.2456,Wednesday,15,8,Summer,0
10023456782,2024-08-21 16:00:00,2024-08-21,16:00:00,4.1643,Wednesday,16,8,Summer,0
10023456782,2024-08-21 17:00:00,2024-08-21,17:00:00,4.7748,Wednesday,17,8,Summer,0
10023456782,2024-08-21 18:00:00,2024-08-21,18:00:00,4.4106,Wednesday,18,8,Summer,0
10023456782,2024-08-21 19:00:00,2024-08-21,19:00:00,3.6643,Wednesday,19,8,Summer,0
10023456782,2024-08-21 20:00:00,2024-08-21,20:00:00,3.8941,Wednesday,20,8,Summer,0
10023456782,2024-08-21 21:00:00,2024-08-21,21:00:00,2.9839,Wednesday,21,8,Summer,0
10023456782,2024-08-21 22:00:00,2024-08-21,22:00:00,2.1300,Wednesday,22,8,Summer,0
10023456782,2024-08-21 23:00:00,2024-08-21,23:00:00,1.5863,Wednesday,23,8,Summer,0
10023456782,2024-08-22 00:00:00,2024-08-22,00:00:00,1.6861,Thursday,0,8,Summer,0
10023456782,2024-08-22 01:00:00,2024-08-22,01:00:00,1.0270,Thursday,1,8,Summer,0
10023456782,2024-08-22 02:00:00,2024-08-22,02:00:00,1.0887,Thursday,2,8,Summer,0
10023456782,2024-08-22 03:00:00,2024-08-22,03:00:00,1.1803,Thursday,3,8,Summer,0
10023456782,2024-08-22 04:00:00,2024-08-22,04:00:00,1.1926,Thursday,4,8,Summer,0
10023456782,2024-08-22 05:00:00,2024-08-22,05:00:00,2.1198,Thursday,5,8,Summer,0
10023456782,2024-08-22 06:00:00,2024-08-22,06:00:00,3.0200,Thursday,6,8,Summer,0
10023456782,2024-08-22 07:00:00,2024-08-22,07:00:00,3.3954,Thursday,7,8,Summer,0
10023456782,2024-08-22 08:00:00,2024-08-22,08:00:00,4.1848,Thursday,8,8,Summer,0
10023456782,2024-08-22 09:00:00,2024-08-22,09:00:00,5.7637,Thursday,9,8,Summer,0
10023456782,2024-08-22 10:00:00,2024-08-22,10:00:00,4.4367,Thursday,10,8,Summer,0
10023456782,2024-08-22 11:00:00,2024-08-22,11:00:00,3.8257,Thursday,11,8,Summer,0
10023456782,2024-08-22 12:00:00,2024-08-22,12:00:00,3.5600,Thursday,12,8,Summer,0
10023456782,2024-08-22 13:00:00,2024-08-22,13:00:00,3.7628,Thursday,13,8,Summer,0
10023456782,2024-08-22 14:00:00,2024-08-22,14:00:00,3.8520,Thursday,14,8,Summer,0
10023456782,2024-08-22 15:00:00,2024-08-22,15:00:00,3.6351,Thursday,15,8,Summer,0
10023456782,2024-08-22 16:00:00,2024-08-22,16:00:00,5.1258,Thursday,16,8,Summer,0
10023456782,2024-08-22 17:00:00,2024-08-22,17:00:00,4.7229,Thursday,17,8,Summer,0
10023456782,2024-08-22 18:00:00,2024-08-22,18:00:00,4.2075,Thursday,18,8,Summer,0
10023456782,2024-08-22 19:00:00,2024-08-22,19:00:00,4.7685,Thursday,19,8,Summer,0
10023456782,2024-08-22 20:00:00,2024-08-22,20:00:00,4.4005,Thursday,20,8,Summer,0
10023456782,2024-08-22 21:00:00,2024-08-22,21:00:00,3.0316,Thursday,21,8,Summer,0
10023456782,2024-08-22 22:00:00,2024-08-22,22:00:00,2.2930,Thursday,22,8,Summer,0
10023456782,2024-08-22 23:00:00,2024-08-22,23:00:00,1.7403,Thursday,23,8,Summer,0
10023456782,2024-08-23 00:00:00,2024-08-23,00:00:00,1.7537,Friday,0,8,Summer,0
10023456782,2024-08-23 01:00:00,2024-08-23,01:00:00,1.3310,Friday,1,8,Summer,0
10023456782,2024-08-23 02:00:00,2024-08-23,02:00:00,1.1834,Friday,2,8,Summer,0
10023456782,2024-08-23 03:00:00,2024-08-23,03:00:00,1.0513,Friday,3,8,Summer,0
10023456782,2024-08-23 04:00:00,2024-08-23,04:00:00,1.7936,Friday,4,8,Summer,0
10023456782,2024-08-23 05:00:00,2024-08-23,05:00:00,2.1959,Friday,5,8,Summer,0
10023456782,2024-08-23 06:00:00,2024-08-23,06:00:00,2.4306,Friday,6,8,Summer,0
10023456782,2024-08-23 07:00:00,2024-08-23,07:00:00,4.5344,Friday,7,8,Summer,0
10023456782,2024-08-23 08:00:00,2024-08-23,08:00:00,3.7896,Friday,8,8,Summer,0
10023456782,2024-08-23 09:00:00,2024-08-23,09:00:00,16.3065,Friday,9,8,Summer,1
10023456782,2024-08-23 10:00:00,2024-08-23,10:00:00,4.1532,Friday,10,8,Summer,0
10023456782,2024-08-23 11:00:00,2024-08-23,11:00:00,3.7785,Friday,11,8,Summer,0
10023456782,2024-08-23 12:00:00,2024-08-23,12:00:00,3.5112,Friday,12,8,Summer,0
10023456782,2024-08-23 13:00:00,2024-08-23,13:00:00,3.9403,Friday,13,8,Summer,0
10023456782,2024-08-23 14:00:00,2024-08-23,14:00:00,3.4047,Friday,14,8,Summer,0
10023456782,2024-08-23 15:00:00,2024-08-23,15:00:00,3.7809,Friday,15,8,Summer,0
10023456782,2024-08-23 16:00:00,2024-08-23,16:00:00,3.9437,Friday,16,8,Summer,0
10023456782,2024-08-23 17:00:00,2024-08-23,17:00:00,4.8791,Friday,17,8,Summer,0
10023456782,2024-08-23 18:00:00,2024-08-23,18:00:00,4.5679,Friday,18,8,Summer,0
10023456782,2024-08-23 19:00:00,2024-08-23,19:00:00,4.5108,Friday,19,8,Summer,0
10023456782,2024-08-23 20:00:00,2024-08-23,20:00:00,4.8732,Friday,20,8,Summer,0
10023456782,2024-08-23 21:00:00,2024-08-23,21:00:00,3.4896,Friday,21,8,Summer,0
10023456782,2024-08-23 22:00:00,2024-08-23,22:00:00,2.7934,Friday,22,8,Summer,0
10023456782,2024-08-23 23:00:00,2024-08-23,23:00:00,1.9252,Friday,23,8,Summer,0
10023456782,2024-08-24 00:00:00,2024-08-24,00:00:00,1.0452,Saturday,0,8,Summer,0
10023456782,2024-08-24 01:00:00,2024-08-24,01:00:00,0.8908,Saturday,1,8,Summer,0
10023456782,2024-08-24 02:00:00,2024-08-24,02:00:00,1.0205,Saturday,2,8,Summer,0
10023456782,2024-08-24 03:00:00,2024-08-24,03:00:00,0.8808,Saturday,3,8,Summer,0
10023456782,2024-08-24 04:00:00,2024-08-24,04:00:00,0.8675,Saturday,4,8,Summer,0
10023456782,2024-08-24 05:00:00,2024-08-24,05:00:00,1.2721,Saturday,5,8,Summer,0
10023456782,2024-08-24 06:00:00,2024-08-24,06:00:00,1.6488,Saturday,6,8,Summer,0
10023456782,2024-08-24 07:00:00,2024-08-24,07:00:00,2.6292,Saturday,7,8,Summer,0
10023456782,2024-08-24 08:00:00,2024-08-24,08:00:00,2.5203,Saturday,8,8,Summer,0
10023456782,2024-08-24 09:00:00,2024-08-24,09:00:00,2.5249,Saturday,9,8,Summer,0
10023456782,2024-08-24 10:00:00,2024-08-24,10:00:00,2.8956,Saturday,10,8,Summer,0
10023456782,2024-08-24 11:00:00,2024-08-24,11:00:00,2.1715,Saturday,11,8,Summer,0
10023456782,2024-08-24 12:00:00,2024-08-24,12:00:00,2.1452,Saturday,12,8,Summer,0
10023456782,2024-08-24 13:00:00,2024-08-24,13:00:00,2.3784,Saturday,13,8,Summer,0
10023456782,2024-08-24 14:00:00,2024-08-24,14:00:00,2.5500,Saturday,14,8,Summer,0
10023456782,2024-08-24 15:00:00,2024-08-24,15:00:00,2.6104,Saturday,15,8,Summer,0
10023456782,2024-08-24 16:00:00,2024-08-24,16:00:00,2.6507,Saturday,16,8,Summer,0
10023456782,2024-08-24 17:00:00,2024-08-24,17:00:00,2.9326,Saturday,17,8,Summer,0
10023456782,2024-08-24 18:00:00,2024-08-24,18:00:00,8.6460,Saturday,18,8,Summer,1
10023456782,2024-08-24 19:00:00,2024-08-24,19:00:00,11.0362,Saturday,19,8,Summer,1
10023456782,2024-08-24 20:00:00,2024-08-24,20:00:00,8.0340,Saturday,20,8,Summer,1
10023456782,2024-08-24 21:00:00,2024-08-24,21:00:00,2.4295,Saturday,21,8,Summer,0
10023456782,2024-08-24 22:00:00,2024-08-24,22:00:00,2.1382,Saturday,22,8,Summer,0
10023456782,2024-08-24 23:00:00,2024-08-24,23:00:00,3.7067,Saturday,23,8,Summer,1
10023456782,2024-08-25 00:00:00,2024-08-25,00:00:00,1.1369,Sunday,0,8,Summer,0
10023456782,2024-08-25 01:00:00,2024-08-25,01:00:00,0.9860,Sunday,1,8,Summer,0
10023456782,2024-08-25 02:00:00,2024-08-25,02:00:00,0.7960,Sunday,2,8,Summer,0
10023456782,2024-08-25 03:00:00,2024-08-25,03:00:00,1.2272,Sunday,3,8,Summer,0
10023456782,2024-08-25 04:00:00,2024-08-25,04:00:00,0.7975,Sunday,4,8,Summer,0
10023456782,2024-08-25 05:00:00,2024-08-25,05:00:00,1.3734,Sunday,5,8,Summer,0
10023456782,2024-08-25 06:00:00,2024-08-25,06:00:00,1.8038,Sunday,6,8,Summer,0
10023456782,2024-08-25 07:00:00,2024-08-25,07:00:00,2.6673,Sunday,7,8,Summer,0
10023456782,2024-08-25 08:00:00,2024-08-25,08:00:00,3.0949,Sunday,8,8,Summer,0
10023456782,2024-08-25 09:00:00,2024-08-25,09:00:00,2.7742,Sunday,9,8,Summer,0
10023456782,2024-08-25 10:00:00,2024-08-25,10:00:00,3.3074,Sunday,10,8,Summer,0
10023456782,2024-08-25 11:00:00,2024-08-25,11:00:00,2.9921,Sunday,11,8,Summer,0
10023456782,2024-08-25 12:00:00,2024-08-25,12:00:00,2.9641,Sunday,12,8,Summer,0
10023456782,2024-08-25 13:00:00,2024-08-25,13:00:00,2.8835,Sunday,13,8,Summer,0
10023456782,2024-08-25 14:00:00,2024-08-25,14:00:00,2.7464,Sunday,14,8,Summer,0
10023456782,2024-08-25 15:00:00,2024-08-25,15:00:00,2.8440,Sunday,15,8,Summer,0
10023456782,2024-08-25 16:00:00,2024-08-25,16:00:00,2.6853,Sunday,16,8,Summer,0
10023456782,2024-08-25 17:00:00,2024-08-25,17:00:00,3.1091,Sunday,17,8,Summer,0
10023456782,2024-08-25 18:00:00,2024-08-25,18:00:00,3.1733,Sunday,18,8,Summer,0
10023456782,2024-08-25 19:00:00,2024-08-25,19:00:00,3.7822,Sunday,19,8,Summer,0
10023456782,2024-08-25 20:00:00,2024-08-25,20:00:00,2.6649,Sunday,20,8,Summer,0
10023456782,2024-08-25 21:00:00,2024-08-25,21:00:00,2.4188,Sunday,21,8,Summer,0
10023456782,2024-08-25 22:00:00,2024-08-25,22:00:00,2.1897,Sunday,22,8,Summer,0
10023456782,2024-08-25 23:00:00,2024-08-25,23:00:00,1.6019,Sunday,23,8,Summer,0
10023456782,2024-08-26 00:00:00,2024-08-26,00:00:00,0.8857,Monday,0,8,Summer,0
10023456782,2024-08-26 01:00:00,2024-08-26,01:00:00,1.0173,Monday,1,8,Summer,0
10023456782,2024-08-26 02:00:00,2024-08-26,02:00:00,0.8484,Monday,2,8,Summer,0
10023456782,2024-08-26 03:00:00,2024-08-26,03:00:00,0.9762,Monday,3,8,Summer,0
10023456782,2024-08-26 04:00:00,2024-08-26,04:00:00,1.1077,Monday,4,8,Summer,0
10023456782,2024-08-26 05:00:00,2024-08-26,05:00:00,1.5621,Monday,5,8,Summer,0
10023456782,2024-08-26 06:00:00,2024-08-26,06:00:00,2.7945,Monday,6,8,Summer,0
10023456782,2024-08-26 07:00:00,2024-08-26,07:00:00,3.7807,Monday,7,8,Summer,0
10023456782,2024-08-26 08:00:00,2024-08-26,08:00:00,13.9484,Monday,8,8,Summer,1
10023456782,2024-08-26 09:00:00,2024-08-26,09:00:00,3.7311,Monday,9,8,Summer,0
10023456782,2024-08-26 10:00:00,2024-08-26,10:00:00,3.3895,Monday,10,8,Summer,0
10023456782,2024-08-26 11:00:00,2024-08-26,11:00:00,3.0616,Monday,11,8,Summer,0
10023456782,2024-08-26 12:00:00,2024-08-26,12:00:00,3.2996,Monday,12,8,Summer,0
10023456782,2024-08-26 13:00:00,2024-08-26,13:00:00,3.2018,Monday,13,8,Summer,0
10023456782,2024-08-26 14:00:00,2024-08-26,14:00:00,3.6468,Monday,14,8,Summer,0
10023456782,2024-08-26 15:00:00,2024-08-26,15:00:00,2.7908,Monday,15,8,Summer,0
10023456782,2024-08-26 16:00:00,2024-08-26,16:00:00,3.6268,Monday,16,8,Summer,0
10023456782,2024-08-26 17:00:00,2024-08-26,17:00:00,3.9404,Monday,17,8,Summer,0
10023456782,2024-08-26 18:00:00,2024-08-26,18:00:00,3.7704,Monday,18,8,Summer,0
10023456782,2024-08-26 19:00:00,2024-08-26,19:00:00,3.8446,Monday,19,8,Summer,0
10023456782,2024-08-26 20:00:00,2024-08-26,20:00:00,3.4543,Monday,20,8,Summer,0
10023456782,2024-08-26 21:00:00,2024-08-26,21:00:00,2.7312,Monday,21,8,Summer,0
10023456782,2024-08-26 22:00:00,2024-08-26,22:00:00,1.7366,Monday,22,8,Summer,0
10023456782,2024-08-26 23:00:00,2024-08-26,23:00:00,1.3840,Monday,23,8,Summer,0
10023456782,2024-08-27 00:00:00,2024-08-27,00:00:00,1.0690,Tuesday,0,8,Summer,0
10023456782,2024-08-27 01:00:00,2024-08-27,01:00:00,0.8390,Tuesday,1,8,Summer,0
10023456782,2024-08-27 02:00:00,2024-08-27,02:00:00,1.0590,Tuesday,2,8,Summer,0
10023456782,2024-08-27 03:00:00,2024-08-27,03:00:00,0.8813,Tuesday,3,8,Summer,0
10023456782,2024-08-27 04:00:00,2024-08-27,04:00:00,1.0167,Tuesday,4,8,Summer,0
10023456782,2024-08-27 05:00:00,2024-08-27,05:00:00,1.5899,Tuesday,5,8,Summer,0
10023456782,2024-08-27 06:00:00,2024-08-27,06:00:00,2.4382,Tuesday,6,8,Summer,0
10023456782,2024-08-27 07:00:00,2024-08-27,07:00:00,3.3697,Tuesday,7,8,Summer,0
10023456782,2024-08-27 08:00:00,2024-08-27,08:00:00,18.6071,Tuesday,8,8,Summer,1
10023456782,2024-08-27 09:00:00,2024-08-27,09:00:00,3.9209,Tuesday,9,8,Summer,0
10023456782,2024-08-27 10:00:00,2024-08-27,10:00:00,2.8946,Tuesday,10,8,Summer,0
10023456782,2024-08-27 11:00:00,2024-08-27,11:00:00,2.8369,Tuesday,11,8,Summer,0
10023456782,2024-08-27 12:00:00,2024-08-27,12:00:00,2.0994,Tuesday,12,8,Summer,0
10023456782,2024-08-27 13:00:00,2024-08-27,13:00:00,2.8921,Tuesday,13,8,Summer,0
10023456782,2024-08-27 14:00:00,2024-08-27,14:00:00,2.1617,Tuesday,14,8,Summer,0
10023456782,2024-08-27 15:00:00,2024-08-27,15:00:00,2.6579,Tuesday,15,8,Summer,0
10023456782,2024-08-27 16:00:00,2024-08-27,16:00:00,2.8779,Tuesday,16,8,Summer,0
10023456782,2024-08-27 17:00:00,2024-08-27,17:00:00,2.8796,Tuesday,17,8,Summer,0
10023456782,2024-08-27 18:00:00,2024-08-27,18:00:00,3.1192,Tuesday,18,8,Summer,0
10023456782,2024-08-27 19:00:00,2024-08-27,19:00:00,2.9000,Tuesday,19,8,Summer,0
10023456782,2024-08-27 20:00:00,2024-08-27,20:00:00,3.4180,Tuesday,20,8,Summer,0
10023456782,2024-08-27 21:00:00,2024-08-27,21:00:00,1.8055,Tuesday,21,8,Summer,0
10023456782,2024-08-27 22:00:00,2024-08-27,22:00:00,2.2205,Tuesday,22,8,Summer,0
10023456782,2024-08-27 23:00:00,2024-08-27,23:00:00,1.1576,Tuesday,23,8,Summer,0
10023456782,2024-08-28 00:00:00,2024-08-28,00:00:00,1.1719,Wednesday,0,8,Summer,0
10023456782,2024-08-28 01:00:00,2024-08-28,01:00:00,1.1765,Wednesday,1,8,Summer,0
10023456782,2024-08-28 02:00:00,2024-08-28,02:00:00,0.9717,Wednesday,2,8,Summer,0
10023456782,2024-08-28 03:00:00,2024-08-28,03:00:00,1.2387,Wednesday,3,8,Summer,0
10023456782,2024-08-28 04:00:00,2024-08-28,04:00:00,1.1861,Wednesday,4,8,Summer,0
10023456782,2024-08-28 05:00:00,2024-08-28,05:00:00,1.5578,Wednesday,5,8,Summer,0
10023456782,2024-08-28 06:00:00,2024-08-28,06:00:00,2.7622,Wednesday,6,8,Summer,0
10023456782,2024-08-28 07:00:00,2024-08-28,07:00:00,2.9004,Wednesday,7,8,Summer,0
10023456782,2024-08-28 08:00:00,2024-08-28,08:00:00,3.7826,Wednesday,8,8,Summer,0
10023456782,2024-08-28 09:00:00,2024-08-28,09:00:00,3.6549,Wednesday,9,8,Summer,0
10023456782,2024-08-28 10:00:00,2024-08-28,10:00:00,2.8924,Wednesday,10,8,Summer,0
10023456782,2024-08-28 11:00:00,2024-08-28,11:00:00,2.8241,Wednesday,11,8,Summer,0
10023456782,2024-08-28 12:00:00,2024-08-28,12:00:00,3.4076,Wednesday,12,8,Summer,0
10023456782,2024-08-28 13:00:00,2024-08-28,13:00:00,3.2460,Wednesday,13,8,Summer,0
10023456782,2024-08-28 14:00:00,2024-08-28,14:00:00,2.7380,Wednesday,14,8,Summer,0
10023456782,2024-08-28 15:00:00,2024-08-28,15:00:00,3.3326,Wednesday,15,8,Summer,0
10023456782,2024-08-28 16:00:00,2024-08-28,16:00:00,2.9347,Wednesday,16,8,Summer,0
10023456782,2024-08-28 17:00:00,2024-08-28,17:00:00,4.3073,Wednesday,17,8,Summer,0
10023456782,2024-08-28 18:00:00,2024-08-28,18:00:00,2.9691,Wednesday,18,8,Summer,0
10023456782,2024-08-28 19:00:00,2024-08-28,19:00:00,4.2367,Wednesday,19,8,Summer,0
10023456782,2024-08-28 20:00:00,2024-08-28,20:00:00,2.8774,Wednesday,20,8,Summer,0
10023456782,2024-08-28 21:00:00,2024-08-28,21:00:00,2.7472,Wednesday,21,8,Summer,0
10023456782,2024-08-28 22:00:00,2024-08-28,22:00:00,1.7650,Wednesday,22,8,Summer,0
10023456782,2024-08-28 23:00:00,2024-08-28,23:00:00,1.6489,Wednesday,23,8,Summer,0
10023456782,2024-08-29 00:00:00,2024-08-29,00:00:00,1.4482,Thursday,0,8,Summer,0
10023456782,2024-08-29 01:00:00,2024-08-29,01:00:00,1.2861,Thursday,1,8,Summer,0
10023456782,2024-08-29 02:00:00,2024-08-29,02:00:00,1.5612,Thursday,2,8,Summer,0
10023456782,2024-08-29 03:00:00,2024-08-29,03:00:00,1.4986,Thursday,3,8,Summer,0
10023456782,2024-08-29 04:00:00,2024-08-29,04:00:00,1.4409,Thursday,4,8,Summer,0
10023456782,2024-08-29 05:00:00,2024-08-29,05:00:00,2.5480,Thursday,5,8,Summer,0
10023456782,2024-08-29 06:00:00,2024-08-29,06:00:00,3.6875,Thursday,6,8,Summer,0
10023456782,2024-08-29 07:00:00,2024-08-29,07:00:00,4.8824,Thursday,7,8,Summer,0
10023456782,2024-08-29 08:00:00,2024-08-29,08:00:00,4.6909,Thursday,8,8,Summer,0
10023456782,2024-08-29 09:00:00,2024-08-29,09:00:00,4.5366,Thursday,9,8,Summer,0
10023456782,2024-08-29 10:00:00,2024-08-29,10:00:00,4.4002,Thursday,10,8,Summer,0
10023456782,2024-08-29 11:00:00,2024-08-29,11:00:00,4.5127,Thursday,11,8,Summer,0
10023456782,2024-08-29 12:00:00,2024-08-29,12:00:00,4.1308,Thursday,12,8,Summer,0
10023456782,2024-08-29 13:00:00,2024-08-29,13:00:00,4.5240,Thursday,13,8,Summer,0
10023456782,2024-08-29 14:00:00,2024-08-29,14:00:00,4.2085,Thursday,14,8,Summer,0
10023456782,2024-08-29 15:00:00,2024-08-29,15:00:00,5.7853,Thursday,15,8,Summer,0
10023456782,2024-08-29 16:00:00,2024-08-29,16:00:00,4.6609,Thursday,16,8,Summer,0
10023456782,2024-08-29 17:00:00,2024-08-29,17:00:00,5.0916,Thursday,17,8,Summer,0
10023456782,2024-08-29 18:00:00,2024-08-29,18:00:00,5.0487,Thursday,18,8,Summer,0
10023456782,2024-08-29 19:00:00,2024-08-29,19:00:00,6.0646,Thursday,19,8,Summer,0
10023456782,2024-08-29 20:00:00,2024-08-29,20:00:00,4.2653,Thursday,20,8,Summer,0
10023456782,2024-08-29 21:00:00,2024-08-29,21:00:00,3.7199,Thursday,21,8,Summer,0
10023456782,2024-08-29 22:00:00,2024-08-29,22:00:00,2.8030,Thursday,22,8,Summer,0
10023456782,2024-08-29 23:00:00,2024-08-29,23:00:00,2.1072,Thursday,23,8,Summer,0
10023456782,2024-08-30 00:00:00,2024-08-30,00:00:00,1.4991,Friday,0,8,Summer,0
10023456782,2024-08-30 01:00:00,2024-08-30,01:00:00,1.3328,Friday,1,8,Summer,0
10023456782,2024-08-30 02:00:00,2024-08-30,02:00:00,0.9732,Friday,2,8,Summer,0
10023456782,2024-08-30 03:00:00,2024-08-30,03:00:00,1.2486,Friday,3,8,Summer,0
10023456782,2024-08-30 04:00:00,2024-08-30,04:00:00,1.3735,Friday,4,8,Summer,0
10023456782,2024-08-30 05:00:00,2024-08-30,05:00:00,1.6542,Friday,5,8,Summer,0
10023456782,2024-08-30 06:00:00,2024-08-30,06:00:00,2.8646,Friday,6,8,Summer,0
10023456782,2024-08-30 07:00:00,2024-08-30,07:00:00,4.0693,Friday,7,8,Summer,0
10023456782,2024-08-30 08:00:00,2024-08-30,08:00:00,4.0915,Friday,8,8,Summer,0
10023456782,2024-08-30 09:00:00,2024-08-30,09:00:00,4.6746,Friday,9,8,Summer,0
10023456782,2024-08-30 10:00:00,2024-08-30,10:00:00,3.9207,Friday,10,8,Summer,0
10023456782,2024-08-30 11:00:00,2024-08-30,11:00:00,0.1487,Friday,11,8,Summer,1
10023456782,2024-08-30 12:00:00,2024-08-30,12:00:00,3.6618,Friday,12,8,Summer,0
10023456782,2024-08-30 13:00:00,2024-08-30,13:00:00,4.0502,Friday,13,8,Summer,0
10023456782,2024-08-30 14:00:00,2024-08-30,14:00:00,3.8312,Friday,14,8,Summer,0
10023456782,2024-08-30 15:00:00,2024-08-30,15:00:00,3.5763,Friday,15,8,Summer,0
10023456782,2024-08-30 16:00:00,2024-08-30,16:00:00,4.1218,Friday,16,8,Summer,0
10023456782,2024-08-30 17:00:00,2024-08-30,17:00:00,3.9912,Friday,17,8,Summer,0
10023456782,2024-08-30 18:00:00,2024-08-30,18:00:00,5.8435,Friday,18,8,Summer,0
10023456782,2024-08-30 19:00:00,2024-08-30,19:00:00,4.5369,Friday,19,8,Summer,0
10023456782,2024-08-30 20:00:00,2024-08-30,20:00:00,3.7272,Friday,20,8,Summer,0
10023456782,2024-08-30 21:00:00,2024-08-30,21:00:00,3.3627,Friday,21,8,Summer,0
10023456782,2024-08-30 22:00:00,2024-08-30,22:00:00,2.8175,Friday,22,8,Summer,0
10023456782,2024-08-30 23:00:00,2024-08-30,23:00:00,1.7469,Friday,23,8,Summer,0
10023456782,2024-08-31 00:00:00,2024-08-31,00:00:00,1.2810,Saturday,0,8,Summer,0
10023456782,2024-08-31 01:00:00,2024-08-31,01:00:00,0.9674,Saturday,1,8,Summer,0
10023456782,2024-08-31 02:00:00,2024-08-31,02:00:00,0.8425,Saturday,2,8,Summer,0
10023456782,2024-08-31 03:00:00,2024-08-31,03:00:00,0.8796,Saturday,3,8,Summer,0
10023456782,2024-08-31 04:00:00,2024-08-31,04:00:00,0.9844,Saturday,4,8,Summer,0
10023456782,2024-08-31 05:00:00,2024-08-31,05:00:00,1.1145,Saturday,5,8,Summer,0
10023456782,2024-08-31 06:00:00,2024-08-31,06:00:00,1.7313,Saturday,6,8,Summer,0
10023456782,2024-08-31 07:00:00,2024-08-31,07:00:00,2.2717,Saturday,7,8,Summer,0
10023456782,2024-08-31 08:00:00,2024-08-31,08:00:00,2.3929,Saturday,8,8,Summer,0
10023456782,2024-08-31 09:00:00,2024-08-31,09:00:00,3.1231,Saturday,9,8,Summer,0
10023456782,2024-08-31 10:00:00,2024-08-31,10:00:00,3.3750,Saturday,10,8,Summer,0
10023456782,2024-08-31 11:00:00,2024-08-31,11:00:00,2.4423,Saturday,11,8,Summer,0
10023456782,2024-08-31 12:00:00,2024-08-31,12:00:00,2.8515,Saturday,12,8,Summer,0
10023456782,2024-08-31 13:00:00,2024-08-31,13:00:00,2.3404,Saturday,13,8,Summer,0
10023456782,2024-08-31 14:00:00,2024-08-31,14:00:00,3.1532,Saturday,14,8,Summer,0
10023456782,2024-08-31 15:00:00,2024-08-31,15:00:00,2.2962,Saturday,15,8,Summer,0
10023456782,2024-08-31 16:00:00,2024-08-31,16:00:00,3.2928,Saturday,16,8,Summer,0
10023456782,2024-08-31 17:00:00,2024-08-31,17:00:00,3.1280,Saturday,17,8,Summer,0
10023456782,2024-08-31 18:00:00,2024-08-31,18:00:00,3.0589,Saturday,18,8,Summer,0
10023456782,2024-08-31 19:00:00,2024-08-31,19:00:00,3.5552,Saturday,19,8,Summer,0
10023456782,2024-08-31 20:00:00,2024-08-31,20:00:00,2.9001,Saturday,20,8,Summer,0
10023456782,2024-08-31 21:00:00,2024-08-31,21:00:00,2.1939,Saturday,21,8,Summer,0
10023456782,2024-08-31 22:00:00,2024-08-31,22:00:00,1.8700,Saturday,22,8,Summer,0
10023456782,2024-08-31 23:00:00,2024-08-31,23:00:00,1.1763,Saturday,23,8,Summer,0
10023456782,2024-09-01 00:00:00,2024-09-01,00:00:00,1.4292,Sunday,0,9,Autumn,0
10023456782,2024-09-01 01:00:00,2024-09-01,01:00:00,1.5198,Sunday,1,9,Autumn,0
10023456782,2024-09-01 02:00:00,2024-09-01,02:00:00,1.2226,Sunday,2,9,Autumn,0
10023456782,2024-09-01 03:00:00,2024-09-01,03:00:00,1.5088,Sunday,3,9,Autumn,0
10023456782,2024-09-01 04:00:00,2024-09-01,04:00:00,1.2265,Sunday,4,9,Autumn,0
10023456782,2024-09-01 05:00:00,2024-09-01,05:00:00,1.6855,Sunday,5,9,Autumn,0
10023456782,2024-09-01 06:00:00,2024-09-01,06:00:00,2.9155,Sunday,6,9,Autumn,0
10023456782,2024-09-01 07:00:00,2024-09-01,07:00:00,3.1867,Sunday,7,9,Autumn,0
10023456782,2024-09-01 08:00:00,2024-09-01,08:00:00,3.7738,Sunday,8,9,Autumn,0
10023456782,2024-09-01 09:00:00,2024-09-01,09:00:00,4.4515,Sunday,9,9,Autumn,0
10023456782,2024-09-01 10:00:00,2024-09-01,10:00:00,4.2838,Sunday,10,9,Autumn,0
10023456782,2024-09-01 11:00:00,2024-09-01,11:00:00,3.3196,Sunday,11,9,Autumn,0
10023456782,2024-09-01 12:00:00,2024-09-01,12:00:00,3.6253,Sunday,12,9,Autumn,0
10023456782,2024-09-01 13:00:00,2024-09-01,13:00:00,3.2904,Sunday,13,9,Autumn,0
10023456782,2024-09-01 14:00:00,2024-09-01,14:00:00,2.9902,Sunday,14,9,Autumn,0
10023456782,2024-09-01 15:00:00,2024-09-01,15:00:00,3.6798,Sunday,15,9,Autumn,0
10023456782,2024-09-01 16:00:00,2024-09-01,16:00:00,2.9643,Sunday,16,9,Autumn,0
10023456782,2024-09-01 17:00:00,2024-09-01,17:00:00,4.6770,Sunday,17,9,Autumn,0
10023456782,2024-09-01 18:00:00,2024-09-01,18:00:00,4.6803,Sunday,18,9,Autumn,0
10023456782,2024-09-01 19:00:00,2024-09-01,19:00:00,5.9350,Sunday,19,9,Autumn,0
10023456782,2024-09-01 20:00:00,2024-09-01,20:00:00,4.2950,Sunday,20,9,Autumn,0
10023456782,2024-09-01 21:00:00,2024-09-01,21:00:00,3.9742,Sunday,21,9,Autumn,0
10023456782,2024-09-01 22:00:00,2024-09-01,22:00:00,2.2235,Sunday,22,9,Autumn,0
10023456782,2024-09-01 23:00:00,2024-09-01,23:00:00,1.7978,Sunday,23,9,Autumn,0
10023456782,2024-09-02 00:00:00,2024-09-02,00:00:00,1.2131,Monday,0,9,Autumn,0
10023456782,2024-09-02 01:00:00,2024-09-02,01:00:00,1.1433,Monday,1,9,Autumn,0
10023456782,2024-09-02 02:00:00,2024-09-02,02:00:00,1.0199,Monday,2,9,Autumn,0
10023456782,2024-09-02 03:00:00,2024-09-02,03:00:00,0.9756,Monday,3,9,Autumn,0
10023456782,2024-09-02 04:00:00,2024-09-02,04:00:00,1.0661,Monday,4,9,Autumn,0
10023456782,2024-09-02 05:00:00,2024-09-02,05:00:00,1.5438,Monday,5,9,Autumn,0
10023456782,2024-09-02 06:00:00,2024-09-02,06:00:00,2.1992,Monday,6,9,Autumn,0
10023456782,2024-09-02 07:00:00,2024-09-02,07:00:00,3.5173,Monday,7,9,Autumn,0
10023456782,2024-09-02 08:00:00,2024-09-02,08:00:00,4.1458,Monday,8,9,Autumn,0
10023456782,2024-09-02 09:00:00,2024-09-02,09:00:00,3.9565,Monday,9,9,Autumn,0
10023456782,2024-09-02 10:00:00,2024-09-02,10:00:00,3.4689,Monday,10,9,Autumn,0
10023456782,2024-09-02 11:00:00,2024-09-02,11:00:00,3.2883,Monday,11,9,Autumn,0
10023456782,2024-09-02 12:00:00,2024-09-02,12:00:00,2.6240,Monday,12,9,Autumn,0
10023456782,2024-09-02 13:00:00,2024-09-02,13:00:00,2.9164,Monday,13,9,Autumn,0
10023456782,2024-09-02 14:00:00,2024-09-02,14:00:00,3.2365,Monday,14,9,Autumn,0
10023456782,2024-09-02 15:00:00,2024-09-02,15:00:00,2.7753,Monday,15,9,Autumn,0
10023456782,2024-09-02 16:00:00,2024-09-02,16:00:00,3.2100,Monday,16,9,Autumn,0
10023456782,2024-09-02 17:00:00,2024-09-02,17:00:00,3.0981,Monday,17,9,Autumn,0
10023456782,2024-09-02 18:00:00,2024-09-02,18:00:00,4.0255,Monday,18,9,Autumn,0
10023456782,2024-09-02 19:00:00,2024-09-02,19:00:00,4.1097,Monday,19,9,Autumn,0
10023456782,2024-09-02 20:00:00,2024-09-02,20:00:00,3.5924,Monday,20,9,Autumn,0
10023456782,2024-09-02 21:00:00,2024-09-02,21:00:00,2.6550,Monday,21,9,Autumn,0
10023456782,2024-09-02 22:00:00,2024-09-02,22:00:00,1.6778,Monday,22,9,Autumn,0
10023456782,2024-09-02 23:00:00,2024-09-02,23:00:00,1.1665,Monday,23,9,Autumn,0
10023456782,2024-09-03 00:00:00,2024-09-03,00:00:00,0.9181,Tuesday,0,9,Autumn,0
10023456782,2024-09-03 01:00:00,2024-09-03,01:00:00,1.2109,Tuesday,1,9,Autumn,0
10023456782,2024-09-03 02:00:00,2024-09-03,02:00:00,0.9351,Tuesday,2,9,Autumn,0
10023456782,2024-09-03 03:00:00,2024-09-03,03:00:00,0.8783,Tuesday,3,9,Autumn,0
10023456782,2024-09-03 04:00:00,2024-09-03,04:00:00,1.0339,Tuesday,4,9,Autumn,0
10023456782,2024-09-03 05:00:00,2024-09-03,05:00:00,1.6483,Tuesday,5,9,Autumn,0
10023456782,2024-09-03 06:00:00,2024-09-03,06:00:00,2.1389,Tuesday,6,9,Autumn,0
10023456782,2024-09-03 07:00:00,2024-09-03,07:00:00,2.5816,Tuesday,7,9,Autumn,0
10023456782,2024-09-03 08:00:00,2024-09-03,08:00:00,2.6476,Tuesday,8,9,Autumn,0
10023456782,2024-09-03 09:00:00,2024-09-03,09:00:00,3.2211,Tuesday,9,9,Autumn,0
10023456782,2024-09-03 10:00:00,2024-09-03,10:00:00,3.2215,Tuesday,10,9,Autumn,0
10023456782,2024-09-03 11:00:00,2024-09-03,11:00:00,2.6713,Tuesday,11,9,Autumn,0
10023456782,2024-09-03 12:00:00,2024-09-03,12:00:00,2.4090,Tuesday,12,9,Autumn,0
10023456782,2024-09-03 13:00:00,2024-09-03,13:00:00,1.8747,Tuesday,13,9,Autumn,0
10023456782,2024-09-03 14:00:00,2024-09-03,14:00:00,2.1544,Tuesday,14,9,Autumn,0
10023456782,2024-09-03 15:00:00,2024-09-03,15:00:00,2.4377,Tuesday,15,9,Autumn,0
10023456782,2024-09-03 16:00:00,2024-09-03,16:00:00,2.5504,Tuesday,16,9,Autumn,0
10023456782,2024-09-03 17:00:00,2024-09-03,17:00:00,2.8554,Tuesday,17,9,Autumn,0
10023456782,2024-09-03 18:00:00,2024-09-03,18:00:00,2.8947,Tuesday,18,9,Autumn,0
10023456782,2024-09-03 19:00:00,2024-09-03,19:00:00,3.4693,Tuesday,19,9,Autumn,0
10023456782,2024-09-03 20:00:00,2024-09-03,20:00:00,2.7657,Tuesday,20,9,Autumn,0
10023456782,2024-09-03 21:00:00,2024-09-03,21:00:00,1.8878,Tuesday,21,9,Autumn,0
10023456782,2024-09-03 22:00:00,2024-09-03,22:00:00,1.4120,Tuesday,22,9,Autumn,0
10023456782,2024-09-03 23:00:00,2024-09-03,23:00:00,1.2943,Tuesday,23,9,Autumn,0
10023456782,2024-09-04 00:00:00,2024-09-04,00:00:00,1.2284,Wednesday,0,9,Autumn,0
10023456782,2024-09-04 01:00:00,2024-09-04,01:00:00,1.1128,Wednesday,1,9,Autumn,0
10023456782,2024-09-04 02:00:00,2024-09-04,02:00:00,0.9210,Wednesday,2,9,Autumn,0
10023456782,2024-09-04 03:00:00,2024-09-04,03:00:00,0.8680,Wednesday,3,9,Autumn,0
10023456782,2024-09-04 04:00:00,2024-09-04,04:00:00,0.9744,Wednesday,4,9,Autumn,0
10023456782,2024-09-04 05:00:00,2024-09-04,05:00:00,1.4011,Wednesday,5,9,Autumn,0
10023456782,2024-09-04 06:00:00,2024-09-04,06:00:00,1.9978,Wednesday,6,9,Autumn,0
10023456782,2024-09-04 07:00:00,2024-09-04,07:00:00,2.6147,Wednesday,7,9,Autumn,0
10023456782,2024-09-04 08:00:00,2024-09-04,08:00:00,2.9368,Wednesday,8,9,Autumn,0
10023456782,2024-09-04 09:00:00,2024-09-04,09:00:00,3.1546,Wednesday,9,9,Autumn,0
10023456782,2024-09-04 10:00:00,2024-09-04,10:00:00,3.7849,Wednesday,10,9,Autumn,0
10023456782,2024-09-04 11:00:00,2024-09-04,11:00:00,3.0354,Wednesday,11,9,Autumn,0
10023456782,2024-09-04 12:00:00,2024-09-04,12:00:00,2.8154,Wednesday,12,9,Autumn,0
10023456782,2024-09-04 13:00:00,2024-09-04,13:00:00,3.6559,Wednesday,13,9,Autumn,0
10023456782,2024-09-04 14:00:00,2024-09-04,14:00:00,2.8570,Wednesday,14,9,Autumn,0
10023456782,2024-09-04 15:00:00,2024-09-04,15:00:00,2.8925,Wednesday,15,9,Autumn,0
10023456782,2024-09-04 16:00:00,2024-09-04,16:00:00,3.3549,Wednesday,16,9,Autumn,0
10023456782,2024-09-04 17:00:00,2024-09-04,17:00:00,2.9036,Wednesday,17,9,Autumn,0
10023456782,2024-09-04 18:00:00,2024-09-04,18:00:00,3.9757,Wednesday,18,9,Autumn,0
10023456782,2024-09-04 19:00:00,2024-09-04,19:00:00,4.4010,Wednesday,19,9,Autumn,0
10023456782,2024-09-04 20:00:00,2024-09-04,20:00:00,6.5895,Wednesday,20,9,Autumn,1
10023456782,2024-09-04 21:00:00,2024-09-04,21:00:00,5.8585,Wednesday,21,9,Autumn,1
10023456782,2024-09-04 22:00:00,2024-09-04,22:00:00,4.9825,Wednesday,22,9,Autumn,1
10023456782,2024-09-04 23:00:00,2024-09-04,23:00:00,3.5293,Wednesday,23,9,Autumn,1
10023456782,2024-09-05 00:00:00,2024-09-05,00:00:00,3.0851,Thursday,0,9,Autumn,1
10023456782,2024-09-05 01:00:00,2024-09-05,01:00:00,2.2777,Thursday,1,9,Autumn,1
10023456782,2024-09-05 02:00:00,2024-09-05,02:00:00,0.7956,Thursday,2,9,Autumn,0
10023456782,2024-09-05 03:00:00,2024-09-05,03:00:00,0.7429,Thursday,3,9,Autumn,0
10023456782,2024-09-05 04:00:00,2024-09-05,04:00:00,0.9519,Thursday,4,9,Autumn,0
10023456782,2024-09-05 05:00:00,2024-09-05,05:00:00,1.2400,Thursday,5,9,Autumn,0
10023456782,2024-09-05 06:00:00,2024-09-05,06:00:00,1.7568,Thursday,6,9,Autumn,0
10023456782,2024-09-05 07:00:00,2024-09-05,07:00:00,8.3545,Thursday,7,9,Autumn,1
10023456782,2024-09-05 08:00:00,2024-09-05,08:00:00,3.2234,Thursday,8,9,Autumn,0
10023456782,2024-09-05 09:00:00,2024-09-05,09:00:00,2.6829,Thursday,9,9,Autumn,0
10023456782,2024-09-05 10:00:00,2024-09-05,10:00:00,3.0273,Thursday,10,9,Autumn,0
10023456782,2024-09-05 11:00:00,2024-09-05,11:00:00,2.7153,Thursday,11,9,Autumn,0
10023456782,2024-09-05 12:00:00,2024-09-05,12:00:00,2.4071,Thursday,12,9,Autumn,0
10023456782,2024-09-05 13:00:00,2024-09-05,13:00:00,2.4446,Thursday,13,9,Autumn,0
10023456782,2024-09-05 14:00:00,2024-09-05,14:00:00,1.9781,Thursday,14,9,Autumn,0
10023456782,2024-09-05 15:00:00,2024-09-05,15:00:00,8.5548,Thursday,15,9,Autumn,1
10023456782,2024-09-05 16:00:00,2024-09-05,16:00:00,7.6759,Thursday,16,9,Autumn,1
10023456782,2024-09-05 17:00:00,2024-09-05,17:00:00,8.1270,Thursday,17,9,Autumn,1
10023456782,2024-09-05 18:00:00,2024-09-05,18:00:00,8.4912,Thursday,18,9,Autumn,1
10023456782,2024-09-05 19:00:00,2024-09-05,19:00:00,6.9102,Thursday,19,9,Autumn,1
10023456782,2024-09-05 20:00:00,2024-09-05,20:00:00,8.3128,Thursday,20,9,Autumn,1
10023456782,2024-09-05 21:00:00,2024-09-05,21:00:00,2.1767,Thursday,21,9,Autumn,0
10023456782,2024-09-05 22:00:00,2024-09-05,22:00:00,1.7032,Thursday,22,9,Autumn,0
10023456782,2024-09-05 23:00:00,2024-09-05,23:00:00,0.9882,Thursday,23,9,Autumn,0
10023456782,2024-09-06 00:00:00,2024-09-06,00:00:00,1.0733,Friday,0,9,Autumn,0
10023456782,2024-09-06 01:00:00,2024-09-06,01:00:00,1.2884,Friday,1,9,Autumn,0
10023456782,2024-09-06 02:00:00,2024-09-06,02:00:00,0.9753,Friday,2,9,Autumn,0
10023456782,2024-09-06 03:00:00,2024-09-06,03:00:00,0.9418,Friday,3,9,Autumn,0
10023456782,2024-09-06 04:00:00,2024-09-06,04:00:00,1.2555,Friday,4,9,Autumn,0
10023456782,2024-09-06 05:00:00,2024-09-06,05:00:00,1.9628,Friday,5,9,Autumn,0
10023456782,2024-09-06 06:00:00,2024-09-06,06:00:00,2.8146,Friday,6,9,Autumn,0
10023456782,2024-09-06 07:00:00,2024-09-06,07:00:00,3.2760,Friday,7,9,Autumn,0
10023456782,2024-09-06 08:00:00,2024-09-06,08:00:00,4.2012,Friday,8,9,Autumn,0
10023456782,2024-09-06 09:00:00,2024-09-06,09:00:00,4.1791,Friday,9,9,Autumn,0
10023456782,2024-09-06 10:00:00,2024-09-06,10:00:00,3.7720,Friday,10,9,Autumn,0
10023456782,2024-09-06 11:00:00,2024-09-06,11:00:00,3.1367,Friday,11,9,Autumn,0
10023456782,2024-09-06 12:00:00,2024-09-06,12:00:00,2.6987,Friday,12,9,Autumn,0
10023456782,2024-09-06 13:00:00,2024-09-06,13:00:00,3.8928,Friday,13,9,Autumn,0
10023456782,2024-09-06 14:00:00,2024-09-06,14:00:00,3.5497,Friday,14,9,Autumn,0
10023456782,2024-09-06 15:00:00,2024-09-06,15:00:00,3.0185,Friday,15,9,Autumn,0
10023456782,2024-09-06 16:00:00,2024-09-06,16:00:00,3.0961,Friday,16,9,Autumn,0
10023456782,2024-09-06 17:00:00,2024-09-06,17:00:00,4.0242,Friday,17,9,Autumn,0
10023456782,2024-09-06 18:00:00,2024-09-06,18:00:00,4.0059,Friday,18,9,Autumn,0
10023456782,2024-09-06 19:00:00,2024-09-06,19:00:00,3.6411,Friday,19,9,Autumn,0
10023456782,2024-09-06 20:00:00,2024-09-06,20:00:00,2.9479,Friday,20,9,Autumn,0
10023456782,2024-09-06 21:00:00,2024-09-06,21:00:00,3.0253,Friday,21,9,Autumn,0
10023456782,2024-09-06 22:00:00,2024-09-06,22:00:00,2.2086,Friday,22,9,Autumn,0
10023456782,2024-09-06 23:00:00,2024-09-06,23:00:00,1.5953,Friday,23,9,Autumn,0
10023456782,2024-09-07 00:00:00,2024-09-07,00:00:00,0.7327,Saturday,0,9,Autumn,0
10023456782,2024-09-07 01:00:00,2024-09-07,01:00:00,0.9606,Saturday,1,9,Autumn,0
10023456782,2024-09-07 02:00:00,2024-09-07,02:00:00,0.8235,Saturday,2,9,Autumn,0
10023456782,2024-09-07 03:00:00,2024-09-07,03:00:00,0.7014,Saturday,3,9,Autumn,0
10023456782,2024-09-07 04:00:00,2024-09-07,04:00:00,0.5966,Saturday,4,9,Autumn,0
10023456782,2024-09-07 05:00:00,2024-09-07,05:00:00,1.0894,Saturday,5,9,Autumn,0
10023456782,2024-09-07 06:00:00,2024-09-07,06:00:00,1.6273,Saturday,6,9,Autumn,0
10023456782,2024-09-07 07:00:00,2024-09-07,07:00:00,1.6885,Saturday,7,9,Autumn,0
10023456782,2024-09-07 08:00:00,2024-09-07,08:00:00,1.9434,Saturday,8,9,Autumn,0
10023456782,2024-09-07 09:00:00,2024-09-07,09:00:00,2.1502,Saturday,9,9,Autumn,0
10023456782,2024-09-07 10:00:00,2024-09-07,10:00:00,1.9955,Saturday,10,9,Autumn,0
10023456782,2024-09-07 11:00:00,2024-09-07,11:00:00,2.2548,Saturday,11,9,Autumn,0
10023456782,2024-09-07 12:00:00,2024-09-07,12:00:00,2.0687,Saturday,12,9,Autumn,0
10023456782,2024-09-07 13:00:00,2024-09-07,13:00:00,1.9948,Saturday,13,9,Autumn,0
10023456782,2024-09-07 14:00:00,2024-09-07,14:00:00,1.6402,Saturday,14,9,Autumn,0
10023456782,2024-09-07 15:00:00,2024-09-07,15:00:00,1.8332,Saturday,15,9,Autumn,0
10023456782,2024-09-07 16:00:00,2024-09-07,16:00:00,2.4487,Saturday,16,9,Autumn,0
10023456782,2024-09-07 17:00:00,2024-09-07,17:00:00,2.1804,Saturday,17,9,Autumn,0
10023456782,2024-09-07 18:00:00,2024-09-07,18:00:00,2.6008,Saturday,18,9,Autumn,0
10023456782,2024-09-07 19:00:00,2024-09-07,19:00:00,2.4043,Saturday,19,9,Autumn,0
10023456782,2024-09-07 20:00:00,2024-09-07,20:00:00,2.2870,Saturday,20,9,Autumn,0
10023456782,2024-09-07 21:00:00,2024-09-07,21:00:00,2.1465,Saturday,21,9,Autumn,0
10023456782,2024-09-07 22:00:00,2024-09-07,22:00:00,1.6625,Saturday,22,9,Autumn,0
10023456782,2024-09-07 23:00:00,2024-09-07,23:00:00,0.9959,Saturday,23,9,Autumn,0
10023456782,2024-09-08 00:00:00,2024-09-08,00:00:00,1.3251,Sunday,0,9,Autumn,0
10023456782,2024-09-08 01:00:00,2024-09-08,01:00:00,0.8711,Sunday,1,9,Autumn,0
10023456782,2024-09-08 02:00:00,2024-09-08,02:00:00,1.0918,Sunday,2,9,Autumn,0
10023456782,2024-09-08 03:00:00,2024-09-08,03:00:00,0.8756,Sunday,3,9,Autumn,0
10023456782,2024-09-08 04:00:00,2024-09-08,04:00:00,1.2132,Sunday,4,9,Autumn,0
10023456782,2024-09-08 05:00:00,2024-09-08,05:00:00,1.1231,Sunday,5,9,Autumn,0
10023456782,2024-09-08 06:00:00,2024-09-08,06:00:00,1.5494,Sunday,6,9,Autumn,0
10023456782,2024-09-08 07:00:00,2024-09-08,07:00:00,2.4987,Sunday,7,9,Autumn,0
10023456782,2024-09-08 08:00:00,2024-09-08,08:00:00,2.8844,Sunday,8,9,Autumn,0
10023456782,2024-09-08 09:00:00,2024-09-08,09:00:00,3.0069,Sunday,9,9,Autumn,0
10023456782,2024-09-08 10:00:00,2024-09-08,10:00:00,3.3021,Sunday,10,9,Autumn,0
10023456782,2024-09-08 11:00:00,2024-09-08,11:00:00,2.3176,Sunday,11,9,Autumn,0
10023456782,2024-09-08 12:00:00,2024-09-08,12:00:00,3.0249,Sunday,12,9,Autumn,0
10023456782,2024-09-08 13:00:00,2024-09-08,13:00:00,2.5960,Sunday,13,9,Autumn,0
10023456782,2024-09-08 14:00:00,2024-09-08,14:00:00,2.6955,Sunday,14,9,Autumn,0
10023456782,2024-09-08 15:00:00,2024-09-08,15:00:00,2.0091,Sunday,15,9,Autumn,0
10023456782,2024-09-08 16:00:00,2024-09-08,16:00:00,2.9506,Sunday,16,9,Autumn,0
10023456782,2024-09-08 17:00:00,2024-09-08,17:00:00,2.9786,Sunday,17,9,Autumn,0
10023456782,2024-09-08 18:00:00,2024-09-08,18:00:00,3.6607,Sunday,18,9,Autumn,0
10023456782,2024-09-08 19:00:00,2024-09-08,19:00:00,3.9846,Sunday,19,9,Autumn,0
10023456782,2024-09-08 20:00:00,2024-09-08,20:00:00,3.2084,Sunday,20,9,Autumn,0
10023456782,2024-09-08 21:00:00,2024-09-08,21:00:00,2.5010,Sunday,21,9,Autumn,0
10023456782,2024-09-08 22:00:00,2024-09-08,22:00:00,1.7367,Sunday,22,9,Autumn,0
10023456782,2024-09-08 23:00:00,2024-09-08,23:00:00,1.3699,Sunday,23,9,Autumn,0
10023456782,2024-09-09 00:00:00,2024-09-09,00:00:00,1.1130,Monday,0,9,Autumn,0
10023456782,2024-09-09 01:00:00,2024-09-09,01:00:00,0.9672,Monday,1,9,Autumn,0
10023456782,2024-09-09 02:00:00,2024-09-09,02:00:00,0.6882,Monday,2,9,Autumn,0
10023456782,2024-09-09 03:00:00,2024-09-09,03:00:00,1.0801,Monday,3,9,Autumn,0
10023456782,2024-09-09 04:00:00,2024-09-09,04:00:00,1.2839,Monday,4,9,Autumn,0
10023456782,2024-09-09 05:00:00,2024-09-09,05:00:00,1.3264,Monday,5,9,Autumn,0
10023456782,2024-09-09 06:00:00,2024-09-09,06:00:00,5.9618,Monday,6,9,Autumn,1
10023456782,2024-09-09 07:00:00,2024-09-09,07:00:00,3.8725,Monday,7,9,Autumn,0
10023456782,2024-09-09 08:00:00,2024-09-09,08:00:00,4.0073,Monday,8,9,Autumn,0
10023456782,2024-09-09 09:00:00,2024-09-09,09:00:00,3.2805,Monday,9,9,Autumn,0
10023456782,2024-09-09 10:00:00,2024-09-09,10:00:00,3.8759,Monday,10,9,Autumn,0
10023456782,2024-09-09 11:00:00,2024-09-09,11:00:00,2.8644,Monday,11,9,Autumn,0
10023456782,2024-09-09 12:00:00,2024-09-09,12:00:00,2.5078,Monday,12,9,Autumn,0
10023456782,2024-09-09 13:00:00,2024-09-09,13:00:00,2.6463,Monday,13,9,Autumn,0
10023456782,2024-09-09 14:00:00,2024-09-09,14:00:00,2.3086,Monday,14,9,Autumn,0
10023456782,2024-09-09 15:00:00,2024-09-09,15:00:00,2.9055,Monday,15,9,Autumn,0
10023456782,2024-09-09 16:00:00,2024-09-09,16:00:00,2.9767,Monday,16,9,Autumn,0
10023456782,2024-09-09 17:00:00,2024-09-09,17:00:00,4.1803,Monday,17,9,Autumn,0
10023456782,2024-09-09 18:00:00,2024-09-09,18:00:00,3.5419,Monday,18,9,Autumn,0
10023456782,2024-09-09 19:00:00,2024-09-09,19:00:00,3.0794,Monday,19,9,Autumn,0
10023456782,2024-09-09 20:00:00,2024-09-09,20:00:00,3.5289,Monday,20,9,Autumn,0
10023456782,2024-09-09 21:00:00,2024-09-09,21:00:00,2.7342,Monday,21,9,Autumn,0
10023456782,2024-09-09 22:00:00,2024-09-09,22:00:00,1.8987,Monday,22,9,Autumn,0
10023456782,2024-09-09 23:00:00,2024-09-09,23:00:00,1.3538,Monday,23,9,Autumn,0
10023456782,2024-09-10 00:00:00,2024-09-10,00:00:00,0.9385,Tuesday,0,9,Autumn,0
10023456782,2024-09-10 01:00:00,2024-09-10,01:00:00,1.0901,Tuesday,1,9,Autumn,0
10023456782,2024-09-10 02:00:00,2024-09-10,02:00:00,1.2006,Tuesday,2,9,Autumn,0
10023456782,2024-09-10 03:00:00,2024-09-10,03:00:00,0.9879,Tuesday,3,9,Autumn,0
10023456782,2024-09-10 04:00:00,2024-09-10,04:00:00,1.2579,Tuesday,4,9,Autumn,0
10023456782,2024-09-10 05:00:00,2024-09-10,05:00:00,1.5841,Tuesday,5,9,Autumn,0
10023456782,2024-09-10 06:00:00,2024-09-10,06:00:00,2.8909,Tuesday,6,9,Autumn,0
10023456782,2024-09-10 07:00:00,2024-09-10,07:00:00,4.2916,Tuesday,7,9,Autumn,0
10023456782,2024-09-10 08:00:00,2024-09-10,08:00:00,3.7557,Tuesday,8,9,Autumn,0
10023456782,2024-09-10 09:00:00,2024-09-10,09:00:00,3.9023,Tuesday,9,9,Autumn,0
10023456782,2024-09-10 10:00:00,2024-09-10,10:00:00,3.2671,Tuesday,10,9,Autumn,0
10023456782,2024-09-10 11:00:00,2024-09-10,11:00:00,3.3171,Tuesday,11,9,Autumn,0
10023456782,2024-09-10 12:00:00,2024-09-10,12:00:00,3.5966,Tuesday,12,9,Autumn,0
10023456782,2024-09-10 13:00:00,2024-09-10,13:00:00,3.2734,Tuesday,13,9,Autumn,0
10023456782,2024-09-10 14:00:00,2024-09-10,14:00:00,3.6446,Tuesday,14,9,Autumn,0
10023456782,2024-09-10 15:00:00,2024-09-10,15:00:00,3.1168,Tuesday,15,9,Autumn,0
10023456782,2024-09-10 16:00:00,2024-09-10,16:00:00,4.1651,Tuesday,16,9,Autumn,0
10023456782,2024-09-10 17:00:00,2024-09-10,17:00:00,4.0157,Tuesday,17,9,Autumn,0
10023456782,2024-09-10 18:00:00,2024-09-10,18:00:00,4.4771,Tuesday,18,9,Autumn,0
10023456782,2024-09-10 19:00:00,2024-09-10,19:00:00,4.2384,Tuesday,19,9,Autumn,0
10023456782,2024-09-10 20:00:00,2024-09-10,20:00:00,3.7778,Tuesday,20,9,Autumn,0
10023456782,2024-09-10 21:00:00,2024-09-10,21:00:00,2.8524,Tuesday,21,9,Autumn,0
10023456782,2024-09-10 22:00:00,2024-09-10,22:00:00,2.1571,Tuesday,22,9,Autumn,0
10023456782,2024-09-10 23:00:00,2024-09-10,23:00:00,1.2758,Tuesday,23,9,Autumn,0
10023456782,2024-09-11 00:00:00,2024-09-11,00:00:00,1.5492,Wednesday,0,9,Autumn,0
10023456782,2024-09-11 01:00:00,2024-09-11,01:00:00,1.1056,Wednesday,1,9,Autumn,0
10023456782,2024-09-11 02:00:00,2024-09-11,02:00:00,1.0175,Wednesday,2,9,Autumn,0
10023456782,2024-09-11 03:00:00,2024-09-11,03:00:00,1.3120,Wednesday,3,9,Autumn,0
10023456782,2024-09-11 04:00:00,2024-09-11,04:00:00,1.4295,Wednesday,4,9,Autumn,0
10023456782,2024-09-11 05:00:00,2024-09-11,05:00:00,1.8617,Wednesday,5,9,Autumn,0
10023456782,2024-09-11 06:00:00,2024-09-11,06:00:00,2.9601,Wednesday,6,9,Autumn,0
10023456782,2024-09-11 07:00:00,2024-09-11,07:00:00,3.4003,Wednesday,7,9,Autumn,0
10023456782,2024-09-11 08:00:00,2024-09-11,08:00:00,4.3376,Wednesday,8,9,Autumn,0
10023456782,2024-09-11 09:00:00,2024-09-11,09:00:00,4.0070,Wednesday,9,9,Autumn,0
10023456782,2024-09-11 10:00:00,2024-09-11,10:00:00,3.8803,Wednesday,10,9,Autumn,0
10023456782,2024-09-11 11:00:00,2024-09-11,11:00:00,3.5143,Wednesday,11,9,Autumn,0
10023456782,2024-09-11 12:00:00,2024-09-11,12:00:00,3.6541,Wednesday,12,9,Autumn,0
10023456782,2024-09-11 13:00:00,2024-09-11,13:00:00,4.0745,Wednesday,13,9,Autumn,0
10023456782,2024-09-11 14:00:00,2024-09-11,14:00:00,3.3027,Wednesday,14,9,Autumn,0
10023456782,2024-09-11 15:00:00,2024-09-11,15:00:00,4.1684,Wednesday,15,9,Autumn,0
10023456782,2024-09-11 16:00:00,2024-09-11,16:00:00,4.2131,Wednesday,16,9,Autumn,0
10023456782,2024-09-11 17:00:00,2024-09-11,17:00:00,4.6173,Wednesday,17,9,Autumn,0
10023456782,2024-09-11 18:00:00,2024-09-11,18:00:00,4.9204,Wednesday,18,9,Autumn,0
10023456782,2024-09-11 19:00:00,2024-09-11,19:00:00,3.6848,Wednesday,19,9,Autumn,0
10023456782,2024-09-11 20:00:00,2024-09-11,20:00:00,2.9426,Wednesday,20,9,Autumn,0
10023456782,2024-09-11 21:00:00,2024-09-11,21:00:00,2.6409,Wednesday,21,9,Autumn,0
10023456782,2024-09-11 22:00:00,2024-09-11,22:00:00,2.5678,Wednesday,22,9,Autumn,0
10023456782,2024-09-11 23:00:00,2024-09-11,23:00:00,1.3754,Wednesday,23,9,Autumn,0
10023456782,2024-09-12 00:00:00,2024-09-12,00:00:00,1.3877,Thursday,0,9,Autumn,0
10023456782,2024-09-12 01:00:00,2024-09-12,01:00:00,1.0977,Thursday,1,9,Autumn,0
10023456782,2024-09-12 02:00:00,2024-09-12,02:00:00,1.3366,Thursday,2,9,Autumn,0
10023456782,2024-09-12 03:00:00,2024-09-12,03:00:00,1.1118,Thursday,3,9,Autumn,0
10023456782,2024-09-12 04:00:00,2024-09-12,04:00:00,1.3022,Thursday,4,9,Autumn,0
10023456782,2024-09-12 05:00:00,2024-09-12,05:00:00,2.2933,Thursday,5,9,Autumn,0
10023456782,2024-09-12 06:00:00,2024-09-12,06:00:00,2.9548,Thursday,6,9,Autumn,0
10023456782,2024-09-12 07:00:00,2024-09-12,07:00:00,4.0602,Thursday,7,9,Autumn,0
10023456782,2024-09-12 08:00:00,2024-09-12,08:00:00,4.3759,Thursday,8,9,Autumn,0
10023456782,2024-09-12 09:00:00,2024-09-12,09:00:00,4.9995,Thursday,9,9,Autumn,0
10023456782,2024-09-12 10:00:00,2024-09-12,10:00:00,3.3223,Thursday,10,9,Autumn,0
10023456782,2024-09-12 11:00:00,2024-09-12,11:00:00,3.9965,Thursday,11,9,Autumn,0
10023456782,2024-09-12 12:00:00,2024-09-12,12:00:00,3.2652,Thursday,12,9,Autumn,0
10023456782,2024-09-12 13:00:00,2024-09-12,13:00:00,3.6707,Thursday,13,9,Autumn,0
10023456782,2024-09-12 14:00:00,2024-09-12,14:00:00,3.6625,Thursday,14,9,Autumn,0
10023456782,2024-09-12 15:00:00,2024-09-12,15:00:00,3.4193,Thursday,15,9,Autumn,0
10023456782,2024-09-12 16:00:00,2024-09-12,16:00:00,4.5784,Thursday,16,9,Autumn,0
10023456782,2024-09-12 17:00:00,2024-09-12,17:00:00,12.2392,Thursday,17,9,Autumn,1
10023456782,2024-09-12 18:00:00,2024-09-12,18:00:00,12.4067,Thursday,18,9,Autumn,1
10023456782,2024-09-12 19:00:00,2024-09-12,19:00:00,10.6887,Thursday,19,9,Autumn,1
10023456782,2024-09-12 20:00:00,2024-09-12,20:00:00,3.6751,Thursday,20,9,Autumn,0
10023456782,2024-09-12 21:00:00,2024-09-12,21:00:00,3.3847,Thursday,21,9,Autumn,0
10023456782,2024-09-12 22:00:00,2024-09-12,22:00:00,2.2097,Thursday,22,9,Autumn,0
10023456782,2024-09-12 23:00:00,2024-09-12,23:00:00,1.7025,Thursday,23,9,Autumn,0
10023456782,2024-09-13 00:00:00,2024-09-13,00:00:00,1.2443,Friday,0,9,Autumn,0
10023456782,2024-09-13 01:00:00,2024-09-13,01:00:00,1.2279,Friday,1,9,Autumn,0
10023456782,2024-09-13 02:00:00,2024-09-13,02:00:00,0.8543,Friday,2,9,Autumn,0
10023456782,2024-09-13 03:00:00,2024-09-13,03:00:00,1.0454,Friday,3,9,Autumn,0
10023456782,2024-09-13 04:00:00,2024-09-13,04:00:00,1.4323,Friday,4,9,Autumn,0
10023456782,2024-09-13 05:00:00,2024-09-13,05:00:00,1.8159,Friday,5,9,Autumn,0
10023456782,2024-09-13 06:00:00,2024-09-13,06:00:00,3.8146,Friday,6,9,Autumn,0
10023456782,2024-09-13 07:00:00,2024-09-13,07:00:00,3.7139,Friday,7,9,Autumn,0
10023456782,2024-09-13 08:00:00,2024-09-13,08:00:00,4.7642,Friday,8,9,Autumn,0
10023456782,2024-09-13 09:00:00,2024-09-13,09:00:00,4.5653,Friday,9,9,Autumn,0
10023456782,2024-09-13 10:00:00,2024-09-13,10:00:00,3.9413,Friday,10,9,Autumn,0
10023456782,2024-09-13 11:00:00,2024-09-13,11:00:00,3.1306,Friday,11,9,Autumn,0
10023456782,2024-09-13 12:00:00,2024-09-13,12:00:00,3.0178,Friday,12,9,Autumn,0
10023456782,2024-09-13 13:00:00,2024-09-13,13:00:00,3.1116,Friday,13,9,Autumn,0
10023456782,2024-09-13 14:00:00,2024-09-13,14:00:00,3.7791,Friday,14,9,Autumn,0
10023456782,2024-09-13 15:00:00,2024-09-13,15:00:00,3.4314,Friday,15,9,Autumn,0
10023456782,2024-09-13 16:00:00,2024-09-13,16:00:00,3.3444,Friday,16,9,Autumn,0
10023456782,2024-09-13 17:00:00,2024-09-13,17:00:00,4.4028,Friday,17,9,Autumn,0
10023456782,2024-09-13 18:00:00,2024-09-13,18:00:00,4.5204,Friday,18,9,Autumn,0
10023456782,2024-09-13 19:00:00,2024-09-13,19:00:00,4.5804,Friday,19,9,Autumn,0
10023456782,2024-09-13 20:00:00,2024-09-13,20:00:00,3.3115,Friday,20,9,Autumn,0
10023456782,2024-09-13 21:00:00,2024-09-13,21:00:00,3.3164,Friday,21,9,Autumn,0
10023456782,2024-09-13 22:00:00,2024-09-13,22:00:00,2.2538,Friday,22,9,Autumn,0
10023456782,2024-09-13 23:00:00,2024-09-13,23:00:00,1.6471,Friday,23,9,Autumn,0
10023456782,2024-09-14 00:00:00,2024-09-14,00:00:00,1.1159,Saturday,0,9,Autumn,0
10023456782,2024-09-14 01:00:00,2024-09-14,01:00:00,1.0236,Saturday,1,9,Autumn,0
10023456782,2024-09-14 02:00:00,2024-09-14,02:00:00,1.2580,Saturday,2,9,Autumn,0
10023456782,2024-09-14 03:00:00,2024-09-14,03:00:00,1.0773,Saturday,3,9,Autumn,0
10023456782,2024-09-14 04:00:00,2024-09-14,04:00:00,1.2317,Saturday,4,9,Autumn,0
10023456782,2024-09-14 05:00:00,2024-09-14,05:00:00,1.3873,Saturday,5,9,Autumn,0
10023456782,2024-09-14 06:00:00,2024-09-14,06:00:00,2.0426,Saturday,6,9,Autumn,0
10023456782,2024-09-14 07:00:00,2024-09-14,07:00:00,2.6520,Saturday,7,9,Autumn,0
10023456782,2024-09-14 08:00:00,2024-09-14,08:00:00,3.0316,Saturday,8,9,Autumn,0
10023456782,2024-09-14 09:00:00,2024-09-14,09:00:00,3.4435,Saturday,9,9,Autumn,0
10023456782,2024-09-14 10:00:00,2024-09-14,10:00:00,3.7098,Saturday,10,9,Autumn,0
10023456782,2024-09-14 11:00:00,2024-09-14,11:00:00,2.9030,Saturday,11,9,Autumn,0
10023456782,2024-09-14 12:00:00,2024-09-14,12:00:00,2.9331,Saturday,12,9,Autumn,0
10023456782,2024-09-14 13:00:00,2024-09-14,13:00:00,3.2844,Saturday,13,9,Autumn,0
10023456782,2024-09-14 14:00:00,2024-09-14,14:00:00,2.9327,Saturday,14,9,Autumn,0
10023456782,2024-09-14 15:00:00,2024-09-14,15:00:00,3.0158,Saturday,15,9,Autumn,0
10023456782,2024-09-14 16:00:00,2024-09-14,16:00:00,3.2153,Saturday,16,9,Autumn,0
10023456782,2024-09-14 17:00:00,2024-09-14,17:00:00,2.9509,Saturday,17,9,Autumn,0
10023456782,2024-09-14 18:00:00,2024-09-14,18:00:00,4.0315,Saturday,18,9,Autumn,0
10023456782,2024-09-14 19:00:00,2024-09-14,19:00:00,4.0667,Saturday,19,9,Autumn,0
10023456782,2024-09-14 20:00:00,2024-09-14,20:00:00,4.0153,Saturday,20,9,Autumn,0
10023456782,2024-09-14 21:00:00,2024-09-14,21:00:00,2.8661,Saturday,21,9,Autumn,0
10023456782,2024-09-14 22:00:00,2024-09-14,22:00:00,2.2036,Saturday,22,9,Autumn,0
10023456782,2024-09-14 23:00:00,2024-09-14,23:00:00,1.6449,Saturday,23,9,Autumn,0
10023456782,2024-09-15 00:00:00,2024-09-15,00:00:00,1.2072,Sunday,0,9,Autumn,0
10023456782,2024-09-15 01:00:00,2024-09-15,01:00:00,1.3100,Sunday,1,9,Autumn,0
10023456782,2024-09-15 02:00:00,2024-09-15,02:00:00,1.0490,Sunday,2,9,Autumn,0
10023456782,2024-09-15 03:00:00,2024-09-15,03:00:00,0.9771,Sunday,3,9,Autumn,0
10023456782,2024-09-15 04:00:00,2024-09-15,04:00:00,0.9953,Sunday,4,9,Autumn,0
10023456782,2024-09-15 05:00:00,2024-09-15,05:00:00,1.4771,Sunday,5,9,Autumn,0
10023456782,2024-09-15 06:00:00,2024-09-15,06:00:00,1.7192,Sunday,6,9,Autumn,0
10023456782,2024-09-15 07:00:00,2024-09-15,07:00:00,1.8520,Sunday,7,9,Autumn,0
10023456782,2024-09-15 08:00:00,2024-09-15,08:00:00,2.5970,Sunday,8,9,Autumn,0
10023456782,2024-09-15 09:00:00,2024-09-15,09:00:00,2.9694,Sunday,9,9,Autumn,0
10023456782,2024-09-15 10:00:00,2024-09-15,10:00:00,3.2195,Sunday,10,9,Autumn,0
10023456782,2024-09-15 11:00:00,2024-09-15,11:00:00,2.9091,Sunday,11,9,Autumn,0
10023456782,2024-09-15 12:00:00,2024-09-15,12:00:00,2.5849,Sunday,12,9,Autumn,0
10023456782,2024-09-15 13:00:00,2024-09-15,13:00:00,2.4388,Sunday,13,9,Autumn,0
10023456782,2024-09-15 14:00:00,2024-09-15,14:00:00,9.0299,Sunday,14,9,Autumn,1
10023456782,2024-09-15 15:00:00,2024-09-15,15:00:00,2.6988,Sunday,15,9,Autumn,0
10023456782,2024-09-15 16:00:00,2024-09-15,16:00:00,2.3429,Sunday,16,9,Autumn,0
10023456782,2024-09-15 17:00:00,2024-09-15,17:00:00,3.2526,Sunday,17,9,Autumn,0
10023456782,2024-09-15 18:00:00,2024-09-15,18:00:00,3.3946,Sunday,18,9,Autumn,0
10023456782,2024-09-15 19:00:00,2024-09-15,19:00:00,3.2608,Sunday,19,9,Autumn,0
10023456782,2024-09-15 20:00:00,2024-09-15,20:00:00,3.2443,Sunday,20,9,Autumn,0
10023456782,2024-09-15 21:00:00,2024-09-15,21:00:00,2.7617,Sunday,21,9,Autumn,0
10023456782,2024-09-15 22:00:00,2024-09-15,22:00:00,1.8616,Sunday,22,9,Autumn,0
10023456782,2024-09-15 23:00:00,2024-09-15,23:00:00,1.0979,Sunday,23,9,Autumn,0
10023456782,2024-09-16 00:00:00,2024-09-16,00:00:00,1.5496,Monday,0,9,Autumn,0
10023456782,2024-09-16 01:00:00,2024-09-16,01:00:00,2.5841,Monday,1,9,Autumn,1
10023456782,2024-09-16 02:00:00,2024-09-16,02:00:00,3.2112,Monday,2,9,Autumn,1
10023456782,2024-09-16 03:00:00,2024-09-16,03:00:00,3.3888,Monday,3,9,Autumn,1
10023456782,2024-09-16 04:00:00,2024-09-16,04:00:00,3.4813,Monday,4,9,Autumn,1
10023456782,2024-09-16 05:00:00,2024-09-16,05:00:00,4.1115,Monday,5,9,Autumn,1
10023456782,2024-09-16 06:00:00,2024-09-16,06:00:00,2.5801,Monday,6,9,Autumn,0
10023456782,2024-09-16 07:00:00,2024-09-16,07:00:00,3.6377,Monday,7,9,Autumn,0
10023456782,2024-09-16 08:00:00,2024-09-16,08:00:00,4.2617,Monday,8,9,Autumn,0
10023456782,2024-09-16 09:00:00,2024-09-16,09:00:00,4.2201,Monday,9,9,Autumn,0
10023456782,2024-09-16 10:00:00,2024-09-16,10:00:00,3.9743,Monday,10,9,Autumn,0
10023456782,2024-09-16 11:00:00,2024-09-16,11:00:00,3.3871,Monday,11,9,Autumn,0
10023456782,2024-09-16 12:00:00,2024-09-16,12:00:00,3.1511,Monday,12,9,Autumn,0
10023456782,2024-09-16 13:00:00,2024-09-16,13:00:00,3.1709,Monday,13,9,Autumn,0
10023456782,2024-09-16 14:00:00,2024-09-16,14:00:00,3.0302,Monday,14,9,Autumn,0
10023456782,2024-09-16 15:00:00,2024-09-16,15:00:00,3.4003,Monday,15,9,Autumn,0
10023456782,2024-09-16 16:00:00,2024-09-16,16:00:00,3.3439,Monday,16,9,Autumn,0
10023456782,2024-09-16 17:00:00,2024-09-16,17:00:00,5.1370,Monday,17,9,Autumn,0
10023456782,2024-09-16 18:00:00,2024-09-16,18:00:00,4.5983,Monday,18,9,Autumn,0
10023456782,2024-09-16 19:00:00,2024-09-16,19:00:00,3.6936,Monday,19,9,Autumn,0
10023456782,2024-09-16 20:00:00,2024-09-16,20:00:00,10.1384,Monday,20,9,Autumn,1
10023456782,2024-09-16 21:00:00,2024-09-16,21:00:00,2.7630,Monday,21,9,Autumn,0
10023456782,2024-09-16 22:00:00,2024-09-16,22:00:00,2.1288,Monday,22,9,Autumn,0
10023456782,2024-09-16 23:00:00,2024-09-16,23:00:00,1.3141,Monday,23,9,Autumn,0
10023456782,2024-09-17 00:00:00,2024-09-17,00:00:00,1.3929,Tuesday,0,9,Autumn,0
10023456782,2024-09-17 01:00:00,2024-09-17,01:00:00,1.0736,Tuesday,1,9,Autumn,0
10023456782,2024-09-17 02:00:00,2024-09-17,02:00:00,0.7860,Tuesday,2,9,Autumn,0
10023456782,2024-09-17 03:00:00,2024-09-17,03:00:00,1.0751,Tuesday,3,9,Autumn,0
10023456782,2024-09-17 04:00:00,2024-09-17,04:00:00,1.4696,Tuesday,4,9,Autumn,0
10023456782,2024-09-17 05:00:00,2024-09-17,05:00:00,1.8697,Tuesday,5,9,Autumn,0
10023456782,2024-09-17 06:00:00,2024-09-17,06:00:00,2.8958,Tuesday,6,9,Autumn,0
10023456782,2024-09-17 07:00:00,2024-09-17,07:00:00,4.7656,Tuesday,7,9,Autumn,0
10023456782,2024-09-17 08:00:00,2024-09-17,08:00:00,3.8298,Tuesday,8,9,Autumn,0
10023456782,2024-09-17 09:00:00,2024-09-17,09:00:00,4.3081,Tuesday,9,9,Autumn,0
10023456782,2024-09-17 10:00:00,2024-09-17,10:00:00,3.1908,Tuesday,10,9,Autumn,0
10023456782,2024-09-17 11:00:00,2024-09-17,11:00:00,4.0959,Tuesday,11,9,Autumn,0
10023456782,2024-09-17 12:00:00,2024-09-17,12:00:00,2.9353,Tuesday,12,9,Autumn,0
10023456782,2024-09-17 13:00:00,2024-09-17,13:00:00,3.5821,Tuesday,13,9,Autumn,0
10023456782,2024-09-17 14:00:00,2024-09-17,14:00:00,3.9575,Tuesday,14,9,Autumn,0
10023456782,2024-09-17 15:00:00,2024-09-17,15:00:00,3.2333,Tuesday,15,9,Autumn,0
10023456782,2024-09-17 16:00:00,2024-09-17,16:00:00,3.7755,Tuesday,16,9,Autumn,0
10023456782,2024-09-17 17:00:00,2024-09-17,17:00:00,4.3642,Tuesday,17,9,Autumn,0
10023456782,2024-09-17 18:00:00,2024-09-17,18:00:00,4.8501,Tuesday,18,9,Autumn,0
10023456782,2024-09-17 19:00:00,2024-09-17,19:00:00,3.9634,Tuesday,19,9,Autumn,0
10023456782,2024-09-17 20:00:00,2024-09-17,20:00:00,4.0715,Tuesday,20,9,Autumn,0
10023456782,2024-09-17 21:00:00,2024-09-17,21:00:00,2.5027,Tuesday,21,9,Autumn,0
10023456782,2024-09-17 22:00:00,2024-09-17,22:00:00,2.4946,Tuesday,22,9,Autumn,0
10023456782,2024-09-17 23:00:00,2024-09-17,23:00:00,1.8781,Tuesday,23,9,Autumn,0
10023456782,2024-09-18 00:00:00,2024-09-18,00:00:00,1.8804,Wednesday,0,9,Autumn,0
10023456782,2024-09-18 01:00:00,2024-09-18,01:00:00,1.3633,Wednesday,1,9,Autumn,0
10023456782,2024-09-18 02:00:00,2024-09-18,02:00:00,1.3291,Wednesday,2,9,Autumn,0
10023456782,2024-09-18 03:00:00,2024-09-18,03:00:00,1.2694,Wednesday,3,9,Autumn,0
10023456782,2024-09-18 04:00:00,2024-09-18,04:00:00,1.6331,Wednesday,4,9,Autumn,0
10023456782,2024-09-18 05:00:00,2024-09-18,05:00:00,2.6798,Wednesday,5,9,Autumn,0
10023456782,2024-09-18 06:00:00,2024-09-18,06:00:00,3.9617,Wednesday,6,9,Autumn,0
10023456782,2024-09-18 07:00:00,2024-09-18,07:00:00,4.9487,Wednesday,7,9,Autumn,0
10023456782,2024-09-18 08:00:00,2024-09-18,08:00:00,4.5305,Wednesday,8,9,Autumn,0
10023456782,2024-09-18 09:00:00,2024-09-18,09:00:00,4.2288,Wednesday,9,9,Autumn,0
10023456782,2024-09-18 10:00:00,2024-09-18,10:00:00,4.5143,Wednesday,10,9,Autumn,0
10023456782,2024-09-18 11:00:00,2024-09-18,11:00:00,3.5247,Wednesday,11,9,Autumn,0
10023456782,2024-09-18 12:00:00,2024-09-18,12:00:00,4.2872,Wednesday,12,9,Autumn,0
10023456782,2024-09-18 13:00:00,2024-09-18,13:00:00,3.8473,Wednesday,13,9,Autumn,0
10023456782,2024-09-18 14:00:00,2024-09-18,14:00:00,4.8610,Wednesday,14,9,Autumn,0
10023456782,2024-09-18 15:00:00,2024-09-18,15:00:00,4.8085,Wednesday,15,9,Autumn,0
10023456782,2024-09-18 16:00:00,2024-09-18,16:00:00,4.9861,Wednesday,16,9,Autumn,0
10023456782,2024-09-18 17:00:00,2024-09-18,17:00:00,5.1431,Wednesday,17,9,Autumn,0
10023456782,2024-09-18 18:00:00,2024-09-18,18:00:00,6.0136,Wednesday,18,9,Autumn,0
10023456782,2024-09-18 19:00:00,2024-09-18,19:00:00,5.5008,Wednesday,19,9,Autumn,0
10023456782,2024-09-18 20:00:00,2024-09-18,20:00:00,4.7515,Wednesday,20,9,Autumn,0
10023456782,2024-09-18 21:00:00,2024-09-18,21:00:00,3.3923,Wednesday,21,9,Autumn,0
10023456782,2024-09-18 22:00:00,2024-09-18,22:00:00,2.6389,Wednesday,22,9,Autumn,0
10023456782,2024-09-18 23:00:00,2024-09-18,23:00:00,2.0014,Wednesday,23,9,Autumn,0
10023456782,2024-09-19 00:00:00,2024-09-19,00:00:00,1.8641,Thursday,0,9,Autumn,0
10023456782,2024-09-19 01:00:00,2024-09-19,01:00:00,2.2281,Thursday,1,9,Autumn,0
10023456782,2024-09-19 02:00:00,2024-09-19,02:00:00,1.6529,Thursday,2,9,Autumn,0
10023456782,2024-09-19 03:00:00,2024-09-19,03:00:00,1.7044,Thursday,3,9,Autumn,0
10023456782,2024-09-19 04:00:00,2024-09-19,04:00:00,2.1423,Thursday,4,9,Autumn,0
10023456782,2024-09-19 05:00:00,2024-09-19,05:00:00,2.6080,Thursday,5,9,Autumn,0
10023456782,2024-09-19 06:00:00,2024-09-19,06:00:00,4.2884,Thursday,6,9,Autumn,0
10023456782,2024-09-19 07:00:00,2024-09-19,07:00:00,5.7710,Thursday,7,9,Autumn,0
10023456782,2024-09-19 08:00:00,2024-09-19,08:00:00,6.0389,Thursday,8,9,Autumn,0
10023456782,2024-09-19 09:00:00,2024-09-19,09:00:00,6.8706,Thursday,9,9,Autumn,0
10023456782,2024-09-19 10:00:00,2024-09-19,10:00:00,5.2214,Thursday,10,9,Autumn,0
10023456782,2024-09-19 11:00:00,2024-09-19,11:00:00,6.2782,Thursday,11,9,Autumn,0
10023456782,2024-09-19 12:00:00,2024-09-19,12:00:00,5.6537,Thursday,12,9,Autumn,0
10023456782,2024-09-19 13:00:00,2024-09-19,13:00:00,5.4070,Thursday,13,9,Autumn,0
10023456782,2024-09-19 14:00:00,2024-09-19,14:00:00,4.6698,Thursday,14,9,Autumn,0
10023456782,2024-09-19 15:00:00,2024-09-19,15:00:00,6.0390,Thursday,15,9,Autumn,0
10023456782,2024-09-19 16:00:00,2024-09-19,16:00:00,5.4460,Thursday,16,9,Autumn,0
10023456782,2024-09-19 17:00:00,2024-09-19,17:00:00,6.7461,Thursday,17,9,Autumn,0
10023456782,2024-09-19 18:00:00,2024-09-19,18:00:00,6.7837,Thursday,18,9,Autumn,0
10023456782,2024-09-19 19:00:00,2024-09-19,19:00:00,0.4692,Thursday,19,9,Autumn,1
10023456782,2024-09-19 20:00:00,2024-09-19,20:00:00,6.3282,Thursday,20,9,Autumn,0
10023456782,2024-09-19 21:00:00,2024-09-19,21:00:00,4.8973,Thursday,21,9,Autumn,0
10023456782,2024-09-19 22:00:00,2024-09-19,22:00:00,3.6691,Thursday,22,9,Autumn,0
10023456782,2024-09-19 23:00:00,2024-09-19,23:00:00,6.0989,Thursday,23,9,Autumn,1
10023456782,2024-09-20 00:00:00,2024-09-20,00:00:00,4.8562,Friday,0,9,Autumn,1
10023456782,2024-09-20 01:00:00,2024-09-20,01:00:00,3.2835,Friday,1,9,Autumn,1
10023456782,2024-09-20 02:00:00,2024-09-20,02:00:00,3.7431,Friday,2,9,Autumn,1
10023456782,2024-09-20 03:00:00,2024-09-20,03:00:00,3.8652,Friday,3,9,Autumn,1
10023456782,2024-09-20 04:00:00,2024-09-20,04:00:00,1.3843,Friday,4,9,Autumn,0
10023456782,2024-09-20 05:00:00,2024-09-20,05:00:00,2.1300,Friday,5,9,Autumn,0
10023456782,2024-09-20 06:00:00,2024-09-20,06:00:00,3.2521,Friday,6,9,Autumn,0
10023456782,2024-09-20 07:00:00,2024-09-20,07:00:00,4.6230,Friday,7,9,Autumn,0
10023456782,2024-09-20 08:00:00,2024-09-20,08:00:00,4.5936,Friday,8,9,Autumn,0
10023456782,2024-09-20 09:00:00,2024-09-20,09:00:00,4.9348,Friday,9,9,Autumn,0
10023456782,2024-09-20 10:00:00,2024-09-20,10:00:00,4.7894,Friday,10,9,Autumn,0
10023456782,2024-09-20 11:00:00,2024-09-20,11:00:00,4.8400,Friday,11,9,Autumn,0
10023456782,2024-09-20 12:00:00,2024-09-20,12:00:00,4.2244,Friday,12,9,Autumn,0
10023456782,2024-09-20 13:00:00,2024-09-20,13:00:00,3.7834,Friday,13,9,Autumn,0
10023456782,2024-09-20 14:00:00,2024-09-20,14:00:00,3.9967,Friday,14,9,Autumn,0
10023456782,2024-09-20 15:00:00,2024-09-20,15:00:00,4.2289,Friday,15,9,Autumn,0
10023456782,2024-09-20 16:00:00,2024-09-20,16:00:00,4.2955,Friday,16,9,Autumn,0
10023456782,2024-09-20 17:00:00,2024-09-20,17:00:00,5.0455,Friday,17,9,Autumn,0
10023456782,2024-09-20 18:00:00,2024-09-20,18:00:00,5.8388,Friday,18,9,Autumn,0
10023456782,2024-09-20 19:00:00,2024-09-20,19:00:00,6.0356,Friday,19,9,Autumn,0
10023456782,2024-09-20 20:00:00,2024-09-20,20:00:00,4.2978,Friday,20,9,Autumn,0
10023456782,2024-09-20 21:00:00,2024-09-20,21:00:00,3.9110,Friday,21,9,Autumn,0
10023456782,2024-09-20 22:00:00,2024-09-20,22:00:00,3.1759,Friday,22,9,Autumn,0
10023456782,2024-09-20 23:00:00,2024-09-20,23:00:00,2.4465,Friday,23,9,Autumn,0
10023456782,2024-09-21 00:00:00,2024-09-21,00:00:00,1.2197,Saturday,0,9,Autumn,0
10023456782,2024-09-21 01:00:00,2024-09-21,01:00:00,1.3946,Saturday,1,9,Autumn,0
10023456782,2024-09-21 02:00:00,2024-09-21,02:00:00,0.9939,Saturday,2,9,Autumn,0
10023456782,2024-09-21 03:00:00,2024-09-21,03:00:00,1.3695,Saturday,3,9,Autumn,0
10023456782,2024-09-21 04:00:00,2024-09-21,04:00:00,1.0839,Saturday,4,9,Autumn,0
10023456782,2024-09-21 05:00:00,2024-09-21,05:00:00,1.6322,Saturday,5,9,Autumn,0
10023456782,2024-09-21 06:00:00,2024-09-21,06:00:00,2.1810,Saturday,6,9,Autumn,0
10023456782,2024-09-21 07:00:00,2024-09-21,07:00:00,2.5925,Saturday,7,9,Autumn,0
10023456782,2024-09-21 08:00:00,2024-09-21,08:00:00,3.3807,Saturday,8,9,Autumn,0
10023456782,2024-09-21 09:00:00,2024-09-21,09:00:00,3.1135,Saturday,9,9,Autumn,0
10023456782,2024-09-21 10:00:00,2024-09-21,10:00:00,3.1766,Saturday,10,9,Autumn,0
10023456782,2024-09-21 11:00:00,2024-09-21,11:00:00,3.6166,Saturday,11,9,Autumn,0
10023456782,2024-09-21 12:00:00,2024-09-21,12:00:00,2.9681,Saturday,12,9,Autumn,0
10023456782,2024-09-21 13:00:00,2024-09-21,13:00:00,2.7868,Saturday,13,9,Autumn,0
10023456782,2024-09-21 14:00:00,2024-09-21,14:00:00,3.3696,Saturday,14,9,Autumn,0
10023456782,2024-09-21 15:00:00,2024-09-21,15:00:00,3.3911,Saturday,15,9,Autumn,0
10023456782,2024-09-21 16:00:00,2024-09-21,16:00:00,3.8487,Saturday,16,9,Autumn,0
10023456782,2024-09-21 17:00:00,2024-09-21,17:00:00,4.1635,Saturday,17,9,Autumn,0
10023456782,2024-09-21 18:00:00,2024-09-21,18:00:00,4.5879,Saturday,18,9,Autumn,0
10023456782,2024-09-21 19:00:00,2024-09-21,19:00:00,4.0126,Saturday,19,9,Autumn,0
10023456782,2024-09-21 20:00:00,2024-09-21,20:00:00,3.6956,Saturday,20,9,Autumn,0
10023456782,2024-09-21 21:00:00,2024-09-21,21:00:00,3.2736,Saturday,21,9,Autumn,0
10023456782,2024-09-21 22:00:00,2024-09-21,22:00:00,1.9095,Saturday,22,9,Autumn,0
10023456782,2024-09-21 23:00:00,2024-09-21,23:00:00,1.5935,Saturday,23,9,Autumn,0
10023456782,2024-09-22 00:00:00,2024-09-22,00:00:00,1.0902,Sunday,0,9,Autumn,0
10023456782,2024-09-22 01:00:00,2024-09-22,01:00:00,1.4029,Sunday,1,9,Autumn,0
10023456782,2024-09-22 02:00:00,2024-09-22,02:00:00,1.0530,Sunday,2,9,Autumn,0
10023456782,2024-09-22 03:00:00,2024-09-22,03:00:00,1.0395,Sunday,3,9,Autumn,0
10023456782,2024-09-22 04:00:00,2024-09-22,04:00:00,1.4562,Sunday,4,9,Autumn,0
10023456782,2024-09-22 05:00:00,2024-09-22,05:00:00,1.2874,Sunday,5,9,Autumn,0
10023456782,2024-09-22 06:00:00,2024-09-22,06:00:00,1.6545,Sunday,6,9,Autumn,0
10023456782,2024-09-22 07:00:00,2024-09-22,07:00:00,2.4264,Sunday,7,9,Autumn,0
10023456782,2024-09-22 08:00:00,2024-09-22,08:00:00,3.4488,Sunday,8,9,Autumn,0
10023456782,2024-09-22 09:00:00,2024-09-22,09:00:00,3.7952,Sunday,9,9,Autumn,0
10023456782,2024-09-22 10:00:00,2024-09-22,10:00:00,3.9589,Sunday,10,9,Autumn,0
10023456782,2024-09-22 11:00:00,2024-09-22,11:00:00,2.8609,Sunday,11,9,Autumn,0
10023456782,2024-09-22 12:00:00,2024-09-22,12:00:00,3.0189,Sunday,12,9,Autumn,0
10023456782,2024-09-22 13:00:00,2024-09-22,13:00:00,3.1557,Sunday,13,9,Autumn,0
10023456782,2024-09-22 14:00:00,2024-09-22,14:00:00,3.6753,Sunday,14,9,Autumn,0
10023456782,2024-09-22 15:00:00,2024-09-22,15:00:00,2.9256,Sunday,15,9,Autumn,0
10023456782,2024-09-22 16:00:00,2024-09-22,16:00:00,3.6880,Sunday,16,9,Autumn,0
10023456782,2024-09-22 17:00:00,2024-09-22,17:00:00,3.8205,Sunday,17,9,Autumn,0
10023456782,2024-09-22 18:00:00,2024-09-22,18:00:00,3.8722,Sunday,18,9,Autumn,0
10023456782,2024-09-22 19:00:00,2024-09-22,19:00:00,4.1475,Sunday,19,9,Autumn,0
10023456782,2024-09-22 20:00:00,2024-09-22,20:00:00,3.5189,Sunday,20,9,Autumn,0
10023456782,2024-09-22 21:00:00,2024-09-22,21:00:00,2.7652,Sunday,21,9,Autumn,0
10023456782,2024-09-22 22:00:00,2024-09-22,22:00:00,2.6174,Sunday,22,9,Autumn,0
10023456782,2024-09-22 23:00:00,2024-09-22,23:00:00,1.6342,Sunday,23,9,Autumn,0
10023456782,2024-09-23 00:00:00,2024-09-23,00:00:00,1.3991,Monday,0,9,Autumn,0
10023456782,2024-09-23 01:00:00,2024-09-23,01:00:00,1.2870,Monday,1,9,Autumn,0
10023456782,2024-09-23 02:00:00,2024-09-23,02:00:00,1.6729,Monday,2,9,Autumn,0
10023456782,2024-09-23 03:00:00,2024-09-23,03:00:00,1.3537,Monday,3,9,Autumn,0
10023456782,2024-09-23 04:00:00,2024-09-23,04:00:00,1.4747,Monday,4,9,Autumn,0
10023456782,2024-09-23 05:00:00,2024-09-23,05:00:00,1.8706,Monday,5,9,Autumn,0
10023456782,2024-09-23 06:00:00,2024-09-23,06:00:00,3.1311,Monday,6,9,Autumn,0
10023456782,2024-09-23 07:00:00,2024-09-23,07:00:00,5.2403,Monday,7,9,Autumn,0
10023456782,2024-09-23 08:00:00,2024-09-23,08:00:00,5.0434,Monday,8,9,Autumn,0
10023456782,2024-09-23 09:00:00,2024-09-23,09:00:00,4.2831,Monday,9,9,Autumn,0
10023456782,2024-09-23 10:00:00,2024-09-23,10:00:00,3.5081,Monday,10,9,Autumn,0
10023456782,2024-09-23 11:00:00,2024-09-23,11:00:00,4.7390,Monday,11,9,Autumn,0
10023456782,2024-09-23 12:00:00,2024-09-23,12:00:00,3.6018,Monday,12,9,Autumn,0
10023456782,2024-09-23 13:00:00,2024-09-23,13:00:00,4.1960,Monday,13,9,Autumn,0
10023456782,2024-09-23 14:00:00,2024-09-23,14:00:00,4.4855,Monday,14,9,Autumn,0
10023456782,2024-09-23 15:00:00,2024-09-23,15:00:00,3.9702,Monday,15,9,Autumn,0
10023456782,2024-09-23 16:00:00,2024-09-23,16:00:00,4.8543,Monday,16,9,Autumn,0
10023456782,2024-09-23 17:00:00,2024-09-23,17:00:00,3.7533,Monday,17,9,Autumn,0
10023456782,2024-09-23 18:00:00,2024-09-23,18:00:00,6.2570,Monday,18,9,Autumn,0
10023456782,2024-09-23 19:00:00,2024-09-23,19:00:00,5.6955,Monday,19,9,Autumn,0
10023456782,2024-09-23 20:00:00,2024-09-23,20:00:00,4.3772,Monday,20,9,Autumn,0
10023456782,2024-09-23 21:00:00,2024-09-23,21:00:00,3.4212,Monday,21,9,Autumn,0
10023456782,2024-09-23 22:00:00,2024-09-23,22:00:00,2.9404,Monday,22,9,Autumn,0
10023456782,2024-09-23 23:00:00,2024-09-23,23:00:00,1.7063,Monday,23,9,Autumn,0
10023456782,2024-09-24 00:00:00,2024-09-24,00:00:00,1.1619,Tuesday,0,9,Autumn,0
10023456782,2024-09-24 01:00:00,2024-09-24,01:00:00,1.1861,Tuesday,1,9,Autumn,0
10023456782,2024-09-24 02:00:00,2024-09-24,02:00:00,1.1980,Tuesday,2,9,Autumn,0
10023456782,2024-09-24 03:00:00,2024-09-24,03:00:00,1.4577,Tuesday,3,9,Autumn,0
10023456782,2024-09-24 04:00:00,2024-09-24,04:00:00,1.4159,Tuesday,4,9,Autumn,0
10023456782,2024-09-24 05:00:00,2024-09-24,05:00:00,2.5487,Tuesday,5,9,Autumn,0
10023456782,2024-09-24 06:00:00,2024-09-24,06:00:00,3.1480,Tuesday,6,9,Autumn,0
10023456782,2024-09-24 07:00:00,2024-09-24,07:00:00,4.0404,Tuesday,7,9,Autumn,0
10023456782,2024-09-24 08:00:00,2024-09-24,08:00:00,5.0005,Tuesday,8,9,Autumn,0
10023456782,2024-09-24 09:00:00,2024-09-24,09:00:00,5.4258,Tuesday,9,9,Autumn,0
10023456782,2024-09-24 10:00:00,2024-09-24,10:00:00,4.9225,Tuesday,10,9,Autumn,0
10023456782,2024-09-24 11:00:00,2024-09-24,11:00:00,4.4434,Tuesday,11,9,Autumn,0
10023456782,2024-09-24 12:00:00,2024-09-24,12:00:00,4.7282,Tuesday,12,9,Autumn,0
10023456782,2024-09-24 13:00:00,2024-09-24,13:00:00,3.4775,Tuesday,13,9,Autumn,0
10023456782,2024-09-24 14:00:00,2024-09-24,14:00:00,4.9166,Tuesday,14,9,Autumn,0
10023456782,2024-09-24 15:00:00,2024-09-24,15:00:00,5.3743,Tuesday,15,9,Autumn,0
10023456782,2024-09-24 16:00:00,2024-09-24,16:00:00,4.5134,Tuesday,16,9,Autumn,0
10023456782,2024-09-24 17:00:00,2024-09-24,17:00:00,4.7942,Tuesday,17,9,Autumn,0
10023456782,2024-09-24 18:00:00,2024-09-24,18:00:00,5.0169,Tuesday,18,9,Autumn,0
10023456782,2024-09-24 19:00:00,2024-09-24,19:00:00,5.6468,Tuesday,19,9,Autumn,0
10023456782,2024-09-24 20:00:00,2024-09-24,20:00:00,5.7159,Tuesday,20,9,Autumn,0
10023456782,2024-09-24 21:00:00,2024-09-24,21:00:00,3.7159,Tuesday,21,9,Autumn,0
10023456782,2024-09-24 22:00:00,2024-09-24,22:00:00,2.2546,Tuesday,22,9,Autumn,0
10023456782,2024-09-24 23:00:00,2024-09-24,23:00:00,1.9048,Tuesday,23,9,Autumn,0
10023456782,2024-09-25 00:00:00,2024-09-25,00:00:00,1.3977,Wednesday,0,9,Autumn,0
10023456782,2024-09-25 01:00:00,2024-09-25,01:00:00,1.2028,Wednesday,1,9,Autumn,0
10023456782,2024-09-25 02:00:00,2024-09-25,02:00:00,1.1133,Wednesday,2,9,Autumn,0
10023456782,2024-09-25 03:00:00,2024-09-25,03:00:00,1.3020,Wednesday,3,9,Autumn,0
10023456782,2024-09-25 04:00:00,2024-09-25,04:00:00,1.4588,Wednesday,4,9,Autumn,0
10023456782,2024-09-25 05:00:00,2024-09-25,05:00:00,2.1885,Wednesday,5,9,Autumn,0
10023456782,2024-09-25 06:00:00,2024-09-25,06:00:00,2.5344,Wednesday,6,9,Autumn,0
10023456782,2024-09-25 07:00:00,2024-09-25,07:00:00,4.5967,Wednesday,7,9,Autumn,0
10023456782,2024-09-25 08:00:00,2024-09-25,08:00:00,4.2623,Wednesday,8,9,Autumn,0
10023456782,2024-09-25 09:00:00,2024-09-25,09:00:00,5.7542,Wednesday,9,9,Autumn,0
10023456782,2024-09-25 10:00:00,2024-09-25,10:00:00,4.2748,Wednesday,10,9,Autumn,0
10023456782,2024-09-25 11:00:00,2024-09-25,11:00:00,3.5800,Wednesday,11,9,Autumn,0
10023456782,2024-09-25 12:00:00,2024-09-25,12:00:00,4.4581,Wednesday,12,9,Autumn,0
10023456782,2024-09-25 13:00:00,2024-09-25,13:00:00,9.1375,Wednesday,13,9,Autumn,1
10023456782,2024-09-25 14:00:00,2024-09-25,14:00:00,9.6467,Wednesday,14,9,Autumn,1
10023456782,2024-09-25 15:00:00,2024-09-25,15:00:00,9.5865,Wednesday,15,9,Autumn,1
10023456782,2024-09-25 16:00:00,2024-09-25,16:00:00,3.6577,Wednesday,16,9,Autumn,0
10023456782,2024-09-25 17:00:00,2024-09-25,17:00:00,4.0203,Wednesday,17,9,Autumn,0
10023456782,2024-09-25 18:00:00,2024-09-25,18:00:00,4.0375,Wednesday,18,9,Autumn,0
10023456782,2024-09-25 19:00:00,2024-09-25,19:00:00,4.4192,Wednesday,19,9,Autumn,0
10023456782,2024-09-25 20:00:00,2024-09-25,20:00:00,3.5195,Wednesday,20,9,Autumn,0
10023456782,2024-09-25 21:00:00,2024-09-25,21:00:00,3.2022,Wednesday,21,9,Autumn,0
10023456782,2024-09-25 22:00:00,2024-09-25,22:00:00,2.5256,Wednesday,22,9,Autumn,0
10023456782,2024-09-25 23:00:00,2024-09-25,23:00:00,1.9002,Wednesday,23,9,Autumn,0
10023456782,2024-09-26 00:00:00,2024-09-26,00:00:00,1.4830,Thursday,0,9,Autumn,0
10023456782,2024-09-26 01:00:00,2024-09-26,01:00:00,1.0946,Thursday,1,9,Autumn,0
10023456782,2024-09-26 02:00:00,2024-09-26,02:00:00,1.2912,Thursday,2,9,Autumn,0
10023456782,2024-09-26 03:00:00,2024-09-26,03:00:00,1.2470,Thursday,3,9,Autumn,0
10023456782,2024-09-26 04:00:00,2024-09-26,04:00:00,1.5805,Thursday,4,9,Autumn,0
10023456782,2024-09-26 05:00:00,2024-09-26,05:00:00,1.8232,Thursday,5,9,Autumn,0
10023456782,2024-09-26 06:00:00,2024-09-26,06:00:00,2.6838,Thursday,6,9,Autumn,0
10023456782,2024-09-26 07:00:00,2024-09-26,07:00:00,4.0230,Thursday,7,9,Autumn,0
10023456782,2024-09-26 08:00:00,2024-09-26,08:00:00,4.2326,Thursday,8,9,Autumn,0
10023456782,2024-09-26 09:00:00,2024-09-26,09:00:00,4.0752,Thursday,9,9,Autumn,0
10023456782,2024-09-26 10:00:00,2024-09-26,10:00:00,3.9103,Thursday,10,9,Autumn,0
10023456782,2024-09-26 11:00:00,2024-09-26,11:00:00,3.9521,Thursday,11,9,Autumn,0
10023456782,2024-09-26 12:00:00,2024-09-26,12:00:00,13.7548,Thursday,12,9,Autumn,1
10023456782,2024-09-26 13:00:00,2024-09-26,13:00:00,3.8584,Thursday,13,9,Autumn,0
10023456782,2024-09-26 14:00:00,2024-09-26,14:00:00,3.5106,Thursday,14,9,Autumn,0
10023456782,2024-09-26 15:00:00,2024-09-26,15:00:00,4.0938,Thursday,15,9,Autumn,0
10023456782,2024-09-26 16:00:00,2024-09-26,16:00:00,3.9475,Thursday,16,9,Autumn,0
10023456782,2024-09-26 17:00:00,2024-09-26,17:00:00,5.5584,Thursday,17,9,Autumn,0
10023456782,2024-09-26 18:00:00,2024-09-26,18:00:00,4.1267,Thursday,18,9,Autumn,0
10023456782,2024-09-26 19:00:00,2024-09-26,19:00:00,4.3773,Thursday,19,9,Autumn,0
10023456782,2024-09-26 20:00:00,2024-09-26,20:00:00,4.4895,Thursday,20,9,Autumn,0
10023456782,2024-09-26 21:00:00,2024-09-26,21:00:00,3.3229,Thursday,21,9,Autumn,0
10023456782,2024-09-26 22:00:00,2024-09-26,22:00:00,2.8988,Thursday,22,9,Autumn,0
10023456782,2024-09-26 23:00:00,2024-09-26,23:00:00,2.0310,Thursday,23,9,Autumn,0
10023456782,2024-09-27 00:00:00,2024-09-27,00:00:00,1.2667,Friday,0,9,Autumn,0
10023456782,2024-09-27 01:00:00,2024-09-27,01:00:00,1.1613,Friday,1,9,Autumn,0
10023456782,2024-09-27 02:00:00,2024-09-27,02:00:00,1.1799,Friday,2,9,Autumn,0
10023456782,2024-09-27 03:00:00,2024-09-27,03:00:00,1.0801,Friday,3,9,Autumn,0
10023456782,2024-09-27 04:00:00,2024-09-27,04:00:00,0.8663,Friday,4,9,Autumn,0
10023456782,2024-09-27 05:00:00,2024-09-27,05:00:00,1.6641,Friday,5,9,Autumn,0
10023456782,2024-09-27 06:00:00,2024-09-27,06:00:00,2.3852,Friday,6,9,Autumn,0
10023456782,2024-09-27 07:00:00,2024-09-27,07:00:00,2.9826,Friday,7,9,Autumn,0
10023456782,2024-09-27 08:00:00,2024-09-27,08:00:00,4.3605,Friday,8,9,Autumn,0
10023456782,2024-09-27 09:00:00,2024-09-27,09:00:00,3.4582,Friday,9,9,Autumn,0
10023456782,2024-09-27 10:00:00,2024-09-27,10:00:00,3.9424,Friday,10,9,Autumn,0
10023456782,2024-09-27 11:00:00,2024-09-27,11:00:00,3.0261,Friday,11,9,Autumn,0
10023456782,2024-09-27 12:00:00,2024-09-27,12:00:00,3.0064,Friday,12,9,Autumn,0
10023456782,2024-09-27 13:00:00,2024-09-27,13:00:00,3.0358,Friday,13,9,Autumn,0
10023456782,2024-09-27 14:00:00,2024-09-27,14:00:00,3.5865,Friday,14,9,Autumn,0
10023456782,2024-09-27 15:00:00,2024-09-27,15:00:00,2.4938,Friday,15,9,Autumn,0
10023456782,2024-09-27 16:00:00,2024-09-27,16:00:00,0.2314,Friday,16,9,Autumn,1
10023456782,2024-09-27 17:00:00,2024-09-27,17:00:00,3.5968,Friday,17,9,Autumn,0
10023456782,2024-09-27 18:00:00,2024-09-27,18:00:00,4.2227,Friday,18,9,Autumn,0
10023456782,2024-09-27 19:00:00,2024-09-27,19:00:00,4.5329,Friday,19,9,Autumn,0
10023456782,2024-09-27 20:00:00,2024-09-27,20:00:00,3.4455,Friday,20,9,Autumn,0
10023456782,2024-09-27 21:00:00,2024-09-27,21:00:00,0.1974,Friday,21,9,Autumn,1
10023456782,2024-09-27 22:00:00,2024-09-27,22:00:00,2.1530,Friday,22,9,Autumn,0
10023456782,2024-09-27 23:00:00,2024-09-27,23:00:00,1.1908,Friday,23,9,Autumn,0
10023456782,2024-09-28 00:00:00,2024-09-28,00:00:00,1.1099,Saturday,0,9,Autumn,0
10023456782,2024-09-28 01:00:00,2024-09-28,01:00:00,1.0271,Saturday,1,9,Autumn,0
10023456782,2024-09-28 02:00:00,2024-09-28,02:00:00,0.8554,Saturday,2,9,Autumn,0
10023456782,2024-09-28 03:00:00,2024-09-28,03:00:00,1.0304,Saturday,3,9,Autumn,0
10023456782,2024-09-28 04:00:00,2024-09-28,04:00:00,0.8131,Saturday,4,9,Autumn,0
10023456782,2024-09-28 05:00:00,2024-09-28,05:00:00,0.9457,Saturday,5,9,Autumn,0
10023456782,2024-09-28 06:00:00,2024-09-28,06:00:00,1.3862,Saturday,6,9,Autumn,0
10023456782,2024-09-28 07:00:00,2024-09-28,07:00:00,1.9028,Saturday,7,9,Autumn,0
10023456782,2024-09-28 08:00:00,2024-09-28,08:00:00,2.2523,Saturday,8,9,Autumn,0
10023456782,2024-09-28 09:00:00,2024-09-28,09:00:00,2.8194,Saturday,9,9,Autumn,0
10023456782,2024-09-28 10:00:00,2024-09-28,10:00:00,2.4242,Saturday,10,9,Autumn,0
10023456782,2024-09-28 11:00:00,2024-09-28,11:00:00,2.3391,Saturday,11,9,Autumn,0
10023456782,2024-09-28 12:00:00,2024-09-28,12:00:00,2.8212,Saturday,12,9,Autumn,0
10023456782,2024-09-28 13:00:00,2024-09-28,13:00:00,2.3921,Saturday,13,9,Autumn,0
10023456782,2024-09-28 14:00:00,2024-09-28,14:00:00,2.6630,Saturday,14,9,Autumn,0
10023456782,2024-09-28 15:00:00,2024-09-28,15:00:00,2.2612,Saturday,15,9,Autumn,0
10023456782,2024-09-28 16:00:00,2024-09-28,16:00:00,2.6715,Saturday,16,9,Autumn,0
10023456782,2024-09-28 17:00:00,2024-09-28,17:00:00,3.1001,Saturday,17,9,Autumn,0
10023456782,2024-09-28 18:00:00,2024-09-28,18:00:00,3.8295,Saturday,18,9,Autumn,0
10023456782,2024-09-28 19:00:00,2024-09-28,19:00:00,3.0513,Saturday,19,9,Autumn,0
10023456782,2024-09-28 20:00:00,2024-09-28,20:00:00,2.9548,Saturday,20,9,Autumn,0
10023456782,2024-09-28 21:00:00,2024-09-28,21:00:00,2.2376,Saturday,21,9,Autumn,0
10023456782,2024-09-28 22:00:00,2024-09-28,22:00:00,1.8264,Saturday,22,9,Autumn,0
10023456782,2024-09-28 23:00:00,2024-09-28,23:00:00,1.3746,Saturday,23,9,Autumn,0
10023456782,2024-09-29 00:00:00,2024-09-29,00:00:00,1.0894,Sunday,0,9,Autumn,0
10023456782,2024-09-29 01:00:00,2024-09-29,01:00:00,0.7850,Sunday,1,9,Autumn,0
10023456782,2024-09-29 02:00:00,2024-09-29,02:00:00,0.9057,Sunday,2,9,Autumn,0
10023456782,2024-09-29 03:00:00,2024-09-29,03:00:00,0.8879,Sunday,3,9,Autumn,0
10023456782,2024-09-29 04:00:00,2024-09-29,04:00:00,1.0258,Sunday,4,9,Autumn,0
10023456782,2024-09-29 05:00:00,2024-09-29,05:00:00,1.3209,Sunday,5,9,Autumn,0
10023456782,2024-09-29 06:00:00,2024-09-29,06:00:00,1.8844,Sunday,6,9,Autumn,0
10023456782,2024-09-29 07:00:00,2024-09-29,07:00:00,1.9346,Sunday,7,9,Autumn,0
10023456782,2024-09-29 08:00:00,2024-09-29,08:00:00,2.9606,Sunday,8,9,Autumn,0
10023456782,2024-09-29 09:00:00,2024-09-29,09:00:00,3.2454,Sunday,9,9,Autumn,0
10023456782,2024-09-29 10:00:00,2024-09-29,10:00:00,2.6355,Sunday,10,9,Autumn,0
10023456782,2024-09-29 11:00:00,2024-09-29,11:00:00,2.5004,Sunday,11,9,Autumn,0
10023456782,2024-09-29 12:00:00,2024-09-29,12:00:00,2.4659,Sunday,12,9,Autumn,0
10023456782,2024-09-29 13:00:00,2024-09-29,13:00:00,2.5871,Sunday,13,9,Autumn,0
10023456782,2024-09-29 14:00:00,2024-09-29,14:00:00,2.2143,Sunday,14,9,Autumn,0
10023456782,2024-09-29 15:00:00,2024-09-29,15:00:00,6.8102,Sunday,15,9,Autumn,1
10023456782,2024-09-29 16:00:00,2024-09-29,16:00:00,2.3024,Sunday,16,9,Autumn,0
10023456782,2024-09-29 17:00:00,2024-09-29,17:00:00,3.4252,Sunday,17,9,Autumn,0
10023456782,2024-09-29 18:00:00,2024-09-29,18:00:00,3.4664,Sunday,18,9,Autumn,0
10023456782,2024-09-29 19:00:00,2024-09-29,19:00:00,3.6406,Sunday,19,9,Autumn,0
10023456782,2024-09-29 20:00:00,2024-09-29,20:00:00,3.1330,Sunday,20,9,Autumn,0
10023456782,2024-09-29 21:00:00,2024-09-29,21:00:00,2.5669,Sunday,21,9,Autumn,0
10023456782,2024-09-29 22:00:00,2024-09-29,22:00:00,2.0104,Sunday,22,9,Autumn,0
10023456782,2024-09-29 23:00:00,2024-09-29,23:00:00,1.4654,Sunday,23,9,Autumn,0
10023456782,2024-09-30 00:00:00,2024-09-30,00:00:00,1.4922,Monday,0,9,Autumn,0
10023456782,2024-09-30 01:00:00,2024-09-30,01:00:00,1.2786,Monday,1,9,Autumn,0
10023456782,2024-09-30 02:00:00,2024-09-30,02:00:00,1.2134,Monday,2,9,Autumn,0
10023456782,2024-09-30 03:00:00,2024-09-30,03:00:00,1.4605,Monday,3,9,Autumn,0
10023456782,2024-09-30 04:00:00,2024-09-30,04:00:00,1.2127,Monday,4,9,Autumn,0
10023456782,2024-09-30 05:00:00,2024-09-30,05:00:00,1.6017,Monday,5,9,Autumn,0
10023456782,2024-09-30 06:00:00,2024-09-30,06:00:00,2.7930,Monday,6,9,Autumn,0
10023456782,2024-09-30 07:00:00,2024-09-30,07:00:00,3.7354,Monday,7,9,Autumn,0
10023456782,2024-09-30 08:00:00,2024-09-30,08:00:00,4.5565,Monday,8,9,Autumn,0
10023456782,2024-09-30 09:00:00,2024-09-30,09:00:00,3.5303,Monday,9,9,Autumn,0
10023456782,2024-09-30 10:00:00,2024-09-30,10:00:00,4.2221,Monday,10,9,Autumn,0
10023456782,2024-09-30 11:00:00,2024-09-30,11:00:00,3.8729,Monday,11,9,Autumn,0
10023456782,2024-09-30 12:00:00,2024-09-30,12:00:00,3.1064,Monday,12,9,Autumn,0
10023456782,2024-09-30 13:00:00,2024-09-30,13:00:00,2.7967,Monday,13,9,Autumn,0
10023456782,2024-09-30 14:00:00,2024-09-30,14:00:00,3.3034,Monday,14,9,Autumn,0
10023456782,2024-09-30 15:00:00,2024-09-30,15:00:00,9.4149,Monday,15,9,Autumn,1
10023456782,2024-09-30 16:00:00,2024-09-30,16:00:00,3.2480,Monday,16,9,Autumn,0
10023456782,2024-09-30 17:00:00,2024-09-30,17:00:00,3.8288,Monday,17,9,Autumn,0
10023456782,2024-09-30 18:00:00,2024-09-30,18:00:00,4.3396,Monday,18,9,Autumn,0
10023456782,2024-09-30 19:00:00,2024-09-30,19:00:00,4.8535,Monday,19,9,Autumn,0
10023456782,2024-09-30 20:00:00,2024-09-30,20:00:00,4.2234,Monday,20,9,Autumn,0
10023456782,2024-09-30 21:00:00,2024-09-30,21:00:00,3.0262,Monday,21,9,Autumn,0
10023456782,2024-09-30 22:00:00,2024-09-30,22:00:00,2.1911,Monday,22,9,Autumn,0
10023456782,2024-09-30 23:00:00,2024-09-30,23:00:00,1.8390,Monday,23,9,Autumn,0
10023456782,2024-10-01 00:00:00,2024-10-01,00:00:00,1.2392,Tuesday,0,10,Autumn,0
10023456782,2024-10-01 01:00:00,2024-10-01,01:00:00,0.9423,Tuesday,1,10,Autumn,0
10023456782,2024-10-01 02:00:00,2024-10-01,02:00:00,1.0144,Tuesday,2,10,Autumn,0
10023456782,2024-10-01 03:00:00,2024-10-01,03:00:00,1.1071,Tuesday,3,10,Autumn,0
10023456782,2024-10-01 04:00:00,2024-10-01,04:00:00,1.2250,Tuesday,4,10,Autumn,0
10023456782,2024-10-01 05:00:00,2024-10-01,05:00:00,1.4230,Tuesday,5,10,Autumn,0
10023456782,2024-10-01 06:00:00,2024-10-01,06:00:00,2.0460,Tuesday,6,10,Autumn,0
10023456782,2024-10-01 07:00:00,2024-10-01,07:00:00,2.8830,Tuesday,7,10,Autumn,0
10023456782,2024-10-01 08:00:00,2024-10-01,08:00:00,3.5756,Tuesday,8,10,Autumn,0
10023456782,2024-10-01 09:00:00,2024-10-01,09:00:00,3.3918,Tuesday,9,10,Autumn,0
10023456782,2024-10-01 10:00:00,2024-10-01,10:00:00,2.9972,Tuesday,10,10,Autumn,0
10023456782,2024-10-01 11:00:00,2024-10-01,11:00:00,3.1348,Tuesday,11,10,Autumn,0
10023456782,2024-10-01 12:00:00,2024-10-01,12:00:00,2.8376,Tuesday,12,10,Autumn,0
10023456782,2024-10-01 13:00:00,2024-10-01,13:00:00,2.7860,Tuesday,13,10,Autumn,0
10023456782,2024-10-01 14:00:00,2024-10-01,14:00:00,2.4417,Tuesday,14,10,Autumn,0
10023456782,2024-10-01 15:00:00,2024-10-01,15:00:00,2.5765,Tuesday,15,10,Autumn,0
10023456782,2024-10-01 16:00:00,2024-10-01,16:00:00,2.6660,Tuesday,16,10,Autumn,0
10023456782,2024-10-01 17:00:00,2024-10-01,17:00:00,2.7052,Tuesday,17,10,Autumn,0
10023456782,2024-10-01 18:00:00,2024-10-01,18:00:00,3.7138,Tuesday,18,10,Autumn,0
10023456782,2024-10-01 19:00:00,2024-10-01,19:00:00,3.4121,Tuesday,19,10,Autumn,0
10023456782,2024-10-01 20:00:00,2024-10-01,20:00:00,3.2935,Tuesday,20,10,Autumn,0
10023456782,2024-10-01 21:00:00,2024-10-01,21:00:00,2.4728,Tuesday,21,10,Autumn,0
10023456782,2024-10-01 22:00:00,2024-10-01,22:00:00,5.1931,Tuesday,22,10,Autumn,1
10023456782,2024-10-01 23:00:00,2024-10-01,23:00:00,3.2246,Tuesday,23,10,Autumn,1
10023456782,2024-10-02 00:00:00,2024-10-02,00:00:00,2.3547,Wednesday,0,10,Autumn,1
10023456782,2024-10-02 01:00:00,2024-10-02,01:00:00,2.1645,Wednesday,1,10,Autumn,1
10023456782,2024-10-02 02:00:00,2024-10-02,02:00:00,2.7572,Wednesday,2,10,Autumn,1
10023456782,2024-10-02 03:00:00,2024-10-02,03:00:00,1.5653,Wednesday,3,10,Autumn,1
10023456782,2024-10-02 04:00:00,2024-10-02,04:00:00,2.5613,Wednesday,4,10,Autumn,1
10023456782,2024-10-02 05:00:00,2024-10-02,05:00:00,3.7034,Wednesday,5,10,Autumn,1
10023456782,2024-10-02 06:00:00,2024-10-02,06:00:00,5.8969,Wednesday,6,10,Autumn,1
10023456782,2024-10-02 07:00:00,2024-10-02,07:00:00,2.5030,Wednesday,7,10,Autumn,0
10023456782,2024-10-02 08:00:00,2024-10-02,08:00:00,3.2046,Wednesday,8,10,Autumn,0
10023456782,2024-10-02 09:00:00,2024-10-02,09:00:00,3.1908,Wednesday,9,10,Autumn,0
10023456782,2024-10-02 10:00:00,2024-10-02,10:00:00,2.9278,Wednesday,10,10,Autumn,0
10023456782,2024-10-02 11:00:00,2024-10-02,11:00:00,2.5625,Wednesday,11,10,Autumn,0
10023456782,2024-10-02 12:00:00,2024-10-02,12:00:00,2.6104,Wednesday,12,10,Autumn,0
10023456782,2024-10-02 13:00:00,2024-10-02,13:00:00,2.7386,Wednesday,13,10,Autumn,0
10023456782,2024-10-02 14:00:00,2024-10-02,14:00:00,2.5216,Wednesday,14,10,Autumn,0
10023456782,2024-10-02 15:00:00,2024-10-02,15:00:00,2.3491,Wednesday,15,10,Autumn,0
10023456782,2024-10-02 16:00:00,2024-10-02,16:00:00,2.6305,Wednesday,16,10,Autumn,0
10023456782,2024-10-02 17:00:00,2024-10-02,17:00:00,3.3834,Wednesday,17,10,Autumn,0
10023456782,2024-10-02 18:00:00,2024-10-02,18:00:00,3.0106,Wednesday,18,10,Autumn,0
10023456782,2024-10-02 19:00:00,2024-10-02,19:00:00,3.9288,Wednesday,19,10,Autumn,0
10023456782,2024-10-02 20:00:00,2024-10-02,20:00:00,2.5550,Wednesday,20,10,Autumn,0
10023456782,2024-10-02 21:00:00,2024-10-02,21:00:00,2.7753,Wednesday,21,10,Autumn,0
10023456782,2024-10-02 22:00:00,2024-10-02,22:00:00,1.5156,Wednesday,22,10,Autumn,0
10023456782,2024-10-02 23:00:00,2024-10-02,23:00:00,1.2815,Wednesday,23,10,Autumn,0
10023456782,2024-10-03 00:00:00,2024-10-03,00:00:00,1.1664,Thursday,0,10,Autumn,0
10023456782,2024-10-03 01:00:00,2024-10-03,01:00:00,0.8126,Thursday,1,10,Autumn,0
10023456782,2024-10-03 02:00:00,2024-10-03,02:00:00,0.8439,Thursday,2,10,Autumn,0
10023456782,2024-10-03 03:00:00,2024-10-03,03:00:00,0.9959,Thursday,3,10,Autumn,0
10023456782,2024-10-03 04:00:00,2024-10-03,04:00:00,0.7870,Thursday,4,10,Autumn,0
10023456782,2024-10-03 05:00:00,2024-10-03,05:00:00,1.2350,Thursday,5,10,Autumn,0
10023456782,2024-10-03 06:00:00,2024-10-03,06:00:00,1.9342,Thursday,6,10,Autumn,0
10023456782,2024-10-03 07:00:00,2024-10-03,07:00:00,2.7697,Thursday,7,10,Autumn,0
10023456782,2024-10-03 08:00:00,2024-10-03,08:00:00,3.3093,Thursday,8,10,Autumn,0
10023456782,2024-10-03 09:00:00,2024-10-03,09:00:00,3.0413,Thursday,9,10,Autumn,0
10023456782,2024-10-03 10:00:00,2024-10-03,10:00:00,2.9122,Thursday,10,10,Autumn,0
10023456782,2024-10-03 11:00:00,2024-10-03,11:00:00,2.6670,Thursday,11,10,Autumn,0
10023456782,2024-10-03 12:00:00,2024-10-03,12:00:00,2.9961,Thursday,12,10,Autumn,0
10023456782,2024-10-03 13:00:00,2024-10-03,13:00:00,3.4257,Thursday,13,10,Autumn,0
10023456782,2024-10-03 14:00:00,2024-10-03,14:00:00,3.4643,Thursday,14,10,Autumn,0
10023456782,2024-10-03 15:00:00,2024-10-03,15:00:00,2.9190,Thursday,15,10,Autumn,0
10023456782,2024-10-03 16:00:00,2024-10-03,16:00:00,2.5460,Thursday,16,10,Autumn,0
10023456782,2024-10-03 17:00:00,2024-10-03,17:00:00,2.9773,Thursday,17,10,Autumn,0
10023456782,2024-10-03 18:00:00,2024-10-03,18:00:00,2.9583,Thursday,18,10,Autumn,0
10023456782,2024-10-03 19:00:00,2024-10-03,19:00:00,3.1358,Thursday,19,10,Autumn,0
10023456782,2024-10-03 20:00:00,2024-10-03,20:00:00,2.8330,Thursday,20,10,Autumn,0
10023456782,2024-10-03 21:00:00,2024-10-03,21:00:00,2.2388,Thursday,21,10,Autumn,0
10023456782,2024-10-03 22:00:00,2024-10-03,22:00:00,1.5100,Thursday,22,10,Autumn,0
10023456782,2024-10-03 23:00:00,2024-10-03,23:00:00,1.1752,Thursday,23,10,Autumn,0
10023456782,2024-10-04 00:00:00,2024-10-04,00:00:00,0.9328,Friday,0,10,Autumn,0
10023456782,2024-10-04 01:00:00,2024-10-04,01:00:00,0.9722,Friday,1,10,Autumn,0
10023456782,2024-10-04 02:00:00,2024-10-04,02:00:00,0.9631,Friday,2,10,Autumn,0
10023456782,2024-10-04 03:00:00,2024-10-04,03:00:00,0.9797,Friday,3,10,Autumn,0
10023456782,2024-10-04 04:00:00,2024-10-04,04:00:00,1.0071,Friday,4,10,Autumn,0
10023456782,2024-10-04 05:00:00,2024-10-04,05:00:00,1.4656,Friday,5,10,Autumn,0
10023456782,2024-10-04 06:00:00,2024-10-04,06:00:00,2.0555,Friday,6,10,Autumn,0
10023456782,2024-10-04 07:00:00,2024-10-04,07:00:00,3.3894,Friday,7,10,Autumn,0
10023456782,2024-10-04 08:00:00,2024-10-04,08:00:00,3.2768,Friday,8,10,Autumn,0
10023456782,2024-10-04 09:00:00,2024-10-04,09:00:00,3.0756,Friday,9,10,Autumn,0
10023456782,2024-10-04 10:00:00,2024-10-04,10:00:00,2.5960,Friday,10,10,Autumn,0
10023456782,2024-10-04 11:00:00,2024-10-04,11:00:00,2.4521,Friday,11,10,Autumn,0
10023456782,2024-10-04 12:00:00,2024-10-04,12:00:00,2.8473,Friday,12,10,Autumn,0
10023456782,2024-10-04 13:00:00,2024-10-04,13:00:00,2.8774,Friday,13,10,Autumn,0
10023456782,2024-10-04 14:00:00,2024-10-04,14:00:00,2.2712,Friday,14,10,Autumn,0
10023456782,2024-10-04 15:00:00,2024-10-04,15:00:00,3.4847,Friday,15,10,Autumn,0
10023456782,2024-10-04 16:00:00,2024-10-04,16:00:00,3.0045,Friday,16,10,Autumn,0
10023456782,2024-10-04 17:00:00,2024-10-04,17:00:00,2.7769,Friday,17,10,Autumn,0
10023456782,2024-10-04 18:00:00,2024-10-04,18:00:00,3.7359,Friday,18,10,Autumn,0
10023456782,2024-10-04 19:00:00,2024-10-04,19:00:00,4.2186,Friday,19,10,Autumn,0
10023456782,2024-10-04 20:00:00,2024-10-04,20:00:00,2.9000,Friday,20,10,Autumn,0
10023456782,2024-10-04 21:00:00,2024-10-04,21:00:00,2.0510,Friday,21,10,Autumn,0
10023456782,2024-10-04 22:00:00,2024-10-04,22:00:00,1.3915,Friday,22,10,Autumn,0
10023456782,2024-10-04 23:00:00,2024-10-04,23:00:00,1.1466,Friday,23,10,Autumn,0
10023456782,2024-10-05 00:00:00,2024-10-05,00:00:00,1.0243,Saturday,0,10,Autumn,0
10023456782,2024-10-05 01:00:00,2024-10-05,01:00:00,1.0398,Saturday,1,10,Autumn,0
10023456782,2024-10-05 02:00:00,2024-10-05,02:00:00,1.0590,Saturday,2,10,Autumn,0
10023456782,2024-10-05 03:00:00,2024-10-05,03:00:00,1.0649,Saturday,3,10,Autumn,0
10023456782,2024-10-05 04:00:00,2024-10-05,04:00:00,0.9496,Saturday,4,10,Autumn,0
10023456782,2024-10-05 05:00:00,2024-10-05,05:00:00,1.3768,Saturday,5,10,Autumn,0
10023456782,2024-10-05 06:00:00,2024-10-05,06:00:00,2.0079,Saturday,6,10,Autumn,0
10023456782,2024-10-05 07:00:00,2024-10-05,07:00:00,2.5434,Saturday,7,10,Autumn,0
10023456782,2024-10-05 08:00:00,2024-10-05,08:00:00,2.9905,Saturday,8,10,Autumn,0
10023456782,2024-10-05 09:00:00,2024-10-05,09:00:00,2.7948,Saturday,9,10,Autumn,0
10023456782,2024-10-05 10:00:00,2024-10-05,10:00:00,2.5987,Saturday,10,10,Autumn,0
10023456782,2024-10-05 11:00:00,2024-10-05,11:00:00,2.9896,Saturday,11,10,Autumn,0
10023456782,2024-10-05 12:00:00,2024-10-05,12:00:00,2.5962,Saturday,12,10,Autumn,0
10023456782,2024-10-05 13:00:00,2024-10-05,13:00:00,2.4911,Saturday,13,10,Autumn,0
10023456782,2024-10-05 14:00:00,2024-10-05,14:00:00,2.5141,Saturday,14,10,Autumn,0
10023456782,2024-10-05 15:00:00,2024-10-05,15:00:00,2.2987,Saturday,15,10,Autumn,0
10023456782,2024-10-05 16:00:00,2024-10-05,16:00:00,2.8013,Saturday,16,10,Autumn,0
10023456782,2024-10-05 17:00:00,2024-10-05,17:00:00,3.4158,Saturday,17,10,Autumn,0
10023456782,2024-10-05 18:00:00,2024-10-05,18:00:00,3.8028,Saturday,18,10,Autumn,0
10023456782,2024-10-05 19:00:00,2024-10-05,19:00:00,3.4309,Saturday,19,10,Autumn,0
10023456782,2024-10-05 20:00:00,2024-10-05,20:00:00,3.0988,Saturday,20,10,Autumn,0
10023456782,2024-10-05 21:00:00,2024-10-05,21:00:00,2.5108,Saturday,21,10,Autumn,0
10023456782,2024-10-05 22:00:00,2024-10-05,22:00:00,1.8175,Saturday,22,10,Autumn,0
10023456782,2024-10-05 23:00:00,2024-10-05,23:00:00,1.6318,Saturday,23,10,Autumn,0
10023456782,2024-10-06 00:00:00,2024-10-06,00:00:00,0.8962,Sunday,0,10,Autumn,0
10023456782,2024-10-06 01:00:00,2024-10-06,01:00:00,0.9220,Sunday,1,10,Autumn,0
10023456782,2024-10-06 02:00:00,2024-10-06,02:00:00,0.9521,Sunday,2,10,Autumn,0
10023456782,2024-10-06 03:00:00,2024-10-06,03:00:00,0.7436,Sunday,3,10,Autumn,0
10023456782,2024-10-06 04:00:00,2024-10-06,04:00:00,0.8960,Sunday,4,10,Autumn,0
10023456782,2024-10-06 05:00:00,2024-10-06,05:00:00,1.0989,Sunday,5,10,Autumn,0
10023456782,2024-10-06 06:00:00,2024-10-06,06:00:00,1.2452,Sunday,6,10,Autumn,0
10023456782,2024-10-06 07:00:00,2024-10-06,07:00:00,1.8931,Sunday,7,10,Autumn,0
10023456782,2024-10-06 08:00:00,2024-10-06,08:00:00,1.8980,Sunday,8,10,Autumn,0
10023456782,2024-10-06 09:00:00,2024-10-06,09:00:00,2.8801,Sunday,9,10,Autumn,0
10023456782,2024-10-06 10:00:00,2024-10-06,10:00:00,2.6197,Sunday,10,10,Autumn,0
10023456782,2024-10-06 11:00:00,2024-10-06,11:00:00,2.2339,Sunday,11,10,Autumn,0
10023456782,2024-10-06 12:00:00,2024-10-06,12:00:00,2.0416,Sunday,12,10,Autumn,0
10023456782,2024-10-06 13:00:00,2024-10-06,13:00:00,2.3164,Sunday,13,10,Autumn,0
10023456782,2024-10-06 14:00:00,2024-10-06,14:00:00,2.0268,Sunday,14,10,Autumn,0
10023456782,2024-10-06 15:00:00,2024-10-06,15:00:00,2.0992,Sunday,15,10,Autumn,0
10023456782,2024-10-06 16:00:00,2024-10-06,16:00:00,2.5653,Sunday,16,10,Autumn,0
10023456782,2024-10-06 17:00:00,2024-10-06,17:00:00,3.2320,Sunday,17,10,Autumn,0
10023456782,2024-10-06 18:00:00,2024-10-06,18:00:00,2.8201,Sunday,18,10,Autumn,0
10023456782,2024-10-06 19:00:00,2024-10-06,19:00:00,2.9117,Sunday,19,10,Autumn,0
10023456782,2024-10-06 20:00:00,2024-10-06,20:00:00,2.8555,Sunday,20,10,Autumn,0
10023456782,2024-10-06 21:00:00,2024-10-06,21:00:00,2.4425,Sunday,21,10,Autumn,0
10023456782,2024-10-06 22:00:00,2024-10-06,22:00:00,0.3286,Sunday,22,10,Autumn,1
10023456782,2024-10-06 23:00:00,2024-10-06,23:00:00,0.2893,Sunday,23,10,Autumn,1
10023456782,2024-10-07 00:00:00,2024-10-07,00:00:00,0.9884,Monday,0,10,Autumn,0
10023456782,2024-10-07 01:00:00,2024-10-07,01:00:00,0.7621,Monday,1,10,Autumn,0
10023456782,2024-10-07 02:00:00,2024-10-07,02:00:00,0.8648,Monday,2,10,Autumn,0
10023456782,2024-10-07 03:00:00,2024-10-07,03:00:00,0.7299,Monday,3,10,Autumn,0
10023456782,2024-10-07 04:00:00,2024-10-07,04:00:00,2.4594,Monday,4,10,Autumn,1
10023456782,2024-10-07 05:00:00,2024-10-07,05:00:00,4.0962,Monday,5,10,Autumn,1
10023456782,2024-10-07 06:00:00,2024-10-07,06:00:00,5.3247,Monday,6,10,Autumn,1
10023456782,2024-10-07 07:00:00,2024-10-07,07:00:00,6.3299,Monday,7,10,Autumn,1
10023456782,2024-10-07 08:00:00,2024-10-07,08:00:00,6.8322,Monday,8,10,Autumn,1
10023456782,2024-10-07 09:00:00,2024-10-07,09:00:00,2.8524,Monday,9,10,Autumn,0
10023456782,2024-10-07 10:00:00,2024-10-07,10:00:00,2.4201,Monday,10,10,Autumn,0
10023456782,2024-10-07 11:00:00,2024-10-07,11:00:00,2.1172,Monday,11,10,Autumn,0
10023456782,2024-10-07 12:00:00,2024-10-07,12:00:00,2.2685,Monday,12,10,Autumn,0
10023456782,2024-10-07 13:00:00,2024-10-07,13:00:00,2.7721,Monday,13,10,Autumn,0
10023456782,2024-10-07 14:00:00,2024-10-07,14:00:00,2.8929,Monday,14,10,Autumn,0
10023456782,2024-10-07 15:00:00,2024-10-07,15:00:00,2.6445,Monday,15,10,Autumn,0
10023456782,2024-10-07 16:00:00,2024-10-07,16:00:00,2.6786,Monday,16,10,Autumn,0
10023456782,2024-10-07 17:00:00,2024-10-07,17:00:00,2.7206,Monday,17,10,Autumn,0
10023456782,2024-10-07 18:00:00,2024-10-07,18:00:00,3.2163,Monday,18,10,Autumn,0
10023456782,2024-10-07 19:00:00,2024-10-07,19:00:00,2.6849,Monday,19,10,Autumn,0
10023456782,2024-10-07 20:00:00,2024-10-07,20:00:00,3.1609,Monday,20,10,Autumn,0
10023456782,2024-10-07 21:00:00,2024-10-07,21:00:00,2.2296,Monday,21,10,Autumn,0
10023456782,2024-10-07 22:00:00,2024-10-07,22:00:00,1.8797,Monday,22,10,Autumn,0
10023456782,2024-10-07 23:00:00,2024-10-07,23:00:00,1.3839,Monday,23,10,Autumn,0
10023456782,2024-10-08 00:00:00,2024-10-08,00:00:00,1.7321,Tuesday,0,10,Autumn,0
10023456782,2024-10-08 01:00:00,2024-10-08,01:00:00,1.3099,Tuesday,1,10,Autumn,0
10023456782,2024-10-08 02:00:00,2024-10-08,02:00:00,1.3106,Tuesday,2,10,Autumn,0
10023456782,2024-10-08 03:00:00,2024-10-08,03:00:00,0.9441,Tuesday,3,10,Autumn,0
10023456782,2024-10-08 04:00:00,2024-10-08,04:00:00,1.1945,Tuesday,4,10,Autumn,0
10023456782,2024-10-08 05:00:00,2024-10-08,05:00:00,2.0943,Tuesday,5,10,Autumn,0
10023456782,2024-10-08 06:00:00,2024-10-08,06:00:00,3.1522,Tuesday,6,10,Autumn,0
10023456782,2024-10-08 07:00:00,2024-10-08,07:00:00,5.0021,Tuesday,7,10,Autumn,0
10023456782,2024-10-08 08:00:00,2024-10-08,08:00:00,4.2236,Tuesday,8,10,Autumn,0
10023456782,2024-10-08 09:00:00,2024-10-08,09:00:00,4.7579,Tuesday,9,10,Autumn,0
10023456782,2024-10-08 10:00:00,2024-10-08,10:00:00,4.0885,Tuesday,10,10,Autumn,0
10023456782,2024-10-08 11:00:00,2024-10-08,11:00:00,4.0292,Tuesday,11,10,Autumn,0
10023456782,2024-10-08 12:00:00,2024-10-08,12:00:00,3.7497,Tuesday,12,10,Autumn,0
10023456782,2024-10-08 13:00:00,2024-10-08,13:00:00,3.7675,Tuesday,13,10,Autumn,0
10023456782,2024-10-08 14:00:00,2024-10-08,14:00:00,2.5882,Tuesday,14,10,Autumn,0
10023456782,2024-10-08 15:00:00,2024-10-08,15:00:00,3.5718,Tuesday,15,10,Autumn,0
10023456782,2024-10-08 16:00:00,2024-10-08,16:00:00,3.4390,Tuesday,16,10,Autumn,0
10023456782,2024-10-08 17:00:00,2024-10-08,17:00:00,3.9184,Tuesday,17,10,Autumn,0
10023456782,2024-10-08 18:00:00,2024-10-08,18:00:00,4.8479,Tuesday,18,10,Autumn,0
10023456782,2024-10-08 19:00:00,2024-10-08,19:00:00,4.5265,Tuesday,19,10,Autumn,0
10023456782,2024-10-08 20:00:00,2024-10-08,20:00:00,16.9884,Tuesday,20,10,Autumn,1
10023456782,2024-10-08 21:00:00,2024-10-08,21:00:00,3.4405,Tuesday,21,10,Autumn,0
10023456782,2024-10-08 22:00:00,2024-10-08,22:00:00,2.6697,Tuesday,22,10,Autumn,0
10023456782,2024-10-08 23:00:00,2024-10-08,23:00:00,1.9418,Tuesday,23,10,Autumn,0
10023456782,2024-10-09 00:00:00,2024-10-09,00:00:00,0.8692,Wednesday,0,10,Autumn,0
10023456782,2024-10-09 01:00:00,2024-10-09,01:00:00,0.8430,Wednesday,1,10,Autumn,0
10023456782,2024-10-09 02:00:00,2024-10-09,02:00:00,0.6877,Wednesday,2,10,Autumn,0
10023456782,2024-10-09 03:00:00,2024-10-09,03:00:00,0.9022,Wednesday,3,10,Autumn,0
10023456782,2024-10-09 04:00:00,2024-10-09,04:00:00,1.0284,Wednesday,4,10,Autumn,0
10023456782,2024-10-09 05:00:00,2024-10-09,05:00:00,1.2052,Wednesday,5,10,Autumn,0
10023456782,2024-10-09 06:00:00,2024-10-09,06:00:00,2.5107,Wednesday,6,10,Autumn,0
10023456782,2024-10-09 07:00:00,2024-10-09,07:00:00,2.9863,Wednesday,7,10,Autumn,0
10023456782,2024-10-09 08:00:00,2024-10-09,08:00:00,3.1069,Wednesday,8,10,Autumn,0
10023456782,2024-10-09 09:00:00,2024-10-09,09:00:00,3.5446,Wednesday,9,10,Autumn,0
10023456782,2024-10-09 10:00:00,2024-10-09,10:00:00,2.7484,Wednesday,10,10,Autumn,0
10023456782,2024-10-09 11:00:00,2024-10-09,11:00:00,2.5942,Wednesday,11,10,Autumn,0
10023456782,2024-10-09 12:00:00,2024-10-09,12:00:00,2.4434,Wednesday,12,10,Autumn,0
10023456782,2024-10-09 13:00:00,2024-10-09,13:00:00,10.9157,Wednesday,13,10,Autumn,1
10023456782,2024-10-09 14:00:00,2024-10-09,14:00:00,2.8310,Wednesday,14,10,Autumn,0
10023456782,2024-10-09 15:00:00,2024-10-09,15:00:00,2.5101,Wednesday,15,10,Autumn,0
10023456782,2024-10-09 16:00:00,2024-10-09,16:00:00,2.4711,Wednesday,16,10,Autumn,0
10023456782,2024-10-09 17:00:00,2024-10-09,17:00:00,2.8553,Wednesday,17,10,Autumn,0
10023456782,2024-10-09 18:00:00,2024-10-09,18:00:00,3.2466,Wednesday,18,10,Autumn,0
10023456782,2024-10-09 19:00:00,2024-10-09,19:00:00,3.0370,Wednesday,19,10,Autumn,0
10023456782,2024-10-09 20:00:00,2024-10-09,20:00:00,3.4784,Wednesday,20,10,Autumn,0
10023456782,2024-10-09 21:00:00,2024-10-09,21:00:00,2.0929,Wednesday,21,10,Autumn,0
10023456782,2024-10-09 22:00:00,2024-10-09,22:00:00,1.6721,Wednesday,22,10,Autumn,0
10023456782,2024-10-09 23:00:00,2024-10-09,23:00:00,1.1012,Wednesday,23,10,Autumn,0
10023456782,2024-10-10 00:00:00,2024-10-10,00:00:00,0.9973,Thursday,0,10,Autumn,0
10023456782,2024-10-10 01:00:00,2024-10-10,01:00:00,1.1290,Thursday,1,10,Autumn,0
10023456782,2024-10-10 02:00:00,2024-10-10,02:00:00,1.0881,Thursday,2,10,Autumn,0
10023456782,2024-10-10 03:00:00,2024-10-10,03:00:00,0.7332,Thursday,3,10,Autumn,0
10023456782,2024-10-10 04:00:00,2024-10-10,04:00:00,1.1029,Thursday,4,10,Autumn,0
10023456782,2024-10-10 05:00:00,2024-10-10,05:00:00,1.6552,Thursday,5,10,Autumn,0
10023456782,2024-10-10 06:00:00,2024-10-10,06:00:00,2.2013,Thursday,6,10,Autumn,0
10023456782,2024-10-10 07:00:00,2024-10-10,07:00:00,3.1699,Thursday,7,10,Autumn,0
10023456782,2024-10-10 08:00:00,2024-10-10,08:00:00,3.6772,Thursday,8,10,Autumn,0
10023456782,2024-10-10 09:00:00,2024-10-10,09:00:00,3.7122,Thursday,9,10,Autumn,0
10023456782,2024-10-10 10:00:00,2024-10-10,10:00:00,3.5305,Thursday,10,10,Autumn,0
10023456782,2024-10-10 11:00:00,2024-10-10,11:00:00,2.2881,Thursday,11,10,Autumn,0
10023456782,2024-10-10 12:00:00,2024-10-10,12:00:00,2.7657,Thursday,12,10,Autumn,0
10023456782,2024-10-10 13:00:00,2024-10-10,13:00:00,2.8464,Thursday,13,10,Autumn,0
10023456782,2024-10-10 14:00:00,2024-10-10,14:00:00,2.7397,Thursday,14,10,Autumn,0
10023456782,2024-10-10 15:00:00,2024-10-10,15:00:00,2.4654,Thursday,15,10,Autumn,0
10023456782,2024-10-10 16:00:00,2024-10-10,16:00:00,3.3718,Thursday,16,10,Autumn,0
10023456782,2024-10-10 17:00:00,2024-10-10,17:00:00,3.5583,Thursday,17,10,Autumn,0
10023456782,2024-10-10 18:00:00,2024-10-10,18:00:00,3.2242,Thursday,18,10,Autumn,0
10023456782,2024-10-10 19:00:00,2024-10-10,19:00:00,3.6995,Thursday,19,10,Autumn,0
10023456782,2024-10-10 20:00:00,2024-10-10,20:00:00,3.7131,Thursday,20,10,Autumn,0
10023456782,2024-10-10 21:00:00,2024-10-10,21:00:00,2.1211,Thursday,21,10,Autumn,0
10023456782,2024-10-10 22:00:00,2024-10-10,22:00:00,2.0218,Thursday,22,10,Autumn,0
10023456782,2024-10-10 23:00:00,2024-10-10,23:00:00,1.2285,Thursday,23,10,Autumn,0
10023456782,2024-10-11 00:00:00,2024-10-11,00:00:00,1.2573,Friday,0,10,Autumn,0
10023456782,2024-10-11 01:00:00,2024-10-11,01:00:00,0.9101,Friday,1,10,Autumn,0
10023456782,2024-10-11 02:00:00,2024-10-11,02:00:00,0.9156,Friday,2,10,Autumn,0
10023456782,2024-10-11 03:00:00,2024-10-11,03:00:00,0.8671,Friday,3,10,Autumn,0
10023456782,2024-10-11 04:00:00,2024-10-11,04:00:00,1.0853,Friday,4,10,Autumn,0
10023456782,2024-10-11 05:00:00,2024-10-11,05:00:00,1.7633,Friday,5,10,Autumn,0
10023456782,2024-10-11 06:00:00,2024-10-11,06:00:00,2.5365,Friday,6,10,Autumn,0
10023456782,2024-10-11 07:00:00,2024-10-11,07:00:00,2.4859,Friday,7,10,Autumn,0
10023456782,2024-10-11 08:00:00,2024-10-11,08:00:00,3.1600,Friday,8,10,Autumn,0
10023456782,2024-10-11 09:00:00,2024-10-11,09:00:00,3.8358,Friday,9,10,Autumn,0
10023456782,2024-10-11 10:00:00,2024-10-11,10:00:00,3.0272,Friday,10,10,Autumn,0
10023456782,2024-10-11 11:00:00,2024-10-11,11:00:00,2.0841,Friday,11,10,Autumn,0
10023456782,2024-10-11 12:00:00,2024-10-11,12:00:00,2.7915,Friday,12,10,Autumn,0
10023456782,2024-10-11 13:00:00,2024-10-11,13:00:00,3.1555,Friday,13,10,Autumn,0
10023456782,2024-10-11 14:00:00,2024-10-11,14:00:00,2.7700,Friday,14,10,Autumn,0
10023456782,2024-10-11 15:00:00,2024-10-11,15:00:00,3.0023,Friday,15,10,Autumn,0
10023456782,2024-10-11 16:00:00,2024-10-11,16:00:00,3.3853,Friday,16,10,Autumn,0
10023456782,2024-10-11 17:00:00,2024-10-11,17:00:00,3.1958,Friday,17,10,Autumn,0
10023456782,2024-10-11 18:00:00,2024-10-11,18:00:00,3.8876,Friday,18,10,Autumn,0
10023456782,2024-10-11 19:00:00,2024-10-11,19:00:00,3.1489,Friday,19,10,Autumn,0
10023456782,2024-10-11 20:00:00,2024-10-11,20:00:00,3.3298,Friday,20,10,Autumn,0
10023456782,2024-10-11 21:00:00,2024-10-11,21:00:00,2.4422,Friday,21,10,Autumn,0
10023456782,2024-10-11 22:00:00,2024-10-11,22:00:00,1.6705,Friday,22,10,Autumn,0
10023456782,2024-10-11 23:00:00,2024-10-11,23:00:00,1.2070,Friday,23,10,Autumn,0
10023456782,2024-10-12 00:00:00,2024-10-12,00:00:00,1.1013,Saturday,0,10,Autumn,0
10023456782,2024-10-12 01:00:00,2024-10-12,01:00:00,1.2135,Saturday,1,10,Autumn,0
10023456782,2024-10-12 02:00:00,2024-10-12,02:00:00,0.8539,Saturday,2,10,Autumn,0
10023456782,2024-10-12 03:00:00,2024-10-12,03:00:00,0.9473,Saturday,3,10,Autumn,0
10023456782,2024-10-12 04:00:00,2024-10-12,04:00:00,0.7941,Saturday,4,10,Autumn,0
10023456782,2024-10-12 05:00:00,2024-10-12,05:00:00,1.1993,Saturday,5,10,Autumn,0
10023456782,2024-10-12 06:00:00,2024-10-12,06:00:00,1.5142,Saturday,6,10,Autumn,0
10023456782,2024-10-12 07:00:00,2024-10-12,07:00:00,1.9748,Saturday,7,10,Autumn,0
10023456782,2024-10-12 08:00:00,2024-10-12,08:00:00,2.6438,Saturday,8,10,Autumn,0
10023456782,2024-10-12 09:00:00,2024-10-12,09:00:00,2.5173,Saturday,9,10,Autumn,0
10023456782,2024-10-12 10:00:00,2024-10-12,10:00:00,2.2989,Saturday,10,10,Autumn,0
10023456782,2024-10-12 11:00:00,2024-10-12,11:00:00,2.5820,Saturday,11,10,Autumn,0
10023456782,2024-10-12 12:00:00,2024-10-12,12:00:00,1.8763,Saturday,12,10,Autumn,0
10023456782,2024-10-12 13:00:00,2024-10-12,13:00:00,2.1806,Saturday,13,10,Autumn,0
10023456782,2024-10-12 14:00:00,2024-10-12,14:00:00,2.2034,Saturday,14,10,Autumn,0
10023456782,2024-10-12 15:00:00,2024-10-12,15:00:00,2.7935,Saturday,15,10,Autumn,0
10023456782,2024-10-12 16:00:00,2024-10-12,16:00:00,2.0594,Saturday,16,10,Autumn,0
10023456782,2024-10-12 17:00:00,2024-10-12,17:00:00,2.8737,Saturday,17,10,Autumn,0
10023456782,2024-10-12 18:00:00,2024-10-12,18:00:00,3.0596,Saturday,18,10,Autumn,0
10023456782,2024-10-12 19:00:00,2024-10-12,19:00:00,2.6831,Saturday,19,10,Autumn,0
10023456782,2024-10-12 20:00:00,2024-10-12,20:00:00,2.4845,Saturday,20,10,Autumn,0
10023456782,2024-10-12 21:00:00,2024-10-12,21:00:00,2.5979,Saturday,21,10,Autumn,0
10023456782,2024-10-12 22:00:00,2024-10-12,22:00:00,1.8504,Saturday,22,10,Autumn,0
10023456782,2024-10-12 23:00:00,2024-10-12,23:00:00,1.2187,Saturday,23,10,Autumn,0
10023456782,2024-10-13 00:00:00,2024-10-13,00:00:00,1.2238,Sunday,0,10,Autumn,0
10023456782,2024-10-13 01:00:00,2024-10-13,01:00:00,0.7675,Sunday,1,10,Autumn,0
10023456782,2024-10-13 02:00:00,2024-10-13,02:00:00,0.8740,Sunday,2,10,Autumn,0
10023456782,2024-10-13 03:00:00,2024-10-13,03:00:00,0.8666,Sunday,3,10,Autumn,0
10023456782,2024-10-13 04:00:00,2024-10-13,04:00:00,0.9659,Sunday,4,10,Autumn,0
10023456782,2024-10-13 05:00:00,2024-10-13,05:00:00,1.3712,Sunday,5,10,Autumn,0
10023456782,2024-10-13 06:00:00,2024-10-13,06:00:00,1.4182,Sunday,6,10,Autumn,0
10023456782,2024-10-13 07:00:00,2024-10-13,07:00:00,2.5738,Sunday,7,10,Autumn,0
10023456782,2024-10-13 08:00:00,2024-10-13,08:00:00,2.9460,Sunday,8,10,Autumn,0
10023456782,2024-10-13 09:00:00,2024-10-13,09:00:00,2.8540,Sunday,9,10,Autumn,0
10023456782,2024-10-13 10:00:00,2024-10-13,10:00:00,3.3136,Sunday,10,10,Autumn,0
10023456782,2024-10-13 11:00:00,2024-10-13,11:00:00,2.4664,Sunday,11,10,Autumn,0
10023456782,2024-10-13 12:00:00,2024-10-13,12:00:00,2.9276,Sunday,12,10,Autumn,0
10023456782,2024-10-13 13:00:00,2024-10-13,13:00:00,2.8786,Sunday,13,10,Autumn,0
10023456782,2024-10-13 14:00:00,2024-10-13,14:00:00,2.7124,Sunday,14,10,Autumn,0
10023456782,2024-10-13 15:00:00,2024-10-13,15:00:00,2.7155,Sunday,15,10,Autumn,0
10023456782,2024-10-13 16:00:00,2024-10-13,16:00:00,2.5540,Sunday,16,10,Autumn,0
10023456782,2024-10-13 17:00:00,2024-10-13,17:00:00,2.3540,Sunday,17,10,Autumn,0
10023456782,2024-10-13 18:00:00,2024-10-13,18:00:00,3.4382,Sunday,18,10,Autumn,0
10023456782,2024-10-13 19:00:00,2024-10-13,19:00:00,3.3910,Sunday,19,10,Autumn,0
10023456782,2024-10-13 20:00:00,2024-10-13,20:00:00,3.6324,Sunday,20,10,Autumn,0
10023456782,2024-10-13 21:00:00,2024-10-13,21:00:00,2.5420,Sunday,21,10,Autumn,0
10023456782,2024-10-13 22:00:00,2024-10-13,22:00:00,2.3913,Sunday,22,10,Autumn,0
10023456782,2024-10-13 23:00:00,2024-10-13,23:00:00,1.2117,Sunday,23,10,Autumn,0
10023456782,2024-10-14 00:00:00,2024-10-14,00:00:00,1.1415,Monday,0,10,Autumn,0
10023456782,2024-10-14 01:00:00,2024-10-14,01:00:00,1.5807,Monday,1,10,Autumn,0
10023456782,2024-10-14 02:00:00,2024-10-14,02:00:00,1.3088,Monday,2,10,Autumn,0
10023456782,2024-10-14 03:00:00,2024-10-14,03:00:00,1.0948,Monday,3,10,Autumn,0
10023456782,2024-10-14 04:00:00,2024-10-14,04:00:00,1.5421,Monday,4,10,Autumn,0
10023456782,2024-10-14 05:00:00,2024-10-14,05:00:00,1.9504,Monday,5,10,Autumn,0
10023456782,2024-10-14 06:00:00,2024-10-14,06:00:00,3.1188,Monday,6,10,Autumn,0
10023456782,2024-10-14 07:00:00,2024-10-14,07:00:00,4.3662,Monday,7,10,Autumn,0
10023456782,2024-10-14 08:00:00,2024-10-14,08:00:00,5.2407,Monday,8,10,Autumn,0
10023456782,2024-10-14 09:00:00,2024-10-14,09:00:00,5.1721,Monday,9,10,Autumn,0
10023456782,2024-10-14 10:00:00,2024-10-14,10:00:00,4.6113,Monday,10,10,Autumn,0
10023456782,2024-10-14 11:00:00,2024-10-14,11:00:00,3.8637,Monday,11,10,Autumn,0
10023456782,2024-10-14 12:00:00,2024-10-14,12:00:00,3.6510,Monday,12,10,Autumn,0
10023456782,2024-10-14 13:00:00,2024-10-14,13:00:00,3.5838,Monday,13,10,Autumn,0
10023456782,2024-10-14 14:00:00,2024-10-14,14:00:00,3.4058,Monday,14,10,Autumn,0
10023456782,2024-10-14 15:00:00,2024-10-14,15:00:00,3.0332,Monday,15,10,Autumn,0
10023456782,2024-10-14 16:00:00,2024-10-14,16:00:00,4.7356,Monday,16,10,Autumn,0
10023456782,2024-10-14 17:00:00,2024-10-14,17:00:00,3.9624,Monday,17,10,Autumn,0
10023456782,2024-10-14 18:00:00,2024-10-14,18:00:00,4.6800,Monday,18,10,Autumn,0
10023456782,2024-10-14 19:00:00,2024-10-14,19:00:00,4.0197,Monday,19,10,Autumn,0
10023456782,2024-10-14 20:00:00,2024-10-14,20:00:00,4.7741,Monday,20,10,Autumn,0
10023456782,2024-10-14 21:00:00,2024-10-14,21:00:00,3.8775,Monday,21,10,Autumn,0
10023456782,2024-10-14 22:00:00,2024-10-14,22:00:00,2.7225,Monday,22,10,Autumn,0
10023456782,2024-10-14 23:00:00,2024-10-14,23:00:00,1.8039,Monday,23,10,Autumn,0
10023456782,2024-10-15 00:00:00,2024-10-15,00:00:00,1.6395,Tuesday,0,10,Autumn,0
10023456782,2024-10-15 01:00:00,2024-10-15,01:00:00,1.7457,Tuesday,1,10,Autumn,0
10023456782,2024-10-15 02:00:00,2024-10-15,02:00:00,2.8605,Tuesday,2,10,Autumn,1
10023456782,2024-10-15 03:00:00,2024-10-15,03:00:00,3.8718,Tuesday,3,10,Autumn,1
10023456782,2024-10-15 04:00:00,2024-10-15,04:00:00,2.7436,Tuesday,4,10,Autumn,1
10023456782,2024-10-15 05:00:00,2024-10-15,05:00:00,4.3846,Tuesday,5,10,Autumn,1
10023456782,2024-10-15 06:00:00,2024-10-15,06:00:00,7.7099,Tuesday,6,10,Autumn,1
10023456782,2024-10-15 07:00:00,2024-10-15,07:00:00,10.9464,Tuesday,7,10,Autumn,1
10023456782,2024-10-15 08:00:00,2024-10-15,08:00:00,6.7530,Tuesday,8,10,Autumn,0
10023456782,2024-10-15 09:00:00,2024-10-15,09:00:00,4.7956,Tuesday,9,10,Autumn,0
10023456782,2024-10-15 10:00:00,2024-10-15,10:00:00,4.6014,Tuesday,10,10,Autumn,0
10023456782,2024-10-15 11:00:00,2024-10-15,11:00:00,4.0942,Tuesday,11,10,Autumn,0
10023456782,2024-10-15 12:00:00,2024-10-15,12:00:00,4.7653,Tuesday,12,10,Autumn,0
10023456782,2024-10-15 13:00:00,2024-10-15,13:00:00,4.0945,Tuesday,13,10,Autumn,0
10023456782,2024-10-15 14:00:00,2024-10-15,14:00:00,4.7872,Tuesday,14,10,Autumn,0
10023456782,2024-10-15 15:00:00,2024-10-15,15:00:00,4.9510,Tuesday,15,10,Autumn,0
10023456782,2024-10-15 16:00:00,2024-10-15,16:00:00,4.7851,Tuesday,16,10,Autumn,0
10023456782,2024-10-15 17:00:00,2024-10-15,17:00:00,4.4930,Tuesday,17,10,Autumn,0
10023456782,2024-10-15 18:00:00,2024-10-15,18:00:00,5.9046,Tuesday,18,10,Autumn,0
10023456782,2024-10-15 19:00:00,2024-10-15,19:00:00,5.4561,Tuesday,19,10,Autumn,0
10023456782,2024-10-15 20:00:00,2024-10-15,20:00:00,5.3809,Tuesday,20,10,Autumn,0
10023456782,2024-10-15 21:00:00,2024-10-15,21:00:00,4.2476,Tuesday,21,10,Autumn,0
10023456782,2024-10-15 22:00:00,2024-10-15,22:00:00,2.8421,Tuesday,22,10,Autumn,0
10023456782,2024-10-15 23:00:00,2024-10-15,23:00:00,2.0704,Tuesday,23,10,Autumn,0
10023456782,2024-10-16 00:00:00,2024-10-16,00:00:00,1.2444,Wednesday,0,10,Autumn,0
10023456782,2024-10-16 01:00:00,2024-10-16,01:00:00,1.3487,Wednesday,1,10,Autumn,0
10023456782,2024-10-16 02:00:00,2024-10-16,02:00:00,1.3255,Wednesday,2,10,Autumn,0
10023456782,2024-10-16 03:00:00,2024-10-16,03:00:00,1.2237,Wednesday,3,10,Autumn,0
10023456782,2024-10-16 04:00:00,2024-10-16,04:00:00,1.4420,Wednesday,4,10,Autumn,0
10023456782,2024-10-16 05:00:00,2024-10-16,05:00:00,2.2111,Wednesday,5,10,Autumn,0
10023456782,2024-10-16 06:00:00,2024-10-16,06:00:00,3.2911,Wednesday,6,10,Autumn,0
10023456782,2024-10-16 07:00:00,2024-10-16,07:00:00,4.2684,Wednesday,7,10,Autumn,0
10023456782,2024-10-16 08:00:00,2024-10-16,08:00:00,3.9840,Wednesday,8,10,Autumn,0
10023456782,2024-10-16 09:00:00,2024-10-16,09:00:00,4.2984,Wednesday,9,10,Autumn,0
10023456782,2024-10-16 10:00:00,2024-10-16,10:00:00,4.3281,Wednesday,10,10,Autumn,0
10023456782,2024-10-16 11:00:00,2024-10-16,11:00:00,3.3922,Wednesday,11,10,Autumn,0
10023456782,2024-10-16 12:00:00,2024-10-16,12:00:00,3.3995,Wednesday,12,10,Autumn,0
10023456782,2024-10-16 13:00:00,2024-10-16,13:00:00,4.1413,Wednesday,13,10,Autumn,0
10023456782,2024-10-16 14:00:00,2024-10-16,14:00:00,3.7853,Wednesday,14,10,Autumn,0
10023456782,2024-10-16 15:00:00,2024-10-16,15:00:00,3.7177,Wednesday,15,10,Autumn,0
10023456782,2024-10-16 16:00:00,2024-10-16,16:00:00,5.3111,Wednesday,16,10,Autumn,0
10023456782,2024-10-16 17:00:00,2024-10-16,17:00:00,5.9760,Wednesday,17,10,Autumn,0
10023456782,2024-10-16 18:00:00,2024-10-16,18:00:00,4.1305,Wednesday,18,10,Autumn,0
10023456782,2024-10-16 19:00:00,2024-10-16,19:00:00,4.5695,Wednesday,19,10,Autumn,0
10023456782,2024-10-16 20:00:00,2024-10-16,20:00:00,4.9367,Wednesday,20,10,Autumn,0
10023456782,2024-10-16 21:00:00,2024-10-16,21:00:00,3.4630,Wednesday,21,10,Autumn,0
10023456782,2024-10-16 22:00:00,2024-10-16,22:00:00,2.3423,Wednesday,22,10,Autumn,0
10023456782,2024-10-16 23:00:00,2024-10-16,23:00:00,1.7574,Wednesday,23,10,Autumn,0
10023456782,2024-10-17 00:00:00,2024-10-17,00:00:00,1.2161,Thursday,0,10,Autumn,0
10023456782,2024-10-17 01:00:00,2024-10-17,01:00:00,1.3022,Thursday,1,10,Autumn,0
10023456782,2024-10-17 02:00:00,2024-10-17,02:00:00,1.0724,Thursday,2,10,Autumn,0
10023456782,2024-10-17 03:00:00,2024-10-17,03:00:00,1.4958,Thursday,3,10,Autumn,0
10023456782,2024-10-17 04:00:00,2024-10-17,04:00:00,0.8993,Thursday,4,10,Autumn,0
10023456782,2024-10-17 05:00:00,2024-10-17,05:00:00,2.0922,Thursday,5,10,Autumn,0
10023456782,2024-10-17 06:00:00,2024-10-17,06:00:00,2.7079,Thursday,6,10,Autumn,0
10023456782,2024-10-17 07:00:00,2024-10-17,07:00:00,3.9468,Thursday,7,10,Autumn,0
10023456782,2024-10-17 08:00:00,2024-10-17,08:00:00,4.2755,Thursday,8,10,Autumn,0
10023456782,2024-10-17 09:00:00,2024-10-17,09:00:00,4.4411,Thursday,9,10,Autumn,0
10023456782,2024-10-17 10:00:00,2024-10-17,10:00:00,3.8468,Thursday,10,10,Autumn,0
10023456782,2024-10-17 11:00:00,2024-10-17,11:00:00,3.5671,Thursday,11,10,Autumn,0
10023456782,2024-10-17 12:00:00,2024-10-17,12:00:00,3.3943,Thursday,12,10,Autumn,0
10023456782,2024-10-17 13:00:00,2024-10-17,13:00:00,3.5636,Thursday,13,10,Autumn,0
10023456782,2024-10-17 14:00:00,2024-10-17,14:00:00,4.2078,Thursday,14,10,Autumn,0
10023456782,2024-10-17 15:00:00,2024-10-17,15:00:00,3.1731,Thursday,15,10,Autumn,0
10023456782,2024-10-17 16:00:00,2024-10-17,16:00:00,4.4229,Thursday,16,10,Autumn,0
10023456782,2024-10-17 17:00:00,2024-10-17,17:00:00,5.0836,Thursday,17,10,Autumn,0
10023456782,2024-10-17 18:00:00,2024-10-17,18:00:00,4.8501,Thursday,18,10,Autumn,0
10023456782,2024-10-17 19:00:00,2024-10-17,19:00:00,4.7117,Thursday,19,10,Autumn,0
10023456782,2024-10-17 20:00:00,2024-10-17,20:00:00,3.6618,Thursday,20,10,Autumn,0
10023456782,2024-10-17 21:00:00,2024-10-17,21:00:00,2.4066,Thursday,21,10,Autumn,0
10023456782,2024-10-17 22:00:00,2024-10-17,22:00:00,1.9124,Thursday,22,10,Autumn,0
10023456782,2024-10-17 23:00:00,2024-10-17,23:00:00,1.7315,Thursday,23,10,Autumn,0
10023456782,2024-10-18 00:00:00,2024-10-18,00:00:00,1.3807,Friday,0,10,Autumn,0
10023456782,2024-10-18 01:00:00,2024-10-18,01:00:00,1.2184,Friday,1,10,Autumn,0
10023456782,2024-10-18 02:00:00,2024-10-18,02:00:00,1.2944,Friday,2,10,Autumn,0
10023456782,2024-10-18 03:00:00,2024-10-18,03:00:00,1.1377,Friday,3,10,Autumn,0
10023456782,2024-10-18 04:00:00,2024-10-18,04:00:00,1.4082,Friday,4,10,Autumn,0
10023456782,2024-10-18 05:00:00,2024-10-18,05:00:00,1.7463,Friday,5,10,Autumn,0
10023456782,2024-10-18 06:00:00,2024-10-18,06:00:00,3.2888,Friday,6,10,Autumn,0
10023456782,2024-10-18 07:00:00,2024-10-18,07:00:00,4.5505,Friday,7,10,Autumn,0
10023456782,2024-10-18 08:00:00,2024-10-18,08:00:00,4.2860,Friday,8,10,Autumn,0
10023456782,2024-10-18 09:00:00,2024-10-18,09:00:00,5.0412,Friday,9,10,Autumn,0
10023456782,2024-10-18 10:00:00,2024-10-18,10:00:00,3.8451,Friday,10,10,Autumn,0
10023456782,2024-10-18 11:00:00,2024-10-18,11:00:00,3.8952,Friday,11,10,Autumn,0
10023456782,2024-10-18 12:00:00,2024-10-18,12:00:00,3.0316,Friday,12,10,Autumn,0
10023456782,2024-10-18 13:00:00,2024-10-18,13:00:00,3.8519,Friday,13,10,Autumn,0
10023456782,2024-10-18 14:00:00,2024-10-18,14:00:00,3.8411,Friday,14,10,Autumn,0
10023456782,2024-10-18 15:00:00,2024-10-18,15:00:00,3.8913,Friday,15,10,Autumn,0
10023456782,2024-10-18 16:00:00,2024-10-18,16:00:00,4.4537,Friday,16,10,Autumn,0
10023456782,2024-10-18 17:00:00,2024-10-18,17:00:00,4.7615,Friday,17,10,Autumn,0
10023456782,2024-10-18 18:00:00,2024-10-18,18:00:00,4.6944,Friday,18,10,Autumn,0
10023456782,2024-10-18 19:00:00,2024-10-18,19:00:00,4.5293,Friday,19,10,Autumn,0
10023456782,2024-10-18 20:00:00,2024-10-18,20:00:00,3.5669,Friday,20,10,Autumn,0
10023456782,2024-10-18 21:00:00,2024-10-18,21:00:00,2.8663,Friday,21,10,Autumn,0
10023456782,2024-10-18 22:00:00,2024-10-18,22:00:00,2.3220,Friday,22,10,Autumn,0
10023456782,2024-10-18 23:00:00,2024-10-18,23:00:00,2.1260,Friday,23,10,Autumn,0
10023456782,2024-10-19 00:00:00,2024-10-19,00:00:00,1.0841,Saturday,0,10,Autumn,0
10023456782,2024-10-19 01:00:00,2024-10-19,01:00:00,1.1194,Saturday,1,10,Autumn,0
10023456782,2024-10-19 02:00:00,2024-10-19,02:00:00,0.9011,Saturday,2,10,Autumn,0
10023456782,2024-10-19 03:00:00,2024-10-19,03:00:00,0.9349,Saturday,3,10,Autumn,0
10023456782,2024-10-19 04:00:00,2024-10-19,04:00:00,0.8914,Saturday,4,10,Autumn,0
10023456782,2024-10-19 05:00:00,2024-10-19,05:00:00,0.9577,Saturday,5,10,Autumn,0
10023456782,2024-10-19 06:00:00,2024-10-19,06:00:00,1.5222,Saturday,6,10,Autumn,0
10023456782,2024-10-19 07:00:00,2024-10-19,07:00:00,1.7303,Saturday,7,10,Autumn,0
10023456782,2024-10-19 08:00:00,2024-10-19,08:00:00,2.2085,Saturday,8,10,Autumn,0
10023456782,2024-10-19 09:00:00,2024-10-19,09:00:00,2.6202,Saturday,9,10,Autumn,0
10023456782,2024-10-19 10:00:00,2024-10-19,10:00:00,2.0869,Saturday,10,10,Autumn,0
10023456782,2024-10-19 11:00:00,2024-10-19,11:00:00,2.4352,Saturday,11,10,Autumn,0
10023456782,2024-10-19 12:00:00,2024-10-19,12:00:00,2.3009,Saturday,12,10,Autumn,0
10023456782,2024-10-19 13:00:00,2024-10-19,13:00:00,2.1548,Saturday,13,10,Autumn,0
10023456782,2024-10-19 14:00:00,2024-10-19,14:00:00,10.6631,Saturday,14,10,Autumn,1
10023456782,2024-10-19 15:00:00,2024-10-19,15:00:00,2.4893,Saturday,15,10,Autumn,0
10023456782,2024-10-19 16:00:00,2024-10-19,16:00:00,2.3081,Saturday,16,10,Autumn,0
10023456782,2024-10-19 17:00:00,2024-10-19,17:00:00,2.3210,Saturday,17,10,Autumn,0
10023456782,2024-10-19 18:00:00,2024-10-19,18:00:00,3.1374,Saturday,18,10,Autumn,0
10023456782,2024-10-19 19:00:00,2024-10-19,19:00:00,3.0797,Saturday,19,10,Autumn,0
10023456782,2024-10-19 20:00:00,2024-10-19,20:00:00,2.6234,Saturday,20,10,Autumn,0
10023456782,2024-10-19 21:00:00,2024-10-19,21:00:00,5.5228,Saturday,21,10,Autumn,1
10023456782,2024-10-19 22:00:00,2024-10-19,22:00:00,4.5117,Saturday,22,10,Autumn,1
10023456782,2024-10-19 23:00:00,2024-10-19,23:00:00,2.8389,Saturday,23,10,Autumn,1
10023456782,2024-10-20 00:00:00,2024-10-20,00:00:00,2.7821,Sunday,0,10,Autumn,1
10023456782,2024-10-20 01:00:00,2024-10-20,01:00:00,0.8174,Sunday,1,10,Autumn,0
10023456782,2024-10-20 02:00:00,2024-10-20,02:00:00,0.8496,Sunday,2,10,Autumn,0
10023456782,2024-10-20 03:00:00,2024-10-20,03:00:00,0.8804,Sunday,3,10,Autumn,0
10023456782,2024-10-20 04:00:00,2024-10-20,04:00:00,0.8692,Sunday,4,10,Autumn,0
10023456782,2024-10-20 05:00:00,2024-10-20,05:00:00,1.1090,Sunday,5,10,Autumn,0
10023456782,2024-10-20 06:00:00,2024-10-20,06:00:00,1.7615,Sunday,6,10,Autumn,0
10023456782,2024-10-20 07:00:00,2024-10-20,07:00:00,1.7583,Sunday,7,10,Autumn,0
10023456782,2024-10-20 08:00:00,2024-10-20,08:00:00,2.4979,Sunday,8,10,Autumn,0
10023456782,2024-10-20 09:00:00,2024-10-20,09:00:00,2.1408,Sunday,9,10,Autumn,0
10023456782,2024-10-20 10:00:00,2024-10-20,10:00:00,2.8367,Sunday,10,10,Autumn,0
10023456782,2024-10-20 11:00:00,2024-10-20,11:00:00,2.5817,Sunday,11,10,Autumn,0
10023456782,2024-10-20 12:00:00,2024-10-20,12:00:00,14.3363,Sunday,12,10,Autumn,1
10023456782,2024-10-20 13:00:00,2024-10-20,13:00:00,2.6809,Sunday,13,10,Autumn,0
10023456782,2024-10-20 14:00:00,2024-10-20,14:00:00,2.4981,Sunday,14,10,Autumn,0
10023456782,2024-10-20 15:00:00,2024-10-20,15:00:00,2.3929,Sunday,15,10,Autumn,0
10023456782,2024-10-20 16:00:00,2024-10-20,16:00:00,2.6717,Sunday,16,10,Autumn,0
10023456782,2024-10-20 17:00:00,2024-10-20,17:00:00,2.5544,Sunday,17,10,Autumn,0
10023456782,2024-10-20 18:00:00,2024-10-20,18:00:00,2.4404,Sunday,18,10,Autumn,0
10023456782,2024-10-20 19:00:00,2024-10-20,19:00:00,2.5691,Sunday,19,10,Autumn,0
10023456782,2024-10-20 20:00:00,2024-10-20,20:00:00,2.5686,Sunday,20,10,Autumn,0
10023456782,2024-10-20 21:00:00,2024-10-20,21:00:00,2.0172,Sunday,21,10,Autumn,0
10023456782,2024-10-20 22:00:00,2024-10-20,22:00:00,2.3313,Sunday,22,10,Autumn,0
10023456782,2024-10-20 23:00:00,2024-10-20,23:00:00,1.2114,Sunday,23,10,Autumn,0
10023456782,2024-10-21 00:00:00,2024-10-21,00:00:00,1.2621,Monday,0,10,Autumn,0
10023456782,2024-10-21 01:00:00,2024-10-21,01:00:00,1.0566,Monday,1,10,Autumn,0
10023456782,2024-10-21 02:00:00,2024-10-21,02:00:00,1.0943,Monday,2,10,Autumn,0
10023456782,2024-10-21 03:00:00,2024-10-21,03:00:00,1.1734,Monday,3,10,Autumn,0
10023456782,2024-10-21 04:00:00,2024-10-21,04:00:00,1.0188,Monday,4,10,Autumn,0
10023456782,2024-10-21 05:00:00,2024-10-21,05:00:00,1.7160,Monday,5,10,Autumn,0
10023456782,2024-10-21 06:00:00,2024-10-21,06:00:00,1.9100,Monday,6,10,Autumn,0
10023456782,2024-10-21 07:00:00,2024-10-21,07:00:00,3.4233,Monday,7,10,Autumn,0
10023456782,2024-10-21 08:00:00,2024-10-21,08:00:00,3.2971,Monday,8,10,Autumn,0
10023456782,2024-10-21 09:00:00,2024-10-21,09:00:00,3.3846,Monday,9,10,Autumn,0
10023456782,2024-10-21 10:00:00,2024-10-21,10:00:00,3.3597,Monday,10,10,Autumn,0
10023456782,2024-10-21 11:00:00,2024-10-21,11:00:00,3.1168,Monday,11,10,Autumn,0
10023456782,2024-10-21 12:00:00,2024-10-21,12:00:00,2.6420,Monday,12,10,Autumn,0
10023456782,2024-10-21 13:00:00,2024-10-21,13:00:00,2.9438,Monday,13,10,Autumn,0
10023456782,2024-10-21 14:00:00,2024-10-21,14:00:00,2.8290,Monday,14,10,Autumn,0
10023456782,2024-10-21 15:00:00,2024-10-21,15:00:00,2.6010,Monday,15,10,Autumn,0
10023456782,2024-10-21 16:00:00,2024-10-21,16:00:00,3.1589,Monday,16,10,Autumn,0
10023456782,2024-10-21 17:00:00,2024-10-21,17:00:00,3.2751,Monday,17,10,Autumn,0
10023456782,2024-10-21 18:00:00,2024-10-21,18:00:00,3.8602,Monday,18,10,Autumn,0
10023456782,2024-10-21 19:00:00,2024-10-21,19:00:00,3.9195,Monday,19,10,Autumn,0
10023456782,2024-10-21 20:00:00,2024-10-21,20:00:00,2.7560,Monday,20,10,Autumn,0
10023456782,2024-10-21 21:00:00,2024-10-21,21:00:00,2.7094,Monday,21,10,Autumn,0
10023456782,2024-10-21 22:00:00,2024-10-21,22:00:00,1.6805,Monday,22,10,Autumn,0
10023456782,2024-10-21 23:00:00,2024-10-21,23:00:00,1.3338,Monday,23,10,Autumn,0
10023456782,2024-10-22 00:00:00,2024-10-22,00:00:00,0.9813,Tuesday,0,10,Autumn,0
10023456782,2024-10-22 01:00:00,2024-10-22,01:00:00,0.8988,Tuesday,1,10,Autumn,0
10023456782,2024-10-22 02:00:00,2024-10-22,02:00:00,0.8027,Tuesday,2,10,Autumn,0
10023456782,2024-10-22 03:00:00,2024-10-22,03:00:00,1.0991,Tuesday,3,10,Autumn,0
10023456782,2024-10-22 04:00:00,2024-10-22,04:00:00,1.2280,Tuesday,4,10,Autumn,0
10023456782,2024-10-22 05:00:00,2024-10-22,05:00:00,1.4317,Tuesday,5,10,Autumn,0
10023456782,2024-10-22 06:00:00,2024-10-22,06:00:00,2.4816,Tuesday,6,10,Autumn,0
10023456782,2024-10-22 07:00:00,2024-10-22,07:00:00,3.6271,Tuesday,7,10,Autumn,0
10023456782,2024-10-22 08:00:00,2024-10-22,08:00:00,3.3521,Tuesday,8,10,Autumn,0
10023456782,2024-10-22 09:00:00,2024-10-22,09:00:00,3.2179,Tuesday,9,10,Autumn,0
10023456782,2024-10-22 10:00:00,2024-10-22,10:00:00,3.5749,Tuesday,10,10,Autumn,0
10023456782,2024-10-22 11:00:00,2024-10-22,11:00:00,0.3221,Tuesday,11,10,Autumn,1
10023456782,2024-10-22 12:00:00,2024-10-22,12:00:00,3.4637,Tuesday,12,10,Autumn,0
10023456782,2024-10-22 13:00:00,2024-10-22,13:00:00,2.5824,Tuesday,13,10,Autumn,0
10023456782,2024-10-22 14:00:00,2024-10-22,14:00:00,2.6116,Tuesday,14,10,Autumn,0
10023456782,2024-10-22 15:00:00,2024-10-22,15:00:00,2.4789,Tuesday,15,10,Autumn,0
10023456782,2024-10-22 16:00:00,2024-10-22,16:00:00,2.9302,Tuesday,16,10,Autumn,0
10023456782,2024-10-22 17:00:00,2024-10-22,17:00:00,3.9340,Tuesday,17,10,Autumn,0
10023456782,2024-10-22 18:00:00,2024-10-22,18:00:00,4.0914,Tuesday,18,10,Autumn,0
10023456782,2024-10-22 19:00:00,2024-10-22,19:00:00,3.4497,Tuesday,19,10,Autumn,0
10023456782,2024-10-22 20:00:00,2024-10-22,20:00:00,3.8210,Tuesday,20,10,Autumn,0
10023456782,2024-10-22 21:00:00,2024-10-22,21:00:00,2.4007,Tuesday,21,10,Autumn,0
10023456782,2024-10-22 22:00:00,2024-10-22,22:00:00,2.1452,Tuesday,22,10,Autumn,0
10023456782,2024-10-22 23:00:00,2024-10-22,23:00:00,1.4331,Tuesday,23,10,Autumn,0
10023456782,2024-10-23 00:00:00,2024-10-23,00:00:00,1.3360,Wednesday,0,10,Autumn,0
10023456782,2024-10-23 01:00:00,2024-10-23,01:00:00,1.0128,Wednesday,1,10,Autumn,0
10023456782,2024-10-23 02:00:00,2024-10-23,02:00:00,0.9497,Wednesday,2,10,Autumn,0
10023456782,2024-10-23 03:00:00,2024-10-23,03:00:00,1.1857,Wednesday,3,10,Autumn,0
10023456782,2024-10-23 04:00:00,2024-10-23,04:00:00,1.0310,Wednesday,4,10,Autumn,0
10023456782,2024-10-23 05:00:00,2024-10-23,05:00:00,1.6197,Wednesday,5,10,Autumn,0
10023456782,2024-10-23 06:00:00,2024-10-23,06:00:00,2.8480,Wednesday,6,10,Autumn,0
10023456782,2024-10-23 07:00:00,2024-10-23,07:00:00,3.7192,Wednesday,7,10,Autumn,0
10023456782,2024-10-23 08:00:00,2024-10-23,08:00:00,14.2663,Wednesday,8,10,Autumn,1
10023456782,2024-10-23 09:00:00,2024-10-23,09:00:00,3.1900,Wednesday,9,10,Autumn,0
10023456782,2024-10-23 10:00:00,2024-10-23,10:00:00,2.9564,Wednesday,10,10,Autumn,0
10023456782,2024-10-23 11:00:00,2024-10-23,11:00:00,3.2757,Wednesday,11,10,Autumn,0
10023456782,2024-10-23 12:00:00,2024-10-23,12:00:00,3.4159,Wednesday,12,10,Autumn,0
10023456782,2024-10-23 13:00:00,2024-10-23,13:00:00,3.1105,Wednesday,13,10,Autumn,0
10023456782,2024-10-23 14:00:00,2024-10-23,14:00:00,3.3848,Wednesday,14,10,Autumn,0
10023456782,2024-10-23 15:00:00,2024-10-23,15:00:00,3.0401,Wednesday,15,10,Autumn,0
10023456782,2024-10-23 16:00:00,2024-10-23,16:00:00,3.4236,Wednesday,16,10,Autumn,0
10023456782,2024-10-23 17:00:00,2024-10-23,17:00:00,3.5263,Wednesday,17,10,Autumn,0
10023456782,2024-10-23 18:00:00,2024-10-23,18:00:00,4.0709,Wednesday,18,10,Autumn,0
10023456782,2024-10-23 19:00:00,2024-10-23,19:00:00,3.8983,Wednesday,19,10,Autumn,0
10023456782,2024-10-23 20:00:00,2024-10-23,20:00:00,3.2189,Wednesday,20,10,Autumn,0
10023456782,2024-10-23 21:00:00,2024-10-23,21:00:00,3.3242,Wednesday,21,10,Autumn,0
10023456782,2024-10-23 22:00:00,2024-10-23,22:00:00,1.8295,Wednesday,22,10,Autumn,0
10023456782,2024-10-23 23:00:00,2024-10-23,23:00:00,1.6956,Wednesday,23,10,Autumn,0
10023456782,2024-10-24 00:00:00,2024-10-24,00:00:00,1.0789,Thursday,0,10,Autumn,0
10023456782,2024-10-24 01:00:00,2024-10-24,01:00:00,1.0547,Thursday,1,10,Autumn,0
10023456782,2024-10-24 02:00:00,2024-10-24,02:00:00,1.0932,Thursday,2,10,Autumn,0
10023456782,2024-10-24 03:00:00,2024-10-24,03:00:00,1.0461,Thursday,3,10,Autumn,0
10023456782,2024-10-24 04:00:00,2024-10-24,04:00:00,1.0616,Thursday,4,10,Autumn,0
10023456782,2024-10-24 05:00:00,2024-10-24,05:00:00,1.7024,Thursday,5,10,Autumn,0
10023456782,2024-10-24 06:00:00,2024-10-24,06:00:00,2.5432,Thursday,6,10,Autumn,0
10023456782,2024-10-24 07:00:00,2024-10-24,07:00:00,3.1996,Thursday,7,10,Autumn,0
10023456782,2024-10-24 08:00:00,2024-10-24,08:00:00,3.8027,Thursday,8,10,Autumn,0
10023456782,2024-10-24 09:00:00,2024-10-24,09:00:00,3.7528,Thursday,9,10,Autumn,0
10023456782,2024-10-24 10:00:00,2024-10-24,10:00:00,3.6209,Thursday,10,10,Autumn,0
10023456782,2024-10-24 11:00:00,2024-10-24,11:00:00,3.1432,Thursday,11,10,Autumn,0
10023456782,2024-10-24 12:00:00,2024-10-24,12:00:00,3.1658,Thursday,12,10,Autumn,0
10023456782,2024-10-24 13:00:00,2024-10-24,13:00:00,2.8799,Thursday,13,10,Autumn,0
10023456782,2024-10-24 14:00:00,2024-10-24,14:00:00,3.0779,Thursday,14,10,Autumn,0
10023456782,2024-10-24 15:00:00,2024-10-24,15:00:00,3.2281,Thursday,15,10,Autumn,0
10023456782,2024-10-24 16:00:00,2024-10-24,16:00:00,3.0766,Thursday,16,10,Autumn,0
10023456782,2024-10-24 17:00:00,2024-10-24,17:00:00,3.5852,Thursday,17,10,Autumn,0
10023456782,2024-10-24 18:00:00,2024-10-24,18:00:00,0.6512,Thursday,18,10,Autumn,1
10023456782,2024-10-24 19:00:00,2024-10-24,19:00:00,4.3300,Thursday,19,10,Autumn,0
10023456782,2024-10-24 20:00:00,2024-10-24,20:00:00,3.2444,Thursday,20,10,Autumn,0
10023456782,2024-10-24 21:00:00,2024-10-24,21:00:00,2.2333,Thursday,21,10,Autumn,0
10023456782,2024-10-24 22:00:00,2024-10-24,22:00:00,1.7309,Thursday,22,10,Autumn,0
10023456782,2024-10-24 23:00:00,2024-10-24,23:00:00,1.0296,Thursday,23,10,Autumn,0
10023456782,2024-10-25 00:00:00,2024-10-25,00:00:00,1.1341,Friday,0,10,Autumn,0
10023456782,2024-10-25 01:00:00,2024-10-25,01:00:00,0.8351,Friday,1,10,Autumn,0
10023456782,2024-10-25 02:00:00,2024-10-25,02:00:00,0.8148,Friday,2,10,Autumn,0
10023456782,2024-10-25 03:00:00,2024-10-25,03:00:00,0.8876,Friday,3,10,Autumn,0
10023456782,2024-10-25 04:00:00,2024-10-25,04:00:00,0.9089,Friday,4,10,Autumn,0
10023456782,2024-10-25 05:00:00,2024-10-25,05:00:00,3.6669,Friday,5,10,Autumn,1
10023456782,2024-10-25 06:00:00,2024-10-25,06:00:00,6.0906,Friday,6,10,Autumn,1
10023456782,2024-10-25 07:00:00,2024-10-25,07:00:00,8.4717,Friday,7,10,Autumn,1
10023456782,2024-10-25 08:00:00,2024-10-25,08:00:00,8.7536,Friday,8,10,Autumn,1
10023456782,2024-10-25 09:00:00,2024-10-25,09:00:00,7.6890,Friday,9,10,Autumn,1
10023456782,2024-10-25 10:00:00,2024-10-25,10:00:00,2.5502,Friday,10,10,Autumn,0
10023456782,2024-10-25 11:00:00,2024-10-25,11:00:00,2.3291,Friday,11,10,Autumn,0
10023456782,2024-10-25 12:00:00,2024-10-25,12:00:00,2.4454,Friday,12,10,Autumn,0
10023456782,2024-10-25 13:00:00,2024-10-25,13:00:00,2.8398,Friday,13,10,Autumn,0
10023456782,2024-10-25 14:00:00,2024-10-25,14:00:00,2.8346,Friday,14,10,Autumn,0
10023456782,2024-10-25 15:00:00,2024-10-25,15:00:00,2.7198,Friday,15,10,Autumn,0
10023456782,2024-10-25 16:00:00,2024-10-25,16:00:00,2.1112,Friday,16,10,Autumn,0
10023456782,2024-10-25 17:00:00,2024-10-25,17:00:00,3.3321,Friday,17,10,Autumn,0
10023456782,2024-10-25 18:00:00,2024-10-25,18:00:00,3.7356,Friday,18,10,Autumn,0
10023456782,2024-10-25 19:00:00,2024-10-25,19:00:00,3.3130,Friday,19,10,Autumn,0
10023456782,2024-10-25 20:00:00,2024-10-25,20:00:00,3.0687,Friday,20,10,Autumn,0
10023456782,2024-10-25 21:00:00,2024-10-25,21:00:00,2.0695,Friday,21,10,Autumn,0
10023456782,2024-10-25 22:00:00,2024-10-25,22:00:00,1.4070,Friday,22,10,Autumn,0
10023456782,2024-10-25 23:00:00,2024-10-25,23:00:00,1.5210,Friday,23,10,Autumn,0
10023456782,2024-10-26 00:00:00,2024-10-26,00:00:00,0.7979,Saturday,0,10,Autumn,0
10023456782,2024-10-26 01:00:00,2024-10-26,01:00:00,0.8278,Saturday,1,10,Autumn,0
10023456782,2024-10-26 02:00:00,2024-10-26,02:00:00,0.8574,Saturday,2,10,Autumn,0
10023456782,2024-10-26 03:00:00,2024-10-26,03:00:00,0.6603,Saturday,3,10,Autumn,0
10023456782,2024-10-26 04:00:00,2024-10-26,04:00:00,0.9277,Saturday,4,10,Autumn,0
10023456782,2024-10-26 05:00:00,2024-10-26,05:00:00,2.6788,Saturday,5,10,Autumn,1
10023456782,2024-10-26 06:00:00,2024-10-26,06:00:00,1.3690,Saturday,6,10,Autumn,0
10023456782,2024-10-26 07:00:00,2024-10-26,07:00:00,1.6667,Saturday,7,10,Autumn,0
10023456782,2024-10-26 08:00:00,2024-10-26,08:00:00,2.2047,Saturday,8,10,Autumn,0
10023456782,2024-10-26 09:00:00,2024-10-26,09:00:00,2.7897,Saturday,9,10,Autumn,0
10023456782,2024-10-26 10:00:00,2024-10-26,10:00:00,2.3884,Saturday,10,10,Autumn,0
10023456782,2024-10-26 11:00:00,2024-10-26,11:00:00,2.6772,Saturday,11,10,Autumn,0
10023456782,2024-10-26 12:00:00,2024-10-26,12:00:00,1.7900,Saturday,12,10,Autumn,0
10023456782,2024-10-26 13:00:00,2024-10-26,13:00:00,1.7071,Saturday,13,10,Autumn,0
10023456782,2024-10-26 14:00:00,2024-10-26,14:00:00,1.8132,Saturday,14,10,Autumn,0
10023456782,2024-10-26 15:00:00,2024-10-26,15:00:00,2.0935,Saturday,15,10,Autumn,0
10023456782,2024-10-26 16:00:00,2024-10-26,16:00:00,2.4642,Saturday,16,10,Autumn,0
10023456782,2024-10-26 17:00:00,2024-10-26,17:00:00,3.0783,Saturday,17,10,Autumn,0
10023456782,2024-10-26 18:00:00,2024-10-26,18:00:00,2.4369,Saturday,18,10,Autumn,0
10023456782,2024-10-26 19:00:00,2024-10-26,19:00:00,3.1733,Saturday,19,10,Autumn,0
10023456782,2024-10-26 20:00:00,2024-10-26,20:00:00,2.3863,Saturday,20,10,Autumn,0
10023456782,2024-10-26 21:00:00,2024-10-26,21:00:00,2.0609,Saturday,21,10,Autumn,0
10023456782,2024-10-26 22:00:00,2024-10-26,22:00:00,1.6272,Saturday,22,10,Autumn,0
10023456782,2024-10-26 23:00:00,2024-10-26,23:00:00,0.9574,Saturday,23,10,Autumn,0
10023456782,2024-10-27 00:00:00,2024-10-27,00:00:00,1.0206,Sunday,0,10,Autumn,0
10023456782,2024-10-27 01:00:00,2024-10-27,01:00:00,0.9877,Sunday,1,10,Autumn,0
10023456782,2024-10-27 02:00:00,2024-10-27,02:00:00,0.7370,Sunday,2,10,Autumn,0
10023456782,2024-10-27 03:00:00,2024-10-27,03:00:00,0.7437,Sunday,3,10,Autumn,0
10023456782,2024-10-27 04:00:00,2024-10-27,04:00:00,0.9537,Sunday,4,10,Autumn,0
10023456782,2024-10-27 05:00:00,2024-10-27,05:00:00,1.1160,Sunday,5,10,Autumn,0
10023456782,2024-10-27 06:00:00,2024-10-27,06:00:00,1.4487,Sunday,6,10,Autumn,0
10023456782,2024-10-27 07:00:00,2024-10-27,07:00:00,1.5062,Sunday,7,10,Autumn,0
10023456782,2024-10-27 08:00:00,2024-10-27,08:00:00,2.1316,Sunday,8,10,Autumn,0
10023456782,2024-10-27 09:00:00,2024-10-27,09:00:00,2.0572,Sunday,9,10,Autumn,0
10023456782,2024-10-27 10:00:00,2024-10-27,10:00:00,2.5764,Sunday,10,10,Autumn,0
10023456782,2024-10-27 11:00:00,2024-10-27,11:00:00,2.4807,Sunday,11,10,Autumn,0
10023456782,2024-10-27 12:00:00,2024-10-27,12:00:00,1.9189,Sunday,12,10,Autumn,0
10023456782,2024-10-27 13:00:00,2024-10-27,13:00:00,2.0821,Sunday,13,10,Autumn,0
10023456782,2024-10-27 14:00:00,2024-10-27,14:00:00,2.2006,Sunday,14,10,Autumn,0
10023456782,2024-10-27 15:00:00,2024-10-27,15:00:00,2.1360,Sunday,15,10,Autumn,0
10023456782,2024-10-27 16:00:00,2024-10-27,16:00:00,2.1191,Sunday,16,10,Autumn,0
10023456782,2024-10-27 17:00:00,2024-10-27,17:00:00,2.5818,Sunday,17,10,Autumn,0
10023456782,2024-10-27 18:00:00,2024-10-27,18:00:00,2.3455,Sunday,18,10,Autumn,0
10023456782,2024-10-27 19:00:00,2024-10-27,19:00:00,3.2681,Sunday,19,10,Autumn,0
10023456782,2024-10-27 20:00:00,2024-10-27,20:00:00,2.9789,Sunday,20,10,Autumn,0
10023456782,2024-10-27 21:00:00,2024-10-27,21:00:00,2.1227,Sunday,21,10,Autumn,0
10023456782,2024-10-27 22:00:00,2024-10-27,22:00:00,1.5002,Sunday,22,10,Autumn,0
10023456782,2024-10-27 23:00:00,2024-10-27,23:00:00,1.3910,Sunday,23,10,Autumn,0
10023456782,2024-10-28 00:00:00,2024-10-28,00:00:00,1.1680,Monday,0,10,Autumn,0
10023456782,2024-10-28 01:00:00,2024-10-28,01:00:00,0.8343,Monday,1,10,Autumn,0
10023456782,2024-10-28 02:00:00,2024-10-28,02:00:00,0.8683,Monday,2,10,Autumn,0
10023456782,2024-10-28 03:00:00,2024-10-28,03:00:00,0.8342,Monday,3,10,Autumn,0
10023456782,2024-10-28 04:00:00,2024-10-28,04:00:00,0.9958,Monday,4,10,Autumn,0
10023456782,2024-10-28 05:00:00,2024-10-28,05:00:00,1.2509,Monday,5,10,Autumn,0
10023456782,2024-10-28 06:00:00,2024-10-28,06:00:00,2.1991,Monday,6,10,Autumn,0
10023456782,2024-10-28 07:00:00,2024-10-28,07:00:00,2.9423,Monday,7,10,Autumn,0
10023456782,2024-10-28 08:00:00,2024-10-28,08:00:00,3.1902,Monday,8,10,Autumn,0
10023456782,2024-10-28 09:00:00,2024-10-28,09:00:00,4.1749,Monday,9,10,Autumn,0
10023456782,2024-10-28 10:00:00,2024-10-28,10:00:00,2.6800,Monday,10,10,Autumn,0
10023456782,2024-10-28 11:00:00,2024-10-28,11:00:00,3.0280,Monday,11,10,Autumn,0
10023456782,2024-10-28 12:00:00,2024-10-28,12:00:00,2.2597,Monday,12,10,Autumn,0
10023456782,2024-10-28 13:00:00,2024-10-28,13:00:00,2.5032,Monday,13,10,Autumn,0
10023456782,2024-10-28 14:00:00,2024-10-28,14:00:00,3.1379,Monday,14,10,Autumn,0
10023456782,2024-10-28 15:00:00,2024-10-28,15:00:00,2.4407,Monday,15,10,Autumn,0
10023456782,2024-10-28 16:00:00,2024-10-28,16:00:00,2.8750,Monday,16,10,Autumn,0
10023456782,2024-10-28 17:00:00,2024-10-28,17:00:00,3.5455,Monday,17,10,Autumn,0
10023456782,2024-10-28 18:00:00,2024-10-28,18:00:00,3.0775,Monday,18,10,Autumn,0
10023456782,2024-10-28 19:00:00,2024-10-28,19:00:00,3.2205,Monday,19,10,Autumn,0
10023456782,2024-10-28 20:00:00,2024-10-28,20:00:00,2.9088,Monday,20,10,Autumn,0
10023456782,2024-10-28 21:00:00,2024-10-28,21:00:00,2.6335,Monday,21,10,Autumn,0
10023456782,2024-10-28 22:00:00,2024-10-28,22:00:00,1.7847,Monday,22,10,Autumn,0
10023456782,2024-10-28 23:00:00,2024-10-28,23:00:00,1.1262,Monday,23,10,Autumn,0
10023456782,2024-10-29 00:00:00,2024-10-29,00:00:00,1.3274,Tuesday,0,10,Autumn,0
10023456782,2024-10-29 01:00:00,2024-10-29,01:00:00,0.8268,Tuesday,1,10,Autumn,0
10023456782,2024-10-29 02:00:00,2024-10-29,02:00:00,0.8574,Tuesday,2,10,Autumn,0
10023456782,2024-10-29 03:00:00,2024-10-29,03:00:00,0.8599,Tuesday,3,10,Autumn,0
10023456782,2024-10-29 04:00:00,2024-10-29,04:00:00,1.0567,Tuesday,4,10,Autumn,0
10023456782,2024-10-29 05:00:00,2024-10-29,05:00:00,1.2535,Tuesday,5,10,Autumn,0
10023456782,2024-10-29 06:00:00,2024-10-29,06:00:00,2.3154,Tuesday,6,10,Autumn,0
10023456782,2024-10-29 07:00:00,2024-10-29,07:00:00,2.3991,Tuesday,7,10,Autumn,0
10023456782,2024-10-29 08:00:00,2024-10-29,08:00:00,3.1733,Tuesday,8,10,Autumn,0
10023456782,2024-10-29 09:00:00,2024-10-29,09:00:00,2.7399,Tuesday,9,10,Autumn,0
10023456782,2024-10-29 10:00:00,2024-10-29,10:00:00,3.0629,Tuesday,10,10,Autumn,0
10023456782,2024-10-29 11:00:00,2024-10-29,11:00:00,2.8133,Tuesday,11,10,Autumn,0
10023456782,2024-10-29 12:00:00,2024-10-29,12:00:00,2.5652,Tuesday,12,10,Autumn,0
10023456782,2024-10-29 13:00:00,2024-10-29,13:00:00,2.8529,Tuesday,13,10,Autumn,0
10023456782,2024-10-29 14:00:00,2024-10-29,14:00:00,3.3329,Tuesday,14,10,Autumn,0
10023456782,2024-10-29 15:00:00,2024-10-29,15:00:00,2.5257,Tuesday,15,10,Autumn,0
10023456782,2024-10-29 16:00:00,2024-10-29,16:00:00,3.1013,Tuesday,16,10,Autumn,0
10023456782,2024-10-29 17:00:00,2024-10-29,17:00:00,3.4808,Tuesday,17,10,Autumn,0
10023456782,2024-10-29 18:00:00,2024-10-29,18:00:00,3.4514,Tuesday,18,10,Autumn,0
10023456782,2024-10-29 19:00:00,2024-10-29,19:00:00,2.8671,Tuesday,19,10,Autumn,0
10023456782,2024-10-29 20:00:00,2024-10-29,20:00:00,3.2215,Tuesday,20,10,Autumn,0
10023456782,2024-10-29 21:00:00,2024-10-29,21:00:00,2.5081,Tuesday,21,10,Autumn,0
10023456782,2024-10-29 22:00:00,2024-10-29,22:00:00,1.5833,Tuesday,22,10,Autumn,0
10023456782,2024-10-29 23:00:00,2024-10-29,23:00:00,1.0944,Tuesday,23,10,Autumn,0
10023456782,2024-10-30 00:00:00,2024-10-30,00:00:00,1.1028,Wednesday,0,10,Autumn,0
10023456782,2024-10-30 01:00:00,2024-10-30,01:00:00,0.7502,Wednesday,1,10,Autumn,0
10023456782,2024-10-30 02:00:00,2024-10-30,02:00:00,0.9999,Wednesday,2,10,Autumn,0
10023456782,2024-10-30 03:00:00,2024-10-30,03:00:00,0.9750,Wednesday,3,10,Autumn,0
10023456782,2024-10-30 04:00:00,2024-10-30,04:00:00,1.0121,Wednesday,4,10,Autumn,0
10023456782,2024-10-30 05:00:00,2024-10-30,05:00:00,1.5315,Wednesday,5,10,Autumn,0
10023456782,2024-10-30 06:00:00,2024-10-30,06:00:00,2.1933,Wednesday,6,10,Autumn,0
10023456782,2024-10-30 07:00:00,2024-10-30,07:00:00,2.5331,Wednesday,7,10,Autumn,0
10023456782,2024-10-30 08:00:00,2024-10-30,08:00:00,4.1256,Wednesday,8,10,Autumn,0
10023456782,2024-10-30 09:00:00,2024-10-30,09:00:00,3.0243,Wednesday,9,10,Autumn,0
10023456782,2024-10-30 10:00:00,2024-10-30,10:00:00,3.5844,Wednesday,10,10,Autumn,0
10023456782,2024-10-30 11:00:00,2024-10-30,11:00:00,3.9472,Wednesday,11,10,Autumn,0
10023456782,2024-10-30 12:00:00,2024-10-30,12:00:00,3.4272,Wednesday,12,10,Autumn,0
10023456782,2024-10-30 13:00:00,2024-10-30,13:00:00,3.3325,Wednesday,13,10,Autumn,0
10023456782,2024-10-30 14:00:00,2024-10-30,14:00:00,3.0573,Wednesday,14,10,Autumn,0
10023456782,2024-10-30 15:00:00,2024-10-30,15:00:00,2.5021,Wednesday,15,10,Autumn,0
10023456782,2024-10-30 16:00:00,2024-10-30,16:00:00,3.2576,Wednesday,16,10,Autumn,0
10023456782,2024-10-30 17:00:00,2024-10-30,17:00:00,3.5859,Wednesday,17,10,Autumn,0
10023456782,2024-10-30 18:00:00,2024-10-30,18:00:00,3.7953,Wednesday,18,10,Autumn,0
10023456782,2024-10-30 19:00:00,2024-10-30,19:00:00,3.3630,Wednesday,19,10,Autumn,0
10023456782,2024-10-30 20:00:00,2024-10-30,20:00:00,3.4481,Wednesday,20,10,Autumn,0
10023456782,2024-10-30 21:00:00,2024-10-30,21:00:00,2.2727,Wednesday,21,10,Autumn,0
10023456782,2024-10-30 22:00:00,2024-10-30,22:00:00,1.9233,Wednesday,22,10,Autumn,0
10023456782,2024-10-30 23:00:00,2024-10-30,23:00:00,1.5148,Wednesday,23,10,Autumn,0
10023456782,2024-10-31 00:00:00,2024-10-31,00:00:00,0.8296,Thursday,0,10,Autumn,0
10023456782,2024-10-31 01:00:00,2024-10-31,01:00:00,0.9694,Thursday,1,10,Autumn,0
10023456782,2024-10-31 02:00:00,2024-10-31,02:00:00,0.6241,Thursday,2,10,Autumn,0
10023456782,2024-10-31 03:00:00,2024-10-31,03:00:00,0.7623,Thursday,3,10,Autumn,0
10023456782,2024-10-31 04:00:00,2024-10-31,04:00:00,0.8187,Thursday,4,10,Autumn,0
10023456782,2024-10-31 05:00:00,2024-10-31,05:00:00,1.4048,Thursday,5,10,Autumn,0
10023456782,2024-10-31 06:00:00,2024-10-31,06:00:00,2.3139,Thursday,6,10,Autumn,0
10023456782,2024-10-31 07:00:00,2024-10-31,07:00:00,3.5179,Thursday,7,10,Autumn,0
10023456782,2024-10-31 08:00:00,2024-10-31,08:00:00,3.2855,Thursday,8,10,Autumn,0
10023456782,2024-10-31 09:00:00,2024-10-31,09:00:00,3.3392,Thursday,9,10,Autumn,0
10023456782,2024-10-31 10:00:00,2024-10-31,10:00:00,3.6313,Thursday,10,10,Autumn,0
10023456782,2024-10-31 11:00:00,2024-10-31,11:00:00,2.8234,Thursday,11,10,Autumn,0
10023456782,2024-10-31 12:00:00,2024-10-31,12:00:00,2.2097,Thursday,12,10,Autumn,0
10023456782,2024-10-31 13:00:00,2024-10-31,13:00:00,2.6558,Thursday,13,10,Autumn,0
10023456782,2024-10-31 14:00:00,2024-10-31,14:00:00,2.3483,Thursday,14,10,Autumn,0
10023456782,2024-10-31 15:00:00,2024-10-31,15:00:00,2.8267,Thursday,15,10,Autumn,0
10023456782,2024-10-31 16:00:00,2024-10-31,16:00:00,3.2520,Thursday,16,10,Autumn,0
10023456782,2024-10-31 17:00:00,2024-10-31,17:00:00,4.1484,Thursday,17,10,Autumn,0
10023456782,2024-10-31 18:00:00,2024-10-31,18:00:00,3.5184,Thursday,18,10,Autumn,0
10023456782,2024-10-31 19:00:00,2024-10-31,19:00:00,3.8359,Thursday,19,10,Autumn,0
10023456782,2024-10-31 20:00:00,2024-10-31,20:00:00,12.0698,Thursday,20,10,Autumn,1
10023456782,2024-10-31 21:00:00,2024-10-31,21:00:00,2.7891,Thursday,21,10,Autumn,0
10023456782,2024-10-31 22:00:00,2024-10-31,22:00:00,1.8504,Thursday,22,10,Autumn,0
10023456782,2024-10-31 23:00:00,2024-10-31,23:00:00,1.2705,Thursday,23,10,Autumn,0
10023456782,2024-11-01 00:00:00,2024-11-01,00:00:00,1.3506,Friday,0,11,Autumn,0
10023456782,2024-11-01 01:00:00,2024-11-01,01:00:00,1.2272,Friday,1,11,Autumn,0
10023456782,2024-11-01 02:00:00,2024-11-01,02:00:00,0.9993,Friday,2,11,Autumn,0
10023456782,2024-11-01 03:00:00,2024-11-01,03:00:00,1.0236,Friday,3,11,Autumn,0
10023456782,2024-11-01 04:00:00,2024-11-01,04:00:00,1.0057,Friday,4,11,Autumn,0
10023456782,2024-11-01 05:00:00,2024-11-01,05:00:00,1.8415,Friday,5,11,Autumn,0
10023456782,2024-11-01 06:00:00,2024-11-01,06:00:00,2.2897,Friday,6,11,Autumn,0
10023456782,2024-11-01 07:00:00,2024-11-01,07:00:00,2.9881,Friday,7,11,Autumn,0
10023456782,2024-11-01 08:00:00,2024-11-01,08:00:00,3.3923,Friday,8,11,Autumn,0
10023456782,2024-11-01 09:00:00,2024-11-01,09:00:00,3.3002,Friday,9,11,Autumn,0
10023456782,2024-11-01 10:00:00,2024-11-01,10:00:00,3.5038,Friday,10,11,Autumn,0
10023456782,2024-11-01 11:00:00,2024-11-01,11:00:00,2.8900,Friday,11,11,Autumn,0
10023456782,2024-11-01 12:00:00,2024-11-01,12:00:00,2.9885,Friday,12,11,Autumn,0
10023456782,2024-11-01 13:00:00,2024-11-01,13:00:00,4.4212,Friday,13,11,Autumn,0
10023456782,2024-11-01 14:00:00,2024-11-01,14:00:00,2.6205,Friday,14,11,Autumn,0
10023456782,2024-11-01 15:00:00,2024-11-01,15:00:00,2.8123,Friday,15,11,Autumn,0
10023456782,2024-11-01 16:00:00,2024-11-01,16:00:00,3.4130,Friday,16,11,Autumn,0
10023456782,2024-11-01 17:00:00,2024-11-01,17:00:00,3.5218,Friday,17,11,Autumn,0
10023456782,2024-11-01 18:00:00,2024-11-01,18:00:00,3.5910,Friday,18,11,Autumn,0
10023456782,2024-11-01 19:00:00,2024-11-01,19:00:00,3.9874,Friday,19,11,Autumn,0
10023456782,2024-11-01 20:00:00,2024-11-01,20:00:00,3.2876,Friday,20,11,Autumn,0
10023456782,2024-11-01 21:00:00,2024-11-01,21:00:00,2.4364,Friday,21,11,Autumn,0
10023456782,2024-11-01 22:00:00,2024-11-01,22:00:00,2.4026,Friday,22,11,Autumn,0
10023456782,2024-11-01 23:00:00,2024-11-01,23:00:00,1.5778,Friday,23,11,Autumn,0
10023456782,2024-11-02 00:00:00,2024-11-02,00:00:00,2.7975,Saturday,0,11,Autumn,1
10023456782,2024-11-02 01:00:00,2024-11-02,01:00:00,0.9528,Saturday,1,11,Autumn,0
10023456782,2024-11-02 02:00:00,2024-11-02,02:00:00,0.5615,Saturday,2,11,Autumn,0
10023456782,2024-11-02 03:00:00,2024-11-02,03:00:00,0.7447,Saturday,3,11,Autumn,0
10023456782,2024-11-02 04:00:00,2024-11-02,04:00:00,0.7315,Saturday,4,11,Autumn,0
10023456782,2024-11-02 05:00:00,2024-11-02,05:00:00,1.0411,Saturday,5,11,Autumn,0
10023456782,2024-11-02 06:00:00,2024-11-02,06:00:00,1.2507,Saturday,6,11,Autumn,0
10023456782,2024-11-02 07:00:00,2024-11-02,07:00:00,1.4974,Saturday,7,11,Autumn,0
10023456782,2024-11-02 08:00:00,2024-11-02,08:00:00,2.3050,Saturday,8,11,Autumn,0
10023456782,2024-11-02 09:00:00,2024-11-02,09:00:00,1.9430,Saturday,9,11,Autumn,0
10023456782,2024-11-02 10:00:00,2024-11-02,10:00:00,1.9303,Saturday,10,11,Autumn,0
10023456782,2024-11-02 11:00:00,2024-11-02,11:00:00,2.0413,Saturday,11,11,Autumn,0
10023456782,2024-11-02 12:00:00,2024-11-02,12:00:00,1.6087,Saturday,12,11,Autumn,0
10023456782,2024-11-02 13:00:00,2024-11-02,13:00:00,1.6270,Saturday,13,11,Autumn,0
10023456782,2024-11-02 14:00:00,2024-11-02,14:00:00,1.8009,Saturday,14,11,Autumn,0
10023456782,2024-11-02 15:00:00,2024-11-02,15:00:00,1.5593,Saturday,15,11,Autumn,0
10023456782,2024-11-02 16:00:00,2024-11-02,16:00:00,2.4595,Saturday,16,11,Autumn,0
10023456782,2024-11-02 17:00:00,2024-11-02,17:00:00,2.1638,Saturday,17,11,Autumn,0
10023456782,2024-11-02 18:00:00,2024-11-02,18:00:00,2.2215,Saturday,18,11,Autumn,0
10023456782,2024-11-02 19:00:00,2024-11-02,19:00:00,2.0894,Saturday,19,11,Autumn,0
10023456782,2024-11-02 20:00:00,2024-11-02,20:00:00,2.4784,Saturday,20,11,Autumn,0
10023456782,2024-11-02 21:00:00,2024-11-02,21:00:00,2.0883,Saturday,21,11,Autumn,0
10023456782,2024-11-02 22:00:00,2024-11-02,22:00:00,1.6383,Saturday,22,11,Autumn,0
10023456782,2024-11-02 23:00:00,2024-11-02,23:00:00,1.1501,Saturday,23,11,Autumn,0
10023456782,2024-11-03 00:00:00,2024-11-03,00:00:00,0.9513,Sunday,0,11,Autumn,0
10023456782,2024-11-03 01:00:00,2024-11-03,01:00:00,0.6820,Sunday,1,11,Autumn,0
10023456782,2024-11-03 02:00:00,2024-11-03,02:00:00,0.8335,Sunday,2,11,Autumn,0
10023456782,2024-11-03 03:00:00,2024-11-03,03:00:00,0.6953,Sunday,3,11,Autumn,0
10023456782,2024-11-03 04:00:00,2024-11-03,04:00:00,0.8541,Sunday,4,11,Autumn,0
10023456782,2024-11-03 05:00:00,2024-11-03,05:00:00,1.0751,Sunday,5,11,Autumn,0
10023456782,2024-11-03 06:00:00,2024-11-03,06:00:00,1.3804,Sunday,6,11,Autumn,0
10023456782,2024-11-03 07:00:00,2024-11-03,07:00:00,1.9396,Sunday,7,11,Autumn,0
10023456782,2024-11-03 08:00:00,2024-11-03,08:00:00,2.0649,Sunday,8,11,Autumn,0
10023456782,2024-11-03 09:00:00,2024-11-03,09:00:00,2.3894,Sunday,9,11,Autumn,0
10023456782,2024-11-03 10:00:00,2024-11-03,10:00:00,2.6085,Sunday,10,11,Autumn,0
10023456782,2024-11-03 11:00:00,2024-11-03,11:00:00,2.0084,Sunday,11,11,Autumn,0
10023456782,2024-11-03 12:00:00,2024-11-03,12:00:00,2.1323,Sunday,12,11,Autumn,0
10023456782,2024-11-03 13:00:00,2024-11-03,13:00:00,2.3864,Sunday,13,11,Autumn,0
10023456782,2024-11-03 14:00:00,2024-11-03,14:00:00,1.8570,Sunday,14,11,Autumn,0
10023456782,2024-11-03 15:00:00,2024-11-03,15:00:00,1.9786,Sunday,15,11,Autumn,0
10023456782,2024-11-03 16:00:00,2024-11-03,16:00:00,2.4699,Sunday,16,11,Autumn,0
10023456782,2024-11-03 17:00:00,2024-11-03,17:00:00,2.1835,Sunday,17,11,Autumn,0
10023456782,2024-11-03 18:00:00,2024-11-03,18:00:00,2.5680,Sunday,18,11,Autumn,0
10023456782,2024-11-03 19:00:00,2024-11-03,19:00:00,2.7410,Sunday,19,11,Autumn,0
10023456782,2024-11-03 20:00:00,2024-11-03,20:00:00,2.4946,Sunday,20,11,Autumn,0
10023456782,2024-11-03 21:00:00,2024-11-03,21:00:00,2.0462,Sunday,21,11,Autumn,0
10023456782,2024-11-03 22:00:00,2024-11-03,22:00:00,1.7205,Sunday,22,11,Autumn,0
10023456782,2024-11-03 23:00:00,2024-11-03,23:00:00,1.0879,Sunday,23,11,Autumn,0
10023456782,2024-11-04 00:00:00,2024-11-04,00:00:00,1.0677,Monday,0,11,Autumn,0
10023456782,2024-11-04 01:00:00,2024-11-04,01:00:00,1.1291,Monday,1,11,Autumn,0
10023456782,2024-11-04 02:00:00,2024-11-04,02:00:00,1.2263,Monday,2,11,Autumn,0
10023456782,2024-11-04 03:00:00,2024-11-04,03:00:00,1.3093,Monday,3,11,Autumn,0
10023456782,2024-11-04 04:00:00,2024-11-04,04:00:00,1.2306,Monday,4,11,Autumn,0
10023456782,2024-11-04 05:00:00,2024-11-04,05:00:00,1.8890,Monday,5,11,Autumn,0
10023456782,2024-11-04 06:00:00,2024-11-04,06:00:00,2.3514,Monday,6,11,Autumn,0
10023456782,2024-11-04 07:00:00,2024-11-04,07:00:00,4.2189,Monday,7,11,Autumn,0
10023456782,2024-11-04 08:00:00,2024-11-04,08:00:00,4.3368,Monday,8,11,Autumn,0
10023456782,2024-11-04 09:00:00,2024-11-04,09:00:00,3.6651,Monday,9,11,Autumn,0
10023456782,2024-11-04 10:00:00,2024-11-04,10:00:00,3.6254,Monday,10,11,Autumn,0
10023456782,2024-11-04 11:00:00,2024-11-04,11:00:00,3.0585,Monday,11,11,Autumn,0
10023456782,2024-11-04 12:00:00,2024-11-04,12:00:00,3.1985,Monday,12,11,Autumn,0
10023456782,2024-11-04 13:00:00,2024-11-04,13:00:00,3.6356,Monday,13,11,Autumn,0
10023456782,2024-11-04 14:00:00,2024-11-04,14:00:00,3.4304,Monday,14,11,Autumn,0
10023456782,2024-11-04 15:00:00,2024-11-04,15:00:00,3.1871,Monday,15,11,Autumn,0
10023456782,2024-11-04 16:00:00,2024-11-04,16:00:00,3.2610,Monday,16,11,Autumn,0
10023456782,2024-11-04 17:00:00,2024-11-04,17:00:00,3.5706,Monday,17,11,Autumn,0
10023456782,2024-11-04 18:00:00,2024-11-04,18:00:00,4.2262,Monday,18,11,Autumn,0
10023456782,2024-11-04 19:00:00,2024-11-04,19:00:00,4.0362,Monday,19,11,Autumn,0
10023456782,2024-11-04 20:00:00,2024-11-04,20:00:00,3.6813,Monday,20,11,Autumn,0
10023456782,2024-11-04 21:00:00,2024-11-04,21:00:00,3.4603,Monday,21,11,Autumn,0
10023456782,2024-11-04 22:00:00,2024-11-04,22:00:00,2.4990,Monday,22,11,Autumn,0
10023456782,2024-11-04 23:00:00,2024-11-04,23:00:00,1.6076,Monday,23,11,Autumn,0
10023456782,2024-11-05 00:00:00,2024-11-05,00:00:00,1.6658,Tuesday,0,11,Autumn,0
10023456782,2024-11-05 01:00:00,2024-11-05,01:00:00,1.8572,Tuesday,1,11,Autumn,0
10023456782,2024-11-05 02:00:00,2024-11-05,02:00:00,1.3429,Tuesday,2,11,Autumn,0
10023456782,2024-11-05 03:00:00,2024-11-05,03:00:00,1.3592,Tuesday,3,11,Autumn,0
10023456782,2024-11-05 04:00:00,2024-11-05,04:00:00,1.4717,Tuesday,4,11,Autumn,0
10023456782,2024-11-05 05:00:00,2024-11-05,05:00:00,2.2171,Tuesday,5,11,Autumn,0
10023456782,2024-11-05 06:00:00,2024-11-05,06:00:00,3.8657,Tuesday,6,11,Autumn,0
10023456782,2024-11-05 07:00:00,2024-11-05,07:00:00,3.9364,Tuesday,7,11,Autumn,0
10023456782,2024-11-05 08:00:00,2024-11-05,08:00:00,5.3662,Tuesday,8,11,Autumn,0
10023456782,2024-11-05 09:00:00,2024-11-05,09:00:00,4.3406,Tuesday,9,11,Autumn,0
10023456782,2024-11-05 10:00:00,2024-11-05,10:00:00,4.1191,Tuesday,10,11,Autumn,0
10023456782,2024-11-05 11:00:00,2024-11-05,11:00:00,4.5392,Tuesday,11,11,Autumn,0
10023456782,2024-11-05 12:00:00,2024-11-05,12:00:00,4.0579,Tuesday,12,11,Autumn,0
10023456782,2024-11-05 13:00:00,2024-11-05,13:00:00,3.4888,Tuesday,13,11,Autumn,0
10023456782,2024-11-05 14:00:00,2024-11-05,14:00:00,4.0175,Tuesday,14,11,Autumn,0
10023456782,2024-11-05 15:00:00,2024-11-05,15:00:00,4.3503,Tuesday,15,11,Autumn,0
10023456782,2024-11-05 16:00:00,2024-11-05,16:00:00,4.5575,Tuesday,16,11,Autumn,0
10023456782,2024-11-05 17:00:00,2024-11-05,17:00:00,4.4565,Tuesday,17,11,Autumn,0
10023456782,2024-11-05 18:00:00,2024-11-05,18:00:00,4.8286,Tuesday,18,11,Autumn,0
10023456782,2024-11-05 19:00:00,2024-11-05,19:00:00,5.7821,Tuesday,19,11,Autumn,0
10023456782,2024-11-05 20:00:00,2024-11-05,20:00:00,4.4244,Tuesday,20,11,Autumn,0
10023456782,2024-11-05 21:00:00,2024-11-05,21:00:00,3.4577,Tuesday,21,11,Autumn,0
10023456782,2024-11-05 22:00:00,2024-11-05,22:00:00,2.7835,Tuesday,22,11,Autumn,0
10023456782,2024-11-05 23:00:00,2024-11-05,23:00:00,1.6276,Tuesday,23,11,Autumn,0
10023456782,2024-11-06 00:00:00,2024-11-06,00:00:00,0.7906,Wednesday,0,11,Autumn,0
10023456782,2024-11-06 01:00:00,2024-11-06,01:00:00,1.1599,Wednesday,1,11,Autumn,0
10023456782,2024-11-06 02:00:00,2024-11-06,02:00:00,2.3148,Wednesday,2,11,Autumn,1
10023456782,2024-11-06 03:00:00,2024-11-06,03:00:00,2.2969,Wednesday,3,11,Autumn,1
10023456782,2024-11-06 04:00:00,2024-11-06,04:00:00,3.0485,Wednesday,4,11,Autumn,1
10023456782,2024-11-06 05:00:00,2024-11-06,05:00:00,3.5366,Wednesday,5,11,Autumn,1
10023456782,2024-11-06 06:00:00,2024-11-06,06:00:00,6.2015,Wednesday,6,11,Autumn,1
10023456782,2024-11-06 07:00:00,2024-11-06,07:00:00,7.7718,Wednesday,7,11,Autumn,1
10023456782,2024-11-06 08:00:00,2024-11-06,08:00:00,3.0298,Wednesday,8,11,Autumn,0
10023456782,2024-11-06 09:00:00,2024-11-06,09:00:00,3.8616,Wednesday,9,11,Autumn,0
10023456782,2024-11-06 10:00:00,2024-11-06,10:00:00,2.7382,Wednesday,10,11,Autumn,0
10023456782,2024-11-06 11:00:00,2024-11-06,11:00:00,2.1950,Wednesday,11,11,Autumn,0
10023456782,2024-11-06 12:00:00,2024-11-06,12:00:00,2.7671,Wednesday,12,11,Autumn,0
10023456782,2024-11-06 13:00:00,2024-11-06,13:00:00,2.6216,Wednesday,13,11,Autumn,0
10023456782,2024-11-06 14:00:00,2024-11-06,14:00:00,2.5026,Wednesday,14,11,Autumn,0
10023456782,2024-11-06 15:00:00,2024-11-06,15:00:00,2.2779,Wednesday,15,11,Autumn,0
10023456782,2024-11-06 16:00:00,2024-11-06,16:00:00,2.6117,Wednesday,16,11,Autumn,0
10023456782,2024-11-06 17:00:00,2024-11-06,17:00:00,3.2683,Wednesday,17,11,Autumn,0
10023456782,2024-11-06 18:00:00,2024-11-06,18:00:00,3.5749,Wednesday,18,11,Autumn,0
10023456782,2024-11-06 19:00:00,2024-11-06,19:00:00,2.8708,Wednesday,19,11,Autumn,0
10023456782,2024-11-06 20:00:00,2024-11-06,20:00:00,2.3186,Wednesday,20,11,Autumn,0
10023456782,2024-11-06 21:00:00,2024-11-06,21:00:00,2.3712,Wednesday,21,11,Autumn,0
10023456782,2024-11-06 22:00:00,2024-11-06,22:00:00,1.8092,Wednesday,22,11,Autumn,0
10023456782,2024-11-06 23:00:00,2024-11-06,23:00:00,1.1864,Wednesday,23,11,Autumn,0
10023456782,2024-11-07 00:00:00,2024-11-07,00:00:00,0.6572,Thursday,0,11,Autumn,0
10023456782,2024-11-07 01:00:00,2024-11-07,01:00:00,1.0815,Thursday,1,11,Autumn,0
10023456782,2024-11-07 02:00:00,2024-11-07,02:00:00,0.7416,Thursday,2,11,Autumn,0
10023456782,2024-11-07 03:00:00,2024-11-07,03:00:00,0.7724,Thursday,3,11,Autumn,0
10023456782,2024-11-07 04:00:00,2024-11-07,04:00:00,0.9279,Thursday,4,11,Autumn,0
10023456782,2024-11-07 05:00:00,2024-11-07,05:00:00,1.3191,Thursday,5,11,Autumn,0
10023456782,2024-11-07 06:00:00,2024-11-07,06:00:00,2.4000,Thursday,6,11,Autumn,0
10023456782,2024-11-07 07:00:00,2024-11-07,07:00:00,3.2579,Thursday,7,11,Autumn,0
10023456782,2024-11-07 08:00:00,2024-11-07,08:00:00,3.1677,Thursday,8,11,Autumn,0
10023456782,2024-11-07 09:00:00,2024-11-07,09:00:00,3.6660,Thursday,9,11,Autumn,0
10023456782,2024-11-07 10:00:00,2024-11-07,10:00:00,2.4736,Thursday,10,11,Autumn,0
10023456782,2024-11-07 11:00:00,2024-11-07,11:00:00,2.6928,Thursday,11,11,Autumn,0
10023456782,2024-11-07 12:00:00,2024-11-07,12:00:00,2.3833,Thursday,12,11,Autumn,0
10023456782,2024-11-07 13:00:00,2024-11-07,13:00:00,2.7751,Thursday,13,11,Autumn,0
10023456782,2024-11-07 14:00:00,2024-11-07,14:00:00,2.5007,Thursday,14,11,Autumn,0
10023456782,2024-11-07 15:00:00,2024-11-07,15:00:00,2.7959,Thursday,15,11,Autumn,0
10023456782,2024-11-07 16:00:00,2024-11-07,16:00:00,3.4023,Thursday,16,11,Autumn,0
10023456782,2024-11-07 17:00:00,2024-11-07,17:00:00,3.0976,Thursday,17,11,Autumn,0
10023456782,2024-11-07 18:00:00,2024-11-07,18:00:00,3.7524,Thursday,18,11,Autumn,0
10023456782,2024-11-07 19:00:00,2024-11-07,19:00:00,3.3128,Thursday,19,11,Autumn,0
10023456782,2024-11-07 20:00:00,2024-11-07,20:00:00,3.3743,Thursday,20,11,Autumn,0
10023456782,2024-11-07 21:00:00,2024-11-07,21:00:00,2.2867,Thursday,21,11,Autumn,0
10023456782,2024-11-07 22:00:00,2024-11-07,22:00:00,1.5456,Thursday,22,11,Autumn,0
10023456782,2024-11-07 23:00:00,2024-11-07,23:00:00,1.1916,Thursday,23,11,Autumn,0
10023456782,2024-11-08 00:00:00,2024-11-08,00:00:00,1.3091,Friday,0,11,Autumn,0
10023456782,2024-11-08 01:00:00,2024-11-08,01:00:00,1.0524,Friday,1,11,Autumn,0
10023456782,2024-11-08 02:00:00,2024-11-08,02:00:00,1.2339,Friday,2,11,Autumn,0
10023456782,2024-11-08 03:00:00,2024-11-08,03:00:00,1.2352,Friday,3,11,Autumn,0
10023456782,2024-11-08 04:00:00,2024-11-08,04:00:00,1.4126,Friday,4,11,Autumn,0
10023456782,2024-11-08 05:00:00,2024-11-08,05:00:00,2.0633,Friday,5,11,Autumn,0
10023456782,2024-11-08 06:00:00,2024-11-08,06:00:00,2.9421,Friday,6,11,Autumn,0
10023456782,2024-11-08 07:00:00,2024-11-08,07:00:00,4.7625,Friday,7,11,Autumn,0
10023456782,2024-11-08 08:00:00,2024-11-08,08:00:00,4.3509,Friday,8,11,Autumn,0
10023456782,2024-11-08 09:00:00,2024-11-08,09:00:00,4.1873,Friday,9,11,Autumn,0
10023456782,2024-11-08 10:00:00,2024-11-08,10:00:00,4.9858,Friday,10,11,Autumn,0
10023456782,2024-11-08 11:00:00,2024-11-08,11:00:00,3.9183,Friday,11,11,Autumn,0
10023456782,2024-11-08 12:00:00,2024-11-08,12:00:00,3.9660,Friday,12,11,Autumn,0
10023456782,2024-11-08 13:00:00,2024-11-08,13:00:00,3.3579,Friday,13,11,Autumn,0
10023456782,2024-11-08 14:00:00,2024-11-08,14:00:00,13.1438,Friday,14,11,Autumn,1
10023456782,2024-11-08 15:00:00,2024-11-08,15:00:00,3.3647,Friday,15,11,Autumn,0
10023456782,2024-11-08 16:00:00,2024-11-08,16:00:00,3.6462,Friday,16,11,Autumn,0
10023456782,2024-11-08 17:00:00,2024-11-08,17:00:00,4.3497,Friday,17,11,Autumn,0
10023456782,2024-11-08 18:00:00,2024-11-08,18:00:00,4.4236,Friday,18,11,Autumn,0
10023456782,2024-11-08 19:00:00,2024-11-08,19:00:00,5.5912,Friday,19,11,Autumn,0
10023456782,2024-11-08 20:00:00,2024-11-08,20:00:00,3.7813,Friday,20,11,Autumn,0
10023456782,2024-11-08 21:00:00,2024-11-08,21:00:00,3.5020,Friday,21,11,Autumn,0
10023456782,2024-11-08 22:00:00,2024-11-08,22:00:00,1.7415,Friday,22,11,Autumn,0
10023456782,2024-11-08 23:00:00,2024-11-08,23:00:00,1.3481,Friday,23,11,Autumn,0
10023456782,2024-11-09 00:00:00,2024-11-09,00:00:00,1.2014,Saturday,0,11,Autumn,0
10023456782,2024-11-09 01:00:00,2024-11-09,01:00:00,1.0512,Saturday,1,11,Autumn,0
10023456782,2024-11-09 02:00:00,2024-11-09,02:00:00,0.9646,Saturday,2,11,Autumn,0
10023456782,2024-11-09 03:00:00,2024-11-09,03:00:00,0.8481,Saturday,3,11,Autumn,0
10023456782,2024-11-09 04:00:00,2024-11-09,04:00:00,1.0417,Saturday,4,11,Autumn,0
10023456782,2024-11-09 05:00:00,2024-11-09,05:00:00,1.6437,Saturday,5,11,Autumn,0
10023456782,2024-11-09 06:00:00,2024-11-09,06:00:00,1.5910,Saturday,6,11,Autumn,0
10023456782,2024-11-09 07:00:00,2024-11-09,07:00:00,2.4385,Saturday,7,11,Autumn,0
10023456782,2024-11-09 08:00:00,2024-11-09,08:00:00,3.0286,Saturday,8,11,Autumn,0
10023456782,2024-11-09 09:00:00,2024-11-09,09:00:00,2.3265,Saturday,9,11,Autumn,0
10023456782,2024-11-09 10:00:00,2024-11-09,10:00:00,3.0756,Saturday,10,11,Autumn,0
10023456782,2024-11-09 11:00:00,2024-11-09,11:00:00,2.9075,Saturday,11,11,Autumn,0
10023456782,2024-11-09 12:00:00,2024-11-09,12:00:00,2.2875,Saturday,12,11,Autumn,0
10023456782,2024-11-09 13:00:00,2024-11-09,13:00:00,2.6699,Saturday,13,11,Autumn,0
10023456782,2024-11-09 14:00:00,2024-11-09,14:00:00,2.4116,Saturday,14,11,Autumn,0
10023456782,2024-11-09 15:00:00,2024-11-09,15:00:00,2.3568,Saturday,15,11,Autumn,0
10023456782,2024-11-09 16:00:00,2024-11-09,16:00:00,2.2535,Saturday,16,11,Autumn,0
10023456782,2024-11-09 17:00:00,2024-11-09,17:00:00,7.6864,Saturday,17,11,Autumn,1
10023456782,2024-11-09 18:00:00,2024-11-09,18:00:00,8.3759,Saturday,18,11,Autumn,1
10023456782,2024-11-09 19:00:00,2024-11-09,19:00:00,8.5510,Saturday,19,11,Autumn,1
10023456782,2024-11-09 20:00:00,2024-11-09,20:00:00,7.6410,Saturday,20,11,Autumn,1
10023456782,2024-11-09 21:00:00,2024-11-09,21:00:00,8.0574,Saturday,21,11,Autumn,1
10023456782,2024-11-09 22:00:00,2024-11-09,22:00:00,2.2157,Saturday,22,11,Autumn,0
10023456782,2024-11-09 23:00:00,2024-11-09,23:00:00,1.4748,Saturday,23,11,Autumn,0
10023456782,2024-11-10 00:00:00,2024-11-10,00:00:00,1.1068,Sunday,0,11,Autumn,0
10023456782,2024-11-10 01:00:00,2024-11-10,01:00:00,0.9176,Sunday,1,11,Autumn,0
10023456782,2024-11-10 02:00:00,2024-11-10,02:00:00,0.7553,Sunday,2,11,Autumn,0
10023456782,2024-11-10 03:00:00,2024-11-10,03:00:00,0.8990,Sunday,3,11,Autumn,0
10023456782,2024-11-10 04:00:00,2024-11-10,04:00:00,0.6899,Sunday,4,11,Autumn,0
10023456782,2024-11-10 05:00:00,2024-11-10,05:00:00,0.9597,Sunday,5,11,Autumn,0
10023456782,2024-11-10 06:00:00,2024-11-10,06:00:00,1.3789,Sunday,6,11,Autumn,0
10023456782,2024-11-10 07:00:00,2024-11-10,07:00:00,1.3533,Sunday,7,11,Autumn,0
10023456782,2024-11-10 08:00:00,2024-11-10,08:00:00,2.3488,Sunday,8,11,Autumn,0
10023456782,2024-11-10 09:00:00,2024-11-10,09:00:00,2.2208,Sunday,9,11,Autumn,0
10023456782,2024-11-10 10:00:00,2024-11-10,10:00:00,2.2572,Sunday,10,11,Autumn,0
10023456782,2024-11-10 11:00:00,2024-11-10,11:00:00,2.1910,Sunday,11,11,Autumn,0
10023456782,2024-11-10 12:00:00,2024-11-10,12:00:00,2.5630,Sunday,12,11,Autumn,0
10023456782,2024-11-10 13:00:00,2024-11-10,13:00:00,2.0867,Sunday,13,11,Autumn,0
10023456782,2024-11-10 14:00:00,2024-11-10,14:00:00,2.1652,Sunday,14,11,Autumn,0
10023456782,2024-11-10 15:00:00,2024-11-10,15:00:00,2.3969,Sunday,15,11,Autumn,0
10023456782,2024-11-10 16:00:00,2024-11-10,16:00:00,2.2231,Sunday,16,11,Autumn,0
10023456782,2024-11-10 17:00:00,2024-11-10,17:00:00,6.1440,Sunday,17,11,Autumn,1
10023456782,2024-11-10 18:00:00,2024-11-10,18:00:00,6.3782,Sunday,18,11,Autumn,1
10023456782,2024-11-10 19:00:00,2024-11-10,19:00:00,7.5600,Sunday,19,11,Autumn,1
10023456782,2024-11-10 20:00:00,2024-11-10,20:00:00,6.5482,Sunday,20,11,Autumn,1
10023456782,2024-11-10 21:00:00,2024-11-10,21:00:00,5.9342,Sunday,21,11,Autumn,1
10023456782,2024-11-10 22:00:00,2024-11-10,22:00:00,1.6432,Sunday,22,11,Autumn,0
10023456782,2024-11-10 23:00:00,2024-11-10,23:00:00,1.2428,Sunday,23,11,Autumn,0
10023456782,2024-11-11 00:00:00,2024-11-11,00:00:00,1.4139,Monday,0,11,Autumn,0
10023456782,2024-11-11 01:00:00,2024-11-11,01:00:00,1.2798,Monday,1,11,Autumn,0
10023456782,2024-11-11 02:00:00,2024-11-11,02:00:00,1.3797,Monday,2,11,Autumn,0
10023456782,2024-11-11 03:00:00,2024-11-11,03:00:00,1.2392,Monday,3,11,Autumn,0
10023456782,2024-11-11 04:00:00,2024-11-11,04:00:00,1.3071,Monday,4,11,Autumn,0
10023456782,2024-11-11 05:00:00,2024-11-11,05:00:00,1.3819,Monday,5,11,Autumn,0
10023456782,2024-11-11 06:00:00,2024-11-11,06:00:00,2.7965,Monday,6,11,Autumn,0
10023456782,2024-11-11 07:00:00,2024-11-11,07:00:00,3.1414,Monday,7,11,Autumn,0
10023456782,2024-11-11 08:00:00,2024-11-11,08:00:00,3.8054,Monday,8,11,Autumn,0
10023456782,2024-11-11 09:00:00,2024-11-11,09:00:00,4.7769,Monday,9,11,Autumn,0
10023456782,2024-11-11 10:00:00,2024-11-11,10:00:00,3.3126,Monday,10,11,Autumn,0
10023456782,2024-11-11 11:00:00,2024-11-11,11:00:00,4.1555,Monday,11,11,Autumn,0
10023456782,2024-11-11 12:00:00,2024-11-11,12:00:00,3.6521,Monday,12,11,Autumn,0
10023456782,2024-11-11 13:00:00,2024-11-11,13:00:00,3.0510,Monday,13,11,Autumn,0
10023456782,2024-11-11 14:00:00,2024-11-11,14:00:00,3.2804,Monday,14,11,Autumn,0
10023456782,2024-11-11 15:00:00,2024-11-11,15:00:00,3.4785,Monday,15,11,Autumn,0
10023456782,2024-11-11 16:00:00,2024-11-11,16:00:00,3.8351,Monday,16,11,Autumn,0
10023456782,2024-11-11 17:00:00,2024-11-11,17:00:00,3.8654,Monday,17,11,Autumn,0
10023456782,2024-11-11 18:00:00,2024-11-11,18:00:00,3.2595,Monday,18,11,Autumn,0
10023456782,2024-11-11 19:00:00,2024-11-11,19:00:00,4.7538,Monday,19,11,Autumn,0
10023456782,2024-11-11 20:00:00,2024-11-11,20:00:00,4.0757,Monday,20,11,Autumn,0
10023456782,2024-11-11 21:00:00,2024-11-11,21:00:00,2.7496,Monday,21,11,Autumn,0
10023456782,2024-11-11 22:00:00,2024-11-11,22:00:00,2.0770,Monday,22,11,Autumn,0
10023456782,2024-11-11 23:00:00,2024-11-11,23:00:00,1.5211,Monday,23,11,Autumn,0
10023456782,2024-11-12 00:00:00,2024-11-12,00:00:00,0.9354,Tuesday,0,11,Autumn,0
10023456782,2024-11-12 01:00:00,2024-11-12,01:00:00,1.2032,Tuesday,1,11,Autumn,0
10023456782,2024-11-12 02:00:00,2024-11-12,02:00:00,0.8451,Tuesday,2,11,Autumn,0
10023456782,2024-11-12 03:00:00,2024-11-12,03:00:00,0.8733,Tuesday,3,11,Autumn,0
10023456782,2024-11-12 04:00:00,2024-11-12,04:00:00,1.2167,Tuesday,4,11,Autumn,0
10023456782,2024-11-12 05:00:00,2024-11-12,05:00:00,1.5713,Tuesday,5,11,Autumn,0
10023456782,2024-11-12 06:00:00,2024-11-12,06:00:00,2.3984,Tuesday,6,11,Autumn,0
10023456782,2024-11-12 07:00:00,2024-11-12,07:00:00,2.7272,Tuesday,7,11,Autumn,0
10023456782,2024-11-12 08:00:00,2024-11-12,08:00:00,3.0476,Tuesday,8,11,Autumn,0
10023456782,2024-11-12 09:00:00,2024-11-12,09:00:00,3.0192,Tuesday,9,11,Autumn,0
10023456782,2024-11-12 10:00:00,2024-11-12,10:00:00,3.2105,Tuesday,10,11,Autumn,0
10023456782,2024-11-12 11:00:00,2024-11-12,11:00:00,2.3361,Tuesday,11,11,Autumn,0
10023456782,2024-11-12 12:00:00,2024-11-12,12:00:00,2.8721,Tuesday,12,11,Autumn,0
10023456782,2024-11-12 13:00:00,2024-11-12,13:00:00,3.3562,Tuesday,13,11,Autumn,0
10023456782,2024-11-12 14:00:00,2024-11-12,14:00:00,2.6116,Tuesday,14,11,Autumn,0
10023456782,2024-11-12 15:00:00,2024-11-12,15:00:00,3.0590,Tuesday,15,11,Autumn,0
10023456782,2024-11-12 16:00:00,2024-11-12,16:00:00,3.1182,Tuesday,16,11,Autumn,0
10023456782,2024-11-12 17:00:00,2024-11-12,17:00:00,3.1125,Tuesday,17,11,Autumn,0
10023456782,2024-11-12 18:00:00,2024-11-12,18:00:00,3.5859,Tuesday,18,11,Autumn,0
10023456782,2024-11-12 19:00:00,2024-11-12,19:00:00,3.2127,Tuesday,19,11,Autumn,0
10023456782,2024-11-12 20:00:00,2024-11-12,20:00:00,3.1397,Tuesday,20,11,Autumn,0
10023456782,2024-11-12 21:00:00,2024-11-12,21:00:00,2.1912,Tuesday,21,11,Autumn,0
10023456782,2024-11-12 22:00:00,2024-11-12,22:00:00,4.0960,Tuesday,22,11,Autumn,1
10023456782,2024-11-12 23:00:00,2024-11-12,23:00:00,2.6001,Tuesday,23,11,Autumn,1
10023456782,2024-11-13 00:00:00,2024-11-13,00:00:00,2.9189,Wednesday,0,11,Autumn,1
10023456782,2024-11-13 01:00:00,2024-11-13,01:00:00,3.1540,Wednesday,1,11,Autumn,1
10023456782,2024-11-13 02:00:00,2024-11-13,02:00:00,2.7294,Wednesday,2,11,Autumn,1
10023456782,2024-11-13 03:00:00,2024-11-13,03:00:00,2.5257,Wednesday,3,11,Autumn,1
10023456782,2024-11-13 04:00:00,2024-11-13,04:00:00,1.8623,Wednesday,4,11,Autumn,0
10023456782,2024-11-13 05:00:00,2024-11-13,05:00:00,1.9441,Wednesday,5,11,Autumn,0
10023456782,2024-11-13 06:00:00,2024-11-13,06:00:00,2.2209,Wednesday,6,11,Autumn,0
10023456782,2024-11-13 07:00:00,2024-11-13,07:00:00,4.9043,Wednesday,7,11,Autumn,0
10023456782,2024-11-13 08:00:00,2024-11-13,08:00:00,4.7844,Wednesday,8,11,Autumn,0
10023456782,2024-11-13 09:00:00,2024-11-13,09:00:00,4.3168,Wednesday,9,11,Autumn,0
10023456782,2024-11-13 10:00:00,2024-11-13,10:00:00,3.7891,Wednesday,10,11,Autumn,0
10023456782,2024-11-13 11:00:00,2024-11-13,11:00:00,3.3928,Wednesday,11,11,Autumn,0
10023456782,2024-11-13 12:00:00,2024-11-13,12:00:00,3.7893,Wednesday,12,11,Autumn,0
10023456782,2024-11-13 13:00:00,2024-11-13,13:00:00,3.7882,Wednesday,13,11,Autumn,0
10023456782,2024-11-13 14:00:00,2024-11-13,14:00:00,3.7671,Wednesday,14,11,Autumn,0
10023456782,2024-11-13 15:00:00,2024-11-13,15:00:00,3.5295,Wednesday,15,11,Autumn,0
10023456782,2024-11-13 16:00:00,2024-11-13,16:00:00,3.7016,Wednesday,16,11,Autumn,0
10023456782,2024-11-13 17:00:00,2024-11-13,17:00:00,5.1459,Wednesday,17,11,Autumn,0
10023456782,2024-11-13 18:00:00,2024-11-13,18:00:00,4.5577,Wednesday,18,11,Autumn,0
10023456782,2024-11-13 19:00:00,2024-11-13,19:00:00,5.5584,Wednesday,19,11,Autumn,0
10023456782,2024-11-13 20:00:00,2024-11-13,20:00:00,4.5089,Wednesday,20,11,Autumn,0
10023456782,2024-11-13 21:00:00,2024-11-13,21:00:00,3.4824,Wednesday,21,11,Autumn,0
10023456782,2024-11-13 22:00:00,2024-11-13,22:00:00,2.4011,Wednesday,22,11,Autumn,0
10023456782,2024-11-13 23:00:00,2024-11-13,23:00:00,1.7159,Wednesday,23,11,Autumn,0
10023456782,2024-11-14 00:00:00,2024-11-14,00:00:00,1.1869,Thursday,0,11,Autumn,0
10023456782,2024-11-14 01:00:00,2024-11-14,01:00:00,1.0059,Thursday,1,11,Autumn,0
10023456782,2024-11-14 02:00:00,2024-11-14,02:00:00,0.6076,Thursday,2,11,Autumn,0
10023456782,2024-11-14 03:00:00,2024-11-14,03:00:00,0.8875,Thursday,3,11,Autumn,0
10023456782,2024-11-14 04:00:00,2024-11-14,04:00:00,0.8820,Thursday,4,11,Autumn,0
10023456782,2024-11-14 05:00:00,2024-11-14,05:00:00,1.2322,Thursday,5,11,Autumn,0
10023456782,2024-11-14 06:00:00,2024-11-14,06:00:00,2.0430,Thursday,6,11,Autumn,0
10023456782,2024-11-14 07:00:00,2024-11-14,07:00:00,3.1160,Thursday,7,11,Autumn,0
10023456782,2024-11-14 08:00:00,2024-11-14,08:00:00,3.3895,Thursday,8,11,Autumn,0
10023456782,2024-11-14 09:00:00,2024-11-14,09:00:00,2.9133,Thursday,9,11,Autumn,0
10023456782,2024-11-14 10:00:00,2024-11-14,10:00:00,2.7049,Thursday,10,11,Autumn,0
10023456782,2024-11-14 11:00:00,2024-11-14,11:00:00,3.2358,Thursday,11,11,Autumn,0
10023456782,2024-11-14 12:00:00,2024-11-14,12:00:00,2.4377,Thursday,12,11,Autumn,0
10023456782,2024-11-14 13:00:00,2024-11-14,13:00:00,2.8441,Thursday,13,11,Autumn,0
10023456782,2024-11-14 14:00:00,2024-11-14,14:00:00,2.6807,Thursday,14,11,Autumn,0
10023456782,2024-11-14 15:00:00,2024-11-14,15:00:00,2.5482,Thursday,15,11,Autumn,0
10023456782,2024-11-14 16:00:00,2024-11-14,16:00:00,3.3915,Thursday,16,11,Autumn,0
10023456782,2024-11-14 17:00:00,2024-11-14,17:00:00,2.9088,Thursday,17,11,Autumn,0
10023456782,2024-11-14 18:00:00,2024-11-14,18:00:00,3.4793,Thursday,18,11,Autumn,0
10023456782,2024-11-14 19:00:00,2024-11-14,19:00:00,2.8534,Thursday,19,11,Autumn,0
10023456782,2024-11-14 20:00:00,2024-11-14,20:00:00,3.0336,Thursday,20,11,Autumn,0
10023456782,2024-11-14 21:00:00,2024-11-14,21:00:00,2.3304,Thursday,21,11,Autumn,0
10023456782,2024-11-14 22:00:00,2024-11-14,22:00:00,3.2809,Thursday,22,11,Autumn,1
10023456782,2024-11-14 23:00:00,2024-11-14,23:00:00,2.8060,Thursday,23,11,Autumn,1
10023456782,2024-11-15 00:00:00,2024-11-15,00:00:00,2.0160,Friday,0,11,Autumn,1
10023456782,2024-11-15 01:00:00,2024-11-15,01:00:00,1.1830,Friday,1,11,Autumn,0
10023456782,2024-11-15 02:00:00,2024-11-15,02:00:00,0.8752,Friday,2,11,Autumn,0
10023456782,2024-11-15 03:00:00,2024-11-15,03:00:00,0.9426,Friday,3,11,Autumn,0
10023456782,2024-11-15 04:00:00,2024-11-15,04:00:00,1.0453,Friday,4,11,Autumn,0
10023456782,2024-11-15 05:00:00,2024-11-15,05:00:00,1.6763,Friday,5,11,Autumn,0
10023456782,2024-11-15 06:00:00,2024-11-15,06:00:00,2.0148,Friday,6,11,Autumn,0
10023456782,2024-11-15 07:00:00,2024-11-15,07:00:00,2.7217,Friday,7,11,Autumn,0
10023456782,2024-11-15 08:00:00,2024-11-15,08:00:00,3.5563,Friday,8,11,Autumn,0
10023456782,2024-11-15 09:00:00,2024-11-15,09:00:00,3.1637,Friday,9,11,Autumn,0
10023456782,2024-11-15 10:00:00,2024-11-15,10:00:00,3.7428,Friday,10,11,Autumn,0
10023456782,2024-11-15 11:00:00,2024-11-15,11:00:00,3.2349,Friday,11,11,Autumn,0
10023456782,2024-11-15 12:00:00,2024-11-15,12:00:00,2.7605,Friday,12,11,Autumn,0
10023456782,2024-11-15 13:00:00,2024-11-15,13:00:00,2.4206,Friday,13,11,Autumn,0
10023456782,2024-11-15 14:00:00,2024-11-15,14:00:00,2.8618,Friday,14,11,Autumn,0
10023456782,2024-11-15 15:00:00,2024-11-15,15:00:00,3.5340,Friday,15,11,Autumn,0
10023456782,2024-11-15 16:00:00,2024-11-15,16:00:00,2.8633,Friday,16,11,Autumn,0
10023456782,2024-11-15 17:00:00,2024-11-15,17:00:00,3.0201,Friday,17,11,Autumn,0
10023456782,2024-11-15 18:00:00,2024-11-15,18:00:00,3.5838,Friday,18,11,Autumn,0
10023456782,2024-11-15 19:00:00,2024-11-15,19:00:00,3.2359,Friday,19,11,Autumn,0
10023456782,2024-11-15 20:00:00,2024-11-15,20:00:00,3.0514,Friday,20,11,Autumn,0
10023456782,2024-11-15 21:00:00,2024-11-15,21:00:00,2.6617,Friday,21,11,Autumn,0
10023456782,2024-11-15 22:00:00,2024-11-15,22:00:00,1.8995,Friday,22,11,Autumn,0
10023456782,2024-11-15 23:00:00,2024-11-15,23:00:00,1.4688,Friday,23,11,Autumn,0
10023456782,2024-11-16 00:00:00,2024-11-16,00:00:00,0.7803,Saturday,0,11,Autumn,0
10023456782,2024-11-16 01:00:00,2024-11-16,01:00:00,0.8831,Saturday,1,11,Autumn,0
10023456782,2024-11-16 02:00:00,2024-11-16,02:00:00,0.8709,Saturday,2,11,Autumn,0
10023456782,2024-11-16 03:00:00,2024-11-16,03:00:00,0.4882,Saturday,3,11,Autumn,0
10023456782,2024-11-16 04:00:00,2024-11-16,04:00:00,0.7493,Saturday,4,11,Autumn,0
10023456782,2024-11-16 05:00:00,2024-11-16,05:00:00,0.9988,Saturday,5,11,Autumn,0
10023456782,2024-11-16 06:00:00,2024-11-16,06:00:00,1.3711,Saturday,6,11,Autumn,0
10023456782,2024-11-16 07:00:00,2024-11-16,07:00:00,1.9467,Saturday,7,11,Autumn,0
10023456782,2024-11-16 08:00:00,2024-11-16,08:00:00,1.8838,Saturday,8,11,Autumn,0
10023456782,2024-11-16 09:00:00,2024-11-16,09:00:00,2.1094,Saturday,9,11,Autumn,0
10023456782,2024-11-16 10:00:00,2024-11-16,10:00:00,1.9177,Saturday,10,11,Autumn,0
10023456782,2024-11-16 11:00:00,2024-11-16,11:00:00,2.5984,Saturday,11,11,Autumn,0
10023456782,2024-11-16 12:00:00,2024-11-16,12:00:00,2.2520,Saturday,12,11,Autumn,0
10023456782,2024-11-16 13:00:00,2024-11-16,13:00:00,2.0389,Saturday,13,11,Autumn,0
10023456782,2024-11-16 14:00:00,2024-11-16,14:00:00,1.9314,Saturday,14,11,Autumn,0
10023456782,2024-11-16 15:00:00,2024-11-16,15:00:00,2.1568,Saturday,15,11,Autumn,0
10023456782,2024-11-16 16:00:00,2024-11-16,16:00:00,1.8670,Saturday,16,11,Autumn,0
10023456782,2024-11-16 17:00:00,2024-11-16,17:00:00,2.8083,Saturday,17,11,Autumn,0
10023456782,2024-11-16 18:00:00,2024-11-16,18:00:00,2.4577,Saturday,18,11,Autumn,0
10023456782,2024-11-16 19:00:00,2024-11-16,19:00:00,2.3862,Saturday,19,11,Autumn,0
10023456782,2024-11-16 20:00:00,2024-11-16,20:00:00,2.6054,Saturday,20,11,Autumn,0
10023456782,2024-11-16 21:00:00,2024-11-16,21:00:00,2.0912,Saturday,21,11,Autumn,0
10023456782,2024-11-16 22:00:00,2024-11-16,22:00:00,1.6002,Saturday,22,11,Autumn,0
10023456782,2024-11-16 23:00:00,2024-11-16,23:00:00,1.1503,Saturday,23,11,Autumn,0
10023456782,2024-11-17 00:00:00,2024-11-17,00:00:00,0.8748,Sunday,0,11,Autumn,0
10023456782,2024-11-17 01:00:00,2024-11-17,01:00:00,0.8182,Sunday,1,11,Autumn,0
10023456782,2024-11-17 02:00:00,2024-11-17,02:00:00,0.8315,Sunday,2,11,Autumn,0
10023456782,2024-11-17 03:00:00,2024-11-17,03:00:00,0.6540,Sunday,3,11,Autumn,0
10023456782,2024-11-17 04:00:00,2024-11-17,04:00:00,0.7298,Sunday,4,11,Autumn,0
10023456782,2024-11-17 05:00:00,2024-11-17,05:00:00,0.8848,Sunday,5,11,Autumn,0
10023456782,2024-11-17 06:00:00,2024-11-17,06:00:00,1.3438,Sunday,6,11,Autumn,0
10023456782,2024-11-17 07:00:00,2024-11-17,07:00:00,1.7404,Sunday,7,11,Autumn,0
10023456782,2024-11-17 08:00:00,2024-11-17,08:00:00,2.2731,Sunday,8,11,Autumn,0
10023456782,2024-11-17 09:00:00,2024-11-17,09:00:00,2.9315,Sunday,9,11,Autumn,0
10023456782,2024-11-17 10:00:00,2024-11-17,10:00:00,2.4619,Sunday,10,11,Autumn,0
10023456782,2024-11-17 11:00:00,2024-11-17,11:00:00,2.0278,Sunday,11,11,Autumn,0
10023456782,2024-11-17 12:00:00,2024-11-17,12:00:00,5.0226,Sunday,12,11,Autumn,1
10023456782,2024-11-17 13:00:00,2024-11-17,13:00:00,2.5414,Sunday,13,11,Autumn,0
10023456782,2024-11-17 14:00:00,2024-11-17,14:00:00,2.1798,Sunday,14,11,Autumn,0
10023456782,2024-11-17 15:00:00,2024-11-17,15:00:00,1.8532,Sunday,15,11,Autumn,0
10023456782,2024-11-17 16:00:00,2024-11-17,16:00:00,2.3829,Sunday,16,11,Autumn,0
10023456782,2024-11-17 17:00:00,2024-11-17,17:00:00,2.2478,Sunday,17,11,Autumn,0
10023456782,2024-11-17 18:00:00,2024-11-17,18:00:00,2.5438,Sunday,18,11,Autumn,0
10023456782,2024-11-17 19:00:00,2024-11-17,19:00:00,2.6582,Sunday,19,11,Autumn,0
10023456782,2024-11-17 20:00:00,2024-11-17,20:00:00,2.5535,Sunday,20,11,Autumn,0
10023456782,2024-11-17 21:00:00,2024-11-17,21:00:00,2.5266,Sunday,21,11,Autumn,0
10023456782,2024-11-17 22:00:00,2024-11-17,22:00:00,1.3661,Sunday,22,11,Autumn,0
10023456782,2024-11-17 23:00:00,2024-11-17,23:00:00,0.9623,Sunday,23,11,Autumn,0
10023456782,2024-11-18 00:00:00,2024-11-18,00:00:00,1.0711,Monday,0,11,Autumn,0
10023456782,2024-11-18 01:00:00,2024-11-18,01:00:00,1.2586,Monday,1,11,Autumn,0
10023456782,2024-11-18 02:00:00,2024-11-18,02:00:00,1.0584,Monday,2,11,Autumn,0
10023456782,2024-11-18 03:00:00,2024-11-18,03:00:00,1.1153,Monday,3,11,Autumn,0
10023456782,2024-11-18 04:00:00,2024-11-18,04:00:00,1.0920,Monday,4,11,Autumn,0
10023456782,2024-11-18 05:00:00,2024-11-18,05:00:00,1.5551,Monday,5,11,Autumn,0
10023456782,2024-11-18 06:00:00,2024-11-18,06:00:00,2.5784,Monday,6,11,Autumn,0
10023456782,2024-11-18 07:00:00,2024-11-18,07:00:00,3.7039,Monday,7,11,Autumn,0
10023456782,2024-11-18 08:00:00,2024-11-18,08:00:00,5.0269,Monday,8,11,Autumn,0
10023456782,2024-11-18 09:00:00,2024-11-18,09:00:00,3.8323,Monday,9,11,Autumn,0
10023456782,2024-11-18 10:00:00,2024-11-18,10:00:00,2.9307,Monday,10,11,Autumn,0
10023456782,2024-11-18 11:00:00,2024-11-18,11:00:00,3.3769,Monday,11,11,Autumn,0
10023456782,2024-11-18 12:00:00,2024-11-18,12:00:00,2.8666,Monday,12,11,Autumn,0
10023456782,2024-11-18 13:00:00,2024-11-18,13:00:00,3.1636,Monday,13,11,Autumn,0
10023456782,2024-11-18 14:00:00,2024-11-18,14:00:00,0.2080,Monday,14,11,Autumn,1
10023456782,2024-11-18 15:00:00,2024-11-18,15:00:00,2.8163,Monday,15,11,Autumn,0
10023456782,2024-11-18 16:00:00,2024-11-18,16:00:00,3.4079,Monday,16,11,Autumn,0
10023456782,2024-11-18 17:00:00,2024-11-18,17:00:00,3.7489,Monday,17,11,Autumn,0
10023456782,2024-11-18 18:00:00,2024-11-18,18:00:00,3.4833,Monday,18,11,Autumn,0
10023456782,2024-11-18 19:00:00,2024-11-18,19:00:00,3.9207,Monday,19,11,Autumn,0
10023456782,2024-11-18 20:00:00,2024-11-18,20:00:00,4.6394,Monday,20,11,Autumn,0
10023456782,2024-11-18 21:00:00,2024-11-18,21:00:00,2.6145,Monday,21,11,Autumn,0
10023456782,2024-11-18 22:00:00,2024-11-18,22:00:00,2.2132,Monday,22,11,Autumn,0
10023456782,2024-11-18 23:00:00,2024-11-18,23:00:00,1.0799,Monday,23,11,Autumn,0
10023456782,2024-11-19 00:00:00,2024-11-19,00:00:00,1.2161,Tuesday,0,11,Autumn,0
10023456782,2024-11-19 01:00:00,2024-11-19,01:00:00,0.9077,Tuesday,1,11,Autumn,0
10023456782,2024-11-19 02:00:00,2024-11-19,02:00:00,1.0716,Tuesday,2,11,Autumn,0
10023456782,2024-11-19 03:00:00,2024-11-19,03:00:00,1.1246,Tuesday,3,11,Autumn,0
10023456782,2024-11-19 04:00:00,2024-11-19,04:00:00,1.2219,Tuesday,4,11,Autumn,0
10023456782,2024-11-19 05:00:00,2024-11-19,05:00:00,1.8915,Tuesday,5,11,Autumn,0
10023456782,2024-11-19 06:00:00,2024-11-19,06:00:00,2.4509,Tuesday,6,11,Autumn,0
10023456782,2024-11-19 07:00:00,2024-11-19,07:00:00,3.7989,Tuesday,7,11,Autumn,0
10023456782,2024-11-19 08:00:00,2024-11-19,08:00:00,3.4846,Tuesday,8,11,Autumn,0
10023456782,2024-11-19 09:00:00,2024-11-19,09:00:00,4.0148,Tuesday,9,11,Autumn,0
10023456782,2024-11-19 10:00:00,2024-11-19,10:00:00,3.0708,Tuesday,10,11,Autumn,0
10023456782,2024-11-19 11:00:00,2024-11-19,11:00:00,3.7225,Tuesday,11,11,Autumn,0
10023456782,2024-11-19 12:00:00,2024-11-19,12:00:00,2.7849,Tuesday,12,11,Autumn,0
10023456782,2024-11-19 13:00:00,2024-11-19,13:00:00,3.3164,Tuesday,13,11,Autumn,0
10023456782,2024-11-19 14:00:00,2024-11-19,14:00:00,3.2330,Tuesday,14,11,Autumn,0
10023456782,2024-11-19 15:00:00,2024-11-19,15:00:00,3.5574,Tuesday,15,11,Autumn,0
10023456782,2024-11-19 16:00:00,2024-11-19,16:00:00,4.1628,Tuesday,16,11,Autumn,0
10023456782,2024-11-19 17:00:00,2024-11-19,17:00:00,3.8036,Tuesday,17,11,Autumn,0
10023456782,2024-11-19 18:00:00,2024-11-19,18:00:00,3.8243,Tuesday,18,11,Autumn,0
10023456782,2024-11-19 19:00:00,2024-11-19,19:00:00,4.3279,Tuesday,19,11,Autumn,0
10023456782,2024-11-19 20:00:00,2024-11-19,20:00:00,3.9534,Tuesday,20,11,Autumn,0
10023456782,2024-11-19 21:00:00,2024-11-19,21:00:00,3.0197,Tuesday,21,11,Autumn,0
10023456782,2024-11-19 22:00:00,2024-11-19,22:00:00,1.7720,Tuesday,22,11,Autumn,0
10023456782,2024-11-19 23:00:00,2024-11-19,23:00:00,1.3185,Tuesday,23,11,Autumn,0
10023456782,2024-11-20 00:00:00,2024-11-20,00:00:00,1.3186,Wednesday,0,11,Autumn,0
10023456782,2024-11-20 01:00:00,2024-11-20,01:00:00,0.8974,Wednesday,1,11,Autumn,0
10023456782,2024-11-20 02:00:00,2024-11-20,02:00:00,0.9744,Wednesday,2,11,Autumn,0
10023456782,2024-11-20 03:00:00,2024-11-20,03:00:00,1.0190,Wednesday,3,11,Autumn,0
10023456782,2024-11-20 04:00:00,2024-11-20,04:00:00,1.7455,Wednesday,4,11,Autumn,0
10023456782,2024-11-20 05:00:00,2024-11-20,05:00:00,1.5195,Wednesday,5,11,Autumn,0
10023456782,2024-11-20 06:00:00,2024-11-20,06:00:00,2.6466,Wednesday,6,11,Autumn,0
10023456782,2024-11-20 07:00:00,2024-11-20,07:00:00,3.4057,Wednesday,7,11,Autumn,0
10023456782,2024-11-20 08:00:00,2024-11-20,08:00:00,3.6901,Wednesday,8,11,Autumn,0
10023456782,2024-11-20 09:00:00,2024-11-20,09:00:00,3.6099,Wednesday,9,11,Autumn,0
10023456782,2024-11-20 10:00:00,2024-11-20,10:00:00,2.9369,Wednesday,10,11,Autumn,0
10023456782,2024-11-20 11:00:00,2024-11-20,11:00:00,3.3166,Wednesday,11,11,Autumn,0
10023456782,2024-11-20 12:00:00,2024-11-20,12:00:00,2.8803,Wednesday,12,11,Autumn,0
10023456782,2024-11-20 13:00:00,2024-11-20,13:00:00,3.4996,Wednesday,13,11,Autumn,0
10023456782,2024-11-20 14:00:00,2024-11-20,14:00:00,3.3525,Wednesday,14,11,Autumn,0
10023456782,2024-11-20 15:00:00,2024-11-20,15:00:00,4.0111,Wednesday,15,11,Autumn,0
10023456782,2024-11-20 16:00:00,2024-11-20,16:00:00,3.8114,Wednesday,16,11,Autumn,0
10023456782,2024-11-20 17:00:00,2024-11-20,17:00:00,3.0296,Wednesday,17,11,Autumn,0
10023456782,2024-11-20 18:00:00,2024-11-20,18:00:00,3.7230,Wednesday,18,11,Autumn,0
10023456782,2024-11-20 19:00:00,2024-11-20,19:00:00,4.2551,Wednesday,19,11,Autumn,0
10023456782,2024-11-20 20:00:00,2024-11-20,20:00:00,8.6695,Wednesday,20,11,Autumn,1
10023456782,2024-11-20 21:00:00,2024-11-20,21:00:00,8.9047,Wednesday,21,11,Autumn,1
10023456782,2024-11-20 22:00:00,2024-11-20,22:00:00,5.2579,Wednesday,22,11,Autumn,1
10023456782,2024-11-20 23:00:00,2024-11-20,23:00:00,1.9605,Wednesday,23,11,Autumn,0
10023456782,2024-11-21 00:00:00,2024-11-21,00:00:00,0.9441,Thursday,0,11,Autumn,0
10023456782,2024-11-21 01:00:00,2024-11-21,01:00:00,1.0552,Thursday,1,11,Autumn,0
10023456782,2024-11-21 02:00:00,2024-11-21,02:00:00,0.8487,Thursday,2,11,Autumn,0
10023456782,2024-11-21 03:00:00,2024-11-21,03:00:00,1.1842,Thursday,3,11,Autumn,0
10023456782,2024-11-21 04:00:00,2024-11-21,04:00:00,1.1215,Thursday,4,11,Autumn,0
10023456782,2024-11-21 05:00:00,2024-11-21,05:00:00,1.3785,Thursday,5,11,Autumn,0
10023456782,2024-11-21 06:00:00,2024-11-21,06:00:00,7.1453,Thursday,6,11,Autumn,1
10023456782,2024-11-21 07:00:00,2024-11-21,07:00:00,4.1725,Thursday,7,11,Autumn,0
10023456782,2024-11-21 08:00:00,2024-11-21,08:00:00,3.3753,Thursday,8,11,Autumn,0
10023456782,2024-11-21 09:00:00,2024-11-21,09:00:00,3.5966,Thursday,9,11,Autumn,0
10023456782,2024-11-21 10:00:00,2024-11-21,10:00:00,2.8853,Thursday,10,11,Autumn,0
10023456782,2024-11-21 11:00:00,2024-11-21,11:00:00,2.5551,Thursday,11,11,Autumn,0
10023456782,2024-11-21 12:00:00,2024-11-21,12:00:00,3.1814,Thursday,12,11,Autumn,0
10023456782,2024-11-21 13:00:00,2024-11-21,13:00:00,2.5855,Thursday,13,11,Autumn,0
10023456782,2024-11-21 14:00:00,2024-11-21,14:00:00,3.2691,Thursday,14,11,Autumn,0
10023456782,2024-11-21 15:00:00,2024-11-21,15:00:00,2.7599,Thursday,15,11,Autumn,0
10023456782,2024-11-21 16:00:00,2024-11-21,16:00:00,2.8450,Thursday,16,11,Autumn,0
10023456782,2024-11-21 17:00:00,2024-11-21,17:00:00,3.3954,Thursday,17,11,Autumn,0
10023456782,2024-11-21 18:00:00,2024-11-21,18:00:00,3.9000,Thursday,18,11,Autumn,0
10023456782,2024-11-21 19:00:00,2024-11-21,19:00:00,3.0361,Thursday,19,11,Autumn,0
10023456782,2024-11-21 20:00:00,2024-11-21,20:00:00,3.0981,Thursday,20,11,Autumn,0
10023456782,2024-11-21 21:00:00,2024-11-21,21:00:00,2.7284,Thursday,21,11,Autumn,0
10023456782,2024-11-21 22:00:00,2024-11-21,22:00:00,11.1158,Thursday,22,11,Autumn,1
10023456782,2024-11-21 23:00:00,2024-11-21,23:00:00,1.3802,Thursday,23,11,Autumn,0
10023456782,2024-11-22 00:00:00,2024-11-22,00:00:00,1.1054,Friday,0,11,Autumn,0
10023456782,2024-11-22 01:00:00,2024-11-22,01:00:00,0.9773,Friday,1,11,Autumn,0
10023456782,2024-11-22 02:00:00,2024-11-22,02:00:00,0.7679,Friday,2,11,Autumn,0
10023456782,2024-11-22 03:00:00,2024-11-22,03:00:00,0.9303,Friday,3,11,Autumn,0
10023456782,2024-11-22 04:00:00,2024-11-22,04:00:00,1.0594,Friday,4,11,Autumn,0
10023456782,2024-11-22 05:00:00,2024-11-22,05:00:00,1.4251,Friday,5,11,Autumn,0
10023456782,2024-11-22 06:00:00,2024-11-22,06:00:00,1.9814,Friday,6,11,Autumn,0
10023456782,2024-11-22 07:00:00,2024-11-22,07:00:00,3.1521,Friday,7,11,Autumn,0
10023456782,2024-11-22 08:00:00,2024-11-22,08:00:00,2.9554,Friday,8,11,Autumn,0
10023456782,2024-11-22 09:00:00,2024-11-22,09:00:00,2.7488,Friday,9,11,Autumn,0
10023456782,2024-11-22 10:00:00,2024-11-22,10:00:00,3.1529,Friday,10,11,Autumn,0
10023456782,2024-11-22 11:00:00,2024-11-22,11:00:00,2.7877,Friday,11,11,Autumn,0
10023456782,2024-11-22 12:00:00,2024-11-22,12:00:00,2.2319,Friday,12,11,Autumn,0
10023456782,2024-11-22 13:00:00,2024-11-22,13:00:00,2.2544,Friday,13,11,Autumn,0
10023456782,2024-11-22 14:00:00,2024-11-22,14:00:00,2.3015,Friday,14,11,Autumn,0
10023456782,2024-11-22 15:00:00,2024-11-22,15:00:00,2.6753,Friday,15,11,Autumn,0
10023456782,2024-11-22 16:00:00,2024-11-22,16:00:00,2.4248,Friday,16,11,Autumn,0
10023456782,2024-11-22 17:00:00,2024-11-22,17:00:00,3.1200,Friday,17,11,Autumn,0
10023456782,2024-11-22 18:00:00,2024-11-22,18:00:00,3.5635,Friday,18,11,Autumn,0
10023456782,2024-11-22 19:00:00,2024-11-22,19:00:00,3.5171,Friday,19,11,Autumn,0
10023456782,2024-11-22 20:00:00,2024-11-22,20:00:00,3.0686,Friday,20,11,Autumn,0
10023456782,2024-11-22 21:00:00,2024-11-22,21:00:00,2.0226,Friday,21,11,Autumn,0
10023456782,2024-11-22 22:00:00,2024-11-22,22:00:00,1.8420,Friday,22,11,Autumn,0
10023456782,2024-11-22 23:00:00,2024-11-22,23:00:00,2.9040,Friday,23,11,Autumn,1
10023456782,2024-11-23 00:00:00,2024-11-23,00:00:00,2.1341,Saturday,0,11,Autumn,1
10023456782,2024-11-23 01:00:00,2024-11-23,01:00:00,2.4353,Saturday,1,11,Autumn,1
10023456782,2024-11-23 02:00:00,2024-11-23,02:00:00,0.8081,Saturday,2,11,Autumn,0
10023456782,2024-11-23 03:00:00,2024-11-23,03:00:00,0.8167,Saturday,3,11,Autumn,0
10023456782,2024-11-23 04:00:00,2024-11-23,04:00:00,1.3184,Saturday,4,11,Autumn,0
10023456782,2024-11-23 05:00:00,2024-11-23,05:00:00,1.2243,Saturday,5,11,Autumn,0
10023456782,2024-11-23 06:00:00,2024-11-23,06:00:00,1.3100,Saturday,6,11,Autumn,0
10023456782,2024-11-23 07:00:00,2024-11-23,07:00:00,0.5399,Saturday,7,11,Autumn,1
10023456782,2024-11-23 08:00:00,2024-11-23,08:00:00,2.0780,Saturday,8,11,Autumn,0
10023456782,2024-11-23 09:00:00,2024-11-23,09:00:00,2.4438,Saturday,9,11,Autumn,0
10023456782,2024-11-23 10:00:00,2024-11-23,10:00:00,2.0235,Saturday,10,11,Autumn,0
10023456782,2024-11-23 11:00:00,2024-11-23,11:00:00,2.2390,Saturday,11,11,Autumn,0
10023456782,2024-11-23 12:00:00,2024-11-23,12:00:00,2.0106,Saturday,12,11,Autumn,0
10023456782,2024-11-23 13:00:00,2024-11-23,13:00:00,2.3240,Saturday,13,11,Autumn,0
10023456782,2024-11-23 14:00:00,2024-11-23,14:00:00,2.1035,Saturday,14,11,Autumn,0
10023456782,2024-11-23 15:00:00,2024-11-23,15:00:00,2.0893,Saturday,15,11,Autumn,0
10023456782,2024-11-23 16:00:00,2024-11-23,16:00:00,2.3077,Saturday,16,11,Autumn,0
10023456782,2024-11-23 17:00:00,2024-11-23,17:00:00,2.7830,Saturday,17,11,Autumn,0
10023456782,2024-11-23 18:00:00,2024-11-23,18:00:00,2.3269,Saturday,18,11,Autumn,0
10023456782,2024-11-23 19:00:00,2024-11-23,19:00:00,3.4938,Saturday,19,11,Autumn,0
10023456782,2024-11-23 20:00:00,2024-11-23,20:00:00,2.2216,Saturday,20,11,Autumn,0
10023456782,2024-11-23 21:00:00,2024-11-23,21:00:00,1.7863,Saturday,21,11,Autumn,0
10023456782,2024-11-23 22:00:00,2024-11-23,22:00:00,1.6777,Saturday,22,11,Autumn,0
10023456782,2024-11-23 23:00:00,2024-11-23,23:00:00,1.1322,Saturday,23,11,Autumn,0
10023456782,2024-11-24 00:00:00,2024-11-24,00:00:00,1.0236,Sunday,0,11,Autumn,0
10023456782,2024-11-24 01:00:00,2024-11-24,01:00:00,0.7294,Sunday,1,11,Autumn,0
10023456782,2024-11-24 02:00:00,2024-11-24,02:00:00,0.8242,Sunday,2,11,Autumn,0
10023456782,2024-11-24 03:00:00,2024-11-24,03:00:00,0.8809,Sunday,3,11,Autumn,0
10023456782,2024-11-24 04:00:00,2024-11-24,04:00:00,0.7195,Sunday,4,11,Autumn,0
10023456782,2024-11-24 05:00:00,2024-11-24,05:00:00,1.1348,Sunday,5,11,Autumn,0
10023456782,2024-11-24 06:00:00,2024-11-24,06:00:00,1.1492,Sunday,6,11,Autumn,0
10023456782,2024-11-24 07:00:00,2024-11-24,07:00:00,1.8472,Sunday,7,11,Autumn,0
10023456782,2024-11-24 08:00:00,2024-11-24,08:00:00,2.2759,Sunday,8,11,Autumn,0
10023456782,2024-11-24 09:00:00,2024-11-24,09:00:00,2.1294,Sunday,9,11,Autumn,0
10023456782,2024-11-24 10:00:00,2024-11-24,10:00:00,2.9453,Sunday,10,11,Autumn,0
10023456782,2024-11-24 11:00:00,2024-11-24,11:00:00,2.2356,Sunday,11,11,Autumn,0
10023456782,2024-11-24 12:00:00,2024-11-24,12:00:00,2.0226,Sunday,12,11,Autumn,0
10023456782,2024-11-24 13:00:00,2024-11-24,13:00:00,2.1801,Sunday,13,11,Autumn,0
10023456782,2024-11-24 14:00:00,2024-11-24,14:00:00,2.0007,Sunday,14,11,Autumn,0
10023456782,2024-11-24 15:00:00,2024-11-24,15:00:00,2.4498,Sunday,15,11,Autumn,0
10023456782,2024-11-24 16:00:00,2024-11-24,16:00:00,2.0861,Sunday,16,11,Autumn,0
10023456782,2024-11-24 17:00:00,2024-11-24,17:00:00,2.7730,Sunday,17,11,Autumn,0
10023456782,2024-11-24 18:00:00,2024-11-24,18:00:00,10.5554,Sunday,18,11,Autumn,1
10023456782,2024-11-24 19:00:00,2024-11-24,19:00:00,2.7269,Sunday,19,11,Autumn,0
10023456782,2024-11-24 20:00:00,2024-11-24,20:00:00,2.7404,Sunday,20,11,Autumn,0
10023456782,2024-11-24 21:00:00,2024-11-24,21:00:00,2.2912,Sunday,21,11,Autumn,0
10023456782,2024-11-24 22:00:00,2024-11-24,22:00:00,1.4750,Sunday,22,11,Autumn,0
10023456782,2024-11-24 23:00:00,2024-11-24,23:00:00,1.2551,Sunday,23,11,Autumn,0
10023456782,2024-11-25 00:00:00,2024-11-25,00:00:00,1.0186,Monday,0,11,Autumn,0
10023456782,2024-11-25 01:00:00,2024-11-25,01:00:00,1.1294,Monday,1,11,Autumn,0
10023456782,2024-11-25 02:00:00,2024-11-25,02:00:00,1.2101,Monday,2,11,Autumn,0
10023456782,2024-11-25 03:00:00,2024-11-25,03:00:00,1.0251,Monday,3,11,Autumn,0
10023456782,2024-11-25 04:00:00,2024-11-25,04:00:00,1.2169,Monday,4,11,Autumn,0
10023456782,2024-11-25 05:00:00,2024-11-25,05:00:00,1.2667,Monday,5,11,Autumn,0
10023456782,2024-11-25 06:00:00,2024-11-25,06:00:00,2.3172,Monday,6,11,Autumn,0
10023456782,2024-11-25 07:00:00,2024-11-25,07:00:00,2.8605,Monday,7,11,Autumn,0
10023456782,2024-11-25 08:00:00,2024-11-25,08:00:00,3.4246,Monday,8,11,Autumn,0
10023456782,2024-11-25 09:00:00,2024-11-25,09:00:00,3.2861,Monday,9,11,Autumn,0
10023456782,2024-11-25 10:00:00,2024-11-25,10:00:00,2.8500,Monday,10,11,Autumn,0
10023456782,2024-11-25 11:00:00,2024-11-25,11:00:00,2.5246,Monday,11,11,Autumn,0
10023456782,2024-11-25 12:00:00,2024-11-25,12:00:00,2.9073,Monday,12,11,Autumn,0
10023456782,2024-11-25 13:00:00,2024-11-25,13:00:00,2.6850,Monday,13,11,Autumn,0
10023456782,2024-11-25 14:00:00,2024-11-25,14:00:00,2.5318,Monday,14,11,Autumn,0
10023456782,2024-11-25 15:00:00,2024-11-25,15:00:00,2.9595,Monday,15,11,Autumn,0
10023456782,2024-11-25 16:00:00,2024-11-25,16:00:00,3.1108,Monday,16,11,Autumn,0
10023456782,2024-11-25 17:00:00,2024-11-25,17:00:00,3.5520,Monday,17,11,Autumn,0
10023456782,2024-11-25 18:00:00,2024-11-25,18:00:00,3.8744,Monday,18,11,Autumn,0
10023456782,2024-11-25 19:00:00,2024-11-25,19:00:00,3.6115,Monday,19,11,Autumn,0
10023456782,2024-11-25 20:00:00,2024-11-25,20:00:00,3.1934,Monday,20,11,Autumn,0
10023456782,2024-11-25 21:00:00,2024-11-25,21:00:00,2.7436,Monday,21,11,Autumn,0
10023456782,2024-11-25 22:00:00,2024-11-25,22:00:00,1.7962,Monday,22,11,Autumn,0
10023456782,2024-11-25 23:00:00,2024-11-25,23:00:00,1.5850,Monday,23,11,Autumn,0
10023456782,2024-11-26 00:00:00,2024-11-26,00:00:00,1.3839,Tuesday,0,11,Autumn,0
10023456782,2024-11-26 01:00:00,2024-11-26,01:00:00,1.3319,Tuesday,1,11,Autumn,0
10023456782,2024-11-26 02:00:00,2024-11-26,02:00:00,1.1666,Tuesday,2,11,Autumn,0
10023456782,2024-11-26 03:00:00,2024-11-26,03:00:00,1.2574,Tuesday,3,11,Autumn,0
10023456782,2024-11-26 04:00:00,2024-11-26,04:00:00,1.1045,Tuesday,4,11,Autumn,0
10023456782,2024-11-26 05:00:00,2024-11-26,05:00:00,2.0406,Tuesday,5,11,Autumn,0
10023456782,2024-11-26 06:00:00,2024-11-26,06:00:00,3.0803,Tuesday,6,11,Autumn,0
10023456782,2024-11-26 07:00:00,2024-11-26,07:00:00,4.2249,Tuesday,7,11,Autumn,0
10023456782,2024-11-26 08:00:00,2024-11-26,08:00:00,4.6367,Tuesday,8,11,Autumn,0
10023456782,2024-11-26 09:00:00,2024-11-26,09:00:00,5.6604,Tuesday,9,11,Autumn,0
10023456782,2024-11-26 10:00:00,2024-11-26,10:00:00,3.9543,Tuesday,10,11,Autumn,0
10023456782,2024-11-26 11:00:00,2024-11-26,11:00:00,3.2669,Tuesday,11,11,Autumn,0
10023456782,2024-11-26 12:00:00,2024-11-26,12:00:00,3.3164,Tuesday,12,11,Autumn,0
10023456782,2024-11-26 13:00:00,2024-11-26,13:00:00,3.2174,Tuesday,13,11,Autumn,0
10023456782,2024-11-26 14:00:00,2024-11-26,14:00:00,3.1022,Tuesday,14,11,Autumn,0
10023456782,2024-11-26 15:00:00,2024-11-26,15:00:00,3.6546,Tuesday,15,11,Autumn,0
10023456782,2024-11-26 16:00:00,2024-11-26,16:00:00,3.8069,Tuesday,16,11,Autumn,0
10023456782,2024-11-26 17:00:00,2024-11-26,17:00:00,3.6250,Tuesday,17,11,Autumn,0
10023456782,2024-11-26 18:00:00,2024-11-26,18:00:00,3.9435,Tuesday,18,11,Autumn,0
10023456782,2024-11-26 19:00:00,2024-11-26,19:00:00,3.9928,Tuesday,19,11,Autumn,0
10023456782,2024-11-26 20:00:00,2024-11-26,20:00:00,2.8986,Tuesday,20,11,Autumn,0
10023456782,2024-11-26 21:00:00,2024-11-26,21:00:00,3.1007,Tuesday,21,11,Autumn,0
10023456782,2024-11-26 22:00:00,2024-11-26,22:00:00,2.3987,Tuesday,22,11,Autumn,0
10023456782,2024-11-26 23:00:00,2024-11-26,23:00:00,1.2126,Tuesday,23,11,Autumn,0
10023456782,2024-11-27 00:00:00,2024-11-27,00:00:00,1.2863,Wednesday,0,11,Autumn,0
10023456782,2024-11-27 01:00:00,2024-11-27,01:00:00,1.4013,Wednesday,1,11,Autumn,0
10023456782,2024-11-27 02:00:00,2024-11-27,02:00:00,0.9937,Wednesday,2,11,Autumn,0
10023456782,2024-11-27 03:00:00,2024-11-27,03:00:00,0.9189,Wednesday,3,11,Autumn,0
10023456782,2024-11-27 04:00:00,2024-11-27,04:00:00,0.7928,Wednesday,4,11,Autumn,0
10023456782,2024-11-27 05:00:00,2024-11-27,05:00:00,1.6478,Wednesday,5,11,Autumn,0
10023456782,2024-11-27 06:00:00,2024-11-27,06:00:00,2.2159,Wednesday,6,11,Autumn,0
10023456782,2024-11-27 07:00:00,2024-11-27,07:00:00,2.9637,Wednesday,7,11,Autumn,0
10023456782,2024-11-27 08:00:00,2024-11-27,08:00:00,4.2738,Wednesday,8,11,Autumn,0
10023456782,2024-11-27 09:00:00,2024-11-27,09:00:00,3.8520,Wednesday,9,11,Autumn,0
10023456782,2024-11-27 10:00:00,2024-11-27,10:00:00,3.4545,Wednesday,10,11,Autumn,0
10023456782,2024-11-27 11:00:00,2024-11-27,11:00:00,3.2836,Wednesday,11,11,Autumn,0
10023456782,2024-11-27 12:00:00,2024-11-27,12:00:00,2.9542,Wednesday,12,11,Autumn,0
10023456782,2024-11-27 13:00:00,2024-11-27,13:00:00,2.8184,Wednesday,13,11,Autumn,0
10023456782,2024-11-27 14:00:00,2024-11-27,14:00:00,2.7820,Wednesday,14,11,Autumn,0
10023456782,2024-11-27 15:00:00,2024-11-27,15:00:00,2.9852,Wednesday,15,11,Autumn,0
10023456782,2024-11-27 16:00:00,2024-11-27,16:00:00,2.7247,Wednesday,16,11,Autumn,0
10023456782,2024-11-27 17:00:00,2024-11-27,17:00:00,3.9565,Wednesday,17,11,Autumn,0
10023456782,2024-11-27 18:00:00,2024-11-27,18:00:00,4.5852,Wednesday,18,11,Autumn,0
10023456782,2024-11-27 19:00:00,2024-11-27,19:00:00,3.7393,Wednesday,19,11,Autumn,0
10023456782,2024-11-27 20:00:00,2024-11-27,20:00:00,3.3470,Wednesday,20,11,Autumn,0
10023456782,2024-11-27 21:00:00,2024-11-27,21:00:00,2.7120,Wednesday,21,11,Autumn,0
10023456782,2024-11-27 22:00:00,2024-11-27,22:00:00,2.1812,Wednesday,22,11,Autumn,0
10023456782,2024-11-27 23:00:00,2024-11-27,23:00:00,1.6433,Wednesday,23,11,Autumn,0
10023456782,2024-11-28 00:00:00,2024-11-28,00:00:00,1.0915,Thursday,0,11,Autumn,0
10023456782,2024-11-28 01:00:00,2024-11-28,01:00:00,1.3712,Thursday,1,11,Autumn,0
10023456782,2024-11-28 02:00:00,2024-11-28,02:00:00,0.9366,Thursday,2,11,Autumn,0
10023456782,2024-11-28 03:00:00,2024-11-28,03:00:00,0.9449,Thursday,3,11,Autumn,0
10023456782,2024-11-28 04:00:00,2024-11-28,04:00:00,1.2416,Thursday,4,11,Autumn,0
10023456782,2024-11-28 05:00:00,2024-11-28,05:00:00,1.3541,Thursday,5,11,Autumn,0
10023456782,2024-11-28 06:00:00,2024-11-28,06:00:00,2.3369,Thursday,6,11,Autumn,0
10023456782,2024-11-28 07:00:00,2024-11-28,07:00:00,4.0777,Thursday,7,11,Autumn,0
10023456782,2024-11-28 08:00:00,2024-11-28,08:00:00,3.7472,Thursday,8,11,Autumn,0
10023456782,2024-11-28 09:00:00,2024-11-28,09:00:00,4.2482,Thursday,9,11,Autumn,0
10023456782,2024-11-28 10:00:00,2024-11-28,10:00:00,2.6790,Thursday,10,11,Autumn,0
10023456782,2024-11-28 11:00:00,2024-11-28,11:00:00,3.1001,Thursday,11,11,Autumn,0
10023456782,2024-11-28 12:00:00,2024-11-28,12:00:00,2.7396,Thursday,12,11,Autumn,0
10023456782,2024-11-28 13:00:00,2024-11-28,13:00:00,4.0048,Thursday,13,11,Autumn,0
10023456782,2024-11-28 14:00:00,2024-11-28,14:00:00,3.0445,Thursday,14,11,Autumn,0
10023456782,2024-11-28 15:00:00,2024-11-28,15:00:00,3.1253,Thursday,15,11,Autumn,0
10023456782,2024-11-28 16:00:00,2024-11-28,16:00:00,3.5580,Thursday,16,11,Autumn,0
10023456782,2024-11-28 17:00:00,2024-11-28,17:00:00,3.8969,Thursday,17,11,Autumn,0
10023456782,2024-11-28 18:00:00,2024-11-28,18:00:00,4.9177,Thursday,18,11,Autumn,0
10023456782,2024-11-28 19:00:00,2024-11-28,19:00:00,4.0983,Thursday,19,11,Autumn,0
10023456782,2024-11-28 20:00:00,2024-11-28,20:00:00,3.5808,Thursday,20,11,Autumn,0
10023456782,2024-11-28 21:00:00,2024-11-28,21:00:00,2.6367,Thursday,21,11,Autumn,0
10023456782,2024-11-28 22:00:00,2024-11-28,22:00:00,1.8012,Thursday,22,11,Autumn,0
10023456782,2024-11-28 23:00:00,2024-11-28,23:00:00,1.4873,Thursday,23,11,Autumn,0
10023456782,2024-11-29 00:00:00,2024-11-29,00:00:00,1.2250,Friday,0,11,Autumn,0
10023456782,2024-11-29 01:00:00,2024-11-29,01:00:00,1.1063,Friday,1,11,Autumn,0
10023456782,2024-11-29 02:00:00,2024-11-29,02:00:00,1.0406,Friday,2,11,Autumn,0
10023456782,2024-11-29 03:00:00,2024-11-29,03:00:00,0.9521,Friday,3,11,Autumn,0
10023456782,2024-11-29 04:00:00,2024-11-29,04:00:00,1.0957,Friday,4,11,Autumn,0
10023456782,2024-11-29 05:00:00,2024-11-29,05:00:00,1.6125,Friday,5,11,Autumn,0
10023456782,2024-11-29 06:00:00,2024-11-29,06:00:00,2.1497,Friday,6,11,Autumn,0
10023456782,2024-11-29 07:00:00,2024-11-29,07:00:00,3.4088,Friday,7,11,Autumn,0
10023456782,2024-11-29 08:00:00,2024-11-29,08:00:00,3.7589,Friday,8,11,Autumn,0
10023456782,2024-11-29 09:00:00,2024-11-29,09:00:00,3.8178,Friday,9,11,Autumn,0
10023456782,2024-11-29 10:00:00,2024-11-29,10:00:00,3.2195,Friday,10,11,Autumn,0
10023456782,2024-11-29 11:00:00,2024-11-29,11:00:00,3.3801,Friday,11,11,Autumn,0
10023456782,2024-11-29 12:00:00,2024-11-29,12:00:00,3.0803,Friday,12,11,Autumn,0
10023456782,2024-11-29 13:00:00,2024-11-29,13:00:00,9.2537,Friday,13,11,Autumn,1
10023456782,2024-11-29 14:00:00,2024-11-29,14:00:00,2.7514,Friday,14,11,Autumn,0
10023456782,2024-11-29 15:00:00,2024-11-29,15:00:00,3.0449,Friday,15,11,Autumn,0
10023456782,2024-11-29 16:00:00,2024-11-29,16:00:00,3.2661,Friday,16,11,Autumn,0
10023456782,2024-11-29 17:00:00,2024-11-29,17:00:00,3.2781,Friday,17,11,Autumn,0
10023456782,2024-11-29 18:00:00,2024-11-29,18:00:00,3.8458,Friday,18,11,Autumn,0
10023456782,2024-11-29 19:00:00,2024-11-29,19:00:00,3.3241,Friday,19,11,Autumn,0
10023456782,2024-11-29 20:00:00,2024-11-29,20:00:00,3.5241,Friday,20,11,Autumn,0
10023456782,2024-11-29 21:00:00,2024-11-29,21:00:00,2.8351,Friday,21,11,Autumn,0
10023456782,2024-11-29 22:00:00,2024-11-29,22:00:00,2.1093,Friday,22,11,Autumn,0
10023456782,2024-11-29 23:00:00,2024-11-29,23:00:00,1.5586,Friday,23,11,Autumn,0
10023456782,2024-11-30 00:00:00,2024-11-30,00:00:00,3.3601,Saturday,0,11,Autumn,1
10023456782,2024-11-30 01:00:00,2024-11-30,01:00:00,1.0900,Saturday,1,11,Autumn,0
10023456782,2024-11-30 02:00:00,2024-11-30,02:00:00,0.6985,Saturday,2,11,Autumn,0
10023456782,2024-11-30 03:00:00,2024-11-30,03:00:00,0.9361,Saturday,3,11,Autumn,0
10023456782,2024-11-30 04:00:00,2024-11-30,04:00:00,1.0567,Saturday,4,11,Autumn,0
10023456782,2024-11-30 05:00:00,2024-11-30,05:00:00,1.2507,Saturday,5,11,Autumn,0
10023456782,2024-11-30 06:00:00,2024-11-30,06:00:00,1.5708,Saturday,6,11,Autumn,0
10023456782,2024-11-30 07:00:00,2024-11-30,07:00:00,2.2547,Saturday,7,11,Autumn,0
10023456782,2024-11-30 08:00:00,2024-11-30,08:00:00,3.0060,Saturday,8,11,Autumn,0
10023456782,2024-11-30 09:00:00,2024-11-30,09:00:00,2.7249,Saturday,9,11,Autumn,0
10023456782,2024-11-30 10:00:00,2024-11-30,10:00:00,3.0818,Saturday,10,11,Autumn,0
10023456782,2024-11-30 11:00:00,2024-11-30,11:00:00,2.6467,Saturday,11,11,Autumn,0
10023456782,2024-11-30 12:00:00,2024-11-30,12:00:00,2.7202,Saturday,12,11,Autumn,0
10023456782,2024-11-30 13:00:00,2024-11-30,13:00:00,2.4702,Saturday,13,11,Autumn,0
10023456782,2024-11-30 14:00:00,2024-11-30,14:00:00,2.2666,Saturday,14,11,Autumn,0
10023456782,2024-11-30 15:00:00,2024-11-30,15:00:00,2.2200,Saturday,15,11,Autumn,0
10023456782,2024-11-30 16:00:00,2024-11-30,16:00:00,2.8626,Saturday,16,11,Autumn,0
10023456782,2024-11-30 17:00:00,2024-11-30,17:00:00,2.8410,Saturday,17,11,Autumn,0
10023456782,2024-11-30 18:00:00,2024-11-30,18:00:00,3.1344,Saturday,18,11,Autumn,0
10023456782,2024-11-30 19:00:00,2024-11-30,19:00:00,3.2490,Saturday,19,11,Autumn,0
10023456782,2024-11-30 20:00:00,2024-11-30,20:00:00,3.0074,Saturday,20,11,Autumn,0
10023456782,2024-11-30 21:00:00,2024-11-30,21:00:00,2.4554,Saturday,21,11,Autumn,0
10023456782,2024-11-30 22:00:00,2024-11-30,22:00:00,1.9380,Saturday,22,11,Autumn,0
10023456782,2024-11-30 23:00:00,2024-11-30,23:00:00,1.4614,Saturday,23,11,Autumn,0
10023456782,2024-12-01 00:00:00,2024-12-01,00:00:00,0.9915,Sunday,0,12,Winter,0
10023456782,2024-12-01 01:00:00,2024-12-01,01:00:00,1.0402,Sunday,1,12,Winter,0
10023456782,2024-12-01 02:00:00,2024-12-01,02:00:00,0.8641,Sunday,2,12,Winter,0
10023456782,2024-12-01 03:00:00,2024-12-01,03:00:00,0.9115,Sunday,3,12,Winter,0
10023456782,2024-12-01 04:00:00,2024-12-01,04:00:00,1.0549,Sunday,4,12,Winter,0
10023456782,2024-12-01 05:00:00,2024-12-01,05:00:00,1.2424,Sunday,5,12,Winter,0
10023456782,2024-12-01 06:00:00,2024-12-01,06:00:00,1.4407,Sunday,6,12,Winter,0
10023456782,2024-12-01 07:00:00,2024-12-01,07:00:00,2.2448,Sunday,7,12,Winter,0
10023456782,2024-12-01 08:00:00,2024-12-01,08:00:00,2.5062,Sunday,8,12,Winter,0
10023456782,2024-12-01 09:00:00,2024-12-01,09:00:00,2.6445,Sunday,9,12,Winter,0
10023456782,2024-12-01 10:00:00,2024-12-01,10:00:00,2.1668,Sunday,10,12,Winter,0
10023456782,2024-12-01 11:00:00,2024-12-01,11:00:00,2.5146,Sunday,11,12,Winter,0
10023456782,2024-12-01 12:00:00,2024-12-01,12:00:00,2.5699,Sunday,12,12,Winter,0
10023456782,2024-12-01 13:00:00,2024-12-01,13:00:00,2.5532,Sunday,13,12,Winter,0
10023456782,2024-12-01 14:00:00,2024-12-01,14:00:00,2.0913,Sunday,14,12,Winter,0
10023456782,2024-12-01 15:00:00,2024-12-01,15:00:00,2.5361,Sunday,15,12,Winter,0
10023456782,2024-12-01 16:00:00,2024-12-01,16:00:00,2.5794,Sunday,16,12,Winter,0
10023456782,2024-12-01 17:00:00,2024-12-01,17:00:00,2.9058,Sunday,17,12,Winter,0
10023456782,2024-12-01 18:00:00,2024-12-01,18:00:00,4.1277,Sunday,18,12,Winter,0
10023456782,2024-12-01 19:00:00,2024-12-01,19:00:00,2.7506,Sunday,19,12,Winter,0
10023456782,2024-12-01 20:00:00,2024-12-01,20:00:00,2.6239,Sunday,20,12,Winter,0
10023456782,2024-12-01 21:00:00,2024-12-01,21:00:00,2.2827,Sunday,21,12,Winter,0
10023456782,2024-12-01 22:00:00,2024-12-01,22:00:00,1.5111,Sunday,22,12,Winter,0
10023456782,2024-12-01 23:00:00,2024-12-01,23:00:00,1.6366,Sunday,23,12,Winter,0
10023456782,2024-12-02 00:00:00,2024-12-02,00:00:00,1.3216,Monday,0,12,Winter,0
10023456782,2024-12-02 01:00:00,2024-12-02,01:00:00,1.0569,Monday,1,12,Winter,0
10023456782,2024-12-02 02:00:00,2024-12-02,02:00:00,0.8373,Monday,2,12,Winter,0
10023456782,2024-12-02 03:00:00,2024-12-02,03:00:00,1.2286,Monday,3,12,Winter,0
10023456782,2024-12-02 04:00:00,2024-12-02,04:00:00,1.0524,Monday,4,12,Winter,0
10023456782,2024-12-02 05:00:00,2024-12-02,05:00:00,1.5439,Monday,5,12,Winter,0
10023456782,2024-12-02 06:00:00,2024-12-02,06:00:00,2.6150,Monday,6,12,Winter,0
10023456782,2024-12-02 07:00:00,2024-12-02,07:00:00,3.2899,Monday,7,12,Winter,0
10023456782,2024-12-02 08:00:00,2024-12-02,08:00:00,2.6614,Monday,8,12,Winter,0
10023456782,2024-12-02 09:00:00,2024-12-02,09:00:00,3.5058,Monday,9,12,Winter,0
10023456782,2024-12-02 10:00:00,2024-12-02,10:00:00,2.8756,Monday,10,12,Winter,0
10023456782,2024-12-02 11:00:00,2024-12-02,11:00:00,3.2850,Monday,11,12,Winter,0
10023456782,2024-12-02 12:00:00,2024-12-02,12:00:00,2.6729,Monday,12,12,Winter,0
10023456782,2024-12-02 13:00:00,2024-12-02,13:00:00,2.4004,Monday,13,12,Winter,0
10023456782,2024-12-02 14:00:00,2024-12-02,14:00:00,2.8073,Monday,14,12,Winter,0
10023456782,2024-12-02 15:00:00,2024-12-02,15:00:00,3.1938,Monday,15,12,Winter,0
10023456782,2024-12-02 16:00:00,2024-12-02,16:00:00,3.3646,Monday,16,12,Winter,0
10023456782,2024-12-02 17:00:00,2024-12-02,17:00:00,2.7348,Monday,17,12,Winter,0
10023456782,2024-12-02 18:00:00,2024-12-02,18:00:00,3.5613,Monday,18,12,Winter,0
10023456782,2024-12-02 19:00:00,2024-12-02,19:00:00,3.2821,Monday,19,12,Winter,0
10023456782,2024-12-02 20:00:00,2024-12-02,20:00:00,3.9966,Monday,20,12,Winter,0
10023456782,2024-12-02 21:00:00,2024-12-02,21:00:00,2.6739,Monday,21,12,Winter,0
10023456782,2024-12-02 22:00:00,2024-12-02,22:00:00,1.8363,Monday,22,12,Winter,0
10023456782,2024-12-02 23:00:00,2024-12-02,23:00:00,1.2386,Monday,23,12,Winter,0
10023456782,2024-12-03 00:00:00,2024-12-03,00:00:00,1.0262,Tuesday,0,12,Winter,0
10023456782,2024-12-03 01:00:00,2024-12-03,01:00:00,0.8785,Tuesday,1,12,Winter,0
10023456782,2024-12-03 02:00:00,2024-12-03,02:00:00,0.8762,Tuesday,2,12,Winter,0
10023456782,2024-12-03 03:00:00,2024-12-03,03:00:00,1.0256,Tuesday,3,12,Winter,0
10023456782,2024-12-03 04:00:00,2024-12-03,04:00:00,0.9667,Tuesday,4,12,Winter,0
10023456782,2024-12-03 05:00:00,2024-12-03,05:00:00,1.2685,Tuesday,5,12,Winter,0
10023456782,2024-12-03 06:00:00,2024-12-03,06:00:00,2.2365,Tuesday,6,12,Winter,0
10023456782,2024-12-03 07:00:00,2024-12-03,07:00:00,2.5487,Tuesday,7,12,Winter,0
10023456782,2024-12-03 08:00:00,2024-12-03,08:00:00,3.1253,Tuesday,8,12,Winter,0
10023456782,2024-12-03 09:00:00,2024-12-03,09:00:00,2.9152,Tuesday,9,12,Winter,0
10023456782,2024-12-03 10:00:00,2024-12-03,10:00:00,2.9404,Tuesday,10,12,Winter,0
10023456782,2024-12-03 11:00:00,2024-12-03,11:00:00,2.2306,Tuesday,11,12,Winter,0
10023456782,2024-12-03 12:00:00,2024-12-03,12:00:00,2.6627,Tuesday,12,12,Winter,0
10023456782,2024-12-03 13:00:00,2024-12-03,13:00:00,2.7910,Tuesday,13,12,Winter,0
10023456782,2024-12-03 14:00:00,2024-12-03,14:00:00,2.8653,Tuesday,14,12,Winter,0
10023456782,2024-12-03 15:00:00,2024-12-03,15:00:00,3.1833,Tuesday,15,12,Winter,0
10023456782,2024-12-03 16:00:00,2024-12-03,16:00:00,3.4551,Tuesday,16,12,Winter,0
10023456782,2024-12-03 17:00:00,2024-12-03,17:00:00,3.2300,Tuesday,17,12,Winter,0
10023456782,2024-12-03 18:00:00,2024-12-03,18:00:00,3.6681,Tuesday,18,12,Winter,0
10023456782,2024-12-03 19:00:00,2024-12-03,19:00:00,3.7929,Tuesday,19,12,Winter,0
10023456782,2024-12-03 20:00:00,2024-12-03,20:00:00,0.5381,Tuesday,20,12,Winter,1
10023456782,2024-12-03 21:00:00,2024-12-03,21:00:00,2.4997,Tuesday,21,12,Winter,0
10023456782,2024-12-03 22:00:00,2024-12-03,22:00:00,1.6158,Tuesday,22,12,Winter,0
10023456782,2024-12-03 23:00:00,2024-12-03,23:00:00,1.3184,Tuesday,23,12,Winter,0
10023456782,2024-12-04 00:00:00,2024-12-04,00:00:00,1.1964,Wednesday,0,12,Winter,0
10023456782,2024-12-04 01:00:00,2024-12-04,01:00:00,0.9297,Wednesday,1,12,Winter,0
10023456782,2024-12-04 02:00:00,2024-12-04,02:00:00,1.0261,Wednesday,2,12,Winter,0
10023456782,2024-12-04 03:00:00,2024-12-04,03:00:00,1.0317,Wednesday,3,12,Winter,0
10023456782,2024-12-04 04:00:00,2024-12-04,04:00:00,0.8027,Wednesday,4,12,Winter,0
10023456782,2024-12-04 05:00:00,2024-12-04,05:00:00,1.5100,Wednesday,5,12,Winter,0
10023456782,2024-12-04 06:00:00,2024-12-04,06:00:00,2.4097,Wednesday,6,12,Winter,0
10023456782,2024-12-04 07:00:00,2024-12-04,07:00:00,7.4493,Wednesday,7,12,Winter,1
10023456782,2024-12-04 08:00:00,2024-12-04,08:00:00,7.2161,Wednesday,8,12,Winter,1
10023456782,2024-12-04 09:00:00,2024-12-04,09:00:00,8.0070,Wednesday,9,12,Winter,1
10023456782,2024-12-04 10:00:00,2024-12-04,10:00:00,3.2762,Wednesday,10,12,Winter,0
10023456782,2024-12-04 11:00:00,2024-12-04,11:00:00,3.2804,Wednesday,11,12,Winter,0
10023456782,2024-12-04 12:00:00,2024-12-04,12:00:00,2.8135,Wednesday,12,12,Winter,0
10023456782,2024-12-04 13:00:00,2024-12-04,13:00:00,2.5645,Wednesday,13,12,Winter,0
10023456782,2024-12-04 14:00:00,2024-12-04,14:00:00,2.5356,Wednesday,14,12,Winter,0
10023456782,2024-12-04 15:00:00,2024-12-04,15:00:00,2.6912,Wednesday,15,12,Winter,0
10023456782,2024-12-04 16:00:00,2024-12-04,16:00:00,2.3067,Wednesday,16,12,Winter,0
10023456782,2024-12-04 17:00:00,2024-12-04,17:00:00,3.3502,Wednesday,17,12,Winter,0
10023456782,2024-12-04 18:00:00,2024-12-04,18:00:00,3.0321,Wednesday,18,12,Winter,0
10023456782,2024-12-04 19:00:00,2024-12-04,19:00:00,3.5094,Wednesday,19,12,Winter,0
10023456782,2024-12-04 20:00:00,2024-12-04,20:00:00,2.6004,Wednesday,20,12,Winter,0
10023456782,2024-12-04 21:00:00,2024-12-04,21:00:00,2.1691,Wednesday,21,12,Winter,0
10023456782,2024-12-04 22:00:00,2024-12-04,22:00:00,1.7294,Wednesday,22,12,Winter,0
10023456782,2024-12-04 23:00:00,2024-12-04,23:00:00,1.3302,Wednesday,23,12,Winter,0
10023456782,2024-12-05 00:00:00,2024-12-05,00:00:00,0.7900,Thursday,0,12,Winter,0
10023456782,2024-12-05 01:00:00,2024-12-05,01:00:00,0.7203,Thursday,1,12,Winter,0
10023456782,2024-12-05 02:00:00,2024-12-05,02:00:00,0.6357,Thursday,2,12,Winter,0
10023456782,2024-12-05 03:00:00,2024-12-05,03:00:00,0.7364,Thursday,3,12,Winter,0
10023456782,2024-12-05 04:00:00,2024-12-05,04:00:00,0.8824,Thursday,4,12,Winter,0
10023456782,2024-12-05 05:00:00,2024-12-05,05:00:00,0.9990,Thursday,5,12,Winter,0
10023456782,2024-12-05 06:00:00,2024-12-05,06:00:00,1.7373,Thursday,6,12,Winter,0
10023456782,2024-12-05 07:00:00,2024-12-05,07:00:00,2.1545,Thursday,7,12,Winter,0
10023456782,2024-12-05 08:00:00,2024-12-05,08:00:00,2.5846,Thursday,8,12,Winter,0
10023456782,2024-12-05 09:00:00,2024-12-05,09:00:00,2.4840,Thursday,9,12,Winter,0
10023456782,2024-12-05 10:00:00,2024-12-05,10:00:00,2.2502,Thursday,10,12,Winter,0
10023456782,2024-12-05 11:00:00,2024-12-05,11:00:00,1.9643,Thursday,11,12,Winter,0
10023456782,2024-12-05 12:00:00,2024-12-05,12:00:00,0.3476,Thursday,12,12,Winter,1
10023456782,2024-12-05 13:00:00,2024-12-05,13:00:00,1.8836,Thursday,13,12,Winter,0
10023456782,2024-12-05 14:00:00,2024-12-05,14:00:00,2.0537,Thursday,14,12,Winter,0
10023456782,2024-12-05 15:00:00,2024-12-05,15:00:00,1.7252,Thursday,15,12,Winter,0
10023456782,2024-12-05 16:00:00,2024-12-05,16:00:00,2.1265,Thursday,16,12,Winter,0
10023456782,2024-12-05 17:00:00,2024-12-05,17:00:00,2.5527,Thursday,17,12,Winter,0
10023456782,2024-12-05 18:00:00,2024-12-05,18:00:00,2.8325,Thursday,18,12,Winter,0
10023456782,2024-12-05 19:00:00,2024-12-05,19:00:00,2.3840,Thursday,19,12,Winter,0
10023456782,2024-12-05 20:00:00,2024-12-05,20:00:00,2.1397,Thursday,20,12,Winter,0
10023456782,2024-12-05 21:00:00,2024-12-05,21:00:00,1.4527,Thursday,21,12,Winter,0
10023456782,2024-12-05 22:00:00,2024-12-05,22:00:00,1.3301,Thursday,22,12,Winter,0
10023456782,2024-12-05 23:00:00,2024-12-05,23:00:00,1.1654,Thursday,23,12,Winter,0
10023456782,2024-12-06 00:00:00,2024-12-06,00:00:00,0.8536,Friday,0,12,Winter,0
10023456782,2024-12-06 01:00:00,2024-12-06,01:00:00,0.7627,Friday,1,12,Winter,0
10023456782,2024-12-06 02:00:00,2024-12-06,02:00:00,0.6175,Friday,2,12,Winter,0
10023456782,2024-12-06 03:00:00,2024-12-06,03:00:00,0.7907,Friday,3,12,Winter,0
10023456782,2024-12-06 04:00:00,2024-12-06,04:00:00,0.7600,Friday,4,12,Winter,0
10023456782,2024-12-06 05:00:00,2024-12-06,05:00:00,1.1384,Friday,5,12,Winter,0
10023456782,2024-12-06 06:00:00,2024-12-06,06:00:00,1.8531,Friday,6,12,Winter,0
10023456782,2024-12-06 07:00:00,2024-12-06,07:00:00,2.1195,Friday,7,12,Winter,0
10023456782,2024-12-06 08:00:00,2024-12-06,08:00:00,2.3754,Friday,8,12,Winter,0
10023456782,2024-12-06 09:00:00,2024-12-06,09:00:00,2.7150,Friday,9,12,Winter,0
10023456782,2024-12-06 10:00:00,2024-12-06,10:00:00,2.6284,Friday,10,12,Winter,0
10023456782,2024-12-06 11:00:00,2024-12-06,11:00:00,2.1670,Friday,11,12,Winter,0
10023456782,2024-12-06 12:00:00,2024-12-06,12:00:00,0.2867,Friday,12,12,Winter,1
10023456782,2024-12-06 13:00:00,2024-12-06,13:00:00,2.1019,Friday,13,12,Winter,0
10023456782,2024-12-06 14:00:00,2024-12-06,14:00:00,2.2756,Friday,14,12,Winter,0
10023456782,2024-12-06 15:00:00,2024-12-06,15:00:00,2.1220,Friday,15,12,Winter,0
10023456782,2024-12-06 16:00:00,2024-12-06,16:00:00,2.0036,Friday,16,12,Winter,0
10023456782,2024-12-06 17:00:00,2024-12-06,17:00:00,2.2567,Friday,17,12,Winter,0
10023456782,2024-12-06 18:00:00,2024-12-06,18:00:00,2.4733,Friday,18,12,Winter,0
10023456782,2024-12-06 19:00:00,2024-12-06,19:00:00,2.4548,Friday,19,12,Winter,0
10023456782,2024-12-06 20:00:00,2024-12-06,20:00:00,2.1807,Friday,20,12,Winter,0
10023456782,2024-12-06 21:00:00,2024-12-06,21:00:00,1.9962,Friday,21,12,Winter,0
10023456782,2024-12-06 22:00:00,2024-12-06,22:00:00,1.3928,Friday,22,12,Winter,0
10023456782,2024-12-06 23:00:00,2024-12-06,23:00:00,1.0827,Friday,23,12,Winter,0
10023456782,2024-12-07 00:00:00,2024-12-07,00:00:00,0.8940,Saturday,0,12,Winter,0
10023456782,2024-12-07 01:00:00,2024-12-07,01:00:00,0.9354,Saturday,1,12,Winter,0
10023456782,2024-12-07 02:00:00,2024-12-07,02:00:00,0.7072,Saturday,2,12,Winter,0
10023456782,2024-12-07 03:00:00,2024-12-07,03:00:00,0.7609,Saturday,3,12,Winter,0
10023456782,2024-12-07 04:00:00,2024-12-07,04:00:00,1.1743,Saturday,4,12,Winter,0
10023456782,2024-12-07 05:00:00,2024-12-07,05:00:00,1.0392,Saturday,5,12,Winter,0
10023456782,2024-12-07 06:00:00,2024-12-07,06:00:00,1.6726,Saturday,6,12,Winter,0
10023456782,2024-12-07 07:00:00,2024-12-07,07:00:00,1.8259,Saturday,7,12,Winter,0
10023456782,2024-12-07 08:00:00,2024-12-07,08:00:00,2.5927,Saturday,8,12,Winter,0
10023456782,2024-12-07 09:00:00,2024-12-07,09:00:00,2.1964,Saturday,9,12,Winter,0
10023456782,2024-12-07 10:00:00,2024-12-07,10:00:00,2.2801,Saturday,10,12,Winter,0
10023456782,2024-12-07 11:00:00,2024-12-07,11:00:00,2.1622,Saturday,11,12,Winter,0
10023456782,2024-12-07 12:00:00,2024-12-07,12:00:00,2.4246,Saturday,12,12,Winter,0
10023456782,2024-12-07 13:00:00,2024-12-07,13:00:00,2.2882,Saturday,13,12,Winter,0
10023456782,2024-12-07 14:00:00,2024-12-07,14:00:00,1.8933,Saturday,14,12,Winter,0
10023456782,2024-12-07 15:00:00,2024-12-07,15:00:00,2.1842,Saturday,15,12,Winter,0
10023456782,2024-12-07 16:00:00,2024-12-07,16:00:00,2.4699,Saturday,16,12,Winter,0
10023456782,2024-12-07 17:00:00,2024-12-07,17:00:00,2.9269,Saturday,17,12,Winter,0
10023456782,2024-12-07 18:00:00,2024-12-07,18:00:00,3.1468,Saturday,18,12,Winter,0
10023456782,2024-12-07 19:00:00,2024-12-07,19:00:00,2.9934,Saturday,19,12,Winter,0
10023456782,2024-12-07 20:00:00,2024-12-07,20:00:00,2.9460,Saturday,20,12,Winter,0
10023456782,2024-12-07 21:00:00,2024-12-07,21:00:00,2.2981,Saturday,21,12,Winter,0
10023456782,2024-12-07 22:00:00,2024-12-07,22:00:00,1.7691,Saturday,22,12,Winter,0
10023456782,2024-12-07 23:00:00,2024-12-07,23:00:00,0.9045,Saturday,23,12,Winter,0
10023456782,2024-12-08 00:00:00,2024-12-08,00:00:00,1.1027,Sunday,0,12,Winter,0
10023456782,2024-12-08 01:00:00,2024-12-08,01:00:00,0.5793,Sunday,1,12,Winter,0
10023456782,2024-12-08 02:00:00,2024-12-08,02:00:00,2.5737,Sunday,2,12,Winter,1
10023456782,2024-12-08 03:00:00,2024-12-08,03:00:00,2.1692,Sunday,3,12,Winter,1
10023456782,2024-12-08 04:00:00,2024-12-08,04:00:00,2.3069,Sunday,4,12,Winter,1
10023456782,2024-12-08 05:00:00,2024-12-08,05:00:00,2.7320,Sunday,5,12,Winter,1
10023456782,2024-12-08 06:00:00,2024-12-08,06:00:00,3.7108,Sunday,6,12,Winter,1
10023456782,2024-12-08 07:00:00,2024-12-08,07:00:00,3.9945,Sunday,7,12,Winter,1
10023456782,2024-12-08 08:00:00,2024-12-08,08:00:00,2.1149,Sunday,8,12,Winter,0
10023456782,2024-12-08 09:00:00,2024-12-08,09:00:00,2.9559,Sunday,9,12,Winter,0
10023456782,2024-12-08 10:00:00,2024-12-08,10:00:00,2.5794,Sunday,10,12,Winter,0
10023456782,2024-12-08 11:00:00,2024-12-08,11:00:00,2.2445,Sunday,11,12,Winter,0
10023456782,2024-12-08 12:00:00,2024-12-08,12:00:00,2.1800,Sunday,12,12,Winter,0
10023456782,2024-12-08 13:00:00,2024-12-08,13:00:00,2.3185,Sunday,13,12,Winter,0
10023456782,2024-12-08 14:00:00,2024-12-08,14:00:00,2.3079,Sunday,14,12,Winter,0
10023456782,2024-12-08 15:00:00,2024-12-08,15:00:00,2.1107,Sunday,15,12,Winter,0
10023456782,2024-12-08 16:00:00,2024-12-08,16:00:00,0.2029,Sunday,16,12,Winter,1
10023456782,2024-12-08 17:00:00,2024-12-08,17:00:00,2.9767,Sunday,17,12,Winter,0
10023456782,2024-12-08 18:00:00,2024-12-08,18:00:00,3.1809,Sunday,18,12,Winter,0
10023456782,2024-12-08 19:00:00,2024-12-08,19:00:00,2.6153,Sunday,19,12,Winter,0
10023456782,2024-12-08 20:00:00,2024-12-08,20:00:00,2.3683,Sunday,20,12,Winter,0
10023456782,2024-12-08 21:00:00,2024-12-08,21:00:00,2.2500,Sunday,21,12,Winter,0
10023456782,2024-12-08 22:00:00,2024-12-08,22:00:00,1.5587,Sunday,22,12,Winter,0
10023456782,2024-12-08 23:00:00,2024-12-08,23:00:00,1.3559,Sunday,23,12,Winter,0
10023456782,2024-12-09 00:00:00,2024-12-09,00:00:00,1.1348,Monday,0,12,Winter,0
10023456782,2024-12-09 01:00:00,2024-12-09,01:00:00,1.1258,Monday,1,12,Winter,0
10023456782,2024-12-09 02:00:00,2024-12-09,02:00:00,0.9545,Monday,2,12,Winter,0
10023456782,2024-12-09 03:00:00,2024-12-09,03:00:00,1.0591,Monday,3,12,Winter,0
10023456782,2024-12-09 04:00:00,2024-12-09,04:00:00,0.9800,Monday,4,12,Winter,0
10023456782,2024-12-09 05:00:00,2024-12-09,05:00:00,1.4003,Monday,5,12,Winter,0
10023456782,2024-12-09 06:00:00,2024-12-09,06:00:00,1.8512,Monday,6,12,Winter,0
10023456782,2024-12-09 07:00:00,2024-12-09,07:00:00,3.4655,Monday,7,12,Winter,0
10023456782,2024-12-09 08:00:00,2024-12-09,08:00:00,4.0908,Monday,8,12,Winter,0
10023456782,2024-12-09 09:00:00,2024-12-09,09:00:00,3.5095,Monday,9,12,Winter,0
10023456782,2024-12-09 10:00:00,2024-12-09,10:00:00,2.1860,Monday,10,12,Winter,0
10023456782,2024-12-09 11:00:00,2024-12-09,11:00:00,3.0766,Monday,11,12,Winter,0
10023456782,2024-12-09 12:00:00,2024-12-09,12:00:00,3.1667,Monday,12,12,Winter,0
10023456782,2024-12-09 13:00:00,2024-12-09,13:00:00,2.5748,Monday,13,12,Winter,0
10023456782,2024-12-09 14:00:00,2024-12-09,14:00:00,2.7519,Monday,14,12,Winter,0
10023456782,2024-12-09 15:00:00,2024-12-09,15:00:00,3.0319,Monday,15,12,Winter,0
10023456782,2024-12-09 16:00:00,2024-12-09,16:00:00,3.5545,Monday,16,12,Winter,0
10023456782,2024-12-09 17:00:00,2024-12-09,17:00:00,3.4623,Monday,17,12,Winter,0
10023456782,2024-12-09 18:00:00,2024-12-09,18:00:00,3.4406,Monday,18,12,Winter,0
10023456782,2024-12-09 19:00:00,2024-12-09,19:00:00,2.6912,Monday,19,12,Winter,0
10023456782,2024-12-09 20:00:00,2024-12-09,20:00:00,21.9755,Monday,20,12,Winter,1
10023456782,2024-12-09 21:00:00,2024-12-09,21:00:00,2.6255,Monday,21,12,Winter,0
10023456782,2024-12-09 22:00:00,2024-12-09,22:00:00,1.7754,Monday,22,12,Winter,0
10023456782,2024-12-09 23:00:00,2024-12-09,23:00:00,1.4508,Monday,23,12,Winter,0
10023456782,2024-12-10 00:00:00,2024-12-10,00:00:00,1.2716,Tuesday,0,12,Winter,0
10023456782,2024-12-10 01:00:00,2024-12-10,01:00:00,1.4193,Tuesday,1,12,Winter,0
10023456782,2024-12-10 02:00:00,2024-12-10,02:00:00,0.8970,Tuesday,2,12,Winter,0
10023456782,2024-12-10 03:00:00,2024-12-10,03:00:00,0.9598,Tuesday,3,12,Winter,0
10023456782,2024-12-10 04:00:00,2024-12-10,04:00:00,1.0132,Tuesday,4,12,Winter,0
10023456782,2024-12-10 05:00:00,2024-12-10,05:00:00,1.3763,Tuesday,5,12,Winter,0
10023456782,2024-12-10 06:00:00,2024-12-10,06:00:00,2.8341,Tuesday,6,12,Winter,0
10023456782,2024-12-10 07:00:00,2024-12-10,07:00:00,3.9102,Tuesday,7,12,Winter,0
10023456782,2024-12-10 08:00:00,2024-12-10,08:00:00,4.3547,Tuesday,8,12,Winter,0
10023456782,2024-12-10 09:00:00,2024-12-10,09:00:00,3.9738,Tuesday,9,12,Winter,0
10023456782,2024-12-10 10:00:00,2024-12-10,10:00:00,3.4955,Tuesday,10,12,Winter,0
10023456782,2024-12-10 11:00:00,2024-12-10,11:00:00,2.8810,Tuesday,11,12,Winter,0
10023456782,2024-12-10 12:00:00,2024-12-10,12:00:00,2.9876,Tuesday,12,12,Winter,0
10023456782,2024-12-10 13:00:00,2024-12-10,13:00:00,3.1929,Tuesday,13,12,Winter,0
10023456782,2024-12-10 14:00:00,2024-12-10,14:00:00,2.9199,Tuesday,14,12,Winter,0
10023456782,2024-12-10 15:00:00,2024-12-10,15:00:00,3.3016,Tuesday,15,12,Winter,0
10023456782,2024-12-10 16:00:00,2024-12-10,16:00:00,2.6197,Tuesday,16,12,Winter,0
10023456782,2024-12-10 17:00:00,2024-12-10,17:00:00,4.3411,Tuesday,17,12,Winter,0
10023456782,2024-12-10 18:00:00,2024-12-10,18:00:00,4.2281,Tuesday,18,12,Winter,0
10023456782,2024-12-10 19:00:00,2024-12-10,19:00:00,4.6108,Tuesday,19,12,Winter,0
10023456782,2024-12-10 20:00:00,2024-12-10,20:00:00,3.5462,Tuesday,20,12,Winter,0
10023456782,2024-12-10 21:00:00,2024-12-10,21:00:00,2.8206,Tuesday,21,12,Winter,0
10023456782,2024-12-10 22:00:00,2024-12-10,22:00:00,2.2612,Tuesday,22,12,Winter,0
10023456782,2024-12-10 23:00:00,2024-12-10,23:00:00,1.3452,Tuesday,23,12,Winter,0
10023456782,2024-12-11 00:00:00,2024-12-11,00:00:00,1.1255,Wednesday,0,12,Winter,0
10023456782,2024-12-11 01:00:00,2024-12-11,01:00:00,0.9780,Wednesday,1,12,Winter,0
10023456782,2024-12-11 02:00:00,2024-12-11,02:00:00,0.9730,Wednesday,2,12,Winter,0
10023456782,2024-12-11 03:00:00,2024-12-11,03:00:00,0.8496,Wednesday,3,12,Winter,0
10023456782,2024-12-11 04:00:00,2024-12-11,04:00:00,1.3364,Wednesday,4,12,Winter,0
10023456782,2024-12-11 05:00:00,2024-12-11,05:00:00,1.6942,Wednesday,5,12,Winter,0
10023456782,2024-12-11 06:00:00,2024-12-11,06:00:00,2.3499,Wednesday,6,12,Winter,0
10023456782,2024-12-11 07:00:00,2024-12-11,07:00:00,3.1596,Wednesday,7,12,Winter,0
10023456782,2024-12-11 08:00:00,2024-12-11,08:00:00,4.4466,Wednesday,8,12,Winter,0
10023456782,2024-12-11 09:00:00,2024-12-11,09:00:00,4.3023,Wednesday,9,12,Winter,0
10023456782,2024-12-11 10:00:00,2024-12-11,10:00:00,3.1845,Wednesday,10,12,Winter,0
10023456782,2024-12-11 11:00:00,2024-12-11,11:00:00,3.3845,Wednesday,11,12,Winter,0
10023456782,2024-12-11 12:00:00,2024-12-11,12:00:00,3.2301,Wednesday,12,12,Winter,0
10023456782,2024-12-11 13:00:00,2024-12-11,13:00:00,3.1718,Wednesday,13,12,Winter,0
10023456782,2024-12-11 14:00:00,2024-12-11,14:00:00,3.3184,Wednesday,14,12,Winter,0
10023456782,2024-12-11 15:00:00,2024-12-11,15:00:00,2.9641,Wednesday,15,12,Winter,0
10023456782,2024-12-11 16:00:00,2024-12-11,16:00:00,3.8867,Wednesday,16,12,Winter,0
10023456782,2024-12-11 17:00:00,2024-12-11,17:00:00,4.3317,Wednesday,17,12,Winter,0
10023456782,2024-12-11 18:00:00,2024-12-11,18:00:00,3.5427,Wednesday,18,12,Winter,0
10023456782,2024-12-11 19:00:00,2024-12-11,19:00:00,4.3461,Wednesday,19,12,Winter,0
10023456782,2024-12-11 20:00:00,2024-12-11,20:00:00,3.7589,Wednesday,20,12,Winter,0
10023456782,2024-12-11 21:00:00,2024-12-11,21:00:00,3.0688,Wednesday,21,12,Winter,0
10023456782,2024-12-11 22:00:00,2024-12-11,22:00:00,2.0874,Wednesday,22,12,Winter,0
10023456782,2024-12-11 23:00:00,2024-12-11,23:00:00,1.2303,Wednesday,23,12,Winter,0
10023456782,2024-12-12 00:00:00,2024-12-12,00:00:00,1.5070,Thursday,0,12,Winter,0
10023456782,2024-12-12 01:00:00,2024-12-12,01:00:00,1.1328,Thursday,1,12,Winter,0
10023456782,2024-12-12 02:00:00,2024-12-12,02:00:00,1.1605,Thursday,2,12,Winter,0
10023456782,2024-12-12 03:00:00,2024-12-12,03:00:00,1.0055,Thursday,3,12,Winter,0
10023456782,2024-12-12 04:00:00,2024-12-12,04:00:00,1.1682,Thursday,4,12,Winter,0
10023456782,2024-12-12 05:00:00,2024-12-12,05:00:00,1.6815,Thursday,5,12,Winter,0
10023456782,2024-12-12 06:00:00,2024-12-12,06:00:00,2.1889,Thursday,6,12,Winter,0
10023456782,2024-12-12 07:00:00,2024-12-12,07:00:00,3.4458,Thursday,7,12,Winter,0
10023456782,2024-12-12 08:00:00,2024-12-12,08:00:00,3.5980,Thursday,8,12,Winter,0
10023456782,2024-12-12 09:00:00,2024-12-12,09:00:00,3.2105,Thursday,9,12,Winter,0
10023456782,2024-12-12 10:00:00,2024-12-12,10:00:00,3.1988,Thursday,10,12,Winter,0
10023456782,2024-12-12 11:00:00,2024-12-12,11:00:00,3.1251,Thursday,11,12,Winter,0
10023456782,2024-12-12 12:00:00,2024-12-12,12:00:00,2.5445,Thursday,12,12,Winter,0
10023456782,2024-12-12 13:00:00,2024-12-12,13:00:00,3.3488,Thursday,13,12,Winter,0
10023456782,2024-12-12 14:00:00,2024-12-12,14:00:00,3.1136,Thursday,14,12,Winter,0
10023456782,2024-12-12 15:00:00,2024-12-12,15:00:00,3.2354,Thursday,15,12,Winter,0
10023456782,2024-12-12 16:00:00,2024-12-12,16:00:00,2.9792,Thursday,16,12,Winter,0
10023456782,2024-12-12 17:00:00,2024-12-12,17:00:00,3.2399,Thursday,17,12,Winter,0
10023456782,2024-12-12 18:00:00,2024-12-12,18:00:00,3.7901,Thursday,18,12,Winter,0
10023456782,2024-12-12 19:00:00,2024-12-12,19:00:00,3.6800,Thursday,19,12,Winter,0
10023456782,2024-12-12 20:00:00,2024-12-12,20:00:00,3.2851,Thursday,20,12,Winter,0
10023456782,2024-12-12 21:00:00,2024-12-12,21:00:00,2.5484,Thursday,21,12,Winter,0
10023456782,2024-12-12 22:00:00,2024-12-12,22:00:00,2.1343,Thursday,22,12,Winter,0
10023456782,2024-12-12 23:00:00,2024-12-12,23:00:00,1.4129,Thursday,23,12,Winter,0
10023456782,2024-12-13 00:00:00,2024-12-13,00:00:00,0.9904,Friday,0,12,Winter,0
10023456782,2024-12-13 01:00:00,2024-12-13,01:00:00,0.9984,Friday,1,12,Winter,0
10023456782,2024-12-13 02:00:00,2024-12-13,02:00:00,0.9279,Friday,2,12,Winter,0
10023456782,2024-12-13 03:00:00,2024-12-13,03:00:00,0.9475,Friday,3,12,Winter,0
10023456782,2024-12-13 04:00:00,2024-12-13,04:00:00,0.9724,Friday,4,12,Winter,0
10023456782,2024-12-13 05:00:00,2024-12-13,05:00:00,1.1564,Friday,5,12,Winter,0
10023456782,2024-12-13 06:00:00,2024-12-13,06:00:00,2.3883,Friday,6,12,Winter,0
10023456782,2024-12-13 07:00:00,2024-12-13,07:00:00,2.4831,Friday,7,12,Winter,0
10023456782,2024-12-13 08:00:00,2024-12-13,08:00:00,3.3763,Friday,8,12,Winter,0
10023456782,2024-12-13 09:00:00,2024-12-13,09:00:00,3.3043,Friday,9,12,Winter,0
10023456782,2024-12-13 10:00:00,2024-12-13,10:00:00,2.6650,Friday,10,12,Winter,0
10023456782,2024-12-13 11:00:00,2024-12-13,11:00:00,2.9920,Friday,11,12,Winter,0
10023456782,2024-12-13 12:00:00,2024-12-13,12:00:00,2.4287,Friday,12,12,Winter,0
10023456782,2024-12-13 13:00:00,2024-12-13,13:00:00,2.4866,Friday,13,12,Winter,0
10023456782,2024-12-13 14:00:00,2024-12-13,14:00:00,2.8265,Friday,14,12,Winter,0
10023456782,2024-12-13 15:00:00,2024-12-13,15:00:00,2.9475,Friday,15,12,Winter,0
10023456782,2024-12-13 16:00:00,2024-12-13,16:00:00,2.2299,Friday,16,12,Winter,0
10023456782,2024-12-13 17:00:00,2024-12-13,17:00:00,2.7715,Friday,17,12,Winter,0
10023456782,2024-12-13 18:00:00,2024-12-13,18:00:00,3.7658,Friday,18,12,Winter,0
10023456782,2024-12-13 19:00:00,2024-12-13,19:00:00,0.8762,Friday,19,12,Winter,1
10023456782,2024-12-13 20:00:00,2024-12-13,20:00:00,2.8562,Friday,20,12,Winter,0
10023456782,2024-12-13 21:00:00,2024-12-13,21:00:00,2.8415,Friday,21,12,Winter,0
10023456782,2024-12-13 22:00:00,2024-12-13,22:00:00,1.9751,Friday,22,12,Winter,0
10023456782,2024-12-13 23:00:00,2024-12-13,23:00:00,1.2253,Friday,23,12,Winter,0
10023456782,2024-12-14 00:00:00,2024-12-14,00:00:00,0.8097,Saturday,0,12,Winter,0
10023456782,2024-12-14 01:00:00,2024-12-14,01:00:00,0.8152,Saturday,1,12,Winter,0
10023456782,2024-12-14 02:00:00,2024-12-14,02:00:00,0.7977,Saturday,2,12,Winter,0
10023456782,2024-12-14 03:00:00,2024-12-14,03:00:00,0.8474,Saturday,3,12,Winter,0
10023456782,2024-12-14 04:00:00,2024-12-14,04:00:00,0.8707,Saturday,4,12,Winter,0
10023456782,2024-12-14 05:00:00,2024-12-14,05:00:00,0.7553,Saturday,5,12,Winter,0
10023456782,2024-12-14 06:00:00,2024-12-14,06:00:00,1.4794,Saturday,6,12,Winter,0
10023456782,2024-12-14 07:00:00,2024-12-14,07:00:00,1.8313,Saturday,7,12,Winter,0
10023456782,2024-12-14 08:00:00,2024-12-14,08:00:00,1.8538,Saturday,8,12,Winter,0
10023456782,2024-12-14 09:00:00,2024-12-14,09:00:00,1.9881,Saturday,9,12,Winter,0
10023456782,2024-12-14 10:00:00,2024-12-14,10:00:00,1.8850,Saturday,10,12,Winter,0
10023456782,2024-12-14 11:00:00,2024-12-14,11:00:00,2.1117,Saturday,11,12,Winter,0
10023456782,2024-12-14 12:00:00,2024-12-14,12:00:00,2.2099,Saturday,12,12,Winter,0
10023456782,2024-12-14 13:00:00,2024-12-14,13:00:00,2.2242,Saturday,13,12,Winter,0
10023456782,2024-12-14 14:00:00,2024-12-14,14:00:00,2.2614,Saturday,14,12,Winter,0
10023456782,2024-12-14 15:00:00,2024-12-14,15:00:00,2.1074,Saturday,15,12,Winter,0
10023456782,2024-12-14 16:00:00,2024-12-14,16:00:00,2.3398,Saturday,16,12,Winter,0
10023456782,2024-12-14 17:00:00,2024-12-14,17:00:00,2.7218,Saturday,17,12,Winter,0
10023456782,2024-12-14 18:00:00,2024-12-14,18:00:00,2.5304,Saturday,18,12,Winter,0
10023456782,2024-12-14 19:00:00,2024-12-14,19:00:00,2.9817,Saturday,19,12,Winter,0
10023456782,2024-12-14 20:00:00,2024-12-14,20:00:00,2.6996,Saturday,20,12,Winter,0
10023456782,2024-12-14 21:00:00,2024-12-14,21:00:00,1.9632,Saturday,21,12,Winter,0
10023456782,2024-12-14 22:00:00,2024-12-14,22:00:00,1.6065,Saturday,22,12,Winter,0
10023456782,2024-12-14 23:00:00,2024-12-14,23:00:00,1.1306,Saturday,23,12,Winter,0
10023456782,2024-12-15 00:00:00,2024-12-15,00:00:00,1.1191,Sunday,0,12,Winter,0
10023456782,2024-12-15 01:00:00,2024-12-15,01:00:00,0.8036,Sunday,1,12,Winter,0
10023456782,2024-12-15 02:00:00,2024-12-15,02:00:00,0.8642,Sunday,2,12,Winter,0
10023456782,2024-12-15 03:00:00,2024-12-15,03:00:00,1.0248,Sunday,3,12,Winter,0
10023456782,2024-12-15 04:00:00,2024-12-15,04:00:00,0.9330,Sunday,4,12,Winter,0
10023456782,2024-12-15 05:00:00,2024-12-15,05:00:00,0.9972,Sunday,5,12,Winter,0
10023456782,2024-12-15 06:00:00,2024-12-15,06:00:00,1.1256,Sunday,6,12,Winter,0
10023456782,2024-12-15 07:00:00,2024-12-15,07:00:00,1.7928,Sunday,7,12,Winter,0
10023456782,2024-12-15 08:00:00,2024-12-15,08:00:00,2.1848,Sunday,8,12,Winter,0
10023456782,2024-12-15 09:00:00,2024-12-15,09:00:00,2.6716,Sunday,9,12,Winter,0
10023456782,2024-12-15 10:00:00,2024-12-15,10:00:00,2.2020,Sunday,10,12,Winter,0
10023456782,2024-12-15 11:00:00,2024-12-15,11:00:00,2.6457,Sunday,11,12,Winter,0
10023456782,2024-12-15 12:00:00,2024-12-15,12:00:00,2.2382,Sunday,12,12,Winter,0
10023456782,2024-12-15 13:00:00,2024-12-15,13:00:00,1.9408,Sunday,13,12,Winter,0
10023456782,2024-12-15 14:00:00,2024-12-15,14:00:00,1.8630,Sunday,14,12,Winter,0
10023456782,2024-12-15 15:00:00,2024-12-15,15:00:00,2.1017,Sunday,15,12,Winter,0
10023456782,2024-12-15 16:00:00,2024-12-15,16:00:00,2.5878,Sunday,16,12,Winter,0
10023456782,2024-12-15 17:00:00,2024-12-15,17:00:00,2.8900,Sunday,17,12,Winter,0
10023456782,2024-12-15 18:00:00,2024-12-15,18:00:00,2.6908,Sunday,18,12,Winter,0
10023456782,2024-12-15 19:00:00,2024-12-15,19:00:00,2.8459,Sunday,19,12,Winter,0
10023456782,2024-12-15 20:00:00,2024-12-15,20:00:00,2.0011,Sunday,20,12,Winter,0
10023456782,2024-12-15 21:00:00,2024-12-15,21:00:00,2.2104,Sunday,21,12,Winter,0
10023456782,2024-12-15 22:00:00,2024-12-15,22:00:00,1.5823,Sunday,22,12,Winter,0
10023456782,2024-12-15 23:00:00,2024-12-15,23:00:00,1.2047,Sunday,23,12,Winter,0
10023456782,2024-12-16 00:00:00,2024-12-16,00:00:00,1.1687,Monday,0,12,Winter,0
10023456782,2024-12-16 01:00:00,2024-12-16,01:00:00,1.0176,Monday,1,12,Winter,0
10023456782,2024-12-16 02:00:00,2024-12-16,02:00:00,0.8140,Monday,2,12,Winter,0
10023456782,2024-12-16 03:00:00,2024-12-16,03:00:00,0.9675,Monday,3,12,Winter,0
10023456782,2024-12-16 04:00:00,2024-12-16,04:00:00,1.1615,Monday,4,12,Winter,0
10023456782,2024-12-16 05:00:00,2024-12-16,05:00:00,1.6944,Monday,5,12,Winter,0
10023456782,2024-12-16 06:00:00,2024-12-16,06:00:00,2.1949,Monday,6,12,Winter,0
10023456782,2024-12-16 07:00:00,2024-12-16,07:00:00,2.8693,Monday,7,12,Winter,0
10023456782,2024-12-16 08:00:00,2024-12-16,08:00:00,3.6475,Monday,8,12,Winter,0
10023456782,2024-12-16 09:00:00,2024-12-16,09:00:00,3.4390,Monday,9,12,Winter,0
10023456782,2024-12-16 10:00:00,2024-12-16,10:00:00,2.7431,Monday,10,12,Winter,0
10023456782,2024-12-16 11:00:00,2024-12-16,11:00:00,2.3348,Monday,11,12,Winter,0
10023456782,2024-12-16 12:00:00,2024-12-16,12:00:00,2.1990,Monday,12,12,Winter,0
10023456782,2024-12-16 13:00:00,2024-12-16,13:00:00,2.4051,Monday,13,12,Winter,0
10023456782,2024-12-16 14:00:00,2024-12-16,14:00:00,2.6693,Monday,14,12,Winter,0
10023456782,2024-12-16 15:00:00,2024-12-16,15:00:00,2.3989,Monday,15,12,Winter,0
10023456782,2024-12-16 16:00:00,2024-12-16,16:00:00,3.1781,Monday,16,12,Winter,0
10023456782,2024-12-16 17:00:00,2024-12-16,17:00:00,2.9087,Monday,17,12,Winter,0
10023456782,2024-12-16 18:00:00,2024-12-16,18:00:00,3.7527,Monday,18,12,Winter,0
10023456782,2024-12-16 19:00:00,2024-12-16,19:00:00,3.1346,Monday,19,12,Winter,0
10023456782,2024-12-16 20:00:00,2024-12-16,20:00:00,2.9839,Monday,20,12,Winter,0
10023456782,2024-12-16 21:00:00,2024-12-16,21:00:00,2.2966,Monday,21,12,Winter,0
10023456782,2024-12-16 22:00:00,2024-12-16,22:00:00,1.7413,Monday,22,12,Winter,0
10023456782,2024-12-16 23:00:00,2024-12-16,23:00:00,3.8613,Monday,23,12,Winter,1
10023456782,2024-12-17 00:00:00,2024-12-17,00:00:00,1.2157,Tuesday,0,12,Winter,0
10023456782,2024-12-17 01:00:00,2024-12-17,01:00:00,0.9972,Tuesday,1,12,Winter,0
10023456782,2024-12-17 02:00:00,2024-12-17,02:00:00,1.2199,Tuesday,2,12,Winter,0
10023456782,2024-12-17 03:00:00,2024-12-17,03:00:00,1.1737,Tuesday,3,12,Winter,0
10023456782,2024-12-17 04:00:00,2024-12-17,04:00:00,1.3489,Tuesday,4,12,Winter,0
10023456782,2024-12-17 05:00:00,2024-12-17,05:00:00,1.5272,Tuesday,5,12,Winter,0
10023456782,2024-12-17 06:00:00,2024-12-17,06:00:00,2.7129,Tuesday,6,12,Winter,0
10023456782,2024-12-17 07:00:00,2024-12-17,07:00:00,3.8851,Tuesday,7,12,Winter,0
10023456782,2024-12-17 08:00:00,2024-12-17,08:00:00,3.6324,Tuesday,8,12,Winter,0
10023456782,2024-12-17 09:00:00,2024-12-17,09:00:00,3.7378,Tuesday,9,12,Winter,0
10023456782,2024-12-17 10:00:00,2024-12-17,10:00:00,3.1918,Tuesday,10,12,Winter,0
10023456782,2024-12-17 11:00:00,2024-12-17,11:00:00,3.8449,Tuesday,11,12,Winter,0
10023456782,2024-12-17 12:00:00,2024-12-17,12:00:00,2.9616,Tuesday,12,12,Winter,0
10023456782,2024-12-17 13:00:00,2024-12-17,13:00:00,3.2747,Tuesday,13,12,Winter,0
10023456782,2024-12-17 14:00:00,2024-12-17,14:00:00,2.6364,Tuesday,14,12,Winter,0
10023456782,2024-12-17 15:00:00,2024-12-17,15:00:00,3.9214,Tuesday,15,12,Winter,0
10023456782,2024-12-17 16:00:00,2024-12-17,16:00:00,3.1145,Tuesday,16,12,Winter,0
10023456782,2024-12-17 17:00:00,2024-12-17,17:00:00,4.0600,Tuesday,17,12,Winter,0
10023456782,2024-12-17 18:00:00,2024-12-17,18:00:00,3.5646,Tuesday,18,12,Winter,0
10023456782,2024-12-17 19:00:00,2024-12-17,19:00:00,4.6988,Tuesday,19,12,Winter,0
10023456782,2024-12-17 20:00:00,2024-12-17,20:00:00,3.6722,Tuesday,20,12,Winter,0
10023456782,2024-12-17 21:00:00,2024-12-17,21:00:00,3.3712,Tuesday,21,12,Winter,0
10023456782,2024-12-17 22:00:00,2024-12-17,22:00:00,2.7422,Tuesday,22,12,Winter,0
10023456782,2024-12-17 23:00:00,2024-12-17,23:00:00,1.5985,Tuesday,23,12,Winter,0
10023456782,2024-12-18 00:00:00,2024-12-18,00:00:00,2.0764,Wednesday,0,12,Winter,0
10023456782,2024-12-18 01:00:00,2024-12-18,01:00:00,1.6466,Wednesday,1,12,Winter,0
10023456782,2024-12-18 02:00:00,2024-12-18,02:00:00,1.4131,Wednesday,2,12,Winter,0
10023456782,2024-12-18 03:00:00,2024-12-18,03:00:00,1.8980,Wednesday,3,12,Winter,0
10023456782,2024-12-18 04:00:00,2024-12-18,04:00:00,1.8445,Wednesday,4,12,Winter,0
10023456782,2024-12-18 05:00:00,2024-12-18,05:00:00,3.0460,Wednesday,5,12,Winter,0
10023456782,2024-12-18 06:00:00,2024-12-18,06:00:00,4.3419,Wednesday,6,12,Winter,0
10023456782,2024-12-18 07:00:00,2024-12-18,07:00:00,5.6334,Wednesday,7,12,Winter,0
10023456782,2024-12-18 08:00:00,2024-12-18,08:00:00,7.1444,Wednesday,8,12,Winter,0
10023456782,2024-12-18 09:00:00,2024-12-18,09:00:00,7.9010,Wednesday,9,12,Winter,0
10023456782,2024-12-18 10:00:00,2024-12-18,10:00:00,5.7399,Wednesday,10,12,Winter,0
10023456782,2024-12-18 11:00:00,2024-12-18,11:00:00,4.2786,Wednesday,11,12,Winter,0
10023456782,2024-12-18 12:00:00,2024-12-18,12:00:00,5.8575,Wednesday,12,12,Winter,0
10023456782,2024-12-18 13:00:00,2024-12-18,13:00:00,5.5784,Wednesday,13,12,Winter,0
10023456782,2024-12-18 14:00:00,2024-12-18,14:00:00,5.2217,Wednesday,14,12,Winter,0
10023456782,2024-12-18 15:00:00,2024-12-18,15:00:00,5.0603,Wednesday,15,12,Winter,0
10023456782,2024-12-18 16:00:00,2024-12-18,16:00:00,4.6237,Wednesday,16,12,Winter,0
10023456782,2024-12-18 17:00:00,2024-12-18,17:00:00,5.9320,Wednesday,17,12,Winter,0
10023456782,2024-12-18 18:00:00,2024-12-18,18:00:00,5.9682,Wednesday,18,12,Winter,0
10023456782,2024-12-18 19:00:00,2024-12-18,19:00:00,0.3469,Wednesday,19,12,Winter,1
10023456782,2024-12-18 20:00:00,2024-12-18,20:00:00,0.4257,Wednesday,20,12,Winter,1
10023456782,2024-12-18 21:00:00,2024-12-18,21:00:00,4.4239,Wednesday,21,12,Winter,0
10023456782,2024-12-18 22:00:00,2024-12-18,22:00:00,3.0975,Wednesday,22,12,Winter,0
10023456782,2024-12-18 23:00:00,2024-12-18,23:00:00,2.3140,Wednesday,23,12,Winter,0
10023456782,2024-12-19 00:00:00,2024-12-19,00:00:00,1.1838,Thursday,0,12,Winter,0
10023456782,2024-12-19 01:00:00,2024-12-19,01:00:00,1.1722,Thursday,1,12,Winter,0
10023456782,2024-12-19 02:00:00,2024-12-19,02:00:00,1.1887,Thursday,2,12,Winter,0
10023456782,2024-12-19 03:00:00,2024-12-19,03:00:00,0.9462,Thursday,3,12,Winter,0
10023456782,2024-12-19 04:00:00,2024-12-19,04:00:00,1.2075,Thursday,4,12,Winter,0
10023456782,2024-12-19 05:00:00,2024-12-19,05:00:00,1.9012,Thursday,5,12,Winter,0
10023456782,2024-12-19 06:00:00,2024-12-19,06:00:00,2.8172,Thursday,6,12,Winter,0
10023456782,2024-12-19 07:00:00,2024-12-19,07:00:00,3.8284,Thursday,7,12,Winter,0
10023456782,2024-12-19 08:00:00,2024-12-19,08:00:00,4.6306,Thursday,8,12,Winter,0
10023456782,2024-12-19 09:00:00,2024-12-19,09:00:00,4.7952,Thursday,9,12,Winter,0
10023456782,2024-12-19 10:00:00,2024-12-19,10:00:00,3.7239,Thursday,10,12,Winter,0
10023456782,2024-12-19 11:00:00,2024-12-19,11:00:00,3.1599,Thursday,11,12,Winter,0
10023456782,2024-12-19 12:00:00,2024-12-19,12:00:00,3.0573,Thursday,12,12,Winter,0
10023456782,2024-12-19 13:00:00,2024-12-19,13:00:00,3.0832,Thursday,13,12,Winter,0
10023456782,2024-12-19 14:00:00,2024-12-19,14:00:00,3.0290,Thursday,14,12,Winter,0
10023456782,2024-12-19 15:00:00,2024-12-19,15:00:00,3.5461,Thursday,15,12,Winter,0
10023456782,2024-12-19 16:00:00,2024-12-19,16:00:00,20.4871,Thursday,16,12,Winter,1
10023456782,2024-12-19 17:00:00,2024-12-19,17:00:00,4.3129,Thursday,17,12,Winter,0
10023456782,2024-12-19 18:00:00,2024-12-19,18:00:00,4.5409,Thursday,18,12,Winter,0
10023456782,2024-12-19 19:00:00,2024-12-19,19:00:00,3.9102,Thursday,19,12,Winter,0
10023456782,2024-12-19 20:00:00,2024-12-19,20:00:00,3.6559,Thursday,20,12,Winter,0
10023456782,2024-12-19 21:00:00,2024-12-19,21:00:00,3.0378,Thursday,21,12,Winter,0
10023456782,2024-12-19 22:00:00,2024-12-19,22:00:00,2.3620,Thursday,22,12,Winter,0
10023456782,2024-12-19 23:00:00,2024-12-19,23:00:00,1.4987,Thursday,23,12,Winter,0
10023456782,2024-12-20 00:00:00,2024-12-20,00:00:00,1.2362,Friday,0,12,Winter,0
10023456782,2024-12-20 01:00:00,2024-12-20,01:00:00,0.8163,Friday,1,12,Winter,0
10023456782,2024-12-20 02:00:00,2024-12-20,02:00:00,1.0893,Friday,2,12,Winter,0
10023456782,2024-12-20 03:00:00,2024-12-20,03:00:00,0.9624,Friday,3,12,Winter,0
10023456782,2024-12-20 04:00:00,2024-12-20,04:00:00,1.2429,Friday,4,12,Winter,0
10023456782,2024-12-20 05:00:00,2024-12-20,05:00:00,1.8797,Friday,5,12,Winter,0
10023456782,2024-12-20 06:00:00,2024-12-20,06:00:00,2.5786,Friday,6,12,Winter,0
10023456782,2024-12-20 07:00:00,2024-12-20,07:00:00,2.7816,Friday,7,12,Winter,0
10023456782,2024-12-20 08:00:00,2024-12-20,08:00:00,3.4716,Friday,8,12,Winter,0
10023456782,2024-12-20 09:00:00,2024-12-20,09:00:00,4.9291,Friday,9,12,Winter,0
10023456782,2024-12-20 10:00:00,2024-12-20,10:00:00,3.4005,Friday,10,12,Winter,0
10023456782,2024-12-20 11:00:00,2024-12-20,11:00:00,3.6000,Friday,11,12,Winter,0
10023456782,2024-12-20 12:00:00,2024-12-20,12:00:00,2.8097,Friday,12,12,Winter,0
10023456782,2024-12-20 13:00:00,2024-12-20,13:00:00,3.3126,Friday,13,12,Winter,0
10023456782,2024-12-20 14:00:00,2024-12-20,14:00:00,3.3081,Friday,14,12,Winter,0
10023456782,2024-12-20 15:00:00,2024-12-20,15:00:00,2.4818,Friday,15,12,Winter,0
10023456782,2024-12-20 16:00:00,2024-12-20,16:00:00,3.0024,Friday,16,12,Winter,0
10023456782,2024-12-20 17:00:00,2024-12-20,17:00:00,3.8920,Friday,17,12,Winter,0
10023456782,2024-12-20 18:00:00,2024-12-20,18:00:00,3.4224,Friday,18,12,Winter,0
10023456782,2024-12-20 19:00:00,2024-12-20,19:00:00,4.2230,Friday,19,12,Winter,0
10023456782,2024-12-20 20:00:00,2024-12-20,20:00:00,3.0240,Friday,20,12,Winter,0
10023456782,2024-12-20 21:00:00,2024-12-20,21:00:00,2.6713,Friday,21,12,Winter,0
10023456782,2024-12-20 22:00:00,2024-12-20,22:00:00,2.2775,Friday,22,12,Winter,0
10023456782,2024-12-20 23:00:00,2024-12-20,23:00:00,1.2538,Friday,23,12,Winter,0
10023456782,2024-12-21 00:00:00,2024-12-21,00:00:00,1.0718,Saturday,0,12,Winter,0
10023456782,2024-12-21 01:00:00,2024-12-21,01:00:00,1.1271,Saturday,1,12,Winter,0
10023456782,2024-12-21 02:00:00,2024-12-21,02:00:00,1.1216,Saturday,2,12,Winter,0
10023456782,2024-12-21 03:00:00,2024-12-21,03:00:00,0.8049,Saturday,3,12,Winter,0
10023456782,2024-12-21 04:00:00,2024-12-21,04:00:00,1.0692,Saturday,4,12,Winter,0
10023456782,2024-12-21 05:00:00,2024-12-21,05:00:00,1.3700,Saturday,5,12,Winter,0
10023456782,2024-12-21 06:00:00,2024-12-21,06:00:00,1.5700,Saturday,6,12,Winter,0
10023456782,2024-12-21 07:00:00,2024-12-21,07:00:00,2.5226,Saturday,7,12,Winter,0
10023456782,2024-12-21 08:00:00,2024-12-21,08:00:00,0.2110,Saturday,8,12,Winter,1
10023456782,2024-12-21 09:00:00,2024-12-21,09:00:00,2.8325,Saturday,9,12,Winter,0
10023456782,2024-12-21 10:00:00,2024-12-21,10:00:00,2.3462,Saturday,10,12,Winter,0
10023456782,2024-12-21 11:00:00,2024-12-21,11:00:00,2.2742,Saturday,11,12,Winter,0
10023456782,2024-12-21 12:00:00,2024-12-21,12:00:00,2.6662,Saturday,12,12,Winter,0
10023456782,2024-12-21 13:00:00,2024-12-21,13:00:00,2.3374,Saturday,13,12,Winter,0
10023456782,2024-12-21 14:00:00,2024-12-21,14:00:00,2.1224,Saturday,14,12,Winter,0
10023456782,2024-12-21 15:00:00,2024-12-21,15:00:00,2.6552,Saturday,15,12,Winter,0
10023456782,2024-12-21 16:00:00,2024-12-21,16:00:00,2.6888,Saturday,16,12,Winter,0
10023456782,2024-12-21 17:00:00,2024-12-21,17:00:00,2.4114,Saturday,17,12,Winter,0
10023456782,2024-12-21 18:00:00,2024-12-21,18:00:00,8.7922,Saturday,18,12,Winter,1
10023456782,2024-12-21 19:00:00,2024-12-21,19:00:00,3.3747,Saturday,19,12,Winter,0
10023456782,2024-12-21 20:00:00,2024-12-21,20:00:00,3.3336,Saturday,20,12,Winter,0
10023456782,2024-12-21 21:00:00,2024-12-21,21:00:00,2.4391,Saturday,21,12,Winter,0
10023456782,2024-12-21 22:00:00,2024-12-21,22:00:00,1.9704,Saturday,22,12,Winter,0
10023456782,2024-12-21 23:00:00,2024-12-21,23:00:00,1.4529,Saturday,23,12,Winter,0
10023456782,2024-12-22 00:00:00,2024-12-22,00:00:00,0.8978,Sunday,0,12,Winter,0
10023456782,2024-12-22 01:00:00,2024-12-22,01:00:00,0.9063,Sunday,1,12,Winter,0
10023456782,2024-12-22 02:00:00,2024-12-22,02:00:00,0.7709,Sunday,2,12,Winter,0
10023456782,2024-12-22 03:00:00,2024-12-22,03:00:00,0.8106,Sunday,3,12,Winter,0
10023456782,2024-12-22 04:00:00,2024-12-22,04:00:00,0.6309,Sunday,4,12,Winter,0
10023456782,2024-12-22 05:00:00,2024-12-22,05:00:00,0.9454,Sunday,5,12,Winter,0
10023456782,2024-12-22 06:00:00,2024-12-22,06:00:00,1.5532,Sunday,6,12,Winter,0
10023456782,2024-12-22 07:00:00,2024-12-22,07:00:00,1.5709,Sunday,7,12,Winter,0
10023456782,2024-12-22 08:00:00,2024-12-22,08:00:00,1.8648,Sunday,8,12,Winter,0
10023456782,2024-12-22 09:00:00,2024-12-22,09:00:00,2.5573,Sunday,9,12,Winter,0
10023456782,2024-12-22 10:00:00,2024-12-22,10:00:00,1.7695,Sunday,10,12,Winter,0
10023456782,2024-12-22 11:00:00,2024-12-22,11:00:00,1.8756,Sunday,11,12,Winter,0
10023456782,2024-12-22 12:00:00,2024-12-22,12:00:00,1.8918,Sunday,12,12,Winter,0
10023456782,2024-12-22 13:00:00,2024-12-22,13:00:00,1.8599,Sunday,13,12,Winter,0
10023456782,2024-12-22 14:00:00,2024-12-22,14:00:00,1.8746,Sunday,14,12,Winter,0
10023456782,2024-12-22 15:00:00,2024-12-22,15:00:00,2.2208,Sunday,15,12,Winter,0
10023456782,2024-12-22 16:00:00,2024-12-22,16:00:00,2.0732,Sunday,16,12,Winter,0
10023456782,2024-12-22 17:00:00,2024-12-22,17:00:00,2.5570,Sunday,17,12,Winter,0
10023456782,2024-12-22 18:00:00,2024-12-22,18:00:00,2.5517,Sunday,18,12,Winter,0
10023456782,2024-12-22 19:00:00,2024-12-22,19:00:00,2.9661,Sunday,19,12,Winter,0
10023456782,2024-12-22 20:00:00,2024-12-22,20:00:00,2.1553,Sunday,20,12,Winter,0
10023456782,2024-12-22 21:00:00,2024-12-22,21:00:00,1.7222,Sunday,21,12,Winter,0
10023456782,2024-12-22 22:00:00,2024-12-22,22:00:00,1.5763,Sunday,22,12,Winter,0
10023456782,2024-12-22 23:00:00,2024-12-22,23:00:00,1.1031,Sunday,23,12,Winter,0
10023456782,2024-12-23 00:00:00,2024-12-23,00:00:00,1.2958,Monday,0,12,Winter,0
10023456782,2024-12-23 01:00:00,2024-12-23,01:00:00,1.0258,Monday,1,12,Winter,0
10023456782,2024-12-23 02:00:00,2024-12-23,02:00:00,0.9975,Monday,2,12,Winter,0
10023456782,2024-12-23 03:00:00,2024-12-23,03:00:00,1.1283,Monday,3,12,Winter,0
10023456782,2024-12-23 04:00:00,2024-12-23,04:00:00,1.2085,Monday,4,12,Winter,0
10023456782,2024-12-23 05:00:00,2024-12-23,05:00:00,1.6634,Monday,5,12,Winter,0
10023456782,2024-12-23 06:00:00,2024-12-23,06:00:00,2.3639,Monday,6,12,Winter,0
10023456782,2024-12-23 07:00:00,2024-12-23,07:00:00,3.4558,Monday,7,12,Winter,0
10023456782,2024-12-23 08:00:00,2024-12-23,08:00:00,3.5711,Monday,8,12,Winter,0
10023456782,2024-12-23 09:00:00,2024-12-23,09:00:00,3.1280,Monday,9,12,Winter,0
10023456782,2024-12-23 10:00:00,2024-12-23,10:00:00,2.9353,Monday,10,12,Winter,0
10023456782,2024-12-23 11:00:00,2024-12-23,11:00:00,2.4113,Monday,11,12,Winter,0
10023456782,2024-12-23 12:00:00,2024-12-23,12:00:00,3.4182,Monday,12,12,Winter,0
10023456782,2024-12-23 13:00:00,2024-12-23,13:00:00,4.2775,Monday,13,12,Winter,0
10023456782,2024-12-23 14:00:00,2024-12-23,14:00:00,2.6518,Monday,14,12,Winter,0
10023456782,2024-12-23 15:00:00,2024-12-23,15:00:00,3.9534,Monday,15,12,Winter,0
10023456782,2024-12-23 16:00:00,2024-12-23,16:00:00,3.9209,Monday,16,12,Winter,0
10023456782,2024-12-23 17:00:00,2024-12-23,17:00:00,3.9174,Monday,17,12,Winter,0
10023456782,2024-12-23 18:00:00,2024-12-23,18:00:00,4.9723,Monday,18,12,Winter,0
10023456782,2024-12-23 19:00:00,2024-12-23,19:00:00,4.1281,Monday,19,12,Winter,0
10023456782,2024-12-23 20:00:00,2024-12-23,20:00:00,3.2294,Monday,20,12,Winter,0
10023456782,2024-12-23 21:00:00,2024-12-23,21:00:00,7.9302,Monday,21,12,Winter,1
10023456782,2024-12-23 22:00:00,2024-12-23,22:00:00,6.0485,Monday,22,12,Winter,1
10023456782,2024-12-23 23:00:00,2024-12-23,23:00:00,4.0619,Monday,23,12,Winter,1
10023456782,2024-12-24 00:00:00,2024-12-24,00:00:00,2.9740,Tuesday,0,12,Winter,1
10023456782,2024-12-24 01:00:00,2024-12-24,01:00:00,2.4295,Tuesday,1,12,Winter,1
10023456782,2024-12-24 02:00:00,2024-12-24,02:00:00,3.1917,Tuesday,2,12,Winter,1
10023456782,2024-12-24 03:00:00,2024-12-24,03:00:00,0.8632,Tuesday,3,12,Winter,0
10023456782,2024-12-24 04:00:00,2024-12-24,04:00:00,1.0050,Tuesday,4,12,Winter,0
10023456782,2024-12-24 05:00:00,2024-12-24,05:00:00,1.3920,Tuesday,5,12,Winter,0
10023456782,2024-12-24 06:00:00,2024-12-24,06:00:00,1.9055,Tuesday,6,12,Winter,0
10023456782,2024-12-24 07:00:00,2024-12-24,07:00:00,3.1827,Tuesday,7,12,Winter,0
10023456782,2024-12-24 08:00:00,2024-12-24,08:00:00,3.4392,Tuesday,8,12,Winter,0
10023456782,2024-12-24 09:00:00,2024-12-24,09:00:00,3.9752,Tuesday,9,12,Winter,0
10023456782,2024-12-24 10:00:00,2024-12-24,10:00:00,2.5907,Tuesday,10,12,Winter,0
10023456782,2024-12-24 11:00:00,2024-12-24,11:00:00,2.5052,Tuesday,11,12,Winter,0
10023456782,2024-12-24 12:00:00,2024-12-24,12:00:00,2.5175,Tuesday,12,12,Winter,0
10023456782,2024-12-24 13:00:00,2024-12-24,13:00:00,2.8007,Tuesday,13,12,Winter,0
10023456782,2024-12-24 14:00:00,2024-12-24,14:00:00,2.5500,Tuesday,14,12,Winter,0
10023456782,2024-12-24 15:00:00,2024-12-24,15:00:00,3.0111,Tuesday,15,12,Winter,0
10023456782,2024-12-24 16:00:00,2024-12-24,16:00:00,3.6661,Tuesday,16,12,Winter,0
10023456782,2024-12-24 17:00:00,2024-12-24,17:00:00,2.7605,Tuesday,17,12,Winter,0
10023456782,2024-12-24 18:00:00,2024-12-24,18:00:00,3.4361,Tuesday,18,12,Winter,0
10023456782,2024-12-24 19:00:00,2024-12-24,19:00:00,3.7673,Tuesday,19,12,Winter,0
10023456782,2024-12-24 20:00:00,2024-12-24,20:00:00,2.9767,Tuesday,20,12,Winter,0
10023456782,2024-12-24 21:00:00,2024-12-24,21:00:00,2.3556,Tuesday,21,12,Winter,0
10023456782,2024-12-24 22:00:00,2024-12-24,22:00:00,1.5799,Tuesday,22,12,Winter,0
10023456782,2024-12-24 23:00:00,2024-12-24,23:00:00,1.1461,Tuesday,23,12,Winter,0
10023456782,2024-12-25 00:00:00,2024-12-25,00:00:00,1.1478,Wednesday,0,12,Winter,0
10023456782,2024-12-25 01:00:00,2024-12-25,01:00:00,1.0031,Wednesday,1,12,Winter,0
10023456782,2024-12-25 02:00:00,2024-12-25,02:00:00,0.8900,Wednesday,2,12,Winter,0
10023456782,2024-12-25 03:00:00,2024-12-25,03:00:00,1.0967,Wednesday,3,12,Winter,0
10023456782,2024-12-25 04:00:00,2024-12-25,04:00:00,0.8387,Wednesday,4,12,Winter,0
10023456782,2024-12-25 05:00:00,2024-12-25,05:00:00,1.4859,Wednesday,5,12,Winter,0
10023456782,2024-12-25 06:00:00,2024-12-25,06:00:00,2.1748,Wednesday,6,12,Winter,0
10023456782,2024-12-25 07:00:00,2024-12-25,07:00:00,2.7238,Wednesday,7,12,Winter,0
10023456782,2024-12-25 08:00:00,2024-12-25,08:00:00,3.6299,Wednesday,8,12,Winter,0
10023456782,2024-12-25 09:00:00,2024-12-25,09:00:00,0.2580,Wednesday,9,12,Winter,1
10023456782,2024-12-25 10:00:00,2024-12-25,10:00:00,3.5217,Wednesday,10,12,Winter,0
10023456782,2024-12-25 11:00:00,2024-12-25,11:00:00,3.1231,Wednesday,11,12,Winter,0
10023456782,2024-12-25 12:00:00,2024-12-25,12:00:00,2.6411,Wednesday,12,12,Winter,0
10023456782,2024-12-25 13:00:00,2024-12-25,13:00:00,2.9659,Wednesday,13,12,Winter,0
10023456782,2024-12-25 14:00:00,2024-12-25,14:00:00,2.3998,Wednesday,14,12,Winter,0
10023456782,2024-12-25 15:00:00,2024-12-25,15:00:00,3.3451,Wednesday,15,12,Winter,0
10023456782,2024-12-25 16:00:00,2024-12-25,16:00:00,3.8018,Wednesday,16,12,Winter,0
10023456782,2024-12-25 17:00:00,2024-12-25,17:00:00,3.4032,Wednesday,17,12,Winter,0
10023456782,2024-12-25 18:00:00,2024-12-25,18:00:00,3.8442,Wednesday,18,12,Winter,0
10023456782,2024-12-25 19:00:00,2024-12-25,19:00:00,3.4613,Wednesday,19,12,Winter,0
10023456782,2024-12-25 20:00:00,2024-12-25,20:00:00,2.9071,Wednesday,20,12,Winter,0
10023456782,2024-12-25 21:00:00,2024-12-25,21:00:00,2.7743,Wednesday,21,12,Winter,0
10023456782,2024-12-25 22:00:00,2024-12-25,22:00:00,1.4319,Wednesday,22,12,Winter,0
10023456782,2024-12-25 23:00:00,2024-12-25,23:00:00,1.3026,Wednesday,23,12,Winter,0
10023456782,2024-12-26 00:00:00,2024-12-26,00:00:00,1.7469,Thursday,0,12,Winter,0
10023456782,2024-12-26 01:00:00,2024-12-26,01:00:00,1.5733,Thursday,1,12,Winter,0
10023456782,2024-12-26 02:00:00,2024-12-26,02:00:00,1.4200,Thursday,2,12,Winter,0
10023456782,2024-12-26 03:00:00,2024-12-26,03:00:00,1.1486,Thursday,3,12,Winter,0
10023456782,2024-12-26 04:00:00,2024-12-26,04:00:00,1.5843,Thursday,4,12,Winter,0
10023456782,2024-12-26 05:00:00,2024-12-26,05:00:00,2.3888,Thursday,5,12,Winter,0
10023456782,2024-12-26 06:00:00,2024-12-26,06:00:00,3.3914,Thursday,6,12,Winter,0
10023456782,2024-12-26 07:00:00,2024-12-26,07:00:00,4.1387,Thursday,7,12,Winter,0
10023456782,2024-12-26 08:00:00,2024-12-26,08:00:00,5.0103,Thursday,8,12,Winter,0
10023456782,2024-12-26 09:00:00,2024-12-26,09:00:00,6.0453,Thursday,9,12,Winter,0
10023456782,2024-12-26 10:00:00,2024-12-26,10:00:00,5.0312,Thursday,10,12,Winter,0
10023456782,2024-12-26 11:00:00,2024-12-26,11:00:00,5.0836,Thursday,11,12,Winter,0
10023456782,2024-12-26 12:00:00,2024-12-26,12:00:00,4.2055,Thursday,12,12,Winter,0
10023456782,2024-12-26 13:00:00,2024-12-26,13:00:00,4.6430,Thursday,13,12,Winter,0
10023456782,2024-12-26 14:00:00,2024-12-26,14:00:00,4.4737,Thursday,14,12,Winter,0
10023456782,2024-12-26 15:00:00,2024-12-26,15:00:00,3.6204,Thursday,15,12,Winter,0
10023456782,2024-12-26 16:00:00,2024-12-26,16:00:00,5.1114,Thursday,16,12,Winter,0
10023456782,2024-12-26 17:00:00,2024-12-26,17:00:00,6.4074,Thursday,17,12,Winter,0
10023456782,2024-12-26 18:00:00,2024-12-26,18:00:00,5.5197,Thursday,18,12,Winter,0
10023456782,2024-12-26 19:00:00,2024-12-26,19:00:00,5.6335,Thursday,19,12,Winter,0
10023456782,2024-12-26 20:00:00,2024-12-26,20:00:00,4.4931,Thursday,20,12,Winter,0
10023456782,2024-12-26 21:00:00,2024-12-26,21:00:00,3.0714,Thursday,21,12,Winter,0
10023456782,2024-12-26 22:00:00,2024-12-26,22:00:00,3.5406,Thursday,22,12,Winter,0
10023456782,2024-12-26 23:00:00,2024-12-26,23:00:00,2.0308,Thursday,23,12,Winter,0
10023456782,2024-12-27 00:00:00,2024-12-27,00:00:00,2.1661,Friday,0,12,Winter,0
10023456782,2024-12-27 01:00:00,2024-12-27,01:00:00,1.4146,Friday,1,12,Winter,0
10023456782,2024-12-27 02:00:00,2024-12-27,02:00:00,1.6961,Friday,2,12,Winter,0
10023456782,2024-12-27 03:00:00,2024-12-27,03:00:00,1.6306,Friday,3,12,Winter,0
10023456782,2024-12-27 04:00:00,2024-12-27,04:00:00,2.0263,Friday,4,12,Winter,0
10023456782,2024-12-27 05:00:00,2024-12-27,05:00:00,2.6446,Friday,5,12,Winter,0
10023456782,2024-12-27 06:00:00,2024-12-27,06:00:00,3.6646,Friday,6,12,Winter,0
10023456782,2024-12-27 07:00:00,2024-12-27,07:00:00,7.4566,Friday,7,12,Winter,0
10023456782,2024-12-27 08:00:00,2024-12-27,08:00:00,5.5513,Friday,8,12,Winter,0
10023456782,2024-12-27 09:00:00,2024-12-27,09:00:00,5.9522,Friday,9,12,Winter,0
10023456782,2024-12-27 10:00:00,2024-12-27,10:00:00,5.4693,Friday,10,12,Winter,0
10023456782,2024-12-27 11:00:00,2024-12-27,11:00:00,5.1823,Friday,11,12,Winter,0
10023456782,2024-12-27 12:00:00,2024-12-27,12:00:00,5.5266,Friday,12,12,Winter,0
10023456782,2024-12-27 13:00:00,2024-12-27,13:00:00,4.1375,Friday,13,12,Winter,0
10023456782,2024-12-27 14:00:00,2024-12-27,14:00:00,5.1789,Friday,14,12,Winter,0
10023456782,2024-12-27 15:00:00,2024-12-27,15:00:00,4.1916,Friday,15,12,Winter,0
10023456782,2024-12-27 16:00:00,2024-12-27,16:00:00,4.8005,Friday,16,12,Winter,0
10023456782,2024-12-27 17:00:00,2024-12-27,17:00:00,5.9212,Friday,17,12,Winter,0
10023456782,2024-12-27 18:00:00,2024-12-27,18:00:00,6.2040,Friday,18,12,Winter,0
10023456782,2024-12-27 19:00:00,2024-12-27,19:00:00,6.5253,Friday,19,12,Winter,0
10023456782,2024-12-27 20:00:00,2024-12-27,20:00:00,5.7085,Friday,20,12,Winter,0
10023456782,2024-12-27 21:00:00,2024-12-27,21:00:00,4.0610,Friday,21,12,Winter,0
10023456782,2024-12-27 22:00:00,2024-12-27,22:00:00,3.1916,Friday,22,12,Winter,0
10023456782,2024-12-27 23:00:00,2024-12-27,23:00:00,2.5461,Friday,23,12,Winter,0
10023456782,2024-12-28 00:00:00,2024-12-28,00:00:00,2.0636,Saturday,0,12,Winter,0
10023456782,2024-12-28 01:00:00,2024-12-28,01:00:00,1.5825,Saturday,1,12,Winter,0
10023456782,2024-12-28 02:00:00,2024-12-28,02:00:00,1.5388,Saturday,2,12,Winter,0
10023456782,2024-12-28 03:00:00,2024-12-28,03:00:00,1.6165,Saturday,3,12,Winter,0
10023456782,2024-12-28 04:00:00,2024-12-28,04:00:00,1.4336,Saturday,4,12,Winter,0
10023456782,2024-12-28 05:00:00,2024-12-28,05:00:00,2.0923,Saturday,5,12,Winter,0
10023456782,2024-12-28 06:00:00,2024-12-28,06:00:00,3.3553,Saturday,6,12,Winter,0
10023456782,2024-12-28 07:00:00,2024-12-28,07:00:00,4.2186,Saturday,7,12,Winter,0
10023456782,2024-12-28 08:00:00,2024-12-28,08:00:00,3.6819,Saturday,8,12,Winter,0
10023456782,2024-12-28 09:00:00,2024-12-28,09:00:00,4.4441,Saturday,9,12,Winter,0
10023456782,2024-12-28 10:00:00,2024-12-28,10:00:00,4.7605,Saturday,10,12,Winter,0
10023456782,2024-12-28 11:00:00,2024-12-28,11:00:00,5.8523,Saturday,11,12,Winter,0
10023456782,2024-12-28 12:00:00,2024-12-28,12:00:00,4.4664,Saturday,12,12,Winter,0
10023456782,2024-12-28 13:00:00,2024-12-28,13:00:00,3.8817,Saturday,13,12,Winter,0
10023456782,2024-12-28 14:00:00,2024-12-28,14:00:00,4.1456,Saturday,14,12,Winter,0
10023456782,2024-12-28 15:00:00,2024-12-28,15:00:00,4.1677,Saturday,15,12,Winter,0
10023456782,2024-12-28 16:00:00,2024-12-28,16:00:00,4.5372,Saturday,16,12,Winter,0
10023456782,2024-12-28 17:00:00,2024-12-28,17:00:00,4.7477,Saturday,17,12,Winter,0
10023456782,2024-12-28 18:00:00,2024-12-28,18:00:00,5.6962,Saturday,18,12,Winter,0
10023456782,2024-12-28 19:00:00,2024-12-28,19:00:00,5.9677,Saturday,19,12,Winter,0
10023456782,2024-12-28 20:00:00,2024-12-28,20:00:00,4.6415,Saturday,20,12,Winter,0
10023456782,2024-12-28 21:00:00,2024-12-28,21:00:00,3.8035,Saturday,21,12,Winter,0
10023456782,2024-12-28 22:00:00,2024-12-28,22:00:00,2.9964,Saturday,22,12,Winter,0
10023456782,2024-12-28 23:00:00,2024-12-28,23:00:00,2.4715,Saturday,23,12,Winter,0
10023456782,2024-12-29 00:00:00,2024-12-29,00:00:00,1.2385,Sunday,0,12,Winter,0
10023456782,2024-12-29 01:00:00,2024-12-29,01:00:00,1.3338,Sunday,1,12,Winter,0
10023456782,2024-12-29 02:00:00,2024-12-29,02:00:00,1.2261,Sunday,2,12,Winter,0
10023456782,2024-12-29 03:00:00,2024-12-29,03:00:00,1.1203,Sunday,3,12,Winter,0
10023456782,2024-12-29 04:00:00,2024-12-29,04:00:00,1.4600,Sunday,4,12,Winter,0
10023456782,2024-12-29 05:00:00,2024-12-29,05:00:00,1.3769,Sunday,5,12,Winter,0
10023456782,2024-12-29 06:00:00,2024-12-29,06:00:00,2.1962,Sunday,6,12,Winter,0
10023456782,2024-12-29 07:00:00,2024-12-29,07:00:00,2.3198,Sunday,7,12,Winter,0
10023456782,2024-12-29 08:00:00,2024-12-29,08:00:00,3.2247,Sunday,8,12,Winter,0
10023456782,2024-12-29 09:00:00,2024-12-29,09:00:00,3.2139,Sunday,9,12,Winter,0
10023456782,2024-12-29 10:00:00,2024-12-29,10:00:00,2.6209,Sunday,10,12,Winter,0
10023456782,2024-12-29 11:00:00,2024-12-29,11:00:00,2.7931,Sunday,11,12,Winter,0
10023456782,2024-12-29 12:00:00,2024-12-29,12:00:00,3.0608,Sunday,12,12,Winter,0
10023456782,2024-12-29 13:00:00,2024-12-29,13:00:00,3.0746,Sunday,13,12,Winter,0
10023456782,2024-12-29 14:00:00,2024-12-29,14:00:00,2.9715,Sunday,14,12,Winter,0
10023456782,2024-12-29 15:00:00,2024-12-29,15:00:00,2.7554,Sunday,15,12,Winter,0
10023456782,2024-12-29 16:00:00,2024-12-29,16:00:00,2.7086,Sunday,16,12,Winter,0
10023456782,2024-12-29 17:00:00,2024-12-29,17:00:00,3.7917,Sunday,17,12,Winter,0
10023456782,2024-12-29 18:00:00,2024-12-29,18:00:00,4.9551,Sunday,18,12,Winter,0
10023456782,2024-12-29 19:00:00,2024-12-29,19:00:00,4.0127,Sunday,19,12,Winter,0
10023456782,2024-12-29 20:00:00,2024-12-29,20:00:00,4.4180,Sunday,20,12,Winter,0
10023456782,2024-12-29 21:00:00,2024-12-29,21:00:00,3.0723,Sunday,21,12,Winter,0
10023456782,2024-12-29 22:00:00,2024-12-29,22:00:00,2.1784,Sunday,22,12,Winter,0
10023456782,2024-12-29 23:00:00,2024-12-29,23:00:00,1.8709,Sunday,23,12,Winter,0
10023456782,2024-12-30 00:00:00,2024-12-30,00:00:00,1.2376,Monday,0,12,Winter,0
10023456782,2024-12-30 01:00:00,2024-12-30,01:00:00,1.2295,Monday,1,12,Winter,0
10023456782,2024-12-30 02:00:00,2024-12-30,02:00:00,1.0942,Monday,2,12,Winter,0
10023456782,2024-12-30 03:00:00,2024-12-30,03:00:00,1.0068,Monday,3,12,Winter,0
10023456782,2024-12-30 04:00:00,2024-12-30,04:00:00,1.3312,Monday,4,12,Winter,0
10023456782,2024-12-30 05:00:00,2024-12-30,05:00:00,2.0934,Monday,5,12,Winter,0
10023456782,2024-12-30 06:00:00,2024-12-30,06:00:00,2.7651,Monday,6,12,Winter,0
10023456782,2024-12-30 07:00:00,2024-12-30,07:00:00,3.6589,Monday,7,12,Winter,0
10023456782,2024-12-30 08:00:00,2024-12-30,08:00:00,4.9788,Monday,8,12,Winter,0
10023456782,2024-12-30 09:00:00,2024-12-30,09:00:00,4.9766,Monday,9,12,Winter,0
10023456782,2024-12-30 10:00:00,2024-12-30,10:00:00,4.0914,Monday,10,12,Winter,0
10023456782,2024-12-30 11:00:00,2024-12-30,11:00:00,3.6643,Monday,11,12,Winter,0
10023456782,2024-12-30 12:00:00,2024-12-30,12:00:00,3.9838,Monday,12,12,Winter,0
10023456782,2024-12-30 13:00:00,2024-12-30,13:00:00,6.5783,Monday,13,12,Winter,1
10023456782,2024-12-30 14:00:00,2024-12-30,14:00:00,7.5477,Monday,14,12,Winter,1
10023456782,2024-12-30 15:00:00,2024-12-30,15:00:00,8.2170,Monday,15,12,Winter,1
10023456782,2024-12-30 16:00:00,2024-12-30,16:00:00,8.2130,Monday,16,12,Winter,1
10023456782,2024-12-30 17:00:00,2024-12-30,17:00:00,4.7070,Monday,17,12,Winter,0
10023456782,2024-12-30 18:00:00,2024-12-30,18:00:00,5.2584,Monday,18,12,Winter,0
10023456782,2024-12-30 19:00:00,2024-12-30,19:00:00,4.0248,Monday,19,12,Winter,0
10023456782,2024-12-30 20:00:00,2024-12-30,20:00:00,4.2088,Monday,20,12,Winter,0
10023456782,2024-12-30 21:00:00,2024-12-30,21:00:00,3.3039,Monday,21,12,Winter,0
10023456782,2024-12-30 22:00:00,2024-12-30,22:00:00,2.4588,Monday,22,12,Winter,0
10023456782,2024-12-30 23:00:00,2024-12-30,23:00:00,2.0495,Monday,23,12,Winter,0
10023456782,2024-12-31 00:00:00,2024-12-31,00:00:00,1.5543,Tuesday,0,12,Winter,0
10023456782,2024-12-31 01:00:00,2024-12-31,01:00:00,1.6957,Tuesday,1,12,Winter,0
10023456782,2024-12-31 02:00:00,2024-12-31,02:00:00,1.5336,Tuesday,2,12,Winter,0
10023456782,2024-12-31 03:00:00,2024-12-31,03:00:00,1.3495,Tuesday,3,12,Winter,0
10023456782,2024-12-31 04:00:00,2024-12-31,04:00:00,2.1144,Tuesday,4,12,Winter,0
10023456782,2024-12-31 05:00:00,2024-12-31,05:00:00,2.3030,Tuesday,5,12,Winter,0
10023456782,2024-12-31 06:00:00,2024-12-31,06:00:00,3.6010,Tuesday,6,12,Winter,0
10023456782,2024-12-31 07:00:00,2024-12-31,07:00:00,5.2044,Tuesday,7,12,Winter,0
10023456782,2024-12-31 08:00:00,2024-12-31,08:00:00,5.7974,Tuesday,8,12,Winter,0
10023456782,2024-12-31 09:00:00,2024-12-31,09:00:00,6.9269,Tuesday,9,12,Winter,0
10023456782,2024-12-31 10:00:00,2024-12-31,10:00:00,5.5372,Tuesday,10,12,Winter,0
10023456782,2024-12-31 11:00:00,2024-12-31,11:00:00,5.6009,Tuesday,11,12,Winter,0
10023456782,2024-12-31 12:00:00,2024-12-31,12:00:00,4.1640,Tuesday,12,12,Winter,0
10023456782,2024-12-31 13:00:00,2024-12-31,13:00:00,5.0925,Tuesday,13,12,Winter,0
10023456782,2024-12-31 14:00:00,2024-12-31,14:00:00,5.3632,Tuesday,14,12,Winter,0
10023456782,2024-12-31 15:00:00,2024-12-31,15:00:00,4.9622,Tuesday,15,12,Winter,0
10023456782,2024-12-31 16:00:00,2024-12-31,16:00:00,5.6608,Tuesday,16,12,Winter,0
10023456782,2024-12-31 17:00:00,2024-12-31,17:00:00,6.2524,Tuesday,17,12,Winter,0
10023456782,2024-12-31 18:00:00,2024-12-31,18:00:00,6.6567,Tuesday,18,12,Winter,0
10023456782,2024-12-31 19:00:00,2024-12-31,19:00:00,6.5115,Tuesday,19,12,Winter,0
10023456782,2024-12-31 20:00:00,2024-12-31,20:00:00,4.5681,Tuesday,20,12,Winter,0
10023456782,2024-12-31 21:00:00,2024-12-31,21:00:00,4.4472,Tuesday,21,12,Winter,0
10023456782,2024-12-31 22:00:00,2024-12-31,22:00:00,3.0519,Tuesday,22,12,Winter,0
10023456782,2024-12-31 23:00:00,2024-12-31,23:00:00,1.8885,Tuesday,23,12,Winter,0
