consumer_number,timestamp,date,time,consumption_kwh,day_of_week,hour,month,season,ground_truth_anomaly
10023456781,2024-01-01 00:00:00,2024-01-01,00:00:00,0.3151,Monday,0,1,Winter,0
10023456781,2024-01-01 01:00:00,2024-01-01,01:00:00,0.2871,Monday,1,1,Winter,0
10023456781,2024-01-01 02:00:00,2024-01-01,02:00:00,0.2742,Monday,2,1,Winter,0
10023456781,2024-01-01 03:00:00,2024-01-01,03:00:00,0.2705,Monday,3,1,Winter,0
10023456781,2024-01-01 04:00:00,2024-01-01,04:00:00,0.2633,Monday,4,1,Winter,0
10023456781,2024-01-01 05:00:00,2024-01-01,05:00:00,0.4804,Monday,5,1,Winter,0
10023456781,2024-01-01 06:00:00,2024-01-01,06:00:00,0.7867,Monday,6,1,Winter,0
10023456781,2024-01-01 07:00:00,2024-01-01,07:00:00,1.0864,Monday,7,1,Winter,0
10023456781,2024-01-01 08:00:00,2024-01-01,08:00:00,1.3921,Monday,8,1,Winter,0
10023456781,2024-01-01 09:00:00,2024-01-01,09:00:00,1.0075,Monday,9,1,Winter,0
10023456781,2024-01-01 10:00:00,2024-01-01,10:00:00,0.7537,Monday,10,1,Winter,0
10023456781,2024-01-01 11:00:00,2024-01-01,11:00:00,0.7244,Monday,11,1,Winter,0
10023456781,2024-01-01 12:00:00,2024-01-01,12:00:00,0.6668,Monday,12,1,Winter,0
10023456781,2024-01-01 13:00:00,2024-01-01,13:00:00,0.6841,Monday,13,1,Winter,0
10023456781,2024-01-01 14:00:00,2024-01-01,14:00:00,0.6643,Monday,14,1,Winter,0
10023456781,2024-01-01 15:00:00,2024-01-01,15:00:00,0.8306,Monday,15,1,Winter,0
10023456781,2024-01-01 16:00:00,2024-01-01,16:00:00,0.7471,Monday,16,1,Winter,0
10023456781,2024-01-01 17:00:00,2024-01-01,17:00:00,1.0899,Monday,17,1,Winter,0
10023456781,2024-01-01 18:00:00,2024-01-01,18:00:00,1.3911,Monday,18,1,Winter,0
10023456781,2024-01-01 19:00:00,2024-01-01,19:00:00,1.8099,Monday,19,1,Winter,0
10023456781,2024-01-01 20:00:00,2024-01-01,20:00:00,1.4965,Monday,20,1,Winter,0
10023456781,2024-01-01 21:00:00,2024-01-01,21:00:00,1.4645,Monday,21,1,Winter,0
10023456781,2024-01-01 22:00:00,2024-01-01,22:00:00,1.0477,Monday,22,1,Winter,0
10023456781,2024-01-01 23:00:00,2024-01-01,23:00:00,0.5748,Monday,23,1,Winter,0
10023456781,2024-01-02 00:00:00,2024-01-02,00:00:00,0.3781,Tuesday,0,1,Winter,0
10023456781,2024-01-02 01:00:00,2024-01-02,01:00:00,0.2313,Tuesday,1,1,Winter,0
10023456781,2024-01-02 02:00:00,2024-01-02,02:00:00,0.3255,Tuesday,2,1,Winter,0
10023456781,2024-01-02 03:00:00,2024-01-02,03:00:00,0.2963,Tuesday,3,1,Winter,0
10023456781,2024-01-02 04:00:00,2024-01-02,04:00:00,0.2927,Tuesday,4,1,Winter,0
10023456781,2024-01-02 05:00:00,2024-01-02,05:00:00,0.4967,Tuesday,5,1,Winter,0
10023456781,2024-01-02 06:00:00,2024-01-02,06:00:00,0.7330,Tuesday,6,1,Winter,0
10023456781,2024-01-02 07:00:00,2024-01-02,07:00:00,0.9769,Tuesday,7,1,Winter,0
10023456781,2024-01-02 08:00:00,2024-01-02,08:00:00,1.3120,Tuesday,8,1,Winter,0
10023456781,2024-01-02 09:00:00,2024-01-02,09:00:00,0.8519,Tuesday,9,1,Winter,0
10023456781,2024-01-02 10:00:00,2024-01-02,10:00:00,0.9019,Tuesday,10,1,Winter,0
10023456781,2024-01-02 11:00:00,2024-01-02,11:00:00,0.6616,Tuesday,11,1,Winter,0
10023456781,2024-01-02 12:00:00,2024-01-02,12:00:00,0.8650,Tuesday,12,1,Winter,0
10023456781,2024-01-02 13:00:00,2024-01-02,13:00:00,0.0787,Tuesday,13,1,Winter,1
10023456781,2024-01-02 14:00:00,2024-01-02,14:00:00,0.8325,Tuesday,14,1,Winter,0
10023456781,2024-01-02 15:00:00,2024-01-02,15:00:00,0.8570,Tuesday,15,1,Winter,0
10023456781,2024-01-02 16:00:00,2024-01-02,16:00:00,0.9136,Tuesday,16,1,Winter,0
10023456781,2024-01-02 17:00:00,2024-01-02,17:00:00,1.2326,Tuesday,17,1,Winter,0
10023456781,2024-01-02 18:00:00,2024-01-02,18:00:00,1.4925,Tuesday,18,1,Winter,0
10023456781,2024-01-02 19:00:00,2024-01-02,19:00:00,1.8602,Tuesday,19,1,Winter,0
10023456781,2024-01-02 20:00:00,2024-01-02,20:00:00,1.7434,Tuesday,20,1,Winter,0
10023456781,2024-01-02 21:00:00,2024-01-02,21:00:00,1.1532,Tuesday,21,1,Winter,0
10023456781,2024-01-02 22:00:00,2024-01-02,22:00:00,0.7288,Tuesday,22,1,Winter,0
10023456781,2024-01-02 23:00:00,2024-01-02,23:00:00,0.8020,Tuesday,23,1,Winter,0
10023456781,2024-01-03 00:00:00,2024-01-03,00:00:00,0.2699,Wednesday,0,1,Winter,0
10023456781,2024-01-03 01:00:00,2024-01-03,01:00:00,0.2681,Wednesday,1,1,Winter,0
10023456781,2024-01-03 02:00:00,2024-01-03,02:00:00,0.2336,Wednesday,2,1,Winter,0
10023456781,2024-01-03 03:00:00,2024-01-03,03:00:00,0.2465,Wednesday,3,1,Winter,0
10023456781,2024-01-03 04:00:00,2024-01-03,04:00:00,0.3118,Wednesday,4,1,Winter,0
10023456781,2024-01-03 05:00:00,2024-01-03,05:00:00,0.5233,Wednesday,5,1,Winter,0
10023456781,2024-01-03 06:00:00,2024-01-03,06:00:00,0.8137,Wednesday,6,1,Winter,0
10023456781,2024-01-03 07:00:00,2024-01-03,07:00:00,0.9153,Wednesday,7,1,Winter,0
10023456781,2024-01-03 08:00:00,2024-01-03,08:00:00,0.0842,Wednesday,8,1,Winter,1
10023456781,2024-01-03 09:00:00,2024-01-03,09:00:00,1.0223,Wednesday,9,1,Winter,0
10023456781,2024-01-03 10:00:00,2024-01-03,10:00:00,0.9915,Wednesday,10,1,Winter,0
10023456781,2024-01-03 11:00:00,2024-01-03,11:00:00,0.7240,Wednesday,11,1,Winter,0
10023456781,2024-01-03 12:00:00,2024-01-03,12:00:00,0.6127,Wednesday,12,1,Winter,0
10023456781,2024-01-03 13:00:00,2024-01-03,13:00:00,0.9002,Wednesday,13,1,Winter,0
10023456781,2024-01-03 14:00:00,2024-01-03,14:00:00,0.8937,Wednesday,14,1,Winter,0
10023456781,2024-01-03 15:00:00,2024-01-03,15:00:00,0.9609,Wednesday,15,1,Winter,0
10023456781,2024-01-03 16:00:00,2024-01-03,16:00:00,0.9650,Wednesday,16,1,Winter,0
10023456781,2024-01-03 17:00:00,2024-01-03,17:00:00,0.9768,Wednesday,17,1,Winter,0
10023456781,2024-01-03 18:00:00,2024-01-03,18:00:00,1.3023,Wednesday,18,1,Winter,0
10023456781,2024-01-03 19:00:00,2024-01-03,19:00:00,1.5513,Wednesday,19,1,Winter,0
10023456781,2024-01-03 20:00:00,2024-01-03,20:00:00,1.6340,Wednesday,20,1,Winter,0
10023456781,2024-01-03 21:00:00,2024-01-03,21:00:00,1.3267,Wednesday,21,1,Winter,0
10023456781,2024-01-03 22:00:00,2024-01-03,22:00:00,1.0546,Wednesday,22,1,Winter,0
10023456781,2024-01-03 23:00:00,2024-01-03,23:00:00,0.5003,Wednesday,23,1,Winter,0
10023456781,2024-01-04 00:00:00,2024-01-04,00:00:00,0.3257,Thursday,0,1,Winter,0
10023456781,2024-01-04 01:00:00,2024-01-04,01:00:00,0.3083,Thursday,1,1,Winter,0
10023456781,2024-01-04 02:00:00,2024-01-04,02:00:00,0.2666,Thursday,2,1,Winter,0
10023456781,2024-01-04 03:00:00,2024-01-04,03:00:00,0.2129,Thursday,3,1,Winter,0
10023456781,2024-01-04 04:00:00,2024-01-04,04:00:00,0.4308,Thursday,4,1,Winter,0
10023456781,2024-01-04 05:00:00,2024-01-04,05:00:00,0.3975,Thursday,5,1,Winter,0
10023456781,2024-01-04 06:00:00,2024-01-04,06:00:00,0.7098,Thursday,6,1,Winter,0
10023456781,2024-01-04 07:00:00,2024-01-04,07:00:00,1.1199,Thursday,7,1,Winter,0
10023456781,2024-01-04 08:00:00,2024-01-04,08:00:00,1.0738,Thursday,8,1,Winter,0
10023456781,2024-01-04 09:00:00,2024-01-04,09:00:00,1.1319,Thursday,9,1,Winter,0
10023456781,2024-01-04 10:00:00,2024-01-04,10:00:00,0.9040,Thursday,10,1,Winter,0
10023456781,2024-01-04 11:00:00,2024-01-04,11:00:00,0.8257,Thursday,11,1,Winter,0
10023456781,2024-01-04 12:00:00,2024-01-04,12:00:00,0.6962,Thursday,12,1,Winter,0
10023456781,2024-01-04 13:00:00,2024-01-04,13:00:00,0.7052,Thursday,13,1,Winter,0
10023456781,2024-01-04 14:00:00,2024-01-04,14:00:00,0.7653,Thursday,14,1,Winter,0
10023456781,2024-01-04 15:00:00,2024-01-04,15:00:00,0.7768,Thursday,15,1,Winter,0
10023456781,2024-01-04 16:00:00,2024-01-04,16:00:00,0.9534,Thursday,16,1,Winter,0
10023456781,2024-01-04 17:00:00,2024-01-04,17:00:00,1.2339,Thursday,17,1,Winter,0
10023456781,2024-01-04 18:00:00,2024-01-04,18:00:00,1.4921,Thursday,18,1,Winter,0
10023456781,2024-01-04 19:00:00,2024-01-04,19:00:00,1.6515,Thursday,19,1,Winter,0
10023456781,2024-01-04 20:00:00,2024-01-04,20:00:00,1.8861,Thursday,20,1,Winter,0
10023456781,2024-01-04 21:00:00,2024-01-04,21:00:00,1.5781,Thursday,21,1,Winter,0
10023456781,2024-01-04 22:00:00,2024-01-04,22:00:00,1.1578,Thursday,22,1,Winter,0
10023456781,2024-01-04 23:00:00,2024-01-04,23:00:00,0.6434,Thursday,23,1,Winter,0
10023456781,2024-01-05 00:00:00,2024-01-05,00:00:00,0.3907,Friday,0,1,Winter,0
10023456781,2024-01-05 01:00:00,2024-01-05,01:00:00,0.3570,Friday,1,1,Winter,0
10023456781,2024-01-05 02:00:00,2024-01-05,02:00:00,0.2657,Friday,2,1,Winter,0
10023456781,2024-01-05 03:00:00,2024-01-05,03:00:00,0.2292,Friday,3,1,Winter,0
10023456781,2024-01-05 04:00:00,2024-01-05,04:00:00,0.3228,Friday,4,1,Winter,0
10023456781,2024-01-05 05:00:00,2024-01-05,05:00:00,0.4322,Friday,5,1,Winter,0
10023456781,2024-01-05 06:00:00,2024-01-05,06:00:00,0.7684,Friday,6,1,Winter,0
10023456781,2024-01-05 07:00:00,2024-01-05,07:00:00,1.0835,Friday,7,1,Winter,0
10023456781,2024-01-05 08:00:00,2024-01-05,08:00:00,1.2483,Friday,8,1,Winter,0
10023456781,2024-01-05 09:00:00,2024-01-05,09:00:00,1.0876,Friday,9,1,Winter,0
10023456781,2024-01-05 10:00:00,2024-01-05,10:00:00,0.7455,Friday,10,1,Winter,0
10023456781,2024-01-05 11:00:00,2024-01-05,11:00:00,0.6756,Friday,11,1,Winter,0
10023456781,2024-01-05 12:00:00,2024-01-05,12:00:00,0.7713,Friday,12,1,Winter,0
10023456781,2024-01-05 13:00:00,2024-01-05,13:00:00,0.8850,Friday,13,1,Winter,0
10023456781,2024-01-05 14:00:00,2024-01-05,14:00:00,0.0668,Friday,14,1,Winter,1
10023456781,2024-01-05 15:00:00,2024-01-05,15:00:00,0.6884,Friday,15,1,Winter,0
10023456781,2024-01-05 16:00:00,2024-01-05,16:00:00,0.9460,Friday,16,1,Winter,0
10023456781,2024-01-05 17:00:00,2024-01-05,17:00:00,1.1544,Friday,17,1,Winter,0
10023456781,2024-01-05 18:00:00,2024-01-05,18:00:00,1.6729,Friday,18,1,Winter,0
10023456781,2024-01-05 19:00:00,2024-01-05,19:00:00,1.6997,Friday,19,1,Winter,0
10023456781,2024-01-05 20:00:00,2024-01-05,20:00:00,1.7121,Friday,20,1,Winter,0
10023456781,2024-01-05 21:00:00,2024-01-05,21:00:00,1.6271,Friday,21,1,Winter,0
10023456781,2024-01-05 22:00:00,2024-01-05,22:00:00,1.0893,Friday,22,1,Winter,0
10023456781,2024-01-05 23:00:00,2024-01-05,23:00:00,0.6120,Friday,23,1,Winter,0
10023456781,2024-01-06 00:00:00,2024-01-06,00:00:00,0.3674,Saturday,0,1,Winter,0
10023456781,2024-01-06 01:00:00,2024-01-06,01:00:00,0.3415,Saturday,1,1,Winter,0
10023456781,2024-01-06 02:00:00,2024-01-06,02:00:00,0.3255,Saturday,2,1,Winter,0
10023456781,2024-01-06 03:00:00,2024-01-06,03:00:00,0.2092,Saturday,3,1,Winter,0
10023456781,2024-01-06 04:00:00,2024-01-06,04:00:00,0.2855,Saturday,4,1,Winter,0
10023456781,2024-01-06 05:00:00,2024-01-06,05:00:00,0.3776,Saturday,5,1,Winter,0
10023456781,2024-01-06 06:00:00,2024-01-06,06:00:00,0.6038,Saturday,6,1,Winter,0
10023456781,2024-01-06 07:00:00,2024-01-06,07:00:00,1.0918,Saturday,7,1,Winter,0
10023456781,2024-01-06 08:00:00,2024-01-06,08:00:00,1.0873,Saturday,8,1,Winter,0
10023456781,2024-01-06 09:00:00,2024-01-06,09:00:00,1.4478,Saturday,9,1,Winter,0
10023456781,2024-01-06 10:00:00,2024-01-06,10:00:00,1.2326,Saturday,10,1,Winter,0
10023456781,2024-01-06 11:00:00,2024-01-06,11:00:00,1.3924,Saturday,11,1,Winter,0
10023456781,2024-01-06 12:00:00,2024-01-06,12:00:00,0.8348,Saturday,12,1,Winter,0
10023456781,2024-01-06 13:00:00,2024-01-06,13:00:00,0.9370,Saturday,13,1,Winter,0
10023456781,2024-01-06 14:00:00,2024-01-06,14:00:00,1.0237,Saturday,14,1,Winter,0
10023456781,2024-01-06 15:00:00,2024-01-06,15:00:00,1.0150,Saturday,15,1,Winter,0
10023456781,2024-01-06 16:00:00,2024-01-06,16:00:00,1.1573,Saturday,16,1,Winter,0
10023456781,2024-01-06 17:00:00,2024-01-06,17:00:00,1.1343,Saturday,17,1,Winter,0
10023456781,2024-01-06 18:00:00,2024-01-06,18:00:00,1.6245,Saturday,18,1,Winter,0
10023456781,2024-01-06 19:00:00,2024-01-06,19:00:00,1.6791,Saturday,19,1,Winter,0
10023456781,2024-01-06 20:00:00,2024-01-06,20:00:00,2.1267,Saturday,20,1,Winter,0
10023456781,2024-01-06 21:00:00,2024-01-06,21:00:00,1.6031,Saturday,21,1,Winter,0
10023456781,2024-01-06 22:00:00,2024-01-06,22:00:00,1.2480,Saturday,22,1,Winter,0
10023456781,2024-01-06 23:00:00,2024-01-06,23:00:00,0.7858,Saturday,23,1,Winter,0
10023456781,2024-01-07 00:00:00,2024-01-07,00:00:00,0.5578,Sunday,0,1,Winter,0
10023456781,2024-01-07 01:00:00,2024-01-07,01:00:00,0.4582,Sunday,1,1,Winter,0
10023456781,2024-01-07 02:00:00,2024-01-07,02:00:00,0.4262,Sunday,2,1,Winter,0
10023456781,2024-01-07 03:00:00,2024-01-07,03:00:00,0.3480,Sunday,3,1,Winter,0
10023456781,2024-01-07 04:00:00,2024-01-07,04:00:00,0.4414,Sunday,4,1,Winter,0
10023456781,2024-01-07 05:00:00,2024-01-07,05:00:00,0.5445,Sunday,5,1,Winter,0
10023456781,2024-01-07 06:00:00,2024-01-07,06:00:00,0.6434,Sunday,6,1,Winter,0
10023456781,2024-01-07 07:00:00,2024-01-07,07:00:00,1.0009,Sunday,7,1,Winter,0
10023456781,2024-01-07 08:00:00,2024-01-07,08:00:00,1.5205,Sunday,8,1,Winter,0
10023456781,2024-01-07 09:00:00,2024-01-07,09:00:00,1.6347,Sunday,9,1,Winter,0
10023456781,2024-01-07 10:00:00,2024-01-07,10:00:00,1.3966,Sunday,10,1,Winter,0
10023456781,2024-01-07 11:00:00,2024-01-07,11:00:00,1.3770,Sunday,11,1,Winter,0
10023456781,2024-01-07 12:00:00,2024-01-07,12:00:00,1.3514,Sunday,12,1,Winter,0
10023456781,2024-01-07 13:00:00,2024-01-07,13:00:00,1.2350,Sunday,13,1,Winter,0
10023456781,2024-01-07 14:00:00,2024-01-07,14:00:00,1.1206,Sunday,14,1,Winter,0
10023456781,2024-01-07 15:00:00,2024-01-07,15:00:00,4.8904,Sunday,15,1,Winter,1
10023456781,2024-01-07 16:00:00,2024-01-07,16:00:00,1.3332,Sunday,16,1,Winter,0
10023456781,2024-01-07 17:00:00,2024-01-07,17:00:00,1.5817,Sunday,17,1,Winter,0
10023456781,2024-01-07 18:00:00,2024-01-07,18:00:00,2.1131,Sunday,18,1,Winter,0
10023456781,2024-01-07 19:00:00,2024-01-07,19:00:00,2.4802,Sunday,19,1,Winter,0
10023456781,2024-01-07 20:00:00,2024-01-07,20:00:00,2.3934,Sunday,20,1,Winter,0
10023456781,2024-01-07 21:00:00,2024-01-07,21:00:00,1.8898,Sunday,21,1,Winter,0
10023456781,2024-01-07 22:00:00,2024-01-07,22:00:00,1.4020,Sunday,22,1,Winter,0
10023456781,2024-01-07 23:00:00,2024-01-07,23:00:00,0.9389,Sunday,23,1,Winter,0
10023456781,2024-01-08 00:00:00,2024-01-08,00:00:00,0.4672,Monday,0,1,Winter,0
10023456781,2024-01-08 01:00:00,2024-01-08,01:00:00,0.4635,Monday,1,1,Winter,0
10023456781,2024-01-08 02:00:00,2024-01-08,02:00:00,0.3661,Monday,2,1,Winter,0
10023456781,2024-01-08 03:00:00,2024-01-08,03:00:00,0.3813,Monday,3,1,Winter,0
10023456781,2024-01-08 04:00:00,2024-01-08,04:00:00,0.4467,Monday,4,1,Winter,0
10023456781,2024-01-08 05:00:00,2024-01-08,05:00:00,0.5245,Monday,5,1,Winter,0
10023456781,2024-01-08 06:00:00,2024-01-08,06:00:00,1.0396,Monday,6,1,Winter,0
10023456781,2024-01-08 07:00:00,2024-01-08,07:00:00,1.4963,Monday,7,1,Winter,0
10023456781,2024-01-08 08:00:00,2024-01-08,08:00:00,1.7682,Monday,8,1,Winter,0
10023456781,2024-01-08 09:00:00,2024-01-08,09:00:00,1.4777,Monday,9,1,Winter,0
10023456781,2024-01-08 10:00:00,2024-01-08,10:00:00,2.4755,Monday,10,1,Winter,1
10023456781,2024-01-08 11:00:00,2024-01-08,11:00:00,0.8667,Monday,11,1,Winter,0
10023456781,2024-01-08 12:00:00,2024-01-08,12:00:00,0.9253,Monday,12,1,Winter,0
10023456781,2024-01-08 13:00:00,2024-01-08,13:00:00,0.9681,Monday,13,1,Winter,0
10023456781,2024-01-08 14:00:00,2024-01-08,14:00:00,0.9527,Monday,14,1,Winter,0
10023456781,2024-01-08 15:00:00,2024-01-08,15:00:00,1.0271,Monday,15,1,Winter,0
10023456781,2024-01-08 16:00:00,2024-01-08,16:00:00,1.2065,Monday,16,1,Winter,0
10023456781,2024-01-08 17:00:00,2024-01-08,17:00:00,1.7191,Monday,17,1,Winter,0
10023456781,2024-01-08 18:00:00,2024-01-08,18:00:00,1.9743,Monday,18,1,Winter,0
10023456781,2024-01-08 19:00:00,2024-01-08,19:00:00,2.2447,Monday,19,1,Winter,0
10023456781,2024-01-08 20:00:00,2024-01-08,20:00:00,2.3036,Monday,20,1,Winter,0
10023456781,2024-01-08 21:00:00,2024-01-08,21:00:00,1.8138,Monday,21,1,Winter,0
10023456781,2024-01-08 22:00:00,2024-01-08,22:00:00,1.2335,Monday,22,1,Winter,0
10023456781,2024-01-08 23:00:00,2024-01-08,23:00:00,0.7609,Monday,23,1,Winter,0
10023456781,2024-01-09 00:00:00,2024-01-09,00:00:00,0.3306,Tuesday,0,1,Winter,0
10023456781,2024-01-09 01:00:00,2024-01-09,01:00:00,0.4136,Tuesday,1,1,Winter,0
10023456781,2024-01-09 02:00:00,2024-01-09,02:00:00,0.4031,Tuesday,2,1,Winter,0
10023456781,2024-01-09 03:00:00,2024-01-09,03:00:00,0.3367,Tuesday,3,1,Winter,0
10023456781,2024-01-09 04:00:00,2024-01-09,04:00:00,1.8884,Tuesday,4,1,Winter,1
10023456781,2024-01-09 05:00:00,2024-01-09,05:00:00,0.6426,Tuesday,5,1,Winter,0
10023456781,2024-01-09 06:00:00,2024-01-09,06:00:00,1.0788,Tuesday,6,1,Winter,0
10023456781,2024-01-09 07:00:00,2024-01-09,07:00:00,1.4675,Tuesday,7,1,Winter,0
10023456781,2024-01-09 08:00:00,2024-01-09,08:00:00,1.5270,Tuesday,8,1,Winter,0
10023456781,2024-01-09 09:00:00,2024-01-09,09:00:00,1.4099,Tuesday,9,1,Winter,0
10023456781,2024-01-09 10:00:00,2024-01-09,10:00:00,0.8594,Tuesday,10,1,Winter,0
10023456781,2024-01-09 11:00:00,2024-01-09,11:00:00,0.6966,Tuesday,11,1,Winter,0
10023456781,2024-01-09 12:00:00,2024-01-09,12:00:00,0.8474,Tuesday,12,1,Winter,0
10023456781,2024-01-09 13:00:00,2024-01-09,13:00:00,1.0176,Tuesday,13,1,Winter,0
10023456781,2024-01-09 14:00:00,2024-01-09,14:00:00,0.8748,Tuesday,14,1,Winter,0
10023456781,2024-01-09 15:00:00,2024-01-09,15:00:00,0.9179,Tuesday,15,1,Winter,0
10023456781,2024-01-09 16:00:00,2024-01-09,16:00:00,1.1332,Tuesday,16,1,Winter,0
10023456781,2024-01-09 17:00:00,2024-01-09,17:00:00,1.4140,Tuesday,17,1,Winter,0
10023456781,2024-01-09 18:00:00,2024-01-09,18:00:00,1.6720,Tuesday,18,1,Winter,0
10023456781,2024-01-09 19:00:00,2024-01-09,19:00:00,2.0718,Tuesday,19,1,Winter,0
10023456781,2024-01-09 20:00:00,2024-01-09,20:00:00,2.1761,Tuesday,20,1,Winter,0
10023456781,2024-01-09 21:00:00,2024-01-09,21:00:00,1.8428,Tuesday,21,1,Winter,0
10023456781,2024-01-09 22:00:00,2024-01-09,22:00:00,1.2746,Tuesday,22,1,Winter,0
10023456781,2024-01-09 23:00:00,2024-01-09,23:00:00,0.7680,Tuesday,23,1,Winter,0
10023456781,2024-01-10 00:00:00,2024-01-10,00:00:00,0.4533,Wednesday,0,1,Winter,0
10023456781,2024-01-10 01:00:00,2024-01-10,01:00:00,1.5887,Wednesday,1,1,Winter,1
10023456781,2024-01-10 02:00:00,2024-01-10,02:00:00,0.2905,Wednesday,2,1,Winter,0
10023456781,2024-01-10 03:00:00,2024-01-10,03:00:00,0.3315,Wednesday,3,1,Winter,0
10023456781,2024-01-10 04:00:00,2024-01-10,04:00:00,0.3168,Wednesday,4,1,Winter,0
10023456781,2024-01-10 05:00:00,2024-01-10,05:00:00,0.5470,Wednesday,5,1,Winter,0
10023456781,2024-01-10 06:00:00,2024-01-10,06:00:00,0.8960,Wednesday,6,1,Winter,0
10023456781,2024-01-10 07:00:00,2024-01-10,07:00:00,1.1509,Wednesday,7,1,Winter,0
10023456781,2024-01-10 08:00:00,2024-01-10,08:00:00,1.6162,Wednesday,8,1,Winter,0
10023456781,2024-01-10 09:00:00,2024-01-10,09:00:00,1.2491,Wednesday,9,1,Winter,0
10023456781,2024-01-10 10:00:00,2024-01-10,10:00:00,0.8647,Wednesday,10,1,Winter,0
10023456781,2024-01-10 11:00:00,2024-01-10,11:00:00,0.8485,Wednesday,11,1,Winter,0
10023456781,2024-01-10 12:00:00,2024-01-10,12:00:00,0.8471,Wednesday,12,1,Winter,0
10023456781,2024-01-10 13:00:00,2024-01-10,13:00:00,1.0523,Wednesday,13,1,Winter,0
10023456781,2024-01-10 14:00:00,2024-01-10,14:00:00,0.7178,Wednesday,14,1,Winter,0
10023456781,2024-01-10 15:00:00,2024-01-10,15:00:00,0.9042,Wednesday,15,1,Winter,0
10023456781,2024-01-10 16:00:00,2024-01-10,16:00:00,1.1042,Wednesday,16,1,Winter,0
10023456781,2024-01-10 17:00:00,2024-01-10,17:00:00,1.5100,Wednesday,17,1,Winter,0
10023456781,2024-01-10 18:00:00,2024-01-10,18:00:00,1.7113,Wednesday,18,1,Winter,0
10023456781,2024-01-10 19:00:00,2024-01-10,19:00:00,2.0687,Wednesday,19,1,Winter,0
10023456781,2024-01-10 20:00:00,2024-01-10,20:00:00,2.0374,Wednesday,20,1,Winter,0
10023456781,2024-01-10 21:00:00,2024-01-10,21:00:00,1.3887,Wednesday,21,1,Winter,0
10023456781,2024-01-10 22:00:00,2024-01-10,22:00:00,1.1150,Wednesday,22,1,Winter,0
10023456781,2024-01-10 23:00:00,2024-01-10,23:00:00,0.7091,Wednesday,23,1,Winter,0
10023456781,2024-01-11 00:00:00,2024-01-11,00:00:00,0.5201,Thursday,0,1,Winter,0
10023456781,2024-01-11 01:00:00,2024-01-11,01:00:00,0.4052,Thursday,1,1,Winter,0
10023456781,2024-01-11 02:00:00,2024-01-11,02:00:00,0.3960,Thursday,2,1,Winter,0
10023456781,2024-01-11 03:00:00,2024-01-11,03:00:00,0.4614,Thursday,3,1,Winter,0
10023456781,2024-01-11 04:00:00,2024-01-11,04:00:00,0.5024,Thursday,4,1,Winter,0
10023456781,2024-01-11 05:00:00,2024-01-11,05:00:00,0.5471,Thursday,5,1,Winter,0
10023456781,2024-01-11 06:00:00,2024-01-11,06:00:00,1.2219,Thursday,6,1,Winter,0
10023456781,2024-01-11 07:00:00,2024-01-11,07:00:00,1.8146,Thursday,7,1,Winter,0
10023456781,2024-01-11 08:00:00,2024-01-11,08:00:00,1.6465,Thursday,8,1,Winter,0
10023456781,2024-01-11 09:00:00,2024-01-11,09:00:00,1.5897,Thursday,9,1,Winter,0
10023456781,2024-01-11 10:00:00,2024-01-11,10:00:00,1.3323,Thursday,10,1,Winter,0
10023456781,2024-01-11 11:00:00,2024-01-11,11:00:00,1.4036,Thursday,11,1,Winter,0
10023456781,2024-01-11 12:00:00,2024-01-11,12:00:00,1.1187,Thursday,12,1,Winter,0
10023456781,2024-01-11 13:00:00,2024-01-11,13:00:00,1.2491,Thursday,13,1,Winter,0
10023456781,2024-01-11 14:00:00,2024-01-11,14:00:00,1.1235,Thursday,14,1,Winter,0
10023456781,2024-01-11 15:00:00,2024-01-11,15:00:00,1.3525,Thursday,15,1,Winter,0
10023456781,2024-01-11 16:00:00,2024-01-11,16:00:00,1.2540,Thursday,16,1,Winter,0
10023456781,2024-01-11 17:00:00,2024-01-11,17:00:00,1.7531,Thursday,17,1,Winter,0
10023456781,2024-01-11 18:00:00,2024-01-11,18:00:00,2.4254,Thursday,18,1,Winter,0
10023456781,2024-01-11 19:00:00,2024-01-11,19:00:00,2.6633,Thursday,19,1,Winter,0
10023456781,2024-01-11 20:00:00,2024-01-11,20:00:00,2.5393,Thursday,20,1,Winter,0
10023456781,2024-01-11 21:00:00,2024-01-11,21:00:00,2.1330,Thursday,21,1,Winter,0
10023456781,2024-01-11 22:00:00,2024-01-11,22:00:00,1.4997,Thursday,22,1,Winter,0
10023456781,2024-01-11 23:00:00,2024-01-11,23:00:00,1.0386,Thursday,23,1,Winter,0
10023456781,2024-01-12 00:00:00,2024-01-12,00:00:00,0.3938,Friday,0,1,Winter,0
10023456781,2024-01-12 01:00:00,2024-01-12,01:00:00,0.3102,Friday,1,1,Winter,0
10023456781,2024-01-12 02:00:00,2024-01-12,02:00:00,0.3138,Friday,2,1,Winter,0
10023456781,2024-01-12 03:00:00,2024-01-12,03:00:00,0.3472,Friday,3,1,Winter,0
10023456781,2024-01-12 04:00:00,2024-01-12,04:00:00,0.4241,Friday,4,1,Winter,0
10023456781,2024-01-12 05:00:00,2024-01-12,05:00:00,0.5694,Friday,5,1,Winter,0
10023456781,2024-01-12 06:00:00,2024-01-12,06:00:00,0.8757,Friday,6,1,Winter,0
10023456781,2024-01-12 07:00:00,2024-01-12,07:00:00,1.4547,Friday,7,1,Winter,0
10023456781,2024-01-12 08:00:00,2024-01-12,08:00:00,1.4512,Friday,8,1,Winter,0
10023456781,2024-01-12 09:00:00,2024-01-12,09:00:00,1.2765,Friday,9,1,Winter,0
10023456781,2024-01-12 10:00:00,2024-01-12,10:00:00,0.9180,Friday,10,1,Winter,0
10023456781,2024-01-12 11:00:00,2024-01-12,11:00:00,0.8284,Friday,11,1,Winter,0
10023456781,2024-01-12 12:00:00,2024-01-12,12:00:00,0.8438,Friday,12,1,Winter,0
10023456781,2024-01-12 13:00:00,2024-01-12,13:00:00,0.7916,Friday,13,1,Winter,0
10023456781,2024-01-12 14:00:00,2024-01-12,14:00:00,0.8743,Friday,14,1,Winter,0
10023456781,2024-01-12 15:00:00,2024-01-12,15:00:00,0.8130,Friday,15,1,Winter,0
10023456781,2024-01-12 16:00:00,2024-01-12,16:00:00,1.1193,Friday,16,1,Winter,0
10023456781,2024-01-12 17:00:00,2024-01-12,17:00:00,1.0699,Friday,17,1,Winter,0
10023456781,2024-01-12 18:00:00,2024-01-12,18:00:00,1.7649,Friday,18,1,Winter,0
10023456781,2024-01-12 19:00:00,2024-01-12,19:00:00,1.6430,Friday,19,1,Winter,0
10023456781,2024-01-12 20:00:00,2024-01-12,20:00:00,1.7252,Friday,20,1,Winter,0
10023456781,2024-01-12 21:00:00,2024-01-12,21:00:00,1.6314,Friday,21,1,Winter,0
10023456781,2024-01-12 22:00:00,2024-01-12,22:00:00,1.2270,Friday,22,1,Winter,0
10023456781,2024-01-12 23:00:00,2024-01-12,23:00:00,0.6239,Friday,23,1,Winter,0
10023456781,2024-01-13 00:00:00,2024-01-13,00:00:00,0.3375,Saturday,0,1,Winter,0
10023456781,2024-01-13 01:00:00,2024-01-13,01:00:00,0.3779,Saturday,1,1,Winter,0
10023456781,2024-01-13 02:00:00,2024-01-13,02:00:00,0.2685,Saturday,2,1,Winter,0
10023456781,2024-01-13 03:00:00,2024-01-13,03:00:00,0.2968,Saturday,3,1,Winter,0
10023456781,2024-01-13 04:00:00,2024-01-13,04:00:00,0.2904,Saturday,4,1,Winter,0
10023456781,2024-01-13 05:00:00,2024-01-13,05:00:00,0.3822,Saturday,5,1,Winter,0
10023456781,2024-01-13 06:00:00,2024-01-13,06:00:00,0.6128,Saturday,6,1,Winter,0
10023456781,2024-01-13 07:00:00,2024-01-13,07:00:00,0.8783,Saturday,7,1,Winter,0
10023456781,2024-01-13 08:00:00,2024-01-13,08:00:00,1.1205,Saturday,8,1,Winter,0
10023456781,2024-01-13 09:00:00,2024-01-13,09:00:00,1.2267,Saturday,9,1,Winter,0
10023456781,2024-01-13 10:00:00,2024-01-13,10:00:00,0.8604,Saturday,10,1,Winter,0
10023456781,2024-01-13 11:00:00,2024-01-13,11:00:00,0.9596,Saturday,11,1,Winter,0
10023456781,2024-01-13 12:00:00,2024-01-13,12:00:00,0.8581,Saturday,12,1,Winter,0
10023456781,2024-01-13 13:00:00,2024-01-13,13:00:00,0.9986,Saturday,13,1,Winter,0
10023456781,2024-01-13 14:00:00,2024-01-13,14:00:00,0.8462,Saturday,14,1,Winter,0
10023456781,2024-01-13 15:00:00,2024-01-13,15:00:00,0.8534,Saturday,15,1,Winter,0
10023456781,2024-01-13 16:00:00,2024-01-13,16:00:00,0.9878,Saturday,16,1,Winter,0
10023456781,2024-01-13 17:00:00,2024-01-13,17:00:00,1.1800,Saturday,17,1,Winter,0
10023456781,2024-01-13 18:00:00,2024-01-13,18:00:00,1.3711,Saturday,18,1,Winter,0
10023456781,2024-01-13 19:00:00,2024-01-13,19:00:00,1.4384,Saturday,19,1,Winter,0
10023456781,2024-01-13 20:00:00,2024-01-13,20:00:00,1.7589,Saturday,20,1,Winter,0
10023456781,2024-01-13 21:00:00,2024-01-13,21:00:00,1.5862,Saturday,21,1,Winter,0
10023456781,2024-01-13 22:00:00,2024-01-13,22:00:00,1.0643,Saturday,22,1,Winter,0
10023456781,2024-01-13 23:00:00,2024-01-13,23:00:00,0.7634,Saturday,23,1,Winter,0
10023456781,2024-01-14 00:00:00,2024-01-14,00:00:00,0.3942,Sunday,0,1,Winter,0
10023456781,2024-01-14 01:00:00,2024-01-14,01:00:00,0.2907,Sunday,1,1,Winter,0
10023456781,2024-01-14 02:00:00,2024-01-14,02:00:00,0.2498,Sunday,2,1,Winter,0
10023456781,2024-01-14 03:00:00,2024-01-14,03:00:00,0.2365,Sunday,3,1,Winter,0
10023456781,2024-01-14 04:00:00,2024-01-14,04:00:00,0.2429,Sunday,4,1,Winter,0
10023456781,2024-01-14 05:00:00,2024-01-14,05:00:00,0.3145,Sunday,5,1,Winter,0
10023456781,2024-01-14 06:00:00,2024-01-14,06:00:00,0.6148,Sunday,6,1,Winter,0
10023456781,2024-01-14 07:00:00,2024-01-14,07:00:00,0.7703,Sunday,7,1,Winter,0
10023456781,2024-01-14 08:00:00,2024-01-14,08:00:00,0.9628,Sunday,8,1,Winter,0
10023456781,2024-01-14 09:00:00,2024-01-14,09:00:00,1.3215,Sunday,9,1,Winter,0
10023456781,2024-01-14 10:00:00,2024-01-14,10:00:00,1.2838,Sunday,10,1,Winter,0
10023456781,2024-01-14 11:00:00,2024-01-14,11:00:00,0.9413,Sunday,11,1,Winter,0
10023456781,2024-01-14 12:00:00,2024-01-14,12:00:00,0.9885,Sunday,12,1,Winter,0
10023456781,2024-01-14 13:00:00,2024-01-14,13:00:00,1.1332,Sunday,13,1,Winter,0
10023456781,2024-01-14 14:00:00,2024-01-14,14:00:00,0.8630,Sunday,14,1,Winter,0
10023456781,2024-01-14 15:00:00,2024-01-14,15:00:00,0.9423,Sunday,15,1,Winter,0
10023456781,2024-01-14 16:00:00,2024-01-14,16:00:00,0.9774,Sunday,16,1,Winter,0
10023456781,2024-01-14 17:00:00,2024-01-14,17:00:00,1.1069,Sunday,17,1,Winter,0
10023456781,2024-01-14 18:00:00,2024-01-14,18:00:00,1.3189,Sunday,18,1,Winter,0
10023456781,2024-01-14 19:00:00,2024-01-14,19:00:00,1.7904,Sunday,19,1,Winter,0
10023456781,2024-01-14 20:00:00,2024-01-14,20:00:00,1.6548,Sunday,20,1,Winter,0
10023456781,2024-01-14 21:00:00,2024-01-14,21:00:00,1.3283,Sunday,21,1,Winter,0
10023456781,2024-01-14 22:00:00,2024-01-14,22:00:00,1.3169,Sunday,22,1,Winter,0
10023456781,2024-01-14 23:00:00,2024-01-14,23:00:00,1.6081,Sunday,23,1,Winter,1
10023456781,2024-01-15 00:00:00,2024-01-15,00:00:00,0.8704,Monday,0,1,Winter,1
10023456781,2024-01-15 01:00:00,2024-01-15,01:00:00,0.8261,Monday,1,1,Winter,1
10023456781,2024-01-15 02:00:00,2024-01-15,02:00:00,0.2075,Monday,2,1,Winter,0
10023456781,2024-01-15 03:00:00,2024-01-15,03:00:00,0.2358,Monday,3,1,Winter,0
10023456781,2024-01-15 04:00:00,2024-01-15,04:00:00,0.3024,Monday,4,1,Winter,0
10023456781,2024-01-15 05:00:00,2024-01-15,05:00:00,0.3648,Monday,5,1,Winter,0
10023456781,2024-01-15 06:00:00,2024-01-15,06:00:00,0.7959,Monday,6,1,Winter,0
10023456781,2024-01-15 07:00:00,2024-01-15,07:00:00,1.0997,Monday,7,1,Winter,0
10023456781,2024-01-15 08:00:00,2024-01-15,08:00:00,1.1029,Monday,8,1,Winter,0
10023456781,2024-01-15 09:00:00,2024-01-15,09:00:00,0.8003,Monday,9,1,Winter,0
10023456781,2024-01-15 10:00:00,2024-01-15,10:00:00,0.7612,Monday,10,1,Winter,0
10023456781,2024-01-15 11:00:00,2024-01-15,11:00:00,0.6245,Monday,11,1,Winter,0
10023456781,2024-01-15 12:00:00,2024-01-15,12:00:00,0.6896,Monday,12,1,Winter,0
10023456781,2024-01-15 13:00:00,2024-01-15,13:00:00,0.7817,Monday,13,1,Winter,0
10023456781,2024-01-15 14:00:00,2024-01-15,14:00:00,0.8807,Monday,14,1,Winter,0
10023456781,2024-01-15 15:00:00,2024-01-15,15:00:00,0.9221,Monday,15,1,Winter,0
10023456781,2024-01-15 16:00:00,2024-01-15,16:00:00,0.7916,Monday,16,1,Winter,0
10023456781,2024-01-15 17:00:00,2024-01-15,17:00:00,1.1543,Monday,17,1,Winter,0
10023456781,2024-01-15 18:00:00,2024-01-15,18:00:00,1.4314,Monday,18,1,Winter,0
10023456781,2024-01-15 19:00:00,2024-01-15,19:00:00,1.6640,Monday,19,1,Winter,0
10023456781,2024-01-15 20:00:00,2024-01-15,20:00:00,1.9670,Monday,20,1,Winter,0
10023456781,2024-01-15 21:00:00,2024-01-15,21:00:00,1.5178,Monday,21,1,Winter,0
10023456781,2024-01-15 22:00:00,2024-01-15,22:00:00,1.0471,Monday,22,1,Winter,0
10023456781,2024-01-15 23:00:00,2024-01-15,23:00:00,0.6096,Monday,23,1,Winter,0
10023456781,2024-01-16 00:00:00,2024-01-16,00:00:00,0.2745,Tuesday,0,1,Winter,0
10023456781,2024-01-16 01:00:00,2024-01-16,01:00:00,0.2757,Tuesday,1,1,Winter,0
10023456781,2024-01-16 02:00:00,2024-01-16,02:00:00,0.2694,Tuesday,2,1,Winter,0
10023456781,2024-01-16 03:00:00,2024-01-16,03:00:00,0.2904,Tuesday,3,1,Winter,0
10023456781,2024-01-16 04:00:00,2024-01-16,04:00:00,0.2964,Tuesday,4,1,Winter,0
10023456781,2024-01-16 05:00:00,2024-01-16,05:00:00,0.4497,Tuesday,5,1,Winter,0
10023456781,2024-01-16 06:00:00,2024-01-16,06:00:00,0.7367,Tuesday,6,1,Winter,0
10023456781,2024-01-16 07:00:00,2024-01-16,07:00:00,1.1305,Tuesday,7,1,Winter,0
10023456781,2024-01-16 08:00:00,2024-01-16,08:00:00,1.3974,Tuesday,8,1,Winter,0
10023456781,2024-01-16 09:00:00,2024-01-16,09:00:00,1.2112,Tuesday,9,1,Winter,0
10023456781,2024-01-16 10:00:00,2024-01-16,10:00:00,0.7196,Tuesday,10,1,Winter,0
10023456781,2024-01-16 11:00:00,2024-01-16,11:00:00,0.6281,Tuesday,11,1,Winter,0
10023456781,2024-01-16 12:00:00,2024-01-16,12:00:00,0.7978,Tuesday,12,1,Winter,0
10023456781,2024-01-16 13:00:00,2024-01-16,13:00:00,0.8543,Tuesday,13,1,Winter,0
10023456781,2024-01-16 14:00:00,2024-01-16,14:00:00,0.8283,Tuesday,14,1,Winter,0
10023456781,2024-01-16 15:00:00,2024-01-16,15:00:00,0.9109,Tuesday,15,1,Winter,0
10023456781,2024-01-16 16:00:00,2024-01-16,16:00:00,0.9022,Tuesday,16,1,Winter,0
10023456781,2024-01-16 17:00:00,2024-01-16,17:00:00,1.2426,Tuesday,17,1,Winter,0
10023456781,2024-01-16 18:00:00,2024-01-16,18:00:00,1.3217,Tuesday,18,1,Winter,0
10023456781,2024-01-16 19:00:00,2024-01-16,19:00:00,1.8406,Tuesday,19,1,Winter,0
10023456781,2024-01-16 20:00:00,2024-01-16,20:00:00,1.6323,Tuesday,20,1,Winter,0
10023456781,2024-01-16 21:00:00,2024-01-16,21:00:00,1.3174,Tuesday,21,1,Winter,0
10023456781,2024-01-16 22:00:00,2024-01-16,22:00:00,0.8903,Tuesday,22,1,Winter,0
10023456781,2024-01-16 23:00:00,2024-01-16,23:00:00,0.6615,Tuesday,23,1,Winter,0
10023456781,2024-01-17 00:00:00,2024-01-17,00:00:00,0.3094,Wednesday,0,1,Winter,0
10023456781,2024-01-17 01:00:00,2024-01-17,01:00:00,0.2706,Wednesday,1,1,Winter,0
10023456781,2024-01-17 02:00:00,2024-01-17,02:00:00,0.1700,Wednesday,2,1,Winter,0
10023456781,2024-01-17 03:00:00,2024-01-17,03:00:00,0.2148,Wednesday,3,1,Winter,0
10023456781,2024-01-17 04:00:00,2024-01-17,04:00:00,0.2813,Wednesday,4,1,Winter,0
10023456781,2024-01-17 05:00:00,2024-01-17,05:00:00,0.3768,Wednesday,5,1,Winter,0
10023456781,2024-01-17 06:00:00,2024-01-17,06:00:00,0.6196,Wednesday,6,1,Winter,0
10023456781,2024-01-17 07:00:00,2024-01-17,07:00:00,0.9143,Wednesday,7,1,Winter,0
10023456781,2024-01-17 08:00:00,2024-01-17,08:00:00,0.9234,Wednesday,8,1,Winter,0
10023456781,2024-01-17 09:00:00,2024-01-17,09:00:00,0.9164,Wednesday,9,1,Winter,0
10023456781,2024-01-17 10:00:00,2024-01-17,10:00:00,0.5561,Wednesday,10,1,Winter,0
10023456781,2024-01-17 11:00:00,2024-01-17,11:00:00,1.9614,Wednesday,11,1,Winter,1
10023456781,2024-01-17 12:00:00,2024-01-17,12:00:00,0.7556,Wednesday,12,1,Winter,0
10023456781,2024-01-17 13:00:00,2024-01-17,13:00:00,0.6877,Wednesday,13,1,Winter,0
10023456781,2024-01-17 14:00:00,2024-01-17,14:00:00,0.6167,Wednesday,14,1,Winter,0
10023456781,2024-01-17 15:00:00,2024-01-17,15:00:00,0.6244,Wednesday,15,1,Winter,0
10023456781,2024-01-17 16:00:00,2024-01-17,16:00:00,0.9284,Wednesday,16,1,Winter,0
10023456781,2024-01-17 17:00:00,2024-01-17,17:00:00,0.9238,Wednesday,17,1,Winter,0
10023456781,2024-01-17 18:00:00,2024-01-17,18:00:00,1.1436,Wednesday,18,1,Winter,0
10023456781,2024-01-17 19:00:00,2024-01-17,19:00:00,1.4665,Wednesday,19,1,Winter,0
10023456781,2024-01-17 20:00:00,2024-01-17,20:00:00,1.3147,Wednesday,20,1,Winter,0
10023456781,2024-01-17 21:00:00,2024-01-17,21:00:00,1.1152,Wednesday,21,1,Winter,0
10023456781,2024-01-17 22:00:00,2024-01-17,22:00:00,1.0145,Wednesday,22,1,Winter,0
10023456781,2024-01-17 23:00:00,2024-01-17,23:00:00,0.4022,Wednesday,23,1,Winter,0
10023456781,2024-01-18 00:00:00,2024-01-18,00:00:00,0.3795,Thursday,0,1,Winter,0
10023456781,2024-01-18 01:00:00,2024-01-18,01:00:00,0.3356,Thursday,1,1,Winter,0
10023456781,2024-01-18 02:00:00,2024-01-18,02:00:00,0.3508,Thursday,2,1,Winter,0
10023456781,2024-01-18 03:00:00,2024-01-18,03:00:00,0.3164,Thursday,3,1,Winter,0
10023456781,2024-01-18 04:00:00,2024-01-18,04:00:00,0.3868,Thursday,4,1,Winter,0
10023456781,2024-01-18 05:00:00,2024-01-18,05:00:00,0.4526,Thursday,5,1,Winter,0
10023456781,2024-01-18 06:00:00,2024-01-18,06:00:00,0.8705,Thursday,6,1,Winter,0
10023456781,2024-01-18 07:00:00,2024-01-18,07:00:00,1.3089,Thursday,7,1,Winter,0
10023456781,2024-01-18 08:00:00,2024-01-18,08:00:00,1.6853,Thursday,8,1,Winter,0
10023456781,2024-01-18 09:00:00,2024-01-18,09:00:00,1.2249,Thursday,9,1,Winter,0
10023456781,2024-01-18 10:00:00,2024-01-18,10:00:00,0.8246,Thursday,10,1,Winter,0
10023456781,2024-01-18 11:00:00,2024-01-18,11:00:00,0.7760,Thursday,11,1,Winter,0
10023456781,2024-01-18 12:00:00,2024-01-18,12:00:00,0.8044,Thursday,12,1,Winter,0
10023456781,2024-01-18 13:00:00,2024-01-18,13:00:00,1.0298,Thursday,13,1,Winter,0
10023456781,2024-01-18 14:00:00,2024-01-18,14:00:00,0.9748,Thursday,14,1,Winter,0
10023456781,2024-01-18 15:00:00,2024-01-18,15:00:00,0.7573,Thursday,15,1,Winter,0
10023456781,2024-01-18 16:00:00,2024-01-18,16:00:00,1.0104,Thursday,16,1,Winter,0
10023456781,2024-01-18 17:00:00,2024-01-18,17:00:00,1.5762,Thursday,17,1,Winter,0
10023456781,2024-01-18 18:00:00,2024-01-18,18:00:00,1.5912,Thursday,18,1,Winter,0
10023456781,2024-01-18 19:00:00,2024-01-18,19:00:00,1.9974,Thursday,19,1,Winter,0
10023456781,2024-01-18 20:00:00,2024-01-18,20:00:00,4.6881,Thursday,20,1,Winter,1
10023456781,2024-01-18 21:00:00,2024-01-18,21:00:00,1.6765,Thursday,21,1,Winter,0
10023456781,2024-01-18 22:00:00,2024-01-18,22:00:00,1.1005,Thursday,22,1,Winter,0
10023456781,2024-01-18 23:00:00,2024-01-18,23:00:00,0.6202,Thursday,23,1,Winter,0
10023456781,2024-01-19 00:00:00,2024-01-19,00:00:00,0.3238,Friday,0,1,Winter,0
10023456781,2024-01-19 01:00:00,2024-01-19,01:00:00,0.3667,Friday,1,1,Winter,0
10023456781,2024-01-19 02:00:00,2024-01-19,02:00:00,0.3333,Friday,2,1,Winter,0
10023456781,2024-01-19 03:00:00,2024-01-19,03:00:00,0.3068,Friday,3,1,Winter,0
10023456781,2024-01-19 04:00:00,2024-01-19,04:00:00,0.3508,Friday,4,1,Winter,0
10023456781,2024-01-19 05:00:00,2024-01-19,05:00:00,0.5118,Friday,5,1,Winter,0
10023456781,2024-01-19 06:00:00,2024-01-19,06:00:00,0.7666,Friday,6,1,Winter,0
10023456781,2024-01-19 07:00:00,2024-01-19,07:00:00,1.0039,Friday,7,1,Winter,0
10023456781,2024-01-19 08:00:00,2024-01-19,08:00:00,1.4009,Friday,8,1,Winter,0
10023456781,2024-01-19 09:00:00,2024-01-19,09:00:00,1.1465,Friday,9,1,Winter,0
10023456781,2024-01-19 10:00:00,2024-01-19,10:00:00,0.8001,Friday,10,1,Winter,0
10023456781,2024-01-19 11:00:00,2024-01-19,11:00:00,0.6901,Friday,11,1,Winter,0
10023456781,2024-01-19 12:00:00,2024-01-19,12:00:00,0.7519,Friday,12,1,Winter,0
10023456781,2024-01-19 13:00:00,2024-01-19,13:00:00,0.7795,Friday,13,1,Winter,0
10023456781,2024-01-19 14:00:00,2024-01-19,14:00:00,0.8695,Friday,14,1,Winter,0
10023456781,2024-01-19 15:00:00,2024-01-19,15:00:00,0.8438,Friday,15,1,Winter,0
10023456781,2024-01-19 16:00:00,2024-01-19,16:00:00,0.9880,Friday,16,1,Winter,0
10023456781,2024-01-19 17:00:00,2024-01-19,17:00:00,1.3882,Friday,17,1,Winter,0
10023456781,2024-01-19 18:00:00,2024-01-19,18:00:00,1.7158,Friday,18,1,Winter,0
10023456781,2024-01-19 19:00:00,2024-01-19,19:00:00,1.6914,Friday,19,1,Winter,0
10023456781,2024-01-19 20:00:00,2024-01-19,20:00:00,1.9283,Friday,20,1,Winter,0
10023456781,2024-01-19 21:00:00,2024-01-19,21:00:00,1.5735,Friday,21,1,Winter,0
10023456781,2024-01-19 22:00:00,2024-01-19,22:00:00,1.2968,Friday,22,1,Winter,0
10023456781,2024-01-19 23:00:00,2024-01-19,23:00:00,1.7144,Friday,23,1,Winter,1
10023456781,2024-01-20 00:00:00,2024-01-20,00:00:00,0.3670,Saturday,0,1,Winter,0
10023456781,2024-01-20 01:00:00,2024-01-20,01:00:00,0.3335,Saturday,1,1,Winter,0
10023456781,2024-01-20 02:00:00,2024-01-20,02:00:00,0.3114,Saturday,2,1,Winter,0
10023456781,2024-01-20 03:00:00,2024-01-20,03:00:00,0.2999,Saturday,3,1,Winter,0
10023456781,2024-01-20 04:00:00,2024-01-20,04:00:00,0.3147,Saturday,4,1,Winter,0
10023456781,2024-01-20 05:00:00,2024-01-20,05:00:00,0.4230,Saturday,5,1,Winter,0
10023456781,2024-01-20 06:00:00,2024-01-20,06:00:00,0.5631,Saturday,6,1,Winter,0
10023456781,2024-01-20 07:00:00,2024-01-20,07:00:00,0.7954,Saturday,7,1,Winter,0
10023456781,2024-01-20 08:00:00,2024-01-20,08:00:00,1.3350,Saturday,8,1,Winter,0
10023456781,2024-01-20 09:00:00,2024-01-20,09:00:00,1.2954,Saturday,9,1,Winter,0
10023456781,2024-01-20 10:00:00,2024-01-20,10:00:00,1.1354,Saturday,10,1,Winter,0
10023456781,2024-01-20 11:00:00,2024-01-20,11:00:00,1.1681,Saturday,11,1,Winter,0
10023456781,2024-01-20 12:00:00,2024-01-20,12:00:00,1.0229,Saturday,12,1,Winter,0
10023456781,2024-01-20 13:00:00,2024-01-20,13:00:00,1.0347,Saturday,13,1,Winter,0
10023456781,2024-01-20 14:00:00,2024-01-20,14:00:00,0.9082,Saturday,14,1,Winter,0
10023456781,2024-01-20 15:00:00,2024-01-20,15:00:00,0.9978,Saturday,15,1,Winter,0
10023456781,2024-01-20 16:00:00,2024-01-20,16:00:00,1.0497,Saturday,16,1,Winter,0
10023456781,2024-01-20 17:00:00,2024-01-20,17:00:00,1.2881,Saturday,17,1,Winter,0
10023456781,2024-01-20 18:00:00,2024-01-20,18:00:00,1.6599,Saturday,18,1,Winter,0
10023456781,2024-01-20 19:00:00,2024-01-20,19:00:00,2.0474,Saturday,19,1,Winter,0
10023456781,2024-01-20 20:00:00,2024-01-20,20:00:00,1.8117,Saturday,20,1,Winter,0
10023456781,2024-01-20 21:00:00,2024-01-20,21:00:00,1.4887,Saturday,21,1,Winter,0
10023456781,2024-01-20 22:00:00,2024-01-20,22:00:00,1.2981,Saturday,22,1,Winter,0
10023456781,2024-01-20 23:00:00,2024-01-20,23:00:00,0.6277,Saturday,23,1,Winter,0
10023456781,2024-01-21 00:00:00,2024-01-21,00:00:00,0.3724,Sunday,0,1,Winter,0
10023456781,2024-01-21 01:00:00,2024-01-21,01:00:00,0.3345,Sunday,1,1,Winter,0
10023456781,2024-01-21 02:00:00,2024-01-21,02:00:00,0.2485,Sunday,2,1,Winter,0
10023456781,2024-01-21 03:00:00,2024-01-21,03:00:00,0.2769,Sunday,3,1,Winter,0
10023456781,2024-01-21 04:00:00,2024-01-21,04:00:00,0.3301,Sunday,4,1,Winter,0
10023456781,2024-01-21 05:00:00,2024-01-21,05:00:00,0.3586,Sunday,5,1,Winter,0
10023456781,2024-01-21 06:00:00,2024-01-21,06:00:00,0.5357,Sunday,6,1,Winter,0
10023456781,2024-01-21 07:00:00,2024-01-21,07:00:00,0.6860,Sunday,7,1,Winter,0
10023456781,2024-01-21 08:00:00,2024-01-21,08:00:00,1.2236,Sunday,8,1,Winter,0
10023456781,2024-01-21 09:00:00,2024-01-21,09:00:00,1.4096,Sunday,9,1,Winter,0
10023456781,2024-01-21 10:00:00,2024-01-21,10:00:00,1.4381,Sunday,10,1,Winter,0
10023456781,2024-01-21 11:00:00,2024-01-21,11:00:00,1.1064,Sunday,11,1,Winter,0
10023456781,2024-01-21 12:00:00,2024-01-21,12:00:00,0.9627,Sunday,12,1,Winter,0
10023456781,2024-01-21 13:00:00,2024-01-21,13:00:00,0.8615,Sunday,13,1,Winter,0
10023456781,2024-01-21 14:00:00,2024-01-21,14:00:00,0.9592,Sunday,14,1,Winter,0
10023456781,2024-01-21 15:00:00,2024-01-21,15:00:00,0.9874,Sunday,15,1,Winter,0
10023456781,2024-01-21 16:00:00,2024-01-21,16:00:00,0.9698,Sunday,16,1,Winter,0
10023456781,2024-01-21 17:00:00,2024-01-21,17:00:00,1.1000,Sunday,17,1,Winter,0
10023456781,2024-01-21 18:00:00,2024-01-21,18:00:00,1.7218,Sunday,18,1,Winter,0
10023456781,2024-01-21 19:00:00,2024-01-21,19:00:00,1.7742,Sunday,19,1,Winter,0
10023456781,2024-01-21 20:00:00,2024-01-21,20:00:00,1.4746,Sunday,20,1,Winter,0
10023456781,2024-01-21 21:00:00,2024-01-21,21:00:00,1.6560,Sunday,21,1,Winter,0
10023456781,2024-01-21 22:00:00,2024-01-21,22:00:00,1.1439,Sunday,22,1,Winter,0
10023456781,2024-01-21 23:00:00,2024-01-21,23:00:00,0.7040,Sunday,23,1,Winter,0
10023456781,2024-01-22 00:00:00,2024-01-22,00:00:00,0.3812,Monday,0,1,Winter,0
10023456781,2024-01-22 01:00:00,2024-01-22,01:00:00,0.3309,Monday,1,1,Winter,0
10023456781,2024-01-22 02:00:00,2024-01-22,02:00:00,0.3283,Monday,2,1,Winter,0
10023456781,2024-01-22 03:00:00,2024-01-22,03:00:00,0.3151,Monday,3,1,Winter,0
10023456781,2024-01-22 04:00:00,2024-01-22,04:00:00,0.3936,Monday,4,1,Winter,0
10023456781,2024-01-22 05:00:00,2024-01-22,05:00:00,0.4310,Monday,5,1,Winter,0
10023456781,2024-01-22 06:00:00,2024-01-22,06:00:00,0.8602,Monday,6,1,Winter,0
10023456781,2024-01-22 07:00:00,2024-01-22,07:00:00,1.2674,Monday,7,1,Winter,0
10023456781,2024-01-22 08:00:00,2024-01-22,08:00:00,1.4940,Monday,8,1,Winter,0
10023456781,2024-01-22 09:00:00,2024-01-22,09:00:00,1.1758,Monday,9,1,Winter,0
10023456781,2024-01-22 10:00:00,2024-01-22,10:00:00,0.9981,Monday,10,1,Winter,0
10023456781,2024-01-22 11:00:00,2024-01-22,11:00:00,0.8921,Monday,11,1,Winter,0
10023456781,2024-01-22 12:00:00,2024-01-22,12:00:00,0.9151,Monday,12,1,Winter,0
10023456781,2024-01-22 13:00:00,2024-01-22,13:00:00,0.7960,Monday,13,1,Winter,0
10023456781,2024-01-22 14:00:00,2024-01-22,14:00:00,0.8279,Monday,14,1,Winter,0
10023456781,2024-01-22 15:00:00,2024-01-22,15:00:00,0.9237,Monday,15,1,Winter,0
10023456781,2024-01-22 16:00:00,2024-01-22,16:00:00,1.2508,Monday,16,1,Winter,0
10023456781,2024-01-22 17:00:00,2024-01-22,17:00:00,1.4762,Monday,17,1,Winter,0
10023456781,2024-01-22 18:00:00,2024-01-22,18:00:00,1.7647,Monday,18,1,Winter,0
10023456781,2024-01-22 19:00:00,2024-01-22,19:00:00,1.9909,Monday,19,1,Winter,0
10023456781,2024-01-22 20:00:00,2024-01-22,20:00:00,1.8426,Monday,20,1,Winter,0
10023456781,2024-01-22 21:00:00,2024-01-22,21:00:00,1.8478,Monday,21,1,Winter,0
10023456781,2024-01-22 22:00:00,2024-01-22,22:00:00,1.1379,Monday,22,1,Winter,0
10023456781,2024-01-22 23:00:00,2024-01-22,23:00:00,0.7250,Monday,23,1,Winter,0
10023456781,2024-01-23 00:00:00,2024-01-23,00:00:00,0.3696,Tuesday,0,1,Winter,0
10023456781,2024-01-23 01:00:00,2024-01-23,01:00:00,0.2775,Tuesday,1,1,Winter,0
10023456781,2024-01-23 02:00:00,2024-01-23,02:00:00,1.8472,Tuesday,2,1,Winter,1
10023456781,2024-01-23 03:00:00,2024-01-23,03:00:00,1.6334,Tuesday,3,1,Winter,1
10023456781,2024-01-23 04:00:00,2024-01-23,04:00:00,0.3347,Tuesday,4,1,Winter,0
10023456781,2024-01-23 05:00:00,2024-01-23,05:00:00,1.0500,Tuesday,5,1,Winter,1
10023456781,2024-01-23 06:00:00,2024-01-23,06:00:00,2.3467,Tuesday,6,1,Winter,1
10023456781,2024-01-23 07:00:00,2024-01-23,07:00:00,2.6886,Tuesday,7,1,Winter,1
10023456781,2024-01-23 08:00:00,2024-01-23,08:00:00,2.8056,Tuesday,8,1,Winter,1
10023456781,2024-01-23 09:00:00,2024-01-23,09:00:00,3.0475,Tuesday,9,1,Winter,1
10023456781,2024-01-23 10:00:00,2024-01-23,10:00:00,0.8425,Tuesday,10,1,Winter,0
10023456781,2024-01-23 11:00:00,2024-01-23,11:00:00,0.7876,Tuesday,11,1,Winter,0
10023456781,2024-01-23 12:00:00,2024-01-23,12:00:00,0.8332,Tuesday,12,1,Winter,0
10023456781,2024-01-23 13:00:00,2024-01-23,13:00:00,0.9556,Tuesday,13,1,Winter,0
10023456781,2024-01-23 14:00:00,2024-01-23,14:00:00,0.6808,Tuesday,14,1,Winter,0
10023456781,2024-01-23 15:00:00,2024-01-23,15:00:00,0.7035,Tuesday,15,1,Winter,0
10023456781,2024-01-23 16:00:00,2024-01-23,16:00:00,1.1334,Tuesday,16,1,Winter,0
10023456781,2024-01-23 17:00:00,2024-01-23,17:00:00,1.1604,Tuesday,17,1,Winter,0
10023456781,2024-01-23 18:00:00,2024-01-23,18:00:00,1.6624,Tuesday,18,1,Winter,0
10023456781,2024-01-23 19:00:00,2024-01-23,19:00:00,1.9282,Tuesday,19,1,Winter,0
10023456781,2024-01-23 20:00:00,2024-01-23,20:00:00,2.0075,Tuesday,20,1,Winter,0
10023456781,2024-01-23 21:00:00,2024-01-23,21:00:00,1.3711,Tuesday,21,1,Winter,0
10023456781,2024-01-23 22:00:00,2024-01-23,22:00:00,1.0675,Tuesday,22,1,Winter,0
10023456781,2024-01-23 23:00:00,2024-01-23,23:00:00,0.5277,Tuesday,23,1,Winter,0
10023456781,2024-01-24 00:00:00,2024-01-24,00:00:00,0.3493,Wednesday,0,1,Winter,0
10023456781,2024-01-24 01:00:00,2024-01-24,01:00:00,0.3345,Wednesday,1,1,Winter,0
10023456781,2024-01-24 02:00:00,2024-01-24,02:00:00,0.3098,Wednesday,2,1,Winter,0
10023456781,2024-01-24 03:00:00,2024-01-24,03:00:00,0.3591,Wednesday,3,1,Winter,0
10023456781,2024-01-24 04:00:00,2024-01-24,04:00:00,0.2903,Wednesday,4,1,Winter,0
10023456781,2024-01-24 05:00:00,2024-01-24,05:00:00,0.3905,Wednesday,5,1,Winter,0
10023456781,2024-01-24 06:00:00,2024-01-24,06:00:00,0.7552,Wednesday,6,1,Winter,0
10023456781,2024-01-24 07:00:00,2024-01-24,07:00:00,1.2296,Wednesday,7,1,Winter,0
10023456781,2024-01-24 08:00:00,2024-01-24,08:00:00,1.0652,Wednesday,8,1,Winter,0
10023456781,2024-01-24 09:00:00,2024-01-24,09:00:00,0.9901,Wednesday,9,1,Winter,0
10023456781,2024-01-24 10:00:00,2024-01-24,10:00:00,0.9172,Wednesday,10,1,Winter,0
10023456781,2024-01-24 11:00:00,2024-01-24,11:00:00,0.7267,Wednesday,11,1,Winter,0
10023456781,2024-01-24 12:00:00,2024-01-24,12:00:00,0.7716,Wednesday,12,1,Winter,0
10023456781,2024-01-24 13:00:00,2024-01-24,13:00:00,0.7275,Wednesday,13,1,Winter,0
10023456781,2024-01-24 14:00:00,2024-01-24,14:00:00,0.8831,Wednesday,14,1,Winter,0
10023456781,2024-01-24 15:00:00,2024-01-24,15:00:00,0.8059,Wednesday,15,1,Winter,0
10023456781,2024-01-24 16:00:00,2024-01-24,16:00:00,1.0665,Wednesday,16,1,Winter,0
10023456781,2024-01-24 17:00:00,2024-01-24,17:00:00,1.1835,Wednesday,17,1,Winter,0
10023456781,2024-01-24 18:00:00,2024-01-24,18:00:00,1.6988,Wednesday,18,1,Winter,0
10023456781,2024-01-24 19:00:00,2024-01-24,19:00:00,1.6380,Wednesday,19,1,Winter,0
10023456781,2024-01-24 20:00:00,2024-01-24,20:00:00,5.2201,Wednesday,20,1,Winter,1
10023456781,2024-01-24 21:00:00,2024-01-24,21:00:00,3.1101,Wednesday,21,1,Winter,1
10023456781,2024-01-24 22:00:00,2024-01-24,22:00:00,3.9058,Wednesday,22,1,Winter,1
10023456781,2024-01-24 23:00:00,2024-01-24,23:00:00,0.6800,Wednesday,23,1,Winter,0
10023456781,2024-01-25 00:00:00,2024-01-25,00:00:00,0.2849,Thursday,0,1,Winter,0
10023456781,2024-01-25 01:00:00,2024-01-25,01:00:00,0.2451,Thursday,1,1,Winter,0
10023456781,2024-01-25 02:00:00,2024-01-25,02:00:00,0.2939,Thursday,2,1,Winter,0
10023456781,2024-01-25 03:00:00,2024-01-25,03:00:00,0.2337,Thursday,3,1,Winter,0
10023456781,2024-01-25 04:00:00,2024-01-25,04:00:00,0.2887,Thursday,4,1,Winter,0
10023456781,2024-01-25 05:00:00,2024-01-25,05:00:00,0.4654,Thursday,5,1,Winter,0
10023456781,2024-01-25 06:00:00,2024-01-25,06:00:00,0.7236,Thursday,6,1,Winter,0
10023456781,2024-01-25 07:00:00,2024-01-25,07:00:00,0.9967,Thursday,7,1,Winter,0
10023456781,2024-01-25 08:00:00,2024-01-25,08:00:00,1.1295,Thursday,8,1,Winter,0
10023456781,2024-01-25 09:00:00,2024-01-25,09:00:00,1.0731,Thursday,9,1,Winter,0
10023456781,2024-01-25 10:00:00,2024-01-25,10:00:00,0.6455,Thursday,10,1,Winter,0
10023456781,2024-01-25 11:00:00,2024-01-25,11:00:00,0.6144,Thursday,11,1,Winter,0
10023456781,2024-01-25 12:00:00,2024-01-25,12:00:00,0.7995,Thursday,12,1,Winter,0
10023456781,2024-01-25 13:00:00,2024-01-25,13:00:00,0.7619,Thursday,13,1,Winter,0
10023456781,2024-01-25 14:00:00,2024-01-25,14:00:00,0.7631,Thursday,14,1,Winter,0
10023456781,2024-01-25 15:00:00,2024-01-25,15:00:00,0.9135,Thursday,15,1,Winter,0
10023456781,2024-01-25 16:00:00,2024-01-25,16:00:00,5.3882,Thursday,16,1,Winter,1
10023456781,2024-01-25 17:00:00,2024-01-25,17:00:00,1.0138,Thursday,17,1,Winter,0
10023456781,2024-01-25 18:00:00,2024-01-25,18:00:00,1.2839,Thursday,18,1,Winter,0
10023456781,2024-01-25 19:00:00,2024-01-25,19:00:00,1.6867,Thursday,19,1,Winter,0
10023456781,2024-01-25 20:00:00,2024-01-25,20:00:00,1.7752,Thursday,20,1,Winter,0
10023456781,2024-01-25 21:00:00,2024-01-25,21:00:00,1.3077,Thursday,21,1,Winter,0
10023456781,2024-01-25 22:00:00,2024-01-25,22:00:00,1.0811,Thursday,22,1,Winter,0
10023456781,2024-01-25 23:00:00,2024-01-25,23:00:00,0.5376,Thursday,23,1,Winter,0
10023456781,2024-01-26 00:00:00,2024-01-26,00:00:00,0.3811,Friday,0,1,Winter,0
10023456781,2024-01-26 01:00:00,2024-01-26,01:00:00,0.2990,Friday,1,1,Winter,0
10023456781,2024-01-26 02:00:00,2024-01-26,02:00:00,0.3147,Friday,2,1,Winter,0
10023456781,2024-01-26 03:00:00,2024-01-26,03:00:00,0.3168,Friday,3,1,Winter,0
10023456781,2024-01-26 04:00:00,2024-01-26,04:00:00,0.3266,Friday,4,1,Winter,0
10023456781,2024-01-26 05:00:00,2024-01-26,05:00:00,0.5258,Friday,5,1,Winter,0
10023456781,2024-01-26 06:00:00,2024-01-26,06:00:00,0.8301,Friday,6,1,Winter,0
10023456781,2024-01-26 07:00:00,2024-01-26,07:00:00,1.2748,Friday,7,1,Winter,0
10023456781,2024-01-26 08:00:00,2024-01-26,08:00:00,1.1857,Friday,8,1,Winter,0
10023456781,2024-01-26 09:00:00,2024-01-26,09:00:00,1.2300,Friday,9,1,Winter,0
10023456781,2024-01-26 10:00:00,2024-01-26,10:00:00,0.7149,Friday,10,1,Winter,0
10023456781,2024-01-26 11:00:00,2024-01-26,11:00:00,0.8608,Friday,11,1,Winter,0
10023456781,2024-01-26 12:00:00,2024-01-26,12:00:00,0.8039,Friday,12,1,Winter,0
10023456781,2024-01-26 13:00:00,2024-01-26,13:00:00,0.9274,Friday,13,1,Winter,0
10023456781,2024-01-26 14:00:00,2024-01-26,14:00:00,0.8955,Friday,14,1,Winter,0
10023456781,2024-01-26 15:00:00,2024-01-26,15:00:00,0.9182,Friday,15,1,Winter,0
10023456781,2024-01-26 16:00:00,2024-01-26,16:00:00,1.1033,Friday,16,1,Winter,0
10023456781,2024-01-26 17:00:00,2024-01-26,17:00:00,1.3238,Friday,17,1,Winter,0
10023456781,2024-01-26 18:00:00,2024-01-26,18:00:00,1.6365,Friday,18,1,Winter,0
10023456781,2024-01-26 19:00:00,2024-01-26,19:00:00,2.0030,Friday,19,1,Winter,0
10023456781,2024-01-26 20:00:00,2024-01-26,20:00:00,1.9888,Friday,20,1,Winter,0
10023456781,2024-01-26 21:00:00,2024-01-26,21:00:00,1.2112,Friday,21,1,Winter,0
10023456781,2024-01-26 22:00:00,2024-01-26,22:00:00,1.1118,Friday,22,1,Winter,0
10023456781,2024-01-26 23:00:00,2024-01-26,23:00:00,0.5240,Friday,23,1,Winter,0
10023456781,2024-01-27 00:00:00,2024-01-27,00:00:00,0.4759,Saturday,0,1,Winter,0
10023456781,2024-01-27 01:00:00,2024-01-27,01:00:00,0.4034,Saturday,1,1,Winter,0
10023456781,2024-01-27 02:00:00,2024-01-27,02:00:00,0.3708,Saturday,2,1,Winter,0
10023456781,2024-01-27 03:00:00,2024-01-27,03:00:00,0.4050,Saturday,3,1,Winter,0
10023456781,2024-01-27 04:00:00,2024-01-27,04:00:00,0.4688,Saturday,4,1,Winter,0
10023456781,2024-01-27 05:00:00,2024-01-27,05:00:00,0.5327,Saturday,5,1,Winter,0
10023456781,2024-01-27 06:00:00,2024-01-27,06:00:00,0.5015,Saturday,6,1,Winter,0
10023456781,2024-01-27 07:00:00,2024-01-27,07:00:00,1.2229,Saturday,7,1,Winter,0
10023456781,2024-01-27 08:00:00,2024-01-27,08:00:00,1.3531,Saturday,8,1,Winter,0
10023456781,2024-01-27 09:00:00,2024-01-27,09:00:00,0.1317,Saturday,9,1,Winter,1
10023456781,2024-01-27 10:00:00,2024-01-27,10:00:00,1.4760,Saturday,10,1,Winter,0
10023456781,2024-01-27 11:00:00,2024-01-27,11:00:00,1.2724,Saturday,11,1,Winter,0
10023456781,2024-01-27 12:00:00,2024-01-27,12:00:00,1.2325,Saturday,12,1,Winter,0
10023456781,2024-01-27 13:00:00,2024-01-27,13:00:00,1.3388,Saturday,13,1,Winter,0
10023456781,2024-01-27 14:00:00,2024-01-27,14:00:00,1.1186,Saturday,14,1,Winter,0
10023456781,2024-01-27 15:00:00,2024-01-27,15:00:00,1.1017,Saturday,15,1,Winter,0
10023456781,2024-01-27 16:00:00,2024-01-27,16:00:00,1.4653,Saturday,16,1,Winter,0
10023456781,2024-01-27 17:00:00,2024-01-27,17:00:00,1.4099,Saturday,17,1,Winter,0
10023456781,2024-01-27 18:00:00,2024-01-27,18:00:00,2.1414,Saturday,18,1,Winter,0
10023456781,2024-01-27 19:00:00,2024-01-27,19:00:00,1.9042,Saturday,19,1,Winter,0
10023456781,2024-01-27 20:00:00,2024-01-27,20:00:00,2.1269,Saturday,20,1,Winter,0
10023456781,2024-01-27 21:00:00,2024-01-27,21:00:00,2.1623,Saturday,21,1,Winter,0
10023456781,2024-01-27 22:00:00,2024-01-27,22:00:00,1.5303,Saturday,22,1,Winter,0
10023456781,2024-01-27 23:00:00,2024-01-27,23:00:00,0.8861,Saturday,23,1,Winter,0
10023456781,2024-01-28 00:00:00,2024-01-28,00:00:00,0.3976,Sunday,0,1,Winter,0
10023456781,2024-01-28 01:00:00,2024-01-28,01:00:00,0.4463,Sunday,1,1,Winter,0
10023456781,2024-01-28 02:00:00,2024-01-28,02:00:00,0.3650,Sunday,2,1,Winter,0
10023456781,2024-01-28 03:00:00,2024-01-28,03:00:00,0.4687,Sunday,3,1,Winter,0
10023456781,2024-01-28 04:00:00,2024-01-28,04:00:00,0.4806,Sunday,4,1,Winter,0
10023456781,2024-01-28 05:00:00,2024-01-28,05:00:00,0.4412,Sunday,5,1,Winter,0
10023456781,2024-01-28 06:00:00,2024-01-28,06:00:00,0.7414,Sunday,6,1,Winter,0
10023456781,2024-01-28 07:00:00,2024-01-28,07:00:00,1.1709,Sunday,7,1,Winter,0
10023456781,2024-01-28 08:00:00,2024-01-28,08:00:00,1.7114,Sunday,8,1,Winter,0
10023456781,2024-01-28 09:00:00,2024-01-28,09:00:00,1.5898,Sunday,9,1,Winter,0
10023456781,2024-01-28 10:00:00,2024-01-28,10:00:00,1.6286,Sunday,10,1,Winter,0
10023456781,2024-01-28 11:00:00,2024-01-28,11:00:00,1.2862,Sunday,11,1,Winter,0
10023456781,2024-01-28 12:00:00,2024-01-28,12:00:00,1.3201,Sunday,12,1,Winter,0
10023456781,2024-01-28 13:00:00,2024-01-28,13:00:00,1.4023,Sunday,13,1,Winter,0
10023456781,2024-01-28 14:00:00,2024-01-28,14:00:00,1.0501,Sunday,14,1,Winter,0
10023456781,2024-01-28 15:00:00,2024-01-28,15:00:00,1.2958,Sunday,15,1,Winter,0
10023456781,2024-01-28 16:00:00,2024-01-28,16:00:00,1.6396,Sunday,16,1,Winter,0
10023456781,2024-01-28 17:00:00,2024-01-28,17:00:00,1.4507,Sunday,17,1,Winter,0
10023456781,2024-01-28 18:00:00,2024-01-28,18:00:00,1.9937,Sunday,18,1,Winter,0
10023456781,2024-01-28 19:00:00,2024-01-28,19:00:00,2.6937,Sunday,19,1,Winter,0
10023456781,2024-01-28 20:00:00,2024-01-28,20:00:00,2.2160,Sunday,20,1,Winter,0
10023456781,2024-01-28 21:00:00,2024-01-28,21:00:00,2.1354,Sunday,21,1,Winter,0
10023456781,2024-01-28 22:00:00,2024-01-28,22:00:00,1.6323,Sunday,22,1,Winter,0
10023456781,2024-01-28 23:00:00,2024-01-28,23:00:00,1.1358,Sunday,23,1,Winter,0
10023456781,2024-01-29 00:00:00,2024-01-29,00:00:00,0.5202,Monday,0,1,Winter,0
10023456781,2024-01-29 01:00:00,2024-01-29,01:00:00,0.3669,Monday,1,1,Winter,0
10023456781,2024-01-29 02:00:00,2024-01-29,02:00:00,0.3526,Monday,2,1,Winter,0
10023456781,2024-01-29 03:00:00,2024-01-29,03:00:00,0.3811,Monday,3,1,Winter,0
10023456781,2024-01-29 04:00:00,2024-01-29,04:00:00,0.3502,Monday,4,1,Winter,0
10023456781,2024-01-29 05:00:00,2024-01-29,05:00:00,0.5287,Monday,5,1,Winter,0
10023456781,2024-01-29 06:00:00,2024-01-29,06:00:00,0.9151,Monday,6,1,Winter,0
10023456781,2024-01-29 07:00:00,2024-01-29,07:00:00,1.3526,Monday,7,1,Winter,0
10023456781,2024-01-29 08:00:00,2024-01-29,08:00:00,1.3699,Monday,8,1,Winter,0
10023456781,2024-01-29 09:00:00,2024-01-29,09:00:00,1.3441,Monday,9,1,Winter,0
10023456781,2024-01-29 10:00:00,2024-01-29,10:00:00,1.1248,Monday,10,1,Winter,0
10023456781,2024-01-29 11:00:00,2024-01-29,11:00:00,0.7786,Monday,11,1,Winter,0
10023456781,2024-01-29 12:00:00,2024-01-29,12:00:00,0.7534,Monday,12,1,Winter,0
10023456781,2024-01-29 13:00:00,2024-01-29,13:00:00,0.9298,Monday,13,1,Winter,0
10023456781,2024-01-29 14:00:00,2024-01-29,14:00:00,0.9967,Monday,14,1,Winter,0
10023456781,2024-01-29 15:00:00,2024-01-29,15:00:00,1.0680,Monday,15,1,Winter,0
10023456781,2024-01-29 16:00:00,2024-01-29,16:00:00,1.2523,Monday,16,1,Winter,0
10023456781,2024-01-29 17:00:00,2024-01-29,17:00:00,1.4909,Monday,17,1,Winter,0
10023456781,2024-01-29 18:00:00,2024-01-29,18:00:00,2.4151,Monday,18,1,Winter,0
10023456781,2024-01-29 19:00:00,2024-01-29,19:00:00,2.3574,Monday,19,1,Winter,0
10023456781,2024-01-29 20:00:00,2024-01-29,20:00:00,2.1837,Monday,20,1,Winter,0
10023456781,2024-01-29 21:00:00,2024-01-29,21:00:00,2.0041,Monday,21,1,Winter,0
10023456781,2024-01-29 22:00:00,2024-01-29,22:00:00,1.3874,Monday,22,1,Winter,0
10023456781,2024-01-29 23:00:00,2024-01-29,23:00:00,0.8043,Monday,23,1,Winter,0
10023456781,2024-01-30 00:00:00,2024-01-30,00:00:00,0.4319,Tuesday,0,1,Winter,0
10023456781,2024-01-30 01:00:00,2024-01-30,01:00:00,0.3759,Tuesday,1,1,Winter,0
10023456781,2024-01-30 02:00:00,2024-01-30,02:00:00,0.3604,Tuesday,2,1,Winter,0
10023456781,2024-01-30 03:00:00,2024-01-30,03:00:00,0.4559,Tuesday,3,1,Winter,0
10023456781,2024-01-30 04:00:00,2024-01-30,04:00:00,0.3158,Tuesday,4,1,Winter,0
10023456781,2024-01-30 05:00:00,2024-01-30,05:00:00,0.5385,Tuesday,5,1,Winter,0
10023456781,2024-01-30 06:00:00,2024-01-30,06:00:00,0.8781,Tuesday,6,1,Winter,0
10023456781,2024-01-30 07:00:00,2024-01-30,07:00:00,1.4590,Tuesday,7,1,Winter,0
10023456781,2024-01-30 08:00:00,2024-01-30,08:00:00,1.4122,Tuesday,8,1,Winter,0
10023456781,2024-01-30 09:00:00,2024-01-30,09:00:00,1.3576,Tuesday,9,1,Winter,0
10023456781,2024-01-30 10:00:00,2024-01-30,10:00:00,1.0488,Tuesday,10,1,Winter,0
10023456781,2024-01-30 11:00:00,2024-01-30,11:00:00,0.9939,Tuesday,11,1,Winter,0
10023456781,2024-01-30 12:00:00,2024-01-30,12:00:00,1.0361,Tuesday,12,1,Winter,0
10023456781,2024-01-30 13:00:00,2024-01-30,13:00:00,0.9814,Tuesday,13,1,Winter,0
10023456781,2024-01-30 14:00:00,2024-01-30,14:00:00,0.9060,Tuesday,14,1,Winter,0
10023456781,2024-01-30 15:00:00,2024-01-30,15:00:00,1.0405,Tuesday,15,1,Winter,0
10023456781,2024-01-30 16:00:00,2024-01-30,16:00:00,1.0398,Tuesday,16,1,Winter,0
10023456781,2024-01-30 17:00:00,2024-01-30,17:00:00,1.6728,Tuesday,17,1,Winter,0
10023456781,2024-01-30 18:00:00,2024-01-30,18:00:00,1.8273,Tuesday,18,1,Winter,0
10023456781,2024-01-30 19:00:00,2024-01-30,19:00:00,2.1271,Tuesday,19,1,Winter,0
10023456781,2024-01-30 20:00:00,2024-01-30,20:00:00,2.0493,Tuesday,20,1,Winter,0
10023456781,2024-01-30 21:00:00,2024-01-30,21:00:00,2.2187,Tuesday,21,1,Winter,0
10023456781,2024-01-30 22:00:00,2024-01-30,22:00:00,1.2853,Tuesday,22,1,Winter,0
10023456781,2024-01-30 23:00:00,2024-01-30,23:00:00,0.7624,Tuesday,23,1,Winter,0
10023456781,2024-01-31 00:00:00,2024-01-31,00:00:00,0.3932,Wednesday,0,1,Winter,0
10023456781,2024-01-31 01:00:00,2024-01-31,01:00:00,0.3334,Wednesday,1,1,Winter,0
10023456781,2024-01-31 02:00:00,2024-01-31,02:00:00,0.3276,Wednesday,2,1,Winter,0
10023456781,2024-01-31 03:00:00,2024-01-31,03:00:00,0.3670,Wednesday,3,1,Winter,0
10023456781,2024-01-31 04:00:00,2024-01-31,04:00:00,0.3494,Wednesday,4,1,Winter,0
10023456781,2024-01-31 05:00:00,2024-01-31,05:00:00,0.5507,Wednesday,5,1,Winter,0
10023456781,2024-01-31 06:00:00,2024-01-31,06:00:00,0.9576,Wednesday,6,1,Winter,0
10023456781,2024-01-31 07:00:00,2024-01-31,07:00:00,1.1106,Wednesday,7,1,Winter,0
10023456781,2024-01-31 08:00:00,2024-01-31,08:00:00,1.1790,Wednesday,8,1,Winter,0
10023456781,2024-01-31 09:00:00,2024-01-31,09:00:00,1.0736,Wednesday,9,1,Winter,0
10023456781,2024-01-31 10:00:00,2024-01-31,10:00:00,0.9365,Wednesday,10,1,Winter,0
10023456781,2024-01-31 11:00:00,2024-01-31,11:00:00,0.9868,Wednesday,11,1,Winter,0
10023456781,2024-01-31 12:00:00,2024-01-31,12:00:00,0.8691,Wednesday,12,1,Winter,0
10023456781,2024-01-31 13:00:00,2024-01-31,13:00:00,0.9462,Wednesday,13,1,Winter,0
10023456781,2024-01-31 14:00:00,2024-01-31,14:00:00,2.1662,Wednesday,14,1,Winter,1
10023456781,2024-01-31 15:00:00,2024-01-31,15:00:00,0.9104,Wednesday,15,1,Winter,0
10023456781,2024-01-31 16:00:00,2024-01-31,16:00:00,1.0633,Wednesday,16,1,Winter,0
10023456781,2024-01-31 17:00:00,2024-01-31,17:00:00,1.1013,Wednesday,17,1,Winter,0
10023456781,2024-01-31 18:00:00,2024-01-31,18:00:00,1.6665,Wednesday,18,1,Winter,0
10023456781,2024-01-31 19:00:00,2024-01-31,19:00:00,1.8089,Wednesday,19,1,Winter,0
10023456781,2024-01-31 20:00:00,2024-01-31,20:00:00,1.9016,Wednesday,20,1,Winter,0
10023456781,2024-01-31 21:00:00,2024-01-31,21:00:00,1.7610,Wednesday,21,1,Winter,0
10023456781,2024-01-31 22:00:00,2024-01-31,22:00:00,1.1596,Wednesday,22,1,Winter,0
10023456781,2024-01-31 23:00:00,2024-01-31,23:00:00,0.7389,Wednesday,23,1,Winter,0
10023456781,2024-02-01 00:00:00,2024-02-01,00:00:00,0.3546,Thursday,0,2,Winter,0
10023456781,2024-02-01 01:00:00,2024-02-01,01:00:00,0.2800,Thursday,1,2,Winter,0
10023456781,2024-02-01 02:00:00,2024-02-01,02:00:00,0.2594,Thursday,2,2,Winter,0
10023456781,2024-02-01 03:00:00,2024-02-01,03:00:00,0.2653,Thursday,3,2,Winter,0
10023456781,2024-02-01 04:00:00,2024-02-01,04:00:00,0.3093,Thursday,4,2,Winter,0
10023456781,2024-02-01 05:00:00,2024-02-01,05:00:00,0.4001,Thursday,5,2,Winter,0
10023456781,2024-02-01 06:00:00,2024-02-01,06:00:00,0.8016,Thursday,6,2,Winter,0
10023456781,2024-02-01 07:00:00,2024-02-01,07:00:00,0.9836,Thursday,7,2,Winter,0
10023456781,2024-02-01 08:00:00,2024-02-01,08:00:00,1.3124,Thursday,8,2,Winter,0
10023456781,2024-02-01 09:00:00,2024-02-01,09:00:00,1.0228,Thursday,9,2,Winter,0
10023456781,2024-02-01 10:00:00,2024-02-01,10:00:00,0.7010,Thursday,10,2,Winter,0
10023456781,2024-02-01 11:00:00,2024-02-01,11:00:00,0.8102,Thursday,11,2,Winter,0
10023456781,2024-02-01 12:00:00,2024-02-01,12:00:00,0.8747,Thursday,12,2,Winter,0
10023456781,2024-02-01 13:00:00,2024-02-01,13:00:00,0.9231,Thursday,13,2,Winter,0
10023456781,2024-02-01 14:00:00,2024-02-01,14:00:00,0.7476,Thursday,14,2,Winter,0
10023456781,2024-02-01 15:00:00,2024-02-01,15:00:00,0.7534,Thursday,15,2,Winter,0
10023456781,2024-02-01 16:00:00,2024-02-01,16:00:00,0.9187,Thursday,16,2,Winter,0
10023456781,2024-02-01 17:00:00,2024-02-01,17:00:00,1.1437,Thursday,17,2,Winter,0
10023456781,2024-02-01 18:00:00,2024-02-01,18:00:00,1.6397,Thursday,18,2,Winter,0
10023456781,2024-02-01 19:00:00,2024-02-01,19:00:00,1.6001,Thursday,19,2,Winter,0
10023456781,2024-02-01 20:00:00,2024-02-01,20:00:00,1.5976,Thursday,20,2,Winter,0
10023456781,2024-02-01 21:00:00,2024-02-01,21:00:00,1.4976,Thursday,21,2,Winter,0
10023456781,2024-02-01 22:00:00,2024-02-01,22:00:00,1.0338,Thursday,22,2,Winter,0
10023456781,2024-02-01 23:00:00,2024-02-01,23:00:00,0.5416,Thursday,23,2,Winter,0
10023456781,2024-02-02 00:00:00,2024-02-02,00:00:00,0.4060,Friday,0,2,Winter,0
10023456781,2024-02-02 01:00:00,2024-02-02,01:00:00,0.3384,Friday,1,2,Winter,0
10023456781,2024-02-02 02:00:00,2024-02-02,02:00:00,0.3716,Friday,2,2,Winter,0
10023456781,2024-02-02 03:00:00,2024-02-02,03:00:00,0.3370,Friday,3,2,Winter,0
10023456781,2024-02-02 04:00:00,2024-02-02,04:00:00,0.4009,Friday,4,2,Winter,0
10023456781,2024-02-02 05:00:00,2024-02-02,05:00:00,0.5112,Friday,5,2,Winter,0
10023456781,2024-02-02 06:00:00,2024-02-02,06:00:00,0.9236,Friday,6,2,Winter,0
10023456781,2024-02-02 07:00:00,2024-02-02,07:00:00,1.3658,Friday,7,2,Winter,0
10023456781,2024-02-02 08:00:00,2024-02-02,08:00:00,1.3075,Friday,8,2,Winter,0
10023456781,2024-02-02 09:00:00,2024-02-02,09:00:00,1.5430,Friday,9,2,Winter,0
10023456781,2024-02-02 10:00:00,2024-02-02,10:00:00,1.0408,Friday,10,2,Winter,0
10023456781,2024-02-02 11:00:00,2024-02-02,11:00:00,0.9541,Friday,11,2,Winter,0
10023456781,2024-02-02 12:00:00,2024-02-02,12:00:00,0.8386,Friday,12,2,Winter,0
10023456781,2024-02-02 13:00:00,2024-02-02,13:00:00,0.9305,Friday,13,2,Winter,0
10023456781,2024-02-02 14:00:00,2024-02-02,14:00:00,0.9380,Friday,14,2,Winter,0
10023456781,2024-02-02 15:00:00,2024-02-02,15:00:00,0.8739,Friday,15,2,Winter,0
10023456781,2024-02-02 16:00:00,2024-02-02,16:00:00,1.0691,Friday,16,2,Winter,0
10023456781,2024-02-02 17:00:00,2024-02-02,17:00:00,1.6626,Friday,17,2,Winter,0
10023456781,2024-02-02 18:00:00,2024-02-02,18:00:00,1.7394,Friday,18,2,Winter,0
10023456781,2024-02-02 19:00:00,2024-02-02,19:00:00,2.1246,Friday,19,2,Winter,0
10023456781,2024-02-02 20:00:00,2024-02-02,20:00:00,2.2195,Friday,20,2,Winter,0
10023456781,2024-02-02 21:00:00,2024-02-02,21:00:00,1.7093,Friday,21,2,Winter,0
10023456781,2024-02-02 22:00:00,2024-02-02,22:00:00,1.3545,Friday,22,2,Winter,0
10023456781,2024-02-02 23:00:00,2024-02-02,23:00:00,0.7844,Friday,23,2,Winter,0
10023456781,2024-02-03 00:00:00,2024-02-03,00:00:00,0.3922,Saturday,0,2,Winter,0
10023456781,2024-02-03 01:00:00,2024-02-03,01:00:00,0.3883,Saturday,1,2,Winter,0
10023456781,2024-02-03 02:00:00,2024-02-03,02:00:00,0.2823,Saturday,2,2,Winter,0
10023456781,2024-02-03 03:00:00,2024-02-03,03:00:00,0.2145,Saturday,3,2,Winter,0
10023456781,2024-02-03 04:00:00,2024-02-03,04:00:00,0.2929,Saturday,4,2,Winter,0
10023456781,2024-02-03 05:00:00,2024-02-03,05:00:00,0.3621,Saturday,5,2,Winter,0
10023456781,2024-02-03 06:00:00,2024-02-03,06:00:00,0.6099,Saturday,6,2,Winter,0
10023456781,2024-02-03 07:00:00,2024-02-03,07:00:00,0.7960,Saturday,7,2,Winter,0
10023456781,2024-02-03 08:00:00,2024-02-03,08:00:00,1.3048,Saturday,8,2,Winter,0
10023456781,2024-02-03 09:00:00,2024-02-03,09:00:00,1.1421,Saturday,9,2,Winter,0
10023456781,2024-02-03 10:00:00,2024-02-03,10:00:00,1.1325,Saturday,10,2,Winter,0
10023456781,2024-02-03 11:00:00,2024-02-03,11:00:00,1.0886,Saturday,11,2,Winter,0
10023456781,2024-02-03 12:00:00,2024-02-03,12:00:00,0.9748,Saturday,12,2,Winter,0
10023456781,2024-02-03 13:00:00,2024-02-03,13:00:00,0.8956,Saturday,13,2,Winter,0
10023456781,2024-02-03 14:00:00,2024-02-03,14:00:00,1.0447,Saturday,14,2,Winter,0
10023456781,2024-02-03 15:00:00,2024-02-03,15:00:00,0.8931,Saturday,15,2,Winter,0
10023456781,2024-02-03 16:00:00,2024-02-03,16:00:00,1.0512,Saturday,16,2,Winter,0
10023456781,2024-02-03 17:00:00,2024-02-03,17:00:00,1.2539,Saturday,17,2,Winter,0
10023456781,2024-02-03 18:00:00,2024-02-03,18:00:00,1.3933,Saturday,18,2,Winter,0
10023456781,2024-02-03 19:00:00,2024-02-03,19:00:00,1.7332,Saturday,19,2,Winter,0
10023456781,2024-02-03 20:00:00,2024-02-03,20:00:00,1.7193,Saturday,20,2,Winter,0
10023456781,2024-02-03 21:00:00,2024-02-03,21:00:00,1.5166,Saturday,21,2,Winter,0
10023456781,2024-02-03 22:00:00,2024-02-03,22:00:00,1.2232,Saturday,22,2,Winter,0
10023456781,2024-02-03 23:00:00,2024-02-03,23:00:00,0.7077,Saturday,23,2,Winter,0
10023456781,2024-02-04 00:00:00,2024-02-04,00:00:00,0.4565,Sunday,0,2,Winter,0
10023456781,2024-02-04 01:00:00,2024-02-04,01:00:00,0.3863,Sunday,1,2,Winter,0
10023456781,2024-02-04 02:00:00,2024-02-04,02:00:00,0.3127,Sunday,2,2,Winter,0
10023456781,2024-02-04 03:00:00,2024-02-04,03:00:00,0.2117,Sunday,3,2,Winter,0
10023456781,2024-02-04 04:00:00,2024-02-04,04:00:00,0.3583,Sunday,4,2,Winter,0
10023456781,2024-02-04 05:00:00,2024-02-04,05:00:00,0.3344,Sunday,5,2,Winter,0
10023456781,2024-02-04 06:00:00,2024-02-04,06:00:00,0.6469,Sunday,6,2,Winter,0
10023456781,2024-02-04 07:00:00,2024-02-04,07:00:00,0.8387,Sunday,7,2,Winter,0
10023456781,2024-02-04 08:00:00,2024-02-04,08:00:00,1.3122,Sunday,8,2,Winter,0
10023456781,2024-02-04 09:00:00,2024-02-04,09:00:00,1.2733,Sunday,9,2,Winter,0
10023456781,2024-02-04 10:00:00,2024-02-04,10:00:00,1.0800,Sunday,10,2,Winter,0
10023456781,2024-02-04 11:00:00,2024-02-04,11:00:00,1.1132,Sunday,11,2,Winter,0
10023456781,2024-02-04 12:00:00,2024-02-04,12:00:00,1.0598,Sunday,12,2,Winter,0
10023456781,2024-02-04 13:00:00,2024-02-04,13:00:00,1.0222,Sunday,13,2,Winter,0
10023456781,2024-02-04 14:00:00,2024-02-04,14:00:00,0.9117,Sunday,14,2,Winter,0
10023456781,2024-02-04 15:00:00,2024-02-04,15:00:00,0.9678,Sunday,15,2,Winter,0
10023456781,2024-02-04 16:00:00,2024-02-04,16:00:00,1.0954,Sunday,16,2,Winter,0
10023456781,2024-02-04 17:00:00,2024-02-04,17:00:00,1.3927,Sunday,17,2,Winter,0
10023456781,2024-02-04 18:00:00,2024-02-04,18:00:00,1.4541,Sunday,18,2,Winter,0
10023456781,2024-02-04 19:00:00,2024-02-04,19:00:00,1.7085,Sunday,19,2,Winter,0
10023456781,2024-02-04 20:00:00,2024-02-04,20:00:00,1.7303,Sunday,20,2,Winter,0
10023456781,2024-02-04 21:00:00,2024-02-04,21:00:00,1.7321,Sunday,21,2,Winter,0
10023456781,2024-02-04 22:00:00,2024-02-04,22:00:00,1.1099,Sunday,22,2,Winter,0
10023456781,2024-02-04 23:00:00,2024-02-04,23:00:00,0.6638,Sunday,23,2,Winter,0
10023456781,2024-02-05 00:00:00,2024-02-05,00:00:00,0.4787,Monday,0,2,Winter,0
10023456781,2024-02-05 01:00:00,2024-02-05,01:00:00,0.4111,Monday,1,2,Winter,0
10023456781,2024-02-05 02:00:00,2024-02-05,02:00:00,0.3560,Monday,2,2,Winter,0
10023456781,2024-02-05 03:00:00,2024-02-05,03:00:00,0.3294,Monday,3,2,Winter,0
10023456781,2024-02-05 04:00:00,2024-02-05,04:00:00,0.2789,Monday,4,2,Winter,0
10023456781,2024-02-05 05:00:00,2024-02-05,05:00:00,0.4921,Monday,5,2,Winter,0
10023456781,2024-02-05 06:00:00,2024-02-05,06:00:00,0.9825,Monday,6,2,Winter,0
10023456781,2024-02-05 07:00:00,2024-02-05,07:00:00,1.3460,Monday,7,2,Winter,0
10023456781,2024-02-05 08:00:00,2024-02-05,08:00:00,1.5431,Monday,8,2,Winter,0
10023456781,2024-02-05 09:00:00,2024-02-05,09:00:00,1.1294,Monday,9,2,Winter,0
10023456781,2024-02-05 10:00:00,2024-02-05,10:00:00,0.9704,Monday,10,2,Winter,0
10023456781,2024-02-05 11:00:00,2024-02-05,11:00:00,0.7536,Monday,11,2,Winter,0
10023456781,2024-02-05 12:00:00,2024-02-05,12:00:00,0.7604,Monday,12,2,Winter,0
10023456781,2024-02-05 13:00:00,2024-02-05,13:00:00,0.8818,Monday,13,2,Winter,0
10023456781,2024-02-05 14:00:00,2024-02-05,14:00:00,0.8996,Monday,14,2,Winter,0
10023456781,2024-02-05 15:00:00,2024-02-05,15:00:00,1.0885,Monday,15,2,Winter,0
10023456781,2024-02-05 16:00:00,2024-02-05,16:00:00,1.1605,Monday,16,2,Winter,0
10023456781,2024-02-05 17:00:00,2024-02-05,17:00:00,1.5656,Monday,17,2,Winter,0
10023456781,2024-02-05 18:00:00,2024-02-05,18:00:00,1.4821,Monday,18,2,Winter,0
10023456781,2024-02-05 19:00:00,2024-02-05,19:00:00,2.0102,Monday,19,2,Winter,0
10023456781,2024-02-05 20:00:00,2024-02-05,20:00:00,1.6953,Monday,20,2,Winter,0
10023456781,2024-02-05 21:00:00,2024-02-05,21:00:00,1.8015,Monday,21,2,Winter,0
10023456781,2024-02-05 22:00:00,2024-02-05,22:00:00,1.1542,Monday,22,2,Winter,0
10023456781,2024-02-05 23:00:00,2024-02-05,23:00:00,0.7028,Monday,23,2,Winter,0
10023456781,2024-02-06 00:00:00,2024-02-06,00:00:00,0.4412,Tuesday,0,2,Winter,0
10023456781,2024-02-06 01:00:00,2024-02-06,01:00:00,0.3798,Tuesday,1,2,Winter,0
10023456781,2024-02-06 02:00:00,2024-02-06,02:00:00,0.2898,Tuesday,2,2,Winter,0
10023456781,2024-02-06 03:00:00,2024-02-06,03:00:00,0.2828,Tuesday,3,2,Winter,0
10023456781,2024-02-06 04:00:00,2024-02-06,04:00:00,0.3303,Tuesday,4,2,Winter,0
10023456781,2024-02-06 05:00:00,2024-02-06,05:00:00,0.4492,Tuesday,5,2,Winter,0
10023456781,2024-02-06 06:00:00,2024-02-06,06:00:00,0.8736,Tuesday,6,2,Winter,0
10023456781,2024-02-06 07:00:00,2024-02-06,07:00:00,1.4202,Tuesday,7,2,Winter,0
10023456781,2024-02-06 08:00:00,2024-02-06,08:00:00,1.1640,Tuesday,8,2,Winter,0
10023456781,2024-02-06 09:00:00,2024-02-06,09:00:00,1.5732,Tuesday,9,2,Winter,0
10023456781,2024-02-06 10:00:00,2024-02-06,10:00:00,0.9598,Tuesday,10,2,Winter,0
10023456781,2024-02-06 11:00:00,2024-02-06,11:00:00,0.8642,Tuesday,11,2,Winter,0
10023456781,2024-02-06 12:00:00,2024-02-06,12:00:00,0.8447,Tuesday,12,2,Winter,0
10023456781,2024-02-06 13:00:00,2024-02-06,13:00:00,0.8859,Tuesday,13,2,Winter,0
10023456781,2024-02-06 14:00:00,2024-02-06,14:00:00,0.8756,Tuesday,14,2,Winter,0
10023456781,2024-02-06 15:00:00,2024-02-06,15:00:00,0.8650,Tuesday,15,2,Winter,0
10023456781,2024-02-06 16:00:00,2024-02-06,16:00:00,1.2383,Tuesday,16,2,Winter,0
10023456781,2024-02-06 17:00:00,2024-02-06,17:00:00,1.3872,Tuesday,17,2,Winter,0
10023456781,2024-02-06 18:00:00,2024-02-06,18:00:00,1.8269,Tuesday,18,2,Winter,0
10023456781,2024-02-06 19:00:00,2024-02-06,19:00:00,1.9593,Tuesday,19,2,Winter,0
10023456781,2024-02-06 20:00:00,2024-02-06,20:00:00,2.6315,Tuesday,20,2,Winter,0
10023456781,2024-02-06 21:00:00,2024-02-06,21:00:00,1.6675,Tuesday,21,2,Winter,0
10023456781,2024-02-06 22:00:00,2024-02-06,22:00:00,1.2827,Tuesday,22,2,Winter,0
10023456781,2024-02-06 23:00:00,2024-02-06,23:00:00,0.8454,Tuesday,23,2,Winter,0
10023456781,2024-02-07 00:00:00,2024-02-07,00:00:00,0.3297,Wednesday,0,2,Winter,0
10023456781,2024-02-07 01:00:00,2024-02-07,01:00:00,0.2977,Wednesday,1,2,Winter,0
10023456781,2024-02-07 02:00:00,2024-02-07,02:00:00,0.2653,Wednesday,2,2,Winter,0
10023456781,2024-02-07 03:00:00,2024-02-07,03:00:00,0.2761,Wednesday,3,2,Winter,0
10023456781,2024-02-07 04:00:00,2024-02-07,04:00:00,0.3541,Wednesday,4,2,Winter,0
10023456781,2024-02-07 05:00:00,2024-02-07,05:00:00,0.5681,Wednesday,5,2,Winter,0
10023456781,2024-02-07 06:00:00,2024-02-07,06:00:00,0.7810,Wednesday,6,2,Winter,0
10023456781,2024-02-07 07:00:00,2024-02-07,07:00:00,1.2254,Wednesday,7,2,Winter,0
10023456781,2024-02-07 08:00:00,2024-02-07,08:00:00,1.2980,Wednesday,8,2,Winter,0
10023456781,2024-02-07 09:00:00,2024-02-07,09:00:00,1.2780,Wednesday,9,2,Winter,0
10023456781,2024-02-07 10:00:00,2024-02-07,10:00:00,0.7029,Wednesday,10,2,Winter,0
10023456781,2024-02-07 11:00:00,2024-02-07,11:00:00,0.9763,Wednesday,11,2,Winter,0
10023456781,2024-02-07 12:00:00,2024-02-07,12:00:00,0.7825,Wednesday,12,2,Winter,0
10023456781,2024-02-07 13:00:00,2024-02-07,13:00:00,0.9819,Wednesday,13,2,Winter,0
10023456781,2024-02-07 14:00:00,2024-02-07,14:00:00,0.7835,Wednesday,14,2,Winter,0
10023456781,2024-02-07 15:00:00,2024-02-07,15:00:00,0.9797,Wednesday,15,2,Winter,0
10023456781,2024-02-07 16:00:00,2024-02-07,16:00:00,1.0293,Wednesday,16,2,Winter,0
10023456781,2024-02-07 17:00:00,2024-02-07,17:00:00,1.3015,Wednesday,17,2,Winter,0
10023456781,2024-02-07 18:00:00,2024-02-07,18:00:00,1.9998,Wednesday,18,2,Winter,0
10023456781,2024-02-07 19:00:00,2024-02-07,19:00:00,2.3238,Wednesday,19,2,Winter,0
10023456781,2024-02-07 20:00:00,2024-02-07,20:00:00,1.6963,Wednesday,20,2,Winter,0
10023456781,2024-02-07 21:00:00,2024-02-07,21:00:00,1.5653,Wednesday,21,2,Winter,0
10023456781,2024-02-07 22:00:00,2024-02-07,22:00:00,1.0156,Wednesday,22,2,Winter,0
10023456781,2024-02-07 23:00:00,2024-02-07,23:00:00,0.7694,Wednesday,23,2,Winter,0
10023456781,2024-02-08 00:00:00,2024-02-08,00:00:00,0.4237,Thursday,0,2,Winter,0
10023456781,2024-02-08 01:00:00,2024-02-08,01:00:00,0.3830,Thursday,1,2,Winter,0
10023456781,2024-02-08 02:00:00,2024-02-08,02:00:00,0.2930,Thursday,2,2,Winter,0
10023456781,2024-02-08 03:00:00,2024-02-08,03:00:00,0.3538,Thursday,3,2,Winter,0
10023456781,2024-02-08 04:00:00,2024-02-08,04:00:00,0.3521,Thursday,4,2,Winter,0
10023456781,2024-02-08 05:00:00,2024-02-08,05:00:00,0.5228,Thursday,5,2,Winter,0
10023456781,2024-02-08 06:00:00,2024-02-08,06:00:00,0.8979,Thursday,6,2,Winter,0
10023456781,2024-02-08 07:00:00,2024-02-08,07:00:00,1.3776,Thursday,7,2,Winter,0
10023456781,2024-02-08 08:00:00,2024-02-08,08:00:00,1.5832,Thursday,8,2,Winter,0
10023456781,2024-02-08 09:00:00,2024-02-08,09:00:00,1.2572,Thursday,9,2,Winter,0
10023456781,2024-02-08 10:00:00,2024-02-08,10:00:00,1.0440,Thursday,10,2,Winter,0
10023456781,2024-02-08 11:00:00,2024-02-08,11:00:00,0.8590,Thursday,11,2,Winter,0
10023456781,2024-02-08 12:00:00,2024-02-08,12:00:00,0.8815,Thursday,12,2,Winter,0
10023456781,2024-02-08 13:00:00,2024-02-08,13:00:00,0.9534,Thursday,13,2,Winter,0
10023456781,2024-02-08 14:00:00,2024-02-08,14:00:00,0.9409,Thursday,14,2,Winter,0
10023456781,2024-02-08 15:00:00,2024-02-08,15:00:00,0.9298,Thursday,15,2,Winter,0
10023456781,2024-02-08 16:00:00,2024-02-08,16:00:00,1.2865,Thursday,16,2,Winter,0
10023456781,2024-02-08 17:00:00,2024-02-08,17:00:00,1.5226,Thursday,17,2,Winter,0
10023456781,2024-02-08 18:00:00,2024-02-08,18:00:00,1.8333,Thursday,18,2,Winter,0
10023456781,2024-02-08 19:00:00,2024-02-08,19:00:00,1.9573,Thursday,19,2,Winter,0
10023456781,2024-02-08 20:00:00,2024-02-08,20:00:00,2.0593,Thursday,20,2,Winter,0
10023456781,2024-02-08 21:00:00,2024-02-08,21:00:00,1.7938,Thursday,21,2,Winter,0
10023456781,2024-02-08 22:00:00,2024-02-08,22:00:00,1.2373,Thursday,22,2,Winter,0
10023456781,2024-02-08 23:00:00,2024-02-08,23:00:00,0.6492,Thursday,23,2,Winter,0
10023456781,2024-02-09 00:00:00,2024-02-09,00:00:00,0.4004,Friday,0,2,Winter,0
10023456781,2024-02-09 01:00:00,2024-02-09,01:00:00,0.5399,Friday,1,2,Winter,0
10023456781,2024-02-09 02:00:00,2024-02-09,02:00:00,0.4209,Friday,2,2,Winter,0
10023456781,2024-02-09 03:00:00,2024-02-09,03:00:00,0.4640,Friday,3,2,Winter,0
10023456781,2024-02-09 04:00:00,2024-02-09,04:00:00,0.5709,Friday,4,2,Winter,0
10023456781,2024-02-09 05:00:00,2024-02-09,05:00:00,0.7963,Friday,5,2,Winter,0
10023456781,2024-02-09 06:00:00,2024-02-09,06:00:00,1.0925,Friday,6,2,Winter,0
10023456781,2024-02-09 07:00:00,2024-02-09,07:00:00,1.9962,Friday,7,2,Winter,0
10023456781,2024-02-09 08:00:00,2024-02-09,08:00:00,2.1625,Friday,8,2,Winter,0
10023456781,2024-02-09 09:00:00,2024-02-09,09:00:00,1.8108,Friday,9,2,Winter,0
10023456781,2024-02-09 10:00:00,2024-02-09,10:00:00,1.2615,Friday,10,2,Winter,0
10023456781,2024-02-09 11:00:00,2024-02-09,11:00:00,1.1774,Friday,11,2,Winter,0
10023456781,2024-02-09 12:00:00,2024-02-09,12:00:00,1.2468,Friday,12,2,Winter,0
10023456781,2024-02-09 13:00:00,2024-02-09,13:00:00,1.2976,Friday,13,2,Winter,0
10023456781,2024-02-09 14:00:00,2024-02-09,14:00:00,1.2088,Friday,14,2,Winter,0
10023456781,2024-02-09 15:00:00,2024-02-09,15:00:00,1.3856,Friday,15,2,Winter,0
10023456781,2024-02-09 16:00:00,2024-02-09,16:00:00,1.5891,Friday,16,2,Winter,0
10023456781,2024-02-09 17:00:00,2024-02-09,17:00:00,1.7690,Friday,17,2,Winter,0
10023456781,2024-02-09 18:00:00,2024-02-09,18:00:00,2.0941,Friday,18,2,Winter,0
10023456781,2024-02-09 19:00:00,2024-02-09,19:00:00,2.6838,Friday,19,2,Winter,0
10023456781,2024-02-09 20:00:00,2024-02-09,20:00:00,2.6522,Friday,20,2,Winter,0
10023456781,2024-02-09 21:00:00,2024-02-09,21:00:00,1.9978,Friday,21,2,Winter,0
10023456781,2024-02-09 22:00:00,2024-02-09,22:00:00,1.5047,Friday,22,2,Winter,0
10023456781,2024-02-09 23:00:00,2024-02-09,23:00:00,0.8711,Friday,23,2,Winter,0
10023456781,2024-02-10 00:00:00,2024-02-10,00:00:00,0.4664,Saturday,0,2,Winter,0
10023456781,2024-02-10 01:00:00,2024-02-10,01:00:00,0.3631,Saturday,1,2,Winter,0
10023456781,2024-02-10 02:00:00,2024-02-10,02:00:00,0.4474,Saturday,2,2,Winter,0
10023456781,2024-02-10 03:00:00,2024-02-10,03:00:00,0.3582,Saturday,3,2,Winter,0
10023456781,2024-02-10 04:00:00,2024-02-10,04:00:00,0.4044,Saturday,4,2,Winter,0
10023456781,2024-02-10 05:00:00,2024-02-10,05:00:00,0.5655,Saturday,5,2,Winter,0
10023456781,2024-02-10 06:00:00,2024-02-10,06:00:00,0.7248,Saturday,6,2,Winter,0
10023456781,2024-02-10 07:00:00,2024-02-10,07:00:00,0.8897,Saturday,7,2,Winter,0
10023456781,2024-02-10 08:00:00,2024-02-10,08:00:00,1.6889,Saturday,8,2,Winter,0
10023456781,2024-02-10 09:00:00,2024-02-10,09:00:00,1.6528,Saturday,9,2,Winter,0
10023456781,2024-02-10 10:00:00,2024-02-10,10:00:00,1.3176,Saturday,10,2,Winter,0
10023456781,2024-02-10 11:00:00,2024-02-10,11:00:00,1.2127,Saturday,11,2,Winter,0
10023456781,2024-02-10 12:00:00,2024-02-10,12:00:00,1.2708,Saturday,12,2,Winter,0
10023456781,2024-02-10 13:00:00,2024-02-10,13:00:00,1.2060,Saturday,13,2,Winter,0
10023456781,2024-02-10 14:00:00,2024-02-10,14:00:00,1.3350,Saturday,14,2,Winter,0
10023456781,2024-02-10 15:00:00,2024-02-10,15:00:00,1.1647,Saturday,15,2,Winter,0
10023456781,2024-02-10 16:00:00,2024-02-10,16:00:00,1.4667,Saturday,16,2,Winter,0
10023456781,2024-02-10 17:00:00,2024-02-10,17:00:00,1.7217,Saturday,17,2,Winter,0
10023456781,2024-02-10 18:00:00,2024-02-10,18:00:00,1.8623,Saturday,18,2,Winter,0
10023456781,2024-02-10 19:00:00,2024-02-10,19:00:00,2.2989,Saturday,19,2,Winter,0
10023456781,2024-02-10 20:00:00,2024-02-10,20:00:00,2.0501,Saturday,20,2,Winter,0
10023456781,2024-02-10 21:00:00,2024-02-10,21:00:00,1.8183,Saturday,21,2,Winter,0
10023456781,2024-02-10 22:00:00,2024-02-10,22:00:00,1.4549,Saturday,22,2,Winter,0
10023456781,2024-02-10 23:00:00,2024-02-10,23:00:00,1.0411,Saturday,23,2,Winter,0
10023456781,2024-02-11 00:00:00,2024-02-11,00:00:00,0.5922,Sunday,0,2,Winter,0
10023456781,2024-02-11 01:00:00,2024-02-11,01:00:00,0.5291,Sunday,1,2,Winter,0
10023456781,2024-02-11 02:00:00,2024-02-11,02:00:00,0.4009,Sunday,2,2,Winter,0
10023456781,2024-02-11 03:00:00,2024-02-11,03:00:00,0.3655,Sunday,3,2,Winter,0
10023456781,2024-02-11 04:00:00,2024-02-11,04:00:00,0.4689,Sunday,4,2,Winter,0
10023456781,2024-02-11 05:00:00,2024-02-11,05:00:00,0.4308,Sunday,5,2,Winter,0
10023456781,2024-02-11 06:00:00,2024-02-11,06:00:00,0.9454,Sunday,6,2,Winter,0
10023456781,2024-02-11 07:00:00,2024-02-11,07:00:00,1.4955,Sunday,7,2,Winter,0
10023456781,2024-02-11 08:00:00,2024-02-11,08:00:00,1.8817,Sunday,8,2,Winter,0
10023456781,2024-02-11 09:00:00,2024-02-11,09:00:00,1.9653,Sunday,9,2,Winter,0
10023456781,2024-02-11 10:00:00,2024-02-11,10:00:00,9.9441,Sunday,10,2,Winter,1
10023456781,2024-02-11 11:00:00,2024-02-11,11:00:00,1.6046,Sunday,11,2,Winter,0
10023456781,2024-02-11 12:00:00,2024-02-11,12:00:00,1.3225,Sunday,12,2,Winter,0
10023456781,2024-02-11 13:00:00,2024-02-11,13:00:00,4.4045,Sunday,13,2,Winter,1
10023456781,2024-02-11 14:00:00,2024-02-11,14:00:00,1.3231,Sunday,14,2,Winter,0
10023456781,2024-02-11 15:00:00,2024-02-11,15:00:00,1.4568,Sunday,15,2,Winter,0
10023456781,2024-02-11 16:00:00,2024-02-11,16:00:00,1.4052,Sunday,16,2,Winter,0
10023456781,2024-02-11 17:00:00,2024-02-11,17:00:00,1.8890,Sunday,17,2,Winter,0
10023456781,2024-02-11 18:00:00,2024-02-11,18:00:00,2.1584,Sunday,18,2,Winter,0
10023456781,2024-02-11 19:00:00,2024-02-11,19:00:00,2.2659,Sunday,19,2,Winter,0
10023456781,2024-02-11 20:00:00,2024-02-11,20:00:00,2.1682,Sunday,20,2,Winter,0
10023456781,2024-02-11 21:00:00,2024-02-11,21:00:00,2.0848,Sunday,21,2,Winter,0
10023456781,2024-02-11 22:00:00,2024-02-11,22:00:00,1.6179,Sunday,22,2,Winter,0
10023456781,2024-02-11 23:00:00,2024-02-11,23:00:00,0.7921,Sunday,23,2,Winter,0
10023456781,2024-02-12 00:00:00,2024-02-12,00:00:00,0.4528,Monday,0,2,Winter,0
10023456781,2024-02-12 01:00:00,2024-02-12,01:00:00,0.5144,Monday,1,2,Winter,0
10023456781,2024-02-12 02:00:00,2024-02-12,02:00:00,0.4411,Monday,2,2,Winter,0
10023456781,2024-02-12 03:00:00,2024-02-12,03:00:00,0.3888,Monday,3,2,Winter,0
10023456781,2024-02-12 04:00:00,2024-02-12,04:00:00,0.3860,Monday,4,2,Winter,0
10023456781,2024-02-12 05:00:00,2024-02-12,05:00:00,0.5658,Monday,5,2,Winter,0
10023456781,2024-02-12 06:00:00,2024-02-12,06:00:00,1.2817,Monday,6,2,Winter,0
10023456781,2024-02-12 07:00:00,2024-02-12,07:00:00,1.4720,Monday,7,2,Winter,0
10023456781,2024-02-12 08:00:00,2024-02-12,08:00:00,1.8199,Monday,8,2,Winter,0
10023456781,2024-02-12 09:00:00,2024-02-12,09:00:00,1.2405,Monday,9,2,Winter,0
10023456781,2024-02-12 10:00:00,2024-02-12,10:00:00,4.2536,Monday,10,2,Winter,1
10023456781,2024-02-12 11:00:00,2024-02-12,11:00:00,1.1712,Monday,11,2,Winter,0
10023456781,2024-02-12 12:00:00,2024-02-12,12:00:00,1.1318,Monday,12,2,Winter,0
10023456781,2024-02-12 13:00:00,2024-02-12,13:00:00,1.1037,Monday,13,2,Winter,0
10023456781,2024-02-12 14:00:00,2024-02-12,14:00:00,0.9154,Monday,14,2,Winter,0
10023456781,2024-02-12 15:00:00,2024-02-12,15:00:00,1.1505,Monday,15,2,Winter,0
10023456781,2024-02-12 16:00:00,2024-02-12,16:00:00,1.3988,Monday,16,2,Winter,0
10023456781,2024-02-12 17:00:00,2024-02-12,17:00:00,1.8319,Monday,17,2,Winter,0
10023456781,2024-02-12 18:00:00,2024-02-12,18:00:00,1.8200,Monday,18,2,Winter,0
10023456781,2024-02-12 19:00:00,2024-02-12,19:00:00,2.0363,Monday,19,2,Winter,0
10023456781,2024-02-12 20:00:00,2024-02-12,20:00:00,2.2733,Monday,20,2,Winter,0
10023456781,2024-02-12 21:00:00,2024-02-12,21:00:00,1.9734,Monday,21,2,Winter,0
10023456781,2024-02-12 22:00:00,2024-02-12,22:00:00,1.3715,Monday,22,2,Winter,0
10023456781,2024-02-12 23:00:00,2024-02-12,23:00:00,0.7895,Monday,23,2,Winter,0
10023456781,2024-02-13 00:00:00,2024-02-13,00:00:00,0.4367,Tuesday,0,2,Winter,0
10023456781,2024-02-13 01:00:00,2024-02-13,01:00:00,0.4309,Tuesday,1,2,Winter,0
10023456781,2024-02-13 02:00:00,2024-02-13,02:00:00,0.3672,Tuesday,2,2,Winter,0
10023456781,2024-02-13 03:00:00,2024-02-13,03:00:00,0.4326,Tuesday,3,2,Winter,0
10023456781,2024-02-13 04:00:00,2024-02-13,04:00:00,0.5271,Tuesday,4,2,Winter,0
10023456781,2024-02-13 05:00:00,2024-02-13,05:00:00,0.5738,Tuesday,5,2,Winter,0
10023456781,2024-02-13 06:00:00,2024-02-13,06:00:00,1.1157,Tuesday,6,2,Winter,0
10023456781,2024-02-13 07:00:00,2024-02-13,07:00:00,6.7393,Tuesday,7,2,Winter,1
10023456781,2024-02-13 08:00:00,2024-02-13,08:00:00,1.6244,Tuesday,8,2,Winter,0
10023456781,2024-02-13 09:00:00,2024-02-13,09:00:00,1.5106,Tuesday,9,2,Winter,0
10023456781,2024-02-13 10:00:00,2024-02-13,10:00:00,1.2544,Tuesday,10,2,Winter,0
10023456781,2024-02-13 11:00:00,2024-02-13,11:00:00,1.3068,Tuesday,11,2,Winter,0
10023456781,2024-02-13 12:00:00,2024-02-13,12:00:00,1.2153,Tuesday,12,2,Winter,0
10023456781,2024-02-13 13:00:00,2024-02-13,13:00:00,1.4361,Tuesday,13,2,Winter,0
10023456781,2024-02-13 14:00:00,2024-02-13,14:00:00,1.2559,Tuesday,14,2,Winter,0
10023456781,2024-02-13 15:00:00,2024-02-13,15:00:00,1.1793,Tuesday,15,2,Winter,0
10023456781,2024-02-13 16:00:00,2024-02-13,16:00:00,1.3610,Tuesday,16,2,Winter,0
10023456781,2024-02-13 17:00:00,2024-02-13,17:00:00,1.8353,Tuesday,17,2,Winter,0
10023456781,2024-02-13 18:00:00,2024-02-13,18:00:00,2.3536,Tuesday,18,2,Winter,0
10023456781,2024-02-13 19:00:00,2024-02-13,19:00:00,2.8736,Tuesday,19,2,Winter,0
10023456781,2024-02-13 20:00:00,2024-02-13,20:00:00,2.4456,Tuesday,20,2,Winter,0
10023456781,2024-02-13 21:00:00,2024-02-13,21:00:00,2.2845,Tuesday,21,2,Winter,0
10023456781,2024-02-13 22:00:00,2024-02-13,22:00:00,1.7365,Tuesday,22,2,Winter,0
10023456781,2024-02-13 23:00:00,2024-02-13,23:00:00,0.7862,Tuesday,23,2,Winter,0
10023456781,2024-02-14 00:00:00,2024-02-14,00:00:00,0.4411,Wednesday,0,2,Winter,0
10023456781,2024-02-14 01:00:00,2024-02-14,01:00:00,0.3636,Wednesday,1,2,Winter,0
10023456781,2024-02-14 02:00:00,2024-02-14,02:00:00,1.5119,Wednesday,2,2,Winter,1
10023456781,2024-02-14 03:00:00,2024-02-14,03:00:00,0.3528,Wednesday,3,2,Winter,0
10023456781,2024-02-14 04:00:00,2024-02-14,04:00:00,0.3921,Wednesday,4,2,Winter,0
10023456781,2024-02-14 05:00:00,2024-02-14,05:00:00,0.5026,Wednesday,5,2,Winter,0
10023456781,2024-02-14 06:00:00,2024-02-14,06:00:00,0.9809,Wednesday,6,2,Winter,0
10023456781,2024-02-14 07:00:00,2024-02-14,07:00:00,1.2926,Wednesday,7,2,Winter,0
10023456781,2024-02-14 08:00:00,2024-02-14,08:00:00,1.7285,Wednesday,8,2,Winter,0
10023456781,2024-02-14 09:00:00,2024-02-14,09:00:00,1.2606,Wednesday,9,2,Winter,0
10023456781,2024-02-14 10:00:00,2024-02-14,10:00:00,0.9622,Wednesday,10,2,Winter,0
10023456781,2024-02-14 11:00:00,2024-02-14,11:00:00,1.0382,Wednesday,11,2,Winter,0
10023456781,2024-02-14 12:00:00,2024-02-14,12:00:00,0.9532,Wednesday,12,2,Winter,0
10023456781,2024-02-14 13:00:00,2024-02-14,13:00:00,1.1292,Wednesday,13,2,Winter,0
10023456781,2024-02-14 14:00:00,2024-02-14,14:00:00,0.9524,Wednesday,14,2,Winter,0
10023456781,2024-02-14 15:00:00,2024-02-14,15:00:00,0.9145,Wednesday,15,2,Winter,0
10023456781,2024-02-14 16:00:00,2024-02-14,16:00:00,1.3497,Wednesday,16,2,Winter,0
10023456781,2024-02-14 17:00:00,2024-02-14,17:00:00,1.6993,Wednesday,17,2,Winter,0
10023456781,2024-02-14 18:00:00,2024-02-14,18:00:00,1.8018,Wednesday,18,2,Winter,0
10023456781,2024-02-14 19:00:00,2024-02-14,19:00:00,2.0845,Wednesday,19,2,Winter,0
10023456781,2024-02-14 20:00:00,2024-02-14,20:00:00,2.6698,Wednesday,20,2,Winter,0
10023456781,2024-02-14 21:00:00,2024-02-14,21:00:00,1.8876,Wednesday,21,2,Winter,0
10023456781,2024-02-14 22:00:00,2024-02-14,22:00:00,1.7383,Wednesday,22,2,Winter,0
10023456781,2024-02-14 23:00:00,2024-02-14,23:00:00,0.7609,Wednesday,23,2,Winter,0
10023456781,2024-02-15 00:00:00,2024-02-15,00:00:00,0.3791,Thursday,0,2,Winter,0
10023456781,2024-02-15 01:00:00,2024-02-15,01:00:00,0.3384,Thursday,1,2,Winter,0
10023456781,2024-02-15 02:00:00,2024-02-15,02:00:00,0.3612,Thursday,2,2,Winter,0
10023456781,2024-02-15 03:00:00,2024-02-15,03:00:00,1.2410,Thursday,3,2,Winter,1
10023456781,2024-02-15 04:00:00,2024-02-15,04:00:00,1.3157,Thursday,4,2,Winter,1
10023456781,2024-02-15 05:00:00,2024-02-15,05:00:00,0.4507,Thursday,5,2,Winter,0
10023456781,2024-02-15 06:00:00,2024-02-15,06:00:00,0.8393,Thursday,6,2,Winter,0
10023456781,2024-02-15 07:00:00,2024-02-15,07:00:00,1.1876,Thursday,7,2,Winter,0
10023456781,2024-02-15 08:00:00,2024-02-15,08:00:00,1.5386,Thursday,8,2,Winter,0
10023456781,2024-02-15 09:00:00,2024-02-15,09:00:00,1.2092,Thursday,9,2,Winter,0
10023456781,2024-02-15 10:00:00,2024-02-15,10:00:00,0.8570,Thursday,10,2,Winter,0
10023456781,2024-02-15 11:00:00,2024-02-15,11:00:00,0.8036,Thursday,11,2,Winter,0
10023456781,2024-02-15 12:00:00,2024-02-15,12:00:00,0.7771,Thursday,12,2,Winter,0
10023456781,2024-02-15 13:00:00,2024-02-15,13:00:00,0.8685,Thursday,13,2,Winter,0
10023456781,2024-02-15 14:00:00,2024-02-15,14:00:00,0.7203,Thursday,14,2,Winter,0
10023456781,2024-02-15 15:00:00,2024-02-15,15:00:00,0.9751,Thursday,15,2,Winter,0
10023456781,2024-02-15 16:00:00,2024-02-15,16:00:00,1.0608,Thursday,16,2,Winter,0
10023456781,2024-02-15 17:00:00,2024-02-15,17:00:00,1.3051,Thursday,17,2,Winter,0
10023456781,2024-02-15 18:00:00,2024-02-15,18:00:00,1.6758,Thursday,18,2,Winter,0
10023456781,2024-02-15 19:00:00,2024-02-15,19:00:00,1.8428,Thursday,19,2,Winter,0
10023456781,2024-02-15 20:00:00,2024-02-15,20:00:00,1.8671,Thursday,20,2,Winter,0
10023456781,2024-02-15 21:00:00,2024-02-15,21:00:00,1.5745,Thursday,21,2,Winter,0
10023456781,2024-02-15 22:00:00,2024-02-15,22:00:00,1.2897,Thursday,22,2,Winter,0
10023456781,2024-02-15 23:00:00,2024-02-15,23:00:00,0.7162,Thursday,23,2,Winter,0
10023456781,2024-02-16 00:00:00,2024-02-16,00:00:00,0.2433,Friday,0,2,Winter,0
10023456781,2024-02-16 01:00:00,2024-02-16,01:00:00,0.3462,Friday,1,2,Winter,0
10023456781,2024-02-16 02:00:00,2024-02-16,02:00:00,0.3596,Friday,2,2,Winter,0
10023456781,2024-02-16 03:00:00,2024-02-16,03:00:00,0.2778,Friday,3,2,Winter,0
10023456781,2024-02-16 04:00:00,2024-02-16,04:00:00,0.3222,Friday,4,2,Winter,0
10023456781,2024-02-16 05:00:00,2024-02-16,05:00:00,0.3962,Friday,5,2,Winter,0
10023456781,2024-02-16 06:00:00,2024-02-16,06:00:00,0.6812,Friday,6,2,Winter,0
10023456781,2024-02-16 07:00:00,2024-02-16,07:00:00,1.2568,Friday,7,2,Winter,0
10023456781,2024-02-16 08:00:00,2024-02-16,08:00:00,1.2664,Friday,8,2,Winter,0
10023456781,2024-02-16 09:00:00,2024-02-16,09:00:00,0.8338,Friday,9,2,Winter,0
10023456781,2024-02-16 10:00:00,2024-02-16,10:00:00,0.7216,Friday,10,2,Winter,0
10023456781,2024-02-16 11:00:00,2024-02-16,11:00:00,0.7628,Friday,11,2,Winter,0
10023456781,2024-02-16 12:00:00,2024-02-16,12:00:00,0.7725,Friday,12,2,Winter,0
10023456781,2024-02-16 13:00:00,2024-02-16,13:00:00,0.6870,Friday,13,2,Winter,0
10023456781,2024-02-16 14:00:00,2024-02-16,14:00:00,0.7780,Friday,14,2,Winter,0
10023456781,2024-02-16 15:00:00,2024-02-16,15:00:00,0.7976,Friday,15,2,Winter,0
10023456781,2024-02-16 16:00:00,2024-02-16,16:00:00,0.8369,Friday,16,2,Winter,0
10023456781,2024-02-16 17:00:00,2024-02-16,17:00:00,1.1317,Friday,17,2,Winter,0
10023456781,2024-02-16 18:00:00,2024-02-16,18:00:00,1.6197,Friday,18,2,Winter,0
10023456781,2024-02-16 19:00:00,2024-02-16,19:00:00,1.8721,Friday,19,2,Winter,0
10023456781,2024-02-16 20:00:00,2024-02-16,20:00:00,1.6307,Friday,20,2,Winter,0
10023456781,2024-02-16 21:00:00,2024-02-16,21:00:00,1.6122,Friday,21,2,Winter,0
10023456781,2024-02-16 22:00:00,2024-02-16,22:00:00,1.0642,Friday,22,2,Winter,0
10023456781,2024-02-16 23:00:00,2024-02-16,23:00:00,0.6654,Friday,23,2,Winter,0
10023456781,2024-02-17 00:00:00,2024-02-17,00:00:00,0.5158,Saturday,0,2,Winter,0
10023456781,2024-02-17 01:00:00,2024-02-17,01:00:00,0.3680,Saturday,1,2,Winter,0
10023456781,2024-02-17 02:00:00,2024-02-17,02:00:00,0.3621,Saturday,2,2,Winter,0
10023456781,2024-02-17 03:00:00,2024-02-17,03:00:00,0.3317,Saturday,3,2,Winter,0
10023456781,2024-02-17 04:00:00,2024-02-17,04:00:00,0.3193,Saturday,4,2,Winter,0
10023456781,2024-02-17 05:00:00,2024-02-17,05:00:00,1.9485,Saturday,5,2,Winter,1
10023456781,2024-02-17 06:00:00,2024-02-17,06:00:00,0.6442,Saturday,6,2,Winter,0
10023456781,2024-02-17 07:00:00,2024-02-17,07:00:00,0.9600,Saturday,7,2,Winter,0
10023456781,2024-02-17 08:00:00,2024-02-17,08:00:00,1.4801,Saturday,8,2,Winter,0
10023456781,2024-02-17 09:00:00,2024-02-17,09:00:00,1.5747,Saturday,9,2,Winter,0
10023456781,2024-02-17 10:00:00,2024-02-17,10:00:00,1.2933,Saturday,10,2,Winter,0
10023456781,2024-02-17 11:00:00,2024-02-17,11:00:00,1.3024,Saturday,11,2,Winter,0
10023456781,2024-02-17 12:00:00,2024-02-17,12:00:00,1.1074,Saturday,12,2,Winter,0
10023456781,2024-02-17 13:00:00,2024-02-17,13:00:00,1.1858,Saturday,13,2,Winter,0
10023456781,2024-02-17 14:00:00,2024-02-17,14:00:00,1.2294,Saturday,14,2,Winter,0
10023456781,2024-02-17 15:00:00,2024-02-17,15:00:00,1.1646,Saturday,15,2,Winter,0
10023456781,2024-02-17 16:00:00,2024-02-17,16:00:00,1.0426,Saturday,16,2,Winter,0
10023456781,2024-02-17 17:00:00,2024-02-17,17:00:00,1.2075,Saturday,17,2,Winter,0
10023456781,2024-02-17 18:00:00,2024-02-17,18:00:00,2.0619,Saturday,18,2,Winter,0
10023456781,2024-02-17 19:00:00,2024-02-17,19:00:00,2.2398,Saturday,19,2,Winter,0
10023456781,2024-02-17 20:00:00,2024-02-17,20:00:00,1.9654,Saturday,20,2,Winter,0
10023456781,2024-02-17 21:00:00,2024-02-17,21:00:00,1.8798,Saturday,21,2,Winter,0
10023456781,2024-02-17 22:00:00,2024-02-17,22:00:00,1.4167,Saturday,22,2,Winter,0
10023456781,2024-02-17 23:00:00,2024-02-17,23:00:00,0.9855,Saturday,23,2,Winter,0
10023456781,2024-02-18 00:00:00,2024-02-18,00:00:00,1.1978,Sunday,0,2,Winter,1
10023456781,2024-02-18 01:00:00,2024-02-18,01:00:00,0.3512,Sunday,1,2,Winter,0
10023456781,2024-02-18 02:00:00,2024-02-18,02:00:00,0.3965,Sunday,2,2,Winter,0
10023456781,2024-02-18 03:00:00,2024-02-18,03:00:00,0.3669,Sunday,3,2,Winter,0
10023456781,2024-02-18 04:00:00,2024-02-18,04:00:00,0.3268,Sunday,4,2,Winter,0
10023456781,2024-02-18 05:00:00,2024-02-18,05:00:00,0.4147,Sunday,5,2,Winter,0
10023456781,2024-02-18 06:00:00,2024-02-18,06:00:00,0.7220,Sunday,6,2,Winter,0
10023456781,2024-02-18 07:00:00,2024-02-18,07:00:00,0.1139,Sunday,7,2,Winter,1
10023456781,2024-02-18 08:00:00,2024-02-18,08:00:00,1.3675,Sunday,8,2,Winter,0
10023456781,2024-02-18 09:00:00,2024-02-18,09:00:00,1.3084,Sunday,9,2,Winter,0
10023456781,2024-02-18 10:00:00,2024-02-18,10:00:00,1.4521,Sunday,10,2,Winter,0
10023456781,2024-02-18 11:00:00,2024-02-18,11:00:00,1.2943,Sunday,11,2,Winter,0
10023456781,2024-02-18 12:00:00,2024-02-18,12:00:00,1.2217,Sunday,12,2,Winter,0
10023456781,2024-02-18 13:00:00,2024-02-18,13:00:00,1.1161,Sunday,13,2,Winter,0
10023456781,2024-02-18 14:00:00,2024-02-18,14:00:00,0.8999,Sunday,14,2,Winter,0
10023456781,2024-02-18 15:00:00,2024-02-18,15:00:00,1.0968,Sunday,15,2,Winter,0
10023456781,2024-02-18 16:00:00,2024-02-18,16:00:00,1.2267,Sunday,16,2,Winter,0
10023456781,2024-02-18 17:00:00,2024-02-18,17:00:00,1.3970,Sunday,17,2,Winter,0
10023456781,2024-02-18 18:00:00,2024-02-18,18:00:00,1.7469,Sunday,18,2,Winter,0
10023456781,2024-02-18 19:00:00,2024-02-18,19:00:00,2.3252,Sunday,19,2,Winter,0
10023456781,2024-02-18 20:00:00,2024-02-18,20:00:00,1.8560,Sunday,20,2,Winter,0
10023456781,2024-02-18 21:00:00,2024-02-18,21:00:00,1.7274,Sunday,21,2,Winter,0
10023456781,2024-02-18 22:00:00,2024-02-18,22:00:00,1.2833,Sunday,22,2,Winter,0
10023456781,2024-02-18 23:00:00,2024-02-18,23:00:00,0.7318,Sunday,23,2,Winter,0
10023456781,2024-02-19 00:00:00,2024-02-19,00:00:00,0.4559,Monday,0,2,Winter,0
10023456781,2024-02-19 01:00:00,2024-02-19,01:00:00,0.3786,Monday,1,2,Winter,0
10023456781,2024-02-19 02:00:00,2024-02-19,02:00:00,0.3554,Monday,2,2,Winter,0
10023456781,2024-02-19 03:00:00,2024-02-19,03:00:00,0.3199,Monday,3,2,Winter,0
10023456781,2024-02-19 04:00:00,2024-02-19,04:00:00,0.3517,Monday,4,2,Winter,0
10023456781,2024-02-19 05:00:00,2024-02-19,05:00:00,0.5230,Monday,5,2,Winter,0
10023456781,2024-02-19 06:00:00,2024-02-19,06:00:00,0.9618,Monday,6,2,Winter,0
10023456781,2024-02-19 07:00:00,2024-02-19,07:00:00,1.3167,Monday,7,2,Winter,0
10023456781,2024-02-19 08:00:00,2024-02-19,08:00:00,1.4581,Monday,8,2,Winter,0
10023456781,2024-02-19 09:00:00,2024-02-19,09:00:00,1.2833,Monday,9,2,Winter,0
10023456781,2024-02-19 10:00:00,2024-02-19,10:00:00,4.7438,Monday,10,2,Winter,1
10023456781,2024-02-19 11:00:00,2024-02-19,11:00:00,0.9053,Monday,11,2,Winter,0
10023456781,2024-02-19 12:00:00,2024-02-19,12:00:00,0.9781,Monday,12,2,Winter,0
10023456781,2024-02-19 13:00:00,2024-02-19,13:00:00,0.9750,Monday,13,2,Winter,0
10023456781,2024-02-19 14:00:00,2024-02-19,14:00:00,1.0741,Monday,14,2,Winter,0
10023456781,2024-02-19 15:00:00,2024-02-19,15:00:00,1.0868,Monday,15,2,Winter,0
10023456781,2024-02-19 16:00:00,2024-02-19,16:00:00,1.0826,Monday,16,2,Winter,0
10023456781,2024-02-19 17:00:00,2024-02-19,17:00:00,1.4445,Monday,17,2,Winter,0
10023456781,2024-02-19 18:00:00,2024-02-19,18:00:00,2.0937,Monday,18,2,Winter,0
10023456781,2024-02-19 19:00:00,2024-02-19,19:00:00,2.1572,Monday,19,2,Winter,0
10023456781,2024-02-19 20:00:00,2024-02-19,20:00:00,2.4568,Monday,20,2,Winter,0
10023456781,2024-02-19 21:00:00,2024-02-19,21:00:00,1.8081,Monday,21,2,Winter,0
10023456781,2024-02-19 22:00:00,2024-02-19,22:00:00,1.2756,Monday,22,2,Winter,0
10023456781,2024-02-19 23:00:00,2024-02-19,23:00:00,0.6634,Monday,23,2,Winter,0
10023456781,2024-02-20 00:00:00,2024-02-20,00:00:00,0.3698,Tuesday,0,2,Winter,0
10023456781,2024-02-20 01:00:00,2024-02-20,01:00:00,0.3582,Tuesday,1,2,Winter,0
10023456781,2024-02-20 02:00:00,2024-02-20,02:00:00,0.4463,Tuesday,2,2,Winter,0
10023456781,2024-02-20 03:00:00,2024-02-20,03:00:00,0.2470,Tuesday,3,2,Winter,0
10023456781,2024-02-20 04:00:00,2024-02-20,04:00:00,0.4814,Tuesday,4,2,Winter,0
10023456781,2024-02-20 05:00:00,2024-02-20,05:00:00,0.6606,Tuesday,5,2,Winter,0
10023456781,2024-02-20 06:00:00,2024-02-20,06:00:00,0.8103,Tuesday,6,2,Winter,0
10023456781,2024-02-20 07:00:00,2024-02-20,07:00:00,1.3400,Tuesday,7,2,Winter,0
10023456781,2024-02-20 08:00:00,2024-02-20,08:00:00,1.7625,Tuesday,8,2,Winter,0
10023456781,2024-02-20 09:00:00,2024-02-20,09:00:00,1.5155,Tuesday,9,2,Winter,0
10023456781,2024-02-20 10:00:00,2024-02-20,10:00:00,1.1667,Tuesday,10,2,Winter,0
10023456781,2024-02-20 11:00:00,2024-02-20,11:00:00,1.0153,Tuesday,11,2,Winter,0
10023456781,2024-02-20 12:00:00,2024-02-20,12:00:00,1.1031,Tuesday,12,2,Winter,0
10023456781,2024-02-20 13:00:00,2024-02-20,13:00:00,1.0907,Tuesday,13,2,Winter,0
10023456781,2024-02-20 14:00:00,2024-02-20,14:00:00,0.8103,Tuesday,14,2,Winter,0
10023456781,2024-02-20 15:00:00,2024-02-20,15:00:00,0.9570,Tuesday,15,2,Winter,0
10023456781,2024-02-20 16:00:00,2024-02-20,16:00:00,1.0014,Tuesday,16,2,Winter,0
10023456781,2024-02-20 17:00:00,2024-02-20,17:00:00,1.4703,Tuesday,17,2,Winter,0
10023456781,2024-02-20 18:00:00,2024-02-20,18:00:00,2.3359,Tuesday,18,2,Winter,0
10023456781,2024-02-20 19:00:00,2024-02-20,19:00:00,1.9435,Tuesday,19,2,Winter,0
10023456781,2024-02-20 20:00:00,2024-02-20,20:00:00,1.7739,Tuesday,20,2,Winter,0
10023456781,2024-02-20 21:00:00,2024-02-20,21:00:00,1.9314,Tuesday,21,2,Winter,0
10023456781,2024-02-20 22:00:00,2024-02-20,22:00:00,1.0484,Tuesday,22,2,Winter,0
10023456781,2024-02-20 23:00:00,2024-02-20,23:00:00,0.7992,Tuesday,23,2,Winter,0
10023456781,2024-02-21 00:00:00,2024-02-21,00:00:00,0.5111,Wednesday,0,2,Winter,0
10023456781,2024-02-21 01:00:00,2024-02-21,01:00:00,0.5197,Wednesday,1,2,Winter,0
10023456781,2024-02-21 02:00:00,2024-02-21,02:00:00,0.3748,Wednesday,2,2,Winter,0
10023456781,2024-02-21 03:00:00,2024-02-21,03:00:00,0.5322,Wednesday,3,2,Winter,0
10023456781,2024-02-21 04:00:00,2024-02-21,04:00:00,0.4195,Wednesday,4,2,Winter,0
10023456781,2024-02-21 05:00:00,2024-02-21,05:00:00,0.7097,Wednesday,5,2,Winter,0
10023456781,2024-02-21 06:00:00,2024-02-21,06:00:00,1.0091,Wednesday,6,2,Winter,0
10023456781,2024-02-21 07:00:00,2024-02-21,07:00:00,1.6365,Wednesday,7,2,Winter,0
10023456781,2024-02-21 08:00:00,2024-02-21,08:00:00,5.3883,Wednesday,8,2,Winter,1
10023456781,2024-02-21 09:00:00,2024-02-21,09:00:00,3.8795,Wednesday,9,2,Winter,1
10023456781,2024-02-21 10:00:00,2024-02-21,10:00:00,2.9133,Wednesday,10,2,Winter,1
10023456781,2024-02-21 11:00:00,2024-02-21,11:00:00,2.8096,Wednesday,11,2,Winter,1
10023456781,2024-02-21 12:00:00,2024-02-21,12:00:00,3.2780,Wednesday,12,2,Winter,1
10023456781,2024-02-21 13:00:00,2024-02-21,13:00:00,1.1044,Wednesday,13,2,Winter,0
10023456781,2024-02-21 14:00:00,2024-02-21,14:00:00,1.0774,Wednesday,14,2,Winter,0
10023456781,2024-02-21 15:00:00,2024-02-21,15:00:00,1.1569,Wednesday,15,2,Winter,0
10023456781,2024-02-21 16:00:00,2024-02-21,16:00:00,1.0826,Wednesday,16,2,Winter,0
10023456781,2024-02-21 17:00:00,2024-02-21,17:00:00,1.6137,Wednesday,17,2,Winter,0
10023456781,2024-02-21 18:00:00,2024-02-21,18:00:00,2.2749,Wednesday,18,2,Winter,0
10023456781,2024-02-21 19:00:00,2024-02-21,19:00:00,5.9753,Wednesday,19,2,Winter,1
10023456781,2024-02-21 20:00:00,2024-02-21,20:00:00,6.0482,Wednesday,20,2,Winter,1
10023456781,2024-02-21 21:00:00,2024-02-21,21:00:00,4.8138,Wednesday,21,2,Winter,1
10023456781,2024-02-21 22:00:00,2024-02-21,22:00:00,3.8089,Wednesday,22,2,Winter,1
10023456781,2024-02-21 23:00:00,2024-02-21,23:00:00,2.2938,Wednesday,23,2,Winter,1
10023456781,2024-02-22 00:00:00,2024-02-22,00:00:00,1.2052,Thursday,0,2,Winter,1
10023456781,2024-02-22 01:00:00,2024-02-22,01:00:00,0.4182,Thursday,1,2,Winter,0
10023456781,2024-02-22 02:00:00,2024-02-22,02:00:00,0.3615,Thursday,2,2,Winter,0
10023456781,2024-02-22 03:00:00,2024-02-22,03:00:00,0.3490,Thursday,3,2,Winter,0
10023456781,2024-02-22 04:00:00,2024-02-22,04:00:00,0.4069,Thursday,4,2,Winter,0
10023456781,2024-02-22 05:00:00,2024-02-22,05:00:00,0.6770,Thursday,5,2,Winter,0
10023456781,2024-02-22 06:00:00,2024-02-22,06:00:00,0.9989,Thursday,6,2,Winter,0
10023456781,2024-02-22 07:00:00,2024-02-22,07:00:00,1.6377,Thursday,7,2,Winter,0
10023456781,2024-02-22 08:00:00,2024-02-22,08:00:00,1.6009,Thursday,8,2,Winter,0
10023456781,2024-02-22 09:00:00,2024-02-22,09:00:00,1.4789,Thursday,9,2,Winter,0
10023456781,2024-02-22 10:00:00,2024-02-22,10:00:00,1.2801,Thursday,10,2,Winter,0
10023456781,2024-02-22 11:00:00,2024-02-22,11:00:00,1.3022,Thursday,11,2,Winter,0
10023456781,2024-02-22 12:00:00,2024-02-22,12:00:00,1.0649,Thursday,12,2,Winter,0
10023456781,2024-02-22 13:00:00,2024-02-22,13:00:00,0.9241,Thursday,13,2,Winter,0
10023456781,2024-02-22 14:00:00,2024-02-22,14:00:00,1.0874,Thursday,14,2,Winter,0
10023456781,2024-02-22 15:00:00,2024-02-22,15:00:00,1.1757,Thursday,15,2,Winter,0
10023456781,2024-02-22 16:00:00,2024-02-22,16:00:00,1.4505,Thursday,16,2,Winter,0
10023456781,2024-02-22 17:00:00,2024-02-22,17:00:00,1.5784,Thursday,17,2,Winter,0
10023456781,2024-02-22 18:00:00,2024-02-22,18:00:00,1.7580,Thursday,18,2,Winter,0
10023456781,2024-02-22 19:00:00,2024-02-22,19:00:00,2.3890,Thursday,19,2,Winter,0
10023456781,2024-02-22 20:00:00,2024-02-22,20:00:00,2.2378,Thursday,20,2,Winter,0
10023456781,2024-02-22 21:00:00,2024-02-22,21:00:00,1.8736,Thursday,21,2,Winter,0
10023456781,2024-02-22 22:00:00,2024-02-22,22:00:00,1.2638,Thursday,22,2,Winter,0
10023456781,2024-02-22 23:00:00,2024-02-22,23:00:00,0.8510,Thursday,23,2,Winter,0
10023456781,2024-02-23 00:00:00,2024-02-23,00:00:00,0.3534,Friday,0,2,Winter,0
10023456781,2024-02-23 01:00:00,2024-02-23,01:00:00,0.3450,Friday,1,2,Winter,0
10023456781,2024-02-23 02:00:00,2024-02-23,02:00:00,0.3424,Friday,2,2,Winter,0
10023456781,2024-02-23 03:00:00,2024-02-23,03:00:00,0.3463,Friday,3,2,Winter,0
10023456781,2024-02-23 04:00:00,2024-02-23,04:00:00,0.4130,Friday,4,2,Winter,0
10023456781,2024-02-23 05:00:00,2024-02-23,05:00:00,0.6222,Friday,5,2,Winter,0
10023456781,2024-02-23 06:00:00,2024-02-23,06:00:00,1.1245,Friday,6,2,Winter,0
10023456781,2024-02-23 07:00:00,2024-02-23,07:00:00,1.3819,Friday,7,2,Winter,0
10023456781,2024-02-23 08:00:00,2024-02-23,08:00:00,1.4186,Friday,8,2,Winter,0
10023456781,2024-02-23 09:00:00,2024-02-23,09:00:00,1.1283,Friday,9,2,Winter,0
10023456781,2024-02-23 10:00:00,2024-02-23,10:00:00,0.8987,Friday,10,2,Winter,0
10023456781,2024-02-23 11:00:00,2024-02-23,11:00:00,0.8533,Friday,11,2,Winter,0
10023456781,2024-02-23 12:00:00,2024-02-23,12:00:00,1.0387,Friday,12,2,Winter,0
10023456781,2024-02-23 13:00:00,2024-02-23,13:00:00,1.0721,Friday,13,2,Winter,0
10023456781,2024-02-23 14:00:00,2024-02-23,14:00:00,0.8603,Friday,14,2,Winter,0
10023456781,2024-02-23 15:00:00,2024-02-23,15:00:00,0.9618,Friday,15,2,Winter,0
10023456781,2024-02-23 16:00:00,2024-02-23,16:00:00,1.3748,Friday,16,2,Winter,0
10023456781,2024-02-23 17:00:00,2024-02-23,17:00:00,1.2569,Friday,17,2,Winter,0
10023456781,2024-02-23 18:00:00,2024-02-23,18:00:00,1.9785,Friday,18,2,Winter,0
10023456781,2024-02-23 19:00:00,2024-02-23,19:00:00,2.4042,Friday,19,2,Winter,0
10023456781,2024-02-23 20:00:00,2024-02-23,20:00:00,2.0363,Friday,20,2,Winter,0
10023456781,2024-02-23 21:00:00,2024-02-23,21:00:00,1.9381,Friday,21,2,Winter,0
10023456781,2024-02-23 22:00:00,2024-02-23,22:00:00,1.4008,Friday,22,2,Winter,0
10023456781,2024-02-23 23:00:00,2024-02-23,23:00:00,0.7886,Friday,23,2,Winter,0
10023456781,2024-02-24 00:00:00,2024-02-24,00:00:00,0.5125,Saturday,0,2,Winter,0
10023456781,2024-02-24 01:00:00,2024-02-24,01:00:00,0.4608,Saturday,1,2,Winter,0
10023456781,2024-02-24 02:00:00,2024-02-24,02:00:00,0.3339,Saturday,2,2,Winter,0
10023456781,2024-02-24 03:00:00,2024-02-24,03:00:00,0.3761,Saturday,3,2,Winter,0
10023456781,2024-02-24 04:00:00,2024-02-24,04:00:00,0.4710,Saturday,4,2,Winter,0
10023456781,2024-02-24 05:00:00,2024-02-24,05:00:00,0.5563,Saturday,5,2,Winter,0
10023456781,2024-02-24 06:00:00,2024-02-24,06:00:00,0.6280,Saturday,6,2,Winter,0
10023456781,2024-02-24 07:00:00,2024-02-24,07:00:00,1.2933,Saturday,7,2,Winter,0
10023456781,2024-02-24 08:00:00,2024-02-24,08:00:00,1.8790,Saturday,8,2,Winter,0
10023456781,2024-02-24 09:00:00,2024-02-24,09:00:00,2.1810,Saturday,9,2,Winter,0
10023456781,2024-02-24 10:00:00,2024-02-24,10:00:00,1.8186,Saturday,10,2,Winter,0
10023456781,2024-02-24 11:00:00,2024-02-24,11:00:00,0.0936,Saturday,11,2,Winter,1
10023456781,2024-02-24 12:00:00,2024-02-24,12:00:00,1.1359,Saturday,12,2,Winter,0
10023456781,2024-02-24 13:00:00,2024-02-24,13:00:00,1.4700,Saturday,13,2,Winter,0
10023456781,2024-02-24 14:00:00,2024-02-24,14:00:00,1.1837,Saturday,14,2,Winter,0
10023456781,2024-02-24 15:00:00,2024-02-24,15:00:00,1.3811,Saturday,15,2,Winter,0
10023456781,2024-02-24 16:00:00,2024-02-24,16:00:00,1.7296,Saturday,16,2,Winter,0
10023456781,2024-02-24 17:00:00,2024-02-24,17:00:00,1.9510,Saturday,17,2,Winter,0
10023456781,2024-02-24 18:00:00,2024-02-24,18:00:00,2.3264,Saturday,18,2,Winter,0
10023456781,2024-02-24 19:00:00,2024-02-24,19:00:00,2.7963,Saturday,19,2,Winter,0
10023456781,2024-02-24 20:00:00,2024-02-24,20:00:00,2.8103,Saturday,20,2,Winter,0
10023456781,2024-02-24 21:00:00,2024-02-24,21:00:00,1.9351,Saturday,21,2,Winter,0
10023456781,2024-02-24 22:00:00,2024-02-24,22:00:00,1.5271,Saturday,22,2,Winter,0
10023456781,2024-02-24 23:00:00,2024-02-24,23:00:00,1.3361,Saturday,23,2,Winter,0
10023456781,2024-02-25 00:00:00,2024-02-25,00:00:00,2.3988,Sunday,0,2,Winter,1
10023456781,2024-02-25 01:00:00,2024-02-25,01:00:00,0.4822,Sunday,1,2,Winter,0
10023456781,2024-02-25 02:00:00,2024-02-25,02:00:00,0.3692,Sunday,2,2,Winter,0
10023456781,2024-02-25 03:00:00,2024-02-25,03:00:00,0.4419,Sunday,3,2,Winter,0
10023456781,2024-02-25 04:00:00,2024-02-25,04:00:00,0.5016,Sunday,4,2,Winter,0
10023456781,2024-02-25 05:00:00,2024-02-25,05:00:00,0.4373,Sunday,5,2,Winter,0
10023456781,2024-02-25 06:00:00,2024-02-25,06:00:00,0.7559,Sunday,6,2,Winter,0
10023456781,2024-02-25 07:00:00,2024-02-25,07:00:00,0.9858,Sunday,7,2,Winter,0
10023456781,2024-02-25 08:00:00,2024-02-25,08:00:00,1.7105,Sunday,8,2,Winter,0
10023456781,2024-02-25 09:00:00,2024-02-25,09:00:00,1.8193,Sunday,9,2,Winter,0
10023456781,2024-02-25 10:00:00,2024-02-25,10:00:00,1.9018,Sunday,10,2,Winter,0
10023456781,2024-02-25 11:00:00,2024-02-25,11:00:00,1.4787,Sunday,11,2,Winter,0
10023456781,2024-02-25 12:00:00,2024-02-25,12:00:00,1.3761,Sunday,12,2,Winter,0
10023456781,2024-02-25 13:00:00,2024-02-25,13:00:00,1.1852,Sunday,13,2,Winter,0
10023456781,2024-02-25 14:00:00,2024-02-25,14:00:00,1.1587,Sunday,14,2,Winter,0
10023456781,2024-02-25 15:00:00,2024-02-25,15:00:00,1.2487,Sunday,15,2,Winter,0
10023456781,2024-02-25 16:00:00,2024-02-25,16:00:00,1.5799,Sunday,16,2,Winter,0
10023456781,2024-02-25 17:00:00,2024-02-25,17:00:00,1.7538,Sunday,17,2,Winter,0
10023456781,2024-02-25 18:00:00,2024-02-25,18:00:00,2.2028,Sunday,18,2,Winter,0
10023456781,2024-02-25 19:00:00,2024-02-25,19:00:00,2.3672,Sunday,19,2,Winter,0
10023456781,2024-02-25 20:00:00,2024-02-25,20:00:00,2.3576,Sunday,20,2,Winter,0
10023456781,2024-02-25 21:00:00,2024-02-25,21:00:00,2.2724,Sunday,21,2,Winter,0
10023456781,2024-02-25 22:00:00,2024-02-25,22:00:00,1.5766,Sunday,22,2,Winter,0
10023456781,2024-02-25 23:00:00,2024-02-25,23:00:00,1.1173,Sunday,23,2,Winter,0
10023456781,2024-02-26 00:00:00,2024-02-26,00:00:00,0.3246,Monday,0,2,Winter,0
10023456781,2024-02-26 01:00:00,2024-02-26,01:00:00,0.2641,Monday,1,2,Winter,0
10023456781,2024-02-26 02:00:00,2024-02-26,02:00:00,0.3181,Monday,2,2,Winter,0
10023456781,2024-02-26 03:00:00,2024-02-26,03:00:00,0.3371,Monday,3,2,Winter,0
10023456781,2024-02-26 04:00:00,2024-02-26,04:00:00,0.2937,Monday,4,2,Winter,0
10023456781,2024-02-26 05:00:00,2024-02-26,05:00:00,0.4219,Monday,5,2,Winter,0
10023456781,2024-02-26 06:00:00,2024-02-26,06:00:00,0.9315,Monday,6,2,Winter,0
10023456781,2024-02-26 07:00:00,2024-02-26,07:00:00,1.2554,Monday,7,2,Winter,0
10023456781,2024-02-26 08:00:00,2024-02-26,08:00:00,1.3559,Monday,8,2,Winter,0
10023456781,2024-02-26 09:00:00,2024-02-26,09:00:00,1.1242,Monday,9,2,Winter,0
10023456781,2024-02-26 10:00:00,2024-02-26,10:00:00,1.0051,Monday,10,2,Winter,0
10023456781,2024-02-26 11:00:00,2024-02-26,11:00:00,0.7800,Monday,11,2,Winter,0
10023456781,2024-02-26 12:00:00,2024-02-26,12:00:00,0.8744,Monday,12,2,Winter,0
10023456781,2024-02-26 13:00:00,2024-02-26,13:00:00,0.8388,Monday,13,2,Winter,0
10023456781,2024-02-26 14:00:00,2024-02-26,14:00:00,0.7652,Monday,14,2,Winter,0
10023456781,2024-02-26 15:00:00,2024-02-26,15:00:00,1.1034,Monday,15,2,Winter,0
10023456781,2024-02-26 16:00:00,2024-02-26,16:00:00,0.9786,Monday,16,2,Winter,0
10023456781,2024-02-26 17:00:00,2024-02-26,17:00:00,1.3057,Monday,17,2,Winter,0
10023456781,2024-02-26 18:00:00,2024-02-26,18:00:00,1.6286,Monday,18,2,Winter,0
10023456781,2024-02-26 19:00:00,2024-02-26,19:00:00,1.6959,Monday,19,2,Winter,0
10023456781,2024-02-26 20:00:00,2024-02-26,20:00:00,1.6680,Monday,20,2,Winter,0
10023456781,2024-02-26 21:00:00,2024-02-26,21:00:00,1.6823,Monday,21,2,Winter,0
10023456781,2024-02-26 22:00:00,2024-02-26,22:00:00,0.9649,Monday,22,2,Winter,0
10023456781,2024-02-26 23:00:00,2024-02-26,23:00:00,0.7903,Monday,23,2,Winter,0
10023456781,2024-02-27 00:00:00,2024-02-27,00:00:00,0.3017,Tuesday,0,2,Winter,0
10023456781,2024-02-27 01:00:00,2024-02-27,01:00:00,0.2689,Tuesday,1,2,Winter,0
10023456781,2024-02-27 02:00:00,2024-02-27,02:00:00,0.2642,Tuesday,2,2,Winter,0
10023456781,2024-02-27 03:00:00,2024-02-27,03:00:00,0.3272,Tuesday,3,2,Winter,0
10023456781,2024-02-27 04:00:00,2024-02-27,04:00:00,0.4478,Tuesday,4,2,Winter,0
10023456781,2024-02-27 05:00:00,2024-02-27,05:00:00,0.5541,Tuesday,5,2,Winter,0
10023456781,2024-02-27 06:00:00,2024-02-27,06:00:00,0.9005,Tuesday,6,2,Winter,0
10023456781,2024-02-27 07:00:00,2024-02-27,07:00:00,1.1908,Tuesday,7,2,Winter,0
10023456781,2024-02-27 08:00:00,2024-02-27,08:00:00,4.7133,Tuesday,8,2,Winter,1
10023456781,2024-02-27 09:00:00,2024-02-27,09:00:00,1.2132,Tuesday,9,2,Winter,0
10023456781,2024-02-27 10:00:00,2024-02-27,10:00:00,0.9296,Tuesday,10,2,Winter,0
10023456781,2024-02-27 11:00:00,2024-02-27,11:00:00,0.8906,Tuesday,11,2,Winter,0
10023456781,2024-02-27 12:00:00,2024-02-27,12:00:00,1.0004,Tuesday,12,2,Winter,0
10023456781,2024-02-27 13:00:00,2024-02-27,13:00:00,1.0148,Tuesday,13,2,Winter,0
10023456781,2024-02-27 14:00:00,2024-02-27,14:00:00,1.0475,Tuesday,14,2,Winter,0
10023456781,2024-02-27 15:00:00,2024-02-27,15:00:00,0.9019,Tuesday,15,2,Winter,0
10023456781,2024-02-27 16:00:00,2024-02-27,16:00:00,1.2161,Tuesday,16,2,Winter,0
10023456781,2024-02-27 17:00:00,2024-02-27,17:00:00,1.4444,Tuesday,17,2,Winter,0
10023456781,2024-02-27 18:00:00,2024-02-27,18:00:00,1.5323,Tuesday,18,2,Winter,0
10023456781,2024-02-27 19:00:00,2024-02-27,19:00:00,1.7523,Tuesday,19,2,Winter,0
10023456781,2024-02-27 20:00:00,2024-02-27,20:00:00,2.0772,Tuesday,20,2,Winter,0
10023456781,2024-02-27 21:00:00,2024-02-27,21:00:00,1.6893,Tuesday,21,2,Winter,0
10023456781,2024-02-27 22:00:00,2024-02-27,22:00:00,1.3215,Tuesday,22,2,Winter,0
10023456781,2024-02-27 23:00:00,2024-02-27,23:00:00,0.7481,Tuesday,23,2,Winter,0
10023456781,2024-02-28 00:00:00,2024-02-28,00:00:00,0.3871,Wednesday,0,2,Winter,0
10023456781,2024-02-28 01:00:00,2024-02-28,01:00:00,0.3405,Wednesday,1,2,Winter,0
10023456781,2024-02-28 02:00:00,2024-02-28,02:00:00,0.2670,Wednesday,2,2,Winter,0
10023456781,2024-02-28 03:00:00,2024-02-28,03:00:00,0.3481,Wednesday,3,2,Winter,0
10023456781,2024-02-28 04:00:00,2024-02-28,04:00:00,0.3667,Wednesday,4,2,Winter,0
10023456781,2024-02-28 05:00:00,2024-02-28,05:00:00,0.5320,Wednesday,5,2,Winter,0
10023456781,2024-02-28 06:00:00,2024-02-28,06:00:00,0.8467,Wednesday,6,2,Winter,0
10023456781,2024-02-28 07:00:00,2024-02-28,07:00:00,1.3638,Wednesday,7,2,Winter,0
10023456781,2024-02-28 08:00:00,2024-02-28,08:00:00,1.3887,Wednesday,8,2,Winter,0
10023456781,2024-02-28 09:00:00,2024-02-28,09:00:00,1.2224,Wednesday,9,2,Winter,0
10023456781,2024-02-28 10:00:00,2024-02-28,10:00:00,0.9412,Wednesday,10,2,Winter,0
10023456781,2024-02-28 11:00:00,2024-02-28,11:00:00,0.8006,Wednesday,11,2,Winter,0
10023456781,2024-02-28 12:00:00,2024-02-28,12:00:00,0.9348,Wednesday,12,2,Winter,0
10023456781,2024-02-28 13:00:00,2024-02-28,13:00:00,0.9830,Wednesday,13,2,Winter,0
10023456781,2024-02-28 14:00:00,2024-02-28,14:00:00,0.6500,Wednesday,14,2,Winter,0
10023456781,2024-02-28 15:00:00,2024-02-28,15:00:00,0.8695,Wednesday,15,2,Winter,0
10023456781,2024-02-28 16:00:00,2024-02-28,16:00:00,1.0681,Wednesday,16,2,Winter,0
10023456781,2024-02-28 17:00:00,2024-02-28,17:00:00,1.5542,Wednesday,17,2,Winter,0
10023456781,2024-02-28 18:00:00,2024-02-28,18:00:00,1.9344,Wednesday,18,2,Winter,0
10023456781,2024-02-28 19:00:00,2024-02-28,19:00:00,1.8714,Wednesday,19,2,Winter,0
10023456781,2024-02-28 20:00:00,2024-02-28,20:00:00,1.7525,Wednesday,20,2,Winter,0
10023456781,2024-02-28 21:00:00,2024-02-28,21:00:00,8.7670,Wednesday,21,2,Winter,1
10023456781,2024-02-28 22:00:00,2024-02-28,22:00:00,1.1070,Wednesday,22,2,Winter,0
10023456781,2024-02-28 23:00:00,2024-02-28,23:00:00,0.7356,Wednesday,23,2,Winter,0
10023456781,2024-02-29 00:00:00,2024-02-29,00:00:00,0.4821,Thursday,0,2,Winter,0
10023456781,2024-02-29 01:00:00,2024-02-29,01:00:00,0.4051,Thursday,1,2,Winter,0
10023456781,2024-02-29 02:00:00,2024-02-29,02:00:00,0.3501,Thursday,2,2,Winter,0
10023456781,2024-02-29 03:00:00,2024-02-29,03:00:00,0.2760,Thursday,3,2,Winter,0
10023456781,2024-02-29 04:00:00,2024-02-29,04:00:00,0.3194,Thursday,4,2,Winter,0
10023456781,2024-02-29 05:00:00,2024-02-29,05:00:00,0.4078,Thursday,5,2,Winter,0
10023456781,2024-02-29 06:00:00,2024-02-29,06:00:00,0.9163,Thursday,6,2,Winter,0
10023456781,2024-02-29 07:00:00,2024-02-29,07:00:00,1.5685,Thursday,7,2,Winter,0
10023456781,2024-02-29 08:00:00,2024-02-29,08:00:00,1.5704,Thursday,8,2,Winter,0
10023456781,2024-02-29 09:00:00,2024-02-29,09:00:00,1.2433,Thursday,9,2,Winter,0
10023456781,2024-02-29 10:00:00,2024-02-29,10:00:00,0.8612,Thursday,10,2,Winter,0
10023456781,2024-02-29 11:00:00,2024-02-29,11:00:00,0.8966,Thursday,11,2,Winter,0
10023456781,2024-02-29 12:00:00,2024-02-29,12:00:00,0.7570,Thursday,12,2,Winter,0
10023456781,2024-02-29 13:00:00,2024-02-29,13:00:00,0.8268,Thursday,13,2,Winter,0
10023456781,2024-02-29 14:00:00,2024-02-29,14:00:00,1.5489,Thursday,14,2,Winter,1
10023456781,2024-02-29 15:00:00,2024-02-29,15:00:00,1.8650,Thursday,15,2,Winter,1
10023456781,2024-02-29 16:00:00,2024-02-29,16:00:00,2.7640,Thursday,16,2,Winter,1
10023456781,2024-02-29 17:00:00,2024-02-29,17:00:00,1.2629,Thursday,17,2,Winter,0
10023456781,2024-02-29 18:00:00,2024-02-29,18:00:00,1.9777,Thursday,18,2,Winter,0
10023456781,2024-02-29 19:00:00,2024-02-29,19:00:00,2.0091,Thursday,19,2,Winter,0
10023456781,2024-02-29 20:00:00,2024-02-29,20:00:00,1.9385,Thursday,20,2,Winter,0
10023456781,2024-02-29 21:00:00,2024-02-29,21:00:00,1.7149,Thursday,21,2,Winter,0
10023456781,2024-02-29 22:00:00,2024-02-29,22:00:00,1.2439,Thursday,22,2,Winter,0
10023456781,2024-02-29 23:00:00,2024-02-29,23:00:00,0.8544,Thursday,23,2,Winter,0
10023456781,2024-03-01 00:00:00,2024-03-01,00:00:00,0.3054,Friday,0,3,Spring,0
10023456781,2024-03-01 01:00:00,2024-03-01,01:00:00,0.3114,Friday,1,3,Spring,0
10023456781,2024-03-01 02:00:00,2024-03-01,02:00:00,0.2972,Friday,2,3,Spring,0
10023456781,2024-03-01 03:00:00,2024-03-01,03:00:00,0.3289,Friday,3,3,Spring,0
10023456781,2024-03-01 04:00:00,2024-03-01,04:00:00,0.2837,Friday,4,3,Spring,0
10023456781,2024-03-01 05:00:00,2024-03-01,05:00:00,0.4001,Friday,5,3,Spring,0
10023456781,2024-03-01 06:00:00,2024-03-01,06:00:00,0.9070,Friday,6,3,Spring,0
10023456781,2024-03-01 07:00:00,2024-03-01,07:00:00,1.1687,Friday,7,3,Spring,0
10023456781,2024-03-01 08:00:00,2024-03-01,08:00:00,1.2135,Friday,8,3,Spring,0
10023456781,2024-03-01 09:00:00,2024-03-01,09:00:00,1.0682,Friday,9,3,Spring,0
10023456781,2024-03-01 10:00:00,2024-03-01,10:00:00,0.1177,Friday,10,3,Spring,1
10023456781,2024-03-01 11:00:00,2024-03-01,11:00:00,0.8666,Friday,11,3,Spring,0
10023456781,2024-03-01 12:00:00,2024-03-01,12:00:00,0.6849,Friday,12,3,Spring,0
10023456781,2024-03-01 13:00:00,2024-03-01,13:00:00,0.8588,Friday,13,3,Spring,0
10023456781,2024-03-01 14:00:00,2024-03-01,14:00:00,0.8659,Friday,14,3,Spring,0
10023456781,2024-03-01 15:00:00,2024-03-01,15:00:00,0.7154,Friday,15,3,Spring,0
10023456781,2024-03-01 16:00:00,2024-03-01,16:00:00,1.0382,Friday,16,3,Spring,0
10023456781,2024-03-01 17:00:00,2024-03-01,17:00:00,1.3777,Friday,17,3,Spring,0
10023456781,2024-03-01 18:00:00,2024-03-01,18:00:00,1.9023,Friday,18,3,Spring,0
10023456781,2024-03-01 19:00:00,2024-03-01,19:00:00,1.9004,Friday,19,3,Spring,0
10023456781,2024-03-01 20:00:00,2024-03-01,20:00:00,8.3658,Friday,20,3,Spring,1
10023456781,2024-03-01 21:00:00,2024-03-01,21:00:00,1.5987,Friday,21,3,Spring,0
10023456781,2024-03-01 22:00:00,2024-03-01,22:00:00,1.0074,Friday,22,3,Spring,0
10023456781,2024-03-01 23:00:00,2024-03-01,23:00:00,0.7103,Friday,23,3,Spring,0
10023456781,2024-03-02 00:00:00,2024-03-02,00:00:00,0.5109,Saturday,0,3,Spring,0
10023456781,2024-03-02 01:00:00,2024-03-02,01:00:00,0.3115,Saturday,1,3,Spring,0
10023456781,2024-03-02 02:00:00,2024-03-02,02:00:00,0.3218,Saturday,2,3,Spring,0
10023456781,2024-03-02 03:00:00,2024-03-02,03:00:00,1.5092,Saturday,3,3,Spring,1
10023456781,2024-03-02 04:00:00,2024-03-02,04:00:00,1.9221,Saturday,4,3,Spring,1
10023456781,2024-03-02 05:00:00,2024-03-02,05:00:00,0.4700,Saturday,5,3,Spring,0
10023456781,2024-03-02 06:00:00,2024-03-02,06:00:00,0.8003,Saturday,6,3,Spring,0
10023456781,2024-03-02 07:00:00,2024-03-02,07:00:00,1.0670,Saturday,7,3,Spring,0
10023456781,2024-03-02 08:00:00,2024-03-02,08:00:00,1.3924,Saturday,8,3,Spring,0
10023456781,2024-03-02 09:00:00,2024-03-02,09:00:00,1.7386,Saturday,9,3,Spring,0
10023456781,2024-03-02 10:00:00,2024-03-02,10:00:00,1.4816,Saturday,10,3,Spring,0
10023456781,2024-03-02 11:00:00,2024-03-02,11:00:00,1.2566,Saturday,11,3,Spring,0
10023456781,2024-03-02 12:00:00,2024-03-02,12:00:00,1.1282,Saturday,12,3,Spring,0
10023456781,2024-03-02 13:00:00,2024-03-02,13:00:00,1.1500,Saturday,13,3,Spring,0
10023456781,2024-03-02 14:00:00,2024-03-02,14:00:00,1.3006,Saturday,14,3,Spring,0
10023456781,2024-03-02 15:00:00,2024-03-02,15:00:00,1.2780,Saturday,15,3,Spring,0
10023456781,2024-03-02 16:00:00,2024-03-02,16:00:00,0.1446,Saturday,16,3,Spring,1
10023456781,2024-03-02 17:00:00,2024-03-02,17:00:00,1.5079,Saturday,17,3,Spring,0
10023456781,2024-03-02 18:00:00,2024-03-02,18:00:00,2.0927,Saturday,18,3,Spring,0
10023456781,2024-03-02 19:00:00,2024-03-02,19:00:00,2.0110,Saturday,19,3,Spring,0
10023456781,2024-03-02 20:00:00,2024-03-02,20:00:00,1.8952,Saturday,20,3,Spring,0
10023456781,2024-03-02 21:00:00,2024-03-02,21:00:00,1.5993,Saturday,21,3,Spring,0
10023456781,2024-03-02 22:00:00,2024-03-02,22:00:00,1.2104,Saturday,22,3,Spring,0
10023456781,2024-03-02 23:00:00,2024-03-02,23:00:00,1.0320,Saturday,23,3,Spring,0
10023456781,2024-03-03 00:00:00,2024-03-03,00:00:00,0.5081,Sunday,0,3,Spring,0
10023456781,2024-03-03 01:00:00,2024-03-03,01:00:00,0.4162,Sunday,1,3,Spring,0
10023456781,2024-03-03 02:00:00,2024-03-03,02:00:00,0.3409,Sunday,2,3,Spring,0
10023456781,2024-03-03 03:00:00,2024-03-03,03:00:00,0.4363,Sunday,3,3,Spring,0
10023456781,2024-03-03 04:00:00,2024-03-03,04:00:00,0.4728,Sunday,4,3,Spring,0
10023456781,2024-03-03 05:00:00,2024-03-03,05:00:00,0.5860,Sunday,5,3,Spring,0
10023456781,2024-03-03 06:00:00,2024-03-03,06:00:00,0.6819,Sunday,6,3,Spring,0
10023456781,2024-03-03 07:00:00,2024-03-03,07:00:00,1.0452,Sunday,7,3,Spring,0
10023456781,2024-03-03 08:00:00,2024-03-03,08:00:00,1.3732,Sunday,8,3,Spring,0
10023456781,2024-03-03 09:00:00,2024-03-03,09:00:00,1.8993,Sunday,9,3,Spring,0
10023456781,2024-03-03 10:00:00,2024-03-03,10:00:00,1.6391,Sunday,10,3,Spring,0
10023456781,2024-03-03 11:00:00,2024-03-03,11:00:00,1.7312,Sunday,11,3,Spring,0
10023456781,2024-03-03 12:00:00,2024-03-03,12:00:00,1.3834,Sunday,12,3,Spring,0
10023456781,2024-03-03 13:00:00,2024-03-03,13:00:00,1.3857,Sunday,13,3,Spring,0
10023456781,2024-03-03 14:00:00,2024-03-03,14:00:00,1.1985,Sunday,14,3,Spring,0
10023456781,2024-03-03 15:00:00,2024-03-03,15:00:00,1.1756,Sunday,15,3,Spring,0
10023456781,2024-03-03 16:00:00,2024-03-03,16:00:00,1.6829,Sunday,16,3,Spring,0
10023456781,2024-03-03 17:00:00,2024-03-03,17:00:00,1.5720,Sunday,17,3,Spring,0
10023456781,2024-03-03 18:00:00,2024-03-03,18:00:00,2.4295,Sunday,18,3,Spring,0
10023456781,2024-03-03 19:00:00,2024-03-03,19:00:00,2.6888,Sunday,19,3,Spring,0
10023456781,2024-03-03 20:00:00,2024-03-03,20:00:00,2.0940,Sunday,20,3,Spring,0
10023456781,2024-03-03 21:00:00,2024-03-03,21:00:00,1.9277,Sunday,21,3,Spring,0
10023456781,2024-03-03 22:00:00,2024-03-03,22:00:00,1.5587,Sunday,22,3,Spring,0
10023456781,2024-03-03 23:00:00,2024-03-03,23:00:00,1.0216,Sunday,23,3,Spring,0
10023456781,2024-03-04 00:00:00,2024-03-04,00:00:00,0.4851,Monday,0,3,Spring,0
10023456781,2024-03-04 01:00:00,2024-03-04,01:00:00,0.3418,Monday,1,3,Spring,0
10023456781,2024-03-04 02:00:00,2024-03-04,02:00:00,0.2772,Monday,2,3,Spring,0
10023456781,2024-03-04 03:00:00,2024-03-04,03:00:00,0.3389,Monday,3,3,Spring,0
10023456781,2024-03-04 04:00:00,2024-03-04,04:00:00,0.3711,Monday,4,3,Spring,0
10023456781,2024-03-04 05:00:00,2024-03-04,05:00:00,0.5124,Monday,5,3,Spring,0
10023456781,2024-03-04 06:00:00,2024-03-04,06:00:00,0.8351,Monday,6,3,Spring,0
10023456781,2024-03-04 07:00:00,2024-03-04,07:00:00,1.2561,Monday,7,3,Spring,0
10023456781,2024-03-04 08:00:00,2024-03-04,08:00:00,1.6638,Monday,8,3,Spring,0
10023456781,2024-03-04 09:00:00,2024-03-04,09:00:00,1.1912,Monday,9,3,Spring,0
10023456781,2024-03-04 10:00:00,2024-03-04,10:00:00,0.8854,Monday,10,3,Spring,0
10023456781,2024-03-04 11:00:00,2024-03-04,11:00:00,0.9070,Monday,11,3,Spring,0
10023456781,2024-03-04 12:00:00,2024-03-04,12:00:00,0.8812,Monday,12,3,Spring,0
10023456781,2024-03-04 13:00:00,2024-03-04,13:00:00,0.9744,Monday,13,3,Spring,0
10023456781,2024-03-04 14:00:00,2024-03-04,14:00:00,0.9425,Monday,14,3,Spring,0
10023456781,2024-03-04 15:00:00,2024-03-04,15:00:00,1.1694,Monday,15,3,Spring,0
10023456781,2024-03-04 16:00:00,2024-03-04,16:00:00,1.0417,Monday,16,3,Spring,0
10023456781,2024-03-04 17:00:00,2024-03-04,17:00:00,1.4362,Monday,17,3,Spring,0
10023456781,2024-03-04 18:00:00,2024-03-04,18:00:00,1.9602,Monday,18,3,Spring,0
10023456781,2024-03-04 19:00:00,2024-03-04,19:00:00,1.8708,Monday,19,3,Spring,0
10023456781,2024-03-04 20:00:00,2024-03-04,20:00:00,2.2126,Monday,20,3,Spring,0
10023456781,2024-03-04 21:00:00,2024-03-04,21:00:00,1.8313,Monday,21,3,Spring,0
10023456781,2024-03-04 22:00:00,2024-03-04,22:00:00,1.1495,Monday,22,3,Spring,0
10023456781,2024-03-04 23:00:00,2024-03-04,23:00:00,0.8386,Monday,23,3,Spring,0
10023456781,2024-03-05 00:00:00,2024-03-05,00:00:00,0.4975,Tuesday,0,3,Spring,0
10023456781,2024-03-05 01:00:00,2024-03-05,01:00:00,0.3466,Tuesday,1,3,Spring,0
10023456781,2024-03-05 02:00:00,2024-03-05,02:00:00,0.4083,Tuesday,2,3,Spring,0
10023456781,2024-03-05 03:00:00,2024-03-05,03:00:00,0.3180,Tuesday,3,3,Spring,0
10023456781,2024-03-05 04:00:00,2024-03-05,04:00:00,0.3471,Tuesday,4,3,Spring,0
10023456781,2024-03-05 05:00:00,2024-03-05,05:00:00,0.5839,Tuesday,5,3,Spring,0
10023456781,2024-03-05 06:00:00,2024-03-05,06:00:00,1.0461,Tuesday,6,3,Spring,0
10023456781,2024-03-05 07:00:00,2024-03-05,07:00:00,1.3818,Tuesday,7,3,Spring,0
10023456781,2024-03-05 08:00:00,2024-03-05,08:00:00,1.4143,Tuesday,8,3,Spring,0
10023456781,2024-03-05 09:00:00,2024-03-05,09:00:00,1.4668,Tuesday,9,3,Spring,0
10023456781,2024-03-05 10:00:00,2024-03-05,10:00:00,2.9036,Tuesday,10,3,Spring,1
10023456781,2024-03-05 11:00:00,2024-03-05,11:00:00,0.9356,Tuesday,11,3,Spring,0
10023456781,2024-03-05 12:00:00,2024-03-05,12:00:00,0.9210,Tuesday,12,3,Spring,0
10023456781,2024-03-05 13:00:00,2024-03-05,13:00:00,1.0020,Tuesday,13,3,Spring,0
10023456781,2024-03-05 14:00:00,2024-03-05,14:00:00,0.8956,Tuesday,14,3,Spring,0
10023456781,2024-03-05 15:00:00,2024-03-05,15:00:00,1.0416,Tuesday,15,3,Spring,0
10023456781,2024-03-05 16:00:00,2024-03-05,16:00:00,1.2123,Tuesday,16,3,Spring,0
10023456781,2024-03-05 17:00:00,2024-03-05,17:00:00,1.5888,Tuesday,17,3,Spring,0
10023456781,2024-03-05 18:00:00,2024-03-05,18:00:00,2.1248,Tuesday,18,3,Spring,0
10023456781,2024-03-05 19:00:00,2024-03-05,19:00:00,2.6520,Tuesday,19,3,Spring,0
10023456781,2024-03-05 20:00:00,2024-03-05,20:00:00,2.1156,Tuesday,20,3,Spring,0
10023456781,2024-03-05 21:00:00,2024-03-05,21:00:00,1.7898,Tuesday,21,3,Spring,0
10023456781,2024-03-05 22:00:00,2024-03-05,22:00:00,1.1898,Tuesday,22,3,Spring,0
10023456781,2024-03-05 23:00:00,2024-03-05,23:00:00,0.7559,Tuesday,23,3,Spring,0
10023456781,2024-03-06 00:00:00,2024-03-06,00:00:00,0.5166,Wednesday,0,3,Spring,0
10023456781,2024-03-06 01:00:00,2024-03-06,01:00:00,0.3410,Wednesday,1,3,Spring,0
10023456781,2024-03-06 02:00:00,2024-03-06,02:00:00,0.2826,Wednesday,2,3,Spring,0
10023456781,2024-03-06 03:00:00,2024-03-06,03:00:00,0.2873,Wednesday,3,3,Spring,0
10023456781,2024-03-06 04:00:00,2024-03-06,04:00:00,0.4344,Wednesday,4,3,Spring,0
10023456781,2024-03-06 05:00:00,2024-03-06,05:00:00,0.5205,Wednesday,5,3,Spring,0
10023456781,2024-03-06 06:00:00,2024-03-06,06:00:00,1.1194,Wednesday,6,3,Spring,0
10023456781,2024-03-06 07:00:00,2024-03-06,07:00:00,1.4990,Wednesday,7,3,Spring,0
10023456781,2024-03-06 08:00:00,2024-03-06,08:00:00,1.5431,Wednesday,8,3,Spring,0
10023456781,2024-03-06 09:00:00,2024-03-06,09:00:00,1.2123,Wednesday,9,3,Spring,0
10023456781,2024-03-06 10:00:00,2024-03-06,10:00:00,0.9625,Wednesday,10,3,Spring,0
10023456781,2024-03-06 11:00:00,2024-03-06,11:00:00,0.9719,Wednesday,11,3,Spring,0
10023456781,2024-03-06 12:00:00,2024-03-06,12:00:00,0.9653,Wednesday,12,3,Spring,0
10023456781,2024-03-06 13:00:00,2024-03-06,13:00:00,0.9678,Wednesday,13,3,Spring,0
10023456781,2024-03-06 14:00:00,2024-03-06,14:00:00,0.8086,Wednesday,14,3,Spring,0
10023456781,2024-03-06 15:00:00,2024-03-06,15:00:00,1.0498,Wednesday,15,3,Spring,0
10023456781,2024-03-06 16:00:00,2024-03-06,16:00:00,1.0226,Wednesday,16,3,Spring,0
10023456781,2024-03-06 17:00:00,2024-03-06,17:00:00,1.5949,Wednesday,17,3,Spring,0
10023456781,2024-03-06 18:00:00,2024-03-06,18:00:00,1.8667,Wednesday,18,3,Spring,0
10023456781,2024-03-06 19:00:00,2024-03-06,19:00:00,2.0723,Wednesday,19,3,Spring,0
10023456781,2024-03-06 20:00:00,2024-03-06,20:00:00,2.0383,Wednesday,20,3,Spring,0
10023456781,2024-03-06 21:00:00,2024-03-06,21:00:00,1.6818,Wednesday,21,3,Spring,0
10023456781,2024-03-06 22:00:00,2024-03-06,22:00:00,1.2618,Wednesday,22,3,Spring,0
10023456781,2024-03-06 23:00:00,2024-03-06,23:00:00,0.8668,Wednesday,23,3,Spring,0
10023456781,2024-03-07 00:00:00,2024-03-07,00:00:00,0.3759,Thursday,0,3,Spring,0
10023456781,2024-03-07 01:00:00,2024-03-07,01:00:00,0.4109,Thursday,1,3,Spring,0
10023456781,2024-03-07 02:00:00,2024-03-07,02:00:00,0.3507,Thursday,2,3,Spring,0
10023456781,2024-03-07 03:00:00,2024-03-07,03:00:00,0.3355,Thursday,3,3,Spring,0
10023456781,2024-03-07 04:00:00,2024-03-07,04:00:00,0.3580,Thursday,4,3,Spring,0
10023456781,2024-03-07 05:00:00,2024-03-07,05:00:00,0.4453,Thursday,5,3,Spring,0
10023456781,2024-03-07 06:00:00,2024-03-07,06:00:00,1.0861,Thursday,6,3,Spring,0
10023456781,2024-03-07 07:00:00,2024-03-07,07:00:00,1.2986,Thursday,7,3,Spring,0
10023456781,2024-03-07 08:00:00,2024-03-07,08:00:00,1.5996,Thursday,8,3,Spring,0
10023456781,2024-03-07 09:00:00,2024-03-07,09:00:00,1.1463,Thursday,9,3,Spring,0
10023456781,2024-03-07 10:00:00,2024-03-07,10:00:00,1.1401,Thursday,10,3,Spring,0
10023456781,2024-03-07 11:00:00,2024-03-07,11:00:00,1.0518,Thursday,11,3,Spring,0
10023456781,2024-03-07 12:00:00,2024-03-07,12:00:00,0.8334,Thursday,12,3,Spring,0
10023456781,2024-03-07 13:00:00,2024-03-07,13:00:00,1.0125,Thursday,13,3,Spring,0
10023456781,2024-03-07 14:00:00,2024-03-07,14:00:00,0.7359,Thursday,14,3,Spring,0
10023456781,2024-03-07 15:00:00,2024-03-07,15:00:00,0.9240,Thursday,15,3,Spring,0
10023456781,2024-03-07 16:00:00,2024-03-07,16:00:00,1.0903,Thursday,16,3,Spring,0
10023456781,2024-03-07 17:00:00,2024-03-07,17:00:00,1.4855,Thursday,17,3,Spring,0
10023456781,2024-03-07 18:00:00,2024-03-07,18:00:00,1.9591,Thursday,18,3,Spring,0
10023456781,2024-03-07 19:00:00,2024-03-07,19:00:00,1.9283,Thursday,19,3,Spring,0
10023456781,2024-03-07 20:00:00,2024-03-07,20:00:00,2.0612,Thursday,20,3,Spring,0
10023456781,2024-03-07 21:00:00,2024-03-07,21:00:00,1.6395,Thursday,21,3,Spring,0
10023456781,2024-03-07 22:00:00,2024-03-07,22:00:00,1.5022,Thursday,22,3,Spring,0
10023456781,2024-03-07 23:00:00,2024-03-07,23:00:00,0.6278,Thursday,23,3,Spring,0
10023456781,2024-03-08 00:00:00,2024-03-08,00:00:00,0.3227,Friday,0,3,Spring,0
10023456781,2024-03-08 01:00:00,2024-03-08,01:00:00,0.3159,Friday,1,3,Spring,0
10023456781,2024-03-08 02:00:00,2024-03-08,02:00:00,0.2570,Friday,2,3,Spring,0
10023456781,2024-03-08 03:00:00,2024-03-08,03:00:00,0.2355,Friday,3,3,Spring,0
10023456781,2024-03-08 04:00:00,2024-03-08,04:00:00,0.3376,Friday,4,3,Spring,0
10023456781,2024-03-08 05:00:00,2024-03-08,05:00:00,0.4823,Friday,5,3,Spring,0
10023456781,2024-03-08 06:00:00,2024-03-08,06:00:00,0.8300,Friday,6,3,Spring,0
10023456781,2024-03-08 07:00:00,2024-03-08,07:00:00,0.9005,Friday,7,3,Spring,0
10023456781,2024-03-08 08:00:00,2024-03-08,08:00:00,1.1942,Friday,8,3,Spring,0
10023456781,2024-03-08 09:00:00,2024-03-08,09:00:00,1.0649,Friday,9,3,Spring,0
10023456781,2024-03-08 10:00:00,2024-03-08,10:00:00,0.7883,Friday,10,3,Spring,0
10023456781,2024-03-08 11:00:00,2024-03-08,11:00:00,0.6944,Friday,11,3,Spring,0
10023456781,2024-03-08 12:00:00,2024-03-08,12:00:00,0.6150,Friday,12,3,Spring,0
10023456781,2024-03-08 13:00:00,2024-03-08,13:00:00,0.7217,Friday,13,3,Spring,0
10023456781,2024-03-08 14:00:00,2024-03-08,14:00:00,0.7530,Friday,14,3,Spring,0
10023456781,2024-03-08 15:00:00,2024-03-08,15:00:00,0.9860,Friday,15,3,Spring,0
10023456781,2024-03-08 16:00:00,2024-03-08,16:00:00,0.9336,Friday,16,3,Spring,0
10023456781,2024-03-08 17:00:00,2024-03-08,17:00:00,1.2187,Friday,17,3,Spring,0
10023456781,2024-03-08 18:00:00,2024-03-08,18:00:00,1.4395,Friday,18,3,Spring,0
10023456781,2024-03-08 19:00:00,2024-03-08,19:00:00,1.7335,Friday,19,3,Spring,0
10023456781,2024-03-08 20:00:00,2024-03-08,20:00:00,1.9773,Friday,20,3,Spring,0
10023456781,2024-03-08 21:00:00,2024-03-08,21:00:00,1.4106,Friday,21,3,Spring,0
10023456781,2024-03-08 22:00:00,2024-03-08,22:00:00,1.0608,Friday,22,3,Spring,0
10023456781,2024-03-08 23:00:00,2024-03-08,23:00:00,0.7284,Friday,23,3,Spring,0
10023456781,2024-03-09 00:00:00,2024-03-09,00:00:00,0.3821,Saturday,0,3,Spring,0
10023456781,2024-03-09 01:00:00,2024-03-09,01:00:00,0.4031,Saturday,1,3,Spring,0
10023456781,2024-03-09 02:00:00,2024-03-09,02:00:00,0.3065,Saturday,2,3,Spring,0
10023456781,2024-03-09 03:00:00,2024-03-09,03:00:00,0.3435,Saturday,3,3,Spring,0
10023456781,2024-03-09 04:00:00,2024-03-09,04:00:00,0.3460,Saturday,4,3,Spring,0
10023456781,2024-03-09 05:00:00,2024-03-09,05:00:00,0.4714,Saturday,5,3,Spring,0
10023456781,2024-03-09 06:00:00,2024-03-09,06:00:00,0.7728,Saturday,6,3,Spring,0
10023456781,2024-03-09 07:00:00,2024-03-09,07:00:00,0.8980,Saturday,7,3,Spring,0
10023456781,2024-03-09 08:00:00,2024-03-09,08:00:00,1.5163,Saturday,8,3,Spring,0
10023456781,2024-03-09 09:00:00,2024-03-09,09:00:00,1.6840,Saturday,9,3,Spring,0
10023456781,2024-03-09 10:00:00,2024-03-09,10:00:00,1.3207,Saturday,10,3,Spring,0
10023456781,2024-03-09 11:00:00,2024-03-09,11:00:00,1.1039,Saturday,11,3,Spring,0
10023456781,2024-03-09 12:00:00,2024-03-09,12:00:00,1.2730,Saturday,12,3,Spring,0
10023456781,2024-03-09 13:00:00,2024-03-09,13:00:00,1.0836,Saturday,13,3,Spring,0
10023456781,2024-03-09 14:00:00,2024-03-09,14:00:00,1.0253,Saturday,14,3,Spring,0
10023456781,2024-03-09 15:00:00,2024-03-09,15:00:00,1.1585,Saturday,15,3,Spring,0
10023456781,2024-03-09 16:00:00,2024-03-09,16:00:00,1.2551,Saturday,16,3,Spring,0
10023456781,2024-03-09 17:00:00,2024-03-09,17:00:00,1.4581,Saturday,17,3,Spring,0
10023456781,2024-03-09 18:00:00,2024-03-09,18:00:00,2.0072,Saturday,18,3,Spring,0
10023456781,2024-03-09 19:00:00,2024-03-09,19:00:00,2.0013,Saturday,19,3,Spring,0
10023456781,2024-03-09 20:00:00,2024-03-09,20:00:00,1.7377,Saturday,20,3,Spring,0
10023456781,2024-03-09 21:00:00,2024-03-09,21:00:00,1.6962,Saturday,21,3,Spring,0
10023456781,2024-03-09 22:00:00,2024-03-09,22:00:00,1.2109,Saturday,22,3,Spring,0
10023456781,2024-03-09 23:00:00,2024-03-09,23:00:00,0.7470,Saturday,23,3,Spring,0
10023456781,2024-03-10 00:00:00,2024-03-10,00:00:00,0.4697,Sunday,0,3,Spring,0
10023456781,2024-03-10 01:00:00,2024-03-10,01:00:00,0.4393,Sunday,1,3,Spring,0
10023456781,2024-03-10 02:00:00,2024-03-10,02:00:00,0.2759,Sunday,2,3,Spring,0
10023456781,2024-03-10 03:00:00,2024-03-10,03:00:00,0.3266,Sunday,3,3,Spring,0
10023456781,2024-03-10 04:00:00,2024-03-10,04:00:00,0.4439,Sunday,4,3,Spring,0
10023456781,2024-03-10 05:00:00,2024-03-10,05:00:00,0.4954,Sunday,5,3,Spring,0
10023456781,2024-03-10 06:00:00,2024-03-10,06:00:00,0.4476,Sunday,6,3,Spring,0
10023456781,2024-03-10 07:00:00,2024-03-10,07:00:00,1.0186,Sunday,7,3,Spring,0
10023456781,2024-03-10 08:00:00,2024-03-10,08:00:00,1.3004,Sunday,8,3,Spring,0
10023456781,2024-03-10 09:00:00,2024-03-10,09:00:00,1.5864,Sunday,9,3,Spring,0
10023456781,2024-03-10 10:00:00,2024-03-10,10:00:00,1.5269,Sunday,10,3,Spring,0
10023456781,2024-03-10 11:00:00,2024-03-10,11:00:00,1.1821,Sunday,11,3,Spring,0
10023456781,2024-03-10 12:00:00,2024-03-10,12:00:00,0.9539,Sunday,12,3,Spring,0
10023456781,2024-03-10 13:00:00,2024-03-10,13:00:00,1.0276,Sunday,13,3,Spring,0
10023456781,2024-03-10 14:00:00,2024-03-10,14:00:00,5.8098,Sunday,14,3,Spring,1
10023456781,2024-03-10 15:00:00,2024-03-10,15:00:00,4.4699,Sunday,15,3,Spring,1
10023456781,2024-03-10 16:00:00,2024-03-10,16:00:00,1.2986,Sunday,16,3,Spring,0
10023456781,2024-03-10 17:00:00,2024-03-10,17:00:00,1.4894,Sunday,17,3,Spring,0
10023456781,2024-03-10 18:00:00,2024-03-10,18:00:00,2.0462,Sunday,18,3,Spring,0
10023456781,2024-03-10 19:00:00,2024-03-10,19:00:00,1.7687,Sunday,19,3,Spring,0
10023456781,2024-03-10 20:00:00,2024-03-10,20:00:00,1.7431,Sunday,20,3,Spring,0
10023456781,2024-03-10 21:00:00,2024-03-10,21:00:00,1.7473,Sunday,21,3,Spring,0
10023456781,2024-03-10 22:00:00,2024-03-10,22:00:00,1.3279,Sunday,22,3,Spring,0
10023456781,2024-03-10 23:00:00,2024-03-10,23:00:00,1.0515,Sunday,23,3,Spring,0
10023456781,2024-03-11 00:00:00,2024-03-11,00:00:00,0.3246,Monday,0,3,Spring,0
10023456781,2024-03-11 01:00:00,2024-03-11,01:00:00,0.3121,Monday,1,3,Spring,0
10023456781,2024-03-11 02:00:00,2024-03-11,02:00:00,0.2985,Monday,2,3,Spring,0
10023456781,2024-03-11 03:00:00,2024-03-11,03:00:00,0.3702,Monday,3,3,Spring,0
10023456781,2024-03-11 04:00:00,2024-03-11,04:00:00,0.3136,Monday,4,3,Spring,0
10023456781,2024-03-11 05:00:00,2024-03-11,05:00:00,0.4163,Monday,5,3,Spring,0
10023456781,2024-03-11 06:00:00,2024-03-11,06:00:00,0.9491,Monday,6,3,Spring,0
10023456781,2024-03-11 07:00:00,2024-03-11,07:00:00,1.2714,Monday,7,3,Spring,0
10023456781,2024-03-11 08:00:00,2024-03-11,08:00:00,1.4424,Monday,8,3,Spring,0
10023456781,2024-03-11 09:00:00,2024-03-11,09:00:00,1.1492,Monday,9,3,Spring,0
10023456781,2024-03-11 10:00:00,2024-03-11,10:00:00,0.7989,Monday,10,3,Spring,0
10023456781,2024-03-11 11:00:00,2024-03-11,11:00:00,1.0719,Monday,11,3,Spring,0
10023456781,2024-03-11 12:00:00,2024-03-11,12:00:00,0.8076,Monday,12,3,Spring,0
10023456781,2024-03-11 13:00:00,2024-03-11,13:00:00,1.0181,Monday,13,3,Spring,0
10023456781,2024-03-11 14:00:00,2024-03-11,14:00:00,0.7331,Monday,14,3,Spring,0
10023456781,2024-03-11 15:00:00,2024-03-11,15:00:00,0.8710,Monday,15,3,Spring,0
10023456781,2024-03-11 16:00:00,2024-03-11,16:00:00,0.8844,Monday,16,3,Spring,0
10023456781,2024-03-11 17:00:00,2024-03-11,17:00:00,1.1584,Monday,17,3,Spring,0
10023456781,2024-03-11 18:00:00,2024-03-11,18:00:00,1.4844,Monday,18,3,Spring,0
10023456781,2024-03-11 19:00:00,2024-03-11,19:00:00,2.0484,Monday,19,3,Spring,0
10023456781,2024-03-11 20:00:00,2024-03-11,20:00:00,1.8512,Monday,20,3,Spring,0
10023456781,2024-03-11 21:00:00,2024-03-11,21:00:00,1.6988,Monday,21,3,Spring,0
10023456781,2024-03-11 22:00:00,2024-03-11,22:00:00,1.1904,Monday,22,3,Spring,0
10023456781,2024-03-11 23:00:00,2024-03-11,23:00:00,0.5849,Monday,23,3,Spring,0
10023456781,2024-03-12 00:00:00,2024-03-12,00:00:00,0.4355,Tuesday,0,3,Spring,0
10023456781,2024-03-12 01:00:00,2024-03-12,01:00:00,0.3591,Tuesday,1,3,Spring,0
10023456781,2024-03-12 02:00:00,2024-03-12,02:00:00,0.4288,Tuesday,2,3,Spring,0
10023456781,2024-03-12 03:00:00,2024-03-12,03:00:00,0.4194,Tuesday,3,3,Spring,0
10023456781,2024-03-12 04:00:00,2024-03-12,04:00:00,0.4057,Tuesday,4,3,Spring,0
10023456781,2024-03-12 05:00:00,2024-03-12,05:00:00,0.4808,Tuesday,5,3,Spring,0
10023456781,2024-03-12 06:00:00,2024-03-12,06:00:00,1.1209,Tuesday,6,3,Spring,0
10023456781,2024-03-12 07:00:00,2024-03-12,07:00:00,1.3729,Tuesday,7,3,Spring,0
10023456781,2024-03-12 08:00:00,2024-03-12,08:00:00,1.3906,Tuesday,8,3,Spring,0
10023456781,2024-03-12 09:00:00,2024-03-12,09:00:00,1.1199,Tuesday,9,3,Spring,0
10023456781,2024-03-12 10:00:00,2024-03-12,10:00:00,1.2981,Tuesday,10,3,Spring,0
10023456781,2024-03-12 11:00:00,2024-03-12,11:00:00,1.1214,Tuesday,11,3,Spring,0
10023456781,2024-03-12 12:00:00,2024-03-12,12:00:00,0.9781,Tuesday,12,3,Spring,0
10023456781,2024-03-12 13:00:00,2024-03-12,13:00:00,1.1411,Tuesday,13,3,Spring,0
10023456781,2024-03-12 14:00:00,2024-03-12,14:00:00,0.8319,Tuesday,14,3,Spring,0
10023456781,2024-03-12 15:00:00,2024-03-12,15:00:00,1.2524,Tuesday,15,3,Spring,0
10023456781,2024-03-12 16:00:00,2024-03-12,16:00:00,1.3388,Tuesday,16,3,Spring,0
10023456781,2024-03-12 17:00:00,2024-03-12,17:00:00,1.9158,Tuesday,17,3,Spring,0
10023456781,2024-03-12 18:00:00,2024-03-12,18:00:00,2.1904,Tuesday,18,3,Spring,0
10023456781,2024-03-12 19:00:00,2024-03-12,19:00:00,0.2154,Tuesday,19,3,Spring,1
10023456781,2024-03-12 20:00:00,2024-03-12,20:00:00,1.9419,Tuesday,20,3,Spring,0
10023456781,2024-03-12 21:00:00,2024-03-12,21:00:00,2.1588,Tuesday,21,3,Spring,0
10023456781,2024-03-12 22:00:00,2024-03-12,22:00:00,1.2647,Tuesday,22,3,Spring,0
10023456781,2024-03-12 23:00:00,2024-03-12,23:00:00,0.8765,Tuesday,23,3,Spring,0
10023456781,2024-03-13 00:00:00,2024-03-13,00:00:00,0.4293,Wednesday,0,3,Spring,0
10023456781,2024-03-13 01:00:00,2024-03-13,01:00:00,0.3248,Wednesday,1,3,Spring,0
10023456781,2024-03-13 02:00:00,2024-03-13,02:00:00,0.3163,Wednesday,2,3,Spring,0
10023456781,2024-03-13 03:00:00,2024-03-13,03:00:00,0.3201,Wednesday,3,3,Spring,0
10023456781,2024-03-13 04:00:00,2024-03-13,04:00:00,0.3813,Wednesday,4,3,Spring,0
10023456781,2024-03-13 05:00:00,2024-03-13,05:00:00,0.4651,Wednesday,5,3,Spring,0
10023456781,2024-03-13 06:00:00,2024-03-13,06:00:00,0.7609,Wednesday,6,3,Spring,0
10023456781,2024-03-13 07:00:00,2024-03-13,07:00:00,1.2924,Wednesday,7,3,Spring,0
10023456781,2024-03-13 08:00:00,2024-03-13,08:00:00,1.3210,Wednesday,8,3,Spring,0
10023456781,2024-03-13 09:00:00,2024-03-13,09:00:00,1.0958,Wednesday,9,3,Spring,0
10023456781,2024-03-13 10:00:00,2024-03-13,10:00:00,0.8632,Wednesday,10,3,Spring,0
10023456781,2024-03-13 11:00:00,2024-03-13,11:00:00,0.8634,Wednesday,11,3,Spring,0
10023456781,2024-03-13 12:00:00,2024-03-13,12:00:00,1.1017,Wednesday,12,3,Spring,0
10023456781,2024-03-13 13:00:00,2024-03-13,13:00:00,0.8838,Wednesday,13,3,Spring,0
10023456781,2024-03-13 14:00:00,2024-03-13,14:00:00,0.9799,Wednesday,14,3,Spring,0
10023456781,2024-03-13 15:00:00,2024-03-13,15:00:00,0.8550,Wednesday,15,3,Spring,0
10023456781,2024-03-13 16:00:00,2024-03-13,16:00:00,1.2952,Wednesday,16,3,Spring,0
10023456781,2024-03-13 17:00:00,2024-03-13,17:00:00,1.3305,Wednesday,17,3,Spring,0
10023456781,2024-03-13 18:00:00,2024-03-13,18:00:00,1.8375,Wednesday,18,3,Spring,0
10023456781,2024-03-13 19:00:00,2024-03-13,19:00:00,1.7629,Wednesday,19,3,Spring,0
10023456781,2024-03-13 20:00:00,2024-03-13,20:00:00,1.8073,Wednesday,20,3,Spring,0
10023456781,2024-03-13 21:00:00,2024-03-13,21:00:00,1.4538,Wednesday,21,3,Spring,0
10023456781,2024-03-13 22:00:00,2024-03-13,22:00:00,0.1503,Wednesday,22,3,Spring,1
10023456781,2024-03-13 23:00:00,2024-03-13,23:00:00,0.7280,Wednesday,23,3,Spring,0
10023456781,2024-03-14 00:00:00,2024-03-14,00:00:00,0.5456,Thursday,0,3,Spring,0
10023456781,2024-03-14 01:00:00,2024-03-14,01:00:00,0.4365,Thursday,1,3,Spring,0
10023456781,2024-03-14 02:00:00,2024-03-14,02:00:00,0.4354,Thursday,2,3,Spring,0
10023456781,2024-03-14 03:00:00,2024-03-14,03:00:00,0.4622,Thursday,3,3,Spring,0
10023456781,2024-03-14 04:00:00,2024-03-14,04:00:00,0.4694,Thursday,4,3,Spring,0
10023456781,2024-03-14 05:00:00,2024-03-14,05:00:00,0.6351,Thursday,5,3,Spring,0
10023456781,2024-03-14 06:00:00,2024-03-14,06:00:00,1.1725,Thursday,6,3,Spring,0
10023456781,2024-03-14 07:00:00,2024-03-14,07:00:00,1.5465,Thursday,7,3,Spring,0
10023456781,2024-03-14 08:00:00,2024-03-14,08:00:00,1.9160,Thursday,8,3,Spring,0
10023456781,2024-03-14 09:00:00,2024-03-14,09:00:00,1.5522,Thursday,9,3,Spring,0
10023456781,2024-03-14 10:00:00,2024-03-14,10:00:00,1.0217,Thursday,10,3,Spring,0
10023456781,2024-03-14 11:00:00,2024-03-14,11:00:00,0.8823,Thursday,11,3,Spring,0
10023456781,2024-03-14 12:00:00,2024-03-14,12:00:00,0.9297,Thursday,12,3,Spring,0
10023456781,2024-03-14 13:00:00,2024-03-14,13:00:00,1.3992,Thursday,13,3,Spring,0
10023456781,2024-03-14 14:00:00,2024-03-14,14:00:00,1.1198,Thursday,14,3,Spring,0
10023456781,2024-03-14 15:00:00,2024-03-14,15:00:00,1.3888,Thursday,15,3,Spring,0
10023456781,2024-03-14 16:00:00,2024-03-14,16:00:00,1.6090,Thursday,16,3,Spring,0
10023456781,2024-03-14 17:00:00,2024-03-14,17:00:00,1.6862,Thursday,17,3,Spring,0
10023456781,2024-03-14 18:00:00,2024-03-14,18:00:00,2.8663,Thursday,18,3,Spring,0
10023456781,2024-03-14 19:00:00,2024-03-14,19:00:00,2.4620,Thursday,19,3,Spring,0
10023456781,2024-03-14 20:00:00,2024-03-14,20:00:00,2.5978,Thursday,20,3,Spring,0
10023456781,2024-03-14 21:00:00,2024-03-14,21:00:00,1.9558,Thursday,21,3,Spring,0
10023456781,2024-03-14 22:00:00,2024-03-14,22:00:00,1.5682,Thursday,22,3,Spring,0
10023456781,2024-03-14 23:00:00,2024-03-14,23:00:00,0.8383,Thursday,23,3,Spring,0
10023456781,2024-03-15 00:00:00,2024-03-15,00:00:00,0.4522,Friday,0,3,Spring,0
10023456781,2024-03-15 01:00:00,2024-03-15,01:00:00,0.4561,Friday,1,3,Spring,0
10023456781,2024-03-15 02:00:00,2024-03-15,02:00:00,0.3684,Friday,2,3,Spring,0
10023456781,2024-03-15 03:00:00,2024-03-15,03:00:00,0.3213,Friday,3,3,Spring,0
10023456781,2024-03-15 04:00:00,2024-03-15,04:00:00,0.3248,Friday,4,3,Spring,0
10023456781,2024-03-15 05:00:00,2024-03-15,05:00:00,0.5196,Friday,5,3,Spring,0
10023456781,2024-03-15 06:00:00,2024-03-15,06:00:00,1.1844,Friday,6,3,Spring,0
10023456781,2024-03-15 07:00:00,2024-03-15,07:00:00,1.2759,Friday,7,3,Spring,0
10023456781,2024-03-15 08:00:00,2024-03-15,08:00:00,1.2152,Friday,8,3,Spring,0
10023456781,2024-03-15 09:00:00,2024-03-15,09:00:00,1.2233,Friday,9,3,Spring,0
10023456781,2024-03-15 10:00:00,2024-03-15,10:00:00,1.0490,Friday,10,3,Spring,0
10023456781,2024-03-15 11:00:00,2024-03-15,11:00:00,0.8480,Friday,11,3,Spring,0
10023456781,2024-03-15 12:00:00,2024-03-15,12:00:00,1.0835,Friday,12,3,Spring,0
10023456781,2024-03-15 13:00:00,2024-03-15,13:00:00,1.1359,Friday,13,3,Spring,0
10023456781,2024-03-15 14:00:00,2024-03-15,14:00:00,0.0645,Friday,14,3,Spring,1
10023456781,2024-03-15 15:00:00,2024-03-15,15:00:00,1.1676,Friday,15,3,Spring,0
10023456781,2024-03-15 16:00:00,2024-03-15,16:00:00,1.0781,Friday,16,3,Spring,0
10023456781,2024-03-15 17:00:00,2024-03-15,17:00:00,1.7823,Friday,17,3,Spring,0
10023456781,2024-03-15 18:00:00,2024-03-15,18:00:00,1.7914,Friday,18,3,Spring,0
10023456781,2024-03-15 19:00:00,2024-03-15,19:00:00,2.4893,Friday,19,3,Spring,0
10023456781,2024-03-15 20:00:00,2024-03-15,20:00:00,2.0725,Friday,20,3,Spring,0
10023456781,2024-03-15 21:00:00,2024-03-15,21:00:00,1.6971,Friday,21,3,Spring,0
10023456781,2024-03-15 22:00:00,2024-03-15,22:00:00,1.2859,Friday,22,3,Spring,0
10023456781,2024-03-15 23:00:00,2024-03-15,23:00:00,0.7449,Friday,23,3,Spring,0
10023456781,2024-03-16 00:00:00,2024-03-16,00:00:00,0.3948,Saturday,0,3,Spring,0
10023456781,2024-03-16 01:00:00,2024-03-16,01:00:00,0.4588,Saturday,1,3,Spring,0
10023456781,2024-03-16 02:00:00,2024-03-16,02:00:00,0.3268,Saturday,2,3,Spring,0
10023456781,2024-03-16 03:00:00,2024-03-16,03:00:00,0.3090,Saturday,3,3,Spring,0
10023456781,2024-03-16 04:00:00,2024-03-16,04:00:00,0.4206,Saturday,4,3,Spring,0
10023456781,2024-03-16 05:00:00,2024-03-16,05:00:00,0.4937,Saturday,5,3,Spring,0
10023456781,2024-03-16 06:00:00,2024-03-16,06:00:00,0.6400,Saturday,6,3,Spring,0
10023456781,2024-03-16 07:00:00,2024-03-16,07:00:00,1.1375,Saturday,7,3,Spring,0
10023456781,2024-03-16 08:00:00,2024-03-16,08:00:00,1.7753,Saturday,8,3,Spring,0
10023456781,2024-03-16 09:00:00,2024-03-16,09:00:00,1.6893,Saturday,9,3,Spring,0
10023456781,2024-03-16 10:00:00,2024-03-16,10:00:00,1.4468,Saturday,10,3,Spring,0
10023456781,2024-03-16 11:00:00,2024-03-16,11:00:00,1.5337,Saturday,11,3,Spring,0
10023456781,2024-03-16 12:00:00,2024-03-16,12:00:00,1.5714,Saturday,12,3,Spring,0
10023456781,2024-03-16 13:00:00,2024-03-16,13:00:00,1.2409,Saturday,13,3,Spring,0
10023456781,2024-03-16 14:00:00,2024-03-16,14:00:00,1.2698,Saturday,14,3,Spring,0
10023456781,2024-03-16 15:00:00,2024-03-16,15:00:00,1.2321,Saturday,15,3,Spring,0
10023456781,2024-03-16 16:00:00,2024-03-16,16:00:00,1.5315,Saturday,16,3,Spring,0
10023456781,2024-03-16 17:00:00,2024-03-16,17:00:00,1.9327,Saturday,17,3,Spring,0
10023456781,2024-03-16 18:00:00,2024-03-16,18:00:00,1.9435,Saturday,18,3,Spring,0
10023456781,2024-03-16 19:00:00,2024-03-16,19:00:00,2.7685,Saturday,19,3,Spring,0
10023456781,2024-03-16 20:00:00,2024-03-16,20:00:00,2.1471,Saturday,20,3,Spring,0
10023456781,2024-03-16 21:00:00,2024-03-16,21:00:00,1.8084,Saturday,21,3,Spring,0
10023456781,2024-03-16 22:00:00,2024-03-16,22:00:00,1.5409,Saturday,22,3,Spring,0
10023456781,2024-03-16 23:00:00,2024-03-16,23:00:00,0.9904,Saturday,23,3,Spring,0
10023456781,2024-03-17 00:00:00,2024-03-17,00:00:00,0.4156,Sunday,0,3,Spring,0
10023456781,2024-03-17 01:00:00,2024-03-17,01:00:00,0.2718,Sunday,1,3,Spring,0
10023456781,2024-03-17 02:00:00,2024-03-17,02:00:00,0.3974,Sunday,2,3,Spring,0
10023456781,2024-03-17 03:00:00,2024-03-17,03:00:00,0.3390,Sunday,3,3,Spring,0
10023456781,2024-03-17 04:00:00,2024-03-17,04:00:00,0.3454,Sunday,4,3,Spring,0
10023456781,2024-03-17 05:00:00,2024-03-17,05:00:00,0.4239,Sunday,5,3,Spring,0
10023456781,2024-03-17 06:00:00,2024-03-17,06:00:00,0.5530,Sunday,6,3,Spring,0
10023456781,2024-03-17 07:00:00,2024-03-17,07:00:00,0.8361,Sunday,7,3,Spring,0
10023456781,2024-03-17 08:00:00,2024-03-17,08:00:00,1.3220,Sunday,8,3,Spring,0
10023456781,2024-03-17 09:00:00,2024-03-17,09:00:00,1.2544,Sunday,9,3,Spring,0
10023456781,2024-03-17 10:00:00,2024-03-17,10:00:00,1.2096,Sunday,10,3,Spring,0
10023456781,2024-03-17 11:00:00,2024-03-17,11:00:00,1.1739,Sunday,11,3,Spring,0
10023456781,2024-03-17 12:00:00,2024-03-17,12:00:00,1.0416,Sunday,12,3,Spring,0
10023456781,2024-03-17 13:00:00,2024-03-17,13:00:00,1.0589,Sunday,13,3,Spring,0
10023456781,2024-03-17 14:00:00,2024-03-17,14:00:00,0.7968,Sunday,14,3,Spring,0
10023456781,2024-03-17 15:00:00,2024-03-17,15:00:00,0.7683,Sunday,15,3,Spring,0
10023456781,2024-03-17 16:00:00,2024-03-17,16:00:00,1.1871,Sunday,16,3,Spring,0
10023456781,2024-03-17 17:00:00,2024-03-17,17:00:00,1.3879,Sunday,17,3,Spring,0
10023456781,2024-03-17 18:00:00,2024-03-17,18:00:00,1.8248,Sunday,18,3,Spring,0
10023456781,2024-03-17 19:00:00,2024-03-17,19:00:00,2.0759,Sunday,19,3,Spring,0
10023456781,2024-03-17 20:00:00,2024-03-17,20:00:00,1.6894,Sunday,20,3,Spring,0
10023456781,2024-03-17 21:00:00,2024-03-17,21:00:00,1.4989,Sunday,21,3,Spring,0
10023456781,2024-03-17 22:00:00,2024-03-17,22:00:00,1.2930,Sunday,22,3,Spring,0
10023456781,2024-03-17 23:00:00,2024-03-17,23:00:00,0.6629,Sunday,23,3,Spring,0
10023456781,2024-03-18 00:00:00,2024-03-18,00:00:00,0.2640,Monday,0,3,Spring,0
10023456781,2024-03-18 01:00:00,2024-03-18,01:00:00,0.2319,Monday,1,3,Spring,0
10023456781,2024-03-18 02:00:00,2024-03-18,02:00:00,0.2072,Monday,2,3,Spring,0
10023456781,2024-03-18 03:00:00,2024-03-18,03:00:00,0.2395,Monday,3,3,Spring,0
10023456781,2024-03-18 04:00:00,2024-03-18,04:00:00,0.2549,Monday,4,3,Spring,0
10023456781,2024-03-18 05:00:00,2024-03-18,05:00:00,0.2996,Monday,5,3,Spring,0
10023456781,2024-03-18 06:00:00,2024-03-18,06:00:00,0.5200,Monday,6,3,Spring,0
10023456781,2024-03-18 07:00:00,2024-03-18,07:00:00,0.7963,Monday,7,3,Spring,0
10023456781,2024-03-18 08:00:00,2024-03-18,08:00:00,0.9587,Monday,8,3,Spring,0
10023456781,2024-03-18 09:00:00,2024-03-18,09:00:00,0.6146,Monday,9,3,Spring,0
10023456781,2024-03-18 10:00:00,2024-03-18,10:00:00,0.6991,Monday,10,3,Spring,0
10023456781,2024-03-18 11:00:00,2024-03-18,11:00:00,0.5940,Monday,11,3,Spring,0
10023456781,2024-03-18 12:00:00,2024-03-18,12:00:00,0.5238,Monday,12,3,Spring,0
10023456781,2024-03-18 13:00:00,2024-03-18,13:00:00,0.6495,Monday,13,3,Spring,0
10023456781,2024-03-18 14:00:00,2024-03-18,14:00:00,0.5999,Monday,14,3,Spring,0
10023456781,2024-03-18 15:00:00,2024-03-18,15:00:00,5.3174,Monday,15,3,Spring,1
10023456781,2024-03-18 16:00:00,2024-03-18,16:00:00,0.6130,Monday,16,3,Spring,0
10023456781,2024-03-18 17:00:00,2024-03-18,17:00:00,0.7625,Monday,17,3,Spring,0
10023456781,2024-03-18 18:00:00,2024-03-18,18:00:00,1.2081,Monday,18,3,Spring,0
10023456781,2024-03-18 19:00:00,2024-03-18,19:00:00,1.1623,Monday,19,3,Spring,0
10023456781,2024-03-18 20:00:00,2024-03-18,20:00:00,1.3494,Monday,20,3,Spring,0
10023456781,2024-03-18 21:00:00,2024-03-18,21:00:00,1.1677,Monday,21,3,Spring,0
10023456781,2024-03-18 22:00:00,2024-03-18,22:00:00,0.6445,Monday,22,3,Spring,0
10023456781,2024-03-18 23:00:00,2024-03-18,23:00:00,0.4517,Monday,23,3,Spring,0
10023456781,2024-03-19 00:00:00,2024-03-19,00:00:00,0.3869,Tuesday,0,3,Spring,0
10023456781,2024-03-19 01:00:00,2024-03-19,01:00:00,0.2895,Tuesday,1,3,Spring,0
10023456781,2024-03-19 02:00:00,2024-03-19,02:00:00,0.2587,Tuesday,2,3,Spring,0
10023456781,2024-03-19 03:00:00,2024-03-19,03:00:00,0.3711,Tuesday,3,3,Spring,0
10023456781,2024-03-19 04:00:00,2024-03-19,04:00:00,0.2820,Tuesday,4,3,Spring,0
10023456781,2024-03-19 05:00:00,2024-03-19,05:00:00,0.4740,Tuesday,5,3,Spring,0
10023456781,2024-03-19 06:00:00,2024-03-19,06:00:00,0.8629,Tuesday,6,3,Spring,0
10023456781,2024-03-19 07:00:00,2024-03-19,07:00:00,1.0695,Tuesday,7,3,Spring,0
10023456781,2024-03-19 08:00:00,2024-03-19,08:00:00,1.4130,Tuesday,8,3,Spring,0
10023456781,2024-03-19 09:00:00,2024-03-19,09:00:00,1.0476,Tuesday,9,3,Spring,0
10023456781,2024-03-19 10:00:00,2024-03-19,10:00:00,0.9227,Tuesday,10,3,Spring,0
10023456781,2024-03-19 11:00:00,2024-03-19,11:00:00,0.7572,Tuesday,11,3,Spring,0
10023456781,2024-03-19 12:00:00,2024-03-19,12:00:00,0.9370,Tuesday,12,3,Spring,0
10023456781,2024-03-19 13:00:00,2024-03-19,13:00:00,0.9047,Tuesday,13,3,Spring,0
10023456781,2024-03-19 14:00:00,2024-03-19,14:00:00,0.9339,Tuesday,14,3,Spring,0
10023456781,2024-03-19 15:00:00,2024-03-19,15:00:00,0.7884,Tuesday,15,3,Spring,0
10023456781,2024-03-19 16:00:00,2024-03-19,16:00:00,1.0285,Tuesday,16,3,Spring,0
10023456781,2024-03-19 17:00:00,2024-03-19,17:00:00,1.1839,Tuesday,17,3,Spring,0
10023456781,2024-03-19 18:00:00,2024-03-19,18:00:00,2.0486,Tuesday,18,3,Spring,0
10023456781,2024-03-19 19:00:00,2024-03-19,19:00:00,1.7718,Tuesday,19,3,Spring,0
10023456781,2024-03-19 20:00:00,2024-03-19,20:00:00,1.7668,Tuesday,20,3,Spring,0
10023456781,2024-03-19 21:00:00,2024-03-19,21:00:00,1.3994,Tuesday,21,3,Spring,0
10023456781,2024-03-19 22:00:00,2024-03-19,22:00:00,1.0931,Tuesday,22,3,Spring,0
10023456781,2024-03-19 23:00:00,2024-03-19,23:00:00,0.6374,Tuesday,23,3,Spring,0
10023456781,2024-03-20 00:00:00,2024-03-20,00:00:00,0.3549,Wednesday,0,3,Spring,0
10023456781,2024-03-20 01:00:00,2024-03-20,01:00:00,0.3123,Wednesday,1,3,Spring,0
10023456781,2024-03-20 02:00:00,2024-03-20,02:00:00,0.2319,Wednesday,2,3,Spring,0
10023456781,2024-03-20 03:00:00,2024-03-20,03:00:00,0.2510,Wednesday,3,3,Spring,0
10023456781,2024-03-20 04:00:00,2024-03-20,04:00:00,0.3309,Wednesday,4,3,Spring,0
10023456781,2024-03-20 05:00:00,2024-03-20,05:00:00,0.4681,Wednesday,5,3,Spring,0
10023456781,2024-03-20 06:00:00,2024-03-20,06:00:00,0.8447,Wednesday,6,3,Spring,0
10023456781,2024-03-20 07:00:00,2024-03-20,07:00:00,1.0697,Wednesday,7,3,Spring,0
10023456781,2024-03-20 08:00:00,2024-03-20,08:00:00,1.6589,Wednesday,8,3,Spring,0
10023456781,2024-03-20 09:00:00,2024-03-20,09:00:00,0.8447,Wednesday,9,3,Spring,0
10023456781,2024-03-20 10:00:00,2024-03-20,10:00:00,0.8166,Wednesday,10,3,Spring,0
10023456781,2024-03-20 11:00:00,2024-03-20,11:00:00,0.8042,Wednesday,11,3,Spring,0
10023456781,2024-03-20 12:00:00,2024-03-20,12:00:00,0.8153,Wednesday,12,3,Spring,0
10023456781,2024-03-20 13:00:00,2024-03-20,13:00:00,0.7196,Wednesday,13,3,Spring,0
10023456781,2024-03-20 14:00:00,2024-03-20,14:00:00,0.7528,Wednesday,14,3,Spring,0
10023456781,2024-03-20 15:00:00,2024-03-20,15:00:00,0.8789,Wednesday,15,3,Spring,0
10023456781,2024-03-20 16:00:00,2024-03-20,16:00:00,0.9411,Wednesday,16,3,Spring,0
10023456781,2024-03-20 17:00:00,2024-03-20,17:00:00,1.3148,Wednesday,17,3,Spring,0
10023456781,2024-03-20 18:00:00,2024-03-20,18:00:00,1.5539,Wednesday,18,3,Spring,0
10023456781,2024-03-20 19:00:00,2024-03-20,19:00:00,2.0491,Wednesday,19,3,Spring,0
10023456781,2024-03-20 20:00:00,2024-03-20,20:00:00,1.6046,Wednesday,20,3,Spring,0
10023456781,2024-03-20 21:00:00,2024-03-20,21:00:00,1.2807,Wednesday,21,3,Spring,0
10023456781,2024-03-20 22:00:00,2024-03-20,22:00:00,1.1733,Wednesday,22,3,Spring,0
10023456781,2024-03-20 23:00:00,2024-03-20,23:00:00,0.6410,Wednesday,23,3,Spring,0
10023456781,2024-03-21 00:00:00,2024-03-21,00:00:00,0.3824,Thursday,0,3,Spring,0
10023456781,2024-03-21 01:00:00,2024-03-21,01:00:00,0.3836,Thursday,1,3,Spring,0
10023456781,2024-03-21 02:00:00,2024-03-21,02:00:00,0.3758,Thursday,2,3,Spring,0
10023456781,2024-03-21 03:00:00,2024-03-21,03:00:00,1.5788,Thursday,3,3,Spring,1
10023456781,2024-03-21 04:00:00,2024-03-21,04:00:00,0.3340,Thursday,4,3,Spring,0
10023456781,2024-03-21 05:00:00,2024-03-21,05:00:00,0.6100,Thursday,5,3,Spring,0
10023456781,2024-03-21 06:00:00,2024-03-21,06:00:00,1.0363,Thursday,6,3,Spring,0
10023456781,2024-03-21 07:00:00,2024-03-21,07:00:00,1.3715,Thursday,7,3,Spring,0
10023456781,2024-03-21 08:00:00,2024-03-21,08:00:00,1.3422,Thursday,8,3,Spring,0
10023456781,2024-03-21 09:00:00,2024-03-21,09:00:00,1.4047,Thursday,9,3,Spring,0
10023456781,2024-03-21 10:00:00,2024-03-21,10:00:00,1.1264,Thursday,10,3,Spring,0
10023456781,2024-03-21 11:00:00,2024-03-21,11:00:00,0.7975,Thursday,11,3,Spring,0
10023456781,2024-03-21 12:00:00,2024-03-21,12:00:00,0.8072,Thursday,12,3,Spring,0
10023456781,2024-03-21 13:00:00,2024-03-21,13:00:00,0.9299,Thursday,13,3,Spring,0
10023456781,2024-03-21 14:00:00,2024-03-21,14:00:00,0.9836,Thursday,14,3,Spring,0
10023456781,2024-03-21 15:00:00,2024-03-21,15:00:00,0.9309,Thursday,15,3,Spring,0
10023456781,2024-03-21 16:00:00,2024-03-21,16:00:00,1.0540,Thursday,16,3,Spring,0
10023456781,2024-03-21 17:00:00,2024-03-21,17:00:00,1.2784,Thursday,17,3,Spring,0
10023456781,2024-03-21 18:00:00,2024-03-21,18:00:00,1.9312,Thursday,18,3,Spring,0
10023456781,2024-03-21 19:00:00,2024-03-21,19:00:00,2.3587,Thursday,19,3,Spring,0
10023456781,2024-03-21 20:00:00,2024-03-21,20:00:00,1.9690,Thursday,20,3,Spring,0
10023456781,2024-03-21 21:00:00,2024-03-21,21:00:00,0.2601,Thursday,21,3,Spring,1
10023456781,2024-03-21 22:00:00,2024-03-21,22:00:00,1.2137,Thursday,22,3,Spring,0
10023456781,2024-03-21 23:00:00,2024-03-21,23:00:00,0.9525,Thursday,23,3,Spring,0
10023456781,2024-03-22 00:00:00,2024-03-22,00:00:00,0.3124,Friday,0,3,Spring,0
10023456781,2024-03-22 01:00:00,2024-03-22,01:00:00,0.3870,Friday,1,3,Spring,0
10023456781,2024-03-22 02:00:00,2024-03-22,02:00:00,0.3199,Friday,2,3,Spring,0
10023456781,2024-03-22 03:00:00,2024-03-22,03:00:00,0.3722,Friday,3,3,Spring,0
10023456781,2024-03-22 04:00:00,2024-03-22,04:00:00,0.3329,Friday,4,3,Spring,0
10023456781,2024-03-22 05:00:00,2024-03-22,05:00:00,0.5647,Friday,5,3,Spring,0
10023456781,2024-03-22 06:00:00,2024-03-22,06:00:00,1.0585,Friday,6,3,Spring,0
10023456781,2024-03-22 07:00:00,2024-03-22,07:00:00,1.3788,Friday,7,3,Spring,0
10023456781,2024-03-22 08:00:00,2024-03-22,08:00:00,1.5250,Friday,8,3,Spring,0
10023456781,2024-03-22 09:00:00,2024-03-22,09:00:00,1.3234,Friday,9,3,Spring,0
10023456781,2024-03-22 10:00:00,2024-03-22,10:00:00,0.8534,Friday,10,3,Spring,0
10023456781,2024-03-22 11:00:00,2024-03-22,11:00:00,0.8366,Friday,11,3,Spring,0
10023456781,2024-03-22 12:00:00,2024-03-22,12:00:00,1.0445,Friday,12,3,Spring,0
10023456781,2024-03-22 13:00:00,2024-03-22,13:00:00,0.7391,Friday,13,3,Spring,0
10023456781,2024-03-22 14:00:00,2024-03-22,14:00:00,1.0697,Friday,14,3,Spring,0
10023456781,2024-03-22 15:00:00,2024-03-22,15:00:00,1.1226,Friday,15,3,Spring,0
10023456781,2024-03-22 16:00:00,2024-03-22,16:00:00,1.0840,Friday,16,3,Spring,0
10023456781,2024-03-22 17:00:00,2024-03-22,17:00:00,1.4201,Friday,17,3,Spring,0
10023456781,2024-03-22 18:00:00,2024-03-22,18:00:00,1.8693,Friday,18,3,Spring,0
10023456781,2024-03-22 19:00:00,2024-03-22,19:00:00,1.8702,Friday,19,3,Spring,0
10023456781,2024-03-22 20:00:00,2024-03-22,20:00:00,1.7828,Friday,20,3,Spring,0
10023456781,2024-03-22 21:00:00,2024-03-22,21:00:00,1.6711,Friday,21,3,Spring,0
10023456781,2024-03-22 22:00:00,2024-03-22,22:00:00,1.4450,Friday,22,3,Spring,0
10023456781,2024-03-22 23:00:00,2024-03-22,23:00:00,0.5736,Friday,23,3,Spring,0
10023456781,2024-03-23 00:00:00,2024-03-23,00:00:00,0.5093,Saturday,0,3,Spring,0
10023456781,2024-03-23 01:00:00,2024-03-23,01:00:00,0.5440,Saturday,1,3,Spring,0
10023456781,2024-03-23 02:00:00,2024-03-23,02:00:00,0.3769,Saturday,2,3,Spring,0
10023456781,2024-03-23 03:00:00,2024-03-23,03:00:00,0.3862,Saturday,3,3,Spring,0
10023456781,2024-03-23 04:00:00,2024-03-23,04:00:00,0.3339,Saturday,4,3,Spring,0
10023456781,2024-03-23 05:00:00,2024-03-23,05:00:00,0.4217,Saturday,5,3,Spring,0
10023456781,2024-03-23 06:00:00,2024-03-23,06:00:00,0.6684,Saturday,6,3,Spring,0
10023456781,2024-03-23 07:00:00,2024-03-23,07:00:00,1.1488,Saturday,7,3,Spring,0
10023456781,2024-03-23 08:00:00,2024-03-23,08:00:00,1.4048,Saturday,8,3,Spring,0
10023456781,2024-03-23 09:00:00,2024-03-23,09:00:00,1.8549,Saturday,9,3,Spring,0
10023456781,2024-03-23 10:00:00,2024-03-23,10:00:00,1.4162,Saturday,10,3,Spring,0
10023456781,2024-03-23 11:00:00,2024-03-23,11:00:00,1.4434,Saturday,11,3,Spring,0
10023456781,2024-03-23 12:00:00,2024-03-23,12:00:00,1.4747,Saturday,12,3,Spring,0
10023456781,2024-03-23 13:00:00,2024-03-23,13:00:00,1.2377,Saturday,13,3,Spring,0
10023456781,2024-03-23 14:00:00,2024-03-23,14:00:00,1.3138,Saturday,14,3,Spring,0
10023456781,2024-03-23 15:00:00,2024-03-23,15:00:00,1.1778,Saturday,15,3,Spring,0
10023456781,2024-03-23 16:00:00,2024-03-23,16:00:00,1.3211,Saturday,16,3,Spring,0
10023456781,2024-03-23 17:00:00,2024-03-23,17:00:00,1.7903,Saturday,17,3,Spring,0
10023456781,2024-03-23 18:00:00,2024-03-23,18:00:00,2.4685,Saturday,18,3,Spring,0
10023456781,2024-03-23 19:00:00,2024-03-23,19:00:00,1.9498,Saturday,19,3,Spring,0
10023456781,2024-03-23 20:00:00,2024-03-23,20:00:00,2.3220,Saturday,20,3,Spring,0
10023456781,2024-03-23 21:00:00,2024-03-23,21:00:00,1.4555,Saturday,21,3,Spring,0
10023456781,2024-03-23 22:00:00,2024-03-23,22:00:00,1.3475,Saturday,22,3,Spring,0
10023456781,2024-03-23 23:00:00,2024-03-23,23:00:00,0.9426,Saturday,23,3,Spring,0
10023456781,2024-03-24 00:00:00,2024-03-24,00:00:00,1.5451,Sunday,0,3,Spring,1
10023456781,2024-03-24 01:00:00,2024-03-24,01:00:00,1.1845,Sunday,1,3,Spring,1
10023456781,2024-03-24 02:00:00,2024-03-24,02:00:00,0.9489,Sunday,2,3,Spring,1
10023456781,2024-03-24 03:00:00,2024-03-24,03:00:00,0.4901,Sunday,3,3,Spring,0
10023456781,2024-03-24 04:00:00,2024-03-24,04:00:00,0.4712,Sunday,4,3,Spring,0
10023456781,2024-03-24 05:00:00,2024-03-24,05:00:00,0.5617,Sunday,5,3,Spring,0
10023456781,2024-03-24 06:00:00,2024-03-24,06:00:00,0.9510,Sunday,6,3,Spring,0
10023456781,2024-03-24 07:00:00,2024-03-24,07:00:00,1.2917,Sunday,7,3,Spring,0
10023456781,2024-03-24 08:00:00,2024-03-24,08:00:00,1.7196,Sunday,8,3,Spring,0
10023456781,2024-03-24 09:00:00,2024-03-24,09:00:00,1.9809,Sunday,9,3,Spring,0
10023456781,2024-03-24 10:00:00,2024-03-24,10:00:00,1.5946,Sunday,10,3,Spring,0
10023456781,2024-03-24 11:00:00,2024-03-24,11:00:00,1.5541,Sunday,11,3,Spring,0
10023456781,2024-03-24 12:00:00,2024-03-24,12:00:00,1.1885,Sunday,12,3,Spring,0
10023456781,2024-03-24 13:00:00,2024-03-24,13:00:00,1.3593,Sunday,13,3,Spring,0
10023456781,2024-03-24 14:00:00,2024-03-24,14:00:00,1.3491,Sunday,14,3,Spring,0
10023456781,2024-03-24 15:00:00,2024-03-24,15:00:00,1.4213,Sunday,15,3,Spring,0
10023456781,2024-03-24 16:00:00,2024-03-24,16:00:00,1.4531,Sunday,16,3,Spring,0
10023456781,2024-03-24 17:00:00,2024-03-24,17:00:00,1.7204,Sunday,17,3,Spring,0
10023456781,2024-03-24 18:00:00,2024-03-24,18:00:00,2.1350,Sunday,18,3,Spring,0
10023456781,2024-03-24 19:00:00,2024-03-24,19:00:00,3.2822,Sunday,19,3,Spring,0
10023456781,2024-03-24 20:00:00,2024-03-24,20:00:00,2.6524,Sunday,20,3,Spring,0
10023456781,2024-03-24 21:00:00,2024-03-24,21:00:00,2.2348,Sunday,21,3,Spring,0
10023456781,2024-03-24 22:00:00,2024-03-24,22:00:00,1.4782,Sunday,22,3,Spring,0
10023456781,2024-03-24 23:00:00,2024-03-24,23:00:00,1.1195,Sunday,23,3,Spring,0
10023456781,2024-03-25 00:00:00,2024-03-25,00:00:00,0.4025,Monday,0,3,Spring,0
10023456781,2024-03-25 01:00:00,2024-03-25,01:00:00,0.3091,Monday,1,3,Spring,0
10023456781,2024-03-25 02:00:00,2024-03-25,02:00:00,0.3955,Monday,2,3,Spring,0
10023456781,2024-03-25 03:00:00,2024-03-25,03:00:00,0.3088,Monday,3,3,Spring,0
10023456781,2024-03-25 04:00:00,2024-03-25,04:00:00,0.3633,Monday,4,3,Spring,0
10023456781,2024-03-25 05:00:00,2024-03-25,05:00:00,0.5629,Monday,5,3,Spring,0
10023456781,2024-03-25 06:00:00,2024-03-25,06:00:00,0.9460,Monday,6,3,Spring,0
10023456781,2024-03-25 07:00:00,2024-03-25,07:00:00,1.0045,Monday,7,3,Spring,0
10023456781,2024-03-25 08:00:00,2024-03-25,08:00:00,1.2753,Monday,8,3,Spring,0
10023456781,2024-03-25 09:00:00,2024-03-25,09:00:00,1.0406,Monday,9,3,Spring,0
10023456781,2024-03-25 10:00:00,2024-03-25,10:00:00,1.2667,Monday,10,3,Spring,0
10023456781,2024-03-25 11:00:00,2024-03-25,11:00:00,0.9046,Monday,11,3,Spring,0
10023456781,2024-03-25 12:00:00,2024-03-25,12:00:00,0.8870,Monday,12,3,Spring,0
10023456781,2024-03-25 13:00:00,2024-03-25,13:00:00,1.0311,Monday,13,3,Spring,0
10023456781,2024-03-25 14:00:00,2024-03-25,14:00:00,0.9819,Monday,14,3,Spring,0
10023456781,2024-03-25 15:00:00,2024-03-25,15:00:00,0.8717,Monday,15,3,Spring,0
10023456781,2024-03-25 16:00:00,2024-03-25,16:00:00,1.4163,Monday,16,3,Spring,0
10023456781,2024-03-25 17:00:00,2024-03-25,17:00:00,1.8134,Monday,17,3,Spring,0
10023456781,2024-03-25 18:00:00,2024-03-25,18:00:00,5.6079,Monday,18,3,Spring,1
10023456781,2024-03-25 19:00:00,2024-03-25,19:00:00,5.0196,Monday,19,3,Spring,1
10023456781,2024-03-25 20:00:00,2024-03-25,20:00:00,6.3105,Monday,20,3,Spring,1
10023456781,2024-03-25 21:00:00,2024-03-25,21:00:00,4.8504,Monday,21,3,Spring,1
10023456781,2024-03-25 22:00:00,2024-03-25,22:00:00,1.4078,Monday,22,3,Spring,0
10023456781,2024-03-25 23:00:00,2024-03-25,23:00:00,0.9053,Monday,23,3,Spring,0
10023456781,2024-03-26 00:00:00,2024-03-26,00:00:00,0.3243,Tuesday,0,3,Spring,0
10023456781,2024-03-26 01:00:00,2024-03-26,01:00:00,0.3458,Tuesday,1,3,Spring,0
10023456781,2024-03-26 02:00:00,2024-03-26,02:00:00,0.2860,Tuesday,2,3,Spring,0
10023456781,2024-03-26 03:00:00,2024-03-26,03:00:00,0.2768,Tuesday,3,3,Spring,0
10023456781,2024-03-26 04:00:00,2024-03-26,04:00:00,0.2756,Tuesday,4,3,Spring,0
10023456781,2024-03-26 05:00:00,2024-03-26,05:00:00,0.3943,Tuesday,5,3,Spring,0
10023456781,2024-03-26 06:00:00,2024-03-26,06:00:00,0.6930,Tuesday,6,3,Spring,0
10023456781,2024-03-26 07:00:00,2024-03-26,07:00:00,0.9670,Tuesday,7,3,Spring,0
10023456781,2024-03-26 08:00:00,2024-03-26,08:00:00,1.1275,Tuesday,8,3,Spring,0
10023456781,2024-03-26 09:00:00,2024-03-26,09:00:00,1.1863,Tuesday,9,3,Spring,0
10023456781,2024-03-26 10:00:00,2024-03-26,10:00:00,0.7482,Tuesday,10,3,Spring,0
10023456781,2024-03-26 11:00:00,2024-03-26,11:00:00,0.7535,Tuesday,11,3,Spring,0
10023456781,2024-03-26 12:00:00,2024-03-26,12:00:00,0.6818,Tuesday,12,3,Spring,0
10023456781,2024-03-26 13:00:00,2024-03-26,13:00:00,0.7375,Tuesday,13,3,Spring,0
10023456781,2024-03-26 14:00:00,2024-03-26,14:00:00,0.7264,Tuesday,14,3,Spring,0
10023456781,2024-03-26 15:00:00,2024-03-26,15:00:00,0.7904,Tuesday,15,3,Spring,0
10023456781,2024-03-26 16:00:00,2024-03-26,16:00:00,0.7751,Tuesday,16,3,Spring,0
10023456781,2024-03-26 17:00:00,2024-03-26,17:00:00,1.1143,Tuesday,17,3,Spring,0
10023456781,2024-03-26 18:00:00,2024-03-26,18:00:00,1.4622,Tuesday,18,3,Spring,0
10023456781,2024-03-26 19:00:00,2024-03-26,19:00:00,1.7367,Tuesday,19,3,Spring,0
10023456781,2024-03-26 20:00:00,2024-03-26,20:00:00,1.5840,Tuesday,20,3,Spring,0
10023456781,2024-03-26 21:00:00,2024-03-26,21:00:00,1.2395,Tuesday,21,3,Spring,0
10023456781,2024-03-26 22:00:00,2024-03-26,22:00:00,0.9776,Tuesday,22,3,Spring,0
10023456781,2024-03-26 23:00:00,2024-03-26,23:00:00,0.5036,Tuesday,23,3,Spring,0
10023456781,2024-03-27 00:00:00,2024-03-27,00:00:00,0.3087,Wednesday,0,3,Spring,0
10023456781,2024-03-27 01:00:00,2024-03-27,01:00:00,0.2846,Wednesday,1,3,Spring,0
10023456781,2024-03-27 02:00:00,2024-03-27,02:00:00,0.5101,Wednesday,2,3,Spring,1
10023456781,2024-03-27 03:00:00,2024-03-27,03:00:00,0.6344,Wednesday,3,3,Spring,1
10023456781,2024-03-27 04:00:00,2024-03-27,04:00:00,0.7750,Wednesday,4,3,Spring,1
10023456781,2024-03-27 05:00:00,2024-03-27,05:00:00,0.9518,Wednesday,5,3,Spring,1
10023456781,2024-03-27 06:00:00,2024-03-27,06:00:00,1.5762,Wednesday,6,3,Spring,1
10023456781,2024-03-27 07:00:00,2024-03-27,07:00:00,2.2724,Wednesday,7,3,Spring,1
10023456781,2024-03-27 08:00:00,2024-03-27,08:00:00,1.1747,Wednesday,8,3,Spring,0
10023456781,2024-03-27 09:00:00,2024-03-27,09:00:00,1.0749,Wednesday,9,3,Spring,0
10023456781,2024-03-27 10:00:00,2024-03-27,10:00:00,0.7953,Wednesday,10,3,Spring,0
10023456781,2024-03-27 11:00:00,2024-03-27,11:00:00,0.6493,Wednesday,11,3,Spring,0
10023456781,2024-03-27 12:00:00,2024-03-27,12:00:00,0.8763,Wednesday,12,3,Spring,0
10023456781,2024-03-27 13:00:00,2024-03-27,13:00:00,0.8379,Wednesday,13,3,Spring,0
10023456781,2024-03-27 14:00:00,2024-03-27,14:00:00,0.7404,Wednesday,14,3,Spring,0
10023456781,2024-03-27 15:00:00,2024-03-27,15:00:00,1.5789,Wednesday,15,3,Spring,1
10023456781,2024-03-27 16:00:00,2024-03-27,16:00:00,0.9558,Wednesday,16,3,Spring,0
10023456781,2024-03-27 17:00:00,2024-03-27,17:00:00,1.1430,Wednesday,17,3,Spring,0
10023456781,2024-03-27 18:00:00,2024-03-27,18:00:00,1.3125,Wednesday,18,3,Spring,0
10023456781,2024-03-27 19:00:00,2024-03-27,19:00:00,1.6072,Wednesday,19,3,Spring,0
10023456781,2024-03-27 20:00:00,2024-03-27,20:00:00,1.7342,Wednesday,20,3,Spring,0
10023456781,2024-03-27 21:00:00,2024-03-27,21:00:00,1.6346,Wednesday,21,3,Spring,0
10023456781,2024-03-27 22:00:00,2024-03-27,22:00:00,1.1847,Wednesday,22,3,Spring,0
10023456781,2024-03-27 23:00:00,2024-03-27,23:00:00,0.5587,Wednesday,23,3,Spring,0
10023456781,2024-03-28 00:00:00,2024-03-28,00:00:00,0.4024,Thursday,0,3,Spring,0
10023456781,2024-03-28 01:00:00,2024-03-28,01:00:00,0.3990,Thursday,1,3,Spring,0
10023456781,2024-03-28 02:00:00,2024-03-28,02:00:00,0.3524,Thursday,2,3,Spring,0
10023456781,2024-03-28 03:00:00,2024-03-28,03:00:00,0.2955,Thursday,3,3,Spring,0
10023456781,2024-03-28 04:00:00,2024-03-28,04:00:00,0.2175,Thursday,4,3,Spring,0
10023456781,2024-03-28 05:00:00,2024-03-28,05:00:00,0.4937,Thursday,5,3,Spring,0
10023456781,2024-03-28 06:00:00,2024-03-28,06:00:00,0.7887,Thursday,6,3,Spring,0
10023456781,2024-03-28 07:00:00,2024-03-28,07:00:00,1.1614,Thursday,7,3,Spring,0
10023456781,2024-03-28 08:00:00,2024-03-28,08:00:00,1.4991,Thursday,8,3,Spring,0
10023456781,2024-03-28 09:00:00,2024-03-28,09:00:00,1.3373,Thursday,9,3,Spring,0
10023456781,2024-03-28 10:00:00,2024-03-28,10:00:00,0.8792,Thursday,10,3,Spring,0
10023456781,2024-03-28 11:00:00,2024-03-28,11:00:00,0.8263,Thursday,11,3,Spring,0
10023456781,2024-03-28 12:00:00,2024-03-28,12:00:00,0.8515,Thursday,12,3,Spring,0
10023456781,2024-03-28 13:00:00,2024-03-28,13:00:00,0.9832,Thursday,13,3,Spring,0
10023456781,2024-03-28 14:00:00,2024-03-28,14:00:00,1.0679,Thursday,14,3,Spring,0
10023456781,2024-03-28 15:00:00,2024-03-28,15:00:00,0.8975,Thursday,15,3,Spring,0
10023456781,2024-03-28 16:00:00,2024-03-28,16:00:00,1.1836,Thursday,16,3,Spring,0
10023456781,2024-03-28 17:00:00,2024-03-28,17:00:00,1.4481,Thursday,17,3,Spring,0
10023456781,2024-03-28 18:00:00,2024-03-28,18:00:00,1.5741,Thursday,18,3,Spring,0
10023456781,2024-03-28 19:00:00,2024-03-28,19:00:00,1.7327,Thursday,19,3,Spring,0
10023456781,2024-03-28 20:00:00,2024-03-28,20:00:00,2.0510,Thursday,20,3,Spring,0
10023456781,2024-03-28 21:00:00,2024-03-28,21:00:00,1.3729,Thursday,21,3,Spring,0
10023456781,2024-03-28 22:00:00,2024-03-28,22:00:00,1.1409,Thursday,22,3,Spring,0
10023456781,2024-03-28 23:00:00,2024-03-28,23:00:00,0.7391,Thursday,23,3,Spring,0
10023456781,2024-03-29 00:00:00,2024-03-29,00:00:00,0.4280,Friday,0,3,Spring,0
10023456781,2024-03-29 01:00:00,2024-03-29,01:00:00,0.4668,Friday,1,3,Spring,0
10023456781,2024-03-29 02:00:00,2024-03-29,02:00:00,0.3131,Friday,2,3,Spring,0
10023456781,2024-03-29 03:00:00,2024-03-29,03:00:00,0.4118,Friday,3,3,Spring,0
10023456781,2024-03-29 04:00:00,2024-03-29,04:00:00,0.4727,Friday,4,3,Spring,0
10023456781,2024-03-29 05:00:00,2024-03-29,05:00:00,0.6773,Friday,5,3,Spring,0
10023456781,2024-03-29 06:00:00,2024-03-29,06:00:00,1.0476,Friday,6,3,Spring,0
10023456781,2024-03-29 07:00:00,2024-03-29,07:00:00,0.1709,Friday,7,3,Spring,1
10023456781,2024-03-29 08:00:00,2024-03-29,08:00:00,1.6748,Friday,8,3,Spring,0
10023456781,2024-03-29 09:00:00,2024-03-29,09:00:00,1.5376,Friday,9,3,Spring,0
10023456781,2024-03-29 10:00:00,2024-03-29,10:00:00,1.1173,Friday,10,3,Spring,0
10023456781,2024-03-29 11:00:00,2024-03-29,11:00:00,1.1910,Friday,11,3,Spring,0
10023456781,2024-03-29 12:00:00,2024-03-29,12:00:00,1.1683,Friday,12,3,Spring,0
10023456781,2024-03-29 13:00:00,2024-03-29,13:00:00,1.1773,Friday,13,3,Spring,0
10023456781,2024-03-29 14:00:00,2024-03-29,14:00:00,1.0305,Friday,14,3,Spring,0
10023456781,2024-03-29 15:00:00,2024-03-29,15:00:00,1.4197,Friday,15,3,Spring,0
10023456781,2024-03-29 16:00:00,2024-03-29,16:00:00,1.5532,Friday,16,3,Spring,0
10023456781,2024-03-29 17:00:00,2024-03-29,17:00:00,1.7900,Friday,17,3,Spring,0
10023456781,2024-03-29 18:00:00,2024-03-29,18:00:00,2.2627,Friday,18,3,Spring,0
10023456781,2024-03-29 19:00:00,2024-03-29,19:00:00,2.1223,Friday,19,3,Spring,0
10023456781,2024-03-29 20:00:00,2024-03-29,20:00:00,2.5088,Friday,20,3,Spring,0
10023456781,2024-03-29 21:00:00,2024-03-29,21:00:00,2.2215,Friday,21,3,Spring,0
10023456781,2024-03-29 22:00:00,2024-03-29,22:00:00,1.4014,Friday,22,3,Spring,0
10023456781,2024-03-29 23:00:00,2024-03-29,23:00:00,0.8673,Friday,23,3,Spring,0
10023456781,2024-03-30 00:00:00,2024-03-30,00:00:00,0.5649,Saturday,0,3,Spring,0
10023456781,2024-03-30 01:00:00,2024-03-30,01:00:00,0.5497,Saturday,1,3,Spring,0
10023456781,2024-03-30 02:00:00,2024-03-30,02:00:00,0.3950,Saturday,2,3,Spring,0
10023456781,2024-03-30 03:00:00,2024-03-30,03:00:00,0.3642,Saturday,3,3,Spring,0
10023456781,2024-03-30 04:00:00,2024-03-30,04:00:00,0.5024,Saturday,4,3,Spring,0
10023456781,2024-03-30 05:00:00,2024-03-30,05:00:00,0.6742,Saturday,5,3,Spring,0
10023456781,2024-03-30 06:00:00,2024-03-30,06:00:00,1.0499,Saturday,6,3,Spring,0
10023456781,2024-03-30 07:00:00,2024-03-30,07:00:00,1.0804,Saturday,7,3,Spring,0
10023456781,2024-03-30 08:00:00,2024-03-30,08:00:00,1.7903,Saturday,8,3,Spring,0
10023456781,2024-03-30 09:00:00,2024-03-30,09:00:00,1.8337,Saturday,9,3,Spring,0
10023456781,2024-03-30 10:00:00,2024-03-30,10:00:00,1.9037,Saturday,10,3,Spring,0
10023456781,2024-03-30 11:00:00,2024-03-30,11:00:00,1.7967,Saturday,11,3,Spring,0
10023456781,2024-03-30 12:00:00,2024-03-30,12:00:00,1.5029,Saturday,12,3,Spring,0
10023456781,2024-03-30 13:00:00,2024-03-30,13:00:00,1.1182,Saturday,13,3,Spring,0
10023456781,2024-03-30 14:00:00,2024-03-30,14:00:00,1.3386,Saturday,14,3,Spring,0
10023456781,2024-03-30 15:00:00,2024-03-30,15:00:00,1.3854,Saturday,15,3,Spring,0
10023456781,2024-03-30 16:00:00,2024-03-30,16:00:00,1.7223,Saturday,16,3,Spring,0
10023456781,2024-03-30 17:00:00,2024-03-30,17:00:00,1.6475,Saturday,17,3,Spring,0
10023456781,2024-03-30 18:00:00,2024-03-30,18:00:00,2.6354,Saturday,18,3,Spring,0
10023456781,2024-03-30 19:00:00,2024-03-30,19:00:00,2.3703,Saturday,19,3,Spring,0
10023456781,2024-03-30 20:00:00,2024-03-30,20:00:00,2.6754,Saturday,20,3,Spring,0
10023456781,2024-03-30 21:00:00,2024-03-30,21:00:00,1.7810,Saturday,21,3,Spring,0
10023456781,2024-03-30 22:00:00,2024-03-30,22:00:00,2.2993,Saturday,22,3,Spring,0
10023456781,2024-03-30 23:00:00,2024-03-30,23:00:00,1.1199,Saturday,23,3,Spring,0
10023456781,2024-03-31 00:00:00,2024-03-31,00:00:00,0.5319,Sunday,0,3,Spring,0
10023456781,2024-03-31 01:00:00,2024-03-31,01:00:00,0.4103,Sunday,1,3,Spring,0
10023456781,2024-03-31 02:00:00,2024-03-31,02:00:00,0.3789,Sunday,2,3,Spring,0
10023456781,2024-03-31 03:00:00,2024-03-31,03:00:00,0.3876,Sunday,3,3,Spring,0
10023456781,2024-03-31 04:00:00,2024-03-31,04:00:00,0.3947,Sunday,4,3,Spring,0
10023456781,2024-03-31 05:00:00,2024-03-31,05:00:00,0.4943,Sunday,5,3,Spring,0
10023456781,2024-03-31 06:00:00,2024-03-31,06:00:00,0.8241,Sunday,6,3,Spring,0
10023456781,2024-03-31 07:00:00,2024-03-31,07:00:00,1.0663,Sunday,7,3,Spring,0
10023456781,2024-03-31 08:00:00,2024-03-31,08:00:00,1.4001,Sunday,8,3,Spring,0
10023456781,2024-03-31 09:00:00,2024-03-31,09:00:00,1.6395,Sunday,9,3,Spring,0
10023456781,2024-03-31 10:00:00,2024-03-31,10:00:00,1.4440,Sunday,10,3,Spring,0
10023456781,2024-03-31 11:00:00,2024-03-31,11:00:00,1.3344,Sunday,11,3,Spring,0
10023456781,2024-03-31 12:00:00,2024-03-31,12:00:00,1.3838,Sunday,12,3,Spring,0
10023456781,2024-03-31 13:00:00,2024-03-31,13:00:00,1.3498,Sunday,13,3,Spring,0
10023456781,2024-03-31 14:00:00,2024-03-31,14:00:00,1.1392,Sunday,14,3,Spring,0
10023456781,2024-03-31 15:00:00,2024-03-31,15:00:00,1.5098,Sunday,15,3,Spring,0
10023456781,2024-03-31 16:00:00,2024-03-31,16:00:00,1.6273,Sunday,16,3,Spring,0
10023456781,2024-03-31 17:00:00,2024-03-31,17:00:00,1.7461,Sunday,17,3,Spring,0
10023456781,2024-03-31 18:00:00,2024-03-31,18:00:00,2.0369,Sunday,18,3,Spring,0
10023456781,2024-03-31 19:00:00,2024-03-31,19:00:00,2.2510,Sunday,19,3,Spring,0
10023456781,2024-03-31 20:00:00,2024-03-31,20:00:00,2.1542,Sunday,20,3,Spring,0
10023456781,2024-03-31 21:00:00,2024-03-31,21:00:00,1.5717,Sunday,21,3,Spring,0
10023456781,2024-03-31 22:00:00,2024-03-31,22:00:00,1.6003,Sunday,22,3,Spring,0
10023456781,2024-03-31 23:00:00,2024-03-31,23:00:00,0.9681,Sunday,23,3,Spring,0
10023456781,2024-04-01 00:00:00,2024-04-01,00:00:00,0.4243,Monday,0,4,Spring,0
10023456781,2024-04-01 01:00:00,2024-04-01,01:00:00,0.3552,Monday,1,4,Spring,0
10023456781,2024-04-01 02:00:00,2024-04-01,02:00:00,0.3314,Monday,2,4,Spring,0
10023456781,2024-04-01 03:00:00,2024-04-01,03:00:00,0.3401,Monday,3,4,Spring,0
10023456781,2024-04-01 04:00:00,2024-04-01,04:00:00,0.3828,Monday,4,4,Spring,0
10023456781,2024-04-01 05:00:00,2024-04-01,05:00:00,0.5134,Monday,5,4,Spring,0
10023456781,2024-04-01 06:00:00,2024-04-01,06:00:00,0.8547,Monday,6,4,Spring,0
10023456781,2024-04-01 07:00:00,2024-04-01,07:00:00,1.2462,Monday,7,4,Spring,0
10023456781,2024-04-01 08:00:00,2024-04-01,08:00:00,1.5596,Monday,8,4,Spring,0
10023456781,2024-04-01 09:00:00,2024-04-01,09:00:00,1.2467,Monday,9,4,Spring,0
10023456781,2024-04-01 10:00:00,2024-04-01,10:00:00,0.9298,Monday,10,4,Spring,0
10023456781,2024-04-01 11:00:00,2024-04-01,11:00:00,0.9563,Monday,11,4,Spring,0
10023456781,2024-04-01 12:00:00,2024-04-01,12:00:00,0.8128,Monday,12,4,Spring,0
10023456781,2024-04-01 13:00:00,2024-04-01,13:00:00,0.9613,Monday,13,4,Spring,0
10023456781,2024-04-01 14:00:00,2024-04-01,14:00:00,0.8988,Monday,14,4,Spring,0
10023456781,2024-04-01 15:00:00,2024-04-01,15:00:00,0.9646,Monday,15,4,Spring,0
10023456781,2024-04-01 16:00:00,2024-04-01,16:00:00,1.1699,Monday,16,4,Spring,0
10023456781,2024-04-01 17:00:00,2024-04-01,17:00:00,1.3003,Monday,17,4,Spring,0
10023456781,2024-04-01 18:00:00,2024-04-01,18:00:00,1.8685,Monday,18,4,Spring,0
10023456781,2024-04-01 19:00:00,2024-04-01,19:00:00,1.6060,Monday,19,4,Spring,0
10023456781,2024-04-01 20:00:00,2024-04-01,20:00:00,1.9814,Monday,20,4,Spring,0
10023456781,2024-04-01 21:00:00,2024-04-01,21:00:00,1.6066,Monday,21,4,Spring,0
10023456781,2024-04-01 22:00:00,2024-04-01,22:00:00,1.1689,Monday,22,4,Spring,0
10023456781,2024-04-01 23:00:00,2024-04-01,23:00:00,0.7849,Monday,23,4,Spring,0
10023456781,2024-04-02 00:00:00,2024-04-02,00:00:00,0.4295,Tuesday,0,4,Spring,0
10023456781,2024-04-02 01:00:00,2024-04-02,01:00:00,0.2959,Tuesday,1,4,Spring,0
10023456781,2024-04-02 02:00:00,2024-04-02,02:00:00,0.3317,Tuesday,2,4,Spring,0
10023456781,2024-04-02 03:00:00,2024-04-02,03:00:00,0.3568,Tuesday,3,4,Spring,0
10023456781,2024-04-02 04:00:00,2024-04-02,04:00:00,0.3372,Tuesday,4,4,Spring,0
10023456781,2024-04-02 05:00:00,2024-04-02,05:00:00,0.4932,Tuesday,5,4,Spring,0
10023456781,2024-04-02 06:00:00,2024-04-02,06:00:00,0.8918,Tuesday,6,4,Spring,0
10023456781,2024-04-02 07:00:00,2024-04-02,07:00:00,1.3917,Tuesday,7,4,Spring,0
10023456781,2024-04-02 08:00:00,2024-04-02,08:00:00,1.5227,Tuesday,8,4,Spring,0
10023456781,2024-04-02 09:00:00,2024-04-02,09:00:00,1.2153,Tuesday,9,4,Spring,0
10023456781,2024-04-02 10:00:00,2024-04-02,10:00:00,1.0044,Tuesday,10,4,Spring,0
10023456781,2024-04-02 11:00:00,2024-04-02,11:00:00,0.9749,Tuesday,11,4,Spring,0
10023456781,2024-04-02 12:00:00,2024-04-02,12:00:00,0.9272,Tuesday,12,4,Spring,0
10023456781,2024-04-02 13:00:00,2024-04-02,13:00:00,0.9171,Tuesday,13,4,Spring,0
10023456781,2024-04-02 14:00:00,2024-04-02,14:00:00,1.0954,Tuesday,14,4,Spring,0
10023456781,2024-04-02 15:00:00,2024-04-02,15:00:00,1.0931,Tuesday,15,4,Spring,0
10023456781,2024-04-02 16:00:00,2024-04-02,16:00:00,1.2542,Tuesday,16,4,Spring,0
10023456781,2024-04-02 17:00:00,2024-04-02,17:00:00,1.2873,Tuesday,17,4,Spring,0
10023456781,2024-04-02 18:00:00,2024-04-02,18:00:00,1.9091,Tuesday,18,4,Spring,0
10023456781,2024-04-02 19:00:00,2024-04-02,19:00:00,1.8888,Tuesday,19,4,Spring,0
10023456781,2024-04-02 20:00:00,2024-04-02,20:00:00,1.8856,Tuesday,20,4,Spring,0
10023456781,2024-04-02 21:00:00,2024-04-02,21:00:00,1.6412,Tuesday,21,4,Spring,0
10023456781,2024-04-02 22:00:00,2024-04-02,22:00:00,1.4467,Tuesday,22,4,Spring,0
10023456781,2024-04-02 23:00:00,2024-04-02,23:00:00,0.8530,Tuesday,23,4,Spring,0
10023456781,2024-04-03 00:00:00,2024-04-03,00:00:00,0.3896,Wednesday,0,4,Spring,0
10023456781,2024-04-03 01:00:00,2024-04-03,01:00:00,0.3059,Wednesday,1,4,Spring,0
10023456781,2024-04-03 02:00:00,2024-04-03,02:00:00,0.3091,Wednesday,2,4,Spring,0
10023456781,2024-04-03 03:00:00,2024-04-03,03:00:00,0.3074,Wednesday,3,4,Spring,0
10023456781,2024-04-03 04:00:00,2024-04-03,04:00:00,0.3640,Wednesday,4,4,Spring,0
10023456781,2024-04-03 05:00:00,2024-04-03,05:00:00,0.4410,Wednesday,5,4,Spring,0
10023456781,2024-04-03 06:00:00,2024-04-03,06:00:00,0.6732,Wednesday,6,4,Spring,0
10023456781,2024-04-03 07:00:00,2024-04-03,07:00:00,1.2077,Wednesday,7,4,Spring,0
10023456781,2024-04-03 08:00:00,2024-04-03,08:00:00,1.1684,Wednesday,8,4,Spring,0
10023456781,2024-04-03 09:00:00,2024-04-03,09:00:00,1.0794,Wednesday,9,4,Spring,0
10023456781,2024-04-03 10:00:00,2024-04-03,10:00:00,0.7730,Wednesday,10,4,Spring,0
10023456781,2024-04-03 11:00:00,2024-04-03,11:00:00,0.6910,Wednesday,11,4,Spring,0
10023456781,2024-04-03 12:00:00,2024-04-03,12:00:00,0.8014,Wednesday,12,4,Spring,0
10023456781,2024-04-03 13:00:00,2024-04-03,13:00:00,0.8503,Wednesday,13,4,Spring,0
10023456781,2024-04-03 14:00:00,2024-04-03,14:00:00,0.7083,Wednesday,14,4,Spring,0
10023456781,2024-04-03 15:00:00,2024-04-03,15:00:00,0.9733,Wednesday,15,4,Spring,0
10023456781,2024-04-03 16:00:00,2024-04-03,16:00:00,0.9501,Wednesday,16,4,Spring,0
10023456781,2024-04-03 17:00:00,2024-04-03,17:00:00,1.1510,Wednesday,17,4,Spring,0
10023456781,2024-04-03 18:00:00,2024-04-03,18:00:00,1.3742,Wednesday,18,4,Spring,0
10023456781,2024-04-03 19:00:00,2024-04-03,19:00:00,1.8756,Wednesday,19,4,Spring,0
10023456781,2024-04-03 20:00:00,2024-04-03,20:00:00,1.8389,Wednesday,20,4,Spring,0
10023456781,2024-04-03 21:00:00,2024-04-03,21:00:00,1.6763,Wednesday,21,4,Spring,0
10023456781,2024-04-03 22:00:00,2024-04-03,22:00:00,0.8492,Wednesday,22,4,Spring,0
10023456781,2024-04-03 23:00:00,2024-04-03,23:00:00,0.6043,Wednesday,23,4,Spring,0
10023456781,2024-04-04 00:00:00,2024-04-04,00:00:00,0.2757,Thursday,0,4,Spring,0
10023456781,2024-04-04 01:00:00,2024-04-04,01:00:00,0.3081,Thursday,1,4,Spring,0
10023456781,2024-04-04 02:00:00,2024-04-04,02:00:00,0.3078,Thursday,2,4,Spring,0
10023456781,2024-04-04 03:00:00,2024-04-04,03:00:00,0.2456,Thursday,3,4,Spring,0
10023456781,2024-04-04 04:00:00,2024-04-04,04:00:00,0.2467,Thursday,4,4,Spring,0
10023456781,2024-04-04 05:00:00,2024-04-04,05:00:00,0.4059,Thursday,5,4,Spring,0
10023456781,2024-04-04 06:00:00,2024-04-04,06:00:00,0.7747,Thursday,6,4,Spring,0
10023456781,2024-04-04 07:00:00,2024-04-04,07:00:00,0.9993,Thursday,7,4,Spring,0
10023456781,2024-04-04 08:00:00,2024-04-04,08:00:00,0.9470,Thursday,8,4,Spring,0
10023456781,2024-04-04 09:00:00,2024-04-04,09:00:00,1.0459,Thursday,9,4,Spring,0
10023456781,2024-04-04 10:00:00,2024-04-04,10:00:00,0.6413,Thursday,10,4,Spring,0
10023456781,2024-04-04 11:00:00,2024-04-04,11:00:00,0.8046,Thursday,11,4,Spring,0
10023456781,2024-04-04 12:00:00,2024-04-04,12:00:00,0.8439,Thursday,12,4,Spring,0
10023456781,2024-04-04 13:00:00,2024-04-04,13:00:00,0.6360,Thursday,13,4,Spring,0
10023456781,2024-04-04 14:00:00,2024-04-04,14:00:00,0.7700,Thursday,14,4,Spring,0
10023456781,2024-04-04 15:00:00,2024-04-04,15:00:00,0.7130,Thursday,15,4,Spring,0
10023456781,2024-04-04 16:00:00,2024-04-04,16:00:00,0.8226,Thursday,16,4,Spring,0
10023456781,2024-04-04 17:00:00,2024-04-04,17:00:00,1.1980,Thursday,17,4,Spring,0
10023456781,2024-04-04 18:00:00,2024-04-04,18:00:00,1.3852,Thursday,18,4,Spring,0
10023456781,2024-04-04 19:00:00,2024-04-04,19:00:00,1.5929,Thursday,19,4,Spring,0
10023456781,2024-04-04 20:00:00,2024-04-04,20:00:00,1.3283,Thursday,20,4,Spring,0
10023456781,2024-04-04 21:00:00,2024-04-04,21:00:00,1.5352,Thursday,21,4,Spring,0
10023456781,2024-04-04 22:00:00,2024-04-04,22:00:00,1.1451,Thursday,22,4,Spring,0
10023456781,2024-04-04 23:00:00,2024-04-04,23:00:00,0.7080,Thursday,23,4,Spring,0
10023456781,2024-04-05 00:00:00,2024-04-05,00:00:00,0.4080,Friday,0,4,Spring,0
10023456781,2024-04-05 01:00:00,2024-04-05,01:00:00,0.3669,Friday,1,4,Spring,0
10023456781,2024-04-05 02:00:00,2024-04-05,02:00:00,0.3531,Friday,2,4,Spring,0
10023456781,2024-04-05 03:00:00,2024-04-05,03:00:00,0.2625,Friday,3,4,Spring,0
10023456781,2024-04-05 04:00:00,2024-04-05,04:00:00,0.3030,Friday,4,4,Spring,0
10023456781,2024-04-05 05:00:00,2024-04-05,05:00:00,0.4527,Friday,5,4,Spring,0
10023456781,2024-04-05 06:00:00,2024-04-05,06:00:00,0.9147,Friday,6,4,Spring,0
10023456781,2024-04-05 07:00:00,2024-04-05,07:00:00,1.2065,Friday,7,4,Spring,0
10023456781,2024-04-05 08:00:00,2024-04-05,08:00:00,1.4884,Friday,8,4,Spring,0
10023456781,2024-04-05 09:00:00,2024-04-05,09:00:00,1.1383,Friday,9,4,Spring,0
10023456781,2024-04-05 10:00:00,2024-04-05,10:00:00,0.9508,Friday,10,4,Spring,0
10023456781,2024-04-05 11:00:00,2024-04-05,11:00:00,0.7377,Friday,11,4,Spring,0
10023456781,2024-04-05 12:00:00,2024-04-05,12:00:00,0.8995,Friday,12,4,Spring,0
10023456781,2024-04-05 13:00:00,2024-04-05,13:00:00,0.8557,Friday,13,4,Spring,0
10023456781,2024-04-05 14:00:00,2024-04-05,14:00:00,0.8457,Friday,14,4,Spring,0
10023456781,2024-04-05 15:00:00,2024-04-05,15:00:00,0.9783,Friday,15,4,Spring,0
10023456781,2024-04-05 16:00:00,2024-04-05,16:00:00,1.1233,Friday,16,4,Spring,0
10023456781,2024-04-05 17:00:00,2024-04-05,17:00:00,1.1955,Friday,17,4,Spring,0
10023456781,2024-04-05 18:00:00,2024-04-05,18:00:00,1.8849,Friday,18,4,Spring,0
10023456781,2024-04-05 19:00:00,2024-04-05,19:00:00,1.6455,Friday,19,4,Spring,0
10023456781,2024-04-05 20:00:00,2024-04-05,20:00:00,1.8183,Friday,20,4,Spring,0
10023456781,2024-04-05 21:00:00,2024-04-05,21:00:00,1.6124,Friday,21,4,Spring,0
10023456781,2024-04-05 22:00:00,2024-04-05,22:00:00,1.2592,Friday,22,4,Spring,0
10023456781,2024-04-05 23:00:00,2024-04-05,23:00:00,0.6580,Friday,23,4,Spring,0
10023456781,2024-04-06 00:00:00,2024-04-06,00:00:00,0.5512,Saturday,0,4,Spring,0
10023456781,2024-04-06 01:00:00,2024-04-06,01:00:00,0.5144,Saturday,1,4,Spring,0
10023456781,2024-04-06 02:00:00,2024-04-06,02:00:00,0.3638,Saturday,2,4,Spring,0
10023456781,2024-04-06 03:00:00,2024-04-06,03:00:00,0.4643,Saturday,3,4,Spring,0
10023456781,2024-04-06 04:00:00,2024-04-06,04:00:00,0.3887,Saturday,4,4,Spring,0
10023456781,2024-04-06 05:00:00,2024-04-06,05:00:00,0.5187,Saturday,5,4,Spring,0
10023456781,2024-04-06 06:00:00,2024-04-06,06:00:00,0.6799,Saturday,6,4,Spring,0
10023456781,2024-04-06 07:00:00,2024-04-06,07:00:00,0.9100,Saturday,7,4,Spring,0
10023456781,2024-04-06 08:00:00,2024-04-06,08:00:00,1.8257,Saturday,8,4,Spring,0
10023456781,2024-04-06 09:00:00,2024-04-06,09:00:00,1.7541,Saturday,9,4,Spring,0
10023456781,2024-04-06 10:00:00,2024-04-06,10:00:00,1.7406,Saturday,10,4,Spring,0
10023456781,2024-04-06 11:00:00,2024-04-06,11:00:00,1.3364,Saturday,11,4,Spring,0
10023456781,2024-04-06 12:00:00,2024-04-06,12:00:00,1.3616,Saturday,12,4,Spring,0
10023456781,2024-04-06 13:00:00,2024-04-06,13:00:00,1.4590,Saturday,13,4,Spring,0
10023456781,2024-04-06 14:00:00,2024-04-06,14:00:00,1.3004,Saturday,14,4,Spring,0
10023456781,2024-04-06 15:00:00,2024-04-06,15:00:00,1.1902,Saturday,15,4,Spring,0
10023456781,2024-04-06 16:00:00,2024-04-06,16:00:00,1.2984,Saturday,16,4,Spring,0
10023456781,2024-04-06 17:00:00,2024-04-06,17:00:00,1.6868,Saturday,17,4,Spring,0
10023456781,2024-04-06 18:00:00,2024-04-06,18:00:00,2.6787,Saturday,18,4,Spring,0
10023456781,2024-04-06 19:00:00,2024-04-06,19:00:00,2.7154,Saturday,19,4,Spring,0
10023456781,2024-04-06 20:00:00,2024-04-06,20:00:00,1.9520,Saturday,20,4,Spring,0
10023456781,2024-04-06 21:00:00,2024-04-06,21:00:00,1.9246,Saturday,21,4,Spring,0
10023456781,2024-04-06 22:00:00,2024-04-06,22:00:00,1.5756,Saturday,22,4,Spring,0
10023456781,2024-04-06 23:00:00,2024-04-06,23:00:00,1.0625,Saturday,23,4,Spring,0
10023456781,2024-04-07 00:00:00,2024-04-07,00:00:00,0.3983,Sunday,0,4,Spring,0
10023456781,2024-04-07 01:00:00,2024-04-07,01:00:00,0.4575,Sunday,1,4,Spring,0
10023456781,2024-04-07 02:00:00,2024-04-07,02:00:00,0.4024,Sunday,2,4,Spring,0
10023456781,2024-04-07 03:00:00,2024-04-07,03:00:00,0.3502,Sunday,3,4,Spring,0
10023456781,2024-04-07 04:00:00,2024-04-07,04:00:00,0.4367,Sunday,4,4,Spring,0
10023456781,2024-04-07 05:00:00,2024-04-07,05:00:00,0.5462,Sunday,5,4,Spring,0
10023456781,2024-04-07 06:00:00,2024-04-07,06:00:00,0.7184,Sunday,6,4,Spring,0
10023456781,2024-04-07 07:00:00,2024-04-07,07:00:00,1.1381,Sunday,7,4,Spring,0
10023456781,2024-04-07 08:00:00,2024-04-07,08:00:00,1.6371,Sunday,8,4,Spring,0
10023456781,2024-04-07 09:00:00,2024-04-07,09:00:00,1.7216,Sunday,9,4,Spring,0
10023456781,2024-04-07 10:00:00,2024-04-07,10:00:00,0.1144,Sunday,10,4,Spring,1
10023456781,2024-04-07 11:00:00,2024-04-07,11:00:00,1.4328,Sunday,11,4,Spring,0
10023456781,2024-04-07 12:00:00,2024-04-07,12:00:00,1.1095,Sunday,12,4,Spring,0
10023456781,2024-04-07 13:00:00,2024-04-07,13:00:00,1.0034,Sunday,13,4,Spring,0
10023456781,2024-04-07 14:00:00,2024-04-07,14:00:00,1.2604,Sunday,14,4,Spring,0
10023456781,2024-04-07 15:00:00,2024-04-07,15:00:00,1.2133,Sunday,15,4,Spring,0
10023456781,2024-04-07 16:00:00,2024-04-07,16:00:00,1.4571,Sunday,16,4,Spring,0
10023456781,2024-04-07 17:00:00,2024-04-07,17:00:00,1.7118,Sunday,17,4,Spring,0
10023456781,2024-04-07 18:00:00,2024-04-07,18:00:00,2.4081,Sunday,18,4,Spring,0
10023456781,2024-04-07 19:00:00,2024-04-07,19:00:00,2.4903,Sunday,19,4,Spring,0
10023456781,2024-04-07 20:00:00,2024-04-07,20:00:00,2.2530,Sunday,20,4,Spring,0
10023456781,2024-04-07 21:00:00,2024-04-07,21:00:00,2.0971,Sunday,21,4,Spring,0
10023456781,2024-04-07 22:00:00,2024-04-07,22:00:00,1.3609,Sunday,22,4,Spring,0
10023456781,2024-04-07 23:00:00,2024-04-07,23:00:00,0.8908,Sunday,23,4,Spring,0
10023456781,2024-04-08 00:00:00,2024-04-08,00:00:00,0.5020,Monday,0,4,Spring,0
10023456781,2024-04-08 01:00:00,2024-04-08,01:00:00,0.3856,Monday,1,4,Spring,0
10023456781,2024-04-08 02:00:00,2024-04-08,02:00:00,0.3756,Monday,2,4,Spring,0
10023456781,2024-04-08 03:00:00,2024-04-08,03:00:00,0.3544,Monday,3,4,Spring,0
10023456781,2024-04-08 04:00:00,2024-04-08,04:00:00,0.4750,Monday,4,4,Spring,0
10023456781,2024-04-08 05:00:00,2024-04-08,05:00:00,0.6726,Monday,5,4,Spring,0
10023456781,2024-04-08 06:00:00,2024-04-08,06:00:00,1.1103,Monday,6,4,Spring,0
10023456781,2024-04-08 07:00:00,2024-04-08,07:00:00,1.4397,Monday,7,4,Spring,0
10023456781,2024-04-08 08:00:00,2024-04-08,08:00:00,1.6932,Monday,8,4,Spring,0
10023456781,2024-04-08 09:00:00,2024-04-08,09:00:00,1.3992,Monday,9,4,Spring,0
10023456781,2024-04-08 10:00:00,2024-04-08,10:00:00,1.4529,Monday,10,4,Spring,0
10023456781,2024-04-08 11:00:00,2024-04-08,11:00:00,1.1891,Monday,11,4,Spring,0
10023456781,2024-04-08 12:00:00,2024-04-08,12:00:00,1.0990,Monday,12,4,Spring,0
10023456781,2024-04-08 13:00:00,2024-04-08,13:00:00,1.3187,Monday,13,4,Spring,0
10023456781,2024-04-08 14:00:00,2024-04-08,14:00:00,1.2360,Monday,14,4,Spring,0
10023456781,2024-04-08 15:00:00,2024-04-08,15:00:00,1.2409,Monday,15,4,Spring,0
10023456781,2024-04-08 16:00:00,2024-04-08,16:00:00,1.3429,Monday,16,4,Spring,0
10023456781,2024-04-08 17:00:00,2024-04-08,17:00:00,1.9425,Monday,17,4,Spring,0
10023456781,2024-04-08 18:00:00,2024-04-08,18:00:00,2.3956,Monday,18,4,Spring,0
10023456781,2024-04-08 19:00:00,2024-04-08,19:00:00,2.4132,Monday,19,4,Spring,0
10023456781,2024-04-08 20:00:00,2024-04-08,20:00:00,2.4764,Monday,20,4,Spring,0
10023456781,2024-04-08 21:00:00,2024-04-08,21:00:00,4.6589,Monday,21,4,Spring,1
10023456781,2024-04-08 22:00:00,2024-04-08,22:00:00,3.1738,Monday,22,4,Spring,1
10023456781,2024-04-08 23:00:00,2024-04-08,23:00:00,2.0065,Monday,23,4,Spring,1
10023456781,2024-04-09 00:00:00,2024-04-09,00:00:00,0.4194,Tuesday,0,4,Spring,0
10023456781,2024-04-09 01:00:00,2024-04-09,01:00:00,0.3330,Tuesday,1,4,Spring,0
10023456781,2024-04-09 02:00:00,2024-04-09,02:00:00,0.3962,Tuesday,2,4,Spring,0
10023456781,2024-04-09 03:00:00,2024-04-09,03:00:00,0.3245,Tuesday,3,4,Spring,0
10023456781,2024-04-09 04:00:00,2024-04-09,04:00:00,0.3527,Tuesday,4,4,Spring,0
10023456781,2024-04-09 05:00:00,2024-04-09,05:00:00,0.5797,Tuesday,5,4,Spring,0
10023456781,2024-04-09 06:00:00,2024-04-09,06:00:00,0.9753,Tuesday,6,4,Spring,0
10023456781,2024-04-09 07:00:00,2024-04-09,07:00:00,1.2719,Tuesday,7,4,Spring,0
10023456781,2024-04-09 08:00:00,2024-04-09,08:00:00,1.4797,Tuesday,8,4,Spring,0
10023456781,2024-04-09 09:00:00,2024-04-09,09:00:00,1.2413,Tuesday,9,4,Spring,0
10023456781,2024-04-09 10:00:00,2024-04-09,10:00:00,0.9475,Tuesday,10,4,Spring,0
10023456781,2024-04-09 11:00:00,2024-04-09,11:00:00,1.0411,Tuesday,11,4,Spring,0
10023456781,2024-04-09 12:00:00,2024-04-09,12:00:00,1.0478,Tuesday,12,4,Spring,0
10023456781,2024-04-09 13:00:00,2024-04-09,13:00:00,0.9637,Tuesday,13,4,Spring,0
10023456781,2024-04-09 14:00:00,2024-04-09,14:00:00,0.9025,Tuesday,14,4,Spring,0
10023456781,2024-04-09 15:00:00,2024-04-09,15:00:00,0.9910,Tuesday,15,4,Spring,0
10023456781,2024-04-09 16:00:00,2024-04-09,16:00:00,1.2900,Tuesday,16,4,Spring,0
10023456781,2024-04-09 17:00:00,2024-04-09,17:00:00,1.4881,Tuesday,17,4,Spring,0
10023456781,2024-04-09 18:00:00,2024-04-09,18:00:00,1.7469,Tuesday,18,4,Spring,0
10023456781,2024-04-09 19:00:00,2024-04-09,19:00:00,2.0154,Tuesday,19,4,Spring,0
10023456781,2024-04-09 20:00:00,2024-04-09,20:00:00,1.7945,Tuesday,20,4,Spring,0
10023456781,2024-04-09 21:00:00,2024-04-09,21:00:00,1.9162,Tuesday,21,4,Spring,0
10023456781,2024-04-09 22:00:00,2024-04-09,22:00:00,1.2826,Tuesday,22,4,Spring,0
10023456781,2024-04-09 23:00:00,2024-04-09,23:00:00,0.9707,Tuesday,23,4,Spring,0
10023456781,2024-04-10 00:00:00,2024-04-10,00:00:00,0.3445,Wednesday,0,4,Spring,0
10023456781,2024-04-10 01:00:00,2024-04-10,01:00:00,0.3043,Wednesday,1,4,Spring,0
10023456781,2024-04-10 02:00:00,2024-04-10,02:00:00,0.2519,Wednesday,2,4,Spring,0
10023456781,2024-04-10 03:00:00,2024-04-10,03:00:00,0.2336,Wednesday,3,4,Spring,0
10023456781,2024-04-10 04:00:00,2024-04-10,04:00:00,0.3090,Wednesday,4,4,Spring,0
10023456781,2024-04-10 05:00:00,2024-04-10,05:00:00,0.4052,Wednesday,5,4,Spring,0
10023456781,2024-04-10 06:00:00,2024-04-10,06:00:00,0.7256,Wednesday,6,4,Spring,0
10023456781,2024-04-10 07:00:00,2024-04-10,07:00:00,1.1559,Wednesday,7,4,Spring,0
10023456781,2024-04-10 08:00:00,2024-04-10,08:00:00,1.2926,Wednesday,8,4,Spring,0
10023456781,2024-04-10 09:00:00,2024-04-10,09:00:00,1.0329,Wednesday,9,4,Spring,0
10023456781,2024-04-10 10:00:00,2024-04-10,10:00:00,0.8889,Wednesday,10,4,Spring,0
10023456781,2024-04-10 11:00:00,2024-04-10,11:00:00,0.6361,Wednesday,11,4,Spring,0
10023456781,2024-04-10 12:00:00,2024-04-10,12:00:00,0.6797,Wednesday,12,4,Spring,0
10023456781,2024-04-10 13:00:00,2024-04-10,13:00:00,0.8406,Wednesday,13,4,Spring,0
10023456781,2024-04-10 14:00:00,2024-04-10,14:00:00,0.7448,Wednesday,14,4,Spring,0
10023456781,2024-04-10 15:00:00,2024-04-10,15:00:00,0.8320,Wednesday,15,4,Spring,0
10023456781,2024-04-10 16:00:00,2024-04-10,16:00:00,0.9956,Wednesday,16,4,Spring,0
10023456781,2024-04-10 17:00:00,2024-04-10,17:00:00,1.3843,Wednesday,17,4,Spring,0
10023456781,2024-04-10 18:00:00,2024-04-10,18:00:00,1.7456,Wednesday,18,4,Spring,0
10023456781,2024-04-10 19:00:00,2024-04-10,19:00:00,2.0190,Wednesday,19,4,Spring,0
10023456781,2024-04-10 20:00:00,2024-04-10,20:00:00,1.8034,Wednesday,20,4,Spring,0
10023456781,2024-04-10 21:00:00,2024-04-10,21:00:00,1.2409,Wednesday,21,4,Spring,0
10023456781,2024-04-10 22:00:00,2024-04-10,22:00:00,1.0703,Wednesday,22,4,Spring,0
10023456781,2024-04-10 23:00:00,2024-04-10,23:00:00,0.5074,Wednesday,23,4,Spring,0
10023456781,2024-04-11 00:00:00,2024-04-11,00:00:00,0.3853,Thursday,0,4,Spring,0
10023456781,2024-04-11 01:00:00,2024-04-11,01:00:00,0.3220,Thursday,1,4,Spring,0
10023456781,2024-04-11 02:00:00,2024-04-11,02:00:00,0.3248,Thursday,2,4,Spring,0
10023456781,2024-04-11 03:00:00,2024-04-11,03:00:00,0.3189,Thursday,3,4,Spring,0
10023456781,2024-04-11 04:00:00,2024-04-11,04:00:00,0.4209,Thursday,4,4,Spring,0
10023456781,2024-04-11 05:00:00,2024-04-11,05:00:00,0.4698,Thursday,5,4,Spring,0
10023456781,2024-04-11 06:00:00,2024-04-11,06:00:00,0.7119,Thursday,6,4,Spring,0
10023456781,2024-04-11 07:00:00,2024-04-11,07:00:00,1.3107,Thursday,7,4,Spring,0
10023456781,2024-04-11 08:00:00,2024-04-11,08:00:00,1.4783,Thursday,8,4,Spring,0
10023456781,2024-04-11 09:00:00,2024-04-11,09:00:00,1.4166,Thursday,9,4,Spring,0
10023456781,2024-04-11 10:00:00,2024-04-11,10:00:00,1.0089,Thursday,10,4,Spring,0
10023456781,2024-04-11 11:00:00,2024-04-11,11:00:00,0.6366,Thursday,11,4,Spring,0
10023456781,2024-04-11 12:00:00,2024-04-11,12:00:00,0.8721,Thursday,12,4,Spring,0
10023456781,2024-04-11 13:00:00,2024-04-11,13:00:00,1.1950,Thursday,13,4,Spring,0
10023456781,2024-04-11 14:00:00,2024-04-11,14:00:00,0.9741,Thursday,14,4,Spring,0
10023456781,2024-04-11 15:00:00,2024-04-11,15:00:00,1.0009,Thursday,15,4,Spring,0
10023456781,2024-04-11 16:00:00,2024-04-11,16:00:00,1.2044,Thursday,16,4,Spring,0
10023456781,2024-04-11 17:00:00,2024-04-11,17:00:00,0.1120,Thursday,17,4,Spring,1
10023456781,2024-04-11 18:00:00,2024-04-11,18:00:00,2.2699,Thursday,18,4,Spring,0
10023456781,2024-04-11 19:00:00,2024-04-11,19:00:00,2.0454,Thursday,19,4,Spring,0
10023456781,2024-04-11 20:00:00,2024-04-11,20:00:00,2.2161,Thursday,20,4,Spring,0
10023456781,2024-04-11 21:00:00,2024-04-11,21:00:00,2.0073,Thursday,21,4,Spring,0
10023456781,2024-04-11 22:00:00,2024-04-11,22:00:00,1.2641,Thursday,22,4,Spring,0
10023456781,2024-04-11 23:00:00,2024-04-11,23:00:00,0.7709,Thursday,23,4,Spring,0
10023456781,2024-04-12 00:00:00,2024-04-12,00:00:00,0.3713,Friday,0,4,Spring,0
10023456781,2024-04-12 01:00:00,2024-04-12,01:00:00,0.3348,Friday,1,4,Spring,0
10023456781,2024-04-12 02:00:00,2024-04-12,02:00:00,0.2819,Friday,2,4,Spring,0
10023456781,2024-04-12 03:00:00,2024-04-12,03:00:00,0.3575,Friday,3,4,Spring,0
10023456781,2024-04-12 04:00:00,2024-04-12,04:00:00,0.3834,Friday,4,4,Spring,0
10023456781,2024-04-12 05:00:00,2024-04-12,05:00:00,0.5112,Friday,5,4,Spring,0
10023456781,2024-04-12 06:00:00,2024-04-12,06:00:00,0.9771,Friday,6,4,Spring,0
10023456781,2024-04-12 07:00:00,2024-04-12,07:00:00,1.1789,Friday,7,4,Spring,0
10023456781,2024-04-12 08:00:00,2024-04-12,08:00:00,1.4358,Friday,8,4,Spring,0
10023456781,2024-04-12 09:00:00,2024-04-12,09:00:00,1.2226,Friday,9,4,Spring,0
10023456781,2024-04-12 10:00:00,2024-04-12,10:00:00,1.1899,Friday,10,4,Spring,0
10023456781,2024-04-12 11:00:00,2024-04-12,11:00:00,0.7267,Friday,11,4,Spring,0
10023456781,2024-04-12 12:00:00,2024-04-12,12:00:00,0.8297,Friday,12,4,Spring,0
10023456781,2024-04-12 13:00:00,2024-04-12,13:00:00,0.9253,Friday,13,4,Spring,0
10023456781,2024-04-12 14:00:00,2024-04-12,14:00:00,0.8398,Friday,14,4,Spring,0
10023456781,2024-04-12 15:00:00,2024-04-12,15:00:00,0.9912,Friday,15,4,Spring,0
10023456781,2024-04-12 16:00:00,2024-04-12,16:00:00,0.8596,Friday,16,4,Spring,0
10023456781,2024-04-12 17:00:00,2024-04-12,17:00:00,1.3451,Friday,17,4,Spring,0
10023456781,2024-04-12 18:00:00,2024-04-12,18:00:00,1.8951,Friday,18,4,Spring,0
10023456781,2024-04-12 19:00:00,2024-04-12,19:00:00,1.9966,Friday,19,4,Spring,0
10023456781,2024-04-12 20:00:00,2024-04-12,20:00:00,1.7581,Friday,20,4,Spring,0
10023456781,2024-04-12 21:00:00,2024-04-12,21:00:00,1.6029,Friday,21,4,Spring,0
10023456781,2024-04-12 22:00:00,2024-04-12,22:00:00,1.1883,Friday,22,4,Spring,0
10023456781,2024-04-12 23:00:00,2024-04-12,23:00:00,0.6640,Friday,23,4,Spring,0
10023456781,2024-04-13 00:00:00,2024-04-13,00:00:00,0.4514,Saturday,0,4,Spring,0
10023456781,2024-04-13 01:00:00,2024-04-13,01:00:00,0.5337,Saturday,1,4,Spring,0
10023456781,2024-04-13 02:00:00,2024-04-13,02:00:00,0.3856,Saturday,2,4,Spring,0
10023456781,2024-04-13 03:00:00,2024-04-13,03:00:00,0.3210,Saturday,3,4,Spring,0
10023456781,2024-04-13 04:00:00,2024-04-13,04:00:00,0.4777,Saturday,4,4,Spring,0
10023456781,2024-04-13 05:00:00,2024-04-13,05:00:00,0.4604,Saturday,5,4,Spring,0
10023456781,2024-04-13 06:00:00,2024-04-13,06:00:00,0.8085,Saturday,6,4,Spring,0
10023456781,2024-04-13 07:00:00,2024-04-13,07:00:00,0.9831,Saturday,7,4,Spring,0
10023456781,2024-04-13 08:00:00,2024-04-13,08:00:00,1.4296,Saturday,8,4,Spring,0
10023456781,2024-04-13 09:00:00,2024-04-13,09:00:00,1.4345,Saturday,9,4,Spring,0
10023456781,2024-04-13 10:00:00,2024-04-13,10:00:00,1.4054,Saturday,10,4,Spring,0
10023456781,2024-04-13 11:00:00,2024-04-13,11:00:00,1.3565,Saturday,11,4,Spring,0
10023456781,2024-04-13 12:00:00,2024-04-13,12:00:00,1.4892,Saturday,12,4,Spring,0
10023456781,2024-04-13 13:00:00,2024-04-13,13:00:00,1.2889,Saturday,13,4,Spring,0
10023456781,2024-04-13 14:00:00,2024-04-13,14:00:00,3.2137,Saturday,14,4,Spring,1
10023456781,2024-04-13 15:00:00,2024-04-13,15:00:00,2.7987,Saturday,15,4,Spring,1
10023456781,2024-04-13 16:00:00,2024-04-13,16:00:00,4.4575,Saturday,16,4,Spring,1
10023456781,2024-04-13 17:00:00,2024-04-13,17:00:00,4.4417,Saturday,17,4,Spring,1
10023456781,2024-04-13 18:00:00,2024-04-13,18:00:00,7.3025,Saturday,18,4,Spring,1
10023456781,2024-04-13 19:00:00,2024-04-13,19:00:00,5.1906,Saturday,19,4,Spring,1
10023456781,2024-04-13 20:00:00,2024-04-13,20:00:00,2.0554,Saturday,20,4,Spring,0
10023456781,2024-04-13 21:00:00,2024-04-13,21:00:00,1.9851,Saturday,21,4,Spring,0
10023456781,2024-04-13 22:00:00,2024-04-13,22:00:00,1.4866,Saturday,22,4,Spring,0
10023456781,2024-04-13 23:00:00,2024-04-13,23:00:00,0.8547,Saturday,23,4,Spring,0
10023456781,2024-04-14 00:00:00,2024-04-14,00:00:00,0.6436,Sunday,0,4,Spring,0
10023456781,2024-04-14 01:00:00,2024-04-14,01:00:00,0.4336,Sunday,1,4,Spring,0
10023456781,2024-04-14 02:00:00,2024-04-14,02:00:00,0.5191,Sunday,2,4,Spring,0
10023456781,2024-04-14 03:00:00,2024-04-14,03:00:00,0.4975,Sunday,3,4,Spring,0
10023456781,2024-04-14 04:00:00,2024-04-14,04:00:00,0.5226,Sunday,4,4,Spring,0
10023456781,2024-04-14 05:00:00,2024-04-14,05:00:00,0.6145,Sunday,5,4,Spring,0
10023456781,2024-04-14 06:00:00,2024-04-14,06:00:00,0.9179,Sunday,6,4,Spring,0
10023456781,2024-04-14 07:00:00,2024-04-14,07:00:00,1.3780,Sunday,7,4,Spring,0
10023456781,2024-04-14 08:00:00,2024-04-14,08:00:00,1.7514,Sunday,8,4,Spring,0
10023456781,2024-04-14 09:00:00,2024-04-14,09:00:00,2.0943,Sunday,9,4,Spring,0
10023456781,2024-04-14 10:00:00,2024-04-14,10:00:00,2.0749,Sunday,10,4,Spring,0
10023456781,2024-04-14 11:00:00,2024-04-14,11:00:00,1.6400,Sunday,11,4,Spring,0
10023456781,2024-04-14 12:00:00,2024-04-14,12:00:00,1.6811,Sunday,12,4,Spring,0
10023456781,2024-04-14 13:00:00,2024-04-14,13:00:00,1.6654,Sunday,13,4,Spring,0
10023456781,2024-04-14 14:00:00,2024-04-14,14:00:00,1.2358,Sunday,14,4,Spring,0
10023456781,2024-04-14 15:00:00,2024-04-14,15:00:00,1.4276,Sunday,15,4,Spring,0
10023456781,2024-04-14 16:00:00,2024-04-14,16:00:00,1.6726,Sunday,16,4,Spring,0
10023456781,2024-04-14 17:00:00,2024-04-14,17:00:00,2.1845,Sunday,17,4,Spring,0
10023456781,2024-04-14 18:00:00,2024-04-14,18:00:00,2.5643,Sunday,18,4,Spring,0
10023456781,2024-04-14 19:00:00,2024-04-14,19:00:00,2.9511,Sunday,19,4,Spring,0
10023456781,2024-04-14 20:00:00,2024-04-14,20:00:00,2.8130,Sunday,20,4,Spring,0
10023456781,2024-04-14 21:00:00,2024-04-14,21:00:00,1.7603,Sunday,21,4,Spring,0
10023456781,2024-04-14 22:00:00,2024-04-14,22:00:00,1.6567,Sunday,22,4,Spring,0
10023456781,2024-04-14 23:00:00,2024-04-14,23:00:00,1.0699,Sunday,23,4,Spring,0
10023456781,2024-04-15 00:00:00,2024-04-15,00:00:00,0.4555,Monday,0,4,Spring,0
10023456781,2024-04-15 01:00:00,2024-04-15,01:00:00,0.4424,Monday,1,4,Spring,0
10023456781,2024-04-15 02:00:00,2024-04-15,02:00:00,0.4378,Monday,2,4,Spring,0
10023456781,2024-04-15 03:00:00,2024-04-15,03:00:00,0.3636,Monday,3,4,Spring,0
10023456781,2024-04-15 04:00:00,2024-04-15,04:00:00,0.3625,Monday,4,4,Spring,0
10023456781,2024-04-15 05:00:00,2024-04-15,05:00:00,0.6288,Monday,5,4,Spring,0
10023456781,2024-04-15 06:00:00,2024-04-15,06:00:00,1.2506,Monday,6,4,Spring,0
10023456781,2024-04-15 07:00:00,2024-04-15,07:00:00,1.3230,Monday,7,4,Spring,0
10023456781,2024-04-15 08:00:00,2024-04-15,08:00:00,1.6978,Monday,8,4,Spring,0
10023456781,2024-04-15 09:00:00,2024-04-15,09:00:00,1.5991,Monday,9,4,Spring,0
10023456781,2024-04-15 10:00:00,2024-04-15,10:00:00,1.0364,Monday,10,4,Spring,0
10023456781,2024-04-15 11:00:00,2024-04-15,11:00:00,1.1100,Monday,11,4,Spring,0
10023456781,2024-04-15 12:00:00,2024-04-15,12:00:00,0.9604,Monday,12,4,Spring,0
10023456781,2024-04-15 13:00:00,2024-04-15,13:00:00,1.0329,Monday,13,4,Spring,0
10023456781,2024-04-15 14:00:00,2024-04-15,14:00:00,1.0816,Monday,14,4,Spring,0
10023456781,2024-04-15 15:00:00,2024-04-15,15:00:00,1.1423,Monday,15,4,Spring,0
10023456781,2024-04-15 16:00:00,2024-04-15,16:00:00,1.3874,Monday,16,4,Spring,0
10023456781,2024-04-15 17:00:00,2024-04-15,17:00:00,1.4632,Monday,17,4,Spring,0
10023456781,2024-04-15 18:00:00,2024-04-15,18:00:00,2.0418,Monday,18,4,Spring,0
10023456781,2024-04-15 19:00:00,2024-04-15,19:00:00,2.3808,Monday,19,4,Spring,0
10023456781,2024-04-15 20:00:00,2024-04-15,20:00:00,7.5984,Monday,20,4,Spring,1
10023456781,2024-04-15 21:00:00,2024-04-15,21:00:00,1.9436,Monday,21,4,Spring,0
10023456781,2024-04-15 22:00:00,2024-04-15,22:00:00,1.3512,Monday,22,4,Spring,0
10023456781,2024-04-15 23:00:00,2024-04-15,23:00:00,0.8135,Monday,23,4,Spring,0
10023456781,2024-04-16 00:00:00,2024-04-16,00:00:00,0.5530,Tuesday,0,4,Spring,0
10023456781,2024-04-16 01:00:00,2024-04-16,01:00:00,0.3808,Tuesday,1,4,Spring,0
10023456781,2024-04-16 02:00:00,2024-04-16,02:00:00,0.4022,Tuesday,2,4,Spring,0
10023456781,2024-04-16 03:00:00,2024-04-16,03:00:00,0.4122,Tuesday,3,4,Spring,0
10023456781,2024-04-16 04:00:00,2024-04-16,04:00:00,0.5356,Tuesday,4,4,Spring,0
10023456781,2024-04-16 05:00:00,2024-04-16,05:00:00,0.7236,Tuesday,5,4,Spring,0
10023456781,2024-04-16 06:00:00,2024-04-16,06:00:00,1.0772,Tuesday,6,4,Spring,0
10023456781,2024-04-16 07:00:00,2024-04-16,07:00:00,1.6591,Tuesday,7,4,Spring,0
10023456781,2024-04-16 08:00:00,2024-04-16,08:00:00,1.8126,Tuesday,8,4,Spring,0
10023456781,2024-04-16 09:00:00,2024-04-16,09:00:00,1.4404,Tuesday,9,4,Spring,0
10023456781,2024-04-16 10:00:00,2024-04-16,10:00:00,1.0716,Tuesday,10,4,Spring,0
10023456781,2024-04-16 11:00:00,2024-04-16,11:00:00,1.2366,Tuesday,11,4,Spring,0
10023456781,2024-04-16 12:00:00,2024-04-16,12:00:00,1.2794,Tuesday,12,4,Spring,0
10023456781,2024-04-16 13:00:00,2024-04-16,13:00:00,1.0789,Tuesday,13,4,Spring,0
10023456781,2024-04-16 14:00:00,2024-04-16,14:00:00,1.0377,Tuesday,14,4,Spring,0
10023456781,2024-04-16 15:00:00,2024-04-16,15:00:00,1.2782,Tuesday,15,4,Spring,0
10023456781,2024-04-16 16:00:00,2024-04-16,16:00:00,1.6037,Tuesday,16,4,Spring,0
10023456781,2024-04-16 17:00:00,2024-04-16,17:00:00,1.6427,Tuesday,17,4,Spring,0
10023456781,2024-04-16 18:00:00,2024-04-16,18:00:00,2.4654,Tuesday,18,4,Spring,0
10023456781,2024-04-16 19:00:00,2024-04-16,19:00:00,2.7266,Tuesday,19,4,Spring,0
10023456781,2024-04-16 20:00:00,2024-04-16,20:00:00,2.8362,Tuesday,20,4,Spring,0
10023456781,2024-04-16 21:00:00,2024-04-16,21:00:00,2.0674,Tuesday,21,4,Spring,0
10023456781,2024-04-16 22:00:00,2024-04-16,22:00:00,1.6478,Tuesday,22,4,Spring,0
10023456781,2024-04-16 23:00:00,2024-04-16,23:00:00,0.9738,Tuesday,23,4,Spring,0
10023456781,2024-04-17 00:00:00,2024-04-17,00:00:00,0.4481,Wednesday,0,4,Spring,0
10023456781,2024-04-17 01:00:00,2024-04-17,01:00:00,0.3787,Wednesday,1,4,Spring,0
10023456781,2024-04-17 02:00:00,2024-04-17,02:00:00,0.4644,Wednesday,2,4,Spring,0
10023456781,2024-04-17 03:00:00,2024-04-17,03:00:00,0.3622,Wednesday,3,4,Spring,0
10023456781,2024-04-17 04:00:00,2024-04-17,04:00:00,0.4215,Wednesday,4,4,Spring,0
10023456781,2024-04-17 05:00:00,2024-04-17,05:00:00,0.6931,Wednesday,5,4,Spring,0
10023456781,2024-04-17 06:00:00,2024-04-17,06:00:00,1.3385,Wednesday,6,4,Spring,0
10023456781,2024-04-17 07:00:00,2024-04-17,07:00:00,1.3298,Wednesday,7,4,Spring,0
10023456781,2024-04-17 08:00:00,2024-04-17,08:00:00,1.6390,Wednesday,8,4,Spring,0
10023456781,2024-04-17 09:00:00,2024-04-17,09:00:00,0.1241,Wednesday,9,4,Spring,1
10023456781,2024-04-17 10:00:00,2024-04-17,10:00:00,1.1626,Wednesday,10,4,Spring,0
10023456781,2024-04-17 11:00:00,2024-04-17,11:00:00,0.9263,Wednesday,11,4,Spring,0
10023456781,2024-04-17 12:00:00,2024-04-17,12:00:00,1.1049,Wednesday,12,4,Spring,0
10023456781,2024-04-17 13:00:00,2024-04-17,13:00:00,1.1434,Wednesday,13,4,Spring,0
10023456781,2024-04-17 14:00:00,2024-04-17,14:00:00,1.2268,Wednesday,14,4,Spring,0
10023456781,2024-04-17 15:00:00,2024-04-17,15:00:00,1.4500,Wednesday,15,4,Spring,0
10023456781,2024-04-17 16:00:00,2024-04-17,16:00:00,4.7716,Wednesday,16,4,Spring,1
10023456781,2024-04-17 17:00:00,2024-04-17,17:00:00,1.6627,Wednesday,17,4,Spring,0
10023456781,2024-04-17 18:00:00,2024-04-17,18:00:00,2.0449,Wednesday,18,4,Spring,0
10023456781,2024-04-17 19:00:00,2024-04-17,19:00:00,2.3763,Wednesday,19,4,Spring,0
10023456781,2024-04-17 20:00:00,2024-04-17,20:00:00,1.9900,Wednesday,20,4,Spring,0
10023456781,2024-04-17 21:00:00,2024-04-17,21:00:00,1.7959,Wednesday,21,4,Spring,0
10023456781,2024-04-17 22:00:00,2024-04-17,22:00:00,1.3131,Wednesday,22,4,Spring,0
10023456781,2024-04-17 23:00:00,2024-04-17,23:00:00,1.1173,Wednesday,23,4,Spring,0
10023456781,2024-04-18 00:00:00,2024-04-18,00:00:00,0.4115,Thursday,0,4,Spring,0
10023456781,2024-04-18 01:00:00,2024-04-18,01:00:00,0.4486,Thursday,1,4,Spring,0
10023456781,2024-04-18 02:00:00,2024-04-18,02:00:00,0.4107,Thursday,2,4,Spring,0
10023456781,2024-04-18 03:00:00,2024-04-18,03:00:00,0.3576,Thursday,3,4,Spring,0
10023456781,2024-04-18 04:00:00,2024-04-18,04:00:00,0.4215,Thursday,4,4,Spring,0
10023456781,2024-04-18 05:00:00,2024-04-18,05:00:00,0.5912,Thursday,5,4,Spring,0
10023456781,2024-04-18 06:00:00,2024-04-18,06:00:00,0.8808,Thursday,6,4,Spring,0
10023456781,2024-04-18 07:00:00,2024-04-18,07:00:00,1.5551,Thursday,7,4,Spring,0
10023456781,2024-04-18 08:00:00,2024-04-18,08:00:00,1.3739,Thursday,8,4,Spring,0
10023456781,2024-04-18 09:00:00,2024-04-18,09:00:00,1.3111,Thursday,9,4,Spring,0
10023456781,2024-04-18 10:00:00,2024-04-18,10:00:00,1.0456,Thursday,10,4,Spring,0
10023456781,2024-04-18 11:00:00,2024-04-18,11:00:00,0.8275,Thursday,11,4,Spring,0
10023456781,2024-04-18 12:00:00,2024-04-18,12:00:00,0.9977,Thursday,12,4,Spring,0
10023456781,2024-04-18 13:00:00,2024-04-18,13:00:00,0.8940,Thursday,13,4,Spring,0
10023456781,2024-04-18 14:00:00,2024-04-18,14:00:00,0.8128,Thursday,14,4,Spring,0
10023456781,2024-04-18 15:00:00,2024-04-18,15:00:00,1.1692,Thursday,15,4,Spring,0
10023456781,2024-04-18 16:00:00,2024-04-18,16:00:00,1.4770,Thursday,16,4,Spring,0
10023456781,2024-04-18 17:00:00,2024-04-18,17:00:00,1.2997,Thursday,17,4,Spring,0
10023456781,2024-04-18 18:00:00,2024-04-18,18:00:00,1.8217,Thursday,18,4,Spring,0
10023456781,2024-04-18 19:00:00,2024-04-18,19:00:00,1.8165,Thursday,19,4,Spring,0
10023456781,2024-04-18 20:00:00,2024-04-18,20:00:00,2.1663,Thursday,20,4,Spring,0
10023456781,2024-04-18 21:00:00,2024-04-18,21:00:00,1.9789,Thursday,21,4,Spring,0
10023456781,2024-04-18 22:00:00,2024-04-18,22:00:00,1.3725,Thursday,22,4,Spring,0
10023456781,2024-04-18 23:00:00,2024-04-18,23:00:00,0.9697,Thursday,23,4,Spring,0
10023456781,2024-04-19 00:00:00,2024-04-19,00:00:00,0.4059,Friday,0,4,Spring,0
10023456781,2024-04-19 01:00:00,2024-04-19,01:00:00,0.3695,Friday,1,4,Spring,0
10023456781,2024-04-19 02:00:00,2024-04-19,02:00:00,0.3741,Friday,2,4,Spring,0
10023456781,2024-04-19 03:00:00,2024-04-19,03:00:00,0.3946,Friday,3,4,Spring,0
10023456781,2024-04-19 04:00:00,2024-04-19,04:00:00,0.3609,Friday,4,4,Spring,0
10023456781,2024-04-19 05:00:00,2024-04-19,05:00:00,0.5321,Friday,5,4,Spring,0
10023456781,2024-04-19 06:00:00,2024-04-19,06:00:00,1.0592,Friday,6,4,Spring,0
10023456781,2024-04-19 07:00:00,2024-04-19,07:00:00,1.4974,Friday,7,4,Spring,0
10023456781,2024-04-19 08:00:00,2024-04-19,08:00:00,1.5868,Friday,8,4,Spring,0
10023456781,2024-04-19 09:00:00,2024-04-19,09:00:00,6.8372,Friday,9,4,Spring,1
10023456781,2024-04-19 10:00:00,2024-04-19,10:00:00,1.1627,Friday,10,4,Spring,0
10023456781,2024-04-19 11:00:00,2024-04-19,11:00:00,0.7814,Friday,11,4,Spring,0
10023456781,2024-04-19 12:00:00,2024-04-19,12:00:00,1.2152,Friday,12,4,Spring,0
10023456781,2024-04-19 13:00:00,2024-04-19,13:00:00,1.1547,Friday,13,4,Spring,0
10023456781,2024-04-19 14:00:00,2024-04-19,14:00:00,3.4069,Friday,14,4,Spring,1
10023456781,2024-04-19 15:00:00,2024-04-19,15:00:00,1.1349,Friday,15,4,Spring,0
10023456781,2024-04-19 16:00:00,2024-04-19,16:00:00,1.1798,Friday,16,4,Spring,0
10023456781,2024-04-19 17:00:00,2024-04-19,17:00:00,1.5506,Friday,17,4,Spring,0
10023456781,2024-04-19 18:00:00,2024-04-19,18:00:00,1.8915,Friday,18,4,Spring,0
10023456781,2024-04-19 19:00:00,2024-04-19,19:00:00,2.2616,Friday,19,4,Spring,0
10023456781,2024-04-19 20:00:00,2024-04-19,20:00:00,2.0866,Friday,20,4,Spring,0
10023456781,2024-04-19 21:00:00,2024-04-19,21:00:00,1.9467,Friday,21,4,Spring,0
10023456781,2024-04-19 22:00:00,2024-04-19,22:00:00,3.4506,Friday,22,4,Spring,1
10023456781,2024-04-19 23:00:00,2024-04-19,23:00:00,2.1486,Friday,23,4,Spring,1
10023456781,2024-04-20 00:00:00,2024-04-20,00:00:00,1.3441,Saturday,0,4,Spring,1
10023456781,2024-04-20 01:00:00,2024-04-20,01:00:00,0.4576,Saturday,1,4,Spring,0
10023456781,2024-04-20 02:00:00,2024-04-20,02:00:00,0.3120,Saturday,2,4,Spring,0
10023456781,2024-04-20 03:00:00,2024-04-20,03:00:00,0.4788,Saturday,3,4,Spring,0
10023456781,2024-04-20 04:00:00,2024-04-20,04:00:00,0.4142,Saturday,4,4,Spring,0
10023456781,2024-04-20 05:00:00,2024-04-20,05:00:00,0.5416,Saturday,5,4,Spring,0
10023456781,2024-04-20 06:00:00,2024-04-20,06:00:00,0.7577,Saturday,6,4,Spring,0
10023456781,2024-04-20 07:00:00,2024-04-20,07:00:00,1.0594,Saturday,7,4,Spring,0
10023456781,2024-04-20 08:00:00,2024-04-20,08:00:00,1.5150,Saturday,8,4,Spring,0
10023456781,2024-04-20 09:00:00,2024-04-20,09:00:00,1.7932,Saturday,9,4,Spring,0
10023456781,2024-04-20 10:00:00,2024-04-20,10:00:00,1.5293,Saturday,10,4,Spring,0
10023456781,2024-04-20 11:00:00,2024-04-20,11:00:00,1.2678,Saturday,11,4,Spring,0
10023456781,2024-04-20 12:00:00,2024-04-20,12:00:00,1.2131,Saturday,12,4,Spring,0
10023456781,2024-04-20 13:00:00,2024-04-20,13:00:00,1.3929,Saturday,13,4,Spring,0
10023456781,2024-04-20 14:00:00,2024-04-20,14:00:00,1.2543,Saturday,14,4,Spring,0
10023456781,2024-04-20 15:00:00,2024-04-20,15:00:00,1.2757,Saturday,15,4,Spring,0
10023456781,2024-04-20 16:00:00,2024-04-20,16:00:00,1.6810,Saturday,16,4,Spring,0
10023456781,2024-04-20 17:00:00,2024-04-20,17:00:00,1.9030,Saturday,17,4,Spring,0
10023456781,2024-04-20 18:00:00,2024-04-20,18:00:00,1.8788,Saturday,18,4,Spring,0
10023456781,2024-04-20 19:00:00,2024-04-20,19:00:00,2.2730,Saturday,19,4,Spring,0
10023456781,2024-04-20 20:00:00,2024-04-20,20:00:00,1.9776,Saturday,20,4,Spring,0
10023456781,2024-04-20 21:00:00,2024-04-20,21:00:00,1.6823,Saturday,21,4,Spring,0
10023456781,2024-04-20 22:00:00,2024-04-20,22:00:00,1.5124,Saturday,22,4,Spring,0
10023456781,2024-04-20 23:00:00,2024-04-20,23:00:00,0.8398,Saturday,23,4,Spring,0
10023456781,2024-04-21 00:00:00,2024-04-21,00:00:00,0.7071,Sunday,0,4,Spring,0
10023456781,2024-04-21 01:00:00,2024-04-21,01:00:00,0.6592,Sunday,1,4,Spring,0
10023456781,2024-04-21 02:00:00,2024-04-21,02:00:00,2.1099,Sunday,2,4,Spring,1
10023456781,2024-04-21 03:00:00,2024-04-21,03:00:00,1.9051,Sunday,3,4,Spring,1
10023456781,2024-04-21 04:00:00,2024-04-21,04:00:00,0.5438,Sunday,4,4,Spring,0
10023456781,2024-04-21 05:00:00,2024-04-21,05:00:00,0.5887,Sunday,5,4,Spring,0
10023456781,2024-04-21 06:00:00,2024-04-21,06:00:00,1.0513,Sunday,6,4,Spring,0
10023456781,2024-04-21 07:00:00,2024-04-21,07:00:00,1.3394,Sunday,7,4,Spring,0
10023456781,2024-04-21 08:00:00,2024-04-21,08:00:00,2.1159,Sunday,8,4,Spring,0
10023456781,2024-04-21 09:00:00,2024-04-21,09:00:00,2.3114,Sunday,9,4,Spring,0
10023456781,2024-04-21 10:00:00,2024-04-21,10:00:00,2.1168,Sunday,10,4,Spring,0
10023456781,2024-04-21 11:00:00,2024-04-21,11:00:00,1.6617,Sunday,11,4,Spring,0
10023456781,2024-04-21 12:00:00,2024-04-21,12:00:00,1.4228,Sunday,12,4,Spring,0
10023456781,2024-04-21 13:00:00,2024-04-21,13:00:00,1.7081,Sunday,13,4,Spring,0
10023456781,2024-04-21 14:00:00,2024-04-21,14:00:00,1.6226,Sunday,14,4,Spring,0
10023456781,2024-04-21 15:00:00,2024-04-21,15:00:00,1.6994,Sunday,15,4,Spring,0
10023456781,2024-04-21 16:00:00,2024-04-21,16:00:00,2.0556,Sunday,16,4,Spring,0
10023456781,2024-04-21 17:00:00,2024-04-21,17:00:00,1.9278,Sunday,17,4,Spring,0
10023456781,2024-04-21 18:00:00,2024-04-21,18:00:00,2.5221,Sunday,18,4,Spring,0
10023456781,2024-04-21 19:00:00,2024-04-21,19:00:00,2.5416,Sunday,19,4,Spring,0
10023456781,2024-04-21 20:00:00,2024-04-21,20:00:00,3.2786,Sunday,20,4,Spring,0
10023456781,2024-04-21 21:00:00,2024-04-21,21:00:00,13.0204,Sunday,21,4,Spring,1
10023456781,2024-04-21 22:00:00,2024-04-21,22:00:00,2.0655,Sunday,22,4,Spring,0
10023456781,2024-04-21 23:00:00,2024-04-21,23:00:00,1.0949,Sunday,23,4,Spring,0
10023456781,2024-04-22 00:00:00,2024-04-22,00:00:00,0.4552,Monday,0,4,Spring,0
10023456781,2024-04-22 01:00:00,2024-04-22,01:00:00,0.4550,Monday,1,4,Spring,0
10023456781,2024-04-22 02:00:00,2024-04-22,02:00:00,0.4341,Monday,2,4,Spring,0
10023456781,2024-04-22 03:00:00,2024-04-22,03:00:00,0.4204,Monday,3,4,Spring,0
10023456781,2024-04-22 04:00:00,2024-04-22,04:00:00,0.4713,Monday,4,4,Spring,0
10023456781,2024-04-22 05:00:00,2024-04-22,05:00:00,0.7815,Monday,5,4,Spring,0
10023456781,2024-04-22 06:00:00,2024-04-22,06:00:00,1.0601,Monday,6,4,Spring,0
10023456781,2024-04-22 07:00:00,2024-04-22,07:00:00,2.0184,Monday,7,4,Spring,0
10023456781,2024-04-22 08:00:00,2024-04-22,08:00:00,1.6161,Monday,8,4,Spring,0
10023456781,2024-04-22 09:00:00,2024-04-22,09:00:00,1.4136,Monday,9,4,Spring,0
10023456781,2024-04-22 10:00:00,2024-04-22,10:00:00,1.2127,Monday,10,4,Spring,0
10023456781,2024-04-22 11:00:00,2024-04-22,11:00:00,1.1017,Monday,11,4,Spring,0
10023456781,2024-04-22 12:00:00,2024-04-22,12:00:00,1.1936,Monday,12,4,Spring,0
10023456781,2024-04-22 13:00:00,2024-04-22,13:00:00,1.1273,Monday,13,4,Spring,0
10023456781,2024-04-22 14:00:00,2024-04-22,14:00:00,1.0553,Monday,14,4,Spring,0
10023456781,2024-04-22 15:00:00,2024-04-22,15:00:00,1.2753,Monday,15,4,Spring,0
10023456781,2024-04-22 16:00:00,2024-04-22,16:00:00,1.5069,Monday,16,4,Spring,0
10023456781,2024-04-22 17:00:00,2024-04-22,17:00:00,2.0717,Monday,17,4,Spring,0
10023456781,2024-04-22 18:00:00,2024-04-22,18:00:00,2.1216,Monday,18,4,Spring,0
10023456781,2024-04-22 19:00:00,2024-04-22,19:00:00,2.5468,Monday,19,4,Spring,0
10023456781,2024-04-22 20:00:00,2024-04-22,20:00:00,2.8339,Monday,20,4,Spring,0
10023456781,2024-04-22 21:00:00,2024-04-22,21:00:00,2.5216,Monday,21,4,Spring,0
10023456781,2024-04-22 22:00:00,2024-04-22,22:00:00,1.5705,Monday,22,4,Spring,0
10023456781,2024-04-22 23:00:00,2024-04-22,23:00:00,0.8870,Monday,23,4,Spring,0
10023456781,2024-04-23 00:00:00,2024-04-23,00:00:00,0.4502,Tuesday,0,4,Spring,0
10023456781,2024-04-23 01:00:00,2024-04-23,01:00:00,0.5260,Tuesday,1,4,Spring,0
10023456781,2024-04-23 02:00:00,2024-04-23,02:00:00,0.3617,Tuesday,2,4,Spring,0
10023456781,2024-04-23 03:00:00,2024-04-23,03:00:00,0.5058,Tuesday,3,4,Spring,0
10023456781,2024-04-23 04:00:00,2024-04-23,04:00:00,0.4963,Tuesday,4,4,Spring,0
10023456781,2024-04-23 05:00:00,2024-04-23,05:00:00,0.7094,Tuesday,5,4,Spring,0
10023456781,2024-04-23 06:00:00,2024-04-23,06:00:00,1.3295,Tuesday,6,4,Spring,0
10023456781,2024-04-23 07:00:00,2024-04-23,07:00:00,1.5701,Tuesday,7,4,Spring,0
10023456781,2024-04-23 08:00:00,2024-04-23,08:00:00,1.9969,Tuesday,8,4,Spring,0
10023456781,2024-04-23 09:00:00,2024-04-23,09:00:00,1.7332,Tuesday,9,4,Spring,0
10023456781,2024-04-23 10:00:00,2024-04-23,10:00:00,1.5860,Tuesday,10,4,Spring,0
10023456781,2024-04-23 11:00:00,2024-04-23,11:00:00,1.2047,Tuesday,11,4,Spring,0
10023456781,2024-04-23 12:00:00,2024-04-23,12:00:00,1.2182,Tuesday,12,4,Spring,0
10023456781,2024-04-23 13:00:00,2024-04-23,13:00:00,1.2202,Tuesday,13,4,Spring,0
10023456781,2024-04-23 14:00:00,2024-04-23,14:00:00,1.3465,Tuesday,14,4,Spring,0
10023456781,2024-04-23 15:00:00,2024-04-23,15:00:00,1.2712,Tuesday,15,4,Spring,0
10023456781,2024-04-23 16:00:00,2024-04-23,16:00:00,1.5841,Tuesday,16,4,Spring,0
10023456781,2024-04-23 17:00:00,2024-04-23,17:00:00,2.0440,Tuesday,17,4,Spring,0
10023456781,2024-04-23 18:00:00,2024-04-23,18:00:00,2.3041,Tuesday,18,4,Spring,0
10023456781,2024-04-23 19:00:00,2024-04-23,19:00:00,2.5302,Tuesday,19,4,Spring,0
10023456781,2024-04-23 20:00:00,2024-04-23,20:00:00,2.3632,Tuesday,20,4,Spring,0
10023456781,2024-04-23 21:00:00,2024-04-23,21:00:00,2.5805,Tuesday,21,4,Spring,0
10023456781,2024-04-23 22:00:00,2024-04-23,22:00:00,1.8809,Tuesday,22,4,Spring,0
10023456781,2024-04-23 23:00:00,2024-04-23,23:00:00,1.0152,Tuesday,23,4,Spring,0
10023456781,2024-04-24 00:00:00,2024-04-24,00:00:00,0.5365,Wednesday,0,4,Spring,0
10023456781,2024-04-24 01:00:00,2024-04-24,01:00:00,0.5044,Wednesday,1,4,Spring,0
10023456781,2024-04-24 02:00:00,2024-04-24,02:00:00,0.4381,Wednesday,2,4,Spring,0
10023456781,2024-04-24 03:00:00,2024-04-24,03:00:00,0.4386,Wednesday,3,4,Spring,0
10023456781,2024-04-24 04:00:00,2024-04-24,04:00:00,0.5693,Wednesday,4,4,Spring,0
10023456781,2024-04-24 05:00:00,2024-04-24,05:00:00,0.7068,Wednesday,5,4,Spring,0
10023456781,2024-04-24 06:00:00,2024-04-24,06:00:00,1.2797,Wednesday,6,4,Spring,0
10023456781,2024-04-24 07:00:00,2024-04-24,07:00:00,1.5255,Wednesday,7,4,Spring,0
10023456781,2024-04-24 08:00:00,2024-04-24,08:00:00,1.9500,Wednesday,8,4,Spring,0
10023456781,2024-04-24 09:00:00,2024-04-24,09:00:00,1.2842,Wednesday,9,4,Spring,0
10023456781,2024-04-24 10:00:00,2024-04-24,10:00:00,1.3533,Wednesday,10,4,Spring,0
10023456781,2024-04-24 11:00:00,2024-04-24,11:00:00,0.9182,Wednesday,11,4,Spring,0
10023456781,2024-04-24 12:00:00,2024-04-24,12:00:00,1.0891,Wednesday,12,4,Spring,0
10023456781,2024-04-24 13:00:00,2024-04-24,13:00:00,1.2704,Wednesday,13,4,Spring,0
10023456781,2024-04-24 14:00:00,2024-04-24,14:00:00,4.7020,Wednesday,14,4,Spring,1
10023456781,2024-04-24 15:00:00,2024-04-24,15:00:00,4.8216,Wednesday,15,4,Spring,1
10023456781,2024-04-24 16:00:00,2024-04-24,16:00:00,1.2982,Wednesday,16,4,Spring,0
10023456781,2024-04-24 17:00:00,2024-04-24,17:00:00,2.1378,Wednesday,17,4,Spring,0
10023456781,2024-04-24 18:00:00,2024-04-24,18:00:00,2.5484,Wednesday,18,4,Spring,0
10023456781,2024-04-24 19:00:00,2024-04-24,19:00:00,2.4374,Wednesday,19,4,Spring,0
10023456781,2024-04-24 20:00:00,2024-04-24,20:00:00,2.9879,Wednesday,20,4,Spring,0
10023456781,2024-04-24 21:00:00,2024-04-24,21:00:00,2.0606,Wednesday,21,4,Spring,0
10023456781,2024-04-24 22:00:00,2024-04-24,22:00:00,1.5799,Wednesday,22,4,Spring,0
10023456781,2024-04-24 23:00:00,2024-04-24,23:00:00,0.8994,Wednesday,23,4,Spring,0
10023456781,2024-04-25 00:00:00,2024-04-25,00:00:00,0.5162,Thursday,0,4,Spring,0
10023456781,2024-04-25 01:00:00,2024-04-25,01:00:00,0.4459,Thursday,1,4,Spring,0
10023456781,2024-04-25 02:00:00,2024-04-25,02:00:00,0.3629,Thursday,2,4,Spring,0
10023456781,2024-04-25 03:00:00,2024-04-25,03:00:00,1.7791,Thursday,3,4,Spring,1
10023456781,2024-04-25 04:00:00,2024-04-25,04:00:00,0.5010,Thursday,4,4,Spring,0
10023456781,2024-04-25 05:00:00,2024-04-25,05:00:00,0.6658,Thursday,5,4,Spring,0
10023456781,2024-04-25 06:00:00,2024-04-25,06:00:00,1.1452,Thursday,6,4,Spring,0
10023456781,2024-04-25 07:00:00,2024-04-25,07:00:00,1.4910,Thursday,7,4,Spring,0
10023456781,2024-04-25 08:00:00,2024-04-25,08:00:00,1.9538,Thursday,8,4,Spring,0
10023456781,2024-04-25 09:00:00,2024-04-25,09:00:00,1.4546,Thursday,9,4,Spring,0
10023456781,2024-04-25 10:00:00,2024-04-25,10:00:00,1.1342,Thursday,10,4,Spring,0
10023456781,2024-04-25 11:00:00,2024-04-25,11:00:00,0.9340,Thursday,11,4,Spring,0
10023456781,2024-04-25 12:00:00,2024-04-25,12:00:00,1.0585,Thursday,12,4,Spring,0
10023456781,2024-04-25 13:00:00,2024-04-25,13:00:00,1.0912,Thursday,13,4,Spring,0
10023456781,2024-04-25 14:00:00,2024-04-25,14:00:00,1.0820,Thursday,14,4,Spring,0
10023456781,2024-04-25 15:00:00,2024-04-25,15:00:00,1.1215,Thursday,15,4,Spring,0
10023456781,2024-04-25 16:00:00,2024-04-25,16:00:00,1.5680,Thursday,16,4,Spring,0
10023456781,2024-04-25 17:00:00,2024-04-25,17:00:00,1.9566,Thursday,17,4,Spring,0
10023456781,2024-04-25 18:00:00,2024-04-25,18:00:00,2.1732,Thursday,18,4,Spring,0
10023456781,2024-04-25 19:00:00,2024-04-25,19:00:00,2.9479,Thursday,19,4,Spring,0
10023456781,2024-04-25 20:00:00,2024-04-25,20:00:00,2.2593,Thursday,20,4,Spring,0
10023456781,2024-04-25 21:00:00,2024-04-25,21:00:00,2.0626,Thursday,21,4,Spring,0
10023456781,2024-04-25 22:00:00,2024-04-25,22:00:00,1.3529,Thursday,22,4,Spring,0
10023456781,2024-04-25 23:00:00,2024-04-25,23:00:00,0.8055,Thursday,23,4,Spring,0
10023456781,2024-04-26 00:00:00,2024-04-26,00:00:00,0.7300,Friday,0,4,Spring,0
10023456781,2024-04-26 01:00:00,2024-04-26,01:00:00,0.3919,Friday,1,4,Spring,0
10023456781,2024-04-26 02:00:00,2024-04-26,02:00:00,0.4123,Friday,2,4,Spring,0
10023456781,2024-04-26 03:00:00,2024-04-26,03:00:00,0.4427,Friday,3,4,Spring,0
10023456781,2024-04-26 04:00:00,2024-04-26,04:00:00,0.3836,Friday,4,4,Spring,0
10023456781,2024-04-26 05:00:00,2024-04-26,05:00:00,0.7681,Friday,5,4,Spring,0
10023456781,2024-04-26 06:00:00,2024-04-26,06:00:00,1.3099,Friday,6,4,Spring,0
10023456781,2024-04-26 07:00:00,2024-04-26,07:00:00,1.7361,Friday,7,4,Spring,0
10023456781,2024-04-26 08:00:00,2024-04-26,08:00:00,1.6534,Friday,8,4,Spring,0
10023456781,2024-04-26 09:00:00,2024-04-26,09:00:00,1.4524,Friday,9,4,Spring,0
10023456781,2024-04-26 10:00:00,2024-04-26,10:00:00,1.2177,Friday,10,4,Spring,0
10023456781,2024-04-26 11:00:00,2024-04-26,11:00:00,1.1957,Friday,11,4,Spring,0
10023456781,2024-04-26 12:00:00,2024-04-26,12:00:00,1.4909,Friday,12,4,Spring,0
10023456781,2024-04-26 13:00:00,2024-04-26,13:00:00,1.1454,Friday,13,4,Spring,0
10023456781,2024-04-26 14:00:00,2024-04-26,14:00:00,1.1753,Friday,14,4,Spring,0
10023456781,2024-04-26 15:00:00,2024-04-26,15:00:00,1.1399,Friday,15,4,Spring,0
10023456781,2024-04-26 16:00:00,2024-04-26,16:00:00,1.5146,Friday,16,4,Spring,0
10023456781,2024-04-26 17:00:00,2024-04-26,17:00:00,1.6361,Friday,17,4,Spring,0
10023456781,2024-04-26 18:00:00,2024-04-26,18:00:00,2.4864,Friday,18,4,Spring,0
10023456781,2024-04-26 19:00:00,2024-04-26,19:00:00,3.0899,Friday,19,4,Spring,0
10023456781,2024-04-26 20:00:00,2024-04-26,20:00:00,2.4513,Friday,20,4,Spring,0
10023456781,2024-04-26 21:00:00,2024-04-26,21:00:00,2.2564,Friday,21,4,Spring,0
10023456781,2024-04-26 22:00:00,2024-04-26,22:00:00,1.6123,Friday,22,4,Spring,0
10023456781,2024-04-26 23:00:00,2024-04-26,23:00:00,0.8489,Friday,23,4,Spring,0
10023456781,2024-04-27 00:00:00,2024-04-27,00:00:00,0.4650,Saturday,0,4,Spring,0
10023456781,2024-04-27 01:00:00,2024-04-27,01:00:00,0.3823,Saturday,1,4,Spring,0
10023456781,2024-04-27 02:00:00,2024-04-27,02:00:00,0.3328,Saturday,2,4,Spring,0
10023456781,2024-04-27 03:00:00,2024-04-27,03:00:00,0.3100,Saturday,3,4,Spring,0
10023456781,2024-04-27 04:00:00,2024-04-27,04:00:00,0.4733,Saturday,4,4,Spring,0
10023456781,2024-04-27 05:00:00,2024-04-27,05:00:00,0.5145,Saturday,5,4,Spring,0
10023456781,2024-04-27 06:00:00,2024-04-27,06:00:00,0.6745,Saturday,6,4,Spring,0
10023456781,2024-04-27 07:00:00,2024-04-27,07:00:00,1.1486,Saturday,7,4,Spring,0
10023456781,2024-04-27 08:00:00,2024-04-27,08:00:00,1.5670,Saturday,8,4,Spring,0
10023456781,2024-04-27 09:00:00,2024-04-27,09:00:00,1.4865,Saturday,9,4,Spring,0
10023456781,2024-04-27 10:00:00,2024-04-27,10:00:00,1.4888,Saturday,10,4,Spring,0
10023456781,2024-04-27 11:00:00,2024-04-27,11:00:00,1.0401,Saturday,11,4,Spring,0
10023456781,2024-04-27 12:00:00,2024-04-27,12:00:00,1.2864,Saturday,12,4,Spring,0
10023456781,2024-04-27 13:00:00,2024-04-27,13:00:00,1.4095,Saturday,13,4,Spring,0
10023456781,2024-04-27 14:00:00,2024-04-27,14:00:00,1.2110,Saturday,14,4,Spring,0
10023456781,2024-04-27 15:00:00,2024-04-27,15:00:00,1.1531,Saturday,15,4,Spring,0
10023456781,2024-04-27 16:00:00,2024-04-27,16:00:00,1.5440,Saturday,16,4,Spring,0
10023456781,2024-04-27 17:00:00,2024-04-27,17:00:00,1.3839,Saturday,17,4,Spring,0
10023456781,2024-04-27 18:00:00,2024-04-27,18:00:00,2.4216,Saturday,18,4,Spring,0
10023456781,2024-04-27 19:00:00,2024-04-27,19:00:00,2.3926,Saturday,19,4,Spring,0
10023456781,2024-04-27 20:00:00,2024-04-27,20:00:00,2.3764,Saturday,20,4,Spring,0
10023456781,2024-04-27 21:00:00,2024-04-27,21:00:00,1.5567,Saturday,21,4,Spring,0
10023456781,2024-04-27 22:00:00,2024-04-27,22:00:00,1.2380,Saturday,22,4,Spring,0
10023456781,2024-04-27 23:00:00,2024-04-27,23:00:00,0.9433,Saturday,23,4,Spring,0
10023456781,2024-04-28 00:00:00,2024-04-28,00:00:00,0.3991,Sunday,0,4,Spring,0
10023456781,2024-04-28 01:00:00,2024-04-28,01:00:00,0.4064,Sunday,1,4,Spring,0
10023456781,2024-04-28 02:00:00,2024-04-28,02:00:00,0.3110,Sunday,2,4,Spring,0
10023456781,2024-04-28 03:00:00,2024-04-28,03:00:00,0.2803,Sunday,3,4,Spring,0
10023456781,2024-04-28 04:00:00,2024-04-28,04:00:00,0.3602,Sunday,4,4,Spring,0
10023456781,2024-04-28 05:00:00,2024-04-28,05:00:00,0.4429,Sunday,5,4,Spring,0
10023456781,2024-04-28 06:00:00,2024-04-28,06:00:00,0.5989,Sunday,6,4,Spring,0
10023456781,2024-04-28 07:00:00,2024-04-28,07:00:00,0.8085,Sunday,7,4,Spring,0
10023456781,2024-04-28 08:00:00,2024-04-28,08:00:00,1.3013,Sunday,8,4,Spring,0
10023456781,2024-04-28 09:00:00,2024-04-28,09:00:00,1.4106,Sunday,9,4,Spring,0
10023456781,2024-04-28 10:00:00,2024-04-28,10:00:00,1.1883,Sunday,10,4,Spring,0
10023456781,2024-04-28 11:00:00,2024-04-28,11:00:00,1.2809,Sunday,11,4,Spring,0
10023456781,2024-04-28 12:00:00,2024-04-28,12:00:00,1.1290,Sunday,12,4,Spring,0
10023456781,2024-04-28 13:00:00,2024-04-28,13:00:00,1.0933,Sunday,13,4,Spring,0
10023456781,2024-04-28 14:00:00,2024-04-28,14:00:00,1.0117,Sunday,14,4,Spring,0
10023456781,2024-04-28 15:00:00,2024-04-28,15:00:00,1.0658,Sunday,15,4,Spring,0
10023456781,2024-04-28 16:00:00,2024-04-28,16:00:00,1.1353,Sunday,16,4,Spring,0
10023456781,2024-04-28 17:00:00,2024-04-28,17:00:00,1.3935,Sunday,17,4,Spring,0
10023456781,2024-04-28 18:00:00,2024-04-28,18:00:00,1.4925,Sunday,18,4,Spring,0
10023456781,2024-04-28 19:00:00,2024-04-28,19:00:00,2.0171,Sunday,19,4,Spring,0
10023456781,2024-04-28 20:00:00,2024-04-28,20:00:00,1.7344,Sunday,20,4,Spring,0
10023456781,2024-04-28 21:00:00,2024-04-28,21:00:00,1.6015,Sunday,21,4,Spring,0
10023456781,2024-04-28 22:00:00,2024-04-28,22:00:00,1.3356,Sunday,22,4,Spring,0
10023456781,2024-04-28 23:00:00,2024-04-28,23:00:00,0.8548,Sunday,23,4,Spring,0
10023456781,2024-04-29 00:00:00,2024-04-29,00:00:00,0.3881,Monday,0,4,Spring,0
10023456781,2024-04-29 01:00:00,2024-04-29,01:00:00,0.2804,Monday,1,4,Spring,0
10023456781,2024-04-29 02:00:00,2024-04-29,02:00:00,0.3896,Monday,2,4,Spring,0
10023456781,2024-04-29 03:00:00,2024-04-29,03:00:00,0.2573,Monday,3,4,Spring,0
10023456781,2024-04-29 04:00:00,2024-04-29,04:00:00,0.3114,Monday,4,4,Spring,0
10023456781,2024-04-29 05:00:00,2024-04-29,05:00:00,0.5425,Monday,5,4,Spring,0
10023456781,2024-04-29 06:00:00,2024-04-29,06:00:00,0.8626,Monday,6,4,Spring,0
10023456781,2024-04-29 07:00:00,2024-04-29,07:00:00,1.1121,Monday,7,4,Spring,0
10023456781,2024-04-29 08:00:00,2024-04-29,08:00:00,1.2939,Monday,8,4,Spring,0
10023456781,2024-04-29 09:00:00,2024-04-29,09:00:00,1.0072,Monday,9,4,Spring,0
10023456781,2024-04-29 10:00:00,2024-04-29,10:00:00,0.8869,Monday,10,4,Spring,0
10023456781,2024-04-29 11:00:00,2024-04-29,11:00:00,0.8452,Monday,11,4,Spring,0
10023456781,2024-04-29 12:00:00,2024-04-29,12:00:00,0.1126,Monday,12,4,Spring,1
10023456781,2024-04-29 13:00:00,2024-04-29,13:00:00,1.0105,Monday,13,4,Spring,0
10023456781,2024-04-29 14:00:00,2024-04-29,14:00:00,1.0241,Monday,14,4,Spring,0
10023456781,2024-04-29 15:00:00,2024-04-29,15:00:00,1.0112,Monday,15,4,Spring,0
10023456781,2024-04-29 16:00:00,2024-04-29,16:00:00,1.0971,Monday,16,4,Spring,0
10023456781,2024-04-29 17:00:00,2024-04-29,17:00:00,1.4491,Monday,17,4,Spring,0
10023456781,2024-04-29 18:00:00,2024-04-29,18:00:00,1.6099,Monday,18,4,Spring,0
10023456781,2024-04-29 19:00:00,2024-04-29,19:00:00,1.9693,Monday,19,4,Spring,0
10023456781,2024-04-29 20:00:00,2024-04-29,20:00:00,2.1837,Monday,20,4,Spring,0
10023456781,2024-04-29 21:00:00,2024-04-29,21:00:00,1.6780,Monday,21,4,Spring,0
10023456781,2024-04-29 22:00:00,2024-04-29,22:00:00,1.0152,Monday,22,4,Spring,0
10023456781,2024-04-29 23:00:00,2024-04-29,23:00:00,0.7249,Monday,23,4,Spring,0
10023456781,2024-04-30 00:00:00,2024-04-30,00:00:00,0.3911,Tuesday,0,4,Spring,0
10023456781,2024-04-30 01:00:00,2024-04-30,01:00:00,0.4664,Tuesday,1,4,Spring,0
10023456781,2024-04-30 02:00:00,2024-04-30,02:00:00,0.4572,Tuesday,2,4,Spring,0
10023456781,2024-04-30 03:00:00,2024-04-30,03:00:00,0.3457,Tuesday,3,4,Spring,0
10023456781,2024-04-30 04:00:00,2024-04-30,04:00:00,0.4168,Tuesday,4,4,Spring,0
10023456781,2024-04-30 05:00:00,2024-04-30,05:00:00,0.5726,Tuesday,5,4,Spring,0
10023456781,2024-04-30 06:00:00,2024-04-30,06:00:00,0.9159,Tuesday,6,4,Spring,0
10023456781,2024-04-30 07:00:00,2024-04-30,07:00:00,1.3725,Tuesday,7,4,Spring,0
10023456781,2024-04-30 08:00:00,2024-04-30,08:00:00,1.4727,Tuesday,8,4,Spring,0
10023456781,2024-04-30 09:00:00,2024-04-30,09:00:00,1.2477,Tuesday,9,4,Spring,0
10023456781,2024-04-30 10:00:00,2024-04-30,10:00:00,1.0159,Tuesday,10,4,Spring,0
10023456781,2024-04-30 11:00:00,2024-04-30,11:00:00,0.8672,Tuesday,11,4,Spring,0
10023456781,2024-04-30 12:00:00,2024-04-30,12:00:00,1.0317,Tuesday,12,4,Spring,0
10023456781,2024-04-30 13:00:00,2024-04-30,13:00:00,0.9863,Tuesday,13,4,Spring,0
10023456781,2024-04-30 14:00:00,2024-04-30,14:00:00,1.1709,Tuesday,14,4,Spring,0
10023456781,2024-04-30 15:00:00,2024-04-30,15:00:00,0.9722,Tuesday,15,4,Spring,0
10023456781,2024-04-30 16:00:00,2024-04-30,16:00:00,1.2445,Tuesday,16,4,Spring,0
10023456781,2024-04-30 17:00:00,2024-04-30,17:00:00,1.5430,Tuesday,17,4,Spring,0
10023456781,2024-04-30 18:00:00,2024-04-30,18:00:00,0.1398,Tuesday,18,4,Spring,1
10023456781,2024-04-30 19:00:00,2024-04-30,19:00:00,2.5975,Tuesday,19,4,Spring,0
10023456781,2024-04-30 20:00:00,2024-04-30,20:00:00,2.4830,Tuesday,20,4,Spring,0
10023456781,2024-04-30 21:00:00,2024-04-30,21:00:00,1.7648,Tuesday,21,4,Spring,0
10023456781,2024-04-30 22:00:00,2024-04-30,22:00:00,1.5553,Tuesday,22,4,Spring,0
10023456781,2024-04-30 23:00:00,2024-04-30,23:00:00,0.6739,Tuesday,23,4,Spring,0
10023456781,2024-05-01 00:00:00,2024-05-01,00:00:00,0.4225,Wednesday,0,5,Spring,0
10023456781,2024-05-01 01:00:00,2024-05-01,01:00:00,0.3229,Wednesday,1,5,Spring,0
10023456781,2024-05-01 02:00:00,2024-05-01,02:00:00,0.3569,Wednesday,2,5,Spring,0
10023456781,2024-05-01 03:00:00,2024-05-01,03:00:00,0.3875,Wednesday,3,5,Spring,0
10023456781,2024-05-01 04:00:00,2024-05-01,04:00:00,0.4192,Wednesday,4,5,Spring,0
10023456781,2024-05-01 05:00:00,2024-05-01,05:00:00,0.6165,Wednesday,5,5,Spring,0
10023456781,2024-05-01 06:00:00,2024-05-01,06:00:00,1.3472,Wednesday,6,5,Spring,0
10023456781,2024-05-01 07:00:00,2024-05-01,07:00:00,1.5118,Wednesday,7,5,Spring,0
10023456781,2024-05-01 08:00:00,2024-05-01,08:00:00,1.5437,Wednesday,8,5,Spring,0
10023456781,2024-05-01 09:00:00,2024-05-01,09:00:00,1.5963,Wednesday,9,5,Spring,0
10023456781,2024-05-01 10:00:00,2024-05-01,10:00:00,1.0996,Wednesday,10,5,Spring,0
10023456781,2024-05-01 11:00:00,2024-05-01,11:00:00,1.0089,Wednesday,11,5,Spring,0
10023456781,2024-05-01 12:00:00,2024-05-01,12:00:00,0.9200,Wednesday,12,5,Spring,0
10023456781,2024-05-01 13:00:00,2024-05-01,13:00:00,1.0344,Wednesday,13,5,Spring,0
10023456781,2024-05-01 14:00:00,2024-05-01,14:00:00,1.1201,Wednesday,14,5,Spring,0
10023456781,2024-05-01 15:00:00,2024-05-01,15:00:00,0.9517,Wednesday,15,5,Spring,0
10023456781,2024-05-01 16:00:00,2024-05-01,16:00:00,1.3763,Wednesday,16,5,Spring,0
10023456781,2024-05-01 17:00:00,2024-05-01,17:00:00,1.6083,Wednesday,17,5,Spring,0
10023456781,2024-05-01 18:00:00,2024-05-01,18:00:00,1.9140,Wednesday,18,5,Spring,0
10023456781,2024-05-01 19:00:00,2024-05-01,19:00:00,2.2766,Wednesday,19,5,Spring,0
10023456781,2024-05-01 20:00:00,2024-05-01,20:00:00,2.0825,Wednesday,20,5,Spring,0
10023456781,2024-05-01 21:00:00,2024-05-01,21:00:00,2.2401,Wednesday,21,5,Spring,0
10023456781,2024-05-01 22:00:00,2024-05-01,22:00:00,1.2806,Wednesday,22,5,Spring,0
10023456781,2024-05-01 23:00:00,2024-05-01,23:00:00,0.9055,Wednesday,23,5,Spring,0
10023456781,2024-05-02 00:00:00,2024-05-02,00:00:00,1.2888,Thursday,0,5,Spring,1
10023456781,2024-05-02 01:00:00,2024-05-02,01:00:00,0.4611,Thursday,1,5,Spring,0
10023456781,2024-05-02 02:00:00,2024-05-02,02:00:00,0.4068,Thursday,2,5,Spring,0
10023456781,2024-05-02 03:00:00,2024-05-02,03:00:00,0.3288,Thursday,3,5,Spring,0
10023456781,2024-05-02 04:00:00,2024-05-02,04:00:00,1.0388,Thursday,4,5,Spring,1
10023456781,2024-05-02 05:00:00,2024-05-02,05:00:00,1.3208,Thursday,5,5,Spring,1
10023456781,2024-05-02 06:00:00,2024-05-02,06:00:00,2.1036,Thursday,6,5,Spring,1
10023456781,2024-05-02 07:00:00,2024-05-02,07:00:00,3.0783,Thursday,7,5,Spring,1
10023456781,2024-05-02 08:00:00,2024-05-02,08:00:00,3.8648,Thursday,8,5,Spring,1
10023456781,2024-05-02 09:00:00,2024-05-02,09:00:00,2.8010,Thursday,9,5,Spring,1
10023456781,2024-05-02 10:00:00,2024-05-02,10:00:00,1.1660,Thursday,10,5,Spring,0
10023456781,2024-05-02 11:00:00,2024-05-02,11:00:00,1.0371,Thursday,11,5,Spring,0
10023456781,2024-05-02 12:00:00,2024-05-02,12:00:00,1.0165,Thursday,12,5,Spring,0
10023456781,2024-05-02 13:00:00,2024-05-02,13:00:00,0.9883,Thursday,13,5,Spring,0
10023456781,2024-05-02 14:00:00,2024-05-02,14:00:00,1.1589,Thursday,14,5,Spring,0
10023456781,2024-05-02 15:00:00,2024-05-02,15:00:00,1.0982,Thursday,15,5,Spring,0
10023456781,2024-05-02 16:00:00,2024-05-02,16:00:00,1.3576,Thursday,16,5,Spring,0
10023456781,2024-05-02 17:00:00,2024-05-02,17:00:00,1.9379,Thursday,17,5,Spring,0
10023456781,2024-05-02 18:00:00,2024-05-02,18:00:00,1.6302,Thursday,18,5,Spring,0
10023456781,2024-05-02 19:00:00,2024-05-02,19:00:00,1.8408,Thursday,19,5,Spring,0
10023456781,2024-05-02 20:00:00,2024-05-02,20:00:00,2.5640,Thursday,20,5,Spring,0
10023456781,2024-05-02 21:00:00,2024-05-02,21:00:00,1.6354,Thursday,21,5,Spring,0
10023456781,2024-05-02 22:00:00,2024-05-02,22:00:00,1.1449,Thursday,22,5,Spring,0
10023456781,2024-05-02 23:00:00,2024-05-02,23:00:00,0.9499,Thursday,23,5,Spring,0
10023456781,2024-05-03 00:00:00,2024-05-03,00:00:00,0.3550,Friday,0,5,Spring,0
10023456781,2024-05-03 01:00:00,2024-05-03,01:00:00,0.3279,Friday,1,5,Spring,0
10023456781,2024-05-03 02:00:00,2024-05-03,02:00:00,0.2824,Friday,2,5,Spring,0
10023456781,2024-05-03 03:00:00,2024-05-03,03:00:00,0.2732,Friday,3,5,Spring,0
10023456781,2024-05-03 04:00:00,2024-05-03,04:00:00,0.3690,Friday,4,5,Spring,0
10023456781,2024-05-03 05:00:00,2024-05-03,05:00:00,0.4087,Friday,5,5,Spring,0
10023456781,2024-05-03 06:00:00,2024-05-03,06:00:00,0.7986,Friday,6,5,Spring,0
10023456781,2024-05-03 07:00:00,2024-05-03,07:00:00,1.2815,Friday,7,5,Spring,0
10023456781,2024-05-03 08:00:00,2024-05-03,08:00:00,1.3631,Friday,8,5,Spring,0
10023456781,2024-05-03 09:00:00,2024-05-03,09:00:00,0.9061,Friday,9,5,Spring,0
10023456781,2024-05-03 10:00:00,2024-05-03,10:00:00,0.7296,Friday,10,5,Spring,0
10023456781,2024-05-03 11:00:00,2024-05-03,11:00:00,0.7365,Friday,11,5,Spring,0
10023456781,2024-05-03 12:00:00,2024-05-03,12:00:00,0.8295,Friday,12,5,Spring,0
10023456781,2024-05-03 13:00:00,2024-05-03,13:00:00,0.9090,Friday,13,5,Spring,0
10023456781,2024-05-03 14:00:00,2024-05-03,14:00:00,0.9538,Friday,14,5,Spring,0
10023456781,2024-05-03 15:00:00,2024-05-03,15:00:00,0.8721,Friday,15,5,Spring,0
10023456781,2024-05-03 16:00:00,2024-05-03,16:00:00,1.1170,Friday,16,5,Spring,0
10023456781,2024-05-03 17:00:00,2024-05-03,17:00:00,1.4711,Friday,17,5,Spring,0
10023456781,2024-05-03 18:00:00,2024-05-03,18:00:00,1.7562,Friday,18,5,Spring,0
10023456781,2024-05-03 19:00:00,2024-05-03,19:00:00,1.7693,Friday,19,5,Spring,0
10023456781,2024-05-03 20:00:00,2024-05-03,20:00:00,1.9219,Friday,20,5,Spring,0
10023456781,2024-05-03 21:00:00,2024-05-03,21:00:00,1.3830,Friday,21,5,Spring,0
10023456781,2024-05-03 22:00:00,2024-05-03,22:00:00,1.1215,Friday,22,5,Spring,0
10023456781,2024-05-03 23:00:00,2024-05-03,23:00:00,0.7190,Friday,23,5,Spring,0
10023456781,2024-05-04 00:00:00,2024-05-04,00:00:00,0.4745,Saturday,0,5,Spring,0
10023456781,2024-05-04 01:00:00,2024-05-04,01:00:00,0.3932,Saturday,1,5,Spring,0
10023456781,2024-05-04 02:00:00,2024-05-04,02:00:00,0.4777,Saturday,2,5,Spring,0
10023456781,2024-05-04 03:00:00,2024-05-04,03:00:00,0.3933,Saturday,3,5,Spring,0
10023456781,2024-05-04 04:00:00,2024-05-04,04:00:00,0.4600,Saturday,4,5,Spring,0
10023456781,2024-05-04 05:00:00,2024-05-04,05:00:00,0.6746,Saturday,5,5,Spring,0
10023456781,2024-05-04 06:00:00,2024-05-04,06:00:00,0.8327,Saturday,6,5,Spring,0
10023456781,2024-05-04 07:00:00,2024-05-04,07:00:00,1.1569,Saturday,7,5,Spring,0
10023456781,2024-05-04 08:00:00,2024-05-04,08:00:00,1.7148,Saturday,8,5,Spring,0
10023456781,2024-05-04 09:00:00,2024-05-04,09:00:00,1.9894,Saturday,9,5,Spring,0
10023456781,2024-05-04 10:00:00,2024-05-04,10:00:00,1.6356,Saturday,10,5,Spring,0
10023456781,2024-05-04 11:00:00,2024-05-04,11:00:00,1.5023,Saturday,11,5,Spring,0
10023456781,2024-05-04 12:00:00,2024-05-04,12:00:00,1.6658,Saturday,12,5,Spring,0
10023456781,2024-05-04 13:00:00,2024-05-04,13:00:00,1.4712,Saturday,13,5,Spring,0
10023456781,2024-05-04 14:00:00,2024-05-04,14:00:00,1.4279,Saturday,14,5,Spring,0
10023456781,2024-05-04 15:00:00,2024-05-04,15:00:00,1.4050,Saturday,15,5,Spring,0
10023456781,2024-05-04 16:00:00,2024-05-04,16:00:00,1.5129,Saturday,16,5,Spring,0
10023456781,2024-05-04 17:00:00,2024-05-04,17:00:00,2.2364,Saturday,17,5,Spring,0
10023456781,2024-05-04 18:00:00,2024-05-04,18:00:00,2.1011,Saturday,18,5,Spring,0
10023456781,2024-05-04 19:00:00,2024-05-04,19:00:00,2.8436,Saturday,19,5,Spring,0
10023456781,2024-05-04 20:00:00,2024-05-04,20:00:00,2.7027,Saturday,20,5,Spring,0
10023456781,2024-05-04 21:00:00,2024-05-04,21:00:00,1.7843,Saturday,21,5,Spring,0
10023456781,2024-05-04 22:00:00,2024-05-04,22:00:00,1.9802,Saturday,22,5,Spring,0
10023456781,2024-05-04 23:00:00,2024-05-04,23:00:00,1.0250,Saturday,23,5,Spring,0
10023456781,2024-05-05 00:00:00,2024-05-05,00:00:00,0.6343,Sunday,0,5,Spring,0
10023456781,2024-05-05 01:00:00,2024-05-05,01:00:00,0.4364,Sunday,1,5,Spring,0
10023456781,2024-05-05 02:00:00,2024-05-05,02:00:00,0.4566,Sunday,2,5,Spring,0
10023456781,2024-05-05 03:00:00,2024-05-05,03:00:00,0.5092,Sunday,3,5,Spring,0
10023456781,2024-05-05 04:00:00,2024-05-05,04:00:00,0.4680,Sunday,4,5,Spring,0
10023456781,2024-05-05 05:00:00,2024-05-05,05:00:00,0.5570,Sunday,5,5,Spring,0
10023456781,2024-05-05 06:00:00,2024-05-05,06:00:00,0.8752,Sunday,6,5,Spring,0
10023456781,2024-05-05 07:00:00,2024-05-05,07:00:00,1.2579,Sunday,7,5,Spring,0
10023456781,2024-05-05 08:00:00,2024-05-05,08:00:00,1.7585,Sunday,8,5,Spring,0
10023456781,2024-05-05 09:00:00,2024-05-05,09:00:00,2.1139,Sunday,9,5,Spring,0
10023456781,2024-05-05 10:00:00,2024-05-05,10:00:00,1.9436,Sunday,10,5,Spring,0
10023456781,2024-05-05 11:00:00,2024-05-05,11:00:00,1.8749,Sunday,11,5,Spring,0
10023456781,2024-05-05 12:00:00,2024-05-05,12:00:00,1.5584,Sunday,12,5,Spring,0
10023456781,2024-05-05 13:00:00,2024-05-05,13:00:00,1.5443,Sunday,13,5,Spring,0
10023456781,2024-05-05 14:00:00,2024-05-05,14:00:00,1.2933,Sunday,14,5,Spring,0
10023456781,2024-05-05 15:00:00,2024-05-05,15:00:00,1.6570,Sunday,15,5,Spring,0
10023456781,2024-05-05 16:00:00,2024-05-05,16:00:00,1.6873,Sunday,16,5,Spring,0
10023456781,2024-05-05 17:00:00,2024-05-05,17:00:00,1.9032,Sunday,17,5,Spring,0
10023456781,2024-05-05 18:00:00,2024-05-05,18:00:00,1.9921,Sunday,18,5,Spring,0
10023456781,2024-05-05 19:00:00,2024-05-05,19:00:00,2.8286,Sunday,19,5,Spring,0
10023456781,2024-05-05 20:00:00,2024-05-05,20:00:00,2.6083,Sunday,20,5,Spring,0
10023456781,2024-05-05 21:00:00,2024-05-05,21:00:00,2.3840,Sunday,21,5,Spring,0
10023456781,2024-05-05 22:00:00,2024-05-05,22:00:00,1.6990,Sunday,22,5,Spring,0
10023456781,2024-05-05 23:00:00,2024-05-05,23:00:00,1.2028,Sunday,23,5,Spring,0
10023456781,2024-05-06 00:00:00,2024-05-06,00:00:00,0.4445,Monday,0,5,Spring,0
10023456781,2024-05-06 01:00:00,2024-05-06,01:00:00,0.3562,Monday,1,5,Spring,0
10023456781,2024-05-06 02:00:00,2024-05-06,02:00:00,0.4056,Monday,2,5,Spring,0
10023456781,2024-05-06 03:00:00,2024-05-06,03:00:00,0.2880,Monday,3,5,Spring,0
10023456781,2024-05-06 04:00:00,2024-05-06,04:00:00,0.4613,Monday,4,5,Spring,0
10023456781,2024-05-06 05:00:00,2024-05-06,05:00:00,0.5627,Monday,5,5,Spring,0
10023456781,2024-05-06 06:00:00,2024-05-06,06:00:00,0.9455,Monday,6,5,Spring,0
10023456781,2024-05-06 07:00:00,2024-05-06,07:00:00,1.2183,Monday,7,5,Spring,0
10023456781,2024-05-06 08:00:00,2024-05-06,08:00:00,1.1103,Monday,8,5,Spring,0
10023456781,2024-05-06 09:00:00,2024-05-06,09:00:00,1.1231,Monday,9,5,Spring,0
10023456781,2024-05-06 10:00:00,2024-05-06,10:00:00,0.9834,Monday,10,5,Spring,0
10023456781,2024-05-06 11:00:00,2024-05-06,11:00:00,0.8524,Monday,11,5,Spring,0
10023456781,2024-05-06 12:00:00,2024-05-06,12:00:00,1.0172,Monday,12,5,Spring,0
10023456781,2024-05-06 13:00:00,2024-05-06,13:00:00,0.9361,Monday,13,5,Spring,0
10023456781,2024-05-06 14:00:00,2024-05-06,14:00:00,1.0806,Monday,14,5,Spring,0
10023456781,2024-05-06 15:00:00,2024-05-06,15:00:00,1.1007,Monday,15,5,Spring,0
10023456781,2024-05-06 16:00:00,2024-05-06,16:00:00,1.1014,Monday,16,5,Spring,0
10023456781,2024-05-06 17:00:00,2024-05-06,17:00:00,1.4527,Monday,17,5,Spring,0
10023456781,2024-05-06 18:00:00,2024-05-06,18:00:00,1.6375,Monday,18,5,Spring,0
10023456781,2024-05-06 19:00:00,2024-05-06,19:00:00,2.1079,Monday,19,5,Spring,0
10023456781,2024-05-06 20:00:00,2024-05-06,20:00:00,1.9803,Monday,20,5,Spring,0
10023456781,2024-05-06 21:00:00,2024-05-06,21:00:00,1.7096,Monday,21,5,Spring,0
10023456781,2024-05-06 22:00:00,2024-05-06,22:00:00,1.3516,Monday,22,5,Spring,0
10023456781,2024-05-06 23:00:00,2024-05-06,23:00:00,0.6511,Monday,23,5,Spring,0
10023456781,2024-05-07 00:00:00,2024-05-07,00:00:00,0.6198,Tuesday,0,5,Spring,0
10023456781,2024-05-07 01:00:00,2024-05-07,01:00:00,0.5838,Tuesday,1,5,Spring,0
10023456781,2024-05-07 02:00:00,2024-05-07,02:00:00,0.4329,Tuesday,2,5,Spring,0
10023456781,2024-05-07 03:00:00,2024-05-07,03:00:00,0.5418,Tuesday,3,5,Spring,0
10023456781,2024-05-07 04:00:00,2024-05-07,04:00:00,0.5332,Tuesday,4,5,Spring,0
10023456781,2024-05-07 05:00:00,2024-05-07,05:00:00,0.6910,Tuesday,5,5,Spring,0
10023456781,2024-05-07 06:00:00,2024-05-07,06:00:00,1.6292,Tuesday,6,5,Spring,0
10023456781,2024-05-07 07:00:00,2024-05-07,07:00:00,1.7172,Tuesday,7,5,Spring,0
10023456781,2024-05-07 08:00:00,2024-05-07,08:00:00,1.7406,Tuesday,8,5,Spring,0
10023456781,2024-05-07 09:00:00,2024-05-07,09:00:00,1.9716,Tuesday,9,5,Spring,0
10023456781,2024-05-07 10:00:00,2024-05-07,10:00:00,1.5070,Tuesday,10,5,Spring,0
10023456781,2024-05-07 11:00:00,2024-05-07,11:00:00,1.1523,Tuesday,11,5,Spring,0
10023456781,2024-05-07 12:00:00,2024-05-07,12:00:00,1.2071,Tuesday,12,5,Spring,0
10023456781,2024-05-07 13:00:00,2024-05-07,13:00:00,1.3167,Tuesday,13,5,Spring,0
10023456781,2024-05-07 14:00:00,2024-05-07,14:00:00,1.1635,Tuesday,14,5,Spring,0
10023456781,2024-05-07 15:00:00,2024-05-07,15:00:00,1.5007,Tuesday,15,5,Spring,0
10023456781,2024-05-07 16:00:00,2024-05-07,16:00:00,1.4945,Tuesday,16,5,Spring,0
10023456781,2024-05-07 17:00:00,2024-05-07,17:00:00,2.0486,Tuesday,17,5,Spring,0
10023456781,2024-05-07 18:00:00,2024-05-07,18:00:00,2.2681,Tuesday,18,5,Spring,0
10023456781,2024-05-07 19:00:00,2024-05-07,19:00:00,2.7262,Tuesday,19,5,Spring,0
10023456781,2024-05-07 20:00:00,2024-05-07,20:00:00,2.6385,Tuesday,20,5,Spring,0
10023456781,2024-05-07 21:00:00,2024-05-07,21:00:00,2.6034,Tuesday,21,5,Spring,0
10023456781,2024-05-07 22:00:00,2024-05-07,22:00:00,2.1078,Tuesday,22,5,Spring,0
10023456781,2024-05-07 23:00:00,2024-05-07,23:00:00,1.1126,Tuesday,23,5,Spring,0
10023456781,2024-05-08 00:00:00,2024-05-08,00:00:00,0.4668,Wednesday,0,5,Spring,0
10023456781,2024-05-08 01:00:00,2024-05-08,01:00:00,0.3836,Wednesday,1,5,Spring,0
10023456781,2024-05-08 02:00:00,2024-05-08,02:00:00,0.3104,Wednesday,2,5,Spring,0
10023456781,2024-05-08 03:00:00,2024-05-08,03:00:00,0.3282,Wednesday,3,5,Spring,0
10023456781,2024-05-08 04:00:00,2024-05-08,04:00:00,0.3848,Wednesday,4,5,Spring,0
10023456781,2024-05-08 05:00:00,2024-05-08,05:00:00,0.5960,Wednesday,5,5,Spring,0
10023456781,2024-05-08 06:00:00,2024-05-08,06:00:00,1.1857,Wednesday,6,5,Spring,0
10023456781,2024-05-08 07:00:00,2024-05-08,07:00:00,1.5730,Wednesday,7,5,Spring,0
10023456781,2024-05-08 08:00:00,2024-05-08,08:00:00,1.9250,Wednesday,8,5,Spring,0
10023456781,2024-05-08 09:00:00,2024-05-08,09:00:00,1.1439,Wednesday,9,5,Spring,0
10023456781,2024-05-08 10:00:00,2024-05-08,10:00:00,1.0143,Wednesday,10,5,Spring,0
10023456781,2024-05-08 11:00:00,2024-05-08,11:00:00,1.0773,Wednesday,11,5,Spring,0
10023456781,2024-05-08 12:00:00,2024-05-08,12:00:00,1.0299,Wednesday,12,5,Spring,0
10023456781,2024-05-08 13:00:00,2024-05-08,13:00:00,3.5870,Wednesday,13,5,Spring,1
10023456781,2024-05-08 14:00:00,2024-05-08,14:00:00,1.0881,Wednesday,14,5,Spring,0
10023456781,2024-05-08 15:00:00,2024-05-08,15:00:00,1.1257,Wednesday,15,5,Spring,0
10023456781,2024-05-08 16:00:00,2024-05-08,16:00:00,4.6253,Wednesday,16,5,Spring,1
10023456781,2024-05-08 17:00:00,2024-05-08,17:00:00,1.6034,Wednesday,17,5,Spring,0
10023456781,2024-05-08 18:00:00,2024-05-08,18:00:00,1.9723,Wednesday,18,5,Spring,0
10023456781,2024-05-08 19:00:00,2024-05-08,19:00:00,2.2305,Wednesday,19,5,Spring,0
10023456781,2024-05-08 20:00:00,2024-05-08,20:00:00,2.3626,Wednesday,20,5,Spring,0
10023456781,2024-05-08 21:00:00,2024-05-08,21:00:00,1.8727,Wednesday,21,5,Spring,0
10023456781,2024-05-08 22:00:00,2024-05-08,22:00:00,1.0990,Wednesday,22,5,Spring,0
10023456781,2024-05-08 23:00:00,2024-05-08,23:00:00,0.8666,Wednesday,23,5,Spring,0
10023456781,2024-05-09 00:00:00,2024-05-09,00:00:00,0.4513,Thursday,0,5,Spring,0
10023456781,2024-05-09 01:00:00,2024-05-09,01:00:00,0.4775,Thursday,1,5,Spring,0
10023456781,2024-05-09 02:00:00,2024-05-09,02:00:00,0.4619,Thursday,2,5,Spring,0
10023456781,2024-05-09 03:00:00,2024-05-09,03:00:00,0.4395,Thursday,3,5,Spring,0
10023456781,2024-05-09 04:00:00,2024-05-09,04:00:00,0.4879,Thursday,4,5,Spring,0
10023456781,2024-05-09 05:00:00,2024-05-09,05:00:00,1.7005,Thursday,5,5,Spring,1
10023456781,2024-05-09 06:00:00,2024-05-09,06:00:00,1.1159,Thursday,6,5,Spring,0
10023456781,2024-05-09 07:00:00,2024-05-09,07:00:00,1.7445,Thursday,7,5,Spring,0
10023456781,2024-05-09 08:00:00,2024-05-09,08:00:00,2.0757,Thursday,8,5,Spring,0
10023456781,2024-05-09 09:00:00,2024-05-09,09:00:00,1.4383,Thursday,9,5,Spring,0
10023456781,2024-05-09 10:00:00,2024-05-09,10:00:00,3.1355,Thursday,10,5,Spring,1
10023456781,2024-05-09 11:00:00,2024-05-09,11:00:00,3.0812,Thursday,11,5,Spring,1
10023456781,2024-05-09 12:00:00,2024-05-09,12:00:00,3.2095,Thursday,12,5,Spring,1
10023456781,2024-05-09 13:00:00,2024-05-09,13:00:00,3.6779,Thursday,13,5,Spring,1
10023456781,2024-05-09 14:00:00,2024-05-09,14:00:00,3.8571,Thursday,14,5,Spring,1
10023456781,2024-05-09 15:00:00,2024-05-09,15:00:00,1.2313,Thursday,15,5,Spring,0
10023456781,2024-05-09 16:00:00,2024-05-09,16:00:00,1.5073,Thursday,16,5,Spring,0
10023456781,2024-05-09 17:00:00,2024-05-09,17:00:00,1.9069,Thursday,17,5,Spring,0
10023456781,2024-05-09 18:00:00,2024-05-09,18:00:00,2.2517,Thursday,18,5,Spring,0
10023456781,2024-05-09 19:00:00,2024-05-09,19:00:00,2.5251,Thursday,19,5,Spring,0
10023456781,2024-05-09 20:00:00,2024-05-09,20:00:00,2.5702,Thursday,20,5,Spring,0
10023456781,2024-05-09 21:00:00,2024-05-09,21:00:00,2.0131,Thursday,21,5,Spring,0
10023456781,2024-05-09 22:00:00,2024-05-09,22:00:00,1.8611,Thursday,22,5,Spring,0
10023456781,2024-05-09 23:00:00,2024-05-09,23:00:00,0.9160,Thursday,23,5,Spring,0
10023456781,2024-05-10 00:00:00,2024-05-10,00:00:00,0.4032,Friday,0,5,Spring,0
10023456781,2024-05-10 01:00:00,2024-05-10,01:00:00,0.3943,Friday,1,5,Spring,0
10023456781,2024-05-10 02:00:00,2024-05-10,02:00:00,1.6108,Friday,2,5,Spring,1
10023456781,2024-05-10 03:00:00,2024-05-10,03:00:00,1.7748,Friday,3,5,Spring,1
10023456781,2024-05-10 04:00:00,2024-05-10,04:00:00,0.4210,Friday,4,5,Spring,0
10023456781,2024-05-10 05:00:00,2024-05-10,05:00:00,0.5394,Friday,5,5,Spring,0
10023456781,2024-05-10 06:00:00,2024-05-10,06:00:00,1.1367,Friday,6,5,Spring,0
10023456781,2024-05-10 07:00:00,2024-05-10,07:00:00,1.6632,Friday,7,5,Spring,0
10023456781,2024-05-10 08:00:00,2024-05-10,08:00:00,1.5372,Friday,8,5,Spring,0
10023456781,2024-05-10 09:00:00,2024-05-10,09:00:00,1.4989,Friday,9,5,Spring,0
10023456781,2024-05-10 10:00:00,2024-05-10,10:00:00,1.1405,Friday,10,5,Spring,0
10023456781,2024-05-10 11:00:00,2024-05-10,11:00:00,0.9740,Friday,11,5,Spring,0
10023456781,2024-05-10 12:00:00,2024-05-10,12:00:00,1.1455,Friday,12,5,Spring,0
10023456781,2024-05-10 13:00:00,2024-05-10,13:00:00,1.1260,Friday,13,5,Spring,0
10023456781,2024-05-10 14:00:00,2024-05-10,14:00:00,0.9237,Friday,14,5,Spring,0
10023456781,2024-05-10 15:00:00,2024-05-10,15:00:00,1.0619,Friday,15,5,Spring,0
10023456781,2024-05-10 16:00:00,2024-05-10,16:00:00,1.0982,Friday,16,5,Spring,0
10023456781,2024-05-10 17:00:00,2024-05-10,17:00:00,1.4236,Friday,17,5,Spring,0
10023456781,2024-05-10 18:00:00,2024-05-10,18:00:00,1.8440,Friday,18,5,Spring,0
10023456781,2024-05-10 19:00:00,2024-05-10,19:00:00,2.1336,Friday,19,5,Spring,0
10023456781,2024-05-10 20:00:00,2024-05-10,20:00:00,2.1100,Friday,20,5,Spring,0
10023456781,2024-05-10 21:00:00,2024-05-10,21:00:00,1.9335,Friday,21,5,Spring,0
10023456781,2024-05-10 22:00:00,2024-05-10,22:00:00,1.3784,Friday,22,5,Spring,0
10023456781,2024-05-10 23:00:00,2024-05-10,23:00:00,0.8073,Friday,23,5,Spring,0
10023456781,2024-05-11 00:00:00,2024-05-11,00:00:00,0.5183,Saturday,0,5,Spring,0
10023456781,2024-05-11 01:00:00,2024-05-11,01:00:00,0.4793,Saturday,1,5,Spring,0
10023456781,2024-05-11 02:00:00,2024-05-11,02:00:00,0.4540,Saturday,2,5,Spring,0
10023456781,2024-05-11 03:00:00,2024-05-11,03:00:00,0.5429,Saturday,3,5,Spring,0
10023456781,2024-05-11 04:00:00,2024-05-11,04:00:00,0.4449,Saturday,4,5,Spring,0
10023456781,2024-05-11 05:00:00,2024-05-11,05:00:00,0.5430,Saturday,5,5,Spring,0
10023456781,2024-05-11 06:00:00,2024-05-11,06:00:00,0.7853,Saturday,6,5,Spring,0
10023456781,2024-05-11 07:00:00,2024-05-11,07:00:00,0.8900,Saturday,7,5,Spring,0
10023456781,2024-05-11 08:00:00,2024-05-11,08:00:00,1.3613,Saturday,8,5,Spring,0
10023456781,2024-05-11 09:00:00,2024-05-11,09:00:00,2.0142,Saturday,9,5,Spring,0
10023456781,2024-05-11 10:00:00,2024-05-11,10:00:00,1.8072,Saturday,10,5,Spring,0
10023456781,2024-05-11 11:00:00,2024-05-11,11:00:00,1.3878,Saturday,11,5,Spring,0
10023456781,2024-05-11 12:00:00,2024-05-11,12:00:00,1.2965,Saturday,12,5,Spring,0
10023456781,2024-05-11 13:00:00,2024-05-11,13:00:00,1.5033,Saturday,13,5,Spring,0
10023456781,2024-05-11 14:00:00,2024-05-11,14:00:00,1.3710,Saturday,14,5,Spring,0
10023456781,2024-05-11 15:00:00,2024-05-11,15:00:00,1.0913,Saturday,15,5,Spring,0
10023456781,2024-05-11 16:00:00,2024-05-11,16:00:00,1.3378,Saturday,16,5,Spring,0
10023456781,2024-05-11 17:00:00,2024-05-11,17:00:00,1.7837,Saturday,17,5,Spring,0
10023456781,2024-05-11 18:00:00,2024-05-11,18:00:00,2.5084,Saturday,18,5,Spring,0
10023456781,2024-05-11 19:00:00,2024-05-11,19:00:00,2.3969,Saturday,19,5,Spring,0
10023456781,2024-05-11 20:00:00,2024-05-11,20:00:00,2.3595,Saturday,20,5,Spring,0
10023456781,2024-05-11 21:00:00,2024-05-11,21:00:00,2.3315,Saturday,21,5,Spring,0
10023456781,2024-05-11 22:00:00,2024-05-11,22:00:00,1.6517,Saturday,22,5,Spring,0
10023456781,2024-05-11 23:00:00,2024-05-11,23:00:00,1.1602,Saturday,23,5,Spring,0
10023456781,2024-05-12 00:00:00,2024-05-12,00:00:00,0.5312,Sunday,0,5,Spring,0
10023456781,2024-05-12 01:00:00,2024-05-12,01:00:00,0.5602,Sunday,1,5,Spring,0
10023456781,2024-05-12 02:00:00,2024-05-12,02:00:00,0.4238,Sunday,2,5,Spring,0
10023456781,2024-05-12 03:00:00,2024-05-12,03:00:00,0.4409,Sunday,3,5,Spring,0
10023456781,2024-05-12 04:00:00,2024-05-12,04:00:00,0.4943,Sunday,4,5,Spring,0
10023456781,2024-05-12 05:00:00,2024-05-12,05:00:00,0.5729,Sunday,5,5,Spring,0
10023456781,2024-05-12 06:00:00,2024-05-12,06:00:00,0.8979,Sunday,6,5,Spring,0
10023456781,2024-05-12 07:00:00,2024-05-12,07:00:00,1.2689,Sunday,7,5,Spring,0
10023456781,2024-05-12 08:00:00,2024-05-12,08:00:00,1.7245,Sunday,8,5,Spring,0
10023456781,2024-05-12 09:00:00,2024-05-12,09:00:00,1.8730,Sunday,9,5,Spring,0
10023456781,2024-05-12 10:00:00,2024-05-12,10:00:00,1.9674,Sunday,10,5,Spring,0
10023456781,2024-05-12 11:00:00,2024-05-12,11:00:00,1.5717,Sunday,11,5,Spring,0
10023456781,2024-05-12 12:00:00,2024-05-12,12:00:00,1.4999,Sunday,12,5,Spring,0
10023456781,2024-05-12 13:00:00,2024-05-12,13:00:00,1.2166,Sunday,13,5,Spring,0
10023456781,2024-05-12 14:00:00,2024-05-12,14:00:00,1.2710,Sunday,14,5,Spring,0
10023456781,2024-05-12 15:00:00,2024-05-12,15:00:00,1.2344,Sunday,15,5,Spring,0
10023456781,2024-05-12 16:00:00,2024-05-12,16:00:00,1.6286,Sunday,16,5,Spring,0
10023456781,2024-05-12 17:00:00,2024-05-12,17:00:00,1.8315,Sunday,17,5,Spring,0
10023456781,2024-05-12 18:00:00,2024-05-12,18:00:00,2.1353,Sunday,18,5,Spring,0
10023456781,2024-05-12 19:00:00,2024-05-12,19:00:00,2.7879,Sunday,19,5,Spring,0
10023456781,2024-05-12 20:00:00,2024-05-12,20:00:00,2.4098,Sunday,20,5,Spring,0
10023456781,2024-05-12 21:00:00,2024-05-12,21:00:00,2.0092,Sunday,21,5,Spring,0
10023456781,2024-05-12 22:00:00,2024-05-12,22:00:00,2.0544,Sunday,22,5,Spring,0
10023456781,2024-05-12 23:00:00,2024-05-12,23:00:00,1.1516,Sunday,23,5,Spring,0
10023456781,2024-05-13 00:00:00,2024-05-13,00:00:00,0.3599,Monday,0,5,Spring,0
10023456781,2024-05-13 01:00:00,2024-05-13,01:00:00,0.4300,Monday,1,5,Spring,0
10023456781,2024-05-13 02:00:00,2024-05-13,02:00:00,0.3757,Monday,2,5,Spring,0
10023456781,2024-05-13 03:00:00,2024-05-13,03:00:00,0.4773,Monday,3,5,Spring,0
10023456781,2024-05-13 04:00:00,2024-05-13,04:00:00,0.4831,Monday,4,5,Spring,0
10023456781,2024-05-13 05:00:00,2024-05-13,05:00:00,0.5475,Monday,5,5,Spring,0
10023456781,2024-05-13 06:00:00,2024-05-13,06:00:00,1.0869,Monday,6,5,Spring,0
10023456781,2024-05-13 07:00:00,2024-05-13,07:00:00,1.2173,Monday,7,5,Spring,0
10023456781,2024-05-13 08:00:00,2024-05-13,08:00:00,1.5937,Monday,8,5,Spring,0
10023456781,2024-05-13 09:00:00,2024-05-13,09:00:00,1.2185,Monday,9,5,Spring,0
10023456781,2024-05-13 10:00:00,2024-05-13,10:00:00,1.0295,Monday,10,5,Spring,0
10023456781,2024-05-13 11:00:00,2024-05-13,11:00:00,0.9817,Monday,11,5,Spring,0
10023456781,2024-05-13 12:00:00,2024-05-13,12:00:00,1.0895,Monday,12,5,Spring,0
10023456781,2024-05-13 13:00:00,2024-05-13,13:00:00,0.9677,Monday,13,5,Spring,0
10023456781,2024-05-13 14:00:00,2024-05-13,14:00:00,1.1653,Monday,14,5,Spring,0
10023456781,2024-05-13 15:00:00,2024-05-13,15:00:00,0.8988,Monday,15,5,Spring,0
10023456781,2024-05-13 16:00:00,2024-05-13,16:00:00,1.0833,Monday,16,5,Spring,0
10023456781,2024-05-13 17:00:00,2024-05-13,17:00:00,1.5480,Monday,17,5,Spring,0
10023456781,2024-05-13 18:00:00,2024-05-13,18:00:00,1.9937,Monday,18,5,Spring,0
10023456781,2024-05-13 19:00:00,2024-05-13,19:00:00,1.8873,Monday,19,5,Spring,0
10023456781,2024-05-13 20:00:00,2024-05-13,20:00:00,2.4673,Monday,20,5,Spring,0
10023456781,2024-05-13 21:00:00,2024-05-13,21:00:00,1.8807,Monday,21,5,Spring,0
10023456781,2024-05-13 22:00:00,2024-05-13,22:00:00,1.2678,Monday,22,5,Spring,0
10023456781,2024-05-13 23:00:00,2024-05-13,23:00:00,0.7665,Monday,23,5,Spring,0
10023456781,2024-05-14 00:00:00,2024-05-14,00:00:00,0.4734,Tuesday,0,5,Spring,0
10023456781,2024-05-14 01:00:00,2024-05-14,01:00:00,0.4526,Tuesday,1,5,Spring,0
10023456781,2024-05-14 02:00:00,2024-05-14,02:00:00,0.3093,Tuesday,2,5,Spring,0
10023456781,2024-05-14 03:00:00,2024-05-14,03:00:00,0.4239,Tuesday,3,5,Spring,0
10023456781,2024-05-14 04:00:00,2024-05-14,04:00:00,0.4913,Tuesday,4,5,Spring,0
10023456781,2024-05-14 05:00:00,2024-05-14,05:00:00,0.6003,Tuesday,5,5,Spring,0
10023456781,2024-05-14 06:00:00,2024-05-14,06:00:00,1.1004,Tuesday,6,5,Spring,0
10023456781,2024-05-14 07:00:00,2024-05-14,07:00:00,1.5190,Tuesday,7,5,Spring,0
10023456781,2024-05-14 08:00:00,2024-05-14,08:00:00,1.7048,Tuesday,8,5,Spring,0
10023456781,2024-05-14 09:00:00,2024-05-14,09:00:00,1.6417,Tuesday,9,5,Spring,0
10023456781,2024-05-14 10:00:00,2024-05-14,10:00:00,1.0215,Tuesday,10,5,Spring,0
10023456781,2024-05-14 11:00:00,2024-05-14,11:00:00,0.9730,Tuesday,11,5,Spring,0
10023456781,2024-05-14 12:00:00,2024-05-14,12:00:00,1.0270,Tuesday,12,5,Spring,0
10023456781,2024-05-14 13:00:00,2024-05-14,13:00:00,1.2193,Tuesday,13,5,Spring,0
10023456781,2024-05-14 14:00:00,2024-05-14,14:00:00,1.2980,Tuesday,14,5,Spring,0
10023456781,2024-05-14 15:00:00,2024-05-14,15:00:00,1.1893,Tuesday,15,5,Spring,0
10023456781,2024-05-14 16:00:00,2024-05-14,16:00:00,1.3671,Tuesday,16,5,Spring,0
10023456781,2024-05-14 17:00:00,2024-05-14,17:00:00,1.5843,Tuesday,17,5,Spring,0
10023456781,2024-05-14 18:00:00,2024-05-14,18:00:00,1.9855,Tuesday,18,5,Spring,0
10023456781,2024-05-14 19:00:00,2024-05-14,19:00:00,2.5930,Tuesday,19,5,Spring,0
10023456781,2024-05-14 20:00:00,2024-05-14,20:00:00,2.5323,Tuesday,20,5,Spring,0
10023456781,2024-05-14 21:00:00,2024-05-14,21:00:00,2.0883,Tuesday,21,5,Spring,0
10023456781,2024-05-14 22:00:00,2024-05-14,22:00:00,1.4618,Tuesday,22,5,Spring,0
10023456781,2024-05-14 23:00:00,2024-05-14,23:00:00,0.9050,Tuesday,23,5,Spring,0
10023456781,2024-05-15 00:00:00,2024-05-15,00:00:00,0.4689,Wednesday,0,5,Spring,0
10023456781,2024-05-15 01:00:00,2024-05-15,01:00:00,0.4224,Wednesday,1,5,Spring,0
10023456781,2024-05-15 02:00:00,2024-05-15,02:00:00,0.3348,Wednesday,2,5,Spring,0
10023456781,2024-05-15 03:00:00,2024-05-15,03:00:00,0.4038,Wednesday,3,5,Spring,0
10023456781,2024-05-15 04:00:00,2024-05-15,04:00:00,0.5024,Wednesday,4,5,Spring,0
10023456781,2024-05-15 05:00:00,2024-05-15,05:00:00,0.5298,Wednesday,5,5,Spring,0
10023456781,2024-05-15 06:00:00,2024-05-15,06:00:00,0.9399,Wednesday,6,5,Spring,0
10023456781,2024-05-15 07:00:00,2024-05-15,07:00:00,1.6530,Wednesday,7,5,Spring,0
10023456781,2024-05-15 08:00:00,2024-05-15,08:00:00,1.5816,Wednesday,8,5,Spring,0
10023456781,2024-05-15 09:00:00,2024-05-15,09:00:00,1.6185,Wednesday,9,5,Spring,0
10023456781,2024-05-15 10:00:00,2024-05-15,10:00:00,0.9713,Wednesday,10,5,Spring,0
10023456781,2024-05-15 11:00:00,2024-05-15,11:00:00,0.9998,Wednesday,11,5,Spring,0
10023456781,2024-05-15 12:00:00,2024-05-15,12:00:00,0.9638,Wednesday,12,5,Spring,0
10023456781,2024-05-15 13:00:00,2024-05-15,13:00:00,1.2516,Wednesday,13,5,Spring,0
10023456781,2024-05-15 14:00:00,2024-05-15,14:00:00,1.0890,Wednesday,14,5,Spring,0
10023456781,2024-05-15 15:00:00,2024-05-15,15:00:00,0.8049,Wednesday,15,5,Spring,0
10023456781,2024-05-15 16:00:00,2024-05-15,16:00:00,1.3016,Wednesday,16,5,Spring,0
10023456781,2024-05-15 17:00:00,2024-05-15,17:00:00,1.5419,Wednesday,17,5,Spring,0
10023456781,2024-05-15 18:00:00,2024-05-15,18:00:00,1.7916,Wednesday,18,5,Spring,0
10023456781,2024-05-15 19:00:00,2024-05-15,19:00:00,2.3309,Wednesday,19,5,Spring,0
10023456781,2024-05-15 20:00:00,2024-05-15,20:00:00,1.8540,Wednesday,20,5,Spring,0
10023456781,2024-05-15 21:00:00,2024-05-15,21:00:00,2.1535,Wednesday,21,5,Spring,0
10023456781,2024-05-15 22:00:00,2024-05-15,22:00:00,1.2371,Wednesday,22,5,Spring,0
10023456781,2024-05-15 23:00:00,2024-05-15,23:00:00,0.8361,Wednesday,23,5,Spring,0
10023456781,2024-05-16 00:00:00,2024-05-16,00:00:00,0.4715,Thursday,0,5,Spring,0
10023456781,2024-05-16 01:00:00,2024-05-16,01:00:00,0.3821,Thursday,1,5,Spring,0
10023456781,2024-05-16 02:00:00,2024-05-16,02:00:00,0.3937,Thursday,2,5,Spring,0
10023456781,2024-05-16 03:00:00,2024-05-16,03:00:00,0.3200,Thursday,3,5,Spring,0
10023456781,2024-05-16 04:00:00,2024-05-16,04:00:00,0.4268,Thursday,4,5,Spring,0
10023456781,2024-05-16 05:00:00,2024-05-16,05:00:00,0.6091,Thursday,5,5,Spring,0
10023456781,2024-05-16 06:00:00,2024-05-16,06:00:00,0.8231,Thursday,6,5,Spring,0
10023456781,2024-05-16 07:00:00,2024-05-16,07:00:00,1.1614,Thursday,7,5,Spring,0
10023456781,2024-05-16 08:00:00,2024-05-16,08:00:00,1.4311,Thursday,8,5,Spring,0
10023456781,2024-05-16 09:00:00,2024-05-16,09:00:00,1.0830,Thursday,9,5,Spring,0
10023456781,2024-05-16 10:00:00,2024-05-16,10:00:00,3.8918,Thursday,10,5,Spring,1
10023456781,2024-05-16 11:00:00,2024-05-16,11:00:00,0.9468,Thursday,11,5,Spring,0
10023456781,2024-05-16 12:00:00,2024-05-16,12:00:00,0.8990,Thursday,12,5,Spring,0
10023456781,2024-05-16 13:00:00,2024-05-16,13:00:00,1.0032,Thursday,13,5,Spring,0
10023456781,2024-05-16 14:00:00,2024-05-16,14:00:00,1.0164,Thursday,14,5,Spring,0
10023456781,2024-05-16 15:00:00,2024-05-16,15:00:00,1.0866,Thursday,15,5,Spring,0
10023456781,2024-05-16 16:00:00,2024-05-16,16:00:00,1.1836,Thursday,16,5,Spring,0
10023456781,2024-05-16 17:00:00,2024-05-16,17:00:00,1.6369,Thursday,17,5,Spring,0
10023456781,2024-05-16 18:00:00,2024-05-16,18:00:00,1.9354,Thursday,18,5,Spring,0
10023456781,2024-05-16 19:00:00,2024-05-16,19:00:00,2.5200,Thursday,19,5,Spring,0
10023456781,2024-05-16 20:00:00,2024-05-16,20:00:00,1.8971,Thursday,20,5,Spring,0
10023456781,2024-05-16 21:00:00,2024-05-16,21:00:00,1.5338,Thursday,21,5,Spring,0
10023456781,2024-05-16 22:00:00,2024-05-16,22:00:00,1.2126,Thursday,22,5,Spring,0
10023456781,2024-05-16 23:00:00,2024-05-16,23:00:00,0.7004,Thursday,23,5,Spring,0
10023456781,2024-05-17 00:00:00,2024-05-17,00:00:00,0.5431,Friday,0,5,Spring,0
10023456781,2024-05-17 01:00:00,2024-05-17,01:00:00,0.4126,Friday,1,5,Spring,0
10023456781,2024-05-17 02:00:00,2024-05-17,02:00:00,0.5354,Friday,2,5,Spring,0
10023456781,2024-05-17 03:00:00,2024-05-17,03:00:00,0.5721,Friday,3,5,Spring,0
10023456781,2024-05-17 04:00:00,2024-05-17,04:00:00,0.4915,Friday,4,5,Spring,0
10023456781,2024-05-17 05:00:00,2024-05-17,05:00:00,0.7824,Friday,5,5,Spring,0
10023456781,2024-05-17 06:00:00,2024-05-17,06:00:00,1.3702,Friday,6,5,Spring,0
10023456781,2024-05-17 07:00:00,2024-05-17,07:00:00,1.8787,Friday,7,5,Spring,0
10023456781,2024-05-17 08:00:00,2024-05-17,08:00:00,2.9565,Friday,8,5,Spring,0
10023456781,2024-05-17 09:00:00,2024-05-17,09:00:00,2.0080,Friday,9,5,Spring,0
10023456781,2024-05-17 10:00:00,2024-05-17,10:00:00,1.4778,Friday,10,5,Spring,0
10023456781,2024-05-17 11:00:00,2024-05-17,11:00:00,1.2595,Friday,11,5,Spring,0
10023456781,2024-05-17 12:00:00,2024-05-17,12:00:00,1.2040,Friday,12,5,Spring,0
10023456781,2024-05-17 13:00:00,2024-05-17,13:00:00,1.3338,Friday,13,5,Spring,0
10023456781,2024-05-17 14:00:00,2024-05-17,14:00:00,5.2668,Friday,14,5,Spring,1
10023456781,2024-05-17 15:00:00,2024-05-17,15:00:00,3.5666,Friday,15,5,Spring,1
10023456781,2024-05-17 16:00:00,2024-05-17,16:00:00,1.7306,Friday,16,5,Spring,0
10023456781,2024-05-17 17:00:00,2024-05-17,17:00:00,2.2813,Friday,17,5,Spring,0
10023456781,2024-05-17 18:00:00,2024-05-17,18:00:00,2.6692,Friday,18,5,Spring,0
10023456781,2024-05-17 19:00:00,2024-05-17,19:00:00,2.9692,Friday,19,5,Spring,0
10023456781,2024-05-17 20:00:00,2024-05-17,20:00:00,2.3196,Friday,20,5,Spring,0
10023456781,2024-05-17 21:00:00,2024-05-17,21:00:00,2.8392,Friday,21,5,Spring,0
10023456781,2024-05-17 22:00:00,2024-05-17,22:00:00,2.1800,Friday,22,5,Spring,0
10023456781,2024-05-17 23:00:00,2024-05-17,23:00:00,0.8559,Friday,23,5,Spring,0
10023456781,2024-05-18 00:00:00,2024-05-18,00:00:00,0.5608,Saturday,0,5,Spring,0
10023456781,2024-05-18 01:00:00,2024-05-18,01:00:00,0.4359,Saturday,1,5,Spring,0
10023456781,2024-05-18 02:00:00,2024-05-18,02:00:00,0.4820,Saturday,2,5,Spring,0
10023456781,2024-05-18 03:00:00,2024-05-18,03:00:00,0.4255,Saturday,3,5,Spring,0
10023456781,2024-05-18 04:00:00,2024-05-18,04:00:00,0.4383,Saturday,4,5,Spring,0
10023456781,2024-05-18 05:00:00,2024-05-18,05:00:00,0.5196,Saturday,5,5,Spring,0
10023456781,2024-05-18 06:00:00,2024-05-18,06:00:00,0.7329,Saturday,6,5,Spring,0
10023456781,2024-05-18 07:00:00,2024-05-18,07:00:00,1.0332,Saturday,7,5,Spring,0
10023456781,2024-05-18 08:00:00,2024-05-18,08:00:00,1.5701,Saturday,8,5,Spring,0
10023456781,2024-05-18 09:00:00,2024-05-18,09:00:00,1.8034,Saturday,9,5,Spring,0
10023456781,2024-05-18 10:00:00,2024-05-18,10:00:00,1.4883,Saturday,10,5,Spring,0
10023456781,2024-05-18 11:00:00,2024-05-18,11:00:00,1.4800,Saturday,11,5,Spring,0
10023456781,2024-05-18 12:00:00,2024-05-18,12:00:00,1.4293,Saturday,12,5,Spring,0
10023456781,2024-05-18 13:00:00,2024-05-18,13:00:00,1.3256,Saturday,13,5,Spring,0
10023456781,2024-05-18 14:00:00,2024-05-18,14:00:00,1.3821,Saturday,14,5,Spring,0
10023456781,2024-05-18 15:00:00,2024-05-18,15:00:00,1.4158,Saturday,15,5,Spring,0
10023456781,2024-05-18 16:00:00,2024-05-18,16:00:00,1.5812,Saturday,16,5,Spring,0
10023456781,2024-05-18 17:00:00,2024-05-18,17:00:00,1.9364,Saturday,17,5,Spring,0
10023456781,2024-05-18 18:00:00,2024-05-18,18:00:00,2.2402,Saturday,18,5,Spring,0
10023456781,2024-05-18 19:00:00,2024-05-18,19:00:00,2.4022,Saturday,19,5,Spring,0
10023456781,2024-05-18 20:00:00,2024-05-18,20:00:00,2.4688,Saturday,20,5,Spring,0
10023456781,2024-05-18 21:00:00,2024-05-18,21:00:00,1.9372,Saturday,21,5,Spring,0
10023456781,2024-05-18 22:00:00,2024-05-18,22:00:00,1.8970,Saturday,22,5,Spring,0
10023456781,2024-05-18 23:00:00,2024-05-18,23:00:00,0.9826,Saturday,23,5,Spring,0
10023456781,2024-05-19 00:00:00,2024-05-19,00:00:00,0.6170,Sunday,0,5,Spring,0
10023456781,2024-05-19 01:00:00,2024-05-19,01:00:00,0.6244,Sunday,1,5,Spring,0
10023456781,2024-05-19 02:00:00,2024-05-19,02:00:00,1.4643,Sunday,2,5,Spring,1
10023456781,2024-05-19 03:00:00,2024-05-19,03:00:00,1.7518,Sunday,3,5,Spring,1
10023456781,2024-05-19 04:00:00,2024-05-19,04:00:00,0.4846,Sunday,4,5,Spring,0
10023456781,2024-05-19 05:00:00,2024-05-19,05:00:00,0.6161,Sunday,5,5,Spring,0
10023456781,2024-05-19 06:00:00,2024-05-19,06:00:00,0.7808,Sunday,6,5,Spring,0
10023456781,2024-05-19 07:00:00,2024-05-19,07:00:00,1.3148,Sunday,7,5,Spring,0
10023456781,2024-05-19 08:00:00,2024-05-19,08:00:00,2.0262,Sunday,8,5,Spring,0
10023456781,2024-05-19 09:00:00,2024-05-19,09:00:00,2.5365,Sunday,9,5,Spring,0
10023456781,2024-05-19 10:00:00,2024-05-19,10:00:00,2.2268,Sunday,10,5,Spring,0
10023456781,2024-05-19 11:00:00,2024-05-19,11:00:00,1.9886,Sunday,11,5,Spring,0
10023456781,2024-05-19 12:00:00,2024-05-19,12:00:00,1.8035,Sunday,12,5,Spring,0
10023456781,2024-05-19 13:00:00,2024-05-19,13:00:00,1.7189,Sunday,13,5,Spring,0
10023456781,2024-05-19 14:00:00,2024-05-19,14:00:00,1.5156,Sunday,14,5,Spring,0
10023456781,2024-05-19 15:00:00,2024-05-19,15:00:00,1.8480,Sunday,15,5,Spring,0
10023456781,2024-05-19 16:00:00,2024-05-19,16:00:00,2.1086,Sunday,16,5,Spring,0
10023456781,2024-05-19 17:00:00,2024-05-19,17:00:00,2.1436,Sunday,17,5,Spring,0
10023456781,2024-05-19 18:00:00,2024-05-19,18:00:00,2.6442,Sunday,18,5,Spring,0
10023456781,2024-05-19 19:00:00,2024-05-19,19:00:00,2.8770,Sunday,19,5,Spring,0
10023456781,2024-05-19 20:00:00,2024-05-19,20:00:00,2.5202,Sunday,20,5,Spring,0
10023456781,2024-05-19 21:00:00,2024-05-19,21:00:00,2.6553,Sunday,21,5,Spring,0
10023456781,2024-05-19 22:00:00,2024-05-19,22:00:00,1.9020,Sunday,22,5,Spring,0
10023456781,2024-05-19 23:00:00,2024-05-19,23:00:00,1.1164,Sunday,23,5,Spring,0
10023456781,2024-05-20 00:00:00,2024-05-20,00:00:00,0.4115,Monday,0,5,Spring,0
10023456781,2024-05-20 01:00:00,2024-05-20,01:00:00,0.4152,Monday,1,5,Spring,0
10023456781,2024-05-20 02:00:00,2024-05-20,02:00:00,0.4428,Monday,2,5,Spring,0
10023456781,2024-05-20 03:00:00,2024-05-20,03:00:00,0.3204,Monday,3,5,Spring,0
10023456781,2024-05-20 04:00:00,2024-05-20,04:00:00,0.3510,Monday,4,5,Spring,0
10023456781,2024-05-20 05:00:00,2024-05-20,05:00:00,0.4741,Monday,5,5,Spring,0
10023456781,2024-05-20 06:00:00,2024-05-20,06:00:00,1.0252,Monday,6,5,Spring,0
10023456781,2024-05-20 07:00:00,2024-05-20,07:00:00,1.5163,Monday,7,5,Spring,0
10023456781,2024-05-20 08:00:00,2024-05-20,08:00:00,1.5207,Monday,8,5,Spring,0
10023456781,2024-05-20 09:00:00,2024-05-20,09:00:00,1.2550,Monday,9,5,Spring,0
10023456781,2024-05-20 10:00:00,2024-05-20,10:00:00,0.9508,Monday,10,5,Spring,0
10023456781,2024-05-20 11:00:00,2024-05-20,11:00:00,0.8555,Monday,11,5,Spring,0
10023456781,2024-05-20 12:00:00,2024-05-20,12:00:00,0.9008,Monday,12,5,Spring,0
10023456781,2024-05-20 13:00:00,2024-05-20,13:00:00,0.9252,Monday,13,5,Spring,0
10023456781,2024-05-20 14:00:00,2024-05-20,14:00:00,0.9384,Monday,14,5,Spring,0
10023456781,2024-05-20 15:00:00,2024-05-20,15:00:00,1.0013,Monday,15,5,Spring,0
10023456781,2024-05-20 16:00:00,2024-05-20,16:00:00,1.2545,Monday,16,5,Spring,0
10023456781,2024-05-20 17:00:00,2024-05-20,17:00:00,1.5574,Monday,17,5,Spring,0
10023456781,2024-05-20 18:00:00,2024-05-20,18:00:00,1.8346,Monday,18,5,Spring,0
10023456781,2024-05-20 19:00:00,2024-05-20,19:00:00,1.9544,Monday,19,5,Spring,0
10023456781,2024-05-20 20:00:00,2024-05-20,20:00:00,2.0846,Monday,20,5,Spring,0
10023456781,2024-05-20 21:00:00,2024-05-20,21:00:00,1.7863,Monday,21,5,Spring,0
10023456781,2024-05-20 22:00:00,2024-05-20,22:00:00,1.3716,Monday,22,5,Spring,0
10023456781,2024-05-20 23:00:00,2024-05-20,23:00:00,0.9719,Monday,23,5,Spring,0
10023456781,2024-05-21 00:00:00,2024-05-21,00:00:00,0.3487,Tuesday,0,5,Spring,0
10023456781,2024-05-21 01:00:00,2024-05-21,01:00:00,0.4292,Tuesday,1,5,Spring,0
10023456781,2024-05-21 02:00:00,2024-05-21,02:00:00,0.3015,Tuesday,2,5,Spring,0
10023456781,2024-05-21 03:00:00,2024-05-21,03:00:00,0.3510,Tuesday,3,5,Spring,0
10023456781,2024-05-21 04:00:00,2024-05-21,04:00:00,0.3155,Tuesday,4,5,Spring,0
10023456781,2024-05-21 05:00:00,2024-05-21,05:00:00,0.4819,Tuesday,5,5,Spring,0
10023456781,2024-05-21 06:00:00,2024-05-21,06:00:00,0.8504,Tuesday,6,5,Spring,0
10023456781,2024-05-21 07:00:00,2024-05-21,07:00:00,1.1910,Tuesday,7,5,Spring,0
10023456781,2024-05-21 08:00:00,2024-05-21,08:00:00,1.3727,Tuesday,8,5,Spring,0
10023456781,2024-05-21 09:00:00,2024-05-21,09:00:00,1.1350,Tuesday,9,5,Spring,0
10023456781,2024-05-21 10:00:00,2024-05-21,10:00:00,0.8745,Tuesday,10,5,Spring,0
10023456781,2024-05-21 11:00:00,2024-05-21,11:00:00,4.3964,Tuesday,11,5,Spring,1
10023456781,2024-05-21 12:00:00,2024-05-21,12:00:00,0.8878,Tuesday,12,5,Spring,0
10023456781,2024-05-21 13:00:00,2024-05-21,13:00:00,0.8251,Tuesday,13,5,Spring,0
10023456781,2024-05-21 14:00:00,2024-05-21,14:00:00,0.7572,Tuesday,14,5,Spring,0
10023456781,2024-05-21 15:00:00,2024-05-21,15:00:00,0.9963,Tuesday,15,5,Spring,0
10023456781,2024-05-21 16:00:00,2024-05-21,16:00:00,1.1196,Tuesday,16,5,Spring,0
10023456781,2024-05-21 17:00:00,2024-05-21,17:00:00,1.4107,Tuesday,17,5,Spring,0
10023456781,2024-05-21 18:00:00,2024-05-21,18:00:00,1.5379,Tuesday,18,5,Spring,0
10023456781,2024-05-21 19:00:00,2024-05-21,19:00:00,1.9730,Tuesday,19,5,Spring,0
10023456781,2024-05-21 20:00:00,2024-05-21,20:00:00,1.6821,Tuesday,20,5,Spring,0
10023456781,2024-05-21 21:00:00,2024-05-21,21:00:00,1.7192,Tuesday,21,5,Spring,0
10023456781,2024-05-21 22:00:00,2024-05-21,22:00:00,1.2667,Tuesday,22,5,Spring,0
10023456781,2024-05-21 23:00:00,2024-05-21,23:00:00,0.5862,Tuesday,23,5,Spring,0
10023456781,2024-05-22 00:00:00,2024-05-22,00:00:00,0.4904,Wednesday,0,5,Spring,0
10023456781,2024-05-22 01:00:00,2024-05-22,01:00:00,0.4331,Wednesday,1,5,Spring,0
10023456781,2024-05-22 02:00:00,2024-05-22,02:00:00,0.4629,Wednesday,2,5,Spring,0
10023456781,2024-05-22 03:00:00,2024-05-22,03:00:00,0.3923,Wednesday,3,5,Spring,0
10023456781,2024-05-22 04:00:00,2024-05-22,04:00:00,0.3756,Wednesday,4,5,Spring,0
10023456781,2024-05-22 05:00:00,2024-05-22,05:00:00,0.5730,Wednesday,5,5,Spring,0
10023456781,2024-05-22 06:00:00,2024-05-22,06:00:00,1.1511,Wednesday,6,5,Spring,0
10023456781,2024-05-22 07:00:00,2024-05-22,07:00:00,1.5411,Wednesday,7,5,Spring,0
10023456781,2024-05-22 08:00:00,2024-05-22,08:00:00,2.0183,Wednesday,8,5,Spring,0
10023456781,2024-05-22 09:00:00,2024-05-22,09:00:00,1.7270,Wednesday,9,5,Spring,0
10023456781,2024-05-22 10:00:00,2024-05-22,10:00:00,1.1827,Wednesday,10,5,Spring,0
10023456781,2024-05-22 11:00:00,2024-05-22,11:00:00,1.0134,Wednesday,11,5,Spring,0
10023456781,2024-05-22 12:00:00,2024-05-22,12:00:00,3.1814,Wednesday,12,5,Spring,1
10023456781,2024-05-22 13:00:00,2024-05-22,13:00:00,1.2301,Wednesday,13,5,Spring,0
10023456781,2024-05-22 14:00:00,2024-05-22,14:00:00,1.1444,Wednesday,14,5,Spring,0
10023456781,2024-05-22 15:00:00,2024-05-22,15:00:00,1.0601,Wednesday,15,5,Spring,0
10023456781,2024-05-22 16:00:00,2024-05-22,16:00:00,1.3862,Wednesday,16,5,Spring,0
10023456781,2024-05-22 17:00:00,2024-05-22,17:00:00,1.8487,Wednesday,17,5,Spring,0
10023456781,2024-05-22 18:00:00,2024-05-22,18:00:00,1.9920,Wednesday,18,5,Spring,0
10023456781,2024-05-22 19:00:00,2024-05-22,19:00:00,2.7519,Wednesday,19,5,Spring,0
10023456781,2024-05-22 20:00:00,2024-05-22,20:00:00,2.1488,Wednesday,20,5,Spring,0
10023456781,2024-05-22 21:00:00,2024-05-22,21:00:00,1.8887,Wednesday,21,5,Spring,0
10023456781,2024-05-22 22:00:00,2024-05-22,22:00:00,1.3243,Wednesday,22,5,Spring,0
10023456781,2024-05-22 23:00:00,2024-05-22,23:00:00,0.7282,Wednesday,23,5,Spring,0
10023456781,2024-05-23 00:00:00,2024-05-23,00:00:00,0.3986,Thursday,0,5,Spring,0
10023456781,2024-05-23 01:00:00,2024-05-23,01:00:00,0.3656,Thursday,1,5,Spring,0
10023456781,2024-05-23 02:00:00,2024-05-23,02:00:00,0.2963,Thursday,2,5,Spring,0
10023456781,2024-05-23 03:00:00,2024-05-23,03:00:00,0.2790,Thursday,3,5,Spring,0
10023456781,2024-05-23 04:00:00,2024-05-23,04:00:00,0.3740,Thursday,4,5,Spring,0
10023456781,2024-05-23 05:00:00,2024-05-23,05:00:00,0.5910,Thursday,5,5,Spring,0
10023456781,2024-05-23 06:00:00,2024-05-23,06:00:00,0.8334,Thursday,6,5,Spring,0
10023456781,2024-05-23 07:00:00,2024-05-23,07:00:00,1.1732,Thursday,7,5,Spring,0
10023456781,2024-05-23 08:00:00,2024-05-23,08:00:00,1.5270,Thursday,8,5,Spring,0
10023456781,2024-05-23 09:00:00,2024-05-23,09:00:00,1.0760,Thursday,9,5,Spring,0
10023456781,2024-05-23 10:00:00,2024-05-23,10:00:00,0.9998,Thursday,10,5,Spring,0
10023456781,2024-05-23 11:00:00,2024-05-23,11:00:00,0.8935,Thursday,11,5,Spring,0
10023456781,2024-05-23 12:00:00,2024-05-23,12:00:00,0.8379,Thursday,12,5,Spring,0
10023456781,2024-05-23 13:00:00,2024-05-23,13:00:00,1.0342,Thursday,13,5,Spring,0
10023456781,2024-05-23 14:00:00,2024-05-23,14:00:00,0.8122,Thursday,14,5,Spring,0
10023456781,2024-05-23 15:00:00,2024-05-23,15:00:00,1.0079,Thursday,15,5,Spring,0
10023456781,2024-05-23 16:00:00,2024-05-23,16:00:00,1.3013,Thursday,16,5,Spring,0
10023456781,2024-05-23 17:00:00,2024-05-23,17:00:00,1.5855,Thursday,17,5,Spring,0
10023456781,2024-05-23 18:00:00,2024-05-23,18:00:00,2.0795,Thursday,18,5,Spring,0
10023456781,2024-05-23 19:00:00,2024-05-23,19:00:00,1.9119,Thursday,19,5,Spring,0
10023456781,2024-05-23 20:00:00,2024-05-23,20:00:00,2.2537,Thursday,20,5,Spring,0
10023456781,2024-05-23 21:00:00,2024-05-23,21:00:00,2.1910,Thursday,21,5,Spring,0
10023456781,2024-05-23 22:00:00,2024-05-23,22:00:00,1.2247,Thursday,22,5,Spring,0
10023456781,2024-05-23 23:00:00,2024-05-23,23:00:00,0.7320,Thursday,23,5,Spring,0
10023456781,2024-05-24 00:00:00,2024-05-24,00:00:00,0.4194,Friday,0,5,Spring,0
10023456781,2024-05-24 01:00:00,2024-05-24,01:00:00,0.4482,Friday,1,5,Spring,0
10023456781,2024-05-24 02:00:00,2024-05-24,02:00:00,0.3822,Friday,2,5,Spring,0
10023456781,2024-05-24 03:00:00,2024-05-24,03:00:00,0.4579,Friday,3,5,Spring,0
10023456781,2024-05-24 04:00:00,2024-05-24,04:00:00,0.3812,Friday,4,5,Spring,0
10023456781,2024-05-24 05:00:00,2024-05-24,05:00:00,0.6844,Friday,5,5,Spring,0
10023456781,2024-05-24 06:00:00,2024-05-24,06:00:00,0.8219,Friday,6,5,Spring,0
10023456781,2024-05-24 07:00:00,2024-05-24,07:00:00,1.5113,Friday,7,5,Spring,0
10023456781,2024-05-24 08:00:00,2024-05-24,08:00:00,1.4148,Friday,8,5,Spring,0
10023456781,2024-05-24 09:00:00,2024-05-24,09:00:00,1.5686,Friday,9,5,Spring,0
10023456781,2024-05-24 10:00:00,2024-05-24,10:00:00,0.9044,Friday,10,5,Spring,0
10023456781,2024-05-24 11:00:00,2024-05-24,11:00:00,0.6650,Friday,11,5,Spring,0
10023456781,2024-05-24 12:00:00,2024-05-24,12:00:00,0.9711,Friday,12,5,Spring,0
10023456781,2024-05-24 13:00:00,2024-05-24,13:00:00,0.9116,Friday,13,5,Spring,0
10023456781,2024-05-24 14:00:00,2024-05-24,14:00:00,1.3087,Friday,14,5,Spring,0
10023456781,2024-05-24 15:00:00,2024-05-24,15:00:00,1.1596,Friday,15,5,Spring,0
10023456781,2024-05-24 16:00:00,2024-05-24,16:00:00,1.2895,Friday,16,5,Spring,0
10023456781,2024-05-24 17:00:00,2024-05-24,17:00:00,1.5183,Friday,17,5,Spring,0
10023456781,2024-05-24 18:00:00,2024-05-24,18:00:00,2.1322,Friday,18,5,Spring,0
10023456781,2024-05-24 19:00:00,2024-05-24,19:00:00,2.0614,Friday,19,5,Spring,0
10023456781,2024-05-24 20:00:00,2024-05-24,20:00:00,2.1451,Friday,20,5,Spring,0
10023456781,2024-05-24 21:00:00,2024-05-24,21:00:00,1.8685,Friday,21,5,Spring,0
10023456781,2024-05-24 22:00:00,2024-05-24,22:00:00,1.4910,Friday,22,5,Spring,0
10023456781,2024-05-24 23:00:00,2024-05-24,23:00:00,0.7708,Friday,23,5,Spring,0
10023456781,2024-05-25 00:00:00,2024-05-25,00:00:00,0.5505,Saturday,0,5,Spring,0
10023456781,2024-05-25 01:00:00,2024-05-25,01:00:00,0.4796,Saturday,1,5,Spring,0
10023456781,2024-05-25 02:00:00,2024-05-25,02:00:00,0.4837,Saturday,2,5,Spring,0
10023456781,2024-05-25 03:00:00,2024-05-25,03:00:00,0.3815,Saturday,3,5,Spring,0
10023456781,2024-05-25 04:00:00,2024-05-25,04:00:00,0.4469,Saturday,4,5,Spring,0
10023456781,2024-05-25 05:00:00,2024-05-25,05:00:00,0.5057,Saturday,5,5,Spring,0
10023456781,2024-05-25 06:00:00,2024-05-25,06:00:00,0.6222,Saturday,6,5,Spring,0
10023456781,2024-05-25 07:00:00,2024-05-25,07:00:00,1.2447,Saturday,7,5,Spring,0
10023456781,2024-05-25 08:00:00,2024-05-25,08:00:00,1.6730,Saturday,8,5,Spring,0
10023456781,2024-05-25 09:00:00,2024-05-25,09:00:00,1.7464,Saturday,9,5,Spring,0
10023456781,2024-05-25 10:00:00,2024-05-25,10:00:00,1.7259,Saturday,10,5,Spring,0
10023456781,2024-05-25 11:00:00,2024-05-25,11:00:00,1.4581,Saturday,11,5,Spring,0
10023456781,2024-05-25 12:00:00,2024-05-25,12:00:00,1.3875,Saturday,12,5,Spring,0
10023456781,2024-05-25 13:00:00,2024-05-25,13:00:00,1.4146,Saturday,13,5,Spring,0
10023456781,2024-05-25 14:00:00,2024-05-25,14:00:00,1.2676,Saturday,14,5,Spring,0
10023456781,2024-05-25 15:00:00,2024-05-25,15:00:00,1.2263,Saturday,15,5,Spring,0
10023456781,2024-05-25 16:00:00,2024-05-25,16:00:00,0.1518,Saturday,16,5,Spring,1
10023456781,2024-05-25 17:00:00,2024-05-25,17:00:00,1.9272,Saturday,17,5,Spring,0
10023456781,2024-05-25 18:00:00,2024-05-25,18:00:00,2.6022,Saturday,18,5,Spring,0
10023456781,2024-05-25 19:00:00,2024-05-25,19:00:00,2.4966,Saturday,19,5,Spring,0
10023456781,2024-05-25 20:00:00,2024-05-25,20:00:00,2.4907,Saturday,20,5,Spring,0
10023456781,2024-05-25 21:00:00,2024-05-25,21:00:00,1.8287,Saturday,21,5,Spring,0
10023456781,2024-05-25 22:00:00,2024-05-25,22:00:00,1.7044,Saturday,22,5,Spring,0
10023456781,2024-05-25 23:00:00,2024-05-25,23:00:00,0.9225,Saturday,23,5,Spring,0
10023456781,2024-05-26 00:00:00,2024-05-26,00:00:00,0.4806,Sunday,0,5,Spring,0
10023456781,2024-05-26 01:00:00,2024-05-26,01:00:00,0.3883,Sunday,1,5,Spring,0
10023456781,2024-05-26 02:00:00,2024-05-26,02:00:00,0.3698,Sunday,2,5,Spring,0
10023456781,2024-05-26 03:00:00,2024-05-26,03:00:00,0.3572,Sunday,3,5,Spring,0
10023456781,2024-05-26 04:00:00,2024-05-26,04:00:00,0.4064,Sunday,4,5,Spring,0
10023456781,2024-05-26 05:00:00,2024-05-26,05:00:00,0.3541,Sunday,5,5,Spring,0
10023456781,2024-05-26 06:00:00,2024-05-26,06:00:00,0.7167,Sunday,6,5,Spring,0
10023456781,2024-05-26 07:00:00,2024-05-26,07:00:00,0.9304,Sunday,7,5,Spring,0
10023456781,2024-05-26 08:00:00,2024-05-26,08:00:00,1.3840,Sunday,8,5,Spring,0
10023456781,2024-05-26 09:00:00,2024-05-26,09:00:00,1.7710,Sunday,9,5,Spring,0
10023456781,2024-05-26 10:00:00,2024-05-26,10:00:00,1.2428,Sunday,10,5,Spring,0
10023456781,2024-05-26 11:00:00,2024-05-26,11:00:00,1.3822,Sunday,11,5,Spring,0
10023456781,2024-05-26 12:00:00,2024-05-26,12:00:00,1.1344,Sunday,12,5,Spring,0
10023456781,2024-05-26 13:00:00,2024-05-26,13:00:00,1.1257,Sunday,13,5,Spring,0
10023456781,2024-05-26 14:00:00,2024-05-26,14:00:00,1.1223,Sunday,14,5,Spring,0
10023456781,2024-05-26 15:00:00,2024-05-26,15:00:00,1.3013,Sunday,15,5,Spring,0
10023456781,2024-05-26 16:00:00,2024-05-26,16:00:00,1.0315,Sunday,16,5,Spring,0
10023456781,2024-05-26 17:00:00,2024-05-26,17:00:00,1.3980,Sunday,17,5,Spring,0
10023456781,2024-05-26 18:00:00,2024-05-26,18:00:00,1.7722,Sunday,18,5,Spring,0
10023456781,2024-05-26 19:00:00,2024-05-26,19:00:00,1.8342,Sunday,19,5,Spring,0
10023456781,2024-05-26 20:00:00,2024-05-26,20:00:00,1.9181,Sunday,20,5,Spring,0
10023456781,2024-05-26 21:00:00,2024-05-26,21:00:00,1.5304,Sunday,21,5,Spring,0
10023456781,2024-05-26 22:00:00,2024-05-26,22:00:00,1.3037,Sunday,22,5,Spring,0
10023456781,2024-05-26 23:00:00,2024-05-26,23:00:00,0.7758,Sunday,23,5,Spring,0
10023456781,2024-05-27 00:00:00,2024-05-27,00:00:00,0.6071,Monday,0,5,Spring,0
10023456781,2024-05-27 01:00:00,2024-05-27,01:00:00,0.5798,Monday,1,5,Spring,0
10023456781,2024-05-27 02:00:00,2024-05-27,02:00:00,0.5876,Monday,2,5,Spring,0
10023456781,2024-05-27 03:00:00,2024-05-27,03:00:00,0.5730,Monday,3,5,Spring,0
10023456781,2024-05-27 04:00:00,2024-05-27,04:00:00,0.7490,Monday,4,5,Spring,0
10023456781,2024-05-27 05:00:00,2024-05-27,05:00:00,0.9738,Monday,5,5,Spring,0
10023456781,2024-05-27 06:00:00,2024-05-27,06:00:00,1.6009,Monday,6,5,Spring,0
10023456781,2024-05-27 07:00:00,2024-05-27,07:00:00,2.2669,Monday,7,5,Spring,0
10023456781,2024-05-27 08:00:00,2024-05-27,08:00:00,3.1214,Monday,8,5,Spring,0
10023456781,2024-05-27 09:00:00,2024-05-27,09:00:00,2.3014,Monday,9,5,Spring,0
10023456781,2024-05-27 10:00:00,2024-05-27,10:00:00,1.8938,Monday,10,5,Spring,0
10023456781,2024-05-27 11:00:00,2024-05-27,11:00:00,1.5631,Monday,11,5,Spring,0
10023456781,2024-05-27 12:00:00,2024-05-27,12:00:00,1.4141,Monday,12,5,Spring,0
10023456781,2024-05-27 13:00:00,2024-05-27,13:00:00,2.0185,Monday,13,5,Spring,0
10023456781,2024-05-27 14:00:00,2024-05-27,14:00:00,1.5356,Monday,14,5,Spring,0
10023456781,2024-05-27 15:00:00,2024-05-27,15:00:00,1.6157,Monday,15,5,Spring,0
10023456781,2024-05-27 16:00:00,2024-05-27,16:00:00,1.9760,Monday,16,5,Spring,0
10023456781,2024-05-27 17:00:00,2024-05-27,17:00:00,2.4110,Monday,17,5,Spring,0
10023456781,2024-05-27 18:00:00,2024-05-27,18:00:00,3.0424,Monday,18,5,Spring,0
10023456781,2024-05-27 19:00:00,2024-05-27,19:00:00,3.6482,Monday,19,5,Spring,0
10023456781,2024-05-27 20:00:00,2024-05-27,20:00:00,3.7912,Monday,20,5,Spring,0
10023456781,2024-05-27 21:00:00,2024-05-27,21:00:00,3.0701,Monday,21,5,Spring,0
10023456781,2024-05-27 22:00:00,2024-05-27,22:00:00,2.5924,Monday,22,5,Spring,0
10023456781,2024-05-27 23:00:00,2024-05-27,23:00:00,1.2413,Monday,23,5,Spring,0
10023456781,2024-05-28 00:00:00,2024-05-28,00:00:00,0.4668,Tuesday,0,5,Spring,0
10023456781,2024-05-28 01:00:00,2024-05-28,01:00:00,0.4468,Tuesday,1,5,Spring,0
10023456781,2024-05-28 02:00:00,2024-05-28,02:00:00,0.3975,Tuesday,2,5,Spring,0
10023456781,2024-05-28 03:00:00,2024-05-28,03:00:00,0.3976,Tuesday,3,5,Spring,0
10023456781,2024-05-28 04:00:00,2024-05-28,04:00:00,0.5516,Tuesday,4,5,Spring,0
10023456781,2024-05-28 05:00:00,2024-05-28,05:00:00,0.6258,Tuesday,5,5,Spring,0
10023456781,2024-05-28 06:00:00,2024-05-28,06:00:00,1.2573,Tuesday,6,5,Spring,0
10023456781,2024-05-28 07:00:00,2024-05-28,07:00:00,1.7628,Tuesday,7,5,Spring,0
10023456781,2024-05-28 08:00:00,2024-05-28,08:00:00,1.8540,Tuesday,8,5,Spring,0
10023456781,2024-05-28 09:00:00,2024-05-28,09:00:00,1.4356,Tuesday,9,5,Spring,0
10023456781,2024-05-28 10:00:00,2024-05-28,10:00:00,0.9151,Tuesday,10,5,Spring,0
10023456781,2024-05-28 11:00:00,2024-05-28,11:00:00,1.0234,Tuesday,11,5,Spring,0
10023456781,2024-05-28 12:00:00,2024-05-28,12:00:00,1.1056,Tuesday,12,5,Spring,0
10023456781,2024-05-28 13:00:00,2024-05-28,13:00:00,1.1045,Tuesday,13,5,Spring,0
10023456781,2024-05-28 14:00:00,2024-05-28,14:00:00,1.3818,Tuesday,14,5,Spring,0
10023456781,2024-05-28 15:00:00,2024-05-28,15:00:00,1.2609,Tuesday,15,5,Spring,0
10023456781,2024-05-28 16:00:00,2024-05-28,16:00:00,1.3155,Tuesday,16,5,Spring,0
10023456781,2024-05-28 17:00:00,2024-05-28,17:00:00,1.6306,Tuesday,17,5,Spring,0
10023456781,2024-05-28 18:00:00,2024-05-28,18:00:00,2.3152,Tuesday,18,5,Spring,0
10023456781,2024-05-28 19:00:00,2024-05-28,19:00:00,2.5076,Tuesday,19,5,Spring,0
10023456781,2024-05-28 20:00:00,2024-05-28,20:00:00,2.3874,Tuesday,20,5,Spring,0
10023456781,2024-05-28 21:00:00,2024-05-28,21:00:00,2.2362,Tuesday,21,5,Spring,0
10023456781,2024-05-28 22:00:00,2024-05-28,22:00:00,1.4411,Tuesday,22,5,Spring,0
10023456781,2024-05-28 23:00:00,2024-05-28,23:00:00,0.7837,Tuesday,23,5,Spring,0
10023456781,2024-05-29 00:00:00,2024-05-29,00:00:00,0.4537,Wednesday,0,5,Spring,0
10023456781,2024-05-29 01:00:00,2024-05-29,01:00:00,0.3746,Wednesday,1,5,Spring,0
10023456781,2024-05-29 02:00:00,2024-05-29,02:00:00,0.3901,Wednesday,2,5,Spring,0
10023456781,2024-05-29 03:00:00,2024-05-29,03:00:00,0.3935,Wednesday,3,5,Spring,0
10023456781,2024-05-29 04:00:00,2024-05-29,04:00:00,0.3432,Wednesday,4,5,Spring,0
10023456781,2024-05-29 05:00:00,2024-05-29,05:00:00,0.5262,Wednesday,5,5,Spring,0
10023456781,2024-05-29 06:00:00,2024-05-29,06:00:00,0.9558,Wednesday,6,5,Spring,0
10023456781,2024-05-29 07:00:00,2024-05-29,07:00:00,1.3686,Wednesday,7,5,Spring,0
10023456781,2024-05-29 08:00:00,2024-05-29,08:00:00,1.2452,Wednesday,8,5,Spring,0
10023456781,2024-05-29 09:00:00,2024-05-29,09:00:00,1.4512,Wednesday,9,5,Spring,0
10023456781,2024-05-29 10:00:00,2024-05-29,10:00:00,1.0265,Wednesday,10,5,Spring,0
10023456781,2024-05-29 11:00:00,2024-05-29,11:00:00,0.9520,Wednesday,11,5,Spring,0
10023456781,2024-05-29 12:00:00,2024-05-29,12:00:00,1.0160,Wednesday,12,5,Spring,0
10023456781,2024-05-29 13:00:00,2024-05-29,13:00:00,0.9571,Wednesday,13,5,Spring,0
10023456781,2024-05-29 14:00:00,2024-05-29,14:00:00,1.0528,Wednesday,14,5,Spring,0
10023456781,2024-05-29 15:00:00,2024-05-29,15:00:00,1.0807,Wednesday,15,5,Spring,0
10023456781,2024-05-29 16:00:00,2024-05-29,16:00:00,1.2543,Wednesday,16,5,Spring,0
10023456781,2024-05-29 17:00:00,2024-05-29,17:00:00,1.5669,Wednesday,17,5,Spring,0
10023456781,2024-05-29 18:00:00,2024-05-29,18:00:00,2.6844,Wednesday,18,5,Spring,0
10023456781,2024-05-29 19:00:00,2024-05-29,19:00:00,2.2334,Wednesday,19,5,Spring,0
10023456781,2024-05-29 20:00:00,2024-05-29,20:00:00,2.3979,Wednesday,20,5,Spring,0
10023456781,2024-05-29 21:00:00,2024-05-29,21:00:00,4.4451,Wednesday,21,5,Spring,1
10023456781,2024-05-29 22:00:00,2024-05-29,22:00:00,1.5193,Wednesday,22,5,Spring,0
10023456781,2024-05-29 23:00:00,2024-05-29,23:00:00,0.8098,Wednesday,23,5,Spring,0
10023456781,2024-05-30 00:00:00,2024-05-30,00:00:00,0.4928,Thursday,0,5,Spring,0
10023456781,2024-05-30 01:00:00,2024-05-30,01:00:00,0.3983,Thursday,1,5,Spring,0
10023456781,2024-05-30 02:00:00,2024-05-30,02:00:00,0.3555,Thursday,2,5,Spring,0
10023456781,2024-05-30 03:00:00,2024-05-30,03:00:00,0.2502,Thursday,3,5,Spring,0
10023456781,2024-05-30 04:00:00,2024-05-30,04:00:00,0.4294,Thursday,4,5,Spring,0
10023456781,2024-05-30 05:00:00,2024-05-30,05:00:00,0.6244,Thursday,5,5,Spring,0
10023456781,2024-05-30 06:00:00,2024-05-30,06:00:00,1.0230,Thursday,6,5,Spring,0
10023456781,2024-05-30 07:00:00,2024-05-30,07:00:00,1.3446,Thursday,7,5,Spring,0
10023456781,2024-05-30 08:00:00,2024-05-30,08:00:00,1.4637,Thursday,8,5,Spring,0
10023456781,2024-05-30 09:00:00,2024-05-30,09:00:00,1.3190,Thursday,9,5,Spring,0
10023456781,2024-05-30 10:00:00,2024-05-30,10:00:00,1.0139,Thursday,10,5,Spring,0
10023456781,2024-05-30 11:00:00,2024-05-30,11:00:00,0.8823,Thursday,11,5,Spring,0
10023456781,2024-05-30 12:00:00,2024-05-30,12:00:00,1.0778,Thursday,12,5,Spring,0
10023456781,2024-05-30 13:00:00,2024-05-30,13:00:00,1.3134,Thursday,13,5,Spring,0
10023456781,2024-05-30 14:00:00,2024-05-30,14:00:00,0.9422,Thursday,14,5,Spring,0
10023456781,2024-05-30 15:00:00,2024-05-30,15:00:00,3.4988,Thursday,15,5,Spring,1
10023456781,2024-05-30 16:00:00,2024-05-30,16:00:00,4.4850,Thursday,16,5,Spring,1
10023456781,2024-05-30 17:00:00,2024-05-30,17:00:00,1.4746,Thursday,17,5,Spring,0
10023456781,2024-05-30 18:00:00,2024-05-30,18:00:00,2.3719,Thursday,18,5,Spring,0
10023456781,2024-05-30 19:00:00,2024-05-30,19:00:00,1.7836,Thursday,19,5,Spring,0
10023456781,2024-05-30 20:00:00,2024-05-30,20:00:00,2.0223,Thursday,20,5,Spring,0
10023456781,2024-05-30 21:00:00,2024-05-30,21:00:00,1.9738,Thursday,21,5,Spring,0
10023456781,2024-05-30 22:00:00,2024-05-30,22:00:00,1.2955,Thursday,22,5,Spring,0
10023456781,2024-05-30 23:00:00,2024-05-30,23:00:00,0.6465,Thursday,23,5,Spring,0
10023456781,2024-05-31 00:00:00,2024-05-31,00:00:00,0.5743,Friday,0,5,Spring,0
10023456781,2024-05-31 01:00:00,2024-05-31,01:00:00,0.5271,Friday,1,5,Spring,0
10023456781,2024-05-31 02:00:00,2024-05-31,02:00:00,0.5094,Friday,2,5,Spring,0
10023456781,2024-05-31 03:00:00,2024-05-31,03:00:00,0.3801,Friday,3,5,Spring,0
10023456781,2024-05-31 04:00:00,2024-05-31,04:00:00,0.4080,Friday,4,5,Spring,0
10023456781,2024-05-31 05:00:00,2024-05-31,05:00:00,0.7031,Friday,5,5,Spring,0
10023456781,2024-05-31 06:00:00,2024-05-31,06:00:00,1.1846,Friday,6,5,Spring,0
10023456781,2024-05-31 07:00:00,2024-05-31,07:00:00,1.2851,Friday,7,5,Spring,0
10023456781,2024-05-31 08:00:00,2024-05-31,08:00:00,1.6459,Friday,8,5,Spring,0
10023456781,2024-05-31 09:00:00,2024-05-31,09:00:00,1.4219,Friday,9,5,Spring,0
10023456781,2024-05-31 10:00:00,2024-05-31,10:00:00,1.1435,Friday,10,5,Spring,0
10023456781,2024-05-31 11:00:00,2024-05-31,11:00:00,1.1154,Friday,11,5,Spring,0
10023456781,2024-05-31 12:00:00,2024-05-31,12:00:00,1.0085,Friday,12,5,Spring,0
10023456781,2024-05-31 13:00:00,2024-05-31,13:00:00,1.2302,Friday,13,5,Spring,0
10023456781,2024-05-31 14:00:00,2024-05-31,14:00:00,1.1801,Friday,14,5,Spring,0
10023456781,2024-05-31 15:00:00,2024-05-31,15:00:00,1.2140,Friday,15,5,Spring,0
10023456781,2024-05-31 16:00:00,2024-05-31,16:00:00,2.7619,Friday,16,5,Spring,1
10023456781,2024-05-31 17:00:00,2024-05-31,17:00:00,4.0932,Friday,17,5,Spring,1
10023456781,2024-05-31 18:00:00,2024-05-31,18:00:00,5.6511,Friday,18,5,Spring,1
10023456781,2024-05-31 19:00:00,2024-05-31,19:00:00,4.7018,Friday,19,5,Spring,1
10023456781,2024-05-31 20:00:00,2024-05-31,20:00:00,4.5666,Friday,20,5,Spring,1
10023456781,2024-05-31 21:00:00,2024-05-31,21:00:00,5.2772,Friday,21,5,Spring,1
10023456781,2024-05-31 22:00:00,2024-05-31,22:00:00,1.6094,Friday,22,5,Spring,0
10023456781,2024-05-31 23:00:00,2024-05-31,23:00:00,0.9346,Friday,23,5,Spring,0
10023456781,2024-06-01 00:00:00,2024-06-01,00:00:00,0.4889,Saturday,0,6,Summer,0
10023456781,2024-06-01 01:00:00,2024-06-01,01:00:00,0.3323,Saturday,1,6,Summer,0
10023456781,2024-06-01 02:00:00,2024-06-01,02:00:00,0.4446,Saturday,2,6,Summer,0
10023456781,2024-06-01 03:00:00,2024-06-01,03:00:00,0.3515,Saturday,3,6,Summer,0
10023456781,2024-06-01 04:00:00,2024-06-01,04:00:00,0.3598,Saturday,4,6,Summer,0
10023456781,2024-06-01 05:00:00,2024-06-01,05:00:00,0.4487,Saturday,5,6,Summer,0
10023456781,2024-06-01 06:00:00,2024-06-01,06:00:00,0.7299,Saturday,6,6,Summer,0
10023456781,2024-06-01 07:00:00,2024-06-01,07:00:00,1.0578,Saturday,7,6,Summer,0
10023456781,2024-06-01 08:00:00,2024-06-01,08:00:00,1.4318,Saturday,8,6,Summer,0
10023456781,2024-06-01 09:00:00,2024-06-01,09:00:00,1.6695,Saturday,9,6,Summer,0
10023456781,2024-06-01 10:00:00,2024-06-01,10:00:00,1.6025,Saturday,10,6,Summer,0
10023456781,2024-06-01 11:00:00,2024-06-01,11:00:00,1.1139,Saturday,11,6,Summer,0
10023456781,2024-06-01 12:00:00,2024-06-01,12:00:00,1.1277,Saturday,12,6,Summer,0
10023456781,2024-06-01 13:00:00,2024-06-01,13:00:00,1.1198,Saturday,13,6,Summer,0
10023456781,2024-06-01 14:00:00,2024-06-01,14:00:00,1.1992,Saturday,14,6,Summer,0
10023456781,2024-06-01 15:00:00,2024-06-01,15:00:00,1.2336,Saturday,15,6,Summer,0
10023456781,2024-06-01 16:00:00,2024-06-01,16:00:00,1.6129,Saturday,16,6,Summer,0
10023456781,2024-06-01 17:00:00,2024-06-01,17:00:00,1.6717,Saturday,17,6,Summer,0
10023456781,2024-06-01 18:00:00,2024-06-01,18:00:00,1.7843,Saturday,18,6,Summer,0
10023456781,2024-06-01 19:00:00,2024-06-01,19:00:00,2.1710,Saturday,19,6,Summer,0
10023456781,2024-06-01 20:00:00,2024-06-01,20:00:00,1.5371,Saturday,20,6,Summer,0
10023456781,2024-06-01 21:00:00,2024-06-01,21:00:00,1.7321,Saturday,21,6,Summer,0
10023456781,2024-06-01 22:00:00,2024-06-01,22:00:00,1.2607,Saturday,22,6,Summer,0
10023456781,2024-06-01 23:00:00,2024-06-01,23:00:00,1.0906,Saturday,23,6,Summer,0
10023456781,2024-06-02 00:00:00,2024-06-02,00:00:00,0.5494,Sunday,0,6,Summer,0
10023456781,2024-06-02 01:00:00,2024-06-02,01:00:00,0.3780,Sunday,1,6,Summer,0
10023456781,2024-06-02 02:00:00,2024-06-02,02:00:00,0.3301,Sunday,2,6,Summer,0
10023456781,2024-06-02 03:00:00,2024-06-02,03:00:00,0.3701,Sunday,3,6,Summer,0
10023456781,2024-06-02 04:00:00,2024-06-02,04:00:00,0.3467,Sunday,4,6,Summer,0
10023456781,2024-06-02 05:00:00,2024-06-02,05:00:00,0.4439,Sunday,5,6,Summer,0
10023456781,2024-06-02 06:00:00,2024-06-02,06:00:00,0.6243,Sunday,6,6,Summer,0
10023456781,2024-06-02 07:00:00,2024-06-02,07:00:00,0.8883,Sunday,7,6,Summer,0
10023456781,2024-06-02 08:00:00,2024-06-02,08:00:00,1.2648,Sunday,8,6,Summer,0
10023456781,2024-06-02 09:00:00,2024-06-02,09:00:00,1.6211,Sunday,9,6,Summer,0
10023456781,2024-06-02 10:00:00,2024-06-02,10:00:00,1.5212,Sunday,10,6,Summer,0
10023456781,2024-06-02 11:00:00,2024-06-02,11:00:00,1.2237,Sunday,11,6,Summer,0
10023456781,2024-06-02 12:00:00,2024-06-02,12:00:00,1.2376,Sunday,12,6,Summer,0
10023456781,2024-06-02 13:00:00,2024-06-02,13:00:00,1.0958,Sunday,13,6,Summer,0
10023456781,2024-06-02 14:00:00,2024-06-02,14:00:00,1.0570,Sunday,14,6,Summer,0
10023456781,2024-06-02 15:00:00,2024-06-02,15:00:00,1.0017,Sunday,15,6,Summer,0
10023456781,2024-06-02 16:00:00,2024-06-02,16:00:00,1.2898,Sunday,16,6,Summer,0
10023456781,2024-06-02 17:00:00,2024-06-02,17:00:00,1.5738,Sunday,17,6,Summer,0
10023456781,2024-06-02 18:00:00,2024-06-02,18:00:00,2.0917,Sunday,18,6,Summer,0
10023456781,2024-06-02 19:00:00,2024-06-02,19:00:00,2.2094,Sunday,19,6,Summer,0
10023456781,2024-06-02 20:00:00,2024-06-02,20:00:00,1.7789,Sunday,20,6,Summer,0
10023456781,2024-06-02 21:00:00,2024-06-02,21:00:00,1.6221,Sunday,21,6,Summer,0
10023456781,2024-06-02 22:00:00,2024-06-02,22:00:00,1.3896,Sunday,22,6,Summer,0
10023456781,2024-06-02 23:00:00,2024-06-02,23:00:00,0.7930,Sunday,23,6,Summer,0
10023456781,2024-06-03 00:00:00,2024-06-03,00:00:00,0.3894,Monday,0,6,Summer,0
10023456781,2024-06-03 01:00:00,2024-06-03,01:00:00,0.3209,Monday,1,6,Summer,0
10023456781,2024-06-03 02:00:00,2024-06-03,02:00:00,0.3074,Monday,2,6,Summer,0
10023456781,2024-06-03 03:00:00,2024-06-03,03:00:00,0.3607,Monday,3,6,Summer,0
10023456781,2024-06-03 04:00:00,2024-06-03,04:00:00,0.3409,Monday,4,6,Summer,0
10023456781,2024-06-03 05:00:00,2024-06-03,05:00:00,0.4807,Monday,5,6,Summer,0
10023456781,2024-06-03 06:00:00,2024-06-03,06:00:00,0.9152,Monday,6,6,Summer,0
10023456781,2024-06-03 07:00:00,2024-06-03,07:00:00,1.2430,Monday,7,6,Summer,0
10023456781,2024-06-03 08:00:00,2024-06-03,08:00:00,1.4566,Monday,8,6,Summer,0
10023456781,2024-06-03 09:00:00,2024-06-03,09:00:00,1.1208,Monday,9,6,Summer,0
10023456781,2024-06-03 10:00:00,2024-06-03,10:00:00,4.4570,Monday,10,6,Summer,1
10023456781,2024-06-03 11:00:00,2024-06-03,11:00:00,0.7633,Monday,11,6,Summer,0
10023456781,2024-06-03 12:00:00,2024-06-03,12:00:00,0.9957,Monday,12,6,Summer,0
10023456781,2024-06-03 13:00:00,2024-06-03,13:00:00,0.8166,Monday,13,6,Summer,0
10023456781,2024-06-03 14:00:00,2024-06-03,14:00:00,0.9495,Monday,14,6,Summer,0
10023456781,2024-06-03 15:00:00,2024-06-03,15:00:00,0.8398,Monday,15,6,Summer,0
10023456781,2024-06-03 16:00:00,2024-06-03,16:00:00,1.0580,Monday,16,6,Summer,0
10023456781,2024-06-03 17:00:00,2024-06-03,17:00:00,1.2194,Monday,17,6,Summer,0
10023456781,2024-06-03 18:00:00,2024-06-03,18:00:00,1.9485,Monday,18,6,Summer,0
10023456781,2024-06-03 19:00:00,2024-06-03,19:00:00,1.9159,Monday,19,6,Summer,0
10023456781,2024-06-03 20:00:00,2024-06-03,20:00:00,1.8373,Monday,20,6,Summer,0
10023456781,2024-06-03 21:00:00,2024-06-03,21:00:00,1.6170,Monday,21,6,Summer,0
10023456781,2024-06-03 22:00:00,2024-06-03,22:00:00,1.0167,Monday,22,6,Summer,0
10023456781,2024-06-03 23:00:00,2024-06-03,23:00:00,0.6262,Monday,23,6,Summer,0
10023456781,2024-06-04 00:00:00,2024-06-04,00:00:00,0.3069,Tuesday,0,6,Summer,0
10023456781,2024-06-04 01:00:00,2024-06-04,01:00:00,0.2891,Tuesday,1,6,Summer,0
10023456781,2024-06-04 02:00:00,2024-06-04,02:00:00,0.2770,Tuesday,2,6,Summer,0
10023456781,2024-06-04 03:00:00,2024-06-04,03:00:00,0.2490,Tuesday,3,6,Summer,0
10023456781,2024-06-04 04:00:00,2024-06-04,04:00:00,0.3827,Tuesday,4,6,Summer,0
10023456781,2024-06-04 05:00:00,2024-06-04,05:00:00,0.4595,Tuesday,5,6,Summer,0
10023456781,2024-06-04 06:00:00,2024-06-04,06:00:00,0.8855,Tuesday,6,6,Summer,0
10023456781,2024-06-04 07:00:00,2024-06-04,07:00:00,1.3079,Tuesday,7,6,Summer,0
10023456781,2024-06-04 08:00:00,2024-06-04,08:00:00,1.2046,Tuesday,8,6,Summer,0
10023456781,2024-06-04 09:00:00,2024-06-04,09:00:00,0.9700,Tuesday,9,6,Summer,0
10023456781,2024-06-04 10:00:00,2024-06-04,10:00:00,0.8168,Tuesday,10,6,Summer,0
10023456781,2024-06-04 11:00:00,2024-06-04,11:00:00,0.7739,Tuesday,11,6,Summer,0
10023456781,2024-06-04 12:00:00,2024-06-04,12:00:00,0.7374,Tuesday,12,6,Summer,0
10023456781,2024-06-04 13:00:00,2024-06-04,13:00:00,0.7934,Tuesday,13,6,Summer,0
10023456781,2024-06-04 14:00:00,2024-06-04,14:00:00,0.7333,Tuesday,14,6,Summer,0
10023456781,2024-06-04 15:00:00,2024-06-04,15:00:00,0.8969,Tuesday,15,6,Summer,0
10023456781,2024-06-04 16:00:00,2024-06-04,16:00:00,0.9747,Tuesday,16,6,Summer,0
10023456781,2024-06-04 17:00:00,2024-06-04,17:00:00,1.2696,Tuesday,17,6,Summer,0
10023456781,2024-06-04 18:00:00,2024-06-04,18:00:00,2.1047,Tuesday,18,6,Summer,0
10023456781,2024-06-04 19:00:00,2024-06-04,19:00:00,1.7392,Tuesday,19,6,Summer,0
10023456781,2024-06-04 20:00:00,2024-06-04,20:00:00,1.8068,Tuesday,20,6,Summer,0
10023456781,2024-06-04 21:00:00,2024-06-04,21:00:00,1.6311,Tuesday,21,6,Summer,0
10023456781,2024-06-04 22:00:00,2024-06-04,22:00:00,1.0619,Tuesday,22,6,Summer,0
10023456781,2024-06-04 23:00:00,2024-06-04,23:00:00,0.7388,Tuesday,23,6,Summer,0
10023456781,2024-06-05 00:00:00,2024-06-05,00:00:00,0.3014,Wednesday,0,6,Summer,0
10023456781,2024-06-05 01:00:00,2024-06-05,01:00:00,0.3881,Wednesday,1,6,Summer,0
10023456781,2024-06-05 02:00:00,2024-06-05,02:00:00,0.3176,Wednesday,2,6,Summer,0
10023456781,2024-06-05 03:00:00,2024-06-05,03:00:00,0.3645,Wednesday,3,6,Summer,0
10023456781,2024-06-05 04:00:00,2024-06-05,04:00:00,0.3991,Wednesday,4,6,Summer,0
10023456781,2024-06-05 05:00:00,2024-06-05,05:00:00,0.4117,Wednesday,5,6,Summer,0
10023456781,2024-06-05 06:00:00,2024-06-05,06:00:00,0.9339,Wednesday,6,6,Summer,0
10023456781,2024-06-05 07:00:00,2024-06-05,07:00:00,1.2624,Wednesday,7,6,Summer,0
10023456781,2024-06-05 08:00:00,2024-06-05,08:00:00,1.2063,Wednesday,8,6,Summer,0
10023456781,2024-06-05 09:00:00,2024-06-05,09:00:00,1.3430,Wednesday,9,6,Summer,0
10023456781,2024-06-05 10:00:00,2024-06-05,10:00:00,1.0235,Wednesday,10,6,Summer,0
10023456781,2024-06-05 11:00:00,2024-06-05,11:00:00,0.6893,Wednesday,11,6,Summer,0
10023456781,2024-06-05 12:00:00,2024-06-05,12:00:00,0.8302,Wednesday,12,6,Summer,0
10023456781,2024-06-05 13:00:00,2024-06-05,13:00:00,0.8597,Wednesday,13,6,Summer,0
10023456781,2024-06-05 14:00:00,2024-06-05,14:00:00,1.0108,Wednesday,14,6,Summer,0
10023456781,2024-06-05 15:00:00,2024-06-05,15:00:00,1.0443,Wednesday,15,6,Summer,0
10023456781,2024-06-05 16:00:00,2024-06-05,16:00:00,1.0096,Wednesday,16,6,Summer,0
10023456781,2024-06-05 17:00:00,2024-06-05,17:00:00,1.4708,Wednesday,17,6,Summer,0
10023456781,2024-06-05 18:00:00,2024-06-05,18:00:00,1.8014,Wednesday,18,6,Summer,0
10023456781,2024-06-05 19:00:00,2024-06-05,19:00:00,2.3416,Wednesday,19,6,Summer,0
10023456781,2024-06-05 20:00:00,2024-06-05,20:00:00,7.0865,Wednesday,20,6,Summer,1
10023456781,2024-06-05 21:00:00,2024-06-05,21:00:00,1.5359,Wednesday,21,6,Summer,0
10023456781,2024-06-05 22:00:00,2024-06-05,22:00:00,1.1758,Wednesday,22,6,Summer,0
10023456781,2024-06-05 23:00:00,2024-06-05,23:00:00,0.6830,Wednesday,23,6,Summer,0
10023456781,2024-06-06 00:00:00,2024-06-06,00:00:00,0.4411,Thursday,0,6,Summer,0
10023456781,2024-06-06 01:00:00,2024-06-06,01:00:00,0.5045,Thursday,1,6,Summer,0
10023456781,2024-06-06 02:00:00,2024-06-06,02:00:00,0.3652,Thursday,2,6,Summer,0
10023456781,2024-06-06 03:00:00,2024-06-06,03:00:00,0.4600,Thursday,3,6,Summer,0
10023456781,2024-06-06 04:00:00,2024-06-06,04:00:00,0.4151,Thursday,4,6,Summer,0
10023456781,2024-06-06 05:00:00,2024-06-06,05:00:00,0.6870,Thursday,5,6,Summer,0
10023456781,2024-06-06 06:00:00,2024-06-06,06:00:00,1.1608,Thursday,6,6,Summer,0
10023456781,2024-06-06 07:00:00,2024-06-06,07:00:00,1.6342,Thursday,7,6,Summer,0
10023456781,2024-06-06 08:00:00,2024-06-06,08:00:00,1.7196,Thursday,8,6,Summer,0
10023456781,2024-06-06 09:00:00,2024-06-06,09:00:00,1.2696,Thursday,9,6,Summer,0
10023456781,2024-06-06 10:00:00,2024-06-06,10:00:00,1.0399,Thursday,10,6,Summer,0
10023456781,2024-06-06 11:00:00,2024-06-06,11:00:00,0.8153,Thursday,11,6,Summer,0
10023456781,2024-06-06 12:00:00,2024-06-06,12:00:00,1.2366,Thursday,12,6,Summer,0
10023456781,2024-06-06 13:00:00,2024-06-06,13:00:00,1.0775,Thursday,13,6,Summer,0
10023456781,2024-06-06 14:00:00,2024-06-06,14:00:00,1.1633,Thursday,14,6,Summer,0
10023456781,2024-06-06 15:00:00,2024-06-06,15:00:00,1.1482,Thursday,15,6,Summer,0
10023456781,2024-06-06 16:00:00,2024-06-06,16:00:00,1.1758,Thursday,16,6,Summer,0
10023456781,2024-06-06 17:00:00,2024-06-06,17:00:00,1.6671,Thursday,17,6,Summer,0
10023456781,2024-06-06 18:00:00,2024-06-06,18:00:00,1.9064,Thursday,18,6,Summer,0
10023456781,2024-06-06 19:00:00,2024-06-06,19:00:00,2.4310,Thursday,19,6,Summer,0
10023456781,2024-06-06 20:00:00,2024-06-06,20:00:00,2.1852,Thursday,20,6,Summer,0
10023456781,2024-06-06 21:00:00,2024-06-06,21:00:00,2.2485,Thursday,21,6,Summer,0
10023456781,2024-06-06 22:00:00,2024-06-06,22:00:00,1.5477,Thursday,22,6,Summer,0
10023456781,2024-06-06 23:00:00,2024-06-06,23:00:00,0.8887,Thursday,23,6,Summer,0
10023456781,2024-06-07 00:00:00,2024-06-07,00:00:00,0.4877,Friday,0,6,Summer,0
10023456781,2024-06-07 01:00:00,2024-06-07,01:00:00,0.4890,Friday,1,6,Summer,0
10023456781,2024-06-07 02:00:00,2024-06-07,02:00:00,0.3881,Friday,2,6,Summer,0
10023456781,2024-06-07 03:00:00,2024-06-07,03:00:00,0.4769,Friday,3,6,Summer,0
10023456781,2024-06-07 04:00:00,2024-06-07,04:00:00,0.4863,Friday,4,6,Summer,0
10023456781,2024-06-07 05:00:00,2024-06-07,05:00:00,0.6570,Friday,5,6,Summer,0
10023456781,2024-06-07 06:00:00,2024-06-07,06:00:00,1.1079,Friday,6,6,Summer,0
10023456781,2024-06-07 07:00:00,2024-06-07,07:00:00,1.8742,Friday,7,6,Summer,0
10023456781,2024-06-07 08:00:00,2024-06-07,08:00:00,1.8764,Friday,8,6,Summer,0
10023456781,2024-06-07 09:00:00,2024-06-07,09:00:00,1.6674,Friday,9,6,Summer,0
10023456781,2024-06-07 10:00:00,2024-06-07,10:00:00,1.0986,Friday,10,6,Summer,0
10023456781,2024-06-07 11:00:00,2024-06-07,11:00:00,1.2986,Friday,11,6,Summer,0
10023456781,2024-06-07 12:00:00,2024-06-07,12:00:00,1.2165,Friday,12,6,Summer,0
10023456781,2024-06-07 13:00:00,2024-06-07,13:00:00,1.2659,Friday,13,6,Summer,0
10023456781,2024-06-07 14:00:00,2024-06-07,14:00:00,8.0254,Friday,14,6,Summer,1
10023456781,2024-06-07 15:00:00,2024-06-07,15:00:00,1.0763,Friday,15,6,Summer,0
10023456781,2024-06-07 16:00:00,2024-06-07,16:00:00,2.1619,Friday,16,6,Summer,0
10023456781,2024-06-07 17:00:00,2024-06-07,17:00:00,2.3244,Friday,17,6,Summer,0
10023456781,2024-06-07 18:00:00,2024-06-07,18:00:00,2.3861,Friday,18,6,Summer,0
10023456781,2024-06-07 19:00:00,2024-06-07,19:00:00,2.5410,Friday,19,6,Summer,0
10023456781,2024-06-07 20:00:00,2024-06-07,20:00:00,2.4932,Friday,20,6,Summer,0
10023456781,2024-06-07 21:00:00,2024-06-07,21:00:00,2.2019,Friday,21,6,Summer,0
10023456781,2024-06-07 22:00:00,2024-06-07,22:00:00,1.6770,Friday,22,6,Summer,0
10023456781,2024-06-07 23:00:00,2024-06-07,23:00:00,1.0315,Friday,23,6,Summer,0
10023456781,2024-06-08 00:00:00,2024-06-08,00:00:00,0.5401,Saturday,0,6,Summer,0
10023456781,2024-06-08 01:00:00,2024-06-08,01:00:00,0.4571,Saturday,1,6,Summer,0
10023456781,2024-06-08 02:00:00,2024-06-08,02:00:00,0.3712,Saturday,2,6,Summer,0
10023456781,2024-06-08 03:00:00,2024-06-08,03:00:00,0.3843,Saturday,3,6,Summer,0
10023456781,2024-06-08 04:00:00,2024-06-08,04:00:00,0.3859,Saturday,4,6,Summer,0
10023456781,2024-06-08 05:00:00,2024-06-08,05:00:00,0.4830,Saturday,5,6,Summer,0
10023456781,2024-06-08 06:00:00,2024-06-08,06:00:00,0.7912,Saturday,6,6,Summer,0
10023456781,2024-06-08 07:00:00,2024-06-08,07:00:00,1.0496,Saturday,7,6,Summer,0
10023456781,2024-06-08 08:00:00,2024-06-08,08:00:00,1.4383,Saturday,8,6,Summer,0
10023456781,2024-06-08 09:00:00,2024-06-08,09:00:00,1.5967,Saturday,9,6,Summer,0
10023456781,2024-06-08 10:00:00,2024-06-08,10:00:00,1.6411,Saturday,10,6,Summer,0
10023456781,2024-06-08 11:00:00,2024-06-08,11:00:00,1.3947,Saturday,11,6,Summer,0
10023456781,2024-06-08 12:00:00,2024-06-08,12:00:00,1.2489,Saturday,12,6,Summer,0
10023456781,2024-06-08 13:00:00,2024-06-08,13:00:00,1.5283,Saturday,13,6,Summer,0
10023456781,2024-06-08 14:00:00,2024-06-08,14:00:00,1.3028,Saturday,14,6,Summer,0
10023456781,2024-06-08 15:00:00,2024-06-08,15:00:00,1.1999,Saturday,15,6,Summer,0
10023456781,2024-06-08 16:00:00,2024-06-08,16:00:00,1.5773,Saturday,16,6,Summer,0
10023456781,2024-06-08 17:00:00,2024-06-08,17:00:00,1.9987,Saturday,17,6,Summer,0
10023456781,2024-06-08 18:00:00,2024-06-08,18:00:00,2.1322,Saturday,18,6,Summer,0
10023456781,2024-06-08 19:00:00,2024-06-08,19:00:00,2.4296,Saturday,19,6,Summer,0
10023456781,2024-06-08 20:00:00,2024-06-08,20:00:00,2.0260,Saturday,20,6,Summer,0
10023456781,2024-06-08 21:00:00,2024-06-08,21:00:00,2.1904,Saturday,21,6,Summer,0
10023456781,2024-06-08 22:00:00,2024-06-08,22:00:00,1.3817,Saturday,22,6,Summer,0
10023456781,2024-06-08 23:00:00,2024-06-08,23:00:00,0.9824,Saturday,23,6,Summer,0
10023456781,2024-06-09 00:00:00,2024-06-09,00:00:00,0.4443,Sunday,0,6,Summer,0
10023456781,2024-06-09 01:00:00,2024-06-09,01:00:00,0.4440,Sunday,1,6,Summer,0
10023456781,2024-06-09 02:00:00,2024-06-09,02:00:00,0.4780,Sunday,2,6,Summer,0
10023456781,2024-06-09 03:00:00,2024-06-09,03:00:00,0.4284,Sunday,3,6,Summer,0
10023456781,2024-06-09 04:00:00,2024-06-09,04:00:00,0.4185,Sunday,4,6,Summer,0
10023456781,2024-06-09 05:00:00,2024-06-09,05:00:00,0.5912,Sunday,5,6,Summer,0
10023456781,2024-06-09 06:00:00,2024-06-09,06:00:00,0.7483,Sunday,6,6,Summer,0
10023456781,2024-06-09 07:00:00,2024-06-09,07:00:00,1.2688,Sunday,7,6,Summer,0
10023456781,2024-06-09 08:00:00,2024-06-09,08:00:00,1.5321,Sunday,8,6,Summer,0
10023456781,2024-06-09 09:00:00,2024-06-09,09:00:00,2.0947,Sunday,9,6,Summer,0
10023456781,2024-06-09 10:00:00,2024-06-09,10:00:00,1.9373,Sunday,10,6,Summer,0
10023456781,2024-06-09 11:00:00,2024-06-09,11:00:00,1.6814,Sunday,11,6,Summer,0
10023456781,2024-06-09 12:00:00,2024-06-09,12:00:00,1.3898,Sunday,12,6,Summer,0
10023456781,2024-06-09 13:00:00,2024-06-09,13:00:00,1.4696,Sunday,13,6,Summer,0
10023456781,2024-06-09 14:00:00,2024-06-09,14:00:00,1.2194,Sunday,14,6,Summer,0
10023456781,2024-06-09 15:00:00,2024-06-09,15:00:00,1.5669,Sunday,15,6,Summer,0
10023456781,2024-06-09 16:00:00,2024-06-09,16:00:00,1.7673,Sunday,16,6,Summer,0
10023456781,2024-06-09 17:00:00,2024-06-09,17:00:00,2.0468,Sunday,17,6,Summer,0
10023456781,2024-06-09 18:00:00,2024-06-09,18:00:00,2.0533,Sunday,18,6,Summer,0
10023456781,2024-06-09 19:00:00,2024-06-09,19:00:00,2.6376,Sunday,19,6,Summer,0
10023456781,2024-06-09 20:00:00,2024-06-09,20:00:00,2.2747,Sunday,20,6,Summer,0
10023456781,2024-06-09 21:00:00,2024-06-09,21:00:00,1.9228,Sunday,21,6,Summer,0
10023456781,2024-06-09 22:00:00,2024-06-09,22:00:00,1.7640,Sunday,22,6,Summer,0
10023456781,2024-06-09 23:00:00,2024-06-09,23:00:00,1.1492,Sunday,23,6,Summer,0
10023456781,2024-06-10 00:00:00,2024-06-10,00:00:00,0.4635,Monday,0,6,Summer,0
10023456781,2024-06-10 01:00:00,2024-06-10,01:00:00,0.3786,Monday,1,6,Summer,0
10023456781,2024-06-10 02:00:00,2024-06-10,02:00:00,0.4810,Monday,2,6,Summer,0
10023456781,2024-06-10 03:00:00,2024-06-10,03:00:00,0.4215,Monday,3,6,Summer,0
10023456781,2024-06-10 04:00:00,2024-06-10,04:00:00,0.4777,Monday,4,6,Summer,0
10023456781,2024-06-10 05:00:00,2024-06-10,05:00:00,0.5754,Monday,5,6,Summer,0
10023456781,2024-06-10 06:00:00,2024-06-10,06:00:00,1.0683,Monday,6,6,Summer,0
10023456781,2024-06-10 07:00:00,2024-06-10,07:00:00,1.5447,Monday,7,6,Summer,0
10023456781,2024-06-10 08:00:00,2024-06-10,08:00:00,1.5897,Monday,8,6,Summer,0
10023456781,2024-06-10 09:00:00,2024-06-10,09:00:00,1.4351,Monday,9,6,Summer,0
10023456781,2024-06-10 10:00:00,2024-06-10,10:00:00,1.0216,Monday,10,6,Summer,0
10023456781,2024-06-10 11:00:00,2024-06-10,11:00:00,1.2057,Monday,11,6,Summer,0
10023456781,2024-06-10 12:00:00,2024-06-10,12:00:00,1.1354,Monday,12,6,Summer,0
10023456781,2024-06-10 13:00:00,2024-06-10,13:00:00,1.0148,Monday,13,6,Summer,0
10023456781,2024-06-10 14:00:00,2024-06-10,14:00:00,5.5263,Monday,14,6,Summer,1
10023456781,2024-06-10 15:00:00,2024-06-10,15:00:00,1.0993,Monday,15,6,Summer,0
10023456781,2024-06-10 16:00:00,2024-06-10,16:00:00,1.2803,Monday,16,6,Summer,0
10023456781,2024-06-10 17:00:00,2024-06-10,17:00:00,0.1835,Monday,17,6,Summer,1
10023456781,2024-06-10 18:00:00,2024-06-10,18:00:00,2.1224,Monday,18,6,Summer,0
10023456781,2024-06-10 19:00:00,2024-06-10,19:00:00,2.0355,Monday,19,6,Summer,0
10023456781,2024-06-10 20:00:00,2024-06-10,20:00:00,2.0802,Monday,20,6,Summer,0
10023456781,2024-06-10 21:00:00,2024-06-10,21:00:00,2.2417,Monday,21,6,Summer,0
10023456781,2024-06-10 22:00:00,2024-06-10,22:00:00,1.3759,Monday,22,6,Summer,0
10023456781,2024-06-10 23:00:00,2024-06-10,23:00:00,0.8230,Monday,23,6,Summer,0
10023456781,2024-06-11 00:00:00,2024-06-11,00:00:00,0.4458,Tuesday,0,6,Summer,0
10023456781,2024-06-11 01:00:00,2024-06-11,01:00:00,0.3674,Tuesday,1,6,Summer,0
10023456781,2024-06-11 02:00:00,2024-06-11,02:00:00,0.3643,Tuesday,2,6,Summer,0
10023456781,2024-06-11 03:00:00,2024-06-11,03:00:00,0.4066,Tuesday,3,6,Summer,0
10023456781,2024-06-11 04:00:00,2024-06-11,04:00:00,0.4296,Tuesday,4,6,Summer,0
10023456781,2024-06-11 05:00:00,2024-06-11,05:00:00,0.5997,Tuesday,5,6,Summer,0
10023456781,2024-06-11 06:00:00,2024-06-11,06:00:00,1.0763,Tuesday,6,6,Summer,0
10023456781,2024-06-11 07:00:00,2024-06-11,07:00:00,1.5585,Tuesday,7,6,Summer,0
10023456781,2024-06-11 08:00:00,2024-06-11,08:00:00,1.6226,Tuesday,8,6,Summer,0
10023456781,2024-06-11 09:00:00,2024-06-11,09:00:00,1.3754,Tuesday,9,6,Summer,0
10023456781,2024-06-11 10:00:00,2024-06-11,10:00:00,1.2087,Tuesday,10,6,Summer,0
10023456781,2024-06-11 11:00:00,2024-06-11,11:00:00,1.0603,Tuesday,11,6,Summer,0
10023456781,2024-06-11 12:00:00,2024-06-11,12:00:00,1.2664,Tuesday,12,6,Summer,0
10023456781,2024-06-11 13:00:00,2024-06-11,13:00:00,1.0808,Tuesday,13,6,Summer,0
10023456781,2024-06-11 14:00:00,2024-06-11,14:00:00,1.2181,Tuesday,14,6,Summer,0
10023456781,2024-06-11 15:00:00,2024-06-11,15:00:00,1.0386,Tuesday,15,6,Summer,0
10023456781,2024-06-11 16:00:00,2024-06-11,16:00:00,1.1241,Tuesday,16,6,Summer,0
10023456781,2024-06-11 17:00:00,2024-06-11,17:00:00,1.9804,Tuesday,17,6,Summer,0
10023456781,2024-06-11 18:00:00,2024-06-11,18:00:00,2.0294,Tuesday,18,6,Summer,0
10023456781,2024-06-11 19:00:00,2024-06-11,19:00:00,2.4932,Tuesday,19,6,Summer,0
10023456781,2024-06-11 20:00:00,2024-06-11,20:00:00,2.2117,Tuesday,20,6,Summer,0
10023456781,2024-06-11 21:00:00,2024-06-11,21:00:00,2.0495,Tuesday,21,6,Summer,0
10023456781,2024-06-11 22:00:00,2024-06-11,22:00:00,1.4663,Tuesday,22,6,Summer,0
10023456781,2024-06-11 23:00:00,2024-06-11,23:00:00,0.8617,Tuesday,23,6,Summer,0
10023456781,2024-06-12 00:00:00,2024-06-12,00:00:00,0.4808,Wednesday,0,6,Summer,0
10023456781,2024-06-12 01:00:00,2024-06-12,01:00:00,0.5016,Wednesday,1,6,Summer,0
10023456781,2024-06-12 02:00:00,2024-06-12,02:00:00,0.3931,Wednesday,2,6,Summer,0
10023456781,2024-06-12 03:00:00,2024-06-12,03:00:00,0.3704,Wednesday,3,6,Summer,0
10023456781,2024-06-12 04:00:00,2024-06-12,04:00:00,0.5329,Wednesday,4,6,Summer,0
10023456781,2024-06-12 05:00:00,2024-06-12,05:00:00,0.7080,Wednesday,5,6,Summer,0
10023456781,2024-06-12 06:00:00,2024-06-12,06:00:00,1.1056,Wednesday,6,6,Summer,0
10023456781,2024-06-12 07:00:00,2024-06-12,07:00:00,1.1622,Wednesday,7,6,Summer,0
10023456781,2024-06-12 08:00:00,2024-06-12,08:00:00,1.7611,Wednesday,8,6,Summer,0
10023456781,2024-06-12 09:00:00,2024-06-12,09:00:00,1.3124,Wednesday,9,6,Summer,0
10023456781,2024-06-12 10:00:00,2024-06-12,10:00:00,1.2234,Wednesday,10,6,Summer,0
10023456781,2024-06-12 11:00:00,2024-06-12,11:00:00,1.0277,Wednesday,11,6,Summer,0
10023456781,2024-06-12 12:00:00,2024-06-12,12:00:00,1.2488,Wednesday,12,6,Summer,0
10023456781,2024-06-12 13:00:00,2024-06-12,13:00:00,0.9602,Wednesday,13,6,Summer,0
10023456781,2024-06-12 14:00:00,2024-06-12,14:00:00,0.8867,Wednesday,14,6,Summer,0
10023456781,2024-06-12 15:00:00,2024-06-12,15:00:00,1.2569,Wednesday,15,6,Summer,0
10023456781,2024-06-12 16:00:00,2024-06-12,16:00:00,1.5501,Wednesday,16,6,Summer,0
10023456781,2024-06-12 17:00:00,2024-06-12,17:00:00,1.8642,Wednesday,17,6,Summer,0
10023456781,2024-06-12 18:00:00,2024-06-12,18:00:00,2.3432,Wednesday,18,6,Summer,0
10023456781,2024-06-12 19:00:00,2024-06-12,19:00:00,2.0944,Wednesday,19,6,Summer,0
10023456781,2024-06-12 20:00:00,2024-06-12,20:00:00,2.5911,Wednesday,20,6,Summer,0
10023456781,2024-06-12 21:00:00,2024-06-12,21:00:00,0.1094,Wednesday,21,6,Summer,1
10023456781,2024-06-12 22:00:00,2024-06-12,22:00:00,1.6081,Wednesday,22,6,Summer,0
10023456781,2024-06-12 23:00:00,2024-06-12,23:00:00,0.9320,Wednesday,23,6,Summer,0
10023456781,2024-06-13 00:00:00,2024-06-13,00:00:00,0.3542,Thursday,0,6,Summer,0
10023456781,2024-06-13 01:00:00,2024-06-13,01:00:00,0.3376,Thursday,1,6,Summer,0
10023456781,2024-06-13 02:00:00,2024-06-13,02:00:00,0.3574,Thursday,2,6,Summer,0
10023456781,2024-06-13 03:00:00,2024-06-13,03:00:00,0.3071,Thursday,3,6,Summer,0
10023456781,2024-06-13 04:00:00,2024-06-13,04:00:00,0.3643,Thursday,4,6,Summer,0
10023456781,2024-06-13 05:00:00,2024-06-13,05:00:00,0.5507,Thursday,5,6,Summer,0
10023456781,2024-06-13 06:00:00,2024-06-13,06:00:00,0.8969,Thursday,6,6,Summer,0
10023456781,2024-06-13 07:00:00,2024-06-13,07:00:00,1.3900,Thursday,7,6,Summer,0
10023456781,2024-06-13 08:00:00,2024-06-13,08:00:00,1.6112,Thursday,8,6,Summer,0
10023456781,2024-06-13 09:00:00,2024-06-13,09:00:00,1.3845,Thursday,9,6,Summer,0
10023456781,2024-06-13 10:00:00,2024-06-13,10:00:00,0.8846,Thursday,10,6,Summer,0
10023456781,2024-06-13 11:00:00,2024-06-13,11:00:00,0.8411,Thursday,11,6,Summer,0
10023456781,2024-06-13 12:00:00,2024-06-13,12:00:00,0.9241,Thursday,12,6,Summer,0
10023456781,2024-06-13 13:00:00,2024-06-13,13:00:00,0.8676,Thursday,13,6,Summer,0
10023456781,2024-06-13 14:00:00,2024-06-13,14:00:00,1.0675,Thursday,14,6,Summer,0
10023456781,2024-06-13 15:00:00,2024-06-13,15:00:00,0.8173,Thursday,15,6,Summer,0
10023456781,2024-06-13 16:00:00,2024-06-13,16:00:00,0.9626,Thursday,16,6,Summer,0
10023456781,2024-06-13 17:00:00,2024-06-13,17:00:00,1.5100,Thursday,17,6,Summer,0
10023456781,2024-06-13 18:00:00,2024-06-13,18:00:00,2.1417,Thursday,18,6,Summer,0
10023456781,2024-06-13 19:00:00,2024-06-13,19:00:00,12.6889,Thursday,19,6,Summer,1
10023456781,2024-06-13 20:00:00,2024-06-13,20:00:00,1.9158,Thursday,20,6,Summer,0
10023456781,2024-06-13 21:00:00,2024-06-13,21:00:00,1.4385,Thursday,21,6,Summer,0
10023456781,2024-06-13 22:00:00,2024-06-13,22:00:00,1.4421,Thursday,22,6,Summer,0
10023456781,2024-06-13 23:00:00,2024-06-13,23:00:00,0.6989,Thursday,23,6,Summer,0
10023456781,2024-06-14 00:00:00,2024-06-14,00:00:00,0.4639,Friday,0,6,Summer,0
10023456781,2024-06-14 01:00:00,2024-06-14,01:00:00,0.4088,Friday,1,6,Summer,0
10023456781,2024-06-14 02:00:00,2024-06-14,02:00:00,0.3389,Friday,2,6,Summer,0
10023456781,2024-06-14 03:00:00,2024-06-14,03:00:00,0.2765,Friday,3,6,Summer,0
10023456781,2024-06-14 04:00:00,2024-06-14,04:00:00,0.4061,Friday,4,6,Summer,0
10023456781,2024-06-14 05:00:00,2024-06-14,05:00:00,0.4641,Friday,5,6,Summer,0
10023456781,2024-06-14 06:00:00,2024-06-14,06:00:00,1.0510,Friday,6,6,Summer,0
10023456781,2024-06-14 07:00:00,2024-06-14,07:00:00,1.5994,Friday,7,6,Summer,0
10023456781,2024-06-14 08:00:00,2024-06-14,08:00:00,1.7592,Friday,8,6,Summer,0
10023456781,2024-06-14 09:00:00,2024-06-14,09:00:00,1.3050,Friday,9,6,Summer,0
10023456781,2024-06-14 10:00:00,2024-06-14,10:00:00,0.9441,Friday,10,6,Summer,0
10023456781,2024-06-14 11:00:00,2024-06-14,11:00:00,0.9716,Friday,11,6,Summer,0
10023456781,2024-06-14 12:00:00,2024-06-14,12:00:00,0.8219,Friday,12,6,Summer,0
10023456781,2024-06-14 13:00:00,2024-06-14,13:00:00,0.8450,Friday,13,6,Summer,0
10023456781,2024-06-14 14:00:00,2024-06-14,14:00:00,0.8102,Friday,14,6,Summer,0
10023456781,2024-06-14 15:00:00,2024-06-14,15:00:00,0.8751,Friday,15,6,Summer,0
10023456781,2024-06-14 16:00:00,2024-06-14,16:00:00,1.1280,Friday,16,6,Summer,0
10023456781,2024-06-14 17:00:00,2024-06-14,17:00:00,1.4050,Friday,17,6,Summer,0
10023456781,2024-06-14 18:00:00,2024-06-14,18:00:00,1.8620,Friday,18,6,Summer,0
10023456781,2024-06-14 19:00:00,2024-06-14,19:00:00,1.9449,Friday,19,6,Summer,0
10023456781,2024-06-14 20:00:00,2024-06-14,20:00:00,1.9156,Friday,20,6,Summer,0
10023456781,2024-06-14 21:00:00,2024-06-14,21:00:00,1.7635,Friday,21,6,Summer,0
10023456781,2024-06-14 22:00:00,2024-06-14,22:00:00,1.3798,Friday,22,6,Summer,0
10023456781,2024-06-14 23:00:00,2024-06-14,23:00:00,0.8633,Friday,23,6,Summer,0
10023456781,2024-06-15 00:00:00,2024-06-15,00:00:00,0.4152,Saturday,0,6,Summer,0
10023456781,2024-06-15 01:00:00,2024-06-15,01:00:00,0.3673,Saturday,1,6,Summer,0
10023456781,2024-06-15 02:00:00,2024-06-15,02:00:00,0.3415,Saturday,2,6,Summer,0
10023456781,2024-06-15 03:00:00,2024-06-15,03:00:00,0.2610,Saturday,3,6,Summer,0
10023456781,2024-06-15 04:00:00,2024-06-15,04:00:00,0.3659,Saturday,4,6,Summer,0
10023456781,2024-06-15 05:00:00,2024-06-15,05:00:00,0.4777,Saturday,5,6,Summer,0
10023456781,2024-06-15 06:00:00,2024-06-15,06:00:00,0.5733,Saturday,6,6,Summer,0
10023456781,2024-06-15 07:00:00,2024-06-15,07:00:00,1.0390,Saturday,7,6,Summer,0
10023456781,2024-06-15 08:00:00,2024-06-15,08:00:00,1.1668,Saturday,8,6,Summer,0
10023456781,2024-06-15 09:00:00,2024-06-15,09:00:00,1.5017,Saturday,9,6,Summer,0
10023456781,2024-06-15 10:00:00,2024-06-15,10:00:00,1.1530,Saturday,10,6,Summer,0
10023456781,2024-06-15 11:00:00,2024-06-15,11:00:00,1.3019,Saturday,11,6,Summer,0
10023456781,2024-06-15 12:00:00,2024-06-15,12:00:00,1.1830,Saturday,12,6,Summer,0
10023456781,2024-06-15 13:00:00,2024-06-15,13:00:00,1.0444,Saturday,13,6,Summer,0
10023456781,2024-06-15 14:00:00,2024-06-15,14:00:00,1.0952,Saturday,14,6,Summer,0
10023456781,2024-06-15 15:00:00,2024-06-15,15:00:00,1.1666,Saturday,15,6,Summer,0
10023456781,2024-06-15 16:00:00,2024-06-15,16:00:00,1.2263,Saturday,16,6,Summer,0
10023456781,2024-06-15 17:00:00,2024-06-15,17:00:00,1.4217,Saturday,17,6,Summer,0
10023456781,2024-06-15 18:00:00,2024-06-15,18:00:00,1.9825,Saturday,18,6,Summer,0
10023456781,2024-06-15 19:00:00,2024-06-15,19:00:00,2.0049,Saturday,19,6,Summer,0
10023456781,2024-06-15 20:00:00,2024-06-15,20:00:00,1.8459,Saturday,20,6,Summer,0
10023456781,2024-06-15 21:00:00,2024-06-15,21:00:00,1.8109,Saturday,21,6,Summer,0
10023456781,2024-06-15 22:00:00,2024-06-15,22:00:00,1.0685,Saturday,22,6,Summer,0
10023456781,2024-06-15 23:00:00,2024-06-15,23:00:00,0.8263,Saturday,23,6,Summer,0
10023456781,2024-06-16 00:00:00,2024-06-16,00:00:00,0.5011,Sunday,0,6,Summer,0
10023456781,2024-06-16 01:00:00,2024-06-16,01:00:00,0.3956,Sunday,1,6,Summer,0
10023456781,2024-06-16 02:00:00,2024-06-16,02:00:00,0.3228,Sunday,2,6,Summer,0
10023456781,2024-06-16 03:00:00,2024-06-16,03:00:00,0.3386,Sunday,3,6,Summer,0
10023456781,2024-06-16 04:00:00,2024-06-16,04:00:00,0.3973,Sunday,4,6,Summer,0
10023456781,2024-06-16 05:00:00,2024-06-16,05:00:00,0.3982,Sunday,5,6,Summer,0
10023456781,2024-06-16 06:00:00,2024-06-16,06:00:00,0.5517,Sunday,6,6,Summer,0
10023456781,2024-06-16 07:00:00,2024-06-16,07:00:00,0.8068,Sunday,7,6,Summer,0
10023456781,2024-06-16 08:00:00,2024-06-16,08:00:00,1.2826,Sunday,8,6,Summer,0
10023456781,2024-06-16 09:00:00,2024-06-16,09:00:00,1.4052,Sunday,9,6,Summer,0
10023456781,2024-06-16 10:00:00,2024-06-16,10:00:00,1.2227,Sunday,10,6,Summer,0
10023456781,2024-06-16 11:00:00,2024-06-16,11:00:00,1.2509,Sunday,11,6,Summer,0
10023456781,2024-06-16 12:00:00,2024-06-16,12:00:00,1.1084,Sunday,12,6,Summer,0
10023456781,2024-06-16 13:00:00,2024-06-16,13:00:00,1.0858,Sunday,13,6,Summer,0
10023456781,2024-06-16 14:00:00,2024-06-16,14:00:00,1.3871,Sunday,14,6,Summer,0
10023456781,2024-06-16 15:00:00,2024-06-16,15:00:00,1.0824,Sunday,15,6,Summer,0
10023456781,2024-06-16 16:00:00,2024-06-16,16:00:00,1.2939,Sunday,16,6,Summer,0
10023456781,2024-06-16 17:00:00,2024-06-16,17:00:00,1.4686,Sunday,17,6,Summer,0
10023456781,2024-06-16 18:00:00,2024-06-16,18:00:00,1.6295,Sunday,18,6,Summer,0
10023456781,2024-06-16 19:00:00,2024-06-16,19:00:00,1.7386,Sunday,19,6,Summer,0
10023456781,2024-06-16 20:00:00,2024-06-16,20:00:00,1.7887,Sunday,20,6,Summer,0
10023456781,2024-06-16 21:00:00,2024-06-16,21:00:00,1.6807,Sunday,21,6,Summer,0
10023456781,2024-06-16 22:00:00,2024-06-16,22:00:00,1.1812,Sunday,22,6,Summer,0
10023456781,2024-06-16 23:00:00,2024-06-16,23:00:00,0.9087,Sunday,23,6,Summer,0
10023456781,2024-06-17 00:00:00,2024-06-17,00:00:00,0.4343,Monday,0,6,Summer,0
10023456781,2024-06-17 01:00:00,2024-06-17,01:00:00,0.2875,Monday,1,6,Summer,0
10023456781,2024-06-17 02:00:00,2024-06-17,02:00:00,0.3294,Monday,2,6,Summer,0
10023456781,2024-06-17 03:00:00,2024-06-17,03:00:00,0.3004,Monday,3,6,Summer,0
10023456781,2024-06-17 04:00:00,2024-06-17,04:00:00,0.3420,Monday,4,6,Summer,0
10023456781,2024-06-17 05:00:00,2024-06-17,05:00:00,0.4247,Monday,5,6,Summer,0
10023456781,2024-06-17 06:00:00,2024-06-17,06:00:00,0.9919,Monday,6,6,Summer,0
10023456781,2024-06-17 07:00:00,2024-06-17,07:00:00,1.0405,Monday,7,6,Summer,0
10023456781,2024-06-17 08:00:00,2024-06-17,08:00:00,1.5313,Monday,8,6,Summer,0
10023456781,2024-06-17 09:00:00,2024-06-17,09:00:00,0.9810,Monday,9,6,Summer,0
10023456781,2024-06-17 10:00:00,2024-06-17,10:00:00,0.9436,Monday,10,6,Summer,0
10023456781,2024-06-17 11:00:00,2024-06-17,11:00:00,0.6882,Monday,11,6,Summer,0
10023456781,2024-06-17 12:00:00,2024-06-17,12:00:00,0.7873,Monday,12,6,Summer,0
10023456781,2024-06-17 13:00:00,2024-06-17,13:00:00,0.8582,Monday,13,6,Summer,0
10023456781,2024-06-17 14:00:00,2024-06-17,14:00:00,0.9393,Monday,14,6,Summer,0
10023456781,2024-06-17 15:00:00,2024-06-17,15:00:00,0.8744,Monday,15,6,Summer,0
10023456781,2024-06-17 16:00:00,2024-06-17,16:00:00,1.0489,Monday,16,6,Summer,0
10023456781,2024-06-17 17:00:00,2024-06-17,17:00:00,1.4089,Monday,17,6,Summer,0
10023456781,2024-06-17 18:00:00,2024-06-17,18:00:00,1.5833,Monday,18,6,Summer,0
10023456781,2024-06-17 19:00:00,2024-06-17,19:00:00,1.8839,Monday,19,6,Summer,0
10023456781,2024-06-17 20:00:00,2024-06-17,20:00:00,2.1936,Monday,20,6,Summer,0
10023456781,2024-06-17 21:00:00,2024-06-17,21:00:00,1.5724,Monday,21,6,Summer,0
10023456781,2024-06-17 22:00:00,2024-06-17,22:00:00,1.0422,Monday,22,6,Summer,0
10023456781,2024-06-17 23:00:00,2024-06-17,23:00:00,0.7818,Monday,23,6,Summer,0
10023456781,2024-06-18 00:00:00,2024-06-18,00:00:00,0.3811,Tuesday,0,6,Summer,0
10023456781,2024-06-18 01:00:00,2024-06-18,01:00:00,0.3860,Tuesday,1,6,Summer,0
10023456781,2024-06-18 02:00:00,2024-06-18,02:00:00,0.3422,Tuesday,2,6,Summer,0
10023456781,2024-06-18 03:00:00,2024-06-18,03:00:00,0.3368,Tuesday,3,6,Summer,0
10023456781,2024-06-18 04:00:00,2024-06-18,04:00:00,0.3131,Tuesday,4,6,Summer,0
10023456781,2024-06-18 05:00:00,2024-06-18,05:00:00,0.5484,Tuesday,5,6,Summer,0
10023456781,2024-06-18 06:00:00,2024-06-18,06:00:00,0.7680,Tuesday,6,6,Summer,0
10023456781,2024-06-18 07:00:00,2024-06-18,07:00:00,1.3932,Tuesday,7,6,Summer,0
10023456781,2024-06-18 08:00:00,2024-06-18,08:00:00,1.2434,Tuesday,8,6,Summer,0
10023456781,2024-06-18 09:00:00,2024-06-18,09:00:00,1.3104,Tuesday,9,6,Summer,0
10023456781,2024-06-18 10:00:00,2024-06-18,10:00:00,1.0003,Tuesday,10,6,Summer,0
10023456781,2024-06-18 11:00:00,2024-06-18,11:00:00,0.9876,Tuesday,11,6,Summer,0
10023456781,2024-06-18 12:00:00,2024-06-18,12:00:00,0.8884,Tuesday,12,6,Summer,0
10023456781,2024-06-18 13:00:00,2024-06-18,13:00:00,1.0856,Tuesday,13,6,Summer,0
10023456781,2024-06-18 14:00:00,2024-06-18,14:00:00,0.9367,Tuesday,14,6,Summer,0
10023456781,2024-06-18 15:00:00,2024-06-18,15:00:00,0.9369,Tuesday,15,6,Summer,0
10023456781,2024-06-18 16:00:00,2024-06-18,16:00:00,1.1049,Tuesday,16,6,Summer,0
10023456781,2024-06-18 17:00:00,2024-06-18,17:00:00,1.4783,Tuesday,17,6,Summer,0
10023456781,2024-06-18 18:00:00,2024-06-18,18:00:00,10.1850,Tuesday,18,6,Summer,1
10023456781,2024-06-18 19:00:00,2024-06-18,19:00:00,2.1531,Tuesday,19,6,Summer,0
10023456781,2024-06-18 20:00:00,2024-06-18,20:00:00,2.0379,Tuesday,20,6,Summer,0
10023456781,2024-06-18 21:00:00,2024-06-18,21:00:00,1.4814,Tuesday,21,6,Summer,0
10023456781,2024-06-18 22:00:00,2024-06-18,22:00:00,1.5656,Tuesday,22,6,Summer,0
10023456781,2024-06-18 23:00:00,2024-06-18,23:00:00,0.8125,Tuesday,23,6,Summer,0
10023456781,2024-06-19 00:00:00,2024-06-19,00:00:00,0.5241,Wednesday,0,6,Summer,0
10023456781,2024-06-19 01:00:00,2024-06-19,01:00:00,0.4074,Wednesday,1,6,Summer,0
10023456781,2024-06-19 02:00:00,2024-06-19,02:00:00,0.3503,Wednesday,2,6,Summer,0
10023456781,2024-06-19 03:00:00,2024-06-19,03:00:00,0.4096,Wednesday,3,6,Summer,0
10023456781,2024-06-19 04:00:00,2024-06-19,04:00:00,0.3065,Wednesday,4,6,Summer,0
10023456781,2024-06-19 05:00:00,2024-06-19,05:00:00,0.6078,Wednesday,5,6,Summer,0
10023456781,2024-06-19 06:00:00,2024-06-19,06:00:00,0.8724,Wednesday,6,6,Summer,0
10023456781,2024-06-19 07:00:00,2024-06-19,07:00:00,1.2201,Wednesday,7,6,Summer,0
10023456781,2024-06-19 08:00:00,2024-06-19,08:00:00,1.4145,Wednesday,8,6,Summer,0
10023456781,2024-06-19 09:00:00,2024-06-19,09:00:00,1.2187,Wednesday,9,6,Summer,0
10023456781,2024-06-19 10:00:00,2024-06-19,10:00:00,1.0383,Wednesday,10,6,Summer,0
10023456781,2024-06-19 11:00:00,2024-06-19,11:00:00,0.7745,Wednesday,11,6,Summer,0
10023456781,2024-06-19 12:00:00,2024-06-19,12:00:00,0.8838,Wednesday,12,6,Summer,0
10023456781,2024-06-19 13:00:00,2024-06-19,13:00:00,0.8464,Wednesday,13,6,Summer,0
10023456781,2024-06-19 14:00:00,2024-06-19,14:00:00,0.8497,Wednesday,14,6,Summer,0
10023456781,2024-06-19 15:00:00,2024-06-19,15:00:00,0.9437,Wednesday,15,6,Summer,0
10023456781,2024-06-19 16:00:00,2024-06-19,16:00:00,1.2829,Wednesday,16,6,Summer,0
10023456781,2024-06-19 17:00:00,2024-06-19,17:00:00,1.2839,Wednesday,17,6,Summer,0
10023456781,2024-06-19 18:00:00,2024-06-19,18:00:00,1.9087,Wednesday,18,6,Summer,0
10023456781,2024-06-19 19:00:00,2024-06-19,19:00:00,1.9231,Wednesday,19,6,Summer,0
10023456781,2024-06-19 20:00:00,2024-06-19,20:00:00,1.9177,Wednesday,20,6,Summer,0
10023456781,2024-06-19 21:00:00,2024-06-19,21:00:00,1.5923,Wednesday,21,6,Summer,0
10023456781,2024-06-19 22:00:00,2024-06-19,22:00:00,1.1766,Wednesday,22,6,Summer,0
10023456781,2024-06-19 23:00:00,2024-06-19,23:00:00,0.8517,Wednesday,23,6,Summer,0
10023456781,2024-06-20 00:00:00,2024-06-20,00:00:00,0.4136,Thursday,0,6,Summer,0
10023456781,2024-06-20 01:00:00,2024-06-20,01:00:00,0.4004,Thursday,1,6,Summer,0
10023456781,2024-06-20 02:00:00,2024-06-20,02:00:00,0.3076,Thursday,2,6,Summer,0
10023456781,2024-06-20 03:00:00,2024-06-20,03:00:00,0.4140,Thursday,3,6,Summer,0
10023456781,2024-06-20 04:00:00,2024-06-20,04:00:00,0.3197,Thursday,4,6,Summer,0
10023456781,2024-06-20 05:00:00,2024-06-20,05:00:00,0.5075,Thursday,5,6,Summer,0
10023456781,2024-06-20 06:00:00,2024-06-20,06:00:00,0.8773,Thursday,6,6,Summer,0
10023456781,2024-06-20 07:00:00,2024-06-20,07:00:00,1.2675,Thursday,7,6,Summer,0
10023456781,2024-06-20 08:00:00,2024-06-20,08:00:00,1.3698,Thursday,8,6,Summer,0
10023456781,2024-06-20 09:00:00,2024-06-20,09:00:00,1.2069,Thursday,9,6,Summer,0
10023456781,2024-06-20 10:00:00,2024-06-20,10:00:00,0.8623,Thursday,10,6,Summer,0
10023456781,2024-06-20 11:00:00,2024-06-20,11:00:00,0.7221,Thursday,11,6,Summer,0
10023456781,2024-06-20 12:00:00,2024-06-20,12:00:00,0.8777,Thursday,12,6,Summer,0
10023456781,2024-06-20 13:00:00,2024-06-20,13:00:00,0.9845,Thursday,13,6,Summer,0
10023456781,2024-06-20 14:00:00,2024-06-20,14:00:00,0.8502,Thursday,14,6,Summer,0
10023456781,2024-06-20 15:00:00,2024-06-20,15:00:00,0.8554,Thursday,15,6,Summer,0
10023456781,2024-06-20 16:00:00,2024-06-20,16:00:00,1.3849,Thursday,16,6,Summer,0
10023456781,2024-06-20 17:00:00,2024-06-20,17:00:00,4.9871,Thursday,17,6,Summer,1
10023456781,2024-06-20 18:00:00,2024-06-20,18:00:00,1.7124,Thursday,18,6,Summer,0
10023456781,2024-06-20 19:00:00,2024-06-20,19:00:00,1.7732,Thursday,19,6,Summer,0
10023456781,2024-06-20 20:00:00,2024-06-20,20:00:00,2.0516,Thursday,20,6,Summer,0
10023456781,2024-06-20 21:00:00,2024-06-20,21:00:00,1.5488,Thursday,21,6,Summer,0
10023456781,2024-06-20 22:00:00,2024-06-20,22:00:00,1.2139,Thursday,22,6,Summer,0
10023456781,2024-06-20 23:00:00,2024-06-20,23:00:00,0.6543,Thursday,23,6,Summer,0
10023456781,2024-06-21 00:00:00,2024-06-21,00:00:00,0.4877,Friday,0,6,Summer,0
10023456781,2024-06-21 01:00:00,2024-06-21,01:00:00,0.2575,Friday,1,6,Summer,0
10023456781,2024-06-21 02:00:00,2024-06-21,02:00:00,0.3397,Friday,2,6,Summer,0
10023456781,2024-06-21 03:00:00,2024-06-21,03:00:00,0.3385,Friday,3,6,Summer,0
10023456781,2024-06-21 04:00:00,2024-06-21,04:00:00,0.3647,Friday,4,6,Summer,0
10023456781,2024-06-21 05:00:00,2024-06-21,05:00:00,0.5635,Friday,5,6,Summer,0
10023456781,2024-06-21 06:00:00,2024-06-21,06:00:00,0.8605,Friday,6,6,Summer,0
10023456781,2024-06-21 07:00:00,2024-06-21,07:00:00,1.3485,Friday,7,6,Summer,0
10023456781,2024-06-21 08:00:00,2024-06-21,08:00:00,1.4270,Friday,8,6,Summer,0
10023456781,2024-06-21 09:00:00,2024-06-21,09:00:00,1.2918,Friday,9,6,Summer,0
10023456781,2024-06-21 10:00:00,2024-06-21,10:00:00,0.8479,Friday,10,6,Summer,0
10023456781,2024-06-21 11:00:00,2024-06-21,11:00:00,0.8518,Friday,11,6,Summer,0
10023456781,2024-06-21 12:00:00,2024-06-21,12:00:00,0.0503,Friday,12,6,Summer,1
10023456781,2024-06-21 13:00:00,2024-06-21,13:00:00,0.8515,Friday,13,6,Summer,0
10023456781,2024-06-21 14:00:00,2024-06-21,14:00:00,0.8606,Friday,14,6,Summer,0
10023456781,2024-06-21 15:00:00,2024-06-21,15:00:00,1.1496,Friday,15,6,Summer,0
10023456781,2024-06-21 16:00:00,2024-06-21,16:00:00,1.2391,Friday,16,6,Summer,0
10023456781,2024-06-21 17:00:00,2024-06-21,17:00:00,1.5078,Friday,17,6,Summer,0
10023456781,2024-06-21 18:00:00,2024-06-21,18:00:00,2.2969,Friday,18,6,Summer,0
10023456781,2024-06-21 19:00:00,2024-06-21,19:00:00,1.9149,Friday,19,6,Summer,0
10023456781,2024-06-21 20:00:00,2024-06-21,20:00:00,2.0065,Friday,20,6,Summer,0
10023456781,2024-06-21 21:00:00,2024-06-21,21:00:00,1.6545,Friday,21,6,Summer,0
10023456781,2024-06-21 22:00:00,2024-06-21,22:00:00,1.2150,Friday,22,6,Summer,0
10023456781,2024-06-21 23:00:00,2024-06-21,23:00:00,0.8322,Friday,23,6,Summer,0
10023456781,2024-06-22 00:00:00,2024-06-22,00:00:00,0.7167,Saturday,0,6,Summer,0
10023456781,2024-06-22 01:00:00,2024-06-22,01:00:00,0.5226,Saturday,1,6,Summer,0
10023456781,2024-06-22 02:00:00,2024-06-22,02:00:00,0.5562,Saturday,2,6,Summer,0
10023456781,2024-06-22 03:00:00,2024-06-22,03:00:00,0.4429,Saturday,3,6,Summer,0
10023456781,2024-06-22 04:00:00,2024-06-22,04:00:00,0.5873,Saturday,4,6,Summer,0
10023456781,2024-06-22 05:00:00,2024-06-22,05:00:00,0.6142,Saturday,5,6,Summer,0
10023456781,2024-06-22 06:00:00,2024-06-22,06:00:00,0.7694,Saturday,6,6,Summer,0
10023456781,2024-06-22 07:00:00,2024-06-22,07:00:00,1.3683,Saturday,7,6,Summer,0
10023456781,2024-06-22 08:00:00,2024-06-22,08:00:00,1.5865,Saturday,8,6,Summer,0
10023456781,2024-06-22 09:00:00,2024-06-22,09:00:00,1.6724,Saturday,9,6,Summer,0
10023456781,2024-06-22 10:00:00,2024-06-22,10:00:00,1.8285,Saturday,10,6,Summer,0
10023456781,2024-06-22 11:00:00,2024-06-22,11:00:00,1.7650,Saturday,11,6,Summer,0
10023456781,2024-06-22 12:00:00,2024-06-22,12:00:00,1.4995,Saturday,12,6,Summer,0
10023456781,2024-06-22 13:00:00,2024-06-22,13:00:00,1.5725,Saturday,13,6,Summer,0
10023456781,2024-06-22 14:00:00,2024-06-22,14:00:00,1.3957,Saturday,14,6,Summer,0
10023456781,2024-06-22 15:00:00,2024-06-22,15:00:00,1.3851,Saturday,15,6,Summer,0
10023456781,2024-06-22 16:00:00,2024-06-22,16:00:00,1.9307,Saturday,16,6,Summer,0
10023456781,2024-06-22 17:00:00,2024-06-22,17:00:00,1.9929,Saturday,17,6,Summer,0
10023456781,2024-06-22 18:00:00,2024-06-22,18:00:00,2.8595,Saturday,18,6,Summer,0
10023456781,2024-06-22 19:00:00,2024-06-22,19:00:00,2.8984,Saturday,19,6,Summer,0
10023456781,2024-06-22 20:00:00,2024-06-22,20:00:00,2.2131,Saturday,20,6,Summer,0
10023456781,2024-06-22 21:00:00,2024-06-22,21:00:00,2.5747,Saturday,21,6,Summer,0
10023456781,2024-06-22 22:00:00,2024-06-22,22:00:00,1.8219,Saturday,22,6,Summer,0
10023456781,2024-06-22 23:00:00,2024-06-22,23:00:00,1.3491,Saturday,23,6,Summer,0
10023456781,2024-06-23 00:00:00,2024-06-23,00:00:00,0.4769,Sunday,0,6,Summer,0
10023456781,2024-06-23 01:00:00,2024-06-23,01:00:00,0.4439,Sunday,1,6,Summer,0
10023456781,2024-06-23 02:00:00,2024-06-23,02:00:00,0.3667,Sunday,2,6,Summer,0
10023456781,2024-06-23 03:00:00,2024-06-23,03:00:00,0.4356,Sunday,3,6,Summer,0
10023456781,2024-06-23 04:00:00,2024-06-23,04:00:00,0.3004,Sunday,4,6,Summer,0
10023456781,2024-06-23 05:00:00,2024-06-23,05:00:00,0.5626,Sunday,5,6,Summer,0
10023456781,2024-06-23 06:00:00,2024-06-23,06:00:00,0.6300,Sunday,6,6,Summer,0
10023456781,2024-06-23 07:00:00,2024-06-23,07:00:00,1.0397,Sunday,7,6,Summer,0
10023456781,2024-06-23 08:00:00,2024-06-23,08:00:00,1.2741,Sunday,8,6,Summer,0
10023456781,2024-06-23 09:00:00,2024-06-23,09:00:00,1.7255,Sunday,9,6,Summer,0
10023456781,2024-06-23 10:00:00,2024-06-23,10:00:00,1.7197,Sunday,10,6,Summer,0
10023456781,2024-06-23 11:00:00,2024-06-23,11:00:00,1.3150,Sunday,11,6,Summer,0
10023456781,2024-06-23 12:00:00,2024-06-23,12:00:00,1.3527,Sunday,12,6,Summer,0
10023456781,2024-06-23 13:00:00,2024-06-23,13:00:00,1.1387,Sunday,13,6,Summer,0
10023456781,2024-06-23 14:00:00,2024-06-23,14:00:00,0.9571,Sunday,14,6,Summer,0
10023456781,2024-06-23 15:00:00,2024-06-23,15:00:00,1.3243,Sunday,15,6,Summer,0
10023456781,2024-06-23 16:00:00,2024-06-23,16:00:00,1.4040,Sunday,16,6,Summer,0
10023456781,2024-06-23 17:00:00,2024-06-23,17:00:00,1.4124,Sunday,17,6,Summer,0
10023456781,2024-06-23 18:00:00,2024-06-23,18:00:00,1.9150,Sunday,18,6,Summer,0
10023456781,2024-06-23 19:00:00,2024-06-23,19:00:00,2.6156,Sunday,19,6,Summer,0
10023456781,2024-06-23 20:00:00,2024-06-23,20:00:00,1.8681,Sunday,20,6,Summer,0
10023456781,2024-06-23 21:00:00,2024-06-23,21:00:00,1.9575,Sunday,21,6,Summer,0
10023456781,2024-06-23 22:00:00,2024-06-23,22:00:00,1.6006,Sunday,22,6,Summer,0
10023456781,2024-06-23 23:00:00,2024-06-23,23:00:00,0.9368,Sunday,23,6,Summer,0
10023456781,2024-06-24 00:00:00,2024-06-24,00:00:00,0.4034,Monday,0,6,Summer,0
10023456781,2024-06-24 01:00:00,2024-06-24,01:00:00,2.1890,Monday,1,6,Summer,1
10023456781,2024-06-24 02:00:00,2024-06-24,02:00:00,0.2991,Monday,2,6,Summer,0
10023456781,2024-06-24 03:00:00,2024-06-24,03:00:00,0.3009,Monday,3,6,Summer,0
10023456781,2024-06-24 04:00:00,2024-06-24,04:00:00,1.6346,Monday,4,6,Summer,1
10023456781,2024-06-24 05:00:00,2024-06-24,05:00:00,0.5022,Monday,5,6,Summer,0
10023456781,2024-06-24 06:00:00,2024-06-24,06:00:00,0.8902,Monday,6,6,Summer,0
10023456781,2024-06-24 07:00:00,2024-06-24,07:00:00,1.3165,Monday,7,6,Summer,0
10023456781,2024-06-24 08:00:00,2024-06-24,08:00:00,1.5442,Monday,8,6,Summer,0
10023456781,2024-06-24 09:00:00,2024-06-24,09:00:00,1.2423,Monday,9,6,Summer,0
10023456781,2024-06-24 10:00:00,2024-06-24,10:00:00,0.7967,Monday,10,6,Summer,0
10023456781,2024-06-24 11:00:00,2024-06-24,11:00:00,0.8364,Monday,11,6,Summer,0
10023456781,2024-06-24 12:00:00,2024-06-24,12:00:00,1.0724,Monday,12,6,Summer,0
10023456781,2024-06-24 13:00:00,2024-06-24,13:00:00,0.8942,Monday,13,6,Summer,0
10023456781,2024-06-24 14:00:00,2024-06-24,14:00:00,0.8310,Monday,14,6,Summer,0
10023456781,2024-06-24 15:00:00,2024-06-24,15:00:00,0.9784,Monday,15,6,Summer,0
10023456781,2024-06-24 16:00:00,2024-06-24,16:00:00,1.1814,Monday,16,6,Summer,0
10023456781,2024-06-24 17:00:00,2024-06-24,17:00:00,1.2396,Monday,17,6,Summer,0
10023456781,2024-06-24 18:00:00,2024-06-24,18:00:00,1.7211,Monday,18,6,Summer,0
10023456781,2024-06-24 19:00:00,2024-06-24,19:00:00,1.8100,Monday,19,6,Summer,0
10023456781,2024-06-24 20:00:00,2024-06-24,20:00:00,1.7824,Monday,20,6,Summer,0
10023456781,2024-06-24 21:00:00,2024-06-24,21:00:00,1.4228,Monday,21,6,Summer,0
10023456781,2024-06-24 22:00:00,2024-06-24,22:00:00,1.0639,Monday,22,6,Summer,0
10023456781,2024-06-24 23:00:00,2024-06-24,23:00:00,0.6945,Monday,23,6,Summer,0
10023456781,2024-06-25 00:00:00,2024-06-25,00:00:00,0.6476,Tuesday,0,6,Summer,0
10023456781,2024-06-25 01:00:00,2024-06-25,01:00:00,0.6250,Tuesday,1,6,Summer,0
10023456781,2024-06-25 02:00:00,2024-06-25,02:00:00,0.6209,Tuesday,2,6,Summer,0
10023456781,2024-06-25 03:00:00,2024-06-25,03:00:00,0.7432,Tuesday,3,6,Summer,0
10023456781,2024-06-25 04:00:00,2024-06-25,04:00:00,0.6068,Tuesday,4,6,Summer,0
10023456781,2024-06-25 05:00:00,2024-06-25,05:00:00,0.7795,Tuesday,5,6,Summer,0
10023456781,2024-06-25 06:00:00,2024-06-25,06:00:00,1.4737,Tuesday,6,6,Summer,0
10023456781,2024-06-25 07:00:00,2024-06-25,07:00:00,2.5705,Tuesday,7,6,Summer,0
10023456781,2024-06-25 08:00:00,2024-06-25,08:00:00,2.0443,Tuesday,8,6,Summer,0
10023456781,2024-06-25 09:00:00,2024-06-25,09:00:00,1.8949,Tuesday,9,6,Summer,0
10023456781,2024-06-25 10:00:00,2024-06-25,10:00:00,1.9449,Tuesday,10,6,Summer,0
10023456781,2024-06-25 11:00:00,2024-06-25,11:00:00,1.5816,Tuesday,11,6,Summer,0
10023456781,2024-06-25 12:00:00,2024-06-25,12:00:00,1.7794,Tuesday,12,6,Summer,0
10023456781,2024-06-25 13:00:00,2024-06-25,13:00:00,1.4305,Tuesday,13,6,Summer,0
10023456781,2024-06-25 14:00:00,2024-06-25,14:00:00,1.8515,Tuesday,14,6,Summer,0
10023456781,2024-06-25 15:00:00,2024-06-25,15:00:00,1.6364,Tuesday,15,6,Summer,0
10023456781,2024-06-25 16:00:00,2024-06-25,16:00:00,2.0214,Tuesday,16,6,Summer,0
10023456781,2024-06-25 17:00:00,2024-06-25,17:00:00,2.6690,Tuesday,17,6,Summer,0
10023456781,2024-06-25 18:00:00,2024-06-25,18:00:00,3.4826,Tuesday,18,6,Summer,0
10023456781,2024-06-25 19:00:00,2024-06-25,19:00:00,3.8621,Tuesday,19,6,Summer,0
10023456781,2024-06-25 20:00:00,2024-06-25,20:00:00,2.9442,Tuesday,20,6,Summer,0
10023456781,2024-06-25 21:00:00,2024-06-25,21:00:00,3.0761,Tuesday,21,6,Summer,0
10023456781,2024-06-25 22:00:00,2024-06-25,22:00:00,1.9119,Tuesday,22,6,Summer,0
10023456781,2024-06-25 23:00:00,2024-06-25,23:00:00,1.1944,Tuesday,23,6,Summer,0
10023456781,2024-06-26 00:00:00,2024-06-26,00:00:00,0.4840,Wednesday,0,6,Summer,0
10023456781,2024-06-26 01:00:00,2024-06-26,01:00:00,0.4183,Wednesday,1,6,Summer,0
10023456781,2024-06-26 02:00:00,2024-06-26,02:00:00,0.3364,Wednesday,2,6,Summer,0
10023456781,2024-06-26 03:00:00,2024-06-26,03:00:00,0.4051,Wednesday,3,6,Summer,0
10023456781,2024-06-26 04:00:00,2024-06-26,04:00:00,0.4654,Wednesday,4,6,Summer,0
10023456781,2024-06-26 05:00:00,2024-06-26,05:00:00,0.4817,Wednesday,5,6,Summer,0
10023456781,2024-06-26 06:00:00,2024-06-26,06:00:00,1.1624,Wednesday,6,6,Summer,0
10023456781,2024-06-26 07:00:00,2024-06-26,07:00:00,1.5288,Wednesday,7,6,Summer,0
10023456781,2024-06-26 08:00:00,2024-06-26,08:00:00,1.8033,Wednesday,8,6,Summer,0
10023456781,2024-06-26 09:00:00,2024-06-26,09:00:00,1.5459,Wednesday,9,6,Summer,0
10023456781,2024-06-26 10:00:00,2024-06-26,10:00:00,1.0341,Wednesday,10,6,Summer,0
10023456781,2024-06-26 11:00:00,2024-06-26,11:00:00,0.9416,Wednesday,11,6,Summer,0
10023456781,2024-06-26 12:00:00,2024-06-26,12:00:00,0.9250,Wednesday,12,6,Summer,0
10023456781,2024-06-26 13:00:00,2024-06-26,13:00:00,0.0450,Wednesday,13,6,Summer,1
10023456781,2024-06-26 14:00:00,2024-06-26,14:00:00,1.1159,Wednesday,14,6,Summer,0
10023456781,2024-06-26 15:00:00,2024-06-26,15:00:00,1.1350,Wednesday,15,6,Summer,0
10023456781,2024-06-26 16:00:00,2024-06-26,16:00:00,1.2510,Wednesday,16,6,Summer,0
10023456781,2024-06-26 17:00:00,2024-06-26,17:00:00,1.5010,Wednesday,17,6,Summer,0
10023456781,2024-06-26 18:00:00,2024-06-26,18:00:00,2.0113,Wednesday,18,6,Summer,0
10023456781,2024-06-26 19:00:00,2024-06-26,19:00:00,2.1519,Wednesday,19,6,Summer,0
10023456781,2024-06-26 20:00:00,2024-06-26,20:00:00,2.3887,Wednesday,20,6,Summer,0
10023456781,2024-06-26 21:00:00,2024-06-26,21:00:00,2.1204,Wednesday,21,6,Summer,0
10023456781,2024-06-26 22:00:00,2024-06-26,22:00:00,1.3905,Wednesday,22,6,Summer,0
10023456781,2024-06-26 23:00:00,2024-06-26,23:00:00,0.7739,Wednesday,23,6,Summer,0
10023456781,2024-06-27 00:00:00,2024-06-27,00:00:00,0.4134,Thursday,0,6,Summer,0
10023456781,2024-06-27 01:00:00,2024-06-27,01:00:00,0.3342,Thursday,1,6,Summer,0
10023456781,2024-06-27 02:00:00,2024-06-27,02:00:00,0.2989,Thursday,2,6,Summer,0
10023456781,2024-06-27 03:00:00,2024-06-27,03:00:00,0.2995,Thursday,3,6,Summer,0
10023456781,2024-06-27 04:00:00,2024-06-27,04:00:00,0.3489,Thursday,4,6,Summer,0
10023456781,2024-06-27 05:00:00,2024-06-27,05:00:00,0.4623,Thursday,5,6,Summer,0
10023456781,2024-06-27 06:00:00,2024-06-27,06:00:00,0.8829,Thursday,6,6,Summer,0
10023456781,2024-06-27 07:00:00,2024-06-27,07:00:00,1.1747,Thursday,7,6,Summer,0
10023456781,2024-06-27 08:00:00,2024-06-27,08:00:00,1.5848,Thursday,8,6,Summer,0
10023456781,2024-06-27 09:00:00,2024-06-27,09:00:00,1.2005,Thursday,9,6,Summer,0
10023456781,2024-06-27 10:00:00,2024-06-27,10:00:00,0.8896,Thursday,10,6,Summer,0
10023456781,2024-06-27 11:00:00,2024-06-27,11:00:00,0.8481,Thursday,11,6,Summer,0
10023456781,2024-06-27 12:00:00,2024-06-27,12:00:00,0.9273,Thursday,12,6,Summer,0
10023456781,2024-06-27 13:00:00,2024-06-27,13:00:00,0.9026,Thursday,13,6,Summer,0
10023456781,2024-06-27 14:00:00,2024-06-27,14:00:00,0.9697,Thursday,14,6,Summer,0
10023456781,2024-06-27 15:00:00,2024-06-27,15:00:00,1.0206,Thursday,15,6,Summer,0
10023456781,2024-06-27 16:00:00,2024-06-27,16:00:00,1.2512,Thursday,16,6,Summer,0
10023456781,2024-06-27 17:00:00,2024-06-27,17:00:00,1.4594,Thursday,17,6,Summer,0
10023456781,2024-06-27 18:00:00,2024-06-27,18:00:00,1.7490,Thursday,18,6,Summer,0
10023456781,2024-06-27 19:00:00,2024-06-27,19:00:00,2.1166,Thursday,19,6,Summer,0
10023456781,2024-06-27 20:00:00,2024-06-27,20:00:00,2.1845,Thursday,20,6,Summer,0
10023456781,2024-06-27 21:00:00,2024-06-27,21:00:00,1.5425,Thursday,21,6,Summer,0
10023456781,2024-06-27 22:00:00,2024-06-27,22:00:00,6.4842,Thursday,22,6,Summer,1
10023456781,2024-06-27 23:00:00,2024-06-27,23:00:00,0.6526,Thursday,23,6,Summer,0
10023456781,2024-06-28 00:00:00,2024-06-28,00:00:00,0.4087,Friday,0,6,Summer,0
10023456781,2024-06-28 01:00:00,2024-06-28,01:00:00,0.2961,Friday,1,6,Summer,0
10023456781,2024-06-28 02:00:00,2024-06-28,02:00:00,0.2899,Friday,2,6,Summer,0
10023456781,2024-06-28 03:00:00,2024-06-28,03:00:00,0.2659,Friday,3,6,Summer,0
10023456781,2024-06-28 04:00:00,2024-06-28,04:00:00,0.3790,Friday,4,6,Summer,0
10023456781,2024-06-28 05:00:00,2024-06-28,05:00:00,0.6693,Friday,5,6,Summer,0
10023456781,2024-06-28 06:00:00,2024-06-28,06:00:00,1.0080,Friday,6,6,Summer,0
10023456781,2024-06-28 07:00:00,2024-06-28,07:00:00,1.1355,Friday,7,6,Summer,0
10023456781,2024-06-28 08:00:00,2024-06-28,08:00:00,1.5786,Friday,8,6,Summer,0
10023456781,2024-06-28 09:00:00,2024-06-28,09:00:00,1.1419,Friday,9,6,Summer,0
10023456781,2024-06-28 10:00:00,2024-06-28,10:00:00,0.8270,Friday,10,6,Summer,0
10023456781,2024-06-28 11:00:00,2024-06-28,11:00:00,0.7426,Friday,11,6,Summer,0
10023456781,2024-06-28 12:00:00,2024-06-28,12:00:00,1.1949,Friday,12,6,Summer,0
10023456781,2024-06-28 13:00:00,2024-06-28,13:00:00,1.0036,Friday,13,6,Summer,0
10023456781,2024-06-28 14:00:00,2024-06-28,14:00:00,0.9786,Friday,14,6,Summer,0
10023456781,2024-06-28 15:00:00,2024-06-28,15:00:00,0.9720,Friday,15,6,Summer,0
10023456781,2024-06-28 16:00:00,2024-06-28,16:00:00,1.0892,Friday,16,6,Summer,0
10023456781,2024-06-28 17:00:00,2024-06-28,17:00:00,1.4668,Friday,17,6,Summer,0
10023456781,2024-06-28 18:00:00,2024-06-28,18:00:00,1.9470,Friday,18,6,Summer,0
10023456781,2024-06-28 19:00:00,2024-06-28,19:00:00,2.4474,Friday,19,6,Summer,0
10023456781,2024-06-28 20:00:00,2024-06-28,20:00:00,1.8612,Friday,20,6,Summer,0
10023456781,2024-06-28 21:00:00,2024-06-28,21:00:00,1.8795,Friday,21,6,Summer,0
10023456781,2024-06-28 22:00:00,2024-06-28,22:00:00,1.1641,Friday,22,6,Summer,0
10023456781,2024-06-28 23:00:00,2024-06-28,23:00:00,0.6395,Friday,23,6,Summer,0
10023456781,2024-06-29 00:00:00,2024-06-29,00:00:00,0.4635,Saturday,0,6,Summer,0
10023456781,2024-06-29 01:00:00,2024-06-29,01:00:00,0.4075,Saturday,1,6,Summer,0
10023456781,2024-06-29 02:00:00,2024-06-29,02:00:00,0.3014,Saturday,2,6,Summer,0
10023456781,2024-06-29 03:00:00,2024-06-29,03:00:00,0.3657,Saturday,3,6,Summer,0
10023456781,2024-06-29 04:00:00,2024-06-29,04:00:00,0.4220,Saturday,4,6,Summer,0
10023456781,2024-06-29 05:00:00,2024-06-29,05:00:00,0.4500,Saturday,5,6,Summer,0
10023456781,2024-06-29 06:00:00,2024-06-29,06:00:00,0.6159,Saturday,6,6,Summer,0
10023456781,2024-06-29 07:00:00,2024-06-29,07:00:00,0.9045,Saturday,7,6,Summer,0
10023456781,2024-06-29 08:00:00,2024-06-29,08:00:00,1.6585,Saturday,8,6,Summer,0
10023456781,2024-06-29 09:00:00,2024-06-29,09:00:00,1.5739,Saturday,9,6,Summer,0
10023456781,2024-06-29 10:00:00,2024-06-29,10:00:00,1.3902,Saturday,10,6,Summer,0
10023456781,2024-06-29 11:00:00,2024-06-29,11:00:00,1.2849,Saturday,11,6,Summer,0
10023456781,2024-06-29 12:00:00,2024-06-29,12:00:00,1.1387,Saturday,12,6,Summer,0
10023456781,2024-06-29 13:00:00,2024-06-29,13:00:00,1.1248,Saturday,13,6,Summer,0
10023456781,2024-06-29 14:00:00,2024-06-29,14:00:00,0.9754,Saturday,14,6,Summer,0
10023456781,2024-06-29 15:00:00,2024-06-29,15:00:00,1.3054,Saturday,15,6,Summer,0
10023456781,2024-06-29 16:00:00,2024-06-29,16:00:00,1.6029,Saturday,16,6,Summer,0
10023456781,2024-06-29 17:00:00,2024-06-29,17:00:00,1.6151,Saturday,17,6,Summer,0
10023456781,2024-06-29 18:00:00,2024-06-29,18:00:00,1.7991,Saturday,18,6,Summer,0
10023456781,2024-06-29 19:00:00,2024-06-29,19:00:00,1.8693,Saturday,19,6,Summer,0
10023456781,2024-06-29 20:00:00,2024-06-29,20:00:00,2.0171,Saturday,20,6,Summer,0
10023456781,2024-06-29 21:00:00,2024-06-29,21:00:00,1.9073,Saturday,21,6,Summer,0
10023456781,2024-06-29 22:00:00,2024-06-29,22:00:00,1.5068,Saturday,22,6,Summer,0
10023456781,2024-06-29 23:00:00,2024-06-29,23:00:00,0.7816,Saturday,23,6,Summer,0
10023456781,2024-06-30 00:00:00,2024-06-30,00:00:00,0.4745,Sunday,0,6,Summer,0
10023456781,2024-06-30 01:00:00,2024-06-30,01:00:00,0.4190,Sunday,1,6,Summer,0
10023456781,2024-06-30 02:00:00,2024-06-30,02:00:00,0.3534,Sunday,2,6,Summer,0
10023456781,2024-06-30 03:00:00,2024-06-30,03:00:00,0.3556,Sunday,3,6,Summer,0
10023456781,2024-06-30 04:00:00,2024-06-30,04:00:00,0.3637,Sunday,4,6,Summer,0
10023456781,2024-06-30 05:00:00,2024-06-30,05:00:00,0.5522,Sunday,5,6,Summer,0
10023456781,2024-06-30 06:00:00,2024-06-30,06:00:00,0.7034,Sunday,6,6,Summer,0
10023456781,2024-06-30 07:00:00,2024-06-30,07:00:00,0.9987,Sunday,7,6,Summer,0
10023456781,2024-06-30 08:00:00,2024-06-30,08:00:00,1.2528,Sunday,8,6,Summer,0
10023456781,2024-06-30 09:00:00,2024-06-30,09:00:00,1.4554,Sunday,9,6,Summer,0
10023456781,2024-06-30 10:00:00,2024-06-30,10:00:00,1.6552,Sunday,10,6,Summer,0
10023456781,2024-06-30 11:00:00,2024-06-30,11:00:00,2.0853,Sunday,11,6,Summer,1
10023456781,2024-06-30 12:00:00,2024-06-30,12:00:00,2.1909,Sunday,12,6,Summer,1
10023456781,2024-06-30 13:00:00,2024-06-30,13:00:00,2.3098,Sunday,13,6,Summer,1
10023456781,2024-06-30 14:00:00,2024-06-30,14:00:00,2.3754,Sunday,14,6,Summer,1
10023456781,2024-06-30 15:00:00,2024-06-30,15:00:00,2.9837,Sunday,15,6,Summer,1
10023456781,2024-06-30 16:00:00,2024-06-30,16:00:00,1.2487,Sunday,16,6,Summer,0
10023456781,2024-06-30 17:00:00,2024-06-30,17:00:00,5.3789,Sunday,17,6,Summer,1
10023456781,2024-06-30 18:00:00,2024-06-30,18:00:00,1.6017,Sunday,18,6,Summer,0
10023456781,2024-06-30 19:00:00,2024-06-30,19:00:00,2.1972,Sunday,19,6,Summer,0
10023456781,2024-06-30 20:00:00,2024-06-30,20:00:00,1.9157,Sunday,20,6,Summer,0
10023456781,2024-06-30 21:00:00,2024-06-30,21:00:00,1.8614,Sunday,21,6,Summer,0
10023456781,2024-06-30 22:00:00,2024-06-30,22:00:00,1.2317,Sunday,22,6,Summer,0
10023456781,2024-06-30 23:00:00,2024-06-30,23:00:00,1.0872,Sunday,23,6,Summer,0
10023456781,2024-07-01 00:00:00,2024-07-01,00:00:00,0.4620,Monday,0,7,Summer,0
10023456781,2024-07-01 01:00:00,2024-07-01,01:00:00,0.4284,Monday,1,7,Summer,0
10023456781,2024-07-01 02:00:00,2024-07-01,02:00:00,0.3761,Monday,2,7,Summer,0
10023456781,2024-07-01 03:00:00,2024-07-01,03:00:00,0.3697,Monday,3,7,Summer,0
10023456781,2024-07-01 04:00:00,2024-07-01,04:00:00,0.3018,Monday,4,7,Summer,0
10023456781,2024-07-01 05:00:00,2024-07-01,05:00:00,0.5486,Monday,5,7,Summer,0
10023456781,2024-07-01 06:00:00,2024-07-01,06:00:00,0.8716,Monday,6,7,Summer,0
10023456781,2024-07-01 07:00:00,2024-07-01,07:00:00,1.1798,Monday,7,7,Summer,0
10023456781,2024-07-01 08:00:00,2024-07-01,08:00:00,1.3273,Monday,8,7,Summer,0
10023456781,2024-07-01 09:00:00,2024-07-01,09:00:00,1.1775,Monday,9,7,Summer,0
10023456781,2024-07-01 10:00:00,2024-07-01,10:00:00,0.9219,Monday,10,7,Summer,0
10023456781,2024-07-01 11:00:00,2024-07-01,11:00:00,0.7128,Monday,11,7,Summer,0
10023456781,2024-07-01 12:00:00,2024-07-01,12:00:00,0.9661,Monday,12,7,Summer,0
10023456781,2024-07-01 13:00:00,2024-07-01,13:00:00,0.9750,Monday,13,7,Summer,0
10023456781,2024-07-01 14:00:00,2024-07-01,14:00:00,0.7468,Monday,14,7,Summer,0
10023456781,2024-07-01 15:00:00,2024-07-01,15:00:00,0.9804,Monday,15,7,Summer,0
10023456781,2024-07-01 16:00:00,2024-07-01,16:00:00,1.0521,Monday,16,7,Summer,0
10023456781,2024-07-01 17:00:00,2024-07-01,17:00:00,1.5090,Monday,17,7,Summer,0
10023456781,2024-07-01 18:00:00,2024-07-01,18:00:00,1.8476,Monday,18,7,Summer,0
10023456781,2024-07-01 19:00:00,2024-07-01,19:00:00,1.9519,Monday,19,7,Summer,0
10023456781,2024-07-01 20:00:00,2024-07-01,20:00:00,2.0596,Monday,20,7,Summer,0
10023456781,2024-07-01 21:00:00,2024-07-01,21:00:00,1.8386,Monday,21,7,Summer,0
10023456781,2024-07-01 22:00:00,2024-07-01,22:00:00,1.0104,Monday,22,7,Summer,0
10023456781,2024-07-01 23:00:00,2024-07-01,23:00:00,0.6801,Monday,23,7,Summer,0
10023456781,2024-07-02 00:00:00,2024-07-02,00:00:00,0.3638,Tuesday,0,7,Summer,0
10023456781,2024-07-02 01:00:00,2024-07-02,01:00:00,0.4899,Tuesday,1,7,Summer,0
10023456781,2024-07-02 02:00:00,2024-07-02,02:00:00,0.2979,Tuesday,2,7,Summer,0
10023456781,2024-07-02 03:00:00,2024-07-02,03:00:00,0.3209,Tuesday,3,7,Summer,0
10023456781,2024-07-02 04:00:00,2024-07-02,04:00:00,0.5542,Tuesday,4,7,Summer,0
10023456781,2024-07-02 05:00:00,2024-07-02,05:00:00,0.7041,Tuesday,5,7,Summer,0
10023456781,2024-07-02 06:00:00,2024-07-02,06:00:00,1.3486,Tuesday,6,7,Summer,0
10023456781,2024-07-02 07:00:00,2024-07-02,07:00:00,1.4014,Tuesday,7,7,Summer,0
10023456781,2024-07-02 08:00:00,2024-07-02,08:00:00,1.4248,Tuesday,8,7,Summer,0
10023456781,2024-07-02 09:00:00,2024-07-02,09:00:00,1.4107,Tuesday,9,7,Summer,0
10023456781,2024-07-02 10:00:00,2024-07-02,10:00:00,0.9555,Tuesday,10,7,Summer,0
10023456781,2024-07-02 11:00:00,2024-07-02,11:00:00,1.0491,Tuesday,11,7,Summer,0
10023456781,2024-07-02 12:00:00,2024-07-02,12:00:00,0.9890,Tuesday,12,7,Summer,0
10023456781,2024-07-02 13:00:00,2024-07-02,13:00:00,1.0906,Tuesday,13,7,Summer,0
10023456781,2024-07-02 14:00:00,2024-07-02,14:00:00,0.8087,Tuesday,14,7,Summer,0
10023456781,2024-07-02 15:00:00,2024-07-02,15:00:00,1.2437,Tuesday,15,7,Summer,0
10023456781,2024-07-02 16:00:00,2024-07-02,16:00:00,1.1994,Tuesday,16,7,Summer,0
10023456781,2024-07-02 17:00:00,2024-07-02,17:00:00,0.2182,Tuesday,17,7,Summer,1
10023456781,2024-07-02 18:00:00,2024-07-02,18:00:00,2.0394,Tuesday,18,7,Summer,0
10023456781,2024-07-02 19:00:00,2024-07-02,19:00:00,1.9637,Tuesday,19,7,Summer,0
10023456781,2024-07-02 20:00:00,2024-07-02,20:00:00,2.3256,Tuesday,20,7,Summer,0
10023456781,2024-07-02 21:00:00,2024-07-02,21:00:00,1.8255,Tuesday,21,7,Summer,0
10023456781,2024-07-02 22:00:00,2024-07-02,22:00:00,1.4151,Tuesday,22,7,Summer,0
10023456781,2024-07-02 23:00:00,2024-07-02,23:00:00,0.7582,Tuesday,23,7,Summer,0
10023456781,2024-07-03 00:00:00,2024-07-03,00:00:00,0.5288,Wednesday,0,7,Summer,0
10023456781,2024-07-03 01:00:00,2024-07-03,01:00:00,0.3881,Wednesday,1,7,Summer,0
10023456781,2024-07-03 02:00:00,2024-07-03,02:00:00,0.3728,Wednesday,2,7,Summer,0
10023456781,2024-07-03 03:00:00,2024-07-03,03:00:00,0.3421,Wednesday,3,7,Summer,0
10023456781,2024-07-03 04:00:00,2024-07-03,04:00:00,0.4949,Wednesday,4,7,Summer,0
10023456781,2024-07-03 05:00:00,2024-07-03,05:00:00,0.7711,Wednesday,5,7,Summer,0
10023456781,2024-07-03 06:00:00,2024-07-03,06:00:00,1.1502,Wednesday,6,7,Summer,0
10023456781,2024-07-03 07:00:00,2024-07-03,07:00:00,1.5392,Wednesday,7,7,Summer,0
10023456781,2024-07-03 08:00:00,2024-07-03,08:00:00,1.8984,Wednesday,8,7,Summer,0
10023456781,2024-07-03 09:00:00,2024-07-03,09:00:00,1.8690,Wednesday,9,7,Summer,0
10023456781,2024-07-03 10:00:00,2024-07-03,10:00:00,1.3361,Wednesday,10,7,Summer,0
10023456781,2024-07-03 11:00:00,2024-07-03,11:00:00,1.0611,Wednesday,11,7,Summer,0
10023456781,2024-07-03 12:00:00,2024-07-03,12:00:00,1.1219,Wednesday,12,7,Summer,0
10023456781,2024-07-03 13:00:00,2024-07-03,13:00:00,1.1273,Wednesday,13,7,Summer,0
10023456781,2024-07-03 14:00:00,2024-07-03,14:00:00,1.2222,Wednesday,14,7,Summer,0
10023456781,2024-07-03 15:00:00,2024-07-03,15:00:00,1.1528,Wednesday,15,7,Summer,0
10023456781,2024-07-03 16:00:00,2024-07-03,16:00:00,1.6308,Wednesday,16,7,Summer,0
10023456781,2024-07-03 17:00:00,2024-07-03,17:00:00,1.7184,Wednesday,17,7,Summer,0
10023456781,2024-07-03 18:00:00,2024-07-03,18:00:00,2.0027,Wednesday,18,7,Summer,0
10023456781,2024-07-03 19:00:00,2024-07-03,19:00:00,3.0058,Wednesday,19,7,Summer,0
10023456781,2024-07-03 20:00:00,2024-07-03,20:00:00,2.7498,Wednesday,20,7,Summer,0
10023456781,2024-07-03 21:00:00,2024-07-03,21:00:00,2.0679,Wednesday,21,7,Summer,0
10023456781,2024-07-03 22:00:00,2024-07-03,22:00:00,1.4745,Wednesday,22,7,Summer,0
10023456781,2024-07-03 23:00:00,2024-07-03,23:00:00,1.0291,Wednesday,23,7,Summer,0
10023456781,2024-07-04 00:00:00,2024-07-04,00:00:00,0.4210,Thursday,0,7,Summer,0
10023456781,2024-07-04 01:00:00,2024-07-04,01:00:00,0.5058,Thursday,1,7,Summer,0
10023456781,2024-07-04 02:00:00,2024-07-04,02:00:00,0.4402,Thursday,2,7,Summer,0
10023456781,2024-07-04 03:00:00,2024-07-04,03:00:00,0.4835,Thursday,3,7,Summer,0
10023456781,2024-07-04 04:00:00,2024-07-04,04:00:00,0.4234,Thursday,4,7,Summer,0
10023456781,2024-07-04 05:00:00,2024-07-04,05:00:00,0.7415,Thursday,5,7,Summer,0
10023456781,2024-07-04 06:00:00,2024-07-04,06:00:00,1.0190,Thursday,6,7,Summer,0
10023456781,2024-07-04 07:00:00,2024-07-04,07:00:00,1.5411,Thursday,7,7,Summer,0
10023456781,2024-07-04 08:00:00,2024-07-04,08:00:00,1.5987,Thursday,8,7,Summer,0
10023456781,2024-07-04 09:00:00,2024-07-04,09:00:00,1.4704,Thursday,9,7,Summer,0
10023456781,2024-07-04 10:00:00,2024-07-04,10:00:00,1.0924,Thursday,10,7,Summer,0
10023456781,2024-07-04 11:00:00,2024-07-04,11:00:00,0.9934,Thursday,11,7,Summer,0
10023456781,2024-07-04 12:00:00,2024-07-04,12:00:00,0.9912,Thursday,12,7,Summer,0
10023456781,2024-07-04 13:00:00,2024-07-04,13:00:00,1.1989,Thursday,13,7,Summer,0
10023456781,2024-07-04 14:00:00,2024-07-04,14:00:00,1.0580,Thursday,14,7,Summer,0
10023456781,2024-07-04 15:00:00,2024-07-04,15:00:00,1.2530,Thursday,15,7,Summer,0
10023456781,2024-07-04 16:00:00,2024-07-04,16:00:00,1.2846,Thursday,16,7,Summer,0
10023456781,2024-07-04 17:00:00,2024-07-04,17:00:00,1.5296,Thursday,17,7,Summer,0
10023456781,2024-07-04 18:00:00,2024-07-04,18:00:00,2.0133,Thursday,18,7,Summer,0
10023456781,2024-07-04 19:00:00,2024-07-04,19:00:00,2.4824,Thursday,19,7,Summer,0
10023456781,2024-07-04 20:00:00,2024-07-04,20:00:00,2.1208,Thursday,20,7,Summer,0
10023456781,2024-07-04 21:00:00,2024-07-04,21:00:00,1.9139,Thursday,21,7,Summer,0
10023456781,2024-07-04 22:00:00,2024-07-04,22:00:00,1.6251,Thursday,22,7,Summer,0
10023456781,2024-07-04 23:00:00,2024-07-04,23:00:00,0.9780,Thursday,23,7,Summer,0
10023456781,2024-07-05 00:00:00,2024-07-05,00:00:00,0.4240,Friday,0,7,Summer,0
10023456781,2024-07-05 01:00:00,2024-07-05,01:00:00,0.4546,Friday,1,7,Summer,0
10023456781,2024-07-05 02:00:00,2024-07-05,02:00:00,0.3250,Friday,2,7,Summer,0
10023456781,2024-07-05 03:00:00,2024-07-05,03:00:00,0.3402,Friday,3,7,Summer,0
10023456781,2024-07-05 04:00:00,2024-07-05,04:00:00,0.4326,Friday,4,7,Summer,0
10023456781,2024-07-05 05:00:00,2024-07-05,05:00:00,0.6198,Friday,5,7,Summer,0
10023456781,2024-07-05 06:00:00,2024-07-05,06:00:00,1.0468,Friday,6,7,Summer,0
10023456781,2024-07-05 07:00:00,2024-07-05,07:00:00,1.5468,Friday,7,7,Summer,0
10023456781,2024-07-05 08:00:00,2024-07-05,08:00:00,1.4380,Friday,8,7,Summer,0
10023456781,2024-07-05 09:00:00,2024-07-05,09:00:00,1.4486,Friday,9,7,Summer,0
10023456781,2024-07-05 10:00:00,2024-07-05,10:00:00,1.3226,Friday,10,7,Summer,0
10023456781,2024-07-05 11:00:00,2024-07-05,11:00:00,0.9277,Friday,11,7,Summer,0
10023456781,2024-07-05 12:00:00,2024-07-05,12:00:00,1.1344,Friday,12,7,Summer,0
10023456781,2024-07-05 13:00:00,2024-07-05,13:00:00,0.9959,Friday,13,7,Summer,0
10023456781,2024-07-05 14:00:00,2024-07-05,14:00:00,1.0926,Friday,14,7,Summer,0
10023456781,2024-07-05 15:00:00,2024-07-05,15:00:00,1.0650,Friday,15,7,Summer,0
10023456781,2024-07-05 16:00:00,2024-07-05,16:00:00,1.2087,Friday,16,7,Summer,0
10023456781,2024-07-05 17:00:00,2024-07-05,17:00:00,1.8385,Friday,17,7,Summer,0
10023456781,2024-07-05 18:00:00,2024-07-05,18:00:00,1.9517,Friday,18,7,Summer,0
10023456781,2024-07-05 19:00:00,2024-07-05,19:00:00,2.8372,Friday,19,7,Summer,0
10023456781,2024-07-05 20:00:00,2024-07-05,20:00:00,2.0498,Friday,20,7,Summer,0
10023456781,2024-07-05 21:00:00,2024-07-05,21:00:00,1.8048,Friday,21,7,Summer,0
10023456781,2024-07-05 22:00:00,2024-07-05,22:00:00,1.2776,Friday,22,7,Summer,0
10023456781,2024-07-05 23:00:00,2024-07-05,23:00:00,0.7912,Friday,23,7,Summer,0
10023456781,2024-07-06 00:00:00,2024-07-06,00:00:00,0.5428,Saturday,0,7,Summer,0
10023456781,2024-07-06 01:00:00,2024-07-06,01:00:00,0.5762,Saturday,1,7,Summer,0
10023456781,2024-07-06 02:00:00,2024-07-06,02:00:00,0.4709,Saturday,2,7,Summer,0
10023456781,2024-07-06 03:00:00,2024-07-06,03:00:00,0.4530,Saturday,3,7,Summer,0
10023456781,2024-07-06 04:00:00,2024-07-06,04:00:00,0.4336,Saturday,4,7,Summer,0
10023456781,2024-07-06 05:00:00,2024-07-06,05:00:00,0.5610,Saturday,5,7,Summer,0
10023456781,2024-07-06 06:00:00,2024-07-06,06:00:00,0.6171,Saturday,6,7,Summer,0
10023456781,2024-07-06 07:00:00,2024-07-06,07:00:00,1.2756,Saturday,7,7,Summer,0
10023456781,2024-07-06 08:00:00,2024-07-06,08:00:00,1.4209,Saturday,8,7,Summer,0
10023456781,2024-07-06 09:00:00,2024-07-06,09:00:00,1.7496,Saturday,9,7,Summer,0
10023456781,2024-07-06 10:00:00,2024-07-06,10:00:00,1.8379,Saturday,10,7,Summer,0
10023456781,2024-07-06 11:00:00,2024-07-06,11:00:00,1.3343,Saturday,11,7,Summer,0
10023456781,2024-07-06 12:00:00,2024-07-06,12:00:00,1.5266,Saturday,12,7,Summer,0
10023456781,2024-07-06 13:00:00,2024-07-06,13:00:00,1.4123,Saturday,13,7,Summer,0
10023456781,2024-07-06 14:00:00,2024-07-06,14:00:00,1.3061,Saturday,14,7,Summer,0
10023456781,2024-07-06 15:00:00,2024-07-06,15:00:00,1.3174,Saturday,15,7,Summer,0
10023456781,2024-07-06 16:00:00,2024-07-06,16:00:00,2.1060,Saturday,16,7,Summer,0
10023456781,2024-07-06 17:00:00,2024-07-06,17:00:00,1.8201,Saturday,17,7,Summer,0
10023456781,2024-07-06 18:00:00,2024-07-06,18:00:00,2.5530,Saturday,18,7,Summer,0
10023456781,2024-07-06 19:00:00,2024-07-06,19:00:00,2.7293,Saturday,19,7,Summer,0
10023456781,2024-07-06 20:00:00,2024-07-06,20:00:00,2.6635,Saturday,20,7,Summer,0
10023456781,2024-07-06 21:00:00,2024-07-06,21:00:00,2.3482,Saturday,21,7,Summer,0
10023456781,2024-07-06 22:00:00,2024-07-06,22:00:00,1.4751,Saturday,22,7,Summer,0
10023456781,2024-07-06 23:00:00,2024-07-06,23:00:00,1.1521,Saturday,23,7,Summer,0
10023456781,2024-07-07 00:00:00,2024-07-07,00:00:00,2.3228,Sunday,0,7,Summer,1
10023456781,2024-07-07 01:00:00,2024-07-07,01:00:00,0.6118,Sunday,1,7,Summer,0
10023456781,2024-07-07 02:00:00,2024-07-07,02:00:00,0.4133,Sunday,2,7,Summer,0
10023456781,2024-07-07 03:00:00,2024-07-07,03:00:00,0.4478,Sunday,3,7,Summer,0
10023456781,2024-07-07 04:00:00,2024-07-07,04:00:00,0.4008,Sunday,4,7,Summer,0
10023456781,2024-07-07 05:00:00,2024-07-07,05:00:00,0.5601,Sunday,5,7,Summer,0
10023456781,2024-07-07 06:00:00,2024-07-07,06:00:00,0.8297,Sunday,6,7,Summer,0
10023456781,2024-07-07 07:00:00,2024-07-07,07:00:00,1.4300,Sunday,7,7,Summer,0
10023456781,2024-07-07 08:00:00,2024-07-07,08:00:00,1.7911,Sunday,8,7,Summer,0
10023456781,2024-07-07 09:00:00,2024-07-07,09:00:00,2.1167,Sunday,9,7,Summer,0
10023456781,2024-07-07 10:00:00,2024-07-07,10:00:00,1.7151,Sunday,10,7,Summer,0
10023456781,2024-07-07 11:00:00,2024-07-07,11:00:00,1.6764,Sunday,11,7,Summer,0
10023456781,2024-07-07 12:00:00,2024-07-07,12:00:00,1.3971,Sunday,12,7,Summer,0
10023456781,2024-07-07 13:00:00,2024-07-07,13:00:00,1.6214,Sunday,13,7,Summer,0
10023456781,2024-07-07 14:00:00,2024-07-07,14:00:00,1.5669,Sunday,14,7,Summer,0
10023456781,2024-07-07 15:00:00,2024-07-07,15:00:00,1.4661,Sunday,15,7,Summer,0
10023456781,2024-07-07 16:00:00,2024-07-07,16:00:00,1.7379,Sunday,16,7,Summer,0
10023456781,2024-07-07 17:00:00,2024-07-07,17:00:00,2.5563,Sunday,17,7,Summer,0
10023456781,2024-07-07 18:00:00,2024-07-07,18:00:00,2.0571,Sunday,18,7,Summer,0
10023456781,2024-07-07 19:00:00,2024-07-07,19:00:00,2.3925,Sunday,19,7,Summer,0
10023456781,2024-07-07 20:00:00,2024-07-07,20:00:00,2.5307,Sunday,20,7,Summer,0
10023456781,2024-07-07 21:00:00,2024-07-07,21:00:00,1.8446,Sunday,21,7,Summer,0
10023456781,2024-07-07 22:00:00,2024-07-07,22:00:00,4.4761,Sunday,22,7,Summer,1
10023456781,2024-07-07 23:00:00,2024-07-07,23:00:00,1.2154,Sunday,23,7,Summer,0
10023456781,2024-07-08 00:00:00,2024-07-08,00:00:00,0.4210,Monday,0,7,Summer,0
10023456781,2024-07-08 01:00:00,2024-07-08,01:00:00,0.4534,Monday,1,7,Summer,0
10023456781,2024-07-08 02:00:00,2024-07-08,02:00:00,0.3667,Monday,2,7,Summer,0
10023456781,2024-07-08 03:00:00,2024-07-08,03:00:00,0.3396,Monday,3,7,Summer,0
10023456781,2024-07-08 04:00:00,2024-07-08,04:00:00,0.4363,Monday,4,7,Summer,0
10023456781,2024-07-08 05:00:00,2024-07-08,05:00:00,0.6489,Monday,5,7,Summer,0
10023456781,2024-07-08 06:00:00,2024-07-08,06:00:00,0.9840,Monday,6,7,Summer,0
10023456781,2024-07-08 07:00:00,2024-07-08,07:00:00,1.5920,Monday,7,7,Summer,0
10023456781,2024-07-08 08:00:00,2024-07-08,08:00:00,1.7049,Monday,8,7,Summer,0
10023456781,2024-07-08 09:00:00,2024-07-08,09:00:00,1.2339,Monday,9,7,Summer,0
10023456781,2024-07-08 10:00:00,2024-07-08,10:00:00,1.2758,Monday,10,7,Summer,0
10023456781,2024-07-08 11:00:00,2024-07-08,11:00:00,1.0082,Monday,11,7,Summer,0
10023456781,2024-07-08 12:00:00,2024-07-08,12:00:00,1.0398,Monday,12,7,Summer,0
10023456781,2024-07-08 13:00:00,2024-07-08,13:00:00,1.0355,Monday,13,7,Summer,0
10023456781,2024-07-08 14:00:00,2024-07-08,14:00:00,1.1430,Monday,14,7,Summer,0
10023456781,2024-07-08 15:00:00,2024-07-08,15:00:00,1.0110,Monday,15,7,Summer,0
10023456781,2024-07-08 16:00:00,2024-07-08,16:00:00,1.5045,Monday,16,7,Summer,0
10023456781,2024-07-08 17:00:00,2024-07-08,17:00:00,1.5167,Monday,17,7,Summer,0
10023456781,2024-07-08 18:00:00,2024-07-08,18:00:00,2.9038,Monday,18,7,Summer,0
10023456781,2024-07-08 19:00:00,2024-07-08,19:00:00,2.1884,Monday,19,7,Summer,0
10023456781,2024-07-08 20:00:00,2024-07-08,20:00:00,2.2901,Monday,20,7,Summer,0
10023456781,2024-07-08 21:00:00,2024-07-08,21:00:00,1.9776,Monday,21,7,Summer,0
10023456781,2024-07-08 22:00:00,2024-07-08,22:00:00,1.4502,Monday,22,7,Summer,0
10023456781,2024-07-08 23:00:00,2024-07-08,23:00:00,0.7558,Monday,23,7,Summer,0
10023456781,2024-07-09 00:00:00,2024-07-09,00:00:00,0.2992,Tuesday,0,7,Summer,0
10023456781,2024-07-09 01:00:00,2024-07-09,01:00:00,0.3266,Tuesday,1,7,Summer,0
10023456781,2024-07-09 02:00:00,2024-07-09,02:00:00,0.3485,Tuesday,2,7,Summer,0
10023456781,2024-07-09 03:00:00,2024-07-09,03:00:00,0.3177,Tuesday,3,7,Summer,0
10023456781,2024-07-09 04:00:00,2024-07-09,04:00:00,0.3446,Tuesday,4,7,Summer,0
10023456781,2024-07-09 05:00:00,2024-07-09,05:00:00,0.5222,Tuesday,5,7,Summer,0
10023456781,2024-07-09 06:00:00,2024-07-09,06:00:00,0.8664,Tuesday,6,7,Summer,0
10023456781,2024-07-09 07:00:00,2024-07-09,07:00:00,1.3442,Tuesday,7,7,Summer,0
10023456781,2024-07-09 08:00:00,2024-07-09,08:00:00,1.1989,Tuesday,8,7,Summer,0
10023456781,2024-07-09 09:00:00,2024-07-09,09:00:00,1.1350,Tuesday,9,7,Summer,0
10023456781,2024-07-09 10:00:00,2024-07-09,10:00:00,0.8507,Tuesday,10,7,Summer,0
10023456781,2024-07-09 11:00:00,2024-07-09,11:00:00,0.8070,Tuesday,11,7,Summer,0
10023456781,2024-07-09 12:00:00,2024-07-09,12:00:00,0.9108,Tuesday,12,7,Summer,0
10023456781,2024-07-09 13:00:00,2024-07-09,13:00:00,0.9076,Tuesday,13,7,Summer,0
10023456781,2024-07-09 14:00:00,2024-07-09,14:00:00,0.8094,Tuesday,14,7,Summer,0
10023456781,2024-07-09 15:00:00,2024-07-09,15:00:00,0.8627,Tuesday,15,7,Summer,0
10023456781,2024-07-09 16:00:00,2024-07-09,16:00:00,1.0104,Tuesday,16,7,Summer,0
10023456781,2024-07-09 17:00:00,2024-07-09,17:00:00,1.2280,Tuesday,17,7,Summer,0
10023456781,2024-07-09 18:00:00,2024-07-09,18:00:00,1.9595,Tuesday,18,7,Summer,0
10023456781,2024-07-09 19:00:00,2024-07-09,19:00:00,2.2155,Tuesday,19,7,Summer,0
10023456781,2024-07-09 20:00:00,2024-07-09,20:00:00,1.7671,Tuesday,20,7,Summer,0
10023456781,2024-07-09 21:00:00,2024-07-09,21:00:00,1.8914,Tuesday,21,7,Summer,0
10023456781,2024-07-09 22:00:00,2024-07-09,22:00:00,1.2312,Tuesday,22,7,Summer,0
10023456781,2024-07-09 23:00:00,2024-07-09,23:00:00,0.7286,Tuesday,23,7,Summer,0
10023456781,2024-07-10 00:00:00,2024-07-10,00:00:00,0.5351,Wednesday,0,7,Summer,0
10023456781,2024-07-10 01:00:00,2024-07-10,01:00:00,0.4711,Wednesday,1,7,Summer,0
10023456781,2024-07-10 02:00:00,2024-07-10,02:00:00,0.2914,Wednesday,2,7,Summer,0
10023456781,2024-07-10 03:00:00,2024-07-10,03:00:00,0.4488,Wednesday,3,7,Summer,0
10023456781,2024-07-10 04:00:00,2024-07-10,04:00:00,0.4368,Wednesday,4,7,Summer,0
10023456781,2024-07-10 05:00:00,2024-07-10,05:00:00,1.6663,Wednesday,5,7,Summer,1
10023456781,2024-07-10 06:00:00,2024-07-10,06:00:00,3.4883,Wednesday,6,7,Summer,1
10023456781,2024-07-10 07:00:00,2024-07-10,07:00:00,4.0473,Wednesday,7,7,Summer,1
10023456781,2024-07-10 08:00:00,2024-07-10,08:00:00,1.7021,Wednesday,8,7,Summer,0
10023456781,2024-07-10 09:00:00,2024-07-10,09:00:00,1.4493,Wednesday,9,7,Summer,0
10023456781,2024-07-10 10:00:00,2024-07-10,10:00:00,1.1293,Wednesday,10,7,Summer,0
10023456781,2024-07-10 11:00:00,2024-07-10,11:00:00,0.9531,Wednesday,11,7,Summer,0
10023456781,2024-07-10 12:00:00,2024-07-10,12:00:00,1.0886,Wednesday,12,7,Summer,0
10023456781,2024-07-10 13:00:00,2024-07-10,13:00:00,1.1385,Wednesday,13,7,Summer,0
10023456781,2024-07-10 14:00:00,2024-07-10,14:00:00,1.2771,Wednesday,14,7,Summer,0
10023456781,2024-07-10 15:00:00,2024-07-10,15:00:00,1.2418,Wednesday,15,7,Summer,0
10023456781,2024-07-10 16:00:00,2024-07-10,16:00:00,1.4681,Wednesday,16,7,Summer,0
10023456781,2024-07-10 17:00:00,2024-07-10,17:00:00,1.7293,Wednesday,17,7,Summer,0
10023456781,2024-07-10 18:00:00,2024-07-10,18:00:00,2.2915,Wednesday,18,7,Summer,0
10023456781,2024-07-10 19:00:00,2024-07-10,19:00:00,2.4446,Wednesday,19,7,Summer,0
10023456781,2024-07-10 20:00:00,2024-07-10,20:00:00,2.5549,Wednesday,20,7,Summer,0
10023456781,2024-07-10 21:00:00,2024-07-10,21:00:00,1.6870,Wednesday,21,7,Summer,0
10023456781,2024-07-10 22:00:00,2024-07-10,22:00:00,1.4713,Wednesday,22,7,Summer,0
10023456781,2024-07-10 23:00:00,2024-07-10,23:00:00,1.0564,Wednesday,23,7,Summer,0
10023456781,2024-07-11 00:00:00,2024-07-11,00:00:00,0.3737,Thursday,0,7,Summer,0
10023456781,2024-07-11 01:00:00,2024-07-11,01:00:00,0.3494,Thursday,1,7,Summer,0
10023456781,2024-07-11 02:00:00,2024-07-11,02:00:00,0.2629,Thursday,2,7,Summer,0
10023456781,2024-07-11 03:00:00,2024-07-11,03:00:00,0.2957,Thursday,3,7,Summer,0
10023456781,2024-07-11 04:00:00,2024-07-11,04:00:00,0.3179,Thursday,4,7,Summer,0
10023456781,2024-07-11 05:00:00,2024-07-11,05:00:00,0.3400,Thursday,5,7,Summer,0
10023456781,2024-07-11 06:00:00,2024-07-11,06:00:00,0.8669,Thursday,6,7,Summer,0
10023456781,2024-07-11 07:00:00,2024-07-11,07:00:00,1.0441,Thursday,7,7,Summer,0
10023456781,2024-07-11 08:00:00,2024-07-11,08:00:00,1.1478,Thursday,8,7,Summer,0
10023456781,2024-07-11 09:00:00,2024-07-11,09:00:00,0.9838,Thursday,9,7,Summer,0
10023456781,2024-07-11 10:00:00,2024-07-11,10:00:00,0.8329,Thursday,10,7,Summer,0
10023456781,2024-07-11 11:00:00,2024-07-11,11:00:00,0.8122,Thursday,11,7,Summer,0
10023456781,2024-07-11 12:00:00,2024-07-11,12:00:00,0.8193,Thursday,12,7,Summer,0
10023456781,2024-07-11 13:00:00,2024-07-11,13:00:00,0.8945,Thursday,13,7,Summer,0
10023456781,2024-07-11 14:00:00,2024-07-11,14:00:00,0.7651,Thursday,14,7,Summer,0
10023456781,2024-07-11 15:00:00,2024-07-11,15:00:00,0.7761,Thursday,15,7,Summer,0
10023456781,2024-07-11 16:00:00,2024-07-11,16:00:00,0.9067,Thursday,16,7,Summer,0
10023456781,2024-07-11 17:00:00,2024-07-11,17:00:00,1.3773,Thursday,17,7,Summer,0
10023456781,2024-07-11 18:00:00,2024-07-11,18:00:00,1.8351,Thursday,18,7,Summer,0
10023456781,2024-07-11 19:00:00,2024-07-11,19:00:00,1.7464,Thursday,19,7,Summer,0
10023456781,2024-07-11 20:00:00,2024-07-11,20:00:00,1.5757,Thursday,20,7,Summer,0
10023456781,2024-07-11 21:00:00,2024-07-11,21:00:00,1.5626,Thursday,21,7,Summer,0
10023456781,2024-07-11 22:00:00,2024-07-11,22:00:00,0.9262,Thursday,22,7,Summer,0
10023456781,2024-07-11 23:00:00,2024-07-11,23:00:00,0.6726,Thursday,23,7,Summer,0
10023456781,2024-07-12 00:00:00,2024-07-12,00:00:00,0.4119,Friday,0,7,Summer,0
10023456781,2024-07-12 01:00:00,2024-07-12,01:00:00,0.3675,Friday,1,7,Summer,0
10023456781,2024-07-12 02:00:00,2024-07-12,02:00:00,0.3027,Friday,2,7,Summer,0
10023456781,2024-07-12 03:00:00,2024-07-12,03:00:00,0.3551,Friday,3,7,Summer,0
10023456781,2024-07-12 04:00:00,2024-07-12,04:00:00,0.3541,Friday,4,7,Summer,0
10023456781,2024-07-12 05:00:00,2024-07-12,05:00:00,0.5697,Friday,5,7,Summer,0
10023456781,2024-07-12 06:00:00,2024-07-12,06:00:00,1.1748,Friday,6,7,Summer,0
10023456781,2024-07-12 07:00:00,2024-07-12,07:00:00,1.3362,Friday,7,7,Summer,0
10023456781,2024-07-12 08:00:00,2024-07-12,08:00:00,1.6865,Friday,8,7,Summer,0
10023456781,2024-07-12 09:00:00,2024-07-12,09:00:00,1.2599,Friday,9,7,Summer,0
10023456781,2024-07-12 10:00:00,2024-07-12,10:00:00,0.8210,Friday,10,7,Summer,0
10023456781,2024-07-12 11:00:00,2024-07-12,11:00:00,0.8738,Friday,11,7,Summer,0
10023456781,2024-07-12 12:00:00,2024-07-12,12:00:00,0.8420,Friday,12,7,Summer,0
10023456781,2024-07-12 13:00:00,2024-07-12,13:00:00,0.9241,Friday,13,7,Summer,0
10023456781,2024-07-12 14:00:00,2024-07-12,14:00:00,0.8790,Friday,14,7,Summer,0
10023456781,2024-07-12 15:00:00,2024-07-12,15:00:00,0.9325,Friday,15,7,Summer,0
10023456781,2024-07-12 16:00:00,2024-07-12,16:00:00,1.3602,Friday,16,7,Summer,0
10023456781,2024-07-12 17:00:00,2024-07-12,17:00:00,1.5370,Friday,17,7,Summer,0
10023456781,2024-07-12 18:00:00,2024-07-12,18:00:00,2.0281,Friday,18,7,Summer,0
10023456781,2024-07-12 19:00:00,2024-07-12,19:00:00,1.9787,Friday,19,7,Summer,0
10023456781,2024-07-12 20:00:00,2024-07-12,20:00:00,1.8551,Friday,20,7,Summer,0
10023456781,2024-07-12 21:00:00,2024-07-12,21:00:00,1.7050,Friday,21,7,Summer,0
10023456781,2024-07-12 22:00:00,2024-07-12,22:00:00,1.2269,Friday,22,7,Summer,0
10023456781,2024-07-12 23:00:00,2024-07-12,23:00:00,0.6870,Friday,23,7,Summer,0
10023456781,2024-07-13 00:00:00,2024-07-13,00:00:00,0.5840,Saturday,0,7,Summer,0
10023456781,2024-07-13 01:00:00,2024-07-13,01:00:00,0.4035,Saturday,1,7,Summer,0
10023456781,2024-07-13 02:00:00,2024-07-13,02:00:00,0.4205,Saturday,2,7,Summer,0
10023456781,2024-07-13 03:00:00,2024-07-13,03:00:00,0.3531,Saturday,3,7,Summer,0
10023456781,2024-07-13 04:00:00,2024-07-13,04:00:00,0.4473,Saturday,4,7,Summer,0
10023456781,2024-07-13 05:00:00,2024-07-13,05:00:00,0.5855,Saturday,5,7,Summer,0
10023456781,2024-07-13 06:00:00,2024-07-13,06:00:00,0.8822,Saturday,6,7,Summer,0
10023456781,2024-07-13 07:00:00,2024-07-13,07:00:00,1.2409,Saturday,7,7,Summer,0
10023456781,2024-07-13 08:00:00,2024-07-13,08:00:00,1.5581,Saturday,8,7,Summer,0
10023456781,2024-07-13 09:00:00,2024-07-13,09:00:00,1.9167,Saturday,9,7,Summer,0
10023456781,2024-07-13 10:00:00,2024-07-13,10:00:00,1.6278,Saturday,10,7,Summer,0
10023456781,2024-07-13 11:00:00,2024-07-13,11:00:00,2.0788,Saturday,11,7,Summer,0
10023456781,2024-07-13 12:00:00,2024-07-13,12:00:00,1.3548,Saturday,12,7,Summer,0
10023456781,2024-07-13 13:00:00,2024-07-13,13:00:00,1.3020,Saturday,13,7,Summer,0
10023456781,2024-07-13 14:00:00,2024-07-13,14:00:00,1.4254,Saturday,14,7,Summer,0
10023456781,2024-07-13 15:00:00,2024-07-13,15:00:00,1.4022,Saturday,15,7,Summer,0
10023456781,2024-07-13 16:00:00,2024-07-13,16:00:00,1.6616,Saturday,16,7,Summer,0
10023456781,2024-07-13 17:00:00,2024-07-13,17:00:00,1.8893,Saturday,17,7,Summer,0
10023456781,2024-07-13 18:00:00,2024-07-13,18:00:00,2.4731,Saturday,18,7,Summer,0
10023456781,2024-07-13 19:00:00,2024-07-13,19:00:00,2.7598,Saturday,19,7,Summer,0
10023456781,2024-07-13 20:00:00,2024-07-13,20:00:00,2.4810,Saturday,20,7,Summer,0
10023456781,2024-07-13 21:00:00,2024-07-13,21:00:00,4.9919,Saturday,21,7,Summer,1
10023456781,2024-07-13 22:00:00,2024-07-13,22:00:00,1.5359,Saturday,22,7,Summer,0
10023456781,2024-07-13 23:00:00,2024-07-13,23:00:00,1.0521,Saturday,23,7,Summer,0
10023456781,2024-07-14 00:00:00,2024-07-14,00:00:00,0.4512,Sunday,0,7,Summer,0
10023456781,2024-07-14 01:00:00,2024-07-14,01:00:00,0.4219,Sunday,1,7,Summer,0
10023456781,2024-07-14 02:00:00,2024-07-14,02:00:00,0.3677,Sunday,2,7,Summer,0
10023456781,2024-07-14 03:00:00,2024-07-14,03:00:00,0.2919,Sunday,3,7,Summer,0
10023456781,2024-07-14 04:00:00,2024-07-14,04:00:00,0.3595,Sunday,4,7,Summer,0
10023456781,2024-07-14 05:00:00,2024-07-14,05:00:00,0.5148,Sunday,5,7,Summer,0
10023456781,2024-07-14 06:00:00,2024-07-14,06:00:00,0.7317,Sunday,6,7,Summer,0
10023456781,2024-07-14 07:00:00,2024-07-14,07:00:00,0.8840,Sunday,7,7,Summer,0
10023456781,2024-07-14 08:00:00,2024-07-14,08:00:00,1.3240,Sunday,8,7,Summer,0
10023456781,2024-07-14 09:00:00,2024-07-14,09:00:00,1.3963,Sunday,9,7,Summer,0
10023456781,2024-07-14 10:00:00,2024-07-14,10:00:00,1.4008,Sunday,10,7,Summer,0
10023456781,2024-07-14 11:00:00,2024-07-14,11:00:00,1.5799,Sunday,11,7,Summer,0
10023456781,2024-07-14 12:00:00,2024-07-14,12:00:00,1.1431,Sunday,12,7,Summer,0
10023456781,2024-07-14 13:00:00,2024-07-14,13:00:00,1.1335,Sunday,13,7,Summer,0
10023456781,2024-07-14 14:00:00,2024-07-14,14:00:00,1.1786,Sunday,14,7,Summer,0
10023456781,2024-07-14 15:00:00,2024-07-14,15:00:00,1.0863,Sunday,15,7,Summer,0
10023456781,2024-07-14 16:00:00,2024-07-14,16:00:00,1.3027,Sunday,16,7,Summer,0
10023456781,2024-07-14 17:00:00,2024-07-14,17:00:00,1.7400,Sunday,17,7,Summer,0
10023456781,2024-07-14 18:00:00,2024-07-14,18:00:00,1.7751,Sunday,18,7,Summer,0
10023456781,2024-07-14 19:00:00,2024-07-14,19:00:00,2.3581,Sunday,19,7,Summer,0
10023456781,2024-07-14 20:00:00,2024-07-14,20:00:00,2.2048,Sunday,20,7,Summer,0
10023456781,2024-07-14 21:00:00,2024-07-14,21:00:00,1.5479,Sunday,21,7,Summer,0
10023456781,2024-07-14 22:00:00,2024-07-14,22:00:00,1.4567,Sunday,22,7,Summer,0
10023456781,2024-07-14 23:00:00,2024-07-14,23:00:00,1.1157,Sunday,23,7,Summer,0
10023456781,2024-07-15 00:00:00,2024-07-15,00:00:00,0.4438,Monday,0,7,Summer,0
10023456781,2024-07-15 01:00:00,2024-07-15,01:00:00,0.4054,Monday,1,7,Summer,0
10023456781,2024-07-15 02:00:00,2024-07-15,02:00:00,0.2703,Monday,2,7,Summer,0
10023456781,2024-07-15 03:00:00,2024-07-15,03:00:00,0.3367,Monday,3,7,Summer,0
10023456781,2024-07-15 04:00:00,2024-07-15,04:00:00,0.3625,Monday,4,7,Summer,0
10023456781,2024-07-15 05:00:00,2024-07-15,05:00:00,0.4376,Monday,5,7,Summer,0
10023456781,2024-07-15 06:00:00,2024-07-15,06:00:00,0.6831,Monday,6,7,Summer,0
10023456781,2024-07-15 07:00:00,2024-07-15,07:00:00,1.3067,Monday,7,7,Summer,0
10023456781,2024-07-15 08:00:00,2024-07-15,08:00:00,1.2073,Monday,8,7,Summer,0
10023456781,2024-07-15 09:00:00,2024-07-15,09:00:00,1.3575,Monday,9,7,Summer,0
10023456781,2024-07-15 10:00:00,2024-07-15,10:00:00,0.8436,Monday,10,7,Summer,0
10023456781,2024-07-15 11:00:00,2024-07-15,11:00:00,0.7278,Monday,11,7,Summer,0
10023456781,2024-07-15 12:00:00,2024-07-15,12:00:00,0.9490,Monday,12,7,Summer,0
10023456781,2024-07-15 13:00:00,2024-07-15,13:00:00,0.8683,Monday,13,7,Summer,0
10023456781,2024-07-15 14:00:00,2024-07-15,14:00:00,0.9176,Monday,14,7,Summer,0
10023456781,2024-07-15 15:00:00,2024-07-15,15:00:00,0.8095,Monday,15,7,Summer,0
10023456781,2024-07-15 16:00:00,2024-07-15,16:00:00,1.1865,Monday,16,7,Summer,0
10023456781,2024-07-15 17:00:00,2024-07-15,17:00:00,0.1953,Monday,17,7,Summer,1
10023456781,2024-07-15 18:00:00,2024-07-15,18:00:00,1.3564,Monday,18,7,Summer,0
10023456781,2024-07-15 19:00:00,2024-07-15,19:00:00,1.9499,Monday,19,7,Summer,0
10023456781,2024-07-15 20:00:00,2024-07-15,20:00:00,1.7279,Monday,20,7,Summer,0
10023456781,2024-07-15 21:00:00,2024-07-15,21:00:00,1.9066,Monday,21,7,Summer,0
10023456781,2024-07-15 22:00:00,2024-07-15,22:00:00,1.4016,Monday,22,7,Summer,0
10023456781,2024-07-15 23:00:00,2024-07-15,23:00:00,0.7115,Monday,23,7,Summer,0
10023456781,2024-07-16 00:00:00,2024-07-16,00:00:00,0.3918,Tuesday,0,7,Summer,0
10023456781,2024-07-16 01:00:00,2024-07-16,01:00:00,0.4268,Tuesday,1,7,Summer,0
10023456781,2024-07-16 02:00:00,2024-07-16,02:00:00,0.3620,Tuesday,2,7,Summer,0
10023456781,2024-07-16 03:00:00,2024-07-16,03:00:00,0.3343,Tuesday,3,7,Summer,0
10023456781,2024-07-16 04:00:00,2024-07-16,04:00:00,0.3795,Tuesday,4,7,Summer,0
10023456781,2024-07-16 05:00:00,2024-07-16,05:00:00,0.5560,Tuesday,5,7,Summer,0
10023456781,2024-07-16 06:00:00,2024-07-16,06:00:00,0.8773,Tuesday,6,7,Summer,0
10023456781,2024-07-16 07:00:00,2024-07-16,07:00:00,1.5106,Tuesday,7,7,Summer,0
10023456781,2024-07-16 08:00:00,2024-07-16,08:00:00,1.4972,Tuesday,8,7,Summer,0
10023456781,2024-07-16 09:00:00,2024-07-16,09:00:00,1.2784,Tuesday,9,7,Summer,0
10023456781,2024-07-16 10:00:00,2024-07-16,10:00:00,1.1085,Tuesday,10,7,Summer,0
10023456781,2024-07-16 11:00:00,2024-07-16,11:00:00,1.0131,Tuesday,11,7,Summer,0
10023456781,2024-07-16 12:00:00,2024-07-16,12:00:00,0.8017,Tuesday,12,7,Summer,0
10023456781,2024-07-16 13:00:00,2024-07-16,13:00:00,0.8668,Tuesday,13,7,Summer,0
10023456781,2024-07-16 14:00:00,2024-07-16,14:00:00,0.9547,Tuesday,14,7,Summer,0
10023456781,2024-07-16 15:00:00,2024-07-16,15:00:00,1.2162,Tuesday,15,7,Summer,0
10023456781,2024-07-16 16:00:00,2024-07-16,16:00:00,1.0266,Tuesday,16,7,Summer,0
10023456781,2024-07-16 17:00:00,2024-07-16,17:00:00,1.3414,Tuesday,17,7,Summer,0
10023456781,2024-07-16 18:00:00,2024-07-16,18:00:00,1.9434,Tuesday,18,7,Summer,0
10023456781,2024-07-16 19:00:00,2024-07-16,19:00:00,0.0866,Tuesday,19,7,Summer,1
10023456781,2024-07-16 20:00:00,2024-07-16,20:00:00,1.9303,Tuesday,20,7,Summer,0
10023456781,2024-07-16 21:00:00,2024-07-16,21:00:00,1.7187,Tuesday,21,7,Summer,0
10023456781,2024-07-16 22:00:00,2024-07-16,22:00:00,1.3674,Tuesday,22,7,Summer,0
10023456781,2024-07-16 23:00:00,2024-07-16,23:00:00,0.6145,Tuesday,23,7,Summer,0
10023456781,2024-07-17 00:00:00,2024-07-17,00:00:00,0.3874,Wednesday,0,7,Summer,0
10023456781,2024-07-17 01:00:00,2024-07-17,01:00:00,0.3247,Wednesday,1,7,Summer,0
10023456781,2024-07-17 02:00:00,2024-07-17,02:00:00,0.2369,Wednesday,2,7,Summer,0
10023456781,2024-07-17 03:00:00,2024-07-17,03:00:00,0.3081,Wednesday,3,7,Summer,0
10023456781,2024-07-17 04:00:00,2024-07-17,04:00:00,0.3663,Wednesday,4,7,Summer,0
10023456781,2024-07-17 05:00:00,2024-07-17,05:00:00,0.4319,Wednesday,5,7,Summer,0
10023456781,2024-07-17 06:00:00,2024-07-17,06:00:00,0.7889,Wednesday,6,7,Summer,0
10023456781,2024-07-17 07:00:00,2024-07-17,07:00:00,1.1125,Wednesday,7,7,Summer,0
10023456781,2024-07-17 08:00:00,2024-07-17,08:00:00,1.3911,Wednesday,8,7,Summer,0
10023456781,2024-07-17 09:00:00,2024-07-17,09:00:00,1.0005,Wednesday,9,7,Summer,0
10023456781,2024-07-17 10:00:00,2024-07-17,10:00:00,0.9123,Wednesday,10,7,Summer,0
10023456781,2024-07-17 11:00:00,2024-07-17,11:00:00,0.8109,Wednesday,11,7,Summer,0
10023456781,2024-07-17 12:00:00,2024-07-17,12:00:00,0.7821,Wednesday,12,7,Summer,0
10023456781,2024-07-17 13:00:00,2024-07-17,13:00:00,0.8642,Wednesday,13,7,Summer,0
10023456781,2024-07-17 14:00:00,2024-07-17,14:00:00,0.7007,Wednesday,14,7,Summer,0
10023456781,2024-07-17 15:00:00,2024-07-17,15:00:00,1.0032,Wednesday,15,7,Summer,0
10023456781,2024-07-17 16:00:00,2024-07-17,16:00:00,1.0545,Wednesday,16,7,Summer,0
10023456781,2024-07-17 17:00:00,2024-07-17,17:00:00,1.0976,Wednesday,17,7,Summer,0
10023456781,2024-07-17 18:00:00,2024-07-17,18:00:00,1.6492,Wednesday,18,7,Summer,0
10023456781,2024-07-17 19:00:00,2024-07-17,19:00:00,1.9684,Wednesday,19,7,Summer,0
10023456781,2024-07-17 20:00:00,2024-07-17,20:00:00,1.6125,Wednesday,20,7,Summer,0
10023456781,2024-07-17 21:00:00,2024-07-17,21:00:00,1.4883,Wednesday,21,7,Summer,0
10023456781,2024-07-17 22:00:00,2024-07-17,22:00:00,1.0335,Wednesday,22,7,Summer,0
10023456781,2024-07-17 23:00:00,2024-07-17,23:00:00,0.6606,Wednesday,23,7,Summer,0
10023456781,2024-07-18 00:00:00,2024-07-18,00:00:00,0.5369,Thursday,0,7,Summer,0
10023456781,2024-07-18 01:00:00,2024-07-18,01:00:00,0.3930,Thursday,1,7,Summer,0
10023456781,2024-07-18 02:00:00,2024-07-18,02:00:00,1.7335,Thursday,2,7,Summer,1
10023456781,2024-07-18 03:00:00,2024-07-18,03:00:00,1.8079,Thursday,3,7,Summer,1
10023456781,2024-07-18 04:00:00,2024-07-18,04:00:00,0.4511,Thursday,4,7,Summer,0
10023456781,2024-07-18 05:00:00,2024-07-18,05:00:00,0.7555,Thursday,5,7,Summer,0
10023456781,2024-07-18 06:00:00,2024-07-18,06:00:00,0.9199,Thursday,6,7,Summer,0
10023456781,2024-07-18 07:00:00,2024-07-18,07:00:00,1.3327,Thursday,7,7,Summer,0
10023456781,2024-07-18 08:00:00,2024-07-18,08:00:00,1.5931,Thursday,8,7,Summer,0
10023456781,2024-07-18 09:00:00,2024-07-18,09:00:00,1.5050,Thursday,9,7,Summer,0
10023456781,2024-07-18 10:00:00,2024-07-18,10:00:00,1.2506,Thursday,10,7,Summer,0
10023456781,2024-07-18 11:00:00,2024-07-18,11:00:00,0.9948,Thursday,11,7,Summer,0
10023456781,2024-07-18 12:00:00,2024-07-18,12:00:00,1.1657,Thursday,12,7,Summer,0
10023456781,2024-07-18 13:00:00,2024-07-18,13:00:00,1.0050,Thursday,13,7,Summer,0
10023456781,2024-07-18 14:00:00,2024-07-18,14:00:00,5.2817,Thursday,14,7,Summer,1
10023456781,2024-07-18 15:00:00,2024-07-18,15:00:00,1.0913,Thursday,15,7,Summer,0
10023456781,2024-07-18 16:00:00,2024-07-18,16:00:00,1.2922,Thursday,16,7,Summer,0
10023456781,2024-07-18 17:00:00,2024-07-18,17:00:00,1.9569,Thursday,17,7,Summer,0
10023456781,2024-07-18 18:00:00,2024-07-18,18:00:00,2.1317,Thursday,18,7,Summer,0
10023456781,2024-07-18 19:00:00,2024-07-18,19:00:00,2.1329,Thursday,19,7,Summer,0
10023456781,2024-07-18 20:00:00,2024-07-18,20:00:00,1.8279,Thursday,20,7,Summer,0
10023456781,2024-07-18 21:00:00,2024-07-18,21:00:00,1.9608,Thursday,21,7,Summer,0
10023456781,2024-07-18 22:00:00,2024-07-18,22:00:00,1.5411,Thursday,22,7,Summer,0
10023456781,2024-07-18 23:00:00,2024-07-18,23:00:00,0.6983,Thursday,23,7,Summer,0
10023456781,2024-07-19 00:00:00,2024-07-19,00:00:00,0.3735,Friday,0,7,Summer,0
10023456781,2024-07-19 01:00:00,2024-07-19,01:00:00,0.4108,Friday,1,7,Summer,0
10023456781,2024-07-19 02:00:00,2024-07-19,02:00:00,0.4588,Friday,2,7,Summer,0
10023456781,2024-07-19 03:00:00,2024-07-19,03:00:00,0.9368,Friday,3,7,Summer,1
10023456781,2024-07-19 04:00:00,2024-07-19,04:00:00,0.4678,Friday,4,7,Summer,0
10023456781,2024-07-19 05:00:00,2024-07-19,05:00:00,0.4982,Friday,5,7,Summer,0
10023456781,2024-07-19 06:00:00,2024-07-19,06:00:00,0.9914,Friday,6,7,Summer,0
10023456781,2024-07-19 07:00:00,2024-07-19,07:00:00,1.2138,Friday,7,7,Summer,0
10023456781,2024-07-19 08:00:00,2024-07-19,08:00:00,1.2983,Friday,8,7,Summer,0
10023456781,2024-07-19 09:00:00,2024-07-19,09:00:00,1.2056,Friday,9,7,Summer,0
10023456781,2024-07-19 10:00:00,2024-07-19,10:00:00,0.8128,Friday,10,7,Summer,0
10023456781,2024-07-19 11:00:00,2024-07-19,11:00:00,0.8412,Friday,11,7,Summer,0
10023456781,2024-07-19 12:00:00,2024-07-19,12:00:00,0.9979,Friday,12,7,Summer,0
10023456781,2024-07-19 13:00:00,2024-07-19,13:00:00,1.0603,Friday,13,7,Summer,0
10023456781,2024-07-19 14:00:00,2024-07-19,14:00:00,1.0081,Friday,14,7,Summer,0
10023456781,2024-07-19 15:00:00,2024-07-19,15:00:00,1.0587,Friday,15,7,Summer,0
10023456781,2024-07-19 16:00:00,2024-07-19,16:00:00,1.0025,Friday,16,7,Summer,0
10023456781,2024-07-19 17:00:00,2024-07-19,17:00:00,1.5096,Friday,17,7,Summer,0
10023456781,2024-07-19 18:00:00,2024-07-19,18:00:00,2.0403,Friday,18,7,Summer,0
10023456781,2024-07-19 19:00:00,2024-07-19,19:00:00,1.5957,Friday,19,7,Summer,0
10023456781,2024-07-19 20:00:00,2024-07-19,20:00:00,1.8778,Friday,20,7,Summer,0
10023456781,2024-07-19 21:00:00,2024-07-19,21:00:00,1.7034,Friday,21,7,Summer,0
10023456781,2024-07-19 22:00:00,2024-07-19,22:00:00,1.1562,Friday,22,7,Summer,0
10023456781,2024-07-19 23:00:00,2024-07-19,23:00:00,0.5946,Friday,23,7,Summer,0
10023456781,2024-07-20 00:00:00,2024-07-20,00:00:00,0.5568,Saturday,0,7,Summer,0
10023456781,2024-07-20 01:00:00,2024-07-20,01:00:00,0.3852,Saturday,1,7,Summer,0
10023456781,2024-07-20 02:00:00,2024-07-20,02:00:00,0.3446,Saturday,2,7,Summer,0
10023456781,2024-07-20 03:00:00,2024-07-20,03:00:00,0.4338,Saturday,3,7,Summer,0
10023456781,2024-07-20 04:00:00,2024-07-20,04:00:00,0.3972,Saturday,4,7,Summer,0
10023456781,2024-07-20 05:00:00,2024-07-20,05:00:00,0.4252,Saturday,5,7,Summer,0
10023456781,2024-07-20 06:00:00,2024-07-20,06:00:00,0.6489,Saturday,6,7,Summer,0
10023456781,2024-07-20 07:00:00,2024-07-20,07:00:00,1.2421,Saturday,7,7,Summer,0
10023456781,2024-07-20 08:00:00,2024-07-20,08:00:00,1.5459,Saturday,8,7,Summer,0
10023456781,2024-07-20 09:00:00,2024-07-20,09:00:00,1.5233,Saturday,9,7,Summer,0
10023456781,2024-07-20 10:00:00,2024-07-20,10:00:00,1.5633,Saturday,10,7,Summer,0
10023456781,2024-07-20 11:00:00,2024-07-20,11:00:00,1.2582,Saturday,11,7,Summer,0
10023456781,2024-07-20 12:00:00,2024-07-20,12:00:00,1.4054,Saturday,12,7,Summer,0
10023456781,2024-07-20 13:00:00,2024-07-20,13:00:00,1.3877,Saturday,13,7,Summer,0
10023456781,2024-07-20 14:00:00,2024-07-20,14:00:00,1.1436,Saturday,14,7,Summer,0
10023456781,2024-07-20 15:00:00,2024-07-20,15:00:00,1.3057,Saturday,15,7,Summer,0
10023456781,2024-07-20 16:00:00,2024-07-20,16:00:00,1.5274,Saturday,16,7,Summer,0
10023456781,2024-07-20 17:00:00,2024-07-20,17:00:00,1.4353,Saturday,17,7,Summer,0
10023456781,2024-07-20 18:00:00,2024-07-20,18:00:00,2.3016,Saturday,18,7,Summer,0
10023456781,2024-07-20 19:00:00,2024-07-20,19:00:00,2.2378,Saturday,19,7,Summer,0
10023456781,2024-07-20 20:00:00,2024-07-20,20:00:00,2.4130,Saturday,20,7,Summer,0
10023456781,2024-07-20 21:00:00,2024-07-20,21:00:00,1.9296,Saturday,21,7,Summer,0
10023456781,2024-07-20 22:00:00,2024-07-20,22:00:00,1.7638,Saturday,22,7,Summer,0
10023456781,2024-07-20 23:00:00,2024-07-20,23:00:00,1.1488,Saturday,23,7,Summer,0
10023456781,2024-07-21 00:00:00,2024-07-21,00:00:00,0.3994,Sunday,0,7,Summer,0
10023456781,2024-07-21 01:00:00,2024-07-21,01:00:00,0.3480,Sunday,1,7,Summer,0
10023456781,2024-07-21 02:00:00,2024-07-21,02:00:00,0.3707,Sunday,2,7,Summer,0
10023456781,2024-07-21 03:00:00,2024-07-21,03:00:00,1.8856,Sunday,3,7,Summer,1
10023456781,2024-07-21 04:00:00,2024-07-21,04:00:00,0.3549,Sunday,4,7,Summer,0
10023456781,2024-07-21 05:00:00,2024-07-21,05:00:00,0.3812,Sunday,5,7,Summer,0
10023456781,2024-07-21 06:00:00,2024-07-21,06:00:00,0.5290,Sunday,6,7,Summer,0
10023456781,2024-07-21 07:00:00,2024-07-21,07:00:00,1.1352,Sunday,7,7,Summer,0
10023456781,2024-07-21 08:00:00,2024-07-21,08:00:00,1.6475,Sunday,8,7,Summer,0
10023456781,2024-07-21 09:00:00,2024-07-21,09:00:00,1.4976,Sunday,9,7,Summer,0
10023456781,2024-07-21 10:00:00,2024-07-21,10:00:00,1.6379,Sunday,10,7,Summer,0
10023456781,2024-07-21 11:00:00,2024-07-21,11:00:00,1.4159,Sunday,11,7,Summer,0
10023456781,2024-07-21 12:00:00,2024-07-21,12:00:00,1.0895,Sunday,12,7,Summer,0
10023456781,2024-07-21 13:00:00,2024-07-21,13:00:00,1.1295,Sunday,13,7,Summer,0
10023456781,2024-07-21 14:00:00,2024-07-21,14:00:00,1.0401,Sunday,14,7,Summer,0
10023456781,2024-07-21 15:00:00,2024-07-21,15:00:00,1.1069,Sunday,15,7,Summer,0
10023456781,2024-07-21 16:00:00,2024-07-21,16:00:00,1.3281,Sunday,16,7,Summer,0
10023456781,2024-07-21 17:00:00,2024-07-21,17:00:00,1.3131,Sunday,17,7,Summer,0
10023456781,2024-07-21 18:00:00,2024-07-21,18:00:00,1.7648,Sunday,18,7,Summer,0
10023456781,2024-07-21 19:00:00,2024-07-21,19:00:00,1.9443,Sunday,19,7,Summer,0
10023456781,2024-07-21 20:00:00,2024-07-21,20:00:00,2.1922,Sunday,20,7,Summer,0
10023456781,2024-07-21 21:00:00,2024-07-21,21:00:00,1.4850,Sunday,21,7,Summer,0
10023456781,2024-07-21 22:00:00,2024-07-21,22:00:00,1.0501,Sunday,22,7,Summer,0
10023456781,2024-07-21 23:00:00,2024-07-21,23:00:00,1.0027,Sunday,23,7,Summer,0
10023456781,2024-07-22 00:00:00,2024-07-22,00:00:00,0.4302,Monday,0,7,Summer,0
10023456781,2024-07-22 01:00:00,2024-07-22,01:00:00,0.2642,Monday,1,7,Summer,0
10023456781,2024-07-22 02:00:00,2024-07-22,02:00:00,0.3558,Monday,2,7,Summer,0
10023456781,2024-07-22 03:00:00,2024-07-22,03:00:00,0.3069,Monday,3,7,Summer,0
10023456781,2024-07-22 04:00:00,2024-07-22,04:00:00,0.4271,Monday,4,7,Summer,0
10023456781,2024-07-22 05:00:00,2024-07-22,05:00:00,0.4191,Monday,5,7,Summer,0
10023456781,2024-07-22 06:00:00,2024-07-22,06:00:00,0.8440,Monday,6,7,Summer,0
10023456781,2024-07-22 07:00:00,2024-07-22,07:00:00,1.2090,Monday,7,7,Summer,0
10023456781,2024-07-22 08:00:00,2024-07-22,08:00:00,1.4379,Monday,8,7,Summer,0
10023456781,2024-07-22 09:00:00,2024-07-22,09:00:00,1.1863,Monday,9,7,Summer,0
10023456781,2024-07-22 10:00:00,2024-07-22,10:00:00,0.8280,Monday,10,7,Summer,0
10023456781,2024-07-22 11:00:00,2024-07-22,11:00:00,0.7948,Monday,11,7,Summer,0
10023456781,2024-07-22 12:00:00,2024-07-22,12:00:00,0.7556,Monday,12,7,Summer,0
10023456781,2024-07-22 13:00:00,2024-07-22,13:00:00,0.9554,Monday,13,7,Summer,0
10023456781,2024-07-22 14:00:00,2024-07-22,14:00:00,0.8713,Monday,14,7,Summer,0
10023456781,2024-07-22 15:00:00,2024-07-22,15:00:00,4.5627,Monday,15,7,Summer,1
10023456781,2024-07-22 16:00:00,2024-07-22,16:00:00,1.2609,Monday,16,7,Summer,0
10023456781,2024-07-22 17:00:00,2024-07-22,17:00:00,1.1994,Monday,17,7,Summer,0
10023456781,2024-07-22 18:00:00,2024-07-22,18:00:00,1.5279,Monday,18,7,Summer,0
10023456781,2024-07-22 19:00:00,2024-07-22,19:00:00,1.8771,Monday,19,7,Summer,0
10023456781,2024-07-22 20:00:00,2024-07-22,20:00:00,1.9415,Monday,20,7,Summer,0
10023456781,2024-07-22 21:00:00,2024-07-22,21:00:00,1.7019,Monday,21,7,Summer,0
10023456781,2024-07-22 22:00:00,2024-07-22,22:00:00,1.2175,Monday,22,7,Summer,0
10023456781,2024-07-22 23:00:00,2024-07-22,23:00:00,0.7634,Monday,23,7,Summer,0
10023456781,2024-07-23 00:00:00,2024-07-23,00:00:00,0.3715,Tuesday,0,7,Summer,0
10023456781,2024-07-23 01:00:00,2024-07-23,01:00:00,0.3643,Tuesday,1,7,Summer,0
10023456781,2024-07-23 02:00:00,2024-07-23,02:00:00,0.3546,Tuesday,2,7,Summer,0
10023456781,2024-07-23 03:00:00,2024-07-23,03:00:00,0.3201,Tuesday,3,7,Summer,0
10023456781,2024-07-23 04:00:00,2024-07-23,04:00:00,0.4100,Tuesday,4,7,Summer,0
10023456781,2024-07-23 05:00:00,2024-07-23,05:00:00,0.5355,Tuesday,5,7,Summer,0
10023456781,2024-07-23 06:00:00,2024-07-23,06:00:00,0.9884,Tuesday,6,7,Summer,0
10023456781,2024-07-23 07:00:00,2024-07-23,07:00:00,1.1153,Tuesday,7,7,Summer,0
10023456781,2024-07-23 08:00:00,2024-07-23,08:00:00,1.4790,Tuesday,8,7,Summer,0
10023456781,2024-07-23 09:00:00,2024-07-23,09:00:00,1.3755,Tuesday,9,7,Summer,0
10023456781,2024-07-23 10:00:00,2024-07-23,10:00:00,0.9397,Tuesday,10,7,Summer,0
10023456781,2024-07-23 11:00:00,2024-07-23,11:00:00,0.8282,Tuesday,11,7,Summer,0
10023456781,2024-07-23 12:00:00,2024-07-23,12:00:00,0.9289,Tuesday,12,7,Summer,0
10023456781,2024-07-23 13:00:00,2024-07-23,13:00:00,0.9678,Tuesday,13,7,Summer,0
10023456781,2024-07-23 14:00:00,2024-07-23,14:00:00,0.8158,Tuesday,14,7,Summer,0
10023456781,2024-07-23 15:00:00,2024-07-23,15:00:00,0.8203,Tuesday,15,7,Summer,0
10023456781,2024-07-23 16:00:00,2024-07-23,16:00:00,1.2117,Tuesday,16,7,Summer,0
10023456781,2024-07-23 17:00:00,2024-07-23,17:00:00,1.2587,Tuesday,17,7,Summer,0
10023456781,2024-07-23 18:00:00,2024-07-23,18:00:00,1.3199,Tuesday,18,7,Summer,0
10023456781,2024-07-23 19:00:00,2024-07-23,19:00:00,2.0870,Tuesday,19,7,Summer,0
10023456781,2024-07-23 20:00:00,2024-07-23,20:00:00,1.8790,Tuesday,20,7,Summer,0
10023456781,2024-07-23 21:00:00,2024-07-23,21:00:00,1.4150,Tuesday,21,7,Summer,0
10023456781,2024-07-23 22:00:00,2024-07-23,22:00:00,1.3392,Tuesday,22,7,Summer,0
10023456781,2024-07-23 23:00:00,2024-07-23,23:00:00,0.6981,Tuesday,23,7,Summer,0
10023456781,2024-07-24 00:00:00,2024-07-24,00:00:00,0.3075,Wednesday,0,7,Summer,0
10023456781,2024-07-24 01:00:00,2024-07-24,01:00:00,0.3785,Wednesday,1,7,Summer,0
10023456781,2024-07-24 02:00:00,2024-07-24,02:00:00,0.2928,Wednesday,2,7,Summer,0
10023456781,2024-07-24 03:00:00,2024-07-24,03:00:00,0.2523,Wednesday,3,7,Summer,0
10023456781,2024-07-24 04:00:00,2024-07-24,04:00:00,0.2483,Wednesday,4,7,Summer,0
10023456781,2024-07-24 05:00:00,2024-07-24,05:00:00,0.4211,Wednesday,5,7,Summer,0
10023456781,2024-07-24 06:00:00,2024-07-24,06:00:00,0.6971,Wednesday,6,7,Summer,0
10023456781,2024-07-24 07:00:00,2024-07-24,07:00:00,1.3033,Wednesday,7,7,Summer,0
10023456781,2024-07-24 08:00:00,2024-07-24,08:00:00,1.0556,Wednesday,8,7,Summer,0
10023456781,2024-07-24 09:00:00,2024-07-24,09:00:00,1.0510,Wednesday,9,7,Summer,0
10023456781,2024-07-24 10:00:00,2024-07-24,10:00:00,0.7924,Wednesday,10,7,Summer,0
10023456781,2024-07-24 11:00:00,2024-07-24,11:00:00,0.7011,Wednesday,11,7,Summer,0
10023456781,2024-07-24 12:00:00,2024-07-24,12:00:00,0.7192,Wednesday,12,7,Summer,0
10023456781,2024-07-24 13:00:00,2024-07-24,13:00:00,0.8398,Wednesday,13,7,Summer,0
10023456781,2024-07-24 14:00:00,2024-07-24,14:00:00,0.7937,Wednesday,14,7,Summer,0
10023456781,2024-07-24 15:00:00,2024-07-24,15:00:00,0.9270,Wednesday,15,7,Summer,0
10023456781,2024-07-24 16:00:00,2024-07-24,16:00:00,0.9751,Wednesday,16,7,Summer,0
10023456781,2024-07-24 17:00:00,2024-07-24,17:00:00,1.2694,Wednesday,17,7,Summer,0
10023456781,2024-07-24 18:00:00,2024-07-24,18:00:00,1.5742,Wednesday,18,7,Summer,0
10023456781,2024-07-24 19:00:00,2024-07-24,19:00:00,1.7993,Wednesday,19,7,Summer,0
10023456781,2024-07-24 20:00:00,2024-07-24,20:00:00,1.9805,Wednesday,20,7,Summer,0
10023456781,2024-07-24 21:00:00,2024-07-24,21:00:00,1.7121,Wednesday,21,7,Summer,0
10023456781,2024-07-24 22:00:00,2024-07-24,22:00:00,1.0905,Wednesday,22,7,Summer,0
10023456781,2024-07-24 23:00:00,2024-07-24,23:00:00,0.6053,Wednesday,23,7,Summer,0
10023456781,2024-07-25 00:00:00,2024-07-25,00:00:00,0.3369,Thursday,0,7,Summer,0
10023456781,2024-07-25 01:00:00,2024-07-25,01:00:00,0.2483,Thursday,1,7,Summer,0
10023456781,2024-07-25 02:00:00,2024-07-25,02:00:00,1.9618,Thursday,2,7,Summer,1
10023456781,2024-07-25 03:00:00,2024-07-25,03:00:00,1.5666,Thursday,3,7,Summer,1
10023456781,2024-07-25 04:00:00,2024-07-25,04:00:00,0.2808,Thursday,4,7,Summer,0
10023456781,2024-07-25 05:00:00,2024-07-25,05:00:00,0.4622,Thursday,5,7,Summer,0
10023456781,2024-07-25 06:00:00,2024-07-25,06:00:00,0.8171,Thursday,6,7,Summer,0
10023456781,2024-07-25 07:00:00,2024-07-25,07:00:00,1.0254,Thursday,7,7,Summer,0
10023456781,2024-07-25 08:00:00,2024-07-25,08:00:00,1.3909,Thursday,8,7,Summer,0
10023456781,2024-07-25 09:00:00,2024-07-25,09:00:00,1.3511,Thursday,9,7,Summer,0
10023456781,2024-07-25 10:00:00,2024-07-25,10:00:00,0.8758,Thursday,10,7,Summer,0
10023456781,2024-07-25 11:00:00,2024-07-25,11:00:00,0.7305,Thursday,11,7,Summer,0
10023456781,2024-07-25 12:00:00,2024-07-25,12:00:00,0.8769,Thursday,12,7,Summer,0
10023456781,2024-07-25 13:00:00,2024-07-25,13:00:00,0.8260,Thursday,13,7,Summer,0
10023456781,2024-07-25 14:00:00,2024-07-25,14:00:00,1.0513,Thursday,14,7,Summer,0
10023456781,2024-07-25 15:00:00,2024-07-25,15:00:00,0.8199,Thursday,15,7,Summer,0
10023456781,2024-07-25 16:00:00,2024-07-25,16:00:00,1.1472,Thursday,16,7,Summer,0
10023456781,2024-07-25 17:00:00,2024-07-25,17:00:00,1.2466,Thursday,17,7,Summer,0
10023456781,2024-07-25 18:00:00,2024-07-25,18:00:00,1.5578,Thursday,18,7,Summer,0
10023456781,2024-07-25 19:00:00,2024-07-25,19:00:00,1.8253,Thursday,19,7,Summer,0
10023456781,2024-07-25 20:00:00,2024-07-25,20:00:00,1.8629,Thursday,20,7,Summer,0
10023456781,2024-07-25 21:00:00,2024-07-25,21:00:00,1.9068,Thursday,21,7,Summer,0
10023456781,2024-07-25 22:00:00,2024-07-25,22:00:00,1.1705,Thursday,22,7,Summer,0
10023456781,2024-07-25 23:00:00,2024-07-25,23:00:00,0.6483,Thursday,23,7,Summer,0
10023456781,2024-07-26 00:00:00,2024-07-26,00:00:00,0.3743,Friday,0,7,Summer,0
10023456781,2024-07-26 01:00:00,2024-07-26,01:00:00,0.3237,Friday,1,7,Summer,0
10023456781,2024-07-26 02:00:00,2024-07-26,02:00:00,0.2923,Friday,2,7,Summer,0
10023456781,2024-07-26 03:00:00,2024-07-26,03:00:00,0.2442,Friday,3,7,Summer,0
10023456781,2024-07-26 04:00:00,2024-07-26,04:00:00,0.2946,Friday,4,7,Summer,0
10023456781,2024-07-26 05:00:00,2024-07-26,05:00:00,0.4731,Friday,5,7,Summer,0
10023456781,2024-07-26 06:00:00,2024-07-26,06:00:00,0.8053,Friday,6,7,Summer,0
10023456781,2024-07-26 07:00:00,2024-07-26,07:00:00,1.1078,Friday,7,7,Summer,0
10023456781,2024-07-26 08:00:00,2024-07-26,08:00:00,1.2417,Friday,8,7,Summer,0
10023456781,2024-07-26 09:00:00,2024-07-26,09:00:00,0.9324,Friday,9,7,Summer,0
10023456781,2024-07-26 10:00:00,2024-07-26,10:00:00,0.7404,Friday,10,7,Summer,0
10023456781,2024-07-26 11:00:00,2024-07-26,11:00:00,0.7208,Friday,11,7,Summer,0
10023456781,2024-07-26 12:00:00,2024-07-26,12:00:00,0.7058,Friday,12,7,Summer,0
10023456781,2024-07-26 13:00:00,2024-07-26,13:00:00,0.9506,Friday,13,7,Summer,0
10023456781,2024-07-26 14:00:00,2024-07-26,14:00:00,0.7897,Friday,14,7,Summer,0
10023456781,2024-07-26 15:00:00,2024-07-26,15:00:00,0.9286,Friday,15,7,Summer,0
10023456781,2024-07-26 16:00:00,2024-07-26,16:00:00,1.0835,Friday,16,7,Summer,0
10023456781,2024-07-26 17:00:00,2024-07-26,17:00:00,1.0852,Friday,17,7,Summer,0
10023456781,2024-07-26 18:00:00,2024-07-26,18:00:00,1.2697,Friday,18,7,Summer,0
10023456781,2024-07-26 19:00:00,2024-07-26,19:00:00,1.8091,Friday,19,7,Summer,0
10023456781,2024-07-26 20:00:00,2024-07-26,20:00:00,1.6834,Friday,20,7,Summer,0
10023456781,2024-07-26 21:00:00,2024-07-26,21:00:00,1.2490,Friday,21,7,Summer,0
10023456781,2024-07-26 22:00:00,2024-07-26,22:00:00,6.4836,Friday,22,7,Summer,1
10023456781,2024-07-26 23:00:00,2024-07-26,23:00:00,0.6405,Friday,23,7,Summer,0
10023456781,2024-07-27 00:00:00,2024-07-27,00:00:00,0.4493,Saturday,0,7,Summer,0
10023456781,2024-07-27 01:00:00,2024-07-27,01:00:00,0.3353,Saturday,1,7,Summer,0
10023456781,2024-07-27 02:00:00,2024-07-27,02:00:00,0.3627,Saturday,2,7,Summer,0
10023456781,2024-07-27 03:00:00,2024-07-27,03:00:00,0.3259,Saturday,3,7,Summer,0
10023456781,2024-07-27 04:00:00,2024-07-27,04:00:00,0.3288,Saturday,4,7,Summer,0
10023456781,2024-07-27 05:00:00,2024-07-27,05:00:00,0.4252,Saturday,5,7,Summer,0
10023456781,2024-07-27 06:00:00,2024-07-27,06:00:00,0.5908,Saturday,6,7,Summer,0
10023456781,2024-07-27 07:00:00,2024-07-27,07:00:00,0.8253,Saturday,7,7,Summer,0
10023456781,2024-07-27 08:00:00,2024-07-27,08:00:00,1.2949,Saturday,8,7,Summer,0
10023456781,2024-07-27 09:00:00,2024-07-27,09:00:00,1.5696,Saturday,9,7,Summer,0
10023456781,2024-07-27 10:00:00,2024-07-27,10:00:00,1.0499,Saturday,10,7,Summer,0
10023456781,2024-07-27 11:00:00,2024-07-27,11:00:00,1.2777,Saturday,11,7,Summer,0
10023456781,2024-07-27 12:00:00,2024-07-27,12:00:00,1.1150,Saturday,12,7,Summer,0
10023456781,2024-07-27 13:00:00,2024-07-27,13:00:00,1.0884,Saturday,13,7,Summer,0
10023456781,2024-07-27 14:00:00,2024-07-27,14:00:00,1.0265,Saturday,14,7,Summer,0
10023456781,2024-07-27 15:00:00,2024-07-27,15:00:00,0.9939,Saturday,15,7,Summer,0
10023456781,2024-07-27 16:00:00,2024-07-27,16:00:00,1.1141,Saturday,16,7,Summer,0
10023456781,2024-07-27 17:00:00,2024-07-27,17:00:00,1.4630,Saturday,17,7,Summer,0
10023456781,2024-07-27 18:00:00,2024-07-27,18:00:00,2.0106,Saturday,18,7,Summer,0
10023456781,2024-07-27 19:00:00,2024-07-27,19:00:00,1.6218,Saturday,19,7,Summer,0
10023456781,2024-07-27 20:00:00,2024-07-27,20:00:00,1.7616,Saturday,20,7,Summer,0
10023456781,2024-07-27 21:00:00,2024-07-27,21:00:00,1.6911,Saturday,21,7,Summer,0
10023456781,2024-07-27 22:00:00,2024-07-27,22:00:00,1.3188,Saturday,22,7,Summer,0
10023456781,2024-07-27 23:00:00,2024-07-27,23:00:00,0.8290,Saturday,23,7,Summer,0
10023456781,2024-07-28 00:00:00,2024-07-28,00:00:00,0.3897,Sunday,0,7,Summer,0
10023456781,2024-07-28 01:00:00,2024-07-28,01:00:00,0.3316,Sunday,1,7,Summer,0
10023456781,2024-07-28 02:00:00,2024-07-28,02:00:00,0.3424,Sunday,2,7,Summer,0
10023456781,2024-07-28 03:00:00,2024-07-28,03:00:00,0.2718,Sunday,3,7,Summer,0
10023456781,2024-07-28 04:00:00,2024-07-28,04:00:00,0.3132,Sunday,4,7,Summer,0
10023456781,2024-07-28 05:00:00,2024-07-28,05:00:00,0.3012,Sunday,5,7,Summer,0
10023456781,2024-07-28 06:00:00,2024-07-28,06:00:00,0.5112,Sunday,6,7,Summer,0
10023456781,2024-07-28 07:00:00,2024-07-28,07:00:00,0.8444,Sunday,7,7,Summer,0
10023456781,2024-07-28 08:00:00,2024-07-28,08:00:00,1.2609,Sunday,8,7,Summer,0
10023456781,2024-07-28 09:00:00,2024-07-28,09:00:00,1.1765,Sunday,9,7,Summer,0
10023456781,2024-07-28 10:00:00,2024-07-28,10:00:00,1.5442,Sunday,10,7,Summer,0
10023456781,2024-07-28 11:00:00,2024-07-28,11:00:00,0.0679,Sunday,11,7,Summer,1
10023456781,2024-07-28 12:00:00,2024-07-28,12:00:00,1.0712,Sunday,12,7,Summer,0
10023456781,2024-07-28 13:00:00,2024-07-28,13:00:00,0.9045,Sunday,13,7,Summer,0
10023456781,2024-07-28 14:00:00,2024-07-28,14:00:00,0.9188,Sunday,14,7,Summer,0
10023456781,2024-07-28 15:00:00,2024-07-28,15:00:00,0.8416,Sunday,15,7,Summer,0
10023456781,2024-07-28 16:00:00,2024-07-28,16:00:00,1.2488,Sunday,16,7,Summer,0
10023456781,2024-07-28 17:00:00,2024-07-28,17:00:00,1.3848,Sunday,17,7,Summer,0
10023456781,2024-07-28 18:00:00,2024-07-28,18:00:00,1.8641,Sunday,18,7,Summer,0
10023456781,2024-07-28 19:00:00,2024-07-28,19:00:00,2.0781,Sunday,19,7,Summer,0
10023456781,2024-07-28 20:00:00,2024-07-28,20:00:00,1.7506,Sunday,20,7,Summer,0
10023456781,2024-07-28 21:00:00,2024-07-28,21:00:00,1.6148,Sunday,21,7,Summer,0
10023456781,2024-07-28 22:00:00,2024-07-28,22:00:00,1.2760,Sunday,22,7,Summer,0
10023456781,2024-07-28 23:00:00,2024-07-28,23:00:00,0.9480,Sunday,23,7,Summer,0
10023456781,2024-07-29 00:00:00,2024-07-29,00:00:00,0.4162,Monday,0,7,Summer,0
10023456781,2024-07-29 01:00:00,2024-07-29,01:00:00,0.3366,Monday,1,7,Summer,0
10023456781,2024-07-29 02:00:00,2024-07-29,02:00:00,0.3555,Monday,2,7,Summer,0
10023456781,2024-07-29 03:00:00,2024-07-29,03:00:00,0.3532,Monday,3,7,Summer,0
10023456781,2024-07-29 04:00:00,2024-07-29,04:00:00,0.3672,Monday,4,7,Summer,0
10023456781,2024-07-29 05:00:00,2024-07-29,05:00:00,0.5813,Monday,5,7,Summer,0
10023456781,2024-07-29 06:00:00,2024-07-29,06:00:00,0.9234,Monday,6,7,Summer,0
10023456781,2024-07-29 07:00:00,2024-07-29,07:00:00,1.2718,Monday,7,7,Summer,0
10023456781,2024-07-29 08:00:00,2024-07-29,08:00:00,1.1966,Monday,8,7,Summer,0
10023456781,2024-07-29 09:00:00,2024-07-29,09:00:00,1.0350,Monday,9,7,Summer,0
10023456781,2024-07-29 10:00:00,2024-07-29,10:00:00,0.9151,Monday,10,7,Summer,0
10023456781,2024-07-29 11:00:00,2024-07-29,11:00:00,0.7918,Monday,11,7,Summer,0
10023456781,2024-07-29 12:00:00,2024-07-29,12:00:00,0.8921,Monday,12,7,Summer,0
10023456781,2024-07-29 13:00:00,2024-07-29,13:00:00,0.9260,Monday,13,7,Summer,0
10023456781,2024-07-29 14:00:00,2024-07-29,14:00:00,0.9605,Monday,14,7,Summer,0
10023456781,2024-07-29 15:00:00,2024-07-29,15:00:00,1.0841,Monday,15,7,Summer,0
10023456781,2024-07-29 16:00:00,2024-07-29,16:00:00,1.1297,Monday,16,7,Summer,0
10023456781,2024-07-29 17:00:00,2024-07-29,17:00:00,1.3735,Monday,17,7,Summer,0
10023456781,2024-07-29 18:00:00,2024-07-29,18:00:00,1.6856,Monday,18,7,Summer,0
10023456781,2024-07-29 19:00:00,2024-07-29,19:00:00,1.6748,Monday,19,7,Summer,0
10023456781,2024-07-29 20:00:00,2024-07-29,20:00:00,1.9356,Monday,20,7,Summer,0
10023456781,2024-07-29 21:00:00,2024-07-29,21:00:00,1.7171,Monday,21,7,Summer,0
10023456781,2024-07-29 22:00:00,2024-07-29,22:00:00,1.2096,Monday,22,7,Summer,0
10023456781,2024-07-29 23:00:00,2024-07-29,23:00:00,0.9199,Monday,23,7,Summer,0
10023456781,2024-07-30 00:00:00,2024-07-30,00:00:00,0.4763,Tuesday,0,7,Summer,0
10023456781,2024-07-30 01:00:00,2024-07-30,01:00:00,0.3820,Tuesday,1,7,Summer,0
10023456781,2024-07-30 02:00:00,2024-07-30,02:00:00,0.3779,Tuesday,2,7,Summer,0
10023456781,2024-07-30 03:00:00,2024-07-30,03:00:00,0.3603,Tuesday,3,7,Summer,0
10023456781,2024-07-30 04:00:00,2024-07-30,04:00:00,0.4870,Tuesday,4,7,Summer,0
10023456781,2024-07-30 05:00:00,2024-07-30,05:00:00,0.6704,Tuesday,5,7,Summer,0
10023456781,2024-07-30 06:00:00,2024-07-30,06:00:00,1.4578,Tuesday,6,7,Summer,0
10023456781,2024-07-30 07:00:00,2024-07-30,07:00:00,1.5703,Tuesday,7,7,Summer,0
10023456781,2024-07-30 08:00:00,2024-07-30,08:00:00,1.9298,Tuesday,8,7,Summer,0
10023456781,2024-07-30 09:00:00,2024-07-30,09:00:00,1.3799,Tuesday,9,7,Summer,0
10023456781,2024-07-30 10:00:00,2024-07-30,10:00:00,7.0822,Tuesday,10,7,Summer,1
10023456781,2024-07-30 11:00:00,2024-07-30,11:00:00,0.8946,Tuesday,11,7,Summer,0
10023456781,2024-07-30 12:00:00,2024-07-30,12:00:00,1.1525,Tuesday,12,7,Summer,0
10023456781,2024-07-30 13:00:00,2024-07-30,13:00:00,1.1205,Tuesday,13,7,Summer,0
10023456781,2024-07-30 14:00:00,2024-07-30,14:00:00,1.1833,Tuesday,14,7,Summer,0
10023456781,2024-07-30 15:00:00,2024-07-30,15:00:00,0.9902,Tuesday,15,7,Summer,0
10023456781,2024-07-30 16:00:00,2024-07-30,16:00:00,1.2705,Tuesday,16,7,Summer,0
10023456781,2024-07-30 17:00:00,2024-07-30,17:00:00,1.7037,Tuesday,17,7,Summer,0
10023456781,2024-07-30 18:00:00,2024-07-30,18:00:00,2.1804,Tuesday,18,7,Summer,0
10023456781,2024-07-30 19:00:00,2024-07-30,19:00:00,2.5495,Tuesday,19,7,Summer,0
10023456781,2024-07-30 20:00:00,2024-07-30,20:00:00,2.0309,Tuesday,20,7,Summer,0
10023456781,2024-07-30 21:00:00,2024-07-30,21:00:00,2.1508,Tuesday,21,7,Summer,0
10023456781,2024-07-30 22:00:00,2024-07-30,22:00:00,1.5630,Tuesday,22,7,Summer,0
10023456781,2024-07-30 23:00:00,2024-07-30,23:00:00,0.7550,Tuesday,23,7,Summer,0
10023456781,2024-07-31 00:00:00,2024-07-31,00:00:00,0.4200,Wednesday,0,7,Summer,0
10023456781,2024-07-31 01:00:00,2024-07-31,01:00:00,0.4074,Wednesday,1,7,Summer,0
10023456781,2024-07-31 02:00:00,2024-07-31,02:00:00,0.2943,Wednesday,2,7,Summer,0
10023456781,2024-07-31 03:00:00,2024-07-31,03:00:00,0.3216,Wednesday,3,7,Summer,0
10023456781,2024-07-31 04:00:00,2024-07-31,04:00:00,0.5289,Wednesday,4,7,Summer,0
10023456781,2024-07-31 05:00:00,2024-07-31,05:00:00,0.6439,Wednesday,5,7,Summer,0
10023456781,2024-07-31 06:00:00,2024-07-31,06:00:00,1.1277,Wednesday,6,7,Summer,0
10023456781,2024-07-31 07:00:00,2024-07-31,07:00:00,1.3002,Wednesday,7,7,Summer,0
10023456781,2024-07-31 08:00:00,2024-07-31,08:00:00,1.6995,Wednesday,8,7,Summer,0
10023456781,2024-07-31 09:00:00,2024-07-31,09:00:00,1.2552,Wednesday,9,7,Summer,0
10023456781,2024-07-31 10:00:00,2024-07-31,10:00:00,0.9916,Wednesday,10,7,Summer,0
10023456781,2024-07-31 11:00:00,2024-07-31,11:00:00,1.0003,Wednesday,11,7,Summer,0
10023456781,2024-07-31 12:00:00,2024-07-31,12:00:00,0.7959,Wednesday,12,7,Summer,0
10023456781,2024-07-31 13:00:00,2024-07-31,13:00:00,1.0329,Wednesday,13,7,Summer,0
10023456781,2024-07-31 14:00:00,2024-07-31,14:00:00,0.9832,Wednesday,14,7,Summer,0
10023456781,2024-07-31 15:00:00,2024-07-31,15:00:00,0.9946,Wednesday,15,7,Summer,0
10023456781,2024-07-31 16:00:00,2024-07-31,16:00:00,1.1467,Wednesday,16,7,Summer,0
10023456781,2024-07-31 17:00:00,2024-07-31,17:00:00,1.4561,Wednesday,17,7,Summer,0
10023456781,2024-07-31 18:00:00,2024-07-31,18:00:00,1.7935,Wednesday,18,7,Summer,0
10023456781,2024-07-31 19:00:00,2024-07-31,19:00:00,2.4609,Wednesday,19,7,Summer,0
10023456781,2024-07-31 20:00:00,2024-07-31,20:00:00,2.0246,Wednesday,20,7,Summer,0
10023456781,2024-07-31 21:00:00,2024-07-31,21:00:00,1.6702,Wednesday,21,7,Summer,0
10023456781,2024-07-31 22:00:00,2024-07-31,22:00:00,1.3292,Wednesday,22,7,Summer,0
10023456781,2024-07-31 23:00:00,2024-07-31,23:00:00,0.8204,Wednesday,23,7,Summer,0
10023456781,2024-08-01 00:00:00,2024-08-01,00:00:00,0.3840,Thursday,0,8,Summer,0
10023456781,2024-08-01 01:00:00,2024-08-01,01:00:00,0.3083,Thursday,1,8,Summer,0
10023456781,2024-08-01 02:00:00,2024-08-01,02:00:00,0.3164,Thursday,2,8,Summer,0
10023456781,2024-08-01 03:00:00,2024-08-01,03:00:00,0.3408,Thursday,3,8,Summer,0
10023456781,2024-08-01 04:00:00,2024-08-01,04:00:00,0.3262,Thursday,4,8,Summer,0
10023456781,2024-08-01 05:00:00,2024-08-01,05:00:00,0.5406,Thursday,5,8,Summer,0
10023456781,2024-08-01 06:00:00,2024-08-01,06:00:00,0.9750,Thursday,6,8,Summer,0
10023456781,2024-08-01 07:00:00,2024-08-01,07:00:00,0.9379,Thursday,7,8,Summer,0
10023456781,2024-08-01 08:00:00,2024-08-01,08:00:00,1.4009,Thursday,8,8,Summer,0
10023456781,2024-08-01 09:00:00,2024-08-01,09:00:00,1.1779,Thursday,9,8,Summer,0
10023456781,2024-08-01 10:00:00,2024-08-01,10:00:00,0.9610,Thursday,10,8,Summer,0
10023456781,2024-08-01 11:00:00,2024-08-01,11:00:00,0.8411,Thursday,11,8,Summer,0
10023456781,2024-08-01 12:00:00,2024-08-01,12:00:00,0.7750,Thursday,12,8,Summer,0
10023456781,2024-08-01 13:00:00,2024-08-01,13:00:00,0.9154,Thursday,13,8,Summer,0
10023456781,2024-08-01 14:00:00,2024-08-01,14:00:00,0.8691,Thursday,14,8,Summer,0
10023456781,2024-08-01 15:00:00,2024-08-01,15:00:00,0.8523,Thursday,15,8,Summer,0
10023456781,2024-08-01 16:00:00,2024-08-01,16:00:00,1.0582,Thursday,16,8,Summer,0
10023456781,2024-08-01 17:00:00,2024-08-01,17:00:00,1.3047,Thursday,17,8,Summer,0
10023456781,2024-08-01 18:00:00,2024-08-01,18:00:00,1.7463,Thursday,18,8,Summer,0
10023456781,2024-08-01 19:00:00,2024-08-01,19:00:00,2.0665,Thursday,19,8,Summer,0
10023456781,2024-08-01 20:00:00,2024-08-01,20:00:00,1.8017,Thursday,20,8,Summer,0
10023456781,2024-08-01 21:00:00,2024-08-01,21:00:00,1.7208,Thursday,21,8,Summer,0
10023456781,2024-08-01 22:00:00,2024-08-01,22:00:00,1.1344,Thursday,22,8,Summer,0
10023456781,2024-08-01 23:00:00,2024-08-01,23:00:00,0.6532,Thursday,23,8,Summer,0
10023456781,2024-08-02 00:00:00,2024-08-02,00:00:00,0.4861,Friday,0,8,Summer,0
10023456781,2024-08-02 01:00:00,2024-08-02,01:00:00,0.5007,Friday,1,8,Summer,0
10023456781,2024-08-02 02:00:00,2024-08-02,02:00:00,0.4248,Friday,2,8,Summer,0
10023456781,2024-08-02 03:00:00,2024-08-02,03:00:00,0.4252,Friday,3,8,Summer,0
10023456781,2024-08-02 04:00:00,2024-08-02,04:00:00,0.5611,Friday,4,8,Summer,0
10023456781,2024-08-02 05:00:00,2024-08-02,05:00:00,0.5642,Friday,5,8,Summer,0
10023456781,2024-08-02 06:00:00,2024-08-02,06:00:00,1.2794,Friday,6,8,Summer,0
10023456781,2024-08-02 07:00:00,2024-08-02,07:00:00,1.6287,Friday,7,8,Summer,0
10023456781,2024-08-02 08:00:00,2024-08-02,08:00:00,1.6475,Friday,8,8,Summer,0
10023456781,2024-08-02 09:00:00,2024-08-02,09:00:00,1.4438,Friday,9,8,Summer,0
10023456781,2024-08-02 10:00:00,2024-08-02,10:00:00,1.1614,Friday,10,8,Summer,0
10023456781,2024-08-02 11:00:00,2024-08-02,11:00:00,1.1415,Friday,11,8,Summer,0
10023456781,2024-08-02 12:00:00,2024-08-02,12:00:00,0.9038,Friday,12,8,Summer,0
10023456781,2024-08-02 13:00:00,2024-08-02,13:00:00,6.2117,Friday,13,8,Summer,1
10023456781,2024-08-02 14:00:00,2024-08-02,14:00:00,1.1433,Friday,14,8,Summer,0
10023456781,2024-08-02 15:00:00,2024-08-02,15:00:00,1.2578,Friday,15,8,Summer,0
10023456781,2024-08-02 16:00:00,2024-08-02,16:00:00,1.4917,Friday,16,8,Summer,0
10023456781,2024-08-02 17:00:00,2024-08-02,17:00:00,1.7398,Friday,17,8,Summer,0
10023456781,2024-08-02 18:00:00,2024-08-02,18:00:00,2.5691,Friday,18,8,Summer,0
10023456781,2024-08-02 19:00:00,2024-08-02,19:00:00,2.6319,Friday,19,8,Summer,0
10023456781,2024-08-02 20:00:00,2024-08-02,20:00:00,2.1334,Friday,20,8,Summer,0
10023456781,2024-08-02 21:00:00,2024-08-02,21:00:00,1.9757,Friday,21,8,Summer,0
10023456781,2024-08-02 22:00:00,2024-08-02,22:00:00,0.0952,Friday,22,8,Summer,1
10023456781,2024-08-02 23:00:00,2024-08-02,23:00:00,0.8503,Friday,23,8,Summer,0
10023456781,2024-08-03 00:00:00,2024-08-03,00:00:00,0.5325,Saturday,0,8,Summer,0
10023456781,2024-08-03 01:00:00,2024-08-03,01:00:00,0.3879,Saturday,1,8,Summer,0
10023456781,2024-08-03 02:00:00,2024-08-03,02:00:00,0.4120,Saturday,2,8,Summer,0
10023456781,2024-08-03 03:00:00,2024-08-03,03:00:00,0.4253,Saturday,3,8,Summer,0
10023456781,2024-08-03 04:00:00,2024-08-03,04:00:00,0.4681,Saturday,4,8,Summer,0
10023456781,2024-08-03 05:00:00,2024-08-03,05:00:00,0.4773,Saturday,5,8,Summer,0
10023456781,2024-08-03 06:00:00,2024-08-03,06:00:00,0.6139,Saturday,6,8,Summer,0
10023456781,2024-08-03 07:00:00,2024-08-03,07:00:00,0.9027,Saturday,7,8,Summer,0
10023456781,2024-08-03 08:00:00,2024-08-03,08:00:00,1.5742,Saturday,8,8,Summer,0
10023456781,2024-08-03 09:00:00,2024-08-03,09:00:00,1.7892,Saturday,9,8,Summer,0
10023456781,2024-08-03 10:00:00,2024-08-03,10:00:00,1.5305,Saturday,10,8,Summer,0
10023456781,2024-08-03 11:00:00,2024-08-03,11:00:00,1.4117,Saturday,11,8,Summer,0
10023456781,2024-08-03 12:00:00,2024-08-03,12:00:00,1.5371,Saturday,12,8,Summer,0
10023456781,2024-08-03 13:00:00,2024-08-03,13:00:00,1.4628,Saturday,13,8,Summer,0
10023456781,2024-08-03 14:00:00,2024-08-03,14:00:00,1.2012,Saturday,14,8,Summer,0
10023456781,2024-08-03 15:00:00,2024-08-03,15:00:00,1.2621,Saturday,15,8,Summer,0
10023456781,2024-08-03 16:00:00,2024-08-03,16:00:00,1.6260,Saturday,16,8,Summer,0
10023456781,2024-08-03 17:00:00,2024-08-03,17:00:00,1.9953,Saturday,17,8,Summer,0
10023456781,2024-08-03 18:00:00,2024-08-03,18:00:00,1.9995,Saturday,18,8,Summer,0
10023456781,2024-08-03 19:00:00,2024-08-03,19:00:00,2.1107,Saturday,19,8,Summer,0
10023456781,2024-08-03 20:00:00,2024-08-03,20:00:00,1.8219,Saturday,20,8,Summer,0
10023456781,2024-08-03 21:00:00,2024-08-03,21:00:00,1.9533,Saturday,21,8,Summer,0
10023456781,2024-08-03 22:00:00,2024-08-03,22:00:00,1.5775,Saturday,22,8,Summer,0
10023456781,2024-08-03 23:00:00,2024-08-03,23:00:00,0.9894,Saturday,23,8,Summer,0
10023456781,2024-08-04 00:00:00,2024-08-04,00:00:00,0.2976,Sunday,0,8,Summer,0
10023456781,2024-08-04 01:00:00,2024-08-04,01:00:00,0.3705,Sunday,1,8,Summer,0
10023456781,2024-08-04 02:00:00,2024-08-04,02:00:00,0.2801,Sunday,2,8,Summer,0
10023456781,2024-08-04 03:00:00,2024-08-04,03:00:00,0.2943,Sunday,3,8,Summer,0
10023456781,2024-08-04 04:00:00,2024-08-04,04:00:00,0.3818,Sunday,4,8,Summer,0
10023456781,2024-08-04 05:00:00,2024-08-04,05:00:00,0.3780,Sunday,5,8,Summer,0
10023456781,2024-08-04 06:00:00,2024-08-04,06:00:00,0.5456,Sunday,6,8,Summer,0
10023456781,2024-08-04 07:00:00,2024-08-04,07:00:00,0.8478,Sunday,7,8,Summer,0
10023456781,2024-08-04 08:00:00,2024-08-04,08:00:00,1.0241,Sunday,8,8,Summer,0
10023456781,2024-08-04 09:00:00,2024-08-04,09:00:00,1.1199,Sunday,9,8,Summer,0
10023456781,2024-08-04 10:00:00,2024-08-04,10:00:00,0.9743,Sunday,10,8,Summer,0
10023456781,2024-08-04 11:00:00,2024-08-04,11:00:00,1.0895,Sunday,11,8,Summer,0
10023456781,2024-08-04 12:00:00,2024-08-04,12:00:00,1.1763,Sunday,12,8,Summer,0
10023456781,2024-08-04 13:00:00,2024-08-04,13:00:00,0.7656,Sunday,13,8,Summer,0
10023456781,2024-08-04 14:00:00,2024-08-04,14:00:00,0.9731,Sunday,14,8,Summer,0
10023456781,2024-08-04 15:00:00,2024-08-04,15:00:00,1.0368,Sunday,15,8,Summer,0
10023456781,2024-08-04 16:00:00,2024-08-04,16:00:00,0.9499,Sunday,16,8,Summer,0
10023456781,2024-08-04 17:00:00,2024-08-04,17:00:00,0.9678,Sunday,17,8,Summer,0
10023456781,2024-08-04 18:00:00,2024-08-04,18:00:00,1.2853,Sunday,18,8,Summer,0
10023456781,2024-08-04 19:00:00,2024-08-04,19:00:00,1.8551,Sunday,19,8,Summer,0
10023456781,2024-08-04 20:00:00,2024-08-04,20:00:00,1.4094,Sunday,20,8,Summer,0
10023456781,2024-08-04 21:00:00,2024-08-04,21:00:00,1.6152,Sunday,21,8,Summer,0
10023456781,2024-08-04 22:00:00,2024-08-04,22:00:00,1.5069,Sunday,22,8,Summer,0
10023456781,2024-08-04 23:00:00,2024-08-04,23:00:00,0.7299,Sunday,23,8,Summer,0
10023456781,2024-08-05 00:00:00,2024-08-05,00:00:00,0.4693,Monday,0,8,Summer,0
10023456781,2024-08-05 01:00:00,2024-08-05,01:00:00,0.3490,Monday,1,8,Summer,0
10023456781,2024-08-05 02:00:00,2024-08-05,02:00:00,0.2502,Monday,2,8,Summer,0
10023456781,2024-08-05 03:00:00,2024-08-05,03:00:00,0.2516,Monday,3,8,Summer,0
10023456781,2024-08-05 04:00:00,2024-08-05,04:00:00,0.3805,Monday,4,8,Summer,0
10023456781,2024-08-05 05:00:00,2024-08-05,05:00:00,0.4899,Monday,5,8,Summer,0
10023456781,2024-08-05 06:00:00,2024-08-05,06:00:00,0.8072,Monday,6,8,Summer,0
10023456781,2024-08-05 07:00:00,2024-08-05,07:00:00,1.2376,Monday,7,8,Summer,0
10023456781,2024-08-05 08:00:00,2024-08-05,08:00:00,1.2814,Monday,8,8,Summer,0
10023456781,2024-08-05 09:00:00,2024-08-05,09:00:00,1.0057,Monday,9,8,Summer,0
10023456781,2024-08-05 10:00:00,2024-08-05,10:00:00,0.8517,Monday,10,8,Summer,0
10023456781,2024-08-05 11:00:00,2024-08-05,11:00:00,0.8665,Monday,11,8,Summer,0
10023456781,2024-08-05 12:00:00,2024-08-05,12:00:00,0.7713,Monday,12,8,Summer,0
10023456781,2024-08-05 13:00:00,2024-08-05,13:00:00,0.8964,Monday,13,8,Summer,0
10023456781,2024-08-05 14:00:00,2024-08-05,14:00:00,0.8997,Monday,14,8,Summer,0
10023456781,2024-08-05 15:00:00,2024-08-05,15:00:00,0.7424,Monday,15,8,Summer,0
10023456781,2024-08-05 16:00:00,2024-08-05,16:00:00,0.9467,Monday,16,8,Summer,0
10023456781,2024-08-05 17:00:00,2024-08-05,17:00:00,1.2454,Monday,17,8,Summer,0
10023456781,2024-08-05 18:00:00,2024-08-05,18:00:00,1.7216,Monday,18,8,Summer,0
10023456781,2024-08-05 19:00:00,2024-08-05,19:00:00,1.6261,Monday,19,8,Summer,0
10023456781,2024-08-05 20:00:00,2024-08-05,20:00:00,1.5479,Monday,20,8,Summer,0
10023456781,2024-08-05 21:00:00,2024-08-05,21:00:00,1.6343,Monday,21,8,Summer,0
10023456781,2024-08-05 22:00:00,2024-08-05,22:00:00,1.0115,Monday,22,8,Summer,0
10023456781,2024-08-05 23:00:00,2024-08-05,23:00:00,0.5434,Monday,23,8,Summer,0
10023456781,2024-08-06 00:00:00,2024-08-06,00:00:00,0.3606,Tuesday,0,8,Summer,0
10023456781,2024-08-06 01:00:00,2024-08-06,01:00:00,0.2712,Tuesday,1,8,Summer,0
10023456781,2024-08-06 02:00:00,2024-08-06,02:00:00,0.2851,Tuesday,2,8,Summer,0
10023456781,2024-08-06 03:00:00,2024-08-06,03:00:00,0.2847,Tuesday,3,8,Summer,0
10023456781,2024-08-06 04:00:00,2024-08-06,04:00:00,0.2325,Tuesday,4,8,Summer,0
10023456781,2024-08-06 05:00:00,2024-08-06,05:00:00,0.3175,Tuesday,5,8,Summer,0
10023456781,2024-08-06 06:00:00,2024-08-06,06:00:00,0.7488,Tuesday,6,8,Summer,0
10023456781,2024-08-06 07:00:00,2024-08-06,07:00:00,0.8834,Tuesday,7,8,Summer,0
10023456781,2024-08-06 08:00:00,2024-08-06,08:00:00,1.1793,Tuesday,8,8,Summer,0
10023456781,2024-08-06 09:00:00,2024-08-06,09:00:00,1.0124,Tuesday,9,8,Summer,0
10023456781,2024-08-06 10:00:00,2024-08-06,10:00:00,0.7854,Tuesday,10,8,Summer,0
10023456781,2024-08-06 11:00:00,2024-08-06,11:00:00,0.7348,Tuesday,11,8,Summer,0
10023456781,2024-08-06 12:00:00,2024-08-06,12:00:00,0.6047,Tuesday,12,8,Summer,0
10023456781,2024-08-06 13:00:00,2024-08-06,13:00:00,0.6055,Tuesday,13,8,Summer,0
10023456781,2024-08-06 14:00:00,2024-08-06,14:00:00,0.6847,Tuesday,14,8,Summer,0
10023456781,2024-08-06 15:00:00,2024-08-06,15:00:00,0.6037,Tuesday,15,8,Summer,0
10023456781,2024-08-06 16:00:00,2024-08-06,16:00:00,1.0300,Tuesday,16,8,Summer,0
10023456781,2024-08-06 17:00:00,2024-08-06,17:00:00,1.1047,Tuesday,17,8,Summer,0
10023456781,2024-08-06 18:00:00,2024-08-06,18:00:00,1.4074,Tuesday,18,8,Summer,0
10023456781,2024-08-06 19:00:00,2024-08-06,19:00:00,1.3888,Tuesday,19,8,Summer,0
10023456781,2024-08-06 20:00:00,2024-08-06,20:00:00,1.4475,Tuesday,20,8,Summer,0
10023456781,2024-08-06 21:00:00,2024-08-06,21:00:00,1.3943,Tuesday,21,8,Summer,0
10023456781,2024-08-06 22:00:00,2024-08-06,22:00:00,0.9237,Tuesday,22,8,Summer,0
10023456781,2024-08-06 23:00:00,2024-08-06,23:00:00,0.5713,Tuesday,23,8,Summer,0
10023456781,2024-08-07 00:00:00,2024-08-07,00:00:00,0.3265,Wednesday,0,8,Summer,0
10023456781,2024-08-07 01:00:00,2024-08-07,01:00:00,0.3430,Wednesday,1,8,Summer,0
10023456781,2024-08-07 02:00:00,2024-08-07,02:00:00,0.2602,Wednesday,2,8,Summer,0
10023456781,2024-08-07 03:00:00,2024-08-07,03:00:00,0.2771,Wednesday,3,8,Summer,0
10023456781,2024-08-07 04:00:00,2024-08-07,04:00:00,0.3908,Wednesday,4,8,Summer,0
10023456781,2024-08-07 05:00:00,2024-08-07,05:00:00,0.4383,Wednesday,5,8,Summer,0
10023456781,2024-08-07 06:00:00,2024-08-07,06:00:00,0.7831,Wednesday,6,8,Summer,0
10023456781,2024-08-07 07:00:00,2024-08-07,07:00:00,1.2065,Wednesday,7,8,Summer,0
10023456781,2024-08-07 08:00:00,2024-08-07,08:00:00,1.1514,Wednesday,8,8,Summer,0
10023456781,2024-08-07 09:00:00,2024-08-07,09:00:00,0.9693,Wednesday,9,8,Summer,0
10023456781,2024-08-07 10:00:00,2024-08-07,10:00:00,0.8216,Wednesday,10,8,Summer,0
10023456781,2024-08-07 11:00:00,2024-08-07,11:00:00,0.7307,Wednesday,11,8,Summer,0
10023456781,2024-08-07 12:00:00,2024-08-07,12:00:00,0.7591,Wednesday,12,8,Summer,0
10023456781,2024-08-07 13:00:00,2024-08-07,13:00:00,0.8663,Wednesday,13,8,Summer,0
10023456781,2024-08-07 14:00:00,2024-08-07,14:00:00,0.7756,Wednesday,14,8,Summer,0
10023456781,2024-08-07 15:00:00,2024-08-07,15:00:00,0.8718,Wednesday,15,8,Summer,0
10023456781,2024-08-07 16:00:00,2024-08-07,16:00:00,1.2176,Wednesday,16,8,Summer,0
10023456781,2024-08-07 17:00:00,2024-08-07,17:00:00,1.1157,Wednesday,17,8,Summer,0
10023456781,2024-08-07 18:00:00,2024-08-07,18:00:00,1.4692,Wednesday,18,8,Summer,0
10023456781,2024-08-07 19:00:00,2024-08-07,19:00:00,1.8154,Wednesday,19,8,Summer,0
10023456781,2024-08-07 20:00:00,2024-08-07,20:00:00,1.5443,Wednesday,20,8,Summer,0
10023456781,2024-08-07 21:00:00,2024-08-07,21:00:00,1.3474,Wednesday,21,8,Summer,0
10023456781,2024-08-07 22:00:00,2024-08-07,22:00:00,0.9721,Wednesday,22,8,Summer,0
10023456781,2024-08-07 23:00:00,2024-08-07,23:00:00,0.7350,Wednesday,23,8,Summer,0
10023456781,2024-08-08 00:00:00,2024-08-08,00:00:00,0.4947,Thursday,0,8,Summer,0
10023456781,2024-08-08 01:00:00,2024-08-08,01:00:00,0.3797,Thursday,1,8,Summer,0
10023456781,2024-08-08 02:00:00,2024-08-08,02:00:00,0.3121,Thursday,2,8,Summer,0
10023456781,2024-08-08 03:00:00,2024-08-08,03:00:00,0.3668,Thursday,3,8,Summer,0
10023456781,2024-08-08 04:00:00,2024-08-08,04:00:00,0.2810,Thursday,4,8,Summer,0
10023456781,2024-08-08 05:00:00,2024-08-08,05:00:00,0.6128,Thursday,5,8,Summer,0
10023456781,2024-08-08 06:00:00,2024-08-08,06:00:00,1.0372,Thursday,6,8,Summer,0
10023456781,2024-08-08 07:00:00,2024-08-08,07:00:00,1.4535,Thursday,7,8,Summer,0
10023456781,2024-08-08 08:00:00,2024-08-08,08:00:00,1.3678,Thursday,8,8,Summer,0
10023456781,2024-08-08 09:00:00,2024-08-08,09:00:00,1.4207,Thursday,9,8,Summer,0
10023456781,2024-08-08 10:00:00,2024-08-08,10:00:00,1.0147,Thursday,10,8,Summer,0
10023456781,2024-08-08 11:00:00,2024-08-08,11:00:00,0.8374,Thursday,11,8,Summer,0
10023456781,2024-08-08 12:00:00,2024-08-08,12:00:00,1.0114,Thursday,12,8,Summer,0
10023456781,2024-08-08 13:00:00,2024-08-08,13:00:00,0.8646,Thursday,13,8,Summer,0
10023456781,2024-08-08 14:00:00,2024-08-08,14:00:00,0.9615,Thursday,14,8,Summer,0
10023456781,2024-08-08 15:00:00,2024-08-08,15:00:00,0.9521,Thursday,15,8,Summer,0
10023456781,2024-08-08 16:00:00,2024-08-08,16:00:00,1.2705,Thursday,16,8,Summer,0
10023456781,2024-08-08 17:00:00,2024-08-08,17:00:00,1.2575,Thursday,17,8,Summer,0
10023456781,2024-08-08 18:00:00,2024-08-08,18:00:00,1.6593,Thursday,18,8,Summer,0
10023456781,2024-08-08 19:00:00,2024-08-08,19:00:00,1.9983,Thursday,19,8,Summer,0
10023456781,2024-08-08 20:00:00,2024-08-08,20:00:00,1.8460,Thursday,20,8,Summer,0
10023456781,2024-08-08 21:00:00,2024-08-08,21:00:00,1.9712,Thursday,21,8,Summer,0
10023456781,2024-08-08 22:00:00,2024-08-08,22:00:00,1.3705,Thursday,22,8,Summer,0
10023456781,2024-08-08 23:00:00,2024-08-08,23:00:00,0.6922,Thursday,23,8,Summer,0
10023456781,2024-08-09 00:00:00,2024-08-09,00:00:00,1.6244,Friday,0,8,Summer,1
10023456781,2024-08-09 01:00:00,2024-08-09,01:00:00,0.3358,Friday,1,8,Summer,0
10023456781,2024-08-09 02:00:00,2024-08-09,02:00:00,0.4118,Friday,2,8,Summer,0
10023456781,2024-08-09 03:00:00,2024-08-09,03:00:00,0.3251,Friday,3,8,Summer,0
10023456781,2024-08-09 04:00:00,2024-08-09,04:00:00,0.3545,Friday,4,8,Summer,0
10023456781,2024-08-09 05:00:00,2024-08-09,05:00:00,0.6010,Friday,5,8,Summer,0
10023456781,2024-08-09 06:00:00,2024-08-09,06:00:00,0.7991,Friday,6,8,Summer,0
10023456781,2024-08-09 07:00:00,2024-08-09,07:00:00,1.3484,Friday,7,8,Summer,0
10023456781,2024-08-09 08:00:00,2024-08-09,08:00:00,1.3773,Friday,8,8,Summer,0
10023456781,2024-08-09 09:00:00,2024-08-09,09:00:00,1.1762,Friday,9,8,Summer,0
10023456781,2024-08-09 10:00:00,2024-08-09,10:00:00,0.1407,Friday,10,8,Summer,1
10023456781,2024-08-09 11:00:00,2024-08-09,11:00:00,0.9237,Friday,11,8,Summer,0
10023456781,2024-08-09 12:00:00,2024-08-09,12:00:00,0.8877,Friday,12,8,Summer,0
10023456781,2024-08-09 13:00:00,2024-08-09,13:00:00,0.6907,Friday,13,8,Summer,0
10023456781,2024-08-09 14:00:00,2024-08-09,14:00:00,0.8629,Friday,14,8,Summer,0
10023456781,2024-08-09 15:00:00,2024-08-09,15:00:00,0.9143,Friday,15,8,Summer,0
10023456781,2024-08-09 16:00:00,2024-08-09,16:00:00,1.0403,Friday,16,8,Summer,0
10023456781,2024-08-09 17:00:00,2024-08-09,17:00:00,1.3888,Friday,17,8,Summer,0
10023456781,2024-08-09 18:00:00,2024-08-09,18:00:00,1.6415,Friday,18,8,Summer,0
10023456781,2024-08-09 19:00:00,2024-08-09,19:00:00,1.7712,Friday,19,8,Summer,0
10023456781,2024-08-09 20:00:00,2024-08-09,20:00:00,2.0260,Friday,20,8,Summer,0
10023456781,2024-08-09 21:00:00,2024-08-09,21:00:00,1.5263,Friday,21,8,Summer,0
10023456781,2024-08-09 22:00:00,2024-08-09,22:00:00,1.2925,Friday,22,8,Summer,0
10023456781,2024-08-09 23:00:00,2024-08-09,23:00:00,0.6713,Friday,23,8,Summer,0
10023456781,2024-08-10 00:00:00,2024-08-10,00:00:00,0.5033,Saturday,0,8,Summer,0
10023456781,2024-08-10 01:00:00,2024-08-10,01:00:00,0.4009,Saturday,1,8,Summer,0
10023456781,2024-08-10 02:00:00,2024-08-10,02:00:00,0.3736,Saturday,2,8,Summer,0
10023456781,2024-08-10 03:00:00,2024-08-10,03:00:00,0.3647,Saturday,3,8,Summer,0
10023456781,2024-08-10 04:00:00,2024-08-10,04:00:00,0.4213,Saturday,4,8,Summer,0
10023456781,2024-08-10 05:00:00,2024-08-10,05:00:00,0.4978,Saturday,5,8,Summer,0
10023456781,2024-08-10 06:00:00,2024-08-10,06:00:00,0.6578,Saturday,6,8,Summer,0
10023456781,2024-08-10 07:00:00,2024-08-10,07:00:00,0.9061,Saturday,7,8,Summer,0
10023456781,2024-08-10 08:00:00,2024-08-10,08:00:00,0.9685,Saturday,8,8,Summer,0
10023456781,2024-08-10 09:00:00,2024-08-10,09:00:00,1.6266,Saturday,9,8,Summer,0
10023456781,2024-08-10 10:00:00,2024-08-10,10:00:00,1.2739,Saturday,10,8,Summer,0
10023456781,2024-08-10 11:00:00,2024-08-10,11:00:00,1.4692,Saturday,11,8,Summer,0
10023456781,2024-08-10 12:00:00,2024-08-10,12:00:00,1.2654,Saturday,12,8,Summer,0
10023456781,2024-08-10 13:00:00,2024-08-10,13:00:00,1.1727,Saturday,13,8,Summer,0
10023456781,2024-08-10 14:00:00,2024-08-10,14:00:00,1.0809,Saturday,14,8,Summer,0
10023456781,2024-08-10 15:00:00,2024-08-10,15:00:00,1.3315,Saturday,15,8,Summer,0
10023456781,2024-08-10 16:00:00,2024-08-10,16:00:00,1.6328,Saturday,16,8,Summer,0
10023456781,2024-08-10 17:00:00,2024-08-10,17:00:00,1.5892,Saturday,17,8,Summer,0
10023456781,2024-08-10 18:00:00,2024-08-10,18:00:00,1.8622,Saturday,18,8,Summer,0
10023456781,2024-08-10 19:00:00,2024-08-10,19:00:00,1.9320,Saturday,19,8,Summer,0
10023456781,2024-08-10 20:00:00,2024-08-10,20:00:00,2.3428,Saturday,20,8,Summer,0
10023456781,2024-08-10 21:00:00,2024-08-10,21:00:00,1.5604,Saturday,21,8,Summer,0
10023456781,2024-08-10 22:00:00,2024-08-10,22:00:00,1.1107,Saturday,22,8,Summer,0
10023456781,2024-08-10 23:00:00,2024-08-10,23:00:00,0.8267,Saturday,23,8,Summer,0
10023456781,2024-08-11 00:00:00,2024-08-11,00:00:00,0.4565,Sunday,0,8,Summer,0
10023456781,2024-08-11 01:00:00,2024-08-11,01:00:00,0.4606,Sunday,1,8,Summer,0
10023456781,2024-08-11 02:00:00,2024-08-11,02:00:00,0.4129,Sunday,2,8,Summer,0
10023456781,2024-08-11 03:00:00,2024-08-11,03:00:00,0.3583,Sunday,3,8,Summer,0
10023456781,2024-08-11 04:00:00,2024-08-11,04:00:00,0.3627,Sunday,4,8,Summer,0
10023456781,2024-08-11 05:00:00,2024-08-11,05:00:00,0.5192,Sunday,5,8,Summer,0
10023456781,2024-08-11 06:00:00,2024-08-11,06:00:00,0.6304,Sunday,6,8,Summer,0
10023456781,2024-08-11 07:00:00,2024-08-11,07:00:00,0.9419,Sunday,7,8,Summer,0
10023456781,2024-08-11 08:00:00,2024-08-11,08:00:00,1.3604,Sunday,8,8,Summer,0
10023456781,2024-08-11 09:00:00,2024-08-11,09:00:00,1.6097,Sunday,9,8,Summer,0
10023456781,2024-08-11 10:00:00,2024-08-11,10:00:00,1.2125,Sunday,10,8,Summer,0
10023456781,2024-08-11 11:00:00,2024-08-11,11:00:00,1.2740,Sunday,11,8,Summer,0
10023456781,2024-08-11 12:00:00,2024-08-11,12:00:00,0.9159,Sunday,12,8,Summer,0
10023456781,2024-08-11 13:00:00,2024-08-11,13:00:00,1.2597,Sunday,13,8,Summer,0
10023456781,2024-08-11 14:00:00,2024-08-11,14:00:00,0.9686,Sunday,14,8,Summer,0
10023456781,2024-08-11 15:00:00,2024-08-11,15:00:00,5.9151,Sunday,15,8,Summer,1
10023456781,2024-08-11 16:00:00,2024-08-11,16:00:00,6.4759,Sunday,16,8,Summer,1
10023456781,2024-08-11 17:00:00,2024-08-11,17:00:00,1.3926,Sunday,17,8,Summer,0
10023456781,2024-08-11 18:00:00,2024-08-11,18:00:00,1.9365,Sunday,18,8,Summer,0
10023456781,2024-08-11 19:00:00,2024-08-11,19:00:00,1.8256,Sunday,19,8,Summer,0
10023456781,2024-08-11 20:00:00,2024-08-11,20:00:00,1.8565,Sunday,20,8,Summer,0
10023456781,2024-08-11 21:00:00,2024-08-11,21:00:00,1.7049,Sunday,21,8,Summer,0
10023456781,2024-08-11 22:00:00,2024-08-11,22:00:00,1.3410,Sunday,22,8,Summer,0
10023456781,2024-08-11 23:00:00,2024-08-11,23:00:00,0.9078,Sunday,23,8,Summer,0
10023456781,2024-08-12 00:00:00,2024-08-12,00:00:00,0.3227,Monday,0,8,Summer,0
10023456781,2024-08-12 01:00:00,2024-08-12,01:00:00,0.2775,Monday,1,8,Summer,0
10023456781,2024-08-12 02:00:00,2024-08-12,02:00:00,0.3162,Monday,2,8,Summer,0
10023456781,2024-08-12 03:00:00,2024-08-12,03:00:00,0.2950,Monday,3,8,Summer,0
10023456781,2024-08-12 04:00:00,2024-08-12,04:00:00,0.3565,Monday,4,8,Summer,0
10023456781,2024-08-12 05:00:00,2024-08-12,05:00:00,0.3687,Monday,5,8,Summer,0
10023456781,2024-08-12 06:00:00,2024-08-12,06:00:00,0.7232,Monday,6,8,Summer,0
10023456781,2024-08-12 07:00:00,2024-08-12,07:00:00,1.0757,Monday,7,8,Summer,0
10023456781,2024-08-12 08:00:00,2024-08-12,08:00:00,1.2752,Monday,8,8,Summer,0
10023456781,2024-08-12 09:00:00,2024-08-12,09:00:00,1.2257,Monday,9,8,Summer,0
10023456781,2024-08-12 10:00:00,2024-08-12,10:00:00,0.6709,Monday,10,8,Summer,0
10023456781,2024-08-12 11:00:00,2024-08-12,11:00:00,0.7521,Monday,11,8,Summer,0
10023456781,2024-08-12 12:00:00,2024-08-12,12:00:00,0.7484,Monday,12,8,Summer,0
10023456781,2024-08-12 13:00:00,2024-08-12,13:00:00,5.4918,Monday,13,8,Summer,1
10023456781,2024-08-12 14:00:00,2024-08-12,14:00:00,0.6990,Monday,14,8,Summer,0
10023456781,2024-08-12 15:00:00,2024-08-12,15:00:00,0.6224,Monday,15,8,Summer,0
10023456781,2024-08-12 16:00:00,2024-08-12,16:00:00,1.0206,Monday,16,8,Summer,0
10023456781,2024-08-12 17:00:00,2024-08-12,17:00:00,1.0090,Monday,17,8,Summer,0
10023456781,2024-08-12 18:00:00,2024-08-12,18:00:00,1.7492,Monday,18,8,Summer,0
10023456781,2024-08-12 19:00:00,2024-08-12,19:00:00,1.8289,Monday,19,8,Summer,0
10023456781,2024-08-12 20:00:00,2024-08-12,20:00:00,1.9363,Monday,20,8,Summer,0
10023456781,2024-08-12 21:00:00,2024-08-12,21:00:00,1.3675,Monday,21,8,Summer,0
10023456781,2024-08-12 22:00:00,2024-08-12,22:00:00,1.0561,Monday,22,8,Summer,0
10023456781,2024-08-12 23:00:00,2024-08-12,23:00:00,0.6761,Monday,23,8,Summer,0
10023456781,2024-08-13 00:00:00,2024-08-13,00:00:00,0.3639,Tuesday,0,8,Summer,0
10023456781,2024-08-13 01:00:00,2024-08-13,01:00:00,0.3297,Tuesday,1,8,Summer,0
10023456781,2024-08-13 02:00:00,2024-08-13,02:00:00,0.2902,Tuesday,2,8,Summer,0
10023456781,2024-08-13 03:00:00,2024-08-13,03:00:00,0.2696,Tuesday,3,8,Summer,0
10023456781,2024-08-13 04:00:00,2024-08-13,04:00:00,0.3680,Tuesday,4,8,Summer,0
10023456781,2024-08-13 05:00:00,2024-08-13,05:00:00,0.4927,Tuesday,5,8,Summer,0
10023456781,2024-08-13 06:00:00,2024-08-13,06:00:00,0.9438,Tuesday,6,8,Summer,0
10023456781,2024-08-13 07:00:00,2024-08-13,07:00:00,1.2277,Tuesday,7,8,Summer,0
10023456781,2024-08-13 08:00:00,2024-08-13,08:00:00,1.3159,Tuesday,8,8,Summer,0
10023456781,2024-08-13 09:00:00,2024-08-13,09:00:00,1.2086,Tuesday,9,8,Summer,0
10023456781,2024-08-13 10:00:00,2024-08-13,10:00:00,1.0891,Tuesday,10,8,Summer,0
10023456781,2024-08-13 11:00:00,2024-08-13,11:00:00,0.6703,Tuesday,11,8,Summer,0
10023456781,2024-08-13 12:00:00,2024-08-13,12:00:00,0.8484,Tuesday,12,8,Summer,0
10023456781,2024-08-13 13:00:00,2024-08-13,13:00:00,0.7681,Tuesday,13,8,Summer,0
10023456781,2024-08-13 14:00:00,2024-08-13,14:00:00,0.8548,Tuesday,14,8,Summer,0
10023456781,2024-08-13 15:00:00,2024-08-13,15:00:00,0.9123,Tuesday,15,8,Summer,0
10023456781,2024-08-13 16:00:00,2024-08-13,16:00:00,0.9384,Tuesday,16,8,Summer,0
10023456781,2024-08-13 17:00:00,2024-08-13,17:00:00,1.2661,Tuesday,17,8,Summer,0
10023456781,2024-08-13 18:00:00,2024-08-13,18:00:00,1.7541,Tuesday,18,8,Summer,0
10023456781,2024-08-13 19:00:00,2024-08-13,19:00:00,1.9736,Tuesday,19,8,Summer,0
10023456781,2024-08-13 20:00:00,2024-08-13,20:00:00,1.8794,Tuesday,20,8,Summer,0
10023456781,2024-08-13 21:00:00,2024-08-13,21:00:00,1.8349,Tuesday,21,8,Summer,0
10023456781,2024-08-13 22:00:00,2024-08-13,22:00:00,1.3543,Tuesday,22,8,Summer,0
10023456781,2024-08-13 23:00:00,2024-08-13,23:00:00,0.5258,Tuesday,23,8,Summer,0
10023456781,2024-08-14 00:00:00,2024-08-14,00:00:00,0.3107,Wednesday,0,8,Summer,0
10023456781,2024-08-14 01:00:00,2024-08-14,01:00:00,0.3343,Wednesday,1,8,Summer,0
10023456781,2024-08-14 02:00:00,2024-08-14,02:00:00,0.2392,Wednesday,2,8,Summer,0
10023456781,2024-08-14 03:00:00,2024-08-14,03:00:00,0.2150,Wednesday,3,8,Summer,0
10023456781,2024-08-14 04:00:00,2024-08-14,04:00:00,0.3836,Wednesday,4,8,Summer,0
10023456781,2024-08-14 05:00:00,2024-08-14,05:00:00,0.4122,Wednesday,5,8,Summer,0
10023456781,2024-08-14 06:00:00,2024-08-14,06:00:00,0.8584,Wednesday,6,8,Summer,0
10023456781,2024-08-14 07:00:00,2024-08-14,07:00:00,0.9141,Wednesday,7,8,Summer,0
10023456781,2024-08-14 08:00:00,2024-08-14,08:00:00,1.1680,Wednesday,8,8,Summer,0
10023456781,2024-08-14 09:00:00,2024-08-14,09:00:00,0.9042,Wednesday,9,8,Summer,0
10023456781,2024-08-14 10:00:00,2024-08-14,10:00:00,0.6978,Wednesday,10,8,Summer,0
10023456781,2024-08-14 11:00:00,2024-08-14,11:00:00,0.7175,Wednesday,11,8,Summer,0
10023456781,2024-08-14 12:00:00,2024-08-14,12:00:00,0.6835,Wednesday,12,8,Summer,0
10023456781,2024-08-14 13:00:00,2024-08-14,13:00:00,0.6027,Wednesday,13,8,Summer,0
10023456781,2024-08-14 14:00:00,2024-08-14,14:00:00,0.6636,Wednesday,14,8,Summer,0
10023456781,2024-08-14 15:00:00,2024-08-14,15:00:00,0.7621,Wednesday,15,8,Summer,0
10023456781,2024-08-14 16:00:00,2024-08-14,16:00:00,1.0462,Wednesday,16,8,Summer,0
10023456781,2024-08-14 17:00:00,2024-08-14,17:00:00,1.2898,Wednesday,17,8,Summer,0
10023456781,2024-08-14 18:00:00,2024-08-14,18:00:00,1.5458,Wednesday,18,8,Summer,0
10023456781,2024-08-14 19:00:00,2024-08-14,19:00:00,1.3486,Wednesday,19,8,Summer,0
10023456781,2024-08-14 20:00:00,2024-08-14,20:00:00,1.5229,Wednesday,20,8,Summer,0
10023456781,2024-08-14 21:00:00,2024-08-14,21:00:00,1.3141,Wednesday,21,8,Summer,0
10023456781,2024-08-14 22:00:00,2024-08-14,22:00:00,1.0308,Wednesday,22,8,Summer,0
10023456781,2024-08-14 23:00:00,2024-08-14,23:00:00,0.6298,Wednesday,23,8,Summer,0
10023456781,2024-08-15 00:00:00,2024-08-15,00:00:00,0.4186,Thursday,0,8,Summer,0
10023456781,2024-08-15 01:00:00,2024-08-15,01:00:00,0.2817,Thursday,1,8,Summer,0
10023456781,2024-08-15 02:00:00,2024-08-15,02:00:00,0.2721,Thursday,2,8,Summer,0
10023456781,2024-08-15 03:00:00,2024-08-15,03:00:00,0.3222,Thursday,3,8,Summer,0
10023456781,2024-08-15 04:00:00,2024-08-15,04:00:00,0.3655,Thursday,4,8,Summer,0
10023456781,2024-08-15 05:00:00,2024-08-15,05:00:00,0.3630,Thursday,5,8,Summer,0
10023456781,2024-08-15 06:00:00,2024-08-15,06:00:00,0.6653,Thursday,6,8,Summer,0
10023456781,2024-08-15 07:00:00,2024-08-15,07:00:00,1.3961,Thursday,7,8,Summer,0
10023456781,2024-08-15 08:00:00,2024-08-15,08:00:00,1.1558,Thursday,8,8,Summer,0
10023456781,2024-08-15 09:00:00,2024-08-15,09:00:00,1.1461,Thursday,9,8,Summer,0
10023456781,2024-08-15 10:00:00,2024-08-15,10:00:00,0.7793,Thursday,10,8,Summer,0
10023456781,2024-08-15 11:00:00,2024-08-15,11:00:00,0.6381,Thursday,11,8,Summer,0
10023456781,2024-08-15 12:00:00,2024-08-15,12:00:00,0.8077,Thursday,12,8,Summer,0
10023456781,2024-08-15 13:00:00,2024-08-15,13:00:00,0.9555,Thursday,13,8,Summer,0
10023456781,2024-08-15 14:00:00,2024-08-15,14:00:00,0.8836,Thursday,14,8,Summer,0
10023456781,2024-08-15 15:00:00,2024-08-15,15:00:00,0.6764,Thursday,15,8,Summer,0
10023456781,2024-08-15 16:00:00,2024-08-15,16:00:00,0.8122,Thursday,16,8,Summer,0
10023456781,2024-08-15 17:00:00,2024-08-15,17:00:00,1.0365,Thursday,17,8,Summer,0
10023456781,2024-08-15 18:00:00,2024-08-15,18:00:00,1.5028,Thursday,18,8,Summer,0
10023456781,2024-08-15 19:00:00,2024-08-15,19:00:00,1.5239,Thursday,19,8,Summer,0
10023456781,2024-08-15 20:00:00,2024-08-15,20:00:00,1.8061,Thursday,20,8,Summer,0
10023456781,2024-08-15 21:00:00,2024-08-15,21:00:00,1.4935,Thursday,21,8,Summer,0
10023456781,2024-08-15 22:00:00,2024-08-15,22:00:00,0.9297,Thursday,22,8,Summer,0
10023456781,2024-08-15 23:00:00,2024-08-15,23:00:00,0.6772,Thursday,23,8,Summer,0
10023456781,2024-08-16 00:00:00,2024-08-16,00:00:00,0.3028,Friday,0,8,Summer,0
10023456781,2024-08-16 01:00:00,2024-08-16,01:00:00,0.3015,Friday,1,8,Summer,0
10023456781,2024-08-16 02:00:00,2024-08-16,02:00:00,0.2514,Friday,2,8,Summer,0
10023456781,2024-08-16 03:00:00,2024-08-16,03:00:00,0.2921,Friday,3,8,Summer,0
10023456781,2024-08-16 04:00:00,2024-08-16,04:00:00,0.3134,Friday,4,8,Summer,0
10023456781,2024-08-16 05:00:00,2024-08-16,05:00:00,0.3909,Friday,5,8,Summer,0
10023456781,2024-08-16 06:00:00,2024-08-16,06:00:00,0.6789,Friday,6,8,Summer,0
10023456781,2024-08-16 07:00:00,2024-08-16,07:00:00,0.9457,Friday,7,8,Summer,0
10023456781,2024-08-16 08:00:00,2024-08-16,08:00:00,1.0625,Friday,8,8,Summer,0
10023456781,2024-08-16 09:00:00,2024-08-16,09:00:00,0.8600,Friday,9,8,Summer,0
10023456781,2024-08-16 10:00:00,2024-08-16,10:00:00,0.7512,Friday,10,8,Summer,0
10023456781,2024-08-16 11:00:00,2024-08-16,11:00:00,0.6738,Friday,11,8,Summer,0
10023456781,2024-08-16 12:00:00,2024-08-16,12:00:00,0.6473,Friday,12,8,Summer,0
10023456781,2024-08-16 13:00:00,2024-08-16,13:00:00,0.7901,Friday,13,8,Summer,0
10023456781,2024-08-16 14:00:00,2024-08-16,14:00:00,0.5629,Friday,14,8,Summer,0
10023456781,2024-08-16 15:00:00,2024-08-16,15:00:00,0.8035,Friday,15,8,Summer,0
10023456781,2024-08-16 16:00:00,2024-08-16,16:00:00,0.7880,Friday,16,8,Summer,0
10023456781,2024-08-16 17:00:00,2024-08-16,17:00:00,1.0511,Friday,17,8,Summer,0
10023456781,2024-08-16 18:00:00,2024-08-16,18:00:00,1.2011,Friday,18,8,Summer,0
10023456781,2024-08-16 19:00:00,2024-08-16,19:00:00,1.6466,Friday,19,8,Summer,0
10023456781,2024-08-16 20:00:00,2024-08-16,20:00:00,1.2753,Friday,20,8,Summer,0
10023456781,2024-08-16 21:00:00,2024-08-16,21:00:00,1.1260,Friday,21,8,Summer,0
10023456781,2024-08-16 22:00:00,2024-08-16,22:00:00,0.9089,Friday,22,8,Summer,0
10023456781,2024-08-16 23:00:00,2024-08-16,23:00:00,0.4649,Friday,23,8,Summer,0
10023456781,2024-08-17 00:00:00,2024-08-17,00:00:00,0.3263,Saturday,0,8,Summer,0
10023456781,2024-08-17 01:00:00,2024-08-17,01:00:00,0.3509,Saturday,1,8,Summer,0
10023456781,2024-08-17 02:00:00,2024-08-17,02:00:00,0.2263,Saturday,2,8,Summer,0
10023456781,2024-08-17 03:00:00,2024-08-17,03:00:00,0.2921,Saturday,3,8,Summer,0
10023456781,2024-08-17 04:00:00,2024-08-17,04:00:00,0.2485,Saturday,4,8,Summer,0
10023456781,2024-08-17 05:00:00,2024-08-17,05:00:00,0.4010,Saturday,5,8,Summer,0
10023456781,2024-08-17 06:00:00,2024-08-17,06:00:00,0.4992,Saturday,6,8,Summer,0
10023456781,2024-08-17 07:00:00,2024-08-17,07:00:00,0.8522,Saturday,7,8,Summer,0
10023456781,2024-08-17 08:00:00,2024-08-17,08:00:00,1.2180,Saturday,8,8,Summer,0
10023456781,2024-08-17 09:00:00,2024-08-17,09:00:00,1.4948,Saturday,9,8,Summer,0
10023456781,2024-08-17 10:00:00,2024-08-17,10:00:00,1.0891,Saturday,10,8,Summer,0
10023456781,2024-08-17 11:00:00,2024-08-17,11:00:00,1.1290,Saturday,11,8,Summer,0
10023456781,2024-08-17 12:00:00,2024-08-17,12:00:00,0.9082,Saturday,12,8,Summer,0
10023456781,2024-08-17 13:00:00,2024-08-17,13:00:00,0.9962,Saturday,13,8,Summer,0
10023456781,2024-08-17 14:00:00,2024-08-17,14:00:00,0.9331,Saturday,14,8,Summer,0
10023456781,2024-08-17 15:00:00,2024-08-17,15:00:00,0.0839,Saturday,15,8,Summer,1
10023456781,2024-08-17 16:00:00,2024-08-17,16:00:00,0.9449,Saturday,16,8,Summer,0
10023456781,2024-08-17 17:00:00,2024-08-17,17:00:00,1.3400,Saturday,17,8,Summer,0
10023456781,2024-08-17 18:00:00,2024-08-17,18:00:00,1.5578,Saturday,18,8,Summer,0
10023456781,2024-08-17 19:00:00,2024-08-17,19:00:00,1.3451,Saturday,19,8,Summer,0
10023456781,2024-08-17 20:00:00,2024-08-17,20:00:00,1.5514,Saturday,20,8,Summer,0
10023456781,2024-08-17 21:00:00,2024-08-17,21:00:00,1.3392,Saturday,21,8,Summer,0
10023456781,2024-08-17 22:00:00,2024-08-17,22:00:00,0.9165,Saturday,22,8,Summer,0
10023456781,2024-08-17 23:00:00,2024-08-17,23:00:00,0.8028,Saturday,23,8,Summer,0
10023456781,2024-08-18 00:00:00,2024-08-18,00:00:00,0.3943,Sunday,0,8,Summer,0
10023456781,2024-08-18 01:00:00,2024-08-18,01:00:00,0.3167,Sunday,1,8,Summer,0
10023456781,2024-08-18 02:00:00,2024-08-18,02:00:00,0.2993,Sunday,2,8,Summer,0
10023456781,2024-08-18 03:00:00,2024-08-18,03:00:00,0.2976,Sunday,3,8,Summer,0
10023456781,2024-08-18 04:00:00,2024-08-18,04:00:00,0.3003,Sunday,4,8,Summer,0
10023456781,2024-08-18 05:00:00,2024-08-18,05:00:00,0.3645,Sunday,5,8,Summer,0
10023456781,2024-08-18 06:00:00,2024-08-18,06:00:00,0.5341,Sunday,6,8,Summer,0
10023456781,2024-08-18 07:00:00,2024-08-18,07:00:00,0.7774,Sunday,7,8,Summer,0
10023456781,2024-08-18 08:00:00,2024-08-18,08:00:00,1.0382,Sunday,8,8,Summer,0
10023456781,2024-08-18 09:00:00,2024-08-18,09:00:00,1.2274,Sunday,9,8,Summer,0
10023456781,2024-08-18 10:00:00,2024-08-18,10:00:00,1.1235,Sunday,10,8,Summer,0
10023456781,2024-08-18 11:00:00,2024-08-18,11:00:00,1.1113,Sunday,11,8,Summer,0
10023456781,2024-08-18 12:00:00,2024-08-18,12:00:00,0.9712,Sunday,12,8,Summer,0
10023456781,2024-08-18 13:00:00,2024-08-18,13:00:00,0.7417,Sunday,13,8,Summer,0
10023456781,2024-08-18 14:00:00,2024-08-18,14:00:00,0.9169,Sunday,14,8,Summer,0
10023456781,2024-08-18 15:00:00,2024-08-18,15:00:00,1.0539,Sunday,15,8,Summer,0
10023456781,2024-08-18 16:00:00,2024-08-18,16:00:00,1.0744,Sunday,16,8,Summer,0
10023456781,2024-08-18 17:00:00,2024-08-18,17:00:00,1.1878,Sunday,17,8,Summer,0
10023456781,2024-08-18 18:00:00,2024-08-18,18:00:00,1.4782,Sunday,18,8,Summer,0
10023456781,2024-08-18 19:00:00,2024-08-18,19:00:00,1.4801,Sunday,19,8,Summer,0
10023456781,2024-08-18 20:00:00,2024-08-18,20:00:00,1.5263,Sunday,20,8,Summer,0
10023456781,2024-08-18 21:00:00,2024-08-18,21:00:00,1.3166,Sunday,21,8,Summer,0
10023456781,2024-08-18 22:00:00,2024-08-18,22:00:00,1.2345,Sunday,22,8,Summer,0
10023456781,2024-08-18 23:00:00,2024-08-18,23:00:00,0.6321,Sunday,23,8,Summer,0
10023456781,2024-08-19 00:00:00,2024-08-19,00:00:00,0.3414,Monday,0,8,Summer,0
10023456781,2024-08-19 01:00:00,2024-08-19,01:00:00,0.3156,Monday,1,8,Summer,0
10023456781,2024-08-19 02:00:00,2024-08-19,02:00:00,0.2754,Monday,2,8,Summer,0
10023456781,2024-08-19 03:00:00,2024-08-19,03:00:00,0.2872,Monday,3,8,Summer,0
10023456781,2024-08-19 04:00:00,2024-08-19,04:00:00,0.3605,Monday,4,8,Summer,0
10023456781,2024-08-19 05:00:00,2024-08-19,05:00:00,0.3899,Monday,5,8,Summer,0
10023456781,2024-08-19 06:00:00,2024-08-19,06:00:00,0.6522,Monday,6,8,Summer,0
10023456781,2024-08-19 07:00:00,2024-08-19,07:00:00,0.9999,Monday,7,8,Summer,0
10023456781,2024-08-19 08:00:00,2024-08-19,08:00:00,1.4495,Monday,8,8,Summer,0
10023456781,2024-08-19 09:00:00,2024-08-19,09:00:00,1.0531,Monday,9,8,Summer,0
10023456781,2024-08-19 10:00:00,2024-08-19,10:00:00,0.7083,Monday,10,8,Summer,0
10023456781,2024-08-19 11:00:00,2024-08-19,11:00:00,0.5648,Monday,11,8,Summer,0
10023456781,2024-08-19 12:00:00,2024-08-19,12:00:00,0.6109,Monday,12,8,Summer,0
10023456781,2024-08-19 13:00:00,2024-08-19,13:00:00,0.7016,Monday,13,8,Summer,0
10023456781,2024-08-19 14:00:00,2024-08-19,14:00:00,0.7869,Monday,14,8,Summer,0
10023456781,2024-08-19 15:00:00,2024-08-19,15:00:00,0.8892,Monday,15,8,Summer,0
10023456781,2024-08-19 16:00:00,2024-08-19,16:00:00,1.0019,Monday,16,8,Summer,0
10023456781,2024-08-19 17:00:00,2024-08-19,17:00:00,1.2500,Monday,17,8,Summer,0
10023456781,2024-08-19 18:00:00,2024-08-19,18:00:00,1.3003,Monday,18,8,Summer,0
10023456781,2024-08-19 19:00:00,2024-08-19,19:00:00,1.3806,Monday,19,8,Summer,0
10023456781,2024-08-19 20:00:00,2024-08-19,20:00:00,1.3375,Monday,20,8,Summer,0
10023456781,2024-08-19 21:00:00,2024-08-19,21:00:00,1.5409,Monday,21,8,Summer,0
10023456781,2024-08-19 22:00:00,2024-08-19,22:00:00,1.0960,Monday,22,8,Summer,0
10023456781,2024-08-19 23:00:00,2024-08-19,23:00:00,0.5920,Monday,23,8,Summer,0
10023456781,2024-08-20 00:00:00,2024-08-20,00:00:00,0.2351,Tuesday,0,8,Summer,0
10023456781,2024-08-20 01:00:00,2024-08-20,01:00:00,0.3007,Tuesday,1,8,Summer,0
10023456781,2024-08-20 02:00:00,2024-08-20,02:00:00,0.1937,Tuesday,2,8,Summer,0
10023456781,2024-08-20 03:00:00,2024-08-20,03:00:00,0.2548,Tuesday,3,8,Summer,0
10023456781,2024-08-20 04:00:00,2024-08-20,04:00:00,0.2463,Tuesday,4,8,Summer,0
10023456781,2024-08-20 05:00:00,2024-08-20,05:00:00,0.3816,Tuesday,5,8,Summer,0
10023456781,2024-08-20 06:00:00,2024-08-20,06:00:00,0.6025,Tuesday,6,8,Summer,0
10023456781,2024-08-20 07:00:00,2024-08-20,07:00:00,1.0260,Tuesday,7,8,Summer,0
10023456781,2024-08-20 08:00:00,2024-08-20,08:00:00,0.9550,Tuesday,8,8,Summer,0
10023456781,2024-08-20 09:00:00,2024-08-20,09:00:00,0.9279,Tuesday,9,8,Summer,0
10023456781,2024-08-20 10:00:00,2024-08-20,10:00:00,1.5025,Tuesday,10,8,Summer,1
10023456781,2024-08-20 11:00:00,2024-08-20,11:00:00,1.4027,Tuesday,11,8,Summer,1
10023456781,2024-08-20 12:00:00,2024-08-20,12:00:00,1.5294,Tuesday,12,8,Summer,1
10023456781,2024-08-20 13:00:00,2024-08-20,13:00:00,1.6993,Tuesday,13,8,Summer,1
10023456781,2024-08-20 14:00:00,2024-08-20,14:00:00,1.3040,Tuesday,14,8,Summer,1
10023456781,2024-08-20 15:00:00,2024-08-20,15:00:00,1.3248,Tuesday,15,8,Summer,1
10023456781,2024-08-20 16:00:00,2024-08-20,16:00:00,0.7994,Tuesday,16,8,Summer,0
10023456781,2024-08-20 17:00:00,2024-08-20,17:00:00,1.0071,Tuesday,17,8,Summer,0
10023456781,2024-08-20 18:00:00,2024-08-20,18:00:00,1.4834,Tuesday,18,8,Summer,0
10023456781,2024-08-20 19:00:00,2024-08-20,19:00:00,1.2766,Tuesday,19,8,Summer,0
10023456781,2024-08-20 20:00:00,2024-08-20,20:00:00,7.3617,Tuesday,20,8,Summer,1
10023456781,2024-08-20 21:00:00,2024-08-20,21:00:00,1.1525,Tuesday,21,8,Summer,0
10023456781,2024-08-20 22:00:00,2024-08-20,22:00:00,0.8753,Tuesday,22,8,Summer,0
10023456781,2024-08-20 23:00:00,2024-08-20,23:00:00,0.4911,Tuesday,23,8,Summer,0
10023456781,2024-08-21 00:00:00,2024-08-21,00:00:00,0.3869,Wednesday,0,8,Summer,0
10023456781,2024-08-21 01:00:00,2024-08-21,01:00:00,0.3793,Wednesday,1,8,Summer,0
10023456781,2024-08-21 02:00:00,2024-08-21,02:00:00,0.3572,Wednesday,2,8,Summer,0
10023456781,2024-08-21 03:00:00,2024-08-21,03:00:00,0.2221,Wednesday,3,8,Summer,0
10023456781,2024-08-21 04:00:00,2024-08-21,04:00:00,0.3781,Wednesday,4,8,Summer,0
10023456781,2024-08-21 05:00:00,2024-08-21,05:00:00,0.4974,Wednesday,5,8,Summer,0
10023456781,2024-08-21 06:00:00,2024-08-21,06:00:00,0.7866,Wednesday,6,8,Summer,0
10023456781,2024-08-21 07:00:00,2024-08-21,07:00:00,1.0677,Wednesday,7,8,Summer,0
10023456781,2024-08-21 08:00:00,2024-08-21,08:00:00,1.0669,Wednesday,8,8,Summer,0
10023456781,2024-08-21 09:00:00,2024-08-21,09:00:00,1.0673,Wednesday,9,8,Summer,0
10023456781,2024-08-21 10:00:00,2024-08-21,10:00:00,0.9896,Wednesday,10,8,Summer,0
10023456781,2024-08-21 11:00:00,2024-08-21,11:00:00,0.6885,Wednesday,11,8,Summer,0
10023456781,2024-08-21 12:00:00,2024-08-21,12:00:00,0.7924,Wednesday,12,8,Summer,0
10023456781,2024-08-21 13:00:00,2024-08-21,13:00:00,1.0345,Wednesday,13,8,Summer,0
10023456781,2024-08-21 14:00:00,2024-08-21,14:00:00,0.8041,Wednesday,14,8,Summer,0
10023456781,2024-08-21 15:00:00,2024-08-21,15:00:00,0.9250,Wednesday,15,8,Summer,0
10023456781,2024-08-21 16:00:00,2024-08-21,16:00:00,1.1218,Wednesday,16,8,Summer,0
10023456781,2024-08-21 17:00:00,2024-08-21,17:00:00,1.3369,Wednesday,17,8,Summer,0
10023456781,2024-08-21 18:00:00,2024-08-21,18:00:00,1.6183,Wednesday,18,8,Summer,0
10023456781,2024-08-21 19:00:00,2024-08-21,19:00:00,1.8329,Wednesday,19,8,Summer,0
10023456781,2024-08-21 20:00:00,2024-08-21,20:00:00,1.3850,Wednesday,20,8,Summer,0
10023456781,2024-08-21 21:00:00,2024-08-21,21:00:00,1.6950,Wednesday,21,8,Summer,0
10023456781,2024-08-21 22:00:00,2024-08-21,22:00:00,1.2521,Wednesday,22,8,Summer,0
10023456781,2024-08-21 23:00:00,2024-08-21,23:00:00,0.7149,Wednesday,23,8,Summer,0
10023456781,2024-08-22 00:00:00,2024-08-22,00:00:00,0.4111,Thursday,0,8,Summer,0
10023456781,2024-08-22 01:00:00,2024-08-22,01:00:00,0.3449,Thursday,1,8,Summer,0
10023456781,2024-08-22 02:00:00,2024-08-22,02:00:00,0.2630,Thursday,2,8,Summer,0
10023456781,2024-08-22 03:00:00,2024-08-22,03:00:00,0.2604,Thursday,3,8,Summer,0
10023456781,2024-08-22 04:00:00,2024-08-22,04:00:00,0.3389,Thursday,4,8,Summer,0
10023456781,2024-08-22 05:00:00,2024-08-22,05:00:00,0.4628,Thursday,5,8,Summer,0
10023456781,2024-08-22 06:00:00,2024-08-22,06:00:00,0.7501,Thursday,6,8,Summer,0
10023456781,2024-08-22 07:00:00,2024-08-22,07:00:00,0.8922,Thursday,7,8,Summer,0
10023456781,2024-08-22 08:00:00,2024-08-22,08:00:00,1.1186,Thursday,8,8,Summer,0
10023456781,2024-08-22 09:00:00,2024-08-22,09:00:00,1.0029,Thursday,9,8,Summer,0
10023456781,2024-08-22 10:00:00,2024-08-22,10:00:00,0.8231,Thursday,10,8,Summer,0
10023456781,2024-08-22 11:00:00,2024-08-22,11:00:00,0.6695,Thursday,11,8,Summer,0
10023456781,2024-08-22 12:00:00,2024-08-22,12:00:00,0.7740,Thursday,12,8,Summer,0
10023456781,2024-08-22 13:00:00,2024-08-22,13:00:00,0.7893,Thursday,13,8,Summer,0
10023456781,2024-08-22 14:00:00,2024-08-22,14:00:00,0.8028,Thursday,14,8,Summer,0
10023456781,2024-08-22 15:00:00,2024-08-22,15:00:00,0.8671,Thursday,15,8,Summer,0
10023456781,2024-08-22 16:00:00,2024-08-22,16:00:00,0.8352,Thursday,16,8,Summer,0
10023456781,2024-08-22 17:00:00,2024-08-22,17:00:00,0.9566,Thursday,17,8,Summer,0
10023456781,2024-08-22 18:00:00,2024-08-22,18:00:00,1.7014,Thursday,18,8,Summer,0
10023456781,2024-08-22 19:00:00,2024-08-22,19:00:00,1.8523,Thursday,19,8,Summer,0
10023456781,2024-08-22 20:00:00,2024-08-22,20:00:00,4.9783,Thursday,20,8,Summer,1
10023456781,2024-08-22 21:00:00,2024-08-22,21:00:00,1.4136,Thursday,21,8,Summer,0
10023456781,2024-08-22 22:00:00,2024-08-22,22:00:00,0.8752,Thursday,22,8,Summer,0
10023456781,2024-08-22 23:00:00,2024-08-22,23:00:00,0.6087,Thursday,23,8,Summer,0
10023456781,2024-08-23 00:00:00,2024-08-23,00:00:00,0.3929,Friday,0,8,Summer,0
10023456781,2024-08-23 01:00:00,2024-08-23,01:00:00,0.3056,Friday,1,8,Summer,0
10023456781,2024-08-23 02:00:00,2024-08-23,02:00:00,0.2813,Friday,2,8,Summer,0
10023456781,2024-08-23 03:00:00,2024-08-23,03:00:00,0.2872,Friday,3,8,Summer,0
10023456781,2024-08-23 04:00:00,2024-08-23,04:00:00,0.4547,Friday,4,8,Summer,0
10023456781,2024-08-23 05:00:00,2024-08-23,05:00:00,0.4913,Friday,5,8,Summer,0
10023456781,2024-08-23 06:00:00,2024-08-23,06:00:00,0.8096,Friday,6,8,Summer,0
10023456781,2024-08-23 07:00:00,2024-08-23,07:00:00,1.0464,Friday,7,8,Summer,0
10023456781,2024-08-23 08:00:00,2024-08-23,08:00:00,1.2428,Friday,8,8,Summer,0
10023456781,2024-08-23 09:00:00,2024-08-23,09:00:00,1.2507,Friday,9,8,Summer,0
10023456781,2024-08-23 10:00:00,2024-08-23,10:00:00,0.8154,Friday,10,8,Summer,0
10023456781,2024-08-23 11:00:00,2024-08-23,11:00:00,0.7769,Friday,11,8,Summer,0
10023456781,2024-08-23 12:00:00,2024-08-23,12:00:00,1.0046,Friday,12,8,Summer,0
10023456781,2024-08-23 13:00:00,2024-08-23,13:00:00,0.8970,Friday,13,8,Summer,0
10023456781,2024-08-23 14:00:00,2024-08-23,14:00:00,4.9311,Friday,14,8,Summer,1
10023456781,2024-08-23 15:00:00,2024-08-23,15:00:00,3.8786,Friday,15,8,Summer,1
10023456781,2024-08-23 16:00:00,2024-08-23,16:00:00,0.9833,Friday,16,8,Summer,0
10023456781,2024-08-23 17:00:00,2024-08-23,17:00:00,1.5236,Friday,17,8,Summer,0
10023456781,2024-08-23 18:00:00,2024-08-23,18:00:00,1.6494,Friday,18,8,Summer,0
10023456781,2024-08-23 19:00:00,2024-08-23,19:00:00,1.9648,Friday,19,8,Summer,0
10023456781,2024-08-23 20:00:00,2024-08-23,20:00:00,1.9623,Friday,20,8,Summer,0
10023456781,2024-08-23 21:00:00,2024-08-23,21:00:00,1.7220,Friday,21,8,Summer,0
10023456781,2024-08-23 22:00:00,2024-08-23,22:00:00,1.0764,Friday,22,8,Summer,0
10023456781,2024-08-23 23:00:00,2024-08-23,23:00:00,0.6620,Friday,23,8,Summer,0
10023456781,2024-08-24 00:00:00,2024-08-24,00:00:00,0.4503,Saturday,0,8,Summer,0
10023456781,2024-08-24 01:00:00,2024-08-24,01:00:00,0.4149,Saturday,1,8,Summer,0
10023456781,2024-08-24 02:00:00,2024-08-24,02:00:00,0.3686,Saturday,2,8,Summer,0
10023456781,2024-08-24 03:00:00,2024-08-24,03:00:00,0.4687,Saturday,3,8,Summer,0
10023456781,2024-08-24 04:00:00,2024-08-24,04:00:00,0.3868,Saturday,4,8,Summer,0
10023456781,2024-08-24 05:00:00,2024-08-24,05:00:00,0.5531,Saturday,5,8,Summer,0
10023456781,2024-08-24 06:00:00,2024-08-24,06:00:00,0.6845,Saturday,6,8,Summer,0
10023456781,2024-08-24 07:00:00,2024-08-24,07:00:00,1.0640,Saturday,7,8,Summer,0
10023456781,2024-08-24 08:00:00,2024-08-24,08:00:00,1.3240,Saturday,8,8,Summer,0
10023456781,2024-08-24 09:00:00,2024-08-24,09:00:00,1.5788,Saturday,9,8,Summer,0
10023456781,2024-08-24 10:00:00,2024-08-24,10:00:00,1.5175,Saturday,10,8,Summer,0
10023456781,2024-08-24 11:00:00,2024-08-24,11:00:00,1.2736,Saturday,11,8,Summer,0
10023456781,2024-08-24 12:00:00,2024-08-24,12:00:00,1.0523,Saturday,12,8,Summer,0
10023456781,2024-08-24 13:00:00,2024-08-24,13:00:00,1.0237,Saturday,13,8,Summer,0
10023456781,2024-08-24 14:00:00,2024-08-24,14:00:00,1.3475,Saturday,14,8,Summer,0
10023456781,2024-08-24 15:00:00,2024-08-24,15:00:00,1.2304,Saturday,15,8,Summer,0
10023456781,2024-08-24 16:00:00,2024-08-24,16:00:00,1.6339,Saturday,16,8,Summer,0
10023456781,2024-08-24 17:00:00,2024-08-24,17:00:00,1.6940,Saturday,17,8,Summer,0
10023456781,2024-08-24 18:00:00,2024-08-24,18:00:00,2.1230,Saturday,18,8,Summer,0
10023456781,2024-08-24 19:00:00,2024-08-24,19:00:00,2.3695,Saturday,19,8,Summer,0
10023456781,2024-08-24 20:00:00,2024-08-24,20:00:00,2.0475,Saturday,20,8,Summer,0
10023456781,2024-08-24 21:00:00,2024-08-24,21:00:00,1.8561,Saturday,21,8,Summer,0
10023456781,2024-08-24 22:00:00,2024-08-24,22:00:00,1.3738,Saturday,22,8,Summer,0
10023456781,2024-08-24 23:00:00,2024-08-24,23:00:00,0.8924,Saturday,23,8,Summer,0
10023456781,2024-08-25 00:00:00,2024-08-25,00:00:00,2.3009,Sunday,0,8,Summer,1
10023456781,2024-08-25 01:00:00,2024-08-25,01:00:00,0.4953,Sunday,1,8,Summer,0
10023456781,2024-08-25 02:00:00,2024-08-25,02:00:00,0.3351,Sunday,2,8,Summer,0
10023456781,2024-08-25 03:00:00,2024-08-25,03:00:00,0.3790,Sunday,3,8,Summer,0
10023456781,2024-08-25 04:00:00,2024-08-25,04:00:00,0.4188,Sunday,4,8,Summer,0
10023456781,2024-08-25 05:00:00,2024-08-25,05:00:00,0.4743,Sunday,5,8,Summer,0
10023456781,2024-08-25 06:00:00,2024-08-25,06:00:00,0.6794,Sunday,6,8,Summer,0
10023456781,2024-08-25 07:00:00,2024-08-25,07:00:00,1.1460,Sunday,7,8,Summer,0
10023456781,2024-08-25 08:00:00,2024-08-25,08:00:00,1.6701,Sunday,8,8,Summer,0
10023456781,2024-08-25 09:00:00,2024-08-25,09:00:00,1.7892,Sunday,9,8,Summer,0
10023456781,2024-08-25 10:00:00,2024-08-25,10:00:00,1.9404,Sunday,10,8,Summer,0
10023456781,2024-08-25 11:00:00,2024-08-25,11:00:00,1.1796,Sunday,11,8,Summer,0
10023456781,2024-08-25 12:00:00,2024-08-25,12:00:00,1.1823,Sunday,12,8,Summer,0
10023456781,2024-08-25 13:00:00,2024-08-25,13:00:00,1.1538,Sunday,13,8,Summer,0
10023456781,2024-08-25 14:00:00,2024-08-25,14:00:00,1.3881,Sunday,14,8,Summer,0
10023456781,2024-08-25 15:00:00,2024-08-25,15:00:00,1.2130,Sunday,15,8,Summer,0
10023456781,2024-08-25 16:00:00,2024-08-25,16:00:00,1.3829,Sunday,16,8,Summer,0
10023456781,2024-08-25 17:00:00,2024-08-25,17:00:00,1.8255,Sunday,17,8,Summer,0
10023456781,2024-08-25 18:00:00,2024-08-25,18:00:00,1.9040,Sunday,18,8,Summer,0
10023456781,2024-08-25 19:00:00,2024-08-25,19:00:00,2.0925,Sunday,19,8,Summer,0
10023456781,2024-08-25 20:00:00,2024-08-25,20:00:00,1.8713,Sunday,20,8,Summer,0
10023456781,2024-08-25 21:00:00,2024-08-25,21:00:00,1.8997,Sunday,21,8,Summer,0
10023456781,2024-08-25 22:00:00,2024-08-25,22:00:00,1.2933,Sunday,22,8,Summer,0
10023456781,2024-08-25 23:00:00,2024-08-25,23:00:00,3.7663,Sunday,23,8,Summer,1
10023456781,2024-08-26 00:00:00,2024-08-26,00:00:00,0.3661,Monday,0,8,Summer,0
10023456781,2024-08-26 01:00:00,2024-08-26,01:00:00,0.3246,Monday,1,8,Summer,0
10023456781,2024-08-26 02:00:00,2024-08-26,02:00:00,0.3217,Monday,2,8,Summer,0
10023456781,2024-08-26 03:00:00,2024-08-26,03:00:00,0.2892,Monday,3,8,Summer,0
10023456781,2024-08-26 04:00:00,2024-08-26,04:00:00,0.3567,Monday,4,8,Summer,0
10023456781,2024-08-26 05:00:00,2024-08-26,05:00:00,0.3596,Monday,5,8,Summer,0
10023456781,2024-08-26 06:00:00,2024-08-26,06:00:00,0.9752,Monday,6,8,Summer,0
10023456781,2024-08-26 07:00:00,2024-08-26,07:00:00,1.5525,Monday,7,8,Summer,0
10023456781,2024-08-26 08:00:00,2024-08-26,08:00:00,1.3889,Monday,8,8,Summer,0
10023456781,2024-08-26 09:00:00,2024-08-26,09:00:00,1.1487,Monday,9,8,Summer,0
10023456781,2024-08-26 10:00:00,2024-08-26,10:00:00,0.8959,Monday,10,8,Summer,0
10023456781,2024-08-26 11:00:00,2024-08-26,11:00:00,0.9167,Monday,11,8,Summer,0
10023456781,2024-08-26 12:00:00,2024-08-26,12:00:00,0.7762,Monday,12,8,Summer,0
10023456781,2024-08-26 13:00:00,2024-08-26,13:00:00,1.1782,Monday,13,8,Summer,0
10023456781,2024-08-26 14:00:00,2024-08-26,14:00:00,0.7973,Monday,14,8,Summer,0
10023456781,2024-08-26 15:00:00,2024-08-26,15:00:00,0.9831,Monday,15,8,Summer,0
10023456781,2024-08-26 16:00:00,2024-08-26,16:00:00,0.9741,Monday,16,8,Summer,0
10023456781,2024-08-26 17:00:00,2024-08-26,17:00:00,1.1369,Monday,17,8,Summer,0
10023456781,2024-08-26 18:00:00,2024-08-26,18:00:00,1.7651,Monday,18,8,Summer,0
10023456781,2024-08-26 19:00:00,2024-08-26,19:00:00,2.0052,Monday,19,8,Summer,0
10023456781,2024-08-26 20:00:00,2024-08-26,20:00:00,1.9505,Monday,20,8,Summer,0
10023456781,2024-08-26 21:00:00,2024-08-26,21:00:00,1.6847,Monday,21,8,Summer,0
10023456781,2024-08-26 22:00:00,2024-08-26,22:00:00,1.0702,Monday,22,8,Summer,0
10023456781,2024-08-26 23:00:00,2024-08-26,23:00:00,0.6217,Monday,23,8,Summer,0
10023456781,2024-08-27 00:00:00,2024-08-27,00:00:00,0.3293,Tuesday,0,8,Summer,0
10023456781,2024-08-27 01:00:00,2024-08-27,01:00:00,0.3112,Tuesday,1,8,Summer,0
10023456781,2024-08-27 02:00:00,2024-08-27,02:00:00,0.3608,Tuesday,2,8,Summer,0
10023456781,2024-08-27 03:00:00,2024-08-27,03:00:00,0.2882,Tuesday,3,8,Summer,0
10023456781,2024-08-27 04:00:00,2024-08-27,04:00:00,0.3672,Tuesday,4,8,Summer,0
10023456781,2024-08-27 05:00:00,2024-08-27,05:00:00,0.4316,Tuesday,5,8,Summer,0
10023456781,2024-08-27 06:00:00,2024-08-27,06:00:00,1.0131,Tuesday,6,8,Summer,0
10023456781,2024-08-27 07:00:00,2024-08-27,07:00:00,1.2065,Tuesday,7,8,Summer,0
10023456781,2024-08-27 08:00:00,2024-08-27,08:00:00,1.3417,Tuesday,8,8,Summer,0
10023456781,2024-08-27 09:00:00,2024-08-27,09:00:00,1.1346,Tuesday,9,8,Summer,0
10023456781,2024-08-27 10:00:00,2024-08-27,10:00:00,1.0221,Tuesday,10,8,Summer,0
10023456781,2024-08-27 11:00:00,2024-08-27,11:00:00,0.9072,Tuesday,11,8,Summer,0
10023456781,2024-08-27 12:00:00,2024-08-27,12:00:00,0.7930,Tuesday,12,8,Summer,0
10023456781,2024-08-27 13:00:00,2024-08-27,13:00:00,0.9624,Tuesday,13,8,Summer,0
10023456781,2024-08-27 14:00:00,2024-08-27,14:00:00,0.9625,Tuesday,14,8,Summer,0
10023456781,2024-08-27 15:00:00,2024-08-27,15:00:00,0.9293,Tuesday,15,8,Summer,0
10023456781,2024-08-27 16:00:00,2024-08-27,16:00:00,1.1516,Tuesday,16,8,Summer,0
10023456781,2024-08-27 17:00:00,2024-08-27,17:00:00,1.2262,Tuesday,17,8,Summer,0
10023456781,2024-08-27 18:00:00,2024-08-27,18:00:00,1.5864,Tuesday,18,8,Summer,0
10023456781,2024-08-27 19:00:00,2024-08-27,19:00:00,1.8912,Tuesday,19,8,Summer,0
10023456781,2024-08-27 20:00:00,2024-08-27,20:00:00,1.9224,Tuesday,20,8,Summer,0
10023456781,2024-08-27 21:00:00,2024-08-27,21:00:00,1.5576,Tuesday,21,8,Summer,0
10023456781,2024-08-27 22:00:00,2024-08-27,22:00:00,1.1178,Tuesday,22,8,Summer,0
10023456781,2024-08-27 23:00:00,2024-08-27,23:00:00,0.6696,Tuesday,23,8,Summer,0
10023456781,2024-08-28 00:00:00,2024-08-28,00:00:00,0.3749,Wednesday,0,8,Summer,0
10023456781,2024-08-28 01:00:00,2024-08-28,01:00:00,0.2984,Wednesday,1,8,Summer,0
10023456781,2024-08-28 02:00:00,2024-08-28,02:00:00,0.2624,Wednesday,2,8,Summer,0
10023456781,2024-08-28 03:00:00,2024-08-28,03:00:00,0.3008,Wednesday,3,8,Summer,0
10023456781,2024-08-28 04:00:00,2024-08-28,04:00:00,0.4556,Wednesday,4,8,Summer,0
10023456781,2024-08-28 05:00:00,2024-08-28,05:00:00,0.5608,Wednesday,5,8,Summer,0
10023456781,2024-08-28 06:00:00,2024-08-28,06:00:00,1.0691,Wednesday,6,8,Summer,0
10023456781,2024-08-28 07:00:00,2024-08-28,07:00:00,1.2364,Wednesday,7,8,Summer,0
10023456781,2024-08-28 08:00:00,2024-08-28,08:00:00,1.5608,Wednesday,8,8,Summer,0
10023456781,2024-08-28 09:00:00,2024-08-28,09:00:00,1.1615,Wednesday,9,8,Summer,0
10023456781,2024-08-28 10:00:00,2024-08-28,10:00:00,6.1839,Wednesday,10,8,Summer,1
10023456781,2024-08-28 11:00:00,2024-08-28,11:00:00,0.8588,Wednesday,11,8,Summer,0
10023456781,2024-08-28 12:00:00,2024-08-28,12:00:00,0.8339,Wednesday,12,8,Summer,0
10023456781,2024-08-28 13:00:00,2024-08-28,13:00:00,1.1638,Wednesday,13,8,Summer,0
10023456781,2024-08-28 14:00:00,2024-08-28,14:00:00,0.9341,Wednesday,14,8,Summer,0
10023456781,2024-08-28 15:00:00,2024-08-28,15:00:00,0.9391,Wednesday,15,8,Summer,0
10023456781,2024-08-28 16:00:00,2024-08-28,16:00:00,1.1105,Wednesday,16,8,Summer,0
10023456781,2024-08-28 17:00:00,2024-08-28,17:00:00,1.3248,Wednesday,17,8,Summer,0
10023456781,2024-08-28 18:00:00,2024-08-28,18:00:00,1.7682,Wednesday,18,8,Summer,0
10023456781,2024-08-28 19:00:00,2024-08-28,19:00:00,1.7829,Wednesday,19,8,Summer,0
10023456781,2024-08-28 20:00:00,2024-08-28,20:00:00,2.2006,Wednesday,20,8,Summer,0
10023456781,2024-08-28 21:00:00,2024-08-28,21:00:00,1.6627,Wednesday,21,8,Summer,0
10023456781,2024-08-28 22:00:00,2024-08-28,22:00:00,1.2299,Wednesday,22,8,Summer,0
10023456781,2024-08-28 23:00:00,2024-08-28,23:00:00,0.9243,Wednesday,23,8,Summer,0
10023456781,2024-08-29 00:00:00,2024-08-29,00:00:00,0.4318,Thursday,0,8,Summer,0
10023456781,2024-08-29 01:00:00,2024-08-29,01:00:00,0.3883,Thursday,1,8,Summer,0
10023456781,2024-08-29 02:00:00,2024-08-29,02:00:00,0.3621,Thursday,2,8,Summer,0
10023456781,2024-08-29 03:00:00,2024-08-29,03:00:00,0.3803,Thursday,3,8,Summer,0
10023456781,2024-08-29 04:00:00,2024-08-29,04:00:00,0.4063,Thursday,4,8,Summer,0
10023456781,2024-08-29 05:00:00,2024-08-29,05:00:00,0.5791,Thursday,5,8,Summer,0
10023456781,2024-08-29 06:00:00,2024-08-29,06:00:00,1.0385,Thursday,6,8,Summer,0
10023456781,2024-08-29 07:00:00,2024-08-29,07:00:00,1.3994,Thursday,7,8,Summer,0
10023456781,2024-08-29 08:00:00,2024-08-29,08:00:00,1.3094,Thursday,8,8,Summer,0
10023456781,2024-08-29 09:00:00,2024-08-29,09:00:00,1.2023,Thursday,9,8,Summer,0
10023456781,2024-08-29 10:00:00,2024-08-29,10:00:00,0.9700,Thursday,10,8,Summer,0
10023456781,2024-08-29 11:00:00,2024-08-29,11:00:00,0.7832,Thursday,11,8,Summer,0
10023456781,2024-08-29 12:00:00,2024-08-29,12:00:00,0.0392,Thursday,12,8,Summer,1
10023456781,2024-08-29 13:00:00,2024-08-29,13:00:00,0.9401,Thursday,13,8,Summer,0
10023456781,2024-08-29 14:00:00,2024-08-29,14:00:00,0.8495,Thursday,14,8,Summer,0
10023456781,2024-08-29 15:00:00,2024-08-29,15:00:00,1.0260,Thursday,15,8,Summer,0
10023456781,2024-08-29 16:00:00,2024-08-29,16:00:00,1.1275,Thursday,16,8,Summer,0
10023456781,2024-08-29 17:00:00,2024-08-29,17:00:00,1.3941,Thursday,17,8,Summer,0
10023456781,2024-08-29 18:00:00,2024-08-29,18:00:00,1.7798,Thursday,18,8,Summer,0
10023456781,2024-08-29 19:00:00,2024-08-29,19:00:00,1.8491,Thursday,19,8,Summer,0
10023456781,2024-08-29 20:00:00,2024-08-29,20:00:00,1.7471,Thursday,20,8,Summer,0
10023456781,2024-08-29 21:00:00,2024-08-29,21:00:00,1.6815,Thursday,21,8,Summer,0
10023456781,2024-08-29 22:00:00,2024-08-29,22:00:00,1.1014,Thursday,22,8,Summer,0
10023456781,2024-08-29 23:00:00,2024-08-29,23:00:00,0.7272,Thursday,23,8,Summer,0
10023456781,2024-08-30 00:00:00,2024-08-30,00:00:00,0.4004,Friday,0,8,Summer,0
10023456781,2024-08-30 01:00:00,2024-08-30,01:00:00,0.3242,Friday,1,8,Summer,0
10023456781,2024-08-30 02:00:00,2024-08-30,02:00:00,0.3172,Friday,2,8,Summer,0
10023456781,2024-08-30 03:00:00,2024-08-30,03:00:00,1.3242,Friday,3,8,Summer,1
10023456781,2024-08-30 04:00:00,2024-08-30,04:00:00,0.4438,Friday,4,8,Summer,0
10023456781,2024-08-30 05:00:00,2024-08-30,05:00:00,0.5467,Friday,5,8,Summer,0
10023456781,2024-08-30 06:00:00,2024-08-30,06:00:00,0.8765,Friday,6,8,Summer,0
10023456781,2024-08-30 07:00:00,2024-08-30,07:00:00,1.2823,Friday,7,8,Summer,0
10023456781,2024-08-30 08:00:00,2024-08-30,08:00:00,0.1702,Friday,8,8,Summer,1
10023456781,2024-08-30 09:00:00,2024-08-30,09:00:00,1.1832,Friday,9,8,Summer,0
10023456781,2024-08-30 10:00:00,2024-08-30,10:00:00,1.0758,Friday,10,8,Summer,0
10023456781,2024-08-30 11:00:00,2024-08-30,11:00:00,0.8432,Friday,11,8,Summer,0
10023456781,2024-08-30 12:00:00,2024-08-30,12:00:00,0.9877,Friday,12,8,Summer,0
10023456781,2024-08-30 13:00:00,2024-08-30,13:00:00,1.0047,Friday,13,8,Summer,0
10023456781,2024-08-30 14:00:00,2024-08-30,14:00:00,0.8634,Friday,14,8,Summer,0
10023456781,2024-08-30 15:00:00,2024-08-30,15:00:00,0.9525,Friday,15,8,Summer,0
10023456781,2024-08-30 16:00:00,2024-08-30,16:00:00,1.0673,Friday,16,8,Summer,0
10023456781,2024-08-30 17:00:00,2024-08-30,17:00:00,1.6416,Friday,17,8,Summer,0
10023456781,2024-08-30 18:00:00,2024-08-30,18:00:00,1.5569,Friday,18,8,Summer,0
10023456781,2024-08-30 19:00:00,2024-08-30,19:00:00,1.9810,Friday,19,8,Summer,0
10023456781,2024-08-30 20:00:00,2024-08-30,20:00:00,2.0105,Friday,20,8,Summer,0
10023456781,2024-08-30 21:00:00,2024-08-30,21:00:00,1.7980,Friday,21,8,Summer,0
10023456781,2024-08-30 22:00:00,2024-08-30,22:00:00,1.0778,Friday,22,8,Summer,0
10023456781,2024-08-30 23:00:00,2024-08-30,23:00:00,0.8061,Friday,23,8,Summer,0
10023456781,2024-08-31 00:00:00,2024-08-31,00:00:00,0.4795,Saturday,0,8,Summer,0
10023456781,2024-08-31 01:00:00,2024-08-31,01:00:00,0.3728,Saturday,1,8,Summer,0
10023456781,2024-08-31 02:00:00,2024-08-31,02:00:00,0.3534,Saturday,2,8,Summer,0
10023456781,2024-08-31 03:00:00,2024-08-31,03:00:00,0.3253,Saturday,3,8,Summer,0
10023456781,2024-08-31 04:00:00,2024-08-31,04:00:00,0.3670,Saturday,4,8,Summer,0
10023456781,2024-08-31 05:00:00,2024-08-31,05:00:00,0.4263,Saturday,5,8,Summer,0
10023456781,2024-08-31 06:00:00,2024-08-31,06:00:00,0.6230,Saturday,6,8,Summer,0
10023456781,2024-08-31 07:00:00,2024-08-31,07:00:00,0.9290,Saturday,7,8,Summer,0
10023456781,2024-08-31 08:00:00,2024-08-31,08:00:00,1.2284,Saturday,8,8,Summer,0
10023456781,2024-08-31 09:00:00,2024-08-31,09:00:00,1.4856,Saturday,9,8,Summer,0
10023456781,2024-08-31 10:00:00,2024-08-31,10:00:00,1.5403,Saturday,10,8,Summer,0
10023456781,2024-08-31 11:00:00,2024-08-31,11:00:00,1.3109,Saturday,11,8,Summer,0
10023456781,2024-08-31 12:00:00,2024-08-31,12:00:00,1.1165,Saturday,12,8,Summer,0
10023456781,2024-08-31 13:00:00,2024-08-31,13:00:00,1.0038,Saturday,13,8,Summer,0
10023456781,2024-08-31 14:00:00,2024-08-31,14:00:00,1.1781,Saturday,14,8,Summer,0
10023456781,2024-08-31 15:00:00,2024-08-31,15:00:00,0.9417,Saturday,15,8,Summer,0
10023456781,2024-08-31 16:00:00,2024-08-31,16:00:00,1.1841,Saturday,16,8,Summer,0
10023456781,2024-08-31 17:00:00,2024-08-31,17:00:00,1.6532,Saturday,17,8,Summer,0
10023456781,2024-08-31 18:00:00,2024-08-31,18:00:00,1.7060,Saturday,18,8,Summer,0
10023456781,2024-08-31 19:00:00,2024-08-31,19:00:00,2.2259,Saturday,19,8,Summer,0
10023456781,2024-08-31 20:00:00,2024-08-31,20:00:00,1.9532,Saturday,20,8,Summer,0
10023456781,2024-08-31 21:00:00,2024-08-31,21:00:00,1.8799,Saturday,21,8,Summer,0
10023456781,2024-08-31 22:00:00,2024-08-31,22:00:00,1.2136,Saturday,22,8,Summer,0
10023456781,2024-08-31 23:00:00,2024-08-31,23:00:00,0.8546,Saturday,23,8,Summer,0
10023456781,2024-09-01 00:00:00,2024-09-01,00:00:00,0.3603,Sunday,0,9,Autumn,0
10023456781,2024-09-01 01:00:00,2024-09-01,01:00:00,0.3892,Sunday,1,9,Autumn,0
10023456781,2024-09-01 02:00:00,2024-09-01,02:00:00,0.2826,Sunday,2,9,Autumn,0
10023456781,2024-09-01 03:00:00,2024-09-01,03:00:00,0.2969,Sunday,3,9,Autumn,0
10023456781,2024-09-01 04:00:00,2024-09-01,04:00:00,0.2765,Sunday,4,9,Autumn,0
10023456781,2024-09-01 05:00:00,2024-09-01,05:00:00,0.4719,Sunday,5,9,Autumn,0
10023456781,2024-09-01 06:00:00,2024-09-01,06:00:00,0.6248,Sunday,6,9,Autumn,0
10023456781,2024-09-01 07:00:00,2024-09-01,07:00:00,0.8491,Sunday,7,9,Autumn,0
10023456781,2024-09-01 08:00:00,2024-09-01,08:00:00,1.0929,Sunday,8,9,Autumn,0
10023456781,2024-09-01 09:00:00,2024-09-01,09:00:00,1.3587,Sunday,9,9,Autumn,0
10023456781,2024-09-01 10:00:00,2024-09-01,10:00:00,1.0024,Sunday,10,9,Autumn,0
10023456781,2024-09-01 11:00:00,2024-09-01,11:00:00,0.9665,Sunday,11,9,Autumn,0
10023456781,2024-09-01 12:00:00,2024-09-01,12:00:00,1.3555,Sunday,12,9,Autumn,0
10023456781,2024-09-01 13:00:00,2024-09-01,13:00:00,1.0366,Sunday,13,9,Autumn,0
10023456781,2024-09-01 14:00:00,2024-09-01,14:00:00,0.9360,Sunday,14,9,Autumn,0
10023456781,2024-09-01 15:00:00,2024-09-01,15:00:00,1.0671,Sunday,15,9,Autumn,0
10023456781,2024-09-01 16:00:00,2024-09-01,16:00:00,0.9884,Sunday,16,9,Autumn,0
10023456781,2024-09-01 17:00:00,2024-09-01,17:00:00,1.2824,Sunday,17,9,Autumn,0
10023456781,2024-09-01 18:00:00,2024-09-01,18:00:00,1.6354,Sunday,18,9,Autumn,0
10023456781,2024-09-01 19:00:00,2024-09-01,19:00:00,1.6759,Sunday,19,9,Autumn,0
10023456781,2024-09-01 20:00:00,2024-09-01,20:00:00,1.5672,Sunday,20,9,Autumn,0
10023456781,2024-09-01 21:00:00,2024-09-01,21:00:00,1.4501,Sunday,21,9,Autumn,0
10023456781,2024-09-01 22:00:00,2024-09-01,22:00:00,1.0670,Sunday,22,9,Autumn,0
10023456781,2024-09-01 23:00:00,2024-09-01,23:00:00,0.8461,Sunday,23,9,Autumn,0
10023456781,2024-09-02 00:00:00,2024-09-02,00:00:00,0.3576,Monday,0,9,Autumn,0
10023456781,2024-09-02 01:00:00,2024-09-02,01:00:00,0.2925,Monday,1,9,Autumn,0
10023456781,2024-09-02 02:00:00,2024-09-02,02:00:00,0.2764,Monday,2,9,Autumn,0
10023456781,2024-09-02 03:00:00,2024-09-02,03:00:00,0.2441,Monday,3,9,Autumn,0
10023456781,2024-09-02 04:00:00,2024-09-02,04:00:00,0.3090,Monday,4,9,Autumn,0
10023456781,2024-09-02 05:00:00,2024-09-02,05:00:00,0.4038,Monday,5,9,Autumn,0
10023456781,2024-09-02 06:00:00,2024-09-02,06:00:00,0.6523,Monday,6,9,Autumn,0
10023456781,2024-09-02 07:00:00,2024-09-02,07:00:00,1.1417,Monday,7,9,Autumn,0
10023456781,2024-09-02 08:00:00,2024-09-02,08:00:00,1.2984,Monday,8,9,Autumn,0
10023456781,2024-09-02 09:00:00,2024-09-02,09:00:00,1.0354,Monday,9,9,Autumn,0
10023456781,2024-09-02 10:00:00,2024-09-02,10:00:00,0.7353,Monday,10,9,Autumn,0
10023456781,2024-09-02 11:00:00,2024-09-02,11:00:00,0.5930,Monday,11,9,Autumn,0
10023456781,2024-09-02 12:00:00,2024-09-02,12:00:00,0.6658,Monday,12,9,Autumn,0
10023456781,2024-09-02 13:00:00,2024-09-02,13:00:00,0.6683,Monday,13,9,Autumn,0
10023456781,2024-09-02 14:00:00,2024-09-02,14:00:00,0.7521,Monday,14,9,Autumn,0
10023456781,2024-09-02 15:00:00,2024-09-02,15:00:00,0.6525,Monday,15,9,Autumn,0
10023456781,2024-09-02 16:00:00,2024-09-02,16:00:00,0.8559,Monday,16,9,Autumn,0
10023456781,2024-09-02 17:00:00,2024-09-02,17:00:00,1.0402,Monday,17,9,Autumn,0
10023456781,2024-09-02 18:00:00,2024-09-02,18:00:00,1.3944,Monday,18,9,Autumn,0
10023456781,2024-09-02 19:00:00,2024-09-02,19:00:00,1.5875,Monday,19,9,Autumn,0
10023456781,2024-09-02 20:00:00,2024-09-02,20:00:00,1.7054,Monday,20,9,Autumn,0
10023456781,2024-09-02 21:00:00,2024-09-02,21:00:00,1.1389,Monday,21,9,Autumn,0
10023456781,2024-09-02 22:00:00,2024-09-02,22:00:00,0.9772,Monday,22,9,Autumn,0
10023456781,2024-09-02 23:00:00,2024-09-02,23:00:00,0.5926,Monday,23,9,Autumn,0
10023456781,2024-09-03 00:00:00,2024-09-03,00:00:00,0.4054,Tuesday,0,9,Autumn,0
10023456781,2024-09-03 01:00:00,2024-09-03,01:00:00,0.2751,Tuesday,1,9,Autumn,0
10023456781,2024-09-03 02:00:00,2024-09-03,02:00:00,0.3154,Tuesday,2,9,Autumn,0
10023456781,2024-09-03 03:00:00,2024-09-03,03:00:00,1.2948,Tuesday,3,9,Autumn,1
10023456781,2024-09-03 04:00:00,2024-09-03,04:00:00,0.3817,Tuesday,4,9,Autumn,0
10023456781,2024-09-03 05:00:00,2024-09-03,05:00:00,0.4022,Tuesday,5,9,Autumn,0
10023456781,2024-09-03 06:00:00,2024-09-03,06:00:00,0.8074,Tuesday,6,9,Autumn,0
10023456781,2024-09-03 07:00:00,2024-09-03,07:00:00,1.0626,Tuesday,7,9,Autumn,0
10023456781,2024-09-03 08:00:00,2024-09-03,08:00:00,1.1708,Tuesday,8,9,Autumn,0
10023456781,2024-09-03 09:00:00,2024-09-03,09:00:00,1.0689,Tuesday,9,9,Autumn,0
10023456781,2024-09-03 10:00:00,2024-09-03,10:00:00,0.8821,Tuesday,10,9,Autumn,0
10023456781,2024-09-03 11:00:00,2024-09-03,11:00:00,0.8199,Tuesday,11,9,Autumn,0
10023456781,2024-09-03 12:00:00,2024-09-03,12:00:00,0.8437,Tuesday,12,9,Autumn,0
10023456781,2024-09-03 13:00:00,2024-09-03,13:00:00,0.8361,Tuesday,13,9,Autumn,0
10023456781,2024-09-03 14:00:00,2024-09-03,14:00:00,0.7584,Tuesday,14,9,Autumn,0
10023456781,2024-09-03 15:00:00,2024-09-03,15:00:00,0.9305,Tuesday,15,9,Autumn,0
10023456781,2024-09-03 16:00:00,2024-09-03,16:00:00,0.8764,Tuesday,16,9,Autumn,0
10023456781,2024-09-03 17:00:00,2024-09-03,17:00:00,1.2066,Tuesday,17,9,Autumn,0
10023456781,2024-09-03 18:00:00,2024-09-03,18:00:00,1.8664,Tuesday,18,9,Autumn,0
10023456781,2024-09-03 19:00:00,2024-09-03,19:00:00,1.6945,Tuesday,19,9,Autumn,0
10023456781,2024-09-03 20:00:00,2024-09-03,20:00:00,1.5476,Tuesday,20,9,Autumn,0
10023456781,2024-09-03 21:00:00,2024-09-03,21:00:00,1.5341,Tuesday,21,9,Autumn,0
10023456781,2024-09-03 22:00:00,2024-09-03,22:00:00,0.9559,Tuesday,22,9,Autumn,0
10023456781,2024-09-03 23:00:00,2024-09-03,23:00:00,0.6938,Tuesday,23,9,Autumn,0
10023456781,2024-09-04 00:00:00,2024-09-04,00:00:00,0.3879,Wednesday,0,9,Autumn,0
10023456781,2024-09-04 01:00:00,2024-09-04,01:00:00,0.3791,Wednesday,1,9,Autumn,0
10023456781,2024-09-04 02:00:00,2024-09-04,02:00:00,0.3502,Wednesday,2,9,Autumn,0
10023456781,2024-09-04 03:00:00,2024-09-04,03:00:00,0.2748,Wednesday,3,9,Autumn,0
10023456781,2024-09-04 04:00:00,2024-09-04,04:00:00,0.3067,Wednesday,4,9,Autumn,0
10023456781,2024-09-04 05:00:00,2024-09-04,05:00:00,0.5072,Wednesday,5,9,Autumn,0
10023456781,2024-09-04 06:00:00,2024-09-04,06:00:00,0.7616,Wednesday,6,9,Autumn,0
10023456781,2024-09-04 07:00:00,2024-09-04,07:00:00,1.1046,Wednesday,7,9,Autumn,0
10023456781,2024-09-04 08:00:00,2024-09-04,08:00:00,1.1171,Wednesday,8,9,Autumn,0
10023456781,2024-09-04 09:00:00,2024-09-04,09:00:00,1.1096,Wednesday,9,9,Autumn,0
10023456781,2024-09-04 10:00:00,2024-09-04,10:00:00,4.4165,Wednesday,10,9,Autumn,1
10023456781,2024-09-04 11:00:00,2024-09-04,11:00:00,0.7727,Wednesday,11,9,Autumn,0
10023456781,2024-09-04 12:00:00,2024-09-04,12:00:00,0.8368,Wednesday,12,9,Autumn,0
10023456781,2024-09-04 13:00:00,2024-09-04,13:00:00,2.3422,Wednesday,13,9,Autumn,1
10023456781,2024-09-04 14:00:00,2024-09-04,14:00:00,0.7937,Wednesday,14,9,Autumn,0
10023456781,2024-09-04 15:00:00,2024-09-04,15:00:00,0.8504,Wednesday,15,9,Autumn,0
10023456781,2024-09-04 16:00:00,2024-09-04,16:00:00,0.9062,Wednesday,16,9,Autumn,0
10023456781,2024-09-04 17:00:00,2024-09-04,17:00:00,1.4717,Wednesday,17,9,Autumn,0
10023456781,2024-09-04 18:00:00,2024-09-04,18:00:00,2.1292,Wednesday,18,9,Autumn,0
10023456781,2024-09-04 19:00:00,2024-09-04,19:00:00,1.8252,Wednesday,19,9,Autumn,0
10023456781,2024-09-04 20:00:00,2024-09-04,20:00:00,1.7321,Wednesday,20,9,Autumn,0
10023456781,2024-09-04 21:00:00,2024-09-04,21:00:00,1.3588,Wednesday,21,9,Autumn,0
10023456781,2024-09-04 22:00:00,2024-09-04,22:00:00,1.0915,Wednesday,22,9,Autumn,0
10023456781,2024-09-04 23:00:00,2024-09-04,23:00:00,0.6538,Wednesday,23,9,Autumn,0
10023456781,2024-09-05 00:00:00,2024-09-05,00:00:00,0.3697,Thursday,0,9,Autumn,0
10023456781,2024-09-05 01:00:00,2024-09-05,01:00:00,0.3244,Thursday,1,9,Autumn,0
10023456781,2024-09-05 02:00:00,2024-09-05,02:00:00,0.2864,Thursday,2,9,Autumn,0
10023456781,2024-09-05 03:00:00,2024-09-05,03:00:00,0.3118,Thursday,3,9,Autumn,0
10023456781,2024-09-05 04:00:00,2024-09-05,04:00:00,0.4150,Thursday,4,9,Autumn,0
10023456781,2024-09-05 05:00:00,2024-09-05,05:00:00,0.5351,Thursday,5,9,Autumn,0
10023456781,2024-09-05 06:00:00,2024-09-05,06:00:00,0.6720,Thursday,6,9,Autumn,0
10023456781,2024-09-05 07:00:00,2024-09-05,07:00:00,1.0237,Thursday,7,9,Autumn,0
10023456781,2024-09-05 08:00:00,2024-09-05,08:00:00,1.2001,Thursday,8,9,Autumn,0
10023456781,2024-09-05 09:00:00,2024-09-05,09:00:00,1.1319,Thursday,9,9,Autumn,0
10023456781,2024-09-05 10:00:00,2024-09-05,10:00:00,0.7561,Thursday,10,9,Autumn,0
10023456781,2024-09-05 11:00:00,2024-09-05,11:00:00,0.7746,Thursday,11,9,Autumn,0
10023456781,2024-09-05 12:00:00,2024-09-05,12:00:00,0.8109,Thursday,12,9,Autumn,0
10023456781,2024-09-05 13:00:00,2024-09-05,13:00:00,1.0054,Thursday,13,9,Autumn,0
10023456781,2024-09-05 14:00:00,2024-09-05,14:00:00,0.8920,Thursday,14,9,Autumn,0
10023456781,2024-09-05 15:00:00,2024-09-05,15:00:00,0.8181,Thursday,15,9,Autumn,0
10023456781,2024-09-05 16:00:00,2024-09-05,16:00:00,1.1305,Thursday,16,9,Autumn,0
10023456781,2024-09-05 17:00:00,2024-09-05,17:00:00,1.4922,Thursday,17,9,Autumn,0
10023456781,2024-09-05 18:00:00,2024-09-05,18:00:00,1.7932,Thursday,18,9,Autumn,0
10023456781,2024-09-05 19:00:00,2024-09-05,19:00:00,1.8412,Thursday,19,9,Autumn,0
10023456781,2024-09-05 20:00:00,2024-09-05,20:00:00,1.8799,Thursday,20,9,Autumn,0
10023456781,2024-09-05 21:00:00,2024-09-05,21:00:00,1.6057,Thursday,21,9,Autumn,0
10023456781,2024-09-05 22:00:00,2024-09-05,22:00:00,1.0490,Thursday,22,9,Autumn,0
10023456781,2024-09-05 23:00:00,2024-09-05,23:00:00,0.7508,Thursday,23,9,Autumn,0
10023456781,2024-09-06 00:00:00,2024-09-06,00:00:00,0.4005,Friday,0,9,Autumn,0
10023456781,2024-09-06 01:00:00,2024-09-06,01:00:00,0.3042,Friday,1,9,Autumn,0
10023456781,2024-09-06 02:00:00,2024-09-06,02:00:00,0.3010,Friday,2,9,Autumn,0
10023456781,2024-09-06 03:00:00,2024-09-06,03:00:00,0.2644,Friday,3,9,Autumn,0
10023456781,2024-09-06 04:00:00,2024-09-06,04:00:00,0.3281,Friday,4,9,Autumn,0
10023456781,2024-09-06 05:00:00,2024-09-06,05:00:00,0.4758,Friday,5,9,Autumn,0
10023456781,2024-09-06 06:00:00,2024-09-06,06:00:00,0.8132,Friday,6,9,Autumn,0
10023456781,2024-09-06 07:00:00,2024-09-06,07:00:00,1.1198,Friday,7,9,Autumn,0
10023456781,2024-09-06 08:00:00,2024-09-06,08:00:00,1.2942,Friday,8,9,Autumn,0
10023456781,2024-09-06 09:00:00,2024-09-06,09:00:00,0.8805,Friday,9,9,Autumn,0
10023456781,2024-09-06 10:00:00,2024-09-06,10:00:00,0.8109,Friday,10,9,Autumn,0
10023456781,2024-09-06 11:00:00,2024-09-06,11:00:00,0.7296,Friday,11,9,Autumn,0
10023456781,2024-09-06 12:00:00,2024-09-06,12:00:00,0.1273,Friday,12,9,Autumn,1
10023456781,2024-09-06 13:00:00,2024-09-06,13:00:00,0.7536,Friday,13,9,Autumn,0
10023456781,2024-09-06 14:00:00,2024-09-06,14:00:00,0.7722,Friday,14,9,Autumn,0
10023456781,2024-09-06 15:00:00,2024-09-06,15:00:00,1.0303,Friday,15,9,Autumn,0
10023456781,2024-09-06 16:00:00,2024-09-06,16:00:00,0.9700,Friday,16,9,Autumn,0
10023456781,2024-09-06 17:00:00,2024-09-06,17:00:00,1.0712,Friday,17,9,Autumn,0
10023456781,2024-09-06 18:00:00,2024-09-06,18:00:00,1.8246,Friday,18,9,Autumn,0
10023456781,2024-09-06 19:00:00,2024-09-06,19:00:00,2.1993,Friday,19,9,Autumn,0
10023456781,2024-09-06 20:00:00,2024-09-06,20:00:00,1.6504,Friday,20,9,Autumn,0
10023456781,2024-09-06 21:00:00,2024-09-06,21:00:00,1.6487,Friday,21,9,Autumn,0
10023456781,2024-09-06 22:00:00,2024-09-06,22:00:00,1.0368,Friday,22,9,Autumn,0
10023456781,2024-09-06 23:00:00,2024-09-06,23:00:00,0.6450,Friday,23,9,Autumn,0
10023456781,2024-09-07 00:00:00,2024-09-07,00:00:00,0.4142,Saturday,0,9,Autumn,0
10023456781,2024-09-07 01:00:00,2024-09-07,01:00:00,0.4797,Saturday,1,9,Autumn,0
10023456781,2024-09-07 02:00:00,2024-09-07,02:00:00,0.3177,Saturday,2,9,Autumn,0
10023456781,2024-09-07 03:00:00,2024-09-07,03:00:00,0.3365,Saturday,3,9,Autumn,0
10023456781,2024-09-07 04:00:00,2024-09-07,04:00:00,0.4052,Saturday,4,9,Autumn,0
10023456781,2024-09-07 05:00:00,2024-09-07,05:00:00,0.3898,Saturday,5,9,Autumn,0
10023456781,2024-09-07 06:00:00,2024-09-07,06:00:00,0.7930,Saturday,6,9,Autumn,0
10023456781,2024-09-07 07:00:00,2024-09-07,07:00:00,1.1021,Saturday,7,9,Autumn,0
10023456781,2024-09-07 08:00:00,2024-09-07,08:00:00,1.1478,Saturday,8,9,Autumn,0
10023456781,2024-09-07 09:00:00,2024-09-07,09:00:00,1.4840,Saturday,9,9,Autumn,0
10023456781,2024-09-07 10:00:00,2024-09-07,10:00:00,1.1408,Saturday,10,9,Autumn,0
10023456781,2024-09-07 11:00:00,2024-09-07,11:00:00,1.4713,Saturday,11,9,Autumn,0
10023456781,2024-09-07 12:00:00,2024-09-07,12:00:00,1.0635,Saturday,12,9,Autumn,0
10023456781,2024-09-07 13:00:00,2024-09-07,13:00:00,1.1582,Saturday,13,9,Autumn,0
10023456781,2024-09-07 14:00:00,2024-09-07,14:00:00,1.1060,Saturday,14,9,Autumn,0
10023456781,2024-09-07 15:00:00,2024-09-07,15:00:00,1.1087,Saturday,15,9,Autumn,0
10023456781,2024-09-07 16:00:00,2024-09-07,16:00:00,1.2181,Saturday,16,9,Autumn,0
10023456781,2024-09-07 17:00:00,2024-09-07,17:00:00,1.4679,Saturday,17,9,Autumn,0
10023456781,2024-09-07 18:00:00,2024-09-07,18:00:00,1.6233,Saturday,18,9,Autumn,0
10023456781,2024-09-07 19:00:00,2024-09-07,19:00:00,1.7909,Saturday,19,9,Autumn,0
10023456781,2024-09-07 20:00:00,2024-09-07,20:00:00,1.7729,Saturday,20,9,Autumn,0
10023456781,2024-09-07 21:00:00,2024-09-07,21:00:00,1.7189,Saturday,21,9,Autumn,0
10023456781,2024-09-07 22:00:00,2024-09-07,22:00:00,0.9774,Saturday,22,9,Autumn,0
10023456781,2024-09-07 23:00:00,2024-09-07,23:00:00,0.8327,Saturday,23,9,Autumn,0
10023456781,2024-09-08 00:00:00,2024-09-08,00:00:00,0.3833,Sunday,0,9,Autumn,0
10023456781,2024-09-08 01:00:00,2024-09-08,01:00:00,0.3714,Sunday,1,9,Autumn,0
10023456781,2024-09-08 02:00:00,2024-09-08,02:00:00,0.3399,Sunday,2,9,Autumn,0
10023456781,2024-09-08 03:00:00,2024-09-08,03:00:00,0.2848,Sunday,3,9,Autumn,0
10023456781,2024-09-08 04:00:00,2024-09-08,04:00:00,0.3612,Sunday,4,9,Autumn,0
10023456781,2024-09-08 05:00:00,2024-09-08,05:00:00,0.4583,Sunday,5,9,Autumn,0
10023456781,2024-09-08 06:00:00,2024-09-08,06:00:00,0.6157,Sunday,6,9,Autumn,0
10023456781,2024-09-08 07:00:00,2024-09-08,07:00:00,0.9480,Sunday,7,9,Autumn,0
10023456781,2024-09-08 08:00:00,2024-09-08,08:00:00,1.2520,Sunday,8,9,Autumn,0
10023456781,2024-09-08 09:00:00,2024-09-08,09:00:00,1.3789,Sunday,9,9,Autumn,0
10023456781,2024-09-08 10:00:00,2024-09-08,10:00:00,1.3417,Sunday,10,9,Autumn,0
10023456781,2024-09-08 11:00:00,2024-09-08,11:00:00,1.3272,Sunday,11,9,Autumn,0
10023456781,2024-09-08 12:00:00,2024-09-08,12:00:00,1.1024,Sunday,12,9,Autumn,0
10023456781,2024-09-08 13:00:00,2024-09-08,13:00:00,1.2129,Sunday,13,9,Autumn,0
10023456781,2024-09-08 14:00:00,2024-09-08,14:00:00,1.1111,Sunday,14,9,Autumn,0
10023456781,2024-09-08 15:00:00,2024-09-08,15:00:00,1.1189,Sunday,15,9,Autumn,0
10023456781,2024-09-08 16:00:00,2024-09-08,16:00:00,1.1879,Sunday,16,9,Autumn,0
10023456781,2024-09-08 17:00:00,2024-09-08,17:00:00,1.3962,Sunday,17,9,Autumn,0
10023456781,2024-09-08 18:00:00,2024-09-08,18:00:00,1.8310,Sunday,18,9,Autumn,0
10023456781,2024-09-08 19:00:00,2024-09-08,19:00:00,1.7967,Sunday,19,9,Autumn,0
10023456781,2024-09-08 20:00:00,2024-09-08,20:00:00,1.7668,Sunday,20,9,Autumn,0
10023456781,2024-09-08 21:00:00,2024-09-08,21:00:00,1.9774,Sunday,21,9,Autumn,0
10023456781,2024-09-08 22:00:00,2024-09-08,22:00:00,1.5137,Sunday,22,9,Autumn,0
10023456781,2024-09-08 23:00:00,2024-09-08,23:00:00,0.8946,Sunday,23,9,Autumn,0
10023456781,2024-09-09 00:00:00,2024-09-09,00:00:00,2.3558,Monday,0,9,Autumn,1
10023456781,2024-09-09 01:00:00,2024-09-09,01:00:00,0.3072,Monday,1,9,Autumn,0
10023456781,2024-09-09 02:00:00,2024-09-09,02:00:00,0.2935,Monday,2,9,Autumn,0
10023456781,2024-09-09 03:00:00,2024-09-09,03:00:00,0.3944,Monday,3,9,Autumn,0
10023456781,2024-09-09 04:00:00,2024-09-09,04:00:00,0.4321,Monday,4,9,Autumn,0
10023456781,2024-09-09 05:00:00,2024-09-09,05:00:00,0.6192,Monday,5,9,Autumn,0
10023456781,2024-09-09 06:00:00,2024-09-09,06:00:00,0.9670,Monday,6,9,Autumn,0
10023456781,2024-09-09 07:00:00,2024-09-09,07:00:00,1.6400,Monday,7,9,Autumn,0
10023456781,2024-09-09 08:00:00,2024-09-09,08:00:00,1.5029,Monday,8,9,Autumn,0
10023456781,2024-09-09 09:00:00,2024-09-09,09:00:00,1.3577,Monday,9,9,Autumn,0
10023456781,2024-09-09 10:00:00,2024-09-09,10:00:00,1.0322,Monday,10,9,Autumn,0
10023456781,2024-09-09 11:00:00,2024-09-09,11:00:00,1.0484,Monday,11,9,Autumn,0
10023456781,2024-09-09 12:00:00,2024-09-09,12:00:00,0.9510,Monday,12,9,Autumn,0
10023456781,2024-09-09 13:00:00,2024-09-09,13:00:00,0.9604,Monday,13,9,Autumn,0
10023456781,2024-09-09 14:00:00,2024-09-09,14:00:00,1.1092,Monday,14,9,Autumn,0
10023456781,2024-09-09 15:00:00,2024-09-09,15:00:00,1.1038,Monday,15,9,Autumn,0
10023456781,2024-09-09 16:00:00,2024-09-09,16:00:00,1.1193,Monday,16,9,Autumn,0
10023456781,2024-09-09 17:00:00,2024-09-09,17:00:00,1.6721,Monday,17,9,Autumn,0
10023456781,2024-09-09 18:00:00,2024-09-09,18:00:00,1.9225,Monday,18,9,Autumn,0
10023456781,2024-09-09 19:00:00,2024-09-09,19:00:00,2.0582,Monday,19,9,Autumn,0
10023456781,2024-09-09 20:00:00,2024-09-09,20:00:00,2.2637,Monday,20,9,Autumn,0
10023456781,2024-09-09 21:00:00,2024-09-09,21:00:00,1.6886,Monday,21,9,Autumn,0
10023456781,2024-09-09 22:00:00,2024-09-09,22:00:00,1.4025,Monday,22,9,Autumn,0
10023456781,2024-09-09 23:00:00,2024-09-09,23:00:00,0.8271,Monday,23,9,Autumn,0
10023456781,2024-09-10 00:00:00,2024-09-10,00:00:00,0.2944,Tuesday,0,9,Autumn,0
10023456781,2024-09-10 01:00:00,2024-09-10,01:00:00,0.2551,Tuesday,1,9,Autumn,0
10023456781,2024-09-10 02:00:00,2024-09-10,02:00:00,0.2138,Tuesday,2,9,Autumn,0
10023456781,2024-09-10 03:00:00,2024-09-10,03:00:00,0.2689,Tuesday,3,9,Autumn,0
10023456781,2024-09-10 04:00:00,2024-09-10,04:00:00,0.3416,Tuesday,4,9,Autumn,0
10023456781,2024-09-10 05:00:00,2024-09-10,05:00:00,0.5417,Tuesday,5,9,Autumn,0
10023456781,2024-09-10 06:00:00,2024-09-10,06:00:00,0.7584,Tuesday,6,9,Autumn,0
10023456781,2024-09-10 07:00:00,2024-09-10,07:00:00,0.7039,Tuesday,7,9,Autumn,0
10023456781,2024-09-10 08:00:00,2024-09-10,08:00:00,1.0300,Tuesday,8,9,Autumn,0
10023456781,2024-09-10 09:00:00,2024-09-10,09:00:00,0.8683,Tuesday,9,9,Autumn,0
10023456781,2024-09-10 10:00:00,2024-09-10,10:00:00,0.7812,Tuesday,10,9,Autumn,0
10023456781,2024-09-10 11:00:00,2024-09-10,11:00:00,0.8894,Tuesday,11,9,Autumn,0
10023456781,2024-09-10 12:00:00,2024-09-10,12:00:00,0.6528,Tuesday,12,9,Autumn,0
10023456781,2024-09-10 13:00:00,2024-09-10,13:00:00,0.8434,Tuesday,13,9,Autumn,0
10023456781,2024-09-10 14:00:00,2024-09-10,14:00:00,0.7870,Tuesday,14,9,Autumn,0
10023456781,2024-09-10 15:00:00,2024-09-10,15:00:00,0.8269,Tuesday,15,9,Autumn,0
10023456781,2024-09-10 16:00:00,2024-09-10,16:00:00,0.7919,Tuesday,16,9,Autumn,0
10023456781,2024-09-10 17:00:00,2024-09-10,17:00:00,0.9946,Tuesday,17,9,Autumn,0
10023456781,2024-09-10 18:00:00,2024-09-10,18:00:00,1.5063,Tuesday,18,9,Autumn,0
10023456781,2024-09-10 19:00:00,2024-09-10,19:00:00,1.8623,Tuesday,19,9,Autumn,0
10023456781,2024-09-10 20:00:00,2024-09-10,20:00:00,1.3684,Tuesday,20,9,Autumn,0
10023456781,2024-09-10 21:00:00,2024-09-10,21:00:00,1.1566,Tuesday,21,9,Autumn,0
10023456781,2024-09-10 22:00:00,2024-09-10,22:00:00,1.0716,Tuesday,22,9,Autumn,0
10023456781,2024-09-10 23:00:00,2024-09-10,23:00:00,0.6117,Tuesday,23,9,Autumn,0
10023456781,2024-09-11 00:00:00,2024-09-11,00:00:00,0.2998,Wednesday,0,9,Autumn,0
10023456781,2024-09-11 01:00:00,2024-09-11,01:00:00,0.2667,Wednesday,1,9,Autumn,0
10023456781,2024-09-11 02:00:00,2024-09-11,02:00:00,1.2120,Wednesday,2,9,Autumn,1
10023456781,2024-09-11 03:00:00,2024-09-11,03:00:00,0.2693,Wednesday,3,9,Autumn,0
10023456781,2024-09-11 04:00:00,2024-09-11,04:00:00,0.2925,Wednesday,4,9,Autumn,0
10023456781,2024-09-11 05:00:00,2024-09-11,05:00:00,0.3842,Wednesday,5,9,Autumn,0
10023456781,2024-09-11 06:00:00,2024-09-11,06:00:00,0.6146,Wednesday,6,9,Autumn,0
10023456781,2024-09-11 07:00:00,2024-09-11,07:00:00,0.9991,Wednesday,7,9,Autumn,0
10023456781,2024-09-11 08:00:00,2024-09-11,08:00:00,1.1954,Wednesday,8,9,Autumn,0
10023456781,2024-09-11 09:00:00,2024-09-11,09:00:00,0.9072,Wednesday,9,9,Autumn,0
10023456781,2024-09-11 10:00:00,2024-09-11,10:00:00,0.6424,Wednesday,10,9,Autumn,0
10023456781,2024-09-11 11:00:00,2024-09-11,11:00:00,0.6761,Wednesday,11,9,Autumn,0
10023456781,2024-09-11 12:00:00,2024-09-11,12:00:00,0.7009,Wednesday,12,9,Autumn,0
10023456781,2024-09-11 13:00:00,2024-09-11,13:00:00,0.7170,Wednesday,13,9,Autumn,0
10023456781,2024-09-11 14:00:00,2024-09-11,14:00:00,0.7133,Wednesday,14,9,Autumn,0
10023456781,2024-09-11 15:00:00,2024-09-11,15:00:00,0.6492,Wednesday,15,9,Autumn,0
10023456781,2024-09-11 16:00:00,2024-09-11,16:00:00,0.8365,Wednesday,16,9,Autumn,0
10023456781,2024-09-11 17:00:00,2024-09-11,17:00:00,1.0440,Wednesday,17,9,Autumn,0
10023456781,2024-09-11 18:00:00,2024-09-11,18:00:00,1.3479,Wednesday,18,9,Autumn,0
10023456781,2024-09-11 19:00:00,2024-09-11,19:00:00,1.6138,Wednesday,19,9,Autumn,0
10023456781,2024-09-11 20:00:00,2024-09-11,20:00:00,1.5249,Wednesday,20,9,Autumn,0
10023456781,2024-09-11 21:00:00,2024-09-11,21:00:00,1.2870,Wednesday,21,9,Autumn,0
10023456781,2024-09-11 22:00:00,2024-09-11,22:00:00,0.8416,Wednesday,22,9,Autumn,0
10023456781,2024-09-11 23:00:00,2024-09-11,23:00:00,0.6478,Wednesday,23,9,Autumn,0
10023456781,2024-09-12 00:00:00,2024-09-12,00:00:00,0.4580,Thursday,0,9,Autumn,0
10023456781,2024-09-12 01:00:00,2024-09-12,01:00:00,0.3093,Thursday,1,9,Autumn,0
10023456781,2024-09-12 02:00:00,2024-09-12,02:00:00,0.2545,Thursday,2,9,Autumn,0
10023456781,2024-09-12 03:00:00,2024-09-12,03:00:00,0.3186,Thursday,3,9,Autumn,0
10023456781,2024-09-12 04:00:00,2024-09-12,04:00:00,0.3903,Thursday,4,9,Autumn,0
10023456781,2024-09-12 05:00:00,2024-09-12,05:00:00,0.4542,Thursday,5,9,Autumn,0
10023456781,2024-09-12 06:00:00,2024-09-12,06:00:00,0.7517,Thursday,6,9,Autumn,0
10023456781,2024-09-12 07:00:00,2024-09-12,07:00:00,0.8634,Thursday,7,9,Autumn,0
10023456781,2024-09-12 08:00:00,2024-09-12,08:00:00,1.1583,Thursday,8,9,Autumn,0
10023456781,2024-09-12 09:00:00,2024-09-12,09:00:00,1.0490,Thursday,9,9,Autumn,0
10023456781,2024-09-12 10:00:00,2024-09-12,10:00:00,0.8192,Thursday,10,9,Autumn,0
10023456781,2024-09-12 11:00:00,2024-09-12,11:00:00,0.7429,Thursday,11,9,Autumn,0
10023456781,2024-09-12 12:00:00,2024-09-12,12:00:00,0.7538,Thursday,12,9,Autumn,0
10023456781,2024-09-12 13:00:00,2024-09-12,13:00:00,0.8174,Thursday,13,9,Autumn,0
10023456781,2024-09-12 14:00:00,2024-09-12,14:00:00,0.9029,Thursday,14,9,Autumn,0
10023456781,2024-09-12 15:00:00,2024-09-12,15:00:00,0.7290,Thursday,15,9,Autumn,0
10023456781,2024-09-12 16:00:00,2024-09-12,16:00:00,1.0820,Thursday,16,9,Autumn,0
10023456781,2024-09-12 17:00:00,2024-09-12,17:00:00,1.2909,Thursday,17,9,Autumn,0
10023456781,2024-09-12 18:00:00,2024-09-12,18:00:00,1.8620,Thursday,18,9,Autumn,0
10023456781,2024-09-12 19:00:00,2024-09-12,19:00:00,1.8003,Thursday,19,9,Autumn,0
10023456781,2024-09-12 20:00:00,2024-09-12,20:00:00,1.6860,Thursday,20,9,Autumn,0
10023456781,2024-09-12 21:00:00,2024-09-12,21:00:00,1.4798,Thursday,21,9,Autumn,0
10023456781,2024-09-12 22:00:00,2024-09-12,22:00:00,0.8452,Thursday,22,9,Autumn,0
10023456781,2024-09-12 23:00:00,2024-09-12,23:00:00,0.7544,Thursday,23,9,Autumn,0
10023456781,2024-09-13 00:00:00,2024-09-13,00:00:00,0.2398,Friday,0,9,Autumn,0
10023456781,2024-09-13 01:00:00,2024-09-13,01:00:00,0.2538,Friday,1,9,Autumn,0
10023456781,2024-09-13 02:00:00,2024-09-13,02:00:00,0.2614,Friday,2,9,Autumn,0
10023456781,2024-09-13 03:00:00,2024-09-13,03:00:00,0.2587,Friday,3,9,Autumn,0
10023456781,2024-09-13 04:00:00,2024-09-13,04:00:00,1.2743,Friday,4,9,Autumn,1
10023456781,2024-09-13 05:00:00,2024-09-13,05:00:00,0.3071,Friday,5,9,Autumn,0
10023456781,2024-09-13 06:00:00,2024-09-13,06:00:00,0.5765,Friday,6,9,Autumn,0
10023456781,2024-09-13 07:00:00,2024-09-13,07:00:00,1.0794,Friday,7,9,Autumn,0
10023456781,2024-09-13 08:00:00,2024-09-13,08:00:00,1.0261,Friday,8,9,Autumn,0
10023456781,2024-09-13 09:00:00,2024-09-13,09:00:00,0.8368,Friday,9,9,Autumn,0
10023456781,2024-09-13 10:00:00,2024-09-13,10:00:00,0.5602,Friday,10,9,Autumn,0
10023456781,2024-09-13 11:00:00,2024-09-13,11:00:00,0.6138,Friday,11,9,Autumn,0
10023456781,2024-09-13 12:00:00,2024-09-13,12:00:00,0.6721,Friday,12,9,Autumn,0
10023456781,2024-09-13 13:00:00,2024-09-13,13:00:00,0.6403,Friday,13,9,Autumn,0
10023456781,2024-09-13 14:00:00,2024-09-13,14:00:00,0.6005,Friday,14,9,Autumn,0
10023456781,2024-09-13 15:00:00,2024-09-13,15:00:00,0.6928,Friday,15,9,Autumn,0
10023456781,2024-09-13 16:00:00,2024-09-13,16:00:00,0.6968,Friday,16,9,Autumn,0
10023456781,2024-09-13 17:00:00,2024-09-13,17:00:00,0.9766,Friday,17,9,Autumn,0
10023456781,2024-09-13 18:00:00,2024-09-13,18:00:00,1.1930,Friday,18,9,Autumn,0
10023456781,2024-09-13 19:00:00,2024-09-13,19:00:00,1.2985,Friday,19,9,Autumn,0
10023456781,2024-09-13 20:00:00,2024-09-13,20:00:00,1.2484,Friday,20,9,Autumn,0
10023456781,2024-09-13 21:00:00,2024-09-13,21:00:00,1.4093,Friday,21,9,Autumn,0
10023456781,2024-09-13 22:00:00,2024-09-13,22:00:00,0.9096,Friday,22,9,Autumn,0
10023456781,2024-09-13 23:00:00,2024-09-13,23:00:00,0.4463,Friday,23,9,Autumn,0
10023456781,2024-09-14 00:00:00,2024-09-14,00:00:00,0.3969,Saturday,0,9,Autumn,0
10023456781,2024-09-14 01:00:00,2024-09-14,01:00:00,0.2900,Saturday,1,9,Autumn,0
10023456781,2024-09-14 02:00:00,2024-09-14,02:00:00,0.2944,Saturday,2,9,Autumn,0
10023456781,2024-09-14 03:00:00,2024-09-14,03:00:00,0.2669,Saturday,3,9,Autumn,0
10023456781,2024-09-14 04:00:00,2024-09-14,04:00:00,0.2799,Saturday,4,9,Autumn,0
10023456781,2024-09-14 05:00:00,2024-09-14,05:00:00,0.4304,Saturday,5,9,Autumn,0
10023456781,2024-09-14 06:00:00,2024-09-14,06:00:00,0.6038,Saturday,6,9,Autumn,0
10023456781,2024-09-14 07:00:00,2024-09-14,07:00:00,0.7537,Saturday,7,9,Autumn,0
10023456781,2024-09-14 08:00:00,2024-09-14,08:00:00,1.0313,Saturday,8,9,Autumn,0
10023456781,2024-09-14 09:00:00,2024-09-14,09:00:00,1.0260,Saturday,9,9,Autumn,0
10023456781,2024-09-14 10:00:00,2024-09-14,10:00:00,1.1769,Saturday,10,9,Autumn,0
10023456781,2024-09-14 11:00:00,2024-09-14,11:00:00,0.9911,Saturday,11,9,Autumn,0
10023456781,2024-09-14 12:00:00,2024-09-14,12:00:00,0.9236,Saturday,12,9,Autumn,0
10023456781,2024-09-14 13:00:00,2024-09-14,13:00:00,0.8063,Saturday,13,9,Autumn,0
10023456781,2024-09-14 14:00:00,2024-09-14,14:00:00,1.0304,Saturday,14,9,Autumn,0
10023456781,2024-09-14 15:00:00,2024-09-14,15:00:00,0.8488,Saturday,15,9,Autumn,0
10023456781,2024-09-14 16:00:00,2024-09-14,16:00:00,1.1444,Saturday,16,9,Autumn,0
10023456781,2024-09-14 17:00:00,2024-09-14,17:00:00,1.2573,Saturday,17,9,Autumn,0
10023456781,2024-09-14 18:00:00,2024-09-14,18:00:00,1.4711,Saturday,18,9,Autumn,0
10023456781,2024-09-14 19:00:00,2024-09-14,19:00:00,1.6436,Saturday,19,9,Autumn,0
10023456781,2024-09-14 20:00:00,2024-09-14,20:00:00,1.3838,Saturday,20,9,Autumn,0
10023456781,2024-09-14 21:00:00,2024-09-14,21:00:00,1.3515,Saturday,21,9,Autumn,0
10023456781,2024-09-14 22:00:00,2024-09-14,22:00:00,0.9455,Saturday,22,9,Autumn,0
10023456781,2024-09-14 23:00:00,2024-09-14,23:00:00,0.7122,Saturday,23,9,Autumn,0
10023456781,2024-09-15 00:00:00,2024-09-15,00:00:00,0.3391,Sunday,0,9,Autumn,0
10023456781,2024-09-15 01:00:00,2024-09-15,01:00:00,0.3480,Sunday,1,9,Autumn,0
10023456781,2024-09-15 02:00:00,2024-09-15,02:00:00,0.2669,Sunday,2,9,Autumn,0
10023456781,2024-09-15 03:00:00,2024-09-15,03:00:00,0.2652,Sunday,3,9,Autumn,0
10023456781,2024-09-15 04:00:00,2024-09-15,04:00:00,0.3381,Sunday,4,9,Autumn,0
10023456781,2024-09-15 05:00:00,2024-09-15,05:00:00,0.3111,Sunday,5,9,Autumn,0
10023456781,2024-09-15 06:00:00,2024-09-15,06:00:00,0.4958,Sunday,6,9,Autumn,0
10023456781,2024-09-15 07:00:00,2024-09-15,07:00:00,0.6891,Sunday,7,9,Autumn,0
10023456781,2024-09-15 08:00:00,2024-09-15,08:00:00,0.9749,Sunday,8,9,Autumn,0
10023456781,2024-09-15 09:00:00,2024-09-15,09:00:00,0.8934,Sunday,9,9,Autumn,0
10023456781,2024-09-15 10:00:00,2024-09-15,10:00:00,0.9692,Sunday,10,9,Autumn,0
10023456781,2024-09-15 11:00:00,2024-09-15,11:00:00,0.9710,Sunday,11,9,Autumn,0
10023456781,2024-09-15 12:00:00,2024-09-15,12:00:00,0.7503,Sunday,12,9,Autumn,0
10023456781,2024-09-15 13:00:00,2024-09-15,13:00:00,0.8655,Sunday,13,9,Autumn,0
10023456781,2024-09-15 14:00:00,2024-09-15,14:00:00,0.8171,Sunday,14,9,Autumn,0
10023456781,2024-09-15 15:00:00,2024-09-15,15:00:00,0.9144,Sunday,15,9,Autumn,0
10023456781,2024-09-15 16:00:00,2024-09-15,16:00:00,1.1468,Sunday,16,9,Autumn,0
10023456781,2024-09-15 17:00:00,2024-09-15,17:00:00,1.1699,Sunday,17,9,Autumn,0
10023456781,2024-09-15 18:00:00,2024-09-15,18:00:00,1.3430,Sunday,18,9,Autumn,0
10023456781,2024-09-15 19:00:00,2024-09-15,19:00:00,1.5399,Sunday,19,9,Autumn,0
10023456781,2024-09-15 20:00:00,2024-09-15,20:00:00,1.6846,Sunday,20,9,Autumn,0
10023456781,2024-09-15 21:00:00,2024-09-15,21:00:00,1.2813,Sunday,21,9,Autumn,0
10023456781,2024-09-15 22:00:00,2024-09-15,22:00:00,1.1584,Sunday,22,9,Autumn,0
10023456781,2024-09-15 23:00:00,2024-09-15,23:00:00,0.6598,Sunday,23,9,Autumn,0
10023456781,2024-09-16 00:00:00,2024-09-16,00:00:00,0.3125,Monday,0,9,Autumn,0
10023456781,2024-09-16 01:00:00,2024-09-16,01:00:00,0.2639,Monday,1,9,Autumn,0
10023456781,2024-09-16 02:00:00,2024-09-16,02:00:00,0.2693,Monday,2,9,Autumn,0
10023456781,2024-09-16 03:00:00,2024-09-16,03:00:00,0.3079,Monday,3,9,Autumn,0
10023456781,2024-09-16 04:00:00,2024-09-16,04:00:00,0.2472,Monday,4,9,Autumn,0
10023456781,2024-09-16 05:00:00,2024-09-16,05:00:00,0.3069,Monday,5,9,Autumn,0
10023456781,2024-09-16 06:00:00,2024-09-16,06:00:00,0.7042,Monday,6,9,Autumn,0
10023456781,2024-09-16 07:00:00,2024-09-16,07:00:00,1.0352,Monday,7,9,Autumn,0
10023456781,2024-09-16 08:00:00,2024-09-16,08:00:00,0.9929,Monday,8,9,Autumn,0
10023456781,2024-09-16 09:00:00,2024-09-16,09:00:00,0.9904,Monday,9,9,Autumn,0
10023456781,2024-09-16 10:00:00,2024-09-16,10:00:00,0.8111,Monday,10,9,Autumn,0
10023456781,2024-09-16 11:00:00,2024-09-16,11:00:00,0.6577,Monday,11,9,Autumn,0
10023456781,2024-09-16 12:00:00,2024-09-16,12:00:00,0.7060,Monday,12,9,Autumn,0
10023456781,2024-09-16 13:00:00,2024-09-16,13:00:00,0.8110,Monday,13,9,Autumn,0
10023456781,2024-09-16 14:00:00,2024-09-16,14:00:00,0.6675,Monday,14,9,Autumn,0
10023456781,2024-09-16 15:00:00,2024-09-16,15:00:00,0.8090,Monday,15,9,Autumn,0
10023456781,2024-09-16 16:00:00,2024-09-16,16:00:00,0.9058,Monday,16,9,Autumn,0
10023456781,2024-09-16 17:00:00,2024-09-16,17:00:00,1.0764,Monday,17,9,Autumn,0
10023456781,2024-09-16 18:00:00,2024-09-16,18:00:00,1.5850,Monday,18,9,Autumn,0
10023456781,2024-09-16 19:00:00,2024-09-16,19:00:00,1.7683,Monday,19,9,Autumn,0
10023456781,2024-09-16 20:00:00,2024-09-16,20:00:00,1.6590,Monday,20,9,Autumn,0
10023456781,2024-09-16 21:00:00,2024-09-16,21:00:00,1.4822,Monday,21,9,Autumn,0
10023456781,2024-09-16 22:00:00,2024-09-16,22:00:00,1.2200,Monday,22,9,Autumn,0
10023456781,2024-09-16 23:00:00,2024-09-16,23:00:00,0.5138,Monday,23,9,Autumn,0
10023456781,2024-09-17 00:00:00,2024-09-17,00:00:00,0.3256,Tuesday,0,9,Autumn,0
10023456781,2024-09-17 01:00:00,2024-09-17,01:00:00,0.2241,Tuesday,1,9,Autumn,0
10023456781,2024-09-17 02:00:00,2024-09-17,02:00:00,0.2621,Tuesday,2,9,Autumn,0
10023456781,2024-09-17 03:00:00,2024-09-17,03:00:00,0.2196,Tuesday,3,9,Autumn,0
10023456781,2024-09-17 04:00:00,2024-09-17,04:00:00,0.2863,Tuesday,4,9,Autumn,0
10023456781,2024-09-17 05:00:00,2024-09-17,05:00:00,0.3285,Tuesday,5,9,Autumn,0
10023456781,2024-09-17 06:00:00,2024-09-17,06:00:00,0.6358,Tuesday,6,9,Autumn,0
10023456781,2024-09-17 07:00:00,2024-09-17,07:00:00,0.8833,Tuesday,7,9,Autumn,0
10023456781,2024-09-17 08:00:00,2024-09-17,08:00:00,1.1283,Tuesday,8,9,Autumn,0
10023456781,2024-09-17 09:00:00,2024-09-17,09:00:00,0.9939,Tuesday,9,9,Autumn,0
10023456781,2024-09-17 10:00:00,2024-09-17,10:00:00,0.8249,Tuesday,10,9,Autumn,0
10023456781,2024-09-17 11:00:00,2024-09-17,11:00:00,0.7414,Tuesday,11,9,Autumn,0
10023456781,2024-09-17 12:00:00,2024-09-17,12:00:00,0.6694,Tuesday,12,9,Autumn,0
10023456781,2024-09-17 13:00:00,2024-09-17,13:00:00,0.6519,Tuesday,13,9,Autumn,0
10023456781,2024-09-17 14:00:00,2024-09-17,14:00:00,4.8059,Tuesday,14,9,Autumn,1
10023456781,2024-09-17 15:00:00,2024-09-17,15:00:00,6.1842,Tuesday,15,9,Autumn,1
10023456781,2024-09-17 16:00:00,2024-09-17,16:00:00,0.7804,Tuesday,16,9,Autumn,0
10023456781,2024-09-17 17:00:00,2024-09-17,17:00:00,1.2068,Tuesday,17,9,Autumn,0
10023456781,2024-09-17 18:00:00,2024-09-17,18:00:00,1.4481,Tuesday,18,9,Autumn,0
10023456781,2024-09-17 19:00:00,2024-09-17,19:00:00,1.7390,Tuesday,19,9,Autumn,0
10023456781,2024-09-17 20:00:00,2024-09-17,20:00:00,1.4179,Tuesday,20,9,Autumn,0
10023456781,2024-09-17 21:00:00,2024-09-17,21:00:00,1.1403,Tuesday,21,9,Autumn,0
10023456781,2024-09-17 22:00:00,2024-09-17,22:00:00,0.9224,Tuesday,22,9,Autumn,0
10023456781,2024-09-17 23:00:00,2024-09-17,23:00:00,0.5603,Tuesday,23,9,Autumn,0
10023456781,2024-09-18 00:00:00,2024-09-18,00:00:00,0.3860,Wednesday,0,9,Autumn,0
10023456781,2024-09-18 01:00:00,2024-09-18,01:00:00,0.2461,Wednesday,1,9,Autumn,0
10023456781,2024-09-18 02:00:00,2024-09-18,02:00:00,0.2580,Wednesday,2,9,Autumn,0
10023456781,2024-09-18 03:00:00,2024-09-18,03:00:00,0.2727,Wednesday,3,9,Autumn,0
10023456781,2024-09-18 04:00:00,2024-09-18,04:00:00,1.6851,Wednesday,4,9,Autumn,1
10023456781,2024-09-18 05:00:00,2024-09-18,05:00:00,1.8619,Wednesday,5,9,Autumn,1
10023456781,2024-09-18 06:00:00,2024-09-18,06:00:00,0.6428,Wednesday,6,9,Autumn,0
10023456781,2024-09-18 07:00:00,2024-09-18,07:00:00,1.0073,Wednesday,7,9,Autumn,0
10023456781,2024-09-18 08:00:00,2024-09-18,08:00:00,0.9606,Wednesday,8,9,Autumn,0
10023456781,2024-09-18 09:00:00,2024-09-18,09:00:00,0.8057,Wednesday,9,9,Autumn,0
10023456781,2024-09-18 10:00:00,2024-09-18,10:00:00,0.6613,Wednesday,10,9,Autumn,0
10023456781,2024-09-18 11:00:00,2024-09-18,11:00:00,0.6185,Wednesday,11,9,Autumn,0
10023456781,2024-09-18 12:00:00,2024-09-18,12:00:00,0.7068,Wednesday,12,9,Autumn,0
10023456781,2024-09-18 13:00:00,2024-09-18,13:00:00,0.7675,Wednesday,13,9,Autumn,0
10023456781,2024-09-18 14:00:00,2024-09-18,14:00:00,0.7222,Wednesday,14,9,Autumn,0
10023456781,2024-09-18 15:00:00,2024-09-18,15:00:00,0.6570,Wednesday,15,9,Autumn,0
10023456781,2024-09-18 16:00:00,2024-09-18,16:00:00,1.0036,Wednesday,16,9,Autumn,0
10023456781,2024-09-18 17:00:00,2024-09-18,17:00:00,0.9911,Wednesday,17,9,Autumn,0
10023456781,2024-09-18 18:00:00,2024-09-18,18:00:00,1.3442,Wednesday,18,9,Autumn,0
10023456781,2024-09-18 19:00:00,2024-09-18,19:00:00,1.9358,Wednesday,19,9,Autumn,0
10023456781,2024-09-18 20:00:00,2024-09-18,20:00:00,1.3750,Wednesday,20,9,Autumn,0
10023456781,2024-09-18 21:00:00,2024-09-18,21:00:00,1.4604,Wednesday,21,9,Autumn,0
10023456781,2024-09-18 22:00:00,2024-09-18,22:00:00,1.0832,Wednesday,22,9,Autumn,0
10023456781,2024-09-18 23:00:00,2024-09-18,23:00:00,0.5706,Wednesday,23,9,Autumn,0
10023456781,2024-09-19 00:00:00,2024-09-19,00:00:00,0.4023,Thursday,0,9,Autumn,0
10023456781,2024-09-19 01:00:00,2024-09-19,01:00:00,0.2953,Thursday,1,9,Autumn,0
10023456781,2024-09-19 02:00:00,2024-09-19,02:00:00,0.2340,Thursday,2,9,Autumn,0
10023456781,2024-09-19 03:00:00,2024-09-19,03:00:00,0.2576,Thursday,3,9,Autumn,0
10023456781,2024-09-19 04:00:00,2024-09-19,04:00:00,0.2679,Thursday,4,9,Autumn,0
10023456781,2024-09-19 05:00:00,2024-09-19,05:00:00,0.4215,Thursday,5,9,Autumn,0
10023456781,2024-09-19 06:00:00,2024-09-19,06:00:00,0.6801,Thursday,6,9,Autumn,0
10023456781,2024-09-19 07:00:00,2024-09-19,07:00:00,0.1341,Thursday,7,9,Autumn,1
10023456781,2024-09-19 08:00:00,2024-09-19,08:00:00,1.2880,Thursday,8,9,Autumn,0
10023456781,2024-09-19 09:00:00,2024-09-19,09:00:00,0.8428,Thursday,9,9,Autumn,0
10023456781,2024-09-19 10:00:00,2024-09-19,10:00:00,0.6502,Thursday,10,9,Autumn,0
10023456781,2024-09-19 11:00:00,2024-09-19,11:00:00,0.7263,Thursday,11,9,Autumn,0
10023456781,2024-09-19 12:00:00,2024-09-19,12:00:00,0.7000,Thursday,12,9,Autumn,0
10023456781,2024-09-19 13:00:00,2024-09-19,13:00:00,0.9567,Thursday,13,9,Autumn,0
10023456781,2024-09-19 14:00:00,2024-09-19,14:00:00,0.8169,Thursday,14,9,Autumn,0
10023456781,2024-09-19 15:00:00,2024-09-19,15:00:00,4.0806,Thursday,15,9,Autumn,1
10023456781,2024-09-19 16:00:00,2024-09-19,16:00:00,0.7039,Thursday,16,9,Autumn,0
10023456781,2024-09-19 17:00:00,2024-09-19,17:00:00,1.1473,Thursday,17,9,Autumn,0
10023456781,2024-09-19 18:00:00,2024-09-19,18:00:00,1.1984,Thursday,18,9,Autumn,0
10023456781,2024-09-19 19:00:00,2024-09-19,19:00:00,1.6172,Thursday,19,9,Autumn,0
10023456781,2024-09-19 20:00:00,2024-09-19,20:00:00,1.3630,Thursday,20,9,Autumn,0
10023456781,2024-09-19 21:00:00,2024-09-19,21:00:00,1.3247,Thursday,21,9,Autumn,0
10023456781,2024-09-19 22:00:00,2024-09-19,22:00:00,0.9869,Thursday,22,9,Autumn,0
10023456781,2024-09-19 23:00:00,2024-09-19,23:00:00,0.6579,Thursday,23,9,Autumn,0
10023456781,2024-09-20 00:00:00,2024-09-20,00:00:00,0.3924,Friday,0,9,Autumn,0
10023456781,2024-09-20 01:00:00,2024-09-20,01:00:00,0.3046,Friday,1,9,Autumn,0
10023456781,2024-09-20 02:00:00,2024-09-20,02:00:00,0.3265,Friday,2,9,Autumn,0
10023456781,2024-09-20 03:00:00,2024-09-20,03:00:00,0.3050,Friday,3,9,Autumn,0
10023456781,2024-09-20 04:00:00,2024-09-20,04:00:00,0.3200,Friday,4,9,Autumn,0
10023456781,2024-09-20 05:00:00,2024-09-20,05:00:00,0.5539,Friday,5,9,Autumn,0
10023456781,2024-09-20 06:00:00,2024-09-20,06:00:00,0.9441,Friday,6,9,Autumn,0
10023456781,2024-09-20 07:00:00,2024-09-20,07:00:00,1.1241,Friday,7,9,Autumn,0
10023456781,2024-09-20 08:00:00,2024-09-20,08:00:00,1.0359,Friday,8,9,Autumn,0
10023456781,2024-09-20 09:00:00,2024-09-20,09:00:00,1.0423,Friday,9,9,Autumn,0
10023456781,2024-09-20 10:00:00,2024-09-20,10:00:00,0.8992,Friday,10,9,Autumn,0
10023456781,2024-09-20 11:00:00,2024-09-20,11:00:00,0.9113,Friday,11,9,Autumn,0
10023456781,2024-09-20 12:00:00,2024-09-20,12:00:00,0.7557,Friday,12,9,Autumn,0
10023456781,2024-09-20 13:00:00,2024-09-20,13:00:00,0.7716,Friday,13,9,Autumn,0
10023456781,2024-09-20 14:00:00,2024-09-20,14:00:00,0.7324,Friday,14,9,Autumn,0
10023456781,2024-09-20 15:00:00,2024-09-20,15:00:00,0.8445,Friday,15,9,Autumn,0
10023456781,2024-09-20 16:00:00,2024-09-20,16:00:00,0.9553,Friday,16,9,Autumn,0
10023456781,2024-09-20 17:00:00,2024-09-20,17:00:00,1.3823,Friday,17,9,Autumn,0
10023456781,2024-09-20 18:00:00,2024-09-20,18:00:00,1.7613,Friday,18,9,Autumn,0
10023456781,2024-09-20 19:00:00,2024-09-20,19:00:00,1.8897,Friday,19,9,Autumn,0
10023456781,2024-09-20 20:00:00,2024-09-20,20:00:00,1.6220,Friday,20,9,Autumn,0
10023456781,2024-09-20 21:00:00,2024-09-20,21:00:00,5.1112,Friday,21,9,Autumn,1
10023456781,2024-09-20 22:00:00,2024-09-20,22:00:00,1.2677,Friday,22,9,Autumn,0
10023456781,2024-09-20 23:00:00,2024-09-20,23:00:00,0.5872,Friday,23,9,Autumn,0
10023456781,2024-09-21 00:00:00,2024-09-21,00:00:00,0.3863,Saturday,0,9,Autumn,0
10023456781,2024-09-21 01:00:00,2024-09-21,01:00:00,0.3765,Saturday,1,9,Autumn,0
10023456781,2024-09-21 02:00:00,2024-09-21,02:00:00,0.3272,Saturday,2,9,Autumn,0
10023456781,2024-09-21 03:00:00,2024-09-21,03:00:00,0.3270,Saturday,3,9,Autumn,0
10023456781,2024-09-21 04:00:00,2024-09-21,04:00:00,0.3171,Saturday,4,9,Autumn,0
10023456781,2024-09-21 05:00:00,2024-09-21,05:00:00,0.3655,Saturday,5,9,Autumn,0
10023456781,2024-09-21 06:00:00,2024-09-21,06:00:00,0.5059,Saturday,6,9,Autumn,0
10023456781,2024-09-21 07:00:00,2024-09-21,07:00:00,0.9866,Saturday,7,9,Autumn,0
10023456781,2024-09-21 08:00:00,2024-09-21,08:00:00,1.2516,Saturday,8,9,Autumn,0
10023456781,2024-09-21 09:00:00,2024-09-21,09:00:00,1.4641,Saturday,9,9,Autumn,0
10023456781,2024-09-21 10:00:00,2024-09-21,10:00:00,1.0912,Saturday,10,9,Autumn,0
10023456781,2024-09-21 11:00:00,2024-09-21,11:00:00,1.1455,Saturday,11,9,Autumn,0
10023456781,2024-09-21 12:00:00,2024-09-21,12:00:00,0.8650,Saturday,12,9,Autumn,0
10023456781,2024-09-21 13:00:00,2024-09-21,13:00:00,0.9648,Saturday,13,9,Autumn,0
10023456781,2024-09-21 14:00:00,2024-09-21,14:00:00,0.9497,Saturday,14,9,Autumn,0
10023456781,2024-09-21 15:00:00,2024-09-21,15:00:00,1.0311,Saturday,15,9,Autumn,0
10023456781,2024-09-21 16:00:00,2024-09-21,16:00:00,1.1334,Saturday,16,9,Autumn,0
10023456781,2024-09-21 17:00:00,2024-09-21,17:00:00,1.1790,Saturday,17,9,Autumn,0
10023456781,2024-09-21 18:00:00,2024-09-21,18:00:00,1.6399,Saturday,18,9,Autumn,0
10023456781,2024-09-21 19:00:00,2024-09-21,19:00:00,1.6674,Saturday,19,9,Autumn,0
10023456781,2024-09-21 20:00:00,2024-09-21,20:00:00,1.8965,Saturday,20,9,Autumn,0
10023456781,2024-09-21 21:00:00,2024-09-21,21:00:00,1.6206,Saturday,21,9,Autumn,0
10023456781,2024-09-21 22:00:00,2024-09-21,22:00:00,1.3608,Saturday,22,9,Autumn,0
10023456781,2024-09-21 23:00:00,2024-09-21,23:00:00,0.6913,Saturday,23,9,Autumn,0
10023456781,2024-09-22 00:00:00,2024-09-22,00:00:00,0.4883,Sunday,0,9,Autumn,0
10023456781,2024-09-22 01:00:00,2024-09-22,01:00:00,0.3275,Sunday,1,9,Autumn,0
10023456781,2024-09-22 02:00:00,2024-09-22,02:00:00,0.3865,Sunday,2,9,Autumn,0
10023456781,2024-09-22 03:00:00,2024-09-22,03:00:00,0.3193,Sunday,3,9,Autumn,0
10023456781,2024-09-22 04:00:00,2024-09-22,04:00:00,0.3050,Sunday,4,9,Autumn,0
10023456781,2024-09-22 05:00:00,2024-09-22,05:00:00,0.4159,Sunday,5,9,Autumn,0
10023456781,2024-09-22 06:00:00,2024-09-22,06:00:00,0.6288,Sunday,6,9,Autumn,0
10023456781,2024-09-22 07:00:00,2024-09-22,07:00:00,0.9552,Sunday,7,9,Autumn,0
10023456781,2024-09-22 08:00:00,2024-09-22,08:00:00,1.3938,Sunday,8,9,Autumn,0
10023456781,2024-09-22 09:00:00,2024-09-22,09:00:00,1.5378,Sunday,9,9,Autumn,0
10023456781,2024-09-22 10:00:00,2024-09-22,10:00:00,1.1434,Sunday,10,9,Autumn,0
10023456781,2024-09-22 11:00:00,2024-09-22,11:00:00,1.0490,Sunday,11,9,Autumn,0
10023456781,2024-09-22 12:00:00,2024-09-22,12:00:00,1.1684,Sunday,12,9,Autumn,0
10023456781,2024-09-22 13:00:00,2024-09-22,13:00:00,1.0845,Sunday,13,9,Autumn,0
10023456781,2024-09-22 14:00:00,2024-09-22,14:00:00,1.2311,Sunday,14,9,Autumn,0
10023456781,2024-09-22 15:00:00,2024-09-22,15:00:00,1.0002,Sunday,15,9,Autumn,0
10023456781,2024-09-22 16:00:00,2024-09-22,16:00:00,1.3006,Sunday,16,9,Autumn,0
10023456781,2024-09-22 17:00:00,2024-09-22,17:00:00,1.6378,Sunday,17,9,Autumn,0
10023456781,2024-09-22 18:00:00,2024-09-22,18:00:00,1.6901,Sunday,18,9,Autumn,0
10023456781,2024-09-22 19:00:00,2024-09-22,19:00:00,1.7616,Sunday,19,9,Autumn,0
10023456781,2024-09-22 20:00:00,2024-09-22,20:00:00,1.8312,Sunday,20,9,Autumn,0
10023456781,2024-09-22 21:00:00,2024-09-22,21:00:00,0.1938,Sunday,21,9,Autumn,1
10023456781,2024-09-22 22:00:00,2024-09-22,22:00:00,1.2644,Sunday,22,9,Autumn,0
10023456781,2024-09-22 23:00:00,2024-09-22,23:00:00,0.8152,Sunday,23,9,Autumn,0
10023456781,2024-09-23 00:00:00,2024-09-23,00:00:00,0.3942,Monday,0,9,Autumn,0
10023456781,2024-09-23 01:00:00,2024-09-23,01:00:00,0.2720,Monday,1,9,Autumn,0
10023456781,2024-09-23 02:00:00,2024-09-23,02:00:00,0.2576,Monday,2,9,Autumn,0
10023456781,2024-09-23 03:00:00,2024-09-23,03:00:00,0.2531,Monday,3,9,Autumn,0
10023456781,2024-09-23 04:00:00,2024-09-23,04:00:00,0.3346,Monday,4,9,Autumn,0
10023456781,2024-09-23 05:00:00,2024-09-23,05:00:00,0.4782,Monday,5,9,Autumn,0
10023456781,2024-09-23 06:00:00,2024-09-23,06:00:00,0.7070,Monday,6,9,Autumn,0
10023456781,2024-09-23 07:00:00,2024-09-23,07:00:00,1.2099,Monday,7,9,Autumn,0
10023456781,2024-09-23 08:00:00,2024-09-23,08:00:00,1.3601,Monday,8,9,Autumn,0
10023456781,2024-09-23 09:00:00,2024-09-23,09:00:00,1.0362,Monday,9,9,Autumn,0
10023456781,2024-09-23 10:00:00,2024-09-23,10:00:00,0.8163,Monday,10,9,Autumn,0
10023456781,2024-09-23 11:00:00,2024-09-23,11:00:00,0.8218,Monday,11,9,Autumn,0
10023456781,2024-09-23 12:00:00,2024-09-23,12:00:00,0.7664,Monday,12,9,Autumn,0
10023456781,2024-09-23 13:00:00,2024-09-23,13:00:00,0.7051,Monday,13,9,Autumn,0
10023456781,2024-09-23 14:00:00,2024-09-23,14:00:00,0.7823,Monday,14,9,Autumn,0
10023456781,2024-09-23 15:00:00,2024-09-23,15:00:00,0.6954,Monday,15,9,Autumn,0
10023456781,2024-09-23 16:00:00,2024-09-23,16:00:00,0.8675,Monday,16,9,Autumn,0
10023456781,2024-09-23 17:00:00,2024-09-23,17:00:00,1.1373,Monday,17,9,Autumn,0
10023456781,2024-09-23 18:00:00,2024-09-23,18:00:00,1.5438,Monday,18,9,Autumn,0
10023456781,2024-09-23 19:00:00,2024-09-23,19:00:00,1.4175,Monday,19,9,Autumn,0
10023456781,2024-09-23 20:00:00,2024-09-23,20:00:00,1.5143,Monday,20,9,Autumn,0
10023456781,2024-09-23 21:00:00,2024-09-23,21:00:00,1.6684,Monday,21,9,Autumn,0
10023456781,2024-09-23 22:00:00,2024-09-23,22:00:00,0.9159,Monday,22,9,Autumn,0
10023456781,2024-09-23 23:00:00,2024-09-23,23:00:00,0.5586,Monday,23,9,Autumn,0
10023456781,2024-09-24 00:00:00,2024-09-24,00:00:00,0.3006,Tuesday,0,9,Autumn,0
10023456781,2024-09-24 01:00:00,2024-09-24,01:00:00,0.2299,Tuesday,1,9,Autumn,0
10023456781,2024-09-24 02:00:00,2024-09-24,02:00:00,0.2357,Tuesday,2,9,Autumn,0
10023456781,2024-09-24 03:00:00,2024-09-24,03:00:00,0.2625,Tuesday,3,9,Autumn,0
10023456781,2024-09-24 04:00:00,2024-09-24,04:00:00,0.1886,Tuesday,4,9,Autumn,0
10023456781,2024-09-24 05:00:00,2024-09-24,05:00:00,0.4981,Tuesday,5,9,Autumn,0
10023456781,2024-09-24 06:00:00,2024-09-24,06:00:00,0.7790,Tuesday,6,9,Autumn,0
10023456781,2024-09-24 07:00:00,2024-09-24,07:00:00,0.9517,Tuesday,7,9,Autumn,0
10023456781,2024-09-24 08:00:00,2024-09-24,08:00:00,1.0289,Tuesday,8,9,Autumn,0
10023456781,2024-09-24 09:00:00,2024-09-24,09:00:00,1.1909,Tuesday,9,9,Autumn,0
10023456781,2024-09-24 10:00:00,2024-09-24,10:00:00,0.6790,Tuesday,10,9,Autumn,0
10023456781,2024-09-24 11:00:00,2024-09-24,11:00:00,0.4972,Tuesday,11,9,Autumn,0
10023456781,2024-09-24 12:00:00,2024-09-24,12:00:00,0.5037,Tuesday,12,9,Autumn,0
10023456781,2024-09-24 13:00:00,2024-09-24,13:00:00,0.6654,Tuesday,13,9,Autumn,0
10023456781,2024-09-24 14:00:00,2024-09-24,14:00:00,0.6683,Tuesday,14,9,Autumn,0
10023456781,2024-09-24 15:00:00,2024-09-24,15:00:00,0.8521,Tuesday,15,9,Autumn,0
10023456781,2024-09-24 16:00:00,2024-09-24,16:00:00,0.9427,Tuesday,16,9,Autumn,0
10023456781,2024-09-24 17:00:00,2024-09-24,17:00:00,1.1620,Tuesday,17,9,Autumn,0
10023456781,2024-09-24 18:00:00,2024-09-24,18:00:00,1.2369,Tuesday,18,9,Autumn,0
10023456781,2024-09-24 19:00:00,2024-09-24,19:00:00,1.5018,Tuesday,19,9,Autumn,0
10023456781,2024-09-24 20:00:00,2024-09-24,20:00:00,1.6087,Tuesday,20,9,Autumn,0
10023456781,2024-09-24 21:00:00,2024-09-24,21:00:00,1.3522,Tuesday,21,9,Autumn,0
10023456781,2024-09-24 22:00:00,2024-09-24,22:00:00,0.9841,Tuesday,22,9,Autumn,0
10023456781,2024-09-24 23:00:00,2024-09-24,23:00:00,0.5209,Tuesday,23,9,Autumn,0
10023456781,2024-09-25 00:00:00,2024-09-25,00:00:00,0.3692,Wednesday,0,9,Autumn,0
10023456781,2024-09-25 01:00:00,2024-09-25,01:00:00,0.3608,Wednesday,1,9,Autumn,0
10023456781,2024-09-25 02:00:00,2024-09-25,02:00:00,0.2878,Wednesday,2,9,Autumn,0
10023456781,2024-09-25 03:00:00,2024-09-25,03:00:00,0.3484,Wednesday,3,9,Autumn,0
10023456781,2024-09-25 04:00:00,2024-09-25,04:00:00,0.3334,Wednesday,4,9,Autumn,0
10023456781,2024-09-25 05:00:00,2024-09-25,05:00:00,0.4980,Wednesday,5,9,Autumn,0
10023456781,2024-09-25 06:00:00,2024-09-25,06:00:00,0.7276,Wednesday,6,9,Autumn,0
10023456781,2024-09-25 07:00:00,2024-09-25,07:00:00,1.1709,Wednesday,7,9,Autumn,0
10023456781,2024-09-25 08:00:00,2024-09-25,08:00:00,1.4349,Wednesday,8,9,Autumn,0
10023456781,2024-09-25 09:00:00,2024-09-25,09:00:00,1.1835,Wednesday,9,9,Autumn,0
10023456781,2024-09-25 10:00:00,2024-09-25,10:00:00,0.9205,Wednesday,10,9,Autumn,0
10023456781,2024-09-25 11:00:00,2024-09-25,11:00:00,0.8230,Wednesday,11,9,Autumn,0
10023456781,2024-09-25 12:00:00,2024-09-25,12:00:00,0.8436,Wednesday,12,9,Autumn,0
10023456781,2024-09-25 13:00:00,2024-09-25,13:00:00,0.6615,Wednesday,13,9,Autumn,0
10023456781,2024-09-25 14:00:00,2024-09-25,14:00:00,0.8397,Wednesday,14,9,Autumn,0
10023456781,2024-09-25 15:00:00,2024-09-25,15:00:00,0.7177,Wednesday,15,9,Autumn,0
10023456781,2024-09-25 16:00:00,2024-09-25,16:00:00,1.0242,Wednesday,16,9,Autumn,0
10023456781,2024-09-25 17:00:00,2024-09-25,17:00:00,1.3564,Wednesday,17,9,Autumn,0
10023456781,2024-09-25 18:00:00,2024-09-25,18:00:00,1.6288,Wednesday,18,9,Autumn,0
10023456781,2024-09-25 19:00:00,2024-09-25,19:00:00,1.8422,Wednesday,19,9,Autumn,0
10023456781,2024-09-25 20:00:00,2024-09-25,20:00:00,1.8867,Wednesday,20,9,Autumn,0
10023456781,2024-09-25 21:00:00,2024-09-25,21:00:00,1.4550,Wednesday,21,9,Autumn,0
10023456781,2024-09-25 22:00:00,2024-09-25,22:00:00,1.2032,Wednesday,22,9,Autumn,0
10023456781,2024-09-25 23:00:00,2024-09-25,23:00:00,0.6437,Wednesday,23,9,Autumn,0
10023456781,2024-09-26 00:00:00,2024-09-26,00:00:00,0.3381,Thursday,0,9,Autumn,0
10023456781,2024-09-26 01:00:00,2024-09-26,01:00:00,0.3337,Thursday,1,9,Autumn,0
10023456781,2024-09-26 02:00:00,2024-09-26,02:00:00,0.1896,Thursday,2,9,Autumn,0
10023456781,2024-09-26 03:00:00,2024-09-26,03:00:00,0.2663,Thursday,3,9,Autumn,0
10023456781,2024-09-26 04:00:00,2024-09-26,04:00:00,0.2808,Thursday,4,9,Autumn,0
10023456781,2024-09-26 05:00:00,2024-09-26,05:00:00,0.4375,Thursday,5,9,Autumn,0
10023456781,2024-09-26 06:00:00,2024-09-26,06:00:00,0.8133,Thursday,6,9,Autumn,0
10023456781,2024-09-26 07:00:00,2024-09-26,07:00:00,1.3411,Thursday,7,9,Autumn,0
10023456781,2024-09-26 08:00:00,2024-09-26,08:00:00,1.1223,Thursday,8,9,Autumn,0
10023456781,2024-09-26 09:00:00,2024-09-26,09:00:00,1.0208,Thursday,9,9,Autumn,0
10023456781,2024-09-26 10:00:00,2024-09-26,10:00:00,0.7954,Thursday,10,9,Autumn,0
10023456781,2024-09-26 11:00:00,2024-09-26,11:00:00,0.6972,Thursday,11,9,Autumn,0
10023456781,2024-09-26 12:00:00,2024-09-26,12:00:00,0.8217,Thursday,12,9,Autumn,0
10023456781,2024-09-26 13:00:00,2024-09-26,13:00:00,0.6451,Thursday,13,9,Autumn,0
10023456781,2024-09-26 14:00:00,2024-09-26,14:00:00,0.7318,Thursday,14,9,Autumn,0
10023456781,2024-09-26 15:00:00,2024-09-26,15:00:00,0.8735,Thursday,15,9,Autumn,0
10023456781,2024-09-26 16:00:00,2024-09-26,16:00:00,0.8479,Thursday,16,9,Autumn,0
10023456781,2024-09-26 17:00:00,2024-09-26,17:00:00,1.2255,Thursday,17,9,Autumn,0
10023456781,2024-09-26 18:00:00,2024-09-26,18:00:00,1.3597,Thursday,18,9,Autumn,0
10023456781,2024-09-26 19:00:00,2024-09-26,19:00:00,1.6472,Thursday,19,9,Autumn,0
10023456781,2024-09-26 20:00:00,2024-09-26,20:00:00,1.6375,Thursday,20,9,Autumn,0
10023456781,2024-09-26 21:00:00,2024-09-26,21:00:00,1.4628,Thursday,21,9,Autumn,0
10023456781,2024-09-26 22:00:00,2024-09-26,22:00:00,0.9054,Thursday,22,9,Autumn,0
10023456781,2024-09-26 23:00:00,2024-09-26,23:00:00,0.5616,Thursday,23,9,Autumn,0
10023456781,2024-09-27 00:00:00,2024-09-27,00:00:00,0.3545,Friday,0,9,Autumn,0
10023456781,2024-09-27 01:00:00,2024-09-27,01:00:00,0.3442,Friday,1,9,Autumn,0
10023456781,2024-09-27 02:00:00,2024-09-27,02:00:00,0.2504,Friday,2,9,Autumn,0
10023456781,2024-09-27 03:00:00,2024-09-27,03:00:00,0.3044,Friday,3,9,Autumn,0
10023456781,2024-09-27 04:00:00,2024-09-27,04:00:00,0.3126,Friday,4,9,Autumn,0
10023456781,2024-09-27 05:00:00,2024-09-27,05:00:00,0.4798,Friday,5,9,Autumn,0
10023456781,2024-09-27 06:00:00,2024-09-27,06:00:00,0.7895,Friday,6,9,Autumn,0
10023456781,2024-09-27 07:00:00,2024-09-27,07:00:00,1.1395,Friday,7,9,Autumn,0
10023456781,2024-09-27 08:00:00,2024-09-27,08:00:00,1.3313,Friday,8,9,Autumn,0
10023456781,2024-09-27 09:00:00,2024-09-27,09:00:00,1.2495,Friday,9,9,Autumn,0
10023456781,2024-09-27 10:00:00,2024-09-27,10:00:00,0.8747,Friday,10,9,Autumn,0
10023456781,2024-09-27 11:00:00,2024-09-27,11:00:00,0.7909,Friday,11,9,Autumn,0
10023456781,2024-09-27 12:00:00,2024-09-27,12:00:00,0.7978,Friday,12,9,Autumn,0
10023456781,2024-09-27 13:00:00,2024-09-27,13:00:00,0.8863,Friday,13,9,Autumn,0
10023456781,2024-09-27 14:00:00,2024-09-27,14:00:00,0.8281,Friday,14,9,Autumn,0
10023456781,2024-09-27 15:00:00,2024-09-27,15:00:00,0.8343,Friday,15,9,Autumn,0
10023456781,2024-09-27 16:00:00,2024-09-27,16:00:00,1.1530,Friday,16,9,Autumn,0
10023456781,2024-09-27 17:00:00,2024-09-27,17:00:00,1.5306,Friday,17,9,Autumn,0
10023456781,2024-09-27 18:00:00,2024-09-27,18:00:00,1.4632,Friday,18,9,Autumn,0
10023456781,2024-09-27 19:00:00,2024-09-27,19:00:00,2.1252,Friday,19,9,Autumn,0
10023456781,2024-09-27 20:00:00,2024-09-27,20:00:00,1.8440,Friday,20,9,Autumn,0
10023456781,2024-09-27 21:00:00,2024-09-27,21:00:00,1.4115,Friday,21,9,Autumn,0
10023456781,2024-09-27 22:00:00,2024-09-27,22:00:00,1.2145,Friday,22,9,Autumn,0
10023456781,2024-09-27 23:00:00,2024-09-27,23:00:00,0.6585,Friday,23,9,Autumn,0
10023456781,2024-09-28 00:00:00,2024-09-28,00:00:00,0.4897,Saturday,0,9,Autumn,0
10023456781,2024-09-28 01:00:00,2024-09-28,01:00:00,0.4234,Saturday,1,9,Autumn,0
10023456781,2024-09-28 02:00:00,2024-09-28,02:00:00,0.4184,Saturday,2,9,Autumn,0
10023456781,2024-09-28 03:00:00,2024-09-28,03:00:00,0.3557,Saturday,3,9,Autumn,0
10023456781,2024-09-28 04:00:00,2024-09-28,04:00:00,0.3382,Saturday,4,9,Autumn,0
10023456781,2024-09-28 05:00:00,2024-09-28,05:00:00,0.4534,Saturday,5,9,Autumn,0
10023456781,2024-09-28 06:00:00,2024-09-28,06:00:00,0.6512,Saturday,6,9,Autumn,0
10023456781,2024-09-28 07:00:00,2024-09-28,07:00:00,1.0376,Saturday,7,9,Autumn,0
10023456781,2024-09-28 08:00:00,2024-09-28,08:00:00,1.4465,Saturday,8,9,Autumn,0
10023456781,2024-09-28 09:00:00,2024-09-28,09:00:00,1.3662,Saturday,9,9,Autumn,0
10023456781,2024-09-28 10:00:00,2024-09-28,10:00:00,1.4724,Saturday,10,9,Autumn,0
10023456781,2024-09-28 11:00:00,2024-09-28,11:00:00,1.3940,Saturday,11,9,Autumn,0
10023456781,2024-09-28 12:00:00,2024-09-28,12:00:00,2.7272,Saturday,12,9,Autumn,1
10023456781,2024-09-28 13:00:00,2024-09-28,13:00:00,3.2935,Saturday,13,9,Autumn,1
10023456781,2024-09-28 14:00:00,2024-09-28,14:00:00,2.5493,Saturday,14,9,Autumn,1
10023456781,2024-09-28 15:00:00,2024-09-28,15:00:00,3.2382,Saturday,15,9,Autumn,1
10023456781,2024-09-28 16:00:00,2024-09-28,16:00:00,3.9342,Saturday,16,9,Autumn,1
10023456781,2024-09-28 17:00:00,2024-09-28,17:00:00,1.6065,Saturday,17,9,Autumn,0
10023456781,2024-09-28 18:00:00,2024-09-28,18:00:00,1.9363,Saturday,18,9,Autumn,0
10023456781,2024-09-28 19:00:00,2024-09-28,19:00:00,2.3973,Saturday,19,9,Autumn,0
10023456781,2024-09-28 20:00:00,2024-09-28,20:00:00,2.1597,Saturday,20,9,Autumn,0
10023456781,2024-09-28 21:00:00,2024-09-28,21:00:00,1.7236,Saturday,21,9,Autumn,0
10023456781,2024-09-28 22:00:00,2024-09-28,22:00:00,1.2715,Saturday,22,9,Autumn,0
10023456781,2024-09-28 23:00:00,2024-09-28,23:00:00,0.8802,Saturday,23,9,Autumn,0
10023456781,2024-09-29 00:00:00,2024-09-29,00:00:00,0.4482,Sunday,0,9,Autumn,0
10023456781,2024-09-29 01:00:00,2024-09-29,01:00:00,0.4149,Sunday,1,9,Autumn,0
10023456781,2024-09-29 02:00:00,2024-09-29,02:00:00,0.3332,Sunday,2,9,Autumn,0
10023456781,2024-09-29 03:00:00,2024-09-29,03:00:00,0.3581,Sunday,3,9,Autumn,0
10023456781,2024-09-29 04:00:00,2024-09-29,04:00:00,0.4400,Sunday,4,9,Autumn,0
10023456781,2024-09-29 05:00:00,2024-09-29,05:00:00,0.5012,Sunday,5,9,Autumn,0
10023456781,2024-09-29 06:00:00,2024-09-29,06:00:00,0.8313,Sunday,6,9,Autumn,0
10023456781,2024-09-29 07:00:00,2024-09-29,07:00:00,1.0102,Sunday,7,9,Autumn,0
10023456781,2024-09-29 08:00:00,2024-09-29,08:00:00,1.2790,Sunday,8,9,Autumn,0
10023456781,2024-09-29 09:00:00,2024-09-29,09:00:00,1.6273,Sunday,9,9,Autumn,0
10023456781,2024-09-29 10:00:00,2024-09-29,10:00:00,4.1666,Sunday,10,9,Autumn,1
10023456781,2024-09-29 11:00:00,2024-09-29,11:00:00,4.8982,Sunday,11,9,Autumn,1
10023456781,2024-09-29 12:00:00,2024-09-29,12:00:00,1.2898,Sunday,12,9,Autumn,0
10023456781,2024-09-29 13:00:00,2024-09-29,13:00:00,1.0994,Sunday,13,9,Autumn,0
10023456781,2024-09-29 14:00:00,2024-09-29,14:00:00,1.3867,Sunday,14,9,Autumn,0
10023456781,2024-09-29 15:00:00,2024-09-29,15:00:00,1.2113,Sunday,15,9,Autumn,0
10023456781,2024-09-29 16:00:00,2024-09-29,16:00:00,0.1648,Sunday,16,9,Autumn,1
10023456781,2024-09-29 17:00:00,2024-09-29,17:00:00,1.6548,Sunday,17,9,Autumn,0
10023456781,2024-09-29 18:00:00,2024-09-29,18:00:00,2.0266,Sunday,18,9,Autumn,0
10023456781,2024-09-29 19:00:00,2024-09-29,19:00:00,2.6408,Sunday,19,9,Autumn,0
10023456781,2024-09-29 20:00:00,2024-09-29,20:00:00,2.1433,Sunday,20,9,Autumn,0
10023456781,2024-09-29 21:00:00,2024-09-29,21:00:00,1.6056,Sunday,21,9,Autumn,0
10023456781,2024-09-29 22:00:00,2024-09-29,22:00:00,1.5155,Sunday,22,9,Autumn,0
10023456781,2024-09-29 23:00:00,2024-09-29,23:00:00,1.1017,Sunday,23,9,Autumn,0
10023456781,2024-09-30 00:00:00,2024-09-30,00:00:00,0.5120,Monday,0,9,Autumn,0
10023456781,2024-09-30 01:00:00,2024-09-30,01:00:00,0.3102,Monday,1,9,Autumn,0
10023456781,2024-09-30 02:00:00,2024-09-30,02:00:00,0.3175,Monday,2,9,Autumn,0
10023456781,2024-09-30 03:00:00,2024-09-30,03:00:00,0.3376,Monday,3,9,Autumn,0
10023456781,2024-09-30 04:00:00,2024-09-30,04:00:00,0.3393,Monday,4,9,Autumn,0
10023456781,2024-09-30 05:00:00,2024-09-30,05:00:00,0.5669,Monday,5,9,Autumn,0
10023456781,2024-09-30 06:00:00,2024-09-30,06:00:00,0.8539,Monday,6,9,Autumn,0
10023456781,2024-09-30 07:00:00,2024-09-30,07:00:00,1.0831,Monday,7,9,Autumn,0
10023456781,2024-09-30 08:00:00,2024-09-30,08:00:00,1.4341,Monday,8,9,Autumn,0
10023456781,2024-09-30 09:00:00,2024-09-30,09:00:00,1.0249,Monday,9,9,Autumn,0
10023456781,2024-09-30 10:00:00,2024-09-30,10:00:00,0.8092,Monday,10,9,Autumn,0
10023456781,2024-09-30 11:00:00,2024-09-30,11:00:00,0.8388,Monday,11,9,Autumn,0
10023456781,2024-09-30 12:00:00,2024-09-30,12:00:00,0.8001,Monday,12,9,Autumn,0
10023456781,2024-09-30 13:00:00,2024-09-30,13:00:00,1.0963,Monday,13,9,Autumn,0
10023456781,2024-09-30 14:00:00,2024-09-30,14:00:00,0.7797,Monday,14,9,Autumn,0
10023456781,2024-09-30 15:00:00,2024-09-30,15:00:00,0.9458,Monday,15,9,Autumn,0
10023456781,2024-09-30 16:00:00,2024-09-30,16:00:00,0.8652,Monday,16,9,Autumn,0
10023456781,2024-09-30 17:00:00,2024-09-30,17:00:00,1.5686,Monday,17,9,Autumn,0
10023456781,2024-09-30 18:00:00,2024-09-30,18:00:00,1.5417,Monday,18,9,Autumn,0
10023456781,2024-09-30 19:00:00,2024-09-30,19:00:00,1.6548,Monday,19,9,Autumn,0
10023456781,2024-09-30 20:00:00,2024-09-30,20:00:00,1.8316,Monday,20,9,Autumn,0
10023456781,2024-09-30 21:00:00,2024-09-30,21:00:00,1.4726,Monday,21,9,Autumn,0
10023456781,2024-09-30 22:00:00,2024-09-30,22:00:00,1.1670,Monday,22,9,Autumn,0
10023456781,2024-09-30 23:00:00,2024-09-30,23:00:00,0.8285,Monday,23,9,Autumn,0
10023456781,2024-10-01 00:00:00,2024-10-01,00:00:00,0.3792,Tuesday,0,10,Autumn,0
10023456781,2024-10-01 01:00:00,2024-10-01,01:00:00,0.4261,Tuesday,1,10,Autumn,0
10023456781,2024-10-01 02:00:00,2024-10-01,02:00:00,0.2366,Tuesday,2,10,Autumn,0
10023456781,2024-10-01 03:00:00,2024-10-01,03:00:00,0.3440,Tuesday,3,10,Autumn,0
10023456781,2024-10-01 04:00:00,2024-10-01,04:00:00,0.3099,Tuesday,4,10,Autumn,0
10023456781,2024-10-01 05:00:00,2024-10-01,05:00:00,0.5357,Tuesday,5,10,Autumn,0
10023456781,2024-10-01 06:00:00,2024-10-01,06:00:00,0.8231,Tuesday,6,10,Autumn,0
10023456781,2024-10-01 07:00:00,2024-10-01,07:00:00,1.4212,Tuesday,7,10,Autumn,0
10023456781,2024-10-01 08:00:00,2024-10-01,08:00:00,1.4019,Tuesday,8,10,Autumn,0
10023456781,2024-10-01 09:00:00,2024-10-01,09:00:00,1.0982,Tuesday,9,10,Autumn,0
10023456781,2024-10-01 10:00:00,2024-10-01,10:00:00,0.8689,Tuesday,10,10,Autumn,0
10023456781,2024-10-01 11:00:00,2024-10-01,11:00:00,0.9374,Tuesday,11,10,Autumn,0
10023456781,2024-10-01 12:00:00,2024-10-01,12:00:00,0.8415,Tuesday,12,10,Autumn,0
10023456781,2024-10-01 13:00:00,2024-10-01,13:00:00,0.7456,Tuesday,13,10,Autumn,0
10023456781,2024-10-01 14:00:00,2024-10-01,14:00:00,0.8929,Tuesday,14,10,Autumn,0
10023456781,2024-10-01 15:00:00,2024-10-01,15:00:00,0.9671,Tuesday,15,10,Autumn,0
10023456781,2024-10-01 16:00:00,2024-10-01,16:00:00,1.0433,Tuesday,16,10,Autumn,0
10023456781,2024-10-01 17:00:00,2024-10-01,17:00:00,1.3438,Tuesday,17,10,Autumn,0
10023456781,2024-10-01 18:00:00,2024-10-01,18:00:00,1.5110,Tuesday,18,10,Autumn,0
10023456781,2024-10-01 19:00:00,2024-10-01,19:00:00,2.0980,Tuesday,19,10,Autumn,0
10023456781,2024-10-01 20:00:00,2024-10-01,20:00:00,1.7620,Tuesday,20,10,Autumn,0
10023456781,2024-10-01 21:00:00,2024-10-01,21:00:00,1.7974,Tuesday,21,10,Autumn,0
10023456781,2024-10-01 22:00:00,2024-10-01,22:00:00,1.3115,Tuesday,22,10,Autumn,0
10023456781,2024-10-01 23:00:00,2024-10-01,23:00:00,0.6453,Tuesday,23,10,Autumn,0
10023456781,2024-10-02 00:00:00,2024-10-02,00:00:00,0.3142,Wednesday,0,10,Autumn,0
10023456781,2024-10-02 01:00:00,2024-10-02,01:00:00,0.3179,Wednesday,1,10,Autumn,0
10023456781,2024-10-02 02:00:00,2024-10-02,02:00:00,0.3106,Wednesday,2,10,Autumn,0
10023456781,2024-10-02 03:00:00,2024-10-02,03:00:00,0.2368,Wednesday,3,10,Autumn,0
10023456781,2024-10-02 04:00:00,2024-10-02,04:00:00,0.3147,Wednesday,4,10,Autumn,0
10023456781,2024-10-02 05:00:00,2024-10-02,05:00:00,0.5881,Wednesday,5,10,Autumn,0
10023456781,2024-10-02 06:00:00,2024-10-02,06:00:00,0.8510,Wednesday,6,10,Autumn,0
10023456781,2024-10-02 07:00:00,2024-10-02,07:00:00,1.1062,Wednesday,7,10,Autumn,0
10023456781,2024-10-02 08:00:00,2024-10-02,08:00:00,1.1866,Wednesday,8,10,Autumn,0
10023456781,2024-10-02 09:00:00,2024-10-02,09:00:00,1.2239,Wednesday,9,10,Autumn,0
10023456781,2024-10-02 10:00:00,2024-10-02,10:00:00,0.8564,Wednesday,10,10,Autumn,0
10023456781,2024-10-02 11:00:00,2024-10-02,11:00:00,0.8015,Wednesday,11,10,Autumn,0
10023456781,2024-10-02 12:00:00,2024-10-02,12:00:00,0.7869,Wednesday,12,10,Autumn,0
10023456781,2024-10-02 13:00:00,2024-10-02,13:00:00,0.7720,Wednesday,13,10,Autumn,0
10023456781,2024-10-02 14:00:00,2024-10-02,14:00:00,0.8373,Wednesday,14,10,Autumn,0
10023456781,2024-10-02 15:00:00,2024-10-02,15:00:00,0.8864,Wednesday,15,10,Autumn,0
10023456781,2024-10-02 16:00:00,2024-10-02,16:00:00,0.9820,Wednesday,16,10,Autumn,0
10023456781,2024-10-02 17:00:00,2024-10-02,17:00:00,1.0410,Wednesday,17,10,Autumn,0
10023456781,2024-10-02 18:00:00,2024-10-02,18:00:00,1.4772,Wednesday,18,10,Autumn,0
10023456781,2024-10-02 19:00:00,2024-10-02,19:00:00,1.4410,Wednesday,19,10,Autumn,0
10023456781,2024-10-02 20:00:00,2024-10-02,20:00:00,1.6445,Wednesday,20,10,Autumn,0
10023456781,2024-10-02 21:00:00,2024-10-02,21:00:00,1.6010,Wednesday,21,10,Autumn,0
10023456781,2024-10-02 22:00:00,2024-10-02,22:00:00,1.0476,Wednesday,22,10,Autumn,0
10023456781,2024-10-02 23:00:00,2024-10-02,23:00:00,0.5790,Wednesday,23,10,Autumn,0
10023456781,2024-10-03 00:00:00,2024-10-03,00:00:00,0.2457,Thursday,0,10,Autumn,0
10023456781,2024-10-03 01:00:00,2024-10-03,01:00:00,0.2611,Thursday,1,10,Autumn,0
10023456781,2024-10-03 02:00:00,2024-10-03,02:00:00,0.2842,Thursday,2,10,Autumn,0
10023456781,2024-10-03 03:00:00,2024-10-03,03:00:00,0.3076,Thursday,3,10,Autumn,0
10023456781,2024-10-03 04:00:00,2024-10-03,04:00:00,0.2470,Thursday,4,10,Autumn,0
10023456781,2024-10-03 05:00:00,2024-10-03,05:00:00,0.4627,Thursday,5,10,Autumn,0
10023456781,2024-10-03 06:00:00,2024-10-03,06:00:00,0.8950,Thursday,6,10,Autumn,0
10023456781,2024-10-03 07:00:00,2024-10-03,07:00:00,1.1395,Thursday,7,10,Autumn,0
10023456781,2024-10-03 08:00:00,2024-10-03,08:00:00,1.1067,Thursday,8,10,Autumn,0
10023456781,2024-10-03 09:00:00,2024-10-03,09:00:00,0.9800,Thursday,9,10,Autumn,0
10023456781,2024-10-03 10:00:00,2024-10-03,10:00:00,0.7504,Thursday,10,10,Autumn,0
10023456781,2024-10-03 11:00:00,2024-10-03,11:00:00,0.6248,Thursday,11,10,Autumn,0
10023456781,2024-10-03 12:00:00,2024-10-03,12:00:00,0.6851,Thursday,12,10,Autumn,0
10023456781,2024-10-03 13:00:00,2024-10-03,13:00:00,0.7726,Thursday,13,10,Autumn,0
10023456781,2024-10-03 14:00:00,2024-10-03,14:00:00,0.6914,Thursday,14,10,Autumn,0
10023456781,2024-10-03 15:00:00,2024-10-03,15:00:00,0.5429,Thursday,15,10,Autumn,0
10023456781,2024-10-03 16:00:00,2024-10-03,16:00:00,0.9407,Thursday,16,10,Autumn,0
10023456781,2024-10-03 17:00:00,2024-10-03,17:00:00,1.0234,Thursday,17,10,Autumn,0
10023456781,2024-10-03 18:00:00,2024-10-03,18:00:00,1.4799,Thursday,18,10,Autumn,0
10023456781,2024-10-03 19:00:00,2024-10-03,19:00:00,1.5213,Thursday,19,10,Autumn,0
10023456781,2024-10-03 20:00:00,2024-10-03,20:00:00,1.4384,Thursday,20,10,Autumn,0
10023456781,2024-10-03 21:00:00,2024-10-03,21:00:00,1.2552,Thursday,21,10,Autumn,0
10023456781,2024-10-03 22:00:00,2024-10-03,22:00:00,0.7607,Thursday,22,10,Autumn,0
10023456781,2024-10-03 23:00:00,2024-10-03,23:00:00,0.7027,Thursday,23,10,Autumn,0
10023456781,2024-10-04 00:00:00,2024-10-04,00:00:00,0.2995,Friday,0,10,Autumn,0
10023456781,2024-10-04 01:00:00,2024-10-04,01:00:00,0.3129,Friday,1,10,Autumn,0
10023456781,2024-10-04 02:00:00,2024-10-04,02:00:00,0.2188,Friday,2,10,Autumn,0
10023456781,2024-10-04 03:00:00,2024-10-04,03:00:00,0.2756,Friday,3,10,Autumn,0
10023456781,2024-10-04 04:00:00,2024-10-04,04:00:00,0.2656,Friday,4,10,Autumn,0
10023456781,2024-10-04 05:00:00,2024-10-04,05:00:00,0.5256,Friday,5,10,Autumn,0
10023456781,2024-10-04 06:00:00,2024-10-04,06:00:00,0.8718,Friday,6,10,Autumn,0
10023456781,2024-10-04 07:00:00,2024-10-04,07:00:00,1.0601,Friday,7,10,Autumn,0
10023456781,2024-10-04 08:00:00,2024-10-04,08:00:00,1.2501,Friday,8,10,Autumn,0
10023456781,2024-10-04 09:00:00,2024-10-04,09:00:00,0.9949,Friday,9,10,Autumn,0
10023456781,2024-10-04 10:00:00,2024-10-04,10:00:00,0.7742,Friday,10,10,Autumn,0
10023456781,2024-10-04 11:00:00,2024-10-04,11:00:00,0.7854,Friday,11,10,Autumn,0
10023456781,2024-10-04 12:00:00,2024-10-04,12:00:00,0.7873,Friday,12,10,Autumn,0
10023456781,2024-10-04 13:00:00,2024-10-04,13:00:00,0.6592,Friday,13,10,Autumn,0
10023456781,2024-10-04 14:00:00,2024-10-04,14:00:00,0.6120,Friday,14,10,Autumn,0
10023456781,2024-10-04 15:00:00,2024-10-04,15:00:00,0.1399,Friday,15,10,Autumn,1
10023456781,2024-10-04 16:00:00,2024-10-04,16:00:00,1.1080,Friday,16,10,Autumn,0
10023456781,2024-10-04 17:00:00,2024-10-04,17:00:00,1.2719,Friday,17,10,Autumn,0
10023456781,2024-10-04 18:00:00,2024-10-04,18:00:00,1.5493,Friday,18,10,Autumn,0
10023456781,2024-10-04 19:00:00,2024-10-04,19:00:00,1.9604,Friday,19,10,Autumn,0
10023456781,2024-10-04 20:00:00,2024-10-04,20:00:00,1.5932,Friday,20,10,Autumn,0
10023456781,2024-10-04 21:00:00,2024-10-04,21:00:00,1.5924,Friday,21,10,Autumn,0
10023456781,2024-10-04 22:00:00,2024-10-04,22:00:00,1.1015,Friday,22,10,Autumn,0
10023456781,2024-10-04 23:00:00,2024-10-04,23:00:00,0.6179,Friday,23,10,Autumn,0
10023456781,2024-10-05 00:00:00,2024-10-05,00:00:00,0.4225,Saturday,0,10,Autumn,0
10023456781,2024-10-05 01:00:00,2024-10-05,01:00:00,0.4114,Saturday,1,10,Autumn,0
10023456781,2024-10-05 02:00:00,2024-10-05,02:00:00,0.3278,Saturday,2,10,Autumn,0
10023456781,2024-10-05 03:00:00,2024-10-05,03:00:00,0.2840,Saturday,3,10,Autumn,0
10023456781,2024-10-05 04:00:00,2024-10-05,04:00:00,0.3489,Saturday,4,10,Autumn,0
10023456781,2024-10-05 05:00:00,2024-10-05,05:00:00,0.4349,Saturday,5,10,Autumn,0
10023456781,2024-10-05 06:00:00,2024-10-05,06:00:00,0.5491,Saturday,6,10,Autumn,0
10023456781,2024-10-05 07:00:00,2024-10-05,07:00:00,1.0570,Saturday,7,10,Autumn,0
10023456781,2024-10-05 08:00:00,2024-10-05,08:00:00,0.0889,Saturday,8,10,Autumn,1
10023456781,2024-10-05 09:00:00,2024-10-05,09:00:00,1.3942,Saturday,9,10,Autumn,0
10023456781,2024-10-05 10:00:00,2024-10-05,10:00:00,1.4783,Saturday,10,10,Autumn,0
10023456781,2024-10-05 11:00:00,2024-10-05,11:00:00,1.1702,Saturday,11,10,Autumn,0
10023456781,2024-10-05 12:00:00,2024-10-05,12:00:00,1.1483,Saturday,12,10,Autumn,0
10023456781,2024-10-05 13:00:00,2024-10-05,13:00:00,0.8954,Saturday,13,10,Autumn,0
10023456781,2024-10-05 14:00:00,2024-10-05,14:00:00,1.0021,Saturday,14,10,Autumn,0
10023456781,2024-10-05 15:00:00,2024-10-05,15:00:00,1.1059,Saturday,15,10,Autumn,0
10023456781,2024-10-05 16:00:00,2024-10-05,16:00:00,1.1954,Saturday,16,10,Autumn,0
10023456781,2024-10-05 17:00:00,2024-10-05,17:00:00,1.5025,Saturday,17,10,Autumn,0
10023456781,2024-10-05 18:00:00,2024-10-05,18:00:00,1.5067,Saturday,18,10,Autumn,0
10023456781,2024-10-05 19:00:00,2024-10-05,19:00:00,1.6482,Saturday,19,10,Autumn,0
10023456781,2024-10-05 20:00:00,2024-10-05,20:00:00,1.9339,Saturday,20,10,Autumn,0
10023456781,2024-10-05 21:00:00,2024-10-05,21:00:00,1.4041,Saturday,21,10,Autumn,0
10023456781,2024-10-05 22:00:00,2024-10-05,22:00:00,1.3202,Saturday,22,10,Autumn,0
10023456781,2024-10-05 23:00:00,2024-10-05,23:00:00,0.9321,Saturday,23,10,Autumn,0
10023456781,2024-10-06 00:00:00,2024-10-06,00:00:00,0.4176,Sunday,0,10,Autumn,0
10023456781,2024-10-06 01:00:00,2024-10-06,01:00:00,0.2748,Sunday,1,10,Autumn,0
10023456781,2024-10-06 02:00:00,2024-10-06,02:00:00,0.3127,Sunday,2,10,Autumn,0
10023456781,2024-10-06 03:00:00,2024-10-06,03:00:00,0.2955,Sunday,3,10,Autumn,0
10023456781,2024-10-06 04:00:00,2024-10-06,04:00:00,0.2971,Sunday,4,10,Autumn,0
10023456781,2024-10-06 05:00:00,2024-10-06,05:00:00,0.4045,Sunday,5,10,Autumn,0
10023456781,2024-10-06 06:00:00,2024-10-06,06:00:00,0.5540,Sunday,6,10,Autumn,0
10023456781,2024-10-06 07:00:00,2024-10-06,07:00:00,0.7932,Sunday,7,10,Autumn,0
10023456781,2024-10-06 08:00:00,2024-10-06,08:00:00,1.2299,Sunday,8,10,Autumn,0
10023456781,2024-10-06 09:00:00,2024-10-06,09:00:00,1.5515,Sunday,9,10,Autumn,0
10023456781,2024-10-06 10:00:00,2024-10-06,10:00:00,1.2830,Sunday,10,10,Autumn,0
10023456781,2024-10-06 11:00:00,2024-10-06,11:00:00,1.0002,Sunday,11,10,Autumn,0
10023456781,2024-10-06 12:00:00,2024-10-06,12:00:00,1.2142,Sunday,12,10,Autumn,0
10023456781,2024-10-06 13:00:00,2024-10-06,13:00:00,0.9533,Sunday,13,10,Autumn,0
10023456781,2024-10-06 14:00:00,2024-10-06,14:00:00,0.9827,Sunday,14,10,Autumn,0
10023456781,2024-10-06 15:00:00,2024-10-06,15:00:00,1.0303,Sunday,15,10,Autumn,0
10023456781,2024-10-06 16:00:00,2024-10-06,16:00:00,1.4647,Sunday,16,10,Autumn,0
10023456781,2024-10-06 17:00:00,2024-10-06,17:00:00,1.2611,Sunday,17,10,Autumn,0
10023456781,2024-10-06 18:00:00,2024-10-06,18:00:00,1.5037,Sunday,18,10,Autumn,0
10023456781,2024-10-06 19:00:00,2024-10-06,19:00:00,1.8258,Sunday,19,10,Autumn,0
10023456781,2024-10-06 20:00:00,2024-10-06,20:00:00,2.0125,Sunday,20,10,Autumn,0
10023456781,2024-10-06 21:00:00,2024-10-06,21:00:00,1.3920,Sunday,21,10,Autumn,0
10023456781,2024-10-06 22:00:00,2024-10-06,22:00:00,0.9514,Sunday,22,10,Autumn,0
10023456781,2024-10-06 23:00:00,2024-10-06,23:00:00,0.5953,Sunday,23,10,Autumn,0
10023456781,2024-10-07 00:00:00,2024-10-07,00:00:00,0.4318,Monday,0,10,Autumn,0
10023456781,2024-10-07 01:00:00,2024-10-07,01:00:00,0.3329,Monday,1,10,Autumn,0
10023456781,2024-10-07 02:00:00,2024-10-07,02:00:00,0.3045,Monday,2,10,Autumn,0
10023456781,2024-10-07 03:00:00,2024-10-07,03:00:00,0.2827,Monday,3,10,Autumn,0
10023456781,2024-10-07 04:00:00,2024-10-07,04:00:00,0.2734,Monday,4,10,Autumn,0
10023456781,2024-10-07 05:00:00,2024-10-07,05:00:00,0.4802,Monday,5,10,Autumn,0
10023456781,2024-10-07 06:00:00,2024-10-07,06:00:00,0.8237,Monday,6,10,Autumn,0
10023456781,2024-10-07 07:00:00,2024-10-07,07:00:00,1.1167,Monday,7,10,Autumn,0
10023456781,2024-10-07 08:00:00,2024-10-07,08:00:00,1.3780,Monday,8,10,Autumn,0
10023456781,2024-10-07 09:00:00,2024-10-07,09:00:00,1.1350,Monday,9,10,Autumn,0
10023456781,2024-10-07 10:00:00,2024-10-07,10:00:00,0.7824,Monday,10,10,Autumn,0
10023456781,2024-10-07 11:00:00,2024-10-07,11:00:00,0.6289,Monday,11,10,Autumn,0
10023456781,2024-10-07 12:00:00,2024-10-07,12:00:00,0.6871,Monday,12,10,Autumn,0
10023456781,2024-10-07 13:00:00,2024-10-07,13:00:00,0.9862,Monday,13,10,Autumn,0
10023456781,2024-10-07 14:00:00,2024-10-07,14:00:00,0.8021,Monday,14,10,Autumn,0
10023456781,2024-10-07 15:00:00,2024-10-07,15:00:00,0.9517,Monday,15,10,Autumn,0
10023456781,2024-10-07 16:00:00,2024-10-07,16:00:00,0.8084,Monday,16,10,Autumn,0
10023456781,2024-10-07 17:00:00,2024-10-07,17:00:00,1.0604,Monday,17,10,Autumn,0
10023456781,2024-10-07 18:00:00,2024-10-07,18:00:00,1.6715,Monday,18,10,Autumn,0
10023456781,2024-10-07 19:00:00,2024-10-07,19:00:00,1.6124,Monday,19,10,Autumn,0
10023456781,2024-10-07 20:00:00,2024-10-07,20:00:00,1.7099,Monday,20,10,Autumn,0
10023456781,2024-10-07 21:00:00,2024-10-07,21:00:00,1.6767,Monday,21,10,Autumn,0
10023456781,2024-10-07 22:00:00,2024-10-07,22:00:00,1.1424,Monday,22,10,Autumn,0
10023456781,2024-10-07 23:00:00,2024-10-07,23:00:00,0.6730,Monday,23,10,Autumn,0
10023456781,2024-10-08 00:00:00,2024-10-08,00:00:00,0.3395,Tuesday,0,10,Autumn,0
10023456781,2024-10-08 01:00:00,2024-10-08,01:00:00,0.3633,Tuesday,1,10,Autumn,0
10023456781,2024-10-08 02:00:00,2024-10-08,02:00:00,0.3142,Tuesday,2,10,Autumn,0
10023456781,2024-10-08 03:00:00,2024-10-08,03:00:00,0.3528,Tuesday,3,10,Autumn,0
10023456781,2024-10-08 04:00:00,2024-10-08,04:00:00,0.3356,Tuesday,4,10,Autumn,0
10023456781,2024-10-08 05:00:00,2024-10-08,05:00:00,0.6235,Tuesday,5,10,Autumn,0
10023456781,2024-10-08 06:00:00,2024-10-08,06:00:00,0.8023,Tuesday,6,10,Autumn,0
10023456781,2024-10-08 07:00:00,2024-10-08,07:00:00,1.5008,Tuesday,7,10,Autumn,0
10023456781,2024-10-08 08:00:00,2024-10-08,08:00:00,1.1486,Tuesday,8,10,Autumn,0
10023456781,2024-10-08 09:00:00,2024-10-08,09:00:00,1.2528,Tuesday,9,10,Autumn,0
10023456781,2024-10-08 10:00:00,2024-10-08,10:00:00,5.7741,Tuesday,10,10,Autumn,1
10023456781,2024-10-08 11:00:00,2024-10-08,11:00:00,0.7618,Tuesday,11,10,Autumn,0
10023456781,2024-10-08 12:00:00,2024-10-08,12:00:00,0.8158,Tuesday,12,10,Autumn,0
10023456781,2024-10-08 13:00:00,2024-10-08,13:00:00,0.8904,Tuesday,13,10,Autumn,0
10023456781,2024-10-08 14:00:00,2024-10-08,14:00:00,0.8916,Tuesday,14,10,Autumn,0
10023456781,2024-10-08 15:00:00,2024-10-08,15:00:00,0.9673,Tuesday,15,10,Autumn,0
10023456781,2024-10-08 16:00:00,2024-10-08,16:00:00,1.1035,Tuesday,16,10,Autumn,0
10023456781,2024-10-08 17:00:00,2024-10-08,17:00:00,1.3833,Tuesday,17,10,Autumn,0
10023456781,2024-10-08 18:00:00,2024-10-08,18:00:00,1.8765,Tuesday,18,10,Autumn,0
10023456781,2024-10-08 19:00:00,2024-10-08,19:00:00,2.1201,Tuesday,19,10,Autumn,0
10023456781,2024-10-08 20:00:00,2024-10-08,20:00:00,1.9486,Tuesday,20,10,Autumn,0
10023456781,2024-10-08 21:00:00,2024-10-08,21:00:00,1.8768,Tuesday,21,10,Autumn,0
10023456781,2024-10-08 22:00:00,2024-10-08,22:00:00,1.2097,Tuesday,22,10,Autumn,0
10023456781,2024-10-08 23:00:00,2024-10-08,23:00:00,0.7742,Tuesday,23,10,Autumn,0
10023456781,2024-10-09 00:00:00,2024-10-09,00:00:00,0.3068,Wednesday,0,10,Autumn,0
10023456781,2024-10-09 01:00:00,2024-10-09,01:00:00,0.2187,Wednesday,1,10,Autumn,0
10023456781,2024-10-09 02:00:00,2024-10-09,02:00:00,0.2304,Wednesday,2,10,Autumn,0
10023456781,2024-10-09 03:00:00,2024-10-09,03:00:00,0.2163,Wednesday,3,10,Autumn,0
10023456781,2024-10-09 04:00:00,2024-10-09,04:00:00,0.2706,Wednesday,4,10,Autumn,0
10023456781,2024-10-09 05:00:00,2024-10-09,05:00:00,0.3603,Wednesday,5,10,Autumn,0
10023456781,2024-10-09 06:00:00,2024-10-09,06:00:00,0.6018,Wednesday,6,10,Autumn,0
10023456781,2024-10-09 07:00:00,2024-10-09,07:00:00,0.7917,Wednesday,7,10,Autumn,0
10023456781,2024-10-09 08:00:00,2024-10-09,08:00:00,1.0160,Wednesday,8,10,Autumn,0
10023456781,2024-10-09 09:00:00,2024-10-09,09:00:00,0.9081,Wednesday,9,10,Autumn,0
10023456781,2024-10-09 10:00:00,2024-10-09,10:00:00,0.7157,Wednesday,10,10,Autumn,0
10023456781,2024-10-09 11:00:00,2024-10-09,11:00:00,0.6074,Wednesday,11,10,Autumn,0
10023456781,2024-10-09 12:00:00,2024-10-09,12:00:00,0.5688,Wednesday,12,10,Autumn,0
10023456781,2024-10-09 13:00:00,2024-10-09,13:00:00,0.6813,Wednesday,13,10,Autumn,0
10023456781,2024-10-09 14:00:00,2024-10-09,14:00:00,0.8299,Wednesday,14,10,Autumn,0
10023456781,2024-10-09 15:00:00,2024-10-09,15:00:00,0.6751,Wednesday,15,10,Autumn,0
10023456781,2024-10-09 16:00:00,2024-10-09,16:00:00,0.8239,Wednesday,16,10,Autumn,0
10023456781,2024-10-09 17:00:00,2024-10-09,17:00:00,0.8590,Wednesday,17,10,Autumn,0
10023456781,2024-10-09 18:00:00,2024-10-09,18:00:00,1.3408,Wednesday,18,10,Autumn,0
10023456781,2024-10-09 19:00:00,2024-10-09,19:00:00,1.5231,Wednesday,19,10,Autumn,0
10023456781,2024-10-09 20:00:00,2024-10-09,20:00:00,1.4054,Wednesday,20,10,Autumn,0
10023456781,2024-10-09 21:00:00,2024-10-09,21:00:00,1.3145,Wednesday,21,10,Autumn,0
10023456781,2024-10-09 22:00:00,2024-10-09,22:00:00,0.8543,Wednesday,22,10,Autumn,0
10023456781,2024-10-09 23:00:00,2024-10-09,23:00:00,0.4311,Wednesday,23,10,Autumn,0
10023456781,2024-10-10 00:00:00,2024-10-10,00:00:00,0.2125,Thursday,0,10,Autumn,0
10023456781,2024-10-10 01:00:00,2024-10-10,01:00:00,0.2958,Thursday,1,10,Autumn,0
10023456781,2024-10-10 02:00:00,2024-10-10,02:00:00,0.3096,Thursday,2,10,Autumn,0
10023456781,2024-10-10 03:00:00,2024-10-10,03:00:00,0.2289,Thursday,3,10,Autumn,0
10023456781,2024-10-10 04:00:00,2024-10-10,04:00:00,0.2853,Thursday,4,10,Autumn,0
10023456781,2024-10-10 05:00:00,2024-10-10,05:00:00,0.4246,Thursday,5,10,Autumn,0
10023456781,2024-10-10 06:00:00,2024-10-10,06:00:00,0.7512,Thursday,6,10,Autumn,0
10023456781,2024-10-10 07:00:00,2024-10-10,07:00:00,1.1111,Thursday,7,10,Autumn,0
10023456781,2024-10-10 08:00:00,2024-10-10,08:00:00,1.0150,Thursday,8,10,Autumn,0
10023456781,2024-10-10 09:00:00,2024-10-10,09:00:00,0.9467,Thursday,9,10,Autumn,0
10023456781,2024-10-10 10:00:00,2024-10-10,10:00:00,0.7760,Thursday,10,10,Autumn,0
10023456781,2024-10-10 11:00:00,2024-10-10,11:00:00,0.6946,Thursday,11,10,Autumn,0
10023456781,2024-10-10 12:00:00,2024-10-10,12:00:00,0.7001,Thursday,12,10,Autumn,0
10023456781,2024-10-10 13:00:00,2024-10-10,13:00:00,0.7860,Thursday,13,10,Autumn,0
10023456781,2024-10-10 14:00:00,2024-10-10,14:00:00,0.8169,Thursday,14,10,Autumn,0
10023456781,2024-10-10 15:00:00,2024-10-10,15:00:00,0.8018,Thursday,15,10,Autumn,0
10023456781,2024-10-10 16:00:00,2024-10-10,16:00:00,0.7769,Thursday,16,10,Autumn,0
10023456781,2024-10-10 17:00:00,2024-10-10,17:00:00,1.0371,Thursday,17,10,Autumn,0
10023456781,2024-10-10 18:00:00,2024-10-10,18:00:00,1.2882,Thursday,18,10,Autumn,0
10023456781,2024-10-10 19:00:00,2024-10-10,19:00:00,1.4552,Thursday,19,10,Autumn,0
10023456781,2024-10-10 20:00:00,2024-10-10,20:00:00,1.7969,Thursday,20,10,Autumn,0
10023456781,2024-10-10 21:00:00,2024-10-10,21:00:00,1.4135,Thursday,21,10,Autumn,0
10023456781,2024-10-10 22:00:00,2024-10-10,22:00:00,1.1637,Thursday,22,10,Autumn,0
10023456781,2024-10-10 23:00:00,2024-10-10,23:00:00,0.6142,Thursday,23,10,Autumn,0
10023456781,2024-10-11 00:00:00,2024-10-11,00:00:00,0.3977,Friday,0,10,Autumn,0
10023456781,2024-10-11 01:00:00,2024-10-11,01:00:00,0.3367,Friday,1,10,Autumn,0
10023456781,2024-10-11 02:00:00,2024-10-11,02:00:00,0.2900,Friday,2,10,Autumn,0
10023456781,2024-10-11 03:00:00,2024-10-11,03:00:00,0.2874,Friday,3,10,Autumn,0
10023456781,2024-10-11 04:00:00,2024-10-11,04:00:00,0.3930,Friday,4,10,Autumn,0
10023456781,2024-10-11 05:00:00,2024-10-11,05:00:00,0.5741,Friday,5,10,Autumn,0
10023456781,2024-10-11 06:00:00,2024-10-11,06:00:00,0.7565,Friday,6,10,Autumn,0
10023456781,2024-10-11 07:00:00,2024-10-11,07:00:00,0.9587,Friday,7,10,Autumn,0
10023456781,2024-10-11 08:00:00,2024-10-11,08:00:00,1.3545,Friday,8,10,Autumn,0
10023456781,2024-10-11 09:00:00,2024-10-11,09:00:00,1.2366,Friday,9,10,Autumn,0
10023456781,2024-10-11 10:00:00,2024-10-11,10:00:00,1.0009,Friday,10,10,Autumn,0
10023456781,2024-10-11 11:00:00,2024-10-11,11:00:00,0.8439,Friday,11,10,Autumn,0
10023456781,2024-10-11 12:00:00,2024-10-11,12:00:00,0.6676,Friday,12,10,Autumn,0
10023456781,2024-10-11 13:00:00,2024-10-11,13:00:00,0.9569,Friday,13,10,Autumn,0
10023456781,2024-10-11 14:00:00,2024-10-11,14:00:00,0.7342,Friday,14,10,Autumn,0
10023456781,2024-10-11 15:00:00,2024-10-11,15:00:00,0.8577,Friday,15,10,Autumn,0
10023456781,2024-10-11 16:00:00,2024-10-11,16:00:00,1.0657,Friday,16,10,Autumn,0
10023456781,2024-10-11 17:00:00,2024-10-11,17:00:00,1.5263,Friday,17,10,Autumn,0
10023456781,2024-10-11 18:00:00,2024-10-11,18:00:00,1.8731,Friday,18,10,Autumn,0
10023456781,2024-10-11 19:00:00,2024-10-11,19:00:00,1.9088,Friday,19,10,Autumn,0
10023456781,2024-10-11 20:00:00,2024-10-11,20:00:00,1.8291,Friday,20,10,Autumn,0
10023456781,2024-10-11 21:00:00,2024-10-11,21:00:00,1.4705,Friday,21,10,Autumn,0
10023456781,2024-10-11 22:00:00,2024-10-11,22:00:00,1.1708,Friday,22,10,Autumn,0
10023456781,2024-10-11 23:00:00,2024-10-11,23:00:00,0.8486,Friday,23,10,Autumn,0
10023456781,2024-10-12 00:00:00,2024-10-12,00:00:00,0.4950,Saturday,0,10,Autumn,0
10023456781,2024-10-12 01:00:00,2024-10-12,01:00:00,0.4706,Saturday,1,10,Autumn,0
10023456781,2024-10-12 02:00:00,2024-10-12,02:00:00,0.3986,Saturday,2,10,Autumn,0
10023456781,2024-10-12 03:00:00,2024-10-12,03:00:00,0.4008,Saturday,3,10,Autumn,0
10023456781,2024-10-12 04:00:00,2024-10-12,04:00:00,0.4637,Saturday,4,10,Autumn,0
10023456781,2024-10-12 05:00:00,2024-10-12,05:00:00,0.5613,Saturday,5,10,Autumn,0
10023456781,2024-10-12 06:00:00,2024-10-12,06:00:00,0.8858,Saturday,6,10,Autumn,0
10023456781,2024-10-12 07:00:00,2024-10-12,07:00:00,1.0374,Saturday,7,10,Autumn,0
10023456781,2024-10-12 08:00:00,2024-10-12,08:00:00,1.4539,Saturday,8,10,Autumn,0
10023456781,2024-10-12 09:00:00,2024-10-12,09:00:00,1.8519,Saturday,9,10,Autumn,0
10023456781,2024-10-12 10:00:00,2024-10-12,10:00:00,1.6981,Saturday,10,10,Autumn,0
10023456781,2024-10-12 11:00:00,2024-10-12,11:00:00,1.4178,Saturday,11,10,Autumn,0
10023456781,2024-10-12 12:00:00,2024-10-12,12:00:00,1.3971,Saturday,12,10,Autumn,0
10023456781,2024-10-12 13:00:00,2024-10-12,13:00:00,1.2950,Saturday,13,10,Autumn,0
10023456781,2024-10-12 14:00:00,2024-10-12,14:00:00,1.1624,Saturday,14,10,Autumn,0
10023456781,2024-10-12 15:00:00,2024-10-12,15:00:00,1.1612,Saturday,15,10,Autumn,0
10023456781,2024-10-12 16:00:00,2024-10-12,16:00:00,1.5712,Saturday,16,10,Autumn,0
10023456781,2024-10-12 17:00:00,2024-10-12,17:00:00,1.4264,Saturday,17,10,Autumn,0
10023456781,2024-10-12 18:00:00,2024-10-12,18:00:00,1.9421,Saturday,18,10,Autumn,0
10023456781,2024-10-12 19:00:00,2024-10-12,19:00:00,2.1006,Saturday,19,10,Autumn,0
10023456781,2024-10-12 20:00:00,2024-10-12,20:00:00,2.0377,Saturday,20,10,Autumn,0
10023456781,2024-10-12 21:00:00,2024-10-12,21:00:00,1.7894,Saturday,21,10,Autumn,0
10023456781,2024-10-12 22:00:00,2024-10-12,22:00:00,1.4301,Saturday,22,10,Autumn,0
10023456781,2024-10-12 23:00:00,2024-10-12,23:00:00,0.9260,Saturday,23,10,Autumn,0
10023456781,2024-10-13 00:00:00,2024-10-13,00:00:00,0.3988,Sunday,0,10,Autumn,0
10023456781,2024-10-13 01:00:00,2024-10-13,01:00:00,0.3060,Sunday,1,10,Autumn,0
10023456781,2024-10-13 02:00:00,2024-10-13,02:00:00,0.3328,Sunday,2,10,Autumn,0
10023456781,2024-10-13 03:00:00,2024-10-13,03:00:00,0.3255,Sunday,3,10,Autumn,0
10023456781,2024-10-13 04:00:00,2024-10-13,04:00:00,0.3458,Sunday,4,10,Autumn,0
10023456781,2024-10-13 05:00:00,2024-10-13,05:00:00,0.3721,Sunday,5,10,Autumn,0
10023456781,2024-10-13 06:00:00,2024-10-13,06:00:00,0.6102,Sunday,6,10,Autumn,0
10023456781,2024-10-13 07:00:00,2024-10-13,07:00:00,0.8703,Sunday,7,10,Autumn,0
10023456781,2024-10-13 08:00:00,2024-10-13,08:00:00,1.4497,Sunday,8,10,Autumn,0
10023456781,2024-10-13 09:00:00,2024-10-13,09:00:00,1.3273,Sunday,9,10,Autumn,0
10023456781,2024-10-13 10:00:00,2024-10-13,10:00:00,1.4180,Sunday,10,10,Autumn,0
10023456781,2024-10-13 11:00:00,2024-10-13,11:00:00,1.0635,Sunday,11,10,Autumn,0
10023456781,2024-10-13 12:00:00,2024-10-13,12:00:00,1.0576,Sunday,12,10,Autumn,0
10023456781,2024-10-13 13:00:00,2024-10-13,13:00:00,1.0717,Sunday,13,10,Autumn,0
10023456781,2024-10-13 14:00:00,2024-10-13,14:00:00,0.9822,Sunday,14,10,Autumn,0
10023456781,2024-10-13 15:00:00,2024-10-13,15:00:00,1.0645,Sunday,15,10,Autumn,0
10023456781,2024-10-13 16:00:00,2024-10-13,16:00:00,1.1859,Sunday,16,10,Autumn,0
10023456781,2024-10-13 17:00:00,2024-10-13,17:00:00,1.2295,Sunday,17,10,Autumn,0
10023456781,2024-10-13 18:00:00,2024-10-13,18:00:00,1.6905,Sunday,18,10,Autumn,0
10023456781,2024-10-13 19:00:00,2024-10-13,19:00:00,1.9628,Sunday,19,10,Autumn,0
10023456781,2024-10-13 20:00:00,2024-10-13,20:00:00,1.6071,Sunday,20,10,Autumn,0
10023456781,2024-10-13 21:00:00,2024-10-13,21:00:00,1.3990,Sunday,21,10,Autumn,0
10023456781,2024-10-13 22:00:00,2024-10-13,22:00:00,1.3936,Sunday,22,10,Autumn,0
10023456781,2024-10-13 23:00:00,2024-10-13,23:00:00,0.7422,Sunday,23,10,Autumn,0
10023456781,2024-10-14 00:00:00,2024-10-14,00:00:00,0.3691,Monday,0,10,Autumn,0
10023456781,2024-10-14 01:00:00,2024-10-14,01:00:00,0.3260,Monday,1,10,Autumn,0
10023456781,2024-10-14 02:00:00,2024-10-14,02:00:00,0.2729,Monday,2,10,Autumn,0
10023456781,2024-10-14 03:00:00,2024-10-14,03:00:00,0.2873,Monday,3,10,Autumn,0
10023456781,2024-10-14 04:00:00,2024-10-14,04:00:00,0.2984,Monday,4,10,Autumn,0
10023456781,2024-10-14 05:00:00,2024-10-14,05:00:00,1.2783,Monday,5,10,Autumn,1
10023456781,2024-10-14 06:00:00,2024-10-14,06:00:00,2.5273,Monday,6,10,Autumn,1
10023456781,2024-10-14 07:00:00,2024-10-14,07:00:00,3.6842,Monday,7,10,Autumn,1
10023456781,2024-10-14 08:00:00,2024-10-14,08:00:00,1.0515,Monday,8,10,Autumn,0
10023456781,2024-10-14 09:00:00,2024-10-14,09:00:00,0.8504,Monday,9,10,Autumn,0
10023456781,2024-10-14 10:00:00,2024-10-14,10:00:00,0.7765,Monday,10,10,Autumn,0
10023456781,2024-10-14 11:00:00,2024-10-14,11:00:00,0.5787,Monday,11,10,Autumn,0
10023456781,2024-10-14 12:00:00,2024-10-14,12:00:00,0.8054,Monday,12,10,Autumn,0
10023456781,2024-10-14 13:00:00,2024-10-14,13:00:00,0.7340,Monday,13,10,Autumn,0
10023456781,2024-10-14 14:00:00,2024-10-14,14:00:00,0.7700,Monday,14,10,Autumn,0
10023456781,2024-10-14 15:00:00,2024-10-14,15:00:00,0.7681,Monday,15,10,Autumn,0
10023456781,2024-10-14 16:00:00,2024-10-14,16:00:00,0.7627,Monday,16,10,Autumn,0
10023456781,2024-10-14 17:00:00,2024-10-14,17:00:00,1.0957,Monday,17,10,Autumn,0
10023456781,2024-10-14 18:00:00,2024-10-14,18:00:00,1.7232,Monday,18,10,Autumn,0
10023456781,2024-10-14 19:00:00,2024-10-14,19:00:00,1.6639,Monday,19,10,Autumn,0
10023456781,2024-10-14 20:00:00,2024-10-14,20:00:00,1.5357,Monday,20,10,Autumn,0
10023456781,2024-10-14 21:00:00,2024-10-14,21:00:00,1.5481,Monday,21,10,Autumn,0
10023456781,2024-10-14 22:00:00,2024-10-14,22:00:00,3.0473,Monday,22,10,Autumn,1
10023456781,2024-10-14 23:00:00,2024-10-14,23:00:00,0.4811,Monday,23,10,Autumn,0
10023456781,2024-10-15 00:00:00,2024-10-15,00:00:00,0.3957,Tuesday,0,10,Autumn,0
10023456781,2024-10-15 01:00:00,2024-10-15,01:00:00,0.3082,Tuesday,1,10,Autumn,0
10023456781,2024-10-15 02:00:00,2024-10-15,02:00:00,0.2494,Tuesday,2,10,Autumn,0
10023456781,2024-10-15 03:00:00,2024-10-15,03:00:00,0.2705,Tuesday,3,10,Autumn,0
10023456781,2024-10-15 04:00:00,2024-10-15,04:00:00,0.3214,Tuesday,4,10,Autumn,0
10023456781,2024-10-15 05:00:00,2024-10-15,05:00:00,0.3652,Tuesday,5,10,Autumn,0
10023456781,2024-10-15 06:00:00,2024-10-15,06:00:00,0.8365,Tuesday,6,10,Autumn,0
10023456781,2024-10-15 07:00:00,2024-10-15,07:00:00,0.9354,Tuesday,7,10,Autumn,0
10023456781,2024-10-15 08:00:00,2024-10-15,08:00:00,1.2337,Tuesday,8,10,Autumn,0
10023456781,2024-10-15 09:00:00,2024-10-15,09:00:00,0.9764,Tuesday,9,10,Autumn,0
10023456781,2024-10-15 10:00:00,2024-10-15,10:00:00,0.7465,Tuesday,10,10,Autumn,0
10023456781,2024-10-15 11:00:00,2024-10-15,11:00:00,0.6186,Tuesday,11,10,Autumn,0
10023456781,2024-10-15 12:00:00,2024-10-15,12:00:00,0.6642,Tuesday,12,10,Autumn,0
10023456781,2024-10-15 13:00:00,2024-10-15,13:00:00,0.7037,Tuesday,13,10,Autumn,0
10023456781,2024-10-15 14:00:00,2024-10-15,14:00:00,0.7508,Tuesday,14,10,Autumn,0
10023456781,2024-10-15 15:00:00,2024-10-15,15:00:00,0.7505,Tuesday,15,10,Autumn,0
10023456781,2024-10-15 16:00:00,2024-10-15,16:00:00,0.8194,Tuesday,16,10,Autumn,0
10023456781,2024-10-15 17:00:00,2024-10-15,17:00:00,1.0144,Tuesday,17,10,Autumn,0
10023456781,2024-10-15 18:00:00,2024-10-15,18:00:00,1.6170,Tuesday,18,10,Autumn,0
10023456781,2024-10-15 19:00:00,2024-10-15,19:00:00,1.7353,Tuesday,19,10,Autumn,0
10023456781,2024-10-15 20:00:00,2024-10-15,20:00:00,1.3650,Tuesday,20,10,Autumn,0
10023456781,2024-10-15 21:00:00,2024-10-15,21:00:00,1.3664,Tuesday,21,10,Autumn,0
10023456781,2024-10-15 22:00:00,2024-10-15,22:00:00,1.1485,Tuesday,22,10,Autumn,0
10023456781,2024-10-15 23:00:00,2024-10-15,23:00:00,0.6839,Tuesday,23,10,Autumn,0
10023456781,2024-10-16 00:00:00,2024-10-16,00:00:00,0.4687,Wednesday,0,10,Autumn,0
10023456781,2024-10-16 01:00:00,2024-10-16,01:00:00,0.3504,Wednesday,1,10,Autumn,0
10023456781,2024-10-16 02:00:00,2024-10-16,02:00:00,0.3441,Wednesday,2,10,Autumn,0
10023456781,2024-10-16 03:00:00,2024-10-16,03:00:00,0.3190,Wednesday,3,10,Autumn,0
10023456781,2024-10-16 04:00:00,2024-10-16,04:00:00,0.3410,Wednesday,4,10,Autumn,0
10023456781,2024-10-16 05:00:00,2024-10-16,05:00:00,0.4303,Wednesday,5,10,Autumn,0
10023456781,2024-10-16 06:00:00,2024-10-16,06:00:00,0.7931,Wednesday,6,10,Autumn,0
10023456781,2024-10-16 07:00:00,2024-10-16,07:00:00,1.3927,Wednesday,7,10,Autumn,0
10023456781,2024-10-16 08:00:00,2024-10-16,08:00:00,1.2875,Wednesday,8,10,Autumn,0
10023456781,2024-10-16 09:00:00,2024-10-16,09:00:00,2.3243,Wednesday,9,10,Autumn,1
10023456781,2024-10-16 10:00:00,2024-10-16,10:00:00,1.9683,Wednesday,10,10,Autumn,1
10023456781,2024-10-16 11:00:00,2024-10-16,11:00:00,1.5809,Wednesday,11,10,Autumn,1
10023456781,2024-10-16 12:00:00,2024-10-16,12:00:00,0.8462,Wednesday,12,10,Autumn,0
10023456781,2024-10-16 13:00:00,2024-10-16,13:00:00,0.7610,Wednesday,13,10,Autumn,0
10023456781,2024-10-16 14:00:00,2024-10-16,14:00:00,0.7828,Wednesday,14,10,Autumn,0
10023456781,2024-10-16 15:00:00,2024-10-16,15:00:00,0.8666,Wednesday,15,10,Autumn,0
10023456781,2024-10-16 16:00:00,2024-10-16,16:00:00,1.0945,Wednesday,16,10,Autumn,0
10023456781,2024-10-16 17:00:00,2024-10-16,17:00:00,1.6059,Wednesday,17,10,Autumn,0
10023456781,2024-10-16 18:00:00,2024-10-16,18:00:00,1.4096,Wednesday,18,10,Autumn,0
10023456781,2024-10-16 19:00:00,2024-10-16,19:00:00,1.5730,Wednesday,19,10,Autumn,0
10023456781,2024-10-16 20:00:00,2024-10-16,20:00:00,1.8808,Wednesday,20,10,Autumn,0
10023456781,2024-10-16 21:00:00,2024-10-16,21:00:00,1.7059,Wednesday,21,10,Autumn,0
10023456781,2024-10-16 22:00:00,2024-10-16,22:00:00,1.1852,Wednesday,22,10,Autumn,0
10023456781,2024-10-16 23:00:00,2024-10-16,23:00:00,0.7597,Wednesday,23,10,Autumn,0
10023456781,2024-10-17 00:00:00,2024-10-17,00:00:00,0.2834,Thursday,0,10,Autumn,0
10023456781,2024-10-17 01:00:00,2024-10-17,01:00:00,0.2707,Thursday,1,10,Autumn,0
10023456781,2024-10-17 02:00:00,2024-10-17,02:00:00,0.2971,Thursday,2,10,Autumn,0
10023456781,2024-10-17 03:00:00,2024-10-17,03:00:00,0.3586,Thursday,3,10,Autumn,0
10023456781,2024-10-17 04:00:00,2024-10-17,04:00:00,0.3056,Thursday,4,10,Autumn,0
10023456781,2024-10-17 05:00:00,2024-10-17,05:00:00,0.5289,Thursday,5,10,Autumn,0
10023456781,2024-10-17 06:00:00,2024-10-17,06:00:00,0.8552,Thursday,6,10,Autumn,0
10023456781,2024-10-17 07:00:00,2024-10-17,07:00:00,1.1402,Thursday,7,10,Autumn,0
10023456781,2024-10-17 08:00:00,2024-10-17,08:00:00,1.1255,Thursday,8,10,Autumn,0
10023456781,2024-10-17 09:00:00,2024-10-17,09:00:00,1.0984,Thursday,9,10,Autumn,0
10023456781,2024-10-17 10:00:00,2024-10-17,10:00:00,1.0317,Thursday,10,10,Autumn,0
10023456781,2024-10-17 11:00:00,2024-10-17,11:00:00,0.7536,Thursday,11,10,Autumn,0
10023456781,2024-10-17 12:00:00,2024-10-17,12:00:00,0.8286,Thursday,12,10,Autumn,0
10023456781,2024-10-17 13:00:00,2024-10-17,13:00:00,0.9199,Thursday,13,10,Autumn,0
10023456781,2024-10-17 14:00:00,2024-10-17,14:00:00,0.7493,Thursday,14,10,Autumn,0
10023456781,2024-10-17 15:00:00,2024-10-17,15:00:00,0.7974,Thursday,15,10,Autumn,0
10023456781,2024-10-17 16:00:00,2024-10-17,16:00:00,0.8806,Thursday,16,10,Autumn,0
10023456781,2024-10-17 17:00:00,2024-10-17,17:00:00,1.1464,Thursday,17,10,Autumn,0
10023456781,2024-10-17 18:00:00,2024-10-17,18:00:00,1.8165,Thursday,18,10,Autumn,0
10023456781,2024-10-17 19:00:00,2024-10-17,19:00:00,1.5978,Thursday,19,10,Autumn,0
10023456781,2024-10-17 20:00:00,2024-10-17,20:00:00,1.6146,Thursday,20,10,Autumn,0
10023456781,2024-10-17 21:00:00,2024-10-17,21:00:00,1.4371,Thursday,21,10,Autumn,0
10023456781,2024-10-17 22:00:00,2024-10-17,22:00:00,1.0812,Thursday,22,10,Autumn,0
10023456781,2024-10-17 23:00:00,2024-10-17,23:00:00,0.5827,Thursday,23,10,Autumn,0
10023456781,2024-10-18 00:00:00,2024-10-18,00:00:00,0.3729,Friday,0,10,Autumn,0
10023456781,2024-10-18 01:00:00,2024-10-18,01:00:00,0.3644,Friday,1,10,Autumn,0
10023456781,2024-10-18 02:00:00,2024-10-18,02:00:00,0.2915,Friday,2,10,Autumn,0
10023456781,2024-10-18 03:00:00,2024-10-18,03:00:00,0.3140,Friday,3,10,Autumn,0
10023456781,2024-10-18 04:00:00,2024-10-18,04:00:00,0.3069,Friday,4,10,Autumn,0
10023456781,2024-10-18 05:00:00,2024-10-18,05:00:00,0.4977,Friday,5,10,Autumn,0
10023456781,2024-10-18 06:00:00,2024-10-18,06:00:00,0.8336,Friday,6,10,Autumn,0
10023456781,2024-10-18 07:00:00,2024-10-18,07:00:00,1.2454,Friday,7,10,Autumn,0
10023456781,2024-10-18 08:00:00,2024-10-18,08:00:00,1.2013,Friday,8,10,Autumn,0
10023456781,2024-10-18 09:00:00,2024-10-18,09:00:00,1.0319,Friday,9,10,Autumn,0
10023456781,2024-10-18 10:00:00,2024-10-18,10:00:00,0.9792,Friday,10,10,Autumn,0
10023456781,2024-10-18 11:00:00,2024-10-18,11:00:00,0.9546,Friday,11,10,Autumn,0
10023456781,2024-10-18 12:00:00,2024-10-18,12:00:00,1.0215,Friday,12,10,Autumn,0
10023456781,2024-10-18 13:00:00,2024-10-18,13:00:00,0.9252,Friday,13,10,Autumn,0
10023456781,2024-10-18 14:00:00,2024-10-18,14:00:00,0.8826,Friday,14,10,Autumn,0
10023456781,2024-10-18 15:00:00,2024-10-18,15:00:00,0.9746,Friday,15,10,Autumn,0
10023456781,2024-10-18 16:00:00,2024-10-18,16:00:00,1.1255,Friday,16,10,Autumn,0
10023456781,2024-10-18 17:00:00,2024-10-18,17:00:00,1.3134,Friday,17,10,Autumn,0
10023456781,2024-10-18 18:00:00,2024-10-18,18:00:00,1.6023,Friday,18,10,Autumn,0
10023456781,2024-10-18 19:00:00,2024-10-18,19:00:00,1.7915,Friday,19,10,Autumn,0
10023456781,2024-10-18 20:00:00,2024-10-18,20:00:00,1.8311,Friday,20,10,Autumn,0
10023456781,2024-10-18 21:00:00,2024-10-18,21:00:00,1.7138,Friday,21,10,Autumn,0
10023456781,2024-10-18 22:00:00,2024-10-18,22:00:00,1.2176,Friday,22,10,Autumn,0
10023456781,2024-10-18 23:00:00,2024-10-18,23:00:00,0.7375,Friday,23,10,Autumn,0
10023456781,2024-10-19 00:00:00,2024-10-19,00:00:00,0.3546,Saturday,0,10,Autumn,0
10023456781,2024-10-19 01:00:00,2024-10-19,01:00:00,0.2479,Saturday,1,10,Autumn,0
10023456781,2024-10-19 02:00:00,2024-10-19,02:00:00,0.2892,Saturday,2,10,Autumn,0
10023456781,2024-10-19 03:00:00,2024-10-19,03:00:00,0.2718,Saturday,3,10,Autumn,0
10023456781,2024-10-19 04:00:00,2024-10-19,04:00:00,0.3531,Saturday,4,10,Autumn,0
10023456781,2024-10-19 05:00:00,2024-10-19,05:00:00,0.3165,Saturday,5,10,Autumn,0
10023456781,2024-10-19 06:00:00,2024-10-19,06:00:00,0.6588,Saturday,6,10,Autumn,0
10023456781,2024-10-19 07:00:00,2024-10-19,07:00:00,0.8637,Saturday,7,10,Autumn,0
10023456781,2024-10-19 08:00:00,2024-10-19,08:00:00,0.9834,Saturday,8,10,Autumn,0
10023456781,2024-10-19 09:00:00,2024-10-19,09:00:00,1.3528,Saturday,9,10,Autumn,0
10023456781,2024-10-19 10:00:00,2024-10-19,10:00:00,1.2862,Saturday,10,10,Autumn,0
10023456781,2024-10-19 11:00:00,2024-10-19,11:00:00,1.3255,Saturday,11,10,Autumn,0
10023456781,2024-10-19 12:00:00,2024-10-19,12:00:00,1.1595,Saturday,12,10,Autumn,0
10023456781,2024-10-19 13:00:00,2024-10-19,13:00:00,1.0046,Saturday,13,10,Autumn,0
10023456781,2024-10-19 14:00:00,2024-10-19,14:00:00,0.0661,Saturday,14,10,Autumn,1
10023456781,2024-10-19 15:00:00,2024-10-19,15:00:00,1.2507,Saturday,15,10,Autumn,0
10023456781,2024-10-19 16:00:00,2024-10-19,16:00:00,1.1481,Saturday,16,10,Autumn,0
10023456781,2024-10-19 17:00:00,2024-10-19,17:00:00,1.3300,Saturday,17,10,Autumn,0
10023456781,2024-10-19 18:00:00,2024-10-19,18:00:00,1.8465,Saturday,18,10,Autumn,0
10023456781,2024-10-19 19:00:00,2024-10-19,19:00:00,1.5379,Saturday,19,10,Autumn,0
10023456781,2024-10-19 20:00:00,2024-10-19,20:00:00,1.3735,Saturday,20,10,Autumn,0
10023456781,2024-10-19 21:00:00,2024-10-19,21:00:00,1.4080,Saturday,21,10,Autumn,0
10023456781,2024-10-19 22:00:00,2024-10-19,22:00:00,1.0201,Saturday,22,10,Autumn,0
10023456781,2024-10-19 23:00:00,2024-10-19,23:00:00,0.8874,Saturday,23,10,Autumn,0
10023456781,2024-10-20 00:00:00,2024-10-20,00:00:00,0.4734,Sunday,0,10,Autumn,0
10023456781,2024-10-20 01:00:00,2024-10-20,01:00:00,0.4908,Sunday,1,10,Autumn,0
10023456781,2024-10-20 02:00:00,2024-10-20,02:00:00,0.4004,Sunday,2,10,Autumn,0
10023456781,2024-10-20 03:00:00,2024-10-20,03:00:00,0.4592,Sunday,3,10,Autumn,0
10023456781,2024-10-20 04:00:00,2024-10-20,04:00:00,0.4452,Sunday,4,10,Autumn,0
10023456781,2024-10-20 05:00:00,2024-10-20,05:00:00,0.5952,Sunday,5,10,Autumn,0
10023456781,2024-10-20 06:00:00,2024-10-20,06:00:00,0.8329,Sunday,6,10,Autumn,0
10023456781,2024-10-20 07:00:00,2024-10-20,07:00:00,1.1311,Sunday,7,10,Autumn,0
10023456781,2024-10-20 08:00:00,2024-10-20,08:00:00,1.3254,Sunday,8,10,Autumn,0
10023456781,2024-10-20 09:00:00,2024-10-20,09:00:00,1.6998,Sunday,9,10,Autumn,0
10023456781,2024-10-20 10:00:00,2024-10-20,10:00:00,1.5200,Sunday,10,10,Autumn,0
10023456781,2024-10-20 11:00:00,2024-10-20,11:00:00,1.1936,Sunday,11,10,Autumn,0
10023456781,2024-10-20 12:00:00,2024-10-20,12:00:00,1.3341,Sunday,12,10,Autumn,0
10023456781,2024-10-20 13:00:00,2024-10-20,13:00:00,4.7786,Sunday,13,10,Autumn,1
10023456781,2024-10-20 14:00:00,2024-10-20,14:00:00,1.0909,Sunday,14,10,Autumn,0
10023456781,2024-10-20 15:00:00,2024-10-20,15:00:00,1.1848,Sunday,15,10,Autumn,0
10023456781,2024-10-20 16:00:00,2024-10-20,16:00:00,1.2160,Sunday,16,10,Autumn,0
10023456781,2024-10-20 17:00:00,2024-10-20,17:00:00,1.6859,Sunday,17,10,Autumn,0
10023456781,2024-10-20 18:00:00,2024-10-20,18:00:00,2.0870,Sunday,18,10,Autumn,0
10023456781,2024-10-20 19:00:00,2024-10-20,19:00:00,2.4550,Sunday,19,10,Autumn,0
10023456781,2024-10-20 20:00:00,2024-10-20,20:00:00,2.2942,Sunday,20,10,Autumn,0
10023456781,2024-10-20 21:00:00,2024-10-20,21:00:00,1.8561,Sunday,21,10,Autumn,0
10023456781,2024-10-20 22:00:00,2024-10-20,22:00:00,1.4021,Sunday,22,10,Autumn,0
10023456781,2024-10-20 23:00:00,2024-10-20,23:00:00,1.0089,Sunday,23,10,Autumn,0
10023456781,2024-10-21 00:00:00,2024-10-21,00:00:00,0.4062,Monday,0,10,Autumn,0
10023456781,2024-10-21 01:00:00,2024-10-21,01:00:00,0.2808,Monday,1,10,Autumn,0
10023456781,2024-10-21 02:00:00,2024-10-21,02:00:00,0.2716,Monday,2,10,Autumn,0
10023456781,2024-10-21 03:00:00,2024-10-21,03:00:00,0.3330,Monday,3,10,Autumn,0
10023456781,2024-10-21 04:00:00,2024-10-21,04:00:00,0.4272,Monday,4,10,Autumn,0
10023456781,2024-10-21 05:00:00,2024-10-21,05:00:00,0.5374,Monday,5,10,Autumn,0
10023456781,2024-10-21 06:00:00,2024-10-21,06:00:00,0.8536,Monday,6,10,Autumn,0
10023456781,2024-10-21 07:00:00,2024-10-21,07:00:00,1.1265,Monday,7,10,Autumn,0
10023456781,2024-10-21 08:00:00,2024-10-21,08:00:00,1.3319,Monday,8,10,Autumn,0
10023456781,2024-10-21 09:00:00,2024-10-21,09:00:00,1.2836,Monday,9,10,Autumn,0
10023456781,2024-10-21 10:00:00,2024-10-21,10:00:00,0.7231,Monday,10,10,Autumn,0
10023456781,2024-10-21 11:00:00,2024-10-21,11:00:00,0.7445,Monday,11,10,Autumn,0
10023456781,2024-10-21 12:00:00,2024-10-21,12:00:00,0.8422,Monday,12,10,Autumn,0
10023456781,2024-10-21 13:00:00,2024-10-21,13:00:00,0.9154,Monday,13,10,Autumn,0
10023456781,2024-10-21 14:00:00,2024-10-21,14:00:00,0.7398,Monday,14,10,Autumn,0
10023456781,2024-10-21 15:00:00,2024-10-21,15:00:00,0.8512,Monday,15,10,Autumn,0
10023456781,2024-10-21 16:00:00,2024-10-21,16:00:00,1.0725,Monday,16,10,Autumn,0
10023456781,2024-10-21 17:00:00,2024-10-21,17:00:00,1.4551,Monday,17,10,Autumn,0
10023456781,2024-10-21 18:00:00,2024-10-21,18:00:00,1.5179,Monday,18,10,Autumn,0
10023456781,2024-10-21 19:00:00,2024-10-21,19:00:00,2.0207,Monday,19,10,Autumn,0
10023456781,2024-10-21 20:00:00,2024-10-21,20:00:00,1.9472,Monday,20,10,Autumn,0
10023456781,2024-10-21 21:00:00,2024-10-21,21:00:00,1.6002,Monday,21,10,Autumn,0
10023456781,2024-10-21 22:00:00,2024-10-21,22:00:00,1.1168,Monday,22,10,Autumn,0
10023456781,2024-10-21 23:00:00,2024-10-21,23:00:00,0.7103,Monday,23,10,Autumn,0
10023456781,2024-10-22 00:00:00,2024-10-22,00:00:00,0.2948,Tuesday,0,10,Autumn,0
10023456781,2024-10-22 01:00:00,2024-10-22,01:00:00,0.3092,Tuesday,1,10,Autumn,0
10023456781,2024-10-22 02:00:00,2024-10-22,02:00:00,0.2558,Tuesday,2,10,Autumn,0
10023456781,2024-10-22 03:00:00,2024-10-22,03:00:00,0.2990,Tuesday,3,10,Autumn,0
10023456781,2024-10-22 04:00:00,2024-10-22,04:00:00,0.3175,Tuesday,4,10,Autumn,0
10023456781,2024-10-22 05:00:00,2024-10-22,05:00:00,0.5093,Tuesday,5,10,Autumn,0
10023456781,2024-10-22 06:00:00,2024-10-22,06:00:00,0.7885,Tuesday,6,10,Autumn,0
10023456781,2024-10-22 07:00:00,2024-10-22,07:00:00,1.0278,Tuesday,7,10,Autumn,0
10023456781,2024-10-22 08:00:00,2024-10-22,08:00:00,1.1221,Tuesday,8,10,Autumn,0
10023456781,2024-10-22 09:00:00,2024-10-22,09:00:00,1.2287,Tuesday,9,10,Autumn,0
10023456781,2024-10-22 10:00:00,2024-10-22,10:00:00,0.9268,Tuesday,10,10,Autumn,0
10023456781,2024-10-22 11:00:00,2024-10-22,11:00:00,0.6074,Tuesday,11,10,Autumn,0
10023456781,2024-10-22 12:00:00,2024-10-22,12:00:00,0.7749,Tuesday,12,10,Autumn,0
10023456781,2024-10-22 13:00:00,2024-10-22,13:00:00,0.9158,Tuesday,13,10,Autumn,0
10023456781,2024-10-22 14:00:00,2024-10-22,14:00:00,0.7959,Tuesday,14,10,Autumn,0
10023456781,2024-10-22 15:00:00,2024-10-22,15:00:00,0.8106,Tuesday,15,10,Autumn,0
10023456781,2024-10-22 16:00:00,2024-10-22,16:00:00,0.8072,Tuesday,16,10,Autumn,0
10023456781,2024-10-22 17:00:00,2024-10-22,17:00:00,1.1758,Tuesday,17,10,Autumn,0
10023456781,2024-10-22 18:00:00,2024-10-22,18:00:00,1.3484,Tuesday,18,10,Autumn,0
10023456781,2024-10-22 19:00:00,2024-10-22,19:00:00,1.8006,Tuesday,19,10,Autumn,0
10023456781,2024-10-22 20:00:00,2024-10-22,20:00:00,1.3956,Tuesday,20,10,Autumn,0
10023456781,2024-10-22 21:00:00,2024-10-22,21:00:00,1.4283,Tuesday,21,10,Autumn,0
10023456781,2024-10-22 22:00:00,2024-10-22,22:00:00,1.1686,Tuesday,22,10,Autumn,0
10023456781,2024-10-22 23:00:00,2024-10-22,23:00:00,0.7042,Tuesday,23,10,Autumn,0
10023456781,2024-10-23 00:00:00,2024-10-23,00:00:00,0.3522,Wednesday,0,10,Autumn,0
10023456781,2024-10-23 01:00:00,2024-10-23,01:00:00,0.3449,Wednesday,1,10,Autumn,0
10023456781,2024-10-23 02:00:00,2024-10-23,02:00:00,0.3101,Wednesday,2,10,Autumn,0
10023456781,2024-10-23 03:00:00,2024-10-23,03:00:00,0.3074,Wednesday,3,10,Autumn,0
10023456781,2024-10-23 04:00:00,2024-10-23,04:00:00,0.3619,Wednesday,4,10,Autumn,0
10023456781,2024-10-23 05:00:00,2024-10-23,05:00:00,0.4604,Wednesday,5,10,Autumn,0
10023456781,2024-10-23 06:00:00,2024-10-23,06:00:00,0.7558,Wednesday,6,10,Autumn,0
10023456781,2024-10-23 07:00:00,2024-10-23,07:00:00,1.1241,Wednesday,7,10,Autumn,0
10023456781,2024-10-23 08:00:00,2024-10-23,08:00:00,1.4713,Wednesday,8,10,Autumn,0
10023456781,2024-10-23 09:00:00,2024-10-23,09:00:00,1.1948,Wednesday,9,10,Autumn,0
10023456781,2024-10-23 10:00:00,2024-10-23,10:00:00,0.8707,Wednesday,10,10,Autumn,0
10023456781,2024-10-23 11:00:00,2024-10-23,11:00:00,0.8684,Wednesday,11,10,Autumn,0
10023456781,2024-10-23 12:00:00,2024-10-23,12:00:00,0.9190,Wednesday,12,10,Autumn,0
10023456781,2024-10-23 13:00:00,2024-10-23,13:00:00,0.8889,Wednesday,13,10,Autumn,0
10023456781,2024-10-23 14:00:00,2024-10-23,14:00:00,0.8420,Wednesday,14,10,Autumn,0
10023456781,2024-10-23 15:00:00,2024-10-23,15:00:00,1.0224,Wednesday,15,10,Autumn,0
10023456781,2024-10-23 16:00:00,2024-10-23,16:00:00,1.0862,Wednesday,16,10,Autumn,0
10023456781,2024-10-23 17:00:00,2024-10-23,17:00:00,1.2089,Wednesday,17,10,Autumn,0
10023456781,2024-10-23 18:00:00,2024-10-23,18:00:00,2.0617,Wednesday,18,10,Autumn,0
10023456781,2024-10-23 19:00:00,2024-10-23,19:00:00,1.6044,Wednesday,19,10,Autumn,0
10023456781,2024-10-23 20:00:00,2024-10-23,20:00:00,0.1822,Wednesday,20,10,Autumn,1
10023456781,2024-10-23 21:00:00,2024-10-23,21:00:00,1.7254,Wednesday,21,10,Autumn,0
10023456781,2024-10-23 22:00:00,2024-10-23,22:00:00,1.0291,Wednesday,22,10,Autumn,0
10023456781,2024-10-23 23:00:00,2024-10-23,23:00:00,0.7571,Wednesday,23,10,Autumn,0
10023456781,2024-10-24 00:00:00,2024-10-24,00:00:00,0.3489,Thursday,0,10,Autumn,0
10023456781,2024-10-24 01:00:00,2024-10-24,01:00:00,0.4052,Thursday,1,10,Autumn,0
10023456781,2024-10-24 02:00:00,2024-10-24,02:00:00,0.2925,Thursday,2,10,Autumn,0
10023456781,2024-10-24 03:00:00,2024-10-24,03:00:00,0.3310,Thursday,3,10,Autumn,0
10023456781,2024-10-24 04:00:00,2024-10-24,04:00:00,0.4131,Thursday,4,10,Autumn,0
10023456781,2024-10-24 05:00:00,2024-10-24,05:00:00,0.5418,Thursday,5,10,Autumn,0
10023456781,2024-10-24 06:00:00,2024-10-24,06:00:00,0.8039,Thursday,6,10,Autumn,0
10023456781,2024-10-24 07:00:00,2024-10-24,07:00:00,1.2497,Thursday,7,10,Autumn,0
10023456781,2024-10-24 08:00:00,2024-10-24,08:00:00,1.3818,Thursday,8,10,Autumn,0
10023456781,2024-10-24 09:00:00,2024-10-24,09:00:00,1.0712,Thursday,9,10,Autumn,0
10023456781,2024-10-24 10:00:00,2024-10-24,10:00:00,0.8962,Thursday,10,10,Autumn,0
10023456781,2024-10-24 11:00:00,2024-10-24,11:00:00,0.8403,Thursday,11,10,Autumn,0
10023456781,2024-10-24 12:00:00,2024-10-24,12:00:00,0.8742,Thursday,12,10,Autumn,0
10023456781,2024-10-24 13:00:00,2024-10-24,13:00:00,0.1189,Thursday,13,10,Autumn,1
10023456781,2024-10-24 14:00:00,2024-10-24,14:00:00,0.7934,Thursday,14,10,Autumn,0
10023456781,2024-10-24 15:00:00,2024-10-24,15:00:00,0.9695,Thursday,15,10,Autumn,0
10023456781,2024-10-24 16:00:00,2024-10-24,16:00:00,1.1384,Thursday,16,10,Autumn,0
10023456781,2024-10-24 17:00:00,2024-10-24,17:00:00,1.2610,Thursday,17,10,Autumn,0
10023456781,2024-10-24 18:00:00,2024-10-24,18:00:00,1.8037,Thursday,18,10,Autumn,0
10023456781,2024-10-24 19:00:00,2024-10-24,19:00:00,1.9681,Thursday,19,10,Autumn,0
10023456781,2024-10-24 20:00:00,2024-10-24,20:00:00,2.0196,Thursday,20,10,Autumn,0
10023456781,2024-10-24 21:00:00,2024-10-24,21:00:00,1.3806,Thursday,21,10,Autumn,0
10023456781,2024-10-24 22:00:00,2024-10-24,22:00:00,1.1177,Thursday,22,10,Autumn,0
10023456781,2024-10-24 23:00:00,2024-10-24,23:00:00,2.3355,Thursday,23,10,Autumn,1
10023456781,2024-10-25 00:00:00,2024-10-25,00:00:00,0.3975,Friday,0,10,Autumn,0
10023456781,2024-10-25 01:00:00,2024-10-25,01:00:00,0.3261,Friday,1,10,Autumn,0
10023456781,2024-10-25 02:00:00,2024-10-25,02:00:00,0.2812,Friday,2,10,Autumn,0
10023456781,2024-10-25 03:00:00,2024-10-25,03:00:00,0.2972,Friday,3,10,Autumn,0
10023456781,2024-10-25 04:00:00,2024-10-25,04:00:00,0.4100,Friday,4,10,Autumn,0
10023456781,2024-10-25 05:00:00,2024-10-25,05:00:00,0.4952,Friday,5,10,Autumn,0
10023456781,2024-10-25 06:00:00,2024-10-25,06:00:00,0.8091,Friday,6,10,Autumn,0
10023456781,2024-10-25 07:00:00,2024-10-25,07:00:00,1.0956,Friday,7,10,Autumn,0
10023456781,2024-10-25 08:00:00,2024-10-25,08:00:00,1.3062,Friday,8,10,Autumn,0
10023456781,2024-10-25 09:00:00,2024-10-25,09:00:00,1.0626,Friday,9,10,Autumn,0
10023456781,2024-10-25 10:00:00,2024-10-25,10:00:00,0.8835,Friday,10,10,Autumn,0
10023456781,2024-10-25 11:00:00,2024-10-25,11:00:00,1.0645,Friday,11,10,Autumn,0
10023456781,2024-10-25 12:00:00,2024-10-25,12:00:00,0.9032,Friday,12,10,Autumn,0
10023456781,2024-10-25 13:00:00,2024-10-25,13:00:00,0.9237,Friday,13,10,Autumn,0
10023456781,2024-10-25 14:00:00,2024-10-25,14:00:00,1.0709,Friday,14,10,Autumn,0
10023456781,2024-10-25 15:00:00,2024-10-25,15:00:00,1.0167,Friday,15,10,Autumn,0
10023456781,2024-10-25 16:00:00,2024-10-25,16:00:00,1.1422,Friday,16,10,Autumn,0
10023456781,2024-10-25 17:00:00,2024-10-25,17:00:00,1.4209,Friday,17,10,Autumn,0
10023456781,2024-10-25 18:00:00,2024-10-25,18:00:00,1.7467,Friday,18,10,Autumn,0
10023456781,2024-10-25 19:00:00,2024-10-25,19:00:00,1.9480,Friday,19,10,Autumn,0
10023456781,2024-10-25 20:00:00,2024-10-25,20:00:00,1.6571,Friday,20,10,Autumn,0
10023456781,2024-10-25 21:00:00,2024-10-25,21:00:00,1.6957,Friday,21,10,Autumn,0
10023456781,2024-10-25 22:00:00,2024-10-25,22:00:00,1.0456,Friday,22,10,Autumn,0
10023456781,2024-10-25 23:00:00,2024-10-25,23:00:00,0.7267,Friday,23,10,Autumn,0
10023456781,2024-10-26 00:00:00,2024-10-26,00:00:00,0.3965,Saturday,0,10,Autumn,0
10023456781,2024-10-26 01:00:00,2024-10-26,01:00:00,0.3232,Saturday,1,10,Autumn,0
10023456781,2024-10-26 02:00:00,2024-10-26,02:00:00,0.3067,Saturday,2,10,Autumn,0
10023456781,2024-10-26 03:00:00,2024-10-26,03:00:00,0.3387,Saturday,3,10,Autumn,0
10023456781,2024-10-26 04:00:00,2024-10-26,04:00:00,0.2879,Saturday,4,10,Autumn,0
10023456781,2024-10-26 05:00:00,2024-10-26,05:00:00,0.3303,Saturday,5,10,Autumn,0
10023456781,2024-10-26 06:00:00,2024-10-26,06:00:00,0.6733,Saturday,6,10,Autumn,0
10023456781,2024-10-26 07:00:00,2024-10-26,07:00:00,0.7354,Saturday,7,10,Autumn,0
10023456781,2024-10-26 08:00:00,2024-10-26,08:00:00,1.0451,Saturday,8,10,Autumn,0
10023456781,2024-10-26 09:00:00,2024-10-26,09:00:00,1.2506,Saturday,9,10,Autumn,0
10023456781,2024-10-26 10:00:00,2024-10-26,10:00:00,1.0605,Saturday,10,10,Autumn,0
10023456781,2024-10-26 11:00:00,2024-10-26,11:00:00,5.8260,Saturday,11,10,Autumn,1
10023456781,2024-10-26 12:00:00,2024-10-26,12:00:00,0.9301,Saturday,12,10,Autumn,0
10023456781,2024-10-26 13:00:00,2024-10-26,13:00:00,1.0595,Saturday,13,10,Autumn,0
10023456781,2024-10-26 14:00:00,2024-10-26,14:00:00,0.9541,Saturday,14,10,Autumn,0
10023456781,2024-10-26 15:00:00,2024-10-26,15:00:00,0.9041,Saturday,15,10,Autumn,0
10023456781,2024-10-26 16:00:00,2024-10-26,16:00:00,1.2061,Saturday,16,10,Autumn,0
10023456781,2024-10-26 17:00:00,2024-10-26,17:00:00,1.2654,Saturday,17,10,Autumn,0
10023456781,2024-10-26 18:00:00,2024-10-26,18:00:00,1.3827,Saturday,18,10,Autumn,0
10023456781,2024-10-26 19:00:00,2024-10-26,19:00:00,1.8276,Saturday,19,10,Autumn,0
10023456781,2024-10-26 20:00:00,2024-10-26,20:00:00,1.5296,Saturday,20,10,Autumn,0
10023456781,2024-10-26 21:00:00,2024-10-26,21:00:00,1.3951,Saturday,21,10,Autumn,0
10023456781,2024-10-26 22:00:00,2024-10-26,22:00:00,1.3826,Saturday,22,10,Autumn,0
10023456781,2024-10-26 23:00:00,2024-10-26,23:00:00,0.6697,Saturday,23,10,Autumn,0
10023456781,2024-10-27 00:00:00,2024-10-27,00:00:00,0.3979,Sunday,0,10,Autumn,0
10023456781,2024-10-27 01:00:00,2024-10-27,01:00:00,0.3560,Sunday,1,10,Autumn,0
10023456781,2024-10-27 02:00:00,2024-10-27,02:00:00,0.3805,Sunday,2,10,Autumn,0
10023456781,2024-10-27 03:00:00,2024-10-27,03:00:00,1.1492,Sunday,3,10,Autumn,1
10023456781,2024-10-27 04:00:00,2024-10-27,04:00:00,0.3434,Sunday,4,10,Autumn,0
10023456781,2024-10-27 05:00:00,2024-10-27,05:00:00,0.4361,Sunday,5,10,Autumn,0
10023456781,2024-10-27 06:00:00,2024-10-27,06:00:00,0.6434,Sunday,6,10,Autumn,0
10023456781,2024-10-27 07:00:00,2024-10-27,07:00:00,1.0129,Sunday,7,10,Autumn,0
10023456781,2024-10-27 08:00:00,2024-10-27,08:00:00,1.1869,Sunday,8,10,Autumn,0
10023456781,2024-10-27 09:00:00,2024-10-27,09:00:00,1.3324,Sunday,9,10,Autumn,0
10023456781,2024-10-27 10:00:00,2024-10-27,10:00:00,1.4530,Sunday,10,10,Autumn,0
10023456781,2024-10-27 11:00:00,2024-10-27,11:00:00,1.2696,Sunday,11,10,Autumn,0
10023456781,2024-10-27 12:00:00,2024-10-27,12:00:00,1.1691,Sunday,12,10,Autumn,0
10023456781,2024-10-27 13:00:00,2024-10-27,13:00:00,1.0959,Sunday,13,10,Autumn,0
10023456781,2024-10-27 14:00:00,2024-10-27,14:00:00,1.1799,Sunday,14,10,Autumn,0
10023456781,2024-10-27 15:00:00,2024-10-27,15:00:00,1.2764,Sunday,15,10,Autumn,0
10023456781,2024-10-27 16:00:00,2024-10-27,16:00:00,1.1023,Sunday,16,10,Autumn,0
10023456781,2024-10-27 17:00:00,2024-10-27,17:00:00,1.6661,Sunday,17,10,Autumn,0
10023456781,2024-10-27 18:00:00,2024-10-27,18:00:00,1.6236,Sunday,18,10,Autumn,0
10023456781,2024-10-27 19:00:00,2024-10-27,19:00:00,1.9692,Sunday,19,10,Autumn,0
10023456781,2024-10-27 20:00:00,2024-10-27,20:00:00,2.0358,Sunday,20,10,Autumn,0
10023456781,2024-10-27 21:00:00,2024-10-27,21:00:00,1.8065,Sunday,21,10,Autumn,0
10023456781,2024-10-27 22:00:00,2024-10-27,22:00:00,1.2227,Sunday,22,10,Autumn,0
10023456781,2024-10-27 23:00:00,2024-10-27,23:00:00,0.8975,Sunday,23,10,Autumn,0
10023456781,2024-10-28 00:00:00,2024-10-28,00:00:00,0.4991,Monday,0,10,Autumn,0
10023456781,2024-10-28 01:00:00,2024-10-28,01:00:00,0.4232,Monday,1,10,Autumn,0
10023456781,2024-10-28 02:00:00,2024-10-28,02:00:00,0.4281,Monday,2,10,Autumn,0
10023456781,2024-10-28 03:00:00,2024-10-28,03:00:00,0.3931,Monday,3,10,Autumn,0
10023456781,2024-10-28 04:00:00,2024-10-28,04:00:00,0.5411,Monday,4,10,Autumn,0
10023456781,2024-10-28 05:00:00,2024-10-28,05:00:00,0.5937,Monday,5,10,Autumn,0
10023456781,2024-10-28 06:00:00,2024-10-28,06:00:00,1.1603,Monday,6,10,Autumn,0
10023456781,2024-10-28 07:00:00,2024-10-28,07:00:00,1.4903,Monday,7,10,Autumn,0
10023456781,2024-10-28 08:00:00,2024-10-28,08:00:00,1.5386,Monday,8,10,Autumn,0
10023456781,2024-10-28 09:00:00,2024-10-28,09:00:00,1.7658,Monday,9,10,Autumn,0
10023456781,2024-10-28 10:00:00,2024-10-28,10:00:00,1.0126,Monday,10,10,Autumn,0
10023456781,2024-10-28 11:00:00,2024-10-28,11:00:00,0.9663,Monday,11,10,Autumn,0
10023456781,2024-10-28 12:00:00,2024-10-28,12:00:00,1.1354,Monday,12,10,Autumn,0
10023456781,2024-10-28 13:00:00,2024-10-28,13:00:00,1.3018,Monday,13,10,Autumn,0
10023456781,2024-10-28 14:00:00,2024-10-28,14:00:00,0.8752,Monday,14,10,Autumn,0
10023456781,2024-10-28 15:00:00,2024-10-28,15:00:00,1.0571,Monday,15,10,Autumn,0
10023456781,2024-10-28 16:00:00,2024-10-28,16:00:00,1.2858,Monday,16,10,Autumn,0
10023456781,2024-10-28 17:00:00,2024-10-28,17:00:00,1.5076,Monday,17,10,Autumn,0
10023456781,2024-10-28 18:00:00,2024-10-28,18:00:00,1.9799,Monday,18,10,Autumn,0
10023456781,2024-10-28 19:00:00,2024-10-28,19:00:00,2.2339,Monday,19,10,Autumn,0
10023456781,2024-10-28 20:00:00,2024-10-28,20:00:00,2.3828,Monday,20,10,Autumn,0
10023456781,2024-10-28 21:00:00,2024-10-28,21:00:00,1.7278,Monday,21,10,Autumn,0
10023456781,2024-10-28 22:00:00,2024-10-28,22:00:00,1.7110,Monday,22,10,Autumn,0
10023456781,2024-10-28 23:00:00,2024-10-28,23:00:00,0.9492,Monday,23,10,Autumn,0
10023456781,2024-10-29 00:00:00,2024-10-29,00:00:00,0.3544,Tuesday,0,10,Autumn,0
10023456781,2024-10-29 01:00:00,2024-10-29,01:00:00,0.3066,Tuesday,1,10,Autumn,0
10023456781,2024-10-29 02:00:00,2024-10-29,02:00:00,0.2935,Tuesday,2,10,Autumn,0
10023456781,2024-10-29 03:00:00,2024-10-29,03:00:00,0.3379,Tuesday,3,10,Autumn,0
10023456781,2024-10-29 04:00:00,2024-10-29,04:00:00,0.3651,Tuesday,4,10,Autumn,0
10023456781,2024-10-29 05:00:00,2024-10-29,05:00:00,0.5114,Tuesday,5,10,Autumn,0
10023456781,2024-10-29 06:00:00,2024-10-29,06:00:00,0.6617,Tuesday,6,10,Autumn,0
10023456781,2024-10-29 07:00:00,2024-10-29,07:00:00,1.0161,Tuesday,7,10,Autumn,0
10023456781,2024-10-29 08:00:00,2024-10-29,08:00:00,1.3690,Tuesday,8,10,Autumn,0
10023456781,2024-10-29 09:00:00,2024-10-29,09:00:00,4.9393,Tuesday,9,10,Autumn,1
10023456781,2024-10-29 10:00:00,2024-10-29,10:00:00,0.7918,Tuesday,10,10,Autumn,0
10023456781,2024-10-29 11:00:00,2024-10-29,11:00:00,0.8096,Tuesday,11,10,Autumn,0
10023456781,2024-10-29 12:00:00,2024-10-29,12:00:00,0.7647,Tuesday,12,10,Autumn,0
10023456781,2024-10-29 13:00:00,2024-10-29,13:00:00,0.7956,Tuesday,13,10,Autumn,0
10023456781,2024-10-29 14:00:00,2024-10-29,14:00:00,0.7031,Tuesday,14,10,Autumn,0
10023456781,2024-10-29 15:00:00,2024-10-29,15:00:00,0.8084,Tuesday,15,10,Autumn,0
10023456781,2024-10-29 16:00:00,2024-10-29,16:00:00,1.0117,Tuesday,16,10,Autumn,0
10023456781,2024-10-29 17:00:00,2024-10-29,17:00:00,1.4049,Tuesday,17,10,Autumn,0
10023456781,2024-10-29 18:00:00,2024-10-29,18:00:00,1.6245,Tuesday,18,10,Autumn,0
10023456781,2024-10-29 19:00:00,2024-10-29,19:00:00,1.4475,Tuesday,19,10,Autumn,0
10023456781,2024-10-29 20:00:00,2024-10-29,20:00:00,1.4020,Tuesday,20,10,Autumn,0
10023456781,2024-10-29 21:00:00,2024-10-29,21:00:00,1.5329,Tuesday,21,10,Autumn,0
10023456781,2024-10-29 22:00:00,2024-10-29,22:00:00,1.3281,Tuesday,22,10,Autumn,0
10023456781,2024-10-29 23:00:00,2024-10-29,23:00:00,0.6384,Tuesday,23,10,Autumn,0
10023456781,2024-10-30 00:00:00,2024-10-30,00:00:00,0.2767,Wednesday,0,10,Autumn,0
10023456781,2024-10-30 01:00:00,2024-10-30,01:00:00,0.2695,Wednesday,1,10,Autumn,0
10023456781,2024-10-30 02:00:00,2024-10-30,02:00:00,0.2326,Wednesday,2,10,Autumn,0
10023456781,2024-10-30 03:00:00,2024-10-30,03:00:00,0.2250,Wednesday,3,10,Autumn,0
10023456781,2024-10-30 04:00:00,2024-10-30,04:00:00,0.2723,Wednesday,4,10,Autumn,0
10023456781,2024-10-30 05:00:00,2024-10-30,05:00:00,0.3372,Wednesday,5,10,Autumn,0
10023456781,2024-10-30 06:00:00,2024-10-30,06:00:00,0.5909,Wednesday,6,10,Autumn,0
10023456781,2024-10-30 07:00:00,2024-10-30,07:00:00,1.0316,Wednesday,7,10,Autumn,0
10023456781,2024-10-30 08:00:00,2024-10-30,08:00:00,1.0313,Wednesday,8,10,Autumn,0
10023456781,2024-10-30 09:00:00,2024-10-30,09:00:00,0.8705,Wednesday,9,10,Autumn,0
10023456781,2024-10-30 10:00:00,2024-10-30,10:00:00,0.6573,Wednesday,10,10,Autumn,0
10023456781,2024-10-30 11:00:00,2024-10-30,11:00:00,0.5948,Wednesday,11,10,Autumn,0
10023456781,2024-10-30 12:00:00,2024-10-30,12:00:00,0.5336,Wednesday,12,10,Autumn,0
10023456781,2024-10-30 13:00:00,2024-10-30,13:00:00,0.6546,Wednesday,13,10,Autumn,0
10023456781,2024-10-30 14:00:00,2024-10-30,14:00:00,0.6419,Wednesday,14,10,Autumn,0
10023456781,2024-10-30 15:00:00,2024-10-30,15:00:00,0.6424,Wednesday,15,10,Autumn,0
10023456781,2024-10-30 16:00:00,2024-10-30,16:00:00,0.0685,Wednesday,16,10,Autumn,1
10023456781,2024-10-30 17:00:00,2024-10-30,17:00:00,0.9966,Wednesday,17,10,Autumn,0
10023456781,2024-10-30 18:00:00,2024-10-30,18:00:00,1.2225,Wednesday,18,10,Autumn,0
10023456781,2024-10-30 19:00:00,2024-10-30,19:00:00,1.2724,Wednesday,19,10,Autumn,0
10023456781,2024-10-30 20:00:00,2024-10-30,20:00:00,1.4316,Wednesday,20,10,Autumn,0
10023456781,2024-10-30 21:00:00,2024-10-30,21:00:00,1.1893,Wednesday,21,10,Autumn,0
10023456781,2024-10-30 22:00:00,2024-10-30,22:00:00,0.9503,Wednesday,22,10,Autumn,0
10023456781,2024-10-30 23:00:00,2024-10-30,23:00:00,0.5124,Wednesday,23,10,Autumn,0
10023456781,2024-10-31 00:00:00,2024-10-31,00:00:00,0.3152,Thursday,0,10,Autumn,0
10023456781,2024-10-31 01:00:00,2024-10-31,01:00:00,0.3326,Thursday,1,10,Autumn,0
10023456781,2024-10-31 02:00:00,2024-10-31,02:00:00,0.2908,Thursday,2,10,Autumn,0
10023456781,2024-10-31 03:00:00,2024-10-31,03:00:00,0.2629,Thursday,3,10,Autumn,0
10023456781,2024-10-31 04:00:00,2024-10-31,04:00:00,0.3677,Thursday,4,10,Autumn,0
10023456781,2024-10-31 05:00:00,2024-10-31,05:00:00,0.4351,Thursday,5,10,Autumn,0
10023456781,2024-10-31 06:00:00,2024-10-31,06:00:00,0.7752,Thursday,6,10,Autumn,0
10023456781,2024-10-31 07:00:00,2024-10-31,07:00:00,1.2153,Thursday,7,10,Autumn,0
10023456781,2024-10-31 08:00:00,2024-10-31,08:00:00,1.1259,Thursday,8,10,Autumn,0
10023456781,2024-10-31 09:00:00,2024-10-31,09:00:00,1.0018,Thursday,9,10,Autumn,0
10023456781,2024-10-31 10:00:00,2024-10-31,10:00:00,0.8645,Thursday,10,10,Autumn,0
10023456781,2024-10-31 11:00:00,2024-10-31,11:00:00,0.5629,Thursday,11,10,Autumn,0
10023456781,2024-10-31 12:00:00,2024-10-31,12:00:00,0.7830,Thursday,12,10,Autumn,0
10023456781,2024-10-31 13:00:00,2024-10-31,13:00:00,0.7346,Thursday,13,10,Autumn,0
10023456781,2024-10-31 14:00:00,2024-10-31,14:00:00,0.1418,Thursday,14,10,Autumn,1
10023456781,2024-10-31 15:00:00,2024-10-31,15:00:00,0.6532,Thursday,15,10,Autumn,0
10023456781,2024-10-31 16:00:00,2024-10-31,16:00:00,0.9743,Thursday,16,10,Autumn,0
10023456781,2024-10-31 17:00:00,2024-10-31,17:00:00,1.0851,Thursday,17,10,Autumn,0
10023456781,2024-10-31 18:00:00,2024-10-31,18:00:00,1.5465,Thursday,18,10,Autumn,0
10023456781,2024-10-31 19:00:00,2024-10-31,19:00:00,1.7474,Thursday,19,10,Autumn,0
10023456781,2024-10-31 20:00:00,2024-10-31,20:00:00,1.8180,Thursday,20,10,Autumn,0
10023456781,2024-10-31 21:00:00,2024-10-31,21:00:00,1.4089,Thursday,21,10,Autumn,0
10023456781,2024-10-31 22:00:00,2024-10-31,22:00:00,0.8954,Thursday,22,10,Autumn,0
10023456781,2024-10-31 23:00:00,2024-10-31,23:00:00,0.6204,Thursday,23,10,Autumn,0
10023456781,2024-11-01 00:00:00,2024-11-01,00:00:00,0.2537,Friday,0,11,Autumn,0
10023456781,2024-11-01 01:00:00,2024-11-01,01:00:00,0.3599,Friday,1,11,Autumn,0
10023456781,2024-11-01 02:00:00,2024-11-01,02:00:00,0.9881,Friday,2,11,Autumn,1
10023456781,2024-11-01 03:00:00,2024-11-01,03:00:00,0.2794,Friday,3,11,Autumn,0
10023456781,2024-11-01 04:00:00,2024-11-01,04:00:00,0.2432,Friday,4,11,Autumn,0
10023456781,2024-11-01 05:00:00,2024-11-01,05:00:00,0.3609,Friday,5,11,Autumn,0
10023456781,2024-11-01 06:00:00,2024-11-01,06:00:00,0.6688,Friday,6,11,Autumn,0
10023456781,2024-11-01 07:00:00,2024-11-01,07:00:00,0.8735,Friday,7,11,Autumn,0
10023456781,2024-11-01 08:00:00,2024-11-01,08:00:00,1.0547,Friday,8,11,Autumn,0
10023456781,2024-11-01 09:00:00,2024-11-01,09:00:00,0.9759,Friday,9,11,Autumn,0
10023456781,2024-11-01 10:00:00,2024-11-01,10:00:00,0.6902,Friday,10,11,Autumn,0
10023456781,2024-11-01 11:00:00,2024-11-01,11:00:00,0.6563,Friday,11,11,Autumn,0
10023456781,2024-11-01 12:00:00,2024-11-01,12:00:00,0.6453,Friday,12,11,Autumn,0
10023456781,2024-11-01 13:00:00,2024-11-01,13:00:00,0.4736,Friday,13,11,Autumn,0
10023456781,2024-11-01 14:00:00,2024-11-01,14:00:00,0.6890,Friday,14,11,Autumn,0
10023456781,2024-11-01 15:00:00,2024-11-01,15:00:00,0.7081,Friday,15,11,Autumn,0
10023456781,2024-11-01 16:00:00,2024-11-01,16:00:00,0.7982,Friday,16,11,Autumn,0
10023456781,2024-11-01 17:00:00,2024-11-01,17:00:00,1.1234,Friday,17,11,Autumn,0
10023456781,2024-11-01 18:00:00,2024-11-01,18:00:00,1.4803,Friday,18,11,Autumn,0
10023456781,2024-11-01 19:00:00,2024-11-01,19:00:00,1.6231,Friday,19,11,Autumn,0
10023456781,2024-11-01 20:00:00,2024-11-01,20:00:00,1.5215,Friday,20,11,Autumn,0
10023456781,2024-11-01 21:00:00,2024-11-01,21:00:00,1.2905,Friday,21,11,Autumn,0
10023456781,2024-11-01 22:00:00,2024-11-01,22:00:00,0.9492,Friday,22,11,Autumn,0
10023456781,2024-11-01 23:00:00,2024-11-01,23:00:00,0.5496,Friday,23,11,Autumn,0
10023456781,2024-11-02 00:00:00,2024-11-02,00:00:00,0.4071,Saturday,0,11,Autumn,0
10023456781,2024-11-02 01:00:00,2024-11-02,01:00:00,0.3316,Saturday,1,11,Autumn,0
10023456781,2024-11-02 02:00:00,2024-11-02,02:00:00,0.3339,Saturday,2,11,Autumn,0
10023456781,2024-11-02 03:00:00,2024-11-02,03:00:00,0.3113,Saturday,3,11,Autumn,0
10023456781,2024-11-02 04:00:00,2024-11-02,04:00:00,0.3118,Saturday,4,11,Autumn,0
10023456781,2024-11-02 05:00:00,2024-11-02,05:00:00,0.3591,Saturday,5,11,Autumn,0
10023456781,2024-11-02 06:00:00,2024-11-02,06:00:00,0.5881,Saturday,6,11,Autumn,0
10023456781,2024-11-02 07:00:00,2024-11-02,07:00:00,0.8606,Saturday,7,11,Autumn,0
10023456781,2024-11-02 08:00:00,2024-11-02,08:00:00,1.1640,Saturday,8,11,Autumn,0
10023456781,2024-11-02 09:00:00,2024-11-02,09:00:00,1.1290,Saturday,9,11,Autumn,0
10023456781,2024-11-02 10:00:00,2024-11-02,10:00:00,1.0931,Saturday,10,11,Autumn,0
10023456781,2024-11-02 11:00:00,2024-11-02,11:00:00,1.0690,Saturday,11,11,Autumn,0
10023456781,2024-11-02 12:00:00,2024-11-02,12:00:00,1.1168,Saturday,12,11,Autumn,0
10023456781,2024-11-02 13:00:00,2024-11-02,13:00:00,0.9410,Saturday,13,11,Autumn,0
10023456781,2024-11-02 14:00:00,2024-11-02,14:00:00,0.9824,Saturday,14,11,Autumn,0
10023456781,2024-11-02 15:00:00,2024-11-02,15:00:00,1.0407,Saturday,15,11,Autumn,0
10023456781,2024-11-02 16:00:00,2024-11-02,16:00:00,0.9370,Saturday,16,11,Autumn,0
10023456781,2024-11-02 17:00:00,2024-11-02,17:00:00,1.2913,Saturday,17,11,Autumn,0
10023456781,2024-11-02 18:00:00,2024-11-02,18:00:00,1.6879,Saturday,18,11,Autumn,0
10023456781,2024-11-02 19:00:00,2024-11-02,19:00:00,2.1391,Saturday,19,11,Autumn,0
10023456781,2024-11-02 20:00:00,2024-11-02,20:00:00,1.4913,Saturday,20,11,Autumn,0
10023456781,2024-11-02 21:00:00,2024-11-02,21:00:00,1.4648,Saturday,21,11,Autumn,0
10023456781,2024-11-02 22:00:00,2024-11-02,22:00:00,1.0877,Saturday,22,11,Autumn,0
10023456781,2024-11-02 23:00:00,2024-11-02,23:00:00,0.8311,Saturday,23,11,Autumn,0
10023456781,2024-11-03 00:00:00,2024-11-03,00:00:00,0.3247,Sunday,0,11,Autumn,0
10023456781,2024-11-03 01:00:00,2024-11-03,01:00:00,0.2954,Sunday,1,11,Autumn,0
10023456781,2024-11-03 02:00:00,2024-11-03,02:00:00,0.2788,Sunday,2,11,Autumn,0
10023456781,2024-11-03 03:00:00,2024-11-03,03:00:00,0.2807,Sunday,3,11,Autumn,0
10023456781,2024-11-03 04:00:00,2024-11-03,04:00:00,0.2508,Sunday,4,11,Autumn,0
10023456781,2024-11-03 05:00:00,2024-11-03,05:00:00,0.2761,Sunday,5,11,Autumn,0
10023456781,2024-11-03 06:00:00,2024-11-03,06:00:00,0.4906,Sunday,6,11,Autumn,0
10023456781,2024-11-03 07:00:00,2024-11-03,07:00:00,0.6526,Sunday,7,11,Autumn,0
10023456781,2024-11-03 08:00:00,2024-11-03,08:00:00,1.0062,Sunday,8,11,Autumn,0
10023456781,2024-11-03 09:00:00,2024-11-03,09:00:00,1.4041,Sunday,9,11,Autumn,0
10023456781,2024-11-03 10:00:00,2024-11-03,10:00:00,1.1067,Sunday,10,11,Autumn,0
10023456781,2024-11-03 11:00:00,2024-11-03,11:00:00,0.9280,Sunday,11,11,Autumn,0
10023456781,2024-11-03 12:00:00,2024-11-03,12:00:00,0.9369,Sunday,12,11,Autumn,0
10023456781,2024-11-03 13:00:00,2024-11-03,13:00:00,0.9663,Sunday,13,11,Autumn,0
10023456781,2024-11-03 14:00:00,2024-11-03,14:00:00,0.9099,Sunday,14,11,Autumn,0
10023456781,2024-11-03 15:00:00,2024-11-03,15:00:00,0.9637,Sunday,15,11,Autumn,0
10023456781,2024-11-03 16:00:00,2024-11-03,16:00:00,1.0403,Sunday,16,11,Autumn,0
10023456781,2024-11-03 17:00:00,2024-11-03,17:00:00,1.1465,Sunday,17,11,Autumn,0
10023456781,2024-11-03 18:00:00,2024-11-03,18:00:00,1.5336,Sunday,18,11,Autumn,0
10023456781,2024-11-03 19:00:00,2024-11-03,19:00:00,1.7479,Sunday,19,11,Autumn,0
10023456781,2024-11-03 20:00:00,2024-11-03,20:00:00,1.4860,Sunday,20,11,Autumn,0
10023456781,2024-11-03 21:00:00,2024-11-03,21:00:00,1.3241,Sunday,21,11,Autumn,0
10023456781,2024-11-03 22:00:00,2024-11-03,22:00:00,1.0576,Sunday,22,11,Autumn,0
10023456781,2024-11-03 23:00:00,2024-11-03,23:00:00,0.6052,Sunday,23,11,Autumn,0
10023456781,2024-11-04 00:00:00,2024-11-04,00:00:00,1.1242,Monday,0,11,Autumn,1
10023456781,2024-11-04 01:00:00,2024-11-04,01:00:00,0.3183,Monday,1,11,Autumn,0
10023456781,2024-11-04 02:00:00,2024-11-04,02:00:00,0.2278,Monday,2,11,Autumn,0
10023456781,2024-11-04 03:00:00,2024-11-04,03:00:00,0.2965,Monday,3,11,Autumn,0
10023456781,2024-11-04 04:00:00,2024-11-04,04:00:00,0.3095,Monday,4,11,Autumn,0
10023456781,2024-11-04 05:00:00,2024-11-04,05:00:00,0.4408,Monday,5,11,Autumn,0
10023456781,2024-11-04 06:00:00,2024-11-04,06:00:00,0.7785,Monday,6,11,Autumn,0
10023456781,2024-11-04 07:00:00,2024-11-04,07:00:00,1.1734,Monday,7,11,Autumn,0
10023456781,2024-11-04 08:00:00,2024-11-04,08:00:00,1.0258,Monday,8,11,Autumn,0
10023456781,2024-11-04 09:00:00,2024-11-04,09:00:00,1.1213,Monday,9,11,Autumn,0
10023456781,2024-11-04 10:00:00,2024-11-04,10:00:00,0.8656,Monday,10,11,Autumn,0
10023456781,2024-11-04 11:00:00,2024-11-04,11:00:00,0.8413,Monday,11,11,Autumn,0
10023456781,2024-11-04 12:00:00,2024-11-04,12:00:00,3.3718,Monday,12,11,Autumn,1
10023456781,2024-11-04 13:00:00,2024-11-04,13:00:00,0.6789,Monday,13,11,Autumn,0
10023456781,2024-11-04 14:00:00,2024-11-04,14:00:00,0.7376,Monday,14,11,Autumn,0
10023456781,2024-11-04 15:00:00,2024-11-04,15:00:00,0.9354,Monday,15,11,Autumn,0
10023456781,2024-11-04 16:00:00,2024-11-04,16:00:00,0.9951,Monday,16,11,Autumn,0
10023456781,2024-11-04 17:00:00,2024-11-04,17:00:00,1.1683,Monday,17,11,Autumn,0
10023456781,2024-11-04 18:00:00,2024-11-04,18:00:00,1.6307,Monday,18,11,Autumn,0
10023456781,2024-11-04 19:00:00,2024-11-04,19:00:00,1.4734,Monday,19,11,Autumn,0
10023456781,2024-11-04 20:00:00,2024-11-04,20:00:00,1.4333,Monday,20,11,Autumn,0
10023456781,2024-11-04 21:00:00,2024-11-04,21:00:00,1.4136,Monday,21,11,Autumn,0
10023456781,2024-11-04 22:00:00,2024-11-04,22:00:00,0.9075,Monday,22,11,Autumn,0
10023456781,2024-11-04 23:00:00,2024-11-04,23:00:00,0.6658,Monday,23,11,Autumn,0
10023456781,2024-11-05 00:00:00,2024-11-05,00:00:00,0.3743,Tuesday,0,11,Autumn,0
10023456781,2024-11-05 01:00:00,2024-11-05,01:00:00,0.2581,Tuesday,1,11,Autumn,0
10023456781,2024-11-05 02:00:00,2024-11-05,02:00:00,0.2534,Tuesday,2,11,Autumn,0
10023456781,2024-11-05 03:00:00,2024-11-05,03:00:00,0.3224,Tuesday,3,11,Autumn,0
10023456781,2024-11-05 04:00:00,2024-11-05,04:00:00,0.3425,Tuesday,4,11,Autumn,0
10023456781,2024-11-05 05:00:00,2024-11-05,05:00:00,0.5273,Tuesday,5,11,Autumn,0
10023456781,2024-11-05 06:00:00,2024-11-05,06:00:00,0.8470,Tuesday,6,11,Autumn,0
10023456781,2024-11-05 07:00:00,2024-11-05,07:00:00,3.1263,Tuesday,7,11,Autumn,1
10023456781,2024-11-05 08:00:00,2024-11-05,08:00:00,1.3058,Tuesday,8,11,Autumn,0
10023456781,2024-11-05 09:00:00,2024-11-05,09:00:00,1.0585,Tuesday,9,11,Autumn,0
10023456781,2024-11-05 10:00:00,2024-11-05,10:00:00,0.8021,Tuesday,10,11,Autumn,0
10023456781,2024-11-05 11:00:00,2024-11-05,11:00:00,0.7815,Tuesday,11,11,Autumn,0
10023456781,2024-11-05 12:00:00,2024-11-05,12:00:00,0.7761,Tuesday,12,11,Autumn,0
10023456781,2024-11-05 13:00:00,2024-11-05,13:00:00,0.9826,Tuesday,13,11,Autumn,0
10023456781,2024-11-05 14:00:00,2024-11-05,14:00:00,0.7564,Tuesday,14,11,Autumn,0
10023456781,2024-11-05 15:00:00,2024-11-05,15:00:00,0.9703,Tuesday,15,11,Autumn,0
10023456781,2024-11-05 16:00:00,2024-11-05,16:00:00,0.9812,Tuesday,16,11,Autumn,0
10023456781,2024-11-05 17:00:00,2024-11-05,17:00:00,0.9866,Tuesday,17,11,Autumn,0
10023456781,2024-11-05 18:00:00,2024-11-05,18:00:00,1.6819,Tuesday,18,11,Autumn,0
10023456781,2024-11-05 19:00:00,2024-11-05,19:00:00,1.6727,Tuesday,19,11,Autumn,0
10023456781,2024-11-05 20:00:00,2024-11-05,20:00:00,1.6330,Tuesday,20,11,Autumn,0
10023456781,2024-11-05 21:00:00,2024-11-05,21:00:00,1.5223,Tuesday,21,11,Autumn,0
10023456781,2024-11-05 22:00:00,2024-11-05,22:00:00,1.0313,Tuesday,22,11,Autumn,0
10023456781,2024-11-05 23:00:00,2024-11-05,23:00:00,0.5484,Tuesday,23,11,Autumn,0
10023456781,2024-11-06 00:00:00,2024-11-06,00:00:00,0.4541,Wednesday,0,11,Autumn,0
10023456781,2024-11-06 01:00:00,2024-11-06,01:00:00,0.3890,Wednesday,1,11,Autumn,0
10023456781,2024-11-06 02:00:00,2024-11-06,02:00:00,0.3580,Wednesday,2,11,Autumn,0
10023456781,2024-11-06 03:00:00,2024-11-06,03:00:00,0.3260,Wednesday,3,11,Autumn,0
10023456781,2024-11-06 04:00:00,2024-11-06,04:00:00,0.3840,Wednesday,4,11,Autumn,0
10023456781,2024-11-06 05:00:00,2024-11-06,05:00:00,0.5891,Wednesday,5,11,Autumn,0
10023456781,2024-11-06 06:00:00,2024-11-06,06:00:00,1.0190,Wednesday,6,11,Autumn,0
10023456781,2024-11-06 07:00:00,2024-11-06,07:00:00,1.1972,Wednesday,7,11,Autumn,0
10023456781,2024-11-06 08:00:00,2024-11-06,08:00:00,1.6742,Wednesday,8,11,Autumn,0
10023456781,2024-11-06 09:00:00,2024-11-06,09:00:00,1.3773,Wednesday,9,11,Autumn,0
10023456781,2024-11-06 10:00:00,2024-11-06,10:00:00,1.0358,Wednesday,10,11,Autumn,0
10023456781,2024-11-06 11:00:00,2024-11-06,11:00:00,0.9683,Wednesday,11,11,Autumn,0
10023456781,2024-11-06 12:00:00,2024-11-06,12:00:00,1.0690,Wednesday,12,11,Autumn,0
10023456781,2024-11-06 13:00:00,2024-11-06,13:00:00,0.9768,Wednesday,13,11,Autumn,0
10023456781,2024-11-06 14:00:00,2024-11-06,14:00:00,0.8228,Wednesday,14,11,Autumn,0
10023456781,2024-11-06 15:00:00,2024-11-06,15:00:00,1.0182,Wednesday,15,11,Autumn,0
10023456781,2024-11-06 16:00:00,2024-11-06,16:00:00,1.1492,Wednesday,16,11,Autumn,0
10023456781,2024-11-06 17:00:00,2024-11-06,17:00:00,1.4640,Wednesday,17,11,Autumn,0
10023456781,2024-11-06 18:00:00,2024-11-06,18:00:00,2.1344,Wednesday,18,11,Autumn,0
10023456781,2024-11-06 19:00:00,2024-11-06,19:00:00,2.5332,Wednesday,19,11,Autumn,0
10023456781,2024-11-06 20:00:00,2024-11-06,20:00:00,1.7943,Wednesday,20,11,Autumn,0
10023456781,2024-11-06 21:00:00,2024-11-06,21:00:00,1.8901,Wednesday,21,11,Autumn,0
10023456781,2024-11-06 22:00:00,2024-11-06,22:00:00,1.2016,Wednesday,22,11,Autumn,0
10023456781,2024-11-06 23:00:00,2024-11-06,23:00:00,0.8855,Wednesday,23,11,Autumn,0
10023456781,2024-11-07 00:00:00,2024-11-07,00:00:00,0.2965,Thursday,0,11,Autumn,0
10023456781,2024-11-07 01:00:00,2024-11-07,01:00:00,0.3071,Thursday,1,11,Autumn,0
10023456781,2024-11-07 02:00:00,2024-11-07,02:00:00,0.2531,Thursday,2,11,Autumn,0
10023456781,2024-11-07 03:00:00,2024-11-07,03:00:00,0.2665,Thursday,3,11,Autumn,0
10023456781,2024-11-07 04:00:00,2024-11-07,04:00:00,0.3089,Thursday,4,11,Autumn,0
10023456781,2024-11-07 05:00:00,2024-11-07,05:00:00,0.4515,Thursday,5,11,Autumn,0
10023456781,2024-11-07 06:00:00,2024-11-07,06:00:00,0.7173,Thursday,6,11,Autumn,0
10023456781,2024-11-07 07:00:00,2024-11-07,07:00:00,1.0242,Thursday,7,11,Autumn,0
10023456781,2024-11-07 08:00:00,2024-11-07,08:00:00,1.1362,Thursday,8,11,Autumn,0
10023456781,2024-11-07 09:00:00,2024-11-07,09:00:00,1.1106,Thursday,9,11,Autumn,0
10023456781,2024-11-07 10:00:00,2024-11-07,10:00:00,0.9377,Thursday,10,11,Autumn,0
10023456781,2024-11-07 11:00:00,2024-11-07,11:00:00,1.7842,Thursday,11,11,Autumn,1
10023456781,2024-11-07 12:00:00,2024-11-07,12:00:00,1.6792,Thursday,12,11,Autumn,1
10023456781,2024-11-07 13:00:00,2024-11-07,13:00:00,1.7167,Thursday,13,11,Autumn,1
10023456781,2024-11-07 14:00:00,2024-11-07,14:00:00,1.7234,Thursday,14,11,Autumn,1
10023456781,2024-11-07 15:00:00,2024-11-07,15:00:00,0.8093,Thursday,15,11,Autumn,0
10023456781,2024-11-07 16:00:00,2024-11-07,16:00:00,0.9208,Thursday,16,11,Autumn,0
10023456781,2024-11-07 17:00:00,2024-11-07,17:00:00,1.0925,Thursday,17,11,Autumn,0
10023456781,2024-11-07 18:00:00,2024-11-07,18:00:00,1.6946,Thursday,18,11,Autumn,0
10023456781,2024-11-07 19:00:00,2024-11-07,19:00:00,1.6114,Thursday,19,11,Autumn,0
10023456781,2024-11-07 20:00:00,2024-11-07,20:00:00,1.6152,Thursday,20,11,Autumn,0
10023456781,2024-11-07 21:00:00,2024-11-07,21:00:00,1.2535,Thursday,21,11,Autumn,0
10023456781,2024-11-07 22:00:00,2024-11-07,22:00:00,0.8564,Thursday,22,11,Autumn,0
10023456781,2024-11-07 23:00:00,2024-11-07,23:00:00,0.7922,Thursday,23,11,Autumn,0
10023456781,2024-11-08 00:00:00,2024-11-08,00:00:00,0.3370,Friday,0,11,Autumn,0
10023456781,2024-11-08 01:00:00,2024-11-08,01:00:00,0.3098,Friday,1,11,Autumn,0
10023456781,2024-11-08 02:00:00,2024-11-08,02:00:00,0.2859,Friday,2,11,Autumn,0
10023456781,2024-11-08 03:00:00,2024-11-08,03:00:00,0.3551,Friday,3,11,Autumn,0
10023456781,2024-11-08 04:00:00,2024-11-08,04:00:00,0.2931,Friday,4,11,Autumn,0
10023456781,2024-11-08 05:00:00,2024-11-08,05:00:00,0.3791,Friday,5,11,Autumn,0
10023456781,2024-11-08 06:00:00,2024-11-08,06:00:00,0.9939,Friday,6,11,Autumn,0
10023456781,2024-11-08 07:00:00,2024-11-08,07:00:00,1.1859,Friday,7,11,Autumn,0
10023456781,2024-11-08 08:00:00,2024-11-08,08:00:00,1.1803,Friday,8,11,Autumn,0
10023456781,2024-11-08 09:00:00,2024-11-08,09:00:00,1.0536,Friday,9,11,Autumn,0
10023456781,2024-11-08 10:00:00,2024-11-08,10:00:00,0.7970,Friday,10,11,Autumn,0
10023456781,2024-11-08 11:00:00,2024-11-08,11:00:00,0.8645,Friday,11,11,Autumn,0
10023456781,2024-11-08 12:00:00,2024-11-08,12:00:00,0.8862,Friday,12,11,Autumn,0
10023456781,2024-11-08 13:00:00,2024-11-08,13:00:00,0.8365,Friday,13,11,Autumn,0
10023456781,2024-11-08 14:00:00,2024-11-08,14:00:00,0.8084,Friday,14,11,Autumn,0
10023456781,2024-11-08 15:00:00,2024-11-08,15:00:00,0.7987,Friday,15,11,Autumn,0
10023456781,2024-11-08 16:00:00,2024-11-08,16:00:00,0.9853,Friday,16,11,Autumn,0
10023456781,2024-11-08 17:00:00,2024-11-08,17:00:00,1.2870,Friday,17,11,Autumn,0
10023456781,2024-11-08 18:00:00,2024-11-08,18:00:00,1.7585,Friday,18,11,Autumn,0
10023456781,2024-11-08 19:00:00,2024-11-08,19:00:00,1.9063,Friday,19,11,Autumn,0
10023456781,2024-11-08 20:00:00,2024-11-08,20:00:00,1.8622,Friday,20,11,Autumn,0
10023456781,2024-11-08 21:00:00,2024-11-08,21:00:00,1.5683,Friday,21,11,Autumn,0
10023456781,2024-11-08 22:00:00,2024-11-08,22:00:00,1.3619,Friday,22,11,Autumn,0
10023456781,2024-11-08 23:00:00,2024-11-08,23:00:00,0.5596,Friday,23,11,Autumn,0
10023456781,2024-11-09 00:00:00,2024-11-09,00:00:00,0.4591,Saturday,0,11,Autumn,0
10023456781,2024-11-09 01:00:00,2024-11-09,01:00:00,0.3804,Saturday,1,11,Autumn,0
10023456781,2024-11-09 02:00:00,2024-11-09,02:00:00,0.3253,Saturday,2,11,Autumn,0
10023456781,2024-11-09 03:00:00,2024-11-09,03:00:00,0.3650,Saturday,3,11,Autumn,0
10023456781,2024-11-09 04:00:00,2024-11-09,04:00:00,0.3651,Saturday,4,11,Autumn,0
10023456781,2024-11-09 05:00:00,2024-11-09,05:00:00,0.3764,Saturday,5,11,Autumn,0
10023456781,2024-11-09 06:00:00,2024-11-09,06:00:00,0.5393,Saturday,6,11,Autumn,0
10023456781,2024-11-09 07:00:00,2024-11-09,07:00:00,0.8751,Saturday,7,11,Autumn,0
10023456781,2024-11-09 08:00:00,2024-11-09,08:00:00,1.3082,Saturday,8,11,Autumn,0
10023456781,2024-11-09 09:00:00,2024-11-09,09:00:00,1.4931,Saturday,9,11,Autumn,0
10023456781,2024-11-09 10:00:00,2024-11-09,10:00:00,1.2178,Saturday,10,11,Autumn,0
10023456781,2024-11-09 11:00:00,2024-11-09,11:00:00,1.2740,Saturday,11,11,Autumn,0
10023456781,2024-11-09 12:00:00,2024-11-09,12:00:00,1.4799,Saturday,12,11,Autumn,0
10023456781,2024-11-09 13:00:00,2024-11-09,13:00:00,1.1157,Saturday,13,11,Autumn,0
10023456781,2024-11-09 14:00:00,2024-11-09,14:00:00,1.0505,Saturday,14,11,Autumn,0
10023456781,2024-11-09 15:00:00,2024-11-09,15:00:00,1.3861,Saturday,15,11,Autumn,0
10023456781,2024-11-09 16:00:00,2024-11-09,16:00:00,1.2995,Saturday,16,11,Autumn,0
10023456781,2024-11-09 17:00:00,2024-11-09,17:00:00,1.7489,Saturday,17,11,Autumn,0
10023456781,2024-11-09 18:00:00,2024-11-09,18:00:00,2.1758,Saturday,18,11,Autumn,0
10023456781,2024-11-09 19:00:00,2024-11-09,19:00:00,1.8837,Saturday,19,11,Autumn,0
10023456781,2024-11-09 20:00:00,2024-11-09,20:00:00,2.0842,Saturday,20,11,Autumn,0
10023456781,2024-11-09 21:00:00,2024-11-09,21:00:00,1.6840,Saturday,21,11,Autumn,0
10023456781,2024-11-09 22:00:00,2024-11-09,22:00:00,1.2624,Saturday,22,11,Autumn,0
10023456781,2024-11-09 23:00:00,2024-11-09,23:00:00,0.8902,Saturday,23,11,Autumn,0
10023456781,2024-11-10 00:00:00,2024-11-10,00:00:00,0.5256,Sunday,0,11,Autumn,0
10023456781,2024-11-10 01:00:00,2024-11-10,01:00:00,0.4472,Sunday,1,11,Autumn,0
10023456781,2024-11-10 02:00:00,2024-11-10,02:00:00,0.3977,Sunday,2,11,Autumn,0
10023456781,2024-11-10 03:00:00,2024-11-10,03:00:00,0.3786,Sunday,3,11,Autumn,0
10023456781,2024-11-10 04:00:00,2024-11-10,04:00:00,0.5227,Sunday,4,11,Autumn,0
10023456781,2024-11-10 05:00:00,2024-11-10,05:00:00,0.4840,Sunday,5,11,Autumn,0
10023456781,2024-11-10 06:00:00,2024-11-10,06:00:00,0.7294,Sunday,6,11,Autumn,0
10023456781,2024-11-10 07:00:00,2024-11-10,07:00:00,1.1812,Sunday,7,11,Autumn,0
10023456781,2024-11-10 08:00:00,2024-11-10,08:00:00,1.4055,Sunday,8,11,Autumn,0
10023456781,2024-11-10 09:00:00,2024-11-10,09:00:00,1.3492,Sunday,9,11,Autumn,0
10023456781,2024-11-10 10:00:00,2024-11-10,10:00:00,1.6981,Sunday,10,11,Autumn,0
10023456781,2024-11-10 11:00:00,2024-11-10,11:00:00,1.3128,Sunday,11,11,Autumn,0
10023456781,2024-11-10 12:00:00,2024-11-10,12:00:00,1.2459,Sunday,12,11,Autumn,0
10023456781,2024-11-10 13:00:00,2024-11-10,13:00:00,1.3924,Sunday,13,11,Autumn,0
10023456781,2024-11-10 14:00:00,2024-11-10,14:00:00,1.0735,Sunday,14,11,Autumn,0
10023456781,2024-11-10 15:00:00,2024-11-10,15:00:00,1.2541,Sunday,15,11,Autumn,0
10023456781,2024-11-10 16:00:00,2024-11-10,16:00:00,1.5837,Sunday,16,11,Autumn,0
10023456781,2024-11-10 17:00:00,2024-11-10,17:00:00,1.6340,Sunday,17,11,Autumn,0
10023456781,2024-11-10 18:00:00,2024-11-10,18:00:00,2.1596,Sunday,18,11,Autumn,0
10023456781,2024-11-10 19:00:00,2024-11-10,19:00:00,2.3971,Sunday,19,11,Autumn,0
10023456781,2024-11-10 20:00:00,2024-11-10,20:00:00,2.1845,Sunday,20,11,Autumn,0
10023456781,2024-11-10 21:00:00,2024-11-10,21:00:00,1.9097,Sunday,21,11,Autumn,0
10023456781,2024-11-10 22:00:00,2024-11-10,22:00:00,1.4393,Sunday,22,11,Autumn,0
10023456781,2024-11-10 23:00:00,2024-11-10,23:00:00,1.0841,Sunday,23,11,Autumn,0
10023456781,2024-11-11 00:00:00,2024-11-11,00:00:00,0.3287,Monday,0,11,Autumn,0
10023456781,2024-11-11 01:00:00,2024-11-11,01:00:00,0.2918,Monday,1,11,Autumn,0
10023456781,2024-11-11 02:00:00,2024-11-11,02:00:00,0.3454,Monday,2,11,Autumn,0
10023456781,2024-11-11 03:00:00,2024-11-11,03:00:00,0.2494,Monday,3,11,Autumn,0
10023456781,2024-11-11 04:00:00,2024-11-11,04:00:00,0.3338,Monday,4,11,Autumn,0
10023456781,2024-11-11 05:00:00,2024-11-11,05:00:00,0.5893,Monday,5,11,Autumn,0
10023456781,2024-11-11 06:00:00,2024-11-11,06:00:00,0.7094,Monday,6,11,Autumn,0
10023456781,2024-11-11 07:00:00,2024-11-11,07:00:00,1.2354,Monday,7,11,Autumn,0
10023456781,2024-11-11 08:00:00,2024-11-11,08:00:00,1.2376,Monday,8,11,Autumn,0
10023456781,2024-11-11 09:00:00,2024-11-11,09:00:00,0.9199,Monday,9,11,Autumn,0
10023456781,2024-11-11 10:00:00,2024-11-11,10:00:00,1.0398,Monday,10,11,Autumn,0
10023456781,2024-11-11 11:00:00,2024-11-11,11:00:00,0.8448,Monday,11,11,Autumn,0
10023456781,2024-11-11 12:00:00,2024-11-11,12:00:00,0.7101,Monday,12,11,Autumn,0
10023456781,2024-11-11 13:00:00,2024-11-11,13:00:00,0.8692,Monday,13,11,Autumn,0
10023456781,2024-11-11 14:00:00,2024-11-11,14:00:00,0.8574,Monday,14,11,Autumn,0
10023456781,2024-11-11 15:00:00,2024-11-11,15:00:00,0.9287,Monday,15,11,Autumn,0
10023456781,2024-11-11 16:00:00,2024-11-11,16:00:00,1.0512,Monday,16,11,Autumn,0
10023456781,2024-11-11 17:00:00,2024-11-11,17:00:00,1.5966,Monday,17,11,Autumn,0
10023456781,2024-11-11 18:00:00,2024-11-11,18:00:00,1.6225,Monday,18,11,Autumn,0
10023456781,2024-11-11 19:00:00,2024-11-11,19:00:00,1.8729,Monday,19,11,Autumn,0
10023456781,2024-11-11 20:00:00,2024-11-11,20:00:00,1.7045,Monday,20,11,Autumn,0
10023456781,2024-11-11 21:00:00,2024-11-11,21:00:00,1.6651,Monday,21,11,Autumn,0
10023456781,2024-11-11 22:00:00,2024-11-11,22:00:00,1.0766,Monday,22,11,Autumn,0
10023456781,2024-11-11 23:00:00,2024-11-11,23:00:00,0.6041,Monday,23,11,Autumn,0
10023456781,2024-11-12 00:00:00,2024-11-12,00:00:00,0.2703,Tuesday,0,11,Autumn,0
10023456781,2024-11-12 01:00:00,2024-11-12,01:00:00,0.2564,Tuesday,1,11,Autumn,0
10023456781,2024-11-12 02:00:00,2024-11-12,02:00:00,0.2388,Tuesday,2,11,Autumn,0
10023456781,2024-11-12 03:00:00,2024-11-12,03:00:00,0.3185,Tuesday,3,11,Autumn,0
10023456781,2024-11-12 04:00:00,2024-11-12,04:00:00,0.2662,Tuesday,4,11,Autumn,0
10023456781,2024-11-12 05:00:00,2024-11-12,05:00:00,0.4463,Tuesday,5,11,Autumn,0
10023456781,2024-11-12 06:00:00,2024-11-12,06:00:00,0.9179,Tuesday,6,11,Autumn,0
10023456781,2024-11-12 07:00:00,2024-11-12,07:00:00,0.9762,Tuesday,7,11,Autumn,0
10023456781,2024-11-12 08:00:00,2024-11-12,08:00:00,1.1659,Tuesday,8,11,Autumn,0
10023456781,2024-11-12 09:00:00,2024-11-12,09:00:00,0.9493,Tuesday,9,11,Autumn,0
10023456781,2024-11-12 10:00:00,2024-11-12,10:00:00,0.6780,Tuesday,10,11,Autumn,0
10023456781,2024-11-12 11:00:00,2024-11-12,11:00:00,0.8090,Tuesday,11,11,Autumn,0
10023456781,2024-11-12 12:00:00,2024-11-12,12:00:00,0.7172,Tuesday,12,11,Autumn,0
10023456781,2024-11-12 13:00:00,2024-11-12,13:00:00,0.7080,Tuesday,13,11,Autumn,0
10023456781,2024-11-12 14:00:00,2024-11-12,14:00:00,0.7668,Tuesday,14,11,Autumn,0
10023456781,2024-11-12 15:00:00,2024-11-12,15:00:00,0.7700,Tuesday,15,11,Autumn,0
10023456781,2024-11-12 16:00:00,2024-11-12,16:00:00,0.8401,Tuesday,16,11,Autumn,0
10023456781,2024-11-12 17:00:00,2024-11-12,17:00:00,0.8675,Tuesday,17,11,Autumn,0
10023456781,2024-11-12 18:00:00,2024-11-12,18:00:00,1.5305,Tuesday,18,11,Autumn,0
10023456781,2024-11-12 19:00:00,2024-11-12,19:00:00,1.5644,Tuesday,19,11,Autumn,0
10023456781,2024-11-12 20:00:00,2024-11-12,20:00:00,4.3663,Tuesday,20,11,Autumn,1
10023456781,2024-11-12 21:00:00,2024-11-12,21:00:00,1.4511,Tuesday,21,11,Autumn,0
10023456781,2024-11-12 22:00:00,2024-11-12,22:00:00,1.0383,Tuesday,22,11,Autumn,0
10023456781,2024-11-12 23:00:00,2024-11-12,23:00:00,0.4389,Tuesday,23,11,Autumn,0
10023456781,2024-11-13 00:00:00,2024-11-13,00:00:00,0.4717,Wednesday,0,11,Autumn,0
10023456781,2024-11-13 01:00:00,2024-11-13,01:00:00,0.3709,Wednesday,1,11,Autumn,0
10023456781,2024-11-13 02:00:00,2024-11-13,02:00:00,0.2658,Wednesday,2,11,Autumn,0
10023456781,2024-11-13 03:00:00,2024-11-13,03:00:00,0.3203,Wednesday,3,11,Autumn,0
10023456781,2024-11-13 04:00:00,2024-11-13,04:00:00,0.3307,Wednesday,4,11,Autumn,0
10023456781,2024-11-13 05:00:00,2024-11-13,05:00:00,0.5081,Wednesday,5,11,Autumn,0
10023456781,2024-11-13 06:00:00,2024-11-13,06:00:00,0.8639,Wednesday,6,11,Autumn,0
10023456781,2024-11-13 07:00:00,2024-11-13,07:00:00,1.1459,Wednesday,7,11,Autumn,0
10023456781,2024-11-13 08:00:00,2024-11-13,08:00:00,1.1979,Wednesday,8,11,Autumn,0
10023456781,2024-11-13 09:00:00,2024-11-13,09:00:00,1.0648,Wednesday,9,11,Autumn,0
10023456781,2024-11-13 10:00:00,2024-11-13,10:00:00,0.8763,Wednesday,10,11,Autumn,0
10023456781,2024-11-13 11:00:00,2024-11-13,11:00:00,0.8169,Wednesday,11,11,Autumn,0
10023456781,2024-11-13 12:00:00,2024-11-13,12:00:00,0.6738,Wednesday,12,11,Autumn,0
10023456781,2024-11-13 13:00:00,2024-11-13,13:00:00,0.9063,Wednesday,13,11,Autumn,0
10023456781,2024-11-13 14:00:00,2024-11-13,14:00:00,1.0173,Wednesday,14,11,Autumn,0
10023456781,2024-11-13 15:00:00,2024-11-13,15:00:00,0.7182,Wednesday,15,11,Autumn,0
10023456781,2024-11-13 16:00:00,2024-11-13,16:00:00,0.9133,Wednesday,16,11,Autumn,0
10023456781,2024-11-13 17:00:00,2024-11-13,17:00:00,1.4063,Wednesday,17,11,Autumn,0
10023456781,2024-11-13 18:00:00,2024-11-13,18:00:00,1.6338,Wednesday,18,11,Autumn,0
10023456781,2024-11-13 19:00:00,2024-11-13,19:00:00,1.5627,Wednesday,19,11,Autumn,0
10023456781,2024-11-13 20:00:00,2024-11-13,20:00:00,1.8581,Wednesday,20,11,Autumn,0
10023456781,2024-11-13 21:00:00,2024-11-13,21:00:00,1.6168,Wednesday,21,11,Autumn,0
10023456781,2024-11-13 22:00:00,2024-11-13,22:00:00,1.0731,Wednesday,22,11,Autumn,0
10023456781,2024-11-13 23:00:00,2024-11-13,23:00:00,0.7480,Wednesday,23,11,Autumn,0
10023456781,2024-11-14 00:00:00,2024-11-14,00:00:00,0.4135,Thursday,0,11,Autumn,0
10023456781,2024-11-14 01:00:00,2024-11-14,01:00:00,0.3326,Thursday,1,11,Autumn,0
10023456781,2024-11-14 02:00:00,2024-11-14,02:00:00,0.2437,Thursday,2,11,Autumn,0
10023456781,2024-11-14 03:00:00,2024-11-14,03:00:00,0.3012,Thursday,3,11,Autumn,0
10023456781,2024-11-14 04:00:00,2024-11-14,04:00:00,0.3075,Thursday,4,11,Autumn,0
10023456781,2024-11-14 05:00:00,2024-11-14,05:00:00,0.5101,Thursday,5,11,Autumn,0
10023456781,2024-11-14 06:00:00,2024-11-14,06:00:00,0.8749,Thursday,6,11,Autumn,0
10023456781,2024-11-14 07:00:00,2024-11-14,07:00:00,1.2621,Thursday,7,11,Autumn,0
10023456781,2024-11-14 08:00:00,2024-11-14,08:00:00,1.3234,Thursday,8,11,Autumn,0
10023456781,2024-11-14 09:00:00,2024-11-14,09:00:00,1.0899,Thursday,9,11,Autumn,0
10023456781,2024-11-14 10:00:00,2024-11-14,10:00:00,0.7964,Thursday,10,11,Autumn,0
10023456781,2024-11-14 11:00:00,2024-11-14,11:00:00,0.8652,Thursday,11,11,Autumn,0
10023456781,2024-11-14 12:00:00,2024-11-14,12:00:00,0.9405,Thursday,12,11,Autumn,0
10023456781,2024-11-14 13:00:00,2024-11-14,13:00:00,0.7986,Thursday,13,11,Autumn,0
10023456781,2024-11-14 14:00:00,2024-11-14,14:00:00,0.7502,Thursday,14,11,Autumn,0
10023456781,2024-11-14 15:00:00,2024-11-14,15:00:00,0.8617,Thursday,15,11,Autumn,0
10023456781,2024-11-14 16:00:00,2024-11-14,16:00:00,0.9868,Thursday,16,11,Autumn,0
10023456781,2024-11-14 17:00:00,2024-11-14,17:00:00,1.2205,Thursday,17,11,Autumn,0
10023456781,2024-11-14 18:00:00,2024-11-14,18:00:00,1.5587,Thursday,18,11,Autumn,0
10023456781,2024-11-14 19:00:00,2024-11-14,19:00:00,2.0334,Thursday,19,11,Autumn,0
10023456781,2024-11-14 20:00:00,2024-11-14,20:00:00,1.9169,Thursday,20,11,Autumn,0
10023456781,2024-11-14 21:00:00,2024-11-14,21:00:00,1.5953,Thursday,21,11,Autumn,0
10023456781,2024-11-14 22:00:00,2024-11-14,22:00:00,1.2848,Thursday,22,11,Autumn,0
10023456781,2024-11-14 23:00:00,2024-11-14,23:00:00,0.7399,Thursday,23,11,Autumn,0
10023456781,2024-11-15 00:00:00,2024-11-15,00:00:00,0.3239,Friday,0,11,Autumn,0
10023456781,2024-11-15 01:00:00,2024-11-15,01:00:00,0.3171,Friday,1,11,Autumn,0
10023456781,2024-11-15 02:00:00,2024-11-15,02:00:00,0.2344,Friday,2,11,Autumn,0
10023456781,2024-11-15 03:00:00,2024-11-15,03:00:00,0.3052,Friday,3,11,Autumn,0
10023456781,2024-11-15 04:00:00,2024-11-15,04:00:00,0.2546,Friday,4,11,Autumn,0
10023456781,2024-11-15 05:00:00,2024-11-15,05:00:00,0.4228,Friday,5,11,Autumn,0
10023456781,2024-11-15 06:00:00,2024-11-15,06:00:00,0.9795,Friday,6,11,Autumn,0
10023456781,2024-11-15 07:00:00,2024-11-15,07:00:00,1.0418,Friday,7,11,Autumn,0
10023456781,2024-11-15 08:00:00,2024-11-15,08:00:00,1.1016,Friday,8,11,Autumn,0
10023456781,2024-11-15 09:00:00,2024-11-15,09:00:00,1.1808,Friday,9,11,Autumn,0
10023456781,2024-11-15 10:00:00,2024-11-15,10:00:00,0.9052,Friday,10,11,Autumn,0
10023456781,2024-11-15 11:00:00,2024-11-15,11:00:00,0.6988,Friday,11,11,Autumn,0
10023456781,2024-11-15 12:00:00,2024-11-15,12:00:00,0.0756,Friday,12,11,Autumn,1
10023456781,2024-11-15 13:00:00,2024-11-15,13:00:00,0.7997,Friday,13,11,Autumn,0
10023456781,2024-11-15 14:00:00,2024-11-15,14:00:00,0.8088,Friday,14,11,Autumn,0
10023456781,2024-11-15 15:00:00,2024-11-15,15:00:00,3.4248,Friday,15,11,Autumn,1
10023456781,2024-11-15 16:00:00,2024-11-15,16:00:00,0.9609,Friday,16,11,Autumn,0
10023456781,2024-11-15 17:00:00,2024-11-15,17:00:00,1.4079,Friday,17,11,Autumn,0
10023456781,2024-11-15 18:00:00,2024-11-15,18:00:00,1.8864,Friday,18,11,Autumn,0
10023456781,2024-11-15 19:00:00,2024-11-15,19:00:00,1.6760,Friday,19,11,Autumn,0
10023456781,2024-11-15 20:00:00,2024-11-15,20:00:00,1.8963,Friday,20,11,Autumn,0
10023456781,2024-11-15 21:00:00,2024-11-15,21:00:00,1.3901,Friday,21,11,Autumn,0
10023456781,2024-11-15 22:00:00,2024-11-15,22:00:00,1.1084,Friday,22,11,Autumn,0
10023456781,2024-11-15 23:00:00,2024-11-15,23:00:00,0.5896,Friday,23,11,Autumn,0
10023456781,2024-11-16 00:00:00,2024-11-16,00:00:00,0.3824,Saturday,0,11,Autumn,0
10023456781,2024-11-16 01:00:00,2024-11-16,01:00:00,0.4533,Saturday,1,11,Autumn,0
10023456781,2024-11-16 02:00:00,2024-11-16,02:00:00,0.3716,Saturday,2,11,Autumn,0
10023456781,2024-11-16 03:00:00,2024-11-16,03:00:00,0.3279,Saturday,3,11,Autumn,0
10023456781,2024-11-16 04:00:00,2024-11-16,04:00:00,0.3794,Saturday,4,11,Autumn,0
10023456781,2024-11-16 05:00:00,2024-11-16,05:00:00,0.5415,Saturday,5,11,Autumn,0
10023456781,2024-11-16 06:00:00,2024-11-16,06:00:00,0.6212,Saturday,6,11,Autumn,0
10023456781,2024-11-16 07:00:00,2024-11-16,07:00:00,1.0351,Saturday,7,11,Autumn,0
10023456781,2024-11-16 08:00:00,2024-11-16,08:00:00,1.2158,Saturday,8,11,Autumn,0
10023456781,2024-11-16 09:00:00,2024-11-16,09:00:00,1.4329,Saturday,9,11,Autumn,0
10023456781,2024-11-16 10:00:00,2024-11-16,10:00:00,1.5153,Saturday,10,11,Autumn,0
10023456781,2024-11-16 11:00:00,2024-11-16,11:00:00,1.3342,Saturday,11,11,Autumn,0
10023456781,2024-11-16 12:00:00,2024-11-16,12:00:00,1.3154,Saturday,12,11,Autumn,0
10023456781,2024-11-16 13:00:00,2024-11-16,13:00:00,1.2655,Saturday,13,11,Autumn,0
10023456781,2024-11-16 14:00:00,2024-11-16,14:00:00,1.2726,Saturday,14,11,Autumn,0
10023456781,2024-11-16 15:00:00,2024-11-16,15:00:00,1.1532,Saturday,15,11,Autumn,0
10023456781,2024-11-16 16:00:00,2024-11-16,16:00:00,1.2212,Saturday,16,11,Autumn,0
10023456781,2024-11-16 17:00:00,2024-11-16,17:00:00,1.3258,Saturday,17,11,Autumn,0
10023456781,2024-11-16 18:00:00,2024-11-16,18:00:00,1.9040,Saturday,18,11,Autumn,0
10023456781,2024-11-16 19:00:00,2024-11-16,19:00:00,1.8052,Saturday,19,11,Autumn,0
10023456781,2024-11-16 20:00:00,2024-11-16,20:00:00,1.7445,Saturday,20,11,Autumn,0
10023456781,2024-11-16 21:00:00,2024-11-16,21:00:00,1.3463,Saturday,21,11,Autumn,0
10023456781,2024-11-16 22:00:00,2024-11-16,22:00:00,1.5296,Saturday,22,11,Autumn,0
10023456781,2024-11-16 23:00:00,2024-11-16,23:00:00,0.7364,Saturday,23,11,Autumn,0
10023456781,2024-11-17 00:00:00,2024-11-17,00:00:00,0.3667,Sunday,0,11,Autumn,0
10023456781,2024-11-17 01:00:00,2024-11-17,01:00:00,0.3368,Sunday,1,11,Autumn,0
10023456781,2024-11-17 02:00:00,2024-11-17,02:00:00,0.3225,Sunday,2,11,Autumn,0
10023456781,2024-11-17 03:00:00,2024-11-17,03:00:00,0.2312,Sunday,3,11,Autumn,0
10023456781,2024-11-17 04:00:00,2024-11-17,04:00:00,0.2785,Sunday,4,11,Autumn,0
10023456781,2024-11-17 05:00:00,2024-11-17,05:00:00,0.2763,Sunday,5,11,Autumn,0
10023456781,2024-11-17 06:00:00,2024-11-17,06:00:00,0.6092,Sunday,6,11,Autumn,0
10023456781,2024-11-17 07:00:00,2024-11-17,07:00:00,0.9153,Sunday,7,11,Autumn,0
10023456781,2024-11-17 08:00:00,2024-11-17,08:00:00,1.0917,Sunday,8,11,Autumn,0
10023456781,2024-11-17 09:00:00,2024-11-17,09:00:00,1.2390,Sunday,9,11,Autumn,0
10023456781,2024-11-17 10:00:00,2024-11-17,10:00:00,1.1868,Sunday,10,11,Autumn,0
10023456781,2024-11-17 11:00:00,2024-11-17,11:00:00,1.1703,Sunday,11,11,Autumn,0
10023456781,2024-11-17 12:00:00,2024-11-17,12:00:00,1.0969,Sunday,12,11,Autumn,0
10023456781,2024-11-17 13:00:00,2024-11-17,13:00:00,0.8895,Sunday,13,11,Autumn,0
10023456781,2024-11-17 14:00:00,2024-11-17,14:00:00,0.7360,Sunday,14,11,Autumn,0
10023456781,2024-11-17 15:00:00,2024-11-17,15:00:00,1.1495,Sunday,15,11,Autumn,0
10023456781,2024-11-17 16:00:00,2024-11-17,16:00:00,1.1766,Sunday,16,11,Autumn,0
10023456781,2024-11-17 17:00:00,2024-11-17,17:00:00,1.3948,Sunday,17,11,Autumn,0
10023456781,2024-11-17 18:00:00,2024-11-17,18:00:00,1.6793,Sunday,18,11,Autumn,0
10023456781,2024-11-17 19:00:00,2024-11-17,19:00:00,1.5631,Sunday,19,11,Autumn,0
10023456781,2024-11-17 20:00:00,2024-11-17,20:00:00,1.4334,Sunday,20,11,Autumn,0
10023456781,2024-11-17 21:00:00,2024-11-17,21:00:00,1.4378,Sunday,21,11,Autumn,0
10023456781,2024-11-17 22:00:00,2024-11-17,22:00:00,1.1600,Sunday,22,11,Autumn,0
10023456781,2024-11-17 23:00:00,2024-11-17,23:00:00,2.4689,Sunday,23,11,Autumn,1
10023456781,2024-11-18 00:00:00,2024-11-18,00:00:00,0.2620,Monday,0,11,Autumn,0
10023456781,2024-11-18 01:00:00,2024-11-18,01:00:00,0.1723,Monday,1,11,Autumn,0
10023456781,2024-11-18 02:00:00,2024-11-18,02:00:00,0.2739,Monday,2,11,Autumn,0
10023456781,2024-11-18 03:00:00,2024-11-18,03:00:00,0.1918,Monday,3,11,Autumn,0
10023456781,2024-11-18 04:00:00,2024-11-18,04:00:00,0.2754,Monday,4,11,Autumn,0
10023456781,2024-11-18 05:00:00,2024-11-18,05:00:00,0.3618,Monday,5,11,Autumn,0
10023456781,2024-11-18 06:00:00,2024-11-18,06:00:00,0.5948,Monday,6,11,Autumn,0
10023456781,2024-11-18 07:00:00,2024-11-18,07:00:00,1.1056,Monday,7,11,Autumn,0
10023456781,2024-11-18 08:00:00,2024-11-18,08:00:00,0.7516,Monday,8,11,Autumn,0
10023456781,2024-11-18 09:00:00,2024-11-18,09:00:00,0.8199,Monday,9,11,Autumn,0
10023456781,2024-11-18 10:00:00,2024-11-18,10:00:00,0.6613,Monday,10,11,Autumn,0
10023456781,2024-11-18 11:00:00,2024-11-18,11:00:00,0.6591,Monday,11,11,Autumn,0
10023456781,2024-11-18 12:00:00,2024-11-18,12:00:00,0.5700,Monday,12,11,Autumn,0
10023456781,2024-11-18 13:00:00,2024-11-18,13:00:00,0.6822,Monday,13,11,Autumn,0
10023456781,2024-11-18 14:00:00,2024-11-18,14:00:00,0.6919,Monday,14,11,Autumn,0
10023456781,2024-11-18 15:00:00,2024-11-18,15:00:00,0.6040,Monday,15,11,Autumn,0
10023456781,2024-11-18 16:00:00,2024-11-18,16:00:00,0.7612,Monday,16,11,Autumn,0
10023456781,2024-11-18 17:00:00,2024-11-18,17:00:00,1.1224,Monday,17,11,Autumn,0
10023456781,2024-11-18 18:00:00,2024-11-18,18:00:00,1.5584,Monday,18,11,Autumn,0
10023456781,2024-11-18 19:00:00,2024-11-18,19:00:00,1.5759,Monday,19,11,Autumn,0
10023456781,2024-11-18 20:00:00,2024-11-18,20:00:00,1.4070,Monday,20,11,Autumn,0
10023456781,2024-11-18 21:00:00,2024-11-18,21:00:00,1.2096,Monday,21,11,Autumn,0
10023456781,2024-11-18 22:00:00,2024-11-18,22:00:00,0.9336,Monday,22,11,Autumn,0
10023456781,2024-11-18 23:00:00,2024-11-18,23:00:00,0.5525,Monday,23,11,Autumn,0
10023456781,2024-11-19 00:00:00,2024-11-19,00:00:00,0.2725,Tuesday,0,11,Autumn,0
10023456781,2024-11-19 01:00:00,2024-11-19,01:00:00,0.2945,Tuesday,1,11,Autumn,0
10023456781,2024-11-19 02:00:00,2024-11-19,02:00:00,0.2088,Tuesday,2,11,Autumn,0
10023456781,2024-11-19 03:00:00,2024-11-19,03:00:00,0.2048,Tuesday,3,11,Autumn,0
10023456781,2024-11-19 04:00:00,2024-11-19,04:00:00,0.3668,Tuesday,4,11,Autumn,0
10023456781,2024-11-19 05:00:00,2024-11-19,05:00:00,0.4328,Tuesday,5,11,Autumn,0
10023456781,2024-11-19 06:00:00,2024-11-19,06:00:00,0.7640,Tuesday,6,11,Autumn,0
10023456781,2024-11-19 07:00:00,2024-11-19,07:00:00,0.9828,Tuesday,7,11,Autumn,0
10023456781,2024-11-19 08:00:00,2024-11-19,08:00:00,1.0905,Tuesday,8,11,Autumn,0
10023456781,2024-11-19 09:00:00,2024-11-19,09:00:00,1.0736,Tuesday,9,11,Autumn,0
10023456781,2024-11-19 10:00:00,2024-11-19,10:00:00,0.8175,Tuesday,10,11,Autumn,0
10023456781,2024-11-19 11:00:00,2024-11-19,11:00:00,0.7005,Tuesday,11,11,Autumn,0
10023456781,2024-11-19 12:00:00,2024-11-19,12:00:00,0.6925,Tuesday,12,11,Autumn,0
10023456781,2024-11-19 13:00:00,2024-11-19,13:00:00,0.6770,Tuesday,13,11,Autumn,0
10023456781,2024-11-19 14:00:00,2024-11-19,14:00:00,0.7786,Tuesday,14,11,Autumn,0
10023456781,2024-11-19 15:00:00,2024-11-19,15:00:00,0.7143,Tuesday,15,11,Autumn,0
10023456781,2024-11-19 16:00:00,2024-11-19,16:00:00,0.7575,Tuesday,16,11,Autumn,0
10023456781,2024-11-19 17:00:00,2024-11-19,17:00:00,0.9991,Tuesday,17,11,Autumn,0
10023456781,2024-11-19 18:00:00,2024-11-19,18:00:00,1.7091,Tuesday,18,11,Autumn,0
10023456781,2024-11-19 19:00:00,2024-11-19,19:00:00,1.6801,Tuesday,19,11,Autumn,0
10023456781,2024-11-19 20:00:00,2024-11-19,20:00:00,1.5412,Tuesday,20,11,Autumn,0
10023456781,2024-11-19 21:00:00,2024-11-19,21:00:00,1.6341,Tuesday,21,11,Autumn,0
10023456781,2024-11-19 22:00:00,2024-11-19,22:00:00,0.7772,Tuesday,22,11,Autumn,0
10023456781,2024-11-19 23:00:00,2024-11-19,23:00:00,0.5925,Tuesday,23,11,Autumn,0
10023456781,2024-11-20 00:00:00,2024-11-20,00:00:00,0.3743,Wednesday,0,11,Autumn,0
10023456781,2024-11-20 01:00:00,2024-11-20,01:00:00,0.2849,Wednesday,1,11,Autumn,0
10023456781,2024-11-20 02:00:00,2024-11-20,02:00:00,0.2885,Wednesday,2,11,Autumn,0
10023456781,2024-11-20 03:00:00,2024-11-20,03:00:00,0.2561,Wednesday,3,11,Autumn,0
10023456781,2024-11-20 04:00:00,2024-11-20,04:00:00,0.3090,Wednesday,4,11,Autumn,0
10023456781,2024-11-20 05:00:00,2024-11-20,05:00:00,0.4798,Wednesday,5,11,Autumn,0
10023456781,2024-11-20 06:00:00,2024-11-20,06:00:00,0.8455,Wednesday,6,11,Autumn,0
10023456781,2024-11-20 07:00:00,2024-11-20,07:00:00,0.9977,Wednesday,7,11,Autumn,0
10023456781,2024-11-20 08:00:00,2024-11-20,08:00:00,1.2477,Wednesday,8,11,Autumn,0
10023456781,2024-11-20 09:00:00,2024-11-20,09:00:00,0.7791,Wednesday,9,11,Autumn,0
10023456781,2024-11-20 10:00:00,2024-11-20,10:00:00,0.7589,Wednesday,10,11,Autumn,0
10023456781,2024-11-20 11:00:00,2024-11-20,11:00:00,0.8478,Wednesday,11,11,Autumn,0
10023456781,2024-11-20 12:00:00,2024-11-20,12:00:00,0.6664,Wednesday,12,11,Autumn,0
10023456781,2024-11-20 13:00:00,2024-11-20,13:00:00,0.8396,Wednesday,13,11,Autumn,0
10023456781,2024-11-20 14:00:00,2024-11-20,14:00:00,0.7933,Wednesday,14,11,Autumn,0
10023456781,2024-11-20 15:00:00,2024-11-20,15:00:00,0.8133,Wednesday,15,11,Autumn,0
10023456781,2024-11-20 16:00:00,2024-11-20,16:00:00,0.9152,Wednesday,16,11,Autumn,0
10023456781,2024-11-20 17:00:00,2024-11-20,17:00:00,1.1886,Wednesday,17,11,Autumn,0
10023456781,2024-11-20 18:00:00,2024-11-20,18:00:00,1.7357,Wednesday,18,11,Autumn,0
10023456781,2024-11-20 19:00:00,2024-11-20,19:00:00,1.6475,Wednesday,19,11,Autumn,0
10023456781,2024-11-20 20:00:00,2024-11-20,20:00:00,1.3759,Wednesday,20,11,Autumn,0
10023456781,2024-11-20 21:00:00,2024-11-20,21:00:00,1.2986,Wednesday,21,11,Autumn,0
10023456781,2024-11-20 22:00:00,2024-11-20,22:00:00,1.1282,Wednesday,22,11,Autumn,0
10023456781,2024-11-20 23:00:00,2024-11-20,23:00:00,0.5688,Wednesday,23,11,Autumn,0
10023456781,2024-11-21 00:00:00,2024-11-21,00:00:00,0.3485,Thursday,0,11,Autumn,0
10023456781,2024-11-21 01:00:00,2024-11-21,01:00:00,0.4115,Thursday,1,11,Autumn,0
10023456781,2024-11-21 02:00:00,2024-11-21,02:00:00,0.3269,Thursday,2,11,Autumn,0
10023456781,2024-11-21 03:00:00,2024-11-21,03:00:00,0.3516,Thursday,3,11,Autumn,0
10023456781,2024-11-21 04:00:00,2024-11-21,04:00:00,0.4528,Thursday,4,11,Autumn,0
10023456781,2024-11-21 05:00:00,2024-11-21,05:00:00,0.6146,Thursday,5,11,Autumn,0
10023456781,2024-11-21 06:00:00,2024-11-21,06:00:00,0.8070,Thursday,6,11,Autumn,0
10023456781,2024-11-21 07:00:00,2024-11-21,07:00:00,1.3889,Thursday,7,11,Autumn,0
10023456781,2024-11-21 08:00:00,2024-11-21,08:00:00,1.2179,Thursday,8,11,Autumn,0
10023456781,2024-11-21 09:00:00,2024-11-21,09:00:00,1.4180,Thursday,9,11,Autumn,0
10023456781,2024-11-21 10:00:00,2024-11-21,10:00:00,1.0137,Thursday,10,11,Autumn,0
10023456781,2024-11-21 11:00:00,2024-11-21,11:00:00,0.8756,Thursday,11,11,Autumn,0
10023456781,2024-11-21 12:00:00,2024-11-21,12:00:00,0.9693,Thursday,12,11,Autumn,0
10023456781,2024-11-21 13:00:00,2024-11-21,13:00:00,0.9051,Thursday,13,11,Autumn,0
10023456781,2024-11-21 14:00:00,2024-11-21,14:00:00,0.8113,Thursday,14,11,Autumn,0
10023456781,2024-11-21 15:00:00,2024-11-21,15:00:00,1.0050,Thursday,15,11,Autumn,0
10023456781,2024-11-21 16:00:00,2024-11-21,16:00:00,1.0667,Thursday,16,11,Autumn,0
10023456781,2024-11-21 17:00:00,2024-11-21,17:00:00,1.2042,Thursday,17,11,Autumn,0
10023456781,2024-11-21 18:00:00,2024-11-21,18:00:00,1.6893,Thursday,18,11,Autumn,0
10023456781,2024-11-21 19:00:00,2024-11-21,19:00:00,1.8640,Thursday,19,11,Autumn,0
10023456781,2024-11-21 20:00:00,2024-11-21,20:00:00,1.9179,Thursday,20,11,Autumn,0
10023456781,2024-11-21 21:00:00,2024-11-21,21:00:00,1.8663,Thursday,21,11,Autumn,0
10023456781,2024-11-21 22:00:00,2024-11-21,22:00:00,1.3539,Thursday,22,11,Autumn,0
10023456781,2024-11-21 23:00:00,2024-11-21,23:00:00,0.6177,Thursday,23,11,Autumn,0
10023456781,2024-11-22 00:00:00,2024-11-22,00:00:00,0.3428,Friday,0,11,Autumn,0
10023456781,2024-11-22 01:00:00,2024-11-22,01:00:00,0.3485,Friday,1,11,Autumn,0
10023456781,2024-11-22 02:00:00,2024-11-22,02:00:00,0.2651,Friday,2,11,Autumn,0
10023456781,2024-11-22 03:00:00,2024-11-22,03:00:00,0.2737,Friday,3,11,Autumn,0
10023456781,2024-11-22 04:00:00,2024-11-22,04:00:00,0.3220,Friday,4,11,Autumn,0
10023456781,2024-11-22 05:00:00,2024-11-22,05:00:00,0.3274,Friday,5,11,Autumn,0
10023456781,2024-11-22 06:00:00,2024-11-22,06:00:00,2.0953,Friday,6,11,Autumn,1
10023456781,2024-11-22 07:00:00,2024-11-22,07:00:00,1.1603,Friday,7,11,Autumn,0
10023456781,2024-11-22 08:00:00,2024-11-22,08:00:00,1.0508,Friday,8,11,Autumn,0
10023456781,2024-11-22 09:00:00,2024-11-22,09:00:00,0.9224,Friday,9,11,Autumn,0
10023456781,2024-11-22 10:00:00,2024-11-22,10:00:00,0.7224,Friday,10,11,Autumn,0
10023456781,2024-11-22 11:00:00,2024-11-22,11:00:00,0.5998,Friday,11,11,Autumn,0
10023456781,2024-11-22 12:00:00,2024-11-22,12:00:00,0.7194,Friday,12,11,Autumn,0
10023456781,2024-11-22 13:00:00,2024-11-22,13:00:00,0.8283,Friday,13,11,Autumn,0
10023456781,2024-11-22 14:00:00,2024-11-22,14:00:00,0.8053,Friday,14,11,Autumn,0
10023456781,2024-11-22 15:00:00,2024-11-22,15:00:00,0.8289,Friday,15,11,Autumn,0
10023456781,2024-11-22 16:00:00,2024-11-22,16:00:00,0.8329,Friday,16,11,Autumn,0
10023456781,2024-11-22 17:00:00,2024-11-22,17:00:00,1.1212,Friday,17,11,Autumn,0
10023456781,2024-11-22 18:00:00,2024-11-22,18:00:00,1.4912,Friday,18,11,Autumn,0
10023456781,2024-11-22 19:00:00,2024-11-22,19:00:00,1.5451,Friday,19,11,Autumn,0
10023456781,2024-11-22 20:00:00,2024-11-22,20:00:00,1.6105,Friday,20,11,Autumn,0
10023456781,2024-11-22 21:00:00,2024-11-22,21:00:00,1.3849,Friday,21,11,Autumn,0
10023456781,2024-11-22 22:00:00,2024-11-22,22:00:00,1.1684,Friday,22,11,Autumn,0
10023456781,2024-11-22 23:00:00,2024-11-22,23:00:00,0.6006,Friday,23,11,Autumn,0
10023456781,2024-11-23 00:00:00,2024-11-23,00:00:00,0.3828,Saturday,0,11,Autumn,0
10023456781,2024-11-23 01:00:00,2024-11-23,01:00:00,0.3592,Saturday,1,11,Autumn,0
10023456781,2024-11-23 02:00:00,2024-11-23,02:00:00,0.2998,Saturday,2,11,Autumn,0
10023456781,2024-11-23 03:00:00,2024-11-23,03:00:00,0.3164,Saturday,3,11,Autumn,0
10023456781,2024-11-23 04:00:00,2024-11-23,04:00:00,0.2819,Saturday,4,11,Autumn,0
10023456781,2024-11-23 05:00:00,2024-11-23,05:00:00,0.3989,Saturday,5,11,Autumn,0
10023456781,2024-11-23 06:00:00,2024-11-23,06:00:00,0.5590,Saturday,6,11,Autumn,0
10023456781,2024-11-23 07:00:00,2024-11-23,07:00:00,0.8880,Saturday,7,11,Autumn,0
10023456781,2024-11-23 08:00:00,2024-11-23,08:00:00,1.2873,Saturday,8,11,Autumn,0
10023456781,2024-11-23 09:00:00,2024-11-23,09:00:00,1.5651,Saturday,9,11,Autumn,0
10023456781,2024-11-23 10:00:00,2024-11-23,10:00:00,1.1391,Saturday,10,11,Autumn,0
10023456781,2024-11-23 11:00:00,2024-11-23,11:00:00,1.2354,Saturday,11,11,Autumn,0
10023456781,2024-11-23 12:00:00,2024-11-23,12:00:00,1.0608,Saturday,12,11,Autumn,0
10023456781,2024-11-23 13:00:00,2024-11-23,13:00:00,1.0656,Saturday,13,11,Autumn,0
10023456781,2024-11-23 14:00:00,2024-11-23,14:00:00,0.9602,Saturday,14,11,Autumn,0
10023456781,2024-11-23 15:00:00,2024-11-23,15:00:00,0.9927,Saturday,15,11,Autumn,0
10023456781,2024-11-23 16:00:00,2024-11-23,16:00:00,1.1280,Saturday,16,11,Autumn,0
10023456781,2024-11-23 17:00:00,2024-11-23,17:00:00,1.3850,Saturday,17,11,Autumn,0
10023456781,2024-11-23 18:00:00,2024-11-23,18:00:00,1.5965,Saturday,18,11,Autumn,0
10023456781,2024-11-23 19:00:00,2024-11-23,19:00:00,1.4881,Saturday,19,11,Autumn,0
10023456781,2024-11-23 20:00:00,2024-11-23,20:00:00,1.7431,Saturday,20,11,Autumn,0
10023456781,2024-11-23 21:00:00,2024-11-23,21:00:00,1.4039,Saturday,21,11,Autumn,0
10023456781,2024-11-23 22:00:00,2024-11-23,22:00:00,1.0279,Saturday,22,11,Autumn,0
10023456781,2024-11-23 23:00:00,2024-11-23,23:00:00,0.8553,Saturday,23,11,Autumn,0
10023456781,2024-11-24 00:00:00,2024-11-24,00:00:00,0.3543,Sunday,0,11,Autumn,0
10023456781,2024-11-24 01:00:00,2024-11-24,01:00:00,0.3731,Sunday,1,11,Autumn,0
10023456781,2024-11-24 02:00:00,2024-11-24,02:00:00,0.2773,Sunday,2,11,Autumn,0
10023456781,2024-11-24 03:00:00,2024-11-24,03:00:00,0.2884,Sunday,3,11,Autumn,0
10023456781,2024-11-24 04:00:00,2024-11-24,04:00:00,0.2990,Sunday,4,11,Autumn,0
10023456781,2024-11-24 05:00:00,2024-11-24,05:00:00,0.3705,Sunday,5,11,Autumn,0
10023456781,2024-11-24 06:00:00,2024-11-24,06:00:00,0.5033,Sunday,6,11,Autumn,0
10023456781,2024-11-24 07:00:00,2024-11-24,07:00:00,0.9649,Sunday,7,11,Autumn,0
10023456781,2024-11-24 08:00:00,2024-11-24,08:00:00,1.2038,Sunday,8,11,Autumn,0
10023456781,2024-11-24 09:00:00,2024-11-24,09:00:00,1.4488,Sunday,9,11,Autumn,0
10023456781,2024-11-24 10:00:00,2024-11-24,10:00:00,1.1385,Sunday,10,11,Autumn,0
10023456781,2024-11-24 11:00:00,2024-11-24,11:00:00,1.0981,Sunday,11,11,Autumn,0
10023456781,2024-11-24 12:00:00,2024-11-24,12:00:00,1.0186,Sunday,12,11,Autumn,0
10023456781,2024-11-24 13:00:00,2024-11-24,13:00:00,0.7121,Sunday,13,11,Autumn,0
10023456781,2024-11-24 14:00:00,2024-11-24,14:00:00,0.8169,Sunday,14,11,Autumn,0
10023456781,2024-11-24 15:00:00,2024-11-24,15:00:00,0.8148,Sunday,15,11,Autumn,0
10023456781,2024-11-24 16:00:00,2024-11-24,16:00:00,1.1323,Sunday,16,11,Autumn,0
10023456781,2024-11-24 17:00:00,2024-11-24,17:00:00,1.2348,Sunday,17,11,Autumn,0
10023456781,2024-11-24 18:00:00,2024-11-24,18:00:00,1.6976,Sunday,18,11,Autumn,0
10023456781,2024-11-24 19:00:00,2024-11-24,19:00:00,1.3812,Sunday,19,11,Autumn,0
10023456781,2024-11-24 20:00:00,2024-11-24,20:00:00,1.9497,Sunday,20,11,Autumn,0
10023456781,2024-11-24 21:00:00,2024-11-24,21:00:00,0.1028,Sunday,21,11,Autumn,1
10023456781,2024-11-24 22:00:00,2024-11-24,22:00:00,1.3302,Sunday,22,11,Autumn,0
10023456781,2024-11-24 23:00:00,2024-11-24,23:00:00,0.6567,Sunday,23,11,Autumn,0
10023456781,2024-11-25 00:00:00,2024-11-25,00:00:00,0.4012,Monday,0,11,Autumn,0
10023456781,2024-11-25 01:00:00,2024-11-25,01:00:00,0.3671,Monday,1,11,Autumn,0
10023456781,2024-11-25 02:00:00,2024-11-25,02:00:00,0.3141,Monday,2,11,Autumn,0
10023456781,2024-11-25 03:00:00,2024-11-25,03:00:00,0.2989,Monday,3,11,Autumn,0
10023456781,2024-11-25 04:00:00,2024-11-25,04:00:00,0.3767,Monday,4,11,Autumn,0
10023456781,2024-11-25 05:00:00,2024-11-25,05:00:00,0.5353,Monday,5,11,Autumn,0
10023456781,2024-11-25 06:00:00,2024-11-25,06:00:00,1.0544,Monday,6,11,Autumn,0
10023456781,2024-11-25 07:00:00,2024-11-25,07:00:00,1.2796,Monday,7,11,Autumn,0
10023456781,2024-11-25 08:00:00,2024-11-25,08:00:00,1.5510,Monday,8,11,Autumn,0
10023456781,2024-11-25 09:00:00,2024-11-25,09:00:00,1.0924,Monday,9,11,Autumn,0
10023456781,2024-11-25 10:00:00,2024-11-25,10:00:00,0.9012,Monday,10,11,Autumn,0
10023456781,2024-11-25 11:00:00,2024-11-25,11:00:00,0.7742,Monday,11,11,Autumn,0
10023456781,2024-11-25 12:00:00,2024-11-25,12:00:00,0.9792,Monday,12,11,Autumn,0
10023456781,2024-11-25 13:00:00,2024-11-25,13:00:00,1.1494,Monday,13,11,Autumn,0
10023456781,2024-11-25 14:00:00,2024-11-25,14:00:00,4.0770,Monday,14,11,Autumn,1
10023456781,2024-11-25 15:00:00,2024-11-25,15:00:00,3.9130,Monday,15,11,Autumn,1
10023456781,2024-11-25 16:00:00,2024-11-25,16:00:00,1.2499,Monday,16,11,Autumn,0
10023456781,2024-11-25 17:00:00,2024-11-25,17:00:00,1.4445,Monday,17,11,Autumn,0
10023456781,2024-11-25 18:00:00,2024-11-25,18:00:00,2.1277,Monday,18,11,Autumn,0
10023456781,2024-11-25 19:00:00,2024-11-25,19:00:00,2.0071,Monday,19,11,Autumn,0
10023456781,2024-11-25 20:00:00,2024-11-25,20:00:00,2.4363,Monday,20,11,Autumn,0
10023456781,2024-11-25 21:00:00,2024-11-25,21:00:00,1.9444,Monday,21,11,Autumn,0
10023456781,2024-11-25 22:00:00,2024-11-25,22:00:00,1.2636,Monday,22,11,Autumn,0
10023456781,2024-11-25 23:00:00,2024-11-25,23:00:00,0.8415,Monday,23,11,Autumn,0
10023456781,2024-11-26 00:00:00,2024-11-26,00:00:00,0.3501,Tuesday,0,11,Autumn,0
10023456781,2024-11-26 01:00:00,2024-11-26,01:00:00,0.3658,Tuesday,1,11,Autumn,0
10023456781,2024-11-26 02:00:00,2024-11-26,02:00:00,1.3853,Tuesday,2,11,Autumn,1
10023456781,2024-11-26 03:00:00,2024-11-26,03:00:00,0.3083,Tuesday,3,11,Autumn,0
10023456781,2024-11-26 04:00:00,2024-11-26,04:00:00,0.3579,Tuesday,4,11,Autumn,0
10023456781,2024-11-26 05:00:00,2024-11-26,05:00:00,0.5475,Tuesday,5,11,Autumn,0
10023456781,2024-11-26 06:00:00,2024-11-26,06:00:00,0.8348,Tuesday,6,11,Autumn,0
10023456781,2024-11-26 07:00:00,2024-11-26,07:00:00,1.1845,Tuesday,7,11,Autumn,0
10023456781,2024-11-26 08:00:00,2024-11-26,08:00:00,1.3087,Tuesday,8,11,Autumn,0
10023456781,2024-11-26 09:00:00,2024-11-26,09:00:00,1.0294,Tuesday,9,11,Autumn,0
10023456781,2024-11-26 10:00:00,2024-11-26,10:00:00,1.0797,Tuesday,10,11,Autumn,0
10023456781,2024-11-26 11:00:00,2024-11-26,11:00:00,0.8119,Tuesday,11,11,Autumn,0
10023456781,2024-11-26 12:00:00,2024-11-26,12:00:00,0.9339,Tuesday,12,11,Autumn,0
10023456781,2024-11-26 13:00:00,2024-11-26,13:00:00,0.7135,Tuesday,13,11,Autumn,0
10023456781,2024-11-26 14:00:00,2024-11-26,14:00:00,0.6072,Tuesday,14,11,Autumn,0
10023456781,2024-11-26 15:00:00,2024-11-26,15:00:00,0.9293,Tuesday,15,11,Autumn,0
10023456781,2024-11-26 16:00:00,2024-11-26,16:00:00,0.9899,Tuesday,16,11,Autumn,0
10023456781,2024-11-26 17:00:00,2024-11-26,17:00:00,1.2679,Tuesday,17,11,Autumn,0
10023456781,2024-11-26 18:00:00,2024-11-26,18:00:00,1.6115,Tuesday,18,11,Autumn,0
10023456781,2024-11-26 19:00:00,2024-11-26,19:00:00,1.8474,Tuesday,19,11,Autumn,0
10023456781,2024-11-26 20:00:00,2024-11-26,20:00:00,1.4350,Tuesday,20,11,Autumn,0
10023456781,2024-11-26 21:00:00,2024-11-26,21:00:00,1.7909,Tuesday,21,11,Autumn,0
10023456781,2024-11-26 22:00:00,2024-11-26,22:00:00,1.2654,Tuesday,22,11,Autumn,0
10023456781,2024-11-26 23:00:00,2024-11-26,23:00:00,0.5785,Tuesday,23,11,Autumn,0
10023456781,2024-11-27 00:00:00,2024-11-27,00:00:00,0.4137,Wednesday,0,11,Autumn,0
10023456781,2024-11-27 01:00:00,2024-11-27,01:00:00,0.2597,Wednesday,1,11,Autumn,0
10023456781,2024-11-27 02:00:00,2024-11-27,02:00:00,0.2442,Wednesday,2,11,Autumn,0
10023456781,2024-11-27 03:00:00,2024-11-27,03:00:00,0.2708,Wednesday,3,11,Autumn,0
10023456781,2024-11-27 04:00:00,2024-11-27,04:00:00,0.3422,Wednesday,4,11,Autumn,0
10023456781,2024-11-27 05:00:00,2024-11-27,05:00:00,0.4310,Wednesday,5,11,Autumn,0
10023456781,2024-11-27 06:00:00,2024-11-27,06:00:00,0.9158,Wednesday,6,11,Autumn,0
10023456781,2024-11-27 07:00:00,2024-11-27,07:00:00,0.9672,Wednesday,7,11,Autumn,0
10023456781,2024-11-27 08:00:00,2024-11-27,08:00:00,1.2966,Wednesday,8,11,Autumn,0
10023456781,2024-11-27 09:00:00,2024-11-27,09:00:00,1.0727,Wednesday,9,11,Autumn,0
10023456781,2024-11-27 10:00:00,2024-11-27,10:00:00,0.7835,Wednesday,10,11,Autumn,0
10023456781,2024-11-27 11:00:00,2024-11-27,11:00:00,0.7113,Wednesday,11,11,Autumn,0
10023456781,2024-11-27 12:00:00,2024-11-27,12:00:00,0.7482,Wednesday,12,11,Autumn,0
10023456781,2024-11-27 13:00:00,2024-11-27,13:00:00,0.8965,Wednesday,13,11,Autumn,0
10023456781,2024-11-27 14:00:00,2024-11-27,14:00:00,0.7574,Wednesday,14,11,Autumn,0
10023456781,2024-11-27 15:00:00,2024-11-27,15:00:00,0.7586,Wednesday,15,11,Autumn,0
10023456781,2024-11-27 16:00:00,2024-11-27,16:00:00,0.8784,Wednesday,16,11,Autumn,0
10023456781,2024-11-27 17:00:00,2024-11-27,17:00:00,1.3943,Wednesday,17,11,Autumn,0
10023456781,2024-11-27 18:00:00,2024-11-27,18:00:00,1.5610,Wednesday,18,11,Autumn,0
10023456781,2024-11-27 19:00:00,2024-11-27,19:00:00,1.5710,Wednesday,19,11,Autumn,0
10023456781,2024-11-27 20:00:00,2024-11-27,20:00:00,1.9044,Wednesday,20,11,Autumn,0
10023456781,2024-11-27 21:00:00,2024-11-27,21:00:00,1.3749,Wednesday,21,11,Autumn,0
10023456781,2024-11-27 22:00:00,2024-11-27,22:00:00,1.0006,Wednesday,22,11,Autumn,0
10023456781,2024-11-27 23:00:00,2024-11-27,23:00:00,0.5694,Wednesday,23,11,Autumn,0
10023456781,2024-11-28 00:00:00,2024-11-28,00:00:00,1.2556,Thursday,0,11,Autumn,1
10023456781,2024-11-28 01:00:00,2024-11-28,01:00:00,0.3394,Thursday,1,11,Autumn,0
10023456781,2024-11-28 02:00:00,2024-11-28,02:00:00,0.3762,Thursday,2,11,Autumn,0
10023456781,2024-11-28 03:00:00,2024-11-28,03:00:00,0.2450,Thursday,3,11,Autumn,0
10023456781,2024-11-28 04:00:00,2024-11-28,04:00:00,0.3551,Thursday,4,11,Autumn,0
10023456781,2024-11-28 05:00:00,2024-11-28,05:00:00,0.4885,Thursday,5,11,Autumn,0
10023456781,2024-11-28 06:00:00,2024-11-28,06:00:00,0.7195,Thursday,6,11,Autumn,0
10023456781,2024-11-28 07:00:00,2024-11-28,07:00:00,1.4963,Thursday,7,11,Autumn,0
10023456781,2024-11-28 08:00:00,2024-11-28,08:00:00,4.2500,Thursday,8,11,Autumn,1
10023456781,2024-11-28 09:00:00,2024-11-28,09:00:00,1.0340,Thursday,9,11,Autumn,0
10023456781,2024-11-28 10:00:00,2024-11-28,10:00:00,0.9402,Thursday,10,11,Autumn,0
10023456781,2024-11-28 11:00:00,2024-11-28,11:00:00,4.3990,Thursday,11,11,Autumn,1
10023456781,2024-11-28 12:00:00,2024-11-28,12:00:00,5.7929,Thursday,12,11,Autumn,1
10023456781,2024-11-28 13:00:00,2024-11-28,13:00:00,0.8582,Thursday,13,11,Autumn,0
10023456781,2024-11-28 14:00:00,2024-11-28,14:00:00,0.7591,Thursday,14,11,Autumn,0
10023456781,2024-11-28 15:00:00,2024-11-28,15:00:00,0.6431,Thursday,15,11,Autumn,0
10023456781,2024-11-28 16:00:00,2024-11-28,16:00:00,1.0002,Thursday,16,11,Autumn,0
10023456781,2024-11-28 17:00:00,2024-11-28,17:00:00,1.1579,Thursday,17,11,Autumn,0
10023456781,2024-11-28 18:00:00,2024-11-28,18:00:00,1.8849,Thursday,18,11,Autumn,0
10023456781,2024-11-28 19:00:00,2024-11-28,19:00:00,1.8886,Thursday,19,11,Autumn,0
10023456781,2024-11-28 20:00:00,2024-11-28,20:00:00,1.6076,Thursday,20,11,Autumn,0
10023456781,2024-11-28 21:00:00,2024-11-28,21:00:00,1.6788,Thursday,21,11,Autumn,0
10023456781,2024-11-28 22:00:00,2024-11-28,22:00:00,1.1141,Thursday,22,11,Autumn,0
10023456781,2024-11-28 23:00:00,2024-11-28,23:00:00,0.6042,Thursday,23,11,Autumn,0
10023456781,2024-11-29 00:00:00,2024-11-29,00:00:00,0.4065,Friday,0,11,Autumn,0
10023456781,2024-11-29 01:00:00,2024-11-29,01:00:00,0.2866,Friday,1,11,Autumn,0
10023456781,2024-11-29 02:00:00,2024-11-29,02:00:00,0.2894,Friday,2,11,Autumn,0
10023456781,2024-11-29 03:00:00,2024-11-29,03:00:00,0.3008,Friday,3,11,Autumn,0
10023456781,2024-11-29 04:00:00,2024-11-29,04:00:00,0.2886,Friday,4,11,Autumn,0
10023456781,2024-11-29 05:00:00,2024-11-29,05:00:00,3.1403,Friday,5,11,Autumn,1
10023456781,2024-11-29 06:00:00,2024-11-29,06:00:00,1.0961,Friday,6,11,Autumn,0
10023456781,2024-11-29 07:00:00,2024-11-29,07:00:00,1.2210,Friday,7,11,Autumn,0
10023456781,2024-11-29 08:00:00,2024-11-29,08:00:00,1.1422,Friday,8,11,Autumn,0
10023456781,2024-11-29 09:00:00,2024-11-29,09:00:00,1.2404,Friday,9,11,Autumn,0
10023456781,2024-11-29 10:00:00,2024-11-29,10:00:00,1.1241,Friday,10,11,Autumn,0
10023456781,2024-11-29 11:00:00,2024-11-29,11:00:00,0.8607,Friday,11,11,Autumn,0
10023456781,2024-11-29 12:00:00,2024-11-29,12:00:00,0.8340,Friday,12,11,Autumn,0
10023456781,2024-11-29 13:00:00,2024-11-29,13:00:00,0.8573,Friday,13,11,Autumn,0
10023456781,2024-11-29 14:00:00,2024-11-29,14:00:00,0.8710,Friday,14,11,Autumn,0
10023456781,2024-11-29 15:00:00,2024-11-29,15:00:00,0.8971,Friday,15,11,Autumn,0
10023456781,2024-11-29 16:00:00,2024-11-29,16:00:00,0.9415,Friday,16,11,Autumn,0
10023456781,2024-11-29 17:00:00,2024-11-29,17:00:00,1.5070,Friday,17,11,Autumn,0
10023456781,2024-11-29 18:00:00,2024-11-29,18:00:00,1.7167,Friday,18,11,Autumn,0
10023456781,2024-11-29 19:00:00,2024-11-29,19:00:00,1.6902,Friday,19,11,Autumn,0
10023456781,2024-11-29 20:00:00,2024-11-29,20:00:00,2.0675,Friday,20,11,Autumn,0
10023456781,2024-11-29 21:00:00,2024-11-29,21:00:00,1.7004,Friday,21,11,Autumn,0
10023456781,2024-11-29 22:00:00,2024-11-29,22:00:00,1.2524,Friday,22,11,Autumn,0
10023456781,2024-11-29 23:00:00,2024-11-29,23:00:00,0.7904,Friday,23,11,Autumn,0
10023456781,2024-11-30 00:00:00,2024-11-30,00:00:00,0.3667,Saturday,0,11,Autumn,0
10023456781,2024-11-30 01:00:00,2024-11-30,01:00:00,0.3567,Saturday,1,11,Autumn,0
10023456781,2024-11-30 02:00:00,2024-11-30,02:00:00,0.3675,Saturday,2,11,Autumn,0
10023456781,2024-11-30 03:00:00,2024-11-30,03:00:00,0.2704,Saturday,3,11,Autumn,0
10023456781,2024-11-30 04:00:00,2024-11-30,04:00:00,0.3928,Saturday,4,11,Autumn,0
10023456781,2024-11-30 05:00:00,2024-11-30,05:00:00,0.4385,Saturday,5,11,Autumn,0
10023456781,2024-11-30 06:00:00,2024-11-30,06:00:00,0.6289,Saturday,6,11,Autumn,0
10023456781,2024-11-30 07:00:00,2024-11-30,07:00:00,0.8968,Saturday,7,11,Autumn,0
10023456781,2024-11-30 08:00:00,2024-11-30,08:00:00,1.2145,Saturday,8,11,Autumn,0
10023456781,2024-11-30 09:00:00,2024-11-30,09:00:00,1.8775,Saturday,9,11,Autumn,0
10023456781,2024-11-30 10:00:00,2024-11-30,10:00:00,1.2547,Saturday,10,11,Autumn,0
10023456781,2024-11-30 11:00:00,2024-11-30,11:00:00,1.1010,Saturday,11,11,Autumn,0
10023456781,2024-11-30 12:00:00,2024-11-30,12:00:00,1.4030,Saturday,12,11,Autumn,0
10023456781,2024-11-30 13:00:00,2024-11-30,13:00:00,1.2653,Saturday,13,11,Autumn,0
10023456781,2024-11-30 14:00:00,2024-11-30,14:00:00,1.0415,Saturday,14,11,Autumn,0
10023456781,2024-11-30 15:00:00,2024-11-30,15:00:00,1.0079,Saturday,15,11,Autumn,0
10023456781,2024-11-30 16:00:00,2024-11-30,16:00:00,1.7311,Saturday,16,11,Autumn,0
10023456781,2024-11-30 17:00:00,2024-11-30,17:00:00,1.7591,Saturday,17,11,Autumn,0
10023456781,2024-11-30 18:00:00,2024-11-30,18:00:00,1.6210,Saturday,18,11,Autumn,0
10023456781,2024-11-30 19:00:00,2024-11-30,19:00:00,1.7448,Saturday,19,11,Autumn,0
10023456781,2024-11-30 20:00:00,2024-11-30,20:00:00,1.9429,Saturday,20,11,Autumn,0
10023456781,2024-11-30 21:00:00,2024-11-30,21:00:00,1.4784,Saturday,21,11,Autumn,0
10023456781,2024-11-30 22:00:00,2024-11-30,22:00:00,1.2631,Saturday,22,11,Autumn,0
10023456781,2024-11-30 23:00:00,2024-11-30,23:00:00,0.8014,Saturday,23,11,Autumn,0
10023456781,2024-12-01 00:00:00,2024-12-01,00:00:00,0.5005,Sunday,0,12,Winter,0
10023456781,2024-12-01 01:00:00,2024-12-01,01:00:00,0.3266,Sunday,1,12,Winter,0
10023456781,2024-12-01 02:00:00,2024-12-01,02:00:00,0.4539,Sunday,2,12,Winter,0
10023456781,2024-12-01 03:00:00,2024-12-01,03:00:00,0.3633,Sunday,3,12,Winter,0
10023456781,2024-12-01 04:00:00,2024-12-01,04:00:00,0.3279,Sunday,4,12,Winter,0
10023456781,2024-12-01 05:00:00,2024-12-01,05:00:00,0.4755,Sunday,5,12,Winter,0
10023456781,2024-12-01 06:00:00,2024-12-01,06:00:00,0.6753,Sunday,6,12,Winter,0
10023456781,2024-12-01 07:00:00,2024-12-01,07:00:00,0.9415,Sunday,7,12,Winter,0
10023456781,2024-12-01 08:00:00,2024-12-01,08:00:00,1.5771,Sunday,8,12,Winter,0
10023456781,2024-12-01 09:00:00,2024-12-01,09:00:00,1.7055,Sunday,9,12,Winter,0
10023456781,2024-12-01 10:00:00,2024-12-01,10:00:00,1.4101,Sunday,10,12,Winter,0
10023456781,2024-12-01 11:00:00,2024-12-01,11:00:00,1.3040,Sunday,11,12,Winter,0
10023456781,2024-12-01 12:00:00,2024-12-01,12:00:00,0.9449,Sunday,12,12,Winter,0
10023456781,2024-12-01 13:00:00,2024-12-01,13:00:00,0.9690,Sunday,13,12,Winter,0
10023456781,2024-12-01 14:00:00,2024-12-01,14:00:00,1.0815,Sunday,14,12,Winter,0
10023456781,2024-12-01 15:00:00,2024-12-01,15:00:00,1.1682,Sunday,15,12,Winter,0
10023456781,2024-12-01 16:00:00,2024-12-01,16:00:00,1.2743,Sunday,16,12,Winter,0
10023456781,2024-12-01 17:00:00,2024-12-01,17:00:00,1.5894,Sunday,17,12,Winter,0
10023456781,2024-12-01 18:00:00,2024-12-01,18:00:00,2.0610,Sunday,18,12,Winter,0
10023456781,2024-12-01 19:00:00,2024-12-01,19:00:00,2.1956,Sunday,19,12,Winter,0
10023456781,2024-12-01 20:00:00,2024-12-01,20:00:00,1.8021,Sunday,20,12,Winter,0
10023456781,2024-12-01 21:00:00,2024-12-01,21:00:00,1.6229,Sunday,21,12,Winter,0
10023456781,2024-12-01 22:00:00,2024-12-01,22:00:00,1.4303,Sunday,22,12,Winter,0
10023456781,2024-12-01 23:00:00,2024-12-01,23:00:00,0.8627,Sunday,23,12,Winter,0
10023456781,2024-12-02 00:00:00,2024-12-02,00:00:00,0.5041,Monday,0,12,Winter,0
10023456781,2024-12-02 01:00:00,2024-12-02,01:00:00,0.3534,Monday,1,12,Winter,0
10023456781,2024-12-02 02:00:00,2024-12-02,02:00:00,0.3809,Monday,2,12,Winter,0
10023456781,2024-12-02 03:00:00,2024-12-02,03:00:00,0.3900,Monday,3,12,Winter,0
10023456781,2024-12-02 04:00:00,2024-12-02,04:00:00,0.4879,Monday,4,12,Winter,0
10023456781,2024-12-02 05:00:00,2024-12-02,05:00:00,0.4745,Monday,5,12,Winter,0
10023456781,2024-12-02 06:00:00,2024-12-02,06:00:00,1.0812,Monday,6,12,Winter,0
10023456781,2024-12-02 07:00:00,2024-12-02,07:00:00,1.3638,Monday,7,12,Winter,0
10023456781,2024-12-02 08:00:00,2024-12-02,08:00:00,1.5735,Monday,8,12,Winter,0
10023456781,2024-12-02 09:00:00,2024-12-02,09:00:00,1.3368,Monday,9,12,Winter,0
10023456781,2024-12-02 10:00:00,2024-12-02,10:00:00,0.8605,Monday,10,12,Winter,0
10023456781,2024-12-02 11:00:00,2024-12-02,11:00:00,0.8626,Monday,11,12,Winter,0
10023456781,2024-12-02 12:00:00,2024-12-02,12:00:00,0.8873,Monday,12,12,Winter,0
10023456781,2024-12-02 13:00:00,2024-12-02,13:00:00,0.8736,Monday,13,12,Winter,0
10023456781,2024-12-02 14:00:00,2024-12-02,14:00:00,1.0060,Monday,14,12,Winter,0
10023456781,2024-12-02 15:00:00,2024-12-02,15:00:00,0.9554,Monday,15,12,Winter,0
10023456781,2024-12-02 16:00:00,2024-12-02,16:00:00,1.0553,Monday,16,12,Winter,0
10023456781,2024-12-02 17:00:00,2024-12-02,17:00:00,1.6162,Monday,17,12,Winter,0
10023456781,2024-12-02 18:00:00,2024-12-02,18:00:00,1.6328,Monday,18,12,Winter,0
10023456781,2024-12-02 19:00:00,2024-12-02,19:00:00,1.8994,Monday,19,12,Winter,0
10023456781,2024-12-02 20:00:00,2024-12-02,20:00:00,2.1196,Monday,20,12,Winter,0
10023456781,2024-12-02 21:00:00,2024-12-02,21:00:00,1.8199,Monday,21,12,Winter,0
10023456781,2024-12-02 22:00:00,2024-12-02,22:00:00,1.2066,Monday,22,12,Winter,0
10023456781,2024-12-02 23:00:00,2024-12-02,23:00:00,0.8518,Monday,23,12,Winter,0
10023456781,2024-12-03 00:00:00,2024-12-03,00:00:00,0.3757,Tuesday,0,12,Winter,0
10023456781,2024-12-03 01:00:00,2024-12-03,01:00:00,0.3312,Tuesday,1,12,Winter,0
10023456781,2024-12-03 02:00:00,2024-12-03,02:00:00,0.3563,Tuesday,2,12,Winter,0
10023456781,2024-12-03 03:00:00,2024-12-03,03:00:00,0.2601,Tuesday,3,12,Winter,0
10023456781,2024-12-03 04:00:00,2024-12-03,04:00:00,0.3435,Tuesday,4,12,Winter,0
10023456781,2024-12-03 05:00:00,2024-12-03,05:00:00,0.5438,Tuesday,5,12,Winter,0
10023456781,2024-12-03 06:00:00,2024-12-03,06:00:00,0.9569,Tuesday,6,12,Winter,0
10023456781,2024-12-03 07:00:00,2024-12-03,07:00:00,1.1579,Tuesday,7,12,Winter,0
10023456781,2024-12-03 08:00:00,2024-12-03,08:00:00,1.4978,Tuesday,8,12,Winter,0
10023456781,2024-12-03 09:00:00,2024-12-03,09:00:00,1.2574,Tuesday,9,12,Winter,0
10023456781,2024-12-03 10:00:00,2024-12-03,10:00:00,0.8729,Tuesday,10,12,Winter,0
10023456781,2024-12-03 11:00:00,2024-12-03,11:00:00,0.8504,Tuesday,11,12,Winter,0
10023456781,2024-12-03 12:00:00,2024-12-03,12:00:00,0.7967,Tuesday,12,12,Winter,0
10023456781,2024-12-03 13:00:00,2024-12-03,13:00:00,1.0198,Tuesday,13,12,Winter,0
10023456781,2024-12-03 14:00:00,2024-12-03,14:00:00,0.9130,Tuesday,14,12,Winter,0
10023456781,2024-12-03 15:00:00,2024-12-03,15:00:00,0.8592,Tuesday,15,12,Winter,0
10023456781,2024-12-03 16:00:00,2024-12-03,16:00:00,1.0321,Tuesday,16,12,Winter,0
10023456781,2024-12-03 17:00:00,2024-12-03,17:00:00,1.3844,Tuesday,17,12,Winter,0
10023456781,2024-12-03 18:00:00,2024-12-03,18:00:00,2.2046,Tuesday,18,12,Winter,0
10023456781,2024-12-03 19:00:00,2024-12-03,19:00:00,1.8775,Tuesday,19,12,Winter,0
10023456781,2024-12-03 20:00:00,2024-12-03,20:00:00,2.2303,Tuesday,20,12,Winter,0
10023456781,2024-12-03 21:00:00,2024-12-03,21:00:00,1.9177,Tuesday,21,12,Winter,0
10023456781,2024-12-03 22:00:00,2024-12-03,22:00:00,1.1709,Tuesday,22,12,Winter,0
10023456781,2024-12-03 23:00:00,2024-12-03,23:00:00,0.8129,Tuesday,23,12,Winter,0
10023456781,2024-12-04 00:00:00,2024-12-04,00:00:00,0.3541,Wednesday,0,12,Winter,0
10023456781,2024-12-04 01:00:00,2024-12-04,01:00:00,0.3726,Wednesday,1,12,Winter,0
10023456781,2024-12-04 02:00:00,2024-12-04,02:00:00,0.3519,Wednesday,2,12,Winter,0
10023456781,2024-12-04 03:00:00,2024-12-04,03:00:00,0.3857,Wednesday,3,12,Winter,0
10023456781,2024-12-04 04:00:00,2024-12-04,04:00:00,0.4030,Wednesday,4,12,Winter,0
10023456781,2024-12-04 05:00:00,2024-12-04,05:00:00,0.5001,Wednesday,5,12,Winter,0
10023456781,2024-12-04 06:00:00,2024-12-04,06:00:00,0.7912,Wednesday,6,12,Winter,0
10023456781,2024-12-04 07:00:00,2024-12-04,07:00:00,1.1648,Wednesday,7,12,Winter,0
10023456781,2024-12-04 08:00:00,2024-12-04,08:00:00,1.4523,Wednesday,8,12,Winter,0
10023456781,2024-12-04 09:00:00,2024-12-04,09:00:00,1.2183,Wednesday,9,12,Winter,0
10023456781,2024-12-04 10:00:00,2024-12-04,10:00:00,1.0033,Wednesday,10,12,Winter,0
10023456781,2024-12-04 11:00:00,2024-12-04,11:00:00,1.0014,Wednesday,11,12,Winter,0
10023456781,2024-12-04 12:00:00,2024-12-04,12:00:00,0.9957,Wednesday,12,12,Winter,0
10023456781,2024-12-04 13:00:00,2024-12-04,13:00:00,0.9059,Wednesday,13,12,Winter,0
10023456781,2024-12-04 14:00:00,2024-12-04,14:00:00,0.9005,Wednesday,14,12,Winter,0
10023456781,2024-12-04 15:00:00,2024-12-04,15:00:00,0.8622,Wednesday,15,12,Winter,0
10023456781,2024-12-04 16:00:00,2024-12-04,16:00:00,1.0724,Wednesday,16,12,Winter,0
10023456781,2024-12-04 17:00:00,2024-12-04,17:00:00,1.4824,Wednesday,17,12,Winter,0
10023456781,2024-12-04 18:00:00,2024-12-04,18:00:00,1.5188,Wednesday,18,12,Winter,0
10023456781,2024-12-04 19:00:00,2024-12-04,19:00:00,1.9731,Wednesday,19,12,Winter,0
10023456781,2024-12-04 20:00:00,2024-12-04,20:00:00,2.0864,Wednesday,20,12,Winter,0
10023456781,2024-12-04 21:00:00,2024-12-04,21:00:00,1.6794,Wednesday,21,12,Winter,0
10023456781,2024-12-04 22:00:00,2024-12-04,22:00:00,1.1694,Wednesday,22,12,Winter,0
10023456781,2024-12-04 23:00:00,2024-12-04,23:00:00,0.8026,Wednesday,23,12,Winter,0
10023456781,2024-12-05 00:00:00,2024-12-05,00:00:00,0.7362,Thursday,0,12,Winter,1
10023456781,2024-12-05 01:00:00,2024-12-05,01:00:00,0.8548,Thursday,1,12,Winter,1
10023456781,2024-12-05 02:00:00,2024-12-05,02:00:00,0.8474,Thursday,2,12,Winter,1
10023456781,2024-12-05 03:00:00,2024-12-05,03:00:00,0.8292,Thursday,3,12,Winter,1
10023456781,2024-12-05 04:00:00,2024-12-05,04:00:00,0.9001,Thursday,4,12,Winter,1
10023456781,2024-12-05 05:00:00,2024-12-05,05:00:00,0.4757,Thursday,5,12,Winter,0
10023456781,2024-12-05 06:00:00,2024-12-05,06:00:00,0.8047,Thursday,6,12,Winter,0
10023456781,2024-12-05 07:00:00,2024-12-05,07:00:00,1.2459,Thursday,7,12,Winter,0
10023456781,2024-12-05 08:00:00,2024-12-05,08:00:00,1.0202,Thursday,8,12,Winter,0
10023456781,2024-12-05 09:00:00,2024-12-05,09:00:00,1.0228,Thursday,9,12,Winter,0
10023456781,2024-12-05 10:00:00,2024-12-05,10:00:00,0.7809,Thursday,10,12,Winter,0
10023456781,2024-12-05 11:00:00,2024-12-05,11:00:00,0.8477,Thursday,11,12,Winter,0
10023456781,2024-12-05 12:00:00,2024-12-05,12:00:00,0.7899,Thursday,12,12,Winter,0
10023456781,2024-12-05 13:00:00,2024-12-05,13:00:00,0.8224,Thursday,13,12,Winter,0
10023456781,2024-12-05 14:00:00,2024-12-05,14:00:00,0.7797,Thursday,14,12,Winter,0
10023456781,2024-12-05 15:00:00,2024-12-05,15:00:00,0.8215,Thursday,15,12,Winter,0
10023456781,2024-12-05 16:00:00,2024-12-05,16:00:00,0.9237,Thursday,16,12,Winter,0
10023456781,2024-12-05 17:00:00,2024-12-05,17:00:00,1.3673,Thursday,17,12,Winter,0
10023456781,2024-12-05 18:00:00,2024-12-05,18:00:00,1.6791,Thursday,18,12,Winter,0
10023456781,2024-12-05 19:00:00,2024-12-05,19:00:00,1.7486,Thursday,19,12,Winter,0
10023456781,2024-12-05 20:00:00,2024-12-05,20:00:00,2.0500,Thursday,20,12,Winter,0
10023456781,2024-12-05 21:00:00,2024-12-05,21:00:00,1.5701,Thursday,21,12,Winter,0
10023456781,2024-12-05 22:00:00,2024-12-05,22:00:00,1.1557,Thursday,22,12,Winter,0
10023456781,2024-12-05 23:00:00,2024-12-05,23:00:00,0.7910,Thursday,23,12,Winter,0
10023456781,2024-12-06 00:00:00,2024-12-06,00:00:00,0.3765,Friday,0,12,Winter,0
10023456781,2024-12-06 01:00:00,2024-12-06,01:00:00,0.3960,Friday,1,12,Winter,0
10023456781,2024-12-06 02:00:00,2024-12-06,02:00:00,0.3620,Friday,2,12,Winter,0
10023456781,2024-12-06 03:00:00,2024-12-06,03:00:00,0.3909,Friday,3,12,Winter,0
10023456781,2024-12-06 04:00:00,2024-12-06,04:00:00,0.3671,Friday,4,12,Winter,0
10023456781,2024-12-06 05:00:00,2024-12-06,05:00:00,0.5497,Friday,5,12,Winter,0
10023456781,2024-12-06 06:00:00,2024-12-06,06:00:00,0.8243,Friday,6,12,Winter,0
10023456781,2024-12-06 07:00:00,2024-12-06,07:00:00,1.7500,Friday,7,12,Winter,0
10023456781,2024-12-06 08:00:00,2024-12-06,08:00:00,1.3692,Friday,8,12,Winter,0
10023456781,2024-12-06 09:00:00,2024-12-06,09:00:00,1.1447,Friday,9,12,Winter,0
10023456781,2024-12-06 10:00:00,2024-12-06,10:00:00,0.7428,Friday,10,12,Winter,0
10023456781,2024-12-06 11:00:00,2024-12-06,11:00:00,0.8573,Friday,11,12,Winter,0
10023456781,2024-12-06 12:00:00,2024-12-06,12:00:00,1.0032,Friday,12,12,Winter,0
10023456781,2024-12-06 13:00:00,2024-12-06,13:00:00,0.9985,Friday,13,12,Winter,0
10023456781,2024-12-06 14:00:00,2024-12-06,14:00:00,0.9798,Friday,14,12,Winter,0
10023456781,2024-12-06 15:00:00,2024-12-06,15:00:00,1.2137,Friday,15,12,Winter,0
10023456781,2024-12-06 16:00:00,2024-12-06,16:00:00,1.1611,Friday,16,12,Winter,0
10023456781,2024-12-06 17:00:00,2024-12-06,17:00:00,1.6989,Friday,17,12,Winter,0
10023456781,2024-12-06 18:00:00,2024-12-06,18:00:00,1.9603,Friday,18,12,Winter,0
10023456781,2024-12-06 19:00:00,2024-12-06,19:00:00,2.4736,Friday,19,12,Winter,0
10023456781,2024-12-06 20:00:00,2024-12-06,20:00:00,1.9489,Friday,20,12,Winter,0
10023456781,2024-12-06 21:00:00,2024-12-06,21:00:00,1.9110,Friday,21,12,Winter,0
10023456781,2024-12-06 22:00:00,2024-12-06,22:00:00,1.2075,Friday,22,12,Winter,0
10023456781,2024-12-06 23:00:00,2024-12-06,23:00:00,0.7755,Friday,23,12,Winter,0
10023456781,2024-12-07 00:00:00,2024-12-07,00:00:00,0.3800,Saturday,0,12,Winter,0
10023456781,2024-12-07 01:00:00,2024-12-07,01:00:00,0.3727,Saturday,1,12,Winter,0
10023456781,2024-12-07 02:00:00,2024-12-07,02:00:00,0.2361,Saturday,2,12,Winter,0
10023456781,2024-12-07 03:00:00,2024-12-07,03:00:00,0.3285,Saturday,3,12,Winter,0
10023456781,2024-12-07 04:00:00,2024-12-07,04:00:00,0.2848,Saturday,4,12,Winter,0
10023456781,2024-12-07 05:00:00,2024-12-07,05:00:00,0.4847,Saturday,5,12,Winter,0
10023456781,2024-12-07 06:00:00,2024-12-07,06:00:00,0.4984,Saturday,6,12,Winter,0
10023456781,2024-12-07 07:00:00,2024-12-07,07:00:00,0.7341,Saturday,7,12,Winter,0
10023456781,2024-12-07 08:00:00,2024-12-07,08:00:00,0.8856,Saturday,8,12,Winter,0
10023456781,2024-12-07 09:00:00,2024-12-07,09:00:00,1.1525,Saturday,9,12,Winter,0
10023456781,2024-12-07 10:00:00,2024-12-07,10:00:00,1.1592,Saturday,10,12,Winter,0
10023456781,2024-12-07 11:00:00,2024-12-07,11:00:00,0.9762,Saturday,11,12,Winter,0
10023456781,2024-12-07 12:00:00,2024-12-07,12:00:00,0.9059,Saturday,12,12,Winter,0
10023456781,2024-12-07 13:00:00,2024-12-07,13:00:00,0.9037,Saturday,13,12,Winter,0
10023456781,2024-12-07 14:00:00,2024-12-07,14:00:00,0.7510,Saturday,14,12,Winter,0
10023456781,2024-12-07 15:00:00,2024-12-07,15:00:00,0.9675,Saturday,15,12,Winter,0
10023456781,2024-12-07 16:00:00,2024-12-07,16:00:00,1.0603,Saturday,16,12,Winter,0
10023456781,2024-12-07 17:00:00,2024-12-07,17:00:00,1.1530,Saturday,17,12,Winter,0
10023456781,2024-12-07 18:00:00,2024-12-07,18:00:00,1.5692,Saturday,18,12,Winter,0
10023456781,2024-12-07 19:00:00,2024-12-07,19:00:00,1.5461,Saturday,19,12,Winter,0
10023456781,2024-12-07 20:00:00,2024-12-07,20:00:00,1.4282,Saturday,20,12,Winter,0
10023456781,2024-12-07 21:00:00,2024-12-07,21:00:00,0.1508,Saturday,21,12,Winter,1
10023456781,2024-12-07 22:00:00,2024-12-07,22:00:00,1.1045,Saturday,22,12,Winter,0
10023456781,2024-12-07 23:00:00,2024-12-07,23:00:00,0.6613,Saturday,23,12,Winter,0
10023456781,2024-12-08 00:00:00,2024-12-08,00:00:00,0.3332,Sunday,0,12,Winter,0
10023456781,2024-12-08 01:00:00,2024-12-08,01:00:00,0.2736,Sunday,1,12,Winter,0
10023456781,2024-12-08 02:00:00,2024-12-08,02:00:00,0.2356,Sunday,2,12,Winter,0
10023456781,2024-12-08 03:00:00,2024-12-08,03:00:00,0.2801,Sunday,3,12,Winter,0
10023456781,2024-12-08 04:00:00,2024-12-08,04:00:00,0.3088,Sunday,4,12,Winter,0
10023456781,2024-12-08 05:00:00,2024-12-08,05:00:00,0.3686,Sunday,5,12,Winter,0
10023456781,2024-12-08 06:00:00,2024-12-08,06:00:00,0.5528,Sunday,6,12,Winter,0
10023456781,2024-12-08 07:00:00,2024-12-08,07:00:00,0.6644,Sunday,7,12,Winter,0
10023456781,2024-12-08 08:00:00,2024-12-08,08:00:00,1.1111,Sunday,8,12,Winter,0
10023456781,2024-12-08 09:00:00,2024-12-08,09:00:00,1.0772,Sunday,9,12,Winter,0
10023456781,2024-12-08 10:00:00,2024-12-08,10:00:00,1.1106,Sunday,10,12,Winter,0
10023456781,2024-12-08 11:00:00,2024-12-08,11:00:00,0.8508,Sunday,11,12,Winter,0
10023456781,2024-12-08 12:00:00,2024-12-08,12:00:00,0.8510,Sunday,12,12,Winter,0
10023456781,2024-12-08 13:00:00,2024-12-08,13:00:00,1.0301,Sunday,13,12,Winter,0
10023456781,2024-12-08 14:00:00,2024-12-08,14:00:00,0.0728,Sunday,14,12,Winter,1
10023456781,2024-12-08 15:00:00,2024-12-08,15:00:00,1.0408,Sunday,15,12,Winter,0
10023456781,2024-12-08 16:00:00,2024-12-08,16:00:00,0.9876,Sunday,16,12,Winter,0
10023456781,2024-12-08 17:00:00,2024-12-08,17:00:00,1.2249,Sunday,17,12,Winter,0
10023456781,2024-12-08 18:00:00,2024-12-08,18:00:00,1.2844,Sunday,18,12,Winter,0
10023456781,2024-12-08 19:00:00,2024-12-08,19:00:00,1.7572,Sunday,19,12,Winter,0
10023456781,2024-12-08 20:00:00,2024-12-08,20:00:00,1.6176,Sunday,20,12,Winter,0
10023456781,2024-12-08 21:00:00,2024-12-08,21:00:00,1.3125,Sunday,21,12,Winter,0
10023456781,2024-12-08 22:00:00,2024-12-08,22:00:00,0.9674,Sunday,22,12,Winter,0
10023456781,2024-12-08 23:00:00,2024-12-08,23:00:00,0.6040,Sunday,23,12,Winter,0
10023456781,2024-12-09 00:00:00,2024-12-09,00:00:00,0.2851,Monday,0,12,Winter,0
10023456781,2024-12-09 01:00:00,2024-12-09,01:00:00,0.2749,Monday,1,12,Winter,0
10023456781,2024-12-09 02:00:00,2024-12-09,02:00:00,0.2440,Monday,2,12,Winter,0
10023456781,2024-12-09 03:00:00,2024-12-09,03:00:00,0.2633,Monday,3,12,Winter,0
10023456781,2024-12-09 04:00:00,2024-12-09,04:00:00,0.2487,Monday,4,12,Winter,0
10023456781,2024-12-09 05:00:00,2024-12-09,05:00:00,0.3866,Monday,5,12,Winter,0
10023456781,2024-12-09 06:00:00,2024-12-09,06:00:00,0.7240,Monday,6,12,Winter,0
10023456781,2024-12-09 07:00:00,2024-12-09,07:00:00,0.8109,Monday,7,12,Winter,0
10023456781,2024-12-09 08:00:00,2024-12-09,08:00:00,1.0578,Monday,8,12,Winter,0
10023456781,2024-12-09 09:00:00,2024-12-09,09:00:00,0.9483,Monday,9,12,Winter,0
10023456781,2024-12-09 10:00:00,2024-12-09,10:00:00,0.8154,Monday,10,12,Winter,0
10023456781,2024-12-09 11:00:00,2024-12-09,11:00:00,0.6634,Monday,11,12,Winter,0
10023456781,2024-12-09 12:00:00,2024-12-09,12:00:00,0.7244,Monday,12,12,Winter,0
10023456781,2024-12-09 13:00:00,2024-12-09,13:00:00,0.8503,Monday,13,12,Winter,0
10023456781,2024-12-09 14:00:00,2024-12-09,14:00:00,0.6128,Monday,14,12,Winter,0
10023456781,2024-12-09 15:00:00,2024-12-09,15:00:00,0.6032,Monday,15,12,Winter,0
10023456781,2024-12-09 16:00:00,2024-12-09,16:00:00,0.7408,Monday,16,12,Winter,0
10023456781,2024-12-09 17:00:00,2024-12-09,17:00:00,1.1177,Monday,17,12,Winter,0
10023456781,2024-12-09 18:00:00,2024-12-09,18:00:00,1.4054,Monday,18,12,Winter,0
10023456781,2024-12-09 19:00:00,2024-12-09,19:00:00,8.8688,Monday,19,12,Winter,1
10023456781,2024-12-09 20:00:00,2024-12-09,20:00:00,1.5623,Monday,20,12,Winter,0
10023456781,2024-12-09 21:00:00,2024-12-09,21:00:00,1.2926,Monday,21,12,Winter,0
10023456781,2024-12-09 22:00:00,2024-12-09,22:00:00,1.0320,Monday,22,12,Winter,0
10023456781,2024-12-09 23:00:00,2024-12-09,23:00:00,0.5707,Monday,23,12,Winter,0
10023456781,2024-12-10 00:00:00,2024-12-10,00:00:00,0.3410,Tuesday,0,12,Winter,0
10023456781,2024-12-10 01:00:00,2024-12-10,01:00:00,0.3417,Tuesday,1,12,Winter,0
10023456781,2024-12-10 02:00:00,2024-12-10,02:00:00,0.3298,Tuesday,2,12,Winter,0
10023456781,2024-12-10 03:00:00,2024-12-10,03:00:00,0.3509,Tuesday,3,12,Winter,0
10023456781,2024-12-10 04:00:00,2024-12-10,04:00:00,0.2516,Tuesday,4,12,Winter,0
10023456781,2024-12-10 05:00:00,2024-12-10,05:00:00,0.4936,Tuesday,5,12,Winter,0
10023456781,2024-12-10 06:00:00,2024-12-10,06:00:00,1.0710,Tuesday,6,12,Winter,0
10023456781,2024-12-10 07:00:00,2024-12-10,07:00:00,1.0582,Tuesday,7,12,Winter,0
10023456781,2024-12-10 08:00:00,2024-12-10,08:00:00,1.0954,Tuesday,8,12,Winter,0
10023456781,2024-12-10 09:00:00,2024-12-10,09:00:00,1.0689,Tuesday,9,12,Winter,0
10023456781,2024-12-10 10:00:00,2024-12-10,10:00:00,0.7521,Tuesday,10,12,Winter,0
10023456781,2024-12-10 11:00:00,2024-12-10,11:00:00,0.7686,Tuesday,11,12,Winter,0
10023456781,2024-12-10 12:00:00,2024-12-10,12:00:00,0.8878,Tuesday,12,12,Winter,0
10023456781,2024-12-10 13:00:00,2024-12-10,13:00:00,0.9712,Tuesday,13,12,Winter,0
10023456781,2024-12-10 14:00:00,2024-12-10,14:00:00,0.9343,Tuesday,14,12,Winter,0
10023456781,2024-12-10 15:00:00,2024-12-10,15:00:00,0.9602,Tuesday,15,12,Winter,0
10023456781,2024-12-10 16:00:00,2024-12-10,16:00:00,0.9030,Tuesday,16,12,Winter,0
10023456781,2024-12-10 17:00:00,2024-12-10,17:00:00,0.9997,Tuesday,17,12,Winter,0
10023456781,2024-12-10 18:00:00,2024-12-10,18:00:00,1.4446,Tuesday,18,12,Winter,0
10023456781,2024-12-10 19:00:00,2024-12-10,19:00:00,1.9500,Tuesday,19,12,Winter,0
10023456781,2024-12-10 20:00:00,2024-12-10,20:00:00,1.6283,Tuesday,20,12,Winter,0
10023456781,2024-12-10 21:00:00,2024-12-10,21:00:00,1.6114,Tuesday,21,12,Winter,0
10023456781,2024-12-10 22:00:00,2024-12-10,22:00:00,1.0062,Tuesday,22,12,Winter,0
10023456781,2024-12-10 23:00:00,2024-12-10,23:00:00,0.6284,Tuesday,23,12,Winter,0
10023456781,2024-12-11 00:00:00,2024-12-11,00:00:00,0.3393,Wednesday,0,12,Winter,0
10023456781,2024-12-11 01:00:00,2024-12-11,01:00:00,0.3682,Wednesday,1,12,Winter,0
10023456781,2024-12-11 02:00:00,2024-12-11,02:00:00,0.2176,Wednesday,2,12,Winter,0
10023456781,2024-12-11 03:00:00,2024-12-11,03:00:00,0.2823,Wednesday,3,12,Winter,0
10023456781,2024-12-11 04:00:00,2024-12-11,04:00:00,0.4129,Wednesday,4,12,Winter,0
10023456781,2024-12-11 05:00:00,2024-12-11,05:00:00,0.4756,Wednesday,5,12,Winter,0
10023456781,2024-12-11 06:00:00,2024-12-11,06:00:00,0.9610,Wednesday,6,12,Winter,0
10023456781,2024-12-11 07:00:00,2024-12-11,07:00:00,1.4666,Wednesday,7,12,Winter,0
10023456781,2024-12-11 08:00:00,2024-12-11,08:00:00,1.3864,Wednesday,8,12,Winter,0
10023456781,2024-12-11 09:00:00,2024-12-11,09:00:00,0.9086,Wednesday,9,12,Winter,0
10023456781,2024-12-11 10:00:00,2024-12-11,10:00:00,0.7783,Wednesday,10,12,Winter,0
10023456781,2024-12-11 11:00:00,2024-12-11,11:00:00,0.7933,Wednesday,11,12,Winter,0
10023456781,2024-12-11 12:00:00,2024-12-11,12:00:00,0.7514,Wednesday,12,12,Winter,0
10023456781,2024-12-11 13:00:00,2024-12-11,13:00:00,0.7021,Wednesday,13,12,Winter,0
10023456781,2024-12-11 14:00:00,2024-12-11,14:00:00,0.6859,Wednesday,14,12,Winter,0
10023456781,2024-12-11 15:00:00,2024-12-11,15:00:00,0.8185,Wednesday,15,12,Winter,0
10023456781,2024-12-11 16:00:00,2024-12-11,16:00:00,1.0888,Wednesday,16,12,Winter,0
10023456781,2024-12-11 17:00:00,2024-12-11,17:00:00,1.2991,Wednesday,17,12,Winter,0
10023456781,2024-12-11 18:00:00,2024-12-11,18:00:00,1.8120,Wednesday,18,12,Winter,0
10023456781,2024-12-11 19:00:00,2024-12-11,19:00:00,1.8877,Wednesday,19,12,Winter,0
10023456781,2024-12-11 20:00:00,2024-12-11,20:00:00,1.7007,Wednesday,20,12,Winter,0
10023456781,2024-12-11 21:00:00,2024-12-11,21:00:00,1.6201,Wednesday,21,12,Winter,0
10023456781,2024-12-11 22:00:00,2024-12-11,22:00:00,0.8898,Wednesday,22,12,Winter,0
10023456781,2024-12-11 23:00:00,2024-12-11,23:00:00,1.6224,Wednesday,23,12,Winter,1
10023456781,2024-12-12 00:00:00,2024-12-12,00:00:00,0.3258,Thursday,0,12,Winter,0
10023456781,2024-12-12 01:00:00,2024-12-12,01:00:00,0.2371,Thursday,1,12,Winter,0
10023456781,2024-12-12 02:00:00,2024-12-12,02:00:00,0.2390,Thursday,2,12,Winter,0
10023456781,2024-12-12 03:00:00,2024-12-12,03:00:00,0.2420,Thursday,3,12,Winter,0
10023456781,2024-12-12 04:00:00,2024-12-12,04:00:00,0.3528,Thursday,4,12,Winter,0
10023456781,2024-12-12 05:00:00,2024-12-12,05:00:00,0.5019,Thursday,5,12,Winter,0
10023456781,2024-12-12 06:00:00,2024-12-12,06:00:00,0.7530,Thursday,6,12,Winter,0
10023456781,2024-12-12 07:00:00,2024-12-12,07:00:00,1.0782,Thursday,7,12,Winter,0
10023456781,2024-12-12 08:00:00,2024-12-12,08:00:00,1.1418,Thursday,8,12,Winter,0
10023456781,2024-12-12 09:00:00,2024-12-12,09:00:00,0.9181,Thursday,9,12,Winter,0
10023456781,2024-12-12 10:00:00,2024-12-12,10:00:00,0.8882,Thursday,10,12,Winter,0
10023456781,2024-12-12 11:00:00,2024-12-12,11:00:00,0.7386,Thursday,11,12,Winter,0
10023456781,2024-12-12 12:00:00,2024-12-12,12:00:00,0.7866,Thursday,12,12,Winter,0
10023456781,2024-12-12 13:00:00,2024-12-12,13:00:00,0.7251,Thursday,13,12,Winter,0
10023456781,2024-12-12 14:00:00,2024-12-12,14:00:00,0.6669,Thursday,14,12,Winter,0
10023456781,2024-12-12 15:00:00,2024-12-12,15:00:00,0.6391,Thursday,15,12,Winter,0
10023456781,2024-12-12 16:00:00,2024-12-12,16:00:00,0.9054,Thursday,16,12,Winter,0
10023456781,2024-12-12 17:00:00,2024-12-12,17:00:00,1.2410,Thursday,17,12,Winter,0
10023456781,2024-12-12 18:00:00,2024-12-12,18:00:00,1.2907,Thursday,18,12,Winter,0
10023456781,2024-12-12 19:00:00,2024-12-12,19:00:00,1.7014,Thursday,19,12,Winter,0
10023456781,2024-12-12 20:00:00,2024-12-12,20:00:00,1.6013,Thursday,20,12,Winter,0
10023456781,2024-12-12 21:00:00,2024-12-12,21:00:00,1.2160,Thursday,21,12,Winter,0
10023456781,2024-12-12 22:00:00,2024-12-12,22:00:00,0.9191,Thursday,22,12,Winter,0
10023456781,2024-12-12 23:00:00,2024-12-12,23:00:00,0.5727,Thursday,23,12,Winter,0
10023456781,2024-12-13 00:00:00,2024-12-13,00:00:00,0.3250,Friday,0,12,Winter,0
10023456781,2024-12-13 01:00:00,2024-12-13,01:00:00,0.3020,Friday,1,12,Winter,0
10023456781,2024-12-13 02:00:00,2024-12-13,02:00:00,0.2858,Friday,2,12,Winter,0
10023456781,2024-12-13 03:00:00,2024-12-13,03:00:00,0.2465,Friday,3,12,Winter,0
10023456781,2024-12-13 04:00:00,2024-12-13,04:00:00,0.3022,Friday,4,12,Winter,0
10023456781,2024-12-13 05:00:00,2024-12-13,05:00:00,0.5519,Friday,5,12,Winter,0
10023456781,2024-12-13 06:00:00,2024-12-13,06:00:00,0.6741,Friday,6,12,Winter,0
10023456781,2024-12-13 07:00:00,2024-12-13,07:00:00,0.9977,Friday,7,12,Winter,0
10023456781,2024-12-13 08:00:00,2024-12-13,08:00:00,1.3478,Friday,8,12,Winter,0
10023456781,2024-12-13 09:00:00,2024-12-13,09:00:00,4.4172,Friday,9,12,Winter,1
10023456781,2024-12-13 10:00:00,2024-12-13,10:00:00,0.7299,Friday,10,12,Winter,0
10023456781,2024-12-13 11:00:00,2024-12-13,11:00:00,0.8513,Friday,11,12,Winter,0
10023456781,2024-12-13 12:00:00,2024-12-13,12:00:00,0.6345,Friday,12,12,Winter,0
10023456781,2024-12-13 13:00:00,2024-12-13,13:00:00,0.6349,Friday,13,12,Winter,0
10023456781,2024-12-13 14:00:00,2024-12-13,14:00:00,0.7964,Friday,14,12,Winter,0
10023456781,2024-12-13 15:00:00,2024-12-13,15:00:00,0.8697,Friday,15,12,Winter,0
10023456781,2024-12-13 16:00:00,2024-12-13,16:00:00,0.9546,Friday,16,12,Winter,0
10023456781,2024-12-13 17:00:00,2024-12-13,17:00:00,1.1976,Friday,17,12,Winter,0
10023456781,2024-12-13 18:00:00,2024-12-13,18:00:00,1.2724,Friday,18,12,Winter,0
10023456781,2024-12-13 19:00:00,2024-12-13,19:00:00,1.4494,Friday,19,12,Winter,0
10023456781,2024-12-13 20:00:00,2024-12-13,20:00:00,1.8088,Friday,20,12,Winter,0
10023456781,2024-12-13 21:00:00,2024-12-13,21:00:00,1.4215,Friday,21,12,Winter,0
10023456781,2024-12-13 22:00:00,2024-12-13,22:00:00,1.1812,Friday,22,12,Winter,0
10023456781,2024-12-13 23:00:00,2024-12-13,23:00:00,0.6024,Friday,23,12,Winter,0
10023456781,2024-12-14 00:00:00,2024-12-14,00:00:00,0.3769,Saturday,0,12,Winter,0
10023456781,2024-12-14 01:00:00,2024-12-14,01:00:00,0.3736,Saturday,1,12,Winter,0
10023456781,2024-12-14 02:00:00,2024-12-14,02:00:00,0.3540,Saturday,2,12,Winter,0
10023456781,2024-12-14 03:00:00,2024-12-14,03:00:00,0.2889,Saturday,3,12,Winter,0
10023456781,2024-12-14 04:00:00,2024-12-14,04:00:00,0.3680,Saturday,4,12,Winter,0
10023456781,2024-12-14 05:00:00,2024-12-14,05:00:00,0.4320,Saturday,5,12,Winter,0
10023456781,2024-12-14 06:00:00,2024-12-14,06:00:00,0.6348,Saturday,6,12,Winter,0
10023456781,2024-12-14 07:00:00,2024-12-14,07:00:00,0.6924,Saturday,7,12,Winter,0
10023456781,2024-12-14 08:00:00,2024-12-14,08:00:00,1.2869,Saturday,8,12,Winter,0
10023456781,2024-12-14 09:00:00,2024-12-14,09:00:00,1.3166,Saturday,9,12,Winter,0
10023456781,2024-12-14 10:00:00,2024-12-14,10:00:00,1.3026,Saturday,10,12,Winter,0
10023456781,2024-12-14 11:00:00,2024-12-14,11:00:00,1.3270,Saturday,11,12,Winter,0
10023456781,2024-12-14 12:00:00,2024-12-14,12:00:00,1.1113,Saturday,12,12,Winter,0
10023456781,2024-12-14 13:00:00,2024-12-14,13:00:00,1.1542,Saturday,13,12,Winter,0
10023456781,2024-12-14 14:00:00,2024-12-14,14:00:00,0.9831,Saturday,14,12,Winter,0
10023456781,2024-12-14 15:00:00,2024-12-14,15:00:00,1.0175,Saturday,15,12,Winter,0
10023456781,2024-12-14 16:00:00,2024-12-14,16:00:00,1.1756,Saturday,16,12,Winter,0
10023456781,2024-12-14 17:00:00,2024-12-14,17:00:00,1.3299,Saturday,17,12,Winter,0
10023456781,2024-12-14 18:00:00,2024-12-14,18:00:00,1.6640,Saturday,18,12,Winter,0
10023456781,2024-12-14 19:00:00,2024-12-14,19:00:00,1.9378,Saturday,19,12,Winter,0
10023456781,2024-12-14 20:00:00,2024-12-14,20:00:00,1.7879,Saturday,20,12,Winter,0
10023456781,2024-12-14 21:00:00,2024-12-14,21:00:00,1.7222,Saturday,21,12,Winter,0
10023456781,2024-12-14 22:00:00,2024-12-14,22:00:00,1.1892,Saturday,22,12,Winter,0
10023456781,2024-12-14 23:00:00,2024-12-14,23:00:00,0.7316,Saturday,23,12,Winter,0
10023456781,2024-12-15 00:00:00,2024-12-15,00:00:00,0.4433,Sunday,0,12,Winter,0
10023456781,2024-12-15 01:00:00,2024-12-15,01:00:00,0.4646,Sunday,1,12,Winter,0
10023456781,2024-12-15 02:00:00,2024-12-15,02:00:00,0.2656,Sunday,2,12,Winter,0
10023456781,2024-12-15 03:00:00,2024-12-15,03:00:00,0.4554,Sunday,3,12,Winter,0
10023456781,2024-12-15 04:00:00,2024-12-15,04:00:00,0.3757,Sunday,4,12,Winter,0
10023456781,2024-12-15 05:00:00,2024-12-15,05:00:00,0.4427,Sunday,5,12,Winter,0
10023456781,2024-12-15 06:00:00,2024-12-15,06:00:00,0.7943,Sunday,6,12,Winter,0
10023456781,2024-12-15 07:00:00,2024-12-15,07:00:00,0.9416,Sunday,7,12,Winter,0
10023456781,2024-12-15 08:00:00,2024-12-15,08:00:00,1.4856,Sunday,8,12,Winter,0
10023456781,2024-12-15 09:00:00,2024-12-15,09:00:00,1.6394,Sunday,9,12,Winter,0
10023456781,2024-12-15 10:00:00,2024-12-15,10:00:00,1.6025,Sunday,10,12,Winter,0
10023456781,2024-12-15 11:00:00,2024-12-15,11:00:00,1.3701,Sunday,11,12,Winter,0
10023456781,2024-12-15 12:00:00,2024-12-15,12:00:00,1.0957,Sunday,12,12,Winter,0
10023456781,2024-12-15 13:00:00,2024-12-15,13:00:00,2.6293,Sunday,13,12,Winter,1
10023456781,2024-12-15 14:00:00,2024-12-15,14:00:00,3.5270,Sunday,14,12,Winter,1
10023456781,2024-12-15 15:00:00,2024-12-15,15:00:00,3.1700,Sunday,15,12,Winter,1
10023456781,2024-12-15 16:00:00,2024-12-15,16:00:00,3.1610,Sunday,16,12,Winter,1
10023456781,2024-12-15 17:00:00,2024-12-15,17:00:00,3.5610,Sunday,17,12,Winter,1
10023456781,2024-12-15 18:00:00,2024-12-15,18:00:00,1.8751,Sunday,18,12,Winter,0
10023456781,2024-12-15 19:00:00,2024-12-15,19:00:00,2.2774,Sunday,19,12,Winter,0
10023456781,2024-12-15 20:00:00,2024-12-15,20:00:00,1.8340,Sunday,20,12,Winter,0
10023456781,2024-12-15 21:00:00,2024-12-15,21:00:00,2.1864,Sunday,21,12,Winter,0
10023456781,2024-12-15 22:00:00,2024-12-15,22:00:00,1.2590,Sunday,22,12,Winter,0
10023456781,2024-12-15 23:00:00,2024-12-15,23:00:00,2.2913,Sunday,23,12,Winter,1
10023456781,2024-12-16 00:00:00,2024-12-16,00:00:00,0.3694,Monday,0,12,Winter,0
10023456781,2024-12-16 01:00:00,2024-12-16,01:00:00,0.3242,Monday,1,12,Winter,0
10023456781,2024-12-16 02:00:00,2024-12-16,02:00:00,0.3056,Monday,2,12,Winter,0
10023456781,2024-12-16 03:00:00,2024-12-16,03:00:00,0.2458,Monday,3,12,Winter,0
10023456781,2024-12-16 04:00:00,2024-12-16,04:00:00,0.3402,Monday,4,12,Winter,0
10023456781,2024-12-16 05:00:00,2024-12-16,05:00:00,0.5001,Monday,5,12,Winter,0
10023456781,2024-12-16 06:00:00,2024-12-16,06:00:00,0.7396,Monday,6,12,Winter,0
10023456781,2024-12-16 07:00:00,2024-12-16,07:00:00,1.3046,Monday,7,12,Winter,0
10023456781,2024-12-16 08:00:00,2024-12-16,08:00:00,1.2967,Monday,8,12,Winter,0
10023456781,2024-12-16 09:00:00,2024-12-16,09:00:00,1.0451,Monday,9,12,Winter,0
10023456781,2024-12-16 10:00:00,2024-12-16,10:00:00,0.7734,Monday,10,12,Winter,0
10023456781,2024-12-16 11:00:00,2024-12-16,11:00:00,0.5278,Monday,11,12,Winter,0
10023456781,2024-12-16 12:00:00,2024-12-16,12:00:00,0.7602,Monday,12,12,Winter,0
10023456781,2024-12-16 13:00:00,2024-12-16,13:00:00,0.6839,Monday,13,12,Winter,0
10023456781,2024-12-16 14:00:00,2024-12-16,14:00:00,0.7971,Monday,14,12,Winter,0
10023456781,2024-12-16 15:00:00,2024-12-16,15:00:00,0.8398,Monday,15,12,Winter,0
10023456781,2024-12-16 16:00:00,2024-12-16,16:00:00,0.9047,Monday,16,12,Winter,0
10023456781,2024-12-16 17:00:00,2024-12-16,17:00:00,1.1442,Monday,17,12,Winter,0
10023456781,2024-12-16 18:00:00,2024-12-16,18:00:00,1.3169,Monday,18,12,Winter,0
10023456781,2024-12-16 19:00:00,2024-12-16,19:00:00,1.6803,Monday,19,12,Winter,0
10023456781,2024-12-16 20:00:00,2024-12-16,20:00:00,1.8142,Monday,20,12,Winter,0
10023456781,2024-12-16 21:00:00,2024-12-16,21:00:00,1.4057,Monday,21,12,Winter,0
10023456781,2024-12-16 22:00:00,2024-12-16,22:00:00,1.1977,Monday,22,12,Winter,0
10023456781,2024-12-16 23:00:00,2024-12-16,23:00:00,0.6630,Monday,23,12,Winter,0
10023456781,2024-12-17 00:00:00,2024-12-17,00:00:00,0.3273,Tuesday,0,12,Winter,0
10023456781,2024-12-17 01:00:00,2024-12-17,01:00:00,0.3337,Tuesday,1,12,Winter,0
10023456781,2024-12-17 02:00:00,2024-12-17,02:00:00,0.3056,Tuesday,2,12,Winter,0
10023456781,2024-12-17 03:00:00,2024-12-17,03:00:00,0.3048,Tuesday,3,12,Winter,0
10023456781,2024-12-17 04:00:00,2024-12-17,04:00:00,0.2818,Tuesday,4,12,Winter,0
10023456781,2024-12-17 05:00:00,2024-12-17,05:00:00,0.6112,Tuesday,5,12,Winter,0
10023456781,2024-12-17 06:00:00,2024-12-17,06:00:00,0.7710,Tuesday,6,12,Winter,0
10023456781,2024-12-17 07:00:00,2024-12-17,07:00:00,1.1537,Tuesday,7,12,Winter,0
10023456781,2024-12-17 08:00:00,2024-12-17,08:00:00,1.1812,Tuesday,8,12,Winter,0
10023456781,2024-12-17 09:00:00,2024-12-17,09:00:00,1.1779,Tuesday,9,12,Winter,0
10023456781,2024-12-17 10:00:00,2024-12-17,10:00:00,0.8058,Tuesday,10,12,Winter,0
10023456781,2024-12-17 11:00:00,2024-12-17,11:00:00,0.8424,Tuesday,11,12,Winter,0
10023456781,2024-12-17 12:00:00,2024-12-17,12:00:00,0.7768,Tuesday,12,12,Winter,0
10023456781,2024-12-17 13:00:00,2024-12-17,13:00:00,0.9174,Tuesday,13,12,Winter,0
10023456781,2024-12-17 14:00:00,2024-12-17,14:00:00,0.9852,Tuesday,14,12,Winter,0
10023456781,2024-12-17 15:00:00,2024-12-17,15:00:00,0.7795,Tuesday,15,12,Winter,0
10023456781,2024-12-17 16:00:00,2024-12-17,16:00:00,0.9415,Tuesday,16,12,Winter,0
10023456781,2024-12-17 17:00:00,2024-12-17,17:00:00,1.3782,Tuesday,17,12,Winter,0
10023456781,2024-12-17 18:00:00,2024-12-17,18:00:00,1.6509,Tuesday,18,12,Winter,0
10023456781,2024-12-17 19:00:00,2024-12-17,19:00:00,2.1597,Tuesday,19,12,Winter,0
10023456781,2024-12-17 20:00:00,2024-12-17,20:00:00,1.7768,Tuesday,20,12,Winter,0
10023456781,2024-12-17 21:00:00,2024-12-17,21:00:00,1.4060,Tuesday,21,12,Winter,0
10023456781,2024-12-17 22:00:00,2024-12-17,22:00:00,1.0571,Tuesday,22,12,Winter,0
10023456781,2024-12-17 23:00:00,2024-12-17,23:00:00,0.5616,Tuesday,23,12,Winter,0
10023456781,2024-12-18 00:00:00,2024-12-18,00:00:00,0.3240,Wednesday,0,12,Winter,0
10023456781,2024-12-18 01:00:00,2024-12-18,01:00:00,0.3429,Wednesday,1,12,Winter,0
10023456781,2024-12-18 02:00:00,2024-12-18,02:00:00,0.3249,Wednesday,2,12,Winter,0
10023456781,2024-12-18 03:00:00,2024-12-18,03:00:00,0.2960,Wednesday,3,12,Winter,0
10023456781,2024-12-18 04:00:00,2024-12-18,04:00:00,2.2918,Wednesday,4,12,Winter,1
10023456781,2024-12-18 05:00:00,2024-12-18,05:00:00,2.0649,Wednesday,5,12,Winter,1
10023456781,2024-12-18 06:00:00,2024-12-18,06:00:00,0.8795,Wednesday,6,12,Winter,0
10023456781,2024-12-18 07:00:00,2024-12-18,07:00:00,0.9428,Wednesday,7,12,Winter,0
10023456781,2024-12-18 08:00:00,2024-12-18,08:00:00,1.1101,Wednesday,8,12,Winter,0
10023456781,2024-12-18 09:00:00,2024-12-18,09:00:00,1.0370,Wednesday,9,12,Winter,0
10023456781,2024-12-18 10:00:00,2024-12-18,10:00:00,1.0081,Wednesday,10,12,Winter,0
10023456781,2024-12-18 11:00:00,2024-12-18,11:00:00,0.8323,Wednesday,11,12,Winter,0
10023456781,2024-12-18 12:00:00,2024-12-18,12:00:00,0.9604,Wednesday,12,12,Winter,0
10023456781,2024-12-18 13:00:00,2024-12-18,13:00:00,0.7767,Wednesday,13,12,Winter,0
10023456781,2024-12-18 14:00:00,2024-12-18,14:00:00,0.8044,Wednesday,14,12,Winter,0
10023456781,2024-12-18 15:00:00,2024-12-18,15:00:00,0.8137,Wednesday,15,12,Winter,0
10023456781,2024-12-18 16:00:00,2024-12-18,16:00:00,1.2202,Wednesday,16,12,Winter,0
10023456781,2024-12-18 17:00:00,2024-12-18,17:00:00,1.0587,Wednesday,17,12,Winter,0
10023456781,2024-12-18 18:00:00,2024-12-18,18:00:00,1.5346,Wednesday,18,12,Winter,0
10023456781,2024-12-18 19:00:00,2024-12-18,19:00:00,1.7122,Wednesday,19,12,Winter,0
10023456781,2024-12-18 20:00:00,2024-12-18,20:00:00,1.9914,Wednesday,20,12,Winter,0
10023456781,2024-12-18 21:00:00,2024-12-18,21:00:00,1.4488,Wednesday,21,12,Winter,0
10023456781,2024-12-18 22:00:00,2024-12-18,22:00:00,1.1027,Wednesday,22,12,Winter,0
10023456781,2024-12-18 23:00:00,2024-12-18,23:00:00,0.6156,Wednesday,23,12,Winter,0
10023456781,2024-12-19 00:00:00,2024-12-19,00:00:00,0.3339,Thursday,0,12,Winter,0
10023456781,2024-12-19 01:00:00,2024-12-19,01:00:00,0.3092,Thursday,1,12,Winter,0
10023456781,2024-12-19 02:00:00,2024-12-19,02:00:00,0.3038,Thursday,2,12,Winter,0
10023456781,2024-12-19 03:00:00,2024-12-19,03:00:00,0.2853,Thursday,3,12,Winter,0
10023456781,2024-12-19 04:00:00,2024-12-19,04:00:00,0.3024,Thursday,4,12,Winter,0
10023456781,2024-12-19 05:00:00,2024-12-19,05:00:00,0.4944,Thursday,5,12,Winter,0
10023456781,2024-12-19 06:00:00,2024-12-19,06:00:00,0.8671,Thursday,6,12,Winter,0
10023456781,2024-12-19 07:00:00,2024-12-19,07:00:00,1.2055,Thursday,7,12,Winter,0
10023456781,2024-12-19 08:00:00,2024-12-19,08:00:00,1.7108,Thursday,8,12,Winter,0
10023456781,2024-12-19 09:00:00,2024-12-19,09:00:00,1.1236,Thursday,9,12,Winter,0
10023456781,2024-12-19 10:00:00,2024-12-19,10:00:00,0.8843,Thursday,10,12,Winter,0
10023456781,2024-12-19 11:00:00,2024-12-19,11:00:00,0.8549,Thursday,11,12,Winter,0
10023456781,2024-12-19 12:00:00,2024-12-19,12:00:00,0.7643,Thursday,12,12,Winter,0
10023456781,2024-12-19 13:00:00,2024-12-19,13:00:00,0.8609,Thursday,13,12,Winter,0
10023456781,2024-12-19 14:00:00,2024-12-19,14:00:00,0.8604,Thursday,14,12,Winter,0
10023456781,2024-12-19 15:00:00,2024-12-19,15:00:00,1.0108,Thursday,15,12,Winter,0
10023456781,2024-12-19 16:00:00,2024-12-19,16:00:00,6.5593,Thursday,16,12,Winter,1
10023456781,2024-12-19 17:00:00,2024-12-19,17:00:00,1.2600,Thursday,17,12,Winter,0
10023456781,2024-12-19 18:00:00,2024-12-19,18:00:00,1.7740,Thursday,18,12,Winter,0
10023456781,2024-12-19 19:00:00,2024-12-19,19:00:00,2.0582,Thursday,19,12,Winter,0
10023456781,2024-12-19 20:00:00,2024-12-19,20:00:00,1.6002,Thursday,20,12,Winter,0
10023456781,2024-12-19 21:00:00,2024-12-19,21:00:00,1.4691,Thursday,21,12,Winter,0
10023456781,2024-12-19 22:00:00,2024-12-19,22:00:00,1.0854,Thursday,22,12,Winter,0
10023456781,2024-12-19 23:00:00,2024-12-19,23:00:00,0.6345,Thursday,23,12,Winter,0
10023456781,2024-12-20 00:00:00,2024-12-20,00:00:00,0.3206,Friday,0,12,Winter,0
10023456781,2024-12-20 01:00:00,2024-12-20,01:00:00,0.3476,Friday,1,12,Winter,0
10023456781,2024-12-20 02:00:00,2024-12-20,02:00:00,0.3178,Friday,2,12,Winter,0
10023456781,2024-12-20 03:00:00,2024-12-20,03:00:00,0.3019,Friday,3,12,Winter,0
10023456781,2024-12-20 04:00:00,2024-12-20,04:00:00,0.2405,Friday,4,12,Winter,0
10023456781,2024-12-20 05:00:00,2024-12-20,05:00:00,0.5547,Friday,5,12,Winter,0
10023456781,2024-12-20 06:00:00,2024-12-20,06:00:00,0.7809,Friday,6,12,Winter,0
10023456781,2024-12-20 07:00:00,2024-12-20,07:00:00,0.9779,Friday,7,12,Winter,0
10023456781,2024-12-20 08:00:00,2024-12-20,08:00:00,1.0870,Friday,8,12,Winter,0
10023456781,2024-12-20 09:00:00,2024-12-20,09:00:00,1.0413,Friday,9,12,Winter,0
10023456781,2024-12-20 10:00:00,2024-12-20,10:00:00,0.8574,Friday,10,12,Winter,0
10023456781,2024-12-20 11:00:00,2024-12-20,11:00:00,0.5997,Friday,11,12,Winter,0
10023456781,2024-12-20 12:00:00,2024-12-20,12:00:00,0.9683,Friday,12,12,Winter,0
10023456781,2024-12-20 13:00:00,2024-12-20,13:00:00,0.7266,Friday,13,12,Winter,0
10023456781,2024-12-20 14:00:00,2024-12-20,14:00:00,0.7818,Friday,14,12,Winter,0
10023456781,2024-12-20 15:00:00,2024-12-20,15:00:00,0.9047,Friday,15,12,Winter,0
10023456781,2024-12-20 16:00:00,2024-12-20,16:00:00,1.0416,Friday,16,12,Winter,0
10023456781,2024-12-20 17:00:00,2024-12-20,17:00:00,1.1200,Friday,17,12,Winter,0
10023456781,2024-12-20 18:00:00,2024-12-20,18:00:00,1.7643,Friday,18,12,Winter,0
10023456781,2024-12-20 19:00:00,2024-12-20,19:00:00,1.5076,Friday,19,12,Winter,0
10023456781,2024-12-20 20:00:00,2024-12-20,20:00:00,1.8148,Friday,20,12,Winter,0
10023456781,2024-12-20 21:00:00,2024-12-20,21:00:00,1.3393,Friday,21,12,Winter,0
10023456781,2024-12-20 22:00:00,2024-12-20,22:00:00,1.0527,Friday,22,12,Winter,0
10023456781,2024-12-20 23:00:00,2024-12-20,23:00:00,0.5898,Friday,23,12,Winter,0
10023456781,2024-12-21 00:00:00,2024-12-21,00:00:00,0.3652,Saturday,0,12,Winter,0
10023456781,2024-12-21 01:00:00,2024-12-21,01:00:00,0.3742,Saturday,1,12,Winter,0
10023456781,2024-12-21 02:00:00,2024-12-21,02:00:00,0.3260,Saturday,2,12,Winter,0
10023456781,2024-12-21 03:00:00,2024-12-21,03:00:00,0.2194,Saturday,3,12,Winter,0
10023456781,2024-12-21 04:00:00,2024-12-21,04:00:00,0.3515,Saturday,4,12,Winter,0
10023456781,2024-12-21 05:00:00,2024-12-21,05:00:00,0.4411,Saturday,5,12,Winter,0
10023456781,2024-12-21 06:00:00,2024-12-21,06:00:00,0.5655,Saturday,6,12,Winter,0
10023456781,2024-12-21 07:00:00,2024-12-21,07:00:00,0.7842,Saturday,7,12,Winter,0
10023456781,2024-12-21 08:00:00,2024-12-21,08:00:00,1.4413,Saturday,8,12,Winter,0
10023456781,2024-12-21 09:00:00,2024-12-21,09:00:00,1.3997,Saturday,9,12,Winter,0
10023456781,2024-12-21 10:00:00,2024-12-21,10:00:00,1.0679,Saturday,10,12,Winter,0
10023456781,2024-12-21 11:00:00,2024-12-21,11:00:00,1.2034,Saturday,11,12,Winter,0
10023456781,2024-12-21 12:00:00,2024-12-21,12:00:00,0.0531,Saturday,12,12,Winter,1
10023456781,2024-12-21 13:00:00,2024-12-21,13:00:00,1.0903,Saturday,13,12,Winter,0
10023456781,2024-12-21 14:00:00,2024-12-21,14:00:00,1.0772,Saturday,14,12,Winter,0
10023456781,2024-12-21 15:00:00,2024-12-21,15:00:00,0.9370,Saturday,15,12,Winter,0
10023456781,2024-12-21 16:00:00,2024-12-21,16:00:00,1.0499,Saturday,16,12,Winter,0
10023456781,2024-12-21 17:00:00,2024-12-21,17:00:00,1.4833,Saturday,17,12,Winter,0
10023456781,2024-12-21 18:00:00,2024-12-21,18:00:00,1.5967,Saturday,18,12,Winter,0
10023456781,2024-12-21 19:00:00,2024-12-21,19:00:00,2.1244,Saturday,19,12,Winter,0
10023456781,2024-12-21 20:00:00,2024-12-21,20:00:00,2.4493,Saturday,20,12,Winter,0
10023456781,2024-12-21 21:00:00,2024-12-21,21:00:00,1.6345,Saturday,21,12,Winter,0
10023456781,2024-12-21 22:00:00,2024-12-21,22:00:00,1.0592,Saturday,22,12,Winter,0
10023456781,2024-12-21 23:00:00,2024-12-21,23:00:00,0.8637,Saturday,23,12,Winter,0
10023456781,2024-12-22 00:00:00,2024-12-22,00:00:00,0.3813,Sunday,0,12,Winter,0
10023456781,2024-12-22 01:00:00,2024-12-22,01:00:00,0.3704,Sunday,1,12,Winter,0
10023456781,2024-12-22 02:00:00,2024-12-22,02:00:00,0.2737,Sunday,2,12,Winter,0
10023456781,2024-12-22 03:00:00,2024-12-22,03:00:00,0.2483,Sunday,3,12,Winter,0
10023456781,2024-12-22 04:00:00,2024-12-22,04:00:00,0.3149,Sunday,4,12,Winter,0
10023456781,2024-12-22 05:00:00,2024-12-22,05:00:00,0.3547,Sunday,5,12,Winter,0
10023456781,2024-12-22 06:00:00,2024-12-22,06:00:00,0.6083,Sunday,6,12,Winter,0
10023456781,2024-12-22 07:00:00,2024-12-22,07:00:00,0.9687,Sunday,7,12,Winter,0
10023456781,2024-12-22 08:00:00,2024-12-22,08:00:00,0.9879,Sunday,8,12,Winter,0
10023456781,2024-12-22 09:00:00,2024-12-22,09:00:00,1.3521,Sunday,9,12,Winter,0
10023456781,2024-12-22 10:00:00,2024-12-22,10:00:00,1.0966,Sunday,10,12,Winter,0
10023456781,2024-12-22 11:00:00,2024-12-22,11:00:00,0.9904,Sunday,11,12,Winter,0
10023456781,2024-12-22 12:00:00,2024-12-22,12:00:00,1.0192,Sunday,12,12,Winter,0
10023456781,2024-12-22 13:00:00,2024-12-22,13:00:00,0.8753,Sunday,13,12,Winter,0
10023456781,2024-12-22 14:00:00,2024-12-22,14:00:00,0.7755,Sunday,14,12,Winter,0
10023456781,2024-12-22 15:00:00,2024-12-22,15:00:00,0.9991,Sunday,15,12,Winter,0
10023456781,2024-12-22 16:00:00,2024-12-22,16:00:00,1.0583,Sunday,16,12,Winter,0
10023456781,2024-12-22 17:00:00,2024-12-22,17:00:00,1.2163,Sunday,17,12,Winter,0
10023456781,2024-12-22 18:00:00,2024-12-22,18:00:00,1.9483,Sunday,18,12,Winter,0
10023456781,2024-12-22 19:00:00,2024-12-22,19:00:00,1.5220,Sunday,19,12,Winter,0
10023456781,2024-12-22 20:00:00,2024-12-22,20:00:00,1.5443,Sunday,20,12,Winter,0
10023456781,2024-12-22 21:00:00,2024-12-22,21:00:00,1.3548,Sunday,21,12,Winter,0
10023456781,2024-12-22 22:00:00,2024-12-22,22:00:00,0.9658,Sunday,22,12,Winter,0
10023456781,2024-12-22 23:00:00,2024-12-22,23:00:00,0.6807,Sunday,23,12,Winter,0
10023456781,2024-12-23 00:00:00,2024-12-23,00:00:00,0.4395,Monday,0,12,Winter,0
10023456781,2024-12-23 01:00:00,2024-12-23,01:00:00,0.3430,Monday,1,12,Winter,0
10023456781,2024-12-23 02:00:00,2024-12-23,02:00:00,0.2617,Monday,2,12,Winter,0
10023456781,2024-12-23 03:00:00,2024-12-23,03:00:00,0.2485,Monday,3,12,Winter,0
10023456781,2024-12-23 04:00:00,2024-12-23,04:00:00,0.4370,Monday,4,12,Winter,0
10023456781,2024-12-23 05:00:00,2024-12-23,05:00:00,0.4873,Monday,5,12,Winter,0
10023456781,2024-12-23 06:00:00,2024-12-23,06:00:00,0.7207,Monday,6,12,Winter,0
10023456781,2024-12-23 07:00:00,2024-12-23,07:00:00,1.0759,Monday,7,12,Winter,0
10023456781,2024-12-23 08:00:00,2024-12-23,08:00:00,1.3525,Monday,8,12,Winter,0
10023456781,2024-12-23 09:00:00,2024-12-23,09:00:00,1.1991,Monday,9,12,Winter,0
10023456781,2024-12-23 10:00:00,2024-12-23,10:00:00,0.9053,Monday,10,12,Winter,0
10023456781,2024-12-23 11:00:00,2024-12-23,11:00:00,0.9268,Monday,11,12,Winter,0
10023456781,2024-12-23 12:00:00,2024-12-23,12:00:00,0.9806,Monday,12,12,Winter,0
10023456781,2024-12-23 13:00:00,2024-12-23,13:00:00,0.9173,Monday,13,12,Winter,0
10023456781,2024-12-23 14:00:00,2024-12-23,14:00:00,0.9783,Monday,14,12,Winter,0
10023456781,2024-12-23 15:00:00,2024-12-23,15:00:00,0.8522,Monday,15,12,Winter,0
10023456781,2024-12-23 16:00:00,2024-12-23,16:00:00,1.1154,Monday,16,12,Winter,0
10023456781,2024-12-23 17:00:00,2024-12-23,17:00:00,1.4135,Monday,17,12,Winter,0
10023456781,2024-12-23 18:00:00,2024-12-23,18:00:00,1.4480,Monday,18,12,Winter,0
10023456781,2024-12-23 19:00:00,2024-12-23,19:00:00,1.9653,Monday,19,12,Winter,0
10023456781,2024-12-23 20:00:00,2024-12-23,20:00:00,1.9988,Monday,20,12,Winter,0
10023456781,2024-12-23 21:00:00,2024-12-23,21:00:00,1.5479,Monday,21,12,Winter,0
10023456781,2024-12-23 22:00:00,2024-12-23,22:00:00,1.0060,Monday,22,12,Winter,0
10023456781,2024-12-23 23:00:00,2024-12-23,23:00:00,0.7317,Monday,23,12,Winter,0
10023456781,2024-12-24 00:00:00,2024-12-24,00:00:00,0.3229,Tuesday,0,12,Winter,0
10023456781,2024-12-24 01:00:00,2024-12-24,01:00:00,0.3028,Tuesday,1,12,Winter,0
10023456781,2024-12-24 02:00:00,2024-12-24,02:00:00,0.2000,Tuesday,2,12,Winter,0
10023456781,2024-12-24 03:00:00,2024-12-24,03:00:00,0.3061,Tuesday,3,12,Winter,0
10023456781,2024-12-24 04:00:00,2024-12-24,04:00:00,0.3692,Tuesday,4,12,Winter,0
10023456781,2024-12-24 05:00:00,2024-12-24,05:00:00,0.4563,Tuesday,5,12,Winter,0
10023456781,2024-12-24 06:00:00,2024-12-24,06:00:00,0.8369,Tuesday,6,12,Winter,0
10023456781,2024-12-24 07:00:00,2024-12-24,07:00:00,1.0446,Tuesday,7,12,Winter,0
10023456781,2024-12-24 08:00:00,2024-12-24,08:00:00,1.2480,Tuesday,8,12,Winter,0
10023456781,2024-12-24 09:00:00,2024-12-24,09:00:00,1.1730,Tuesday,9,12,Winter,0
10023456781,2024-12-24 10:00:00,2024-12-24,10:00:00,0.8363,Tuesday,10,12,Winter,0
10023456781,2024-12-24 11:00:00,2024-12-24,11:00:00,0.7833,Tuesday,11,12,Winter,0
10023456781,2024-12-24 12:00:00,2024-12-24,12:00:00,0.8280,Tuesday,12,12,Winter,0
10023456781,2024-12-24 13:00:00,2024-12-24,13:00:00,0.7913,Tuesday,13,12,Winter,0
10023456781,2024-12-24 14:00:00,2024-12-24,14:00:00,0.6931,Tuesday,14,12,Winter,0
10023456781,2024-12-24 15:00:00,2024-12-24,15:00:00,0.8430,Tuesday,15,12,Winter,0
10023456781,2024-12-24 16:00:00,2024-12-24,16:00:00,1.0904,Tuesday,16,12,Winter,0
10023456781,2024-12-24 17:00:00,2024-12-24,17:00:00,1.1278,Tuesday,17,12,Winter,0
10023456781,2024-12-24 18:00:00,2024-12-24,18:00:00,1.4452,Tuesday,18,12,Winter,0
10023456781,2024-12-24 19:00:00,2024-12-24,19:00:00,1.8164,Tuesday,19,12,Winter,0
10023456781,2024-12-24 20:00:00,2024-12-24,20:00:00,1.8344,Tuesday,20,12,Winter,0
10023456781,2024-12-24 21:00:00,2024-12-24,21:00:00,1.4721,Tuesday,21,12,Winter,0
10023456781,2024-12-24 22:00:00,2024-12-24,22:00:00,1.0680,Tuesday,22,12,Winter,0
10023456781,2024-12-24 23:00:00,2024-12-24,23:00:00,0.6225,Tuesday,23,12,Winter,0
10023456781,2024-12-25 00:00:00,2024-12-25,00:00:00,0.3100,Wednesday,0,12,Winter,0
10023456781,2024-12-25 01:00:00,2024-12-25,01:00:00,0.2919,Wednesday,1,12,Winter,0
10023456781,2024-12-25 02:00:00,2024-12-25,02:00:00,0.2290,Wednesday,2,12,Winter,0
10023456781,2024-12-25 03:00:00,2024-12-25,03:00:00,0.2972,Wednesday,3,12,Winter,0
10023456781,2024-12-25 04:00:00,2024-12-25,04:00:00,0.8782,Wednesday,4,12,Winter,1
10023456781,2024-12-25 05:00:00,2024-12-25,05:00:00,0.3983,Wednesday,5,12,Winter,0
10023456781,2024-12-25 06:00:00,2024-12-25,06:00:00,0.6274,Wednesday,6,12,Winter,0
10023456781,2024-12-25 07:00:00,2024-12-25,07:00:00,0.8772,Wednesday,7,12,Winter,0
10023456781,2024-12-25 08:00:00,2024-12-25,08:00:00,1.2425,Wednesday,8,12,Winter,0
10023456781,2024-12-25 09:00:00,2024-12-25,09:00:00,0.8777,Wednesday,9,12,Winter,0
10023456781,2024-12-25 10:00:00,2024-12-25,10:00:00,0.6596,Wednesday,10,12,Winter,0
10023456781,2024-12-25 11:00:00,2024-12-25,11:00:00,1.0786,Wednesday,11,12,Winter,1
10023456781,2024-12-25 12:00:00,2024-12-25,12:00:00,1.3801,Wednesday,12,12,Winter,1
10023456781,2024-12-25 13:00:00,2024-12-25,13:00:00,1.4699,Wednesday,13,12,Winter,1
10023456781,2024-12-25 14:00:00,2024-12-25,14:00:00,1.0790,Wednesday,14,12,Winter,1
10023456781,2024-12-25 15:00:00,2024-12-25,15:00:00,1.5591,Wednesday,15,12,Winter,1
10023456781,2024-12-25 16:00:00,2024-12-25,16:00:00,1.6823,Wednesday,16,12,Winter,1
10023456781,2024-12-25 17:00:00,2024-12-25,17:00:00,1.0482,Wednesday,17,12,Winter,0
10023456781,2024-12-25 18:00:00,2024-12-25,18:00:00,1.3967,Wednesday,18,12,Winter,0
10023456781,2024-12-25 19:00:00,2024-12-25,19:00:00,1.3800,Wednesday,19,12,Winter,0
10023456781,2024-12-25 20:00:00,2024-12-25,20:00:00,1.3918,Wednesday,20,12,Winter,0
10023456781,2024-12-25 21:00:00,2024-12-25,21:00:00,1.1372,Wednesday,21,12,Winter,0
10023456781,2024-12-25 22:00:00,2024-12-25,22:00:00,1.0964,Wednesday,22,12,Winter,0
10023456781,2024-12-25 23:00:00,2024-12-25,23:00:00,0.5736,Wednesday,23,12,Winter,0
10023456781,2024-12-26 00:00:00,2024-12-26,00:00:00,0.4462,Thursday,0,12,Winter,0
10023456781,2024-12-26 01:00:00,2024-12-26,01:00:00,0.2705,Thursday,1,12,Winter,0
10023456781,2024-12-26 02:00:00,2024-12-26,02:00:00,0.3299,Thursday,2,12,Winter,0
10023456781,2024-12-26 03:00:00,2024-12-26,03:00:00,0.2704,Thursday,3,12,Winter,0
10023456781,2024-12-26 04:00:00,2024-12-26,04:00:00,0.3978,Thursday,4,12,Winter,0
10023456781,2024-12-26 05:00:00,2024-12-26,05:00:00,0.4421,Thursday,5,12,Winter,0
10023456781,2024-12-26 06:00:00,2024-12-26,06:00:00,1.0318,Thursday,6,12,Winter,0
10023456781,2024-12-26 07:00:00,2024-12-26,07:00:00,1.3833,Thursday,7,12,Winter,0
10023456781,2024-12-26 08:00:00,2024-12-26,08:00:00,1.2138,Thursday,8,12,Winter,0
10023456781,2024-12-26 09:00:00,2024-12-26,09:00:00,1.1724,Thursday,9,12,Winter,0
10023456781,2024-12-26 10:00:00,2024-12-26,10:00:00,0.8376,Thursday,10,12,Winter,0
10023456781,2024-12-26 11:00:00,2024-12-26,11:00:00,4.0472,Thursday,11,12,Winter,1
10023456781,2024-12-26 12:00:00,2024-12-26,12:00:00,1.0182,Thursday,12,12,Winter,0
10023456781,2024-12-26 13:00:00,2024-12-26,13:00:00,0.9792,Thursday,13,12,Winter,0
10023456781,2024-12-26 14:00:00,2024-12-26,14:00:00,0.7697,Thursday,14,12,Winter,0
10023456781,2024-12-26 15:00:00,2024-12-26,15:00:00,0.9079,Thursday,15,12,Winter,0
10023456781,2024-12-26 16:00:00,2024-12-26,16:00:00,1.1933,Thursday,16,12,Winter,0
10023456781,2024-12-26 17:00:00,2024-12-26,17:00:00,1.4274,Thursday,17,12,Winter,0
10023456781,2024-12-26 18:00:00,2024-12-26,18:00:00,1.4789,Thursday,18,12,Winter,0
10023456781,2024-12-26 19:00:00,2024-12-26,19:00:00,2.0075,Thursday,19,12,Winter,0
10023456781,2024-12-26 20:00:00,2024-12-26,20:00:00,1.6198,Thursday,20,12,Winter,0
10023456781,2024-12-26 21:00:00,2024-12-26,21:00:00,1.8262,Thursday,21,12,Winter,0
10023456781,2024-12-26 22:00:00,2024-12-26,22:00:00,1.0884,Thursday,22,12,Winter,0
10023456781,2024-12-26 23:00:00,2024-12-26,23:00:00,0.6566,Thursday,23,12,Winter,0
10023456781,2024-12-27 00:00:00,2024-12-27,00:00:00,0.4031,Friday,0,12,Winter,0
10023456781,2024-12-27 01:00:00,2024-12-27,01:00:00,0.3720,Friday,1,12,Winter,0
10023456781,2024-12-27 02:00:00,2024-12-27,02:00:00,0.2731,Friday,2,12,Winter,0
10023456781,2024-12-27 03:00:00,2024-12-27,03:00:00,0.3664,Friday,3,12,Winter,0
10023456781,2024-12-27 04:00:00,2024-12-27,04:00:00,0.3867,Friday,4,12,Winter,0
10023456781,2024-12-27 05:00:00,2024-12-27,05:00:00,0.5167,Friday,5,12,Winter,0
10023456781,2024-12-27 06:00:00,2024-12-27,06:00:00,0.9242,Friday,6,12,Winter,0
10023456781,2024-12-27 07:00:00,2024-12-27,07:00:00,1.1267,Friday,7,12,Winter,0
10023456781,2024-12-27 08:00:00,2024-12-27,08:00:00,1.2465,Friday,8,12,Winter,0
10023456781,2024-12-27 09:00:00,2024-12-27,09:00:00,1.2566,Friday,9,12,Winter,0
10023456781,2024-12-27 10:00:00,2024-12-27,10:00:00,0.8306,Friday,10,12,Winter,0
10023456781,2024-12-27 11:00:00,2024-12-27,11:00:00,0.6672,Friday,11,12,Winter,0
10023456781,2024-12-27 12:00:00,2024-12-27,12:00:00,0.9983,Friday,12,12,Winter,0
10023456781,2024-12-27 13:00:00,2024-12-27,13:00:00,0.8106,Friday,13,12,Winter,0
10023456781,2024-12-27 14:00:00,2024-12-27,14:00:00,0.9025,Friday,14,12,Winter,0
10023456781,2024-12-27 15:00:00,2024-12-27,15:00:00,0.8803,Friday,15,12,Winter,0
10023456781,2024-12-27 16:00:00,2024-12-27,16:00:00,0.9389,Friday,16,12,Winter,0
10023456781,2024-12-27 17:00:00,2024-12-27,17:00:00,1.2808,Friday,17,12,Winter,0
10023456781,2024-12-27 18:00:00,2024-12-27,18:00:00,1.4001,Friday,18,12,Winter,0
10023456781,2024-12-27 19:00:00,2024-12-27,19:00:00,1.8767,Friday,19,12,Winter,0
10023456781,2024-12-27 20:00:00,2024-12-27,20:00:00,1.6689,Friday,20,12,Winter,0
10023456781,2024-12-27 21:00:00,2024-12-27,21:00:00,1.6426,Friday,21,12,Winter,0
10023456781,2024-12-27 22:00:00,2024-12-27,22:00:00,0.8608,Friday,22,12,Winter,0
10023456781,2024-12-27 23:00:00,2024-12-27,23:00:00,0.6710,Friday,23,12,Winter,0
10023456781,2024-12-28 00:00:00,2024-12-28,00:00:00,0.4757,Saturday,0,12,Winter,0
10023456781,2024-12-28 01:00:00,2024-12-28,01:00:00,0.3975,Saturday,1,12,Winter,0
10023456781,2024-12-28 02:00:00,2024-12-28,02:00:00,0.3860,Saturday,2,12,Winter,0
10023456781,2024-12-28 03:00:00,2024-12-28,03:00:00,0.3820,Saturday,3,12,Winter,0
10023456781,2024-12-28 04:00:00,2024-12-28,04:00:00,1.4305,Saturday,4,12,Winter,1
10023456781,2024-12-28 05:00:00,2024-12-28,05:00:00,2.4336,Saturday,5,12,Winter,1
10023456781,2024-12-28 06:00:00,2024-12-28,06:00:00,0.4939,Saturday,6,12,Winter,0
10023456781,2024-12-28 07:00:00,2024-12-28,07:00:00,0.8545,Saturday,7,12,Winter,0
10023456781,2024-12-28 08:00:00,2024-12-28,08:00:00,1.2512,Saturday,8,12,Winter,0
10023456781,2024-12-28 09:00:00,2024-12-28,09:00:00,1.7012,Saturday,9,12,Winter,0
10023456781,2024-12-28 10:00:00,2024-12-28,10:00:00,1.5114,Saturday,10,12,Winter,0
10023456781,2024-12-28 11:00:00,2024-12-28,11:00:00,1.2713,Saturday,11,12,Winter,0
10023456781,2024-12-28 12:00:00,2024-12-28,12:00:00,1.1821,Saturday,12,12,Winter,0
10023456781,2024-12-28 13:00:00,2024-12-28,13:00:00,1.2509,Saturday,13,12,Winter,0
10023456781,2024-12-28 14:00:00,2024-12-28,14:00:00,1.1311,Saturday,14,12,Winter,0
10023456781,2024-12-28 15:00:00,2024-12-28,15:00:00,1.1217,Saturday,15,12,Winter,0
10023456781,2024-12-28 16:00:00,2024-12-28,16:00:00,1.1242,Saturday,16,12,Winter,0
10023456781,2024-12-28 17:00:00,2024-12-28,17:00:00,1.8252,Saturday,17,12,Winter,0
10023456781,2024-12-28 18:00:00,2024-12-28,18:00:00,1.7083,Saturday,18,12,Winter,0
10023456781,2024-12-28 19:00:00,2024-12-28,19:00:00,2.2897,Saturday,19,12,Winter,0
10023456781,2024-12-28 20:00:00,2024-12-28,20:00:00,1.9552,Saturday,20,12,Winter,0
10023456781,2024-12-28 21:00:00,2024-12-28,21:00:00,2.0922,Saturday,21,12,Winter,0
10023456781,2024-12-28 22:00:00,2024-12-28,22:00:00,1.3919,Saturday,22,12,Winter,0
10023456781,2024-12-28 23:00:00,2024-12-28,23:00:00,0.7887,Saturday,23,12,Winter,0
10023456781,2024-12-29 00:00:00,2024-12-29,00:00:00,0.5202,Sunday,0,12,Winter,0
10023456781,2024-12-29 01:00:00,2024-12-29,01:00:00,0.4401,Sunday,1,12,Winter,0
10023456781,2024-12-29 02:00:00,2024-12-29,02:00:00,0.4059,Sunday,2,12,Winter,0
10023456781,2024-12-29 03:00:00,2024-12-29,03:00:00,0.4076,Sunday,3,12,Winter,0
10023456781,2024-12-29 04:00:00,2024-12-29,04:00:00,0.4823,Sunday,4,12,Winter,0
10023456781,2024-12-29 05:00:00,2024-12-29,05:00:00,0.4416,Sunday,5,12,Winter,0
10023456781,2024-12-29 06:00:00,2024-12-29,06:00:00,0.6230,Sunday,6,12,Winter,0
10023456781,2024-12-29 07:00:00,2024-12-29,07:00:00,1.0322,Sunday,7,12,Winter,0
10023456781,2024-12-29 08:00:00,2024-12-29,08:00:00,1.4134,Sunday,8,12,Winter,0
10023456781,2024-12-29 09:00:00,2024-12-29,09:00:00,2.2648,Sunday,9,12,Winter,0
10023456781,2024-12-29 10:00:00,2024-12-29,10:00:00,1.7279,Sunday,10,12,Winter,0
10023456781,2024-12-29 11:00:00,2024-12-29,11:00:00,1.3805,Sunday,11,12,Winter,0
10023456781,2024-12-29 12:00:00,2024-12-29,12:00:00,1.1176,Sunday,12,12,Winter,0
10023456781,2024-12-29 13:00:00,2024-12-29,13:00:00,1.1666,Sunday,13,12,Winter,0
10023456781,2024-12-29 14:00:00,2024-12-29,14:00:00,1.2481,Sunday,14,12,Winter,0
10023456781,2024-12-29 15:00:00,2024-12-29,15:00:00,1.1723,Sunday,15,12,Winter,0
10023456781,2024-12-29 16:00:00,2024-12-29,16:00:00,1.2908,Sunday,16,12,Winter,0
10023456781,2024-12-29 17:00:00,2024-12-29,17:00:00,1.4830,Sunday,17,12,Winter,0
10023456781,2024-12-29 18:00:00,2024-12-29,18:00:00,2.0846,Sunday,18,12,Winter,0
10023456781,2024-12-29 19:00:00,2024-12-29,19:00:00,2.3923,Sunday,19,12,Winter,0
10023456781,2024-12-29 20:00:00,2024-12-29,20:00:00,2.1150,Sunday,20,12,Winter,0
10023456781,2024-12-29 21:00:00,2024-12-29,21:00:00,1.6326,Sunday,21,12,Winter,0
10023456781,2024-12-29 22:00:00,2024-12-29,22:00:00,1.3972,Sunday,22,12,Winter,0
10023456781,2024-12-29 23:00:00,2024-12-29,23:00:00,0.9544,Sunday,23,12,Winter,0
10023456781,2024-12-30 00:00:00,2024-12-30,00:00:00,0.4654,Monday,0,12,Winter,0
10023456781,2024-12-30 01:00:00,2024-12-30,01:00:00,1.5564,Monday,1,12,Winter,1
10023456781,2024-12-30 02:00:00,2024-12-30,02:00:00,0.4252,Monday,2,12,Winter,0
10023456781,2024-12-30 03:00:00,2024-12-30,03:00:00,0.3805,Monday,3,12,Winter,0
10023456781,2024-12-30 04:00:00,2024-12-30,04:00:00,0.3502,Monday,4,12,Winter,0
10023456781,2024-12-30 05:00:00,2024-12-30,05:00:00,0.6661,Monday,5,12,Winter,0
10023456781,2024-12-30 06:00:00,2024-12-30,06:00:00,0.9119,Monday,6,12,Winter,0
10023456781,2024-12-30 07:00:00,2024-12-30,07:00:00,1.3051,Monday,7,12,Winter,0
10023456781,2024-12-30 08:00:00,2024-12-30,08:00:00,1.4491,Monday,8,12,Winter,0
10023456781,2024-12-30 09:00:00,2024-12-30,09:00:00,1.4289,Monday,9,12,Winter,0
10023456781,2024-12-30 10:00:00,2024-12-30,10:00:00,1.0079,Monday,10,12,Winter,0
10023456781,2024-12-30 11:00:00,2024-12-30,11:00:00,0.9884,Monday,11,12,Winter,0
10023456781,2024-12-30 12:00:00,2024-12-30,12:00:00,1.0685,Monday,12,12,Winter,0
10023456781,2024-12-30 13:00:00,2024-12-30,13:00:00,0.9172,Monday,13,12,Winter,0
10023456781,2024-12-30 14:00:00,2024-12-30,14:00:00,1.0633,Monday,14,12,Winter,0
10023456781,2024-12-30 15:00:00,2024-12-30,15:00:00,0.9930,Monday,15,12,Winter,0
10023456781,2024-12-30 16:00:00,2024-12-30,16:00:00,1.2065,Monday,16,12,Winter,0
10023456781,2024-12-30 17:00:00,2024-12-30,17:00:00,1.5301,Monday,17,12,Winter,0
10023456781,2024-12-30 18:00:00,2024-12-30,18:00:00,1.9511,Monday,18,12,Winter,0
10023456781,2024-12-30 19:00:00,2024-12-30,19:00:00,5.4034,Monday,19,12,Winter,1
10023456781,2024-12-30 20:00:00,2024-12-30,20:00:00,5.1058,Monday,20,12,Winter,1
10023456781,2024-12-30 21:00:00,2024-12-30,21:00:00,4.0905,Monday,21,12,Winter,1
10023456781,2024-12-30 22:00:00,2024-12-30,22:00:00,1.3606,Monday,22,12,Winter,0
10023456781,2024-12-30 23:00:00,2024-12-30,23:00:00,0.6806,Monday,23,12,Winter,0
10023456781,2024-12-31 00:00:00,2024-12-31,00:00:00,0.4952,Tuesday,0,12,Winter,0
10023456781,2024-12-31 01:00:00,2024-12-31,01:00:00,0.3984,Tuesday,1,12,Winter,0
10023456781,2024-12-31 02:00:00,2024-12-31,02:00:00,0.4470,Tuesday,2,12,Winter,0
10023456781,2024-12-31 03:00:00,2024-12-31,03:00:00,0.3617,Tuesday,3,12,Winter,0
10023456781,2024-12-31 04:00:00,2024-12-31,04:00:00,0.4455,Tuesday,4,12,Winter,0
10023456781,2024-12-31 05:00:00,2024-12-31,05:00:00,0.7131,Tuesday,5,12,Winter,0
10023456781,2024-12-31 06:00:00,2024-12-31,06:00:00,1.1487,Tuesday,6,12,Winter,0
10023456781,2024-12-31 07:00:00,2024-12-31,07:00:00,1.5928,Tuesday,7,12,Winter,0
10023456781,2024-12-31 08:00:00,2024-12-31,08:00:00,1.5770,Tuesday,8,12,Winter,0
10023456781,2024-12-31 09:00:00,2024-12-31,09:00:00,1.4341,Tuesday,9,12,Winter,0
10023456781,2024-12-31 10:00:00,2024-12-31,10:00:00,1.0629,Tuesday,10,12,Winter,0
10023456781,2024-12-31 11:00:00,2024-12-31,11:00:00,0.9104,Tuesday,11,12,Winter,0
10023456781,2024-12-31 12:00:00,2024-12-31,12:00:00,0.8826,Tuesday,12,12,Winter,0
10023456781,2024-12-31 13:00:00,2024-12-31,13:00:00,1.0442,Tuesday,13,12,Winter,0
10023456781,2024-12-31 14:00:00,2024-12-31,14:00:00,0.8430,Tuesday,14,12,Winter,0
10023456781,2024-12-31 15:00:00,2024-12-31,15:00:00,1.1674,Tuesday,15,12,Winter,0
10023456781,2024-12-31 16:00:00,2024-12-31,16:00:00,1.2698,Tuesday,16,12,Winter,0
10023456781,2024-12-31 17:00:00,2024-12-31,17:00:00,1.4349,Tuesday,17,12,Winter,0
10023456781,2024-12-31 18:00:00,2024-12-31,18:00:00,2.0776,Tuesday,18,12,Winter,0
10023456781,2024-12-31 19:00:00,2024-12-31,19:00:00,1.7843,Tuesday,19,12,Winter,0
10023456781,2024-12-31 20:00:00,2024-12-31,20:00:00,2.0058,Tuesday,20,12,Winter,0
10023456781,2024-12-31 21:00:00,2024-12-31,21:00:00,1.7383,Tuesday,21,12,Winter,0
10023456781,2024-12-31 22:00:00,2024-12-31,22:00:00,1.2264,Tuesday,22,12,Winter,0
10023456781,2024-12-31 23:00:00,2024-12-31,23:00:00,0.8946,Tuesday,23,12,Winter,0
