consumer_number,timestamp,date,time,consumption_kwh,day_of_week,hour,month,season,ground_truth_anomaly
10023456783,2024-01-01 00:00:00,2024-01-01,00:00:00,0.4382,Monday,0,1,Winter,0
10023456783,2024-01-01 01:00:00,2024-01-01,01:00:00,0.5168,Monday,1,1,Winter,0
10023456783,2024-01-01 02:00:00,2024-01-01,02:00:00,0.4757,Monday,2,1,Winter,0
10023456783,2024-01-01 03:00:00,2024-01-01,03:00:00,0.4451,Monday,3,1,Winter,0
10023456783,2024-01-01 04:00:00,2024-01-01,04:00:00,0.4352,Monday,4,1,Winter,0
10023456783,2024-01-01 05:00:00,2024-01-01,05:00:00,0.5729,Monday,5,1,Winter,0
10023456783,2024-01-01 06:00:00,2024-01-01,06:00:00,1.2352,Monday,6,1,Winter,0
10023456783,2024-01-01 07:00:00,2024-01-01,07:00:00,1.4468,Monday,7,1,Winter,0
10023456783,2024-01-01 08:00:00,2024-01-01,08:00:00,1.7444,Monday,8,1,Winter,0
10023456783,2024-01-01 09:00:00,2024-01-01,09:00:00,1.5777,Monday,9,1,Winter,0
10023456783,2024-01-01 10:00:00,2024-01-01,10:00:00,6.2996,Monday,10,1,Winter,1
10023456783,2024-01-01 11:00:00,2024-01-01,11:00:00,1.1228,Monday,11,1,Winter,0
10023456783,2024-01-01 12:00:00,2024-01-01,12:00:00,1.3606,Monday,12,1,Winter,0
10023456783,2024-01-01 13:00:00,2024-01-01,13:00:00,1.0329,Monday,13,1,Winter,0
10023456783,2024-01-01 14:00:00,2024-01-01,14:00:00,1.1760,Monday,14,1,Winter,0
10023456783,2024-01-01 15:00:00,2024-01-01,15:00:00,1.1567,Monday,15,1,Winter,0
10023456783,2024-01-01 16:00:00,2024-01-01,16:00:00,1.3459,Monday,16,1,Winter,0
10023456783,2024-01-01 17:00:00,2024-01-01,17:00:00,1.5712,Monday,17,1,Winter,0
10023456783,2024-01-01 18:00:00,2024-01-01,18:00:00,2.3502,Monday,18,1,Winter,0
10023456783,2024-01-01 19:00:00,2024-01-01,19:00:00,2.4344,Monday,19,1,Winter,0
10023456783,2024-01-01 20:00:00,2024-01-01,20:00:00,2.9243,Monday,20,1,Winter,0
10023456783,2024-01-01 21:00:00,2024-01-01,21:00:00,2.3334,Monday,21,1,Winter,0
10023456783,2024-01-01 22:00:00,2024-01-01,22:00:00,1.3674,Monday,22,1,Winter,0
10023456783,2024-01-01 23:00:00,2024-01-01,23:00:00,0.9531,Monday,23,1,Winter,0
10023456783,2024-01-02 00:00:00,2024-01-02,00:00:00,0.3852,Tuesday,0,1,Winter,0
10023456783,2024-01-02 01:00:00,2024-01-02,01:00:00,0.3694,Tuesday,1,1,Winter,0
10023456783,2024-01-02 02:00:00,2024-01-02,02:00:00,0.3717,Tuesday,2,1,Winter,0
10023456783,2024-01-02 03:00:00,2024-01-02,03:00:00,1.7293,Tuesday,3,1,Winter,1
10023456783,2024-01-02 04:00:00,2024-01-02,04:00:00,2.4680,Tuesday,4,1,Winter,1
10023456783,2024-01-02 05:00:00,2024-01-02,05:00:00,0.4916,Tuesday,5,1,Winter,0
10023456783,2024-01-02 06:00:00,2024-01-02,06:00:00,0.8291,Tuesday,6,1,Winter,0
10023456783,2024-01-02 07:00:00,2024-01-02,07:00:00,1.3613,Tuesday,7,1,Winter,0
10023456783,2024-01-02 08:00:00,2024-01-02,08:00:00,1.3300,Tuesday,8,1,Winter,0
10023456783,2024-01-02 09:00:00,2024-01-02,09:00:00,1.2960,Tuesday,9,1,Winter,0
10023456783,2024-01-02 10:00:00,2024-01-02,10:00:00,0.7601,Tuesday,10,1,Winter,0
10023456783,2024-01-02 11:00:00,2024-01-02,11:00:00,0.8027,Tuesday,11,1,Winter,0
10023456783,2024-01-02 12:00:00,2024-01-02,12:00:00,0.9590,Tuesday,12,1,Winter,0
10023456783,2024-01-02 13:00:00,2024-01-02,13:00:00,1.0336,Tuesday,13,1,Winter,0
10023456783,2024-01-02 14:00:00,2024-01-02,14:00:00,0.8139,Tuesday,14,1,Winter,0
10023456783,2024-01-02 15:00:00,2024-01-02,15:00:00,0.8481,Tuesday,15,1,Winter,0
10023456783,2024-01-02 16:00:00,2024-01-02,16:00:00,1.0061,Tuesday,16,1,Winter,0
10023456783,2024-01-02 17:00:00,2024-01-02,17:00:00,1.3598,Tuesday,17,1,Winter,0
10023456783,2024-01-02 18:00:00,2024-01-02,18:00:00,1.7251,Tuesday,18,1,Winter,0
10023456783,2024-01-02 19:00:00,2024-01-02,19:00:00,1.8346,Tuesday,19,1,Winter,0
10023456783,2024-01-02 20:00:00,2024-01-02,20:00:00,2.4800,Tuesday,20,1,Winter,0
10023456783,2024-01-02 21:00:00,2024-01-02,21:00:00,1.8202,Tuesday,21,1,Winter,0
10023456783,2024-01-02 22:00:00,2024-01-02,22:00:00,1.1470,Tuesday,22,1,Winter,0
10023456783,2024-01-02 23:00:00,2024-01-02,23:00:00,0.6556,Tuesday,23,1,Winter,0
10023456783,2024-01-03 00:00:00,2024-01-03,00:00:00,0.4445,Wednesday,0,1,Winter,0
10023456783,2024-01-03 01:00:00,2024-01-03,01:00:00,0.3751,Wednesday,1,1,Winter,0
10023456783,2024-01-03 02:00:00,2024-01-03,02:00:00,0.4256,Wednesday,2,1,Winter,0
10023456783,2024-01-03 03:00:00,2024-01-03,03:00:00,0.3901,Wednesday,3,1,Winter,0
10023456783,2024-01-03 04:00:00,2024-01-03,04:00:00,0.4795,Wednesday,4,1,Winter,0
10023456783,2024-01-03 05:00:00,2024-01-03,05:00:00,0.5332,Wednesday,5,1,Winter,0
10023456783,2024-01-03 06:00:00,2024-01-03,06:00:00,1.0531,Wednesday,6,1,Winter,0
10023456783,2024-01-03 07:00:00,2024-01-03,07:00:00,1.5186,Wednesday,7,1,Winter,0
10023456783,2024-01-03 08:00:00,2024-01-03,08:00:00,1.4539,Wednesday,8,1,Winter,0
10023456783,2024-01-03 09:00:00,2024-01-03,09:00:00,1.1174,Wednesday,9,1,Winter,0
10023456783,2024-01-03 10:00:00,2024-01-03,10:00:00,1.0710,Wednesday,10,1,Winter,0
10023456783,2024-01-03 11:00:00,2024-01-03,11:00:00,1.0041,Wednesday,11,1,Winter,0
10023456783,2024-01-03 12:00:00,2024-01-03,12:00:00,0.9988,Wednesday,12,1,Winter,0
10023456783,2024-01-03 13:00:00,2024-01-03,13:00:00,0.9519,Wednesday,13,1,Winter,0
10023456783,2024-01-03 14:00:00,2024-01-03,14:00:00,0.9244,Wednesday,14,1,Winter,0
10023456783,2024-01-03 15:00:00,2024-01-03,15:00:00,1.2601,Wednesday,15,1,Winter,0
10023456783,2024-01-03 16:00:00,2024-01-03,16:00:00,1.1846,Wednesday,16,1,Winter,0
10023456783,2024-01-03 17:00:00,2024-01-03,17:00:00,1.4299,Wednesday,17,1,Winter,0
10023456783,2024-01-03 18:00:00,2024-01-03,18:00:00,1.7503,Wednesday,18,1,Winter,0
10023456783,2024-01-03 19:00:00,2024-01-03,19:00:00,2.2926,Wednesday,19,1,Winter,0
10023456783,2024-01-03 20:00:00,2024-01-03,20:00:00,1.9219,Wednesday,20,1,Winter,0
10023456783,2024-01-03 21:00:00,2024-01-03,21:00:00,2.0844,Wednesday,21,1,Winter,0
10023456783,2024-01-03 22:00:00,2024-01-03,22:00:00,1.1297,Wednesday,22,1,Winter,0
10023456783,2024-01-03 23:00:00,2024-01-03,23:00:00,0.7022,Wednesday,23,1,Winter,0
10023456783,2024-01-04 00:00:00,2024-01-04,00:00:00,0.2897,Thursday,0,1,Winter,0
10023456783,2024-01-04 01:00:00,2024-01-04,01:00:00,0.3533,Thursday,1,1,Winter,0
10023456783,2024-01-04 02:00:00,2024-01-04,02:00:00,0.2553,Thursday,2,1,Winter,0
10023456783,2024-01-04 03:00:00,2024-01-04,03:00:00,0.2423,Thursday,3,1,Winter,0
10023456783,2024-01-04 04:00:00,2024-01-04,04:00:00,0.3500,Thursday,4,1,Winter,0
10023456783,2024-01-04 05:00:00,2024-01-04,05:00:00,0.5538,Thursday,5,1,Winter,0
10023456783,2024-01-04 06:00:00,2024-01-04,06:00:00,0.8021,Thursday,6,1,Winter,0
10023456783,2024-01-04 07:00:00,2024-01-04,07:00:00,1.3867,Thursday,7,1,Winter,0
10023456783,2024-01-04 08:00:00,2024-01-04,08:00:00,1.4623,Thursday,8,1,Winter,0
10023456783,2024-01-04 09:00:00,2024-01-04,09:00:00,0.9922,Thursday,9,1,Winter,0
10023456783,2024-01-04 10:00:00,2024-01-04,10:00:00,0.9463,Thursday,10,1,Winter,0
10023456783,2024-01-04 11:00:00,2024-01-04,11:00:00,0.9357,Thursday,11,1,Winter,0
10023456783,2024-01-04 12:00:00,2024-01-04,12:00:00,0.8396,Thursday,12,1,Winter,0
10023456783,2024-01-04 13:00:00,2024-01-04,13:00:00,0.7997,Thursday,13,1,Winter,0
10023456783,2024-01-04 14:00:00,2024-01-04,14:00:00,0.8400,Thursday,14,1,Winter,0
10023456783,2024-01-04 15:00:00,2024-01-04,15:00:00,0.8119,Thursday,15,1,Winter,0
10023456783,2024-01-04 16:00:00,2024-01-04,16:00:00,1.0937,Thursday,16,1,Winter,0
10023456783,2024-01-04 17:00:00,2024-01-04,17:00:00,1.4831,Thursday,17,1,Winter,0
10023456783,2024-01-04 18:00:00,2024-01-04,18:00:00,1.7379,Thursday,18,1,Winter,0
10023456783,2024-01-04 19:00:00,2024-01-04,19:00:00,1.9907,Thursday,19,1,Winter,0
10023456783,2024-01-04 20:00:00,2024-01-04,20:00:00,2.2929,Thursday,20,1,Winter,0
10023456783,2024-01-04 21:00:00,2024-01-04,21:00:00,1.6437,Thursday,21,1,Winter,0
10023456783,2024-01-04 22:00:00,2024-01-04,22:00:00,1.3282,Thursday,22,1,Winter,0
10023456783,2024-01-04 23:00:00,2024-01-04,23:00:00,0.6113,Thursday,23,1,Winter,0
10023456783,2024-01-05 00:00:00,2024-01-05,00:00:00,0.3896,Friday,0,1,Winter,0
10023456783,2024-01-05 01:00:00,2024-01-05,01:00:00,0.4348,Friday,1,1,Winter,0
10023456783,2024-01-05 02:00:00,2024-01-05,02:00:00,0.4058,Friday,2,1,Winter,0
10023456783,2024-01-05 03:00:00,2024-01-05,03:00:00,0.4035,Friday,3,1,Winter,0
10023456783,2024-01-05 04:00:00,2024-01-05,04:00:00,0.4297,Friday,4,1,Winter,0
10023456783,2024-01-05 05:00:00,2024-01-05,05:00:00,0.6130,Friday,5,1,Winter,0
10023456783,2024-01-05 06:00:00,2024-01-05,06:00:00,1.0823,Friday,6,1,Winter,0
10023456783,2024-01-05 07:00:00,2024-01-05,07:00:00,1.5330,Friday,7,1,Winter,0
10023456783,2024-01-05 08:00:00,2024-01-05,08:00:00,1.4942,Friday,8,1,Winter,0
10023456783,2024-01-05 09:00:00,2024-01-05,09:00:00,1.0829,Friday,9,1,Winter,0
10023456783,2024-01-05 10:00:00,2024-01-05,10:00:00,0.9545,Friday,10,1,Winter,0
10023456783,2024-01-05 11:00:00,2024-01-05,11:00:00,1.1082,Friday,11,1,Winter,0
10023456783,2024-01-05 12:00:00,2024-01-05,12:00:00,0.9986,Friday,12,1,Winter,0
10023456783,2024-01-05 13:00:00,2024-01-05,13:00:00,0.9886,Friday,13,1,Winter,0
10023456783,2024-01-05 14:00:00,2024-01-05,14:00:00,0.9173,Friday,14,1,Winter,0
10023456783,2024-01-05 15:00:00,2024-01-05,15:00:00,1.0101,Friday,15,1,Winter,0
10023456783,2024-01-05 16:00:00,2024-01-05,16:00:00,1.1024,Friday,16,1,Winter,0
10023456783,2024-01-05 17:00:00,2024-01-05,17:00:00,1.6665,Friday,17,1,Winter,0
10023456783,2024-01-05 18:00:00,2024-01-05,18:00:00,2.0343,Friday,18,1,Winter,0
10023456783,2024-01-05 19:00:00,2024-01-05,19:00:00,1.8306,Friday,19,1,Winter,0
10023456783,2024-01-05 20:00:00,2024-01-05,20:00:00,2.0084,Friday,20,1,Winter,0
10023456783,2024-01-05 21:00:00,2024-01-05,21:00:00,1.8072,Friday,21,1,Winter,0
10023456783,2024-01-05 22:00:00,2024-01-05,22:00:00,1.2300,Friday,22,1,Winter,0
10023456783,2024-01-05 23:00:00,2024-01-05,23:00:00,0.8032,Friday,23,1,Winter,0
10023456783,2024-01-06 00:00:00,2024-01-06,00:00:00,0.4091,Saturday,0,1,Winter,0
10023456783,2024-01-06 01:00:00,2024-01-06,01:00:00,0.3243,Saturday,1,1,Winter,0
10023456783,2024-01-06 02:00:00,2024-01-06,02:00:00,0.3258,Saturday,2,1,Winter,0
10023456783,2024-01-06 03:00:00,2024-01-06,03:00:00,0.3262,Saturday,3,1,Winter,0
10023456783,2024-01-06 04:00:00,2024-01-06,04:00:00,0.3056,Saturday,4,1,Winter,0
10023456783,2024-01-06 05:00:00,2024-01-06,05:00:00,0.3307,Saturday,5,1,Winter,0
10023456783,2024-01-06 06:00:00,2024-01-06,06:00:00,0.5632,Saturday,6,1,Winter,0
10023456783,2024-01-06 07:00:00,2024-01-06,07:00:00,1.0594,Saturday,7,1,Winter,0
10023456783,2024-01-06 08:00:00,2024-01-06,08:00:00,1.2332,Saturday,8,1,Winter,0
10023456783,2024-01-06 09:00:00,2024-01-06,09:00:00,1.2744,Saturday,9,1,Winter,0
10023456783,2024-01-06 10:00:00,2024-01-06,10:00:00,1.2386,Saturday,10,1,Winter,0
10023456783,2024-01-06 11:00:00,2024-01-06,11:00:00,1.0003,Saturday,11,1,Winter,0
10023456783,2024-01-06 12:00:00,2024-01-06,12:00:00,1.0266,Saturday,12,1,Winter,0
10023456783,2024-01-06 13:00:00,2024-01-06,13:00:00,0.9756,Saturday,13,1,Winter,0
10023456783,2024-01-06 14:00:00,2024-01-06,14:00:00,1.1208,Saturday,14,1,Winter,0
10023456783,2024-01-06 15:00:00,2024-01-06,15:00:00,1.0064,Saturday,15,1,Winter,0
10023456783,2024-01-06 16:00:00,2024-01-06,16:00:00,1.0528,Saturday,16,1,Winter,0
10023456783,2024-01-06 17:00:00,2024-01-06,17:00:00,1.5516,Saturday,17,1,Winter,0
10023456783,2024-01-06 18:00:00,2024-01-06,18:00:00,1.7132,Saturday,18,1,Winter,0
10023456783,2024-01-06 19:00:00,2024-01-06,19:00:00,1.8300,Saturday,19,1,Winter,0
10023456783,2024-01-06 20:00:00,2024-01-06,20:00:00,1.7704,Saturday,20,1,Winter,0
10023456783,2024-01-06 21:00:00,2024-01-06,21:00:00,1.5251,Saturday,21,1,Winter,0
10023456783,2024-01-06 22:00:00,2024-01-06,22:00:00,1.2997,Saturday,22,1,Winter,0
10023456783,2024-01-06 23:00:00,2024-01-06,23:00:00,0.7348,Saturday,23,1,Winter,0
10023456783,2024-01-07 00:00:00,2024-01-07,00:00:00,0.4228,Sunday,0,1,Winter,0
10023456783,2024-01-07 01:00:00,2024-01-07,01:00:00,0.4152,Sunday,1,1,Winter,0
10023456783,2024-01-07 02:00:00,2024-01-07,02:00:00,0.2576,Sunday,2,1,Winter,0
10023456783,2024-01-07 03:00:00,2024-01-07,03:00:00,0.2614,Sunday,3,1,Winter,0
10023456783,2024-01-07 04:00:00,2024-01-07,04:00:00,0.3637,Sunday,4,1,Winter,0
10023456783,2024-01-07 05:00:00,2024-01-07,05:00:00,0.5538,Sunday,5,1,Winter,0
10023456783,2024-01-07 06:00:00,2024-01-07,06:00:00,0.5953,Sunday,6,1,Winter,0
10023456783,2024-01-07 07:00:00,2024-01-07,07:00:00,0.9607,Sunday,7,1,Winter,0
10023456783,2024-01-07 08:00:00,2024-01-07,08:00:00,1.1311,Sunday,8,1,Winter,0
10023456783,2024-01-07 09:00:00,2024-01-07,09:00:00,1.3794,Sunday,9,1,Winter,0
10023456783,2024-01-07 10:00:00,2024-01-07,10:00:00,1.6401,Sunday,10,1,Winter,0
10023456783,2024-01-07 11:00:00,2024-01-07,11:00:00,1.1822,Sunday,11,1,Winter,0
10023456783,2024-01-07 12:00:00,2024-01-07,12:00:00,1.1202,Sunday,12,1,Winter,0
10023456783,2024-01-07 13:00:00,2024-01-07,13:00:00,0.9798,Sunday,13,1,Winter,0
10023456783,2024-01-07 14:00:00,2024-01-07,14:00:00,1.1286,Sunday,14,1,Winter,0
10023456783,2024-01-07 15:00:00,2024-01-07,15:00:00,1.1440,Sunday,15,1,Winter,0
10023456783,2024-01-07 16:00:00,2024-01-07,16:00:00,1.2895,Sunday,16,1,Winter,0
10023456783,2024-01-07 17:00:00,2024-01-07,17:00:00,1.5775,Sunday,17,1,Winter,0
10023456783,2024-01-07 18:00:00,2024-01-07,18:00:00,1.6865,Sunday,18,1,Winter,0
10023456783,2024-01-07 19:00:00,2024-01-07,19:00:00,1.7393,Sunday,19,1,Winter,0
10023456783,2024-01-07 20:00:00,2024-01-07,20:00:00,1.8160,Sunday,20,1,Winter,0
10023456783,2024-01-07 21:00:00,2024-01-07,21:00:00,1.5896,Sunday,21,1,Winter,0
10023456783,2024-01-07 22:00:00,2024-01-07,22:00:00,1.3169,Sunday,22,1,Winter,0
10023456783,2024-01-07 23:00:00,2024-01-07,23:00:00,0.8120,Sunday,23,1,Winter,0
10023456783,2024-01-08 00:00:00,2024-01-08,00:00:00,0.3161,Monday,0,1,Winter,0
10023456783,2024-01-08 01:00:00,2024-01-08,01:00:00,3.5881,Monday,1,1,Winter,1
10023456783,2024-01-08 02:00:00,2024-01-08,02:00:00,6.0624,Monday,2,1,Winter,1
10023456783,2024-01-08 03:00:00,2024-01-08,03:00:00,0.2524,Monday,3,1,Winter,0
10023456783,2024-01-08 04:00:00,2024-01-08,04:00:00,0.3882,Monday,4,1,Winter,0
10023456783,2024-01-08 05:00:00,2024-01-08,05:00:00,0.3670,Monday,5,1,Winter,0
10023456783,2024-01-08 06:00:00,2024-01-08,06:00:00,0.6457,Monday,6,1,Winter,0
10023456783,2024-01-08 07:00:00,2024-01-08,07:00:00,0.9898,Monday,7,1,Winter,0
10023456783,2024-01-08 08:00:00,2024-01-08,08:00:00,1.4455,Monday,8,1,Winter,0
10023456783,2024-01-08 09:00:00,2024-01-08,09:00:00,1.0788,Monday,9,1,Winter,0
10023456783,2024-01-08 10:00:00,2024-01-08,10:00:00,0.7501,Monday,10,1,Winter,0
10023456783,2024-01-08 11:00:00,2024-01-08,11:00:00,0.7056,Monday,11,1,Winter,0
10023456783,2024-01-08 12:00:00,2024-01-08,12:00:00,0.8425,Monday,12,1,Winter,0
10023456783,2024-01-08 13:00:00,2024-01-08,13:00:00,0.7507,Monday,13,1,Winter,0
10023456783,2024-01-08 14:00:00,2024-01-08,14:00:00,0.8043,Monday,14,1,Winter,0
10023456783,2024-01-08 15:00:00,2024-01-08,15:00:00,0.8491,Monday,15,1,Winter,0
10023456783,2024-01-08 16:00:00,2024-01-08,16:00:00,0.9148,Monday,16,1,Winter,0
10023456783,2024-01-08 17:00:00,2024-01-08,17:00:00,1.3395,Monday,17,1,Winter,0
10023456783,2024-01-08 18:00:00,2024-01-08,18:00:00,1.5220,Monday,18,1,Winter,0
10023456783,2024-01-08 19:00:00,2024-01-08,19:00:00,1.8273,Monday,19,1,Winter,0
10023456783,2024-01-08 20:00:00,2024-01-08,20:00:00,1.6395,Monday,20,1,Winter,0
10023456783,2024-01-08 21:00:00,2024-01-08,21:00:00,1.2876,Monday,21,1,Winter,0
10023456783,2024-01-08 22:00:00,2024-01-08,22:00:00,0.9751,Monday,22,1,Winter,0
10023456783,2024-01-08 23:00:00,2024-01-08,23:00:00,0.6197,Monday,23,1,Winter,0
10023456783,2024-01-09 00:00:00,2024-01-09,00:00:00,0.4543,Tuesday,0,1,Winter,0
10023456783,2024-01-09 01:00:00,2024-01-09,01:00:00,4.0879,Tuesday,1,1,Winter,1
10023456783,2024-01-09 02:00:00,2024-01-09,02:00:00,5.3440,Tuesday,2,1,Winter,1
10023456783,2024-01-09 03:00:00,2024-01-09,03:00:00,4.9778,Tuesday,3,1,Winter,1
10023456783,2024-01-09 04:00:00,2024-01-09,04:00:00,0.2699,Tuesday,4,1,Winter,0
10023456783,2024-01-09 05:00:00,2024-01-09,05:00:00,0.4038,Tuesday,5,1,Winter,0
10023456783,2024-01-09 06:00:00,2024-01-09,06:00:00,0.7312,Tuesday,6,1,Winter,0
10023456783,2024-01-09 07:00:00,2024-01-09,07:00:00,1.0458,Tuesday,7,1,Winter,0
10023456783,2024-01-09 08:00:00,2024-01-09,08:00:00,1.0856,Tuesday,8,1,Winter,0
10023456783,2024-01-09 09:00:00,2024-01-09,09:00:00,0.9796,Tuesday,9,1,Winter,0
10023456783,2024-01-09 10:00:00,2024-01-09,10:00:00,0.7576,Tuesday,10,1,Winter,0
10023456783,2024-01-09 11:00:00,2024-01-09,11:00:00,0.7269,Tuesday,11,1,Winter,0
10023456783,2024-01-09 12:00:00,2024-01-09,12:00:00,0.7040,Tuesday,12,1,Winter,0
10023456783,2024-01-09 13:00:00,2024-01-09,13:00:00,0.6996,Tuesday,13,1,Winter,0
10023456783,2024-01-09 14:00:00,2024-01-09,14:00:00,0.7289,Tuesday,14,1,Winter,0
10023456783,2024-01-09 15:00:00,2024-01-09,15:00:00,0.7385,Tuesday,15,1,Winter,0
10023456783,2024-01-09 16:00:00,2024-01-09,16:00:00,0.9520,Tuesday,16,1,Winter,0
10023456783,2024-01-09 17:00:00,2024-01-09,17:00:00,1.2333,Tuesday,17,1,Winter,0
10023456783,2024-01-09 18:00:00,2024-01-09,18:00:00,1.3126,Tuesday,18,1,Winter,0
10023456783,2024-01-09 19:00:00,2024-01-09,19:00:00,1.7167,Tuesday,19,1,Winter,0
10023456783,2024-01-09 20:00:00,2024-01-09,20:00:00,1.6258,Tuesday,20,1,Winter,0
10023456783,2024-01-09 21:00:00,2024-01-09,21:00:00,1.2513,Tuesday,21,1,Winter,0
10023456783,2024-01-09 22:00:00,2024-01-09,22:00:00,0.9363,Tuesday,22,1,Winter,0
10023456783,2024-01-09 23:00:00,2024-01-09,23:00:00,0.5312,Tuesday,23,1,Winter,0
10023456783,2024-01-10 00:00:00,2024-01-10,00:00:00,0.3214,Wednesday,0,1,Winter,0
10023456783,2024-01-10 01:00:00,2024-01-10,01:00:00,0.3158,Wednesday,1,1,Winter,0
10023456783,2024-01-10 02:00:00,2024-01-10,02:00:00,0.2745,Wednesday,2,1,Winter,0
10023456783,2024-01-10 03:00:00,2024-01-10,03:00:00,0.2832,Wednesday,3,1,Winter,0
10023456783,2024-01-10 04:00:00,2024-01-10,04:00:00,0.3438,Wednesday,4,1,Winter,0
10023456783,2024-01-10 05:00:00,2024-01-10,05:00:00,0.4540,Wednesday,5,1,Winter,0
10023456783,2024-01-10 06:00:00,2024-01-10,06:00:00,0.8347,Wednesday,6,1,Winter,0
10023456783,2024-01-10 07:00:00,2024-01-10,07:00:00,1.1263,Wednesday,7,1,Winter,0
10023456783,2024-01-10 08:00:00,2024-01-10,08:00:00,1.2410,Wednesday,8,1,Winter,0
10023456783,2024-01-10 09:00:00,2024-01-10,09:00:00,0.8912,Wednesday,9,1,Winter,0
10023456783,2024-01-10 10:00:00,2024-01-10,10:00:00,0.8360,Wednesday,10,1,Winter,0
10023456783,2024-01-10 11:00:00,2024-01-10,11:00:00,0.6221,Wednesday,11,1,Winter,0
10023456783,2024-01-10 12:00:00,2024-01-10,12:00:00,0.8432,Wednesday,12,1,Winter,0
10023456783,2024-01-10 13:00:00,2024-01-10,13:00:00,0.7495,Wednesday,13,1,Winter,0
10023456783,2024-01-10 14:00:00,2024-01-10,14:00:00,0.7425,Wednesday,14,1,Winter,0
10023456783,2024-01-10 15:00:00,2024-01-10,15:00:00,0.7641,Wednesday,15,1,Winter,0
10023456783,2024-01-10 16:00:00,2024-01-10,16:00:00,1.0451,Wednesday,16,1,Winter,0
10023456783,2024-01-10 17:00:00,2024-01-10,17:00:00,1.1136,Wednesday,17,1,Winter,0
10023456783,2024-01-10 18:00:00,2024-01-10,18:00:00,1.4967,Wednesday,18,1,Winter,0
10023456783,2024-01-10 19:00:00,2024-01-10,19:00:00,1.5960,Wednesday,19,1,Winter,0
10023456783,2024-01-10 20:00:00,2024-01-10,20:00:00,1.7287,Wednesday,20,1,Winter,0
10023456783,2024-01-10 21:00:00,2024-01-10,21:00:00,1.3115,Wednesday,21,1,Winter,0
10023456783,2024-01-10 22:00:00,2024-01-10,22:00:00,1.0856,Wednesday,22,1,Winter,0
10023456783,2024-01-10 23:00:00,2024-01-10,23:00:00,1.8942,Wednesday,23,1,Winter,1
10023456783,2024-01-11 00:00:00,2024-01-11,00:00:00,0.2807,Thursday,0,1,Winter,0
10023456783,2024-01-11 01:00:00,2024-01-11,01:00:00,0.2634,Thursday,1,1,Winter,0
10023456783,2024-01-11 02:00:00,2024-01-11,02:00:00,0.2401,Thursday,2,1,Winter,0
10023456783,2024-01-11 03:00:00,2024-01-11,03:00:00,0.1706,Thursday,3,1,Winter,0
10023456783,2024-01-11 04:00:00,2024-01-11,04:00:00,0.3372,Thursday,4,1,Winter,0
10023456783,2024-01-11 05:00:00,2024-01-11,05:00:00,0.2991,Thursday,5,1,Winter,0
10023456783,2024-01-11 06:00:00,2024-01-11,06:00:00,0.7247,Thursday,6,1,Winter,0
10023456783,2024-01-11 07:00:00,2024-01-11,07:00:00,1.0693,Thursday,7,1,Winter,0
10023456783,2024-01-11 08:00:00,2024-01-11,08:00:00,1.0333,Thursday,8,1,Winter,0
10023456783,2024-01-11 09:00:00,2024-01-11,09:00:00,0.9588,Thursday,9,1,Winter,0
10023456783,2024-01-11 10:00:00,2024-01-11,10:00:00,0.8400,Thursday,10,1,Winter,0
10023456783,2024-01-11 11:00:00,2024-01-11,11:00:00,6.4605,Thursday,11,1,Winter,1
10023456783,2024-01-11 12:00:00,2024-01-11,12:00:00,5.3025,Thursday,12,1,Winter,1
10023456783,2024-01-11 13:00:00,2024-01-11,13:00:00,0.7045,Thursday,13,1,Winter,0
10023456783,2024-01-11 14:00:00,2024-01-11,14:00:00,0.7605,Thursday,14,1,Winter,0
10023456783,2024-01-11 15:00:00,2024-01-11,15:00:00,0.7320,Thursday,15,1,Winter,0
10023456783,2024-01-11 16:00:00,2024-01-11,16:00:00,0.9767,Thursday,16,1,Winter,0
10023456783,2024-01-11 17:00:00,2024-01-11,17:00:00,1.0967,Thursday,17,1,Winter,0
10023456783,2024-01-11 18:00:00,2024-01-11,18:00:00,1.3985,Thursday,18,1,Winter,0
10023456783,2024-01-11 19:00:00,2024-01-11,19:00:00,1.7787,Thursday,19,1,Winter,0
10023456783,2024-01-11 20:00:00,2024-01-11,20:00:00,1.8185,Thursday,20,1,Winter,0
10023456783,2024-01-11 21:00:00,2024-01-11,21:00:00,1.4045,Thursday,21,1,Winter,0
10023456783,2024-01-11 22:00:00,2024-01-11,22:00:00,1.0418,Thursday,22,1,Winter,0
10023456783,2024-01-11 23:00:00,2024-01-11,23:00:00,0.4942,Thursday,23,1,Winter,0
10023456783,2024-01-12 00:00:00,2024-01-12,00:00:00,0.2834,Friday,0,1,Winter,0
10023456783,2024-01-12 01:00:00,2024-01-12,01:00:00,6.0043,Friday,1,1,Winter,1
10023456783,2024-01-12 02:00:00,2024-01-12,02:00:00,6.1216,Friday,2,1,Winter,1
10023456783,2024-01-12 03:00:00,2024-01-12,03:00:00,0.2987,Friday,3,1,Winter,0
10023456783,2024-01-12 04:00:00,2024-01-12,04:00:00,0.3526,Friday,4,1,Winter,0
10023456783,2024-01-12 05:00:00,2024-01-12,05:00:00,0.3796,Friday,5,1,Winter,0
10023456783,2024-01-12 06:00:00,2024-01-12,06:00:00,0.7643,Friday,6,1,Winter,0
10023456783,2024-01-12 07:00:00,2024-01-12,07:00:00,0.9815,Friday,7,1,Winter,0
10023456783,2024-01-12 08:00:00,2024-01-12,08:00:00,1.0795,Friday,8,1,Winter,0
10023456783,2024-01-12 09:00:00,2024-01-12,09:00:00,0.8231,Friday,9,1,Winter,0
10023456783,2024-01-12 10:00:00,2024-01-12,10:00:00,0.7389,Friday,10,1,Winter,0
10023456783,2024-01-12 11:00:00,2024-01-12,11:00:00,0.6243,Friday,11,1,Winter,0
10023456783,2024-01-12 12:00:00,2024-01-12,12:00:00,0.7697,Friday,12,1,Winter,0
10023456783,2024-01-12 13:00:00,2024-01-12,13:00:00,0.7429,Friday,13,1,Winter,0
10023456783,2024-01-12 14:00:00,2024-01-12,14:00:00,0.7643,Friday,14,1,Winter,0
10023456783,2024-01-12 15:00:00,2024-01-12,15:00:00,0.7018,Friday,15,1,Winter,0
10023456783,2024-01-12 16:00:00,2024-01-12,16:00:00,0.8763,Friday,16,1,Winter,0
10023456783,2024-01-12 17:00:00,2024-01-12,17:00:00,1.1397,Friday,17,1,Winter,0
10023456783,2024-01-12 18:00:00,2024-01-12,18:00:00,1.6252,Friday,18,1,Winter,0
10023456783,2024-01-12 19:00:00,2024-01-12,19:00:00,1.3851,Friday,19,1,Winter,0
10023456783,2024-01-12 20:00:00,2024-01-12,20:00:00,1.5130,Friday,20,1,Winter,0
10023456783,2024-01-12 21:00:00,2024-01-12,21:00:00,1.1746,Friday,21,1,Winter,0
10023456783,2024-01-12 22:00:00,2024-01-12,22:00:00,0.8439,Friday,22,1,Winter,0
10023456783,2024-01-12 23:00:00,2024-01-12,23:00:00,0.6106,Friday,23,1,Winter,0
10023456783,2024-01-13 00:00:00,2024-01-13,00:00:00,0.4573,Saturday,0,1,Winter,0
10023456783,2024-01-13 01:00:00,2024-01-13,01:00:00,0.2930,Saturday,1,1,Winter,0
10023456783,2024-01-13 02:00:00,2024-01-13,02:00:00,0.3302,Saturday,2,1,Winter,0
10023456783,2024-01-13 03:00:00,2024-01-13,03:00:00,0.3135,Saturday,3,1,Winter,0
10023456783,2024-01-13 04:00:00,2024-01-13,04:00:00,0.3098,Saturday,4,1,Winter,0
10023456783,2024-01-13 05:00:00,2024-01-13,05:00:00,0.3862,Saturday,5,1,Winter,0
10023456783,2024-01-13 06:00:00,2024-01-13,06:00:00,0.6109,Saturday,6,1,Winter,0
10023456783,2024-01-13 07:00:00,2024-01-13,07:00:00,0.7228,Saturday,7,1,Winter,0
10023456783,2024-01-13 08:00:00,2024-01-13,08:00:00,1.3168,Saturday,8,1,Winter,0
10023456783,2024-01-13 09:00:00,2024-01-13,09:00:00,1.6150,Saturday,9,1,Winter,0
10023456783,2024-01-13 10:00:00,2024-01-13,10:00:00,1.1794,Saturday,10,1,Winter,0
10023456783,2024-01-13 11:00:00,2024-01-13,11:00:00,1.0377,Saturday,11,1,Winter,0
10023456783,2024-01-13 12:00:00,2024-01-13,12:00:00,1.0069,Saturday,12,1,Winter,0
10023456783,2024-01-13 13:00:00,2024-01-13,13:00:00,1.0464,Saturday,13,1,Winter,0
10023456783,2024-01-13 14:00:00,2024-01-13,14:00:00,0.9653,Saturday,14,1,Winter,0
10023456783,2024-01-13 15:00:00,2024-01-13,15:00:00,1.1003,Saturday,15,1,Winter,0
10023456783,2024-01-13 16:00:00,2024-01-13,16:00:00,1.2050,Saturday,16,1,Winter,0
10023456783,2024-01-13 17:00:00,2024-01-13,17:00:00,1.3036,Saturday,17,1,Winter,0
10023456783,2024-01-13 18:00:00,2024-01-13,18:00:00,1.6171,Saturday,18,1,Winter,0
10023456783,2024-01-13 19:00:00,2024-01-13,19:00:00,2.0013,Saturday,19,1,Winter,0
10023456783,2024-01-13 20:00:00,2024-01-13,20:00:00,1.6254,Saturday,20,1,Winter,0
10023456783,2024-01-13 21:00:00,2024-01-13,21:00:00,1.4388,Saturday,21,1,Winter,0
10023456783,2024-01-13 22:00:00,2024-01-13,22:00:00,1.2316,Saturday,22,1,Winter,0
10023456783,2024-01-13 23:00:00,2024-01-13,23:00:00,0.8829,Saturday,23,1,Winter,0
10023456783,2024-01-14 00:00:00,2024-01-14,00:00:00,0.4134,Sunday,0,1,Winter,0
10023456783,2024-01-14 01:00:00,2024-01-14,01:00:00,0.3520,Sunday,1,1,Winter,0
10023456783,2024-01-14 02:00:00,2024-01-14,02:00:00,0.4392,Sunday,2,1,Winter,0
10023456783,2024-01-14 03:00:00,2024-01-14,03:00:00,0.2886,Sunday,3,1,Winter,0
10023456783,2024-01-14 04:00:00,2024-01-14,04:00:00,0.3850,Sunday,4,1,Winter,0
10023456783,2024-01-14 05:00:00,2024-01-14,05:00:00,0.4131,Sunday,5,1,Winter,0
10023456783,2024-01-14 06:00:00,2024-01-14,06:00:00,0.7091,Sunday,6,1,Winter,0
10023456783,2024-01-14 07:00:00,2024-01-14,07:00:00,0.8759,Sunday,7,1,Winter,0
10023456783,2024-01-14 08:00:00,2024-01-14,08:00:00,1.2330,Sunday,8,1,Winter,0
10023456783,2024-01-14 09:00:00,2024-01-14,09:00:00,1.4279,Sunday,9,1,Winter,0
10023456783,2024-01-14 10:00:00,2024-01-14,10:00:00,1.2249,Sunday,10,1,Winter,0
10023456783,2024-01-14 11:00:00,2024-01-14,11:00:00,1.3363,Sunday,11,1,Winter,0
10023456783,2024-01-14 12:00:00,2024-01-14,12:00:00,1.2222,Sunday,12,1,Winter,0
10023456783,2024-01-14 13:00:00,2024-01-14,13:00:00,1.1317,Sunday,13,1,Winter,0
10023456783,2024-01-14 14:00:00,2024-01-14,14:00:00,1.0967,Sunday,14,1,Winter,0
10023456783,2024-01-14 15:00:00,2024-01-14,15:00:00,0.9908,Sunday,15,1,Winter,0
10023456783,2024-01-14 16:00:00,2024-01-14,16:00:00,1.1690,Sunday,16,1,Winter,0
10023456783,2024-01-14 17:00:00,2024-01-14,17:00:00,1.4955,Sunday,17,1,Winter,0
10023456783,2024-01-14 18:00:00,2024-01-14,18:00:00,1.6857,Sunday,18,1,Winter,0
10023456783,2024-01-14 19:00:00,2024-01-14,19:00:00,1.8433,Sunday,19,1,Winter,0
10023456783,2024-01-14 20:00:00,2024-01-14,20:00:00,1.6343,Sunday,20,1,Winter,0
10023456783,2024-01-14 21:00:00,2024-01-14,21:00:00,1.5039,Sunday,21,1,Winter,0
10023456783,2024-01-14 22:00:00,2024-01-14,22:00:00,1.1945,Sunday,22,1,Winter,0
10023456783,2024-01-14 23:00:00,2024-01-14,23:00:00,0.8560,Sunday,23,1,Winter,0
10023456783,2024-01-15 00:00:00,2024-01-15,00:00:00,0.4050,Monday,0,1,Winter,0
10023456783,2024-01-15 01:00:00,2024-01-15,01:00:00,4.0897,Monday,1,1,Winter,1
10023456783,2024-01-15 02:00:00,2024-01-15,02:00:00,4.5998,Monday,2,1,Winter,1
10023456783,2024-01-15 03:00:00,2024-01-15,03:00:00,4.2720,Monday,3,1,Winter,1
10023456783,2024-01-15 04:00:00,2024-01-15,04:00:00,0.3874,Monday,4,1,Winter,0
10023456783,2024-01-15 05:00:00,2024-01-15,05:00:00,0.5558,Monday,5,1,Winter,0
10023456783,2024-01-15 06:00:00,2024-01-15,06:00:00,0.9603,Monday,6,1,Winter,0
10023456783,2024-01-15 07:00:00,2024-01-15,07:00:00,1.4873,Monday,7,1,Winter,0
10023456783,2024-01-15 08:00:00,2024-01-15,08:00:00,1.5096,Monday,8,1,Winter,0
10023456783,2024-01-15 09:00:00,2024-01-15,09:00:00,1.3178,Monday,9,1,Winter,0
10023456783,2024-01-15 10:00:00,2024-01-15,10:00:00,0.9747,Monday,10,1,Winter,0
10023456783,2024-01-15 11:00:00,2024-01-15,11:00:00,0.7621,Monday,11,1,Winter,0
10023456783,2024-01-15 12:00:00,2024-01-15,12:00:00,1.1084,Monday,12,1,Winter,0
10023456783,2024-01-15 13:00:00,2024-01-15,13:00:00,1.0735,Monday,13,1,Winter,0
10023456783,2024-01-15 14:00:00,2024-01-15,14:00:00,1.0942,Monday,14,1,Winter,0
10023456783,2024-01-15 15:00:00,2024-01-15,15:00:00,1.0832,Monday,15,1,Winter,0
10023456783,2024-01-15 16:00:00,2024-01-15,16:00:00,1.3241,Monday,16,1,Winter,0
10023456783,2024-01-15 17:00:00,2024-01-15,17:00:00,1.5152,Monday,17,1,Winter,0
10023456783,2024-01-15 18:00:00,2024-01-15,18:00:00,1.7239,Monday,18,1,Winter,0
10023456783,2024-01-15 19:00:00,2024-01-15,19:00:00,2.5556,Monday,19,1,Winter,0
10023456783,2024-01-15 20:00:00,2024-01-15,20:00:00,2.3392,Monday,20,1,Winter,0
10023456783,2024-01-15 21:00:00,2024-01-15,21:00:00,2.1889,Monday,21,1,Winter,0
10023456783,2024-01-15 22:00:00,2024-01-15,22:00:00,1.4265,Monday,22,1,Winter,0
10023456783,2024-01-15 23:00:00,2024-01-15,23:00:00,0.9400,Monday,23,1,Winter,0
10023456783,2024-01-16 00:00:00,2024-01-16,00:00:00,0.4161,Tuesday,0,1,Winter,0
10023456783,2024-01-16 01:00:00,2024-01-16,01:00:00,0.4994,Tuesday,1,1,Winter,0
10023456783,2024-01-16 02:00:00,2024-01-16,02:00:00,0.3956,Tuesday,2,1,Winter,0
10023456783,2024-01-16 03:00:00,2024-01-16,03:00:00,0.4141,Tuesday,3,1,Winter,0
10023456783,2024-01-16 04:00:00,2024-01-16,04:00:00,0.4342,Tuesday,4,1,Winter,0
10023456783,2024-01-16 05:00:00,2024-01-16,05:00:00,0.5913,Tuesday,5,1,Winter,0
10023456783,2024-01-16 06:00:00,2024-01-16,06:00:00,1.3087,Tuesday,6,1,Winter,0
10023456783,2024-01-16 07:00:00,2024-01-16,07:00:00,1.2609,Tuesday,7,1,Winter,0
10023456783,2024-01-16 08:00:00,2024-01-16,08:00:00,1.7887,Tuesday,8,1,Winter,0
10023456783,2024-01-16 09:00:00,2024-01-16,09:00:00,1.5416,Tuesday,9,1,Winter,0
10023456783,2024-01-16 10:00:00,2024-01-16,10:00:00,1.2329,Tuesday,10,1,Winter,0
10023456783,2024-01-16 11:00:00,2024-01-16,11:00:00,0.9296,Tuesday,11,1,Winter,0
10023456783,2024-01-16 12:00:00,2024-01-16,12:00:00,1.0857,Tuesday,12,1,Winter,0
10023456783,2024-01-16 13:00:00,2024-01-16,13:00:00,1.0359,Tuesday,13,1,Winter,0
10023456783,2024-01-16 14:00:00,2024-01-16,14:00:00,2.7444,Tuesday,14,1,Winter,1
10023456783,2024-01-16 15:00:00,2024-01-16,15:00:00,1.0905,Tuesday,15,1,Winter,0
10023456783,2024-01-16 16:00:00,2024-01-16,16:00:00,1.4476,Tuesday,16,1,Winter,0
10023456783,2024-01-16 17:00:00,2024-01-16,17:00:00,1.6662,Tuesday,17,1,Winter,0
10023456783,2024-01-16 18:00:00,2024-01-16,18:00:00,2.1092,Tuesday,18,1,Winter,0
10023456783,2024-01-16 19:00:00,2024-01-16,19:00:00,2.5641,Tuesday,19,1,Winter,0
10023456783,2024-01-16 20:00:00,2024-01-16,20:00:00,2.5405,Tuesday,20,1,Winter,0
10023456783,2024-01-16 21:00:00,2024-01-16,21:00:00,1.8078,Tuesday,21,1,Winter,0
10023456783,2024-01-16 22:00:00,2024-01-16,22:00:00,1.6791,Tuesday,22,1,Winter,0
10023456783,2024-01-16 23:00:00,2024-01-16,23:00:00,0.8741,Tuesday,23,1,Winter,0
10023456783,2024-01-17 00:00:00,2024-01-17,00:00:00,0.4445,Wednesday,0,1,Winter,0
10023456783,2024-01-17 01:00:00,2024-01-17,01:00:00,1.7568,Wednesday,1,1,Winter,1
10023456783,2024-01-17 02:00:00,2024-01-17,02:00:00,0.3901,Wednesday,2,1,Winter,0
10023456783,2024-01-17 03:00:00,2024-01-17,03:00:00,0.3737,Wednesday,3,1,Winter,0
10023456783,2024-01-17 04:00:00,2024-01-17,04:00:00,0.4662,Wednesday,4,1,Winter,0
10023456783,2024-01-17 05:00:00,2024-01-17,05:00:00,0.5598,Wednesday,5,1,Winter,0
10023456783,2024-01-17 06:00:00,2024-01-17,06:00:00,1.0258,Wednesday,6,1,Winter,0
10023456783,2024-01-17 07:00:00,2024-01-17,07:00:00,1.4667,Wednesday,7,1,Winter,0
10023456783,2024-01-17 08:00:00,2024-01-17,08:00:00,1.4751,Wednesday,8,1,Winter,0
10023456783,2024-01-17 09:00:00,2024-01-17,09:00:00,1.2562,Wednesday,9,1,Winter,0
10023456783,2024-01-17 10:00:00,2024-01-17,10:00:00,1.2188,Wednesday,10,1,Winter,0
10023456783,2024-01-17 11:00:00,2024-01-17,11:00:00,0.9630,Wednesday,11,1,Winter,0
10023456783,2024-01-17 12:00:00,2024-01-17,12:00:00,1.0573,Wednesday,12,1,Winter,0
10023456783,2024-01-17 13:00:00,2024-01-17,13:00:00,1.1188,Wednesday,13,1,Winter,0
10023456783,2024-01-17 14:00:00,2024-01-17,14:00:00,1.1709,Wednesday,14,1,Winter,0
10023456783,2024-01-17 15:00:00,2024-01-17,15:00:00,0.9668,Wednesday,15,1,Winter,0
10023456783,2024-01-17 16:00:00,2024-01-17,16:00:00,1.2632,Wednesday,16,1,Winter,0
10023456783,2024-01-17 17:00:00,2024-01-17,17:00:00,1.3682,Wednesday,17,1,Winter,0
10023456783,2024-01-17 18:00:00,2024-01-17,18:00:00,1.9570,Wednesday,18,1,Winter,0
10023456783,2024-01-17 19:00:00,2024-01-17,19:00:00,2.2467,Wednesday,19,1,Winter,0
10023456783,2024-01-17 20:00:00,2024-01-17,20:00:00,2.6536,Wednesday,20,1,Winter,0
10023456783,2024-01-17 21:00:00,2024-01-17,21:00:00,2.0380,Wednesday,21,1,Winter,0
10023456783,2024-01-17 22:00:00,2024-01-17,22:00:00,1.2965,Wednesday,22,1,Winter,0
10023456783,2024-01-17 23:00:00,2024-01-17,23:00:00,0.9848,Wednesday,23,1,Winter,0
10023456783,2024-01-18 00:00:00,2024-01-18,00:00:00,0.5490,Thursday,0,1,Winter,0
10023456783,2024-01-18 01:00:00,2024-01-18,01:00:00,0.4283,Thursday,1,1,Winter,0
10023456783,2024-01-18 02:00:00,2024-01-18,02:00:00,0.3601,Thursday,2,1,Winter,0
10023456783,2024-01-18 03:00:00,2024-01-18,03:00:00,1.5109,Thursday,3,1,Winter,1
10023456783,2024-01-18 04:00:00,2024-01-18,04:00:00,1.6482,Thursday,4,1,Winter,1
10023456783,2024-01-18 05:00:00,2024-01-18,05:00:00,0.5651,Thursday,5,1,Winter,0
10023456783,2024-01-18 06:00:00,2024-01-18,06:00:00,0.8543,Thursday,6,1,Winter,0
10023456783,2024-01-18 07:00:00,2024-01-18,07:00:00,1.6067,Thursday,7,1,Winter,0
10023456783,2024-01-18 08:00:00,2024-01-18,08:00:00,1.6974,Thursday,8,1,Winter,0
10023456783,2024-01-18 09:00:00,2024-01-18,09:00:00,1.4615,Thursday,9,1,Winter,0
10023456783,2024-01-18 10:00:00,2024-01-18,10:00:00,1.1660,Thursday,10,1,Winter,0
10023456783,2024-01-18 11:00:00,2024-01-18,11:00:00,0.9251,Thursday,11,1,Winter,0
10023456783,2024-01-18 12:00:00,2024-01-18,12:00:00,0.8674,Thursday,12,1,Winter,0
10023456783,2024-01-18 13:00:00,2024-01-18,13:00:00,0.9732,Thursday,13,1,Winter,0
10023456783,2024-01-18 14:00:00,2024-01-18,14:00:00,1.0886,Thursday,14,1,Winter,0
10023456783,2024-01-18 15:00:00,2024-01-18,15:00:00,1.1510,Thursday,15,1,Winter,0
10023456783,2024-01-18 16:00:00,2024-01-18,16:00:00,0.9656,Thursday,16,1,Winter,0
10023456783,2024-01-18 17:00:00,2024-01-18,17:00:00,1.8537,Thursday,17,1,Winter,0
10023456783,2024-01-18 18:00:00,2024-01-18,18:00:00,2.1748,Thursday,18,1,Winter,0
10023456783,2024-01-18 19:00:00,2024-01-18,19:00:00,2.4097,Thursday,19,1,Winter,0
10023456783,2024-01-18 20:00:00,2024-01-18,20:00:00,2.2762,Thursday,20,1,Winter,0
10023456783,2024-01-18 21:00:00,2024-01-18,21:00:00,1.8377,Thursday,21,1,Winter,0
10023456783,2024-01-18 22:00:00,2024-01-18,22:00:00,1.3148,Thursday,22,1,Winter,0
10023456783,2024-01-18 23:00:00,2024-01-18,23:00:00,0.7798,Thursday,23,1,Winter,0
10023456783,2024-01-19 00:00:00,2024-01-19,00:00:00,0.4214,Friday,0,1,Winter,0
10023456783,2024-01-19 01:00:00,2024-01-19,01:00:00,0.3603,Friday,1,1,Winter,0
10023456783,2024-01-19 02:00:00,2024-01-19,02:00:00,0.3886,Friday,2,1,Winter,0
10023456783,2024-01-19 03:00:00,2024-01-19,03:00:00,0.4125,Friday,3,1,Winter,0
10023456783,2024-01-19 04:00:00,2024-01-19,04:00:00,0.3943,Friday,4,1,Winter,0
10023456783,2024-01-19 05:00:00,2024-01-19,05:00:00,0.6353,Friday,5,1,Winter,0
10023456783,2024-01-19 06:00:00,2024-01-19,06:00:00,1.0180,Friday,6,1,Winter,0
10023456783,2024-01-19 07:00:00,2024-01-19,07:00:00,1.4241,Friday,7,1,Winter,0
10023456783,2024-01-19 08:00:00,2024-01-19,08:00:00,1.5135,Friday,8,1,Winter,0
10023456783,2024-01-19 09:00:00,2024-01-19,09:00:00,1.3575,Friday,9,1,Winter,0
10023456783,2024-01-19 10:00:00,2024-01-19,10:00:00,1.0745,Friday,10,1,Winter,0
10023456783,2024-01-19 11:00:00,2024-01-19,11:00:00,0.8712,Friday,11,1,Winter,0
10023456783,2024-01-19 12:00:00,2024-01-19,12:00:00,1.1532,Friday,12,1,Winter,0
10023456783,2024-01-19 13:00:00,2024-01-19,13:00:00,1.3744,Friday,13,1,Winter,0
10023456783,2024-01-19 14:00:00,2024-01-19,14:00:00,1.0054,Friday,14,1,Winter,0
10023456783,2024-01-19 15:00:00,2024-01-19,15:00:00,1.1550,Friday,15,1,Winter,0
10023456783,2024-01-19 16:00:00,2024-01-19,16:00:00,1.1032,Friday,16,1,Winter,0
10023456783,2024-01-19 17:00:00,2024-01-19,17:00:00,1.5071,Friday,17,1,Winter,0
10023456783,2024-01-19 18:00:00,2024-01-19,18:00:00,2.0273,Friday,18,1,Winter,0
10023456783,2024-01-19 19:00:00,2024-01-19,19:00:00,2.4022,Friday,19,1,Winter,0
10023456783,2024-01-19 20:00:00,2024-01-19,20:00:00,2.0588,Friday,20,1,Winter,0
10023456783,2024-01-19 21:00:00,2024-01-19,21:00:00,1.9126,Friday,21,1,Winter,0
10023456783,2024-01-19 22:00:00,2024-01-19,22:00:00,1.3374,Friday,22,1,Winter,0
10023456783,2024-01-19 23:00:00,2024-01-19,23:00:00,0.8559,Friday,23,1,Winter,0
10023456783,2024-01-20 00:00:00,2024-01-20,00:00:00,0.4308,Saturday,0,1,Winter,0
10023456783,2024-01-20 01:00:00,2024-01-20,01:00:00,0.3942,Saturday,1,1,Winter,0
10023456783,2024-01-20 02:00:00,2024-01-20,02:00:00,0.4190,Saturday,2,1,Winter,0
10023456783,2024-01-20 03:00:00,2024-01-20,03:00:00,0.3521,Saturday,3,1,Winter,0
10023456783,2024-01-20 04:00:00,2024-01-20,04:00:00,0.3795,Saturday,4,1,Winter,0
10023456783,2024-01-20 05:00:00,2024-01-20,05:00:00,0.4620,Saturday,5,1,Winter,0
10023456783,2024-01-20 06:00:00,2024-01-20,06:00:00,0.7481,Saturday,6,1,Winter,0
10023456783,2024-01-20 07:00:00,2024-01-20,07:00:00,1.0138,Saturday,7,1,Winter,0
10023456783,2024-01-20 08:00:00,2024-01-20,08:00:00,1.4834,Saturday,8,1,Winter,0
10023456783,2024-01-20 09:00:00,2024-01-20,09:00:00,1.5742,Saturday,9,1,Winter,0
10023456783,2024-01-20 10:00:00,2024-01-20,10:00:00,1.4806,Saturday,10,1,Winter,0
10023456783,2024-01-20 11:00:00,2024-01-20,11:00:00,1.5541,Saturday,11,1,Winter,0
10023456783,2024-01-20 12:00:00,2024-01-20,12:00:00,1.4032,Saturday,12,1,Winter,0
10023456783,2024-01-20 13:00:00,2024-01-20,13:00:00,1.2670,Saturday,13,1,Winter,0
10023456783,2024-01-20 14:00:00,2024-01-20,14:00:00,1.3598,Saturday,14,1,Winter,0
10023456783,2024-01-20 15:00:00,2024-01-20,15:00:00,1.3470,Saturday,15,1,Winter,0
10023456783,2024-01-20 16:00:00,2024-01-20,16:00:00,1.2730,Saturday,16,1,Winter,0
10023456783,2024-01-20 17:00:00,2024-01-20,17:00:00,1.4867,Saturday,17,1,Winter,0
10023456783,2024-01-20 18:00:00,2024-01-20,18:00:00,1.8189,Saturday,18,1,Winter,0
10023456783,2024-01-20 19:00:00,2024-01-20,19:00:00,1.9461,Saturday,19,1,Winter,0
10023456783,2024-01-20 20:00:00,2024-01-20,20:00:00,2.3627,Saturday,20,1,Winter,0
10023456783,2024-01-20 21:00:00,2024-01-20,21:00:00,1.7420,Saturday,21,1,Winter,0
10023456783,2024-01-20 22:00:00,2024-01-20,22:00:00,1.3325,Saturday,22,1,Winter,0
10023456783,2024-01-20 23:00:00,2024-01-20,23:00:00,1.0833,Saturday,23,1,Winter,0
10023456783,2024-01-21 00:00:00,2024-01-21,00:00:00,0.3603,Sunday,0,1,Winter,0
10023456783,2024-01-21 01:00:00,2024-01-21,01:00:00,5.7986,Sunday,1,1,Winter,1
10023456783,2024-01-21 02:00:00,2024-01-21,02:00:00,5.0758,Sunday,2,1,Winter,1
10023456783,2024-01-21 03:00:00,2024-01-21,03:00:00,0.3208,Sunday,3,1,Winter,0
10023456783,2024-01-21 04:00:00,2024-01-21,04:00:00,0.3346,Sunday,4,1,Winter,0
10023456783,2024-01-21 05:00:00,2024-01-21,05:00:00,0.5013,Sunday,5,1,Winter,0
10023456783,2024-01-21 06:00:00,2024-01-21,06:00:00,0.5121,Sunday,6,1,Winter,0
10023456783,2024-01-21 07:00:00,2024-01-21,07:00:00,0.7875,Sunday,7,1,Winter,0
10023456783,2024-01-21 08:00:00,2024-01-21,08:00:00,1.4150,Sunday,8,1,Winter,0
10023456783,2024-01-21 09:00:00,2024-01-21,09:00:00,1.4651,Sunday,9,1,Winter,0
10023456783,2024-01-21 10:00:00,2024-01-21,10:00:00,1.2956,Sunday,10,1,Winter,0
10023456783,2024-01-21 11:00:00,2024-01-21,11:00:00,1.1581,Sunday,11,1,Winter,0
10023456783,2024-01-21 12:00:00,2024-01-21,12:00:00,1.1931,Sunday,12,1,Winter,0
10023456783,2024-01-21 13:00:00,2024-01-21,13:00:00,1.2107,Sunday,13,1,Winter,0
10023456783,2024-01-21 14:00:00,2024-01-21,14:00:00,0.9083,Sunday,14,1,Winter,0
10023456783,2024-01-21 15:00:00,2024-01-21,15:00:00,1.0809,Sunday,15,1,Winter,0
10023456783,2024-01-21 16:00:00,2024-01-21,16:00:00,1.4957,Sunday,16,1,Winter,0
10023456783,2024-01-21 17:00:00,2024-01-21,17:00:00,1.3354,Sunday,17,1,Winter,0
10023456783,2024-01-21 18:00:00,2024-01-21,18:00:00,1.8225,Sunday,18,1,Winter,0
10023456783,2024-01-21 19:00:00,2024-01-21,19:00:00,2.3629,Sunday,19,1,Winter,0
10023456783,2024-01-21 20:00:00,2024-01-21,20:00:00,1.7285,Sunday,20,1,Winter,0
10023456783,2024-01-21 21:00:00,2024-01-21,21:00:00,1.5482,Sunday,21,1,Winter,0
10023456783,2024-01-21 22:00:00,2024-01-21,22:00:00,1.0547,Sunday,22,1,Winter,0
10023456783,2024-01-21 23:00:00,2024-01-21,23:00:00,0.8154,Sunday,23,1,Winter,0
10023456783,2024-01-22 00:00:00,2024-01-22,00:00:00,0.3383,Monday,0,1,Winter,0
10023456783,2024-01-22 01:00:00,2024-01-22,01:00:00,0.3682,Monday,1,1,Winter,0
10023456783,2024-01-22 02:00:00,2024-01-22,02:00:00,0.3378,Monday,2,1,Winter,0
10023456783,2024-01-22 03:00:00,2024-01-22,03:00:00,0.3492,Monday,3,1,Winter,0
10023456783,2024-01-22 04:00:00,2024-01-22,04:00:00,0.3446,Monday,4,1,Winter,0
10023456783,2024-01-22 05:00:00,2024-01-22,05:00:00,0.4822,Monday,5,1,Winter,0
10023456783,2024-01-22 06:00:00,2024-01-22,06:00:00,1.0132,Monday,6,1,Winter,0
10023456783,2024-01-22 07:00:00,2024-01-22,07:00:00,1.3186,Monday,7,1,Winter,0
10023456783,2024-01-22 08:00:00,2024-01-22,08:00:00,1.5467,Monday,8,1,Winter,0
10023456783,2024-01-22 09:00:00,2024-01-22,09:00:00,1.4974,Monday,9,1,Winter,0
10023456783,2024-01-22 10:00:00,2024-01-22,10:00:00,0.9414,Monday,10,1,Winter,0
10023456783,2024-01-22 11:00:00,2024-01-22,11:00:00,0.8463,Monday,11,1,Winter,0
10023456783,2024-01-22 12:00:00,2024-01-22,12:00:00,0.9019,Monday,12,1,Winter,0
10023456783,2024-01-22 13:00:00,2024-01-22,13:00:00,0.7781,Monday,13,1,Winter,0
10023456783,2024-01-22 14:00:00,2024-01-22,14:00:00,0.9926,Monday,14,1,Winter,0
10023456783,2024-01-22 15:00:00,2024-01-22,15:00:00,0.8609,Monday,15,1,Winter,0
10023456783,2024-01-22 16:00:00,2024-01-22,16:00:00,0.9743,Monday,16,1,Winter,0
10023456783,2024-01-22 17:00:00,2024-01-22,17:00:00,1.2039,Monday,17,1,Winter,0
10023456783,2024-01-22 18:00:00,2024-01-22,18:00:00,1.8548,Monday,18,1,Winter,0
10023456783,2024-01-22 19:00:00,2024-01-22,19:00:00,2.2188,Monday,19,1,Winter,0
10023456783,2024-01-22 20:00:00,2024-01-22,20:00:00,1.9206,Monday,20,1,Winter,0
10023456783,2024-01-22 21:00:00,2024-01-22,21:00:00,1.4726,Monday,21,1,Winter,0
10023456783,2024-01-22 22:00:00,2024-01-22,22:00:00,1.0887,Monday,22,1,Winter,0
10023456783,2024-01-22 23:00:00,2024-01-22,23:00:00,0.7155,Monday,23,1,Winter,0
10023456783,2024-01-23 00:00:00,2024-01-23,00:00:00,0.4259,Tuesday,0,1,Winter,0
10023456783,2024-01-23 01:00:00,2024-01-23,01:00:00,0.3313,Tuesday,1,1,Winter,0
10023456783,2024-01-23 02:00:00,2024-01-23,02:00:00,0.2791,Tuesday,2,1,Winter,0
10023456783,2024-01-23 03:00:00,2024-01-23,03:00:00,0.3618,Tuesday,3,1,Winter,0
10023456783,2024-01-23 04:00:00,2024-01-23,04:00:00,0.3060,Tuesday,4,1,Winter,0
10023456783,2024-01-23 05:00:00,2024-01-23,05:00:00,0.4964,Tuesday,5,1,Winter,0
10023456783,2024-01-23 06:00:00,2024-01-23,06:00:00,0.9221,Tuesday,6,1,Winter,0
10023456783,2024-01-23 07:00:00,2024-01-23,07:00:00,1.3066,Tuesday,7,1,Winter,0
10023456783,2024-01-23 08:00:00,2024-01-23,08:00:00,1.3127,Tuesday,8,1,Winter,0
10023456783,2024-01-23 09:00:00,2024-01-23,09:00:00,1.0867,Tuesday,9,1,Winter,0
10023456783,2024-01-23 10:00:00,2024-01-23,10:00:00,0.9784,Tuesday,10,1,Winter,0
10023456783,2024-01-23 11:00:00,2024-01-23,11:00:00,0.8972,Tuesday,11,1,Winter,0
10023456783,2024-01-23 12:00:00,2024-01-23,12:00:00,0.8746,Tuesday,12,1,Winter,0
10023456783,2024-01-23 13:00:00,2024-01-23,13:00:00,0.8541,Tuesday,13,1,Winter,0
10023456783,2024-01-23 14:00:00,2024-01-23,14:00:00,0.8205,Tuesday,14,1,Winter,0
10023456783,2024-01-23 15:00:00,2024-01-23,15:00:00,0.7471,Tuesday,15,1,Winter,0
10023456783,2024-01-23 16:00:00,2024-01-23,16:00:00,1.1105,Tuesday,16,1,Winter,0
10023456783,2024-01-23 17:00:00,2024-01-23,17:00:00,1.2564,Tuesday,17,1,Winter,0
10023456783,2024-01-23 18:00:00,2024-01-23,18:00:00,1.3243,Tuesday,18,1,Winter,0
10023456783,2024-01-23 19:00:00,2024-01-23,19:00:00,2.1667,Tuesday,19,1,Winter,0
10023456783,2024-01-23 20:00:00,2024-01-23,20:00:00,2.1085,Tuesday,20,1,Winter,0
10023456783,2024-01-23 21:00:00,2024-01-23,21:00:00,1.8541,Tuesday,21,1,Winter,0
10023456783,2024-01-23 22:00:00,2024-01-23,22:00:00,1.1358,Tuesday,22,1,Winter,0
10023456783,2024-01-23 23:00:00,2024-01-23,23:00:00,0.7018,Tuesday,23,1,Winter,0
10023456783,2024-01-24 00:00:00,2024-01-24,00:00:00,0.3882,Wednesday,0,1,Winter,0
10023456783,2024-01-24 01:00:00,2024-01-24,01:00:00,0.3964,Wednesday,1,1,Winter,0
10023456783,2024-01-24 02:00:00,2024-01-24,02:00:00,0.4426,Wednesday,2,1,Winter,0
10023456783,2024-01-24 03:00:00,2024-01-24,03:00:00,0.4349,Wednesday,3,1,Winter,0
10023456783,2024-01-24 04:00:00,2024-01-24,04:00:00,0.3575,Wednesday,4,1,Winter,0
10023456783,2024-01-24 05:00:00,2024-01-24,05:00:00,0.6296,Wednesday,5,1,Winter,0
10023456783,2024-01-24 06:00:00,2024-01-24,06:00:00,1.2414,Wednesday,6,1,Winter,0
10023456783,2024-01-24 07:00:00,2024-01-24,07:00:00,1.6786,Wednesday,7,1,Winter,0
10023456783,2024-01-24 08:00:00,2024-01-24,08:00:00,1.8077,Wednesday,8,1,Winter,0
10023456783,2024-01-24 09:00:00,2024-01-24,09:00:00,1.5762,Wednesday,9,1,Winter,0
10023456783,2024-01-24 10:00:00,2024-01-24,10:00:00,1.1940,Wednesday,10,1,Winter,0
10023456783,2024-01-24 11:00:00,2024-01-24,11:00:00,0.9431,Wednesday,11,1,Winter,0
10023456783,2024-01-24 12:00:00,2024-01-24,12:00:00,0.9360,Wednesday,12,1,Winter,0
10023456783,2024-01-24 13:00:00,2024-01-24,13:00:00,0.9400,Wednesday,13,1,Winter,0
10023456783,2024-01-24 14:00:00,2024-01-24,14:00:00,1.0033,Wednesday,14,1,Winter,0
10023456783,2024-01-24 15:00:00,2024-01-24,15:00:00,1.0301,Wednesday,15,1,Winter,0
10023456783,2024-01-24 16:00:00,2024-01-24,16:00:00,1.2829,Wednesday,16,1,Winter,0
10023456783,2024-01-24 17:00:00,2024-01-24,17:00:00,1.6587,Wednesday,17,1,Winter,0
10023456783,2024-01-24 18:00:00,2024-01-24,18:00:00,1.9619,Wednesday,18,1,Winter,0
10023456783,2024-01-24 19:00:00,2024-01-24,19:00:00,2.5550,Wednesday,19,1,Winter,0
10023456783,2024-01-24 20:00:00,2024-01-24,20:00:00,0.3069,Wednesday,20,1,Winter,1
10023456783,2024-01-24 21:00:00,2024-01-24,21:00:00,1.7672,Wednesday,21,1,Winter,0
10023456783,2024-01-24 22:00:00,2024-01-24,22:00:00,1.4827,Wednesday,22,1,Winter,0
10023456783,2024-01-24 23:00:00,2024-01-24,23:00:00,0.8410,Wednesday,23,1,Winter,0
10023456783,2024-01-25 00:00:00,2024-01-25,00:00:00,0.4351,Thursday,0,1,Winter,0
10023456783,2024-01-25 01:00:00,2024-01-25,01:00:00,0.4434,Thursday,1,1,Winter,0
10023456783,2024-01-25 02:00:00,2024-01-25,02:00:00,0.3667,Thursday,2,1,Winter,0
10023456783,2024-01-25 03:00:00,2024-01-25,03:00:00,5.7786,Thursday,3,1,Winter,1
10023456783,2024-01-25 04:00:00,2024-01-25,04:00:00,0.3874,Thursday,4,1,Winter,0
10023456783,2024-01-25 05:00:00,2024-01-25,05:00:00,0.5537,Thursday,5,1,Winter,0
10023456783,2024-01-25 06:00:00,2024-01-25,06:00:00,1.0635,Thursday,6,1,Winter,0
10023456783,2024-01-25 07:00:00,2024-01-25,07:00:00,1.6876,Thursday,7,1,Winter,0
10023456783,2024-01-25 08:00:00,2024-01-25,08:00:00,1.8153,Thursday,8,1,Winter,0
10023456783,2024-01-25 09:00:00,2024-01-25,09:00:00,1.3158,Thursday,9,1,Winter,0
10023456783,2024-01-25 10:00:00,2024-01-25,10:00:00,1.1600,Thursday,10,1,Winter,0
10023456783,2024-01-25 11:00:00,2024-01-25,11:00:00,1.0550,Thursday,11,1,Winter,0
10023456783,2024-01-25 12:00:00,2024-01-25,12:00:00,1.0909,Thursday,12,1,Winter,0
10023456783,2024-01-25 13:00:00,2024-01-25,13:00:00,1.0260,Thursday,13,1,Winter,0
10023456783,2024-01-25 14:00:00,2024-01-25,14:00:00,1.2020,Thursday,14,1,Winter,0
10023456783,2024-01-25 15:00:00,2024-01-25,15:00:00,1.2047,Thursday,15,1,Winter,0
10023456783,2024-01-25 16:00:00,2024-01-25,16:00:00,1.2548,Thursday,16,1,Winter,0
10023456783,2024-01-25 17:00:00,2024-01-25,17:00:00,1.8060,Thursday,17,1,Winter,0
10023456783,2024-01-25 18:00:00,2024-01-25,18:00:00,2.1695,Thursday,18,1,Winter,0
10023456783,2024-01-25 19:00:00,2024-01-25,19:00:00,3.0133,Thursday,19,1,Winter,0
10023456783,2024-01-25 20:00:00,2024-01-25,20:00:00,2.7250,Thursday,20,1,Winter,0
10023456783,2024-01-25 21:00:00,2024-01-25,21:00:00,2.2988,Thursday,21,1,Winter,0
10023456783,2024-01-25 22:00:00,2024-01-25,22:00:00,1.5568,Thursday,22,1,Winter,0
10023456783,2024-01-25 23:00:00,2024-01-25,23:00:00,0.9720,Thursday,23,1,Winter,0
10023456783,2024-01-26 00:00:00,2024-01-26,00:00:00,0.4403,Friday,0,1,Winter,0
10023456783,2024-01-26 01:00:00,2024-01-26,01:00:00,0.3864,Friday,1,1,Winter,0
10023456783,2024-01-26 02:00:00,2024-01-26,02:00:00,0.3906,Friday,2,1,Winter,0
10023456783,2024-01-26 03:00:00,2024-01-26,03:00:00,4.4149,Friday,3,1,Winter,1
10023456783,2024-01-26 04:00:00,2024-01-26,04:00:00,5.4571,Friday,4,1,Winter,1
10023456783,2024-01-26 05:00:00,2024-01-26,05:00:00,0.5924,Friday,5,1,Winter,0
10023456783,2024-01-26 06:00:00,2024-01-26,06:00:00,1.1085,Friday,6,1,Winter,0
10023456783,2024-01-26 07:00:00,2024-01-26,07:00:00,1.6322,Friday,7,1,Winter,0
10023456783,2024-01-26 08:00:00,2024-01-26,08:00:00,1.8833,Friday,8,1,Winter,0
10023456783,2024-01-26 09:00:00,2024-01-26,09:00:00,1.3080,Friday,9,1,Winter,0
10023456783,2024-01-26 10:00:00,2024-01-26,10:00:00,1.1321,Friday,10,1,Winter,0
10023456783,2024-01-26 11:00:00,2024-01-26,11:00:00,0.9376,Friday,11,1,Winter,0
10023456783,2024-01-26 12:00:00,2024-01-26,12:00:00,1.1316,Friday,12,1,Winter,0
10023456783,2024-01-26 13:00:00,2024-01-26,13:00:00,1.1328,Friday,13,1,Winter,0
10023456783,2024-01-26 14:00:00,2024-01-26,14:00:00,1.4755,Friday,14,1,Winter,0
10023456783,2024-01-26 15:00:00,2024-01-26,15:00:00,1.2900,Friday,15,1,Winter,0
10023456783,2024-01-26 16:00:00,2024-01-26,16:00:00,1.4052,Friday,16,1,Winter,0
10023456783,2024-01-26 17:00:00,2024-01-26,17:00:00,1.4575,Friday,17,1,Winter,0
10023456783,2024-01-26 18:00:00,2024-01-26,18:00:00,2.2129,Friday,18,1,Winter,0
10023456783,2024-01-26 19:00:00,2024-01-26,19:00:00,2.2489,Friday,19,1,Winter,0
10023456783,2024-01-26 20:00:00,2024-01-26,20:00:00,2.4117,Friday,20,1,Winter,0
10023456783,2024-01-26 21:00:00,2024-01-26,21:00:00,1.9452,Friday,21,1,Winter,0
10023456783,2024-01-26 22:00:00,2024-01-26,22:00:00,1.4807,Friday,22,1,Winter,0
10023456783,2024-01-26 23:00:00,2024-01-26,23:00:00,0.6629,Friday,23,1,Winter,0
10023456783,2024-01-27 00:00:00,2024-01-27,00:00:00,0.4221,Saturday,0,1,Winter,0
10023456783,2024-01-27 01:00:00,2024-01-27,01:00:00,0.4346,Saturday,1,1,Winter,0
10023456783,2024-01-27 02:00:00,2024-01-27,02:00:00,0.3499,Saturday,2,1,Winter,0
10023456783,2024-01-27 03:00:00,2024-01-27,03:00:00,0.3785,Saturday,3,1,Winter,0
10023456783,2024-01-27 04:00:00,2024-01-27,04:00:00,0.3865,Saturday,4,1,Winter,0
10023456783,2024-01-27 05:00:00,2024-01-27,05:00:00,0.3688,Saturday,5,1,Winter,0
10023456783,2024-01-27 06:00:00,2024-01-27,06:00:00,0.7496,Saturday,6,1,Winter,0
10023456783,2024-01-27 07:00:00,2024-01-27,07:00:00,3.6851,Saturday,7,1,Winter,1
10023456783,2024-01-27 08:00:00,2024-01-27,08:00:00,1.4674,Saturday,8,1,Winter,0
10023456783,2024-01-27 09:00:00,2024-01-27,09:00:00,1.4658,Saturday,9,1,Winter,0
10023456783,2024-01-27 10:00:00,2024-01-27,10:00:00,1.3315,Saturday,10,1,Winter,0
10023456783,2024-01-27 11:00:00,2024-01-27,11:00:00,1.0548,Saturday,11,1,Winter,0
10023456783,2024-01-27 12:00:00,2024-01-27,12:00:00,1.3499,Saturday,12,1,Winter,0
10023456783,2024-01-27 13:00:00,2024-01-27,13:00:00,1.0163,Saturday,13,1,Winter,0
10023456783,2024-01-27 14:00:00,2024-01-27,14:00:00,1.0691,Saturday,14,1,Winter,0
10023456783,2024-01-27 15:00:00,2024-01-27,15:00:00,1.1537,Saturday,15,1,Winter,0
10023456783,2024-01-27 16:00:00,2024-01-27,16:00:00,1.4942,Saturday,16,1,Winter,0
10023456783,2024-01-27 17:00:00,2024-01-27,17:00:00,1.4133,Saturday,17,1,Winter,0
10023456783,2024-01-27 18:00:00,2024-01-27,18:00:00,1.4877,Saturday,18,1,Winter,0
10023456783,2024-01-27 19:00:00,2024-01-27,19:00:00,1.6186,Saturday,19,1,Winter,0
10023456783,2024-01-27 20:00:00,2024-01-27,20:00:00,1.6120,Saturday,20,1,Winter,0
10023456783,2024-01-27 21:00:00,2024-01-27,21:00:00,1.5735,Saturday,21,1,Winter,0
10023456783,2024-01-27 22:00:00,2024-01-27,22:00:00,1.1626,Saturday,22,1,Winter,0
10023456783,2024-01-27 23:00:00,2024-01-27,23:00:00,0.8021,Saturday,23,1,Winter,0
10023456783,2024-01-28 00:00:00,2024-01-28,00:00:00,0.5011,Sunday,0,1,Winter,0
10023456783,2024-01-28 01:00:00,2024-01-28,01:00:00,0.4310,Sunday,1,1,Winter,0
10023456783,2024-01-28 02:00:00,2024-01-28,02:00:00,0.3584,Sunday,2,1,Winter,0
10023456783,2024-01-28 03:00:00,2024-01-28,03:00:00,0.3832,Sunday,3,1,Winter,0
10023456783,2024-01-28 04:00:00,2024-01-28,04:00:00,0.3647,Sunday,4,1,Winter,0
10023456783,2024-01-28 05:00:00,2024-01-28,05:00:00,0.4572,Sunday,5,1,Winter,0
10023456783,2024-01-28 06:00:00,2024-01-28,06:00:00,0.6301,Sunday,6,1,Winter,0
10023456783,2024-01-28 07:00:00,2024-01-28,07:00:00,0.9140,Sunday,7,1,Winter,0
10023456783,2024-01-28 08:00:00,2024-01-28,08:00:00,1.3528,Sunday,8,1,Winter,0
10023456783,2024-01-28 09:00:00,2024-01-28,09:00:00,1.3528,Sunday,9,1,Winter,0
10023456783,2024-01-28 10:00:00,2024-01-28,10:00:00,1.5081,Sunday,10,1,Winter,0
10023456783,2024-01-28 11:00:00,2024-01-28,11:00:00,1.0682,Sunday,11,1,Winter,0
10023456783,2024-01-28 12:00:00,2024-01-28,12:00:00,1.3337,Sunday,12,1,Winter,0
10023456783,2024-01-28 13:00:00,2024-01-28,13:00:00,1.1253,Sunday,13,1,Winter,0
10023456783,2024-01-28 14:00:00,2024-01-28,14:00:00,0.9767,Sunday,14,1,Winter,0
10023456783,2024-01-28 15:00:00,2024-01-28,15:00:00,1.1545,Sunday,15,1,Winter,0
10023456783,2024-01-28 16:00:00,2024-01-28,16:00:00,1.1512,Sunday,16,1,Winter,0
10023456783,2024-01-28 17:00:00,2024-01-28,17:00:00,1.3518,Sunday,17,1,Winter,0
10023456783,2024-01-28 18:00:00,2024-01-28,18:00:00,1.9836,Sunday,18,1,Winter,0
10023456783,2024-01-28 19:00:00,2024-01-28,19:00:00,2.2162,Sunday,19,1,Winter,0
10023456783,2024-01-28 20:00:00,2024-01-28,20:00:00,1.5519,Sunday,20,1,Winter,0
10023456783,2024-01-28 21:00:00,2024-01-28,21:00:00,1.6057,Sunday,21,1,Winter,0
10023456783,2024-01-28 22:00:00,2024-01-28,22:00:00,1.5789,Sunday,22,1,Winter,0
10023456783,2024-01-28 23:00:00,2024-01-28,23:00:00,0.8235,Sunday,23,1,Winter,0
10023456783,2024-01-29 00:00:00,2024-01-29,00:00:00,0.3112,Monday,0,1,Winter,0
10023456783,2024-01-29 01:00:00,2024-01-29,01:00:00,0.2966,Monday,1,1,Winter,0
10023456783,2024-01-29 02:00:00,2024-01-29,02:00:00,0.2458,Monday,2,1,Winter,0
10023456783,2024-01-29 03:00:00,2024-01-29,03:00:00,0.2884,Monday,3,1,Winter,0
10023456783,2024-01-29 04:00:00,2024-01-29,04:00:00,0.3966,Monday,4,1,Winter,0
10023456783,2024-01-29 05:00:00,2024-01-29,05:00:00,0.4833,Monday,5,1,Winter,0
10023456783,2024-01-29 06:00:00,2024-01-29,06:00:00,1.0555,Monday,6,1,Winter,0
10023456783,2024-01-29 07:00:00,2024-01-29,07:00:00,1.3507,Monday,7,1,Winter,0
10023456783,2024-01-29 08:00:00,2024-01-29,08:00:00,1.4607,Monday,8,1,Winter,0
10023456783,2024-01-29 09:00:00,2024-01-29,09:00:00,1.0049,Monday,9,1,Winter,0
10023456783,2024-01-29 10:00:00,2024-01-29,10:00:00,0.7139,Monday,10,1,Winter,0
10023456783,2024-01-29 11:00:00,2024-01-29,11:00:00,0.8810,Monday,11,1,Winter,0
10023456783,2024-01-29 12:00:00,2024-01-29,12:00:00,0.8586,Monday,12,1,Winter,0
10023456783,2024-01-29 13:00:00,2024-01-29,13:00:00,0.9852,Monday,13,1,Winter,0
10023456783,2024-01-29 14:00:00,2024-01-29,14:00:00,0.9085,Monday,14,1,Winter,0
10023456783,2024-01-29 15:00:00,2024-01-29,15:00:00,0.9772,Monday,15,1,Winter,0
10023456783,2024-01-29 16:00:00,2024-01-29,16:00:00,1.1778,Monday,16,1,Winter,0
10023456783,2024-01-29 17:00:00,2024-01-29,17:00:00,1.5908,Monday,17,1,Winter,0
10023456783,2024-01-29 18:00:00,2024-01-29,18:00:00,1.6795,Monday,18,1,Winter,0
10023456783,2024-01-29 19:00:00,2024-01-29,19:00:00,2.1261,Monday,19,1,Winter,0
10023456783,2024-01-29 20:00:00,2024-01-29,20:00:00,1.6713,Monday,20,1,Winter,0
10023456783,2024-01-29 21:00:00,2024-01-29,21:00:00,1.6402,Monday,21,1,Winter,0
10023456783,2024-01-29 22:00:00,2024-01-29,22:00:00,1.0111,Monday,22,1,Winter,0
10023456783,2024-01-29 23:00:00,2024-01-29,23:00:00,0.7713,Monday,23,1,Winter,0
10023456783,2024-01-30 00:00:00,2024-01-30,00:00:00,5.0161,Tuesday,0,1,Winter,1
10023456783,2024-01-30 01:00:00,2024-01-30,01:00:00,0.3547,Tuesday,1,1,Winter,0
10023456783,2024-01-30 02:00:00,2024-01-30,02:00:00,0.3404,Tuesday,2,1,Winter,0
10023456783,2024-01-30 03:00:00,2024-01-30,03:00:00,0.3387,Tuesday,3,1,Winter,0
10023456783,2024-01-30 04:00:00,2024-01-30,04:00:00,0.4629,Tuesday,4,1,Winter,0
10023456783,2024-01-30 05:00:00,2024-01-30,05:00:00,0.6661,Tuesday,5,1,Winter,0
10023456783,2024-01-30 06:00:00,2024-01-30,06:00:00,0.8386,Tuesday,6,1,Winter,0
10023456783,2024-01-30 07:00:00,2024-01-30,07:00:00,1.4533,Tuesday,7,1,Winter,0
10023456783,2024-01-30 08:00:00,2024-01-30,08:00:00,1.7812,Tuesday,8,1,Winter,0
10023456783,2024-01-30 09:00:00,2024-01-30,09:00:00,1.4816,Tuesday,9,1,Winter,0
10023456783,2024-01-30 10:00:00,2024-01-30,10:00:00,1.1749,Tuesday,10,1,Winter,0
10023456783,2024-01-30 11:00:00,2024-01-30,11:00:00,0.8463,Tuesday,11,1,Winter,0
10023456783,2024-01-30 12:00:00,2024-01-30,12:00:00,0.9535,Tuesday,12,1,Winter,0
10023456783,2024-01-30 13:00:00,2024-01-30,13:00:00,1.1810,Tuesday,13,1,Winter,0
10023456783,2024-01-30 14:00:00,2024-01-30,14:00:00,1.0089,Tuesday,14,1,Winter,0
10023456783,2024-01-30 15:00:00,2024-01-30,15:00:00,0.9717,Tuesday,15,1,Winter,0
10023456783,2024-01-30 16:00:00,2024-01-30,16:00:00,1.0623,Tuesday,16,1,Winter,0
10023456783,2024-01-30 17:00:00,2024-01-30,17:00:00,1.7034,Tuesday,17,1,Winter,0
10023456783,2024-01-30 18:00:00,2024-01-30,18:00:00,2.4157,Tuesday,18,1,Winter,0
10023456783,2024-01-30 19:00:00,2024-01-30,19:00:00,2.4156,Tuesday,19,1,Winter,0
10023456783,2024-01-30 20:00:00,2024-01-30,20:00:00,2.1013,Tuesday,20,1,Winter,0
10023456783,2024-01-30 21:00:00,2024-01-30,21:00:00,2.2462,Tuesday,21,1,Winter,0
10023456783,2024-01-30 22:00:00,2024-01-30,22:00:00,1.3071,Tuesday,22,1,Winter,0
10023456783,2024-01-30 23:00:00,2024-01-30,23:00:00,0.8186,Tuesday,23,1,Winter,0
10023456783,2024-01-31 00:00:00,2024-01-31,00:00:00,0.6136,Wednesday,0,1,Winter,0
10023456783,2024-01-31 01:00:00,2024-01-31,01:00:00,0.5254,Wednesday,1,1,Winter,0
10023456783,2024-01-31 02:00:00,2024-01-31,02:00:00,0.5398,Wednesday,2,1,Winter,0
10023456783,2024-01-31 03:00:00,2024-01-31,03:00:00,0.5051,Wednesday,3,1,Winter,0
10023456783,2024-01-31 04:00:00,2024-01-31,04:00:00,0.4855,Wednesday,4,1,Winter,0
10023456783,2024-01-31 05:00:00,2024-01-31,05:00:00,0.6995,Wednesday,5,1,Winter,0
10023456783,2024-01-31 06:00:00,2024-01-31,06:00:00,1.2229,Wednesday,6,1,Winter,0
10023456783,2024-01-31 07:00:00,2024-01-31,07:00:00,1.6430,Wednesday,7,1,Winter,0
10023456783,2024-01-31 08:00:00,2024-01-31,08:00:00,1.8616,Wednesday,8,1,Winter,0
10023456783,2024-01-31 09:00:00,2024-01-31,09:00:00,1.8237,Wednesday,9,1,Winter,0
10023456783,2024-01-31 10:00:00,2024-01-31,10:00:00,1.2906,Wednesday,10,1,Winter,0
10023456783,2024-01-31 11:00:00,2024-01-31,11:00:00,1.0477,Wednesday,11,1,Winter,0
10023456783,2024-01-31 12:00:00,2024-01-31,12:00:00,1.1187,Wednesday,12,1,Winter,0
10023456783,2024-01-31 13:00:00,2024-01-31,13:00:00,1.1125,Wednesday,13,1,Winter,0
10023456783,2024-01-31 14:00:00,2024-01-31,14:00:00,1.0924,Wednesday,14,1,Winter,0
10023456783,2024-01-31 15:00:00,2024-01-31,15:00:00,1.3318,Wednesday,15,1,Winter,0
10023456783,2024-01-31 16:00:00,2024-01-31,16:00:00,1.5786,Wednesday,16,1,Winter,0
10023456783,2024-01-31 17:00:00,2024-01-31,17:00:00,1.8772,Wednesday,17,1,Winter,0
10023456783,2024-01-31 18:00:00,2024-01-31,18:00:00,2.0539,Wednesday,18,1,Winter,0
10023456783,2024-01-31 19:00:00,2024-01-31,19:00:00,2.5328,Wednesday,19,1,Winter,0
10023456783,2024-01-31 20:00:00,2024-01-31,20:00:00,2.1758,Wednesday,20,1,Winter,0
10023456783,2024-01-31 21:00:00,2024-01-31,21:00:00,2.2972,Wednesday,21,1,Winter,0
10023456783,2024-01-31 22:00:00,2024-01-31,22:00:00,1.5663,Wednesday,22,1,Winter,0
10023456783,2024-01-31 23:00:00,2024-01-31,23:00:00,4.1927,Wednesday,23,1,Winter,1
10023456783,2024-02-01 00:00:00,2024-02-01,00:00:00,0.4896,Thursday,0,2,Winter,0
10023456783,2024-02-01 01:00:00,2024-02-01,01:00:00,0.5742,Thursday,1,2,Winter,0
10023456783,2024-02-01 02:00:00,2024-02-01,02:00:00,0.4769,Thursday,2,2,Winter,0
10023456783,2024-02-01 03:00:00,2024-02-01,03:00:00,0.4780,Thursday,3,2,Winter,0
10023456783,2024-02-01 04:00:00,2024-02-01,04:00:00,5.1993,Thursday,4,2,Winter,1
10023456783,2024-02-01 05:00:00,2024-02-01,05:00:00,3.3283,Thursday,5,2,Winter,1
10023456783,2024-02-01 06:00:00,2024-02-01,06:00:00,1.3396,Thursday,6,2,Winter,0
10023456783,2024-02-01 07:00:00,2024-02-01,07:00:00,1.9428,Thursday,7,2,Winter,0
10023456783,2024-02-01 08:00:00,2024-02-01,08:00:00,1.8054,Thursday,8,2,Winter,0
10023456783,2024-02-01 09:00:00,2024-02-01,09:00:00,1.5372,Thursday,9,2,Winter,0
10023456783,2024-02-01 10:00:00,2024-02-01,10:00:00,1.1753,Thursday,10,2,Winter,0
10023456783,2024-02-01 11:00:00,2024-02-01,11:00:00,1.1927,Thursday,11,2,Winter,0
10023456783,2024-02-01 12:00:00,2024-02-01,12:00:00,1.0209,Thursday,12,2,Winter,0
10023456783,2024-02-01 13:00:00,2024-02-01,13:00:00,1.3726,Thursday,13,2,Winter,0
10023456783,2024-02-01 14:00:00,2024-02-01,14:00:00,1.2266,Thursday,14,2,Winter,0
10023456783,2024-02-01 15:00:00,2024-02-01,15:00:00,1.3407,Thursday,15,2,Winter,0
10023456783,2024-02-01 16:00:00,2024-02-01,16:00:00,1.3881,Thursday,16,2,Winter,0
10023456783,2024-02-01 17:00:00,2024-02-01,17:00:00,2.0806,Thursday,17,2,Winter,0
10023456783,2024-02-01 18:00:00,2024-02-01,18:00:00,2.6933,Thursday,18,2,Winter,0
10023456783,2024-02-01 19:00:00,2024-02-01,19:00:00,2.5902,Thursday,19,2,Winter,0
10023456783,2024-02-01 20:00:00,2024-02-01,20:00:00,2.3041,Thursday,20,2,Winter,0
10023456783,2024-02-01 21:00:00,2024-02-01,21:00:00,2.6378,Thursday,21,2,Winter,0
10023456783,2024-02-01 22:00:00,2024-02-01,22:00:00,1.4424,Thursday,22,2,Winter,0
10023456783,2024-02-01 23:00:00,2024-02-01,23:00:00,1.0272,Thursday,23,2,Winter,0
10023456783,2024-02-02 00:00:00,2024-02-02,00:00:00,0.4240,Friday,0,2,Winter,0
10023456783,2024-02-02 01:00:00,2024-02-02,01:00:00,0.5599,Friday,1,2,Winter,0
10023456783,2024-02-02 02:00:00,2024-02-02,02:00:00,0.4485,Friday,2,2,Winter,0
10023456783,2024-02-02 03:00:00,2024-02-02,03:00:00,0.3726,Friday,3,2,Winter,0
10023456783,2024-02-02 04:00:00,2024-02-02,04:00:00,0.4696,Friday,4,2,Winter,0
10023456783,2024-02-02 05:00:00,2024-02-02,05:00:00,0.6800,Friday,5,2,Winter,0
10023456783,2024-02-02 06:00:00,2024-02-02,06:00:00,0.9004,Friday,6,2,Winter,0
10023456783,2024-02-02 07:00:00,2024-02-02,07:00:00,1.2968,Friday,7,2,Winter,0
10023456783,2024-02-02 08:00:00,2024-02-02,08:00:00,1.8619,Friday,8,2,Winter,0
10023456783,2024-02-02 09:00:00,2024-02-02,09:00:00,1.4834,Friday,9,2,Winter,0
10023456783,2024-02-02 10:00:00,2024-02-02,10:00:00,1.2396,Friday,10,2,Winter,0
10023456783,2024-02-02 11:00:00,2024-02-02,11:00:00,1.1401,Friday,11,2,Winter,0
10023456783,2024-02-02 12:00:00,2024-02-02,12:00:00,1.0807,Friday,12,2,Winter,0
10023456783,2024-02-02 13:00:00,2024-02-02,13:00:00,1.2743,Friday,13,2,Winter,0
10023456783,2024-02-02 14:00:00,2024-02-02,14:00:00,1.2381,Friday,14,2,Winter,0
10023456783,2024-02-02 15:00:00,2024-02-02,15:00:00,1.0900,Friday,15,2,Winter,0
10023456783,2024-02-02 16:00:00,2024-02-02,16:00:00,1.5195,Friday,16,2,Winter,0
10023456783,2024-02-02 17:00:00,2024-02-02,17:00:00,1.6931,Friday,17,2,Winter,0
10023456783,2024-02-02 18:00:00,2024-02-02,18:00:00,2.1179,Friday,18,2,Winter,0
10023456783,2024-02-02 19:00:00,2024-02-02,19:00:00,2.5563,Friday,19,2,Winter,0
10023456783,2024-02-02 20:00:00,2024-02-02,20:00:00,2.2239,Friday,20,2,Winter,0
10023456783,2024-02-02 21:00:00,2024-02-02,21:00:00,2.1765,Friday,21,2,Winter,0
10023456783,2024-02-02 22:00:00,2024-02-02,22:00:00,1.3531,Friday,22,2,Winter,0
10023456783,2024-02-02 23:00:00,2024-02-02,23:00:00,0.9350,Friday,23,2,Winter,0
10023456783,2024-02-03 00:00:00,2024-02-03,00:00:00,0.5378,Saturday,0,2,Winter,0
10023456783,2024-02-03 01:00:00,2024-02-03,01:00:00,0.4726,Saturday,1,2,Winter,0
10023456783,2024-02-03 02:00:00,2024-02-03,02:00:00,0.4618,Saturday,2,2,Winter,0
10023456783,2024-02-03 03:00:00,2024-02-03,03:00:00,0.2823,Saturday,3,2,Winter,0
10023456783,2024-02-03 04:00:00,2024-02-03,04:00:00,0.4202,Saturday,4,2,Winter,0
10023456783,2024-02-03 05:00:00,2024-02-03,05:00:00,0.5961,Saturday,5,2,Winter,0
10023456783,2024-02-03 06:00:00,2024-02-03,06:00:00,0.7782,Saturday,6,2,Winter,0
10023456783,2024-02-03 07:00:00,2024-02-03,07:00:00,1.3115,Saturday,7,2,Winter,0
10023456783,2024-02-03 08:00:00,2024-02-03,08:00:00,1.4429,Saturday,8,2,Winter,0
10023456783,2024-02-03 09:00:00,2024-02-03,09:00:00,1.6730,Saturday,9,2,Winter,0
10023456783,2024-02-03 10:00:00,2024-02-03,10:00:00,1.6991,Saturday,10,2,Winter,0
10023456783,2024-02-03 11:00:00,2024-02-03,11:00:00,1.4080,Saturday,11,2,Winter,0
10023456783,2024-02-03 12:00:00,2024-02-03,12:00:00,1.4913,Saturday,12,2,Winter,0
10023456783,2024-02-03 13:00:00,2024-02-03,13:00:00,1.2023,Saturday,13,2,Winter,0
10023456783,2024-02-03 14:00:00,2024-02-03,14:00:00,1.2118,Saturday,14,2,Winter,0
10023456783,2024-02-03 15:00:00,2024-02-03,15:00:00,1.1477,Saturday,15,2,Winter,0
10023456783,2024-02-03 16:00:00,2024-02-03,16:00:00,1.4664,Saturday,16,2,Winter,0
10023456783,2024-02-03 17:00:00,2024-02-03,17:00:00,1.7413,Saturday,17,2,Winter,0
10023456783,2024-02-03 18:00:00,2024-02-03,18:00:00,1.8563,Saturday,18,2,Winter,0
10023456783,2024-02-03 19:00:00,2024-02-03,19:00:00,2.3116,Saturday,19,2,Winter,0
10023456783,2024-02-03 20:00:00,2024-02-03,20:00:00,2.5003,Saturday,20,2,Winter,0
10023456783,2024-02-03 21:00:00,2024-02-03,21:00:00,2.0430,Saturday,21,2,Winter,0
10023456783,2024-02-03 22:00:00,2024-02-03,22:00:00,1.5186,Saturday,22,2,Winter,0
10023456783,2024-02-03 23:00:00,2024-02-03,23:00:00,1.2963,Saturday,23,2,Winter,0
10023456783,2024-02-04 00:00:00,2024-02-04,00:00:00,0.4707,Sunday,0,2,Winter,0
10023456783,2024-02-04 01:00:00,2024-02-04,01:00:00,0.5227,Sunday,1,2,Winter,0
10023456783,2024-02-04 02:00:00,2024-02-04,02:00:00,0.3659,Sunday,2,2,Winter,0
10023456783,2024-02-04 03:00:00,2024-02-04,03:00:00,0.4027,Sunday,3,2,Winter,0
10023456783,2024-02-04 04:00:00,2024-02-04,04:00:00,5.1128,Sunday,4,2,Winter,1
10023456783,2024-02-04 05:00:00,2024-02-04,05:00:00,5.0921,Sunday,5,2,Winter,1
10023456783,2024-02-04 06:00:00,2024-02-04,06:00:00,6.0318,Sunday,6,2,Winter,1
10023456783,2024-02-04 07:00:00,2024-02-04,07:00:00,1.1697,Sunday,7,2,Winter,0
10023456783,2024-02-04 08:00:00,2024-02-04,08:00:00,1.6766,Sunday,8,2,Winter,0
10023456783,2024-02-04 09:00:00,2024-02-04,09:00:00,1.5985,Sunday,9,2,Winter,0
10023456783,2024-02-04 10:00:00,2024-02-04,10:00:00,1.4347,Sunday,10,2,Winter,0
10023456783,2024-02-04 11:00:00,2024-02-04,11:00:00,1.4142,Sunday,11,2,Winter,0
10023456783,2024-02-04 12:00:00,2024-02-04,12:00:00,1.2956,Sunday,12,2,Winter,0
10023456783,2024-02-04 13:00:00,2024-02-04,13:00:00,1.7872,Sunday,13,2,Winter,0
10023456783,2024-02-04 14:00:00,2024-02-04,14:00:00,1.2089,Sunday,14,2,Winter,0
10023456783,2024-02-04 15:00:00,2024-02-04,15:00:00,1.2560,Sunday,15,2,Winter,0
10023456783,2024-02-04 16:00:00,2024-02-04,16:00:00,1.3779,Sunday,16,2,Winter,0
10023456783,2024-02-04 17:00:00,2024-02-04,17:00:00,1.6780,Sunday,17,2,Winter,0
10023456783,2024-02-04 18:00:00,2024-02-04,18:00:00,2.2209,Sunday,18,2,Winter,0
10023456783,2024-02-04 19:00:00,2024-02-04,19:00:00,2.1920,Sunday,19,2,Winter,0
10023456783,2024-02-04 20:00:00,2024-02-04,20:00:00,2.0660,Sunday,20,2,Winter,0
10023456783,2024-02-04 21:00:00,2024-02-04,21:00:00,1.9133,Sunday,21,2,Winter,0
10023456783,2024-02-04 22:00:00,2024-02-04,22:00:00,1.6283,Sunday,22,2,Winter,0
10023456783,2024-02-04 23:00:00,2024-02-04,23:00:00,0.8862,Sunday,23,2,Winter,0
10023456783,2024-02-05 00:00:00,2024-02-05,00:00:00,0.3606,Monday,0,2,Winter,0
10023456783,2024-02-05 01:00:00,2024-02-05,01:00:00,0.4081,Monday,1,2,Winter,0
10023456783,2024-02-05 02:00:00,2024-02-05,02:00:00,0.4122,Monday,2,2,Winter,0
10023456783,2024-02-05 03:00:00,2024-02-05,03:00:00,0.3172,Monday,3,2,Winter,0
10023456783,2024-02-05 04:00:00,2024-02-05,04:00:00,0.4001,Monday,4,2,Winter,0
10023456783,2024-02-05 05:00:00,2024-02-05,05:00:00,0.5732,Monday,5,2,Winter,0
10023456783,2024-02-05 06:00:00,2024-02-05,06:00:00,1.0728,Monday,6,2,Winter,0
10023456783,2024-02-05 07:00:00,2024-02-05,07:00:00,1.5080,Monday,7,2,Winter,0
10023456783,2024-02-05 08:00:00,2024-02-05,08:00:00,1.4086,Monday,8,2,Winter,0
10023456783,2024-02-05 09:00:00,2024-02-05,09:00:00,1.0046,Monday,9,2,Winter,0
10023456783,2024-02-05 10:00:00,2024-02-05,10:00:00,1.0118,Monday,10,2,Winter,0
10023456783,2024-02-05 11:00:00,2024-02-05,11:00:00,0.9085,Monday,11,2,Winter,0
10023456783,2024-02-05 12:00:00,2024-02-05,12:00:00,0.8442,Monday,12,2,Winter,0
10023456783,2024-02-05 13:00:00,2024-02-05,13:00:00,1.0359,Monday,13,2,Winter,0
10023456783,2024-02-05 14:00:00,2024-02-05,14:00:00,0.7861,Monday,14,2,Winter,0
10023456783,2024-02-05 15:00:00,2024-02-05,15:00:00,0.9324,Monday,15,2,Winter,0
10023456783,2024-02-05 16:00:00,2024-02-05,16:00:00,0.9748,Monday,16,2,Winter,0
10023456783,2024-02-05 17:00:00,2024-02-05,17:00:00,1.2877,Monday,17,2,Winter,0
10023456783,2024-02-05 18:00:00,2024-02-05,18:00:00,1.9325,Monday,18,2,Winter,0
10023456783,2024-02-05 19:00:00,2024-02-05,19:00:00,2.0238,Monday,19,2,Winter,0
10023456783,2024-02-05 20:00:00,2024-02-05,20:00:00,2.1117,Monday,20,2,Winter,0
10023456783,2024-02-05 21:00:00,2024-02-05,21:00:00,1.7721,Monday,21,2,Winter,0
10023456783,2024-02-05 22:00:00,2024-02-05,22:00:00,1.3763,Monday,22,2,Winter,0
10023456783,2024-02-05 23:00:00,2024-02-05,23:00:00,0.6815,Monday,23,2,Winter,0
10023456783,2024-02-06 00:00:00,2024-02-06,00:00:00,0.4416,Tuesday,0,2,Winter,0
10023456783,2024-02-06 01:00:00,2024-02-06,01:00:00,0.3440,Tuesday,1,2,Winter,0
10023456783,2024-02-06 02:00:00,2024-02-06,02:00:00,0.3796,Tuesday,2,2,Winter,0
10023456783,2024-02-06 03:00:00,2024-02-06,03:00:00,0.3273,Tuesday,3,2,Winter,0
10023456783,2024-02-06 04:00:00,2024-02-06,04:00:00,0.2741,Tuesday,4,2,Winter,0
10023456783,2024-02-06 05:00:00,2024-02-06,05:00:00,0.5919,Tuesday,5,2,Winter,0
10023456783,2024-02-06 06:00:00,2024-02-06,06:00:00,0.9171,Tuesday,6,2,Winter,0
10023456783,2024-02-06 07:00:00,2024-02-06,07:00:00,1.3014,Tuesday,7,2,Winter,0
10023456783,2024-02-06 08:00:00,2024-02-06,08:00:00,1.1476,Tuesday,8,2,Winter,0
10023456783,2024-02-06 09:00:00,2024-02-06,09:00:00,1.1820,Tuesday,9,2,Winter,0
10023456783,2024-02-06 10:00:00,2024-02-06,10:00:00,1.0186,Tuesday,10,2,Winter,0
10023456783,2024-02-06 11:00:00,2024-02-06,11:00:00,0.8766,Tuesday,11,2,Winter,0
10023456783,2024-02-06 12:00:00,2024-02-06,12:00:00,0.8662,Tuesday,12,2,Winter,0
10023456783,2024-02-06 13:00:00,2024-02-06,13:00:00,0.9676,Tuesday,13,2,Winter,0
10023456783,2024-02-06 14:00:00,2024-02-06,14:00:00,0.8023,Tuesday,14,2,Winter,0
10023456783,2024-02-06 15:00:00,2024-02-06,15:00:00,1.1193,Tuesday,15,2,Winter,0
10023456783,2024-02-06 16:00:00,2024-02-06,16:00:00,1.1282,Tuesday,16,2,Winter,0
10023456783,2024-02-06 17:00:00,2024-02-06,17:00:00,1.1950,Tuesday,17,2,Winter,0
10023456783,2024-02-06 18:00:00,2024-02-06,18:00:00,2.3553,Tuesday,18,2,Winter,0
10023456783,2024-02-06 19:00:00,2024-02-06,19:00:00,2.0588,Tuesday,19,2,Winter,0
10023456783,2024-02-06 20:00:00,2024-02-06,20:00:00,1.7454,Tuesday,20,2,Winter,0
10023456783,2024-02-06 21:00:00,2024-02-06,21:00:00,1.7406,Tuesday,21,2,Winter,0
10023456783,2024-02-06 22:00:00,2024-02-06,22:00:00,1.1883,Tuesday,22,2,Winter,0
10023456783,2024-02-06 23:00:00,2024-02-06,23:00:00,0.7469,Tuesday,23,2,Winter,0
10023456783,2024-02-07 00:00:00,2024-02-07,00:00:00,0.4339,Wednesday,0,2,Winter,0
10023456783,2024-02-07 01:00:00,2024-02-07,01:00:00,0.4284,Wednesday,1,2,Winter,0
10023456783,2024-02-07 02:00:00,2024-02-07,02:00:00,0.3802,Wednesday,2,2,Winter,0
10023456783,2024-02-07 03:00:00,2024-02-07,03:00:00,0.3172,Wednesday,3,2,Winter,0
10023456783,2024-02-07 04:00:00,2024-02-07,04:00:00,0.4163,Wednesday,4,2,Winter,0
10023456783,2024-02-07 05:00:00,2024-02-07,05:00:00,4.1454,Wednesday,5,2,Winter,1
10023456783,2024-02-07 06:00:00,2024-02-07,06:00:00,5.9295,Wednesday,6,2,Winter,1
10023456783,2024-02-07 07:00:00,2024-02-07,07:00:00,4.6186,Wednesday,7,2,Winter,1
10023456783,2024-02-07 08:00:00,2024-02-07,08:00:00,1.6256,Wednesday,8,2,Winter,0
10023456783,2024-02-07 09:00:00,2024-02-07,09:00:00,1.4986,Wednesday,9,2,Winter,0
10023456783,2024-02-07 10:00:00,2024-02-07,10:00:00,1.0797,Wednesday,10,2,Winter,0
10023456783,2024-02-07 11:00:00,2024-02-07,11:00:00,1.0391,Wednesday,11,2,Winter,0
10023456783,2024-02-07 12:00:00,2024-02-07,12:00:00,1.0018,Wednesday,12,2,Winter,0
10023456783,2024-02-07 13:00:00,2024-02-07,13:00:00,1.0794,Wednesday,13,2,Winter,0
10023456783,2024-02-07 14:00:00,2024-02-07,14:00:00,1.0277,Wednesday,14,2,Winter,0
10023456783,2024-02-07 15:00:00,2024-02-07,15:00:00,1.2061,Wednesday,15,2,Winter,0
10023456783,2024-02-07 16:00:00,2024-02-07,16:00:00,1.2048,Wednesday,16,2,Winter,0
10023456783,2024-02-07 17:00:00,2024-02-07,17:00:00,1.5508,Wednesday,17,2,Winter,0
10023456783,2024-02-07 18:00:00,2024-02-07,18:00:00,1.9621,Wednesday,18,2,Winter,0
10023456783,2024-02-07 19:00:00,2024-02-07,19:00:00,2.2540,Wednesday,19,2,Winter,0
10023456783,2024-02-07 20:00:00,2024-02-07,20:00:00,2.5157,Wednesday,20,2,Winter,0
10023456783,2024-02-07 21:00:00,2024-02-07,21:00:00,2.0550,Wednesday,21,2,Winter,0
10023456783,2024-02-07 22:00:00,2024-02-07,22:00:00,1.5014,Wednesday,22,2,Winter,0
10023456783,2024-02-07 23:00:00,2024-02-07,23:00:00,0.7464,Wednesday,23,2,Winter,0
10023456783,2024-02-08 00:00:00,2024-02-08,00:00:00,0.3906,Thursday,0,2,Winter,0
10023456783,2024-02-08 01:00:00,2024-02-08,01:00:00,0.4704,Thursday,1,2,Winter,0
10023456783,2024-02-08 02:00:00,2024-02-08,02:00:00,0.3508,Thursday,2,2,Winter,0
10023456783,2024-02-08 03:00:00,2024-02-08,03:00:00,0.4546,Thursday,3,2,Winter,0
10023456783,2024-02-08 04:00:00,2024-02-08,04:00:00,0.5412,Thursday,4,2,Winter,0
10023456783,2024-02-08 05:00:00,2024-02-08,05:00:00,0.6543,Thursday,5,2,Winter,0
10023456783,2024-02-08 06:00:00,2024-02-08,06:00:00,1.0448,Thursday,6,2,Winter,0
10023456783,2024-02-08 07:00:00,2024-02-08,07:00:00,1.5526,Thursday,7,2,Winter,0
10023456783,2024-02-08 08:00:00,2024-02-08,08:00:00,1.6041,Thursday,8,2,Winter,0
10023456783,2024-02-08 09:00:00,2024-02-08,09:00:00,1.7368,Thursday,9,2,Winter,0
10023456783,2024-02-08 10:00:00,2024-02-08,10:00:00,1.2442,Thursday,10,2,Winter,0
10023456783,2024-02-08 11:00:00,2024-02-08,11:00:00,1.0424,Thursday,11,2,Winter,0
10023456783,2024-02-08 12:00:00,2024-02-08,12:00:00,1.0252,Thursday,12,2,Winter,0
10023456783,2024-02-08 13:00:00,2024-02-08,13:00:00,1.0480,Thursday,13,2,Winter,0
10023456783,2024-02-08 14:00:00,2024-02-08,14:00:00,1.1923,Thursday,14,2,Winter,0
10023456783,2024-02-08 15:00:00,2024-02-08,15:00:00,0.9959,Thursday,15,2,Winter,0
10023456783,2024-02-08 16:00:00,2024-02-08,16:00:00,1.3304,Thursday,16,2,Winter,0
10023456783,2024-02-08 17:00:00,2024-02-08,17:00:00,1.4854,Thursday,17,2,Winter,0
10023456783,2024-02-08 18:00:00,2024-02-08,18:00:00,2.3194,Thursday,18,2,Winter,0
10023456783,2024-02-08 19:00:00,2024-02-08,19:00:00,2.7168,Thursday,19,2,Winter,0
10023456783,2024-02-08 20:00:00,2024-02-08,20:00:00,2.2051,Thursday,20,2,Winter,0
10023456783,2024-02-08 21:00:00,2024-02-08,21:00:00,1.7922,Thursday,21,2,Winter,0
10023456783,2024-02-08 22:00:00,2024-02-08,22:00:00,1.3874,Thursday,22,2,Winter,0
10023456783,2024-02-08 23:00:00,2024-02-08,23:00:00,0.9195,Thursday,23,2,Winter,0
10023456783,2024-02-09 00:00:00,2024-02-09,00:00:00,0.3830,Friday,0,2,Winter,0
10023456783,2024-02-09 01:00:00,2024-02-09,01:00:00,0.4381,Friday,1,2,Winter,0
10023456783,2024-02-09 02:00:00,2024-02-09,02:00:00,0.4615,Friday,2,2,Winter,0
10023456783,2024-02-09 03:00:00,2024-02-09,03:00:00,0.4122,Friday,3,2,Winter,0
10023456783,2024-02-09 04:00:00,2024-02-09,04:00:00,0.4608,Friday,4,2,Winter,0
10023456783,2024-02-09 05:00:00,2024-02-09,05:00:00,0.5773,Friday,5,2,Winter,0
10023456783,2024-02-09 06:00:00,2024-02-09,06:00:00,1.0531,Friday,6,2,Winter,0
10023456783,2024-02-09 07:00:00,2024-02-09,07:00:00,1.4040,Friday,7,2,Winter,0
10023456783,2024-02-09 08:00:00,2024-02-09,08:00:00,1.7064,Friday,8,2,Winter,0
10023456783,2024-02-09 09:00:00,2024-02-09,09:00:00,1.3395,Friday,9,2,Winter,0
10023456783,2024-02-09 10:00:00,2024-02-09,10:00:00,1.1721,Friday,10,2,Winter,0
10023456783,2024-02-09 11:00:00,2024-02-09,11:00:00,1.2524,Friday,11,2,Winter,0
10023456783,2024-02-09 12:00:00,2024-02-09,12:00:00,1.0915,Friday,12,2,Winter,0
10023456783,2024-02-09 13:00:00,2024-02-09,13:00:00,1.1525,Friday,13,2,Winter,0
10023456783,2024-02-09 14:00:00,2024-02-09,14:00:00,1.1183,Friday,14,2,Winter,0
10023456783,2024-02-09 15:00:00,2024-02-09,15:00:00,1.1391,Friday,15,2,Winter,0
10023456783,2024-02-09 16:00:00,2024-02-09,16:00:00,1.1903,Friday,16,2,Winter,0
10023456783,2024-02-09 17:00:00,2024-02-09,17:00:00,1.6764,Friday,17,2,Winter,0
10023456783,2024-02-09 18:00:00,2024-02-09,18:00:00,2.0319,Friday,18,2,Winter,0
10023456783,2024-02-09 19:00:00,2024-02-09,19:00:00,2.5796,Friday,19,2,Winter,0
10023456783,2024-02-09 20:00:00,2024-02-09,20:00:00,2.3533,Friday,20,2,Winter,0
10023456783,2024-02-09 21:00:00,2024-02-09,21:00:00,1.7884,Friday,21,2,Winter,0
10023456783,2024-02-09 22:00:00,2024-02-09,22:00:00,1.5363,Friday,22,2,Winter,0
10023456783,2024-02-09 23:00:00,2024-02-09,23:00:00,0.8719,Friday,23,2,Winter,0
10023456783,2024-02-10 00:00:00,2024-02-10,00:00:00,0.4769,Saturday,0,2,Winter,0
10023456783,2024-02-10 01:00:00,2024-02-10,01:00:00,0.4896,Saturday,1,2,Winter,0
10023456783,2024-02-10 02:00:00,2024-02-10,02:00:00,0.4078,Saturday,2,2,Winter,0
10023456783,2024-02-10 03:00:00,2024-02-10,03:00:00,0.3708,Saturday,3,2,Winter,0
10023456783,2024-02-10 04:00:00,2024-02-10,04:00:00,5.8445,Saturday,4,2,Winter,1
10023456783,2024-02-10 05:00:00,2024-02-10,05:00:00,4.3884,Saturday,5,2,Winter,1
10023456783,2024-02-10 06:00:00,2024-02-10,06:00:00,4.5466,Saturday,6,2,Winter,1
10023456783,2024-02-10 07:00:00,2024-02-10,07:00:00,1.1875,Saturday,7,2,Winter,0
10023456783,2024-02-10 08:00:00,2024-02-10,08:00:00,1.5420,Saturday,8,2,Winter,0
10023456783,2024-02-10 09:00:00,2024-02-10,09:00:00,1.7027,Saturday,9,2,Winter,0
10023456783,2024-02-10 10:00:00,2024-02-10,10:00:00,1.4610,Saturday,10,2,Winter,0
10023456783,2024-02-10 11:00:00,2024-02-10,11:00:00,1.3495,Saturday,11,2,Winter,0
10023456783,2024-02-10 12:00:00,2024-02-10,12:00:00,1.3426,Saturday,12,2,Winter,0
10023456783,2024-02-10 13:00:00,2024-02-10,13:00:00,1.3315,Saturday,13,2,Winter,0
10023456783,2024-02-10 14:00:00,2024-02-10,14:00:00,1.3314,Saturday,14,2,Winter,0
10023456783,2024-02-10 15:00:00,2024-02-10,15:00:00,1.3389,Saturday,15,2,Winter,0
10023456783,2024-02-10 16:00:00,2024-02-10,16:00:00,1.8221,Saturday,16,2,Winter,0
10023456783,2024-02-10 17:00:00,2024-02-10,17:00:00,1.8844,Saturday,17,2,Winter,0
10023456783,2024-02-10 18:00:00,2024-02-10,18:00:00,2.7998,Saturday,18,2,Winter,0
10023456783,2024-02-10 19:00:00,2024-02-10,19:00:00,2.3137,Saturday,19,2,Winter,0
10023456783,2024-02-10 20:00:00,2024-02-10,20:00:00,2.0865,Saturday,20,2,Winter,0
10023456783,2024-02-10 21:00:00,2024-02-10,21:00:00,2.0194,Saturday,21,2,Winter,0
10023456783,2024-02-10 22:00:00,2024-02-10,22:00:00,1.7170,Saturday,22,2,Winter,0
10023456783,2024-02-10 23:00:00,2024-02-10,23:00:00,1.1199,Saturday,23,2,Winter,0
10023456783,2024-02-11 00:00:00,2024-02-11,00:00:00,5.1310,Sunday,0,2,Winter,1
10023456783,2024-02-11 01:00:00,2024-02-11,01:00:00,0.4268,Sunday,1,2,Winter,0
10023456783,2024-02-11 02:00:00,2024-02-11,02:00:00,0.4601,Sunday,2,2,Winter,0
10023456783,2024-02-11 03:00:00,2024-02-11,03:00:00,0.4422,Sunday,3,2,Winter,0
10023456783,2024-02-11 04:00:00,2024-02-11,04:00:00,0.4472,Sunday,4,2,Winter,0
10023456783,2024-02-11 05:00:00,2024-02-11,05:00:00,0.5336,Sunday,5,2,Winter,0
10023456783,2024-02-11 06:00:00,2024-02-11,06:00:00,0.7351,Sunday,6,2,Winter,0
10023456783,2024-02-11 07:00:00,2024-02-11,07:00:00,1.0743,Sunday,7,2,Winter,0
10023456783,2024-02-11 08:00:00,2024-02-11,08:00:00,1.6808,Sunday,8,2,Winter,0
10023456783,2024-02-11 09:00:00,2024-02-11,09:00:00,1.7788,Sunday,9,2,Winter,0
10023456783,2024-02-11 10:00:00,2024-02-11,10:00:00,1.6802,Sunday,10,2,Winter,0
10023456783,2024-02-11 11:00:00,2024-02-11,11:00:00,1.4202,Sunday,11,2,Winter,0
10023456783,2024-02-11 12:00:00,2024-02-11,12:00:00,1.4698,Sunday,12,2,Winter,0
10023456783,2024-02-11 13:00:00,2024-02-11,13:00:00,1.2616,Sunday,13,2,Winter,0
10023456783,2024-02-11 14:00:00,2024-02-11,14:00:00,1.2361,Sunday,14,2,Winter,0
10023456783,2024-02-11 15:00:00,2024-02-11,15:00:00,1.5746,Sunday,15,2,Winter,0
10023456783,2024-02-11 16:00:00,2024-02-11,16:00:00,1.5843,Sunday,16,2,Winter,0
10023456783,2024-02-11 17:00:00,2024-02-11,17:00:00,1.8259,Sunday,17,2,Winter,0
10023456783,2024-02-11 18:00:00,2024-02-11,18:00:00,2.2974,Sunday,18,2,Winter,0
10023456783,2024-02-11 19:00:00,2024-02-11,19:00:00,2.2914,Sunday,19,2,Winter,0
10023456783,2024-02-11 20:00:00,2024-02-11,20:00:00,2.4657,Sunday,20,2,Winter,0
10023456783,2024-02-11 21:00:00,2024-02-11,21:00:00,2.2296,Sunday,21,2,Winter,0
10023456783,2024-02-11 22:00:00,2024-02-11,22:00:00,1.4651,Sunday,22,2,Winter,0
10023456783,2024-02-11 23:00:00,2024-02-11,23:00:00,1.1909,Sunday,23,2,Winter,0
10023456783,2024-02-12 00:00:00,2024-02-12,00:00:00,0.5359,Monday,0,2,Winter,0
10023456783,2024-02-12 01:00:00,2024-02-12,01:00:00,0.3920,Monday,1,2,Winter,0
10023456783,2024-02-12 02:00:00,2024-02-12,02:00:00,0.2790,Monday,2,2,Winter,0
10023456783,2024-02-12 03:00:00,2024-02-12,03:00:00,0.3872,Monday,3,2,Winter,0
10023456783,2024-02-12 04:00:00,2024-02-12,04:00:00,0.3507,Monday,4,2,Winter,0
10023456783,2024-02-12 05:00:00,2024-02-12,05:00:00,3.3303,Monday,5,2,Winter,1
10023456783,2024-02-12 06:00:00,2024-02-12,06:00:00,0.9534,Monday,6,2,Winter,0
10023456783,2024-02-12 07:00:00,2024-02-12,07:00:00,1.5007,Monday,7,2,Winter,0
10023456783,2024-02-12 08:00:00,2024-02-12,08:00:00,1.6673,Monday,8,2,Winter,0
10023456783,2024-02-12 09:00:00,2024-02-12,09:00:00,1.3036,Monday,9,2,Winter,0
10023456783,2024-02-12 10:00:00,2024-02-12,10:00:00,0.9623,Monday,10,2,Winter,0
10023456783,2024-02-12 11:00:00,2024-02-12,11:00:00,1.0615,Monday,11,2,Winter,0
10023456783,2024-02-12 12:00:00,2024-02-12,12:00:00,0.9255,Monday,12,2,Winter,0
10023456783,2024-02-12 13:00:00,2024-02-12,13:00:00,0.9430,Monday,13,2,Winter,0
10023456783,2024-02-12 14:00:00,2024-02-12,14:00:00,1.0354,Monday,14,2,Winter,0
10023456783,2024-02-12 15:00:00,2024-02-12,15:00:00,1.0420,Monday,15,2,Winter,0
10023456783,2024-02-12 16:00:00,2024-02-12,16:00:00,1.0242,Monday,16,2,Winter,0
10023456783,2024-02-12 17:00:00,2024-02-12,17:00:00,1.4709,Monday,17,2,Winter,0
10023456783,2024-02-12 18:00:00,2024-02-12,18:00:00,2.0154,Monday,18,2,Winter,0
10023456783,2024-02-12 19:00:00,2024-02-12,19:00:00,2.2013,Monday,19,2,Winter,0
10023456783,2024-02-12 20:00:00,2024-02-12,20:00:00,2.3594,Monday,20,2,Winter,0
10023456783,2024-02-12 21:00:00,2024-02-12,21:00:00,1.6986,Monday,21,2,Winter,0
10023456783,2024-02-12 22:00:00,2024-02-12,22:00:00,1.4723,Monday,22,2,Winter,0
10023456783,2024-02-12 23:00:00,2024-02-12,23:00:00,0.9525,Monday,23,2,Winter,0
10023456783,2024-02-13 00:00:00,2024-02-13,00:00:00,0.5599,Tuesday,0,2,Winter,0
10023456783,2024-02-13 01:00:00,2024-02-13,01:00:00,0.3521,Tuesday,1,2,Winter,0
10023456783,2024-02-13 02:00:00,2024-02-13,02:00:00,0.3947,Tuesday,2,2,Winter,0
10023456783,2024-02-13 03:00:00,2024-02-13,03:00:00,0.3894,Tuesday,3,2,Winter,0
10023456783,2024-02-13 04:00:00,2024-02-13,04:00:00,0.3405,Tuesday,4,2,Winter,0
10023456783,2024-02-13 05:00:00,2024-02-13,05:00:00,0.5757,Tuesday,5,2,Winter,0
10023456783,2024-02-13 06:00:00,2024-02-13,06:00:00,1.0138,Tuesday,6,2,Winter,0
10023456783,2024-02-13 07:00:00,2024-02-13,07:00:00,1.5602,Tuesday,7,2,Winter,0
10023456783,2024-02-13 08:00:00,2024-02-13,08:00:00,1.5418,Tuesday,8,2,Winter,0
10023456783,2024-02-13 09:00:00,2024-02-13,09:00:00,1.3388,Tuesday,9,2,Winter,0
10023456783,2024-02-13 10:00:00,2024-02-13,10:00:00,0.8507,Tuesday,10,2,Winter,0
10023456783,2024-02-13 11:00:00,2024-02-13,11:00:00,1.0117,Tuesday,11,2,Winter,0
10023456783,2024-02-13 12:00:00,2024-02-13,12:00:00,0.9286,Tuesday,12,2,Winter,0
10023456783,2024-02-13 13:00:00,2024-02-13,13:00:00,1.0473,Tuesday,13,2,Winter,0
10023456783,2024-02-13 14:00:00,2024-02-13,14:00:00,1.0385,Tuesday,14,2,Winter,0
10023456783,2024-02-13 15:00:00,2024-02-13,15:00:00,0.9995,Tuesday,15,2,Winter,0
10023456783,2024-02-13 16:00:00,2024-02-13,16:00:00,1.5301,Tuesday,16,2,Winter,0
10023456783,2024-02-13 17:00:00,2024-02-13,17:00:00,1.4497,Tuesday,17,2,Winter,0
10023456783,2024-02-13 18:00:00,2024-02-13,18:00:00,2.4551,Tuesday,18,2,Winter,0
10023456783,2024-02-13 19:00:00,2024-02-13,19:00:00,2.3262,Tuesday,19,2,Winter,0
10023456783,2024-02-13 20:00:00,2024-02-13,20:00:00,1.8356,Tuesday,20,2,Winter,0
10023456783,2024-02-13 21:00:00,2024-02-13,21:00:00,1.9055,Tuesday,21,2,Winter,0
10023456783,2024-02-13 22:00:00,2024-02-13,22:00:00,1.3058,Tuesday,22,2,Winter,0
10023456783,2024-02-13 23:00:00,2024-02-13,23:00:00,0.7282,Tuesday,23,2,Winter,0
10023456783,2024-02-14 00:00:00,2024-02-14,00:00:00,0.3556,Wednesday,0,2,Winter,0
10023456783,2024-02-14 01:00:00,2024-02-14,01:00:00,0.3803,Wednesday,1,2,Winter,0
10023456783,2024-02-14 02:00:00,2024-02-14,02:00:00,0.2780,Wednesday,2,2,Winter,0
10023456783,2024-02-14 03:00:00,2024-02-14,03:00:00,0.2546,Wednesday,3,2,Winter,0
10023456783,2024-02-14 04:00:00,2024-02-14,04:00:00,0.3061,Wednesday,4,2,Winter,0
10023456783,2024-02-14 05:00:00,2024-02-14,05:00:00,0.5749,Wednesday,5,2,Winter,0
10023456783,2024-02-14 06:00:00,2024-02-14,06:00:00,0.9217,Wednesday,6,2,Winter,0
10023456783,2024-02-14 07:00:00,2024-02-14,07:00:00,1.1419,Wednesday,7,2,Winter,0
10023456783,2024-02-14 08:00:00,2024-02-14,08:00:00,1.2074,Wednesday,8,2,Winter,0
10023456783,2024-02-14 09:00:00,2024-02-14,09:00:00,1.3571,Wednesday,9,2,Winter,0
10023456783,2024-02-14 10:00:00,2024-02-14,10:00:00,0.9554,Wednesday,10,2,Winter,0
10023456783,2024-02-14 11:00:00,2024-02-14,11:00:00,0.7380,Wednesday,11,2,Winter,0
10023456783,2024-02-14 12:00:00,2024-02-14,12:00:00,0.8561,Wednesday,12,2,Winter,0
10023456783,2024-02-14 13:00:00,2024-02-14,13:00:00,1.0194,Wednesday,13,2,Winter,0
10023456783,2024-02-14 14:00:00,2024-02-14,14:00:00,0.6643,Wednesday,14,2,Winter,0
10023456783,2024-02-14 15:00:00,2024-02-14,15:00:00,0.8451,Wednesday,15,2,Winter,0
10023456783,2024-02-14 16:00:00,2024-02-14,16:00:00,1.0760,Wednesday,16,2,Winter,0
10023456783,2024-02-14 17:00:00,2024-02-14,17:00:00,1.4185,Wednesday,17,2,Winter,0
10023456783,2024-02-14 18:00:00,2024-02-14,18:00:00,1.5556,Wednesday,18,2,Winter,0
10023456783,2024-02-14 19:00:00,2024-02-14,19:00:00,2.0038,Wednesday,19,2,Winter,0
10023456783,2024-02-14 20:00:00,2024-02-14,20:00:00,1.7019,Wednesday,20,2,Winter,0
10023456783,2024-02-14 21:00:00,2024-02-14,21:00:00,1.6791,Wednesday,21,2,Winter,0
10023456783,2024-02-14 22:00:00,2024-02-14,22:00:00,0.9346,Wednesday,22,2,Winter,0
10023456783,2024-02-14 23:00:00,2024-02-14,23:00:00,0.8503,Wednesday,23,2,Winter,0
10023456783,2024-02-15 00:00:00,2024-02-15,00:00:00,0.3455,Thursday,0,2,Winter,0
10023456783,2024-02-15 01:00:00,2024-02-15,01:00:00,0.2515,Thursday,1,2,Winter,0
10023456783,2024-02-15 02:00:00,2024-02-15,02:00:00,0.2432,Thursday,2,2,Winter,0
10023456783,2024-02-15 03:00:00,2024-02-15,03:00:00,0.2817,Thursday,3,2,Winter,0
10023456783,2024-02-15 04:00:00,2024-02-15,04:00:00,0.3426,Thursday,4,2,Winter,0
10023456783,2024-02-15 05:00:00,2024-02-15,05:00:00,0.5285,Thursday,5,2,Winter,0
10023456783,2024-02-15 06:00:00,2024-02-15,06:00:00,0.7606,Thursday,6,2,Winter,0
10023456783,2024-02-15 07:00:00,2024-02-15,07:00:00,1.2341,Thursday,7,2,Winter,0
10023456783,2024-02-15 08:00:00,2024-02-15,08:00:00,1.6092,Thursday,8,2,Winter,0
10023456783,2024-02-15 09:00:00,2024-02-15,09:00:00,0.9560,Thursday,9,2,Winter,0
10023456783,2024-02-15 10:00:00,2024-02-15,10:00:00,0.8858,Thursday,10,2,Winter,0
10023456783,2024-02-15 11:00:00,2024-02-15,11:00:00,0.7900,Thursday,11,2,Winter,0
10023456783,2024-02-15 12:00:00,2024-02-15,12:00:00,1.0254,Thursday,12,2,Winter,0
10023456783,2024-02-15 13:00:00,2024-02-15,13:00:00,0.8167,Thursday,13,2,Winter,0
10023456783,2024-02-15 14:00:00,2024-02-15,14:00:00,0.9775,Thursday,14,2,Winter,0
10023456783,2024-02-15 15:00:00,2024-02-15,15:00:00,1.0318,Thursday,15,2,Winter,0
10023456783,2024-02-15 16:00:00,2024-02-15,16:00:00,1.0302,Thursday,16,2,Winter,0
10023456783,2024-02-15 17:00:00,2024-02-15,17:00:00,1.3570,Thursday,17,2,Winter,0
10023456783,2024-02-15 18:00:00,2024-02-15,18:00:00,0.1354,Thursday,18,2,Winter,1
10023456783,2024-02-15 19:00:00,2024-02-15,19:00:00,1.7696,Thursday,19,2,Winter,0
10023456783,2024-02-15 20:00:00,2024-02-15,20:00:00,1.8675,Thursday,20,2,Winter,0
10023456783,2024-02-15 21:00:00,2024-02-15,21:00:00,1.7459,Thursday,21,2,Winter,0
10023456783,2024-02-15 22:00:00,2024-02-15,22:00:00,1.0926,Thursday,22,2,Winter,0
10023456783,2024-02-15 23:00:00,2024-02-15,23:00:00,0.7654,Thursday,23,2,Winter,0
10023456783,2024-02-16 00:00:00,2024-02-16,00:00:00,0.4197,Friday,0,2,Winter,0
10023456783,2024-02-16 01:00:00,2024-02-16,01:00:00,0.4138,Friday,1,2,Winter,0
10023456783,2024-02-16 02:00:00,2024-02-16,02:00:00,0.4403,Friday,2,2,Winter,0
10023456783,2024-02-16 03:00:00,2024-02-16,03:00:00,0.3795,Friday,3,2,Winter,0
10023456783,2024-02-16 04:00:00,2024-02-16,04:00:00,0.5000,Friday,4,2,Winter,0
10023456783,2024-02-16 05:00:00,2024-02-16,05:00:00,0.5978,Friday,5,2,Winter,0
10023456783,2024-02-16 06:00:00,2024-02-16,06:00:00,1.0217,Friday,6,2,Winter,0
10023456783,2024-02-16 07:00:00,2024-02-16,07:00:00,1.5957,Friday,7,2,Winter,0
10023456783,2024-02-16 08:00:00,2024-02-16,08:00:00,1.6236,Friday,8,2,Winter,0
10023456783,2024-02-16 09:00:00,2024-02-16,09:00:00,1.3793,Friday,9,2,Winter,0
10023456783,2024-02-16 10:00:00,2024-02-16,10:00:00,1.2989,Friday,10,2,Winter,0
10023456783,2024-02-16 11:00:00,2024-02-16,11:00:00,1.0289,Friday,11,2,Winter,0
10023456783,2024-02-16 12:00:00,2024-02-16,12:00:00,1.0017,Friday,12,2,Winter,0
10023456783,2024-02-16 13:00:00,2024-02-16,13:00:00,0.9675,Friday,13,2,Winter,0
10023456783,2024-02-16 14:00:00,2024-02-16,14:00:00,0.9509,Friday,14,2,Winter,0
10023456783,2024-02-16 15:00:00,2024-02-16,15:00:00,1.0781,Friday,15,2,Winter,0
10023456783,2024-02-16 16:00:00,2024-02-16,16:00:00,1.3827,Friday,16,2,Winter,0
10023456783,2024-02-16 17:00:00,2024-02-16,17:00:00,1.8703,Friday,17,2,Winter,0
10023456783,2024-02-16 18:00:00,2024-02-16,18:00:00,2.1540,Friday,18,2,Winter,0
10023456783,2024-02-16 19:00:00,2024-02-16,19:00:00,2.2522,Friday,19,2,Winter,0
10023456783,2024-02-16 20:00:00,2024-02-16,20:00:00,2.1206,Friday,20,2,Winter,0
10023456783,2024-02-16 21:00:00,2024-02-16,21:00:00,2.0094,Friday,21,2,Winter,0
10023456783,2024-02-16 22:00:00,2024-02-16,22:00:00,1.3957,Friday,22,2,Winter,0
10023456783,2024-02-16 23:00:00,2024-02-16,23:00:00,0.9323,Friday,23,2,Winter,0
10023456783,2024-02-17 00:00:00,2024-02-17,00:00:00,0.6331,Saturday,0,2,Winter,0
10023456783,2024-02-17 01:00:00,2024-02-17,01:00:00,0.4905,Saturday,1,2,Winter,0
10023456783,2024-02-17 02:00:00,2024-02-17,02:00:00,0.4943,Saturday,2,2,Winter,0
10023456783,2024-02-17 03:00:00,2024-02-17,03:00:00,0.4601,Saturday,3,2,Winter,0
10023456783,2024-02-17 04:00:00,2024-02-17,04:00:00,0.5144,Saturday,4,2,Winter,0
10023456783,2024-02-17 05:00:00,2024-02-17,05:00:00,0.7443,Saturday,5,2,Winter,0
10023456783,2024-02-17 06:00:00,2024-02-17,06:00:00,0.7748,Saturday,6,2,Winter,0
10023456783,2024-02-17 07:00:00,2024-02-17,07:00:00,1.4054,Saturday,7,2,Winter,0
10023456783,2024-02-17 08:00:00,2024-02-17,08:00:00,1.8642,Saturday,8,2,Winter,0
10023456783,2024-02-17 09:00:00,2024-02-17,09:00:00,1.9681,Saturday,9,2,Winter,0
10023456783,2024-02-17 10:00:00,2024-02-17,10:00:00,1.8311,Saturday,10,2,Winter,0
10023456783,2024-02-17 11:00:00,2024-02-17,11:00:00,1.8114,Saturday,11,2,Winter,0
10023456783,2024-02-17 12:00:00,2024-02-17,12:00:00,1.4503,Saturday,12,2,Winter,0
10023456783,2024-02-17 13:00:00,2024-02-17,13:00:00,1.3776,Saturday,13,2,Winter,0
10023456783,2024-02-17 14:00:00,2024-02-17,14:00:00,1.3415,Saturday,14,2,Winter,0
10023456783,2024-02-17 15:00:00,2024-02-17,15:00:00,1.4767,Saturday,15,2,Winter,0
10023456783,2024-02-17 16:00:00,2024-02-17,16:00:00,1.5142,Saturday,16,2,Winter,0
10023456783,2024-02-17 17:00:00,2024-02-17,17:00:00,2.2287,Saturday,17,2,Winter,0
10023456783,2024-02-17 18:00:00,2024-02-17,18:00:00,2.4129,Saturday,18,2,Winter,0
10023456783,2024-02-17 19:00:00,2024-02-17,19:00:00,2.3337,Saturday,19,2,Winter,0
10023456783,2024-02-17 20:00:00,2024-02-17,20:00:00,2.4967,Saturday,20,2,Winter,0
10023456783,2024-02-17 21:00:00,2024-02-17,21:00:00,2.5303,Saturday,21,2,Winter,0
10023456783,2024-02-17 22:00:00,2024-02-17,22:00:00,1.9249,Saturday,22,2,Winter,0
10023456783,2024-02-17 23:00:00,2024-02-17,23:00:00,1.2250,Saturday,23,2,Winter,0
10023456783,2024-02-18 00:00:00,2024-02-18,00:00:00,0.5790,Sunday,0,2,Winter,0
10023456783,2024-02-18 01:00:00,2024-02-18,01:00:00,0.5417,Sunday,1,2,Winter,0
10023456783,2024-02-18 02:00:00,2024-02-18,02:00:00,0.4035,Sunday,2,2,Winter,0
10023456783,2024-02-18 03:00:00,2024-02-18,03:00:00,0.4978,Sunday,3,2,Winter,0
10023456783,2024-02-18 04:00:00,2024-02-18,04:00:00,0.4492,Sunday,4,2,Winter,0
10023456783,2024-02-18 05:00:00,2024-02-18,05:00:00,0.5971,Sunday,5,2,Winter,0
10023456783,2024-02-18 06:00:00,2024-02-18,06:00:00,0.8286,Sunday,6,2,Winter,0
10023456783,2024-02-18 07:00:00,2024-02-18,07:00:00,1.3959,Sunday,7,2,Winter,0
10023456783,2024-02-18 08:00:00,2024-02-18,08:00:00,1.7811,Sunday,8,2,Winter,0
10023456783,2024-02-18 09:00:00,2024-02-18,09:00:00,2.0731,Sunday,9,2,Winter,0
10023456783,2024-02-18 10:00:00,2024-02-18,10:00:00,1.9603,Sunday,10,2,Winter,0
10023456783,2024-02-18 11:00:00,2024-02-18,11:00:00,1.5968,Sunday,11,2,Winter,0
10023456783,2024-02-18 12:00:00,2024-02-18,12:00:00,1.5330,Sunday,12,2,Winter,0
10023456783,2024-02-18 13:00:00,2024-02-18,13:00:00,1.4713,Sunday,13,2,Winter,0
10023456783,2024-02-18 14:00:00,2024-02-18,14:00:00,1.4891,Sunday,14,2,Winter,0
10023456783,2024-02-18 15:00:00,2024-02-18,15:00:00,1.5870,Sunday,15,2,Winter,0
10023456783,2024-02-18 16:00:00,2024-02-18,16:00:00,1.6056,Sunday,16,2,Winter,0
10023456783,2024-02-18 17:00:00,2024-02-18,17:00:00,2.0038,Sunday,17,2,Winter,0
10023456783,2024-02-18 18:00:00,2024-02-18,18:00:00,3.2098,Sunday,18,2,Winter,0
10023456783,2024-02-18 19:00:00,2024-02-18,19:00:00,2.8911,Sunday,19,2,Winter,0
10023456783,2024-02-18 20:00:00,2024-02-18,20:00:00,2.4168,Sunday,20,2,Winter,0
10023456783,2024-02-18 21:00:00,2024-02-18,21:00:00,2.1088,Sunday,21,2,Winter,0
10023456783,2024-02-18 22:00:00,2024-02-18,22:00:00,1.7711,Sunday,22,2,Winter,0
10023456783,2024-02-18 23:00:00,2024-02-18,23:00:00,1.2657,Sunday,23,2,Winter,0
10023456783,2024-02-19 00:00:00,2024-02-19,00:00:00,0.4006,Monday,0,2,Winter,0
10023456783,2024-02-19 01:00:00,2024-02-19,01:00:00,0.4710,Monday,1,2,Winter,0
10023456783,2024-02-19 02:00:00,2024-02-19,02:00:00,0.4051,Monday,2,2,Winter,0
10023456783,2024-02-19 03:00:00,2024-02-19,03:00:00,0.3893,Monday,3,2,Winter,0
10023456783,2024-02-19 04:00:00,2024-02-19,04:00:00,3.3135,Monday,4,2,Winter,1
10023456783,2024-02-19 05:00:00,2024-02-19,05:00:00,5.4839,Monday,5,2,Winter,1
10023456783,2024-02-19 06:00:00,2024-02-19,06:00:00,5.9554,Monday,6,2,Winter,1
10023456783,2024-02-19 07:00:00,2024-02-19,07:00:00,1.5092,Monday,7,2,Winter,0
10023456783,2024-02-19 08:00:00,2024-02-19,08:00:00,1.9121,Monday,8,2,Winter,0
10023456783,2024-02-19 09:00:00,2024-02-19,09:00:00,1.4318,Monday,9,2,Winter,0
10023456783,2024-02-19 10:00:00,2024-02-19,10:00:00,1.2493,Monday,10,2,Winter,0
10023456783,2024-02-19 11:00:00,2024-02-19,11:00:00,1.1318,Monday,11,2,Winter,0
10023456783,2024-02-19 12:00:00,2024-02-19,12:00:00,0.9895,Monday,12,2,Winter,0
10023456783,2024-02-19 13:00:00,2024-02-19,13:00:00,1.1593,Monday,13,2,Winter,0
10023456783,2024-02-19 14:00:00,2024-02-19,14:00:00,1.1708,Monday,14,2,Winter,0
10023456783,2024-02-19 15:00:00,2024-02-19,15:00:00,4.6850,Monday,15,2,Winter,1
10023456783,2024-02-19 16:00:00,2024-02-19,16:00:00,1.2108,Monday,16,2,Winter,0
10023456783,2024-02-19 17:00:00,2024-02-19,17:00:00,1.6048,Monday,17,2,Winter,0
10023456783,2024-02-19 18:00:00,2024-02-19,18:00:00,2.0708,Monday,18,2,Winter,0
10023456783,2024-02-19 19:00:00,2024-02-19,19:00:00,2.4155,Monday,19,2,Winter,0
10023456783,2024-02-19 20:00:00,2024-02-19,20:00:00,2.6602,Monday,20,2,Winter,0
10023456783,2024-02-19 21:00:00,2024-02-19,21:00:00,1.8643,Monday,21,2,Winter,0
10023456783,2024-02-19 22:00:00,2024-02-19,22:00:00,1.3977,Monday,22,2,Winter,0
10023456783,2024-02-19 23:00:00,2024-02-19,23:00:00,0.9892,Monday,23,2,Winter,0
10023456783,2024-02-20 00:00:00,2024-02-20,00:00:00,0.5302,Tuesday,0,2,Winter,0
10023456783,2024-02-20 01:00:00,2024-02-20,01:00:00,0.5355,Tuesday,1,2,Winter,0
10023456783,2024-02-20 02:00:00,2024-02-20,02:00:00,3.7254,Tuesday,2,2,Winter,1
10023456783,2024-02-20 03:00:00,2024-02-20,03:00:00,3.5453,Tuesday,3,2,Winter,1
10023456783,2024-02-20 04:00:00,2024-02-20,04:00:00,0.5765,Tuesday,4,2,Winter,0
10023456783,2024-02-20 05:00:00,2024-02-20,05:00:00,0.7725,Tuesday,5,2,Winter,0
10023456783,2024-02-20 06:00:00,2024-02-20,06:00:00,1.2286,Tuesday,6,2,Winter,0
10023456783,2024-02-20 07:00:00,2024-02-20,07:00:00,1.7544,Tuesday,7,2,Winter,0
10023456783,2024-02-20 08:00:00,2024-02-20,08:00:00,1.8669,Tuesday,8,2,Winter,0
10023456783,2024-02-20 09:00:00,2024-02-20,09:00:00,1.7489,Tuesday,9,2,Winter,0
10023456783,2024-02-20 10:00:00,2024-02-20,10:00:00,1.2604,Tuesday,10,2,Winter,0
10023456783,2024-02-20 11:00:00,2024-02-20,11:00:00,1.1186,Tuesday,11,2,Winter,0
10023456783,2024-02-20 12:00:00,2024-02-20,12:00:00,1.0265,Tuesday,12,2,Winter,0
10023456783,2024-02-20 13:00:00,2024-02-20,13:00:00,1.2915,Tuesday,13,2,Winter,0
10023456783,2024-02-20 14:00:00,2024-02-20,14:00:00,1.0913,Tuesday,14,2,Winter,0
10023456783,2024-02-20 15:00:00,2024-02-20,15:00:00,1.2819,Tuesday,15,2,Winter,0
10023456783,2024-02-20 16:00:00,2024-02-20,16:00:00,1.4422,Tuesday,16,2,Winter,0
10023456783,2024-02-20 17:00:00,2024-02-20,17:00:00,1.8917,Tuesday,17,2,Winter,0
10023456783,2024-02-20 18:00:00,2024-02-20,18:00:00,2.7967,Tuesday,18,2,Winter,0
10023456783,2024-02-20 19:00:00,2024-02-20,19:00:00,2.4509,Tuesday,19,2,Winter,0
10023456783,2024-02-20 20:00:00,2024-02-20,20:00:00,2.5897,Tuesday,20,2,Winter,0
10023456783,2024-02-20 21:00:00,2024-02-20,21:00:00,2.0480,Tuesday,21,2,Winter,0
10023456783,2024-02-20 22:00:00,2024-02-20,22:00:00,1.6589,Tuesday,22,2,Winter,0
10023456783,2024-02-20 23:00:00,2024-02-20,23:00:00,0.9790,Tuesday,23,2,Winter,0
10023456783,2024-02-21 00:00:00,2024-02-21,00:00:00,0.3465,Wednesday,0,2,Winter,0
10023456783,2024-02-21 01:00:00,2024-02-21,01:00:00,0.3327,Wednesday,1,2,Winter,0
10023456783,2024-02-21 02:00:00,2024-02-21,02:00:00,0.3867,Wednesday,2,2,Winter,0
10023456783,2024-02-21 03:00:00,2024-02-21,03:00:00,0.2921,Wednesday,3,2,Winter,0
10023456783,2024-02-21 04:00:00,2024-02-21,04:00:00,0.4035,Wednesday,4,2,Winter,0
10023456783,2024-02-21 05:00:00,2024-02-21,05:00:00,0.6155,Wednesday,5,2,Winter,0
10023456783,2024-02-21 06:00:00,2024-02-21,06:00:00,1.0500,Wednesday,6,2,Winter,0
10023456783,2024-02-21 07:00:00,2024-02-21,07:00:00,1.3785,Wednesday,7,2,Winter,0
10023456783,2024-02-21 08:00:00,2024-02-21,08:00:00,1.4077,Wednesday,8,2,Winter,0
10023456783,2024-02-21 09:00:00,2024-02-21,09:00:00,1.4984,Wednesday,9,2,Winter,0
10023456783,2024-02-21 10:00:00,2024-02-21,10:00:00,1.2177,Wednesday,10,2,Winter,0
10023456783,2024-02-21 11:00:00,2024-02-21,11:00:00,0.8780,Wednesday,11,2,Winter,0
10023456783,2024-02-21 12:00:00,2024-02-21,12:00:00,1.1275,Wednesday,12,2,Winter,0
10023456783,2024-02-21 13:00:00,2024-02-21,13:00:00,1.0280,Wednesday,13,2,Winter,0
10023456783,2024-02-21 14:00:00,2024-02-21,14:00:00,1.1870,Wednesday,14,2,Winter,0
10023456783,2024-02-21 15:00:00,2024-02-21,15:00:00,1.1768,Wednesday,15,2,Winter,0
10023456783,2024-02-21 16:00:00,2024-02-21,16:00:00,0.0871,Wednesday,16,2,Winter,1
10023456783,2024-02-21 17:00:00,2024-02-21,17:00:00,1.7220,Wednesday,17,2,Winter,0
10023456783,2024-02-21 18:00:00,2024-02-21,18:00:00,2.0324,Wednesday,18,2,Winter,0
10023456783,2024-02-21 19:00:00,2024-02-21,19:00:00,1.9967,Wednesday,19,2,Winter,0
10023456783,2024-02-21 20:00:00,2024-02-21,20:00:00,2.2566,Wednesday,20,2,Winter,0
10023456783,2024-02-21 21:00:00,2024-02-21,21:00:00,1.7814,Wednesday,21,2,Winter,0
10023456783,2024-02-21 22:00:00,2024-02-21,22:00:00,1.2457,Wednesday,22,2,Winter,0
10023456783,2024-02-21 23:00:00,2024-02-21,23:00:00,0.9043,Wednesday,23,2,Winter,0
10023456783,2024-02-22 00:00:00,2024-02-22,00:00:00,0.4845,Thursday,0,2,Winter,0
10023456783,2024-02-22 01:00:00,2024-02-22,01:00:00,0.3844,Thursday,1,2,Winter,0
10023456783,2024-02-22 02:00:00,2024-02-22,02:00:00,0.3497,Thursday,2,2,Winter,0
10023456783,2024-02-22 03:00:00,2024-02-22,03:00:00,0.3708,Thursday,3,2,Winter,0
10023456783,2024-02-22 04:00:00,2024-02-22,04:00:00,0.4319,Thursday,4,2,Winter,0
10023456783,2024-02-22 05:00:00,2024-02-22,05:00:00,0.5128,Thursday,5,2,Winter,0
10023456783,2024-02-22 06:00:00,2024-02-22,06:00:00,0.9641,Thursday,6,2,Winter,0
10023456783,2024-02-22 07:00:00,2024-02-22,07:00:00,1.3592,Thursday,7,2,Winter,0
10023456783,2024-02-22 08:00:00,2024-02-22,08:00:00,1.7130,Thursday,8,2,Winter,0
10023456783,2024-02-22 09:00:00,2024-02-22,09:00:00,1.5877,Thursday,9,2,Winter,0
10023456783,2024-02-22 10:00:00,2024-02-22,10:00:00,0.9500,Thursday,10,2,Winter,0
10023456783,2024-02-22 11:00:00,2024-02-22,11:00:00,1.0645,Thursday,11,2,Winter,0
10023456783,2024-02-22 12:00:00,2024-02-22,12:00:00,1.0436,Thursday,12,2,Winter,0
10023456783,2024-02-22 13:00:00,2024-02-22,13:00:00,1.2059,Thursday,13,2,Winter,0
10023456783,2024-02-22 14:00:00,2024-02-22,14:00:00,1.0426,Thursday,14,2,Winter,0
10023456783,2024-02-22 15:00:00,2024-02-22,15:00:00,1.0212,Thursday,15,2,Winter,0
10023456783,2024-02-22 16:00:00,2024-02-22,16:00:00,1.2132,Thursday,16,2,Winter,0
10023456783,2024-02-22 17:00:00,2024-02-22,17:00:00,1.3984,Thursday,17,2,Winter,0
10023456783,2024-02-22 18:00:00,2024-02-22,18:00:00,2.2390,Thursday,18,2,Winter,0
10023456783,2024-02-22 19:00:00,2024-02-22,19:00:00,2.4862,Thursday,19,2,Winter,0
10023456783,2024-02-22 20:00:00,2024-02-22,20:00:00,2.4831,Thursday,20,2,Winter,0
10023456783,2024-02-22 21:00:00,2024-02-22,21:00:00,1.9218,Thursday,21,2,Winter,0
10023456783,2024-02-22 22:00:00,2024-02-22,22:00:00,1.3970,Thursday,22,2,Winter,0
10023456783,2024-02-22 23:00:00,2024-02-22,23:00:00,0.6994,Thursday,23,2,Winter,0
10023456783,2024-02-23 00:00:00,2024-02-23,00:00:00,0.4323,Friday,0,2,Winter,0
10023456783,2024-02-23 01:00:00,2024-02-23,01:00:00,0.3421,Friday,1,2,Winter,0
10023456783,2024-02-23 02:00:00,2024-02-23,02:00:00,0.3513,Friday,2,2,Winter,0
10023456783,2024-02-23 03:00:00,2024-02-23,03:00:00,0.3267,Friday,3,2,Winter,0
10023456783,2024-02-23 04:00:00,2024-02-23,04:00:00,0.3833,Friday,4,2,Winter,0
10023456783,2024-02-23 05:00:00,2024-02-23,05:00:00,0.4631,Friday,5,2,Winter,0
10023456783,2024-02-23 06:00:00,2024-02-23,06:00:00,0.9015,Friday,6,2,Winter,0
10023456783,2024-02-23 07:00:00,2024-02-23,07:00:00,1.1408,Friday,7,2,Winter,0
10023456783,2024-02-23 08:00:00,2024-02-23,08:00:00,1.5841,Friday,8,2,Winter,0
10023456783,2024-02-23 09:00:00,2024-02-23,09:00:00,1.2161,Friday,9,2,Winter,0
10023456783,2024-02-23 10:00:00,2024-02-23,10:00:00,0.9139,Friday,10,2,Winter,0
10023456783,2024-02-23 11:00:00,2024-02-23,11:00:00,0.8851,Friday,11,2,Winter,0
10023456783,2024-02-23 12:00:00,2024-02-23,12:00:00,0.8866,Friday,12,2,Winter,0
10023456783,2024-02-23 13:00:00,2024-02-23,13:00:00,0.8929,Friday,13,2,Winter,0
10023456783,2024-02-23 14:00:00,2024-02-23,14:00:00,6.7475,Friday,14,2,Winter,1
10023456783,2024-02-23 15:00:00,2024-02-23,15:00:00,0.9309,Friday,15,2,Winter,0
10023456783,2024-02-23 16:00:00,2024-02-23,16:00:00,0.9653,Friday,16,2,Winter,0
10023456783,2024-02-23 17:00:00,2024-02-23,17:00:00,1.2829,Friday,17,2,Winter,0
10023456783,2024-02-23 18:00:00,2024-02-23,18:00:00,1.5569,Friday,18,2,Winter,0
10023456783,2024-02-23 19:00:00,2024-02-23,19:00:00,2.1926,Friday,19,2,Winter,0
10023456783,2024-02-23 20:00:00,2024-02-23,20:00:00,2.1778,Friday,20,2,Winter,0
10023456783,2024-02-23 21:00:00,2024-02-23,21:00:00,1.8001,Friday,21,2,Winter,0
10023456783,2024-02-23 22:00:00,2024-02-23,22:00:00,1.1891,Friday,22,2,Winter,0
10023456783,2024-02-23 23:00:00,2024-02-23,23:00:00,0.7369,Friday,23,2,Winter,0
10023456783,2024-02-24 00:00:00,2024-02-24,00:00:00,0.5282,Saturday,0,2,Winter,0
10023456783,2024-02-24 01:00:00,2024-02-24,01:00:00,0.4680,Saturday,1,2,Winter,0
10023456783,2024-02-24 02:00:00,2024-02-24,02:00:00,3.8795,Saturday,2,2,Winter,1
10023456783,2024-02-24 03:00:00,2024-02-24,03:00:00,4.2005,Saturday,3,2,Winter,1
10023456783,2024-02-24 04:00:00,2024-02-24,04:00:00,5.7377,Saturday,4,2,Winter,1
10023456783,2024-02-24 05:00:00,2024-02-24,05:00:00,0.5431,Saturday,5,2,Winter,0
10023456783,2024-02-24 06:00:00,2024-02-24,06:00:00,0.7173,Saturday,6,2,Winter,0
10023456783,2024-02-24 07:00:00,2024-02-24,07:00:00,1.0270,Saturday,7,2,Winter,0
10023456783,2024-02-24 08:00:00,2024-02-24,08:00:00,1.3315,Saturday,8,2,Winter,0
10023456783,2024-02-24 09:00:00,2024-02-24,09:00:00,1.9193,Saturday,9,2,Winter,0
10023456783,2024-02-24 10:00:00,2024-02-24,10:00:00,1.6826,Saturday,10,2,Winter,0
10023456783,2024-02-24 11:00:00,2024-02-24,11:00:00,1.4894,Saturday,11,2,Winter,0
10023456783,2024-02-24 12:00:00,2024-02-24,12:00:00,1.4333,Saturday,12,2,Winter,0
10023456783,2024-02-24 13:00:00,2024-02-24,13:00:00,1.2571,Saturday,13,2,Winter,0
10023456783,2024-02-24 14:00:00,2024-02-24,14:00:00,1.1006,Saturday,14,2,Winter,0
10023456783,2024-02-24 15:00:00,2024-02-24,15:00:00,1.1472,Saturday,15,2,Winter,0
10023456783,2024-02-24 16:00:00,2024-02-24,16:00:00,1.3730,Saturday,16,2,Winter,0
10023456783,2024-02-24 17:00:00,2024-02-24,17:00:00,1.7934,Saturday,17,2,Winter,0
10023456783,2024-02-24 18:00:00,2024-02-24,18:00:00,1.9273,Saturday,18,2,Winter,0
10023456783,2024-02-24 19:00:00,2024-02-24,19:00:00,2.4085,Saturday,19,2,Winter,0
10023456783,2024-02-24 20:00:00,2024-02-24,20:00:00,1.9758,Saturday,20,2,Winter,0
10023456783,2024-02-24 21:00:00,2024-02-24,21:00:00,1.8765,Saturday,21,2,Winter,0
10023456783,2024-02-24 22:00:00,2024-02-24,22:00:00,1.5114,Saturday,22,2,Winter,0
10023456783,2024-02-24 23:00:00,2024-02-24,23:00:00,1.0235,Saturday,23,2,Winter,0
10023456783,2024-02-25 00:00:00,2024-02-25,00:00:00,0.4741,Sunday,0,2,Winter,0
10023456783,2024-02-25 01:00:00,2024-02-25,01:00:00,0.4896,Sunday,1,2,Winter,0
10023456783,2024-02-25 02:00:00,2024-02-25,02:00:00,0.4036,Sunday,2,2,Winter,0
10023456783,2024-02-25 03:00:00,2024-02-25,03:00:00,0.4469,Sunday,3,2,Winter,0
10023456783,2024-02-25 04:00:00,2024-02-25,04:00:00,0.6044,Sunday,4,2,Winter,0
10023456783,2024-02-25 05:00:00,2024-02-25,05:00:00,0.6212,Sunday,5,2,Winter,0
10023456783,2024-02-25 06:00:00,2024-02-25,06:00:00,0.9307,Sunday,6,2,Winter,0
10023456783,2024-02-25 07:00:00,2024-02-25,07:00:00,1.1216,Sunday,7,2,Winter,0
10023456783,2024-02-25 08:00:00,2024-02-25,08:00:00,1.6572,Sunday,8,2,Winter,0
10023456783,2024-02-25 09:00:00,2024-02-25,09:00:00,1.9642,Sunday,9,2,Winter,0
10023456783,2024-02-25 10:00:00,2024-02-25,10:00:00,1.8275,Sunday,10,2,Winter,0
10023456783,2024-02-25 11:00:00,2024-02-25,11:00:00,1.6781,Sunday,11,2,Winter,0
10023456783,2024-02-25 12:00:00,2024-02-25,12:00:00,1.8063,Sunday,12,2,Winter,0
10023456783,2024-02-25 13:00:00,2024-02-25,13:00:00,1.3535,Sunday,13,2,Winter,0
10023456783,2024-02-25 14:00:00,2024-02-25,14:00:00,1.5381,Sunday,14,2,Winter,0
10023456783,2024-02-25 15:00:00,2024-02-25,15:00:00,1.5172,Sunday,15,2,Winter,0
10023456783,2024-02-25 16:00:00,2024-02-25,16:00:00,1.7410,Sunday,16,2,Winter,0
10023456783,2024-02-25 17:00:00,2024-02-25,17:00:00,1.9908,Sunday,17,2,Winter,0
10023456783,2024-02-25 18:00:00,2024-02-25,18:00:00,2.3077,Sunday,18,2,Winter,0
10023456783,2024-02-25 19:00:00,2024-02-25,19:00:00,2.9828,Sunday,19,2,Winter,0
10023456783,2024-02-25 20:00:00,2024-02-25,20:00:00,2.2293,Sunday,20,2,Winter,0
10023456783,2024-02-25 21:00:00,2024-02-25,21:00:00,2.2176,Sunday,21,2,Winter,0
10023456783,2024-02-25 22:00:00,2024-02-25,22:00:00,1.5574,Sunday,22,2,Winter,0
10023456783,2024-02-25 23:00:00,2024-02-25,23:00:00,1.3081,Sunday,23,2,Winter,0
10023456783,2024-02-26 00:00:00,2024-02-26,00:00:00,0.5890,Monday,0,2,Winter,0
10023456783,2024-02-26 01:00:00,2024-02-26,01:00:00,0.4596,Monday,1,2,Winter,0
10023456783,2024-02-26 02:00:00,2024-02-26,02:00:00,0.5794,Monday,2,2,Winter,0
10023456783,2024-02-26 03:00:00,2024-02-26,03:00:00,0.4184,Monday,3,2,Winter,0
10023456783,2024-02-26 04:00:00,2024-02-26,04:00:00,0.5881,Monday,4,2,Winter,0
10023456783,2024-02-26 05:00:00,2024-02-26,05:00:00,0.9096,Monday,5,2,Winter,0
10023456783,2024-02-26 06:00:00,2024-02-26,06:00:00,1.4490,Monday,6,2,Winter,0
10023456783,2024-02-26 07:00:00,2024-02-26,07:00:00,1.8081,Monday,7,2,Winter,0
10023456783,2024-02-26 08:00:00,2024-02-26,08:00:00,2.6372,Monday,8,2,Winter,0
10023456783,2024-02-26 09:00:00,2024-02-26,09:00:00,1.6111,Monday,9,2,Winter,0
10023456783,2024-02-26 10:00:00,2024-02-26,10:00:00,1.3910,Monday,10,2,Winter,0
10023456783,2024-02-26 11:00:00,2024-02-26,11:00:00,1.1676,Monday,11,2,Winter,0
10023456783,2024-02-26 12:00:00,2024-02-26,12:00:00,1.3334,Monday,12,2,Winter,0
10023456783,2024-02-26 13:00:00,2024-02-26,13:00:00,1.5337,Monday,13,2,Winter,0
10023456783,2024-02-26 14:00:00,2024-02-26,14:00:00,1.6208,Monday,14,2,Winter,0
10023456783,2024-02-26 15:00:00,2024-02-26,15:00:00,1.5453,Monday,15,2,Winter,0
10023456783,2024-02-26 16:00:00,2024-02-26,16:00:00,1.7590,Monday,16,2,Winter,0
10023456783,2024-02-26 17:00:00,2024-02-26,17:00:00,2.4087,Monday,17,2,Winter,0
10023456783,2024-02-26 18:00:00,2024-02-26,18:00:00,3.5453,Monday,18,2,Winter,0
10023456783,2024-02-26 19:00:00,2024-02-26,19:00:00,3.1610,Monday,19,2,Winter,0
10023456783,2024-02-26 20:00:00,2024-02-26,20:00:00,2.8085,Monday,20,2,Winter,0
10023456783,2024-02-26 21:00:00,2024-02-26,21:00:00,2.7807,Monday,21,2,Winter,0
10023456783,2024-02-26 22:00:00,2024-02-26,22:00:00,1.9242,Monday,22,2,Winter,0
10023456783,2024-02-26 23:00:00,2024-02-26,23:00:00,1.2614,Monday,23,2,Winter,0
10023456783,2024-02-27 00:00:00,2024-02-27,00:00:00,0.3680,Tuesday,0,2,Winter,0
10023456783,2024-02-27 01:00:00,2024-02-27,01:00:00,3.7240,Tuesday,1,2,Winter,1
10023456783,2024-02-27 02:00:00,2024-02-27,02:00:00,4.8550,Tuesday,2,2,Winter,1
10023456783,2024-02-27 03:00:00,2024-02-27,03:00:00,5.5136,Tuesday,3,2,Winter,1
10023456783,2024-02-27 04:00:00,2024-02-27,04:00:00,0.3221,Tuesday,4,2,Winter,0
10023456783,2024-02-27 05:00:00,2024-02-27,05:00:00,0.5488,Tuesday,5,2,Winter,0
10023456783,2024-02-27 06:00:00,2024-02-27,06:00:00,0.9595,Tuesday,6,2,Winter,0
10023456783,2024-02-27 07:00:00,2024-02-27,07:00:00,1.3336,Tuesday,7,2,Winter,0
10023456783,2024-02-27 08:00:00,2024-02-27,08:00:00,1.4733,Tuesday,8,2,Winter,0
10023456783,2024-02-27 09:00:00,2024-02-27,09:00:00,1.2246,Tuesday,9,2,Winter,0
10023456783,2024-02-27 10:00:00,2024-02-27,10:00:00,0.9384,Tuesday,10,2,Winter,0
10023456783,2024-02-27 11:00:00,2024-02-27,11:00:00,0.9328,Tuesday,11,2,Winter,0
10023456783,2024-02-27 12:00:00,2024-02-27,12:00:00,0.7138,Tuesday,12,2,Winter,0
10023456783,2024-02-27 13:00:00,2024-02-27,13:00:00,1.0014,Tuesday,13,2,Winter,0
10023456783,2024-02-27 14:00:00,2024-02-27,14:00:00,0.9856,Tuesday,14,2,Winter,0
10023456783,2024-02-27 15:00:00,2024-02-27,15:00:00,0.9523,Tuesday,15,2,Winter,0
10023456783,2024-02-27 16:00:00,2024-02-27,16:00:00,1.1026,Tuesday,16,2,Winter,0
10023456783,2024-02-27 17:00:00,2024-02-27,17:00:00,1.3464,Tuesday,17,2,Winter,0
10023456783,2024-02-27 18:00:00,2024-02-27,18:00:00,2.1056,Tuesday,18,2,Winter,0
10023456783,2024-02-27 19:00:00,2024-02-27,19:00:00,1.9255,Tuesday,19,2,Winter,0
10023456783,2024-02-27 20:00:00,2024-02-27,20:00:00,1.8293,Tuesday,20,2,Winter,0
10023456783,2024-02-27 21:00:00,2024-02-27,21:00:00,1.6806,Tuesday,21,2,Winter,0
10023456783,2024-02-27 22:00:00,2024-02-27,22:00:00,1.0520,Tuesday,22,2,Winter,0
10023456783,2024-02-27 23:00:00,2024-02-27,23:00:00,0.8205,Tuesday,23,2,Winter,0
10023456783,2024-02-28 00:00:00,2024-02-28,00:00:00,0.6078,Wednesday,0,2,Winter,0
10023456783,2024-02-28 01:00:00,2024-02-28,01:00:00,0.4321,Wednesday,1,2,Winter,0
10023456783,2024-02-28 02:00:00,2024-02-28,02:00:00,0.3597,Wednesday,2,2,Winter,0
10023456783,2024-02-28 03:00:00,2024-02-28,03:00:00,0.4196,Wednesday,3,2,Winter,0
10023456783,2024-02-28 04:00:00,2024-02-28,04:00:00,4.2127,Wednesday,4,2,Winter,1
10023456783,2024-02-28 05:00:00,2024-02-28,05:00:00,5.7977,Wednesday,5,2,Winter,1
10023456783,2024-02-28 06:00:00,2024-02-28,06:00:00,1.0846,Wednesday,6,2,Winter,0
10023456783,2024-02-28 07:00:00,2024-02-28,07:00:00,1.6357,Wednesday,7,2,Winter,0
10023456783,2024-02-28 08:00:00,2024-02-28,08:00:00,1.5205,Wednesday,8,2,Winter,0
10023456783,2024-02-28 09:00:00,2024-02-28,09:00:00,1.5011,Wednesday,9,2,Winter,0
10023456783,2024-02-28 10:00:00,2024-02-28,10:00:00,1.1926,Wednesday,10,2,Winter,0
10023456783,2024-02-28 11:00:00,2024-02-28,11:00:00,1.0121,Wednesday,11,2,Winter,0
10023456783,2024-02-28 12:00:00,2024-02-28,12:00:00,1.2284,Wednesday,12,2,Winter,0
10023456783,2024-02-28 13:00:00,2024-02-28,13:00:00,1.0978,Wednesday,13,2,Winter,0
10023456783,2024-02-28 14:00:00,2024-02-28,14:00:00,1.0062,Wednesday,14,2,Winter,0
10023456783,2024-02-28 15:00:00,2024-02-28,15:00:00,1.0396,Wednesday,15,2,Winter,0
10023456783,2024-02-28 16:00:00,2024-02-28,16:00:00,1.3803,Wednesday,16,2,Winter,0
10023456783,2024-02-28 17:00:00,2024-02-28,17:00:00,1.7300,Wednesday,17,2,Winter,0
10023456783,2024-02-28 18:00:00,2024-02-28,18:00:00,2.3320,Wednesday,18,2,Winter,0
10023456783,2024-02-28 19:00:00,2024-02-28,19:00:00,2.3879,Wednesday,19,2,Winter,0
10023456783,2024-02-28 20:00:00,2024-02-28,20:00:00,2.3180,Wednesday,20,2,Winter,0
10023456783,2024-02-28 21:00:00,2024-02-28,21:00:00,2.1104,Wednesday,21,2,Winter,0
10023456783,2024-02-28 22:00:00,2024-02-28,22:00:00,1.5719,Wednesday,22,2,Winter,0
10023456783,2024-02-28 23:00:00,2024-02-28,23:00:00,0.9514,Wednesday,23,2,Winter,0
10023456783,2024-02-29 00:00:00,2024-02-29,00:00:00,0.6569,Thursday,0,2,Winter,0
10023456783,2024-02-29 01:00:00,2024-02-29,01:00:00,0.6262,Thursday,1,2,Winter,0
10023456783,2024-02-29 02:00:00,2024-02-29,02:00:00,0.4808,Thursday,2,2,Winter,0
10023456783,2024-02-29 03:00:00,2024-02-29,03:00:00,2.3862,Thursday,3,2,Winter,1
10023456783,2024-02-29 04:00:00,2024-02-29,04:00:00,2.3261,Thursday,4,2,Winter,1
10023456783,2024-02-29 05:00:00,2024-02-29,05:00:00,0.7580,Thursday,5,2,Winter,0
10023456783,2024-02-29 06:00:00,2024-02-29,06:00:00,1.4464,Thursday,6,2,Winter,0
10023456783,2024-02-29 07:00:00,2024-02-29,07:00:00,2.1785,Thursday,7,2,Winter,0
10023456783,2024-02-29 08:00:00,2024-02-29,08:00:00,7.4170,Thursday,8,2,Winter,1
10023456783,2024-02-29 09:00:00,2024-02-29,09:00:00,2.0315,Thursday,9,2,Winter,0
10023456783,2024-02-29 10:00:00,2024-02-29,10:00:00,1.4469,Thursday,10,2,Winter,0
10023456783,2024-02-29 11:00:00,2024-02-29,11:00:00,1.6069,Thursday,11,2,Winter,0
10023456783,2024-02-29 12:00:00,2024-02-29,12:00:00,1.5385,Thursday,12,2,Winter,0
10023456783,2024-02-29 13:00:00,2024-02-29,13:00:00,1.5826,Thursday,13,2,Winter,0
10023456783,2024-02-29 14:00:00,2024-02-29,14:00:00,1.3798,Thursday,14,2,Winter,0
10023456783,2024-02-29 15:00:00,2024-02-29,15:00:00,1.5592,Thursday,15,2,Winter,0
10023456783,2024-02-29 16:00:00,2024-02-29,16:00:00,1.7877,Thursday,16,2,Winter,0
10023456783,2024-02-29 17:00:00,2024-02-29,17:00:00,2.1517,Thursday,17,2,Winter,0
10023456783,2024-02-29 18:00:00,2024-02-29,18:00:00,2.5035,Thursday,18,2,Winter,0
10023456783,2024-02-29 19:00:00,2024-02-29,19:00:00,3.2663,Thursday,19,2,Winter,0
10023456783,2024-02-29 20:00:00,2024-02-29,20:00:00,3.1317,Thursday,20,2,Winter,0
10023456783,2024-02-29 21:00:00,2024-02-29,21:00:00,2.2427,Thursday,21,2,Winter,0
10023456783,2024-02-29 22:00:00,2024-02-29,22:00:00,2.0103,Thursday,22,2,Winter,0
10023456783,2024-02-29 23:00:00,2024-02-29,23:00:00,1.3923,Thursday,23,2,Winter,0
10023456783,2024-03-01 00:00:00,2024-03-01,00:00:00,0.5612,Friday,0,3,Spring,0
10023456783,2024-03-01 01:00:00,2024-03-01,01:00:00,0.4816,Friday,1,3,Spring,0
10023456783,2024-03-01 02:00:00,2024-03-01,02:00:00,0.4581,Friday,2,3,Spring,0
10023456783,2024-03-01 03:00:00,2024-03-01,03:00:00,0.4995,Friday,3,3,Spring,0
10023456783,2024-03-01 04:00:00,2024-03-01,04:00:00,0.4821,Friday,4,3,Spring,0
10023456783,2024-03-01 05:00:00,2024-03-01,05:00:00,0.7355,Friday,5,3,Spring,0
10023456783,2024-03-01 06:00:00,2024-03-01,06:00:00,1.2862,Friday,6,3,Spring,0
10023456783,2024-03-01 07:00:00,2024-03-01,07:00:00,1.7351,Friday,7,3,Spring,0
10023456783,2024-03-01 08:00:00,2024-03-01,08:00:00,1.9454,Friday,8,3,Spring,0
10023456783,2024-03-01 09:00:00,2024-03-01,09:00:00,1.5162,Friday,9,3,Spring,0
10023456783,2024-03-01 10:00:00,2024-03-01,10:00:00,1.1205,Friday,10,3,Spring,0
10023456783,2024-03-01 11:00:00,2024-03-01,11:00:00,1.1143,Friday,11,3,Spring,0
10023456783,2024-03-01 12:00:00,2024-03-01,12:00:00,1.1476,Friday,12,3,Spring,0
10023456783,2024-03-01 13:00:00,2024-03-01,13:00:00,1.1520,Friday,13,3,Spring,0
10023456783,2024-03-01 14:00:00,2024-03-01,14:00:00,1.2385,Friday,14,3,Spring,0
10023456783,2024-03-01 15:00:00,2024-03-01,15:00:00,1.3408,Friday,15,3,Spring,0
10023456783,2024-03-01 16:00:00,2024-03-01,16:00:00,1.5649,Friday,16,3,Spring,0
10023456783,2024-03-01 17:00:00,2024-03-01,17:00:00,1.9469,Friday,17,3,Spring,0
10023456783,2024-03-01 18:00:00,2024-03-01,18:00:00,2.2668,Friday,18,3,Spring,0
10023456783,2024-03-01 19:00:00,2024-03-01,19:00:00,2.5500,Friday,19,3,Spring,0
10023456783,2024-03-01 20:00:00,2024-03-01,20:00:00,2.9979,Friday,20,3,Spring,0
10023456783,2024-03-01 21:00:00,2024-03-01,21:00:00,1.8886,Friday,21,3,Spring,0
10023456783,2024-03-01 22:00:00,2024-03-01,22:00:00,1.6107,Friday,22,3,Spring,0
10023456783,2024-03-01 23:00:00,2024-03-01,23:00:00,1.1722,Friday,23,3,Spring,0
10023456783,2024-03-02 00:00:00,2024-03-02,00:00:00,4.1923,Saturday,0,3,Spring,1
10023456783,2024-03-02 01:00:00,2024-03-02,01:00:00,6.0813,Saturday,1,3,Spring,1
10023456783,2024-03-02 02:00:00,2024-03-02,02:00:00,4.3770,Saturday,2,3,Spring,1
10023456783,2024-03-02 03:00:00,2024-03-02,03:00:00,0.3701,Saturday,3,3,Spring,0
10023456783,2024-03-02 04:00:00,2024-03-02,04:00:00,0.3739,Saturday,4,3,Spring,0
10023456783,2024-03-02 05:00:00,2024-03-02,05:00:00,0.6041,Saturday,5,3,Spring,0
10023456783,2024-03-02 06:00:00,2024-03-02,06:00:00,0.7420,Saturday,6,3,Spring,0
10023456783,2024-03-02 07:00:00,2024-03-02,07:00:00,0.9502,Saturday,7,3,Spring,0
10023456783,2024-03-02 08:00:00,2024-03-02,08:00:00,1.4413,Saturday,8,3,Spring,0
10023456783,2024-03-02 09:00:00,2024-03-02,09:00:00,1.8746,Saturday,9,3,Spring,0
10023456783,2024-03-02 10:00:00,2024-03-02,10:00:00,1.6835,Saturday,10,3,Spring,0
10023456783,2024-03-02 11:00:00,2024-03-02,11:00:00,1.4053,Saturday,11,3,Spring,0
10023456783,2024-03-02 12:00:00,2024-03-02,12:00:00,1.5669,Saturday,12,3,Spring,0
10023456783,2024-03-02 13:00:00,2024-03-02,13:00:00,1.5126,Saturday,13,3,Spring,0
10023456783,2024-03-02 14:00:00,2024-03-02,14:00:00,1.5134,Saturday,14,3,Spring,0
10023456783,2024-03-02 15:00:00,2024-03-02,15:00:00,1.5119,Saturday,15,3,Spring,0
10023456783,2024-03-02 16:00:00,2024-03-02,16:00:00,1.6853,Saturday,16,3,Spring,0
10023456783,2024-03-02 17:00:00,2024-03-02,17:00:00,2.0817,Saturday,17,3,Spring,0
10023456783,2024-03-02 18:00:00,2024-03-02,18:00:00,2.0350,Saturday,18,3,Spring,0
10023456783,2024-03-02 19:00:00,2024-03-02,19:00:00,2.3237,Saturday,19,3,Spring,0
10023456783,2024-03-02 20:00:00,2024-03-02,20:00:00,2.4787,Saturday,20,3,Spring,0
10023456783,2024-03-02 21:00:00,2024-03-02,21:00:00,1.8989,Saturday,21,3,Spring,0
10023456783,2024-03-02 22:00:00,2024-03-02,22:00:00,1.6368,Saturday,22,3,Spring,0
10023456783,2024-03-02 23:00:00,2024-03-02,23:00:00,1.1140,Saturday,23,3,Spring,0
10023456783,2024-03-03 00:00:00,2024-03-03,00:00:00,0.5503,Sunday,0,3,Spring,0
10023456783,2024-03-03 01:00:00,2024-03-03,01:00:00,0.4399,Sunday,1,3,Spring,0
10023456783,2024-03-03 02:00:00,2024-03-03,02:00:00,0.3799,Sunday,2,3,Spring,0
10023456783,2024-03-03 03:00:00,2024-03-03,03:00:00,0.3705,Sunday,3,3,Spring,0
10023456783,2024-03-03 04:00:00,2024-03-03,04:00:00,0.3562,Sunday,4,3,Spring,0
10023456783,2024-03-03 05:00:00,2024-03-03,05:00:00,0.5342,Sunday,5,3,Spring,0
10023456783,2024-03-03 06:00:00,2024-03-03,06:00:00,0.6483,Sunday,6,3,Spring,0
10023456783,2024-03-03 07:00:00,2024-03-03,07:00:00,1.1998,Sunday,7,3,Spring,0
10023456783,2024-03-03 08:00:00,2024-03-03,08:00:00,1.4941,Sunday,8,3,Spring,0
10023456783,2024-03-03 09:00:00,2024-03-03,09:00:00,1.9818,Sunday,9,3,Spring,0
10023456783,2024-03-03 10:00:00,2024-03-03,10:00:00,1.5080,Sunday,10,3,Spring,0
10023456783,2024-03-03 11:00:00,2024-03-03,11:00:00,1.4766,Sunday,11,3,Spring,0
10023456783,2024-03-03 12:00:00,2024-03-03,12:00:00,1.2718,Sunday,12,3,Spring,0
10023456783,2024-03-03 13:00:00,2024-03-03,13:00:00,1.2179,Sunday,13,3,Spring,0
10023456783,2024-03-03 14:00:00,2024-03-03,14:00:00,1.0083,Sunday,14,3,Spring,0
10023456783,2024-03-03 15:00:00,2024-03-03,15:00:00,1.4785,Sunday,15,3,Spring,0
10023456783,2024-03-03 16:00:00,2024-03-03,16:00:00,1.4641,Sunday,16,3,Spring,0
10023456783,2024-03-03 17:00:00,2024-03-03,17:00:00,1.5538,Sunday,17,3,Spring,0
10023456783,2024-03-03 18:00:00,2024-03-03,18:00:00,1.7502,Sunday,18,3,Spring,0
10023456783,2024-03-03 19:00:00,2024-03-03,19:00:00,2.0492,Sunday,19,3,Spring,0
10023456783,2024-03-03 20:00:00,2024-03-03,20:00:00,2.2044,Sunday,20,3,Spring,0
10023456783,2024-03-03 21:00:00,2024-03-03,21:00:00,1.7910,Sunday,21,3,Spring,0
10023456783,2024-03-03 22:00:00,2024-03-03,22:00:00,1.1516,Sunday,22,3,Spring,0
10023456783,2024-03-03 23:00:00,2024-03-03,23:00:00,0.9104,Sunday,23,3,Spring,0
10023456783,2024-03-04 00:00:00,2024-03-04,00:00:00,0.4794,Monday,0,3,Spring,0
10023456783,2024-03-04 01:00:00,2024-03-04,01:00:00,0.5089,Monday,1,3,Spring,0
10023456783,2024-03-04 02:00:00,2024-03-04,02:00:00,0.4883,Monday,2,3,Spring,0
10023456783,2024-03-04 03:00:00,2024-03-04,03:00:00,0.4365,Monday,3,3,Spring,0
10023456783,2024-03-04 04:00:00,2024-03-04,04:00:00,0.5221,Monday,4,3,Spring,0
10023456783,2024-03-04 05:00:00,2024-03-04,05:00:00,0.6377,Monday,5,3,Spring,0
10023456783,2024-03-04 06:00:00,2024-03-04,06:00:00,1.2418,Monday,6,3,Spring,0
10023456783,2024-03-04 07:00:00,2024-03-04,07:00:00,1.7481,Monday,7,3,Spring,0
10023456783,2024-03-04 08:00:00,2024-03-04,08:00:00,1.4455,Monday,8,3,Spring,0
10023456783,2024-03-04 09:00:00,2024-03-04,09:00:00,1.4042,Monday,9,3,Spring,0
10023456783,2024-03-04 10:00:00,2024-03-04,10:00:00,1.4300,Monday,10,3,Spring,0
10023456783,2024-03-04 11:00:00,2024-03-04,11:00:00,1.0428,Monday,11,3,Spring,0
10023456783,2024-03-04 12:00:00,2024-03-04,12:00:00,0.9777,Monday,12,3,Spring,0
10023456783,2024-03-04 13:00:00,2024-03-04,13:00:00,1.2053,Monday,13,3,Spring,0
10023456783,2024-03-04 14:00:00,2024-03-04,14:00:00,1.1805,Monday,14,3,Spring,0
10023456783,2024-03-04 15:00:00,2024-03-04,15:00:00,1.1191,Monday,15,3,Spring,0
10023456783,2024-03-04 16:00:00,2024-03-04,16:00:00,1.7439,Monday,16,3,Spring,0
10023456783,2024-03-04 17:00:00,2024-03-04,17:00:00,1.4999,Monday,17,3,Spring,0
10023456783,2024-03-04 18:00:00,2024-03-04,18:00:00,2.1641,Monday,18,3,Spring,0
10023456783,2024-03-04 19:00:00,2024-03-04,19:00:00,2.7487,Monday,19,3,Spring,0
10023456783,2024-03-04 20:00:00,2024-03-04,20:00:00,2.5000,Monday,20,3,Spring,0
10023456783,2024-03-04 21:00:00,2024-03-04,21:00:00,2.1111,Monday,21,3,Spring,0
10023456783,2024-03-04 22:00:00,2024-03-04,22:00:00,1.6337,Monday,22,3,Spring,0
10023456783,2024-03-04 23:00:00,2024-03-04,23:00:00,0.8693,Monday,23,3,Spring,0
10023456783,2024-03-05 00:00:00,2024-03-05,00:00:00,0.5607,Tuesday,0,3,Spring,0
10023456783,2024-03-05 01:00:00,2024-03-05,01:00:00,0.4133,Tuesday,1,3,Spring,0
10023456783,2024-03-05 02:00:00,2024-03-05,02:00:00,5.0306,Tuesday,2,3,Spring,1
10023456783,2024-03-05 03:00:00,2024-03-05,03:00:00,3.6205,Tuesday,3,3,Spring,1
10023456783,2024-03-05 04:00:00,2024-03-05,04:00:00,3.4452,Tuesday,4,3,Spring,1
10023456783,2024-03-05 05:00:00,2024-03-05,05:00:00,0.7328,Tuesday,5,3,Spring,0
10023456783,2024-03-05 06:00:00,2024-03-05,06:00:00,1.1271,Tuesday,6,3,Spring,0
10023456783,2024-03-05 07:00:00,2024-03-05,07:00:00,1.7784,Tuesday,7,3,Spring,0
10023456783,2024-03-05 08:00:00,2024-03-05,08:00:00,1.6292,Tuesday,8,3,Spring,0
10023456783,2024-03-05 09:00:00,2024-03-05,09:00:00,1.4259,Tuesday,9,3,Spring,0
10023456783,2024-03-05 10:00:00,2024-03-05,10:00:00,0.9480,Tuesday,10,3,Spring,0
10023456783,2024-03-05 11:00:00,2024-03-05,11:00:00,1.0180,Tuesday,11,3,Spring,0
10023456783,2024-03-05 12:00:00,2024-03-05,12:00:00,1.0771,Tuesday,12,3,Spring,0
10023456783,2024-03-05 13:00:00,2024-03-05,13:00:00,1.0841,Tuesday,13,3,Spring,0
10023456783,2024-03-05 14:00:00,2024-03-05,14:00:00,1.0644,Tuesday,14,3,Spring,0
10023456783,2024-03-05 15:00:00,2024-03-05,15:00:00,0.1276,Tuesday,15,3,Spring,1
10023456783,2024-03-05 16:00:00,2024-03-05,16:00:00,1.4631,Tuesday,16,3,Spring,0
10023456783,2024-03-05 17:00:00,2024-03-05,17:00:00,1.7417,Tuesday,17,3,Spring,0
10023456783,2024-03-05 18:00:00,2024-03-05,18:00:00,2.0701,Tuesday,18,3,Spring,0
10023456783,2024-03-05 19:00:00,2024-03-05,19:00:00,1.9959,Tuesday,19,3,Spring,0
10023456783,2024-03-05 20:00:00,2024-03-05,20:00:00,2.7815,Tuesday,20,3,Spring,0
10023456783,2024-03-05 21:00:00,2024-03-05,21:00:00,1.4557,Tuesday,21,3,Spring,0
10023456783,2024-03-05 22:00:00,2024-03-05,22:00:00,1.6075,Tuesday,22,3,Spring,0
10023456783,2024-03-05 23:00:00,2024-03-05,23:00:00,0.9785,Tuesday,23,3,Spring,0
10023456783,2024-03-06 00:00:00,2024-03-06,00:00:00,0.4496,Wednesday,0,3,Spring,0
10023456783,2024-03-06 01:00:00,2024-03-06,01:00:00,0.3799,Wednesday,1,3,Spring,0
10023456783,2024-03-06 02:00:00,2024-03-06,02:00:00,0.3632,Wednesday,2,3,Spring,0
10023456783,2024-03-06 03:00:00,2024-03-06,03:00:00,0.3583,Wednesday,3,3,Spring,0
10023456783,2024-03-06 04:00:00,2024-03-06,04:00:00,0.4786,Wednesday,4,3,Spring,0
10023456783,2024-03-06 05:00:00,2024-03-06,05:00:00,0.6175,Wednesday,5,3,Spring,0
10023456783,2024-03-06 06:00:00,2024-03-06,06:00:00,1.1496,Wednesday,6,3,Spring,0
10023456783,2024-03-06 07:00:00,2024-03-06,07:00:00,1.6197,Wednesday,7,3,Spring,0
10023456783,2024-03-06 08:00:00,2024-03-06,08:00:00,1.8434,Wednesday,8,3,Spring,0
10023456783,2024-03-06 09:00:00,2024-03-06,09:00:00,1.6332,Wednesday,9,3,Spring,0
10023456783,2024-03-06 10:00:00,2024-03-06,10:00:00,1.2941,Wednesday,10,3,Spring,0
10023456783,2024-03-06 11:00:00,2024-03-06,11:00:00,1.0625,Wednesday,11,3,Spring,0
10023456783,2024-03-06 12:00:00,2024-03-06,12:00:00,1.1816,Wednesday,12,3,Spring,0
10023456783,2024-03-06 13:00:00,2024-03-06,13:00:00,1.2856,Wednesday,13,3,Spring,0
10023456783,2024-03-06 14:00:00,2024-03-06,14:00:00,0.9559,Wednesday,14,3,Spring,0
10023456783,2024-03-06 15:00:00,2024-03-06,15:00:00,1.2518,Wednesday,15,3,Spring,0
10023456783,2024-03-06 16:00:00,2024-03-06,16:00:00,1.6107,Wednesday,16,3,Spring,0
10023456783,2024-03-06 17:00:00,2024-03-06,17:00:00,1.7458,Wednesday,17,3,Spring,0
10023456783,2024-03-06 18:00:00,2024-03-06,18:00:00,2.3760,Wednesday,18,3,Spring,0
10023456783,2024-03-06 19:00:00,2024-03-06,19:00:00,2.4231,Wednesday,19,3,Spring,0
10023456783,2024-03-06 20:00:00,2024-03-06,20:00:00,2.3944,Wednesday,20,3,Spring,0
10023456783,2024-03-06 21:00:00,2024-03-06,21:00:00,2.1674,Wednesday,21,3,Spring,0
10023456783,2024-03-06 22:00:00,2024-03-06,22:00:00,1.3455,Wednesday,22,3,Spring,0
10023456783,2024-03-06 23:00:00,2024-03-06,23:00:00,0.9270,Wednesday,23,3,Spring,0
10023456783,2024-03-07 00:00:00,2024-03-07,00:00:00,0.4767,Thursday,0,3,Spring,0
10023456783,2024-03-07 01:00:00,2024-03-07,01:00:00,0.4228,Thursday,1,3,Spring,0
10023456783,2024-03-07 02:00:00,2024-03-07,02:00:00,0.4612,Thursday,2,3,Spring,0
10023456783,2024-03-07 03:00:00,2024-03-07,03:00:00,0.3477,Thursday,3,3,Spring,0
10023456783,2024-03-07 04:00:00,2024-03-07,04:00:00,0.4103,Thursday,4,3,Spring,0
10023456783,2024-03-07 05:00:00,2024-03-07,05:00:00,0.7754,Thursday,5,3,Spring,0
10023456783,2024-03-07 06:00:00,2024-03-07,06:00:00,0.8979,Thursday,6,3,Spring,0
10023456783,2024-03-07 07:00:00,2024-03-07,07:00:00,1.6756,Thursday,7,3,Spring,0
10023456783,2024-03-07 08:00:00,2024-03-07,08:00:00,1.1534,Thursday,8,3,Spring,0
10023456783,2024-03-07 09:00:00,2024-03-07,09:00:00,1.2479,Thursday,9,3,Spring,0
10023456783,2024-03-07 10:00:00,2024-03-07,10:00:00,1.1763,Thursday,10,3,Spring,0
10023456783,2024-03-07 11:00:00,2024-03-07,11:00:00,0.8251,Thursday,11,3,Spring,0
10023456783,2024-03-07 12:00:00,2024-03-07,12:00:00,0.9673,Thursday,12,3,Spring,0
10023456783,2024-03-07 13:00:00,2024-03-07,13:00:00,1.1856,Thursday,13,3,Spring,0
10023456783,2024-03-07 14:00:00,2024-03-07,14:00:00,1.0328,Thursday,14,3,Spring,0
10023456783,2024-03-07 15:00:00,2024-03-07,15:00:00,1.1045,Thursday,15,3,Spring,0
10023456783,2024-03-07 16:00:00,2024-03-07,16:00:00,1.0689,Thursday,16,3,Spring,0
10023456783,2024-03-07 17:00:00,2024-03-07,17:00:00,1.6216,Thursday,17,3,Spring,0
10023456783,2024-03-07 18:00:00,2024-03-07,18:00:00,1.8841,Thursday,18,3,Spring,0
10023456783,2024-03-07 19:00:00,2024-03-07,19:00:00,2.0613,Thursday,19,3,Spring,0
10023456783,2024-03-07 20:00:00,2024-03-07,20:00:00,2.4255,Thursday,20,3,Spring,0
10023456783,2024-03-07 21:00:00,2024-03-07,21:00:00,2.5264,Thursday,21,3,Spring,0
10023456783,2024-03-07 22:00:00,2024-03-07,22:00:00,1.4733,Thursday,22,3,Spring,0
10023456783,2024-03-07 23:00:00,2024-03-07,23:00:00,0.9678,Thursday,23,3,Spring,0
10023456783,2024-03-08 00:00:00,2024-03-08,00:00:00,0.6633,Friday,0,3,Spring,0
10023456783,2024-03-08 01:00:00,2024-03-08,01:00:00,0.5845,Friday,1,3,Spring,0
10023456783,2024-03-08 02:00:00,2024-03-08,02:00:00,0.5972,Friday,2,3,Spring,0
10023456783,2024-03-08 03:00:00,2024-03-08,03:00:00,0.6878,Friday,3,3,Spring,0
10023456783,2024-03-08 04:00:00,2024-03-08,04:00:00,3.7525,Friday,4,3,Spring,1
10023456783,2024-03-08 05:00:00,2024-03-08,05:00:00,1.1490,Friday,5,3,Spring,0
10023456783,2024-03-08 06:00:00,2024-03-08,06:00:00,1.8809,Friday,6,3,Spring,0
10023456783,2024-03-08 07:00:00,2024-03-08,07:00:00,2.2061,Friday,7,3,Spring,0
10023456783,2024-03-08 08:00:00,2024-03-08,08:00:00,2.6508,Friday,8,3,Spring,0
10023456783,2024-03-08 09:00:00,2024-03-08,09:00:00,2.5234,Friday,9,3,Spring,0
10023456783,2024-03-08 10:00:00,2024-03-08,10:00:00,1.7572,Friday,10,3,Spring,0
10023456783,2024-03-08 11:00:00,2024-03-08,11:00:00,1.6182,Friday,11,3,Spring,0
10023456783,2024-03-08 12:00:00,2024-03-08,12:00:00,1.5707,Friday,12,3,Spring,0
10023456783,2024-03-08 13:00:00,2024-03-08,13:00:00,1.6418,Friday,13,3,Spring,0
10023456783,2024-03-08 14:00:00,2024-03-08,14:00:00,1.6932,Friday,14,3,Spring,0
10023456783,2024-03-08 15:00:00,2024-03-08,15:00:00,1.5043,Friday,15,3,Spring,0
10023456783,2024-03-08 16:00:00,2024-03-08,16:00:00,2.0003,Friday,16,3,Spring,0
10023456783,2024-03-08 17:00:00,2024-03-08,17:00:00,2.9710,Friday,17,3,Spring,0
10023456783,2024-03-08 18:00:00,2024-03-08,18:00:00,3.0865,Friday,18,3,Spring,0
10023456783,2024-03-08 19:00:00,2024-03-08,19:00:00,4.4254,Friday,19,3,Spring,0
10023456783,2024-03-08 20:00:00,2024-03-08,20:00:00,3.6627,Friday,20,3,Spring,0
10023456783,2024-03-08 21:00:00,2024-03-08,21:00:00,2.6201,Friday,21,3,Spring,0
10023456783,2024-03-08 22:00:00,2024-03-08,22:00:00,2.3790,Friday,22,3,Spring,0
10023456783,2024-03-08 23:00:00,2024-03-08,23:00:00,1.2838,Friday,23,3,Spring,0
10023456783,2024-03-09 00:00:00,2024-03-09,00:00:00,0.5632,Saturday,0,3,Spring,0
10023456783,2024-03-09 01:00:00,2024-03-09,01:00:00,0.3265,Saturday,1,3,Spring,0
10023456783,2024-03-09 02:00:00,2024-03-09,02:00:00,0.4687,Saturday,2,3,Spring,0
10023456783,2024-03-09 03:00:00,2024-03-09,03:00:00,4.0122,Saturday,3,3,Spring,1
10023456783,2024-03-09 04:00:00,2024-03-09,04:00:00,0.5133,Saturday,4,3,Spring,0
10023456783,2024-03-09 05:00:00,2024-03-09,05:00:00,0.5911,Saturday,5,3,Spring,0
10023456783,2024-03-09 06:00:00,2024-03-09,06:00:00,0.7416,Saturday,6,3,Spring,0
10023456783,2024-03-09 07:00:00,2024-03-09,07:00:00,1.1732,Saturday,7,3,Spring,0
10023456783,2024-03-09 08:00:00,2024-03-09,08:00:00,1.6660,Saturday,8,3,Spring,0
10023456783,2024-03-09 09:00:00,2024-03-09,09:00:00,1.7035,Saturday,9,3,Spring,0
10023456783,2024-03-09 10:00:00,2024-03-09,10:00:00,1.8126,Saturday,10,3,Spring,0
10023456783,2024-03-09 11:00:00,2024-03-09,11:00:00,1.6763,Saturday,11,3,Spring,0
10023456783,2024-03-09 12:00:00,2024-03-09,12:00:00,1.3699,Saturday,12,3,Spring,0
10023456783,2024-03-09 13:00:00,2024-03-09,13:00:00,1.2268,Saturday,13,3,Spring,0
10023456783,2024-03-09 14:00:00,2024-03-09,14:00:00,1.3518,Saturday,14,3,Spring,0
10023456783,2024-03-09 15:00:00,2024-03-09,15:00:00,1.1295,Saturday,15,3,Spring,0
10023456783,2024-03-09 16:00:00,2024-03-09,16:00:00,1.3063,Saturday,16,3,Spring,0
10023456783,2024-03-09 17:00:00,2024-03-09,17:00:00,1.9508,Saturday,17,3,Spring,0
10023456783,2024-03-09 18:00:00,2024-03-09,18:00:00,2.0286,Saturday,18,3,Spring,0
10023456783,2024-03-09 19:00:00,2024-03-09,19:00:00,2.1978,Saturday,19,3,Spring,0
10023456783,2024-03-09 20:00:00,2024-03-09,20:00:00,2.6410,Saturday,20,3,Spring,0
10023456783,2024-03-09 21:00:00,2024-03-09,21:00:00,2.2928,Saturday,21,3,Spring,0
10023456783,2024-03-09 22:00:00,2024-03-09,22:00:00,1.6227,Saturday,22,3,Spring,0
10023456783,2024-03-09 23:00:00,2024-03-09,23:00:00,0.9492,Saturday,23,3,Spring,0
10023456783,2024-03-10 00:00:00,2024-03-10,00:00:00,0.4634,Sunday,0,3,Spring,0
10023456783,2024-03-10 01:00:00,2024-03-10,01:00:00,0.4221,Sunday,1,3,Spring,0
10023456783,2024-03-10 02:00:00,2024-03-10,02:00:00,0.4610,Sunday,2,3,Spring,0
10023456783,2024-03-10 03:00:00,2024-03-10,03:00:00,0.4345,Sunday,3,3,Spring,0
10023456783,2024-03-10 04:00:00,2024-03-10,04:00:00,0.3238,Sunday,4,3,Spring,0
10023456783,2024-03-10 05:00:00,2024-03-10,05:00:00,0.4466,Sunday,5,3,Spring,0
10023456783,2024-03-10 06:00:00,2024-03-10,06:00:00,0.8525,Sunday,6,3,Spring,0
10023456783,2024-03-10 07:00:00,2024-03-10,07:00:00,1.2589,Sunday,7,3,Spring,0
10023456783,2024-03-10 08:00:00,2024-03-10,08:00:00,1.4156,Sunday,8,3,Spring,0
10023456783,2024-03-10 09:00:00,2024-03-10,09:00:00,1.9431,Sunday,9,3,Spring,0
10023456783,2024-03-10 10:00:00,2024-03-10,10:00:00,1.6298,Sunday,10,3,Spring,0
10023456783,2024-03-10 11:00:00,2024-03-10,11:00:00,1.4590,Sunday,11,3,Spring,0
10023456783,2024-03-10 12:00:00,2024-03-10,12:00:00,1.2383,Sunday,12,3,Spring,0
10023456783,2024-03-10 13:00:00,2024-03-10,13:00:00,1.5558,Sunday,13,3,Spring,0
10023456783,2024-03-10 14:00:00,2024-03-10,14:00:00,1.3903,Sunday,14,3,Spring,0
10023456783,2024-03-10 15:00:00,2024-03-10,15:00:00,1.2426,Sunday,15,3,Spring,0
10023456783,2024-03-10 16:00:00,2024-03-10,16:00:00,1.1665,Sunday,16,3,Spring,0
10023456783,2024-03-10 17:00:00,2024-03-10,17:00:00,1.8940,Sunday,17,3,Spring,0
10023456783,2024-03-10 18:00:00,2024-03-10,18:00:00,2.0459,Sunday,18,3,Spring,0
10023456783,2024-03-10 19:00:00,2024-03-10,19:00:00,2.2853,Sunday,19,3,Spring,0
10023456783,2024-03-10 20:00:00,2024-03-10,20:00:00,2.3491,Sunday,20,3,Spring,0
10023456783,2024-03-10 21:00:00,2024-03-10,21:00:00,1.9514,Sunday,21,3,Spring,0
10023456783,2024-03-10 22:00:00,2024-03-10,22:00:00,1.4214,Sunday,22,3,Spring,0
10023456783,2024-03-10 23:00:00,2024-03-10,23:00:00,1.0448,Sunday,23,3,Spring,0
10023456783,2024-03-11 00:00:00,2024-03-11,00:00:00,0.4823,Monday,0,3,Spring,0
10023456783,2024-03-11 01:00:00,2024-03-11,01:00:00,0.3907,Monday,1,3,Spring,0
10023456783,2024-03-11 02:00:00,2024-03-11,02:00:00,0.3282,Monday,2,3,Spring,0
10023456783,2024-03-11 03:00:00,2024-03-11,03:00:00,0.2516,Monday,3,3,Spring,0
10023456783,2024-03-11 04:00:00,2024-03-11,04:00:00,0.3830,Monday,4,3,Spring,0
10023456783,2024-03-11 05:00:00,2024-03-11,05:00:00,0.4803,Monday,5,3,Spring,0
10023456783,2024-03-11 06:00:00,2024-03-11,06:00:00,0.9416,Monday,6,3,Spring,0
10023456783,2024-03-11 07:00:00,2024-03-11,07:00:00,1.3700,Monday,7,3,Spring,0
10023456783,2024-03-11 08:00:00,2024-03-11,08:00:00,1.6380,Monday,8,3,Spring,0
10023456783,2024-03-11 09:00:00,2024-03-11,09:00:00,1.2625,Monday,9,3,Spring,0
10023456783,2024-03-11 10:00:00,2024-03-11,10:00:00,0.8836,Monday,10,3,Spring,0
10023456783,2024-03-11 11:00:00,2024-03-11,11:00:00,0.9780,Monday,11,3,Spring,0
10023456783,2024-03-11 12:00:00,2024-03-11,12:00:00,0.9195,Monday,12,3,Spring,0
10023456783,2024-03-11 13:00:00,2024-03-11,13:00:00,0.9417,Monday,13,3,Spring,0
10023456783,2024-03-11 14:00:00,2024-03-11,14:00:00,0.8514,Monday,14,3,Spring,0
10023456783,2024-03-11 15:00:00,2024-03-11,15:00:00,1.0485,Monday,15,3,Spring,0
10023456783,2024-03-11 16:00:00,2024-03-11,16:00:00,1.0726,Monday,16,3,Spring,0
10023456783,2024-03-11 17:00:00,2024-03-11,17:00:00,1.2985,Monday,17,3,Spring,0
10023456783,2024-03-11 18:00:00,2024-03-11,18:00:00,1.5915,Monday,18,3,Spring,0
10023456783,2024-03-11 19:00:00,2024-03-11,19:00:00,2.5314,Monday,19,3,Spring,0
10023456783,2024-03-11 20:00:00,2024-03-11,20:00:00,2.1113,Monday,20,3,Spring,0
10023456783,2024-03-11 21:00:00,2024-03-11,21:00:00,1.9560,Monday,21,3,Spring,0
10023456783,2024-03-11 22:00:00,2024-03-11,22:00:00,1.0551,Monday,22,3,Spring,0
10023456783,2024-03-11 23:00:00,2024-03-11,23:00:00,0.7481,Monday,23,3,Spring,0
10023456783,2024-03-12 00:00:00,2024-03-12,00:00:00,0.6122,Tuesday,0,3,Spring,0
10023456783,2024-03-12 01:00:00,2024-03-12,01:00:00,0.4591,Tuesday,1,3,Spring,0
10023456783,2024-03-12 02:00:00,2024-03-12,02:00:00,0.3713,Tuesday,2,3,Spring,0
10023456783,2024-03-12 03:00:00,2024-03-12,03:00:00,0.4187,Tuesday,3,3,Spring,0
10023456783,2024-03-12 04:00:00,2024-03-12,04:00:00,0.5684,Tuesday,4,3,Spring,0
10023456783,2024-03-12 05:00:00,2024-03-12,05:00:00,0.6674,Tuesday,5,3,Spring,0
10023456783,2024-03-12 06:00:00,2024-03-12,06:00:00,1.3825,Tuesday,6,3,Spring,0
10023456783,2024-03-12 07:00:00,2024-03-12,07:00:00,2.0965,Tuesday,7,3,Spring,0
10023456783,2024-03-12 08:00:00,2024-03-12,08:00:00,1.7926,Tuesday,8,3,Spring,0
10023456783,2024-03-12 09:00:00,2024-03-12,09:00:00,1.5788,Tuesday,9,3,Spring,0
10023456783,2024-03-12 10:00:00,2024-03-12,10:00:00,1.2386,Tuesday,10,3,Spring,0
10023456783,2024-03-12 11:00:00,2024-03-12,11:00:00,1.0408,Tuesday,11,3,Spring,0
10023456783,2024-03-12 12:00:00,2024-03-12,12:00:00,1.1179,Tuesday,12,3,Spring,0
10023456783,2024-03-12 13:00:00,2024-03-12,13:00:00,1.2100,Tuesday,13,3,Spring,0
10023456783,2024-03-12 14:00:00,2024-03-12,14:00:00,1.2348,Tuesday,14,3,Spring,0
10023456783,2024-03-12 15:00:00,2024-03-12,15:00:00,1.4481,Tuesday,15,3,Spring,0
10023456783,2024-03-12 16:00:00,2024-03-12,16:00:00,1.5265,Tuesday,16,3,Spring,0
10023456783,2024-03-12 17:00:00,2024-03-12,17:00:00,2.1260,Tuesday,17,3,Spring,0
10023456783,2024-03-12 18:00:00,2024-03-12,18:00:00,2.8480,Tuesday,18,3,Spring,0
10023456783,2024-03-12 19:00:00,2024-03-12,19:00:00,3.0496,Tuesday,19,3,Spring,0
10023456783,2024-03-12 20:00:00,2024-03-12,20:00:00,2.6761,Tuesday,20,3,Spring,0
10023456783,2024-03-12 21:00:00,2024-03-12,21:00:00,2.3227,Tuesday,21,3,Spring,0
10023456783,2024-03-12 22:00:00,2024-03-12,22:00:00,1.6291,Tuesday,22,3,Spring,0
10023456783,2024-03-12 23:00:00,2024-03-12,23:00:00,0.9699,Tuesday,23,3,Spring,0
10023456783,2024-03-13 00:00:00,2024-03-13,00:00:00,4.8777,Wednesday,0,3,Spring,1
10023456783,2024-03-13 01:00:00,2024-03-13,01:00:00,0.5533,Wednesday,1,3,Spring,0
10023456783,2024-03-13 02:00:00,2024-03-13,02:00:00,0.3914,Wednesday,2,3,Spring,0
10023456783,2024-03-13 03:00:00,2024-03-13,03:00:00,0.5275,Wednesday,3,3,Spring,0
10023456783,2024-03-13 04:00:00,2024-03-13,04:00:00,0.5277,Wednesday,4,3,Spring,0
10023456783,2024-03-13 05:00:00,2024-03-13,05:00:00,0.8857,Wednesday,5,3,Spring,0
10023456783,2024-03-13 06:00:00,2024-03-13,06:00:00,1.3883,Wednesday,6,3,Spring,0
10023456783,2024-03-13 07:00:00,2024-03-13,07:00:00,2.3102,Wednesday,7,3,Spring,0
10023456783,2024-03-13 08:00:00,2024-03-13,08:00:00,1.9794,Wednesday,8,3,Spring,0
10023456783,2024-03-13 09:00:00,2024-03-13,09:00:00,1.8272,Wednesday,9,3,Spring,0
10023456783,2024-03-13 10:00:00,2024-03-13,10:00:00,1.3159,Wednesday,10,3,Spring,0
10023456783,2024-03-13 11:00:00,2024-03-13,11:00:00,1.4836,Wednesday,11,3,Spring,0
10023456783,2024-03-13 12:00:00,2024-03-13,12:00:00,1.2839,Wednesday,12,3,Spring,0
10023456783,2024-03-13 13:00:00,2024-03-13,13:00:00,1.3461,Wednesday,13,3,Spring,0
10023456783,2024-03-13 14:00:00,2024-03-13,14:00:00,1.6133,Wednesday,14,3,Spring,0
10023456783,2024-03-13 15:00:00,2024-03-13,15:00:00,6.0827,Wednesday,15,3,Spring,1
10023456783,2024-03-13 16:00:00,2024-03-13,16:00:00,1.9323,Wednesday,16,3,Spring,0
10023456783,2024-03-13 17:00:00,2024-03-13,17:00:00,1.8379,Wednesday,17,3,Spring,0
10023456783,2024-03-13 18:00:00,2024-03-13,18:00:00,3.2312,Wednesday,18,3,Spring,0
10023456783,2024-03-13 19:00:00,2024-03-13,19:00:00,3.5622,Wednesday,19,3,Spring,0
10023456783,2024-03-13 20:00:00,2024-03-13,20:00:00,3.3690,Wednesday,20,3,Spring,0
10023456783,2024-03-13 21:00:00,2024-03-13,21:00:00,2.4615,Wednesday,21,3,Spring,0
10023456783,2024-03-13 22:00:00,2024-03-13,22:00:00,2.0925,Wednesday,22,3,Spring,0
10023456783,2024-03-13 23:00:00,2024-03-13,23:00:00,1.2743,Wednesday,23,3,Spring,0
10023456783,2024-03-14 00:00:00,2024-03-14,00:00:00,0.4678,Thursday,0,3,Spring,0
10023456783,2024-03-14 01:00:00,2024-03-14,01:00:00,3.4756,Thursday,1,3,Spring,1
10023456783,2024-03-14 02:00:00,2024-03-14,02:00:00,0.3841,Thursday,2,3,Spring,0
10023456783,2024-03-14 03:00:00,2024-03-14,03:00:00,0.4234,Thursday,3,3,Spring,0
10023456783,2024-03-14 04:00:00,2024-03-14,04:00:00,0.5306,Thursday,4,3,Spring,0
10023456783,2024-03-14 05:00:00,2024-03-14,05:00:00,0.7292,Thursday,5,3,Spring,0
10023456783,2024-03-14 06:00:00,2024-03-14,06:00:00,1.3681,Thursday,6,3,Spring,0
10023456783,2024-03-14 07:00:00,2024-03-14,07:00:00,1.6093,Thursday,7,3,Spring,0
10023456783,2024-03-14 08:00:00,2024-03-14,08:00:00,1.5746,Thursday,8,3,Spring,0
10023456783,2024-03-14 09:00:00,2024-03-14,09:00:00,1.5636,Thursday,9,3,Spring,0
10023456783,2024-03-14 10:00:00,2024-03-14,10:00:00,1.1713,Thursday,10,3,Spring,0
10023456783,2024-03-14 11:00:00,2024-03-14,11:00:00,1.1166,Thursday,11,3,Spring,0
10023456783,2024-03-14 12:00:00,2024-03-14,12:00:00,1.1391,Thursday,12,3,Spring,0
10023456783,2024-03-14 13:00:00,2024-03-14,13:00:00,1.2231,Thursday,13,3,Spring,0
10023456783,2024-03-14 14:00:00,2024-03-14,14:00:00,1.1323,Thursday,14,3,Spring,0
10023456783,2024-03-14 15:00:00,2024-03-14,15:00:00,1.3862,Thursday,15,3,Spring,0
10023456783,2024-03-14 16:00:00,2024-03-14,16:00:00,1.6988,Thursday,16,3,Spring,0
10023456783,2024-03-14 17:00:00,2024-03-14,17:00:00,2.0891,Thursday,17,3,Spring,0
10023456783,2024-03-14 18:00:00,2024-03-14,18:00:00,2.2334,Thursday,18,3,Spring,0
10023456783,2024-03-14 19:00:00,2024-03-14,19:00:00,2.6833,Thursday,19,3,Spring,0
10023456783,2024-03-14 20:00:00,2024-03-14,20:00:00,2.3651,Thursday,20,3,Spring,0
10023456783,2024-03-14 21:00:00,2024-03-14,21:00:00,2.3297,Thursday,21,3,Spring,0
10023456783,2024-03-14 22:00:00,2024-03-14,22:00:00,1.3948,Thursday,22,3,Spring,0
10023456783,2024-03-14 23:00:00,2024-03-14,23:00:00,1.0556,Thursday,23,3,Spring,0
10023456783,2024-03-15 00:00:00,2024-03-15,00:00:00,0.5587,Friday,0,3,Spring,0
10023456783,2024-03-15 01:00:00,2024-03-15,01:00:00,0.4635,Friday,1,3,Spring,0
10023456783,2024-03-15 02:00:00,2024-03-15,02:00:00,0.5689,Friday,2,3,Spring,0
10023456783,2024-03-15 03:00:00,2024-03-15,03:00:00,0.5075,Friday,3,3,Spring,0
10023456783,2024-03-15 04:00:00,2024-03-15,04:00:00,0.5002,Friday,4,3,Spring,0
10023456783,2024-03-15 05:00:00,2024-03-15,05:00:00,0.9269,Friday,5,3,Spring,0
10023456783,2024-03-15 06:00:00,2024-03-15,06:00:00,1.2318,Friday,6,3,Spring,0
10023456783,2024-03-15 07:00:00,2024-03-15,07:00:00,1.8808,Friday,7,3,Spring,0
10023456783,2024-03-15 08:00:00,2024-03-15,08:00:00,1.9623,Friday,8,3,Spring,0
10023456783,2024-03-15 09:00:00,2024-03-15,09:00:00,1.8117,Friday,9,3,Spring,0
10023456783,2024-03-15 10:00:00,2024-03-15,10:00:00,1.5392,Friday,10,3,Spring,0
10023456783,2024-03-15 11:00:00,2024-03-15,11:00:00,1.0383,Friday,11,3,Spring,0
10023456783,2024-03-15 12:00:00,2024-03-15,12:00:00,1.1924,Friday,12,3,Spring,0
10023456783,2024-03-15 13:00:00,2024-03-15,13:00:00,1.4339,Friday,13,3,Spring,0
10023456783,2024-03-15 14:00:00,2024-03-15,14:00:00,1.2368,Friday,14,3,Spring,0
10023456783,2024-03-15 15:00:00,2024-03-15,15:00:00,1.4485,Friday,15,3,Spring,0
10023456783,2024-03-15 16:00:00,2024-03-15,16:00:00,1.6299,Friday,16,3,Spring,0
10023456783,2024-03-15 17:00:00,2024-03-15,17:00:00,1.9684,Friday,17,3,Spring,0
10023456783,2024-03-15 18:00:00,2024-03-15,18:00:00,2.2499,Friday,18,3,Spring,0
10023456783,2024-03-15 19:00:00,2024-03-15,19:00:00,3.4454,Friday,19,3,Spring,0
10023456783,2024-03-15 20:00:00,2024-03-15,20:00:00,3.0902,Friday,20,3,Spring,0
10023456783,2024-03-15 21:00:00,2024-03-15,21:00:00,2.5894,Friday,21,3,Spring,0
10023456783,2024-03-15 22:00:00,2024-03-15,22:00:00,1.5207,Friday,22,3,Spring,0
10023456783,2024-03-15 23:00:00,2024-03-15,23:00:00,0.8475,Friday,23,3,Spring,0
10023456783,2024-03-16 00:00:00,2024-03-16,00:00:00,0.5929,Saturday,0,3,Spring,0
10023456783,2024-03-16 01:00:00,2024-03-16,01:00:00,0.5542,Saturday,1,3,Spring,0
10023456783,2024-03-16 02:00:00,2024-03-16,02:00:00,0.6140,Saturday,2,3,Spring,0
10023456783,2024-03-16 03:00:00,2024-03-16,03:00:00,2.1671,Saturday,3,3,Spring,1
10023456783,2024-03-16 04:00:00,2024-03-16,04:00:00,0.6503,Saturday,4,3,Spring,0
10023456783,2024-03-16 05:00:00,2024-03-16,05:00:00,0.6613,Saturday,5,3,Spring,0
10023456783,2024-03-16 06:00:00,2024-03-16,06:00:00,0.8516,Saturday,6,3,Spring,0
10023456783,2024-03-16 07:00:00,2024-03-16,07:00:00,1.3754,Saturday,7,3,Spring,0
10023456783,2024-03-16 08:00:00,2024-03-16,08:00:00,1.8718,Saturday,8,3,Spring,0
10023456783,2024-03-16 09:00:00,2024-03-16,09:00:00,2.1966,Saturday,9,3,Spring,0
10023456783,2024-03-16 10:00:00,2024-03-16,10:00:00,2.0861,Saturday,10,3,Spring,0
10023456783,2024-03-16 11:00:00,2024-03-16,11:00:00,1.7647,Saturday,11,3,Spring,0
10023456783,2024-03-16 12:00:00,2024-03-16,12:00:00,1.7691,Saturday,12,3,Spring,0
10023456783,2024-03-16 13:00:00,2024-03-16,13:00:00,1.5140,Saturday,13,3,Spring,0
10023456783,2024-03-16 14:00:00,2024-03-16,14:00:00,1.7922,Saturday,14,3,Spring,0
10023456783,2024-03-16 15:00:00,2024-03-16,15:00:00,1.7228,Saturday,15,3,Spring,0
10023456783,2024-03-16 16:00:00,2024-03-16,16:00:00,1.8926,Saturday,16,3,Spring,0
10023456783,2024-03-16 17:00:00,2024-03-16,17:00:00,2.2917,Saturday,17,3,Spring,0
10023456783,2024-03-16 18:00:00,2024-03-16,18:00:00,2.5170,Saturday,18,3,Spring,0
10023456783,2024-03-16 19:00:00,2024-03-16,19:00:00,3.0070,Saturday,19,3,Spring,0
10023456783,2024-03-16 20:00:00,2024-03-16,20:00:00,3.1754,Saturday,20,3,Spring,0
10023456783,2024-03-16 21:00:00,2024-03-16,21:00:00,2.9876,Saturday,21,3,Spring,0
10023456783,2024-03-16 22:00:00,2024-03-16,22:00:00,1.8026,Saturday,22,3,Spring,0
10023456783,2024-03-16 23:00:00,2024-03-16,23:00:00,1.2416,Saturday,23,3,Spring,0
10023456783,2024-03-17 00:00:00,2024-03-17,00:00:00,0.5405,Sunday,0,3,Spring,0
10023456783,2024-03-17 01:00:00,2024-03-17,01:00:00,0.4991,Sunday,1,3,Spring,0
10023456783,2024-03-17 02:00:00,2024-03-17,02:00:00,0.5899,Sunday,2,3,Spring,0
10023456783,2024-03-17 03:00:00,2024-03-17,03:00:00,0.4753,Sunday,3,3,Spring,0
10023456783,2024-03-17 04:00:00,2024-03-17,04:00:00,0.3861,Sunday,4,3,Spring,0
10023456783,2024-03-17 05:00:00,2024-03-17,05:00:00,0.5346,Sunday,5,3,Spring,0
10023456783,2024-03-17 06:00:00,2024-03-17,06:00:00,0.8096,Sunday,6,3,Spring,0
10023456783,2024-03-17 07:00:00,2024-03-17,07:00:00,1.1651,Sunday,7,3,Spring,0
10023456783,2024-03-17 08:00:00,2024-03-17,08:00:00,1.6753,Sunday,8,3,Spring,0
10023456783,2024-03-17 09:00:00,2024-03-17,09:00:00,2.3282,Sunday,9,3,Spring,0
10023456783,2024-03-17 10:00:00,2024-03-17,10:00:00,1.8395,Sunday,10,3,Spring,0
10023456783,2024-03-17 11:00:00,2024-03-17,11:00:00,1.5710,Sunday,11,3,Spring,0
10023456783,2024-03-17 12:00:00,2024-03-17,12:00:00,1.3025,Sunday,12,3,Spring,0
10023456783,2024-03-17 13:00:00,2024-03-17,13:00:00,1.6094,Sunday,13,3,Spring,0
10023456783,2024-03-17 14:00:00,2024-03-17,14:00:00,1.6884,Sunday,14,3,Spring,0
10023456783,2024-03-17 15:00:00,2024-03-17,15:00:00,1.5682,Sunday,15,3,Spring,0
10023456783,2024-03-17 16:00:00,2024-03-17,16:00:00,1.8020,Sunday,16,3,Spring,0
10023456783,2024-03-17 17:00:00,2024-03-17,17:00:00,1.8899,Sunday,17,3,Spring,0
10023456783,2024-03-17 18:00:00,2024-03-17,18:00:00,2.3890,Sunday,18,3,Spring,0
10023456783,2024-03-17 19:00:00,2024-03-17,19:00:00,2.4399,Sunday,19,3,Spring,0
10023456783,2024-03-17 20:00:00,2024-03-17,20:00:00,2.3928,Sunday,20,3,Spring,0
10023456783,2024-03-17 21:00:00,2024-03-17,21:00:00,2.5549,Sunday,21,3,Spring,0
10023456783,2024-03-17 22:00:00,2024-03-17,22:00:00,1.8767,Sunday,22,3,Spring,0
10023456783,2024-03-17 23:00:00,2024-03-17,23:00:00,1.3373,Sunday,23,3,Spring,0
10023456783,2024-03-18 00:00:00,2024-03-18,00:00:00,0.5062,Monday,0,3,Spring,0
10023456783,2024-03-18 01:00:00,2024-03-18,01:00:00,0.3889,Monday,1,3,Spring,0
10023456783,2024-03-18 02:00:00,2024-03-18,02:00:00,0.3800,Monday,2,3,Spring,0
10023456783,2024-03-18 03:00:00,2024-03-18,03:00:00,0.4367,Monday,3,3,Spring,0
10023456783,2024-03-18 04:00:00,2024-03-18,04:00:00,0.4899,Monday,4,3,Spring,0
10023456783,2024-03-18 05:00:00,2024-03-18,05:00:00,0.6811,Monday,5,3,Spring,0
10023456783,2024-03-18 06:00:00,2024-03-18,06:00:00,1.0295,Monday,6,3,Spring,0
10023456783,2024-03-18 07:00:00,2024-03-18,07:00:00,2.0546,Monday,7,3,Spring,0
10023456783,2024-03-18 08:00:00,2024-03-18,08:00:00,1.5615,Monday,8,3,Spring,0
10023456783,2024-03-18 09:00:00,2024-03-18,09:00:00,1.5673,Monday,9,3,Spring,0
10023456783,2024-03-18 10:00:00,2024-03-18,10:00:00,1.0537,Monday,10,3,Spring,0
10023456783,2024-03-18 11:00:00,2024-03-18,11:00:00,0.9842,Monday,11,3,Spring,0
10023456783,2024-03-18 12:00:00,2024-03-18,12:00:00,1.2758,Monday,12,3,Spring,0
10023456783,2024-03-18 13:00:00,2024-03-18,13:00:00,1.1321,Monday,13,3,Spring,0
10023456783,2024-03-18 14:00:00,2024-03-18,14:00:00,1.2745,Monday,14,3,Spring,0
10023456783,2024-03-18 15:00:00,2024-03-18,15:00:00,1.2246,Monday,15,3,Spring,0
10023456783,2024-03-18 16:00:00,2024-03-18,16:00:00,1.3796,Monday,16,3,Spring,0
10023456783,2024-03-18 17:00:00,2024-03-18,17:00:00,2.1573,Monday,17,3,Spring,0
10023456783,2024-03-18 18:00:00,2024-03-18,18:00:00,2.3733,Monday,18,3,Spring,0
10023456783,2024-03-18 19:00:00,2024-03-18,19:00:00,2.4400,Monday,19,3,Spring,0
10023456783,2024-03-18 20:00:00,2024-03-18,20:00:00,2.1217,Monday,20,3,Spring,0
10023456783,2024-03-18 21:00:00,2024-03-18,21:00:00,2.0068,Monday,21,3,Spring,0
10023456783,2024-03-18 22:00:00,2024-03-18,22:00:00,1.3565,Monday,22,3,Spring,0
10023456783,2024-03-18 23:00:00,2024-03-18,23:00:00,0.9330,Monday,23,3,Spring,0
10023456783,2024-03-19 00:00:00,2024-03-19,00:00:00,0.5630,Tuesday,0,3,Spring,0
10023456783,2024-03-19 01:00:00,2024-03-19,01:00:00,0.5252,Tuesday,1,3,Spring,0
10023456783,2024-03-19 02:00:00,2024-03-19,02:00:00,0.5525,Tuesday,2,3,Spring,0
10023456783,2024-03-19 03:00:00,2024-03-19,03:00:00,0.4858,Tuesday,3,3,Spring,0
10023456783,2024-03-19 04:00:00,2024-03-19,04:00:00,0.4666,Tuesday,4,3,Spring,0
10023456783,2024-03-19 05:00:00,2024-03-19,05:00:00,0.8310,Tuesday,5,3,Spring,0
10023456783,2024-03-19 06:00:00,2024-03-19,06:00:00,1.6488,Tuesday,6,3,Spring,0
10023456783,2024-03-19 07:00:00,2024-03-19,07:00:00,1.9164,Tuesday,7,3,Spring,0
10023456783,2024-03-19 08:00:00,2024-03-19,08:00:00,2.3078,Tuesday,8,3,Spring,0
10023456783,2024-03-19 09:00:00,2024-03-19,09:00:00,1.9279,Tuesday,9,3,Spring,0
10023456783,2024-03-19 10:00:00,2024-03-19,10:00:00,1.7050,Tuesday,10,3,Spring,0
10023456783,2024-03-19 11:00:00,2024-03-19,11:00:00,1.2223,Tuesday,11,3,Spring,0
10023456783,2024-03-19 12:00:00,2024-03-19,12:00:00,1.5732,Tuesday,12,3,Spring,0
10023456783,2024-03-19 13:00:00,2024-03-19,13:00:00,1.6136,Tuesday,13,3,Spring,0
10023456783,2024-03-19 14:00:00,2024-03-19,14:00:00,1.3529,Tuesday,14,3,Spring,0
10023456783,2024-03-19 15:00:00,2024-03-19,15:00:00,1.4737,Tuesday,15,3,Spring,0
10023456783,2024-03-19 16:00:00,2024-03-19,16:00:00,1.6888,Tuesday,16,3,Spring,0
10023456783,2024-03-19 17:00:00,2024-03-19,17:00:00,1.7994,Tuesday,17,3,Spring,0
10023456783,2024-03-19 18:00:00,2024-03-19,18:00:00,2.5802,Tuesday,18,3,Spring,0
10023456783,2024-03-19 19:00:00,2024-03-19,19:00:00,2.8338,Tuesday,19,3,Spring,0
10023456783,2024-03-19 20:00:00,2024-03-19,20:00:00,2.8552,Tuesday,20,3,Spring,0
10023456783,2024-03-19 21:00:00,2024-03-19,21:00:00,2.7778,Tuesday,21,3,Spring,0
10023456783,2024-03-19 22:00:00,2024-03-19,22:00:00,1.8774,Tuesday,22,3,Spring,0
10023456783,2024-03-19 23:00:00,2024-03-19,23:00:00,1.1257,Tuesday,23,3,Spring,0
10023456783,2024-03-20 00:00:00,2024-03-20,00:00:00,0.5086,Wednesday,0,3,Spring,0
10023456783,2024-03-20 01:00:00,2024-03-20,01:00:00,0.4209,Wednesday,1,3,Spring,0
10023456783,2024-03-20 02:00:00,2024-03-20,02:00:00,0.5254,Wednesday,2,3,Spring,0
10023456783,2024-03-20 03:00:00,2024-03-20,03:00:00,0.3142,Wednesday,3,3,Spring,0
10023456783,2024-03-20 04:00:00,2024-03-20,04:00:00,0.4453,Wednesday,4,3,Spring,0
10023456783,2024-03-20 05:00:00,2024-03-20,05:00:00,0.5817,Wednesday,5,3,Spring,0
10023456783,2024-03-20 06:00:00,2024-03-20,06:00:00,1.1543,Wednesday,6,3,Spring,0
10023456783,2024-03-20 07:00:00,2024-03-20,07:00:00,1.8190,Wednesday,7,3,Spring,0
10023456783,2024-03-20 08:00:00,2024-03-20,08:00:00,1.5524,Wednesday,8,3,Spring,0
10023456783,2024-03-20 09:00:00,2024-03-20,09:00:00,1.5035,Wednesday,9,3,Spring,0
10023456783,2024-03-20 10:00:00,2024-03-20,10:00:00,1.1387,Wednesday,10,3,Spring,0
10023456783,2024-03-20 11:00:00,2024-03-20,11:00:00,1.0606,Wednesday,11,3,Spring,0
10023456783,2024-03-20 12:00:00,2024-03-20,12:00:00,1.0170,Wednesday,12,3,Spring,0
10023456783,2024-03-20 13:00:00,2024-03-20,13:00:00,1.2631,Wednesday,13,3,Spring,0
10023456783,2024-03-20 14:00:00,2024-03-20,14:00:00,1.0966,Wednesday,14,3,Spring,0
10023456783,2024-03-20 15:00:00,2024-03-20,15:00:00,1.1897,Wednesday,15,3,Spring,0
10023456783,2024-03-20 16:00:00,2024-03-20,16:00:00,1.3649,Wednesday,16,3,Spring,0
10023456783,2024-03-20 17:00:00,2024-03-20,17:00:00,1.7773,Wednesday,17,3,Spring,0
10023456783,2024-03-20 18:00:00,2024-03-20,18:00:00,2.4209,Wednesday,18,3,Spring,0
10023456783,2024-03-20 19:00:00,2024-03-20,19:00:00,2.9188,Wednesday,19,3,Spring,0
10023456783,2024-03-20 20:00:00,2024-03-20,20:00:00,2.3875,Wednesday,20,3,Spring,0
10023456783,2024-03-20 21:00:00,2024-03-20,21:00:00,2.1160,Wednesday,21,3,Spring,0
10023456783,2024-03-20 22:00:00,2024-03-20,22:00:00,1.7933,Wednesday,22,3,Spring,0
10023456783,2024-03-20 23:00:00,2024-03-20,23:00:00,0.9329,Wednesday,23,3,Spring,0
10023456783,2024-03-21 00:00:00,2024-03-21,00:00:00,0.4975,Thursday,0,3,Spring,0
10023456783,2024-03-21 01:00:00,2024-03-21,01:00:00,0.3831,Thursday,1,3,Spring,0
10023456783,2024-03-21 02:00:00,2024-03-21,02:00:00,0.4692,Thursday,2,3,Spring,0
10023456783,2024-03-21 03:00:00,2024-03-21,03:00:00,0.4063,Thursday,3,3,Spring,0
10023456783,2024-03-21 04:00:00,2024-03-21,04:00:00,0.4141,Thursday,4,3,Spring,0
10023456783,2024-03-21 05:00:00,2024-03-21,05:00:00,0.5843,Thursday,5,3,Spring,0
10023456783,2024-03-21 06:00:00,2024-03-21,06:00:00,1.1711,Thursday,6,3,Spring,0
10023456783,2024-03-21 07:00:00,2024-03-21,07:00:00,1.6003,Thursday,7,3,Spring,0
10023456783,2024-03-21 08:00:00,2024-03-21,08:00:00,1.5979,Thursday,8,3,Spring,0
10023456783,2024-03-21 09:00:00,2024-03-21,09:00:00,1.5311,Thursday,9,3,Spring,0
10023456783,2024-03-21 10:00:00,2024-03-21,10:00:00,1.1527,Thursday,10,3,Spring,0
10023456783,2024-03-21 11:00:00,2024-03-21,11:00:00,1.0878,Thursday,11,3,Spring,0
10023456783,2024-03-21 12:00:00,2024-03-21,12:00:00,1.1252,Thursday,12,3,Spring,0
10023456783,2024-03-21 13:00:00,2024-03-21,13:00:00,1.1426,Thursday,13,3,Spring,0
10023456783,2024-03-21 14:00:00,2024-03-21,14:00:00,1.2448,Thursday,14,3,Spring,0
10023456783,2024-03-21 15:00:00,2024-03-21,15:00:00,1.1747,Thursday,15,3,Spring,0
10023456783,2024-03-21 16:00:00,2024-03-21,16:00:00,1.3313,Thursday,16,3,Spring,0
10023456783,2024-03-21 17:00:00,2024-03-21,17:00:00,1.6813,Thursday,17,3,Spring,0
10023456783,2024-03-21 18:00:00,2024-03-21,18:00:00,2.5364,Thursday,18,3,Spring,0
10023456783,2024-03-21 19:00:00,2024-03-21,19:00:00,2.3488,Thursday,19,3,Spring,0
10023456783,2024-03-21 20:00:00,2024-03-21,20:00:00,2.5530,Thursday,20,3,Spring,0
10023456783,2024-03-21 21:00:00,2024-03-21,21:00:00,1.9576,Thursday,21,3,Spring,0
10023456783,2024-03-21 22:00:00,2024-03-21,22:00:00,1.9502,Thursday,22,3,Spring,0
10023456783,2024-03-21 23:00:00,2024-03-21,23:00:00,0.8816,Thursday,23,3,Spring,0
10023456783,2024-03-22 00:00:00,2024-03-22,00:00:00,0.5638,Friday,0,3,Spring,0
10023456783,2024-03-22 01:00:00,2024-03-22,01:00:00,0.4441,Friday,1,3,Spring,0
10023456783,2024-03-22 02:00:00,2024-03-22,02:00:00,0.4313,Friday,2,3,Spring,0
10023456783,2024-03-22 03:00:00,2024-03-22,03:00:00,0.4393,Friday,3,3,Spring,0
10023456783,2024-03-22 04:00:00,2024-03-22,04:00:00,0.4346,Friday,4,3,Spring,0
10023456783,2024-03-22 05:00:00,2024-03-22,05:00:00,4.1486,Friday,5,3,Spring,1
10023456783,2024-03-22 06:00:00,2024-03-22,06:00:00,1.3730,Friday,6,3,Spring,0
10023456783,2024-03-22 07:00:00,2024-03-22,07:00:00,1.9541,Friday,7,3,Spring,0
10023456783,2024-03-22 08:00:00,2024-03-22,08:00:00,2.1999,Friday,8,3,Spring,0
10023456783,2024-03-22 09:00:00,2024-03-22,09:00:00,2.0868,Friday,9,3,Spring,0
10023456783,2024-03-22 10:00:00,2024-03-22,10:00:00,1.1403,Friday,10,3,Spring,0
10023456783,2024-03-22 11:00:00,2024-03-22,11:00:00,1.1451,Friday,11,3,Spring,0
10023456783,2024-03-22 12:00:00,2024-03-22,12:00:00,1.2758,Friday,12,3,Spring,0
10023456783,2024-03-22 13:00:00,2024-03-22,13:00:00,1.3718,Friday,13,3,Spring,0
10023456783,2024-03-22 14:00:00,2024-03-22,14:00:00,1.2129,Friday,14,3,Spring,0
10023456783,2024-03-22 15:00:00,2024-03-22,15:00:00,1.3022,Friday,15,3,Spring,0
10023456783,2024-03-22 16:00:00,2024-03-22,16:00:00,1.3889,Friday,16,3,Spring,0
10023456783,2024-03-22 17:00:00,2024-03-22,17:00:00,1.8075,Friday,17,3,Spring,0
10023456783,2024-03-22 18:00:00,2024-03-22,18:00:00,2.7393,Friday,18,3,Spring,0
10023456783,2024-03-22 19:00:00,2024-03-22,19:00:00,2.8364,Friday,19,3,Spring,0
10023456783,2024-03-22 20:00:00,2024-03-22,20:00:00,2.2715,Friday,20,3,Spring,0
10023456783,2024-03-22 21:00:00,2024-03-22,21:00:00,2.4764,Friday,21,3,Spring,0
10023456783,2024-03-22 22:00:00,2024-03-22,22:00:00,1.7797,Friday,22,3,Spring,0
10023456783,2024-03-22 23:00:00,2024-03-22,23:00:00,1.0002,Friday,23,3,Spring,0
10023456783,2024-03-23 00:00:00,2024-03-23,00:00:00,0.7187,Saturday,0,3,Spring,0
10023456783,2024-03-23 01:00:00,2024-03-23,01:00:00,0.6259,Saturday,1,3,Spring,0
10023456783,2024-03-23 02:00:00,2024-03-23,02:00:00,0.5024,Saturday,2,3,Spring,0
10023456783,2024-03-23 03:00:00,2024-03-23,03:00:00,0.6227,Saturday,3,3,Spring,0
10023456783,2024-03-23 04:00:00,2024-03-23,04:00:00,0.5501,Saturday,4,3,Spring,0
10023456783,2024-03-23 05:00:00,2024-03-23,05:00:00,0.5957,Saturday,5,3,Spring,0
10023456783,2024-03-23 06:00:00,2024-03-23,06:00:00,1.0301,Saturday,6,3,Spring,0
10023456783,2024-03-23 07:00:00,2024-03-23,07:00:00,1.7988,Saturday,7,3,Spring,0
10023456783,2024-03-23 08:00:00,2024-03-23,08:00:00,2.1865,Saturday,8,3,Spring,0
10023456783,2024-03-23 09:00:00,2024-03-23,09:00:00,2.4523,Saturday,9,3,Spring,0
10023456783,2024-03-23 10:00:00,2024-03-23,10:00:00,2.2306,Saturday,10,3,Spring,0
10023456783,2024-03-23 11:00:00,2024-03-23,11:00:00,1.6623,Saturday,11,3,Spring,0
10023456783,2024-03-23 12:00:00,2024-03-23,12:00:00,1.8530,Saturday,12,3,Spring,0
10023456783,2024-03-23 13:00:00,2024-03-23,13:00:00,1.6845,Saturday,13,3,Spring,0
10023456783,2024-03-23 14:00:00,2024-03-23,14:00:00,1.7688,Saturday,14,3,Spring,0
10023456783,2024-03-23 15:00:00,2024-03-23,15:00:00,1.9320,Saturday,15,3,Spring,0
10023456783,2024-03-23 16:00:00,2024-03-23,16:00:00,2.0102,Saturday,16,3,Spring,0
10023456783,2024-03-23 17:00:00,2024-03-23,17:00:00,2.3468,Saturday,17,3,Spring,0
10023456783,2024-03-23 18:00:00,2024-03-23,18:00:00,2.9057,Saturday,18,3,Spring,0
10023456783,2024-03-23 19:00:00,2024-03-23,19:00:00,3.3468,Saturday,19,3,Spring,0
10023456783,2024-03-23 20:00:00,2024-03-23,20:00:00,2.9874,Saturday,20,3,Spring,0
10023456783,2024-03-23 21:00:00,2024-03-23,21:00:00,2.9212,Saturday,21,3,Spring,0
10023456783,2024-03-23 22:00:00,2024-03-23,22:00:00,2.0338,Saturday,22,3,Spring,0
10023456783,2024-03-23 23:00:00,2024-03-23,23:00:00,1.5591,Saturday,23,3,Spring,0
10023456783,2024-03-24 00:00:00,2024-03-24,00:00:00,0.6359,Sunday,0,3,Spring,0
10023456783,2024-03-24 01:00:00,2024-03-24,01:00:00,0.6115,Sunday,1,3,Spring,0
10023456783,2024-03-24 02:00:00,2024-03-24,02:00:00,0.4729,Sunday,2,3,Spring,0
10023456783,2024-03-24 03:00:00,2024-03-24,03:00:00,0.5542,Sunday,3,3,Spring,0
10023456783,2024-03-24 04:00:00,2024-03-24,04:00:00,0.4482,Sunday,4,3,Spring,0
10023456783,2024-03-24 05:00:00,2024-03-24,05:00:00,0.6226,Sunday,5,3,Spring,0
10023456783,2024-03-24 06:00:00,2024-03-24,06:00:00,0.8374,Sunday,6,3,Spring,0
10023456783,2024-03-24 07:00:00,2024-03-24,07:00:00,1.3736,Sunday,7,3,Spring,0
10023456783,2024-03-24 08:00:00,2024-03-24,08:00:00,2.2063,Sunday,8,3,Spring,0
10023456783,2024-03-24 09:00:00,2024-03-24,09:00:00,2.1610,Sunday,9,3,Spring,0
10023456783,2024-03-24 10:00:00,2024-03-24,10:00:00,1.8562,Sunday,10,3,Spring,0
10023456783,2024-03-24 11:00:00,2024-03-24,11:00:00,1.7965,Sunday,11,3,Spring,0
10023456783,2024-03-24 12:00:00,2024-03-24,12:00:00,1.4575,Sunday,12,3,Spring,0
10023456783,2024-03-24 13:00:00,2024-03-24,13:00:00,1.9576,Sunday,13,3,Spring,0
10023456783,2024-03-24 14:00:00,2024-03-24,14:00:00,6.7200,Sunday,14,3,Spring,1
10023456783,2024-03-24 15:00:00,2024-03-24,15:00:00,1.6058,Sunday,15,3,Spring,0
10023456783,2024-03-24 16:00:00,2024-03-24,16:00:00,1.4846,Sunday,16,3,Spring,0
10023456783,2024-03-24 17:00:00,2024-03-24,17:00:00,2.0892,Sunday,17,3,Spring,0
10023456783,2024-03-24 18:00:00,2024-03-24,18:00:00,2.4735,Sunday,18,3,Spring,0
10023456783,2024-03-24 19:00:00,2024-03-24,19:00:00,2.9005,Sunday,19,3,Spring,0
10023456783,2024-03-24 20:00:00,2024-03-24,20:00:00,2.8130,Sunday,20,3,Spring,0
10023456783,2024-03-24 21:00:00,2024-03-24,21:00:00,1.9861,Sunday,21,3,Spring,0
10023456783,2024-03-24 22:00:00,2024-03-24,22:00:00,1.7274,Sunday,22,3,Spring,0
10023456783,2024-03-24 23:00:00,2024-03-24,23:00:00,1.1007,Sunday,23,3,Spring,0
10023456783,2024-03-25 00:00:00,2024-03-25,00:00:00,0.4984,Monday,0,3,Spring,0
10023456783,2024-03-25 01:00:00,2024-03-25,01:00:00,0.5281,Monday,1,3,Spring,0
10023456783,2024-03-25 02:00:00,2024-03-25,02:00:00,0.4446,Monday,2,3,Spring,0
10023456783,2024-03-25 03:00:00,2024-03-25,03:00:00,0.4260,Monday,3,3,Spring,0
10023456783,2024-03-25 04:00:00,2024-03-25,04:00:00,0.4878,Monday,4,3,Spring,0
10023456783,2024-03-25 05:00:00,2024-03-25,05:00:00,0.6744,Monday,5,3,Spring,0
10023456783,2024-03-25 06:00:00,2024-03-25,06:00:00,1.1959,Monday,6,3,Spring,0
10023456783,2024-03-25 07:00:00,2024-03-25,07:00:00,1.6638,Monday,7,3,Spring,0
10023456783,2024-03-25 08:00:00,2024-03-25,08:00:00,1.6647,Monday,8,3,Spring,0
10023456783,2024-03-25 09:00:00,2024-03-25,09:00:00,1.6646,Monday,9,3,Spring,0
10023456783,2024-03-25 10:00:00,2024-03-25,10:00:00,1.3818,Monday,10,3,Spring,0
10023456783,2024-03-25 11:00:00,2024-03-25,11:00:00,1.1107,Monday,11,3,Spring,0
10023456783,2024-03-25 12:00:00,2024-03-25,12:00:00,1.3585,Monday,12,3,Spring,0
10023456783,2024-03-25 13:00:00,2024-03-25,13:00:00,1.2102,Monday,13,3,Spring,0
10023456783,2024-03-25 14:00:00,2024-03-25,14:00:00,1.2390,Monday,14,3,Spring,0
10023456783,2024-03-25 15:00:00,2024-03-25,15:00:00,1.2039,Monday,15,3,Spring,0
10023456783,2024-03-25 16:00:00,2024-03-25,16:00:00,1.6475,Monday,16,3,Spring,0
10023456783,2024-03-25 17:00:00,2024-03-25,17:00:00,1.9490,Monday,17,3,Spring,0
10023456783,2024-03-25 18:00:00,2024-03-25,18:00:00,2.2504,Monday,18,3,Spring,0
10023456783,2024-03-25 19:00:00,2024-03-25,19:00:00,2.6636,Monday,19,3,Spring,0
10023456783,2024-03-25 20:00:00,2024-03-25,20:00:00,2.9313,Monday,20,3,Spring,0
10023456783,2024-03-25 21:00:00,2024-03-25,21:00:00,1.9692,Monday,21,3,Spring,0
10023456783,2024-03-25 22:00:00,2024-03-25,22:00:00,1.6800,Monday,22,3,Spring,0
10023456783,2024-03-25 23:00:00,2024-03-25,23:00:00,0.8644,Monday,23,3,Spring,0
10023456783,2024-03-26 00:00:00,2024-03-26,00:00:00,0.5185,Tuesday,0,3,Spring,0
10023456783,2024-03-26 01:00:00,2024-03-26,01:00:00,0.4236,Tuesday,1,3,Spring,0
10023456783,2024-03-26 02:00:00,2024-03-26,02:00:00,0.4760,Tuesday,2,3,Spring,0
10023456783,2024-03-26 03:00:00,2024-03-26,03:00:00,0.4244,Tuesday,3,3,Spring,0
10023456783,2024-03-26 04:00:00,2024-03-26,04:00:00,0.4187,Tuesday,4,3,Spring,0
10023456783,2024-03-26 05:00:00,2024-03-26,05:00:00,0.7108,Tuesday,5,3,Spring,0
10023456783,2024-03-26 06:00:00,2024-03-26,06:00:00,1.3747,Tuesday,6,3,Spring,0
10023456783,2024-03-26 07:00:00,2024-03-26,07:00:00,1.8318,Tuesday,7,3,Spring,0
10023456783,2024-03-26 08:00:00,2024-03-26,08:00:00,1.8452,Tuesday,8,3,Spring,0
10023456783,2024-03-26 09:00:00,2024-03-26,09:00:00,1.6678,Tuesday,9,3,Spring,0
10023456783,2024-03-26 10:00:00,2024-03-26,10:00:00,1.2888,Tuesday,10,3,Spring,0
10023456783,2024-03-26 11:00:00,2024-03-26,11:00:00,1.0998,Tuesday,11,3,Spring,0
10023456783,2024-03-26 12:00:00,2024-03-26,12:00:00,1.2863,Tuesday,12,3,Spring,0
10023456783,2024-03-26 13:00:00,2024-03-26,13:00:00,1.3009,Tuesday,13,3,Spring,0
10023456783,2024-03-26 14:00:00,2024-03-26,14:00:00,1.2249,Tuesday,14,3,Spring,0
10023456783,2024-03-26 15:00:00,2024-03-26,15:00:00,1.2007,Tuesday,15,3,Spring,0
10023456783,2024-03-26 16:00:00,2024-03-26,16:00:00,1.5170,Tuesday,16,3,Spring,0
10023456783,2024-03-26 17:00:00,2024-03-26,17:00:00,1.8290,Tuesday,17,3,Spring,0
10023456783,2024-03-26 18:00:00,2024-03-26,18:00:00,2.5803,Tuesday,18,3,Spring,0
10023456783,2024-03-26 19:00:00,2024-03-26,19:00:00,2.5510,Tuesday,19,3,Spring,0
10023456783,2024-03-26 20:00:00,2024-03-26,20:00:00,2.9055,Tuesday,20,3,Spring,0
10023456783,2024-03-26 21:00:00,2024-03-26,21:00:00,2.1352,Tuesday,21,3,Spring,0
10023456783,2024-03-26 22:00:00,2024-03-26,22:00:00,1.5520,Tuesday,22,3,Spring,0
10023456783,2024-03-26 23:00:00,2024-03-26,23:00:00,0.9840,Tuesday,23,3,Spring,0
10023456783,2024-03-27 00:00:00,2024-03-27,00:00:00,4.5752,Wednesday,0,3,Spring,1
10023456783,2024-03-27 01:00:00,2024-03-27,01:00:00,0.6386,Wednesday,1,3,Spring,0
10023456783,2024-03-27 02:00:00,2024-03-27,02:00:00,0.6084,Wednesday,2,3,Spring,0
10023456783,2024-03-27 03:00:00,2024-03-27,03:00:00,0.5737,Wednesday,3,3,Spring,0
10023456783,2024-03-27 04:00:00,2024-03-27,04:00:00,4.1278,Wednesday,4,3,Spring,1
10023456783,2024-03-27 05:00:00,2024-03-27,05:00:00,3.4796,Wednesday,5,3,Spring,1
10023456783,2024-03-27 06:00:00,2024-03-27,06:00:00,1.0944,Wednesday,6,3,Spring,0
10023456783,2024-03-27 07:00:00,2024-03-27,07:00:00,2.4375,Wednesday,7,3,Spring,0
10023456783,2024-03-27 08:00:00,2024-03-27,08:00:00,2.6016,Wednesday,8,3,Spring,0
10023456783,2024-03-27 09:00:00,2024-03-27,09:00:00,1.6485,Wednesday,9,3,Spring,0
10023456783,2024-03-27 10:00:00,2024-03-27,10:00:00,1.6444,Wednesday,10,3,Spring,0
10023456783,2024-03-27 11:00:00,2024-03-27,11:00:00,1.7255,Wednesday,11,3,Spring,0
10023456783,2024-03-27 12:00:00,2024-03-27,12:00:00,1.3082,Wednesday,12,3,Spring,0
10023456783,2024-03-27 13:00:00,2024-03-27,13:00:00,1.5331,Wednesday,13,3,Spring,0
10023456783,2024-03-27 14:00:00,2024-03-27,14:00:00,1.4277,Wednesday,14,3,Spring,0
10023456783,2024-03-27 15:00:00,2024-03-27,15:00:00,1.6696,Wednesday,15,3,Spring,0
10023456783,2024-03-27 16:00:00,2024-03-27,16:00:00,2.2189,Wednesday,16,3,Spring,0
10023456783,2024-03-27 17:00:00,2024-03-27,17:00:00,2.4737,Wednesday,17,3,Spring,0
10023456783,2024-03-27 18:00:00,2024-03-27,18:00:00,3.5962,Wednesday,18,3,Spring,0
10023456783,2024-03-27 19:00:00,2024-03-27,19:00:00,3.6655,Wednesday,19,3,Spring,0
10023456783,2024-03-27 20:00:00,2024-03-27,20:00:00,3.1213,Wednesday,20,3,Spring,0
10023456783,2024-03-27 21:00:00,2024-03-27,21:00:00,14.3998,Wednesday,21,3,Spring,1
10023456783,2024-03-27 22:00:00,2024-03-27,22:00:00,2.0710,Wednesday,22,3,Spring,0
10023456783,2024-03-27 23:00:00,2024-03-27,23:00:00,1.3401,Wednesday,23,3,Spring,0
10023456783,2024-03-28 00:00:00,2024-03-28,00:00:00,0.3937,Thursday,0,3,Spring,0
10023456783,2024-03-28 01:00:00,2024-03-28,01:00:00,0.3401,Thursday,1,3,Spring,0
10023456783,2024-03-28 02:00:00,2024-03-28,02:00:00,0.4059,Thursday,2,3,Spring,0
10023456783,2024-03-28 03:00:00,2024-03-28,03:00:00,0.4536,Thursday,3,3,Spring,0
10023456783,2024-03-28 04:00:00,2024-03-28,04:00:00,0.4309,Thursday,4,3,Spring,0
10023456783,2024-03-28 05:00:00,2024-03-28,05:00:00,0.7441,Thursday,5,3,Spring,0
10023456783,2024-03-28 06:00:00,2024-03-28,06:00:00,0.9744,Thursday,6,3,Spring,0
10023456783,2024-03-28 07:00:00,2024-03-28,07:00:00,1.5148,Thursday,7,3,Spring,0
10023456783,2024-03-28 08:00:00,2024-03-28,08:00:00,1.6954,Thursday,8,3,Spring,0
10023456783,2024-03-28 09:00:00,2024-03-28,09:00:00,1.6889,Thursday,9,3,Spring,0
10023456783,2024-03-28 10:00:00,2024-03-28,10:00:00,1.0931,Thursday,10,3,Spring,0
10023456783,2024-03-28 11:00:00,2024-03-28,11:00:00,0.9610,Thursday,11,3,Spring,0
10023456783,2024-03-28 12:00:00,2024-03-28,12:00:00,1.0131,Thursday,12,3,Spring,0
10023456783,2024-03-28 13:00:00,2024-03-28,13:00:00,0.9281,Thursday,13,3,Spring,0
10023456783,2024-03-28 14:00:00,2024-03-28,14:00:00,1.1148,Thursday,14,3,Spring,0
10023456783,2024-03-28 15:00:00,2024-03-28,15:00:00,1.2151,Thursday,15,3,Spring,0
10023456783,2024-03-28 16:00:00,2024-03-28,16:00:00,1.4452,Thursday,16,3,Spring,0
10023456783,2024-03-28 17:00:00,2024-03-28,17:00:00,1.5398,Thursday,17,3,Spring,0
10023456783,2024-03-28 18:00:00,2024-03-28,18:00:00,2.1692,Thursday,18,3,Spring,0
10023456783,2024-03-28 19:00:00,2024-03-28,19:00:00,2.6066,Thursday,19,3,Spring,0
10023456783,2024-03-28 20:00:00,2024-03-28,20:00:00,2.6711,Thursday,20,3,Spring,0
10023456783,2024-03-28 21:00:00,2024-03-28,21:00:00,2.1473,Thursday,21,3,Spring,0
10023456783,2024-03-28 22:00:00,2024-03-28,22:00:00,1.4497,Thursday,22,3,Spring,0
10023456783,2024-03-28 23:00:00,2024-03-28,23:00:00,1.0434,Thursday,23,3,Spring,0
10023456783,2024-03-29 00:00:00,2024-03-29,00:00:00,0.6076,Friday,0,3,Spring,0
10023456783,2024-03-29 01:00:00,2024-03-29,01:00:00,0.4554,Friday,1,3,Spring,0
10023456783,2024-03-29 02:00:00,2024-03-29,02:00:00,0.4680,Friday,2,3,Spring,0
10023456783,2024-03-29 03:00:00,2024-03-29,03:00:00,0.4164,Friday,3,3,Spring,0
10023456783,2024-03-29 04:00:00,2024-03-29,04:00:00,0.6454,Friday,4,3,Spring,0
10023456783,2024-03-29 05:00:00,2024-03-29,05:00:00,0.7501,Friday,5,3,Spring,0
10023456783,2024-03-29 06:00:00,2024-03-29,06:00:00,1.3442,Friday,6,3,Spring,0
10023456783,2024-03-29 07:00:00,2024-03-29,07:00:00,1.8151,Friday,7,3,Spring,0
10023456783,2024-03-29 08:00:00,2024-03-29,08:00:00,2.0292,Friday,8,3,Spring,0
10023456783,2024-03-29 09:00:00,2024-03-29,09:00:00,1.8524,Friday,9,3,Spring,0
10023456783,2024-03-29 10:00:00,2024-03-29,10:00:00,1.4935,Friday,10,3,Spring,0
10023456783,2024-03-29 11:00:00,2024-03-29,11:00:00,1.2356,Friday,11,3,Spring,0
10023456783,2024-03-29 12:00:00,2024-03-29,12:00:00,1.2374,Friday,12,3,Spring,0
10023456783,2024-03-29 13:00:00,2024-03-29,13:00:00,1.2024,Friday,13,3,Spring,0
10023456783,2024-03-29 14:00:00,2024-03-29,14:00:00,1.4517,Friday,14,3,Spring,0
10023456783,2024-03-29 15:00:00,2024-03-29,15:00:00,1.4255,Friday,15,3,Spring,0
10023456783,2024-03-29 16:00:00,2024-03-29,16:00:00,1.6033,Friday,16,3,Spring,0
10023456783,2024-03-29 17:00:00,2024-03-29,17:00:00,2.2401,Friday,17,3,Spring,0
10023456783,2024-03-29 18:00:00,2024-03-29,18:00:00,2.7634,Friday,18,3,Spring,0
10023456783,2024-03-29 19:00:00,2024-03-29,19:00:00,3.3104,Friday,19,3,Spring,0
10023456783,2024-03-29 20:00:00,2024-03-29,20:00:00,3.1342,Friday,20,3,Spring,0
10023456783,2024-03-29 21:00:00,2024-03-29,21:00:00,2.2414,Friday,21,3,Spring,0
10023456783,2024-03-29 22:00:00,2024-03-29,22:00:00,2.1062,Friday,22,3,Spring,0
10023456783,2024-03-29 23:00:00,2024-03-29,23:00:00,1.1207,Friday,23,3,Spring,0
10023456783,2024-03-30 00:00:00,2024-03-30,00:00:00,3.9613,Saturday,0,3,Spring,1
10023456783,2024-03-30 01:00:00,2024-03-30,01:00:00,0.4310,Saturday,1,3,Spring,0
10023456783,2024-03-30 02:00:00,2024-03-30,02:00:00,0.4576,Saturday,2,3,Spring,0
10023456783,2024-03-30 03:00:00,2024-03-30,03:00:00,0.3083,Saturday,3,3,Spring,0
10023456783,2024-03-30 04:00:00,2024-03-30,04:00:00,0.4614,Saturday,4,3,Spring,0
10023456783,2024-03-30 05:00:00,2024-03-30,05:00:00,4.3979,Saturday,5,3,Spring,1
10023456783,2024-03-30 06:00:00,2024-03-30,06:00:00,4.6590,Saturday,6,3,Spring,1
10023456783,2024-03-30 07:00:00,2024-03-30,07:00:00,4.1611,Saturday,7,3,Spring,1
10023456783,2024-03-30 08:00:00,2024-03-30,08:00:00,1.6761,Saturday,8,3,Spring,0
10023456783,2024-03-30 09:00:00,2024-03-30,09:00:00,1.8622,Saturday,9,3,Spring,0
10023456783,2024-03-30 10:00:00,2024-03-30,10:00:00,2.2455,Saturday,10,3,Spring,0
10023456783,2024-03-30 11:00:00,2024-03-30,11:00:00,1.5233,Saturday,11,3,Spring,0
10023456783,2024-03-30 12:00:00,2024-03-30,12:00:00,1.4176,Saturday,12,3,Spring,0
10023456783,2024-03-30 13:00:00,2024-03-30,13:00:00,1.3242,Saturday,13,3,Spring,0
10023456783,2024-03-30 14:00:00,2024-03-30,14:00:00,1.1727,Saturday,14,3,Spring,0
10023456783,2024-03-30 15:00:00,2024-03-30,15:00:00,1.4865,Saturday,15,3,Spring,0
10023456783,2024-03-30 16:00:00,2024-03-30,16:00:00,1.2949,Saturday,16,3,Spring,0
10023456783,2024-03-30 17:00:00,2024-03-30,17:00:00,1.8929,Saturday,17,3,Spring,0
10023456783,2024-03-30 18:00:00,2024-03-30,18:00:00,2.0912,Saturday,18,3,Spring,0
10023456783,2024-03-30 19:00:00,2024-03-30,19:00:00,2.2949,Saturday,19,3,Spring,0
10023456783,2024-03-30 20:00:00,2024-03-30,20:00:00,2.0697,Saturday,20,3,Spring,0
10023456783,2024-03-30 21:00:00,2024-03-30,21:00:00,1.8178,Saturday,21,3,Spring,0
10023456783,2024-03-30 22:00:00,2024-03-30,22:00:00,1.9737,Saturday,22,3,Spring,0
10023456783,2024-03-30 23:00:00,2024-03-30,23:00:00,1.1844,Saturday,23,3,Spring,0
10023456783,2024-03-31 00:00:00,2024-03-31,00:00:00,0.6485,Sunday,0,3,Spring,0
10023456783,2024-03-31 01:00:00,2024-03-31,01:00:00,0.4474,Sunday,1,3,Spring,0
10023456783,2024-03-31 02:00:00,2024-03-31,02:00:00,0.3402,Sunday,2,3,Spring,0
10023456783,2024-03-31 03:00:00,2024-03-31,03:00:00,0.3959,Sunday,3,3,Spring,0
10023456783,2024-03-31 04:00:00,2024-03-31,04:00:00,0.3687,Sunday,4,3,Spring,0
10023456783,2024-03-31 05:00:00,2024-03-31,05:00:00,0.6259,Sunday,5,3,Spring,0
10023456783,2024-03-31 06:00:00,2024-03-31,06:00:00,0.8109,Sunday,6,3,Spring,0
10023456783,2024-03-31 07:00:00,2024-03-31,07:00:00,1.0847,Sunday,7,3,Spring,0
10023456783,2024-03-31 08:00:00,2024-03-31,08:00:00,1.6316,Sunday,8,3,Spring,0
10023456783,2024-03-31 09:00:00,2024-03-31,09:00:00,1.7016,Sunday,9,3,Spring,0
10023456783,2024-03-31 10:00:00,2024-03-31,10:00:00,1.5448,Sunday,10,3,Spring,0
10023456783,2024-03-31 11:00:00,2024-03-31,11:00:00,1.6186,Sunday,11,3,Spring,0
10023456783,2024-03-31 12:00:00,2024-03-31,12:00:00,1.5586,Sunday,12,3,Spring,0
10023456783,2024-03-31 13:00:00,2024-03-31,13:00:00,1.3619,Sunday,13,3,Spring,0
10023456783,2024-03-31 14:00:00,2024-03-31,14:00:00,5.0381,Sunday,14,3,Spring,1
10023456783,2024-03-31 15:00:00,2024-03-31,15:00:00,1.4588,Sunday,15,3,Spring,0
10023456783,2024-03-31 16:00:00,2024-03-31,16:00:00,1.9641,Sunday,16,3,Spring,0
10023456783,2024-03-31 17:00:00,2024-03-31,17:00:00,1.6908,Sunday,17,3,Spring,0
10023456783,2024-03-31 18:00:00,2024-03-31,18:00:00,2.3317,Sunday,18,3,Spring,0
10023456783,2024-03-31 19:00:00,2024-03-31,19:00:00,2.5448,Sunday,19,3,Spring,0
10023456783,2024-03-31 20:00:00,2024-03-31,20:00:00,2.4428,Sunday,20,3,Spring,0
10023456783,2024-03-31 21:00:00,2024-03-31,21:00:00,2.2489,Sunday,21,3,Spring,0
10023456783,2024-03-31 22:00:00,2024-03-31,22:00:00,1.5746,Sunday,22,3,Spring,0
10023456783,2024-03-31 23:00:00,2024-03-31,23:00:00,1.2021,Sunday,23,3,Spring,0
10023456783,2024-04-01 00:00:00,2024-04-01,00:00:00,0.5261,Monday,0,4,Spring,0
10023456783,2024-04-01 01:00:00,2024-04-01,01:00:00,0.5707,Monday,1,4,Spring,0
10023456783,2024-04-01 02:00:00,2024-04-01,02:00:00,0.5841,Monday,2,4,Spring,0
10023456783,2024-04-01 03:00:00,2024-04-01,03:00:00,0.5037,Monday,3,4,Spring,0
10023456783,2024-04-01 04:00:00,2024-04-01,04:00:00,0.5944,Monday,4,4,Spring,0
10023456783,2024-04-01 05:00:00,2024-04-01,05:00:00,0.8565,Monday,5,4,Spring,0
10023456783,2024-04-01 06:00:00,2024-04-01,06:00:00,1.4399,Monday,6,4,Spring,0
10023456783,2024-04-01 07:00:00,2024-04-01,07:00:00,2.4610,Monday,7,4,Spring,0
10023456783,2024-04-01 08:00:00,2024-04-01,08:00:00,2.2679,Monday,8,4,Spring,0
10023456783,2024-04-01 09:00:00,2024-04-01,09:00:00,1.7826,Monday,9,4,Spring,0
10023456783,2024-04-01 10:00:00,2024-04-01,10:00:00,1.6010,Monday,10,4,Spring,0
10023456783,2024-04-01 11:00:00,2024-04-01,11:00:00,1.4081,Monday,11,4,Spring,0
10023456783,2024-04-01 12:00:00,2024-04-01,12:00:00,1.3087,Monday,12,4,Spring,0
10023456783,2024-04-01 13:00:00,2024-04-01,13:00:00,1.4075,Monday,13,4,Spring,0
10023456783,2024-04-01 14:00:00,2024-04-01,14:00:00,1.3919,Monday,14,4,Spring,0
10023456783,2024-04-01 15:00:00,2024-04-01,15:00:00,1.3520,Monday,15,4,Spring,0
10023456783,2024-04-01 16:00:00,2024-04-01,16:00:00,1.7835,Monday,16,4,Spring,0
10023456783,2024-04-01 17:00:00,2024-04-01,17:00:00,2.1603,Monday,17,4,Spring,0
10023456783,2024-04-01 18:00:00,2024-04-01,18:00:00,2.9574,Monday,18,4,Spring,0
10023456783,2024-04-01 19:00:00,2024-04-01,19:00:00,3.3779,Monday,19,4,Spring,0
10023456783,2024-04-01 20:00:00,2024-04-01,20:00:00,2.6097,Monday,20,4,Spring,0
10023456783,2024-04-01 21:00:00,2024-04-01,21:00:00,2.2755,Monday,21,4,Spring,0
10023456783,2024-04-01 22:00:00,2024-04-01,22:00:00,1.7059,Monday,22,4,Spring,0
10023456783,2024-04-01 23:00:00,2024-04-01,23:00:00,1.0777,Monday,23,4,Spring,0
10023456783,2024-04-02 00:00:00,2024-04-02,00:00:00,0.6039,Tuesday,0,4,Spring,0
10023456783,2024-04-02 01:00:00,2024-04-02,01:00:00,0.6585,Tuesday,1,4,Spring,0
10023456783,2024-04-02 02:00:00,2024-04-02,02:00:00,0.5450,Tuesday,2,4,Spring,0
10023456783,2024-04-02 03:00:00,2024-04-02,03:00:00,0.5997,Tuesday,3,4,Spring,0
10023456783,2024-04-02 04:00:00,2024-04-02,04:00:00,0.6710,Tuesday,4,4,Spring,0
10023456783,2024-04-02 05:00:00,2024-04-02,05:00:00,0.8793,Tuesday,5,4,Spring,0
10023456783,2024-04-02 06:00:00,2024-04-02,06:00:00,1.5876,Tuesday,6,4,Spring,0
10023456783,2024-04-02 07:00:00,2024-04-02,07:00:00,2.6529,Tuesday,7,4,Spring,0
10023456783,2024-04-02 08:00:00,2024-04-02,08:00:00,2.2660,Tuesday,8,4,Spring,0
10023456783,2024-04-02 09:00:00,2024-04-02,09:00:00,2.3094,Tuesday,9,4,Spring,0
10023456783,2024-04-02 10:00:00,2024-04-02,10:00:00,1.6477,Tuesday,10,4,Spring,0
10023456783,2024-04-02 11:00:00,2024-04-02,11:00:00,1.4049,Tuesday,11,4,Spring,0
10023456783,2024-04-02 12:00:00,2024-04-02,12:00:00,1.5060,Tuesday,12,4,Spring,0
10023456783,2024-04-02 13:00:00,2024-04-02,13:00:00,1.5111,Tuesday,13,4,Spring,0
10023456783,2024-04-02 14:00:00,2024-04-02,14:00:00,7.1408,Tuesday,14,4,Spring,1
10023456783,2024-04-02 15:00:00,2024-04-02,15:00:00,1.6648,Tuesday,15,4,Spring,0
10023456783,2024-04-02 16:00:00,2024-04-02,16:00:00,1.8347,Tuesday,16,4,Spring,0
10023456783,2024-04-02 17:00:00,2024-04-02,17:00:00,2.5822,Tuesday,17,4,Spring,0
10023456783,2024-04-02 18:00:00,2024-04-02,18:00:00,3.0548,Tuesday,18,4,Spring,0
10023456783,2024-04-02 19:00:00,2024-04-02,19:00:00,3.6709,Tuesday,19,4,Spring,0
10023456783,2024-04-02 20:00:00,2024-04-02,20:00:00,3.0047,Tuesday,20,4,Spring,0
10023456783,2024-04-02 21:00:00,2024-04-02,21:00:00,3.1681,Tuesday,21,4,Spring,0
10023456783,2024-04-02 22:00:00,2024-04-02,22:00:00,1.6341,Tuesday,22,4,Spring,0
10023456783,2024-04-02 23:00:00,2024-04-02,23:00:00,1.0721,Tuesday,23,4,Spring,0
10023456783,2024-04-03 00:00:00,2024-04-03,00:00:00,0.4712,Wednesday,0,4,Spring,0
10023456783,2024-04-03 01:00:00,2024-04-03,01:00:00,0.4355,Wednesday,1,4,Spring,0
10023456783,2024-04-03 02:00:00,2024-04-03,02:00:00,0.4485,Wednesday,2,4,Spring,0
10023456783,2024-04-03 03:00:00,2024-04-03,03:00:00,0.4886,Wednesday,3,4,Spring,0
10023456783,2024-04-03 04:00:00,2024-04-03,04:00:00,0.5090,Wednesday,4,4,Spring,0
10023456783,2024-04-03 05:00:00,2024-04-03,05:00:00,0.7228,Wednesday,5,4,Spring,0
10023456783,2024-04-03 06:00:00,2024-04-03,06:00:00,1.4061,Wednesday,6,4,Spring,0
10023456783,2024-04-03 07:00:00,2024-04-03,07:00:00,1.4460,Wednesday,7,4,Spring,0
10023456783,2024-04-03 08:00:00,2024-04-03,08:00:00,2.3651,Wednesday,8,4,Spring,0
10023456783,2024-04-03 09:00:00,2024-04-03,09:00:00,1.7130,Wednesday,9,4,Spring,0
10023456783,2024-04-03 10:00:00,2024-04-03,10:00:00,1.2660,Wednesday,10,4,Spring,0
10023456783,2024-04-03 11:00:00,2024-04-03,11:00:00,1.2769,Wednesday,11,4,Spring,0
10023456783,2024-04-03 12:00:00,2024-04-03,12:00:00,1.1823,Wednesday,12,4,Spring,0
10023456783,2024-04-03 13:00:00,2024-04-03,13:00:00,1.3154,Wednesday,13,4,Spring,0
10023456783,2024-04-03 14:00:00,2024-04-03,14:00:00,1.1831,Wednesday,14,4,Spring,0
10023456783,2024-04-03 15:00:00,2024-04-03,15:00:00,1.3952,Wednesday,15,4,Spring,0
10023456783,2024-04-03 16:00:00,2024-04-03,16:00:00,1.4529,Wednesday,16,4,Spring,0
10023456783,2024-04-03 17:00:00,2024-04-03,17:00:00,1.9145,Wednesday,17,4,Spring,0
10023456783,2024-04-03 18:00:00,2024-04-03,18:00:00,2.4378,Wednesday,18,4,Spring,0
10023456783,2024-04-03 19:00:00,2024-04-03,19:00:00,2.8315,Wednesday,19,4,Spring,0
10023456783,2024-04-03 20:00:00,2024-04-03,20:00:00,3.0928,Wednesday,20,4,Spring,0
10023456783,2024-04-03 21:00:00,2024-04-03,21:00:00,2.4328,Wednesday,21,4,Spring,0
10023456783,2024-04-03 22:00:00,2024-04-03,22:00:00,1.5190,Wednesday,22,4,Spring,0
10023456783,2024-04-03 23:00:00,2024-04-03,23:00:00,1.0421,Wednesday,23,4,Spring,0
10023456783,2024-04-04 00:00:00,2024-04-04,00:00:00,0.4376,Thursday,0,4,Spring,0
10023456783,2024-04-04 01:00:00,2024-04-04,01:00:00,0.3997,Thursday,1,4,Spring,0
10023456783,2024-04-04 02:00:00,2024-04-04,02:00:00,0.3797,Thursday,2,4,Spring,0
10023456783,2024-04-04 03:00:00,2024-04-04,03:00:00,0.3468,Thursday,3,4,Spring,0
10023456783,2024-04-04 04:00:00,2024-04-04,04:00:00,2.4598,Thursday,4,4,Spring,1
10023456783,2024-04-04 05:00:00,2024-04-04,05:00:00,0.6605,Thursday,5,4,Spring,0
10023456783,2024-04-04 06:00:00,2024-04-04,06:00:00,1.3582,Thursday,6,4,Spring,0
10023456783,2024-04-04 07:00:00,2024-04-04,07:00:00,1.6216,Thursday,7,4,Spring,0
10023456783,2024-04-04 08:00:00,2024-04-04,08:00:00,1.6297,Thursday,8,4,Spring,0
10023456783,2024-04-04 09:00:00,2024-04-04,09:00:00,1.5316,Thursday,9,4,Spring,0
10023456783,2024-04-04 10:00:00,2024-04-04,10:00:00,0.9385,Thursday,10,4,Spring,0
10023456783,2024-04-04 11:00:00,2024-04-04,11:00:00,0.9587,Thursday,11,4,Spring,0
10023456783,2024-04-04 12:00:00,2024-04-04,12:00:00,1.1546,Thursday,12,4,Spring,0
10023456783,2024-04-04 13:00:00,2024-04-04,13:00:00,1.2113,Thursday,13,4,Spring,0
10023456783,2024-04-04 14:00:00,2024-04-04,14:00:00,0.9369,Thursday,14,4,Spring,0
10023456783,2024-04-04 15:00:00,2024-04-04,15:00:00,1.0713,Thursday,15,4,Spring,0
10023456783,2024-04-04 16:00:00,2024-04-04,16:00:00,1.5604,Thursday,16,4,Spring,0
10023456783,2024-04-04 17:00:00,2024-04-04,17:00:00,1.5724,Thursday,17,4,Spring,0
10023456783,2024-04-04 18:00:00,2024-04-04,18:00:00,2.4809,Thursday,18,4,Spring,0
10023456783,2024-04-04 19:00:00,2024-04-04,19:00:00,2.1956,Thursday,19,4,Spring,0
10023456783,2024-04-04 20:00:00,2024-04-04,20:00:00,2.4785,Thursday,20,4,Spring,0
10023456783,2024-04-04 21:00:00,2024-04-04,21:00:00,2.3274,Thursday,21,4,Spring,0
10023456783,2024-04-04 22:00:00,2024-04-04,22:00:00,1.4169,Thursday,22,4,Spring,0
10023456783,2024-04-04 23:00:00,2024-04-04,23:00:00,0.9074,Thursday,23,4,Spring,0
10023456783,2024-04-05 00:00:00,2024-04-05,00:00:00,0.5610,Friday,0,4,Spring,0
10023456783,2024-04-05 01:00:00,2024-04-05,01:00:00,0.5076,Friday,1,4,Spring,0
10023456783,2024-04-05 02:00:00,2024-04-05,02:00:00,0.4161,Friday,2,4,Spring,0
10023456783,2024-04-05 03:00:00,2024-04-05,03:00:00,0.3341,Friday,3,4,Spring,0
10023456783,2024-04-05 04:00:00,2024-04-05,04:00:00,4.3615,Friday,4,4,Spring,1
10023456783,2024-04-05 05:00:00,2024-04-05,05:00:00,0.5324,Friday,5,4,Spring,0
10023456783,2024-04-05 06:00:00,2024-04-05,06:00:00,1.1034,Friday,6,4,Spring,0
10023456783,2024-04-05 07:00:00,2024-04-05,07:00:00,1.3745,Friday,7,4,Spring,0
10023456783,2024-04-05 08:00:00,2024-04-05,08:00:00,1.9231,Friday,8,4,Spring,0
10023456783,2024-04-05 09:00:00,2024-04-05,09:00:00,1.1370,Friday,9,4,Spring,0
10023456783,2024-04-05 10:00:00,2024-04-05,10:00:00,1.2264,Friday,10,4,Spring,0
10023456783,2024-04-05 11:00:00,2024-04-05,11:00:00,1.2865,Friday,11,4,Spring,0
10023456783,2024-04-05 12:00:00,2024-04-05,12:00:00,1.0292,Friday,12,4,Spring,0
10023456783,2024-04-05 13:00:00,2024-04-05,13:00:00,1.0055,Friday,13,4,Spring,0
10023456783,2024-04-05 14:00:00,2024-04-05,14:00:00,1.2945,Friday,14,4,Spring,0
10023456783,2024-04-05 15:00:00,2024-04-05,15:00:00,1.2190,Friday,15,4,Spring,0
10023456783,2024-04-05 16:00:00,2024-04-05,16:00:00,1.4463,Friday,16,4,Spring,0
10023456783,2024-04-05 17:00:00,2024-04-05,17:00:00,1.6934,Friday,17,4,Spring,0
10023456783,2024-04-05 18:00:00,2024-04-05,18:00:00,2.0066,Friday,18,4,Spring,0
10023456783,2024-04-05 19:00:00,2024-04-05,19:00:00,2.5528,Friday,19,4,Spring,0
10023456783,2024-04-05 20:00:00,2024-04-05,20:00:00,2.6065,Friday,20,4,Spring,0
10023456783,2024-04-05 21:00:00,2024-04-05,21:00:00,1.8925,Friday,21,4,Spring,0
10023456783,2024-04-05 22:00:00,2024-04-05,22:00:00,1.4378,Friday,22,4,Spring,0
10023456783,2024-04-05 23:00:00,2024-04-05,23:00:00,0.9060,Friday,23,4,Spring,0
10023456783,2024-04-06 00:00:00,2024-04-06,00:00:00,0.6041,Saturday,0,4,Spring,0
10023456783,2024-04-06 01:00:00,2024-04-06,01:00:00,0.4598,Saturday,1,4,Spring,0
10023456783,2024-04-06 02:00:00,2024-04-06,02:00:00,0.4327,Saturday,2,4,Spring,0
10023456783,2024-04-06 03:00:00,2024-04-06,03:00:00,0.3950,Saturday,3,4,Spring,0
10023456783,2024-04-06 04:00:00,2024-04-06,04:00:00,0.4467,Saturday,4,4,Spring,0
10023456783,2024-04-06 05:00:00,2024-04-06,05:00:00,0.6076,Saturday,5,4,Spring,0
10023456783,2024-04-06 06:00:00,2024-04-06,06:00:00,0.7890,Saturday,6,4,Spring,0
10023456783,2024-04-06 07:00:00,2024-04-06,07:00:00,1.2467,Saturday,7,4,Spring,0
10023456783,2024-04-06 08:00:00,2024-04-06,08:00:00,2.2696,Saturday,8,4,Spring,0
10023456783,2024-04-06 09:00:00,2024-04-06,09:00:00,2.0542,Saturday,9,4,Spring,0
10023456783,2024-04-06 10:00:00,2024-04-06,10:00:00,1.8668,Saturday,10,4,Spring,0
10023456783,2024-04-06 11:00:00,2024-04-06,11:00:00,1.6965,Saturday,11,4,Spring,0
10023456783,2024-04-06 12:00:00,2024-04-06,12:00:00,1.4648,Saturday,12,4,Spring,0
10023456783,2024-04-06 13:00:00,2024-04-06,13:00:00,1.2913,Saturday,13,4,Spring,0
10023456783,2024-04-06 14:00:00,2024-04-06,14:00:00,1.7295,Saturday,14,4,Spring,0
10023456783,2024-04-06 15:00:00,2024-04-06,15:00:00,1.3547,Saturday,15,4,Spring,0
10023456783,2024-04-06 16:00:00,2024-04-06,16:00:00,1.5019,Saturday,16,4,Spring,0
10023456783,2024-04-06 17:00:00,2024-04-06,17:00:00,2.2854,Saturday,17,4,Spring,0
10023456783,2024-04-06 18:00:00,2024-04-06,18:00:00,2.2212,Saturday,18,4,Spring,0
10023456783,2024-04-06 19:00:00,2024-04-06,19:00:00,3.0104,Saturday,19,4,Spring,0
10023456783,2024-04-06 20:00:00,2024-04-06,20:00:00,2.6977,Saturday,20,4,Spring,0
10023456783,2024-04-06 21:00:00,2024-04-06,21:00:00,2.0602,Saturday,21,4,Spring,0
10023456783,2024-04-06 22:00:00,2024-04-06,22:00:00,1.9051,Saturday,22,4,Spring,0
10023456783,2024-04-06 23:00:00,2024-04-06,23:00:00,1.1539,Saturday,23,4,Spring,0
10023456783,2024-04-07 00:00:00,2024-04-07,00:00:00,0.6017,Sunday,0,4,Spring,0
10023456783,2024-04-07 01:00:00,2024-04-07,01:00:00,0.4853,Sunday,1,4,Spring,0
10023456783,2024-04-07 02:00:00,2024-04-07,02:00:00,0.3839,Sunday,2,4,Spring,0
10023456783,2024-04-07 03:00:00,2024-04-07,03:00:00,0.3788,Sunday,3,4,Spring,0
10023456783,2024-04-07 04:00:00,2024-04-07,04:00:00,0.5257,Sunday,4,4,Spring,0
10023456783,2024-04-07 05:00:00,2024-04-07,05:00:00,0.5973,Sunday,5,4,Spring,0
10023456783,2024-04-07 06:00:00,2024-04-07,06:00:00,0.9395,Sunday,6,4,Spring,0
10023456783,2024-04-07 07:00:00,2024-04-07,07:00:00,1.2190,Sunday,7,4,Spring,0
10023456783,2024-04-07 08:00:00,2024-04-07,08:00:00,1.7344,Sunday,8,4,Spring,0
10023456783,2024-04-07 09:00:00,2024-04-07,09:00:00,2.3149,Sunday,9,4,Spring,0
10023456783,2024-04-07 10:00:00,2024-04-07,10:00:00,2.0174,Sunday,10,4,Spring,0
10023456783,2024-04-07 11:00:00,2024-04-07,11:00:00,1.6860,Sunday,11,4,Spring,0
10023456783,2024-04-07 12:00:00,2024-04-07,12:00:00,1.7952,Sunday,12,4,Spring,0
10023456783,2024-04-07 13:00:00,2024-04-07,13:00:00,1.5160,Sunday,13,4,Spring,0
10023456783,2024-04-07 14:00:00,2024-04-07,14:00:00,1.5620,Sunday,14,4,Spring,0
10023456783,2024-04-07 15:00:00,2024-04-07,15:00:00,1.1702,Sunday,15,4,Spring,0
10023456783,2024-04-07 16:00:00,2024-04-07,16:00:00,1.6341,Sunday,16,4,Spring,0
10023456783,2024-04-07 17:00:00,2024-04-07,17:00:00,1.9548,Sunday,17,4,Spring,0
10023456783,2024-04-07 18:00:00,2024-04-07,18:00:00,2.2500,Sunday,18,4,Spring,0
10023456783,2024-04-07 19:00:00,2024-04-07,19:00:00,2.9504,Sunday,19,4,Spring,0
10023456783,2024-04-07 20:00:00,2024-04-07,20:00:00,1.9497,Sunday,20,4,Spring,0
10023456783,2024-04-07 21:00:00,2024-04-07,21:00:00,2.1028,Sunday,21,4,Spring,0
10023456783,2024-04-07 22:00:00,2024-04-07,22:00:00,1.9331,Sunday,22,4,Spring,0
10023456783,2024-04-07 23:00:00,2024-04-07,23:00:00,0.8226,Sunday,23,4,Spring,0
10023456783,2024-04-08 00:00:00,2024-04-08,00:00:00,0.4433,Monday,0,4,Spring,0
10023456783,2024-04-08 01:00:00,2024-04-08,01:00:00,0.4047,Monday,1,4,Spring,0
10023456783,2024-04-08 02:00:00,2024-04-08,02:00:00,0.5050,Monday,2,4,Spring,0
10023456783,2024-04-08 03:00:00,2024-04-08,03:00:00,0.4101,Monday,3,4,Spring,0
10023456783,2024-04-08 04:00:00,2024-04-08,04:00:00,0.5019,Monday,4,4,Spring,0
10023456783,2024-04-08 05:00:00,2024-04-08,05:00:00,0.6537,Monday,5,4,Spring,0
10023456783,2024-04-08 06:00:00,2024-04-08,06:00:00,1.0595,Monday,6,4,Spring,0
10023456783,2024-04-08 07:00:00,2024-04-08,07:00:00,1.7274,Monday,7,4,Spring,0
10023456783,2024-04-08 08:00:00,2024-04-08,08:00:00,2.0752,Monday,8,4,Spring,0
10023456783,2024-04-08 09:00:00,2024-04-08,09:00:00,1.7734,Monday,9,4,Spring,0
10023456783,2024-04-08 10:00:00,2024-04-08,10:00:00,1.4180,Monday,10,4,Spring,0
10023456783,2024-04-08 11:00:00,2024-04-08,11:00:00,0.9740,Monday,11,4,Spring,0
10023456783,2024-04-08 12:00:00,2024-04-08,12:00:00,1.1470,Monday,12,4,Spring,0
10023456783,2024-04-08 13:00:00,2024-04-08,13:00:00,1.3778,Monday,13,4,Spring,0
10023456783,2024-04-08 14:00:00,2024-04-08,14:00:00,1.3480,Monday,14,4,Spring,0
10023456783,2024-04-08 15:00:00,2024-04-08,15:00:00,1.3100,Monday,15,4,Spring,0
10023456783,2024-04-08 16:00:00,2024-04-08,16:00:00,1.3251,Monday,16,4,Spring,0
10023456783,2024-04-08 17:00:00,2024-04-08,17:00:00,1.7315,Monday,17,4,Spring,0
10023456783,2024-04-08 18:00:00,2024-04-08,18:00:00,2.6053,Monday,18,4,Spring,0
10023456783,2024-04-08 19:00:00,2024-04-08,19:00:00,0.3399,Monday,19,4,Spring,1
10023456783,2024-04-08 20:00:00,2024-04-08,20:00:00,2.3392,Monday,20,4,Spring,0
10023456783,2024-04-08 21:00:00,2024-04-08,21:00:00,2.7959,Monday,21,4,Spring,0
10023456783,2024-04-08 22:00:00,2024-04-08,22:00:00,1.4785,Monday,22,4,Spring,0
10023456783,2024-04-08 23:00:00,2024-04-08,23:00:00,0.9975,Monday,23,4,Spring,0
10023456783,2024-04-09 00:00:00,2024-04-09,00:00:00,0.3595,Tuesday,0,4,Spring,0
10023456783,2024-04-09 01:00:00,2024-04-09,01:00:00,0.3511,Tuesday,1,4,Spring,0
10023456783,2024-04-09 02:00:00,2024-04-09,02:00:00,0.4089,Tuesday,2,4,Spring,0
10023456783,2024-04-09 03:00:00,2024-04-09,03:00:00,3.5997,Tuesday,3,4,Spring,1
10023456783,2024-04-09 04:00:00,2024-04-09,04:00:00,0.4120,Tuesday,4,4,Spring,0
10023456783,2024-04-09 05:00:00,2024-04-09,05:00:00,0.6082,Tuesday,5,4,Spring,0
10023456783,2024-04-09 06:00:00,2024-04-09,06:00:00,1.0946,Tuesday,6,4,Spring,0
10023456783,2024-04-09 07:00:00,2024-04-09,07:00:00,1.3708,Tuesday,7,4,Spring,0
10023456783,2024-04-09 08:00:00,2024-04-09,08:00:00,1.6719,Tuesday,8,4,Spring,0
10023456783,2024-04-09 09:00:00,2024-04-09,09:00:00,1.4749,Tuesday,9,4,Spring,0
10023456783,2024-04-09 10:00:00,2024-04-09,10:00:00,1.3006,Tuesday,10,4,Spring,0
10023456783,2024-04-09 11:00:00,2024-04-09,11:00:00,1.0187,Tuesday,11,4,Spring,0
10023456783,2024-04-09 12:00:00,2024-04-09,12:00:00,1.1964,Tuesday,12,4,Spring,0
10023456783,2024-04-09 13:00:00,2024-04-09,13:00:00,1.0043,Tuesday,13,4,Spring,0
10023456783,2024-04-09 14:00:00,2024-04-09,14:00:00,1.2092,Tuesday,14,4,Spring,0
10023456783,2024-04-09 15:00:00,2024-04-09,15:00:00,1.0661,Tuesday,15,4,Spring,0
10023456783,2024-04-09 16:00:00,2024-04-09,16:00:00,1.2979,Tuesday,16,4,Spring,0
10023456783,2024-04-09 17:00:00,2024-04-09,17:00:00,1.6175,Tuesday,17,4,Spring,0
10023456783,2024-04-09 18:00:00,2024-04-09,18:00:00,2.0816,Tuesday,18,4,Spring,0
10023456783,2024-04-09 19:00:00,2024-04-09,19:00:00,2.6418,Tuesday,19,4,Spring,0
10023456783,2024-04-09 20:00:00,2024-04-09,20:00:00,2.0046,Tuesday,20,4,Spring,0
10023456783,2024-04-09 21:00:00,2024-04-09,21:00:00,1.8956,Tuesday,21,4,Spring,0
10023456783,2024-04-09 22:00:00,2024-04-09,22:00:00,1.5064,Tuesday,22,4,Spring,0
10023456783,2024-04-09 23:00:00,2024-04-09,23:00:00,0.7525,Tuesday,23,4,Spring,0
10023456783,2024-04-10 00:00:00,2024-04-10,00:00:00,5.3113,Wednesday,0,4,Spring,1
10023456783,2024-04-10 01:00:00,2024-04-10,01:00:00,5.7071,Wednesday,1,4,Spring,1
10023456783,2024-04-10 02:00:00,2024-04-10,02:00:00,3.5830,Wednesday,2,4,Spring,1
10023456783,2024-04-10 03:00:00,2024-04-10,03:00:00,0.3582,Wednesday,3,4,Spring,0
10023456783,2024-04-10 04:00:00,2024-04-10,04:00:00,0.4168,Wednesday,4,4,Spring,0
10023456783,2024-04-10 05:00:00,2024-04-10,05:00:00,0.6255,Wednesday,5,4,Spring,0
10023456783,2024-04-10 06:00:00,2024-04-10,06:00:00,0.8839,Wednesday,6,4,Spring,0
10023456783,2024-04-10 07:00:00,2024-04-10,07:00:00,1.3400,Wednesday,7,4,Spring,0
10023456783,2024-04-10 08:00:00,2024-04-10,08:00:00,1.5496,Wednesday,8,4,Spring,0
10023456783,2024-04-10 09:00:00,2024-04-10,09:00:00,1.2678,Wednesday,9,4,Spring,0
10023456783,2024-04-10 10:00:00,2024-04-10,10:00:00,1.0841,Wednesday,10,4,Spring,0
10023456783,2024-04-10 11:00:00,2024-04-10,11:00:00,1.0003,Wednesday,11,4,Spring,0
10023456783,2024-04-10 12:00:00,2024-04-10,12:00:00,1.0121,Wednesday,12,4,Spring,0
10023456783,2024-04-10 13:00:00,2024-04-10,13:00:00,1.0158,Wednesday,13,4,Spring,0
10023456783,2024-04-10 14:00:00,2024-04-10,14:00:00,0.9134,Wednesday,14,4,Spring,0
10023456783,2024-04-10 15:00:00,2024-04-10,15:00:00,1.0319,Wednesday,15,4,Spring,0
10023456783,2024-04-10 16:00:00,2024-04-10,16:00:00,1.0603,Wednesday,16,4,Spring,0
10023456783,2024-04-10 17:00:00,2024-04-10,17:00:00,1.6905,Wednesday,17,4,Spring,0
10023456783,2024-04-10 18:00:00,2024-04-10,18:00:00,2.1754,Wednesday,18,4,Spring,0
10023456783,2024-04-10 19:00:00,2024-04-10,19:00:00,2.3994,Wednesday,19,4,Spring,0
10023456783,2024-04-10 20:00:00,2024-04-10,20:00:00,2.3481,Wednesday,20,4,Spring,0
10023456783,2024-04-10 21:00:00,2024-04-10,21:00:00,1.7163,Wednesday,21,4,Spring,0
10023456783,2024-04-10 22:00:00,2024-04-10,22:00:00,1.3203,Wednesday,22,4,Spring,0
10023456783,2024-04-10 23:00:00,2024-04-10,23:00:00,0.6618,Wednesday,23,4,Spring,0
10023456783,2024-04-11 00:00:00,2024-04-11,00:00:00,0.4840,Thursday,0,4,Spring,0
10023456783,2024-04-11 01:00:00,2024-04-11,01:00:00,0.4442,Thursday,1,4,Spring,0
10023456783,2024-04-11 02:00:00,2024-04-11,02:00:00,0.3021,Thursday,2,4,Spring,0
10023456783,2024-04-11 03:00:00,2024-04-11,03:00:00,0.3583,Thursday,3,4,Spring,0
10023456783,2024-04-11 04:00:00,2024-04-11,04:00:00,3.6917,Thursday,4,4,Spring,1
10023456783,2024-04-11 05:00:00,2024-04-11,05:00:00,5.9786,Thursday,5,4,Spring,1
10023456783,2024-04-11 06:00:00,2024-04-11,06:00:00,1.1193,Thursday,6,4,Spring,0
10023456783,2024-04-11 07:00:00,2024-04-11,07:00:00,1.3029,Thursday,7,4,Spring,0
10023456783,2024-04-11 08:00:00,2024-04-11,08:00:00,1.5525,Thursday,8,4,Spring,0
10023456783,2024-04-11 09:00:00,2024-04-11,09:00:00,1.4674,Thursday,9,4,Spring,0
10023456783,2024-04-11 10:00:00,2024-04-11,10:00:00,1.0767,Thursday,10,4,Spring,0
10023456783,2024-04-11 11:00:00,2024-04-11,11:00:00,0.9721,Thursday,11,4,Spring,0
10023456783,2024-04-11 12:00:00,2024-04-11,12:00:00,0.9439,Thursday,12,4,Spring,0
10023456783,2024-04-11 13:00:00,2024-04-11,13:00:00,1.2332,Thursday,13,4,Spring,0
10023456783,2024-04-11 14:00:00,2024-04-11,14:00:00,1.0328,Thursday,14,4,Spring,0
10023456783,2024-04-11 15:00:00,2024-04-11,15:00:00,1.2258,Thursday,15,4,Spring,0
10023456783,2024-04-11 16:00:00,2024-04-11,16:00:00,1.1114,Thursday,16,4,Spring,0
10023456783,2024-04-11 17:00:00,2024-04-11,17:00:00,1.9106,Thursday,17,4,Spring,0
10023456783,2024-04-11 18:00:00,2024-04-11,18:00:00,1.9774,Thursday,18,4,Spring,0
10023456783,2024-04-11 19:00:00,2024-04-11,19:00:00,2.8611,Thursday,19,4,Spring,0
10023456783,2024-04-11 20:00:00,2024-04-11,20:00:00,2.3536,Thursday,20,4,Spring,0
10023456783,2024-04-11 21:00:00,2024-04-11,21:00:00,2.5285,Thursday,21,4,Spring,0
10023456783,2024-04-11 22:00:00,2024-04-11,22:00:00,1.3770,Thursday,22,4,Spring,0
10023456783,2024-04-11 23:00:00,2024-04-11,23:00:00,0.9593,Thursday,23,4,Spring,0
10023456783,2024-04-12 00:00:00,2024-04-12,00:00:00,0.4799,Friday,0,4,Spring,0
10023456783,2024-04-12 01:00:00,2024-04-12,01:00:00,4.1150,Friday,1,4,Spring,1
10023456783,2024-04-12 02:00:00,2024-04-12,02:00:00,0.3714,Friday,2,4,Spring,0
10023456783,2024-04-12 03:00:00,2024-04-12,03:00:00,0.3357,Friday,3,4,Spring,0
10023456783,2024-04-12 04:00:00,2024-04-12,04:00:00,0.3824,Friday,4,4,Spring,0
10023456783,2024-04-12 05:00:00,2024-04-12,05:00:00,0.6744,Friday,5,4,Spring,0
10023456783,2024-04-12 06:00:00,2024-04-12,06:00:00,0.9906,Friday,6,4,Spring,0
10023456783,2024-04-12 07:00:00,2024-04-12,07:00:00,1.4470,Friday,7,4,Spring,0
10023456783,2024-04-12 08:00:00,2024-04-12,08:00:00,1.7519,Friday,8,4,Spring,0
10023456783,2024-04-12 09:00:00,2024-04-12,09:00:00,1.5454,Friday,9,4,Spring,0
10023456783,2024-04-12 10:00:00,2024-04-12,10:00:00,1.1014,Friday,10,4,Spring,0
10023456783,2024-04-12 11:00:00,2024-04-12,11:00:00,0.9576,Friday,11,4,Spring,0
10023456783,2024-04-12 12:00:00,2024-04-12,12:00:00,0.9314,Friday,12,4,Spring,0
10023456783,2024-04-12 13:00:00,2024-04-12,13:00:00,0.8938,Friday,13,4,Spring,0
10023456783,2024-04-12 14:00:00,2024-04-12,14:00:00,1.3315,Friday,14,4,Spring,0
10023456783,2024-04-12 15:00:00,2024-04-12,15:00:00,0.9947,Friday,15,4,Spring,0
10023456783,2024-04-12 16:00:00,2024-04-12,16:00:00,1.2308,Friday,16,4,Spring,0
10023456783,2024-04-12 17:00:00,2024-04-12,17:00:00,1.4086,Friday,17,4,Spring,0
10023456783,2024-04-12 18:00:00,2024-04-12,18:00:00,1.9853,Friday,18,4,Spring,0
10023456783,2024-04-12 19:00:00,2024-04-12,19:00:00,2.2842,Friday,19,4,Spring,0
10023456783,2024-04-12 20:00:00,2024-04-12,20:00:00,2.3502,Friday,20,4,Spring,0
10023456783,2024-04-12 21:00:00,2024-04-12,21:00:00,1.9474,Friday,21,4,Spring,0
10023456783,2024-04-12 22:00:00,2024-04-12,22:00:00,1.2837,Friday,22,4,Spring,0
10023456783,2024-04-12 23:00:00,2024-04-12,23:00:00,0.9432,Friday,23,4,Spring,0
10023456783,2024-04-13 00:00:00,2024-04-13,00:00:00,0.4792,Saturday,0,4,Spring,0
10023456783,2024-04-13 01:00:00,2024-04-13,01:00:00,0.4737,Saturday,1,4,Spring,0
10023456783,2024-04-13 02:00:00,2024-04-13,02:00:00,0.3363,Saturday,2,4,Spring,0
10023456783,2024-04-13 03:00:00,2024-04-13,03:00:00,0.3785,Saturday,3,4,Spring,0
10023456783,2024-04-13 04:00:00,2024-04-13,04:00:00,0.4226,Saturday,4,4,Spring,0
10023456783,2024-04-13 05:00:00,2024-04-13,05:00:00,0.4752,Saturday,5,4,Spring,0
10023456783,2024-04-13 06:00:00,2024-04-13,06:00:00,0.7109,Saturday,6,4,Spring,0
10023456783,2024-04-13 07:00:00,2024-04-13,07:00:00,1.0030,Saturday,7,4,Spring,0
10023456783,2024-04-13 08:00:00,2024-04-13,08:00:00,1.4519,Saturday,8,4,Spring,0
10023456783,2024-04-13 09:00:00,2024-04-13,09:00:00,1.7418,Saturday,9,4,Spring,0
10023456783,2024-04-13 10:00:00,2024-04-13,10:00:00,1.4899,Saturday,10,4,Spring,0
10023456783,2024-04-13 11:00:00,2024-04-13,11:00:00,1.4366,Saturday,11,4,Spring,0
10023456783,2024-04-13 12:00:00,2024-04-13,12:00:00,1.2938,Saturday,12,4,Spring,0
10023456783,2024-04-13 13:00:00,2024-04-13,13:00:00,3.0602,Saturday,13,4,Spring,1
10023456783,2024-04-13 14:00:00,2024-04-13,14:00:00,1.2922,Saturday,14,4,Spring,0
10023456783,2024-04-13 15:00:00,2024-04-13,15:00:00,1.2144,Saturday,15,4,Spring,0
10023456783,2024-04-13 16:00:00,2024-04-13,16:00:00,1.3831,Saturday,16,4,Spring,0
10023456783,2024-04-13 17:00:00,2024-04-13,17:00:00,1.7180,Saturday,17,4,Spring,0
10023456783,2024-04-13 18:00:00,2024-04-13,18:00:00,2.2096,Saturday,18,4,Spring,0
10023456783,2024-04-13 19:00:00,2024-04-13,19:00:00,1.8836,Saturday,19,4,Spring,0
10023456783,2024-04-13 20:00:00,2024-04-13,20:00:00,2.2736,Saturday,20,4,Spring,0
10023456783,2024-04-13 21:00:00,2024-04-13,21:00:00,1.8737,Saturday,21,4,Spring,0
10023456783,2024-04-13 22:00:00,2024-04-13,22:00:00,1.4848,Saturday,22,4,Spring,0
10023456783,2024-04-13 23:00:00,2024-04-13,23:00:00,0.9002,Saturday,23,4,Spring,0
10023456783,2024-04-14 00:00:00,2024-04-14,00:00:00,0.6410,Sunday,0,4,Spring,0
10023456783,2024-04-14 01:00:00,2024-04-14,01:00:00,0.4214,Sunday,1,4,Spring,0
10023456783,2024-04-14 02:00:00,2024-04-14,02:00:00,0.4995,Sunday,2,4,Spring,0
10023456783,2024-04-14 03:00:00,2024-04-14,03:00:00,0.4618,Sunday,3,4,Spring,0
10023456783,2024-04-14 04:00:00,2024-04-14,04:00:00,0.5147,Sunday,4,4,Spring,0
10023456783,2024-04-14 05:00:00,2024-04-14,05:00:00,0.6270,Sunday,5,4,Spring,0
10023456783,2024-04-14 06:00:00,2024-04-14,06:00:00,0.8842,Sunday,6,4,Spring,0
10023456783,2024-04-14 07:00:00,2024-04-14,07:00:00,1.6694,Sunday,7,4,Spring,0
10023456783,2024-04-14 08:00:00,2024-04-14,08:00:00,1.9132,Sunday,8,4,Spring,0
10023456783,2024-04-14 09:00:00,2024-04-14,09:00:00,2.0363,Sunday,9,4,Spring,0
10023456783,2024-04-14 10:00:00,2024-04-14,10:00:00,1.7469,Sunday,10,4,Spring,0
10023456783,2024-04-14 11:00:00,2024-04-14,11:00:00,1.8102,Sunday,11,4,Spring,0
10023456783,2024-04-14 12:00:00,2024-04-14,12:00:00,1.5139,Sunday,12,4,Spring,0
10023456783,2024-04-14 13:00:00,2024-04-14,13:00:00,1.7017,Sunday,13,4,Spring,0
10023456783,2024-04-14 14:00:00,2024-04-14,14:00:00,1.5009,Sunday,14,4,Spring,0
10023456783,2024-04-14 15:00:00,2024-04-14,15:00:00,1.4445,Sunday,15,4,Spring,0
10023456783,2024-04-14 16:00:00,2024-04-14,16:00:00,1.4853,Sunday,16,4,Spring,0
10023456783,2024-04-14 17:00:00,2024-04-14,17:00:00,2.4663,Sunday,17,4,Spring,0
10023456783,2024-04-14 18:00:00,2024-04-14,18:00:00,2.3723,Sunday,18,4,Spring,0
10023456783,2024-04-14 19:00:00,2024-04-14,19:00:00,2.6455,Sunday,19,4,Spring,0
10023456783,2024-04-14 20:00:00,2024-04-14,20:00:00,2.2816,Sunday,20,4,Spring,0
10023456783,2024-04-14 21:00:00,2024-04-14,21:00:00,2.3092,Sunday,21,4,Spring,0
10023456783,2024-04-14 22:00:00,2024-04-14,22:00:00,1.8279,Sunday,22,4,Spring,0
10023456783,2024-04-14 23:00:00,2024-04-14,23:00:00,1.1651,Sunday,23,4,Spring,0
10023456783,2024-04-15 00:00:00,2024-04-15,00:00:00,0.6103,Monday,0,4,Spring,0
10023456783,2024-04-15 01:00:00,2024-04-15,01:00:00,0.3879,Monday,1,4,Spring,0
10023456783,2024-04-15 02:00:00,2024-04-15,02:00:00,0.4061,Monday,2,4,Spring,0
10023456783,2024-04-15 03:00:00,2024-04-15,03:00:00,0.5418,Monday,3,4,Spring,0
10023456783,2024-04-15 04:00:00,2024-04-15,04:00:00,0.5584,Monday,4,4,Spring,0
10023456783,2024-04-15 05:00:00,2024-04-15,05:00:00,0.6563,Monday,5,4,Spring,0
10023456783,2024-04-15 06:00:00,2024-04-15,06:00:00,1.2674,Monday,6,4,Spring,0
10023456783,2024-04-15 07:00:00,2024-04-15,07:00:00,1.5283,Monday,7,4,Spring,0
10023456783,2024-04-15 08:00:00,2024-04-15,08:00:00,2.3475,Monday,8,4,Spring,0
10023456783,2024-04-15 09:00:00,2024-04-15,09:00:00,1.8154,Monday,9,4,Spring,0
10023456783,2024-04-15 10:00:00,2024-04-15,10:00:00,1.4178,Monday,10,4,Spring,0
10023456783,2024-04-15 11:00:00,2024-04-15,11:00:00,1.0538,Monday,11,4,Spring,0
10023456783,2024-04-15 12:00:00,2024-04-15,12:00:00,1.1202,Monday,12,4,Spring,0
10023456783,2024-04-15 13:00:00,2024-04-15,13:00:00,1.1432,Monday,13,4,Spring,0
10023456783,2024-04-15 14:00:00,2024-04-15,14:00:00,1.1887,Monday,14,4,Spring,0
10023456783,2024-04-15 15:00:00,2024-04-15,15:00:00,5.3385,Monday,15,4,Spring,1
10023456783,2024-04-15 16:00:00,2024-04-15,16:00:00,8.3708,Monday,16,4,Spring,1
10023456783,2024-04-15 17:00:00,2024-04-15,17:00:00,1.7843,Monday,17,4,Spring,0
10023456783,2024-04-15 18:00:00,2024-04-15,18:00:00,2.3226,Monday,18,4,Spring,0
10023456783,2024-04-15 19:00:00,2024-04-15,19:00:00,2.9224,Monday,19,4,Spring,0
10023456783,2024-04-15 20:00:00,2024-04-15,20:00:00,2.4245,Monday,20,4,Spring,0
10023456783,2024-04-15 21:00:00,2024-04-15,21:00:00,2.0746,Monday,21,4,Spring,0
10023456783,2024-04-15 22:00:00,2024-04-15,22:00:00,1.5047,Monday,22,4,Spring,0
10023456783,2024-04-15 23:00:00,2024-04-15,23:00:00,0.9117,Monday,23,4,Spring,0
10023456783,2024-04-16 00:00:00,2024-04-16,00:00:00,0.3969,Tuesday,0,4,Spring,0
10023456783,2024-04-16 01:00:00,2024-04-16,01:00:00,0.4700,Tuesday,1,4,Spring,0
10023456783,2024-04-16 02:00:00,2024-04-16,02:00:00,0.3668,Tuesday,2,4,Spring,0
10023456783,2024-04-16 03:00:00,2024-04-16,03:00:00,0.3950,Tuesday,3,4,Spring,0
10023456783,2024-04-16 04:00:00,2024-04-16,04:00:00,0.4107,Tuesday,4,4,Spring,0
10023456783,2024-04-16 05:00:00,2024-04-16,05:00:00,0.6783,Tuesday,5,4,Spring,0
10023456783,2024-04-16 06:00:00,2024-04-16,06:00:00,1.1494,Tuesday,6,4,Spring,0
10023456783,2024-04-16 07:00:00,2024-04-16,07:00:00,1.6297,Tuesday,7,4,Spring,0
10023456783,2024-04-16 08:00:00,2024-04-16,08:00:00,1.8502,Tuesday,8,4,Spring,0
10023456783,2024-04-16 09:00:00,2024-04-16,09:00:00,1.4633,Tuesday,9,4,Spring,0
10023456783,2024-04-16 10:00:00,2024-04-16,10:00:00,1.4453,Tuesday,10,4,Spring,0
10023456783,2024-04-16 11:00:00,2024-04-16,11:00:00,0.8906,Tuesday,11,4,Spring,0
10023456783,2024-04-16 12:00:00,2024-04-16,12:00:00,1.0648,Tuesday,12,4,Spring,0
10023456783,2024-04-16 13:00:00,2024-04-16,13:00:00,1.2824,Tuesday,13,4,Spring,0
10023456783,2024-04-16 14:00:00,2024-04-16,14:00:00,0.9847,Tuesday,14,4,Spring,0
10023456783,2024-04-16 15:00:00,2024-04-16,15:00:00,1.2489,Tuesday,15,4,Spring,0
10023456783,2024-04-16 16:00:00,2024-04-16,16:00:00,1.4874,Tuesday,16,4,Spring,0
10023456783,2024-04-16 17:00:00,2024-04-16,17:00:00,1.8729,Tuesday,17,4,Spring,0
10023456783,2024-04-16 18:00:00,2024-04-16,18:00:00,2.4233,Tuesday,18,4,Spring,0
10023456783,2024-04-16 19:00:00,2024-04-16,19:00:00,2.2300,Tuesday,19,4,Spring,0
10023456783,2024-04-16 20:00:00,2024-04-16,20:00:00,2.2266,Tuesday,20,4,Spring,0
10023456783,2024-04-16 21:00:00,2024-04-16,21:00:00,2.1961,Tuesday,21,4,Spring,0
10023456783,2024-04-16 22:00:00,2024-04-16,22:00:00,1.5136,Tuesday,22,4,Spring,0
10023456783,2024-04-16 23:00:00,2024-04-16,23:00:00,0.8893,Tuesday,23,4,Spring,0
10023456783,2024-04-17 00:00:00,2024-04-17,00:00:00,0.5051,Wednesday,0,4,Spring,0
10023456783,2024-04-17 01:00:00,2024-04-17,01:00:00,0.3704,Wednesday,1,4,Spring,0
10023456783,2024-04-17 02:00:00,2024-04-17,02:00:00,0.3719,Wednesday,2,4,Spring,0
10023456783,2024-04-17 03:00:00,2024-04-17,03:00:00,0.3809,Wednesday,3,4,Spring,0
10023456783,2024-04-17 04:00:00,2024-04-17,04:00:00,0.4753,Wednesday,4,4,Spring,0
10023456783,2024-04-17 05:00:00,2024-04-17,05:00:00,0.6796,Wednesday,5,4,Spring,0
10023456783,2024-04-17 06:00:00,2024-04-17,06:00:00,1.2769,Wednesday,6,4,Spring,0
10023456783,2024-04-17 07:00:00,2024-04-17,07:00:00,1.5718,Wednesday,7,4,Spring,0
10023456783,2024-04-17 08:00:00,2024-04-17,08:00:00,1.7103,Wednesday,8,4,Spring,0
10023456783,2024-04-17 09:00:00,2024-04-17,09:00:00,1.4766,Wednesday,9,4,Spring,0
10023456783,2024-04-17 10:00:00,2024-04-17,10:00:00,1.0755,Wednesday,10,4,Spring,0
10023456783,2024-04-17 11:00:00,2024-04-17,11:00:00,1.0219,Wednesday,11,4,Spring,0
10023456783,2024-04-17 12:00:00,2024-04-17,12:00:00,0.9341,Wednesday,12,4,Spring,0
10023456783,2024-04-17 13:00:00,2024-04-17,13:00:00,1.0629,Wednesday,13,4,Spring,0
10023456783,2024-04-17 14:00:00,2024-04-17,14:00:00,1.1908,Wednesday,14,4,Spring,0
10023456783,2024-04-17 15:00:00,2024-04-17,15:00:00,1.0324,Wednesday,15,4,Spring,0
10023456783,2024-04-17 16:00:00,2024-04-17,16:00:00,1.4750,Wednesday,16,4,Spring,0
10023456783,2024-04-17 17:00:00,2024-04-17,17:00:00,1.7260,Wednesday,17,4,Spring,0
10023456783,2024-04-17 18:00:00,2024-04-17,18:00:00,2.1655,Wednesday,18,4,Spring,0
10023456783,2024-04-17 19:00:00,2024-04-17,19:00:00,2.7479,Wednesday,19,4,Spring,0
10023456783,2024-04-17 20:00:00,2024-04-17,20:00:00,2.1691,Wednesday,20,4,Spring,0
10023456783,2024-04-17 21:00:00,2024-04-17,21:00:00,1.8355,Wednesday,21,4,Spring,0
10023456783,2024-04-17 22:00:00,2024-04-17,22:00:00,1.1183,Wednesday,22,4,Spring,0
10023456783,2024-04-17 23:00:00,2024-04-17,23:00:00,0.6967,Wednesday,23,4,Spring,0
10023456783,2024-04-18 00:00:00,2024-04-18,00:00:00,0.5554,Thursday,0,4,Spring,0
10023456783,2024-04-18 01:00:00,2024-04-18,01:00:00,0.5348,Thursday,1,4,Spring,0
10023456783,2024-04-18 02:00:00,2024-04-18,02:00:00,0.5081,Thursday,2,4,Spring,0
10023456783,2024-04-18 03:00:00,2024-04-18,03:00:00,4.9664,Thursday,3,4,Spring,1
10023456783,2024-04-18 04:00:00,2024-04-18,04:00:00,0.7326,Thursday,4,4,Spring,0
10023456783,2024-04-18 05:00:00,2024-04-18,05:00:00,0.8445,Thursday,5,4,Spring,0
10023456783,2024-04-18 06:00:00,2024-04-18,06:00:00,1.2786,Thursday,6,4,Spring,0
10023456783,2024-04-18 07:00:00,2024-04-18,07:00:00,1.7194,Thursday,7,4,Spring,0
10023456783,2024-04-18 08:00:00,2024-04-18,08:00:00,2.2274,Thursday,8,4,Spring,0
10023456783,2024-04-18 09:00:00,2024-04-18,09:00:00,1.9571,Thursday,9,4,Spring,0
10023456783,2024-04-18 10:00:00,2024-04-18,10:00:00,1.6112,Thursday,10,4,Spring,0
10023456783,2024-04-18 11:00:00,2024-04-18,11:00:00,1.1038,Thursday,11,4,Spring,0
10023456783,2024-04-18 12:00:00,2024-04-18,12:00:00,1.4779,Thursday,12,4,Spring,0
10023456783,2024-04-18 13:00:00,2024-04-18,13:00:00,1.4191,Thursday,13,4,Spring,0
10023456783,2024-04-18 14:00:00,2024-04-18,14:00:00,1.3058,Thursday,14,4,Spring,0
10023456783,2024-04-18 15:00:00,2024-04-18,15:00:00,1.3191,Thursday,15,4,Spring,0
10023456783,2024-04-18 16:00:00,2024-04-18,16:00:00,1.8601,Thursday,16,4,Spring,0
10023456783,2024-04-18 17:00:00,2024-04-18,17:00:00,2.1488,Thursday,17,4,Spring,0
10023456783,2024-04-18 18:00:00,2024-04-18,18:00:00,2.9956,Thursday,18,4,Spring,0
10023456783,2024-04-18 19:00:00,2024-04-18,19:00:00,3.4515,Thursday,19,4,Spring,0
10023456783,2024-04-18 20:00:00,2024-04-18,20:00:00,2.5008,Thursday,20,4,Spring,0
10023456783,2024-04-18 21:00:00,2024-04-18,21:00:00,2.6766,Thursday,21,4,Spring,0
10023456783,2024-04-18 22:00:00,2024-04-18,22:00:00,2.2516,Thursday,22,4,Spring,0
10023456783,2024-04-18 23:00:00,2024-04-18,23:00:00,0.9538,Thursday,23,4,Spring,0
10023456783,2024-04-19 00:00:00,2024-04-19,00:00:00,0.5185,Friday,0,4,Spring,0
10023456783,2024-04-19 01:00:00,2024-04-19,01:00:00,0.4937,Friday,1,4,Spring,0
10023456783,2024-04-19 02:00:00,2024-04-19,02:00:00,0.4115,Friday,2,4,Spring,0
10023456783,2024-04-19 03:00:00,2024-04-19,03:00:00,0.3538,Friday,3,4,Spring,0
10023456783,2024-04-19 04:00:00,2024-04-19,04:00:00,0.5985,Friday,4,4,Spring,0
10023456783,2024-04-19 05:00:00,2024-04-19,05:00:00,0.6549,Friday,5,4,Spring,0
10023456783,2024-04-19 06:00:00,2024-04-19,06:00:00,1.1775,Friday,6,4,Spring,0
10023456783,2024-04-19 07:00:00,2024-04-19,07:00:00,1.6511,Friday,7,4,Spring,0
10023456783,2024-04-19 08:00:00,2024-04-19,08:00:00,2.0045,Friday,8,4,Spring,0
10023456783,2024-04-19 09:00:00,2024-04-19,09:00:00,1.5208,Friday,9,4,Spring,0
10023456783,2024-04-19 10:00:00,2024-04-19,10:00:00,1.1848,Friday,10,4,Spring,0
10023456783,2024-04-19 11:00:00,2024-04-19,11:00:00,1.0150,Friday,11,4,Spring,0
10023456783,2024-04-19 12:00:00,2024-04-19,12:00:00,0.8499,Friday,12,4,Spring,0
10023456783,2024-04-19 13:00:00,2024-04-19,13:00:00,1.0226,Friday,13,4,Spring,0
10023456783,2024-04-19 14:00:00,2024-04-19,14:00:00,1.0461,Friday,14,4,Spring,0
10023456783,2024-04-19 15:00:00,2024-04-19,15:00:00,1.1134,Friday,15,4,Spring,0
10023456783,2024-04-19 16:00:00,2024-04-19,16:00:00,1.4954,Friday,16,4,Spring,0
10023456783,2024-04-19 17:00:00,2024-04-19,17:00:00,1.8027,Friday,17,4,Spring,0
10023456783,2024-04-19 18:00:00,2024-04-19,18:00:00,2.1799,Friday,18,4,Spring,0
10023456783,2024-04-19 19:00:00,2024-04-19,19:00:00,2.9526,Friday,19,4,Spring,0
10023456783,2024-04-19 20:00:00,2024-04-19,20:00:00,2.4082,Friday,20,4,Spring,0
10023456783,2024-04-19 21:00:00,2024-04-19,21:00:00,2.0492,Friday,21,4,Spring,0
10023456783,2024-04-19 22:00:00,2024-04-19,22:00:00,1.8027,Friday,22,4,Spring,0
10023456783,2024-04-19 23:00:00,2024-04-19,23:00:00,0.8530,Friday,23,4,Spring,0
10023456783,2024-04-20 00:00:00,2024-04-20,00:00:00,0.4546,Saturday,0,4,Spring,0
10023456783,2024-04-20 01:00:00,2024-04-20,01:00:00,0.4081,Saturday,1,4,Spring,0
10023456783,2024-04-20 02:00:00,2024-04-20,02:00:00,0.4627,Saturday,2,4,Spring,0
10023456783,2024-04-20 03:00:00,2024-04-20,03:00:00,0.4378,Saturday,3,4,Spring,0
10023456783,2024-04-20 04:00:00,2024-04-20,04:00:00,0.4365,Saturday,4,4,Spring,0
10023456783,2024-04-20 05:00:00,2024-04-20,05:00:00,0.5252,Saturday,5,4,Spring,0
10023456783,2024-04-20 06:00:00,2024-04-20,06:00:00,0.9080,Saturday,6,4,Spring,0
10023456783,2024-04-20 07:00:00,2024-04-20,07:00:00,1.0829,Saturday,7,4,Spring,0
10023456783,2024-04-20 08:00:00,2024-04-20,08:00:00,1.6987,Saturday,8,4,Spring,0
10023456783,2024-04-20 09:00:00,2024-04-20,09:00:00,1.9659,Saturday,9,4,Spring,0
10023456783,2024-04-20 10:00:00,2024-04-20,10:00:00,1.7409,Saturday,10,4,Spring,0
10023456783,2024-04-20 11:00:00,2024-04-20,11:00:00,1.4410,Saturday,11,4,Spring,0
10023456783,2024-04-20 12:00:00,2024-04-20,12:00:00,1.3633,Saturday,12,4,Spring,0
10023456783,2024-04-20 13:00:00,2024-04-20,13:00:00,1.1165,Saturday,13,4,Spring,0
10023456783,2024-04-20 14:00:00,2024-04-20,14:00:00,1.1846,Saturday,14,4,Spring,0
10023456783,2024-04-20 15:00:00,2024-04-20,15:00:00,1.3113,Saturday,15,4,Spring,0
10023456783,2024-04-20 16:00:00,2024-04-20,16:00:00,1.8134,Saturday,16,4,Spring,0
10023456783,2024-04-20 17:00:00,2024-04-20,17:00:00,1.7519,Saturday,17,4,Spring,0
10023456783,2024-04-20 18:00:00,2024-04-20,18:00:00,2.5482,Saturday,18,4,Spring,0
10023456783,2024-04-20 19:00:00,2024-04-20,19:00:00,2.4173,Saturday,19,4,Spring,0
10023456783,2024-04-20 20:00:00,2024-04-20,20:00:00,2.2667,Saturday,20,4,Spring,0
10023456783,2024-04-20 21:00:00,2024-04-20,21:00:00,1.9434,Saturday,21,4,Spring,0
10023456783,2024-04-20 22:00:00,2024-04-20,22:00:00,1.4111,Saturday,22,4,Spring,0
10023456783,2024-04-20 23:00:00,2024-04-20,23:00:00,1.1288,Saturday,23,4,Spring,0
10023456783,2024-04-21 00:00:00,2024-04-21,00:00:00,0.6598,Sunday,0,4,Spring,0
10023456783,2024-04-21 01:00:00,2024-04-21,01:00:00,0.5749,Sunday,1,4,Spring,0
10023456783,2024-04-21 02:00:00,2024-04-21,02:00:00,0.4858,Sunday,2,4,Spring,0
10023456783,2024-04-21 03:00:00,2024-04-21,03:00:00,0.4288,Sunday,3,4,Spring,0
10023456783,2024-04-21 04:00:00,2024-04-21,04:00:00,0.4218,Sunday,4,4,Spring,0
10023456783,2024-04-21 05:00:00,2024-04-21,05:00:00,0.6928,Sunday,5,4,Spring,0
10023456783,2024-04-21 06:00:00,2024-04-21,06:00:00,0.6856,Sunday,6,4,Spring,0
10023456783,2024-04-21 07:00:00,2024-04-21,07:00:00,1.3508,Sunday,7,4,Spring,0
10023456783,2024-04-21 08:00:00,2024-04-21,08:00:00,1.8789,Sunday,8,4,Spring,0
10023456783,2024-04-21 09:00:00,2024-04-21,09:00:00,1.8044,Sunday,9,4,Spring,0
10023456783,2024-04-21 10:00:00,2024-04-21,10:00:00,1.7453,Sunday,10,4,Spring,0
10023456783,2024-04-21 11:00:00,2024-04-21,11:00:00,1.8316,Sunday,11,4,Spring,0
10023456783,2024-04-21 12:00:00,2024-04-21,12:00:00,1.8567,Sunday,12,4,Spring,0
10023456783,2024-04-21 13:00:00,2024-04-21,13:00:00,1.5309,Sunday,13,4,Spring,0
10023456783,2024-04-21 14:00:00,2024-04-21,14:00:00,1.3041,Sunday,14,4,Spring,0
10023456783,2024-04-21 15:00:00,2024-04-21,15:00:00,1.3806,Sunday,15,4,Spring,0
10023456783,2024-04-21 16:00:00,2024-04-21,16:00:00,1.7971,Sunday,16,4,Spring,0
10023456783,2024-04-21 17:00:00,2024-04-21,17:00:00,1.5298,Sunday,17,4,Spring,0
10023456783,2024-04-21 18:00:00,2024-04-21,18:00:00,2.6324,Sunday,18,4,Spring,0
10023456783,2024-04-21 19:00:00,2024-04-21,19:00:00,2.9723,Sunday,19,4,Spring,0
10023456783,2024-04-21 20:00:00,2024-04-21,20:00:00,2.5113,Sunday,20,4,Spring,0
10023456783,2024-04-21 21:00:00,2024-04-21,21:00:00,2.5385,Sunday,21,4,Spring,0
10023456783,2024-04-21 22:00:00,2024-04-21,22:00:00,1.5263,Sunday,22,4,Spring,0
10023456783,2024-04-21 23:00:00,2024-04-21,23:00:00,1.1249,Sunday,23,4,Spring,0
10023456783,2024-04-22 00:00:00,2024-04-22,00:00:00,0.5926,Monday,0,4,Spring,0
10023456783,2024-04-22 01:00:00,2024-04-22,01:00:00,0.5800,Monday,1,4,Spring,0
10023456783,2024-04-22 02:00:00,2024-04-22,02:00:00,0.4767,Monday,2,4,Spring,0
10023456783,2024-04-22 03:00:00,2024-04-22,03:00:00,0.4614,Monday,3,4,Spring,0
10023456783,2024-04-22 04:00:00,2024-04-22,04:00:00,0.4716,Monday,4,4,Spring,0
10023456783,2024-04-22 05:00:00,2024-04-22,05:00:00,0.6475,Monday,5,4,Spring,0
10023456783,2024-04-22 06:00:00,2024-04-22,06:00:00,1.0952,Monday,6,4,Spring,0
10023456783,2024-04-22 07:00:00,2024-04-22,07:00:00,1.7330,Monday,7,4,Spring,0
10023456783,2024-04-22 08:00:00,2024-04-22,08:00:00,2.0295,Monday,8,4,Spring,0
10023456783,2024-04-22 09:00:00,2024-04-22,09:00:00,1.4585,Monday,9,4,Spring,0
10023456783,2024-04-22 10:00:00,2024-04-22,10:00:00,1.5045,Monday,10,4,Spring,0
10023456783,2024-04-22 11:00:00,2024-04-22,11:00:00,1.1794,Monday,11,4,Spring,0
10023456783,2024-04-22 12:00:00,2024-04-22,12:00:00,3.9888,Monday,12,4,Spring,1
10023456783,2024-04-22 13:00:00,2024-04-22,13:00:00,1.5405,Monday,13,4,Spring,0
10023456783,2024-04-22 14:00:00,2024-04-22,14:00:00,1.1687,Monday,14,4,Spring,0
10023456783,2024-04-22 15:00:00,2024-04-22,15:00:00,1.1307,Monday,15,4,Spring,0
10023456783,2024-04-22 16:00:00,2024-04-22,16:00:00,1.2157,Monday,16,4,Spring,0
10023456783,2024-04-22 17:00:00,2024-04-22,17:00:00,2.0924,Monday,17,4,Spring,0
10023456783,2024-04-22 18:00:00,2024-04-22,18:00:00,2.1680,Monday,18,4,Spring,0
10023456783,2024-04-22 19:00:00,2024-04-22,19:00:00,2.5427,Monday,19,4,Spring,0
10023456783,2024-04-22 20:00:00,2024-04-22,20:00:00,2.3376,Monday,20,4,Spring,0
10023456783,2024-04-22 21:00:00,2024-04-22,21:00:00,2.2932,Monday,21,4,Spring,0
10023456783,2024-04-22 22:00:00,2024-04-22,22:00:00,1.7693,Monday,22,4,Spring,0
10023456783,2024-04-22 23:00:00,2024-04-22,23:00:00,1.0020,Monday,23,4,Spring,0
10023456783,2024-04-23 00:00:00,2024-04-23,00:00:00,0.6308,Tuesday,0,4,Spring,0
10023456783,2024-04-23 01:00:00,2024-04-23,01:00:00,0.5757,Tuesday,1,4,Spring,0
10023456783,2024-04-23 02:00:00,2024-04-23,02:00:00,0.6144,Tuesday,2,4,Spring,0
10023456783,2024-04-23 03:00:00,2024-04-23,03:00:00,0.5498,Tuesday,3,4,Spring,0
10023456783,2024-04-23 04:00:00,2024-04-23,04:00:00,0.5475,Tuesday,4,4,Spring,0
10023456783,2024-04-23 05:00:00,2024-04-23,05:00:00,0.7936,Tuesday,5,4,Spring,0
10023456783,2024-04-23 06:00:00,2024-04-23,06:00:00,1.2243,Tuesday,6,4,Spring,0
10023456783,2024-04-23 07:00:00,2024-04-23,07:00:00,1.9852,Tuesday,7,4,Spring,0
10023456783,2024-04-23 08:00:00,2024-04-23,08:00:00,2.2012,Tuesday,8,4,Spring,0
10023456783,2024-04-23 09:00:00,2024-04-23,09:00:00,2.0325,Tuesday,9,4,Spring,0
10023456783,2024-04-23 10:00:00,2024-04-23,10:00:00,1.4205,Tuesday,10,4,Spring,0
10023456783,2024-04-23 11:00:00,2024-04-23,11:00:00,1.3188,Tuesday,11,4,Spring,0
10023456783,2024-04-23 12:00:00,2024-04-23,12:00:00,1.2999,Tuesday,12,4,Spring,0
10023456783,2024-04-23 13:00:00,2024-04-23,13:00:00,0.0479,Tuesday,13,4,Spring,1
10023456783,2024-04-23 14:00:00,2024-04-23,14:00:00,1.2030,Tuesday,14,4,Spring,0
10023456783,2024-04-23 15:00:00,2024-04-23,15:00:00,1.2114,Tuesday,15,4,Spring,0
10023456783,2024-04-23 16:00:00,2024-04-23,16:00:00,1.9738,Tuesday,16,4,Spring,0
10023456783,2024-04-23 17:00:00,2024-04-23,17:00:00,2.3334,Tuesday,17,4,Spring,0
10023456783,2024-04-23 18:00:00,2024-04-23,18:00:00,2.9295,Tuesday,18,4,Spring,0
10023456783,2024-04-23 19:00:00,2024-04-23,19:00:00,3.1750,Tuesday,19,4,Spring,0
10023456783,2024-04-23 20:00:00,2024-04-23,20:00:00,3.1987,Tuesday,20,4,Spring,0
10023456783,2024-04-23 21:00:00,2024-04-23,21:00:00,2.3368,Tuesday,21,4,Spring,0
10023456783,2024-04-23 22:00:00,2024-04-23,22:00:00,1.5960,Tuesday,22,4,Spring,0
10023456783,2024-04-23 23:00:00,2024-04-23,23:00:00,1.1555,Tuesday,23,4,Spring,0
10023456783,2024-04-24 00:00:00,2024-04-24,00:00:00,0.7049,Wednesday,0,4,Spring,0
10023456783,2024-04-24 01:00:00,2024-04-24,01:00:00,0.6407,Wednesday,1,4,Spring,0
10023456783,2024-04-24 02:00:00,2024-04-24,02:00:00,0.5339,Wednesday,2,4,Spring,0
10023456783,2024-04-24 03:00:00,2024-04-24,03:00:00,0.6693,Wednesday,3,4,Spring,0
10023456783,2024-04-24 04:00:00,2024-04-24,04:00:00,2.0831,Wednesday,4,4,Spring,1
10023456783,2024-04-24 05:00:00,2024-04-24,05:00:00,3.6229,Wednesday,5,4,Spring,1
10023456783,2024-04-24 06:00:00,2024-04-24,06:00:00,1.5581,Wednesday,6,4,Spring,0
10023456783,2024-04-24 07:00:00,2024-04-24,07:00:00,2.7578,Wednesday,7,4,Spring,0
10023456783,2024-04-24 08:00:00,2024-04-24,08:00:00,2.5522,Wednesday,8,4,Spring,0
10023456783,2024-04-24 09:00:00,2024-04-24,09:00:00,1.9217,Wednesday,9,4,Spring,0
10023456783,2024-04-24 10:00:00,2024-04-24,10:00:00,1.8458,Wednesday,10,4,Spring,0
10023456783,2024-04-24 11:00:00,2024-04-24,11:00:00,1.6039,Wednesday,11,4,Spring,0
10023456783,2024-04-24 12:00:00,2024-04-24,12:00:00,1.3914,Wednesday,12,4,Spring,0
10023456783,2024-04-24 13:00:00,2024-04-24,13:00:00,1.4575,Wednesday,13,4,Spring,0
10023456783,2024-04-24 14:00:00,2024-04-24,14:00:00,1.3381,Wednesday,14,4,Spring,0
10023456783,2024-04-24 15:00:00,2024-04-24,15:00:00,1.7186,Wednesday,15,4,Spring,0
10023456783,2024-04-24 16:00:00,2024-04-24,16:00:00,1.8664,Wednesday,16,4,Spring,0
10023456783,2024-04-24 17:00:00,2024-04-24,17:00:00,2.6129,Wednesday,17,4,Spring,0
10023456783,2024-04-24 18:00:00,2024-04-24,18:00:00,3.6731,Wednesday,18,4,Spring,0
10023456783,2024-04-24 19:00:00,2024-04-24,19:00:00,3.5195,Wednesday,19,4,Spring,0
10023456783,2024-04-24 20:00:00,2024-04-24,20:00:00,3.0714,Wednesday,20,4,Spring,0
10023456783,2024-04-24 21:00:00,2024-04-24,21:00:00,3.3033,Wednesday,21,4,Spring,0
10023456783,2024-04-24 22:00:00,2024-04-24,22:00:00,2.0455,Wednesday,22,4,Spring,0
10023456783,2024-04-24 23:00:00,2024-04-24,23:00:00,1.3929,Wednesday,23,4,Spring,0
10023456783,2024-04-25 00:00:00,2024-04-25,00:00:00,0.7825,Thursday,0,4,Spring,0
10023456783,2024-04-25 01:00:00,2024-04-25,01:00:00,0.6508,Thursday,1,4,Spring,0
10023456783,2024-04-25 02:00:00,2024-04-25,02:00:00,0.6450,Thursday,2,4,Spring,0
10023456783,2024-04-25 03:00:00,2024-04-25,03:00:00,0.5272,Thursday,3,4,Spring,0
10023456783,2024-04-25 04:00:00,2024-04-25,04:00:00,1.7452,Thursday,4,4,Spring,1
10023456783,2024-04-25 05:00:00,2024-04-25,05:00:00,0.7752,Thursday,5,4,Spring,0
10023456783,2024-04-25 06:00:00,2024-04-25,06:00:00,1.8788,Thursday,6,4,Spring,0
10023456783,2024-04-25 07:00:00,2024-04-25,07:00:00,2.4772,Thursday,7,4,Spring,0
10023456783,2024-04-25 08:00:00,2024-04-25,08:00:00,2.3346,Thursday,8,4,Spring,0
10023456783,2024-04-25 09:00:00,2024-04-25,09:00:00,2.5854,Thursday,9,4,Spring,0
10023456783,2024-04-25 10:00:00,2024-04-25,10:00:00,1.6926,Thursday,10,4,Spring,0
10023456783,2024-04-25 11:00:00,2024-04-25,11:00:00,1.8905,Thursday,11,4,Spring,0
10023456783,2024-04-25 12:00:00,2024-04-25,12:00:00,1.8434,Thursday,12,4,Spring,0
10023456783,2024-04-25 13:00:00,2024-04-25,13:00:00,1.7052,Thursday,13,4,Spring,0
10023456783,2024-04-25 14:00:00,2024-04-25,14:00:00,2.0767,Thursday,14,4,Spring,0
10023456783,2024-04-25 15:00:00,2024-04-25,15:00:00,1.8071,Thursday,15,4,Spring,0
10023456783,2024-04-25 16:00:00,2024-04-25,16:00:00,1.7083,Thursday,16,4,Spring,0
10023456783,2024-04-25 17:00:00,2024-04-25,17:00:00,2.3368,Thursday,17,4,Spring,0
10023456783,2024-04-25 18:00:00,2024-04-25,18:00:00,3.3183,Thursday,18,4,Spring,0
10023456783,2024-04-25 19:00:00,2024-04-25,19:00:00,3.2049,Thursday,19,4,Spring,0
10023456783,2024-04-25 20:00:00,2024-04-25,20:00:00,3.9723,Thursday,20,4,Spring,0
10023456783,2024-04-25 21:00:00,2024-04-25,21:00:00,3.2010,Thursday,21,4,Spring,0
10023456783,2024-04-25 22:00:00,2024-04-25,22:00:00,2.4637,Thursday,22,4,Spring,0
10023456783,2024-04-25 23:00:00,2024-04-25,23:00:00,1.2950,Thursday,23,4,Spring,0
10023456783,2024-04-26 00:00:00,2024-04-26,00:00:00,0.5236,Friday,0,4,Spring,0
10023456783,2024-04-26 01:00:00,2024-04-26,01:00:00,0.5264,Friday,1,4,Spring,0
10023456783,2024-04-26 02:00:00,2024-04-26,02:00:00,0.3948,Friday,2,4,Spring,0
10023456783,2024-04-26 03:00:00,2024-04-26,03:00:00,0.4679,Friday,3,4,Spring,0
10023456783,2024-04-26 04:00:00,2024-04-26,04:00:00,0.5354,Friday,4,4,Spring,0
10023456783,2024-04-26 05:00:00,2024-04-26,05:00:00,0.6662,Friday,5,4,Spring,0
10023456783,2024-04-26 06:00:00,2024-04-26,06:00:00,1.2309,Friday,6,4,Spring,0
10023456783,2024-04-26 07:00:00,2024-04-26,07:00:00,1.8178,Friday,7,4,Spring,0
10023456783,2024-04-26 08:00:00,2024-04-26,08:00:00,2.0021,Friday,8,4,Spring,0
10023456783,2024-04-26 09:00:00,2024-04-26,09:00:00,1.6897,Friday,9,4,Spring,0
10023456783,2024-04-26 10:00:00,2024-04-26,10:00:00,1.4031,Friday,10,4,Spring,0
10023456783,2024-04-26 11:00:00,2024-04-26,11:00:00,1.4627,Friday,11,4,Spring,0
10023456783,2024-04-26 12:00:00,2024-04-26,12:00:00,1.2418,Friday,12,4,Spring,0
10023456783,2024-04-26 13:00:00,2024-04-26,13:00:00,1.4644,Friday,13,4,Spring,0
10023456783,2024-04-26 14:00:00,2024-04-26,14:00:00,1.2157,Friday,14,4,Spring,0
10023456783,2024-04-26 15:00:00,2024-04-26,15:00:00,1.5311,Friday,15,4,Spring,0
10023456783,2024-04-26 16:00:00,2024-04-26,16:00:00,1.5217,Friday,16,4,Spring,0
10023456783,2024-04-26 17:00:00,2024-04-26,17:00:00,1.9721,Friday,17,4,Spring,0
10023456783,2024-04-26 18:00:00,2024-04-26,18:00:00,2.6970,Friday,18,4,Spring,0
10023456783,2024-04-26 19:00:00,2024-04-26,19:00:00,2.7357,Friday,19,4,Spring,0
10023456783,2024-04-26 20:00:00,2024-04-26,20:00:00,3.3171,Friday,20,4,Spring,0
10023456783,2024-04-26 21:00:00,2024-04-26,21:00:00,2.2582,Friday,21,4,Spring,0
10023456783,2024-04-26 22:00:00,2024-04-26,22:00:00,1.4761,Friday,22,4,Spring,0
10023456783,2024-04-26 23:00:00,2024-04-26,23:00:00,0.9334,Friday,23,4,Spring,0
10023456783,2024-04-27 00:00:00,2024-04-27,00:00:00,0.7273,Saturday,0,4,Spring,0
10023456783,2024-04-27 01:00:00,2024-04-27,01:00:00,0.6570,Saturday,1,4,Spring,0
10023456783,2024-04-27 02:00:00,2024-04-27,02:00:00,0.5450,Saturday,2,4,Spring,0
10023456783,2024-04-27 03:00:00,2024-04-27,03:00:00,0.6150,Saturday,3,4,Spring,0
10023456783,2024-04-27 04:00:00,2024-04-27,04:00:00,5.2660,Saturday,4,4,Spring,1
10023456783,2024-04-27 05:00:00,2024-04-27,05:00:00,0.6745,Saturday,5,4,Spring,0
10023456783,2024-04-27 06:00:00,2024-04-27,06:00:00,1.0470,Saturday,6,4,Spring,0
10023456783,2024-04-27 07:00:00,2024-04-27,07:00:00,1.4856,Saturday,7,4,Spring,0
10023456783,2024-04-27 08:00:00,2024-04-27,08:00:00,1.8799,Saturday,8,4,Spring,0
10023456783,2024-04-27 09:00:00,2024-04-27,09:00:00,2.0561,Saturday,9,4,Spring,0
10023456783,2024-04-27 10:00:00,2024-04-27,10:00:00,2.4150,Saturday,10,4,Spring,0
10023456783,2024-04-27 11:00:00,2024-04-27,11:00:00,1.8197,Saturday,11,4,Spring,0
10023456783,2024-04-27 12:00:00,2024-04-27,12:00:00,1.7667,Saturday,12,4,Spring,0
10023456783,2024-04-27 13:00:00,2024-04-27,13:00:00,1.5679,Saturday,13,4,Spring,0
10023456783,2024-04-27 14:00:00,2024-04-27,14:00:00,1.4844,Saturday,14,4,Spring,0
10023456783,2024-04-27 15:00:00,2024-04-27,15:00:00,2.1111,Saturday,15,4,Spring,0
10023456783,2024-04-27 16:00:00,2024-04-27,16:00:00,2.1393,Saturday,16,4,Spring,0
10023456783,2024-04-27 17:00:00,2024-04-27,17:00:00,2.6590,Saturday,17,4,Spring,0
10023456783,2024-04-27 18:00:00,2024-04-27,18:00:00,3.3356,Saturday,18,4,Spring,0
10023456783,2024-04-27 19:00:00,2024-04-27,19:00:00,2.8134,Saturday,19,4,Spring,0
10023456783,2024-04-27 20:00:00,2024-04-27,20:00:00,3.2975,Saturday,20,4,Spring,0
10023456783,2024-04-27 21:00:00,2024-04-27,21:00:00,2.4240,Saturday,21,4,Spring,0
10023456783,2024-04-27 22:00:00,2024-04-27,22:00:00,1.8559,Saturday,22,4,Spring,0
10023456783,2024-04-27 23:00:00,2024-04-27,23:00:00,1.3646,Saturday,23,4,Spring,0
10023456783,2024-04-28 00:00:00,2024-04-28,00:00:00,0.5516,Sunday,0,4,Spring,0
10023456783,2024-04-28 01:00:00,2024-04-28,01:00:00,0.4355,Sunday,1,4,Spring,0
10023456783,2024-04-28 02:00:00,2024-04-28,02:00:00,0.5178,Sunday,2,4,Spring,0
10023456783,2024-04-28 03:00:00,2024-04-28,03:00:00,0.4549,Sunday,3,4,Spring,0
10023456783,2024-04-28 04:00:00,2024-04-28,04:00:00,0.4760,Sunday,4,4,Spring,0
10023456783,2024-04-28 05:00:00,2024-04-28,05:00:00,0.5950,Sunday,5,4,Spring,0
10023456783,2024-04-28 06:00:00,2024-04-28,06:00:00,0.9337,Sunday,6,4,Spring,0
10023456783,2024-04-28 07:00:00,2024-04-28,07:00:00,1.2944,Sunday,7,4,Spring,0
10023456783,2024-04-28 08:00:00,2024-04-28,08:00:00,2.2094,Sunday,8,4,Spring,0
10023456783,2024-04-28 09:00:00,2024-04-28,09:00:00,2.3369,Sunday,9,4,Spring,0
10023456783,2024-04-28 10:00:00,2024-04-28,10:00:00,1.7955,Sunday,10,4,Spring,0
10023456783,2024-04-28 11:00:00,2024-04-28,11:00:00,1.2221,Sunday,11,4,Spring,0
10023456783,2024-04-28 12:00:00,2024-04-28,12:00:00,1.5310,Sunday,12,4,Spring,0
10023456783,2024-04-28 13:00:00,2024-04-28,13:00:00,1.5954,Sunday,13,4,Spring,0
10023456783,2024-04-28 14:00:00,2024-04-28,14:00:00,1.5259,Sunday,14,4,Spring,0
10023456783,2024-04-28 15:00:00,2024-04-28,15:00:00,1.5966,Sunday,15,4,Spring,0
10023456783,2024-04-28 16:00:00,2024-04-28,16:00:00,1.9834,Sunday,16,4,Spring,0
10023456783,2024-04-28 17:00:00,2024-04-28,17:00:00,1.7429,Sunday,17,4,Spring,0
10023456783,2024-04-28 18:00:00,2024-04-28,18:00:00,2.7044,Sunday,18,4,Spring,0
10023456783,2024-04-28 19:00:00,2024-04-28,19:00:00,2.4774,Sunday,19,4,Spring,0
10023456783,2024-04-28 20:00:00,2024-04-28,20:00:00,2.5089,Sunday,20,4,Spring,0
10023456783,2024-04-28 21:00:00,2024-04-28,21:00:00,2.4578,Sunday,21,4,Spring,0
10023456783,2024-04-28 22:00:00,2024-04-28,22:00:00,1.6938,Sunday,22,4,Spring,0
10023456783,2024-04-28 23:00:00,2024-04-28,23:00:00,1.2142,Sunday,23,4,Spring,0
10023456783,2024-04-29 00:00:00,2024-04-29,00:00:00,0.4512,Monday,0,4,Spring,0
10023456783,2024-04-29 01:00:00,2024-04-29,01:00:00,0.5095,Monday,1,4,Spring,0
10023456783,2024-04-29 02:00:00,2024-04-29,02:00:00,0.3522,Monday,2,4,Spring,0
10023456783,2024-04-29 03:00:00,2024-04-29,03:00:00,0.3706,Monday,3,4,Spring,0
10023456783,2024-04-29 04:00:00,2024-04-29,04:00:00,0.6053,Monday,4,4,Spring,0
10023456783,2024-04-29 05:00:00,2024-04-29,05:00:00,0.8280,Monday,5,4,Spring,0
10023456783,2024-04-29 06:00:00,2024-04-29,06:00:00,1.1604,Monday,6,4,Spring,0
10023456783,2024-04-29 07:00:00,2024-04-29,07:00:00,1.7620,Monday,7,4,Spring,0
10023456783,2024-04-29 08:00:00,2024-04-29,08:00:00,2.1656,Monday,8,4,Spring,0
10023456783,2024-04-29 09:00:00,2024-04-29,09:00:00,1.6885,Monday,9,4,Spring,0
10023456783,2024-04-29 10:00:00,2024-04-29,10:00:00,4.4411,Monday,10,4,Spring,1
10023456783,2024-04-29 11:00:00,2024-04-29,11:00:00,1.0788,Monday,11,4,Spring,0
10023456783,2024-04-29 12:00:00,2024-04-29,12:00:00,1.0818,Monday,12,4,Spring,0
10023456783,2024-04-29 13:00:00,2024-04-29,13:00:00,1.3151,Monday,13,4,Spring,0
10023456783,2024-04-29 14:00:00,2024-04-29,14:00:00,1.0918,Monday,14,4,Spring,0
10023456783,2024-04-29 15:00:00,2024-04-29,15:00:00,1.3055,Monday,15,4,Spring,0
10023456783,2024-04-29 16:00:00,2024-04-29,16:00:00,1.7261,Monday,16,4,Spring,0
10023456783,2024-04-29 17:00:00,2024-04-29,17:00:00,1.8483,Monday,17,4,Spring,0
10023456783,2024-04-29 18:00:00,2024-04-29,18:00:00,1.9193,Monday,18,4,Spring,0
10023456783,2024-04-29 19:00:00,2024-04-29,19:00:00,2.9337,Monday,19,4,Spring,0
10023456783,2024-04-29 20:00:00,2024-04-29,20:00:00,3.1104,Monday,20,4,Spring,0
10023456783,2024-04-29 21:00:00,2024-04-29,21:00:00,2.0699,Monday,21,4,Spring,0
10023456783,2024-04-29 22:00:00,2024-04-29,22:00:00,1.6819,Monday,22,4,Spring,0
10023456783,2024-04-29 23:00:00,2024-04-29,23:00:00,0.9606,Monday,23,4,Spring,0
10023456783,2024-04-30 00:00:00,2024-04-30,00:00:00,0.7109,Tuesday,0,4,Spring,0
10023456783,2024-04-30 01:00:00,2024-04-30,01:00:00,0.4624,Tuesday,1,4,Spring,0
10023456783,2024-04-30 02:00:00,2024-04-30,02:00:00,0.5468,Tuesday,2,4,Spring,0
10023456783,2024-04-30 03:00:00,2024-04-30,03:00:00,0.4189,Tuesday,3,4,Spring,0
10023456783,2024-04-30 04:00:00,2024-04-30,04:00:00,0.6464,Tuesday,4,4,Spring,0
10023456783,2024-04-30 05:00:00,2024-04-30,05:00:00,0.8677,Tuesday,5,4,Spring,0
10023456783,2024-04-30 06:00:00,2024-04-30,06:00:00,1.3873,Tuesday,6,4,Spring,0
10023456783,2024-04-30 07:00:00,2024-04-30,07:00:00,2.3306,Tuesday,7,4,Spring,0
10023456783,2024-04-30 08:00:00,2024-04-30,08:00:00,2.1083,Tuesday,8,4,Spring,0
10023456783,2024-04-30 09:00:00,2024-04-30,09:00:00,1.5116,Tuesday,9,4,Spring,0
10023456783,2024-04-30 10:00:00,2024-04-30,10:00:00,8.9201,Tuesday,10,4,Spring,1
10023456783,2024-04-30 11:00:00,2024-04-30,11:00:00,1.3719,Tuesday,11,4,Spring,0
10023456783,2024-04-30 12:00:00,2024-04-30,12:00:00,1.1165,Tuesday,12,4,Spring,0
10023456783,2024-04-30 13:00:00,2024-04-30,13:00:00,1.4130,Tuesday,13,4,Spring,0
10023456783,2024-04-30 14:00:00,2024-04-30,14:00:00,1.3785,Tuesday,14,4,Spring,0
10023456783,2024-04-30 15:00:00,2024-04-30,15:00:00,1.3560,Tuesday,15,4,Spring,0
10023456783,2024-04-30 16:00:00,2024-04-30,16:00:00,1.5318,Tuesday,16,4,Spring,0
10023456783,2024-04-30 17:00:00,2024-04-30,17:00:00,1.8815,Tuesday,17,4,Spring,0
10023456783,2024-04-30 18:00:00,2024-04-30,18:00:00,2.7464,Tuesday,18,4,Spring,0
10023456783,2024-04-30 19:00:00,2024-04-30,19:00:00,3.3187,Tuesday,19,4,Spring,0
10023456783,2024-04-30 20:00:00,2024-04-30,20:00:00,2.6352,Tuesday,20,4,Spring,0
10023456783,2024-04-30 21:00:00,2024-04-30,21:00:00,2.7172,Tuesday,21,4,Spring,0
10023456783,2024-04-30 22:00:00,2024-04-30,22:00:00,1.5885,Tuesday,22,4,Spring,0
10023456783,2024-04-30 23:00:00,2024-04-30,23:00:00,1.0778,Tuesday,23,4,Spring,0
10023456783,2024-05-01 00:00:00,2024-05-01,00:00:00,0.7110,Wednesday,0,5,Spring,0
10023456783,2024-05-01 01:00:00,2024-05-01,01:00:00,0.5650,Wednesday,1,5,Spring,0
10023456783,2024-05-01 02:00:00,2024-05-01,02:00:00,0.4973,Wednesday,2,5,Spring,0
10023456783,2024-05-01 03:00:00,2024-05-01,03:00:00,0.5631,Wednesday,3,5,Spring,0
10023456783,2024-05-01 04:00:00,2024-05-01,04:00:00,0.6499,Wednesday,4,5,Spring,0
10023456783,2024-05-01 05:00:00,2024-05-01,05:00:00,4.7901,Wednesday,5,5,Spring,1
10023456783,2024-05-01 06:00:00,2024-05-01,06:00:00,5.0378,Wednesday,6,5,Spring,1
10023456783,2024-05-01 07:00:00,2024-05-01,07:00:00,2.6228,Wednesday,7,5,Spring,0
10023456783,2024-05-01 08:00:00,2024-05-01,08:00:00,2.5058,Wednesday,8,5,Spring,0
10023456783,2024-05-01 09:00:00,2024-05-01,09:00:00,2.3273,Wednesday,9,5,Spring,0
10023456783,2024-05-01 10:00:00,2024-05-01,10:00:00,2.0577,Wednesday,10,5,Spring,0
10023456783,2024-05-01 11:00:00,2024-05-01,11:00:00,1.3786,Wednesday,11,5,Spring,0
10023456783,2024-05-01 12:00:00,2024-05-01,12:00:00,1.2988,Wednesday,12,5,Spring,0
10023456783,2024-05-01 13:00:00,2024-05-01,13:00:00,1.5492,Wednesday,13,5,Spring,0
10023456783,2024-05-01 14:00:00,2024-05-01,14:00:00,1.8135,Wednesday,14,5,Spring,0
10023456783,2024-05-01 15:00:00,2024-05-01,15:00:00,1.6154,Wednesday,15,5,Spring,0
10023456783,2024-05-01 16:00:00,2024-05-01,16:00:00,1.7834,Wednesday,16,5,Spring,0
10023456783,2024-05-01 17:00:00,2024-05-01,17:00:00,2.5743,Wednesday,17,5,Spring,0
10023456783,2024-05-01 18:00:00,2024-05-01,18:00:00,3.3711,Wednesday,18,5,Spring,0
10023456783,2024-05-01 19:00:00,2024-05-01,19:00:00,3.2793,Wednesday,19,5,Spring,0
10023456783,2024-05-01 20:00:00,2024-05-01,20:00:00,3.9513,Wednesday,20,5,Spring,0
10023456783,2024-05-01 21:00:00,2024-05-01,21:00:00,2.6924,Wednesday,21,5,Spring,0
10023456783,2024-05-01 22:00:00,2024-05-01,22:00:00,2.3707,Wednesday,22,5,Spring,0
10023456783,2024-05-01 23:00:00,2024-05-01,23:00:00,1.3763,Wednesday,23,5,Spring,0
10023456783,2024-05-02 00:00:00,2024-05-02,00:00:00,0.6103,Thursday,0,5,Spring,0
10023456783,2024-05-02 01:00:00,2024-05-02,01:00:00,0.6152,Thursday,1,5,Spring,0
10023456783,2024-05-02 02:00:00,2024-05-02,02:00:00,0.6209,Thursday,2,5,Spring,0
10023456783,2024-05-02 03:00:00,2024-05-02,03:00:00,0.5208,Thursday,3,5,Spring,0
10023456783,2024-05-02 04:00:00,2024-05-02,04:00:00,5.5472,Thursday,4,5,Spring,1
10023456783,2024-05-02 05:00:00,2024-05-02,05:00:00,0.9528,Thursday,5,5,Spring,0
10023456783,2024-05-02 06:00:00,2024-05-02,06:00:00,1.4961,Thursday,6,5,Spring,0
10023456783,2024-05-02 07:00:00,2024-05-02,07:00:00,2.0116,Thursday,7,5,Spring,0
10023456783,2024-05-02 08:00:00,2024-05-02,08:00:00,2.6879,Thursday,8,5,Spring,0
10023456783,2024-05-02 09:00:00,2024-05-02,09:00:00,2.0177,Thursday,9,5,Spring,0
10023456783,2024-05-02 10:00:00,2024-05-02,10:00:00,1.6497,Thursday,10,5,Spring,0
10023456783,2024-05-02 11:00:00,2024-05-02,11:00:00,1.4813,Thursday,11,5,Spring,0
10023456783,2024-05-02 12:00:00,2024-05-02,12:00:00,1.4052,Thursday,12,5,Spring,0
10023456783,2024-05-02 13:00:00,2024-05-02,13:00:00,1.6036,Thursday,13,5,Spring,0
10023456783,2024-05-02 14:00:00,2024-05-02,14:00:00,1.3704,Thursday,14,5,Spring,0
10023456783,2024-05-02 15:00:00,2024-05-02,15:00:00,1.2997,Thursday,15,5,Spring,0
10023456783,2024-05-02 16:00:00,2024-05-02,16:00:00,2.0054,Thursday,16,5,Spring,0
10023456783,2024-05-02 17:00:00,2024-05-02,17:00:00,2.2565,Thursday,17,5,Spring,0
10023456783,2024-05-02 18:00:00,2024-05-02,18:00:00,3.4430,Thursday,18,5,Spring,0
10023456783,2024-05-02 19:00:00,2024-05-02,19:00:00,2.7482,Thursday,19,5,Spring,0
10023456783,2024-05-02 20:00:00,2024-05-02,20:00:00,2.6806,Thursday,20,5,Spring,0
10023456783,2024-05-02 21:00:00,2024-05-02,21:00:00,3.1707,Thursday,21,5,Spring,0
10023456783,2024-05-02 22:00:00,2024-05-02,22:00:00,1.8002,Thursday,22,5,Spring,0
10023456783,2024-05-02 23:00:00,2024-05-02,23:00:00,1.3191,Thursday,23,5,Spring,0
10023456783,2024-05-03 00:00:00,2024-05-03,00:00:00,0.7628,Friday,0,5,Spring,0
10023456783,2024-05-03 01:00:00,2024-05-03,01:00:00,0.6787,Friday,1,5,Spring,0
10023456783,2024-05-03 02:00:00,2024-05-03,02:00:00,0.5305,Friday,2,5,Spring,0
10023456783,2024-05-03 03:00:00,2024-05-03,03:00:00,3.4420,Friday,3,5,Spring,1
10023456783,2024-05-03 04:00:00,2024-05-03,04:00:00,5.7275,Friday,4,5,Spring,1
10023456783,2024-05-03 05:00:00,2024-05-03,05:00:00,0.8020,Friday,5,5,Spring,0
10023456783,2024-05-03 06:00:00,2024-05-03,06:00:00,1.6243,Friday,6,5,Spring,0
10023456783,2024-05-03 07:00:00,2024-05-03,07:00:00,2.4298,Friday,7,5,Spring,0
10023456783,2024-05-03 08:00:00,2024-05-03,08:00:00,2.2427,Friday,8,5,Spring,0
10023456783,2024-05-03 09:00:00,2024-05-03,09:00:00,2.2222,Friday,9,5,Spring,0
10023456783,2024-05-03 10:00:00,2024-05-03,10:00:00,1.8275,Friday,10,5,Spring,0
10023456783,2024-05-03 11:00:00,2024-05-03,11:00:00,1.4698,Friday,11,5,Spring,0
10023456783,2024-05-03 12:00:00,2024-05-03,12:00:00,1.6412,Friday,12,5,Spring,0
10023456783,2024-05-03 13:00:00,2024-05-03,13:00:00,1.4846,Friday,13,5,Spring,0
10023456783,2024-05-03 14:00:00,2024-05-03,14:00:00,1.5885,Friday,14,5,Spring,0
10023456783,2024-05-03 15:00:00,2024-05-03,15:00:00,1.8839,Friday,15,5,Spring,0
10023456783,2024-05-03 16:00:00,2024-05-03,16:00:00,1.7647,Friday,16,5,Spring,0
10023456783,2024-05-03 17:00:00,2024-05-03,17:00:00,2.5341,Friday,17,5,Spring,0
10023456783,2024-05-03 18:00:00,2024-05-03,18:00:00,3.8210,Friday,18,5,Spring,0
10023456783,2024-05-03 19:00:00,2024-05-03,19:00:00,3.9086,Friday,19,5,Spring,0
10023456783,2024-05-03 20:00:00,2024-05-03,20:00:00,3.6139,Friday,20,5,Spring,0
10023456783,2024-05-03 21:00:00,2024-05-03,21:00:00,3.2701,Friday,21,5,Spring,0
10023456783,2024-05-03 22:00:00,2024-05-03,22:00:00,1.9514,Friday,22,5,Spring,0
10023456783,2024-05-03 23:00:00,2024-05-03,23:00:00,1.3720,Friday,23,5,Spring,0
10023456783,2024-05-04 00:00:00,2024-05-04,00:00:00,0.7033,Saturday,0,5,Spring,0
10023456783,2024-05-04 01:00:00,2024-05-04,01:00:00,0.6361,Saturday,1,5,Spring,0
10023456783,2024-05-04 02:00:00,2024-05-04,02:00:00,0.4717,Saturday,2,5,Spring,0
10023456783,2024-05-04 03:00:00,2024-05-04,03:00:00,0.4286,Saturday,3,5,Spring,0
10023456783,2024-05-04 04:00:00,2024-05-04,04:00:00,0.4621,Saturday,4,5,Spring,0
10023456783,2024-05-04 05:00:00,2024-05-04,05:00:00,0.6678,Saturday,5,5,Spring,0
10023456783,2024-05-04 06:00:00,2024-05-04,06:00:00,0.9130,Saturday,6,5,Spring,0
10023456783,2024-05-04 07:00:00,2024-05-04,07:00:00,1.3244,Saturday,7,5,Spring,0
10023456783,2024-05-04 08:00:00,2024-05-04,08:00:00,2.1250,Saturday,8,5,Spring,0
10023456783,2024-05-04 09:00:00,2024-05-04,09:00:00,2.6829,Saturday,9,5,Spring,0
10023456783,2024-05-04 10:00:00,2024-05-04,10:00:00,1.9024,Saturday,10,5,Spring,0
10023456783,2024-05-04 11:00:00,2024-05-04,11:00:00,1.8534,Saturday,11,5,Spring,0
10023456783,2024-05-04 12:00:00,2024-05-04,12:00:00,1.8876,Saturday,12,5,Spring,0
10023456783,2024-05-04 13:00:00,2024-05-04,13:00:00,1.8218,Saturday,13,5,Spring,0
10023456783,2024-05-04 14:00:00,2024-05-04,14:00:00,1.6698,Saturday,14,5,Spring,0
10023456783,2024-05-04 15:00:00,2024-05-04,15:00:00,2.1154,Saturday,15,5,Spring,0
10023456783,2024-05-04 16:00:00,2024-05-04,16:00:00,2.3093,Saturday,16,5,Spring,0
10023456783,2024-05-04 17:00:00,2024-05-04,17:00:00,2.5343,Saturday,17,5,Spring,0
10023456783,2024-05-04 18:00:00,2024-05-04,18:00:00,2.9480,Saturday,18,5,Spring,0
10023456783,2024-05-04 19:00:00,2024-05-04,19:00:00,2.9628,Saturday,19,5,Spring,0
10023456783,2024-05-04 20:00:00,2024-05-04,20:00:00,3.1166,Saturday,20,5,Spring,0
10023456783,2024-05-04 21:00:00,2024-05-04,21:00:00,2.8098,Saturday,21,5,Spring,0
10023456783,2024-05-04 22:00:00,2024-05-04,22:00:00,2.2121,Saturday,22,5,Spring,0
10023456783,2024-05-04 23:00:00,2024-05-04,23:00:00,1.3387,Saturday,23,5,Spring,0
10023456783,2024-05-05 00:00:00,2024-05-05,00:00:00,0.6672,Sunday,0,5,Spring,0
10023456783,2024-05-05 01:00:00,2024-05-05,01:00:00,0.6112,Sunday,1,5,Spring,0
10023456783,2024-05-05 02:00:00,2024-05-05,02:00:00,0.5365,Sunday,2,5,Spring,0
10023456783,2024-05-05 03:00:00,2024-05-05,03:00:00,0.6094,Sunday,3,5,Spring,0
10023456783,2024-05-05 04:00:00,2024-05-05,04:00:00,0.5971,Sunday,4,5,Spring,0
10023456783,2024-05-05 05:00:00,2024-05-05,05:00:00,0.7010,Sunday,5,5,Spring,0
10023456783,2024-05-05 06:00:00,2024-05-05,06:00:00,0.9558,Sunday,6,5,Spring,0
10023456783,2024-05-05 07:00:00,2024-05-05,07:00:00,1.7190,Sunday,7,5,Spring,0
10023456783,2024-05-05 08:00:00,2024-05-05,08:00:00,2.0636,Sunday,8,5,Spring,0
10023456783,2024-05-05 09:00:00,2024-05-05,09:00:00,2.0964,Sunday,9,5,Spring,0
10023456783,2024-05-05 10:00:00,2024-05-05,10:00:00,1.9370,Sunday,10,5,Spring,0
10023456783,2024-05-05 11:00:00,2024-05-05,11:00:00,1.9440,Sunday,11,5,Spring,0
10023456783,2024-05-05 12:00:00,2024-05-05,12:00:00,1.6337,Sunday,12,5,Spring,0
10023456783,2024-05-05 13:00:00,2024-05-05,13:00:00,1.9404,Sunday,13,5,Spring,0
10023456783,2024-05-05 14:00:00,2024-05-05,14:00:00,1.7088,Sunday,14,5,Spring,0
10023456783,2024-05-05 15:00:00,2024-05-05,15:00:00,2.3154,Sunday,15,5,Spring,0
10023456783,2024-05-05 16:00:00,2024-05-05,16:00:00,2.0517,Sunday,16,5,Spring,0
10023456783,2024-05-05 17:00:00,2024-05-05,17:00:00,2.5168,Sunday,17,5,Spring,0
10023456783,2024-05-05 18:00:00,2024-05-05,18:00:00,2.4737,Sunday,18,5,Spring,0
10023456783,2024-05-05 19:00:00,2024-05-05,19:00:00,2.5888,Sunday,19,5,Spring,0
10023456783,2024-05-05 20:00:00,2024-05-05,20:00:00,2.6739,Sunday,20,5,Spring,0
10023456783,2024-05-05 21:00:00,2024-05-05,21:00:00,2.3511,Sunday,21,5,Spring,0
10023456783,2024-05-05 22:00:00,2024-05-05,22:00:00,1.7766,Sunday,22,5,Spring,0
10023456783,2024-05-05 23:00:00,2024-05-05,23:00:00,1.4673,Sunday,23,5,Spring,0
10023456783,2024-05-06 00:00:00,2024-05-06,00:00:00,0.6296,Monday,0,5,Spring,0
10023456783,2024-05-06 01:00:00,2024-05-06,01:00:00,0.4618,Monday,1,5,Spring,0
10023456783,2024-05-06 02:00:00,2024-05-06,02:00:00,0.4480,Monday,2,5,Spring,0
10023456783,2024-05-06 03:00:00,2024-05-06,03:00:00,0.4818,Monday,3,5,Spring,0
10023456783,2024-05-06 04:00:00,2024-05-06,04:00:00,0.4633,Monday,4,5,Spring,0
10023456783,2024-05-06 05:00:00,2024-05-06,05:00:00,0.9695,Monday,5,5,Spring,0
10023456783,2024-05-06 06:00:00,2024-05-06,06:00:00,1.4001,Monday,6,5,Spring,0
10023456783,2024-05-06 07:00:00,2024-05-06,07:00:00,1.7167,Monday,7,5,Spring,0
10023456783,2024-05-06 08:00:00,2024-05-06,08:00:00,1.8666,Monday,8,5,Spring,0
10023456783,2024-05-06 09:00:00,2024-05-06,09:00:00,1.7840,Monday,9,5,Spring,0
10023456783,2024-05-06 10:00:00,2024-05-06,10:00:00,1.3769,Monday,10,5,Spring,0
10023456783,2024-05-06 11:00:00,2024-05-06,11:00:00,1.1074,Monday,11,5,Spring,0
10023456783,2024-05-06 12:00:00,2024-05-06,12:00:00,1.3151,Monday,12,5,Spring,0
10023456783,2024-05-06 13:00:00,2024-05-06,13:00:00,1.3767,Monday,13,5,Spring,0
10023456783,2024-05-06 14:00:00,2024-05-06,14:00:00,1.4558,Monday,14,5,Spring,0
10023456783,2024-05-06 15:00:00,2024-05-06,15:00:00,1.2988,Monday,15,5,Spring,0
10023456783,2024-05-06 16:00:00,2024-05-06,16:00:00,1.7441,Monday,16,5,Spring,0
10023456783,2024-05-06 17:00:00,2024-05-06,17:00:00,1.8844,Monday,17,5,Spring,0
10023456783,2024-05-06 18:00:00,2024-05-06,18:00:00,2.8336,Monday,18,5,Spring,0
10023456783,2024-05-06 19:00:00,2024-05-06,19:00:00,2.7444,Monday,19,5,Spring,0
10023456783,2024-05-06 20:00:00,2024-05-06,20:00:00,2.4726,Monday,20,5,Spring,0
10023456783,2024-05-06 21:00:00,2024-05-06,21:00:00,2.6494,Monday,21,5,Spring,0
10023456783,2024-05-06 22:00:00,2024-05-06,22:00:00,2.1454,Monday,22,5,Spring,0
10023456783,2024-05-06 23:00:00,2024-05-06,23:00:00,1.0480,Monday,23,5,Spring,0
10023456783,2024-05-07 00:00:00,2024-05-07,00:00:00,0.6100,Tuesday,0,5,Spring,0
10023456783,2024-05-07 01:00:00,2024-05-07,01:00:00,0.6677,Tuesday,1,5,Spring,0
10023456783,2024-05-07 02:00:00,2024-05-07,02:00:00,0.6217,Tuesday,2,5,Spring,0
10023456783,2024-05-07 03:00:00,2024-05-07,03:00:00,3.3326,Tuesday,3,5,Spring,1
10023456783,2024-05-07 04:00:00,2024-05-07,04:00:00,4.7450,Tuesday,4,5,Spring,1
10023456783,2024-05-07 05:00:00,2024-05-07,05:00:00,0.8097,Tuesday,5,5,Spring,0
10023456783,2024-05-07 06:00:00,2024-05-07,06:00:00,1.5190,Tuesday,6,5,Spring,0
10023456783,2024-05-07 07:00:00,2024-05-07,07:00:00,2.0535,Tuesday,7,5,Spring,0
10023456783,2024-05-07 08:00:00,2024-05-07,08:00:00,2.4587,Tuesday,8,5,Spring,0
10023456783,2024-05-07 09:00:00,2024-05-07,09:00:00,1.8425,Tuesday,9,5,Spring,0
10023456783,2024-05-07 10:00:00,2024-05-07,10:00:00,1.3309,Tuesday,10,5,Spring,0
10023456783,2024-05-07 11:00:00,2024-05-07,11:00:00,1.3002,Tuesday,11,5,Spring,0
10023456783,2024-05-07 12:00:00,2024-05-07,12:00:00,1.4810,Tuesday,12,5,Spring,0
10023456783,2024-05-07 13:00:00,2024-05-07,13:00:00,1.7135,Tuesday,13,5,Spring,0
10023456783,2024-05-07 14:00:00,2024-05-07,14:00:00,1.5194,Tuesday,14,5,Spring,0
10023456783,2024-05-07 15:00:00,2024-05-07,15:00:00,1.6528,Tuesday,15,5,Spring,0
10023456783,2024-05-07 16:00:00,2024-05-07,16:00:00,1.8664,Tuesday,16,5,Spring,0
10023456783,2024-05-07 17:00:00,2024-05-07,17:00:00,2.4038,Tuesday,17,5,Spring,0
10023456783,2024-05-07 18:00:00,2024-05-07,18:00:00,3.5467,Tuesday,18,5,Spring,0
10023456783,2024-05-07 19:00:00,2024-05-07,19:00:00,4.0346,Tuesday,19,5,Spring,0
10023456783,2024-05-07 20:00:00,2024-05-07,20:00:00,3.0903,Tuesday,20,5,Spring,0
10023456783,2024-05-07 21:00:00,2024-05-07,21:00:00,2.8371,Tuesday,21,5,Spring,0
10023456783,2024-05-07 22:00:00,2024-05-07,22:00:00,1.8413,Tuesday,22,5,Spring,0
10023456783,2024-05-07 23:00:00,2024-05-07,23:00:00,1.3387,Tuesday,23,5,Spring,0
10023456783,2024-05-08 00:00:00,2024-05-08,00:00:00,0.4137,Wednesday,0,5,Spring,0
10023456783,2024-05-08 01:00:00,2024-05-08,01:00:00,0.3280,Wednesday,1,5,Spring,0
10023456783,2024-05-08 02:00:00,2024-05-08,02:00:00,0.3231,Wednesday,2,5,Spring,0
10023456783,2024-05-08 03:00:00,2024-05-08,03:00:00,4.8979,Wednesday,3,5,Spring,1
10023456783,2024-05-08 04:00:00,2024-05-08,04:00:00,0.4410,Wednesday,4,5,Spring,0
10023456783,2024-05-08 05:00:00,2024-05-08,05:00:00,0.5012,Wednesday,5,5,Spring,0
10023456783,2024-05-08 06:00:00,2024-05-08,06:00:00,1.2207,Wednesday,6,5,Spring,0
10023456783,2024-05-08 07:00:00,2024-05-08,07:00:00,1.6031,Wednesday,7,5,Spring,0
10023456783,2024-05-08 08:00:00,2024-05-08,08:00:00,2.1126,Wednesday,8,5,Spring,0
10023456783,2024-05-08 09:00:00,2024-05-08,09:00:00,1.3018,Wednesday,9,5,Spring,0
10023456783,2024-05-08 10:00:00,2024-05-08,10:00:00,1.2502,Wednesday,10,5,Spring,0
10023456783,2024-05-08 11:00:00,2024-05-08,11:00:00,0.9351,Wednesday,11,5,Spring,0
10023456783,2024-05-08 12:00:00,2024-05-08,12:00:00,1.1221,Wednesday,12,5,Spring,0
10023456783,2024-05-08 13:00:00,2024-05-08,13:00:00,1.0246,Wednesday,13,5,Spring,0
10023456783,2024-05-08 14:00:00,2024-05-08,14:00:00,1.0924,Wednesday,14,5,Spring,0
10023456783,2024-05-08 15:00:00,2024-05-08,15:00:00,5.0333,Wednesday,15,5,Spring,1
10023456783,2024-05-08 16:00:00,2024-05-08,16:00:00,1.1569,Wednesday,16,5,Spring,0
10023456783,2024-05-08 17:00:00,2024-05-08,17:00:00,1.8016,Wednesday,17,5,Spring,0
10023456783,2024-05-08 18:00:00,2024-05-08,18:00:00,2.1275,Wednesday,18,5,Spring,0
10023456783,2024-05-08 19:00:00,2024-05-08,19:00:00,2.8613,Wednesday,19,5,Spring,0
10023456783,2024-05-08 20:00:00,2024-05-08,20:00:00,2.0162,Wednesday,20,5,Spring,0
10023456783,2024-05-08 21:00:00,2024-05-08,21:00:00,2.1163,Wednesday,21,5,Spring,0
10023456783,2024-05-08 22:00:00,2024-05-08,22:00:00,1.5321,Wednesday,22,5,Spring,0
10023456783,2024-05-08 23:00:00,2024-05-08,23:00:00,0.7260,Wednesday,23,5,Spring,0
10023456783,2024-05-09 00:00:00,2024-05-09,00:00:00,0.6280,Thursday,0,5,Spring,0
10023456783,2024-05-09 01:00:00,2024-05-09,01:00:00,0.5604,Thursday,1,5,Spring,0
10023456783,2024-05-09 02:00:00,2024-05-09,02:00:00,0.5225,Thursday,2,5,Spring,0
10023456783,2024-05-09 03:00:00,2024-05-09,03:00:00,0.4901,Thursday,3,5,Spring,0
10023456783,2024-05-09 04:00:00,2024-05-09,04:00:00,0.6072,Thursday,4,5,Spring,0
10023456783,2024-05-09 05:00:00,2024-05-09,05:00:00,0.8234,Thursday,5,5,Spring,0
10023456783,2024-05-09 06:00:00,2024-05-09,06:00:00,1.3020,Thursday,6,5,Spring,0
10023456783,2024-05-09 07:00:00,2024-05-09,07:00:00,1.8972,Thursday,7,5,Spring,0
10023456783,2024-05-09 08:00:00,2024-05-09,08:00:00,2.2465,Thursday,8,5,Spring,0
10023456783,2024-05-09 09:00:00,2024-05-09,09:00:00,1.8507,Thursday,9,5,Spring,0
10023456783,2024-05-09 10:00:00,2024-05-09,10:00:00,1.5179,Thursday,10,5,Spring,0
10023456783,2024-05-09 11:00:00,2024-05-09,11:00:00,1.5170,Thursday,11,5,Spring,0
10023456783,2024-05-09 12:00:00,2024-05-09,12:00:00,1.4423,Thursday,12,5,Spring,0
10023456783,2024-05-09 13:00:00,2024-05-09,13:00:00,1.4685,Thursday,13,5,Spring,0
10023456783,2024-05-09 14:00:00,2024-05-09,14:00:00,1.2662,Thursday,14,5,Spring,0
10023456783,2024-05-09 15:00:00,2024-05-09,15:00:00,1.4777,Thursday,15,5,Spring,0
10023456783,2024-05-09 16:00:00,2024-05-09,16:00:00,1.7704,Thursday,16,5,Spring,0
10023456783,2024-05-09 17:00:00,2024-05-09,17:00:00,2.1294,Thursday,17,5,Spring,0
10023456783,2024-05-09 18:00:00,2024-05-09,18:00:00,2.8298,Thursday,18,5,Spring,0
10023456783,2024-05-09 19:00:00,2024-05-09,19:00:00,3.1728,Thursday,19,5,Spring,0
10023456783,2024-05-09 20:00:00,2024-05-09,20:00:00,3.4748,Thursday,20,5,Spring,0
10023456783,2024-05-09 21:00:00,2024-05-09,21:00:00,2.7574,Thursday,21,5,Spring,0
10023456783,2024-05-09 22:00:00,2024-05-09,22:00:00,2.1916,Thursday,22,5,Spring,0
10023456783,2024-05-09 23:00:00,2024-05-09,23:00:00,1.0667,Thursday,23,5,Spring,0
10023456783,2024-05-10 00:00:00,2024-05-10,00:00:00,0.5560,Friday,0,5,Spring,0
10023456783,2024-05-10 01:00:00,2024-05-10,01:00:00,3.9107,Friday,1,5,Spring,1
10023456783,2024-05-10 02:00:00,2024-05-10,02:00:00,3.8774,Friday,2,5,Spring,1
10023456783,2024-05-10 03:00:00,2024-05-10,03:00:00,0.4262,Friday,3,5,Spring,0
10023456783,2024-05-10 04:00:00,2024-05-10,04:00:00,0.6314,Friday,4,5,Spring,0
10023456783,2024-05-10 05:00:00,2024-05-10,05:00:00,0.6403,Friday,5,5,Spring,0
10023456783,2024-05-10 06:00:00,2024-05-10,06:00:00,1.3414,Friday,6,5,Spring,0
10023456783,2024-05-10 07:00:00,2024-05-10,07:00:00,1.7463,Friday,7,5,Spring,0
10023456783,2024-05-10 08:00:00,2024-05-10,08:00:00,1.9808,Friday,8,5,Spring,0
10023456783,2024-05-10 09:00:00,2024-05-10,09:00:00,2.0457,Friday,9,5,Spring,0
10023456783,2024-05-10 10:00:00,2024-05-10,10:00:00,1.4019,Friday,10,5,Spring,0
10023456783,2024-05-10 11:00:00,2024-05-10,11:00:00,1.2619,Friday,11,5,Spring,0
10023456783,2024-05-10 12:00:00,2024-05-10,12:00:00,1.3080,Friday,12,5,Spring,0
10023456783,2024-05-10 13:00:00,2024-05-10,13:00:00,1.1651,Friday,13,5,Spring,0
10023456783,2024-05-10 14:00:00,2024-05-10,14:00:00,1.5867,Friday,14,5,Spring,0
10023456783,2024-05-10 15:00:00,2024-05-10,15:00:00,1.4801,Friday,15,5,Spring,0
10023456783,2024-05-10 16:00:00,2024-05-10,16:00:00,1.5164,Friday,16,5,Spring,0
10023456783,2024-05-10 17:00:00,2024-05-10,17:00:00,2.0353,Friday,17,5,Spring,0
10023456783,2024-05-10 18:00:00,2024-05-10,18:00:00,2.6528,Friday,18,5,Spring,0
10023456783,2024-05-10 19:00:00,2024-05-10,19:00:00,3.0113,Friday,19,5,Spring,0
10023456783,2024-05-10 20:00:00,2024-05-10,20:00:00,3.1522,Friday,20,5,Spring,0
10023456783,2024-05-10 21:00:00,2024-05-10,21:00:00,2.8914,Friday,21,5,Spring,0
10023456783,2024-05-10 22:00:00,2024-05-10,22:00:00,1.5288,Friday,22,5,Spring,0
10023456783,2024-05-10 23:00:00,2024-05-10,23:00:00,1.0001,Friday,23,5,Spring,0
10023456783,2024-05-11 00:00:00,2024-05-11,00:00:00,0.6935,Saturday,0,5,Spring,0
10023456783,2024-05-11 01:00:00,2024-05-11,01:00:00,0.6129,Saturday,1,5,Spring,0
10023456783,2024-05-11 02:00:00,2024-05-11,02:00:00,0.5410,Saturday,2,5,Spring,0
10023456783,2024-05-11 03:00:00,2024-05-11,03:00:00,5.8343,Saturday,3,5,Spring,1
10023456783,2024-05-11 04:00:00,2024-05-11,04:00:00,5.9494,Saturday,4,5,Spring,1
10023456783,2024-05-11 05:00:00,2024-05-11,05:00:00,5.0004,Saturday,5,5,Spring,1
10023456783,2024-05-11 06:00:00,2024-05-11,06:00:00,0.9075,Saturday,6,5,Spring,0
10023456783,2024-05-11 07:00:00,2024-05-11,07:00:00,1.4690,Saturday,7,5,Spring,0
10023456783,2024-05-11 08:00:00,2024-05-11,08:00:00,2.3589,Saturday,8,5,Spring,0
10023456783,2024-05-11 09:00:00,2024-05-11,09:00:00,2.6387,Saturday,9,5,Spring,0
10023456783,2024-05-11 10:00:00,2024-05-11,10:00:00,2.0507,Saturday,10,5,Spring,0
10023456783,2024-05-11 11:00:00,2024-05-11,11:00:00,1.8409,Saturday,11,5,Spring,0
10023456783,2024-05-11 12:00:00,2024-05-11,12:00:00,1.7547,Saturday,12,5,Spring,0
10023456783,2024-05-11 13:00:00,2024-05-11,13:00:00,1.6602,Saturday,13,5,Spring,0
10023456783,2024-05-11 14:00:00,2024-05-11,14:00:00,1.8781,Saturday,14,5,Spring,0
10023456783,2024-05-11 15:00:00,2024-05-11,15:00:00,1.5710,Saturday,15,5,Spring,0
10023456783,2024-05-11 16:00:00,2024-05-11,16:00:00,1.7708,Saturday,16,5,Spring,0
10023456783,2024-05-11 17:00:00,2024-05-11,17:00:00,2.7964,Saturday,17,5,Spring,0
10023456783,2024-05-11 18:00:00,2024-05-11,18:00:00,2.8675,Saturday,18,5,Spring,0
10023456783,2024-05-11 19:00:00,2024-05-11,19:00:00,3.7279,Saturday,19,5,Spring,0
10023456783,2024-05-11 20:00:00,2024-05-11,20:00:00,3.4705,Saturday,20,5,Spring,0
10023456783,2024-05-11 21:00:00,2024-05-11,21:00:00,2.7185,Saturday,21,5,Spring,0
10023456783,2024-05-11 22:00:00,2024-05-11,22:00:00,1.9177,Saturday,22,5,Spring,0
10023456783,2024-05-11 23:00:00,2024-05-11,23:00:00,1.2572,Saturday,23,5,Spring,0
10023456783,2024-05-12 00:00:00,2024-05-12,00:00:00,0.6160,Sunday,0,5,Spring,0
10023456783,2024-05-12 01:00:00,2024-05-12,01:00:00,0.5449,Sunday,1,5,Spring,0
10023456783,2024-05-12 02:00:00,2024-05-12,02:00:00,0.4940,Sunday,2,5,Spring,0
10023456783,2024-05-12 03:00:00,2024-05-12,03:00:00,0.4747,Sunday,3,5,Spring,0
10023456783,2024-05-12 04:00:00,2024-05-12,04:00:00,0.4273,Sunday,4,5,Spring,0
10023456783,2024-05-12 05:00:00,2024-05-12,05:00:00,0.6411,Sunday,5,5,Spring,0
10023456783,2024-05-12 06:00:00,2024-05-12,06:00:00,0.8628,Sunday,6,5,Spring,0
10023456783,2024-05-12 07:00:00,2024-05-12,07:00:00,1.2431,Sunday,7,5,Spring,0
10023456783,2024-05-12 08:00:00,2024-05-12,08:00:00,1.7402,Sunday,8,5,Spring,0
10023456783,2024-05-12 09:00:00,2024-05-12,09:00:00,2.1389,Sunday,9,5,Spring,0
10023456783,2024-05-12 10:00:00,2024-05-12,10:00:00,1.9217,Sunday,10,5,Spring,0
10023456783,2024-05-12 11:00:00,2024-05-12,11:00:00,1.5877,Sunday,11,5,Spring,0
10023456783,2024-05-12 12:00:00,2024-05-12,12:00:00,1.4744,Sunday,12,5,Spring,0
10023456783,2024-05-12 13:00:00,2024-05-12,13:00:00,1.4018,Sunday,13,5,Spring,0
10023456783,2024-05-12 14:00:00,2024-05-12,14:00:00,1.4959,Sunday,14,5,Spring,0
10023456783,2024-05-12 15:00:00,2024-05-12,15:00:00,1.5341,Sunday,15,5,Spring,0
10023456783,2024-05-12 16:00:00,2024-05-12,16:00:00,1.8487,Sunday,16,5,Spring,0
10023456783,2024-05-12 17:00:00,2024-05-12,17:00:00,2.1071,Sunday,17,5,Spring,0
10023456783,2024-05-12 18:00:00,2024-05-12,18:00:00,2.2983,Sunday,18,5,Spring,0
10023456783,2024-05-12 19:00:00,2024-05-12,19:00:00,3.1074,Sunday,19,5,Spring,0
10023456783,2024-05-12 20:00:00,2024-05-12,20:00:00,2.5831,Sunday,20,5,Spring,0
10023456783,2024-05-12 21:00:00,2024-05-12,21:00:00,2.3447,Sunday,21,5,Spring,0
10023456783,2024-05-12 22:00:00,2024-05-12,22:00:00,2.0133,Sunday,22,5,Spring,0
10023456783,2024-05-12 23:00:00,2024-05-12,23:00:00,1.0711,Sunday,23,5,Spring,0
10023456783,2024-05-13 00:00:00,2024-05-13,00:00:00,0.5695,Monday,0,5,Spring,0
10023456783,2024-05-13 01:00:00,2024-05-13,01:00:00,0.4958,Monday,1,5,Spring,0
10023456783,2024-05-13 02:00:00,2024-05-13,02:00:00,0.4422,Monday,2,5,Spring,0
10023456783,2024-05-13 03:00:00,2024-05-13,03:00:00,0.4290,Monday,3,5,Spring,0
10023456783,2024-05-13 04:00:00,2024-05-13,04:00:00,0.4639,Monday,4,5,Spring,0
10023456783,2024-05-13 05:00:00,2024-05-13,05:00:00,0.6047,Monday,5,5,Spring,0
10023456783,2024-05-13 06:00:00,2024-05-13,06:00:00,1.3093,Monday,6,5,Spring,0
10023456783,2024-05-13 07:00:00,2024-05-13,07:00:00,1.7040,Monday,7,5,Spring,0
10023456783,2024-05-13 08:00:00,2024-05-13,08:00:00,1.8803,Monday,8,5,Spring,0
10023456783,2024-05-13 09:00:00,2024-05-13,09:00:00,1.4665,Monday,9,5,Spring,0
10023456783,2024-05-13 10:00:00,2024-05-13,10:00:00,1.3474,Monday,10,5,Spring,0
10023456783,2024-05-13 11:00:00,2024-05-13,11:00:00,0.9749,Monday,11,5,Spring,0
10023456783,2024-05-13 12:00:00,2024-05-13,12:00:00,1.2712,Monday,12,5,Spring,0
10023456783,2024-05-13 13:00:00,2024-05-13,13:00:00,0.9316,Monday,13,5,Spring,0
10023456783,2024-05-13 14:00:00,2024-05-13,14:00:00,1.1229,Monday,14,5,Spring,0
10023456783,2024-05-13 15:00:00,2024-05-13,15:00:00,1.3216,Monday,15,5,Spring,0
10023456783,2024-05-13 16:00:00,2024-05-13,16:00:00,1.5244,Monday,16,5,Spring,0
10023456783,2024-05-13 17:00:00,2024-05-13,17:00:00,1.6009,Monday,17,5,Spring,0
10023456783,2024-05-13 18:00:00,2024-05-13,18:00:00,2.3073,Monday,18,5,Spring,0
10023456783,2024-05-13 19:00:00,2024-05-13,19:00:00,2.6303,Monday,19,5,Spring,0
10023456783,2024-05-13 20:00:00,2024-05-13,20:00:00,2.5696,Monday,20,5,Spring,0
10023456783,2024-05-13 21:00:00,2024-05-13,21:00:00,2.2078,Monday,21,5,Spring,0
10023456783,2024-05-13 22:00:00,2024-05-13,22:00:00,1.5573,Monday,22,5,Spring,0
10023456783,2024-05-13 23:00:00,2024-05-13,23:00:00,0.9293,Monday,23,5,Spring,0
10023456783,2024-05-14 00:00:00,2024-05-14,00:00:00,0.7654,Tuesday,0,5,Spring,0
10023456783,2024-05-14 01:00:00,2024-05-14,01:00:00,0.6909,Tuesday,1,5,Spring,0
10023456783,2024-05-14 02:00:00,2024-05-14,02:00:00,0.4404,Tuesday,2,5,Spring,0
10023456783,2024-05-14 03:00:00,2024-05-14,03:00:00,0.4763,Tuesday,3,5,Spring,0
10023456783,2024-05-14 04:00:00,2024-05-14,04:00:00,0.4722,Tuesday,4,5,Spring,0
10023456783,2024-05-14 05:00:00,2024-05-14,05:00:00,0.8909,Tuesday,5,5,Spring,0
10023456783,2024-05-14 06:00:00,2024-05-14,06:00:00,1.6124,Tuesday,6,5,Spring,0
10023456783,2024-05-14 07:00:00,2024-05-14,07:00:00,2.1673,Tuesday,7,5,Spring,0
10023456783,2024-05-14 08:00:00,2024-05-14,08:00:00,2.1558,Tuesday,8,5,Spring,0
10023456783,2024-05-14 09:00:00,2024-05-14,09:00:00,1.7799,Tuesday,9,5,Spring,0
10023456783,2024-05-14 10:00:00,2024-05-14,10:00:00,1.2551,Tuesday,10,5,Spring,0
10023456783,2024-05-14 11:00:00,2024-05-14,11:00:00,1.2438,Tuesday,11,5,Spring,0
10023456783,2024-05-14 12:00:00,2024-05-14,12:00:00,1.3847,Tuesday,12,5,Spring,0
10023456783,2024-05-14 13:00:00,2024-05-14,13:00:00,1.5055,Tuesday,13,5,Spring,0
10023456783,2024-05-14 14:00:00,2024-05-14,14:00:00,1.3930,Tuesday,14,5,Spring,0
10023456783,2024-05-14 15:00:00,2024-05-14,15:00:00,1.5696,Tuesday,15,5,Spring,0
10023456783,2024-05-14 16:00:00,2024-05-14,16:00:00,1.8330,Tuesday,16,5,Spring,0
10023456783,2024-05-14 17:00:00,2024-05-14,17:00:00,2.1162,Tuesday,17,5,Spring,0
10023456783,2024-05-14 18:00:00,2024-05-14,18:00:00,3.2878,Tuesday,18,5,Spring,0
10023456783,2024-05-14 19:00:00,2024-05-14,19:00:00,2.8146,Tuesday,19,5,Spring,0
10023456783,2024-05-14 20:00:00,2024-05-14,20:00:00,3.1358,Tuesday,20,5,Spring,0
10023456783,2024-05-14 21:00:00,2024-05-14,21:00:00,2.3439,Tuesday,21,5,Spring,0
10023456783,2024-05-14 22:00:00,2024-05-14,22:00:00,2.0146,Tuesday,22,5,Spring,0
10023456783,2024-05-14 23:00:00,2024-05-14,23:00:00,1.1661,Tuesday,23,5,Spring,0
10023456783,2024-05-15 00:00:00,2024-05-15,00:00:00,3.4234,Wednesday,0,5,Spring,1
10023456783,2024-05-15 01:00:00,2024-05-15,01:00:00,0.6730,Wednesday,1,5,Spring,0
10023456783,2024-05-15 02:00:00,2024-05-15,02:00:00,0.6416,Wednesday,2,5,Spring,0
10023456783,2024-05-15 03:00:00,2024-05-15,03:00:00,0.6955,Wednesday,3,5,Spring,0
10023456783,2024-05-15 04:00:00,2024-05-15,04:00:00,0.7256,Wednesday,4,5,Spring,0
10023456783,2024-05-15 05:00:00,2024-05-15,05:00:00,0.9835,Wednesday,5,5,Spring,0
10023456783,2024-05-15 06:00:00,2024-05-15,06:00:00,1.6806,Wednesday,6,5,Spring,0
10023456783,2024-05-15 07:00:00,2024-05-15,07:00:00,2.2584,Wednesday,7,5,Spring,0
10023456783,2024-05-15 08:00:00,2024-05-15,08:00:00,2.7519,Wednesday,8,5,Spring,0
10023456783,2024-05-15 09:00:00,2024-05-15,09:00:00,2.6592,Wednesday,9,5,Spring,0
10023456783,2024-05-15 10:00:00,2024-05-15,10:00:00,1.6813,Wednesday,10,5,Spring,0
10023456783,2024-05-15 11:00:00,2024-05-15,11:00:00,1.8259,Wednesday,11,5,Spring,0
10023456783,2024-05-15 12:00:00,2024-05-15,12:00:00,1.8260,Wednesday,12,5,Spring,0
10023456783,2024-05-15 13:00:00,2024-05-15,13:00:00,1.9953,Wednesday,13,5,Spring,0
10023456783,2024-05-15 14:00:00,2024-05-15,14:00:00,0.1702,Wednesday,14,5,Spring,1
10023456783,2024-05-15 15:00:00,2024-05-15,15:00:00,2.0245,Wednesday,15,5,Spring,0
10023456783,2024-05-15 16:00:00,2024-05-15,16:00:00,2.1029,Wednesday,16,5,Spring,0
10023456783,2024-05-15 17:00:00,2024-05-15,17:00:00,2.9338,Wednesday,17,5,Spring,0
10023456783,2024-05-15 18:00:00,2024-05-15,18:00:00,3.0745,Wednesday,18,5,Spring,0
10023456783,2024-05-15 19:00:00,2024-05-15,19:00:00,3.3040,Wednesday,19,5,Spring,0
10023456783,2024-05-15 20:00:00,2024-05-15,20:00:00,4.2600,Wednesday,20,5,Spring,0
10023456783,2024-05-15 21:00:00,2024-05-15,21:00:00,2.8182,Wednesday,21,5,Spring,0
10023456783,2024-05-15 22:00:00,2024-05-15,22:00:00,1.9056,Wednesday,22,5,Spring,0
10023456783,2024-05-15 23:00:00,2024-05-15,23:00:00,1.4803,Wednesday,23,5,Spring,0
10023456783,2024-05-16 00:00:00,2024-05-16,00:00:00,0.5075,Thursday,0,5,Spring,0
10023456783,2024-05-16 01:00:00,2024-05-16,01:00:00,0.5208,Thursday,1,5,Spring,0
10023456783,2024-05-16 02:00:00,2024-05-16,02:00:00,3.8436,Thursday,2,5,Spring,1
10023456783,2024-05-16 03:00:00,2024-05-16,03:00:00,0.5155,Thursday,3,5,Spring,0
10023456783,2024-05-16 04:00:00,2024-05-16,04:00:00,0.5948,Thursday,4,5,Spring,0
10023456783,2024-05-16 05:00:00,2024-05-16,05:00:00,0.8996,Thursday,5,5,Spring,0
10023456783,2024-05-16 06:00:00,2024-05-16,06:00:00,1.4612,Thursday,6,5,Spring,0
10023456783,2024-05-16 07:00:00,2024-05-16,07:00:00,1.8658,Thursday,7,5,Spring,0
10023456783,2024-05-16 08:00:00,2024-05-16,08:00:00,2.0883,Thursday,8,5,Spring,0
10023456783,2024-05-16 09:00:00,2024-05-16,09:00:00,1.8354,Thursday,9,5,Spring,0
10023456783,2024-05-16 10:00:00,2024-05-16,10:00:00,1.0819,Thursday,10,5,Spring,0
10023456783,2024-05-16 11:00:00,2024-05-16,11:00:00,1.4018,Thursday,11,5,Spring,0
10023456783,2024-05-16 12:00:00,2024-05-16,12:00:00,1.1341,Thursday,12,5,Spring,0
10023456783,2024-05-16 13:00:00,2024-05-16,13:00:00,1.4964,Thursday,13,5,Spring,0
10023456783,2024-05-16 14:00:00,2024-05-16,14:00:00,1.3259,Thursday,14,5,Spring,0
10023456783,2024-05-16 15:00:00,2024-05-16,15:00:00,1.4216,Thursday,15,5,Spring,0
10023456783,2024-05-16 16:00:00,2024-05-16,16:00:00,1.5611,Thursday,16,5,Spring,0
10023456783,2024-05-16 17:00:00,2024-05-16,17:00:00,1.9761,Thursday,17,5,Spring,0
10023456783,2024-05-16 18:00:00,2024-05-16,18:00:00,3.0381,Thursday,18,5,Spring,0
10023456783,2024-05-16 19:00:00,2024-05-16,19:00:00,2.5303,Thursday,19,5,Spring,0
10023456783,2024-05-16 20:00:00,2024-05-16,20:00:00,2.5754,Thursday,20,5,Spring,0
10023456783,2024-05-16 21:00:00,2024-05-16,21:00:00,2.1190,Thursday,21,5,Spring,0
10023456783,2024-05-16 22:00:00,2024-05-16,22:00:00,1.5358,Thursday,22,5,Spring,0
10023456783,2024-05-16 23:00:00,2024-05-16,23:00:00,1.0062,Thursday,23,5,Spring,0
10023456783,2024-05-17 00:00:00,2024-05-17,00:00:00,0.6994,Friday,0,5,Spring,0
10023456783,2024-05-17 01:00:00,2024-05-17,01:00:00,0.5867,Friday,1,5,Spring,0
10023456783,2024-05-17 02:00:00,2024-05-17,02:00:00,0.4643,Friday,2,5,Spring,0
10023456783,2024-05-17 03:00:00,2024-05-17,03:00:00,0.4579,Friday,3,5,Spring,0
10023456783,2024-05-17 04:00:00,2024-05-17,04:00:00,0.5975,Friday,4,5,Spring,0
10023456783,2024-05-17 05:00:00,2024-05-17,05:00:00,0.7683,Friday,5,5,Spring,0
10023456783,2024-05-17 06:00:00,2024-05-17,06:00:00,1.4176,Friday,6,5,Spring,0
10023456783,2024-05-17 07:00:00,2024-05-17,07:00:00,1.8208,Friday,7,5,Spring,0
10023456783,2024-05-17 08:00:00,2024-05-17,08:00:00,2.2298,Friday,8,5,Spring,0
10023456783,2024-05-17 09:00:00,2024-05-17,09:00:00,1.7805,Friday,9,5,Spring,0
10023456783,2024-05-17 10:00:00,2024-05-17,10:00:00,1.4911,Friday,10,5,Spring,0
10023456783,2024-05-17 11:00:00,2024-05-17,11:00:00,1.4926,Friday,11,5,Spring,0
10023456783,2024-05-17 12:00:00,2024-05-17,12:00:00,1.5266,Friday,12,5,Spring,0
10023456783,2024-05-17 13:00:00,2024-05-17,13:00:00,1.3504,Friday,13,5,Spring,0
10023456783,2024-05-17 14:00:00,2024-05-17,14:00:00,1.5575,Friday,14,5,Spring,0
10023456783,2024-05-17 15:00:00,2024-05-17,15:00:00,1.6611,Friday,15,5,Spring,0
10023456783,2024-05-17 16:00:00,2024-05-17,16:00:00,1.7675,Friday,16,5,Spring,0
10023456783,2024-05-17 17:00:00,2024-05-17,17:00:00,2.3835,Friday,17,5,Spring,0
10023456783,2024-05-17 18:00:00,2024-05-17,18:00:00,2.5087,Friday,18,5,Spring,0
10023456783,2024-05-17 19:00:00,2024-05-17,19:00:00,2.4394,Friday,19,5,Spring,0
10023456783,2024-05-17 20:00:00,2024-05-17,20:00:00,2.6313,Friday,20,5,Spring,0
10023456783,2024-05-17 21:00:00,2024-05-17,21:00:00,2.4596,Friday,21,5,Spring,0
10023456783,2024-05-17 22:00:00,2024-05-17,22:00:00,1.9744,Friday,22,5,Spring,0
10023456783,2024-05-17 23:00:00,2024-05-17,23:00:00,1.0914,Friday,23,5,Spring,0
10023456783,2024-05-18 00:00:00,2024-05-18,00:00:00,0.7567,Saturday,0,5,Spring,0
10023456783,2024-05-18 01:00:00,2024-05-18,01:00:00,0.5625,Saturday,1,5,Spring,0
10023456783,2024-05-18 02:00:00,2024-05-18,02:00:00,0.5244,Saturday,2,5,Spring,0
10023456783,2024-05-18 03:00:00,2024-05-18,03:00:00,0.3993,Saturday,3,5,Spring,0
10023456783,2024-05-18 04:00:00,2024-05-18,04:00:00,0.6288,Saturday,4,5,Spring,0
10023456783,2024-05-18 05:00:00,2024-05-18,05:00:00,0.5534,Saturday,5,5,Spring,0
10023456783,2024-05-18 06:00:00,2024-05-18,06:00:00,0.9289,Saturday,6,5,Spring,0
10023456783,2024-05-18 07:00:00,2024-05-18,07:00:00,1.4340,Saturday,7,5,Spring,0
10023456783,2024-05-18 08:00:00,2024-05-18,08:00:00,1.9474,Saturday,8,5,Spring,0
10023456783,2024-05-18 09:00:00,2024-05-18,09:00:00,2.1414,Saturday,9,5,Spring,0
10023456783,2024-05-18 10:00:00,2024-05-18,10:00:00,2.2033,Saturday,10,5,Spring,0
10023456783,2024-05-18 11:00:00,2024-05-18,11:00:00,1.7005,Saturday,11,5,Spring,0
10023456783,2024-05-18 12:00:00,2024-05-18,12:00:00,1.7346,Saturday,12,5,Spring,0
10023456783,2024-05-18 13:00:00,2024-05-18,13:00:00,1.4763,Saturday,13,5,Spring,0
10023456783,2024-05-18 14:00:00,2024-05-18,14:00:00,1.4772,Saturday,14,5,Spring,0
10023456783,2024-05-18 15:00:00,2024-05-18,15:00:00,1.5619,Saturday,15,5,Spring,0
10023456783,2024-05-18 16:00:00,2024-05-18,16:00:00,1.6565,Saturday,16,5,Spring,0
10023456783,2024-05-18 17:00:00,2024-05-18,17:00:00,2.4458,Saturday,17,5,Spring,0
10023456783,2024-05-18 18:00:00,2024-05-18,18:00:00,2.9809,Saturday,18,5,Spring,0
10023456783,2024-05-18 19:00:00,2024-05-18,19:00:00,2.9362,Saturday,19,5,Spring,0
10023456783,2024-05-18 20:00:00,2024-05-18,20:00:00,2.6212,Saturday,20,5,Spring,0
10023456783,2024-05-18 21:00:00,2024-05-18,21:00:00,2.3088,Saturday,21,5,Spring,0
10023456783,2024-05-18 22:00:00,2024-05-18,22:00:00,1.7622,Saturday,22,5,Spring,0
10023456783,2024-05-18 23:00:00,2024-05-18,23:00:00,1.3838,Saturday,23,5,Spring,0
10023456783,2024-05-19 00:00:00,2024-05-19,00:00:00,0.5350,Sunday,0,5,Spring,0
10023456783,2024-05-19 01:00:00,2024-05-19,01:00:00,0.4739,Sunday,1,5,Spring,0
10023456783,2024-05-19 02:00:00,2024-05-19,02:00:00,0.5823,Sunday,2,5,Spring,0
10023456783,2024-05-19 03:00:00,2024-05-19,03:00:00,0.4230,Sunday,3,5,Spring,0
10023456783,2024-05-19 04:00:00,2024-05-19,04:00:00,0.5218,Sunday,4,5,Spring,0
10023456783,2024-05-19 05:00:00,2024-05-19,05:00:00,0.6183,Sunday,5,5,Spring,0
10023456783,2024-05-19 06:00:00,2024-05-19,06:00:00,0.9009,Sunday,6,5,Spring,0
10023456783,2024-05-19 07:00:00,2024-05-19,07:00:00,1.3030,Sunday,7,5,Spring,0
10023456783,2024-05-19 08:00:00,2024-05-19,08:00:00,1.9743,Sunday,8,5,Spring,0
10023456783,2024-05-19 09:00:00,2024-05-19,09:00:00,1.9456,Sunday,9,5,Spring,0
10023456783,2024-05-19 10:00:00,2024-05-19,10:00:00,2.1221,Sunday,10,5,Spring,0
10023456783,2024-05-19 11:00:00,2024-05-19,11:00:00,1.6432,Sunday,11,5,Spring,0
10023456783,2024-05-19 12:00:00,2024-05-19,12:00:00,1.6576,Sunday,12,5,Spring,0
10023456783,2024-05-19 13:00:00,2024-05-19,13:00:00,1.5935,Sunday,13,5,Spring,0
10023456783,2024-05-19 14:00:00,2024-05-19,14:00:00,1.4735,Sunday,14,5,Spring,0
10023456783,2024-05-19 15:00:00,2024-05-19,15:00:00,1.6410,Sunday,15,5,Spring,0
10023456783,2024-05-19 16:00:00,2024-05-19,16:00:00,1.4845,Sunday,16,5,Spring,0
10023456783,2024-05-19 17:00:00,2024-05-19,17:00:00,2.0942,Sunday,17,5,Spring,0
10023456783,2024-05-19 18:00:00,2024-05-19,18:00:00,2.5898,Sunday,18,5,Spring,0
10023456783,2024-05-19 19:00:00,2024-05-19,19:00:00,2.3376,Sunday,19,5,Spring,0
10023456783,2024-05-19 20:00:00,2024-05-19,20:00:00,3.2471,Sunday,20,5,Spring,0
10023456783,2024-05-19 21:00:00,2024-05-19,21:00:00,2.1580,Sunday,21,5,Spring,0
10023456783,2024-05-19 22:00:00,2024-05-19,22:00:00,1.7641,Sunday,22,5,Spring,0
10023456783,2024-05-19 23:00:00,2024-05-19,23:00:00,2.8176,Sunday,23,5,Spring,1
10023456783,2024-05-20 00:00:00,2024-05-20,00:00:00,0.3848,Monday,0,5,Spring,0
10023456783,2024-05-20 01:00:00,2024-05-20,01:00:00,0.4022,Monday,1,5,Spring,0
10023456783,2024-05-20 02:00:00,2024-05-20,02:00:00,0.3917,Monday,2,5,Spring,0
10023456783,2024-05-20 03:00:00,2024-05-20,03:00:00,0.3539,Monday,3,5,Spring,0
10023456783,2024-05-20 04:00:00,2024-05-20,04:00:00,0.3774,Monday,4,5,Spring,0
10023456783,2024-05-20 05:00:00,2024-05-20,05:00:00,0.5223,Monday,5,5,Spring,0
10023456783,2024-05-20 06:00:00,2024-05-20,06:00:00,0.7982,Monday,6,5,Spring,0
10023456783,2024-05-20 07:00:00,2024-05-20,07:00:00,1.3892,Monday,7,5,Spring,0
10023456783,2024-05-20 08:00:00,2024-05-20,08:00:00,1.5752,Monday,8,5,Spring,0
10023456783,2024-05-20 09:00:00,2024-05-20,09:00:00,1.2955,Monday,9,5,Spring,0
10023456783,2024-05-20 10:00:00,2024-05-20,10:00:00,1.1325,Monday,10,5,Spring,0
10023456783,2024-05-20 11:00:00,2024-05-20,11:00:00,0.6691,Monday,11,5,Spring,0
10023456783,2024-05-20 12:00:00,2024-05-20,12:00:00,0.9094,Monday,12,5,Spring,0
10023456783,2024-05-20 13:00:00,2024-05-20,13:00:00,1.0902,Monday,13,5,Spring,0
10023456783,2024-05-20 14:00:00,2024-05-20,14:00:00,1.0704,Monday,14,5,Spring,0
10023456783,2024-05-20 15:00:00,2024-05-20,15:00:00,0.9139,Monday,15,5,Spring,0
10023456783,2024-05-20 16:00:00,2024-05-20,16:00:00,0.2020,Monday,16,5,Spring,1
10023456783,2024-05-20 17:00:00,2024-05-20,17:00:00,1.8369,Monday,17,5,Spring,0
10023456783,2024-05-20 18:00:00,2024-05-20,18:00:00,1.6741,Monday,18,5,Spring,0
10023456783,2024-05-20 19:00:00,2024-05-20,19:00:00,2.0276,Monday,19,5,Spring,0
10023456783,2024-05-20 20:00:00,2024-05-20,20:00:00,2.0021,Monday,20,5,Spring,0
10023456783,2024-05-20 21:00:00,2024-05-20,21:00:00,1.5883,Monday,21,5,Spring,0
10023456783,2024-05-20 22:00:00,2024-05-20,22:00:00,1.1016,Monday,22,5,Spring,0
10023456783,2024-05-20 23:00:00,2024-05-20,23:00:00,0.7503,Monday,23,5,Spring,0
10023456783,2024-05-21 00:00:00,2024-05-21,00:00:00,5.4897,Tuesday,0,5,Spring,1
10023456783,2024-05-21 01:00:00,2024-05-21,01:00:00,0.5462,Tuesday,1,5,Spring,0
10023456783,2024-05-21 02:00:00,2024-05-21,02:00:00,0.5795,Tuesday,2,5,Spring,0
10023456783,2024-05-21 03:00:00,2024-05-21,03:00:00,0.5843,Tuesday,3,5,Spring,0
10023456783,2024-05-21 04:00:00,2024-05-21,04:00:00,0.6218,Tuesday,4,5,Spring,0
10023456783,2024-05-21 05:00:00,2024-05-21,05:00:00,0.7387,Tuesday,5,5,Spring,0
10023456783,2024-05-21 06:00:00,2024-05-21,06:00:00,1.4037,Tuesday,6,5,Spring,0
10023456783,2024-05-21 07:00:00,2024-05-21,07:00:00,2.0304,Tuesday,7,5,Spring,0
10023456783,2024-05-21 08:00:00,2024-05-21,08:00:00,2.2372,Tuesday,8,5,Spring,0
10023456783,2024-05-21 09:00:00,2024-05-21,09:00:00,2.2140,Tuesday,9,5,Spring,0
10023456783,2024-05-21 10:00:00,2024-05-21,10:00:00,1.6420,Tuesday,10,5,Spring,0
10023456783,2024-05-21 11:00:00,2024-05-21,11:00:00,1.3682,Tuesday,11,5,Spring,0
10023456783,2024-05-21 12:00:00,2024-05-21,12:00:00,1.2792,Tuesday,12,5,Spring,0
10023456783,2024-05-21 13:00:00,2024-05-21,13:00:00,1.5967,Tuesday,13,5,Spring,0
10023456783,2024-05-21 14:00:00,2024-05-21,14:00:00,1.5746,Tuesday,14,5,Spring,0
10023456783,2024-05-21 15:00:00,2024-05-21,15:00:00,1.5070,Tuesday,15,5,Spring,0
10023456783,2024-05-21 16:00:00,2024-05-21,16:00:00,1.8152,Tuesday,16,5,Spring,0
10023456783,2024-05-21 17:00:00,2024-05-21,17:00:00,2.3085,Tuesday,17,5,Spring,0
10023456783,2024-05-21 18:00:00,2024-05-21,18:00:00,3.0098,Tuesday,18,5,Spring,0
10023456783,2024-05-21 19:00:00,2024-05-21,19:00:00,3.3581,Tuesday,19,5,Spring,0
10023456783,2024-05-21 20:00:00,2024-05-21,20:00:00,2.7171,Tuesday,20,5,Spring,0
10023456783,2024-05-21 21:00:00,2024-05-21,21:00:00,2.1479,Tuesday,21,5,Spring,0
10023456783,2024-05-21 22:00:00,2024-05-21,22:00:00,2.0157,Tuesday,22,5,Spring,0
10023456783,2024-05-21 23:00:00,2024-05-21,23:00:00,0.8572,Tuesday,23,5,Spring,0
10023456783,2024-05-22 00:00:00,2024-05-22,00:00:00,0.5615,Wednesday,0,5,Spring,0
10023456783,2024-05-22 01:00:00,2024-05-22,01:00:00,0.6325,Wednesday,1,5,Spring,0
10023456783,2024-05-22 02:00:00,2024-05-22,02:00:00,0.4609,Wednesday,2,5,Spring,0
10023456783,2024-05-22 03:00:00,2024-05-22,03:00:00,0.5598,Wednesday,3,5,Spring,0
10023456783,2024-05-22 04:00:00,2024-05-22,04:00:00,0.6103,Wednesday,4,5,Spring,0
10023456783,2024-05-22 05:00:00,2024-05-22,05:00:00,0.7535,Wednesday,5,5,Spring,0
10023456783,2024-05-22 06:00:00,2024-05-22,06:00:00,1.5012,Wednesday,6,5,Spring,0
10023456783,2024-05-22 07:00:00,2024-05-22,07:00:00,1.8994,Wednesday,7,5,Spring,0
10023456783,2024-05-22 08:00:00,2024-05-22,08:00:00,2.4180,Wednesday,8,5,Spring,0
10023456783,2024-05-22 09:00:00,2024-05-22,09:00:00,1.6201,Wednesday,9,5,Spring,0
10023456783,2024-05-22 10:00:00,2024-05-22,10:00:00,1.2352,Wednesday,10,5,Spring,0
10023456783,2024-05-22 11:00:00,2024-05-22,11:00:00,1.4366,Wednesday,11,5,Spring,0
10023456783,2024-05-22 12:00:00,2024-05-22,12:00:00,1.1054,Wednesday,12,5,Spring,0
10023456783,2024-05-22 13:00:00,2024-05-22,13:00:00,1.3018,Wednesday,13,5,Spring,0
10023456783,2024-05-22 14:00:00,2024-05-22,14:00:00,1.4547,Wednesday,14,5,Spring,0
10023456783,2024-05-22 15:00:00,2024-05-22,15:00:00,1.6105,Wednesday,15,5,Spring,0
10023456783,2024-05-22 16:00:00,2024-05-22,16:00:00,1.6623,Wednesday,16,5,Spring,0
10023456783,2024-05-22 17:00:00,2024-05-22,17:00:00,2.1367,Wednesday,17,5,Spring,0
10023456783,2024-05-22 18:00:00,2024-05-22,18:00:00,2.5583,Wednesday,18,5,Spring,0
10023456783,2024-05-22 19:00:00,2024-05-22,19:00:00,2.7249,Wednesday,19,5,Spring,0
10023456783,2024-05-22 20:00:00,2024-05-22,20:00:00,3.2665,Wednesday,20,5,Spring,0
10023456783,2024-05-22 21:00:00,2024-05-22,21:00:00,2.5417,Wednesday,21,5,Spring,0
10023456783,2024-05-22 22:00:00,2024-05-22,22:00:00,1.7581,Wednesday,22,5,Spring,0
10023456783,2024-05-22 23:00:00,2024-05-22,23:00:00,1.1444,Wednesday,23,5,Spring,0
10023456783,2024-05-23 00:00:00,2024-05-23,00:00:00,0.5178,Thursday,0,5,Spring,0
10023456783,2024-05-23 01:00:00,2024-05-23,01:00:00,0.4580,Thursday,1,5,Spring,0
10023456783,2024-05-23 02:00:00,2024-05-23,02:00:00,0.3101,Thursday,2,5,Spring,0
10023456783,2024-05-23 03:00:00,2024-05-23,03:00:00,0.4848,Thursday,3,5,Spring,0
10023456783,2024-05-23 04:00:00,2024-05-23,04:00:00,0.5131,Thursday,4,5,Spring,0
10023456783,2024-05-23 05:00:00,2024-05-23,05:00:00,0.6165,Thursday,5,5,Spring,0
10023456783,2024-05-23 06:00:00,2024-05-23,06:00:00,1.1929,Thursday,6,5,Spring,0
10023456783,2024-05-23 07:00:00,2024-05-23,07:00:00,1.8055,Thursday,7,5,Spring,0
10023456783,2024-05-23 08:00:00,2024-05-23,08:00:00,1.9371,Thursday,8,5,Spring,0
10023456783,2024-05-23 09:00:00,2024-05-23,09:00:00,1.2113,Thursday,9,5,Spring,0
10023456783,2024-05-23 10:00:00,2024-05-23,10:00:00,1.2517,Thursday,10,5,Spring,0
10023456783,2024-05-23 11:00:00,2024-05-23,11:00:00,1.1364,Thursday,11,5,Spring,0
10023456783,2024-05-23 12:00:00,2024-05-23,12:00:00,1.2747,Thursday,12,5,Spring,0
10023456783,2024-05-23 13:00:00,2024-05-23,13:00:00,1.2501,Thursday,13,5,Spring,0
10023456783,2024-05-23 14:00:00,2024-05-23,14:00:00,1.2664,Thursday,14,5,Spring,0
10023456783,2024-05-23 15:00:00,2024-05-23,15:00:00,1.2310,Thursday,15,5,Spring,0
10023456783,2024-05-23 16:00:00,2024-05-23,16:00:00,1.4565,Thursday,16,5,Spring,0
10023456783,2024-05-23 17:00:00,2024-05-23,17:00:00,1.8628,Thursday,17,5,Spring,0
10023456783,2024-05-23 18:00:00,2024-05-23,18:00:00,2.7208,Thursday,18,5,Spring,0
10023456783,2024-05-23 19:00:00,2024-05-23,19:00:00,3.2487,Thursday,19,5,Spring,0
10023456783,2024-05-23 20:00:00,2024-05-23,20:00:00,2.5609,Thursday,20,5,Spring,0
10023456783,2024-05-23 21:00:00,2024-05-23,21:00:00,1.7432,Thursday,21,5,Spring,0
10023456783,2024-05-23 22:00:00,2024-05-23,22:00:00,1.5203,Thursday,22,5,Spring,0
10023456783,2024-05-23 23:00:00,2024-05-23,23:00:00,0.8709,Thursday,23,5,Spring,0
10023456783,2024-05-24 00:00:00,2024-05-24,00:00:00,0.6402,Friday,0,5,Spring,0
10023456783,2024-05-24 01:00:00,2024-05-24,01:00:00,0.4666,Friday,1,5,Spring,0
10023456783,2024-05-24 02:00:00,2024-05-24,02:00:00,0.4422,Friday,2,5,Spring,0
10023456783,2024-05-24 03:00:00,2024-05-24,03:00:00,0.4030,Friday,3,5,Spring,0
10023456783,2024-05-24 04:00:00,2024-05-24,04:00:00,0.4857,Friday,4,5,Spring,0
10023456783,2024-05-24 05:00:00,2024-05-24,05:00:00,0.7618,Friday,5,5,Spring,0
10023456783,2024-05-24 06:00:00,2024-05-24,06:00:00,1.4774,Friday,6,5,Spring,0
10023456783,2024-05-24 07:00:00,2024-05-24,07:00:00,2.0779,Friday,7,5,Spring,0
10023456783,2024-05-24 08:00:00,2024-05-24,08:00:00,1.5692,Friday,8,5,Spring,0
10023456783,2024-05-24 09:00:00,2024-05-24,09:00:00,1.6253,Friday,9,5,Spring,0
10023456783,2024-05-24 10:00:00,2024-05-24,10:00:00,1.4458,Friday,10,5,Spring,0
10023456783,2024-05-24 11:00:00,2024-05-24,11:00:00,1.3687,Friday,11,5,Spring,0
10023456783,2024-05-24 12:00:00,2024-05-24,12:00:00,1.3645,Friday,12,5,Spring,0
10023456783,2024-05-24 13:00:00,2024-05-24,13:00:00,1.3742,Friday,13,5,Spring,0
10023456783,2024-05-24 14:00:00,2024-05-24,14:00:00,1.2337,Friday,14,5,Spring,0
10023456783,2024-05-24 15:00:00,2024-05-24,15:00:00,1.3171,Friday,15,5,Spring,0
10023456783,2024-05-24 16:00:00,2024-05-24,16:00:00,1.7138,Friday,16,5,Spring,0
10023456783,2024-05-24 17:00:00,2024-05-24,17:00:00,1.9824,Friday,17,5,Spring,0
10023456783,2024-05-24 18:00:00,2024-05-24,18:00:00,2.5336,Friday,18,5,Spring,0
10023456783,2024-05-24 19:00:00,2024-05-24,19:00:00,3.1829,Friday,19,5,Spring,0
10023456783,2024-05-24 20:00:00,2024-05-24,20:00:00,3.1131,Friday,20,5,Spring,0
10023456783,2024-05-24 21:00:00,2024-05-24,21:00:00,2.1828,Friday,21,5,Spring,0
10023456783,2024-05-24 22:00:00,2024-05-24,22:00:00,1.6354,Friday,22,5,Spring,0
10023456783,2024-05-24 23:00:00,2024-05-24,23:00:00,1.2196,Friday,23,5,Spring,0
10023456783,2024-05-25 00:00:00,2024-05-25,00:00:00,0.6274,Saturday,0,5,Spring,0
10023456783,2024-05-25 01:00:00,2024-05-25,01:00:00,0.4596,Saturday,1,5,Spring,0
10023456783,2024-05-25 02:00:00,2024-05-25,02:00:00,0.4712,Saturday,2,5,Spring,0
10023456783,2024-05-25 03:00:00,2024-05-25,03:00:00,0.4801,Saturday,3,5,Spring,0
10023456783,2024-05-25 04:00:00,2024-05-25,04:00:00,0.4674,Saturday,4,5,Spring,0
10023456783,2024-05-25 05:00:00,2024-05-25,05:00:00,0.5722,Saturday,5,5,Spring,0
10023456783,2024-05-25 06:00:00,2024-05-25,06:00:00,0.9025,Saturday,6,5,Spring,0
10023456783,2024-05-25 07:00:00,2024-05-25,07:00:00,1.3790,Saturday,7,5,Spring,0
10023456783,2024-05-25 08:00:00,2024-05-25,08:00:00,1.8445,Saturday,8,5,Spring,0
10023456783,2024-05-25 09:00:00,2024-05-25,09:00:00,2.1695,Saturday,9,5,Spring,0
10023456783,2024-05-25 10:00:00,2024-05-25,10:00:00,1.8287,Saturday,10,5,Spring,0
10023456783,2024-05-25 11:00:00,2024-05-25,11:00:00,1.5923,Saturday,11,5,Spring,0
10023456783,2024-05-25 12:00:00,2024-05-25,12:00:00,1.5424,Saturday,12,5,Spring,0
10023456783,2024-05-25 13:00:00,2024-05-25,13:00:00,1.5266,Saturday,13,5,Spring,0
10023456783,2024-05-25 14:00:00,2024-05-25,14:00:00,5.3562,Saturday,14,5,Spring,1
10023456783,2024-05-25 15:00:00,2024-05-25,15:00:00,5.9299,Saturday,15,5,Spring,1
10023456783,2024-05-25 16:00:00,2024-05-25,16:00:00,1.6280,Saturday,16,5,Spring,0
10023456783,2024-05-25 17:00:00,2024-05-25,17:00:00,1.9683,Saturday,17,5,Spring,0
10023456783,2024-05-25 18:00:00,2024-05-25,18:00:00,2.2615,Saturday,18,5,Spring,0
10023456783,2024-05-25 19:00:00,2024-05-25,19:00:00,2.6274,Saturday,19,5,Spring,0
10023456783,2024-05-25 20:00:00,2024-05-25,20:00:00,2.6318,Saturday,20,5,Spring,0
10023456783,2024-05-25 21:00:00,2024-05-25,21:00:00,2.0358,Saturday,21,5,Spring,0
10023456783,2024-05-25 22:00:00,2024-05-25,22:00:00,1.8682,Saturday,22,5,Spring,0
10023456783,2024-05-25 23:00:00,2024-05-25,23:00:00,1.2978,Saturday,23,5,Spring,0
10023456783,2024-05-26 00:00:00,2024-05-26,00:00:00,0.4799,Sunday,0,5,Spring,0
10023456783,2024-05-26 01:00:00,2024-05-26,01:00:00,0.3768,Sunday,1,5,Spring,0
10023456783,2024-05-26 02:00:00,2024-05-26,02:00:00,0.3623,Sunday,2,5,Spring,0
10023456783,2024-05-26 03:00:00,2024-05-26,03:00:00,0.3466,Sunday,3,5,Spring,0
10023456783,2024-05-26 04:00:00,2024-05-26,04:00:00,0.4093,Sunday,4,5,Spring,0
10023456783,2024-05-26 05:00:00,2024-05-26,05:00:00,0.4709,Sunday,5,5,Spring,0
10023456783,2024-05-26 06:00:00,2024-05-26,06:00:00,0.7944,Sunday,6,5,Spring,0
10023456783,2024-05-26 07:00:00,2024-05-26,07:00:00,1.0431,Sunday,7,5,Spring,0
10023456783,2024-05-26 08:00:00,2024-05-26,08:00:00,1.4153,Sunday,8,5,Spring,0
10023456783,2024-05-26 09:00:00,2024-05-26,09:00:00,2.2322,Sunday,9,5,Spring,0
10023456783,2024-05-26 10:00:00,2024-05-26,10:00:00,1.7674,Sunday,10,5,Spring,0
10023456783,2024-05-26 11:00:00,2024-05-26,11:00:00,1.5306,Sunday,11,5,Spring,0
10023456783,2024-05-26 12:00:00,2024-05-26,12:00:00,1.2913,Sunday,12,5,Spring,0
10023456783,2024-05-26 13:00:00,2024-05-26,13:00:00,0.1106,Sunday,13,5,Spring,1
10023456783,2024-05-26 14:00:00,2024-05-26,14:00:00,1.2240,Sunday,14,5,Spring,0
10023456783,2024-05-26 15:00:00,2024-05-26,15:00:00,1.6423,Sunday,15,5,Spring,0
10023456783,2024-05-26 16:00:00,2024-05-26,16:00:00,1.7018,Sunday,16,5,Spring,0
10023456783,2024-05-26 17:00:00,2024-05-26,17:00:00,1.6106,Sunday,17,5,Spring,0
10023456783,2024-05-26 18:00:00,2024-05-26,18:00:00,2.1682,Sunday,18,5,Spring,0
10023456783,2024-05-26 19:00:00,2024-05-26,19:00:00,2.4877,Sunday,19,5,Spring,0
10023456783,2024-05-26 20:00:00,2024-05-26,20:00:00,2.2443,Sunday,20,5,Spring,0
10023456783,2024-05-26 21:00:00,2024-05-26,21:00:00,1.6812,Sunday,21,5,Spring,0
10023456783,2024-05-26 22:00:00,2024-05-26,22:00:00,1.4802,Sunday,22,5,Spring,0
10023456783,2024-05-26 23:00:00,2024-05-26,23:00:00,1.0070,Sunday,23,5,Spring,0
10023456783,2024-05-27 00:00:00,2024-05-27,00:00:00,0.5628,Monday,0,5,Spring,0
10023456783,2024-05-27 01:00:00,2024-05-27,01:00:00,0.5197,Monday,1,5,Spring,0
10023456783,2024-05-27 02:00:00,2024-05-27,02:00:00,0.5809,Monday,2,5,Spring,0
10023456783,2024-05-27 03:00:00,2024-05-27,03:00:00,0.4450,Monday,3,5,Spring,0
10023456783,2024-05-27 04:00:00,2024-05-27,04:00:00,0.4775,Monday,4,5,Spring,0
10023456783,2024-05-27 05:00:00,2024-05-27,05:00:00,0.7279,Monday,5,5,Spring,0
10023456783,2024-05-27 06:00:00,2024-05-27,06:00:00,1.1140,Monday,6,5,Spring,0
10023456783,2024-05-27 07:00:00,2024-05-27,07:00:00,1.9927,Monday,7,5,Spring,0
10023456783,2024-05-27 08:00:00,2024-05-27,08:00:00,2.0203,Monday,8,5,Spring,0
10023456783,2024-05-27 09:00:00,2024-05-27,09:00:00,1.5322,Monday,9,5,Spring,0
10023456783,2024-05-27 10:00:00,2024-05-27,10:00:00,1.2680,Monday,10,5,Spring,0
10023456783,2024-05-27 11:00:00,2024-05-27,11:00:00,1.1051,Monday,11,5,Spring,0
10023456783,2024-05-27 12:00:00,2024-05-27,12:00:00,1.3414,Monday,12,5,Spring,0
10023456783,2024-05-27 13:00:00,2024-05-27,13:00:00,1.2265,Monday,13,5,Spring,0
10023456783,2024-05-27 14:00:00,2024-05-27,14:00:00,1.2618,Monday,14,5,Spring,0
10023456783,2024-05-27 15:00:00,2024-05-27,15:00:00,1.4841,Monday,15,5,Spring,0
10023456783,2024-05-27 16:00:00,2024-05-27,16:00:00,1.5930,Monday,16,5,Spring,0
10023456783,2024-05-27 17:00:00,2024-05-27,17:00:00,2.4725,Monday,17,5,Spring,0
10023456783,2024-05-27 18:00:00,2024-05-27,18:00:00,2.7378,Monday,18,5,Spring,0
10023456783,2024-05-27 19:00:00,2024-05-27,19:00:00,2.6815,Monday,19,5,Spring,0
10023456783,2024-05-27 20:00:00,2024-05-27,20:00:00,2.8287,Monday,20,5,Spring,0
10023456783,2024-05-27 21:00:00,2024-05-27,21:00:00,2.7116,Monday,21,5,Spring,0
10023456783,2024-05-27 22:00:00,2024-05-27,22:00:00,1.9222,Monday,22,5,Spring,0
10023456783,2024-05-27 23:00:00,2024-05-27,23:00:00,1.1606,Monday,23,5,Spring,0
10023456783,2024-05-28 00:00:00,2024-05-28,00:00:00,0.4912,Tuesday,0,5,Spring,0
10023456783,2024-05-28 01:00:00,2024-05-28,01:00:00,0.4240,Tuesday,1,5,Spring,0
10023456783,2024-05-28 02:00:00,2024-05-28,02:00:00,0.3619,Tuesday,2,5,Spring,0
10023456783,2024-05-28 03:00:00,2024-05-28,03:00:00,0.5095,Tuesday,3,5,Spring,0
10023456783,2024-05-28 04:00:00,2024-05-28,04:00:00,0.5255,Tuesday,4,5,Spring,0
10023456783,2024-05-28 05:00:00,2024-05-28,05:00:00,0.7121,Tuesday,5,5,Spring,0
10023456783,2024-05-28 06:00:00,2024-05-28,06:00:00,1.2672,Tuesday,6,5,Spring,0
10023456783,2024-05-28 07:00:00,2024-05-28,07:00:00,1.7697,Tuesday,7,5,Spring,0
10023456783,2024-05-28 08:00:00,2024-05-28,08:00:00,1.6705,Tuesday,8,5,Spring,0
10023456783,2024-05-28 09:00:00,2024-05-28,09:00:00,1.8556,Tuesday,9,5,Spring,0
10023456783,2024-05-28 10:00:00,2024-05-28,10:00:00,1.1021,Tuesday,10,5,Spring,0
10023456783,2024-05-28 11:00:00,2024-05-28,11:00:00,1.3940,Tuesday,11,5,Spring,0
10023456783,2024-05-28 12:00:00,2024-05-28,12:00:00,1.3597,Tuesday,12,5,Spring,0
10023456783,2024-05-28 13:00:00,2024-05-28,13:00:00,1.1106,Tuesday,13,5,Spring,0
10023456783,2024-05-28 14:00:00,2024-05-28,14:00:00,1.2148,Tuesday,14,5,Spring,0
10023456783,2024-05-28 15:00:00,2024-05-28,15:00:00,1.1772,Tuesday,15,5,Spring,0
10023456783,2024-05-28 16:00:00,2024-05-28,16:00:00,1.7137,Tuesday,16,5,Spring,0
10023456783,2024-05-28 17:00:00,2024-05-28,17:00:00,1.8939,Tuesday,17,5,Spring,0
10023456783,2024-05-28 18:00:00,2024-05-28,18:00:00,2.3470,Tuesday,18,5,Spring,0
10023456783,2024-05-28 19:00:00,2024-05-28,19:00:00,2.6525,Tuesday,19,5,Spring,0
10023456783,2024-05-28 20:00:00,2024-05-28,20:00:00,2.2996,Tuesday,20,5,Spring,0
10023456783,2024-05-28 21:00:00,2024-05-28,21:00:00,2.0347,Tuesday,21,5,Spring,0
10023456783,2024-05-28 22:00:00,2024-05-28,22:00:00,1.6116,Tuesday,22,5,Spring,0
10023456783,2024-05-28 23:00:00,2024-05-28,23:00:00,0.9642,Tuesday,23,5,Spring,0
10023456783,2024-05-29 00:00:00,2024-05-29,00:00:00,0.6052,Wednesday,0,5,Spring,0
10023456783,2024-05-29 01:00:00,2024-05-29,01:00:00,0.4415,Wednesday,1,5,Spring,0
10023456783,2024-05-29 02:00:00,2024-05-29,02:00:00,0.3833,Wednesday,2,5,Spring,0
10023456783,2024-05-29 03:00:00,2024-05-29,03:00:00,0.4986,Wednesday,3,5,Spring,0
10023456783,2024-05-29 04:00:00,2024-05-29,04:00:00,0.5869,Wednesday,4,5,Spring,0
10023456783,2024-05-29 05:00:00,2024-05-29,05:00:00,0.5904,Wednesday,5,5,Spring,0
10023456783,2024-05-29 06:00:00,2024-05-29,06:00:00,1.0213,Wednesday,6,5,Spring,0
10023456783,2024-05-29 07:00:00,2024-05-29,07:00:00,1.6803,Wednesday,7,5,Spring,0
10023456783,2024-05-29 08:00:00,2024-05-29,08:00:00,1.9716,Wednesday,8,5,Spring,0
10023456783,2024-05-29 09:00:00,2024-05-29,09:00:00,1.6747,Wednesday,9,5,Spring,0
10023456783,2024-05-29 10:00:00,2024-05-29,10:00:00,1.2256,Wednesday,10,5,Spring,0
10023456783,2024-05-29 11:00:00,2024-05-29,11:00:00,1.0631,Wednesday,11,5,Spring,0
10023456783,2024-05-29 12:00:00,2024-05-29,12:00:00,1.1309,Wednesday,12,5,Spring,0
10023456783,2024-05-29 13:00:00,2024-05-29,13:00:00,1.1652,Wednesday,13,5,Spring,0
10023456783,2024-05-29 14:00:00,2024-05-29,14:00:00,1.0848,Wednesday,14,5,Spring,0
10023456783,2024-05-29 15:00:00,2024-05-29,15:00:00,1.1614,Wednesday,15,5,Spring,0
10023456783,2024-05-29 16:00:00,2024-05-29,16:00:00,1.5257,Wednesday,16,5,Spring,0
10023456783,2024-05-29 17:00:00,2024-05-29,17:00:00,1.9577,Wednesday,17,5,Spring,0
10023456783,2024-05-29 18:00:00,2024-05-29,18:00:00,2.1833,Wednesday,18,5,Spring,0
10023456783,2024-05-29 19:00:00,2024-05-29,19:00:00,2.6488,Wednesday,19,5,Spring,0
10023456783,2024-05-29 20:00:00,2024-05-29,20:00:00,2.6751,Wednesday,20,5,Spring,0
10023456783,2024-05-29 21:00:00,2024-05-29,21:00:00,1.8465,Wednesday,21,5,Spring,0
10023456783,2024-05-29 22:00:00,2024-05-29,22:00:00,1.6850,Wednesday,22,5,Spring,0
10023456783,2024-05-29 23:00:00,2024-05-29,23:00:00,0.8513,Wednesday,23,5,Spring,0
10023456783,2024-05-30 00:00:00,2024-05-30,00:00:00,0.6082,Thursday,0,5,Spring,0
10023456783,2024-05-30 01:00:00,2024-05-30,01:00:00,3.3560,Thursday,1,5,Spring,1
10023456783,2024-05-30 02:00:00,2024-05-30,02:00:00,0.4810,Thursday,2,5,Spring,0
10023456783,2024-05-30 03:00:00,2024-05-30,03:00:00,0.5087,Thursday,3,5,Spring,0
10023456783,2024-05-30 04:00:00,2024-05-30,04:00:00,0.4272,Thursday,4,5,Spring,0
10023456783,2024-05-30 05:00:00,2024-05-30,05:00:00,0.7902,Thursday,5,5,Spring,0
10023456783,2024-05-30 06:00:00,2024-05-30,06:00:00,1.2206,Thursday,6,5,Spring,0
10023456783,2024-05-30 07:00:00,2024-05-30,07:00:00,2.0998,Thursday,7,5,Spring,0
10023456783,2024-05-30 08:00:00,2024-05-30,08:00:00,2.0499,Thursday,8,5,Spring,0
10023456783,2024-05-30 09:00:00,2024-05-30,09:00:00,1.5561,Thursday,9,5,Spring,0
10023456783,2024-05-30 10:00:00,2024-05-30,10:00:00,1.3216,Thursday,10,5,Spring,0
10023456783,2024-05-30 11:00:00,2024-05-30,11:00:00,1.2717,Thursday,11,5,Spring,0
10023456783,2024-05-30 12:00:00,2024-05-30,12:00:00,1.1745,Thursday,12,5,Spring,0
10023456783,2024-05-30 13:00:00,2024-05-30,13:00:00,1.3233,Thursday,13,5,Spring,0
10023456783,2024-05-30 14:00:00,2024-05-30,14:00:00,1.1867,Thursday,14,5,Spring,0
10023456783,2024-05-30 15:00:00,2024-05-30,15:00:00,1.2006,Thursday,15,5,Spring,0
10023456783,2024-05-30 16:00:00,2024-05-30,16:00:00,1.4123,Thursday,16,5,Spring,0
10023456783,2024-05-30 17:00:00,2024-05-30,17:00:00,1.9452,Thursday,17,5,Spring,0
10023456783,2024-05-30 18:00:00,2024-05-30,18:00:00,2.9148,Thursday,18,5,Spring,0
10023456783,2024-05-30 19:00:00,2024-05-30,19:00:00,2.4783,Thursday,19,5,Spring,0
10023456783,2024-05-30 20:00:00,2024-05-30,20:00:00,2.6317,Thursday,20,5,Spring,0
10023456783,2024-05-30 21:00:00,2024-05-30,21:00:00,2.3789,Thursday,21,5,Spring,0
10023456783,2024-05-30 22:00:00,2024-05-30,22:00:00,1.5944,Thursday,22,5,Spring,0
10023456783,2024-05-30 23:00:00,2024-05-30,23:00:00,1.0091,Thursday,23,5,Spring,0
10023456783,2024-05-31 00:00:00,2024-05-31,00:00:00,0.5209,Friday,0,5,Spring,0
10023456783,2024-05-31 01:00:00,2024-05-31,01:00:00,0.3803,Friday,1,5,Spring,0
10023456783,2024-05-31 02:00:00,2024-05-31,02:00:00,0.3323,Friday,2,5,Spring,0
10023456783,2024-05-31 03:00:00,2024-05-31,03:00:00,0.3205,Friday,3,5,Spring,0
10023456783,2024-05-31 04:00:00,2024-05-31,04:00:00,0.4008,Friday,4,5,Spring,0
10023456783,2024-05-31 05:00:00,2024-05-31,05:00:00,0.8159,Friday,5,5,Spring,0
10023456783,2024-05-31 06:00:00,2024-05-31,06:00:00,1.0813,Friday,6,5,Spring,0
10023456783,2024-05-31 07:00:00,2024-05-31,07:00:00,1.8215,Friday,7,5,Spring,0
10023456783,2024-05-31 08:00:00,2024-05-31,08:00:00,1.7461,Friday,8,5,Spring,0
10023456783,2024-05-31 09:00:00,2024-05-31,09:00:00,1.7753,Friday,9,5,Spring,0
10023456783,2024-05-31 10:00:00,2024-05-31,10:00:00,1.1209,Friday,10,5,Spring,0
10023456783,2024-05-31 11:00:00,2024-05-31,11:00:00,1.1831,Friday,11,5,Spring,0
10023456783,2024-05-31 12:00:00,2024-05-31,12:00:00,1.0397,Friday,12,5,Spring,0
10023456783,2024-05-31 13:00:00,2024-05-31,13:00:00,1.1525,Friday,13,5,Spring,0
10023456783,2024-05-31 14:00:00,2024-05-31,14:00:00,0.9693,Friday,14,5,Spring,0
10023456783,2024-05-31 15:00:00,2024-05-31,15:00:00,1.0728,Friday,15,5,Spring,0
10023456783,2024-05-31 16:00:00,2024-05-31,16:00:00,1.3892,Friday,16,5,Spring,0
10023456783,2024-05-31 17:00:00,2024-05-31,17:00:00,1.7246,Friday,17,5,Spring,0
10023456783,2024-05-31 18:00:00,2024-05-31,18:00:00,2.3293,Friday,18,5,Spring,0
10023456783,2024-05-31 19:00:00,2024-05-31,19:00:00,2.6068,Friday,19,5,Spring,0
10023456783,2024-05-31 20:00:00,2024-05-31,20:00:00,2.2654,Friday,20,5,Spring,0
10023456783,2024-05-31 21:00:00,2024-05-31,21:00:00,1.9613,Friday,21,5,Spring,0
10023456783,2024-05-31 22:00:00,2024-05-31,22:00:00,1.4977,Friday,22,5,Spring,0
10023456783,2024-05-31 23:00:00,2024-05-31,23:00:00,0.9416,Friday,23,5,Spring,0
10023456783,2024-06-01 00:00:00,2024-06-01,00:00:00,0.6070,Saturday,0,6,Summer,0
10023456783,2024-06-01 01:00:00,2024-06-01,01:00:00,0.4743,Saturday,1,6,Summer,0
10023456783,2024-06-01 02:00:00,2024-06-01,02:00:00,0.3634,Saturday,2,6,Summer,0
10023456783,2024-06-01 03:00:00,2024-06-01,03:00:00,0.4533,Saturday,3,6,Summer,0
10023456783,2024-06-01 04:00:00,2024-06-01,04:00:00,0.3262,Saturday,4,6,Summer,0
10023456783,2024-06-01 05:00:00,2024-06-01,05:00:00,0.5973,Saturday,5,6,Summer,0
10023456783,2024-06-01 06:00:00,2024-06-01,06:00:00,0.7263,Saturday,6,6,Summer,0
10023456783,2024-06-01 07:00:00,2024-06-01,07:00:00,1.0459,Saturday,7,6,Summer,0
10023456783,2024-06-01 08:00:00,2024-06-01,08:00:00,1.5696,Saturday,8,6,Summer,0
10023456783,2024-06-01 09:00:00,2024-06-01,09:00:00,1.8066,Saturday,9,6,Summer,0
10023456783,2024-06-01 10:00:00,2024-06-01,10:00:00,1.6450,Saturday,10,6,Summer,0
10023456783,2024-06-01 11:00:00,2024-06-01,11:00:00,1.4588,Saturday,11,6,Summer,0
10023456783,2024-06-01 12:00:00,2024-06-01,12:00:00,1.4800,Saturday,12,6,Summer,0
10023456783,2024-06-01 13:00:00,2024-06-01,13:00:00,1.4298,Saturday,13,6,Summer,0
10023456783,2024-06-01 14:00:00,2024-06-01,14:00:00,1.2409,Saturday,14,6,Summer,0
10023456783,2024-06-01 15:00:00,2024-06-01,15:00:00,1.5759,Saturday,15,6,Summer,0
10023456783,2024-06-01 16:00:00,2024-06-01,16:00:00,1.7103,Saturday,16,6,Summer,0
10023456783,2024-06-01 17:00:00,2024-06-01,17:00:00,1.9111,Saturday,17,6,Summer,0
10023456783,2024-06-01 18:00:00,2024-06-01,18:00:00,2.3653,Saturday,18,6,Summer,0
10023456783,2024-06-01 19:00:00,2024-06-01,19:00:00,2.8908,Saturday,19,6,Summer,0
10023456783,2024-06-01 20:00:00,2024-06-01,20:00:00,3.1081,Saturday,20,6,Summer,0
10023456783,2024-06-01 21:00:00,2024-06-01,21:00:00,2.1647,Saturday,21,6,Summer,0
10023456783,2024-06-01 22:00:00,2024-06-01,22:00:00,1.9054,Saturday,22,6,Summer,0
10023456783,2024-06-01 23:00:00,2024-06-01,23:00:00,1.3302,Saturday,23,6,Summer,0
10023456783,2024-06-02 00:00:00,2024-06-02,00:00:00,0.5465,Sunday,0,6,Summer,0
10023456783,2024-06-02 01:00:00,2024-06-02,01:00:00,0.4301,Sunday,1,6,Summer,0
10023456783,2024-06-02 02:00:00,2024-06-02,02:00:00,0.4345,Sunday,2,6,Summer,0
10023456783,2024-06-02 03:00:00,2024-06-02,03:00:00,0.4710,Sunday,3,6,Summer,0
10023456783,2024-06-02 04:00:00,2024-06-02,04:00:00,5.6878,Sunday,4,6,Summer,1
10023456783,2024-06-02 05:00:00,2024-06-02,05:00:00,5.4349,Sunday,5,6,Summer,1
10023456783,2024-06-02 06:00:00,2024-06-02,06:00:00,0.9429,Sunday,6,6,Summer,0
10023456783,2024-06-02 07:00:00,2024-06-02,07:00:00,1.0929,Sunday,7,6,Summer,0
10023456783,2024-06-02 08:00:00,2024-06-02,08:00:00,1.8463,Sunday,8,6,Summer,0
10023456783,2024-06-02 09:00:00,2024-06-02,09:00:00,1.6197,Sunday,9,6,Summer,0
10023456783,2024-06-02 10:00:00,2024-06-02,10:00:00,1.7556,Sunday,10,6,Summer,0
10023456783,2024-06-02 11:00:00,2024-06-02,11:00:00,1.4498,Sunday,11,6,Summer,0
10023456783,2024-06-02 12:00:00,2024-06-02,12:00:00,1.4061,Sunday,12,6,Summer,0
10023456783,2024-06-02 13:00:00,2024-06-02,13:00:00,1.5594,Sunday,13,6,Summer,0
10023456783,2024-06-02 14:00:00,2024-06-02,14:00:00,1.2366,Sunday,14,6,Summer,0
10023456783,2024-06-02 15:00:00,2024-06-02,15:00:00,1.5686,Sunday,15,6,Summer,0
10023456783,2024-06-02 16:00:00,2024-06-02,16:00:00,1.5538,Sunday,16,6,Summer,0
10023456783,2024-06-02 17:00:00,2024-06-02,17:00:00,2.0028,Sunday,17,6,Summer,0
10023456783,2024-06-02 18:00:00,2024-06-02,18:00:00,2.2023,Sunday,18,6,Summer,0
10023456783,2024-06-02 19:00:00,2024-06-02,19:00:00,2.9200,Sunday,19,6,Summer,0
10023456783,2024-06-02 20:00:00,2024-06-02,20:00:00,2.3923,Sunday,20,6,Summer,0
10023456783,2024-06-02 21:00:00,2024-06-02,21:00:00,2.3896,Sunday,21,6,Summer,0
10023456783,2024-06-02 22:00:00,2024-06-02,22:00:00,1.6227,Sunday,22,6,Summer,0
10023456783,2024-06-02 23:00:00,2024-06-02,23:00:00,1.0404,Sunday,23,6,Summer,0
10023456783,2024-06-03 00:00:00,2024-06-03,00:00:00,0.4388,Monday,0,6,Summer,0
10023456783,2024-06-03 01:00:00,2024-06-03,01:00:00,0.3984,Monday,1,6,Summer,0
10023456783,2024-06-03 02:00:00,2024-06-03,02:00:00,0.3558,Monday,2,6,Summer,0
10023456783,2024-06-03 03:00:00,2024-06-03,03:00:00,0.3827,Monday,3,6,Summer,0
10023456783,2024-06-03 04:00:00,2024-06-03,04:00:00,0.3746,Monday,4,6,Summer,0
10023456783,2024-06-03 05:00:00,2024-06-03,05:00:00,0.7119,Monday,5,6,Summer,0
10023456783,2024-06-03 06:00:00,2024-06-03,06:00:00,0.9790,Monday,6,6,Summer,0
10023456783,2024-06-03 07:00:00,2024-06-03,07:00:00,1.3966,Monday,7,6,Summer,0
10023456783,2024-06-03 08:00:00,2024-06-03,08:00:00,2.0299,Monday,8,6,Summer,0
10023456783,2024-06-03 09:00:00,2024-06-03,09:00:00,1.2952,Monday,9,6,Summer,0
10023456783,2024-06-03 10:00:00,2024-06-03,10:00:00,1.0767,Monday,10,6,Summer,0
10023456783,2024-06-03 11:00:00,2024-06-03,11:00:00,0.9148,Monday,11,6,Summer,0
10023456783,2024-06-03 12:00:00,2024-06-03,12:00:00,5.9294,Monday,12,6,Summer,1
10023456783,2024-06-03 13:00:00,2024-06-03,13:00:00,1.2395,Monday,13,6,Summer,0
10023456783,2024-06-03 14:00:00,2024-06-03,14:00:00,1.0754,Monday,14,6,Summer,0
10023456783,2024-06-03 15:00:00,2024-06-03,15:00:00,0.9453,Monday,15,6,Summer,0
10023456783,2024-06-03 16:00:00,2024-06-03,16:00:00,1.4620,Monday,16,6,Summer,0
10023456783,2024-06-03 17:00:00,2024-06-03,17:00:00,1.5331,Monday,17,6,Summer,0
10023456783,2024-06-03 18:00:00,2024-06-03,18:00:00,1.7387,Monday,18,6,Summer,0
10023456783,2024-06-03 19:00:00,2024-06-03,19:00:00,2.1907,Monday,19,6,Summer,0
10023456783,2024-06-03 20:00:00,2024-06-03,20:00:00,2.2189,Monday,20,6,Summer,0
10023456783,2024-06-03 21:00:00,2024-06-03,21:00:00,2.2322,Monday,21,6,Summer,0
10023456783,2024-06-03 22:00:00,2024-06-03,22:00:00,1.4143,Monday,22,6,Summer,0
10023456783,2024-06-03 23:00:00,2024-06-03,23:00:00,0.8066,Monday,23,6,Summer,0
10023456783,2024-06-04 00:00:00,2024-06-04,00:00:00,0.5686,Tuesday,0,6,Summer,0
10023456783,2024-06-04 01:00:00,2024-06-04,01:00:00,0.4124,Tuesday,1,6,Summer,0
10023456783,2024-06-04 02:00:00,2024-06-04,02:00:00,0.4106,Tuesday,2,6,Summer,0
10023456783,2024-06-04 03:00:00,2024-06-04,03:00:00,1.9269,Tuesday,3,6,Summer,1
10023456783,2024-06-04 04:00:00,2024-06-04,04:00:00,0.5710,Tuesday,4,6,Summer,0
10023456783,2024-06-04 05:00:00,2024-06-04,05:00:00,0.6238,Tuesday,5,6,Summer,0
10023456783,2024-06-04 06:00:00,2024-06-04,06:00:00,1.2975,Tuesday,6,6,Summer,0
10023456783,2024-06-04 07:00:00,2024-06-04,07:00:00,1.8216,Tuesday,7,6,Summer,0
10023456783,2024-06-04 08:00:00,2024-06-04,08:00:00,2.0931,Tuesday,8,6,Summer,0
10023456783,2024-06-04 09:00:00,2024-06-04,09:00:00,1.5448,Tuesday,9,6,Summer,0
10023456783,2024-06-04 10:00:00,2024-06-04,10:00:00,1.3959,Tuesday,10,6,Summer,0
10023456783,2024-06-04 11:00:00,2024-06-04,11:00:00,1.0084,Tuesday,11,6,Summer,0
10023456783,2024-06-04 12:00:00,2024-06-04,12:00:00,1.2626,Tuesday,12,6,Summer,0
10023456783,2024-06-04 13:00:00,2024-06-04,13:00:00,1.2656,Tuesday,13,6,Summer,0
10023456783,2024-06-04 14:00:00,2024-06-04,14:00:00,1.2596,Tuesday,14,6,Summer,0
10023456783,2024-06-04 15:00:00,2024-06-04,15:00:00,1.4587,Tuesday,15,6,Summer,0
10023456783,2024-06-04 16:00:00,2024-06-04,16:00:00,1.3536,Tuesday,16,6,Summer,0
10023456783,2024-06-04 17:00:00,2024-06-04,17:00:00,1.5384,Tuesday,17,6,Summer,0
10023456783,2024-06-04 18:00:00,2024-06-04,18:00:00,2.0283,Tuesday,18,6,Summer,0
10023456783,2024-06-04 19:00:00,2024-06-04,19:00:00,2.6713,Tuesday,19,6,Summer,0
10023456783,2024-06-04 20:00:00,2024-06-04,20:00:00,2.9444,Tuesday,20,6,Summer,0
10023456783,2024-06-04 21:00:00,2024-06-04,21:00:00,1.7753,Tuesday,21,6,Summer,0
10023456783,2024-06-04 22:00:00,2024-06-04,22:00:00,1.4320,Tuesday,22,6,Summer,0
10023456783,2024-06-04 23:00:00,2024-06-04,23:00:00,0.9204,Tuesday,23,6,Summer,0
10023456783,2024-06-05 00:00:00,2024-06-05,00:00:00,0.4917,Wednesday,0,6,Summer,0
10023456783,2024-06-05 01:00:00,2024-06-05,01:00:00,0.4448,Wednesday,1,6,Summer,0
10023456783,2024-06-05 02:00:00,2024-06-05,02:00:00,4.3737,Wednesday,2,6,Summer,1
10023456783,2024-06-05 03:00:00,2024-06-05,03:00:00,5.8984,Wednesday,3,6,Summer,1
10023456783,2024-06-05 04:00:00,2024-06-05,04:00:00,4.7820,Wednesday,4,6,Summer,1
10023456783,2024-06-05 05:00:00,2024-06-05,05:00:00,0.7893,Wednesday,5,6,Summer,0
10023456783,2024-06-05 06:00:00,2024-06-05,06:00:00,1.3082,Wednesday,6,6,Summer,0
10023456783,2024-06-05 07:00:00,2024-06-05,07:00:00,2.0022,Wednesday,7,6,Summer,0
10023456783,2024-06-05 08:00:00,2024-06-05,08:00:00,1.8274,Wednesday,8,6,Summer,0
10023456783,2024-06-05 09:00:00,2024-06-05,09:00:00,1.5632,Wednesday,9,6,Summer,0
10023456783,2024-06-05 10:00:00,2024-06-05,10:00:00,1.2649,Wednesday,10,6,Summer,0
10023456783,2024-06-05 11:00:00,2024-06-05,11:00:00,1.1441,Wednesday,11,6,Summer,0
10023456783,2024-06-05 12:00:00,2024-06-05,12:00:00,1.1537,Wednesday,12,6,Summer,0
10023456783,2024-06-05 13:00:00,2024-06-05,13:00:00,1.1875,Wednesday,13,6,Summer,0
10023456783,2024-06-05 14:00:00,2024-06-05,14:00:00,1.1869,Wednesday,14,6,Summer,0
10023456783,2024-06-05 15:00:00,2024-06-05,15:00:00,1.4689,Wednesday,15,6,Summer,0
10023456783,2024-06-05 16:00:00,2024-06-05,16:00:00,1.6059,Wednesday,16,6,Summer,0
10023456783,2024-06-05 17:00:00,2024-06-05,17:00:00,2.5524,Wednesday,17,6,Summer,0
10023456783,2024-06-05 18:00:00,2024-06-05,18:00:00,2.8336,Wednesday,18,6,Summer,0
10023456783,2024-06-05 19:00:00,2024-06-05,19:00:00,2.8439,Wednesday,19,6,Summer,0
10023456783,2024-06-05 20:00:00,2024-06-05,20:00:00,2.5669,Wednesday,20,6,Summer,0
10023456783,2024-06-05 21:00:00,2024-06-05,21:00:00,2.5867,Wednesday,21,6,Summer,0
10023456783,2024-06-05 22:00:00,2024-06-05,22:00:00,1.5510,Wednesday,22,6,Summer,0
10023456783,2024-06-05 23:00:00,2024-06-05,23:00:00,0.9318,Wednesday,23,6,Summer,0
10023456783,2024-06-06 00:00:00,2024-06-06,00:00:00,4.0986,Thursday,0,6,Summer,1
10023456783,2024-06-06 01:00:00,2024-06-06,01:00:00,5.8547,Thursday,1,6,Summer,1
10023456783,2024-06-06 02:00:00,2024-06-06,02:00:00,5.9568,Thursday,2,6,Summer,1
10023456783,2024-06-06 03:00:00,2024-06-06,03:00:00,0.4056,Thursday,3,6,Summer,0
10023456783,2024-06-06 04:00:00,2024-06-06,04:00:00,0.5391,Thursday,4,6,Summer,0
10023456783,2024-06-06 05:00:00,2024-06-06,05:00:00,0.7494,Thursday,5,6,Summer,0
10023456783,2024-06-06 06:00:00,2024-06-06,06:00:00,1.1860,Thursday,6,6,Summer,0
10023456783,2024-06-06 07:00:00,2024-06-06,07:00:00,1.6340,Thursday,7,6,Summer,0
10023456783,2024-06-06 08:00:00,2024-06-06,08:00:00,1.9938,Thursday,8,6,Summer,0
10023456783,2024-06-06 09:00:00,2024-06-06,09:00:00,1.7515,Thursday,9,6,Summer,0
10023456783,2024-06-06 10:00:00,2024-06-06,10:00:00,1.3554,Thursday,10,6,Summer,0
10023456783,2024-06-06 11:00:00,2024-06-06,11:00:00,1.3735,Thursday,11,6,Summer,0
10023456783,2024-06-06 12:00:00,2024-06-06,12:00:00,1.2283,Thursday,12,6,Summer,0
10023456783,2024-06-06 13:00:00,2024-06-06,13:00:00,1.4296,Thursday,13,6,Summer,0
10023456783,2024-06-06 14:00:00,2024-06-06,14:00:00,1.3328,Thursday,14,6,Summer,0
10023456783,2024-06-06 15:00:00,2024-06-06,15:00:00,1.4346,Thursday,15,6,Summer,0
10023456783,2024-06-06 16:00:00,2024-06-06,16:00:00,1.5750,Thursday,16,6,Summer,0
10023456783,2024-06-06 17:00:00,2024-06-06,17:00:00,1.8067,Thursday,17,6,Summer,0
10023456783,2024-06-06 18:00:00,2024-06-06,18:00:00,2.7799,Thursday,18,6,Summer,0
10023456783,2024-06-06 19:00:00,2024-06-06,19:00:00,2.7044,Thursday,19,6,Summer,0
10023456783,2024-06-06 20:00:00,2024-06-06,20:00:00,3.0334,Thursday,20,6,Summer,0
10023456783,2024-06-06 21:00:00,2024-06-06,21:00:00,2.4590,Thursday,21,6,Summer,0
10023456783,2024-06-06 22:00:00,2024-06-06,22:00:00,1.6096,Thursday,22,6,Summer,0
10023456783,2024-06-06 23:00:00,2024-06-06,23:00:00,1.1001,Thursday,23,6,Summer,0
10023456783,2024-06-07 00:00:00,2024-06-07,00:00:00,0.6638,Friday,0,6,Summer,0
10023456783,2024-06-07 01:00:00,2024-06-07,01:00:00,0.4410,Friday,1,6,Summer,0
10023456783,2024-06-07 02:00:00,2024-06-07,02:00:00,0.5965,Friday,2,6,Summer,0
10023456783,2024-06-07 03:00:00,2024-06-07,03:00:00,0.5073,Friday,3,6,Summer,0
10023456783,2024-06-07 04:00:00,2024-06-07,04:00:00,0.6590,Friday,4,6,Summer,0
10023456783,2024-06-07 05:00:00,2024-06-07,05:00:00,0.8100,Friday,5,6,Summer,0
10023456783,2024-06-07 06:00:00,2024-06-07,06:00:00,1.3223,Friday,6,6,Summer,0
10023456783,2024-06-07 07:00:00,2024-06-07,07:00:00,1.9656,Friday,7,6,Summer,0
10023456783,2024-06-07 08:00:00,2024-06-07,08:00:00,2.3412,Friday,8,6,Summer,0
10023456783,2024-06-07 09:00:00,2024-06-07,09:00:00,2.3274,Friday,9,6,Summer,0
10023456783,2024-06-07 10:00:00,2024-06-07,10:00:00,1.7747,Friday,10,6,Summer,0
10023456783,2024-06-07 11:00:00,2024-06-07,11:00:00,1.4516,Friday,11,6,Summer,0
10023456783,2024-06-07 12:00:00,2024-06-07,12:00:00,1.4487,Friday,12,6,Summer,0
10023456783,2024-06-07 13:00:00,2024-06-07,13:00:00,1.2929,Friday,13,6,Summer,0
10023456783,2024-06-07 14:00:00,2024-06-07,14:00:00,1.4266,Friday,14,6,Summer,0
10023456783,2024-06-07 15:00:00,2024-06-07,15:00:00,1.5202,Friday,15,6,Summer,0
10023456783,2024-06-07 16:00:00,2024-06-07,16:00:00,2.0174,Friday,16,6,Summer,0
10023456783,2024-06-07 17:00:00,2024-06-07,17:00:00,1.9720,Friday,17,6,Summer,0
10023456783,2024-06-07 18:00:00,2024-06-07,18:00:00,2.9927,Friday,18,6,Summer,0
10023456783,2024-06-07 19:00:00,2024-06-07,19:00:00,2.7728,Friday,19,6,Summer,0
10023456783,2024-06-07 20:00:00,2024-06-07,20:00:00,3.2397,Friday,20,6,Summer,0
10023456783,2024-06-07 21:00:00,2024-06-07,21:00:00,2.1628,Friday,21,6,Summer,0
10023456783,2024-06-07 22:00:00,2024-06-07,22:00:00,2.0380,Friday,22,6,Summer,0
10023456783,2024-06-07 23:00:00,2024-06-07,23:00:00,1.2621,Friday,23,6,Summer,0
10023456783,2024-06-08 00:00:00,2024-06-08,00:00:00,0.7274,Saturday,0,6,Summer,0
10023456783,2024-06-08 01:00:00,2024-06-08,01:00:00,0.5496,Saturday,1,6,Summer,0
10023456783,2024-06-08 02:00:00,2024-06-08,02:00:00,0.5233,Saturday,2,6,Summer,0
10023456783,2024-06-08 03:00:00,2024-06-08,03:00:00,0.5296,Saturday,3,6,Summer,0
10023456783,2024-06-08 04:00:00,2024-06-08,04:00:00,0.5927,Saturday,4,6,Summer,0
10023456783,2024-06-08 05:00:00,2024-06-08,05:00:00,0.7140,Saturday,5,6,Summer,0
10023456783,2024-06-08 06:00:00,2024-06-08,06:00:00,1.0692,Saturday,6,6,Summer,0
10023456783,2024-06-08 07:00:00,2024-06-08,07:00:00,1.5525,Saturday,7,6,Summer,0
10023456783,2024-06-08 08:00:00,2024-06-08,08:00:00,2.0698,Saturday,8,6,Summer,0
10023456783,2024-06-08 09:00:00,2024-06-08,09:00:00,2.6422,Saturday,9,6,Summer,0
10023456783,2024-06-08 10:00:00,2024-06-08,10:00:00,2.2234,Saturday,10,6,Summer,0
10023456783,2024-06-08 11:00:00,2024-06-08,11:00:00,1.8440,Saturday,11,6,Summer,0
10023456783,2024-06-08 12:00:00,2024-06-08,12:00:00,1.7713,Saturday,12,6,Summer,0
10023456783,2024-06-08 13:00:00,2024-06-08,13:00:00,1.7724,Saturday,13,6,Summer,0
10023456783,2024-06-08 14:00:00,2024-06-08,14:00:00,1.8168,Saturday,14,6,Summer,0
10023456783,2024-06-08 15:00:00,2024-06-08,15:00:00,1.8447,Saturday,15,6,Summer,0
10023456783,2024-06-08 16:00:00,2024-06-08,16:00:00,2.1419,Saturday,16,6,Summer,0
10023456783,2024-06-08 17:00:00,2024-06-08,17:00:00,2.6440,Saturday,17,6,Summer,0
10023456783,2024-06-08 18:00:00,2024-06-08,18:00:00,2.8476,Saturday,18,6,Summer,0
10023456783,2024-06-08 19:00:00,2024-06-08,19:00:00,3.3921,Saturday,19,6,Summer,0
10023456783,2024-06-08 20:00:00,2024-06-08,20:00:00,3.0014,Saturday,20,6,Summer,0
10023456783,2024-06-08 21:00:00,2024-06-08,21:00:00,2.8591,Saturday,21,6,Summer,0
10023456783,2024-06-08 22:00:00,2024-06-08,22:00:00,2.1340,Saturday,22,6,Summer,0
10023456783,2024-06-08 23:00:00,2024-06-08,23:00:00,1.5289,Saturday,23,6,Summer,0
10023456783,2024-06-09 00:00:00,2024-06-09,00:00:00,0.5453,Sunday,0,6,Summer,0
10023456783,2024-06-09 01:00:00,2024-06-09,01:00:00,0.6321,Sunday,1,6,Summer,0
10023456783,2024-06-09 02:00:00,2024-06-09,02:00:00,0.6157,Sunday,2,6,Summer,0
10023456783,2024-06-09 03:00:00,2024-06-09,03:00:00,0.5956,Sunday,3,6,Summer,0
10023456783,2024-06-09 04:00:00,2024-06-09,04:00:00,0.6785,Sunday,4,6,Summer,0
10023456783,2024-06-09 05:00:00,2024-06-09,05:00:00,0.9584,Sunday,5,6,Summer,0
10023456783,2024-06-09 06:00:00,2024-06-09,06:00:00,1.0477,Sunday,6,6,Summer,0
10023456783,2024-06-09 07:00:00,2024-06-09,07:00:00,1.9049,Sunday,7,6,Summer,0
10023456783,2024-06-09 08:00:00,2024-06-09,08:00:00,2.4091,Sunday,8,6,Summer,0
10023456783,2024-06-09 09:00:00,2024-06-09,09:00:00,2.7471,Sunday,9,6,Summer,0
10023456783,2024-06-09 10:00:00,2024-06-09,10:00:00,2.6684,Sunday,10,6,Summer,0
10023456783,2024-06-09 11:00:00,2024-06-09,11:00:00,2.1569,Sunday,11,6,Summer,0
10023456783,2024-06-09 12:00:00,2024-06-09,12:00:00,2.3572,Sunday,12,6,Summer,0
10023456783,2024-06-09 13:00:00,2024-06-09,13:00:00,1.5719,Sunday,13,6,Summer,0
10023456783,2024-06-09 14:00:00,2024-06-09,14:00:00,2.1314,Sunday,14,6,Summer,0
10023456783,2024-06-09 15:00:00,2024-06-09,15:00:00,1.6104,Sunday,15,6,Summer,0
10023456783,2024-06-09 16:00:00,2024-06-09,16:00:00,2.2289,Sunday,16,6,Summer,0
10023456783,2024-06-09 17:00:00,2024-06-09,17:00:00,2.6672,Sunday,17,6,Summer,0
10023456783,2024-06-09 18:00:00,2024-06-09,18:00:00,3.6230,Sunday,18,6,Summer,0
10023456783,2024-06-09 19:00:00,2024-06-09,19:00:00,3.5821,Sunday,19,6,Summer,0
10023456783,2024-06-09 20:00:00,2024-06-09,20:00:00,2.6185,Sunday,20,6,Summer,0
10023456783,2024-06-09 21:00:00,2024-06-09,21:00:00,2.9672,Sunday,21,6,Summer,0
10023456783,2024-06-09 22:00:00,2024-06-09,22:00:00,2.5845,Sunday,22,6,Summer,0
10023456783,2024-06-09 23:00:00,2024-06-09,23:00:00,1.7813,Sunday,23,6,Summer,0
10023456783,2024-06-10 00:00:00,2024-06-10,00:00:00,0.5567,Monday,0,6,Summer,0
10023456783,2024-06-10 01:00:00,2024-06-10,01:00:00,0.4059,Monday,1,6,Summer,0
10023456783,2024-06-10 02:00:00,2024-06-10,02:00:00,0.4005,Monday,2,6,Summer,0
10023456783,2024-06-10 03:00:00,2024-06-10,03:00:00,0.5437,Monday,3,6,Summer,0
10023456783,2024-06-10 04:00:00,2024-06-10,04:00:00,0.4338,Monday,4,6,Summer,0
10023456783,2024-06-10 05:00:00,2024-06-10,05:00:00,0.6007,Monday,5,6,Summer,0
10023456783,2024-06-10 06:00:00,2024-06-10,06:00:00,1.4441,Monday,6,6,Summer,0
10023456783,2024-06-10 07:00:00,2024-06-10,07:00:00,1.7097,Monday,7,6,Summer,0
10023456783,2024-06-10 08:00:00,2024-06-10,08:00:00,1.7947,Monday,8,6,Summer,0
10023456783,2024-06-10 09:00:00,2024-06-10,09:00:00,1.7794,Monday,9,6,Summer,0
10023456783,2024-06-10 10:00:00,2024-06-10,10:00:00,1.5905,Monday,10,6,Summer,0
10023456783,2024-06-10 11:00:00,2024-06-10,11:00:00,1.3353,Monday,11,6,Summer,0
10023456783,2024-06-10 12:00:00,2024-06-10,12:00:00,1.4698,Monday,12,6,Summer,0
10023456783,2024-06-10 13:00:00,2024-06-10,13:00:00,1.1881,Monday,13,6,Summer,0
10023456783,2024-06-10 14:00:00,2024-06-10,14:00:00,1.1634,Monday,14,6,Summer,0
10023456783,2024-06-10 15:00:00,2024-06-10,15:00:00,1.2422,Monday,15,6,Summer,0
10023456783,2024-06-10 16:00:00,2024-06-10,16:00:00,1.6136,Monday,16,6,Summer,0
10023456783,2024-06-10 17:00:00,2024-06-10,17:00:00,1.5444,Monday,17,6,Summer,0
10023456783,2024-06-10 18:00:00,2024-06-10,18:00:00,2.4100,Monday,18,6,Summer,0
10023456783,2024-06-10 19:00:00,2024-06-10,19:00:00,2.8433,Monday,19,6,Summer,0
10023456783,2024-06-10 20:00:00,2024-06-10,20:00:00,2.4994,Monday,20,6,Summer,0
10023456783,2024-06-10 21:00:00,2024-06-10,21:00:00,2.1207,Monday,21,6,Summer,0
10023456783,2024-06-10 22:00:00,2024-06-10,22:00:00,1.4023,Monday,22,6,Summer,0
10023456783,2024-06-10 23:00:00,2024-06-10,23:00:00,1.0666,Monday,23,6,Summer,0
10023456783,2024-06-11 00:00:00,2024-06-11,00:00:00,0.5923,Tuesday,0,6,Summer,0
10023456783,2024-06-11 01:00:00,2024-06-11,01:00:00,0.5510,Tuesday,1,6,Summer,0
10023456783,2024-06-11 02:00:00,2024-06-11,02:00:00,0.4547,Tuesday,2,6,Summer,0
10023456783,2024-06-11 03:00:00,2024-06-11,03:00:00,0.4689,Tuesday,3,6,Summer,0
10023456783,2024-06-11 04:00:00,2024-06-11,04:00:00,0.5649,Tuesday,4,6,Summer,0
10023456783,2024-06-11 05:00:00,2024-06-11,05:00:00,3.8850,Tuesday,5,6,Summer,1
10023456783,2024-06-11 06:00:00,2024-06-11,06:00:00,3.8635,Tuesday,6,6,Summer,1
10023456783,2024-06-11 07:00:00,2024-06-11,07:00:00,1.7870,Tuesday,7,6,Summer,0
10023456783,2024-06-11 08:00:00,2024-06-11,08:00:00,1.9895,Tuesday,8,6,Summer,0
10023456783,2024-06-11 09:00:00,2024-06-11,09:00:00,1.7270,Tuesday,9,6,Summer,0
10023456783,2024-06-11 10:00:00,2024-06-11,10:00:00,1.4402,Tuesday,10,6,Summer,0
10023456783,2024-06-11 11:00:00,2024-06-11,11:00:00,1.5773,Tuesday,11,6,Summer,0
10023456783,2024-06-11 12:00:00,2024-06-11,12:00:00,1.5070,Tuesday,12,6,Summer,0
10023456783,2024-06-11 13:00:00,2024-06-11,13:00:00,1.4913,Tuesday,13,6,Summer,0
10023456783,2024-06-11 14:00:00,2024-06-11,14:00:00,1.3232,Tuesday,14,6,Summer,0
10023456783,2024-06-11 15:00:00,2024-06-11,15:00:00,1.4347,Tuesday,15,6,Summer,0
10023456783,2024-06-11 16:00:00,2024-06-11,16:00:00,1.3972,Tuesday,16,6,Summer,0
10023456783,2024-06-11 17:00:00,2024-06-11,17:00:00,1.8459,Tuesday,17,6,Summer,0
10023456783,2024-06-11 18:00:00,2024-06-11,18:00:00,2.9709,Tuesday,18,6,Summer,0
10023456783,2024-06-11 19:00:00,2024-06-11,19:00:00,2.2051,Tuesday,19,6,Summer,0
10023456783,2024-06-11 20:00:00,2024-06-11,20:00:00,2.9015,Tuesday,20,6,Summer,0
10023456783,2024-06-11 21:00:00,2024-06-11,21:00:00,2.0779,Tuesday,21,6,Summer,0
10023456783,2024-06-11 22:00:00,2024-06-11,22:00:00,1.9288,Tuesday,22,6,Summer,0
10023456783,2024-06-11 23:00:00,2024-06-11,23:00:00,1.0042,Tuesday,23,6,Summer,0
10023456783,2024-06-12 00:00:00,2024-06-12,00:00:00,0.6457,Wednesday,0,6,Summer,0
10023456783,2024-06-12 01:00:00,2024-06-12,01:00:00,0.4495,Wednesday,1,6,Summer,0
10023456783,2024-06-12 02:00:00,2024-06-12,02:00:00,0.5109,Wednesday,2,6,Summer,0
10023456783,2024-06-12 03:00:00,2024-06-12,03:00:00,0.3849,Wednesday,3,6,Summer,0
10023456783,2024-06-12 04:00:00,2024-06-12,04:00:00,0.5088,Wednesday,4,6,Summer,0
10023456783,2024-06-12 05:00:00,2024-06-12,05:00:00,0.6539,Wednesday,5,6,Summer,0
10023456783,2024-06-12 06:00:00,2024-06-12,06:00:00,1.3455,Wednesday,6,6,Summer,0
10023456783,2024-06-12 07:00:00,2024-06-12,07:00:00,1.5566,Wednesday,7,6,Summer,0
10023456783,2024-06-12 08:00:00,2024-06-12,08:00:00,1.9560,Wednesday,8,6,Summer,0
10023456783,2024-06-12 09:00:00,2024-06-12,09:00:00,1.5832,Wednesday,9,6,Summer,0
10023456783,2024-06-12 10:00:00,2024-06-12,10:00:00,1.2481,Wednesday,10,6,Summer,0
10023456783,2024-06-12 11:00:00,2024-06-12,11:00:00,1.1552,Wednesday,11,6,Summer,0
10023456783,2024-06-12 12:00:00,2024-06-12,12:00:00,1.2721,Wednesday,12,6,Summer,0
10023456783,2024-06-12 13:00:00,2024-06-12,13:00:00,1.3323,Wednesday,13,6,Summer,0
10023456783,2024-06-12 14:00:00,2024-06-12,14:00:00,1.2642,Wednesday,14,6,Summer,0
10023456783,2024-06-12 15:00:00,2024-06-12,15:00:00,1.2812,Wednesday,15,6,Summer,0
10023456783,2024-06-12 16:00:00,2024-06-12,16:00:00,1.4950,Wednesday,16,6,Summer,0
10023456783,2024-06-12 17:00:00,2024-06-12,17:00:00,2.1425,Wednesday,17,6,Summer,0
10023456783,2024-06-12 18:00:00,2024-06-12,18:00:00,2.2080,Wednesday,18,6,Summer,0
10023456783,2024-06-12 19:00:00,2024-06-12,19:00:00,2.6128,Wednesday,19,6,Summer,0
10023456783,2024-06-12 20:00:00,2024-06-12,20:00:00,2.6219,Wednesday,20,6,Summer,0
10023456783,2024-06-12 21:00:00,2024-06-12,21:00:00,2.1399,Wednesday,21,6,Summer,0
10023456783,2024-06-12 22:00:00,2024-06-12,22:00:00,1.6964,Wednesday,22,6,Summer,0
10023456783,2024-06-12 23:00:00,2024-06-12,23:00:00,1.0616,Wednesday,23,6,Summer,0
10023456783,2024-06-13 00:00:00,2024-06-13,00:00:00,5.8882,Thursday,0,6,Summer,1
10023456783,2024-06-13 01:00:00,2024-06-13,01:00:00,3.5467,Thursday,1,6,Summer,1
10023456783,2024-06-13 02:00:00,2024-06-13,02:00:00,0.5052,Thursday,2,6,Summer,0
10023456783,2024-06-13 03:00:00,2024-06-13,03:00:00,0.4432,Thursday,3,6,Summer,0
10023456783,2024-06-13 04:00:00,2024-06-13,04:00:00,0.6452,Thursday,4,6,Summer,0
10023456783,2024-06-13 05:00:00,2024-06-13,05:00:00,0.8324,Thursday,5,6,Summer,0
10023456783,2024-06-13 06:00:00,2024-06-13,06:00:00,1.2243,Thursday,6,6,Summer,0
10023456783,2024-06-13 07:00:00,2024-06-13,07:00:00,1.7685,Thursday,7,6,Summer,0
10023456783,2024-06-13 08:00:00,2024-06-13,08:00:00,2.0293,Thursday,8,6,Summer,0
10023456783,2024-06-13 09:00:00,2024-06-13,09:00:00,1.9753,Thursday,9,6,Summer,0
10023456783,2024-06-13 10:00:00,2024-06-13,10:00:00,1.1901,Thursday,10,6,Summer,0
10023456783,2024-06-13 11:00:00,2024-06-13,11:00:00,1.2710,Thursday,11,6,Summer,0
10023456783,2024-06-13 12:00:00,2024-06-13,12:00:00,1.3686,Thursday,12,6,Summer,0
10023456783,2024-06-13 13:00:00,2024-06-13,13:00:00,1.3098,Thursday,13,6,Summer,0
10023456783,2024-06-13 14:00:00,2024-06-13,14:00:00,1.1501,Thursday,14,6,Summer,0
10023456783,2024-06-13 15:00:00,2024-06-13,15:00:00,1.5083,Thursday,15,6,Summer,0
10023456783,2024-06-13 16:00:00,2024-06-13,16:00:00,1.5841,Thursday,16,6,Summer,0
10023456783,2024-06-13 17:00:00,2024-06-13,17:00:00,1.9413,Thursday,17,6,Summer,0
10023456783,2024-06-13 18:00:00,2024-06-13,18:00:00,2.8246,Thursday,18,6,Summer,0
10023456783,2024-06-13 19:00:00,2024-06-13,19:00:00,3.2136,Thursday,19,6,Summer,0
10023456783,2024-06-13 20:00:00,2024-06-13,20:00:00,2.8988,Thursday,20,6,Summer,0
10023456783,2024-06-13 21:00:00,2024-06-13,21:00:00,2.7836,Thursday,21,6,Summer,0
10023456783,2024-06-13 22:00:00,2024-06-13,22:00:00,1.9260,Thursday,22,6,Summer,0
10023456783,2024-06-13 23:00:00,2024-06-13,23:00:00,0.9923,Thursday,23,6,Summer,0
10023456783,2024-06-14 00:00:00,2024-06-14,00:00:00,0.4939,Friday,0,6,Summer,0
10023456783,2024-06-14 01:00:00,2024-06-14,01:00:00,0.4302,Friday,1,6,Summer,0
10023456783,2024-06-14 02:00:00,2024-06-14,02:00:00,0.3573,Friday,2,6,Summer,0
10023456783,2024-06-14 03:00:00,2024-06-14,03:00:00,0.3816,Friday,3,6,Summer,0
10023456783,2024-06-14 04:00:00,2024-06-14,04:00:00,0.4304,Friday,4,6,Summer,0
10023456783,2024-06-14 05:00:00,2024-06-14,05:00:00,0.5582,Friday,5,6,Summer,0
10023456783,2024-06-14 06:00:00,2024-06-14,06:00:00,0.9725,Friday,6,6,Summer,0
10023456783,2024-06-14 07:00:00,2024-06-14,07:00:00,1.3313,Friday,7,6,Summer,0
10023456783,2024-06-14 08:00:00,2024-06-14,08:00:00,1.5991,Friday,8,6,Summer,0
10023456783,2024-06-14 09:00:00,2024-06-14,09:00:00,1.1487,Friday,9,6,Summer,0
10023456783,2024-06-14 10:00:00,2024-06-14,10:00:00,1.1167,Friday,10,6,Summer,0
10023456783,2024-06-14 11:00:00,2024-06-14,11:00:00,0.8039,Friday,11,6,Summer,0
10023456783,2024-06-14 12:00:00,2024-06-14,12:00:00,1.2091,Friday,12,6,Summer,0
10023456783,2024-06-14 13:00:00,2024-06-14,13:00:00,0.9782,Friday,13,6,Summer,0
10023456783,2024-06-14 14:00:00,2024-06-14,14:00:00,0.9419,Friday,14,6,Summer,0
10023456783,2024-06-14 15:00:00,2024-06-14,15:00:00,0.9977,Friday,15,6,Summer,0
10023456783,2024-06-14 16:00:00,2024-06-14,16:00:00,1.1733,Friday,16,6,Summer,0
10023456783,2024-06-14 17:00:00,2024-06-14,17:00:00,1.7121,Friday,17,6,Summer,0
10023456783,2024-06-14 18:00:00,2024-06-14,18:00:00,1.9243,Friday,18,6,Summer,0
10023456783,2024-06-14 19:00:00,2024-06-14,19:00:00,2.0296,Friday,19,6,Summer,0
10023456783,2024-06-14 20:00:00,2024-06-14,20:00:00,2.1081,Friday,20,6,Summer,0
10023456783,2024-06-14 21:00:00,2024-06-14,21:00:00,1.8338,Friday,21,6,Summer,0
10023456783,2024-06-14 22:00:00,2024-06-14,22:00:00,1.0856,Friday,22,6,Summer,0
10023456783,2024-06-14 23:00:00,2024-06-14,23:00:00,0.6587,Friday,23,6,Summer,0
10023456783,2024-06-15 00:00:00,2024-06-15,00:00:00,0.6214,Saturday,0,6,Summer,0
10023456783,2024-06-15 01:00:00,2024-06-15,01:00:00,0.3821,Saturday,1,6,Summer,0
10023456783,2024-06-15 02:00:00,2024-06-15,02:00:00,0.3303,Saturday,2,6,Summer,0
10023456783,2024-06-15 03:00:00,2024-06-15,03:00:00,0.4791,Saturday,3,6,Summer,0
10023456783,2024-06-15 04:00:00,2024-06-15,04:00:00,0.4380,Saturday,4,6,Summer,0
10023456783,2024-06-15 05:00:00,2024-06-15,05:00:00,0.6039,Saturday,5,6,Summer,0
10023456783,2024-06-15 06:00:00,2024-06-15,06:00:00,0.8042,Saturday,6,6,Summer,0
10023456783,2024-06-15 07:00:00,2024-06-15,07:00:00,1.1780,Saturday,7,6,Summer,0
10023456783,2024-06-15 08:00:00,2024-06-15,08:00:00,1.9528,Saturday,8,6,Summer,0
10023456783,2024-06-15 09:00:00,2024-06-15,09:00:00,2.1452,Saturday,9,6,Summer,0
10023456783,2024-06-15 10:00:00,2024-06-15,10:00:00,1.6846,Saturday,10,6,Summer,0
10023456783,2024-06-15 11:00:00,2024-06-15,11:00:00,1.4981,Saturday,11,6,Summer,0
10023456783,2024-06-15 12:00:00,2024-06-15,12:00:00,1.3476,Saturday,12,6,Summer,0
10023456783,2024-06-15 13:00:00,2024-06-15,13:00:00,1.3182,Saturday,13,6,Summer,0
10023456783,2024-06-15 14:00:00,2024-06-15,14:00:00,1.4052,Saturday,14,6,Summer,0
10023456783,2024-06-15 15:00:00,2024-06-15,15:00:00,1.4000,Saturday,15,6,Summer,0
10023456783,2024-06-15 16:00:00,2024-06-15,16:00:00,1.4081,Saturday,16,6,Summer,0
10023456783,2024-06-15 17:00:00,2024-06-15,17:00:00,2.1210,Saturday,17,6,Summer,0
10023456783,2024-06-15 18:00:00,2024-06-15,18:00:00,2.3445,Saturday,18,6,Summer,0
10023456783,2024-06-15 19:00:00,2024-06-15,19:00:00,2.2257,Saturday,19,6,Summer,0
10023456783,2024-06-15 20:00:00,2024-06-15,20:00:00,2.4018,Saturday,20,6,Summer,0
10023456783,2024-06-15 21:00:00,2024-06-15,21:00:00,2.1438,Saturday,21,6,Summer,0
10023456783,2024-06-15 22:00:00,2024-06-15,22:00:00,1.6671,Saturday,22,6,Summer,0
10023456783,2024-06-15 23:00:00,2024-06-15,23:00:00,1.0983,Saturday,23,6,Summer,0
10023456783,2024-06-16 00:00:00,2024-06-16,00:00:00,0.8879,Sunday,0,6,Summer,0
10023456783,2024-06-16 01:00:00,2024-06-16,01:00:00,0.8614,Sunday,1,6,Summer,0
10023456783,2024-06-16 02:00:00,2024-06-16,02:00:00,0.6897,Sunday,2,6,Summer,0
10023456783,2024-06-16 03:00:00,2024-06-16,03:00:00,4.0106,Sunday,3,6,Summer,1
10023456783,2024-06-16 04:00:00,2024-06-16,04:00:00,0.6970,Sunday,4,6,Summer,0
10023456783,2024-06-16 05:00:00,2024-06-16,05:00:00,0.8682,Sunday,5,6,Summer,0
10023456783,2024-06-16 06:00:00,2024-06-16,06:00:00,1.2640,Sunday,6,6,Summer,0
10023456783,2024-06-16 07:00:00,2024-06-16,07:00:00,1.9879,Sunday,7,6,Summer,0
10023456783,2024-06-16 08:00:00,2024-06-16,08:00:00,2.6111,Sunday,8,6,Summer,0
10023456783,2024-06-16 09:00:00,2024-06-16,09:00:00,3.3345,Sunday,9,6,Summer,0
10023456783,2024-06-16 10:00:00,2024-06-16,10:00:00,2.6969,Sunday,10,6,Summer,0
10023456783,2024-06-16 11:00:00,2024-06-16,11:00:00,2.3274,Sunday,11,6,Summer,0
10023456783,2024-06-16 12:00:00,2024-06-16,12:00:00,2.5842,Sunday,12,6,Summer,0
10023456783,2024-06-16 13:00:00,2024-06-16,13:00:00,2.0412,Sunday,13,6,Summer,0
10023456783,2024-06-16 14:00:00,2024-06-16,14:00:00,1.9703,Sunday,14,6,Summer,0
10023456783,2024-06-16 15:00:00,2024-06-16,15:00:00,2.5408,Sunday,15,6,Summer,0
10023456783,2024-06-16 16:00:00,2024-06-16,16:00:00,2.6102,Sunday,16,6,Summer,0
10023456783,2024-06-16 17:00:00,2024-06-16,17:00:00,2.6162,Sunday,17,6,Summer,0
10023456783,2024-06-16 18:00:00,2024-06-16,18:00:00,3.6521,Sunday,18,6,Summer,0
10023456783,2024-06-16 19:00:00,2024-06-16,19:00:00,3.6719,Sunday,19,6,Summer,0
10023456783,2024-06-16 20:00:00,2024-06-16,20:00:00,3.1824,Sunday,20,6,Summer,0
10023456783,2024-06-16 21:00:00,2024-06-16,21:00:00,3.0190,Sunday,21,6,Summer,0
10023456783,2024-06-16 22:00:00,2024-06-16,22:00:00,2.6439,Sunday,22,6,Summer,0
10023456783,2024-06-16 23:00:00,2024-06-16,23:00:00,1.5798,Sunday,23,6,Summer,0
10023456783,2024-06-17 00:00:00,2024-06-17,00:00:00,0.8078,Monday,0,6,Summer,0
10023456783,2024-06-17 01:00:00,2024-06-17,01:00:00,0.6940,Monday,1,6,Summer,0
10023456783,2024-06-17 02:00:00,2024-06-17,02:00:00,0.5713,Monday,2,6,Summer,0
10023456783,2024-06-17 03:00:00,2024-06-17,03:00:00,0.6778,Monday,3,6,Summer,0
10023456783,2024-06-17 04:00:00,2024-06-17,04:00:00,0.6851,Monday,4,6,Summer,0
10023456783,2024-06-17 05:00:00,2024-06-17,05:00:00,0.9733,Monday,5,6,Summer,0
10023456783,2024-06-17 06:00:00,2024-06-17,06:00:00,1.6143,Monday,6,6,Summer,0
10023456783,2024-06-17 07:00:00,2024-06-17,07:00:00,2.3117,Monday,7,6,Summer,0
10023456783,2024-06-17 08:00:00,2024-06-17,08:00:00,2.9184,Monday,8,6,Summer,0
10023456783,2024-06-17 09:00:00,2024-06-17,09:00:00,2.6981,Monday,9,6,Summer,0
10023456783,2024-06-17 10:00:00,2024-06-17,10:00:00,1.8758,Monday,10,6,Summer,0
10023456783,2024-06-17 11:00:00,2024-06-17,11:00:00,1.6387,Monday,11,6,Summer,0
10023456783,2024-06-17 12:00:00,2024-06-17,12:00:00,1.6514,Monday,12,6,Summer,0
10023456783,2024-06-17 13:00:00,2024-06-17,13:00:00,1.8212,Monday,13,6,Summer,0
10023456783,2024-06-17 14:00:00,2024-06-17,14:00:00,1.5355,Monday,14,6,Summer,0
10023456783,2024-06-17 15:00:00,2024-06-17,15:00:00,1.8370,Monday,15,6,Summer,0
10023456783,2024-06-17 16:00:00,2024-06-17,16:00:00,2.3431,Monday,16,6,Summer,0
10023456783,2024-06-17 17:00:00,2024-06-17,17:00:00,3.0195,Monday,17,6,Summer,0
10023456783,2024-06-17 18:00:00,2024-06-17,18:00:00,3.7259,Monday,18,6,Summer,0
10023456783,2024-06-17 19:00:00,2024-06-17,19:00:00,4.4132,Monday,19,6,Summer,0
10023456783,2024-06-17 20:00:00,2024-06-17,20:00:00,3.3678,Monday,20,6,Summer,0
10023456783,2024-06-17 21:00:00,2024-06-17,21:00:00,3.1744,Monday,21,6,Summer,0
10023456783,2024-06-17 22:00:00,2024-06-17,22:00:00,2.6616,Monday,22,6,Summer,0
10023456783,2024-06-17 23:00:00,2024-06-17,23:00:00,1.1722,Monday,23,6,Summer,0
10023456783,2024-06-18 00:00:00,2024-06-18,00:00:00,0.6265,Tuesday,0,6,Summer,0
10023456783,2024-06-18 01:00:00,2024-06-18,01:00:00,0.4822,Tuesday,1,6,Summer,0
10023456783,2024-06-18 02:00:00,2024-06-18,02:00:00,0.4150,Tuesday,2,6,Summer,0
10023456783,2024-06-18 03:00:00,2024-06-18,03:00:00,0.4142,Tuesday,3,6,Summer,0
10023456783,2024-06-18 04:00:00,2024-06-18,04:00:00,0.5162,Tuesday,4,6,Summer,0
10023456783,2024-06-18 05:00:00,2024-06-18,05:00:00,4.3758,Tuesday,5,6,Summer,1
10023456783,2024-06-18 06:00:00,2024-06-18,06:00:00,5.6852,Tuesday,6,6,Summer,1
10023456783,2024-06-18 07:00:00,2024-06-18,07:00:00,1.7398,Tuesday,7,6,Summer,0
10023456783,2024-06-18 08:00:00,2024-06-18,08:00:00,1.7124,Tuesday,8,6,Summer,0
10023456783,2024-06-18 09:00:00,2024-06-18,09:00:00,1.8277,Tuesday,9,6,Summer,0
10023456783,2024-06-18 10:00:00,2024-06-18,10:00:00,1.2490,Tuesday,10,6,Summer,0
10023456783,2024-06-18 11:00:00,2024-06-18,11:00:00,1.0636,Tuesday,11,6,Summer,0
10023456783,2024-06-18 12:00:00,2024-06-18,12:00:00,1.3297,Tuesday,12,6,Summer,0
10023456783,2024-06-18 13:00:00,2024-06-18,13:00:00,1.1648,Tuesday,13,6,Summer,0
10023456783,2024-06-18 14:00:00,2024-06-18,14:00:00,1.2810,Tuesday,14,6,Summer,0
10023456783,2024-06-18 15:00:00,2024-06-18,15:00:00,1.1286,Tuesday,15,6,Summer,0
10023456783,2024-06-18 16:00:00,2024-06-18,16:00:00,1.5593,Tuesday,16,6,Summer,0
10023456783,2024-06-18 17:00:00,2024-06-18,17:00:00,1.9949,Tuesday,17,6,Summer,0
10023456783,2024-06-18 18:00:00,2024-06-18,18:00:00,2.2561,Tuesday,18,6,Summer,0
10023456783,2024-06-18 19:00:00,2024-06-18,19:00:00,2.5918,Tuesday,19,6,Summer,0
10023456783,2024-06-18 20:00:00,2024-06-18,20:00:00,2.7251,Tuesday,20,6,Summer,0
10023456783,2024-06-18 21:00:00,2024-06-18,21:00:00,2.3744,Tuesday,21,6,Summer,0
10023456783,2024-06-18 22:00:00,2024-06-18,22:00:00,1.5783,Tuesday,22,6,Summer,0
10023456783,2024-06-18 23:00:00,2024-06-18,23:00:00,0.8890,Tuesday,23,6,Summer,0
10023456783,2024-06-19 00:00:00,2024-06-19,00:00:00,0.4925,Wednesday,0,6,Summer,0
10023456783,2024-06-19 01:00:00,2024-06-19,01:00:00,0.4150,Wednesday,1,6,Summer,0
10023456783,2024-06-19 02:00:00,2024-06-19,02:00:00,0.3613,Wednesday,2,6,Summer,0
10023456783,2024-06-19 03:00:00,2024-06-19,03:00:00,0.3831,Wednesday,3,6,Summer,0
10023456783,2024-06-19 04:00:00,2024-06-19,04:00:00,0.5315,Wednesday,4,6,Summer,0
10023456783,2024-06-19 05:00:00,2024-06-19,05:00:00,0.6520,Wednesday,5,6,Summer,0
10023456783,2024-06-19 06:00:00,2024-06-19,06:00:00,1.0755,Wednesday,6,6,Summer,0
10023456783,2024-06-19 07:00:00,2024-06-19,07:00:00,1.5449,Wednesday,7,6,Summer,0
10023456783,2024-06-19 08:00:00,2024-06-19,08:00:00,1.8844,Wednesday,8,6,Summer,0
10023456783,2024-06-19 09:00:00,2024-06-19,09:00:00,1.3069,Wednesday,9,6,Summer,0
10023456783,2024-06-19 10:00:00,2024-06-19,10:00:00,1.0215,Wednesday,10,6,Summer,0
10023456783,2024-06-19 11:00:00,2024-06-19,11:00:00,4.4748,Wednesday,11,6,Summer,1
10023456783,2024-06-19 12:00:00,2024-06-19,12:00:00,6.2423,Wednesday,12,6,Summer,1
10023456783,2024-06-19 13:00:00,2024-06-19,13:00:00,1.0674,Wednesday,13,6,Summer,0
10023456783,2024-06-19 14:00:00,2024-06-19,14:00:00,1.0976,Wednesday,14,6,Summer,0
10023456783,2024-06-19 15:00:00,2024-06-19,15:00:00,1.0979,Wednesday,15,6,Summer,0
10023456783,2024-06-19 16:00:00,2024-06-19,16:00:00,1.3556,Wednesday,16,6,Summer,0
10023456783,2024-06-19 17:00:00,2024-06-19,17:00:00,1.7647,Wednesday,17,6,Summer,0
10023456783,2024-06-19 18:00:00,2024-06-19,18:00:00,2.3310,Wednesday,18,6,Summer,0
10023456783,2024-06-19 19:00:00,2024-06-19,19:00:00,1.8778,Wednesday,19,6,Summer,0
10023456783,2024-06-19 20:00:00,2024-06-19,20:00:00,2.3896,Wednesday,20,6,Summer,0
10023456783,2024-06-19 21:00:00,2024-06-19,21:00:00,2.0217,Wednesday,21,6,Summer,0
10023456783,2024-06-19 22:00:00,2024-06-19,22:00:00,1.2862,Wednesday,22,6,Summer,0
10023456783,2024-06-19 23:00:00,2024-06-19,23:00:00,0.7658,Wednesday,23,6,Summer,0
10023456783,2024-06-20 00:00:00,2024-06-20,00:00:00,0.4619,Thursday,0,6,Summer,0
10023456783,2024-06-20 01:00:00,2024-06-20,01:00:00,0.4171,Thursday,1,6,Summer,0
10023456783,2024-06-20 02:00:00,2024-06-20,02:00:00,0.3983,Thursday,2,6,Summer,0
10023456783,2024-06-20 03:00:00,2024-06-20,03:00:00,0.3765,Thursday,3,6,Summer,0
10023456783,2024-06-20 04:00:00,2024-06-20,04:00:00,0.4805,Thursday,4,6,Summer,0
10023456783,2024-06-20 05:00:00,2024-06-20,05:00:00,0.7856,Thursday,5,6,Summer,0
10023456783,2024-06-20 06:00:00,2024-06-20,06:00:00,1.2338,Thursday,6,6,Summer,0
10023456783,2024-06-20 07:00:00,2024-06-20,07:00:00,1.7731,Thursday,7,6,Summer,0
10023456783,2024-06-20 08:00:00,2024-06-20,08:00:00,1.7144,Thursday,8,6,Summer,0
10023456783,2024-06-20 09:00:00,2024-06-20,09:00:00,1.4643,Thursday,9,6,Summer,0
10023456783,2024-06-20 10:00:00,2024-06-20,10:00:00,1.0359,Thursday,10,6,Summer,0
10023456783,2024-06-20 11:00:00,2024-06-20,11:00:00,1.3103,Thursday,11,6,Summer,0
10023456783,2024-06-20 12:00:00,2024-06-20,12:00:00,1.3924,Thursday,12,6,Summer,0
10023456783,2024-06-20 13:00:00,2024-06-20,13:00:00,1.1770,Thursday,13,6,Summer,0
10023456783,2024-06-20 14:00:00,2024-06-20,14:00:00,1.2947,Thursday,14,6,Summer,0
10023456783,2024-06-20 15:00:00,2024-06-20,15:00:00,1.3201,Thursday,15,6,Summer,0
10023456783,2024-06-20 16:00:00,2024-06-20,16:00:00,1.4733,Thursday,16,6,Summer,0
10023456783,2024-06-20 17:00:00,2024-06-20,17:00:00,2.1829,Thursday,17,6,Summer,0
10023456783,2024-06-20 18:00:00,2024-06-20,18:00:00,2.4582,Thursday,18,6,Summer,0
10023456783,2024-06-20 19:00:00,2024-06-20,19:00:00,2.5495,Thursday,19,6,Summer,0
10023456783,2024-06-20 20:00:00,2024-06-20,20:00:00,2.7700,Thursday,20,6,Summer,0
10023456783,2024-06-20 21:00:00,2024-06-20,21:00:00,1.9756,Thursday,21,6,Summer,0
10023456783,2024-06-20 22:00:00,2024-06-20,22:00:00,1.4927,Thursday,22,6,Summer,0
10023456783,2024-06-20 23:00:00,2024-06-20,23:00:00,0.8609,Thursday,23,6,Summer,0
10023456783,2024-06-21 00:00:00,2024-06-21,00:00:00,0.3858,Friday,0,6,Summer,0
10023456783,2024-06-21 01:00:00,2024-06-21,01:00:00,0.4446,Friday,1,6,Summer,0
10023456783,2024-06-21 02:00:00,2024-06-21,02:00:00,0.3917,Friday,2,6,Summer,0
10023456783,2024-06-21 03:00:00,2024-06-21,03:00:00,0.3454,Friday,3,6,Summer,0
10023456783,2024-06-21 04:00:00,2024-06-21,04:00:00,0.4043,Friday,4,6,Summer,0
10023456783,2024-06-21 05:00:00,2024-06-21,05:00:00,0.6736,Friday,5,6,Summer,0
10023456783,2024-06-21 06:00:00,2024-06-21,06:00:00,1.0961,Friday,6,6,Summer,0
10023456783,2024-06-21 07:00:00,2024-06-21,07:00:00,1.2706,Friday,7,6,Summer,0
10023456783,2024-06-21 08:00:00,2024-06-21,08:00:00,1.5903,Friday,8,6,Summer,0
10023456783,2024-06-21 09:00:00,2024-06-21,09:00:00,1.3501,Friday,9,6,Summer,0
10023456783,2024-06-21 10:00:00,2024-06-21,10:00:00,1.0373,Friday,10,6,Summer,0
10023456783,2024-06-21 11:00:00,2024-06-21,11:00:00,0.9826,Friday,11,6,Summer,0
10023456783,2024-06-21 12:00:00,2024-06-21,12:00:00,1.0965,Friday,12,6,Summer,0
10023456783,2024-06-21 13:00:00,2024-06-21,13:00:00,1.1339,Friday,13,6,Summer,0
10023456783,2024-06-21 14:00:00,2024-06-21,14:00:00,1.1135,Friday,14,6,Summer,0
10023456783,2024-06-21 15:00:00,2024-06-21,15:00:00,1.0904,Friday,15,6,Summer,0
10023456783,2024-06-21 16:00:00,2024-06-21,16:00:00,1.3477,Friday,16,6,Summer,0
10023456783,2024-06-21 17:00:00,2024-06-21,17:00:00,2.0025,Friday,17,6,Summer,0
10023456783,2024-06-21 18:00:00,2024-06-21,18:00:00,2.4474,Friday,18,6,Summer,0
10023456783,2024-06-21 19:00:00,2024-06-21,19:00:00,1.7710,Friday,19,6,Summer,0
10023456783,2024-06-21 20:00:00,2024-06-21,20:00:00,2.6364,Friday,20,6,Summer,0
10023456783,2024-06-21 21:00:00,2024-06-21,21:00:00,1.9176,Friday,21,6,Summer,0
10023456783,2024-06-21 22:00:00,2024-06-21,22:00:00,1.2881,Friday,22,6,Summer,0
10023456783,2024-06-21 23:00:00,2024-06-21,23:00:00,0.9610,Friday,23,6,Summer,0
10023456783,2024-06-22 00:00:00,2024-06-22,00:00:00,0.5897,Saturday,0,6,Summer,0
10023456783,2024-06-22 01:00:00,2024-06-22,01:00:00,0.5142,Saturday,1,6,Summer,0
10023456783,2024-06-22 02:00:00,2024-06-22,02:00:00,0.4405,Saturday,2,6,Summer,0
10023456783,2024-06-22 03:00:00,2024-06-22,03:00:00,0.4018,Saturday,3,6,Summer,0
10023456783,2024-06-22 04:00:00,2024-06-22,04:00:00,0.4201,Saturday,4,6,Summer,0
10023456783,2024-06-22 05:00:00,2024-06-22,05:00:00,5.8827,Saturday,5,6,Summer,1
10023456783,2024-06-22 06:00:00,2024-06-22,06:00:00,4.5695,Saturday,6,6,Summer,1
10023456783,2024-06-22 07:00:00,2024-06-22,07:00:00,1.1425,Saturday,7,6,Summer,0
10023456783,2024-06-22 08:00:00,2024-06-22,08:00:00,1.7615,Saturday,8,6,Summer,0
10023456783,2024-06-22 09:00:00,2024-06-22,09:00:00,1.6569,Saturday,9,6,Summer,0
10023456783,2024-06-22 10:00:00,2024-06-22,10:00:00,1.5793,Saturday,10,6,Summer,0
10023456783,2024-06-22 11:00:00,2024-06-22,11:00:00,1.4942,Saturday,11,6,Summer,0
10023456783,2024-06-22 12:00:00,2024-06-22,12:00:00,1.3719,Saturday,12,6,Summer,0
10023456783,2024-06-22 13:00:00,2024-06-22,13:00:00,1.2295,Saturday,13,6,Summer,0
10023456783,2024-06-22 14:00:00,2024-06-22,14:00:00,1.3100,Saturday,14,6,Summer,0
10023456783,2024-06-22 15:00:00,2024-06-22,15:00:00,1.2708,Saturday,15,6,Summer,0
10023456783,2024-06-22 16:00:00,2024-06-22,16:00:00,1.2667,Saturday,16,6,Summer,0
10023456783,2024-06-22 17:00:00,2024-06-22,17:00:00,1.7913,Saturday,17,6,Summer,0
10023456783,2024-06-22 18:00:00,2024-06-22,18:00:00,1.9923,Saturday,18,6,Summer,0
10023456783,2024-06-22 19:00:00,2024-06-22,19:00:00,2.6976,Saturday,19,6,Summer,0
10023456783,2024-06-22 20:00:00,2024-06-22,20:00:00,2.3333,Saturday,20,6,Summer,0
10023456783,2024-06-22 21:00:00,2024-06-22,21:00:00,2.2675,Saturday,21,6,Summer,0
10023456783,2024-06-22 22:00:00,2024-06-22,22:00:00,1.5690,Saturday,22,6,Summer,0
10023456783,2024-06-22 23:00:00,2024-06-22,23:00:00,1.1348,Saturday,23,6,Summer,0
10023456783,2024-06-23 00:00:00,2024-06-23,00:00:00,0.6017,Sunday,0,6,Summer,0
10023456783,2024-06-23 01:00:00,2024-06-23,01:00:00,0.4471,Sunday,1,6,Summer,0
10023456783,2024-06-23 02:00:00,2024-06-23,02:00:00,0.3971,Sunday,2,6,Summer,0
10023456783,2024-06-23 03:00:00,2024-06-23,03:00:00,0.4260,Sunday,3,6,Summer,0
10023456783,2024-06-23 04:00:00,2024-06-23,04:00:00,0.4136,Sunday,4,6,Summer,0
10023456783,2024-06-23 05:00:00,2024-06-23,05:00:00,0.5988,Sunday,5,6,Summer,0
10023456783,2024-06-23 06:00:00,2024-06-23,06:00:00,0.8417,Sunday,6,6,Summer,0
10023456783,2024-06-23 07:00:00,2024-06-23,07:00:00,1.1116,Sunday,7,6,Summer,0
10023456783,2024-06-23 08:00:00,2024-06-23,08:00:00,1.5798,Sunday,8,6,Summer,0
10023456783,2024-06-23 09:00:00,2024-06-23,09:00:00,1.7033,Sunday,9,6,Summer,0
10023456783,2024-06-23 10:00:00,2024-06-23,10:00:00,1.4731,Sunday,10,6,Summer,0
10023456783,2024-06-23 11:00:00,2024-06-23,11:00:00,1.3970,Sunday,11,6,Summer,0
10023456783,2024-06-23 12:00:00,2024-06-23,12:00:00,1.3665,Sunday,12,6,Summer,0
10023456783,2024-06-23 13:00:00,2024-06-23,13:00:00,1.3068,Sunday,13,6,Summer,0
10023456783,2024-06-23 14:00:00,2024-06-23,14:00:00,1.1231,Sunday,14,6,Summer,0
10023456783,2024-06-23 15:00:00,2024-06-23,15:00:00,1.2754,Sunday,15,6,Summer,0
10023456783,2024-06-23 16:00:00,2024-06-23,16:00:00,1.2093,Sunday,16,6,Summer,0
10023456783,2024-06-23 17:00:00,2024-06-23,17:00:00,1.6526,Sunday,17,6,Summer,0
10023456783,2024-06-23 18:00:00,2024-06-23,18:00:00,2.0949,Sunday,18,6,Summer,0
10023456783,2024-06-23 19:00:00,2024-06-23,19:00:00,2.3907,Sunday,19,6,Summer,0
10023456783,2024-06-23 20:00:00,2024-06-23,20:00:00,2.7374,Sunday,20,6,Summer,0
10023456783,2024-06-23 21:00:00,2024-06-23,21:00:00,1.8465,Sunday,21,6,Summer,0
10023456783,2024-06-23 22:00:00,2024-06-23,22:00:00,1.3704,Sunday,22,6,Summer,0
10023456783,2024-06-23 23:00:00,2024-06-23,23:00:00,0.9407,Sunday,23,6,Summer,0
10023456783,2024-06-24 00:00:00,2024-06-24,00:00:00,0.5075,Monday,0,6,Summer,0
10023456783,2024-06-24 01:00:00,2024-06-24,01:00:00,0.4336,Monday,1,6,Summer,0
10023456783,2024-06-24 02:00:00,2024-06-24,02:00:00,4.3577,Monday,2,6,Summer,1
10023456783,2024-06-24 03:00:00,2024-06-24,03:00:00,0.4132,Monday,3,6,Summer,0
10023456783,2024-06-24 04:00:00,2024-06-24,04:00:00,0.4918,Monday,4,6,Summer,0
10023456783,2024-06-24 05:00:00,2024-06-24,05:00:00,0.5888,Monday,5,6,Summer,0
10023456783,2024-06-24 06:00:00,2024-06-24,06:00:00,1.3548,Monday,6,6,Summer,0
10023456783,2024-06-24 07:00:00,2024-06-24,07:00:00,1.6401,Monday,7,6,Summer,0
10023456783,2024-06-24 08:00:00,2024-06-24,08:00:00,1.9240,Monday,8,6,Summer,0
10023456783,2024-06-24 09:00:00,2024-06-24,09:00:00,1.5377,Monday,9,6,Summer,0
10023456783,2024-06-24 10:00:00,2024-06-24,10:00:00,1.0565,Monday,10,6,Summer,0
10023456783,2024-06-24 11:00:00,2024-06-24,11:00:00,1.0039,Monday,11,6,Summer,0
10023456783,2024-06-24 12:00:00,2024-06-24,12:00:00,1.3923,Monday,12,6,Summer,0
10023456783,2024-06-24 13:00:00,2024-06-24,13:00:00,1.3486,Monday,13,6,Summer,0
10023456783,2024-06-24 14:00:00,2024-06-24,14:00:00,1.1667,Monday,14,6,Summer,0
10023456783,2024-06-24 15:00:00,2024-06-24,15:00:00,1.3175,Monday,15,6,Summer,0
10023456783,2024-06-24 16:00:00,2024-06-24,16:00:00,1.4209,Monday,16,6,Summer,0
10023456783,2024-06-24 17:00:00,2024-06-24,17:00:00,1.8891,Monday,17,6,Summer,0
10023456783,2024-06-24 18:00:00,2024-06-24,18:00:00,1.8453,Monday,18,6,Summer,0
10023456783,2024-06-24 19:00:00,2024-06-24,19:00:00,2.4160,Monday,19,6,Summer,0
10023456783,2024-06-24 20:00:00,2024-06-24,20:00:00,2.5395,Monday,20,6,Summer,0
10023456783,2024-06-24 21:00:00,2024-06-24,21:00:00,2.1447,Monday,21,6,Summer,0
10023456783,2024-06-24 22:00:00,2024-06-24,22:00:00,1.6679,Monday,22,6,Summer,0
10023456783,2024-06-24 23:00:00,2024-06-24,23:00:00,1.0542,Monday,23,6,Summer,0
10023456783,2024-06-25 00:00:00,2024-06-25,00:00:00,0.4741,Tuesday,0,6,Summer,0
10023456783,2024-06-25 01:00:00,2024-06-25,01:00:00,0.3114,Tuesday,1,6,Summer,0
10023456783,2024-06-25 02:00:00,2024-06-25,02:00:00,0.3744,Tuesday,2,6,Summer,0
10023456783,2024-06-25 03:00:00,2024-06-25,03:00:00,0.3027,Tuesday,3,6,Summer,0
10023456783,2024-06-25 04:00:00,2024-06-25,04:00:00,6.1135,Tuesday,4,6,Summer,1
10023456783,2024-06-25 05:00:00,2024-06-25,05:00:00,5.9022,Tuesday,5,6,Summer,1
10023456783,2024-06-25 06:00:00,2024-06-25,06:00:00,1.0683,Tuesday,6,6,Summer,0
10023456783,2024-06-25 07:00:00,2024-06-25,07:00:00,1.3947,Tuesday,7,6,Summer,0
10023456783,2024-06-25 08:00:00,2024-06-25,08:00:00,1.6247,Tuesday,8,6,Summer,0
10023456783,2024-06-25 09:00:00,2024-06-25,09:00:00,3.7746,Tuesday,9,6,Summer,1
10023456783,2024-06-25 10:00:00,2024-06-25,10:00:00,1.1517,Tuesday,10,6,Summer,0
10023456783,2024-06-25 11:00:00,2024-06-25,11:00:00,0.8674,Tuesday,11,6,Summer,0
10023456783,2024-06-25 12:00:00,2024-06-25,12:00:00,0.9120,Tuesday,12,6,Summer,0
10023456783,2024-06-25 13:00:00,2024-06-25,13:00:00,1.1217,Tuesday,13,6,Summer,0
10023456783,2024-06-25 14:00:00,2024-06-25,14:00:00,0.8042,Tuesday,14,6,Summer,0
10023456783,2024-06-25 15:00:00,2024-06-25,15:00:00,1.3196,Tuesday,15,6,Summer,0
10023456783,2024-06-25 16:00:00,2024-06-25,16:00:00,1.3150,Tuesday,16,6,Summer,0
10023456783,2024-06-25 17:00:00,2024-06-25,17:00:00,1.4621,Tuesday,17,6,Summer,0
10023456783,2024-06-25 18:00:00,2024-06-25,18:00:00,1.8936,Tuesday,18,6,Summer,0
10023456783,2024-06-25 19:00:00,2024-06-25,19:00:00,1.9074,Tuesday,19,6,Summer,0
10023456783,2024-06-25 20:00:00,2024-06-25,20:00:00,2.2957,Tuesday,20,6,Summer,0
10023456783,2024-06-25 21:00:00,2024-06-25,21:00:00,1.8224,Tuesday,21,6,Summer,0
10023456783,2024-06-25 22:00:00,2024-06-25,22:00:00,1.3340,Tuesday,22,6,Summer,0
10023456783,2024-06-25 23:00:00,2024-06-25,23:00:00,0.8617,Tuesday,23,6,Summer,0
10023456783,2024-06-26 00:00:00,2024-06-26,00:00:00,0.3450,Wednesday,0,6,Summer,0
10023456783,2024-06-26 01:00:00,2024-06-26,01:00:00,0.4067,Wednesday,1,6,Summer,0
10023456783,2024-06-26 02:00:00,2024-06-26,02:00:00,0.4340,Wednesday,2,6,Summer,0
10023456783,2024-06-26 03:00:00,2024-06-26,03:00:00,0.3758,Wednesday,3,6,Summer,0
10023456783,2024-06-26 04:00:00,2024-06-26,04:00:00,0.3657,Wednesday,4,6,Summer,0
10023456783,2024-06-26 05:00:00,2024-06-26,05:00:00,0.5050,Wednesday,5,6,Summer,0
10023456783,2024-06-26 06:00:00,2024-06-26,06:00:00,1.1921,Wednesday,6,6,Summer,0
10023456783,2024-06-26 07:00:00,2024-06-26,07:00:00,1.5285,Wednesday,7,6,Summer,0
10023456783,2024-06-26 08:00:00,2024-06-26,08:00:00,1.4015,Wednesday,8,6,Summer,0
10023456783,2024-06-26 09:00:00,2024-06-26,09:00:00,1.4836,Wednesday,9,6,Summer,0
10023456783,2024-06-26 10:00:00,2024-06-26,10:00:00,0.9385,Wednesday,10,6,Summer,0
10023456783,2024-06-26 11:00:00,2024-06-26,11:00:00,1.0739,Wednesday,11,6,Summer,0
10023456783,2024-06-26 12:00:00,2024-06-26,12:00:00,0.9265,Wednesday,12,6,Summer,0
10023456783,2024-06-26 13:00:00,2024-06-26,13:00:00,1.1101,Wednesday,13,6,Summer,0
10023456783,2024-06-26 14:00:00,2024-06-26,14:00:00,1.1180,Wednesday,14,6,Summer,0
10023456783,2024-06-26 15:00:00,2024-06-26,15:00:00,1.1922,Wednesday,15,6,Summer,0
10023456783,2024-06-26 16:00:00,2024-06-26,16:00:00,1.1759,Wednesday,16,6,Summer,0
10023456783,2024-06-26 17:00:00,2024-06-26,17:00:00,1.5717,Wednesday,17,6,Summer,0
10023456783,2024-06-26 18:00:00,2024-06-26,18:00:00,2.1271,Wednesday,18,6,Summer,0
10023456783,2024-06-26 19:00:00,2024-06-26,19:00:00,2.3409,Wednesday,19,6,Summer,0
10023456783,2024-06-26 20:00:00,2024-06-26,20:00:00,2.2062,Wednesday,20,6,Summer,0
10023456783,2024-06-26 21:00:00,2024-06-26,21:00:00,1.8446,Wednesday,21,6,Summer,0
10023456783,2024-06-26 22:00:00,2024-06-26,22:00:00,1.3518,Wednesday,22,6,Summer,0
10023456783,2024-06-26 23:00:00,2024-06-26,23:00:00,0.8020,Wednesday,23,6,Summer,0
10023456783,2024-06-27 00:00:00,2024-06-27,00:00:00,5.5431,Thursday,0,6,Summer,1
10023456783,2024-06-27 01:00:00,2024-06-27,01:00:00,3.3816,Thursday,1,6,Summer,1
10023456783,2024-06-27 02:00:00,2024-06-27,02:00:00,4.4658,Thursday,2,6,Summer,1
10023456783,2024-06-27 03:00:00,2024-06-27,03:00:00,0.3407,Thursday,3,6,Summer,0
10023456783,2024-06-27 04:00:00,2024-06-27,04:00:00,0.4239,Thursday,4,6,Summer,0
10023456783,2024-06-27 05:00:00,2024-06-27,05:00:00,0.6216,Thursday,5,6,Summer,0
10023456783,2024-06-27 06:00:00,2024-06-27,06:00:00,1.0825,Thursday,6,6,Summer,0
10023456783,2024-06-27 07:00:00,2024-06-27,07:00:00,1.4095,Thursday,7,6,Summer,0
10023456783,2024-06-27 08:00:00,2024-06-27,08:00:00,1.8382,Thursday,8,6,Summer,0
10023456783,2024-06-27 09:00:00,2024-06-27,09:00:00,1.6634,Thursday,9,6,Summer,0
10023456783,2024-06-27 10:00:00,2024-06-27,10:00:00,1.2805,Thursday,10,6,Summer,0
10023456783,2024-06-27 11:00:00,2024-06-27,11:00:00,1.2692,Thursday,11,6,Summer,0
10023456783,2024-06-27 12:00:00,2024-06-27,12:00:00,1.2875,Thursday,12,6,Summer,0
10023456783,2024-06-27 13:00:00,2024-06-27,13:00:00,1.2055,Thursday,13,6,Summer,0
10023456783,2024-06-27 14:00:00,2024-06-27,14:00:00,1.2257,Thursday,14,6,Summer,0
10023456783,2024-06-27 15:00:00,2024-06-27,15:00:00,1.3587,Thursday,15,6,Summer,0
10023456783,2024-06-27 16:00:00,2024-06-27,16:00:00,1.3611,Thursday,16,6,Summer,0
10023456783,2024-06-27 17:00:00,2024-06-27,17:00:00,1.7766,Thursday,17,6,Summer,0
10023456783,2024-06-27 18:00:00,2024-06-27,18:00:00,2.2745,Thursday,18,6,Summer,0
10023456783,2024-06-27 19:00:00,2024-06-27,19:00:00,2.4141,Thursday,19,6,Summer,0
10023456783,2024-06-27 20:00:00,2024-06-27,20:00:00,1.9725,Thursday,20,6,Summer,0
10023456783,2024-06-27 21:00:00,2024-06-27,21:00:00,2.0058,Thursday,21,6,Summer,0
10023456783,2024-06-27 22:00:00,2024-06-27,22:00:00,2.0838,Thursday,22,6,Summer,0
10023456783,2024-06-27 23:00:00,2024-06-27,23:00:00,1.0289,Thursday,23,6,Summer,0
10023456783,2024-06-28 00:00:00,2024-06-28,00:00:00,0.4614,Friday,0,6,Summer,0
10023456783,2024-06-28 01:00:00,2024-06-28,01:00:00,0.4132,Friday,1,6,Summer,0
10023456783,2024-06-28 02:00:00,2024-06-28,02:00:00,0.3765,Friday,2,6,Summer,0
10023456783,2024-06-28 03:00:00,2024-06-28,03:00:00,0.2962,Friday,3,6,Summer,0
10023456783,2024-06-28 04:00:00,2024-06-28,04:00:00,0.3760,Friday,4,6,Summer,0
10023456783,2024-06-28 05:00:00,2024-06-28,05:00:00,0.6668,Friday,5,6,Summer,0
10023456783,2024-06-28 06:00:00,2024-06-28,06:00:00,1.0242,Friday,6,6,Summer,0
10023456783,2024-06-28 07:00:00,2024-06-28,07:00:00,1.2600,Friday,7,6,Summer,0
10023456783,2024-06-28 08:00:00,2024-06-28,08:00:00,1.5521,Friday,8,6,Summer,0
10023456783,2024-06-28 09:00:00,2024-06-28,09:00:00,1.2793,Friday,9,6,Summer,0
10023456783,2024-06-28 10:00:00,2024-06-28,10:00:00,1.0270,Friday,10,6,Summer,0
10023456783,2024-06-28 11:00:00,2024-06-28,11:00:00,1.0145,Friday,11,6,Summer,0
10023456783,2024-06-28 12:00:00,2024-06-28,12:00:00,0.7587,Friday,12,6,Summer,0
10023456783,2024-06-28 13:00:00,2024-06-28,13:00:00,1.0498,Friday,13,6,Summer,0
10023456783,2024-06-28 14:00:00,2024-06-28,14:00:00,1.0693,Friday,14,6,Summer,0
10023456783,2024-06-28 15:00:00,2024-06-28,15:00:00,1.1494,Friday,15,6,Summer,0
10023456783,2024-06-28 16:00:00,2024-06-28,16:00:00,1.2884,Friday,16,6,Summer,0
10023456783,2024-06-28 17:00:00,2024-06-28,17:00:00,0.0730,Friday,17,6,Summer,1
10023456783,2024-06-28 18:00:00,2024-06-28,18:00:00,2.1110,Friday,18,6,Summer,0
10023456783,2024-06-28 19:00:00,2024-06-28,19:00:00,2.4363,Friday,19,6,Summer,0
10023456783,2024-06-28 20:00:00,2024-06-28,20:00:00,2.2289,Friday,20,6,Summer,0
10023456783,2024-06-28 21:00:00,2024-06-28,21:00:00,1.7640,Friday,21,6,Summer,0
10023456783,2024-06-28 22:00:00,2024-06-28,22:00:00,1.2409,Friday,22,6,Summer,0
10023456783,2024-06-28 23:00:00,2024-06-28,23:00:00,0.7323,Friday,23,6,Summer,0
10023456783,2024-06-29 00:00:00,2024-06-29,00:00:00,0.5014,Saturday,0,6,Summer,0
10023456783,2024-06-29 01:00:00,2024-06-29,01:00:00,0.4657,Saturday,1,6,Summer,0
10023456783,2024-06-29 02:00:00,2024-06-29,02:00:00,0.4366,Saturday,2,6,Summer,0
10023456783,2024-06-29 03:00:00,2024-06-29,03:00:00,0.3438,Saturday,3,6,Summer,0
10023456783,2024-06-29 04:00:00,2024-06-29,04:00:00,1.6671,Saturday,4,6,Summer,1
10023456783,2024-06-29 05:00:00,2024-06-29,05:00:00,0.5702,Saturday,5,6,Summer,0
10023456783,2024-06-29 06:00:00,2024-06-29,06:00:00,0.9206,Saturday,6,6,Summer,0
10023456783,2024-06-29 07:00:00,2024-06-29,07:00:00,1.1166,Saturday,7,6,Summer,0
10023456783,2024-06-29 08:00:00,2024-06-29,08:00:00,1.5072,Saturday,8,6,Summer,0
10023456783,2024-06-29 09:00:00,2024-06-29,09:00:00,1.7107,Saturday,9,6,Summer,0
10023456783,2024-06-29 10:00:00,2024-06-29,10:00:00,1.7045,Saturday,10,6,Summer,0
10023456783,2024-06-29 11:00:00,2024-06-29,11:00:00,1.2593,Saturday,11,6,Summer,0
10023456783,2024-06-29 12:00:00,2024-06-29,12:00:00,1.3639,Saturday,12,6,Summer,0
10023456783,2024-06-29 13:00:00,2024-06-29,13:00:00,1.3718,Saturday,13,6,Summer,0
10023456783,2024-06-29 14:00:00,2024-06-29,14:00:00,1.2609,Saturday,14,6,Summer,0
10023456783,2024-06-29 15:00:00,2024-06-29,15:00:00,1.3897,Saturday,15,6,Summer,0
10023456783,2024-06-29 16:00:00,2024-06-29,16:00:00,1.6823,Saturday,16,6,Summer,0
10023456783,2024-06-29 17:00:00,2024-06-29,17:00:00,2.0468,Saturday,17,6,Summer,0
10023456783,2024-06-29 18:00:00,2024-06-29,18:00:00,2.1463,Saturday,18,6,Summer,0
10023456783,2024-06-29 19:00:00,2024-06-29,19:00:00,2.2634,Saturday,19,6,Summer,0
10023456783,2024-06-29 20:00:00,2024-06-29,20:00:00,2.4789,Saturday,20,6,Summer,0
10023456783,2024-06-29 21:00:00,2024-06-29,21:00:00,1.9087,Saturday,21,6,Summer,0
10023456783,2024-06-29 22:00:00,2024-06-29,22:00:00,1.5452,Saturday,22,6,Summer,0
10023456783,2024-06-29 23:00:00,2024-06-29,23:00:00,0.9469,Saturday,23,6,Summer,0
10023456783,2024-06-30 00:00:00,2024-06-30,00:00:00,0.5402,Sunday,0,6,Summer,0
10023456783,2024-06-30 01:00:00,2024-06-30,01:00:00,0.3977,Sunday,1,6,Summer,0
10023456783,2024-06-30 02:00:00,2024-06-30,02:00:00,1.5280,Sunday,2,6,Summer,1
10023456783,2024-06-30 03:00:00,2024-06-30,03:00:00,0.3716,Sunday,3,6,Summer,0
10023456783,2024-06-30 04:00:00,2024-06-30,04:00:00,0.5706,Sunday,4,6,Summer,0
10023456783,2024-06-30 05:00:00,2024-06-30,05:00:00,0.6122,Sunday,5,6,Summer,0
10023456783,2024-06-30 06:00:00,2024-06-30,06:00:00,0.8710,Sunday,6,6,Summer,0
10023456783,2024-06-30 07:00:00,2024-06-30,07:00:00,1.3639,Sunday,7,6,Summer,0
10023456783,2024-06-30 08:00:00,2024-06-30,08:00:00,1.9168,Sunday,8,6,Summer,0
10023456783,2024-06-30 09:00:00,2024-06-30,09:00:00,2.2417,Sunday,9,6,Summer,0
10023456783,2024-06-30 10:00:00,2024-06-30,10:00:00,1.9988,Sunday,10,6,Summer,0
10023456783,2024-06-30 11:00:00,2024-06-30,11:00:00,1.2443,Sunday,11,6,Summer,0
10023456783,2024-06-30 12:00:00,2024-06-30,12:00:00,1.5604,Sunday,12,6,Summer,0
10023456783,2024-06-30 13:00:00,2024-06-30,13:00:00,1.6740,Sunday,13,6,Summer,0
10023456783,2024-06-30 14:00:00,2024-06-30,14:00:00,1.7125,Sunday,14,6,Summer,0
10023456783,2024-06-30 15:00:00,2024-06-30,15:00:00,1.4658,Sunday,15,6,Summer,0
10023456783,2024-06-30 16:00:00,2024-06-30,16:00:00,1.5499,Sunday,16,6,Summer,0
10023456783,2024-06-30 17:00:00,2024-06-30,17:00:00,1.9101,Sunday,17,6,Summer,0
10023456783,2024-06-30 18:00:00,2024-06-30,18:00:00,2.3044,Sunday,18,6,Summer,0
10023456783,2024-06-30 19:00:00,2024-06-30,19:00:00,2.4532,Sunday,19,6,Summer,0
10023456783,2024-06-30 20:00:00,2024-06-30,20:00:00,2.5366,Sunday,20,6,Summer,0
10023456783,2024-06-30 21:00:00,2024-06-30,21:00:00,2.3974,Sunday,21,6,Summer,0
10023456783,2024-06-30 22:00:00,2024-06-30,22:00:00,1.8417,Sunday,22,6,Summer,0
10023456783,2024-06-30 23:00:00,2024-06-30,23:00:00,1.2168,Sunday,23,6,Summer,0
10023456783,2024-07-01 00:00:00,2024-07-01,00:00:00,0.4655,Monday,0,7,Summer,0
10023456783,2024-07-01 01:00:00,2024-07-01,01:00:00,0.3671,Monday,1,7,Summer,0
10023456783,2024-07-01 02:00:00,2024-07-01,02:00:00,0.4119,Monday,2,7,Summer,0
10023456783,2024-07-01 03:00:00,2024-07-01,03:00:00,0.3273,Monday,3,7,Summer,0
10023456783,2024-07-01 04:00:00,2024-07-01,04:00:00,0.4179,Monday,4,7,Summer,0
10023456783,2024-07-01 05:00:00,2024-07-01,05:00:00,0.6488,Monday,5,7,Summer,0
10023456783,2024-07-01 06:00:00,2024-07-01,06:00:00,0.9287,Monday,6,7,Summer,0
10023456783,2024-07-01 07:00:00,2024-07-01,07:00:00,1.5425,Monday,7,7,Summer,0
10023456783,2024-07-01 08:00:00,2024-07-01,08:00:00,1.3570,Monday,8,7,Summer,0
10023456783,2024-07-01 09:00:00,2024-07-01,09:00:00,1.2313,Monday,9,7,Summer,0
10023456783,2024-07-01 10:00:00,2024-07-01,10:00:00,0.9999,Monday,10,7,Summer,0
10023456783,2024-07-01 11:00:00,2024-07-01,11:00:00,0.8971,Monday,11,7,Summer,0
10023456783,2024-07-01 12:00:00,2024-07-01,12:00:00,0.9463,Monday,12,7,Summer,0
10023456783,2024-07-01 13:00:00,2024-07-01,13:00:00,1.0859,Monday,13,7,Summer,0
10023456783,2024-07-01 14:00:00,2024-07-01,14:00:00,1.0645,Monday,14,7,Summer,0
10023456783,2024-07-01 15:00:00,2024-07-01,15:00:00,1.2951,Monday,15,7,Summer,0
10023456783,2024-07-01 16:00:00,2024-07-01,16:00:00,1.4562,Monday,16,7,Summer,0
10023456783,2024-07-01 17:00:00,2024-07-01,17:00:00,1.5797,Monday,17,7,Summer,0
10023456783,2024-07-01 18:00:00,2024-07-01,18:00:00,2.1279,Monday,18,7,Summer,0
10023456783,2024-07-01 19:00:00,2024-07-01,19:00:00,2.1195,Monday,19,7,Summer,0
10023456783,2024-07-01 20:00:00,2024-07-01,20:00:00,2.4633,Monday,20,7,Summer,0
10023456783,2024-07-01 21:00:00,2024-07-01,21:00:00,1.8078,Monday,21,7,Summer,0
10023456783,2024-07-01 22:00:00,2024-07-01,22:00:00,1.4361,Monday,22,7,Summer,0
10023456783,2024-07-01 23:00:00,2024-07-01,23:00:00,0.6901,Monday,23,7,Summer,0
10023456783,2024-07-02 00:00:00,2024-07-02,00:00:00,0.3959,Tuesday,0,7,Summer,0
10023456783,2024-07-02 01:00:00,2024-07-02,01:00:00,0.4906,Tuesday,1,7,Summer,0
10023456783,2024-07-02 02:00:00,2024-07-02,02:00:00,0.3649,Tuesday,2,7,Summer,0
10023456783,2024-07-02 03:00:00,2024-07-02,03:00:00,0.3745,Tuesday,3,7,Summer,0
10023456783,2024-07-02 04:00:00,2024-07-02,04:00:00,0.5652,Tuesday,4,7,Summer,0
10023456783,2024-07-02 05:00:00,2024-07-02,05:00:00,0.6266,Tuesday,5,7,Summer,0
10023456783,2024-07-02 06:00:00,2024-07-02,06:00:00,0.9600,Tuesday,6,7,Summer,0
10023456783,2024-07-02 07:00:00,2024-07-02,07:00:00,1.2979,Tuesday,7,7,Summer,0
10023456783,2024-07-02 08:00:00,2024-07-02,08:00:00,1.5811,Tuesday,8,7,Summer,0
10023456783,2024-07-02 09:00:00,2024-07-02,09:00:00,1.4996,Tuesday,9,7,Summer,0
10023456783,2024-07-02 10:00:00,2024-07-02,10:00:00,1.1858,Tuesday,10,7,Summer,0
10023456783,2024-07-02 11:00:00,2024-07-02,11:00:00,1.0987,Tuesday,11,7,Summer,0
10023456783,2024-07-02 12:00:00,2024-07-02,12:00:00,0.9888,Tuesday,12,7,Summer,0
10023456783,2024-07-02 13:00:00,2024-07-02,13:00:00,1.3387,Tuesday,13,7,Summer,0
10023456783,2024-07-02 14:00:00,2024-07-02,14:00:00,0.9790,Tuesday,14,7,Summer,0
10023456783,2024-07-02 15:00:00,2024-07-02,15:00:00,1.1004,Tuesday,15,7,Summer,0
10023456783,2024-07-02 16:00:00,2024-07-02,16:00:00,1.5776,Tuesday,16,7,Summer,0
10023456783,2024-07-02 17:00:00,2024-07-02,17:00:00,1.8878,Tuesday,17,7,Summer,0
10023456783,2024-07-02 18:00:00,2024-07-02,18:00:00,1.8121,Tuesday,18,7,Summer,0
10023456783,2024-07-02 19:00:00,2024-07-02,19:00:00,2.3453,Tuesday,19,7,Summer,0
10023456783,2024-07-02 20:00:00,2024-07-02,20:00:00,2.1646,Tuesday,20,7,Summer,0
10023456783,2024-07-02 21:00:00,2024-07-02,21:00:00,1.6878,Tuesday,21,7,Summer,0
10023456783,2024-07-02 22:00:00,2024-07-02,22:00:00,1.3430,Tuesday,22,7,Summer,0
10023456783,2024-07-02 23:00:00,2024-07-02,23:00:00,0.9209,Tuesday,23,7,Summer,0
10023456783,2024-07-03 00:00:00,2024-07-03,00:00:00,3.6533,Wednesday,0,7,Summer,1
10023456783,2024-07-03 01:00:00,2024-07-03,01:00:00,4.0719,Wednesday,1,7,Summer,1
10023456783,2024-07-03 02:00:00,2024-07-03,02:00:00,3.3561,Wednesday,2,7,Summer,1
10023456783,2024-07-03 03:00:00,2024-07-03,03:00:00,0.3201,Wednesday,3,7,Summer,0
10023456783,2024-07-03 04:00:00,2024-07-03,04:00:00,0.4376,Wednesday,4,7,Summer,0
10023456783,2024-07-03 05:00:00,2024-07-03,05:00:00,0.4553,Wednesday,5,7,Summer,0
10023456783,2024-07-03 06:00:00,2024-07-03,06:00:00,0.9970,Wednesday,6,7,Summer,0
10023456783,2024-07-03 07:00:00,2024-07-03,07:00:00,1.6089,Wednesday,7,7,Summer,0
10023456783,2024-07-03 08:00:00,2024-07-03,08:00:00,1.5678,Wednesday,8,7,Summer,0
10023456783,2024-07-03 09:00:00,2024-07-03,09:00:00,1.4027,Wednesday,9,7,Summer,0
10023456783,2024-07-03 10:00:00,2024-07-03,10:00:00,1.1064,Wednesday,10,7,Summer,0
10023456783,2024-07-03 11:00:00,2024-07-03,11:00:00,0.9933,Wednesday,11,7,Summer,0
10023456783,2024-07-03 12:00:00,2024-07-03,12:00:00,0.8478,Wednesday,12,7,Summer,0
10023456783,2024-07-03 13:00:00,2024-07-03,13:00:00,1.1058,Wednesday,13,7,Summer,0
10023456783,2024-07-03 14:00:00,2024-07-03,14:00:00,1.0440,Wednesday,14,7,Summer,0
10023456783,2024-07-03 15:00:00,2024-07-03,15:00:00,1.2058,Wednesday,15,7,Summer,0
10023456783,2024-07-03 16:00:00,2024-07-03,16:00:00,1.0686,Wednesday,16,7,Summer,0
10023456783,2024-07-03 17:00:00,2024-07-03,17:00:00,1.2683,Wednesday,17,7,Summer,0
10023456783,2024-07-03 18:00:00,2024-07-03,18:00:00,2.1285,Wednesday,18,7,Summer,0
10023456783,2024-07-03 19:00:00,2024-07-03,19:00:00,2.1290,Wednesday,19,7,Summer,0
10023456783,2024-07-03 20:00:00,2024-07-03,20:00:00,2.8256,Wednesday,20,7,Summer,0
10023456783,2024-07-03 21:00:00,2024-07-03,21:00:00,1.9483,Wednesday,21,7,Summer,0
10023456783,2024-07-03 22:00:00,2024-07-03,22:00:00,1.2839,Wednesday,22,7,Summer,0
10023456783,2024-07-03 23:00:00,2024-07-03,23:00:00,0.7403,Wednesday,23,7,Summer,0
10023456783,2024-07-04 00:00:00,2024-07-04,00:00:00,0.4799,Thursday,0,7,Summer,0
10023456783,2024-07-04 01:00:00,2024-07-04,01:00:00,3.6620,Thursday,1,7,Summer,1
10023456783,2024-07-04 02:00:00,2024-07-04,02:00:00,0.3691,Thursday,2,7,Summer,0
10023456783,2024-07-04 03:00:00,2024-07-04,03:00:00,0.3678,Thursday,3,7,Summer,0
10023456783,2024-07-04 04:00:00,2024-07-04,04:00:00,0.5496,Thursday,4,7,Summer,0
10023456783,2024-07-04 05:00:00,2024-07-04,05:00:00,0.5784,Thursday,5,7,Summer,0
10023456783,2024-07-04 06:00:00,2024-07-04,06:00:00,1.0110,Thursday,6,7,Summer,0
10023456783,2024-07-04 07:00:00,2024-07-04,07:00:00,1.3132,Thursday,7,7,Summer,0
10023456783,2024-07-04 08:00:00,2024-07-04,08:00:00,1.5990,Thursday,8,7,Summer,0
10023456783,2024-07-04 09:00:00,2024-07-04,09:00:00,1.3973,Thursday,9,7,Summer,0
10023456783,2024-07-04 10:00:00,2024-07-04,10:00:00,0.8943,Thursday,10,7,Summer,0
10023456783,2024-07-04 11:00:00,2024-07-04,11:00:00,1.0443,Thursday,11,7,Summer,0
10023456783,2024-07-04 12:00:00,2024-07-04,12:00:00,0.9550,Thursday,12,7,Summer,0
10023456783,2024-07-04 13:00:00,2024-07-04,13:00:00,1.1973,Thursday,13,7,Summer,0
10023456783,2024-07-04 14:00:00,2024-07-04,14:00:00,1.0019,Thursday,14,7,Summer,0
10023456783,2024-07-04 15:00:00,2024-07-04,15:00:00,1.0041,Thursday,15,7,Summer,0
10023456783,2024-07-04 16:00:00,2024-07-04,16:00:00,1.1630,Thursday,16,7,Summer,0
10023456783,2024-07-04 17:00:00,2024-07-04,17:00:00,1.5641,Thursday,17,7,Summer,0
10023456783,2024-07-04 18:00:00,2024-07-04,18:00:00,2.1290,Thursday,18,7,Summer,0
10023456783,2024-07-04 19:00:00,2024-07-04,19:00:00,1.9067,Thursday,19,7,Summer,0
10023456783,2024-07-04 20:00:00,2024-07-04,20:00:00,1.9873,Thursday,20,7,Summer,0
10023456783,2024-07-04 21:00:00,2024-07-04,21:00:00,1.5228,Thursday,21,7,Summer,0
10023456783,2024-07-04 22:00:00,2024-07-04,22:00:00,1.1375,Thursday,22,7,Summer,0
10023456783,2024-07-04 23:00:00,2024-07-04,23:00:00,0.8340,Thursday,23,7,Summer,0
10023456783,2024-07-05 00:00:00,2024-07-05,00:00:00,0.3982,Friday,0,7,Summer,0
10023456783,2024-07-05 01:00:00,2024-07-05,01:00:00,0.4751,Friday,1,7,Summer,0
10023456783,2024-07-05 02:00:00,2024-07-05,02:00:00,0.4978,Friday,2,7,Summer,0
10023456783,2024-07-05 03:00:00,2024-07-05,03:00:00,0.4305,Friday,3,7,Summer,0
10023456783,2024-07-05 04:00:00,2024-07-05,04:00:00,0.5351,Friday,4,7,Summer,0
10023456783,2024-07-05 05:00:00,2024-07-05,05:00:00,0.6327,Friday,5,7,Summer,0
10023456783,2024-07-05 06:00:00,2024-07-05,06:00:00,1.2567,Friday,6,7,Summer,0
10023456783,2024-07-05 07:00:00,2024-07-05,07:00:00,1.7504,Friday,7,7,Summer,0
10023456783,2024-07-05 08:00:00,2024-07-05,08:00:00,1.7959,Friday,8,7,Summer,0
10023456783,2024-07-05 09:00:00,2024-07-05,09:00:00,1.5477,Friday,9,7,Summer,0
10023456783,2024-07-05 10:00:00,2024-07-05,10:00:00,1.2563,Friday,10,7,Summer,0
10023456783,2024-07-05 11:00:00,2024-07-05,11:00:00,1.2559,Friday,11,7,Summer,0
10023456783,2024-07-05 12:00:00,2024-07-05,12:00:00,1.1415,Friday,12,7,Summer,0
10023456783,2024-07-05 13:00:00,2024-07-05,13:00:00,1.2599,Friday,13,7,Summer,0
10023456783,2024-07-05 14:00:00,2024-07-05,14:00:00,1.2955,Friday,14,7,Summer,0
10023456783,2024-07-05 15:00:00,2024-07-05,15:00:00,1.4417,Friday,15,7,Summer,0
10023456783,2024-07-05 16:00:00,2024-07-05,16:00:00,1.5262,Friday,16,7,Summer,0
10023456783,2024-07-05 17:00:00,2024-07-05,17:00:00,1.6474,Friday,17,7,Summer,0
10023456783,2024-07-05 18:00:00,2024-07-05,18:00:00,2.1791,Friday,18,7,Summer,0
10023456783,2024-07-05 19:00:00,2024-07-05,19:00:00,2.4642,Friday,19,7,Summer,0
10023456783,2024-07-05 20:00:00,2024-07-05,20:00:00,2.9689,Friday,20,7,Summer,0
10023456783,2024-07-05 21:00:00,2024-07-05,21:00:00,2.1399,Friday,21,7,Summer,0
10023456783,2024-07-05 22:00:00,2024-07-05,22:00:00,1.5109,Friday,22,7,Summer,0
10023456783,2024-07-05 23:00:00,2024-07-05,23:00:00,1.0775,Friday,23,7,Summer,0
10023456783,2024-07-06 00:00:00,2024-07-06,00:00:00,0.5490,Saturday,0,7,Summer,0
10023456783,2024-07-06 01:00:00,2024-07-06,01:00:00,0.4809,Saturday,1,7,Summer,0
10023456783,2024-07-06 02:00:00,2024-07-06,02:00:00,4.7180,Saturday,2,7,Summer,1
10023456783,2024-07-06 03:00:00,2024-07-06,03:00:00,0.4401,Saturday,3,7,Summer,0
10023456783,2024-07-06 04:00:00,2024-07-06,04:00:00,0.4929,Saturday,4,7,Summer,0
10023456783,2024-07-06 05:00:00,2024-07-06,05:00:00,0.6266,Saturday,5,7,Summer,0
10023456783,2024-07-06 06:00:00,2024-07-06,06:00:00,0.7574,Saturday,6,7,Summer,0
10023456783,2024-07-06 07:00:00,2024-07-06,07:00:00,1.3795,Saturday,7,7,Summer,0
10023456783,2024-07-06 08:00:00,2024-07-06,08:00:00,1.6626,Saturday,8,7,Summer,0
10023456783,2024-07-06 09:00:00,2024-07-06,09:00:00,1.5944,Saturday,9,7,Summer,0
10023456783,2024-07-06 10:00:00,2024-07-06,10:00:00,1.8635,Saturday,10,7,Summer,0
10023456783,2024-07-06 11:00:00,2024-07-06,11:00:00,1.6321,Saturday,11,7,Summer,0
10023456783,2024-07-06 12:00:00,2024-07-06,12:00:00,1.3014,Saturday,12,7,Summer,0
10023456783,2024-07-06 13:00:00,2024-07-06,13:00:00,1.8537,Saturday,13,7,Summer,0
10023456783,2024-07-06 14:00:00,2024-07-06,14:00:00,1.4060,Saturday,14,7,Summer,0
10023456783,2024-07-06 15:00:00,2024-07-06,15:00:00,1.4359,Saturday,15,7,Summer,0
10023456783,2024-07-06 16:00:00,2024-07-06,16:00:00,1.7265,Saturday,16,7,Summer,0
10023456783,2024-07-06 17:00:00,2024-07-06,17:00:00,1.9618,Saturday,17,7,Summer,0
10023456783,2024-07-06 18:00:00,2024-07-06,18:00:00,2.3800,Saturday,18,7,Summer,0
10023456783,2024-07-06 19:00:00,2024-07-06,19:00:00,2.4129,Saturday,19,7,Summer,0
10023456783,2024-07-06 20:00:00,2024-07-06,20:00:00,2.5547,Saturday,20,7,Summer,0
10023456783,2024-07-06 21:00:00,2024-07-06,21:00:00,1.9104,Saturday,21,7,Summer,0
10023456783,2024-07-06 22:00:00,2024-07-06,22:00:00,1.7546,Saturday,22,7,Summer,0
10023456783,2024-07-06 23:00:00,2024-07-06,23:00:00,1.2953,Saturday,23,7,Summer,0
10023456783,2024-07-07 00:00:00,2024-07-07,00:00:00,0.6642,Sunday,0,7,Summer,0
10023456783,2024-07-07 01:00:00,2024-07-07,01:00:00,0.4775,Sunday,1,7,Summer,0
10023456783,2024-07-07 02:00:00,2024-07-07,02:00:00,0.4027,Sunday,2,7,Summer,0
10023456783,2024-07-07 03:00:00,2024-07-07,03:00:00,0.3755,Sunday,3,7,Summer,0
10023456783,2024-07-07 04:00:00,2024-07-07,04:00:00,0.3802,Sunday,4,7,Summer,0
10023456783,2024-07-07 05:00:00,2024-07-07,05:00:00,0.5867,Sunday,5,7,Summer,0
10023456783,2024-07-07 06:00:00,2024-07-07,06:00:00,0.7211,Sunday,6,7,Summer,0
10023456783,2024-07-07 07:00:00,2024-07-07,07:00:00,1.2091,Sunday,7,7,Summer,0
10023456783,2024-07-07 08:00:00,2024-07-07,08:00:00,1.9403,Sunday,8,7,Summer,0
10023456783,2024-07-07 09:00:00,2024-07-07,09:00:00,1.9016,Sunday,9,7,Summer,0
10023456783,2024-07-07 10:00:00,2024-07-07,10:00:00,5.5144,Sunday,10,7,Summer,1
10023456783,2024-07-07 11:00:00,2024-07-07,11:00:00,6.6385,Sunday,11,7,Summer,1
10023456783,2024-07-07 12:00:00,2024-07-07,12:00:00,1.7208,Sunday,12,7,Summer,0
10023456783,2024-07-07 13:00:00,2024-07-07,13:00:00,1.5475,Sunday,13,7,Summer,0
10023456783,2024-07-07 14:00:00,2024-07-07,14:00:00,1.5417,Sunday,14,7,Summer,0
10023456783,2024-07-07 15:00:00,2024-07-07,15:00:00,1.3725,Sunday,15,7,Summer,0
10023456783,2024-07-07 16:00:00,2024-07-07,16:00:00,1.6139,Sunday,16,7,Summer,0
10023456783,2024-07-07 17:00:00,2024-07-07,17:00:00,1.9927,Sunday,17,7,Summer,0
10023456783,2024-07-07 18:00:00,2024-07-07,18:00:00,2.5774,Sunday,18,7,Summer,0
10023456783,2024-07-07 19:00:00,2024-07-07,19:00:00,2.5607,Sunday,19,7,Summer,0
10023456783,2024-07-07 20:00:00,2024-07-07,20:00:00,2.8044,Sunday,20,7,Summer,0
10023456783,2024-07-07 21:00:00,2024-07-07,21:00:00,2.6048,Sunday,21,7,Summer,0
10023456783,2024-07-07 22:00:00,2024-07-07,22:00:00,1.8281,Sunday,22,7,Summer,0
10023456783,2024-07-07 23:00:00,2024-07-07,23:00:00,1.2196,Sunday,23,7,Summer,0
10023456783,2024-07-08 00:00:00,2024-07-08,00:00:00,0.5623,Monday,0,7,Summer,0
10023456783,2024-07-08 01:00:00,2024-07-08,01:00:00,0.4208,Monday,1,7,Summer,0
10023456783,2024-07-08 02:00:00,2024-07-08,02:00:00,0.4619,Monday,2,7,Summer,0
10023456783,2024-07-08 03:00:00,2024-07-08,03:00:00,0.3588,Monday,3,7,Summer,0
10023456783,2024-07-08 04:00:00,2024-07-08,04:00:00,0.4997,Monday,4,7,Summer,0
10023456783,2024-07-08 05:00:00,2024-07-08,05:00:00,0.6722,Monday,5,7,Summer,0
10023456783,2024-07-08 06:00:00,2024-07-08,06:00:00,1.1482,Monday,6,7,Summer,0
10023456783,2024-07-08 07:00:00,2024-07-08,07:00:00,1.6125,Monday,7,7,Summer,0
10023456783,2024-07-08 08:00:00,2024-07-08,08:00:00,1.5936,Monday,8,7,Summer,0
10023456783,2024-07-08 09:00:00,2024-07-08,09:00:00,1.5710,Monday,9,7,Summer,0
10023456783,2024-07-08 10:00:00,2024-07-08,10:00:00,1.1647,Monday,10,7,Summer,0
10023456783,2024-07-08 11:00:00,2024-07-08,11:00:00,1.0231,Monday,11,7,Summer,0
10023456783,2024-07-08 12:00:00,2024-07-08,12:00:00,1.4603,Monday,12,7,Summer,0
10023456783,2024-07-08 13:00:00,2024-07-08,13:00:00,1.4211,Monday,13,7,Summer,0
10023456783,2024-07-08 14:00:00,2024-07-08,14:00:00,1.1105,Monday,14,7,Summer,0
10023456783,2024-07-08 15:00:00,2024-07-08,15:00:00,1.1225,Monday,15,7,Summer,0
10023456783,2024-07-08 16:00:00,2024-07-08,16:00:00,1.5690,Monday,16,7,Summer,0
10023456783,2024-07-08 17:00:00,2024-07-08,17:00:00,1.6234,Monday,17,7,Summer,0
10023456783,2024-07-08 18:00:00,2024-07-08,18:00:00,2.5699,Monday,18,7,Summer,0
10023456783,2024-07-08 19:00:00,2024-07-08,19:00:00,2.3966,Monday,19,7,Summer,0
10023456783,2024-07-08 20:00:00,2024-07-08,20:00:00,2.4819,Monday,20,7,Summer,0
10023456783,2024-07-08 21:00:00,2024-07-08,21:00:00,2.2368,Monday,21,7,Summer,0
10023456783,2024-07-08 22:00:00,2024-07-08,22:00:00,1.6751,Monday,22,7,Summer,0
10023456783,2024-07-08 23:00:00,2024-07-08,23:00:00,0.9864,Monday,23,7,Summer,0
10023456783,2024-07-09 00:00:00,2024-07-09,00:00:00,0.6899,Tuesday,0,7,Summer,0
10023456783,2024-07-09 01:00:00,2024-07-09,01:00:00,0.4569,Tuesday,1,7,Summer,0
10023456783,2024-07-09 02:00:00,2024-07-09,02:00:00,0.4486,Tuesday,2,7,Summer,0
10023456783,2024-07-09 03:00:00,2024-07-09,03:00:00,0.4198,Tuesday,3,7,Summer,0
10023456783,2024-07-09 04:00:00,2024-07-09,04:00:00,0.4661,Tuesday,4,7,Summer,0
10023456783,2024-07-09 05:00:00,2024-07-09,05:00:00,0.7373,Tuesday,5,7,Summer,0
10023456783,2024-07-09 06:00:00,2024-07-09,06:00:00,1.1531,Tuesday,6,7,Summer,0
10023456783,2024-07-09 07:00:00,2024-07-09,07:00:00,1.4087,Tuesday,7,7,Summer,0
10023456783,2024-07-09 08:00:00,2024-07-09,08:00:00,1.7254,Tuesday,8,7,Summer,0
10023456783,2024-07-09 09:00:00,2024-07-09,09:00:00,1.7460,Tuesday,9,7,Summer,0
10023456783,2024-07-09 10:00:00,2024-07-09,10:00:00,1.3188,Tuesday,10,7,Summer,0
10023456783,2024-07-09 11:00:00,2024-07-09,11:00:00,1.0851,Tuesday,11,7,Summer,0
10023456783,2024-07-09 12:00:00,2024-07-09,12:00:00,1.1815,Tuesday,12,7,Summer,0
10023456783,2024-07-09 13:00:00,2024-07-09,13:00:00,1.2096,Tuesday,13,7,Summer,0
10023456783,2024-07-09 14:00:00,2024-07-09,14:00:00,1.2972,Tuesday,14,7,Summer,0
10023456783,2024-07-09 15:00:00,2024-07-09,15:00:00,1.3349,Tuesday,15,7,Summer,0
10023456783,2024-07-09 16:00:00,2024-07-09,16:00:00,1.3063,Tuesday,16,7,Summer,0
10023456783,2024-07-09 17:00:00,2024-07-09,17:00:00,1.8611,Tuesday,17,7,Summer,0
10023456783,2024-07-09 18:00:00,2024-07-09,18:00:00,1.9458,Tuesday,18,7,Summer,0
10023456783,2024-07-09 19:00:00,2024-07-09,19:00:00,2.8120,Tuesday,19,7,Summer,0
10023456783,2024-07-09 20:00:00,2024-07-09,20:00:00,2.4941,Tuesday,20,7,Summer,0
10023456783,2024-07-09 21:00:00,2024-07-09,21:00:00,2.1983,Tuesday,21,7,Summer,0
10023456783,2024-07-09 22:00:00,2024-07-09,22:00:00,1.8394,Tuesday,22,7,Summer,0
10023456783,2024-07-09 23:00:00,2024-07-09,23:00:00,0.8647,Tuesday,23,7,Summer,0
10023456783,2024-07-10 00:00:00,2024-07-10,00:00:00,0.4615,Wednesday,0,7,Summer,0
10023456783,2024-07-10 01:00:00,2024-07-10,01:00:00,0.4883,Wednesday,1,7,Summer,0
10023456783,2024-07-10 02:00:00,2024-07-10,02:00:00,0.4037,Wednesday,2,7,Summer,0
10023456783,2024-07-10 03:00:00,2024-07-10,03:00:00,0.5343,Wednesday,3,7,Summer,0
10023456783,2024-07-10 04:00:00,2024-07-10,04:00:00,0.3823,Wednesday,4,7,Summer,0
10023456783,2024-07-10 05:00:00,2024-07-10,05:00:00,0.6039,Wednesday,5,7,Summer,0
10023456783,2024-07-10 06:00:00,2024-07-10,06:00:00,1.4784,Wednesday,6,7,Summer,0
10023456783,2024-07-10 07:00:00,2024-07-10,07:00:00,1.5600,Wednesday,7,7,Summer,0
10023456783,2024-07-10 08:00:00,2024-07-10,08:00:00,2.1175,Wednesday,8,7,Summer,0
10023456783,2024-07-10 09:00:00,2024-07-10,09:00:00,1.7737,Wednesday,9,7,Summer,0
10023456783,2024-07-10 10:00:00,2024-07-10,10:00:00,1.3339,Wednesday,10,7,Summer,0
10023456783,2024-07-10 11:00:00,2024-07-10,11:00:00,1.2338,Wednesday,11,7,Summer,0
10023456783,2024-07-10 12:00:00,2024-07-10,12:00:00,1.2474,Wednesday,12,7,Summer,0
10023456783,2024-07-10 13:00:00,2024-07-10,13:00:00,1.4078,Wednesday,13,7,Summer,0
10023456783,2024-07-10 14:00:00,2024-07-10,14:00:00,1.1376,Wednesday,14,7,Summer,0
10023456783,2024-07-10 15:00:00,2024-07-10,15:00:00,1.1386,Wednesday,15,7,Summer,0
10023456783,2024-07-10 16:00:00,2024-07-10,16:00:00,1.4955,Wednesday,16,7,Summer,0
10023456783,2024-07-10 17:00:00,2024-07-10,17:00:00,1.8921,Wednesday,17,7,Summer,0
10023456783,2024-07-10 18:00:00,2024-07-10,18:00:00,2.6870,Wednesday,18,7,Summer,0
10023456783,2024-07-10 19:00:00,2024-07-10,19:00:00,2.7387,Wednesday,19,7,Summer,0
10023456783,2024-07-10 20:00:00,2024-07-10,20:00:00,2.5869,Wednesday,20,7,Summer,0
10023456783,2024-07-10 21:00:00,2024-07-10,21:00:00,2.5152,Wednesday,21,7,Summer,0
10023456783,2024-07-10 22:00:00,2024-07-10,22:00:00,1.9122,Wednesday,22,7,Summer,0
10023456783,2024-07-10 23:00:00,2024-07-10,23:00:00,1.1146,Wednesday,23,7,Summer,0
10023456783,2024-07-11 00:00:00,2024-07-11,00:00:00,0.5016,Thursday,0,7,Summer,0
10023456783,2024-07-11 01:00:00,2024-07-11,01:00:00,0.5301,Thursday,1,7,Summer,0
10023456783,2024-07-11 02:00:00,2024-07-11,02:00:00,0.4457,Thursday,2,7,Summer,0
10023456783,2024-07-11 03:00:00,2024-07-11,03:00:00,0.4828,Thursday,3,7,Summer,0
10023456783,2024-07-11 04:00:00,2024-07-11,04:00:00,0.4869,Thursday,4,7,Summer,0
10023456783,2024-07-11 05:00:00,2024-07-11,05:00:00,0.8133,Thursday,5,7,Summer,0
10023456783,2024-07-11 06:00:00,2024-07-11,06:00:00,1.1701,Thursday,6,7,Summer,0
10023456783,2024-07-11 07:00:00,2024-07-11,07:00:00,1.6464,Thursday,7,7,Summer,0
10023456783,2024-07-11 08:00:00,2024-07-11,08:00:00,1.8823,Thursday,8,7,Summer,0
10023456783,2024-07-11 09:00:00,2024-07-11,09:00:00,1.6385,Thursday,9,7,Summer,0
10023456783,2024-07-11 10:00:00,2024-07-11,10:00:00,1.3895,Thursday,10,7,Summer,0
10023456783,2024-07-11 11:00:00,2024-07-11,11:00:00,0.9229,Thursday,11,7,Summer,0
10023456783,2024-07-11 12:00:00,2024-07-11,12:00:00,1.2024,Thursday,12,7,Summer,0
10023456783,2024-07-11 13:00:00,2024-07-11,13:00:00,1.3238,Thursday,13,7,Summer,0
10023456783,2024-07-11 14:00:00,2024-07-11,14:00:00,1.3872,Thursday,14,7,Summer,0
10023456783,2024-07-11 15:00:00,2024-07-11,15:00:00,1.1182,Thursday,15,7,Summer,0
10023456783,2024-07-11 16:00:00,2024-07-11,16:00:00,1.6285,Thursday,16,7,Summer,0
10023456783,2024-07-11 17:00:00,2024-07-11,17:00:00,1.8287,Thursday,17,7,Summer,0
10023456783,2024-07-11 18:00:00,2024-07-11,18:00:00,2.5602,Thursday,18,7,Summer,0
10023456783,2024-07-11 19:00:00,2024-07-11,19:00:00,2.4436,Thursday,19,7,Summer,0
10023456783,2024-07-11 20:00:00,2024-07-11,20:00:00,2.8065,Thursday,20,7,Summer,0
10023456783,2024-07-11 21:00:00,2024-07-11,21:00:00,2.0379,Thursday,21,7,Summer,0
10023456783,2024-07-11 22:00:00,2024-07-11,22:00:00,1.7545,Thursday,22,7,Summer,0
10023456783,2024-07-11 23:00:00,2024-07-11,23:00:00,0.8505,Thursday,23,7,Summer,0
10023456783,2024-07-12 00:00:00,2024-07-12,00:00:00,0.5692,Friday,0,7,Summer,0
10023456783,2024-07-12 01:00:00,2024-07-12,01:00:00,0.5903,Friday,1,7,Summer,0
10023456783,2024-07-12 02:00:00,2024-07-12,02:00:00,0.5248,Friday,2,7,Summer,0
10023456783,2024-07-12 03:00:00,2024-07-12,03:00:00,0.5149,Friday,3,7,Summer,0
10023456783,2024-07-12 04:00:00,2024-07-12,04:00:00,3.6062,Friday,4,7,Summer,1
10023456783,2024-07-12 05:00:00,2024-07-12,05:00:00,0.7775,Friday,5,7,Summer,0
10023456783,2024-07-12 06:00:00,2024-07-12,06:00:00,1.4081,Friday,6,7,Summer,0
10023456783,2024-07-12 07:00:00,2024-07-12,07:00:00,2.5688,Friday,7,7,Summer,0
10023456783,2024-07-12 08:00:00,2024-07-12,08:00:00,2.2185,Friday,8,7,Summer,0
10023456783,2024-07-12 09:00:00,2024-07-12,09:00:00,2.2688,Friday,9,7,Summer,0
10023456783,2024-07-12 10:00:00,2024-07-12,10:00:00,1.5030,Friday,10,7,Summer,0
10023456783,2024-07-12 11:00:00,2024-07-12,11:00:00,1.6195,Friday,11,7,Summer,0
10023456783,2024-07-12 12:00:00,2024-07-12,12:00:00,1.3511,Friday,12,7,Summer,0
10023456783,2024-07-12 13:00:00,2024-07-12,13:00:00,1.6562,Friday,13,7,Summer,0
10023456783,2024-07-12 14:00:00,2024-07-12,14:00:00,1.2937,Friday,14,7,Summer,0
10023456783,2024-07-12 15:00:00,2024-07-12,15:00:00,1.3667,Friday,15,7,Summer,0
10023456783,2024-07-12 16:00:00,2024-07-12,16:00:00,1.6099,Friday,16,7,Summer,0
10023456783,2024-07-12 17:00:00,2024-07-12,17:00:00,2.2167,Friday,17,7,Summer,0
10023456783,2024-07-12 18:00:00,2024-07-12,18:00:00,2.6685,Friday,18,7,Summer,0
10023456783,2024-07-12 19:00:00,2024-07-12,19:00:00,3.3931,Friday,19,7,Summer,0
10023456783,2024-07-12 20:00:00,2024-07-12,20:00:00,3.5339,Friday,20,7,Summer,0
10023456783,2024-07-12 21:00:00,2024-07-12,21:00:00,2.9811,Friday,21,7,Summer,0
10023456783,2024-07-12 22:00:00,2024-07-12,22:00:00,1.8489,Friday,22,7,Summer,0
10023456783,2024-07-12 23:00:00,2024-07-12,23:00:00,1.3329,Friday,23,7,Summer,0
10023456783,2024-07-13 00:00:00,2024-07-13,00:00:00,0.7347,Saturday,0,7,Summer,0
10023456783,2024-07-13 01:00:00,2024-07-13,01:00:00,0.6797,Saturday,1,7,Summer,0
10023456783,2024-07-13 02:00:00,2024-07-13,02:00:00,0.6533,Saturday,2,7,Summer,0
10023456783,2024-07-13 03:00:00,2024-07-13,03:00:00,0.5707,Saturday,3,7,Summer,0
10023456783,2024-07-13 04:00:00,2024-07-13,04:00:00,0.5264,Saturday,4,7,Summer,0
10023456783,2024-07-13 05:00:00,2024-07-13,05:00:00,0.8508,Saturday,5,7,Summer,0
10023456783,2024-07-13 06:00:00,2024-07-13,06:00:00,1.3429,Saturday,6,7,Summer,0
10023456783,2024-07-13 07:00:00,2024-07-13,07:00:00,1.8041,Saturday,7,7,Summer,0
10023456783,2024-07-13 08:00:00,2024-07-13,08:00:00,2.4993,Saturday,8,7,Summer,0
10023456783,2024-07-13 09:00:00,2024-07-13,09:00:00,2.7223,Saturday,9,7,Summer,0
10023456783,2024-07-13 10:00:00,2024-07-13,10:00:00,2.4233,Saturday,10,7,Summer,0
10023456783,2024-07-13 11:00:00,2024-07-13,11:00:00,2.1706,Saturday,11,7,Summer,0
10023456783,2024-07-13 12:00:00,2024-07-13,12:00:00,1.6756,Saturday,12,7,Summer,0
10023456783,2024-07-13 13:00:00,2024-07-13,13:00:00,1.9058,Saturday,13,7,Summer,0
10023456783,2024-07-13 14:00:00,2024-07-13,14:00:00,1.6786,Saturday,14,7,Summer,0
10023456783,2024-07-13 15:00:00,2024-07-13,15:00:00,1.9968,Saturday,15,7,Summer,0
10023456783,2024-07-13 16:00:00,2024-07-13,16:00:00,2.3458,Saturday,16,7,Summer,0
10023456783,2024-07-13 17:00:00,2024-07-13,17:00:00,2.3387,Saturday,17,7,Summer,0
10023456783,2024-07-13 18:00:00,2024-07-13,18:00:00,3.1475,Saturday,18,7,Summer,0
10023456783,2024-07-13 19:00:00,2024-07-13,19:00:00,3.4211,Saturday,19,7,Summer,0
10023456783,2024-07-13 20:00:00,2024-07-13,20:00:00,3.4235,Saturday,20,7,Summer,0
10023456783,2024-07-13 21:00:00,2024-07-13,21:00:00,3.3097,Saturday,21,7,Summer,0
10023456783,2024-07-13 22:00:00,2024-07-13,22:00:00,2.2529,Saturday,22,7,Summer,0
10023456783,2024-07-13 23:00:00,2024-07-13,23:00:00,1.5884,Saturday,23,7,Summer,0
10023456783,2024-07-14 00:00:00,2024-07-14,00:00:00,0.7450,Sunday,0,7,Summer,0
10023456783,2024-07-14 01:00:00,2024-07-14,01:00:00,0.6702,Sunday,1,7,Summer,0
10023456783,2024-07-14 02:00:00,2024-07-14,02:00:00,0.5484,Sunday,2,7,Summer,0
10023456783,2024-07-14 03:00:00,2024-07-14,03:00:00,0.6814,Sunday,3,7,Summer,0
10023456783,2024-07-14 04:00:00,2024-07-14,04:00:00,0.5087,Sunday,4,7,Summer,0
10023456783,2024-07-14 05:00:00,2024-07-14,05:00:00,0.5774,Sunday,5,7,Summer,0
10023456783,2024-07-14 06:00:00,2024-07-14,06:00:00,0.9076,Sunday,6,7,Summer,0
10023456783,2024-07-14 07:00:00,2024-07-14,07:00:00,1.5919,Sunday,7,7,Summer,0
10023456783,2024-07-14 08:00:00,2024-07-14,08:00:00,1.9806,Sunday,8,7,Summer,0
10023456783,2024-07-14 09:00:00,2024-07-14,09:00:00,2.3160,Sunday,9,7,Summer,0
10023456783,2024-07-14 10:00:00,2024-07-14,10:00:00,1.9975,Sunday,10,7,Summer,0
10023456783,2024-07-14 11:00:00,2024-07-14,11:00:00,2.0492,Sunday,11,7,Summer,0
10023456783,2024-07-14 12:00:00,2024-07-14,12:00:00,2.1271,Sunday,12,7,Summer,0
10023456783,2024-07-14 13:00:00,2024-07-14,13:00:00,1.6793,Sunday,13,7,Summer,0
10023456783,2024-07-14 14:00:00,2024-07-14,14:00:00,1.9030,Sunday,14,7,Summer,0
10023456783,2024-07-14 15:00:00,2024-07-14,15:00:00,6.7759,Sunday,15,7,Summer,1
10023456783,2024-07-14 16:00:00,2024-07-14,16:00:00,2.1160,Sunday,16,7,Summer,0
10023456783,2024-07-14 17:00:00,2024-07-14,17:00:00,2.2649,Sunday,17,7,Summer,0
10023456783,2024-07-14 18:00:00,2024-07-14,18:00:00,2.6585,Sunday,18,7,Summer,0
10023456783,2024-07-14 19:00:00,2024-07-14,19:00:00,3.4108,Sunday,19,7,Summer,0
10023456783,2024-07-14 20:00:00,2024-07-14,20:00:00,3.4052,Sunday,20,7,Summer,0
10023456783,2024-07-14 21:00:00,2024-07-14,21:00:00,2.9316,Sunday,21,7,Summer,0
10023456783,2024-07-14 22:00:00,2024-07-14,22:00:00,2.2017,Sunday,22,7,Summer,0
10023456783,2024-07-14 23:00:00,2024-07-14,23:00:00,1.5722,Sunday,23,7,Summer,0
10023456783,2024-07-15 00:00:00,2024-07-15,00:00:00,0.5485,Monday,0,7,Summer,0
10023456783,2024-07-15 01:00:00,2024-07-15,01:00:00,0.4249,Monday,1,7,Summer,0
10023456783,2024-07-15 02:00:00,2024-07-15,02:00:00,0.4132,Monday,2,7,Summer,0
10023456783,2024-07-15 03:00:00,2024-07-15,03:00:00,0.3925,Monday,3,7,Summer,0
10023456783,2024-07-15 04:00:00,2024-07-15,04:00:00,0.4417,Monday,4,7,Summer,0
10023456783,2024-07-15 05:00:00,2024-07-15,05:00:00,0.6429,Monday,5,7,Summer,0
10023456783,2024-07-15 06:00:00,2024-07-15,06:00:00,0.9247,Monday,6,7,Summer,0
10023456783,2024-07-15 07:00:00,2024-07-15,07:00:00,1.7608,Monday,7,7,Summer,0
10023456783,2024-07-15 08:00:00,2024-07-15,08:00:00,2.0928,Monday,8,7,Summer,0
10023456783,2024-07-15 09:00:00,2024-07-15,09:00:00,1.9217,Monday,9,7,Summer,0
10023456783,2024-07-15 10:00:00,2024-07-15,10:00:00,1.4509,Monday,10,7,Summer,0
10023456783,2024-07-15 11:00:00,2024-07-15,11:00:00,1.1280,Monday,11,7,Summer,0
10023456783,2024-07-15 12:00:00,2024-07-15,12:00:00,1.2714,Monday,12,7,Summer,0
10023456783,2024-07-15 13:00:00,2024-07-15,13:00:00,1.2984,Monday,13,7,Summer,0
10023456783,2024-07-15 14:00:00,2024-07-15,14:00:00,1.0390,Monday,14,7,Summer,0
10023456783,2024-07-15 15:00:00,2024-07-15,15:00:00,1.3613,Monday,15,7,Summer,0
10023456783,2024-07-15 16:00:00,2024-07-15,16:00:00,1.3456,Monday,16,7,Summer,0
10023456783,2024-07-15 17:00:00,2024-07-15,17:00:00,1.8571,Monday,17,7,Summer,0
10023456783,2024-07-15 18:00:00,2024-07-15,18:00:00,2.7279,Monday,18,7,Summer,0
10023456783,2024-07-15 19:00:00,2024-07-15,19:00:00,2.8726,Monday,19,7,Summer,0
10023456783,2024-07-15 20:00:00,2024-07-15,20:00:00,3.0147,Monday,20,7,Summer,0
10023456783,2024-07-15 21:00:00,2024-07-15,21:00:00,2.4396,Monday,21,7,Summer,0
10023456783,2024-07-15 22:00:00,2024-07-15,22:00:00,1.8084,Monday,22,7,Summer,0
10023456783,2024-07-15 23:00:00,2024-07-15,23:00:00,0.9429,Monday,23,7,Summer,0
10023456783,2024-07-16 00:00:00,2024-07-16,00:00:00,0.5141,Tuesday,0,7,Summer,0
10023456783,2024-07-16 01:00:00,2024-07-16,01:00:00,0.4360,Tuesday,1,7,Summer,0
10023456783,2024-07-16 02:00:00,2024-07-16,02:00:00,0.5007,Tuesday,2,7,Summer,0
10023456783,2024-07-16 03:00:00,2024-07-16,03:00:00,0.4422,Tuesday,3,7,Summer,0
10023456783,2024-07-16 04:00:00,2024-07-16,04:00:00,0.4182,Tuesday,4,7,Summer,0
10023456783,2024-07-16 05:00:00,2024-07-16,05:00:00,0.6233,Tuesday,5,7,Summer,0
10023456783,2024-07-16 06:00:00,2024-07-16,06:00:00,1.4237,Tuesday,6,7,Summer,0
10023456783,2024-07-16 07:00:00,2024-07-16,07:00:00,1.7576,Tuesday,7,7,Summer,0
10023456783,2024-07-16 08:00:00,2024-07-16,08:00:00,1.7585,Tuesday,8,7,Summer,0
10023456783,2024-07-16 09:00:00,2024-07-16,09:00:00,1.2213,Tuesday,9,7,Summer,0
10023456783,2024-07-16 10:00:00,2024-07-16,10:00:00,1.2449,Tuesday,10,7,Summer,0
10023456783,2024-07-16 11:00:00,2024-07-16,11:00:00,1.2022,Tuesday,11,7,Summer,0
10023456783,2024-07-16 12:00:00,2024-07-16,12:00:00,0.9207,Tuesday,12,7,Summer,0
10023456783,2024-07-16 13:00:00,2024-07-16,13:00:00,1.2165,Tuesday,13,7,Summer,0
10023456783,2024-07-16 14:00:00,2024-07-16,14:00:00,1.2332,Tuesday,14,7,Summer,0
10023456783,2024-07-16 15:00:00,2024-07-16,15:00:00,1.2120,Tuesday,15,7,Summer,0
10023456783,2024-07-16 16:00:00,2024-07-16,16:00:00,1.4742,Tuesday,16,7,Summer,0
10023456783,2024-07-16 17:00:00,2024-07-16,17:00:00,1.3525,Tuesday,17,7,Summer,0
10023456783,2024-07-16 18:00:00,2024-07-16,18:00:00,2.4037,Tuesday,18,7,Summer,0
10023456783,2024-07-16 19:00:00,2024-07-16,19:00:00,2.3325,Tuesday,19,7,Summer,0
10023456783,2024-07-16 20:00:00,2024-07-16,20:00:00,2.6776,Tuesday,20,7,Summer,0
10023456783,2024-07-16 21:00:00,2024-07-16,21:00:00,2.2464,Tuesday,21,7,Summer,0
10023456783,2024-07-16 22:00:00,2024-07-16,22:00:00,1.3222,Tuesday,22,7,Summer,0
10023456783,2024-07-16 23:00:00,2024-07-16,23:00:00,0.9928,Tuesday,23,7,Summer,0
10023456783,2024-07-17 00:00:00,2024-07-17,00:00:00,0.3349,Wednesday,0,7,Summer,0
10023456783,2024-07-17 01:00:00,2024-07-17,01:00:00,0.3282,Wednesday,1,7,Summer,0
10023456783,2024-07-17 02:00:00,2024-07-17,02:00:00,0.3542,Wednesday,2,7,Summer,0
10023456783,2024-07-17 03:00:00,2024-07-17,03:00:00,0.3128,Wednesday,3,7,Summer,0
10023456783,2024-07-17 04:00:00,2024-07-17,04:00:00,0.4893,Wednesday,4,7,Summer,0
10023456783,2024-07-17 05:00:00,2024-07-17,05:00:00,0.6184,Wednesday,5,7,Summer,0
10023456783,2024-07-17 06:00:00,2024-07-17,06:00:00,1.0547,Wednesday,6,7,Summer,0
10023456783,2024-07-17 07:00:00,2024-07-17,07:00:00,1.3336,Wednesday,7,7,Summer,0
10023456783,2024-07-17 08:00:00,2024-07-17,08:00:00,1.2499,Wednesday,8,7,Summer,0
10023456783,2024-07-17 09:00:00,2024-07-17,09:00:00,1.1694,Wednesday,9,7,Summer,0
10023456783,2024-07-17 10:00:00,2024-07-17,10:00:00,0.9199,Wednesday,10,7,Summer,0
10023456783,2024-07-17 11:00:00,2024-07-17,11:00:00,0.8521,Wednesday,11,7,Summer,0
10023456783,2024-07-17 12:00:00,2024-07-17,12:00:00,0.9403,Wednesday,12,7,Summer,0
10023456783,2024-07-17 13:00:00,2024-07-17,13:00:00,0.9595,Wednesday,13,7,Summer,0
10023456783,2024-07-17 14:00:00,2024-07-17,14:00:00,0.8341,Wednesday,14,7,Summer,0
10023456783,2024-07-17 15:00:00,2024-07-17,15:00:00,1.0421,Wednesday,15,7,Summer,0
10023456783,2024-07-17 16:00:00,2024-07-17,16:00:00,1.2435,Wednesday,16,7,Summer,0
10023456783,2024-07-17 17:00:00,2024-07-17,17:00:00,1.5279,Wednesday,17,7,Summer,0
10023456783,2024-07-17 18:00:00,2024-07-17,18:00:00,1.7600,Wednesday,18,7,Summer,0
10023456783,2024-07-17 19:00:00,2024-07-17,19:00:00,2.1941,Wednesday,19,7,Summer,0
10023456783,2024-07-17 20:00:00,2024-07-17,20:00:00,2.0880,Wednesday,20,7,Summer,0
10023456783,2024-07-17 21:00:00,2024-07-17,21:00:00,1.6068,Wednesday,21,7,Summer,0
10023456783,2024-07-17 22:00:00,2024-07-17,22:00:00,1.0749,Wednesday,22,7,Summer,0
10023456783,2024-07-17 23:00:00,2024-07-17,23:00:00,0.6988,Wednesday,23,7,Summer,0
10023456783,2024-07-18 00:00:00,2024-07-18,00:00:00,0.4703,Thursday,0,7,Summer,0
10023456783,2024-07-18 01:00:00,2024-07-18,01:00:00,0.3978,Thursday,1,7,Summer,0
10023456783,2024-07-18 02:00:00,2024-07-18,02:00:00,0.3751,Thursday,2,7,Summer,0
10023456783,2024-07-18 03:00:00,2024-07-18,03:00:00,0.3052,Thursday,3,7,Summer,0
10023456783,2024-07-18 04:00:00,2024-07-18,04:00:00,0.4316,Thursday,4,7,Summer,0
10023456783,2024-07-18 05:00:00,2024-07-18,05:00:00,0.5152,Thursday,5,7,Summer,0
10023456783,2024-07-18 06:00:00,2024-07-18,06:00:00,0.8756,Thursday,6,7,Summer,0
10023456783,2024-07-18 07:00:00,2024-07-18,07:00:00,1.2199,Thursday,7,7,Summer,0
10023456783,2024-07-18 08:00:00,2024-07-18,08:00:00,1.6157,Thursday,8,7,Summer,0
10023456783,2024-07-18 09:00:00,2024-07-18,09:00:00,1.0438,Thursday,9,7,Summer,0
10023456783,2024-07-18 10:00:00,2024-07-18,10:00:00,0.8913,Thursday,10,7,Summer,0
10023456783,2024-07-18 11:00:00,2024-07-18,11:00:00,3.9314,Thursday,11,7,Summer,1
10023456783,2024-07-18 12:00:00,2024-07-18,12:00:00,0.8523,Thursday,12,7,Summer,0
10023456783,2024-07-18 13:00:00,2024-07-18,13:00:00,1.0038,Thursday,13,7,Summer,0
10023456783,2024-07-18 14:00:00,2024-07-18,14:00:00,0.8385,Thursday,14,7,Summer,0
10023456783,2024-07-18 15:00:00,2024-07-18,15:00:00,1.0741,Thursday,15,7,Summer,0
10023456783,2024-07-18 16:00:00,2024-07-18,16:00:00,1.1588,Thursday,16,7,Summer,0
10023456783,2024-07-18 17:00:00,2024-07-18,17:00:00,1.4821,Thursday,17,7,Summer,0
10023456783,2024-07-18 18:00:00,2024-07-18,18:00:00,1.7610,Thursday,18,7,Summer,0
10023456783,2024-07-18 19:00:00,2024-07-18,19:00:00,2.1592,Thursday,19,7,Summer,0
10023456783,2024-07-18 20:00:00,2024-07-18,20:00:00,1.7508,Thursday,20,7,Summer,0
10023456783,2024-07-18 21:00:00,2024-07-18,21:00:00,1.4119,Thursday,21,7,Summer,0
10023456783,2024-07-18 22:00:00,2024-07-18,22:00:00,1.0180,Thursday,22,7,Summer,0
10023456783,2024-07-18 23:00:00,2024-07-18,23:00:00,0.7075,Thursday,23,7,Summer,0
10023456783,2024-07-19 00:00:00,2024-07-19,00:00:00,0.4153,Friday,0,7,Summer,0
10023456783,2024-07-19 01:00:00,2024-07-19,01:00:00,0.3325,Friday,1,7,Summer,0
10023456783,2024-07-19 02:00:00,2024-07-19,02:00:00,0.3379,Friday,2,7,Summer,0
10023456783,2024-07-19 03:00:00,2024-07-19,03:00:00,4.4726,Friday,3,7,Summer,1
10023456783,2024-07-19 04:00:00,2024-07-19,04:00:00,3.3345,Friday,4,7,Summer,1
10023456783,2024-07-19 05:00:00,2024-07-19,05:00:00,6.0699,Friday,5,7,Summer,1
10023456783,2024-07-19 06:00:00,2024-07-19,06:00:00,1.0142,Friday,6,7,Summer,0
10023456783,2024-07-19 07:00:00,2024-07-19,07:00:00,1.2542,Friday,7,7,Summer,0
10023456783,2024-07-19 08:00:00,2024-07-19,08:00:00,1.6644,Friday,8,7,Summer,0
10023456783,2024-07-19 09:00:00,2024-07-19,09:00:00,1.4315,Friday,9,7,Summer,0
10023456783,2024-07-19 10:00:00,2024-07-19,10:00:00,1.1519,Friday,10,7,Summer,0
10023456783,2024-07-19 11:00:00,2024-07-19,11:00:00,0.7627,Friday,11,7,Summer,0
10023456783,2024-07-19 12:00:00,2024-07-19,12:00:00,1.0693,Friday,12,7,Summer,0
10023456783,2024-07-19 13:00:00,2024-07-19,13:00:00,1.0795,Friday,13,7,Summer,0
10023456783,2024-07-19 14:00:00,2024-07-19,14:00:00,4.0367,Friday,14,7,Summer,1
10023456783,2024-07-19 15:00:00,2024-07-19,15:00:00,0.9436,Friday,15,7,Summer,0
10023456783,2024-07-19 16:00:00,2024-07-19,16:00:00,1.3896,Friday,16,7,Summer,0
10023456783,2024-07-19 17:00:00,2024-07-19,17:00:00,1.3113,Friday,17,7,Summer,0
10023456783,2024-07-19 18:00:00,2024-07-19,18:00:00,2.1219,Friday,18,7,Summer,0
10023456783,2024-07-19 19:00:00,2024-07-19,19:00:00,1.9448,Friday,19,7,Summer,0
10023456783,2024-07-19 20:00:00,2024-07-19,20:00:00,2.4097,Friday,20,7,Summer,0
10023456783,2024-07-19 21:00:00,2024-07-19,21:00:00,1.5740,Friday,21,7,Summer,0
10023456783,2024-07-19 22:00:00,2024-07-19,22:00:00,1.2086,Friday,22,7,Summer,0
10023456783,2024-07-19 23:00:00,2024-07-19,23:00:00,0.7459,Friday,23,7,Summer,0
10023456783,2024-07-20 00:00:00,2024-07-20,00:00:00,0.6414,Saturday,0,7,Summer,0
10023456783,2024-07-20 01:00:00,2024-07-20,01:00:00,0.5111,Saturday,1,7,Summer,0
10023456783,2024-07-20 02:00:00,2024-07-20,02:00:00,4.8620,Saturday,2,7,Summer,1
10023456783,2024-07-20 03:00:00,2024-07-20,03:00:00,3.8217,Saturday,3,7,Summer,1
10023456783,2024-07-20 04:00:00,2024-07-20,04:00:00,3.5109,Saturday,4,7,Summer,1
10023456783,2024-07-20 05:00:00,2024-07-20,05:00:00,0.4683,Saturday,5,7,Summer,0
10023456783,2024-07-20 06:00:00,2024-07-20,06:00:00,0.9262,Saturday,6,7,Summer,0
10023456783,2024-07-20 07:00:00,2024-07-20,07:00:00,1.0049,Saturday,7,7,Summer,0
10023456783,2024-07-20 08:00:00,2024-07-20,08:00:00,1.3947,Saturday,8,7,Summer,0
10023456783,2024-07-20 09:00:00,2024-07-20,09:00:00,1.6879,Saturday,9,7,Summer,0
10023456783,2024-07-20 10:00:00,2024-07-20,10:00:00,1.6190,Saturday,10,7,Summer,0
10023456783,2024-07-20 11:00:00,2024-07-20,11:00:00,1.3326,Saturday,11,7,Summer,0
10023456783,2024-07-20 12:00:00,2024-07-20,12:00:00,1.4009,Saturday,12,7,Summer,0
10023456783,2024-07-20 13:00:00,2024-07-20,13:00:00,1.5566,Saturday,13,7,Summer,0
10023456783,2024-07-20 14:00:00,2024-07-20,14:00:00,1.4874,Saturday,14,7,Summer,0
10023456783,2024-07-20 15:00:00,2024-07-20,15:00:00,1.4031,Saturday,15,7,Summer,0
10023456783,2024-07-20 16:00:00,2024-07-20,16:00:00,1.2683,Saturday,16,7,Summer,0
10023456783,2024-07-20 17:00:00,2024-07-20,17:00:00,1.9837,Saturday,17,7,Summer,0
10023456783,2024-07-20 18:00:00,2024-07-20,18:00:00,2.2099,Saturday,18,7,Summer,0
10023456783,2024-07-20 19:00:00,2024-07-20,19:00:00,2.5833,Saturday,19,7,Summer,0
10023456783,2024-07-20 20:00:00,2024-07-20,20:00:00,2.4839,Saturday,20,7,Summer,0
10023456783,2024-07-20 21:00:00,2024-07-20,21:00:00,2.0863,Saturday,21,7,Summer,0
10023456783,2024-07-20 22:00:00,2024-07-20,22:00:00,1.5919,Saturday,22,7,Summer,0
10023456783,2024-07-20 23:00:00,2024-07-20,23:00:00,0.9761,Saturday,23,7,Summer,0
10023456783,2024-07-21 00:00:00,2024-07-21,00:00:00,6.0130,Sunday,0,7,Summer,1
10023456783,2024-07-21 01:00:00,2024-07-21,01:00:00,4.7123,Sunday,1,7,Summer,1
10023456783,2024-07-21 02:00:00,2024-07-21,02:00:00,0.4566,Sunday,2,7,Summer,0
10023456783,2024-07-21 03:00:00,2024-07-21,03:00:00,0.4861,Sunday,3,7,Summer,0
10023456783,2024-07-21 04:00:00,2024-07-21,04:00:00,0.5045,Sunday,4,7,Summer,0
10023456783,2024-07-21 05:00:00,2024-07-21,05:00:00,0.5185,Sunday,5,7,Summer,0
10023456783,2024-07-21 06:00:00,2024-07-21,06:00:00,0.9118,Sunday,6,7,Summer,0
10023456783,2024-07-21 07:00:00,2024-07-21,07:00:00,1.2009,Sunday,7,7,Summer,0
10023456783,2024-07-21 08:00:00,2024-07-21,08:00:00,1.3924,Sunday,8,7,Summer,0
10023456783,2024-07-21 09:00:00,2024-07-21,09:00:00,1.6607,Sunday,9,7,Summer,0
10023456783,2024-07-21 10:00:00,2024-07-21,10:00:00,1.6973,Sunday,10,7,Summer,0
10023456783,2024-07-21 11:00:00,2024-07-21,11:00:00,1.6358,Sunday,11,7,Summer,0
10023456783,2024-07-21 12:00:00,2024-07-21,12:00:00,1.2983,Sunday,12,7,Summer,0
10023456783,2024-07-21 13:00:00,2024-07-21,13:00:00,0.1416,Sunday,13,7,Summer,1
10023456783,2024-07-21 14:00:00,2024-07-21,14:00:00,1.4109,Sunday,14,7,Summer,0
10023456783,2024-07-21 15:00:00,2024-07-21,15:00:00,1.4997,Sunday,15,7,Summer,0
10023456783,2024-07-21 16:00:00,2024-07-21,16:00:00,1.6672,Sunday,16,7,Summer,0
10023456783,2024-07-21 17:00:00,2024-07-21,17:00:00,1.8445,Sunday,17,7,Summer,0
10023456783,2024-07-21 18:00:00,2024-07-21,18:00:00,2.0042,Sunday,18,7,Summer,0
10023456783,2024-07-21 19:00:00,2024-07-21,19:00:00,2.4076,Sunday,19,7,Summer,0
10023456783,2024-07-21 20:00:00,2024-07-21,20:00:00,1.9958,Sunday,20,7,Summer,0
10023456783,2024-07-21 21:00:00,2024-07-21,21:00:00,2.0014,Sunday,21,7,Summer,0
10023456783,2024-07-21 22:00:00,2024-07-21,22:00:00,1.5476,Sunday,22,7,Summer,0
10023456783,2024-07-21 23:00:00,2024-07-21,23:00:00,0.9352,Sunday,23,7,Summer,0
10023456783,2024-07-22 00:00:00,2024-07-22,00:00:00,0.4080,Monday,0,7,Summer,0
10023456783,2024-07-22 01:00:00,2024-07-22,01:00:00,6.0066,Monday,1,7,Summer,1
10023456783,2024-07-22 02:00:00,2024-07-22,02:00:00,0.2743,Monday,2,7,Summer,0
10023456783,2024-07-22 03:00:00,2024-07-22,03:00:00,0.3557,Monday,3,7,Summer,0
10023456783,2024-07-22 04:00:00,2024-07-22,04:00:00,0.3565,Monday,4,7,Summer,0
10023456783,2024-07-22 05:00:00,2024-07-22,05:00:00,5.2446,Monday,5,7,Summer,1
10023456783,2024-07-22 06:00:00,2024-07-22,06:00:00,4.2079,Monday,6,7,Summer,1
10023456783,2024-07-22 07:00:00,2024-07-22,07:00:00,1.2606,Monday,7,7,Summer,0
10023456783,2024-07-22 08:00:00,2024-07-22,08:00:00,1.3209,Monday,8,7,Summer,0
10023456783,2024-07-22 09:00:00,2024-07-22,09:00:00,1.2912,Monday,9,7,Summer,0
10023456783,2024-07-22 10:00:00,2024-07-22,10:00:00,1.1088,Monday,10,7,Summer,0
10023456783,2024-07-22 11:00:00,2024-07-22,11:00:00,1.0187,Monday,11,7,Summer,0
10023456783,2024-07-22 12:00:00,2024-07-22,12:00:00,0.9676,Monday,12,7,Summer,0
10023456783,2024-07-22 13:00:00,2024-07-22,13:00:00,1.1030,Monday,13,7,Summer,0
10023456783,2024-07-22 14:00:00,2024-07-22,14:00:00,0.9976,Monday,14,7,Summer,0
10023456783,2024-07-22 15:00:00,2024-07-22,15:00:00,1.0459,Monday,15,7,Summer,0
10023456783,2024-07-22 16:00:00,2024-07-22,16:00:00,1.0554,Monday,16,7,Summer,0
10023456783,2024-07-22 17:00:00,2024-07-22,17:00:00,1.4934,Monday,17,7,Summer,0
10023456783,2024-07-22 18:00:00,2024-07-22,18:00:00,2.0449,Monday,18,7,Summer,0
10023456783,2024-07-22 19:00:00,2024-07-22,19:00:00,2.0966,Monday,19,7,Summer,0
10023456783,2024-07-22 20:00:00,2024-07-22,20:00:00,2.1365,Monday,20,7,Summer,0
10023456783,2024-07-22 21:00:00,2024-07-22,21:00:00,2.0638,Monday,21,7,Summer,0
10023456783,2024-07-22 22:00:00,2024-07-22,22:00:00,1.1748,Monday,22,7,Summer,0
10023456783,2024-07-22 23:00:00,2024-07-22,23:00:00,0.7124,Monday,23,7,Summer,0
10023456783,2024-07-23 00:00:00,2024-07-23,00:00:00,0.4882,Tuesday,0,7,Summer,0
10023456783,2024-07-23 01:00:00,2024-07-23,01:00:00,0.3947,Tuesday,1,7,Summer,0
10023456783,2024-07-23 02:00:00,2024-07-23,02:00:00,0.3557,Tuesday,2,7,Summer,0
10023456783,2024-07-23 03:00:00,2024-07-23,03:00:00,0.2988,Tuesday,3,7,Summer,0
10023456783,2024-07-23 04:00:00,2024-07-23,04:00:00,0.3356,Tuesday,4,7,Summer,0
10023456783,2024-07-23 05:00:00,2024-07-23,05:00:00,0.4108,Tuesday,5,7,Summer,0
10023456783,2024-07-23 06:00:00,2024-07-23,06:00:00,0.9590,Tuesday,6,7,Summer,0
10023456783,2024-07-23 07:00:00,2024-07-23,07:00:00,1.1406,Tuesday,7,7,Summer,0
10023456783,2024-07-23 08:00:00,2024-07-23,08:00:00,1.2342,Tuesday,8,7,Summer,0
10023456783,2024-07-23 09:00:00,2024-07-23,09:00:00,1.3235,Tuesday,9,7,Summer,0
10023456783,2024-07-23 10:00:00,2024-07-23,10:00:00,1.0930,Tuesday,10,7,Summer,0
10023456783,2024-07-23 11:00:00,2024-07-23,11:00:00,1.0321,Tuesday,11,7,Summer,0
10023456783,2024-07-23 12:00:00,2024-07-23,12:00:00,1.0137,Tuesday,12,7,Summer,0
10023456783,2024-07-23 13:00:00,2024-07-23,13:00:00,0.9939,Tuesday,13,7,Summer,0
10023456783,2024-07-23 14:00:00,2024-07-23,14:00:00,0.9653,Tuesday,14,7,Summer,0
10023456783,2024-07-23 15:00:00,2024-07-23,15:00:00,1.0246,Tuesday,15,7,Summer,0
10023456783,2024-07-23 16:00:00,2024-07-23,16:00:00,1.0945,Tuesday,16,7,Summer,0
10023456783,2024-07-23 17:00:00,2024-07-23,17:00:00,1.5428,Tuesday,17,7,Summer,0
10023456783,2024-07-23 18:00:00,2024-07-23,18:00:00,2.0394,Tuesday,18,7,Summer,0
10023456783,2024-07-23 19:00:00,2024-07-23,19:00:00,2.2622,Tuesday,19,7,Summer,0
10023456783,2024-07-23 20:00:00,2024-07-23,20:00:00,2.4025,Tuesday,20,7,Summer,0
10023456783,2024-07-23 21:00:00,2024-07-23,21:00:00,1.6385,Tuesday,21,7,Summer,0
10023456783,2024-07-23 22:00:00,2024-07-23,22:00:00,1.5831,Tuesday,22,7,Summer,0
10023456783,2024-07-23 23:00:00,2024-07-23,23:00:00,0.6156,Tuesday,23,7,Summer,0
10023456783,2024-07-24 00:00:00,2024-07-24,00:00:00,0.4677,Wednesday,0,7,Summer,0
10023456783,2024-07-24 01:00:00,2024-07-24,01:00:00,0.2877,Wednesday,1,7,Summer,0
10023456783,2024-07-24 02:00:00,2024-07-24,02:00:00,0.2578,Wednesday,2,7,Summer,0
10023456783,2024-07-24 03:00:00,2024-07-24,03:00:00,0.2710,Wednesday,3,7,Summer,0
10023456783,2024-07-24 04:00:00,2024-07-24,04:00:00,0.3976,Wednesday,4,7,Summer,0
10023456783,2024-07-24 05:00:00,2024-07-24,05:00:00,0.6053,Wednesday,5,7,Summer,0
10023456783,2024-07-24 06:00:00,2024-07-24,06:00:00,0.8573,Wednesday,6,7,Summer,0
10023456783,2024-07-24 07:00:00,2024-07-24,07:00:00,1.2151,Wednesday,7,7,Summer,0
10023456783,2024-07-24 08:00:00,2024-07-24,08:00:00,1.0549,Wednesday,8,7,Summer,0
10023456783,2024-07-24 09:00:00,2024-07-24,09:00:00,1.1487,Wednesday,9,7,Summer,0
10023456783,2024-07-24 10:00:00,2024-07-24,10:00:00,1.0488,Wednesday,10,7,Summer,0
10023456783,2024-07-24 11:00:00,2024-07-24,11:00:00,0.7722,Wednesday,11,7,Summer,0
10023456783,2024-07-24 12:00:00,2024-07-24,12:00:00,0.7748,Wednesday,12,7,Summer,0
10023456783,2024-07-24 13:00:00,2024-07-24,13:00:00,0.7159,Wednesday,13,7,Summer,0
10023456783,2024-07-24 14:00:00,2024-07-24,14:00:00,0.7570,Wednesday,14,7,Summer,0
10023456783,2024-07-24 15:00:00,2024-07-24,15:00:00,0.8557,Wednesday,15,7,Summer,0
10023456783,2024-07-24 16:00:00,2024-07-24,16:00:00,1.0766,Wednesday,16,7,Summer,0
10023456783,2024-07-24 17:00:00,2024-07-24,17:00:00,1.2418,Wednesday,17,7,Summer,0
10023456783,2024-07-24 18:00:00,2024-07-24,18:00:00,1.6629,Wednesday,18,7,Summer,0
10023456783,2024-07-24 19:00:00,2024-07-24,19:00:00,2.0279,Wednesday,19,7,Summer,0
10023456783,2024-07-24 20:00:00,2024-07-24,20:00:00,2.0858,Wednesday,20,7,Summer,0
10023456783,2024-07-24 21:00:00,2024-07-24,21:00:00,1.5364,Wednesday,21,7,Summer,0
10023456783,2024-07-24 22:00:00,2024-07-24,22:00:00,1.1285,Wednesday,22,7,Summer,0
10023456783,2024-07-24 23:00:00,2024-07-24,23:00:00,0.5623,Wednesday,23,7,Summer,0
10023456783,2024-07-25 00:00:00,2024-07-25,00:00:00,3.4540,Thursday,0,7,Summer,1
10023456783,2024-07-25 01:00:00,2024-07-25,01:00:00,4.0772,Thursday,1,7,Summer,1
10023456783,2024-07-25 02:00:00,2024-07-25,02:00:00,0.3631,Thursday,2,7,Summer,0
10023456783,2024-07-25 03:00:00,2024-07-25,03:00:00,0.3864,Thursday,3,7,Summer,0
10023456783,2024-07-25 04:00:00,2024-07-25,04:00:00,0.3711,Thursday,4,7,Summer,0
10023456783,2024-07-25 05:00:00,2024-07-25,05:00:00,0.6023,Thursday,5,7,Summer,0
10023456783,2024-07-25 06:00:00,2024-07-25,06:00:00,0.9919,Thursday,6,7,Summer,0
10023456783,2024-07-25 07:00:00,2024-07-25,07:00:00,1.6057,Thursday,7,7,Summer,0
10023456783,2024-07-25 08:00:00,2024-07-25,08:00:00,1.5466,Thursday,8,7,Summer,0
10023456783,2024-07-25 09:00:00,2024-07-25,09:00:00,1.4578,Thursday,9,7,Summer,0
10023456783,2024-07-25 10:00:00,2024-07-25,10:00:00,0.9437,Thursday,10,7,Summer,0
10023456783,2024-07-25 11:00:00,2024-07-25,11:00:00,0.9996,Thursday,11,7,Summer,0
10023456783,2024-07-25 12:00:00,2024-07-25,12:00:00,1.1390,Thursday,12,7,Summer,0
10023456783,2024-07-25 13:00:00,2024-07-25,13:00:00,0.7948,Thursday,13,7,Summer,0
10023456783,2024-07-25 14:00:00,2024-07-25,14:00:00,0.9781,Thursday,14,7,Summer,0
10023456783,2024-07-25 15:00:00,2024-07-25,15:00:00,1.1985,Thursday,15,7,Summer,0
10023456783,2024-07-25 16:00:00,2024-07-25,16:00:00,1.2302,Thursday,16,7,Summer,0
10023456783,2024-07-25 17:00:00,2024-07-25,17:00:00,1.7019,Thursday,17,7,Summer,0
10023456783,2024-07-25 18:00:00,2024-07-25,18:00:00,2.0875,Thursday,18,7,Summer,0
10023456783,2024-07-25 19:00:00,2024-07-25,19:00:00,2.1032,Thursday,19,7,Summer,0
10023456783,2024-07-25 20:00:00,2024-07-25,20:00:00,1.8382,Thursday,20,7,Summer,0
10023456783,2024-07-25 21:00:00,2024-07-25,21:00:00,1.6847,Thursday,21,7,Summer,0
10023456783,2024-07-25 22:00:00,2024-07-25,22:00:00,1.4578,Thursday,22,7,Summer,0
10023456783,2024-07-25 23:00:00,2024-07-25,23:00:00,0.7824,Thursday,23,7,Summer,0
10023456783,2024-07-26 00:00:00,2024-07-26,00:00:00,0.4708,Friday,0,7,Summer,0
10023456783,2024-07-26 01:00:00,2024-07-26,01:00:00,0.3458,Friday,1,7,Summer,0
10023456783,2024-07-26 02:00:00,2024-07-26,02:00:00,0.3443,Friday,2,7,Summer,0
10023456783,2024-07-26 03:00:00,2024-07-26,03:00:00,0.3678,Friday,3,7,Summer,0
10023456783,2024-07-26 04:00:00,2024-07-26,04:00:00,0.3587,Friday,4,7,Summer,0
10023456783,2024-07-26 05:00:00,2024-07-26,05:00:00,0.5454,Friday,5,7,Summer,0
10023456783,2024-07-26 06:00:00,2024-07-26,06:00:00,0.9132,Friday,6,7,Summer,0
10023456783,2024-07-26 07:00:00,2024-07-26,07:00:00,1.4037,Friday,7,7,Summer,0
10023456783,2024-07-26 08:00:00,2024-07-26,08:00:00,1.6453,Friday,8,7,Summer,0
10023456783,2024-07-26 09:00:00,2024-07-26,09:00:00,1.5229,Friday,9,7,Summer,0
10023456783,2024-07-26 10:00:00,2024-07-26,10:00:00,1.0034,Friday,10,7,Summer,0
10023456783,2024-07-26 11:00:00,2024-07-26,11:00:00,1.1086,Friday,11,7,Summer,0
10023456783,2024-07-26 12:00:00,2024-07-26,12:00:00,0.9038,Friday,12,7,Summer,0
10023456783,2024-07-26 13:00:00,2024-07-26,13:00:00,1.0455,Friday,13,7,Summer,0
10023456783,2024-07-26 14:00:00,2024-07-26,14:00:00,0.9627,Friday,14,7,Summer,0
10023456783,2024-07-26 15:00:00,2024-07-26,15:00:00,1.0382,Friday,15,7,Summer,0
10023456783,2024-07-26 16:00:00,2024-07-26,16:00:00,1.2464,Friday,16,7,Summer,0
10023456783,2024-07-26 17:00:00,2024-07-26,17:00:00,1.5101,Friday,17,7,Summer,0
10023456783,2024-07-26 18:00:00,2024-07-26,18:00:00,1.9085,Friday,18,7,Summer,0
10023456783,2024-07-26 19:00:00,2024-07-26,19:00:00,1.9821,Friday,19,7,Summer,0
10023456783,2024-07-26 20:00:00,2024-07-26,20:00:00,2.3619,Friday,20,7,Summer,0
10023456783,2024-07-26 21:00:00,2024-07-26,21:00:00,1.9323,Friday,21,7,Summer,0
10023456783,2024-07-26 22:00:00,2024-07-26,22:00:00,1.2686,Friday,22,7,Summer,0
10023456783,2024-07-26 23:00:00,2024-07-26,23:00:00,0.6377,Friday,23,7,Summer,0
10023456783,2024-07-27 00:00:00,2024-07-27,00:00:00,0.4154,Saturday,0,7,Summer,0
10023456783,2024-07-27 01:00:00,2024-07-27,01:00:00,0.4095,Saturday,1,7,Summer,0
10023456783,2024-07-27 02:00:00,2024-07-27,02:00:00,0.3485,Saturday,2,7,Summer,0
10023456783,2024-07-27 03:00:00,2024-07-27,03:00:00,0.3750,Saturday,3,7,Summer,0
10023456783,2024-07-27 04:00:00,2024-07-27,04:00:00,0.3372,Saturday,4,7,Summer,0
10023456783,2024-07-27 05:00:00,2024-07-27,05:00:00,0.5332,Saturday,5,7,Summer,0
10023456783,2024-07-27 06:00:00,2024-07-27,06:00:00,0.5703,Saturday,6,7,Summer,0
10023456783,2024-07-27 07:00:00,2024-07-27,07:00:00,1.0126,Saturday,7,7,Summer,0
10023456783,2024-07-27 08:00:00,2024-07-27,08:00:00,1.3896,Saturday,8,7,Summer,0
10023456783,2024-07-27 09:00:00,2024-07-27,09:00:00,1.4104,Saturday,9,7,Summer,0
10023456783,2024-07-27 10:00:00,2024-07-27,10:00:00,1.4611,Saturday,10,7,Summer,0
10023456783,2024-07-27 11:00:00,2024-07-27,11:00:00,1.5052,Saturday,11,7,Summer,0
10023456783,2024-07-27 12:00:00,2024-07-27,12:00:00,1.2964,Saturday,12,7,Summer,0
10023456783,2024-07-27 13:00:00,2024-07-27,13:00:00,1.0238,Saturday,13,7,Summer,0
10023456783,2024-07-27 14:00:00,2024-07-27,14:00:00,0.9751,Saturday,14,7,Summer,0
10023456783,2024-07-27 15:00:00,2024-07-27,15:00:00,1.1566,Saturday,15,7,Summer,0
10023456783,2024-07-27 16:00:00,2024-07-27,16:00:00,1.4507,Saturday,16,7,Summer,0
10023456783,2024-07-27 17:00:00,2024-07-27,17:00:00,1.5264,Saturday,17,7,Summer,0
10023456783,2024-07-27 18:00:00,2024-07-27,18:00:00,1.8808,Saturday,18,7,Summer,0
10023456783,2024-07-27 19:00:00,2024-07-27,19:00:00,2.0061,Saturday,19,7,Summer,0
10023456783,2024-07-27 20:00:00,2024-07-27,20:00:00,1.8695,Saturday,20,7,Summer,0
10023456783,2024-07-27 21:00:00,2024-07-27,21:00:00,1.3424,Saturday,21,7,Summer,0
10023456783,2024-07-27 22:00:00,2024-07-27,22:00:00,1.2667,Saturday,22,7,Summer,0
10023456783,2024-07-27 23:00:00,2024-07-27,23:00:00,0.9646,Saturday,23,7,Summer,0
10023456783,2024-07-28 00:00:00,2024-07-28,00:00:00,4.7575,Sunday,0,7,Summer,1
10023456783,2024-07-28 01:00:00,2024-07-28,01:00:00,4.1282,Sunday,1,7,Summer,1
10023456783,2024-07-28 02:00:00,2024-07-28,02:00:00,4.8006,Sunday,2,7,Summer,1
10023456783,2024-07-28 03:00:00,2024-07-28,03:00:00,0.4224,Sunday,3,7,Summer,0
10023456783,2024-07-28 04:00:00,2024-07-28,04:00:00,0.4770,Sunday,4,7,Summer,0
10023456783,2024-07-28 05:00:00,2024-07-28,05:00:00,0.5111,Sunday,5,7,Summer,0
10023456783,2024-07-28 06:00:00,2024-07-28,06:00:00,0.9290,Sunday,6,7,Summer,0
10023456783,2024-07-28 07:00:00,2024-07-28,07:00:00,1.4338,Sunday,7,7,Summer,0
10023456783,2024-07-28 08:00:00,2024-07-28,08:00:00,2.1209,Sunday,8,7,Summer,0
10023456783,2024-07-28 09:00:00,2024-07-28,09:00:00,2.0615,Sunday,9,7,Summer,0
10023456783,2024-07-28 10:00:00,2024-07-28,10:00:00,1.6750,Sunday,10,7,Summer,0
10023456783,2024-07-28 11:00:00,2024-07-28,11:00:00,1.5288,Sunday,11,7,Summer,0
10023456783,2024-07-28 12:00:00,2024-07-28,12:00:00,1.4605,Sunday,12,7,Summer,0
10023456783,2024-07-28 13:00:00,2024-07-28,13:00:00,1.1257,Sunday,13,7,Summer,0
10023456783,2024-07-28 14:00:00,2024-07-28,14:00:00,1.3476,Sunday,14,7,Summer,0
10023456783,2024-07-28 15:00:00,2024-07-28,15:00:00,1.6088,Sunday,15,7,Summer,0
10023456783,2024-07-28 16:00:00,2024-07-28,16:00:00,1.5812,Sunday,16,7,Summer,0
10023456783,2024-07-28 17:00:00,2024-07-28,17:00:00,1.8585,Sunday,17,7,Summer,0
10023456783,2024-07-28 18:00:00,2024-07-28,18:00:00,2.2218,Sunday,18,7,Summer,0
10023456783,2024-07-28 19:00:00,2024-07-28,19:00:00,3.0216,Sunday,19,7,Summer,0
10023456783,2024-07-28 20:00:00,2024-07-28,20:00:00,2.4504,Sunday,20,7,Summer,0
10023456783,2024-07-28 21:00:00,2024-07-28,21:00:00,2.1959,Sunday,21,7,Summer,0
10023456783,2024-07-28 22:00:00,2024-07-28,22:00:00,1.8842,Sunday,22,7,Summer,0
10023456783,2024-07-28 23:00:00,2024-07-28,23:00:00,1.0950,Sunday,23,7,Summer,0
10023456783,2024-07-29 00:00:00,2024-07-29,00:00:00,0.4030,Monday,0,7,Summer,0
10023456783,2024-07-29 01:00:00,2024-07-29,01:00:00,0.3910,Monday,1,7,Summer,0
10023456783,2024-07-29 02:00:00,2024-07-29,02:00:00,0.3504,Monday,2,7,Summer,0
10023456783,2024-07-29 03:00:00,2024-07-29,03:00:00,0.3220,Monday,3,7,Summer,0
10023456783,2024-07-29 04:00:00,2024-07-29,04:00:00,0.3630,Monday,4,7,Summer,0
10023456783,2024-07-29 05:00:00,2024-07-29,05:00:00,4.0824,Monday,5,7,Summer,1
10023456783,2024-07-29 06:00:00,2024-07-29,06:00:00,4.2974,Monday,6,7,Summer,1
10023456783,2024-07-29 07:00:00,2024-07-29,07:00:00,5.3298,Monday,7,7,Summer,1
10023456783,2024-07-29 08:00:00,2024-07-29,08:00:00,1.7537,Monday,8,7,Summer,0
10023456783,2024-07-29 09:00:00,2024-07-29,09:00:00,1.3475,Monday,9,7,Summer,0
10023456783,2024-07-29 10:00:00,2024-07-29,10:00:00,0.9936,Monday,10,7,Summer,0
10023456783,2024-07-29 11:00:00,2024-07-29,11:00:00,0.9800,Monday,11,7,Summer,0
10023456783,2024-07-29 12:00:00,2024-07-29,12:00:00,0.8872,Monday,12,7,Summer,0
10023456783,2024-07-29 13:00:00,2024-07-29,13:00:00,1.0720,Monday,13,7,Summer,0
10023456783,2024-07-29 14:00:00,2024-07-29,14:00:00,0.9791,Monday,14,7,Summer,0
10023456783,2024-07-29 15:00:00,2024-07-29,15:00:00,1.1319,Monday,15,7,Summer,0
10023456783,2024-07-29 16:00:00,2024-07-29,16:00:00,1.2110,Monday,16,7,Summer,0
10023456783,2024-07-29 17:00:00,2024-07-29,17:00:00,1.4133,Monday,17,7,Summer,0
10023456783,2024-07-29 18:00:00,2024-07-29,18:00:00,1.9406,Monday,18,7,Summer,0
10023456783,2024-07-29 19:00:00,2024-07-29,19:00:00,1.9142,Monday,19,7,Summer,0
10023456783,2024-07-29 20:00:00,2024-07-29,20:00:00,1.9457,Monday,20,7,Summer,0
10023456783,2024-07-29 21:00:00,2024-07-29,21:00:00,1.9012,Monday,21,7,Summer,0
10023456783,2024-07-29 22:00:00,2024-07-29,22:00:00,1.1670,Monday,22,7,Summer,0
10023456783,2024-07-29 23:00:00,2024-07-29,23:00:00,0.7252,Monday,23,7,Summer,0
10023456783,2024-07-30 00:00:00,2024-07-30,00:00:00,0.4518,Tuesday,0,7,Summer,0
10023456783,2024-07-30 01:00:00,2024-07-30,01:00:00,3.5878,Tuesday,1,7,Summer,1
10023456783,2024-07-30 02:00:00,2024-07-30,02:00:00,4.1977,Tuesday,2,7,Summer,1
10023456783,2024-07-30 03:00:00,2024-07-30,03:00:00,3.7699,Tuesday,3,7,Summer,1
10023456783,2024-07-30 04:00:00,2024-07-30,04:00:00,0.4045,Tuesday,4,7,Summer,0
10023456783,2024-07-30 05:00:00,2024-07-30,05:00:00,0.6502,Tuesday,5,7,Summer,0
10023456783,2024-07-30 06:00:00,2024-07-30,06:00:00,1.0545,Tuesday,6,7,Summer,0
10023456783,2024-07-30 07:00:00,2024-07-30,07:00:00,1.8091,Tuesday,7,7,Summer,0
10023456783,2024-07-30 08:00:00,2024-07-30,08:00:00,1.9814,Tuesday,8,7,Summer,0
10023456783,2024-07-30 09:00:00,2024-07-30,09:00:00,1.6607,Tuesday,9,7,Summer,0
10023456783,2024-07-30 10:00:00,2024-07-30,10:00:00,1.3269,Tuesday,10,7,Summer,0
10023456783,2024-07-30 11:00:00,2024-07-30,11:00:00,1.0755,Tuesday,11,7,Summer,0
10023456783,2024-07-30 12:00:00,2024-07-30,12:00:00,1.4911,Tuesday,12,7,Summer,0
10023456783,2024-07-30 13:00:00,2024-07-30,13:00:00,1.0859,Tuesday,13,7,Summer,0
10023456783,2024-07-30 14:00:00,2024-07-30,14:00:00,1.1945,Tuesday,14,7,Summer,0
10023456783,2024-07-30 15:00:00,2024-07-30,15:00:00,1.4562,Tuesday,15,7,Summer,0
10023456783,2024-07-30 16:00:00,2024-07-30,16:00:00,1.4924,Tuesday,16,7,Summer,0
10023456783,2024-07-30 17:00:00,2024-07-30,17:00:00,1.8368,Tuesday,17,7,Summer,0
10023456783,2024-07-30 18:00:00,2024-07-30,18:00:00,2.5007,Tuesday,18,7,Summer,0
10023456783,2024-07-30 19:00:00,2024-07-30,19:00:00,2.7203,Tuesday,19,7,Summer,0
10023456783,2024-07-30 20:00:00,2024-07-30,20:00:00,2.4795,Tuesday,20,7,Summer,0
10023456783,2024-07-30 21:00:00,2024-07-30,21:00:00,2.6353,Tuesday,21,7,Summer,0
10023456783,2024-07-30 22:00:00,2024-07-30,22:00:00,1.3991,Tuesday,22,7,Summer,0
10023456783,2024-07-30 23:00:00,2024-07-30,23:00:00,1.0021,Tuesday,23,7,Summer,0
10023456783,2024-07-31 00:00:00,2024-07-31,00:00:00,0.5508,Wednesday,0,7,Summer,0
10023456783,2024-07-31 01:00:00,2024-07-31,01:00:00,0.5466,Wednesday,1,7,Summer,0
10023456783,2024-07-31 02:00:00,2024-07-31,02:00:00,0.5197,Wednesday,2,7,Summer,0
10023456783,2024-07-31 03:00:00,2024-07-31,03:00:00,0.4790,Wednesday,3,7,Summer,0
10023456783,2024-07-31 04:00:00,2024-07-31,04:00:00,0.6633,Wednesday,4,7,Summer,0
10023456783,2024-07-31 05:00:00,2024-07-31,05:00:00,0.6608,Wednesday,5,7,Summer,0
10023456783,2024-07-31 06:00:00,2024-07-31,06:00:00,1.5653,Wednesday,6,7,Summer,0
10023456783,2024-07-31 07:00:00,2024-07-31,07:00:00,2.2374,Wednesday,7,7,Summer,0
10023456783,2024-07-31 08:00:00,2024-07-31,08:00:00,1.9877,Wednesday,8,7,Summer,0
10023456783,2024-07-31 09:00:00,2024-07-31,09:00:00,1.8842,Wednesday,9,7,Summer,0
10023456783,2024-07-31 10:00:00,2024-07-31,10:00:00,1.6411,Wednesday,10,7,Summer,0
10023456783,2024-07-31 11:00:00,2024-07-31,11:00:00,1.5218,Wednesday,11,7,Summer,0
10023456783,2024-07-31 12:00:00,2024-07-31,12:00:00,1.6331,Wednesday,12,7,Summer,0
10023456783,2024-07-31 13:00:00,2024-07-31,13:00:00,1.4505,Wednesday,13,7,Summer,0
10023456783,2024-07-31 14:00:00,2024-07-31,14:00:00,1.2986,Wednesday,14,7,Summer,0
10023456783,2024-07-31 15:00:00,2024-07-31,15:00:00,1.4833,Wednesday,15,7,Summer,0
10023456783,2024-07-31 16:00:00,2024-07-31,16:00:00,1.6693,Wednesday,16,7,Summer,0
10023456783,2024-07-31 17:00:00,2024-07-31,17:00:00,2.3559,Wednesday,17,7,Summer,0
10023456783,2024-07-31 18:00:00,2024-07-31,18:00:00,2.5439,Wednesday,18,7,Summer,0
10023456783,2024-07-31 19:00:00,2024-07-31,19:00:00,3.4024,Wednesday,19,7,Summer,0
10023456783,2024-07-31 20:00:00,2024-07-31,20:00:00,3.5413,Wednesday,20,7,Summer,0
10023456783,2024-07-31 21:00:00,2024-07-31,21:00:00,2.5459,Wednesday,21,7,Summer,0
10023456783,2024-07-31 22:00:00,2024-07-31,22:00:00,1.8567,Wednesday,22,7,Summer,0
10023456783,2024-07-31 23:00:00,2024-07-31,23:00:00,1.0162,Wednesday,23,7,Summer,0
10023456783,2024-08-01 00:00:00,2024-08-01,00:00:00,0.6420,Thursday,0,8,Summer,0
10023456783,2024-08-01 01:00:00,2024-08-01,01:00:00,0.6186,Thursday,1,8,Summer,0
10023456783,2024-08-01 02:00:00,2024-08-01,02:00:00,0.4547,Thursday,2,8,Summer,0
10023456783,2024-08-01 03:00:00,2024-08-01,03:00:00,0.4042,Thursday,3,8,Summer,0
10023456783,2024-08-01 04:00:00,2024-08-01,04:00:00,0.4170,Thursday,4,8,Summer,0
10023456783,2024-08-01 05:00:00,2024-08-01,05:00:00,0.7731,Thursday,5,8,Summer,0
10023456783,2024-08-01 06:00:00,2024-08-01,06:00:00,1.2853,Thursday,6,8,Summer,0
10023456783,2024-08-01 07:00:00,2024-08-01,07:00:00,2.1766,Thursday,7,8,Summer,0
10023456783,2024-08-01 08:00:00,2024-08-01,08:00:00,2.3317,Thursday,8,8,Summer,0
10023456783,2024-08-01 09:00:00,2024-08-01,09:00:00,1.8572,Thursday,9,8,Summer,0
10023456783,2024-08-01 10:00:00,2024-08-01,10:00:00,1.7380,Thursday,10,8,Summer,0
10023456783,2024-08-01 11:00:00,2024-08-01,11:00:00,1.3165,Thursday,11,8,Summer,0
10023456783,2024-08-01 12:00:00,2024-08-01,12:00:00,1.3327,Thursday,12,8,Summer,0
10023456783,2024-08-01 13:00:00,2024-08-01,13:00:00,1.5522,Thursday,13,8,Summer,0
10023456783,2024-08-01 14:00:00,2024-08-01,14:00:00,1.1719,Thursday,14,8,Summer,0
10023456783,2024-08-01 15:00:00,2024-08-01,15:00:00,1.9008,Thursday,15,8,Summer,0
10023456783,2024-08-01 16:00:00,2024-08-01,16:00:00,1.6858,Thursday,16,8,Summer,0
10023456783,2024-08-01 17:00:00,2024-08-01,17:00:00,2.3533,Thursday,17,8,Summer,0
10023456783,2024-08-01 18:00:00,2024-08-01,18:00:00,2.8346,Thursday,18,8,Summer,0
10023456783,2024-08-01 19:00:00,2024-08-01,19:00:00,2.9381,Thursday,19,8,Summer,0
10023456783,2024-08-01 20:00:00,2024-08-01,20:00:00,2.7154,Thursday,20,8,Summer,0
10023456783,2024-08-01 21:00:00,2024-08-01,21:00:00,3.1018,Thursday,21,8,Summer,0
10023456783,2024-08-01 22:00:00,2024-08-01,22:00:00,1.7718,Thursday,22,8,Summer,0
10023456783,2024-08-01 23:00:00,2024-08-01,23:00:00,1.1371,Thursday,23,8,Summer,0
10023456783,2024-08-02 00:00:00,2024-08-02,00:00:00,0.6376,Friday,0,8,Summer,0
10023456783,2024-08-02 01:00:00,2024-08-02,01:00:00,0.5805,Friday,1,8,Summer,0
10023456783,2024-08-02 02:00:00,2024-08-02,02:00:00,0.5593,Friday,2,8,Summer,0
10023456783,2024-08-02 03:00:00,2024-08-02,03:00:00,4.7358,Friday,3,8,Summer,1
10023456783,2024-08-02 04:00:00,2024-08-02,04:00:00,3.7520,Friday,4,8,Summer,1
10023456783,2024-08-02 05:00:00,2024-08-02,05:00:00,3.7411,Friday,5,8,Summer,1
10023456783,2024-08-02 06:00:00,2024-08-02,06:00:00,1.2930,Friday,6,8,Summer,0
10023456783,2024-08-02 07:00:00,2024-08-02,07:00:00,2.5046,Friday,7,8,Summer,0
10023456783,2024-08-02 08:00:00,2024-08-02,08:00:00,2.1671,Friday,8,8,Summer,0
10023456783,2024-08-02 09:00:00,2024-08-02,09:00:00,2.2896,Friday,9,8,Summer,0
10023456783,2024-08-02 10:00:00,2024-08-02,10:00:00,1.4553,Friday,10,8,Summer,0
10023456783,2024-08-02 11:00:00,2024-08-02,11:00:00,1.4203,Friday,11,8,Summer,0
10023456783,2024-08-02 12:00:00,2024-08-02,12:00:00,1.6651,Friday,12,8,Summer,0
10023456783,2024-08-02 13:00:00,2024-08-02,13:00:00,0.1763,Friday,13,8,Summer,1
10023456783,2024-08-02 14:00:00,2024-08-02,14:00:00,1.4758,Friday,14,8,Summer,0
10023456783,2024-08-02 15:00:00,2024-08-02,15:00:00,1.6296,Friday,15,8,Summer,0
10023456783,2024-08-02 16:00:00,2024-08-02,16:00:00,1.8319,Friday,16,8,Summer,0
10023456783,2024-08-02 17:00:00,2024-08-02,17:00:00,2.4974,Friday,17,8,Summer,0
10023456783,2024-08-02 18:00:00,2024-08-02,18:00:00,3.1478,Friday,18,8,Summer,0
10023456783,2024-08-02 19:00:00,2024-08-02,19:00:00,3.9565,Friday,19,8,Summer,0
10023456783,2024-08-02 20:00:00,2024-08-02,20:00:00,3.4946,Friday,20,8,Summer,0
10023456783,2024-08-02 21:00:00,2024-08-02,21:00:00,2.6181,Friday,21,8,Summer,0
10023456783,2024-08-02 22:00:00,2024-08-02,22:00:00,1.8884,Friday,22,8,Summer,0
10023456783,2024-08-02 23:00:00,2024-08-02,23:00:00,1.2172,Friday,23,8,Summer,0
10023456783,2024-08-03 00:00:00,2024-08-03,00:00:00,0.5753,Saturday,0,8,Summer,0
10023456783,2024-08-03 01:00:00,2024-08-03,01:00:00,0.5399,Saturday,1,8,Summer,0
10023456783,2024-08-03 02:00:00,2024-08-03,02:00:00,0.4305,Saturday,2,8,Summer,0
10023456783,2024-08-03 03:00:00,2024-08-03,03:00:00,0.5316,Saturday,3,8,Summer,0
10023456783,2024-08-03 04:00:00,2024-08-03,04:00:00,0.5058,Saturday,4,8,Summer,0
10023456783,2024-08-03 05:00:00,2024-08-03,05:00:00,0.6145,Saturday,5,8,Summer,0
10023456783,2024-08-03 06:00:00,2024-08-03,06:00:00,0.7321,Saturday,6,8,Summer,0
10023456783,2024-08-03 07:00:00,2024-08-03,07:00:00,1.1731,Saturday,7,8,Summer,0
10023456783,2024-08-03 08:00:00,2024-08-03,08:00:00,1.7646,Saturday,8,8,Summer,0
10023456783,2024-08-03 09:00:00,2024-08-03,09:00:00,1.9530,Saturday,9,8,Summer,0
10023456783,2024-08-03 10:00:00,2024-08-03,10:00:00,1.9506,Saturday,10,8,Summer,0
10023456783,2024-08-03 11:00:00,2024-08-03,11:00:00,1.5462,Saturday,11,8,Summer,0
10023456783,2024-08-03 12:00:00,2024-08-03,12:00:00,1.5199,Saturday,12,8,Summer,0
10023456783,2024-08-03 13:00:00,2024-08-03,13:00:00,1.3251,Saturday,13,8,Summer,0
10023456783,2024-08-03 14:00:00,2024-08-03,14:00:00,1.2980,Saturday,14,8,Summer,0
10023456783,2024-08-03 15:00:00,2024-08-03,15:00:00,1.4373,Saturday,15,8,Summer,0
10023456783,2024-08-03 16:00:00,2024-08-03,16:00:00,1.7248,Saturday,16,8,Summer,0
10023456783,2024-08-03 17:00:00,2024-08-03,17:00:00,1.9647,Saturday,17,8,Summer,0
10023456783,2024-08-03 18:00:00,2024-08-03,18:00:00,2.2743,Saturday,18,8,Summer,0
10023456783,2024-08-03 19:00:00,2024-08-03,19:00:00,2.3054,Saturday,19,8,Summer,0
10023456783,2024-08-03 20:00:00,2024-08-03,20:00:00,2.4753,Saturday,20,8,Summer,0
10023456783,2024-08-03 21:00:00,2024-08-03,21:00:00,2.6473,Saturday,21,8,Summer,0
10023456783,2024-08-03 22:00:00,2024-08-03,22:00:00,1.8596,Saturday,22,8,Summer,0
10023456783,2024-08-03 23:00:00,2024-08-03,23:00:00,1.0542,Saturday,23,8,Summer,0
10023456783,2024-08-04 00:00:00,2024-08-04,00:00:00,0.4374,Sunday,0,8,Summer,0
10023456783,2024-08-04 01:00:00,2024-08-04,01:00:00,0.5281,Sunday,1,8,Summer,0
10023456783,2024-08-04 02:00:00,2024-08-04,02:00:00,0.4906,Sunday,2,8,Summer,0
10023456783,2024-08-04 03:00:00,2024-08-04,03:00:00,0.4568,Sunday,3,8,Summer,0
10023456783,2024-08-04 04:00:00,2024-08-04,04:00:00,0.4503,Sunday,4,8,Summer,0
10023456783,2024-08-04 05:00:00,2024-08-04,05:00:00,0.5109,Sunday,5,8,Summer,0
10023456783,2024-08-04 06:00:00,2024-08-04,06:00:00,0.8373,Sunday,6,8,Summer,0
10023456783,2024-08-04 07:00:00,2024-08-04,07:00:00,1.5856,Sunday,7,8,Summer,0
10023456783,2024-08-04 08:00:00,2024-08-04,08:00:00,1.7062,Sunday,8,8,Summer,0
10023456783,2024-08-04 09:00:00,2024-08-04,09:00:00,1.6554,Sunday,9,8,Summer,0
10023456783,2024-08-04 10:00:00,2024-08-04,10:00:00,2.1660,Sunday,10,8,Summer,0
10023456783,2024-08-04 11:00:00,2024-08-04,11:00:00,1.5000,Sunday,11,8,Summer,0
10023456783,2024-08-04 12:00:00,2024-08-04,12:00:00,1.7662,Sunday,12,8,Summer,0
10023456783,2024-08-04 13:00:00,2024-08-04,13:00:00,1.6576,Sunday,13,8,Summer,0
10023456783,2024-08-04 14:00:00,2024-08-04,14:00:00,1.6904,Sunday,14,8,Summer,0
10023456783,2024-08-04 15:00:00,2024-08-04,15:00:00,2.0273,Sunday,15,8,Summer,0
10023456783,2024-08-04 16:00:00,2024-08-04,16:00:00,1.6826,Sunday,16,8,Summer,0
10023456783,2024-08-04 17:00:00,2024-08-04,17:00:00,1.9179,Sunday,17,8,Summer,0
10023456783,2024-08-04 18:00:00,2024-08-04,18:00:00,3.0096,Sunday,18,8,Summer,0
10023456783,2024-08-04 19:00:00,2024-08-04,19:00:00,3.0119,Sunday,19,8,Summer,0
10023456783,2024-08-04 20:00:00,2024-08-04,20:00:00,2.5488,Sunday,20,8,Summer,0
10023456783,2024-08-04 21:00:00,2024-08-04,21:00:00,2.2533,Sunday,21,8,Summer,0
10023456783,2024-08-04 22:00:00,2024-08-04,22:00:00,1.5757,Sunday,22,8,Summer,0
10023456783,2024-08-04 23:00:00,2024-08-04,23:00:00,1.1521,Sunday,23,8,Summer,0
10023456783,2024-08-05 00:00:00,2024-08-05,00:00:00,0.5875,Monday,0,8,Summer,0
10023456783,2024-08-05 01:00:00,2024-08-05,01:00:00,0.3702,Monday,1,8,Summer,0
10023456783,2024-08-05 02:00:00,2024-08-05,02:00:00,0.3698,Monday,2,8,Summer,0
10023456783,2024-08-05 03:00:00,2024-08-05,03:00:00,0.3876,Monday,3,8,Summer,0
10023456783,2024-08-05 04:00:00,2024-08-05,04:00:00,0.4121,Monday,4,8,Summer,0
10023456783,2024-08-05 05:00:00,2024-08-05,05:00:00,0.7335,Monday,5,8,Summer,0
10023456783,2024-08-05 06:00:00,2024-08-05,06:00:00,1.1767,Monday,6,8,Summer,0
10023456783,2024-08-05 07:00:00,2024-08-05,07:00:00,1.9351,Monday,7,8,Summer,0
10023456783,2024-08-05 08:00:00,2024-08-05,08:00:00,1.5966,Monday,8,8,Summer,0
10023456783,2024-08-05 09:00:00,2024-08-05,09:00:00,1.4252,Monday,9,8,Summer,0
10023456783,2024-08-05 10:00:00,2024-08-05,10:00:00,1.3625,Monday,10,8,Summer,0
10023456783,2024-08-05 11:00:00,2024-08-05,11:00:00,1.1011,Monday,11,8,Summer,0
10023456783,2024-08-05 12:00:00,2024-08-05,12:00:00,1.2364,Monday,12,8,Summer,0
10023456783,2024-08-05 13:00:00,2024-08-05,13:00:00,0.1814,Monday,13,8,Summer,1
10023456783,2024-08-05 14:00:00,2024-08-05,14:00:00,1.2362,Monday,14,8,Summer,0
10023456783,2024-08-05 15:00:00,2024-08-05,15:00:00,1.1261,Monday,15,8,Summer,0
10023456783,2024-08-05 16:00:00,2024-08-05,16:00:00,1.4714,Monday,16,8,Summer,0
10023456783,2024-08-05 17:00:00,2024-08-05,17:00:00,1.7086,Monday,17,8,Summer,0
10023456783,2024-08-05 18:00:00,2024-08-05,18:00:00,2.4613,Monday,18,8,Summer,0
10023456783,2024-08-05 19:00:00,2024-08-05,19:00:00,2.6002,Monday,19,8,Summer,0
10023456783,2024-08-05 20:00:00,2024-08-05,20:00:00,2.4359,Monday,20,8,Summer,0
10023456783,2024-08-05 21:00:00,2024-08-05,21:00:00,2.4366,Monday,21,8,Summer,0
10023456783,2024-08-05 22:00:00,2024-08-05,22:00:00,1.4166,Monday,22,8,Summer,0
10023456783,2024-08-05 23:00:00,2024-08-05,23:00:00,0.9891,Monday,23,8,Summer,0
10023456783,2024-08-06 00:00:00,2024-08-06,00:00:00,0.3866,Tuesday,0,8,Summer,0
10023456783,2024-08-06 01:00:00,2024-08-06,01:00:00,0.3612,Tuesday,1,8,Summer,0
10023456783,2024-08-06 02:00:00,2024-08-06,02:00:00,0.2741,Tuesday,2,8,Summer,0
10023456783,2024-08-06 03:00:00,2024-08-06,03:00:00,0.4000,Tuesday,3,8,Summer,0
10023456783,2024-08-06 04:00:00,2024-08-06,04:00:00,0.3460,Tuesday,4,8,Summer,0
10023456783,2024-08-06 05:00:00,2024-08-06,05:00:00,0.5591,Tuesday,5,8,Summer,0
10023456783,2024-08-06 06:00:00,2024-08-06,06:00:00,0.8362,Tuesday,6,8,Summer,0
10023456783,2024-08-06 07:00:00,2024-08-06,07:00:00,1.0315,Tuesday,7,8,Summer,0
10023456783,2024-08-06 08:00:00,2024-08-06,08:00:00,1.3586,Tuesday,8,8,Summer,0
10023456783,2024-08-06 09:00:00,2024-08-06,09:00:00,1.5138,Tuesday,9,8,Summer,0
10023456783,2024-08-06 10:00:00,2024-08-06,10:00:00,1.2457,Tuesday,10,8,Summer,0
10023456783,2024-08-06 11:00:00,2024-08-06,11:00:00,1.0293,Tuesday,11,8,Summer,0
10023456783,2024-08-06 12:00:00,2024-08-06,12:00:00,0.9650,Tuesday,12,8,Summer,0
10023456783,2024-08-06 13:00:00,2024-08-06,13:00:00,1.0493,Tuesday,13,8,Summer,0
10023456783,2024-08-06 14:00:00,2024-08-06,14:00:00,0.8904,Tuesday,14,8,Summer,0
10023456783,2024-08-06 15:00:00,2024-08-06,15:00:00,0.9238,Tuesday,15,8,Summer,0
10023456783,2024-08-06 16:00:00,2024-08-06,16:00:00,1.3773,Tuesday,16,8,Summer,0
10023456783,2024-08-06 17:00:00,2024-08-06,17:00:00,1.4606,Tuesday,17,8,Summer,0
10023456783,2024-08-06 18:00:00,2024-08-06,18:00:00,2.0703,Tuesday,18,8,Summer,0
10023456783,2024-08-06 19:00:00,2024-08-06,19:00:00,2.4021,Tuesday,19,8,Summer,0
10023456783,2024-08-06 20:00:00,2024-08-06,20:00:00,2.1606,Tuesday,20,8,Summer,0
10023456783,2024-08-06 21:00:00,2024-08-06,21:00:00,1.7935,Tuesday,21,8,Summer,0
10023456783,2024-08-06 22:00:00,2024-08-06,22:00:00,1.2841,Tuesday,22,8,Summer,0
10023456783,2024-08-06 23:00:00,2024-08-06,23:00:00,0.8630,Tuesday,23,8,Summer,0
10023456783,2024-08-07 00:00:00,2024-08-07,00:00:00,0.4511,Wednesday,0,8,Summer,0
10023456783,2024-08-07 01:00:00,2024-08-07,01:00:00,0.4066,Wednesday,1,8,Summer,0
10023456783,2024-08-07 02:00:00,2024-08-07,02:00:00,0.3820,Wednesday,2,8,Summer,0
10023456783,2024-08-07 03:00:00,2024-08-07,03:00:00,0.3416,Wednesday,3,8,Summer,0
10023456783,2024-08-07 04:00:00,2024-08-07,04:00:00,5.0757,Wednesday,4,8,Summer,1
10023456783,2024-08-07 05:00:00,2024-08-07,05:00:00,5.7732,Wednesday,5,8,Summer,1
10023456783,2024-08-07 06:00:00,2024-08-07,06:00:00,4.2534,Wednesday,6,8,Summer,1
10023456783,2024-08-07 07:00:00,2024-08-07,07:00:00,1.3248,Wednesday,7,8,Summer,0
10023456783,2024-08-07 08:00:00,2024-08-07,08:00:00,1.6964,Wednesday,8,8,Summer,0
10023456783,2024-08-07 09:00:00,2024-08-07,09:00:00,1.2557,Wednesday,9,8,Summer,0
10023456783,2024-08-07 10:00:00,2024-08-07,10:00:00,1.0565,Wednesday,10,8,Summer,0
10023456783,2024-08-07 11:00:00,2024-08-07,11:00:00,0.9779,Wednesday,11,8,Summer,0
10023456783,2024-08-07 12:00:00,2024-08-07,12:00:00,1.0022,Wednesday,12,8,Summer,0
10023456783,2024-08-07 13:00:00,2024-08-07,13:00:00,1.2304,Wednesday,13,8,Summer,0
10023456783,2024-08-07 14:00:00,2024-08-07,14:00:00,0.8908,Wednesday,14,8,Summer,0
10023456783,2024-08-07 15:00:00,2024-08-07,15:00:00,0.9841,Wednesday,15,8,Summer,0
10023456783,2024-08-07 16:00:00,2024-08-07,16:00:00,1.3175,Wednesday,16,8,Summer,0
10023456783,2024-08-07 17:00:00,2024-08-07,17:00:00,1.5628,Wednesday,17,8,Summer,0
10023456783,2024-08-07 18:00:00,2024-08-07,18:00:00,1.9470,Wednesday,18,8,Summer,0
10023456783,2024-08-07 19:00:00,2024-08-07,19:00:00,2.4450,Wednesday,19,8,Summer,0
10023456783,2024-08-07 20:00:00,2024-08-07,20:00:00,2.1617,Wednesday,20,8,Summer,0
10023456783,2024-08-07 21:00:00,2024-08-07,21:00:00,1.8777,Wednesday,21,8,Summer,0
10023456783,2024-08-07 22:00:00,2024-08-07,22:00:00,1.2968,Wednesday,22,8,Summer,0
10023456783,2024-08-07 23:00:00,2024-08-07,23:00:00,0.7915,Wednesday,23,8,Summer,0
10023456783,2024-08-08 00:00:00,2024-08-08,00:00:00,0.5361,Thursday,0,8,Summer,0
10023456783,2024-08-08 01:00:00,2024-08-08,01:00:00,0.4627,Thursday,1,8,Summer,0
10023456783,2024-08-08 02:00:00,2024-08-08,02:00:00,0.4164,Thursday,2,8,Summer,0
10023456783,2024-08-08 03:00:00,2024-08-08,03:00:00,0.4168,Thursday,3,8,Summer,0
10023456783,2024-08-08 04:00:00,2024-08-08,04:00:00,0.3936,Thursday,4,8,Summer,0
10023456783,2024-08-08 05:00:00,2024-08-08,05:00:00,0.6445,Thursday,5,8,Summer,0
10023456783,2024-08-08 06:00:00,2024-08-08,06:00:00,1.2396,Thursday,6,8,Summer,0
10023456783,2024-08-08 07:00:00,2024-08-08,07:00:00,1.6404,Thursday,7,8,Summer,0
10023456783,2024-08-08 08:00:00,2024-08-08,08:00:00,1.5689,Thursday,8,8,Summer,0
10023456783,2024-08-08 09:00:00,2024-08-08,09:00:00,1.7326,Thursday,9,8,Summer,0
10023456783,2024-08-08 10:00:00,2024-08-08,10:00:00,1.5585,Thursday,10,8,Summer,0
10023456783,2024-08-08 11:00:00,2024-08-08,11:00:00,1.3160,Thursday,11,8,Summer,0
10023456783,2024-08-08 12:00:00,2024-08-08,12:00:00,1.1628,Thursday,12,8,Summer,0
10023456783,2024-08-08 13:00:00,2024-08-08,13:00:00,1.5371,Thursday,13,8,Summer,0
10023456783,2024-08-08 14:00:00,2024-08-08,14:00:00,1.3145,Thursday,14,8,Summer,0
10023456783,2024-08-08 15:00:00,2024-08-08,15:00:00,0.8201,Thursday,15,8,Summer,0
10023456783,2024-08-08 16:00:00,2024-08-08,16:00:00,1.3314,Thursday,16,8,Summer,0
10023456783,2024-08-08 17:00:00,2024-08-08,17:00:00,1.6861,Thursday,17,8,Summer,0
10023456783,2024-08-08 18:00:00,2024-08-08,18:00:00,2.4779,Thursday,18,8,Summer,0
10023456783,2024-08-08 19:00:00,2024-08-08,19:00:00,2.7570,Thursday,19,8,Summer,0
10023456783,2024-08-08 20:00:00,2024-08-08,20:00:00,2.3662,Thursday,20,8,Summer,0
10023456783,2024-08-08 21:00:00,2024-08-08,21:00:00,2.1412,Thursday,21,8,Summer,0
10023456783,2024-08-08 22:00:00,2024-08-08,22:00:00,1.5808,Thursday,22,8,Summer,0
10023456783,2024-08-08 23:00:00,2024-08-08,23:00:00,1.0435,Thursday,23,8,Summer,0
10023456783,2024-08-09 00:00:00,2024-08-09,00:00:00,0.4768,Friday,0,8,Summer,0
10023456783,2024-08-09 01:00:00,2024-08-09,01:00:00,0.4659,Friday,1,8,Summer,0
10023456783,2024-08-09 02:00:00,2024-08-09,02:00:00,0.4045,Friday,2,8,Summer,0
10023456783,2024-08-09 03:00:00,2024-08-09,03:00:00,0.4026,Friday,3,8,Summer,0
10023456783,2024-08-09 04:00:00,2024-08-09,04:00:00,0.4767,Friday,4,8,Summer,0
10023456783,2024-08-09 05:00:00,2024-08-09,05:00:00,0.7539,Friday,5,8,Summer,0
10023456783,2024-08-09 06:00:00,2024-08-09,06:00:00,0.9992,Friday,6,8,Summer,0
10023456783,2024-08-09 07:00:00,2024-08-09,07:00:00,1.5748,Friday,7,8,Summer,0
10023456783,2024-08-09 08:00:00,2024-08-09,08:00:00,1.7278,Friday,8,8,Summer,0
10023456783,2024-08-09 09:00:00,2024-08-09,09:00:00,1.8441,Friday,9,8,Summer,0
10023456783,2024-08-09 10:00:00,2024-08-09,10:00:00,1.2076,Friday,10,8,Summer,0
10023456783,2024-08-09 11:00:00,2024-08-09,11:00:00,1.0348,Friday,11,8,Summer,0
10023456783,2024-08-09 12:00:00,2024-08-09,12:00:00,1.3035,Friday,12,8,Summer,0
10023456783,2024-08-09 13:00:00,2024-08-09,13:00:00,1.0401,Friday,13,8,Summer,0
10023456783,2024-08-09 14:00:00,2024-08-09,14:00:00,1.5810,Friday,14,8,Summer,0
10023456783,2024-08-09 15:00:00,2024-08-09,15:00:00,1.1821,Friday,15,8,Summer,0
10023456783,2024-08-09 16:00:00,2024-08-09,16:00:00,1.4641,Friday,16,8,Summer,0
10023456783,2024-08-09 17:00:00,2024-08-09,17:00:00,1.9262,Friday,17,8,Summer,0
10023456783,2024-08-09 18:00:00,2024-08-09,18:00:00,2.2666,Friday,18,8,Summer,0
10023456783,2024-08-09 19:00:00,2024-08-09,19:00:00,3.1096,Friday,19,8,Summer,0
10023456783,2024-08-09 20:00:00,2024-08-09,20:00:00,2.6962,Friday,20,8,Summer,0
10023456783,2024-08-09 21:00:00,2024-08-09,21:00:00,2.0591,Friday,21,8,Summer,0
10023456783,2024-08-09 22:00:00,2024-08-09,22:00:00,1.6008,Friday,22,8,Summer,0
10023456783,2024-08-09 23:00:00,2024-08-09,23:00:00,1.1534,Friday,23,8,Summer,0
10023456783,2024-08-10 00:00:00,2024-08-10,00:00:00,0.5401,Saturday,0,8,Summer,0
10023456783,2024-08-10 01:00:00,2024-08-10,01:00:00,0.4319,Saturday,1,8,Summer,0
10023456783,2024-08-10 02:00:00,2024-08-10,02:00:00,0.4379,Saturday,2,8,Summer,0
10023456783,2024-08-10 03:00:00,2024-08-10,03:00:00,0.4590,Saturday,3,8,Summer,0
10023456783,2024-08-10 04:00:00,2024-08-10,04:00:00,0.4341,Saturday,4,8,Summer,0
10023456783,2024-08-10 05:00:00,2024-08-10,05:00:00,0.4722,Saturday,5,8,Summer,0
10023456783,2024-08-10 06:00:00,2024-08-10,06:00:00,0.6191,Saturday,6,8,Summer,0
10023456783,2024-08-10 07:00:00,2024-08-10,07:00:00,1.0966,Saturday,7,8,Summer,0
10023456783,2024-08-10 08:00:00,2024-08-10,08:00:00,1.3844,Saturday,8,8,Summer,0
10023456783,2024-08-10 09:00:00,2024-08-10,09:00:00,1.8010,Saturday,9,8,Summer,0
10023456783,2024-08-10 10:00:00,2024-08-10,10:00:00,1.4253,Saturday,10,8,Summer,0
10023456783,2024-08-10 11:00:00,2024-08-10,11:00:00,1.3389,Saturday,11,8,Summer,0
10023456783,2024-08-10 12:00:00,2024-08-10,12:00:00,1.4782,Saturday,12,8,Summer,0
10023456783,2024-08-10 13:00:00,2024-08-10,13:00:00,1.3026,Saturday,13,8,Summer,0
10023456783,2024-08-10 14:00:00,2024-08-10,14:00:00,0.9568,Saturday,14,8,Summer,0
10023456783,2024-08-10 15:00:00,2024-08-10,15:00:00,1.3704,Saturday,15,8,Summer,0
10023456783,2024-08-10 16:00:00,2024-08-10,16:00:00,1.4723,Saturday,16,8,Summer,0
10023456783,2024-08-10 17:00:00,2024-08-10,17:00:00,1.6479,Saturday,17,8,Summer,0
10023456783,2024-08-10 18:00:00,2024-08-10,18:00:00,1.7974,Saturday,18,8,Summer,0
10023456783,2024-08-10 19:00:00,2024-08-10,19:00:00,2.3071,Saturday,19,8,Summer,0
10023456783,2024-08-10 20:00:00,2024-08-10,20:00:00,2.0862,Saturday,20,8,Summer,0
10023456783,2024-08-10 21:00:00,2024-08-10,21:00:00,1.6266,Saturday,21,8,Summer,0
10023456783,2024-08-10 22:00:00,2024-08-10,22:00:00,1.5303,Saturday,22,8,Summer,0
10023456783,2024-08-10 23:00:00,2024-08-10,23:00:00,0.9043,Saturday,23,8,Summer,0
10023456783,2024-08-11 00:00:00,2024-08-11,00:00:00,0.5756,Sunday,0,8,Summer,0
10023456783,2024-08-11 01:00:00,2024-08-11,01:00:00,0.3812,Sunday,1,8,Summer,0
10023456783,2024-08-11 02:00:00,2024-08-11,02:00:00,0.3476,Sunday,2,8,Summer,0
10023456783,2024-08-11 03:00:00,2024-08-11,03:00:00,4.1371,Sunday,3,8,Summer,1
10023456783,2024-08-11 04:00:00,2024-08-11,04:00:00,0.3114,Sunday,4,8,Summer,0
10023456783,2024-08-11 05:00:00,2024-08-11,05:00:00,0.4931,Sunday,5,8,Summer,0
10023456783,2024-08-11 06:00:00,2024-08-11,06:00:00,0.8022,Sunday,6,8,Summer,0
10023456783,2024-08-11 07:00:00,2024-08-11,07:00:00,0.9717,Sunday,7,8,Summer,0
10023456783,2024-08-11 08:00:00,2024-08-11,08:00:00,1.4425,Sunday,8,8,Summer,0
10023456783,2024-08-11 09:00:00,2024-08-11,09:00:00,1.7560,Sunday,9,8,Summer,0
10023456783,2024-08-11 10:00:00,2024-08-11,10:00:00,1.4588,Sunday,10,8,Summer,0
10023456783,2024-08-11 11:00:00,2024-08-11,11:00:00,1.2966,Sunday,11,8,Summer,0
10023456783,2024-08-11 12:00:00,2024-08-11,12:00:00,1.3290,Sunday,12,8,Summer,0
10023456783,2024-08-11 13:00:00,2024-08-11,13:00:00,1.3378,Sunday,13,8,Summer,0
10023456783,2024-08-11 14:00:00,2024-08-11,14:00:00,1.0767,Sunday,14,8,Summer,0
10023456783,2024-08-11 15:00:00,2024-08-11,15:00:00,1.1949,Sunday,15,8,Summer,0
10023456783,2024-08-11 16:00:00,2024-08-11,16:00:00,1.2867,Sunday,16,8,Summer,0
10023456783,2024-08-11 17:00:00,2024-08-11,17:00:00,1.6630,Sunday,17,8,Summer,0
10023456783,2024-08-11 18:00:00,2024-08-11,18:00:00,1.8727,Sunday,18,8,Summer,0
10023456783,2024-08-11 19:00:00,2024-08-11,19:00:00,2.1516,Sunday,19,8,Summer,0
10023456783,2024-08-11 20:00:00,2024-08-11,20:00:00,2.2192,Sunday,20,8,Summer,0
10023456783,2024-08-11 21:00:00,2024-08-11,21:00:00,1.5125,Sunday,21,8,Summer,0
10023456783,2024-08-11 22:00:00,2024-08-11,22:00:00,1.3364,Sunday,22,8,Summer,0
10023456783,2024-08-11 23:00:00,2024-08-11,23:00:00,0.8563,Sunday,23,8,Summer,0
10023456783,2024-08-12 00:00:00,2024-08-12,00:00:00,0.4010,Monday,0,8,Summer,0
10023456783,2024-08-12 01:00:00,2024-08-12,01:00:00,0.3616,Monday,1,8,Summer,0
10023456783,2024-08-12 02:00:00,2024-08-12,02:00:00,0.3500,Monday,2,8,Summer,0
10023456783,2024-08-12 03:00:00,2024-08-12,03:00:00,0.2901,Monday,3,8,Summer,0
10023456783,2024-08-12 04:00:00,2024-08-12,04:00:00,0.4140,Monday,4,8,Summer,0
10023456783,2024-08-12 05:00:00,2024-08-12,05:00:00,0.5122,Monday,5,8,Summer,0
10023456783,2024-08-12 06:00:00,2024-08-12,06:00:00,0.6568,Monday,6,8,Summer,0
10023456783,2024-08-12 07:00:00,2024-08-12,07:00:00,1.4190,Monday,7,8,Summer,0
10023456783,2024-08-12 08:00:00,2024-08-12,08:00:00,1.4996,Monday,8,8,Summer,0
10023456783,2024-08-12 09:00:00,2024-08-12,09:00:00,1.0715,Monday,9,8,Summer,0
10023456783,2024-08-12 10:00:00,2024-08-12,10:00:00,0.9309,Monday,10,8,Summer,0
10023456783,2024-08-12 11:00:00,2024-08-12,11:00:00,1.0149,Monday,11,8,Summer,0
10023456783,2024-08-12 12:00:00,2024-08-12,12:00:00,0.9774,Monday,12,8,Summer,0
10023456783,2024-08-12 13:00:00,2024-08-12,13:00:00,0.8848,Monday,13,8,Summer,0
10023456783,2024-08-12 14:00:00,2024-08-12,14:00:00,4.5551,Monday,14,8,Summer,1
10023456783,2024-08-12 15:00:00,2024-08-12,15:00:00,5.1351,Monday,15,8,Summer,1
10023456783,2024-08-12 16:00:00,2024-08-12,16:00:00,1.0400,Monday,16,8,Summer,0
10023456783,2024-08-12 17:00:00,2024-08-12,17:00:00,1.5621,Monday,17,8,Summer,0
10023456783,2024-08-12 18:00:00,2024-08-12,18:00:00,1.6547,Monday,18,8,Summer,0
10023456783,2024-08-12 19:00:00,2024-08-12,19:00:00,1.6517,Monday,19,8,Summer,0
10023456783,2024-08-12 20:00:00,2024-08-12,20:00:00,1.7715,Monday,20,8,Summer,0
10023456783,2024-08-12 21:00:00,2024-08-12,21:00:00,1.4493,Monday,21,8,Summer,0
10023456783,2024-08-12 22:00:00,2024-08-12,22:00:00,0.9904,Monday,22,8,Summer,0
10023456783,2024-08-12 23:00:00,2024-08-12,23:00:00,0.7848,Monday,23,8,Summer,0
10023456783,2024-08-13 00:00:00,2024-08-13,00:00:00,0.3798,Tuesday,0,8,Summer,0
10023456783,2024-08-13 01:00:00,2024-08-13,01:00:00,0.3955,Tuesday,1,8,Summer,0
10023456783,2024-08-13 02:00:00,2024-08-13,02:00:00,0.3639,Tuesday,2,8,Summer,0
10023456783,2024-08-13 03:00:00,2024-08-13,03:00:00,0.4072,Tuesday,3,8,Summer,0
10023456783,2024-08-13 04:00:00,2024-08-13,04:00:00,0.4343,Tuesday,4,8,Summer,0
10023456783,2024-08-13 05:00:00,2024-08-13,05:00:00,0.5556,Tuesday,5,8,Summer,0
10023456783,2024-08-13 06:00:00,2024-08-13,06:00:00,1.3025,Tuesday,6,8,Summer,0
10023456783,2024-08-13 07:00:00,2024-08-13,07:00:00,1.6632,Tuesday,7,8,Summer,0
10023456783,2024-08-13 08:00:00,2024-08-13,08:00:00,1.5136,Tuesday,8,8,Summer,0
10023456783,2024-08-13 09:00:00,2024-08-13,09:00:00,1.2349,Tuesday,9,8,Summer,0
10023456783,2024-08-13 10:00:00,2024-08-13,10:00:00,1.3666,Tuesday,10,8,Summer,0
10023456783,2024-08-13 11:00:00,2024-08-13,11:00:00,1.0535,Tuesday,11,8,Summer,0
10023456783,2024-08-13 12:00:00,2024-08-13,12:00:00,1.0804,Tuesday,12,8,Summer,0
10023456783,2024-08-13 13:00:00,2024-08-13,13:00:00,1.1403,Tuesday,13,8,Summer,0
10023456783,2024-08-13 14:00:00,2024-08-13,14:00:00,0.9512,Tuesday,14,8,Summer,0
10023456783,2024-08-13 15:00:00,2024-08-13,15:00:00,0.9546,Tuesday,15,8,Summer,0
10023456783,2024-08-13 16:00:00,2024-08-13,16:00:00,1.2629,Tuesday,16,8,Summer,0
10023456783,2024-08-13 17:00:00,2024-08-13,17:00:00,1.6337,Tuesday,17,8,Summer,0
10023456783,2024-08-13 18:00:00,2024-08-13,18:00:00,1.8193,Tuesday,18,8,Summer,0
10023456783,2024-08-13 19:00:00,2024-08-13,19:00:00,2.2894,Tuesday,19,8,Summer,0
10023456783,2024-08-13 20:00:00,2024-08-13,20:00:00,2.5277,Tuesday,20,8,Summer,0
10023456783,2024-08-13 21:00:00,2024-08-13,21:00:00,2.2234,Tuesday,21,8,Summer,0
10023456783,2024-08-13 22:00:00,2024-08-13,22:00:00,1.3619,Tuesday,22,8,Summer,0
10023456783,2024-08-13 23:00:00,2024-08-13,23:00:00,0.7546,Tuesday,23,8,Summer,0
10023456783,2024-08-14 00:00:00,2024-08-14,00:00:00,0.3380,Wednesday,0,8,Summer,0
10023456783,2024-08-14 01:00:00,2024-08-14,01:00:00,0.3242,Wednesday,1,8,Summer,0
10023456783,2024-08-14 02:00:00,2024-08-14,02:00:00,0.2330,Wednesday,2,8,Summer,0
10023456783,2024-08-14 03:00:00,2024-08-14,03:00:00,0.2163,Wednesday,3,8,Summer,0
10023456783,2024-08-14 04:00:00,2024-08-14,04:00:00,0.3085,Wednesday,4,8,Summer,0
10023456783,2024-08-14 05:00:00,2024-08-14,05:00:00,0.4049,Wednesday,5,8,Summer,0
10023456783,2024-08-14 06:00:00,2024-08-14,06:00:00,0.7759,Wednesday,6,8,Summer,0
10023456783,2024-08-14 07:00:00,2024-08-14,07:00:00,1.0559,Wednesday,7,8,Summer,0
10023456783,2024-08-14 08:00:00,2024-08-14,08:00:00,1.2551,Wednesday,8,8,Summer,0
10023456783,2024-08-14 09:00:00,2024-08-14,09:00:00,1.1940,Wednesday,9,8,Summer,0
10023456783,2024-08-14 10:00:00,2024-08-14,10:00:00,1.0454,Wednesday,10,8,Summer,0
10023456783,2024-08-14 11:00:00,2024-08-14,11:00:00,0.7369,Wednesday,11,8,Summer,0
10023456783,2024-08-14 12:00:00,2024-08-14,12:00:00,0.8377,Wednesday,12,8,Summer,0
10023456783,2024-08-14 13:00:00,2024-08-14,13:00:00,0.7863,Wednesday,13,8,Summer,0
10023456783,2024-08-14 14:00:00,2024-08-14,14:00:00,0.8367,Wednesday,14,8,Summer,0
10023456783,2024-08-14 15:00:00,2024-08-14,15:00:00,0.9869,Wednesday,15,8,Summer,0
10023456783,2024-08-14 16:00:00,2024-08-14,16:00:00,1.0469,Wednesday,16,8,Summer,0
10023456783,2024-08-14 17:00:00,2024-08-14,17:00:00,1.2649,Wednesday,17,8,Summer,0
10023456783,2024-08-14 18:00:00,2024-08-14,18:00:00,1.8009,Wednesday,18,8,Summer,0
10023456783,2024-08-14 19:00:00,2024-08-14,19:00:00,1.5532,Wednesday,19,8,Summer,0
10023456783,2024-08-14 20:00:00,2024-08-14,20:00:00,1.6961,Wednesday,20,8,Summer,0
10023456783,2024-08-14 21:00:00,2024-08-14,21:00:00,1.4979,Wednesday,21,8,Summer,0
10023456783,2024-08-14 22:00:00,2024-08-14,22:00:00,1.1453,Wednesday,22,8,Summer,0
10023456783,2024-08-14 23:00:00,2024-08-14,23:00:00,0.5191,Wednesday,23,8,Summer,0
10023456783,2024-08-15 00:00:00,2024-08-15,00:00:00,0.5903,Thursday,0,8,Summer,0
10023456783,2024-08-15 01:00:00,2024-08-15,01:00:00,0.4922,Thursday,1,8,Summer,0
10023456783,2024-08-15 02:00:00,2024-08-15,02:00:00,0.5699,Thursday,2,8,Summer,0
10023456783,2024-08-15 03:00:00,2024-08-15,03:00:00,0.4641,Thursday,3,8,Summer,0
10023456783,2024-08-15 04:00:00,2024-08-15,04:00:00,0.5577,Thursday,4,8,Summer,0
10023456783,2024-08-15 05:00:00,2024-08-15,05:00:00,0.8357,Thursday,5,8,Summer,0
10023456783,2024-08-15 06:00:00,2024-08-15,06:00:00,1.3580,Thursday,6,8,Summer,0
10023456783,2024-08-15 07:00:00,2024-08-15,07:00:00,2.1257,Thursday,7,8,Summer,0
10023456783,2024-08-15 08:00:00,2024-08-15,08:00:00,2.0157,Thursday,8,8,Summer,0
10023456783,2024-08-15 09:00:00,2024-08-15,09:00:00,2.0843,Thursday,9,8,Summer,0
10023456783,2024-08-15 10:00:00,2024-08-15,10:00:00,1.3790,Thursday,10,8,Summer,0
10023456783,2024-08-15 11:00:00,2024-08-15,11:00:00,1.3623,Thursday,11,8,Summer,0
10023456783,2024-08-15 12:00:00,2024-08-15,12:00:00,1.1556,Thursday,12,8,Summer,0
10023456783,2024-08-15 13:00:00,2024-08-15,13:00:00,1.3563,Thursday,13,8,Summer,0
10023456783,2024-08-15 14:00:00,2024-08-15,14:00:00,1.1743,Thursday,14,8,Summer,0
10023456783,2024-08-15 15:00:00,2024-08-15,15:00:00,1.3845,Thursday,15,8,Summer,0
10023456783,2024-08-15 16:00:00,2024-08-15,16:00:00,1.9783,Thursday,16,8,Summer,0
10023456783,2024-08-15 17:00:00,2024-08-15,17:00:00,1.9249,Thursday,17,8,Summer,0
10023456783,2024-08-15 18:00:00,2024-08-15,18:00:00,2.4880,Thursday,18,8,Summer,0
10023456783,2024-08-15 19:00:00,2024-08-15,19:00:00,3.0802,Thursday,19,8,Summer,0
10023456783,2024-08-15 20:00:00,2024-08-15,20:00:00,2.7028,Thursday,20,8,Summer,0
10023456783,2024-08-15 21:00:00,2024-08-15,21:00:00,2.7561,Thursday,21,8,Summer,0
10023456783,2024-08-15 22:00:00,2024-08-15,22:00:00,1.7241,Thursday,22,8,Summer,0
10023456783,2024-08-15 23:00:00,2024-08-15,23:00:00,0.9947,Thursday,23,8,Summer,0
10023456783,2024-08-16 00:00:00,2024-08-16,00:00:00,0.3419,Friday,0,8,Summer,0
10023456783,2024-08-16 01:00:00,2024-08-16,01:00:00,0.4000,Friday,1,8,Summer,0
10023456783,2024-08-16 02:00:00,2024-08-16,02:00:00,0.3442,Friday,2,8,Summer,0
10023456783,2024-08-16 03:00:00,2024-08-16,03:00:00,0.3538,Friday,3,8,Summer,0
10023456783,2024-08-16 04:00:00,2024-08-16,04:00:00,0.4289,Friday,4,8,Summer,0
10023456783,2024-08-16 05:00:00,2024-08-16,05:00:00,0.6143,Friday,5,8,Summer,0
10023456783,2024-08-16 06:00:00,2024-08-16,06:00:00,1.0760,Friday,6,8,Summer,0
10023456783,2024-08-16 07:00:00,2024-08-16,07:00:00,1.5321,Friday,7,8,Summer,0
10023456783,2024-08-16 08:00:00,2024-08-16,08:00:00,1.8613,Friday,8,8,Summer,0
10023456783,2024-08-16 09:00:00,2024-08-16,09:00:00,1.2553,Friday,9,8,Summer,0
10023456783,2024-08-16 10:00:00,2024-08-16,10:00:00,1.1299,Friday,10,8,Summer,0
10023456783,2024-08-16 11:00:00,2024-08-16,11:00:00,0.9296,Friday,11,8,Summer,0
10023456783,2024-08-16 12:00:00,2024-08-16,12:00:00,0.9883,Friday,12,8,Summer,0
10023456783,2024-08-16 13:00:00,2024-08-16,13:00:00,1.0532,Friday,13,8,Summer,0
10023456783,2024-08-16 14:00:00,2024-08-16,14:00:00,0.8822,Friday,14,8,Summer,0
10023456783,2024-08-16 15:00:00,2024-08-16,15:00:00,0.9225,Friday,15,8,Summer,0
10023456783,2024-08-16 16:00:00,2024-08-16,16:00:00,1.3585,Friday,16,8,Summer,0
10023456783,2024-08-16 17:00:00,2024-08-16,17:00:00,1.5034,Friday,17,8,Summer,0
10023456783,2024-08-16 18:00:00,2024-08-16,18:00:00,2.1907,Friday,18,8,Summer,0
10023456783,2024-08-16 19:00:00,2024-08-16,19:00:00,2.1636,Friday,19,8,Summer,0
10023456783,2024-08-16 20:00:00,2024-08-16,20:00:00,2.2751,Friday,20,8,Summer,0
10023456783,2024-08-16 21:00:00,2024-08-16,21:00:00,1.8632,Friday,21,8,Summer,0
10023456783,2024-08-16 22:00:00,2024-08-16,22:00:00,1.1782,Friday,22,8,Summer,0
10023456783,2024-08-16 23:00:00,2024-08-16,23:00:00,0.8072,Friday,23,8,Summer,0
10023456783,2024-08-17 00:00:00,2024-08-17,00:00:00,0.4900,Saturday,0,8,Summer,0
10023456783,2024-08-17 01:00:00,2024-08-17,01:00:00,5.8692,Saturday,1,8,Summer,1
10023456783,2024-08-17 02:00:00,2024-08-17,02:00:00,0.4933,Saturday,2,8,Summer,0
10023456783,2024-08-17 03:00:00,2024-08-17,03:00:00,0.4084,Saturday,3,8,Summer,0
10023456783,2024-08-17 04:00:00,2024-08-17,04:00:00,0.3465,Saturday,4,8,Summer,0
10023456783,2024-08-17 05:00:00,2024-08-17,05:00:00,0.6166,Saturday,5,8,Summer,0
10023456783,2024-08-17 06:00:00,2024-08-17,06:00:00,0.6684,Saturday,6,8,Summer,0
10023456783,2024-08-17 07:00:00,2024-08-17,07:00:00,1.3204,Saturday,7,8,Summer,0
10023456783,2024-08-17 08:00:00,2024-08-17,08:00:00,2.0588,Saturday,8,8,Summer,0
10023456783,2024-08-17 09:00:00,2024-08-17,09:00:00,1.4905,Saturday,9,8,Summer,0
10023456783,2024-08-17 10:00:00,2024-08-17,10:00:00,1.4532,Saturday,10,8,Summer,0
10023456783,2024-08-17 11:00:00,2024-08-17,11:00:00,1.5027,Saturday,11,8,Summer,0
10023456783,2024-08-17 12:00:00,2024-08-17,12:00:00,1.2006,Saturday,12,8,Summer,0
10023456783,2024-08-17 13:00:00,2024-08-17,13:00:00,1.3726,Saturday,13,8,Summer,0
10023456783,2024-08-17 14:00:00,2024-08-17,14:00:00,1.2891,Saturday,14,8,Summer,0
10023456783,2024-08-17 15:00:00,2024-08-17,15:00:00,1.5194,Saturday,15,8,Summer,0
10023456783,2024-08-17 16:00:00,2024-08-17,16:00:00,1.3222,Saturday,16,8,Summer,0
10023456783,2024-08-17 17:00:00,2024-08-17,17:00:00,1.8840,Saturday,17,8,Summer,0
10023456783,2024-08-17 18:00:00,2024-08-17,18:00:00,2.2647,Saturday,18,8,Summer,0
10023456783,2024-08-17 19:00:00,2024-08-17,19:00:00,2.2442,Saturday,19,8,Summer,0
10023456783,2024-08-17 20:00:00,2024-08-17,20:00:00,2.3390,Saturday,20,8,Summer,0
10023456783,2024-08-17 21:00:00,2024-08-17,21:00:00,1.8862,Saturday,21,8,Summer,0
10023456783,2024-08-17 22:00:00,2024-08-17,22:00:00,1.5010,Saturday,22,8,Summer,0
10023456783,2024-08-17 23:00:00,2024-08-17,23:00:00,0.9434,Saturday,23,8,Summer,0
10023456783,2024-08-18 00:00:00,2024-08-18,00:00:00,0.4140,Sunday,0,8,Summer,0
10023456783,2024-08-18 01:00:00,2024-08-18,01:00:00,0.3849,Sunday,1,8,Summer,0
10023456783,2024-08-18 02:00:00,2024-08-18,02:00:00,0.3701,Sunday,2,8,Summer,0
10023456783,2024-08-18 03:00:00,2024-08-18,03:00:00,0.3374,Sunday,3,8,Summer,0
10023456783,2024-08-18 04:00:00,2024-08-18,04:00:00,6.0462,Sunday,4,8,Summer,1
10023456783,2024-08-18 05:00:00,2024-08-18,05:00:00,0.4510,Sunday,5,8,Summer,0
10023456783,2024-08-18 06:00:00,2024-08-18,06:00:00,0.6383,Sunday,6,8,Summer,0
10023456783,2024-08-18 07:00:00,2024-08-18,07:00:00,1.0155,Sunday,7,8,Summer,0
10023456783,2024-08-18 08:00:00,2024-08-18,08:00:00,1.3582,Sunday,8,8,Summer,0
10023456783,2024-08-18 09:00:00,2024-08-18,09:00:00,1.5688,Sunday,9,8,Summer,0
10023456783,2024-08-18 10:00:00,2024-08-18,10:00:00,1.2282,Sunday,10,8,Summer,0
10023456783,2024-08-18 11:00:00,2024-08-18,11:00:00,1.3370,Sunday,11,8,Summer,0
10023456783,2024-08-18 12:00:00,2024-08-18,12:00:00,1.3991,Sunday,12,8,Summer,0
10023456783,2024-08-18 13:00:00,2024-08-18,13:00:00,1.1141,Sunday,13,8,Summer,0
10023456783,2024-08-18 14:00:00,2024-08-18,14:00:00,1.0451,Sunday,14,8,Summer,0
10023456783,2024-08-18 15:00:00,2024-08-18,15:00:00,1.1977,Sunday,15,8,Summer,0
10023456783,2024-08-18 16:00:00,2024-08-18,16:00:00,1.3440,Sunday,16,8,Summer,0
10023456783,2024-08-18 17:00:00,2024-08-18,17:00:00,1.5981,Sunday,17,8,Summer,0
10023456783,2024-08-18 18:00:00,2024-08-18,18:00:00,1.9984,Sunday,18,8,Summer,0
10023456783,2024-08-18 19:00:00,2024-08-18,19:00:00,2.1621,Sunday,19,8,Summer,0
10023456783,2024-08-18 20:00:00,2024-08-18,20:00:00,1.8450,Sunday,20,8,Summer,0
10023456783,2024-08-18 21:00:00,2024-08-18,21:00:00,1.4868,Sunday,21,8,Summer,0
10023456783,2024-08-18 22:00:00,2024-08-18,22:00:00,1.4625,Sunday,22,8,Summer,0
10023456783,2024-08-18 23:00:00,2024-08-18,23:00:00,1.0037,Sunday,23,8,Summer,0
10023456783,2024-08-19 00:00:00,2024-08-19,00:00:00,0.3701,Monday,0,8,Summer,0
10023456783,2024-08-19 01:00:00,2024-08-19,01:00:00,5.5391,Monday,1,8,Summer,1
10023456783,2024-08-19 02:00:00,2024-08-19,02:00:00,3.5841,Monday,2,8,Summer,1
10023456783,2024-08-19 03:00:00,2024-08-19,03:00:00,0.3214,Monday,3,8,Summer,0
10023456783,2024-08-19 04:00:00,2024-08-19,04:00:00,0.3623,Monday,4,8,Summer,0
10023456783,2024-08-19 05:00:00,2024-08-19,05:00:00,0.5502,Monday,5,8,Summer,0
10023456783,2024-08-19 06:00:00,2024-08-19,06:00:00,1.0744,Monday,6,8,Summer,0
10023456783,2024-08-19 07:00:00,2024-08-19,07:00:00,1.2710,Monday,7,8,Summer,0
10023456783,2024-08-19 08:00:00,2024-08-19,08:00:00,1.9321,Monday,8,8,Summer,0
10023456783,2024-08-19 09:00:00,2024-08-19,09:00:00,1.2777,Monday,9,8,Summer,0
10023456783,2024-08-19 10:00:00,2024-08-19,10:00:00,0.8727,Monday,10,8,Summer,0
10023456783,2024-08-19 11:00:00,2024-08-19,11:00:00,0.7751,Monday,11,8,Summer,0
10023456783,2024-08-19 12:00:00,2024-08-19,12:00:00,0.8700,Monday,12,8,Summer,0
10023456783,2024-08-19 13:00:00,2024-08-19,13:00:00,0.8293,Monday,13,8,Summer,0
10023456783,2024-08-19 14:00:00,2024-08-19,14:00:00,1.0688,Monday,14,8,Summer,0
10023456783,2024-08-19 15:00:00,2024-08-19,15:00:00,1.0979,Monday,15,8,Summer,0
10023456783,2024-08-19 16:00:00,2024-08-19,16:00:00,1.0273,Monday,16,8,Summer,0
10023456783,2024-08-19 17:00:00,2024-08-19,17:00:00,1.2764,Monday,17,8,Summer,0
10023456783,2024-08-19 18:00:00,2024-08-19,18:00:00,1.7438,Monday,18,8,Summer,0
10023456783,2024-08-19 19:00:00,2024-08-19,19:00:00,1.8784,Monday,19,8,Summer,0
10023456783,2024-08-19 20:00:00,2024-08-19,20:00:00,1.8280,Monday,20,8,Summer,0
10023456783,2024-08-19 21:00:00,2024-08-19,21:00:00,1.4391,Monday,21,8,Summer,0
10023456783,2024-08-19 22:00:00,2024-08-19,22:00:00,1.4274,Monday,22,8,Summer,0
10023456783,2024-08-19 23:00:00,2024-08-19,23:00:00,0.5821,Monday,23,8,Summer,0
10023456783,2024-08-20 00:00:00,2024-08-20,00:00:00,0.4271,Tuesday,0,8,Summer,0
10023456783,2024-08-20 01:00:00,2024-08-20,01:00:00,0.2944,Tuesday,1,8,Summer,0
10023456783,2024-08-20 02:00:00,2024-08-20,02:00:00,0.2567,Tuesday,2,8,Summer,0
10023456783,2024-08-20 03:00:00,2024-08-20,03:00:00,0.2554,Tuesday,3,8,Summer,0
10023456783,2024-08-20 04:00:00,2024-08-20,04:00:00,0.3825,Tuesday,4,8,Summer,0
10023456783,2024-08-20 05:00:00,2024-08-20,05:00:00,0.4426,Tuesday,5,8,Summer,0
10023456783,2024-08-20 06:00:00,2024-08-20,06:00:00,0.9153,Tuesday,6,8,Summer,0
10023456783,2024-08-20 07:00:00,2024-08-20,07:00:00,1.3898,Tuesday,7,8,Summer,0
10023456783,2024-08-20 08:00:00,2024-08-20,08:00:00,1.1347,Tuesday,8,8,Summer,0
10023456783,2024-08-20 09:00:00,2024-08-20,09:00:00,0.9604,Tuesday,9,8,Summer,0
10023456783,2024-08-20 10:00:00,2024-08-20,10:00:00,0.7876,Tuesday,10,8,Summer,0
10023456783,2024-08-20 11:00:00,2024-08-20,11:00:00,0.8964,Tuesday,11,8,Summer,0
10023456783,2024-08-20 12:00:00,2024-08-20,12:00:00,0.6886,Tuesday,12,8,Summer,0
10023456783,2024-08-20 13:00:00,2024-08-20,13:00:00,0.8089,Tuesday,13,8,Summer,0
10023456783,2024-08-20 14:00:00,2024-08-20,14:00:00,0.9402,Tuesday,14,8,Summer,0
10023456783,2024-08-20 15:00:00,2024-08-20,15:00:00,0.7222,Tuesday,15,8,Summer,0
10023456783,2024-08-20 16:00:00,2024-08-20,16:00:00,0.9339,Tuesday,16,8,Summer,0
10023456783,2024-08-20 17:00:00,2024-08-20,17:00:00,1.0980,Tuesday,17,8,Summer,0
10023456783,2024-08-20 18:00:00,2024-08-20,18:00:00,1.3597,Tuesday,18,8,Summer,0
10023456783,2024-08-20 19:00:00,2024-08-20,19:00:00,2.1637,Tuesday,19,8,Summer,0
10023456783,2024-08-20 20:00:00,2024-08-20,20:00:00,1.7981,Tuesday,20,8,Summer,0
10023456783,2024-08-20 21:00:00,2024-08-20,21:00:00,1.9745,Tuesday,21,8,Summer,0
10023456783,2024-08-20 22:00:00,2024-08-20,22:00:00,1.1324,Tuesday,22,8,Summer,0
10023456783,2024-08-20 23:00:00,2024-08-20,23:00:00,0.7616,Tuesday,23,8,Summer,0
10023456783,2024-08-21 00:00:00,2024-08-21,00:00:00,0.3604,Wednesday,0,8,Summer,0
10023456783,2024-08-21 01:00:00,2024-08-21,01:00:00,0.3881,Wednesday,1,8,Summer,0
10023456783,2024-08-21 02:00:00,2024-08-21,02:00:00,0.4475,Wednesday,2,8,Summer,0
10023456783,2024-08-21 03:00:00,2024-08-21,03:00:00,0.3145,Wednesday,3,8,Summer,0
10023456783,2024-08-21 04:00:00,2024-08-21,04:00:00,0.4447,Wednesday,4,8,Summer,0
10023456783,2024-08-21 05:00:00,2024-08-21,05:00:00,0.5127,Wednesday,5,8,Summer,0
10023456783,2024-08-21 06:00:00,2024-08-21,06:00:00,0.9202,Wednesday,6,8,Summer,0
10023456783,2024-08-21 07:00:00,2024-08-21,07:00:00,1.4758,Wednesday,7,8,Summer,0
10023456783,2024-08-21 08:00:00,2024-08-21,08:00:00,1.6607,Wednesday,8,8,Summer,0
10023456783,2024-08-21 09:00:00,2024-08-21,09:00:00,1.1151,Wednesday,9,8,Summer,0
10023456783,2024-08-21 10:00:00,2024-08-21,10:00:00,1.1236,Wednesday,10,8,Summer,0
10023456783,2024-08-21 11:00:00,2024-08-21,11:00:00,0.9615,Wednesday,11,8,Summer,0
10023456783,2024-08-21 12:00:00,2024-08-21,12:00:00,0.9530,Wednesday,12,8,Summer,0
10023456783,2024-08-21 13:00:00,2024-08-21,13:00:00,1.0427,Wednesday,13,8,Summer,0
10023456783,2024-08-21 14:00:00,2024-08-21,14:00:00,0.9609,Wednesday,14,8,Summer,0
10023456783,2024-08-21 15:00:00,2024-08-21,15:00:00,0.9953,Wednesday,15,8,Summer,0
10023456783,2024-08-21 16:00:00,2024-08-21,16:00:00,1.2557,Wednesday,16,8,Summer,0
10023456783,2024-08-21 17:00:00,2024-08-21,17:00:00,1.4445,Wednesday,17,8,Summer,0
10023456783,2024-08-21 18:00:00,2024-08-21,18:00:00,1.9774,Wednesday,18,8,Summer,0
10023456783,2024-08-21 19:00:00,2024-08-21,19:00:00,2.6319,Wednesday,19,8,Summer,0
10023456783,2024-08-21 20:00:00,2024-08-21,20:00:00,2.1823,Wednesday,20,8,Summer,0
10023456783,2024-08-21 21:00:00,2024-08-21,21:00:00,1.9667,Wednesday,21,8,Summer,0
10023456783,2024-08-21 22:00:00,2024-08-21,22:00:00,1.4861,Wednesday,22,8,Summer,0
10023456783,2024-08-21 23:00:00,2024-08-21,23:00:00,0.8916,Wednesday,23,8,Summer,0
10023456783,2024-08-22 00:00:00,2024-08-22,00:00:00,0.4694,Thursday,0,8,Summer,0
10023456783,2024-08-22 01:00:00,2024-08-22,01:00:00,0.3510,Thursday,1,8,Summer,0
10023456783,2024-08-22 02:00:00,2024-08-22,02:00:00,0.4153,Thursday,2,8,Summer,0
10023456783,2024-08-22 03:00:00,2024-08-22,03:00:00,0.3635,Thursday,3,8,Summer,0
10023456783,2024-08-22 04:00:00,2024-08-22,04:00:00,0.5430,Thursday,4,8,Summer,0
10023456783,2024-08-22 05:00:00,2024-08-22,05:00:00,5.3652,Thursday,5,8,Summer,1
10023456783,2024-08-22 06:00:00,2024-08-22,06:00:00,3.3381,Thursday,6,8,Summer,1
10023456783,2024-08-22 07:00:00,2024-08-22,07:00:00,5.0574,Thursday,7,8,Summer,1
10023456783,2024-08-22 08:00:00,2024-08-22,08:00:00,1.7479,Thursday,8,8,Summer,0
10023456783,2024-08-22 09:00:00,2024-08-22,09:00:00,1.4097,Thursday,9,8,Summer,0
10023456783,2024-08-22 10:00:00,2024-08-22,10:00:00,1.0106,Thursday,10,8,Summer,0
10023456783,2024-08-22 11:00:00,2024-08-22,11:00:00,1.1355,Thursday,11,8,Summer,0
10023456783,2024-08-22 12:00:00,2024-08-22,12:00:00,1.1895,Thursday,12,8,Summer,0
10023456783,2024-08-22 13:00:00,2024-08-22,13:00:00,1.2272,Thursday,13,8,Summer,0
10023456783,2024-08-22 14:00:00,2024-08-22,14:00:00,1.3644,Thursday,14,8,Summer,0
10023456783,2024-08-22 15:00:00,2024-08-22,15:00:00,1.2689,Thursday,15,8,Summer,0
10023456783,2024-08-22 16:00:00,2024-08-22,16:00:00,1.4663,Thursday,16,8,Summer,0
10023456783,2024-08-22 17:00:00,2024-08-22,17:00:00,1.8344,Thursday,17,8,Summer,0
10023456783,2024-08-22 18:00:00,2024-08-22,18:00:00,2.5846,Thursday,18,8,Summer,0
10023456783,2024-08-22 19:00:00,2024-08-22,19:00:00,2.8431,Thursday,19,8,Summer,0
10023456783,2024-08-22 20:00:00,2024-08-22,20:00:00,2.6650,Thursday,20,8,Summer,0
10023456783,2024-08-22 21:00:00,2024-08-22,21:00:00,1.7831,Thursday,21,8,Summer,0
10023456783,2024-08-22 22:00:00,2024-08-22,22:00:00,1.7962,Thursday,22,8,Summer,0
10023456783,2024-08-22 23:00:00,2024-08-22,23:00:00,1.0482,Thursday,23,8,Summer,0
10023456783,2024-08-23 00:00:00,2024-08-23,00:00:00,0.3159,Friday,0,8,Summer,0
10023456783,2024-08-23 01:00:00,2024-08-23,01:00:00,0.3364,Friday,1,8,Summer,0
10023456783,2024-08-23 02:00:00,2024-08-23,02:00:00,5.5822,Friday,2,8,Summer,1
10023456783,2024-08-23 03:00:00,2024-08-23,03:00:00,0.3285,Friday,3,8,Summer,0
10023456783,2024-08-23 04:00:00,2024-08-23,04:00:00,0.3730,Friday,4,8,Summer,0
10023456783,2024-08-23 05:00:00,2024-08-23,05:00:00,0.5088,Friday,5,8,Summer,0
10023456783,2024-08-23 06:00:00,2024-08-23,06:00:00,0.9326,Friday,6,8,Summer,0
10023456783,2024-08-23 07:00:00,2024-08-23,07:00:00,1.1927,Friday,7,8,Summer,0
10023456783,2024-08-23 08:00:00,2024-08-23,08:00:00,1.6252,Friday,8,8,Summer,0
10023456783,2024-08-23 09:00:00,2024-08-23,09:00:00,1.3986,Friday,9,8,Summer,0
10023456783,2024-08-23 10:00:00,2024-08-23,10:00:00,1.0193,Friday,10,8,Summer,0
10023456783,2024-08-23 11:00:00,2024-08-23,11:00:00,0.8202,Friday,11,8,Summer,0
10023456783,2024-08-23 12:00:00,2024-08-23,12:00:00,0.8719,Friday,12,8,Summer,0
10023456783,2024-08-23 13:00:00,2024-08-23,13:00:00,1.0440,Friday,13,8,Summer,0
10023456783,2024-08-23 14:00:00,2024-08-23,14:00:00,0.9003,Friday,14,8,Summer,0
10023456783,2024-08-23 15:00:00,2024-08-23,15:00:00,0.9632,Friday,15,8,Summer,0
10023456783,2024-08-23 16:00:00,2024-08-23,16:00:00,1.3854,Friday,16,8,Summer,0
10023456783,2024-08-23 17:00:00,2024-08-23,17:00:00,1.4685,Friday,17,8,Summer,0
10023456783,2024-08-23 18:00:00,2024-08-23,18:00:00,1.7302,Friday,18,8,Summer,0
10023456783,2024-08-23 19:00:00,2024-08-23,19:00:00,1.7809,Friday,19,8,Summer,0
10023456783,2024-08-23 20:00:00,2024-08-23,20:00:00,1.8483,Friday,20,8,Summer,0
10023456783,2024-08-23 21:00:00,2024-08-23,21:00:00,1.7451,Friday,21,8,Summer,0
10023456783,2024-08-23 22:00:00,2024-08-23,22:00:00,1.1840,Friday,22,8,Summer,0
10023456783,2024-08-23 23:00:00,2024-08-23,23:00:00,0.8028,Friday,23,8,Summer,0
10023456783,2024-08-24 00:00:00,2024-08-24,00:00:00,0.4299,Saturday,0,8,Summer,0
10023456783,2024-08-24 01:00:00,2024-08-24,01:00:00,0.3794,Saturday,1,8,Summer,0
10023456783,2024-08-24 02:00:00,2024-08-24,02:00:00,4.0313,Saturday,2,8,Summer,1
10023456783,2024-08-24 03:00:00,2024-08-24,03:00:00,4.5047,Saturday,3,8,Summer,1
10023456783,2024-08-24 04:00:00,2024-08-24,04:00:00,6.1059,Saturday,4,8,Summer,1
10023456783,2024-08-24 05:00:00,2024-08-24,05:00:00,0.5004,Saturday,5,8,Summer,0
10023456783,2024-08-24 06:00:00,2024-08-24,06:00:00,0.6598,Saturday,6,8,Summer,0
10023456783,2024-08-24 07:00:00,2024-08-24,07:00:00,0.9749,Saturday,7,8,Summer,0
10023456783,2024-08-24 08:00:00,2024-08-24,08:00:00,1.2106,Saturday,8,8,Summer,0
10023456783,2024-08-24 09:00:00,2024-08-24,09:00:00,1.2508,Saturday,9,8,Summer,0
10023456783,2024-08-24 10:00:00,2024-08-24,10:00:00,1.2700,Saturday,10,8,Summer,0
10023456783,2024-08-24 11:00:00,2024-08-24,11:00:00,1.1304,Saturday,11,8,Summer,0
10023456783,2024-08-24 12:00:00,2024-08-24,12:00:00,1.0174,Saturday,12,8,Summer,0
10023456783,2024-08-24 13:00:00,2024-08-24,13:00:00,1.1111,Saturday,13,8,Summer,0
10023456783,2024-08-24 14:00:00,2024-08-24,14:00:00,6.2013,Saturday,14,8,Summer,1
10023456783,2024-08-24 15:00:00,2024-08-24,15:00:00,0.9231,Saturday,15,8,Summer,0
10023456783,2024-08-24 16:00:00,2024-08-24,16:00:00,1.0851,Saturday,16,8,Summer,0
10023456783,2024-08-24 17:00:00,2024-08-24,17:00:00,1.2780,Saturday,17,8,Summer,0
10023456783,2024-08-24 18:00:00,2024-08-24,18:00:00,1.5633,Saturday,18,8,Summer,0
10023456783,2024-08-24 19:00:00,2024-08-24,19:00:00,1.9673,Saturday,19,8,Summer,0
10023456783,2024-08-24 20:00:00,2024-08-24,20:00:00,1.6282,Saturday,20,8,Summer,0
10023456783,2024-08-24 21:00:00,2024-08-24,21:00:00,1.6226,Saturday,21,8,Summer,0
10023456783,2024-08-24 22:00:00,2024-08-24,22:00:00,1.1946,Saturday,22,8,Summer,0
10023456783,2024-08-24 23:00:00,2024-08-24,23:00:00,0.7706,Saturday,23,8,Summer,0
10023456783,2024-08-25 00:00:00,2024-08-25,00:00:00,0.6361,Sunday,0,8,Summer,0
10023456783,2024-08-25 01:00:00,2024-08-25,01:00:00,0.4724,Sunday,1,8,Summer,0
10023456783,2024-08-25 02:00:00,2024-08-25,02:00:00,0.5619,Sunday,2,8,Summer,0
10023456783,2024-08-25 03:00:00,2024-08-25,03:00:00,0.5093,Sunday,3,8,Summer,0
10023456783,2024-08-25 04:00:00,2024-08-25,04:00:00,0.4909,Sunday,4,8,Summer,0
10023456783,2024-08-25 05:00:00,2024-08-25,05:00:00,0.5795,Sunday,5,8,Summer,0
10023456783,2024-08-25 06:00:00,2024-08-25,06:00:00,0.9846,Sunday,6,8,Summer,0
10023456783,2024-08-25 07:00:00,2024-08-25,07:00:00,1.4336,Sunday,7,8,Summer,0
10023456783,2024-08-25 08:00:00,2024-08-25,08:00:00,1.6463,Sunday,8,8,Summer,0
10023456783,2024-08-25 09:00:00,2024-08-25,09:00:00,1.7997,Sunday,9,8,Summer,0
10023456783,2024-08-25 10:00:00,2024-08-25,10:00:00,1.7559,Sunday,10,8,Summer,0
10023456783,2024-08-25 11:00:00,2024-08-25,11:00:00,1.5093,Sunday,11,8,Summer,0
10023456783,2024-08-25 12:00:00,2024-08-25,12:00:00,1.2474,Sunday,12,8,Summer,0
10023456783,2024-08-25 13:00:00,2024-08-25,13:00:00,1.5713,Sunday,13,8,Summer,0
10023456783,2024-08-25 14:00:00,2024-08-25,14:00:00,1.7341,Sunday,14,8,Summer,0
10023456783,2024-08-25 15:00:00,2024-08-25,15:00:00,1.7571,Sunday,15,8,Summer,0
10023456783,2024-08-25 16:00:00,2024-08-25,16:00:00,1.6266,Sunday,16,8,Summer,0
10023456783,2024-08-25 17:00:00,2024-08-25,17:00:00,1.9813,Sunday,17,8,Summer,0
10023456783,2024-08-25 18:00:00,2024-08-25,18:00:00,2.5474,Sunday,18,8,Summer,0
10023456783,2024-08-25 19:00:00,2024-08-25,19:00:00,2.8600,Sunday,19,8,Summer,0
10023456783,2024-08-25 20:00:00,2024-08-25,20:00:00,2.2584,Sunday,20,8,Summer,0
10023456783,2024-08-25 21:00:00,2024-08-25,21:00:00,2.2716,Sunday,21,8,Summer,0
10023456783,2024-08-25 22:00:00,2024-08-25,22:00:00,1.7515,Sunday,22,8,Summer,0
10023456783,2024-08-25 23:00:00,2024-08-25,23:00:00,1.2162,Sunday,23,8,Summer,0
10023456783,2024-08-26 00:00:00,2024-08-26,00:00:00,0.6475,Monday,0,8,Summer,0
10023456783,2024-08-26 01:00:00,2024-08-26,01:00:00,0.6248,Monday,1,8,Summer,0
10023456783,2024-08-26 02:00:00,2024-08-26,02:00:00,0.4961,Monday,2,8,Summer,0
10023456783,2024-08-26 03:00:00,2024-08-26,03:00:00,4.6140,Monday,3,8,Summer,1
10023456783,2024-08-26 04:00:00,2024-08-26,04:00:00,3.5764,Monday,4,8,Summer,1
10023456783,2024-08-26 05:00:00,2024-08-26,05:00:00,3.4975,Monday,5,8,Summer,1
10023456783,2024-08-26 06:00:00,2024-08-26,06:00:00,1.4864,Monday,6,8,Summer,0
10023456783,2024-08-26 07:00:00,2024-08-26,07:00:00,2.1514,Monday,7,8,Summer,0
10023456783,2024-08-26 08:00:00,2024-08-26,08:00:00,2.4320,Monday,8,8,Summer,0
10023456783,2024-08-26 09:00:00,2024-08-26,09:00:00,1.9923,Monday,9,8,Summer,0
10023456783,2024-08-26 10:00:00,2024-08-26,10:00:00,1.6227,Monday,10,8,Summer,0
10023456783,2024-08-26 11:00:00,2024-08-26,11:00:00,1.4729,Monday,11,8,Summer,0
10023456783,2024-08-26 12:00:00,2024-08-26,12:00:00,1.6417,Monday,12,8,Summer,0
10023456783,2024-08-26 13:00:00,2024-08-26,13:00:00,1.3882,Monday,13,8,Summer,0
10023456783,2024-08-26 14:00:00,2024-08-26,14:00:00,1.9102,Monday,14,8,Summer,0
10023456783,2024-08-26 15:00:00,2024-08-26,15:00:00,1.4851,Monday,15,8,Summer,0
10023456783,2024-08-26 16:00:00,2024-08-26,16:00:00,2.2117,Monday,16,8,Summer,0
10023456783,2024-08-26 17:00:00,2024-08-26,17:00:00,2.1659,Monday,17,8,Summer,0
10023456783,2024-08-26 18:00:00,2024-08-26,18:00:00,3.0316,Monday,18,8,Summer,0
10023456783,2024-08-26 19:00:00,2024-08-26,19:00:00,3.0146,Monday,19,8,Summer,0
10023456783,2024-08-26 20:00:00,2024-08-26,20:00:00,3.3139,Monday,20,8,Summer,0
10023456783,2024-08-26 21:00:00,2024-08-26,21:00:00,2.9855,Monday,21,8,Summer,0
10023456783,2024-08-26 22:00:00,2024-08-26,22:00:00,1.5584,Monday,22,8,Summer,0
10023456783,2024-08-26 23:00:00,2024-08-26,23:00:00,1.0833,Monday,23,8,Summer,0
10023456783,2024-08-27 00:00:00,2024-08-27,00:00:00,0.4637,Tuesday,0,8,Summer,0
10023456783,2024-08-27 01:00:00,2024-08-27,01:00:00,0.2895,Tuesday,1,8,Summer,0
10023456783,2024-08-27 02:00:00,2024-08-27,02:00:00,0.3778,Tuesday,2,8,Summer,0
10023456783,2024-08-27 03:00:00,2024-08-27,03:00:00,0.3813,Tuesday,3,8,Summer,0
10023456783,2024-08-27 04:00:00,2024-08-27,04:00:00,0.4059,Tuesday,4,8,Summer,0
10023456783,2024-08-27 05:00:00,2024-08-27,05:00:00,0.5704,Tuesday,5,8,Summer,0
10023456783,2024-08-27 06:00:00,2024-08-27,06:00:00,0.9597,Tuesday,6,8,Summer,0
10023456783,2024-08-27 07:00:00,2024-08-27,07:00:00,1.4571,Tuesday,7,8,Summer,0
10023456783,2024-08-27 08:00:00,2024-08-27,08:00:00,1.3669,Tuesday,8,8,Summer,0
10023456783,2024-08-27 09:00:00,2024-08-27,09:00:00,1.2059,Tuesday,9,8,Summer,0
10023456783,2024-08-27 10:00:00,2024-08-27,10:00:00,0.8695,Tuesday,10,8,Summer,0
10023456783,2024-08-27 11:00:00,2024-08-27,11:00:00,0.8683,Tuesday,11,8,Summer,0
10023456783,2024-08-27 12:00:00,2024-08-27,12:00:00,0.9269,Tuesday,12,8,Summer,0
10023456783,2024-08-27 13:00:00,2024-08-27,13:00:00,0.9068,Tuesday,13,8,Summer,0
10023456783,2024-08-27 14:00:00,2024-08-27,14:00:00,0.8949,Tuesday,14,8,Summer,0
10023456783,2024-08-27 15:00:00,2024-08-27,15:00:00,0.9397,Tuesday,15,8,Summer,0
10023456783,2024-08-27 16:00:00,2024-08-27,16:00:00,1.0818,Tuesday,16,8,Summer,0
10023456783,2024-08-27 17:00:00,2024-08-27,17:00:00,1.2896,Tuesday,17,8,Summer,0
10023456783,2024-08-27 18:00:00,2024-08-27,18:00:00,1.6786,Tuesday,18,8,Summer,0
10023456783,2024-08-27 19:00:00,2024-08-27,19:00:00,2.1350,Tuesday,19,8,Summer,0
10023456783,2024-08-27 20:00:00,2024-08-27,20:00:00,2.2139,Tuesday,20,8,Summer,0
10023456783,2024-08-27 21:00:00,2024-08-27,21:00:00,2.0432,Tuesday,21,8,Summer,0
10023456783,2024-08-27 22:00:00,2024-08-27,22:00:00,1.2848,Tuesday,22,8,Summer,0
10023456783,2024-08-27 23:00:00,2024-08-27,23:00:00,0.7488,Tuesday,23,8,Summer,0
10023456783,2024-08-28 00:00:00,2024-08-28,00:00:00,0.5173,Wednesday,0,8,Summer,0
10023456783,2024-08-28 01:00:00,2024-08-28,01:00:00,0.4700,Wednesday,1,8,Summer,0
10023456783,2024-08-28 02:00:00,2024-08-28,02:00:00,4.9277,Wednesday,2,8,Summer,1
10023456783,2024-08-28 03:00:00,2024-08-28,03:00:00,4.0135,Wednesday,3,8,Summer,1
10023456783,2024-08-28 04:00:00,2024-08-28,04:00:00,5.8115,Wednesday,4,8,Summer,1
10023456783,2024-08-28 05:00:00,2024-08-28,05:00:00,0.6699,Wednesday,5,8,Summer,0
10023456783,2024-08-28 06:00:00,2024-08-28,06:00:00,1.1130,Wednesday,6,8,Summer,0
10023456783,2024-08-28 07:00:00,2024-08-28,07:00:00,1.7702,Wednesday,7,8,Summer,0
10023456783,2024-08-28 08:00:00,2024-08-28,08:00:00,1.5308,Wednesday,8,8,Summer,0
10023456783,2024-08-28 09:00:00,2024-08-28,09:00:00,1.5514,Wednesday,9,8,Summer,0
10023456783,2024-08-28 10:00:00,2024-08-28,10:00:00,1.3042,Wednesday,10,8,Summer,0
10023456783,2024-08-28 11:00:00,2024-08-28,11:00:00,1.1690,Wednesday,11,8,Summer,0
10023456783,2024-08-28 12:00:00,2024-08-28,12:00:00,0.9846,Wednesday,12,8,Summer,0
10023456783,2024-08-28 13:00:00,2024-08-28,13:00:00,1.2498,Wednesday,13,8,Summer,0
10023456783,2024-08-28 14:00:00,2024-08-28,14:00:00,1.1711,Wednesday,14,8,Summer,0
10023456783,2024-08-28 15:00:00,2024-08-28,15:00:00,1.3489,Wednesday,15,8,Summer,0
10023456783,2024-08-28 16:00:00,2024-08-28,16:00:00,1.3763,Wednesday,16,8,Summer,0
10023456783,2024-08-28 17:00:00,2024-08-28,17:00:00,0.1063,Wednesday,17,8,Summer,1
10023456783,2024-08-28 18:00:00,2024-08-28,18:00:00,2.1535,Wednesday,18,8,Summer,0
10023456783,2024-08-28 19:00:00,2024-08-28,19:00:00,2.3359,Wednesday,19,8,Summer,0
10023456783,2024-08-28 20:00:00,2024-08-28,20:00:00,2.1090,Wednesday,20,8,Summer,0
10023456783,2024-08-28 21:00:00,2024-08-28,21:00:00,2.0573,Wednesday,21,8,Summer,0
10023456783,2024-08-28 22:00:00,2024-08-28,22:00:00,1.7366,Wednesday,22,8,Summer,0
10023456783,2024-08-28 23:00:00,2024-08-28,23:00:00,0.9372,Wednesday,23,8,Summer,0
10023456783,2024-08-29 00:00:00,2024-08-29,00:00:00,0.4434,Thursday,0,8,Summer,0
10023456783,2024-08-29 01:00:00,2024-08-29,01:00:00,0.4511,Thursday,1,8,Summer,0
10023456783,2024-08-29 02:00:00,2024-08-29,02:00:00,0.3478,Thursday,2,8,Summer,0
10023456783,2024-08-29 03:00:00,2024-08-29,03:00:00,0.3842,Thursday,3,8,Summer,0
10023456783,2024-08-29 04:00:00,2024-08-29,04:00:00,4.0855,Thursday,4,8,Summer,1
10023456783,2024-08-29 05:00:00,2024-08-29,05:00:00,0.5567,Thursday,5,8,Summer,0
10023456783,2024-08-29 06:00:00,2024-08-29,06:00:00,1.0496,Thursday,6,8,Summer,0
10023456783,2024-08-29 07:00:00,2024-08-29,07:00:00,1.6231,Thursday,7,8,Summer,0
10023456783,2024-08-29 08:00:00,2024-08-29,08:00:00,2.0430,Thursday,8,8,Summer,0
10023456783,2024-08-29 09:00:00,2024-08-29,09:00:00,1.2937,Thursday,9,8,Summer,0
10023456783,2024-08-29 10:00:00,2024-08-29,10:00:00,1.1676,Thursday,10,8,Summer,0
10023456783,2024-08-29 11:00:00,2024-08-29,11:00:00,0.8500,Thursday,11,8,Summer,0
10023456783,2024-08-29 12:00:00,2024-08-29,12:00:00,1.2363,Thursday,12,8,Summer,0
10023456783,2024-08-29 13:00:00,2024-08-29,13:00:00,1.1125,Thursday,13,8,Summer,0
10023456783,2024-08-29 14:00:00,2024-08-29,14:00:00,1.1206,Thursday,14,8,Summer,0
10023456783,2024-08-29 15:00:00,2024-08-29,15:00:00,1.2037,Thursday,15,8,Summer,0
10023456783,2024-08-29 16:00:00,2024-08-29,16:00:00,1.2202,Thursday,16,8,Summer,0
10023456783,2024-08-29 17:00:00,2024-08-29,17:00:00,1.5576,Thursday,17,8,Summer,0
10023456783,2024-08-29 18:00:00,2024-08-29,18:00:00,1.8784,Thursday,18,8,Summer,0
10023456783,2024-08-29 19:00:00,2024-08-29,19:00:00,2.0007,Thursday,19,8,Summer,0
10023456783,2024-08-29 20:00:00,2024-08-29,20:00:00,2.2451,Thursday,20,8,Summer,0
10023456783,2024-08-29 21:00:00,2024-08-29,21:00:00,2.0080,Thursday,21,8,Summer,0
10023456783,2024-08-29 22:00:00,2024-08-29,22:00:00,1.3465,Thursday,22,8,Summer,0
10023456783,2024-08-29 23:00:00,2024-08-29,23:00:00,0.9197,Thursday,23,8,Summer,0
10023456783,2024-08-30 00:00:00,2024-08-30,00:00:00,0.5766,Friday,0,8,Summer,0
10023456783,2024-08-30 01:00:00,2024-08-30,01:00:00,0.4484,Friday,1,8,Summer,0
10023456783,2024-08-30 02:00:00,2024-08-30,02:00:00,0.4026,Friday,2,8,Summer,0
10023456783,2024-08-30 03:00:00,2024-08-30,03:00:00,0.4297,Friday,3,8,Summer,0
10023456783,2024-08-30 04:00:00,2024-08-30,04:00:00,0.4073,Friday,4,8,Summer,0
10023456783,2024-08-30 05:00:00,2024-08-30,05:00:00,0.7099,Friday,5,8,Summer,0
10023456783,2024-08-30 06:00:00,2024-08-30,06:00:00,1.3607,Friday,6,8,Summer,0
10023456783,2024-08-30 07:00:00,2024-08-30,07:00:00,1.6610,Friday,7,8,Summer,0
10023456783,2024-08-30 08:00:00,2024-08-30,08:00:00,1.6120,Friday,8,8,Summer,0
10023456783,2024-08-30 09:00:00,2024-08-30,09:00:00,1.3240,Friday,9,8,Summer,0
10023456783,2024-08-30 10:00:00,2024-08-30,10:00:00,1.1295,Friday,10,8,Summer,0
10023456783,2024-08-30 11:00:00,2024-08-30,11:00:00,1.2281,Friday,11,8,Summer,0
10023456783,2024-08-30 12:00:00,2024-08-30,12:00:00,0.9723,Friday,12,8,Summer,0
10023456783,2024-08-30 13:00:00,2024-08-30,13:00:00,1.2185,Friday,13,8,Summer,0
10023456783,2024-08-30 14:00:00,2024-08-30,14:00:00,1.2271,Friday,14,8,Summer,0
10023456783,2024-08-30 15:00:00,2024-08-30,15:00:00,1.2466,Friday,15,8,Summer,0
10023456783,2024-08-30 16:00:00,2024-08-30,16:00:00,1.5648,Friday,16,8,Summer,0
10023456783,2024-08-30 17:00:00,2024-08-30,17:00:00,1.5122,Friday,17,8,Summer,0
10023456783,2024-08-30 18:00:00,2024-08-30,18:00:00,2.2796,Friday,18,8,Summer,0
10023456783,2024-08-30 19:00:00,2024-08-30,19:00:00,2.8890,Friday,19,8,Summer,0
10023456783,2024-08-30 20:00:00,2024-08-30,20:00:00,2.3352,Friday,20,8,Summer,0
10023456783,2024-08-30 21:00:00,2024-08-30,21:00:00,2.1236,Friday,21,8,Summer,0
10023456783,2024-08-30 22:00:00,2024-08-30,22:00:00,1.6174,Friday,22,8,Summer,0
10023456783,2024-08-30 23:00:00,2024-08-30,23:00:00,0.8668,Friday,23,8,Summer,0
10023456783,2024-08-31 00:00:00,2024-08-31,00:00:00,0.5756,Saturday,0,8,Summer,0
10023456783,2024-08-31 01:00:00,2024-08-31,01:00:00,3.8947,Saturday,1,8,Summer,1
10023456783,2024-08-31 02:00:00,2024-08-31,02:00:00,4.2562,Saturday,2,8,Summer,1
10023456783,2024-08-31 03:00:00,2024-08-31,03:00:00,0.4334,Saturday,3,8,Summer,0
10023456783,2024-08-31 04:00:00,2024-08-31,04:00:00,0.5145,Saturday,4,8,Summer,0
10023456783,2024-08-31 05:00:00,2024-08-31,05:00:00,0.4805,Saturday,5,8,Summer,0
10023456783,2024-08-31 06:00:00,2024-08-31,06:00:00,0.8663,Saturday,6,8,Summer,0
10023456783,2024-08-31 07:00:00,2024-08-31,07:00:00,1.3395,Saturday,7,8,Summer,0
10023456783,2024-08-31 08:00:00,2024-08-31,08:00:00,2.1799,Saturday,8,8,Summer,0
10023456783,2024-08-31 09:00:00,2024-08-31,09:00:00,1.6266,Saturday,9,8,Summer,0
10023456783,2024-08-31 10:00:00,2024-08-31,10:00:00,1.6948,Saturday,10,8,Summer,0
10023456783,2024-08-31 11:00:00,2024-08-31,11:00:00,1.4434,Saturday,11,8,Summer,0
10023456783,2024-08-31 12:00:00,2024-08-31,12:00:00,1.5025,Saturday,12,8,Summer,0
10023456783,2024-08-31 13:00:00,2024-08-31,13:00:00,1.5236,Saturday,13,8,Summer,0
10023456783,2024-08-31 14:00:00,2024-08-31,14:00:00,1.2539,Saturday,14,8,Summer,0
10023456783,2024-08-31 15:00:00,2024-08-31,15:00:00,1.4986,Saturday,15,8,Summer,0
10023456783,2024-08-31 16:00:00,2024-08-31,16:00:00,1.4326,Saturday,16,8,Summer,0
10023456783,2024-08-31 17:00:00,2024-08-31,17:00:00,1.8372,Saturday,17,8,Summer,0
10023456783,2024-08-31 18:00:00,2024-08-31,18:00:00,1.9262,Saturday,18,8,Summer,0
10023456783,2024-08-31 19:00:00,2024-08-31,19:00:00,2.3596,Saturday,19,8,Summer,0
10023456783,2024-08-31 20:00:00,2024-08-31,20:00:00,2.5731,Saturday,20,8,Summer,0
10023456783,2024-08-31 21:00:00,2024-08-31,21:00:00,1.9300,Saturday,21,8,Summer,0
10023456783,2024-08-31 22:00:00,2024-08-31,22:00:00,1.4325,Saturday,22,8,Summer,0
10023456783,2024-08-31 23:00:00,2024-08-31,23:00:00,1.1589,Saturday,23,8,Summer,0
10023456783,2024-09-01 00:00:00,2024-09-01,00:00:00,0.6600,Sunday,0,9,Autumn,0
10023456783,2024-09-01 01:00:00,2024-09-01,01:00:00,0.5912,Sunday,1,9,Autumn,0
10023456783,2024-09-01 02:00:00,2024-09-01,02:00:00,0.4992,Sunday,2,9,Autumn,0
10023456783,2024-09-01 03:00:00,2024-09-01,03:00:00,0.4649,Sunday,3,9,Autumn,0
10023456783,2024-09-01 04:00:00,2024-09-01,04:00:00,0.5189,Sunday,4,9,Autumn,0
10023456783,2024-09-01 05:00:00,2024-09-01,05:00:00,0.7052,Sunday,5,9,Autumn,0
10023456783,2024-09-01 06:00:00,2024-09-01,06:00:00,0.8500,Sunday,6,9,Autumn,0
10023456783,2024-09-01 07:00:00,2024-09-01,07:00:00,1.2692,Sunday,7,9,Autumn,0
10023456783,2024-09-01 08:00:00,2024-09-01,08:00:00,1.6008,Sunday,8,9,Autumn,0
10023456783,2024-09-01 09:00:00,2024-09-01,09:00:00,2.2768,Sunday,9,9,Autumn,0
10023456783,2024-09-01 10:00:00,2024-09-01,10:00:00,1.6354,Sunday,10,9,Autumn,0
10023456783,2024-09-01 11:00:00,2024-09-01,11:00:00,1.9268,Sunday,11,9,Autumn,0
10023456783,2024-09-01 12:00:00,2024-09-01,12:00:00,1.5613,Sunday,12,9,Autumn,0
10023456783,2024-09-01 13:00:00,2024-09-01,13:00:00,1.2490,Sunday,13,9,Autumn,0
10023456783,2024-09-01 14:00:00,2024-09-01,14:00:00,1.5044,Sunday,14,9,Autumn,0
10023456783,2024-09-01 15:00:00,2024-09-01,15:00:00,1.3076,Sunday,15,9,Autumn,0
10023456783,2024-09-01 16:00:00,2024-09-01,16:00:00,1.5921,Sunday,16,9,Autumn,0
10023456783,2024-09-01 17:00:00,2024-09-01,17:00:00,1.9353,Sunday,17,9,Autumn,0
10023456783,2024-09-01 18:00:00,2024-09-01,18:00:00,2.2552,Sunday,18,9,Autumn,0
10023456783,2024-09-01 19:00:00,2024-09-01,19:00:00,2.5950,Sunday,19,9,Autumn,0
10023456783,2024-09-01 20:00:00,2024-09-01,20:00:00,2.0571,Sunday,20,9,Autumn,0
10023456783,2024-09-01 21:00:00,2024-09-01,21:00:00,2.3039,Sunday,21,9,Autumn,0
10023456783,2024-09-01 22:00:00,2024-09-01,22:00:00,1.7570,Sunday,22,9,Autumn,0
10023456783,2024-09-01 23:00:00,2024-09-01,23:00:00,1.2624,Sunday,23,9,Autumn,0
10023456783,2024-09-02 00:00:00,2024-09-02,00:00:00,0.4283,Monday,0,9,Autumn,0
10023456783,2024-09-02 01:00:00,2024-09-02,01:00:00,0.4274,Monday,1,9,Autumn,0
10023456783,2024-09-02 02:00:00,2024-09-02,02:00:00,0.3093,Monday,2,9,Autumn,0
10023456783,2024-09-02 03:00:00,2024-09-02,03:00:00,0.3098,Monday,3,9,Autumn,0
10023456783,2024-09-02 04:00:00,2024-09-02,04:00:00,0.3447,Monday,4,9,Autumn,0
10023456783,2024-09-02 05:00:00,2024-09-02,05:00:00,0.5653,Monday,5,9,Autumn,0
10023456783,2024-09-02 06:00:00,2024-09-02,06:00:00,1.1124,Monday,6,9,Autumn,0
10023456783,2024-09-02 07:00:00,2024-09-02,07:00:00,1.4205,Monday,7,9,Autumn,0
10023456783,2024-09-02 08:00:00,2024-09-02,08:00:00,1.4060,Monday,8,9,Autumn,0
10023456783,2024-09-02 09:00:00,2024-09-02,09:00:00,1.4644,Monday,9,9,Autumn,0
10023456783,2024-09-02 10:00:00,2024-09-02,10:00:00,1.0279,Monday,10,9,Autumn,0
10023456783,2024-09-02 11:00:00,2024-09-02,11:00:00,1.0931,Monday,11,9,Autumn,0
10023456783,2024-09-02 12:00:00,2024-09-02,12:00:00,1.0116,Monday,12,9,Autumn,0
10023456783,2024-09-02 13:00:00,2024-09-02,13:00:00,1.0308,Monday,13,9,Autumn,0
10023456783,2024-09-02 14:00:00,2024-09-02,14:00:00,1.0603,Monday,14,9,Autumn,0
10023456783,2024-09-02 15:00:00,2024-09-02,15:00:00,0.9635,Monday,15,9,Autumn,0
10023456783,2024-09-02 16:00:00,2024-09-02,16:00:00,1.2974,Monday,16,9,Autumn,0
10023456783,2024-09-02 17:00:00,2024-09-02,17:00:00,1.9382,Monday,17,9,Autumn,0
10023456783,2024-09-02 18:00:00,2024-09-02,18:00:00,2.2290,Monday,18,9,Autumn,0
10023456783,2024-09-02 19:00:00,2024-09-02,19:00:00,2.4956,Monday,19,9,Autumn,0
10023456783,2024-09-02 20:00:00,2024-09-02,20:00:00,2.0714,Monday,20,9,Autumn,0
10023456783,2024-09-02 21:00:00,2024-09-02,21:00:00,2.1226,Monday,21,9,Autumn,0
10023456783,2024-09-02 22:00:00,2024-09-02,22:00:00,1.2619,Monday,22,9,Autumn,0
10023456783,2024-09-02 23:00:00,2024-09-02,23:00:00,0.7340,Monday,23,9,Autumn,0
10023456783,2024-09-03 00:00:00,2024-09-03,00:00:00,0.3158,Tuesday,0,9,Autumn,0
10023456783,2024-09-03 01:00:00,2024-09-03,01:00:00,0.3422,Tuesday,1,9,Autumn,0
10023456783,2024-09-03 02:00:00,2024-09-03,02:00:00,0.3177,Tuesday,2,9,Autumn,0
10023456783,2024-09-03 03:00:00,2024-09-03,03:00:00,5.3373,Tuesday,3,9,Autumn,1
10023456783,2024-09-03 04:00:00,2024-09-03,04:00:00,0.3535,Tuesday,4,9,Autumn,0
10023456783,2024-09-03 05:00:00,2024-09-03,05:00:00,0.5964,Tuesday,5,9,Autumn,0
10023456783,2024-09-03 06:00:00,2024-09-03,06:00:00,0.8594,Tuesday,6,9,Autumn,0
10023456783,2024-09-03 07:00:00,2024-09-03,07:00:00,1.4583,Tuesday,7,9,Autumn,0
10023456783,2024-09-03 08:00:00,2024-09-03,08:00:00,1.5899,Tuesday,8,9,Autumn,0
10023456783,2024-09-03 09:00:00,2024-09-03,09:00:00,1.3357,Tuesday,9,9,Autumn,0
10023456783,2024-09-03 10:00:00,2024-09-03,10:00:00,0.9990,Tuesday,10,9,Autumn,0
10023456783,2024-09-03 11:00:00,2024-09-03,11:00:00,0.8142,Tuesday,11,9,Autumn,0
10023456783,2024-09-03 12:00:00,2024-09-03,12:00:00,0.8685,Tuesday,12,9,Autumn,0
10023456783,2024-09-03 13:00:00,2024-09-03,13:00:00,1.0024,Tuesday,13,9,Autumn,0
10023456783,2024-09-03 14:00:00,2024-09-03,14:00:00,0.8081,Tuesday,14,9,Autumn,0
10023456783,2024-09-03 15:00:00,2024-09-03,15:00:00,1.1156,Tuesday,15,9,Autumn,0
10023456783,2024-09-03 16:00:00,2024-09-03,16:00:00,0.9406,Tuesday,16,9,Autumn,0
10023456783,2024-09-03 17:00:00,2024-09-03,17:00:00,1.5204,Tuesday,17,9,Autumn,0
10023456783,2024-09-03 18:00:00,2024-09-03,18:00:00,1.9117,Tuesday,18,9,Autumn,0
10023456783,2024-09-03 19:00:00,2024-09-03,19:00:00,2.2977,Tuesday,19,9,Autumn,0
10023456783,2024-09-03 20:00:00,2024-09-03,20:00:00,2.2810,Tuesday,20,9,Autumn,0
10023456783,2024-09-03 21:00:00,2024-09-03,21:00:00,1.8975,Tuesday,21,9,Autumn,0
10023456783,2024-09-03 22:00:00,2024-09-03,22:00:00,1.4962,Tuesday,22,9,Autumn,0
10023456783,2024-09-03 23:00:00,2024-09-03,23:00:00,0.7656,Tuesday,23,9,Autumn,0
10023456783,2024-09-04 00:00:00,2024-09-04,00:00:00,0.3728,Wednesday,0,9,Autumn,0
10023456783,2024-09-04 01:00:00,2024-09-04,01:00:00,4.7862,Wednesday,1,9,Autumn,1
10023456783,2024-09-04 02:00:00,2024-09-04,02:00:00,0.3398,Wednesday,2,9,Autumn,0
10023456783,2024-09-04 03:00:00,2024-09-04,03:00:00,0.3170,Wednesday,3,9,Autumn,0
10023456783,2024-09-04 04:00:00,2024-09-04,04:00:00,0.3556,Wednesday,4,9,Autumn,0
10023456783,2024-09-04 05:00:00,2024-09-04,05:00:00,0.4974,Wednesday,5,9,Autumn,0
10023456783,2024-09-04 06:00:00,2024-09-04,06:00:00,0.9815,Wednesday,6,9,Autumn,0
10023456783,2024-09-04 07:00:00,2024-09-04,07:00:00,1.2977,Wednesday,7,9,Autumn,0
10023456783,2024-09-04 08:00:00,2024-09-04,08:00:00,1.1358,Wednesday,8,9,Autumn,0
10023456783,2024-09-04 09:00:00,2024-09-04,09:00:00,1.3023,Wednesday,9,9,Autumn,0
10023456783,2024-09-04 10:00:00,2024-09-04,10:00:00,1.0414,Wednesday,10,9,Autumn,0
10023456783,2024-09-04 11:00:00,2024-09-04,11:00:00,0.7928,Wednesday,11,9,Autumn,0
10023456783,2024-09-04 12:00:00,2024-09-04,12:00:00,0.9654,Wednesday,12,9,Autumn,0
10023456783,2024-09-04 13:00:00,2024-09-04,13:00:00,1.1398,Wednesday,13,9,Autumn,0
10023456783,2024-09-04 14:00:00,2024-09-04,14:00:00,1.0891,Wednesday,14,9,Autumn,0
10023456783,2024-09-04 15:00:00,2024-09-04,15:00:00,1.2828,Wednesday,15,9,Autumn,0
10023456783,2024-09-04 16:00:00,2024-09-04,16:00:00,0.9358,Wednesday,16,9,Autumn,0
10023456783,2024-09-04 17:00:00,2024-09-04,17:00:00,1.3241,Wednesday,17,9,Autumn,0
10023456783,2024-09-04 18:00:00,2024-09-04,18:00:00,1.5708,Wednesday,18,9,Autumn,0
10023456783,2024-09-04 19:00:00,2024-09-04,19:00:00,2.1225,Wednesday,19,9,Autumn,0
10023456783,2024-09-04 20:00:00,2024-09-04,20:00:00,1.7980,Wednesday,20,9,Autumn,0
10023456783,2024-09-04 21:00:00,2024-09-04,21:00:00,1.5306,Wednesday,21,9,Autumn,0
10023456783,2024-09-04 22:00:00,2024-09-04,22:00:00,1.2215,Wednesday,22,9,Autumn,0
10023456783,2024-09-04 23:00:00,2024-09-04,23:00:00,0.7332,Wednesday,23,9,Autumn,0
10023456783,2024-09-05 00:00:00,2024-09-05,00:00:00,0.4447,Thursday,0,9,Autumn,0
10023456783,2024-09-05 01:00:00,2024-09-05,01:00:00,0.4053,Thursday,1,9,Autumn,0
10023456783,2024-09-05 02:00:00,2024-09-05,02:00:00,0.2191,Thursday,2,9,Autumn,0
10023456783,2024-09-05 03:00:00,2024-09-05,03:00:00,0.2833,Thursday,3,9,Autumn,0
10023456783,2024-09-05 04:00:00,2024-09-05,04:00:00,0.3378,Thursday,4,9,Autumn,0
10023456783,2024-09-05 05:00:00,2024-09-05,05:00:00,0.5727,Thursday,5,9,Autumn,0
10023456783,2024-09-05 06:00:00,2024-09-05,06:00:00,0.8440,Thursday,6,9,Autumn,0
10023456783,2024-09-05 07:00:00,2024-09-05,07:00:00,1.4474,Thursday,7,9,Autumn,0
10023456783,2024-09-05 08:00:00,2024-09-05,08:00:00,1.2146,Thursday,8,9,Autumn,0
10023456783,2024-09-05 09:00:00,2024-09-05,09:00:00,1.0330,Thursday,9,9,Autumn,0
10023456783,2024-09-05 10:00:00,2024-09-05,10:00:00,0.9580,Thursday,10,9,Autumn,0
10023456783,2024-09-05 11:00:00,2024-09-05,11:00:00,0.8483,Thursday,11,9,Autumn,0
10023456783,2024-09-05 12:00:00,2024-09-05,12:00:00,0.8896,Thursday,12,9,Autumn,0
10023456783,2024-09-05 13:00:00,2024-09-05,13:00:00,0.9744,Thursday,13,9,Autumn,0
10023456783,2024-09-05 14:00:00,2024-09-05,14:00:00,0.9358,Thursday,14,9,Autumn,0
10023456783,2024-09-05 15:00:00,2024-09-05,15:00:00,1.0519,Thursday,15,9,Autumn,0
10023456783,2024-09-05 16:00:00,2024-09-05,16:00:00,1.1490,Thursday,16,9,Autumn,0
10023456783,2024-09-05 17:00:00,2024-09-05,17:00:00,1.2890,Thursday,17,9,Autumn,0
10023456783,2024-09-05 18:00:00,2024-09-05,18:00:00,1.4965,Thursday,18,9,Autumn,0
10023456783,2024-09-05 19:00:00,2024-09-05,19:00:00,1.8740,Thursday,19,9,Autumn,0
10023456783,2024-09-05 20:00:00,2024-09-05,20:00:00,2.0188,Thursday,20,9,Autumn,0
10023456783,2024-09-05 21:00:00,2024-09-05,21:00:00,1.9019,Thursday,21,9,Autumn,0
10023456783,2024-09-05 22:00:00,2024-09-05,22:00:00,1.3043,Thursday,22,9,Autumn,0
10023456783,2024-09-05 23:00:00,2024-09-05,23:00:00,0.7095,Thursday,23,9,Autumn,0
10023456783,2024-09-06 00:00:00,2024-09-06,00:00:00,0.4625,Friday,0,9,Autumn,0
10023456783,2024-09-06 01:00:00,2024-09-06,01:00:00,0.3665,Friday,1,9,Autumn,0
10023456783,2024-09-06 02:00:00,2024-09-06,02:00:00,0.3826,Friday,2,9,Autumn,0
10023456783,2024-09-06 03:00:00,2024-09-06,03:00:00,0.2941,Friday,3,9,Autumn,0
10023456783,2024-09-06 04:00:00,2024-09-06,04:00:00,0.3463,Friday,4,9,Autumn,0
10023456783,2024-09-06 05:00:00,2024-09-06,05:00:00,0.5167,Friday,5,9,Autumn,0
10023456783,2024-09-06 06:00:00,2024-09-06,06:00:00,0.9858,Friday,6,9,Autumn,0
10023456783,2024-09-06 07:00:00,2024-09-06,07:00:00,1.3524,Friday,7,9,Autumn,0
10023456783,2024-09-06 08:00:00,2024-09-06,08:00:00,1.6220,Friday,8,9,Autumn,0
10023456783,2024-09-06 09:00:00,2024-09-06,09:00:00,1.2680,Friday,9,9,Autumn,0
10023456783,2024-09-06 10:00:00,2024-09-06,10:00:00,1.0498,Friday,10,9,Autumn,0
10023456783,2024-09-06 11:00:00,2024-09-06,11:00:00,0.8922,Friday,11,9,Autumn,0
10023456783,2024-09-06 12:00:00,2024-09-06,12:00:00,0.9396,Friday,12,9,Autumn,0
10023456783,2024-09-06 13:00:00,2024-09-06,13:00:00,1.2767,Friday,13,9,Autumn,0
10023456783,2024-09-06 14:00:00,2024-09-06,14:00:00,0.9599,Friday,14,9,Autumn,0
10023456783,2024-09-06 15:00:00,2024-09-06,15:00:00,1.0792,Friday,15,9,Autumn,0
10023456783,2024-09-06 16:00:00,2024-09-06,16:00:00,1.2054,Friday,16,9,Autumn,0
10023456783,2024-09-06 17:00:00,2024-09-06,17:00:00,1.4202,Friday,17,9,Autumn,0
10023456783,2024-09-06 18:00:00,2024-09-06,18:00:00,1.9840,Friday,18,9,Autumn,0
10023456783,2024-09-06 19:00:00,2024-09-06,19:00:00,1.9775,Friday,19,9,Autumn,0
10023456783,2024-09-06 20:00:00,2024-09-06,20:00:00,2.0888,Friday,20,9,Autumn,0
10023456783,2024-09-06 21:00:00,2024-09-06,21:00:00,1.7299,Friday,21,9,Autumn,0
10023456783,2024-09-06 22:00:00,2024-09-06,22:00:00,1.7226,Friday,22,9,Autumn,0
10023456783,2024-09-06 23:00:00,2024-09-06,23:00:00,0.8391,Friday,23,9,Autumn,0
10023456783,2024-09-07 00:00:00,2024-09-07,00:00:00,0.5841,Saturday,0,9,Autumn,0
10023456783,2024-09-07 01:00:00,2024-09-07,01:00:00,0.3549,Saturday,1,9,Autumn,0
10023456783,2024-09-07 02:00:00,2024-09-07,02:00:00,0.4175,Saturday,2,9,Autumn,0
10023456783,2024-09-07 03:00:00,2024-09-07,03:00:00,0.3537,Saturday,3,9,Autumn,0
10023456783,2024-09-07 04:00:00,2024-09-07,04:00:00,0.4914,Saturday,4,9,Autumn,0
10023456783,2024-09-07 05:00:00,2024-09-07,05:00:00,0.4969,Saturday,5,9,Autumn,0
10023456783,2024-09-07 06:00:00,2024-09-07,06:00:00,0.6628,Saturday,6,9,Autumn,0
10023456783,2024-09-07 07:00:00,2024-09-07,07:00:00,0.9055,Saturday,7,9,Autumn,0
10023456783,2024-09-07 08:00:00,2024-09-07,08:00:00,1.4375,Saturday,8,9,Autumn,0
10023456783,2024-09-07 09:00:00,2024-09-07,09:00:00,1.4563,Saturday,9,9,Autumn,0
10023456783,2024-09-07 10:00:00,2024-09-07,10:00:00,1.4870,Saturday,10,9,Autumn,0
10023456783,2024-09-07 11:00:00,2024-09-07,11:00:00,1.2543,Saturday,11,9,Autumn,0
10023456783,2024-09-07 12:00:00,2024-09-07,12:00:00,1.2523,Saturday,12,9,Autumn,0
10023456783,2024-09-07 13:00:00,2024-09-07,13:00:00,1.3158,Saturday,13,9,Autumn,0
10023456783,2024-09-07 14:00:00,2024-09-07,14:00:00,1.2724,Saturday,14,9,Autumn,0
10023456783,2024-09-07 15:00:00,2024-09-07,15:00:00,0.9619,Saturday,15,9,Autumn,0
10023456783,2024-09-07 16:00:00,2024-09-07,16:00:00,1.2823,Saturday,16,9,Autumn,0
10023456783,2024-09-07 17:00:00,2024-09-07,17:00:00,1.5211,Saturday,17,9,Autumn,0
10023456783,2024-09-07 18:00:00,2024-09-07,18:00:00,1.9469,Saturday,18,9,Autumn,0
10023456783,2024-09-07 19:00:00,2024-09-07,19:00:00,2.2448,Saturday,19,9,Autumn,0
10023456783,2024-09-07 20:00:00,2024-09-07,20:00:00,2.3778,Saturday,20,9,Autumn,0
10023456783,2024-09-07 21:00:00,2024-09-07,21:00:00,1.6193,Saturday,21,9,Autumn,0
10023456783,2024-09-07 22:00:00,2024-09-07,22:00:00,1.3814,Saturday,22,9,Autumn,0
10023456783,2024-09-07 23:00:00,2024-09-07,23:00:00,0.9283,Saturday,23,9,Autumn,0
10023456783,2024-09-08 00:00:00,2024-09-08,00:00:00,0.5925,Sunday,0,9,Autumn,0
10023456783,2024-09-08 01:00:00,2024-09-08,01:00:00,0.4242,Sunday,1,9,Autumn,0
10023456783,2024-09-08 02:00:00,2024-09-08,02:00:00,0.4357,Sunday,2,9,Autumn,0
10023456783,2024-09-08 03:00:00,2024-09-08,03:00:00,0.3177,Sunday,3,9,Autumn,0
10023456783,2024-09-08 04:00:00,2024-09-08,04:00:00,0.3978,Sunday,4,9,Autumn,0
10023456783,2024-09-08 05:00:00,2024-09-08,05:00:00,0.4584,Sunday,5,9,Autumn,0
10023456783,2024-09-08 06:00:00,2024-09-08,06:00:00,0.7130,Sunday,6,9,Autumn,0
10023456783,2024-09-08 07:00:00,2024-09-08,07:00:00,1.0400,Sunday,7,9,Autumn,0
10023456783,2024-09-08 08:00:00,2024-09-08,08:00:00,1.4779,Sunday,8,9,Autumn,0
10023456783,2024-09-08 09:00:00,2024-09-08,09:00:00,1.8686,Sunday,9,9,Autumn,0
10023456783,2024-09-08 10:00:00,2024-09-08,10:00:00,1.5708,Sunday,10,9,Autumn,0
10023456783,2024-09-08 11:00:00,2024-09-08,11:00:00,1.2915,Sunday,11,9,Autumn,0
10023456783,2024-09-08 12:00:00,2024-09-08,12:00:00,1.1347,Sunday,12,9,Autumn,0
10023456783,2024-09-08 13:00:00,2024-09-08,13:00:00,1.2395,Sunday,13,9,Autumn,0
10023456783,2024-09-08 14:00:00,2024-09-08,14:00:00,1.1735,Sunday,14,9,Autumn,0
10023456783,2024-09-08 15:00:00,2024-09-08,15:00:00,1.3865,Sunday,15,9,Autumn,0
10023456783,2024-09-08 16:00:00,2024-09-08,16:00:00,1.5001,Sunday,16,9,Autumn,0
10023456783,2024-09-08 17:00:00,2024-09-08,17:00:00,1.5693,Sunday,17,9,Autumn,0
10023456783,2024-09-08 18:00:00,2024-09-08,18:00:00,2.1566,Sunday,18,9,Autumn,0
10023456783,2024-09-08 19:00:00,2024-09-08,19:00:00,2.0295,Sunday,19,9,Autumn,0
10023456783,2024-09-08 20:00:00,2024-09-08,20:00:00,2.2213,Sunday,20,9,Autumn,0
10023456783,2024-09-08 21:00:00,2024-09-08,21:00:00,1.8563,Sunday,21,9,Autumn,0
10023456783,2024-09-08 22:00:00,2024-09-08,22:00:00,1.4315,Sunday,22,9,Autumn,0
10023456783,2024-09-08 23:00:00,2024-09-08,23:00:00,0.9470,Sunday,23,9,Autumn,0
10023456783,2024-09-09 00:00:00,2024-09-09,00:00:00,0.3760,Monday,0,9,Autumn,0
10023456783,2024-09-09 01:00:00,2024-09-09,01:00:00,0.3599,Monday,1,9,Autumn,0
10023456783,2024-09-09 02:00:00,2024-09-09,02:00:00,0.3389,Monday,2,9,Autumn,0
10023456783,2024-09-09 03:00:00,2024-09-09,03:00:00,0.3295,Monday,3,9,Autumn,0
10023456783,2024-09-09 04:00:00,2024-09-09,04:00:00,0.3977,Monday,4,9,Autumn,0
10023456783,2024-09-09 05:00:00,2024-09-09,05:00:00,0.5394,Monday,5,9,Autumn,0
10023456783,2024-09-09 06:00:00,2024-09-09,06:00:00,0.9770,Monday,6,9,Autumn,0
10023456783,2024-09-09 07:00:00,2024-09-09,07:00:00,1.2032,Monday,7,9,Autumn,0
10023456783,2024-09-09 08:00:00,2024-09-09,08:00:00,1.7608,Monday,8,9,Autumn,0
10023456783,2024-09-09 09:00:00,2024-09-09,09:00:00,1.2511,Monday,9,9,Autumn,0
10023456783,2024-09-09 10:00:00,2024-09-09,10:00:00,1.0488,Monday,10,9,Autumn,0
10023456783,2024-09-09 11:00:00,2024-09-09,11:00:00,0.7136,Monday,11,9,Autumn,0
10023456783,2024-09-09 12:00:00,2024-09-09,12:00:00,0.9405,Monday,12,9,Autumn,0
10023456783,2024-09-09 13:00:00,2024-09-09,13:00:00,0.8457,Monday,13,9,Autumn,0
10023456783,2024-09-09 14:00:00,2024-09-09,14:00:00,1.1455,Monday,14,9,Autumn,0
10023456783,2024-09-09 15:00:00,2024-09-09,15:00:00,1.0153,Monday,15,9,Autumn,0
10023456783,2024-09-09 16:00:00,2024-09-09,16:00:00,1.0964,Monday,16,9,Autumn,0
10023456783,2024-09-09 17:00:00,2024-09-09,17:00:00,1.3125,Monday,17,9,Autumn,0
10023456783,2024-09-09 18:00:00,2024-09-09,18:00:00,1.7333,Monday,18,9,Autumn,0
10023456783,2024-09-09 19:00:00,2024-09-09,19:00:00,1.8052,Monday,19,9,Autumn,0
10023456783,2024-09-09 20:00:00,2024-09-09,20:00:00,1.9084,Monday,20,9,Autumn,0
10023456783,2024-09-09 21:00:00,2024-09-09,21:00:00,1.8009,Monday,21,9,Autumn,0
10023456783,2024-09-09 22:00:00,2024-09-09,22:00:00,1.4935,Monday,22,9,Autumn,0
10023456783,2024-09-09 23:00:00,2024-09-09,23:00:00,0.7865,Monday,23,9,Autumn,0
10023456783,2024-09-10 00:00:00,2024-09-10,00:00:00,0.4457,Tuesday,0,9,Autumn,0
10023456783,2024-09-10 01:00:00,2024-09-10,01:00:00,0.4174,Tuesday,1,9,Autumn,0
10023456783,2024-09-10 02:00:00,2024-09-10,02:00:00,0.2966,Tuesday,2,9,Autumn,0
10023456783,2024-09-10 03:00:00,2024-09-10,03:00:00,0.3853,Tuesday,3,9,Autumn,0
10023456783,2024-09-10 04:00:00,2024-09-10,04:00:00,0.3171,Tuesday,4,9,Autumn,0
10023456783,2024-09-10 05:00:00,2024-09-10,05:00:00,0.5482,Tuesday,5,9,Autumn,0
10023456783,2024-09-10 06:00:00,2024-09-10,06:00:00,1.1597,Tuesday,6,9,Autumn,0
10023456783,2024-09-10 07:00:00,2024-09-10,07:00:00,1.4323,Tuesday,7,9,Autumn,0
10023456783,2024-09-10 08:00:00,2024-09-10,08:00:00,1.3634,Tuesday,8,9,Autumn,0
10023456783,2024-09-10 09:00:00,2024-09-10,09:00:00,1.2815,Tuesday,9,9,Autumn,0
10023456783,2024-09-10 10:00:00,2024-09-10,10:00:00,1.0184,Tuesday,10,9,Autumn,0
10023456783,2024-09-10 11:00:00,2024-09-10,11:00:00,0.9680,Tuesday,11,9,Autumn,0
10023456783,2024-09-10 12:00:00,2024-09-10,12:00:00,0.7412,Tuesday,12,9,Autumn,0
10023456783,2024-09-10 13:00:00,2024-09-10,13:00:00,0.9711,Tuesday,13,9,Autumn,0
10023456783,2024-09-10 14:00:00,2024-09-10,14:00:00,0.9656,Tuesday,14,9,Autumn,0
10023456783,2024-09-10 15:00:00,2024-09-10,15:00:00,0.9124,Tuesday,15,9,Autumn,0
10023456783,2024-09-10 16:00:00,2024-09-10,16:00:00,1.1104,Tuesday,16,9,Autumn,0
10023456783,2024-09-10 17:00:00,2024-09-10,17:00:00,1.4927,Tuesday,17,9,Autumn,0
10023456783,2024-09-10 18:00:00,2024-09-10,18:00:00,2.1070,Tuesday,18,9,Autumn,0
10023456783,2024-09-10 19:00:00,2024-09-10,19:00:00,2.6919,Tuesday,19,9,Autumn,0
10023456783,2024-09-10 20:00:00,2024-09-10,20:00:00,1.9608,Tuesday,20,9,Autumn,0
10023456783,2024-09-10 21:00:00,2024-09-10,21:00:00,1.5626,Tuesday,21,9,Autumn,0
10023456783,2024-09-10 22:00:00,2024-09-10,22:00:00,1.4494,Tuesday,22,9,Autumn,0
10023456783,2024-09-10 23:00:00,2024-09-10,23:00:00,0.6916,Tuesday,23,9,Autumn,0
10023456783,2024-09-11 00:00:00,2024-09-11,00:00:00,0.3870,Wednesday,0,9,Autumn,0
10023456783,2024-09-11 01:00:00,2024-09-11,01:00:00,5.3625,Wednesday,1,9,Autumn,1
10023456783,2024-09-11 02:00:00,2024-09-11,02:00:00,0.2988,Wednesday,2,9,Autumn,0
10023456783,2024-09-11 03:00:00,2024-09-11,03:00:00,0.2951,Wednesday,3,9,Autumn,0
10023456783,2024-09-11 04:00:00,2024-09-11,04:00:00,0.3132,Wednesday,4,9,Autumn,0
10023456783,2024-09-11 05:00:00,2024-09-11,05:00:00,0.4196,Wednesday,5,9,Autumn,0
10023456783,2024-09-11 06:00:00,2024-09-11,06:00:00,0.8822,Wednesday,6,9,Autumn,0
10023456783,2024-09-11 07:00:00,2024-09-11,07:00:00,1.1832,Wednesday,7,9,Autumn,0
10023456783,2024-09-11 08:00:00,2024-09-11,08:00:00,1.3628,Wednesday,8,9,Autumn,0
10023456783,2024-09-11 09:00:00,2024-09-11,09:00:00,1.1741,Wednesday,9,9,Autumn,0
10023456783,2024-09-11 10:00:00,2024-09-11,10:00:00,1.0377,Wednesday,10,9,Autumn,0
10023456783,2024-09-11 11:00:00,2024-09-11,11:00:00,0.9236,Wednesday,11,9,Autumn,0
10023456783,2024-09-11 12:00:00,2024-09-11,12:00:00,0.7830,Wednesday,12,9,Autumn,0
10023456783,2024-09-11 13:00:00,2024-09-11,13:00:00,0.9578,Wednesday,13,9,Autumn,0
10023456783,2024-09-11 14:00:00,2024-09-11,14:00:00,6.0184,Wednesday,14,9,Autumn,1
10023456783,2024-09-11 15:00:00,2024-09-11,15:00:00,4.1335,Wednesday,15,9,Autumn,1
10023456783,2024-09-11 16:00:00,2024-09-11,16:00:00,1.2211,Wednesday,16,9,Autumn,0
10023456783,2024-09-11 17:00:00,2024-09-11,17:00:00,1.3970,Wednesday,17,9,Autumn,0
10023456783,2024-09-11 18:00:00,2024-09-11,18:00:00,1.8944,Wednesday,18,9,Autumn,0
10023456783,2024-09-11 19:00:00,2024-09-11,19:00:00,0.3738,Wednesday,19,9,Autumn,1
10023456783,2024-09-11 20:00:00,2024-09-11,20:00:00,1.9227,Wednesday,20,9,Autumn,0
10023456783,2024-09-11 21:00:00,2024-09-11,21:00:00,1.6569,Wednesday,21,9,Autumn,0
10023456783,2024-09-11 22:00:00,2024-09-11,22:00:00,1.2884,Wednesday,22,9,Autumn,0
10023456783,2024-09-11 23:00:00,2024-09-11,23:00:00,0.6303,Wednesday,23,9,Autumn,0
10023456783,2024-09-12 00:00:00,2024-09-12,00:00:00,4.2544,Thursday,0,9,Autumn,1
10023456783,2024-09-12 01:00:00,2024-09-12,01:00:00,0.3749,Thursday,1,9,Autumn,0
10023456783,2024-09-12 02:00:00,2024-09-12,02:00:00,0.3589,Thursday,2,9,Autumn,0
10023456783,2024-09-12 03:00:00,2024-09-12,03:00:00,0.3582,Thursday,3,9,Autumn,0
10023456783,2024-09-12 04:00:00,2024-09-12,04:00:00,0.4688,Thursday,4,9,Autumn,0
10023456783,2024-09-12 05:00:00,2024-09-12,05:00:00,0.5275,Thursday,5,9,Autumn,0
10023456783,2024-09-12 06:00:00,2024-09-12,06:00:00,1.0273,Thursday,6,9,Autumn,0
10023456783,2024-09-12 07:00:00,2024-09-12,07:00:00,1.5323,Thursday,7,9,Autumn,0
10023456783,2024-09-12 08:00:00,2024-09-12,08:00:00,1.5051,Thursday,8,9,Autumn,0
10023456783,2024-09-12 09:00:00,2024-09-12,09:00:00,1.3735,Thursday,9,9,Autumn,0
10023456783,2024-09-12 10:00:00,2024-09-12,10:00:00,1.2424,Thursday,10,9,Autumn,0
10023456783,2024-09-12 11:00:00,2024-09-12,11:00:00,0.9630,Thursday,11,9,Autumn,0
10023456783,2024-09-12 12:00:00,2024-09-12,12:00:00,0.9915,Thursday,12,9,Autumn,0
10023456783,2024-09-12 13:00:00,2024-09-12,13:00:00,0.9403,Thursday,13,9,Autumn,0
10023456783,2024-09-12 14:00:00,2024-09-12,14:00:00,1.0453,Thursday,14,9,Autumn,0
10023456783,2024-09-12 15:00:00,2024-09-12,15:00:00,0.8920,Thursday,15,9,Autumn,0
10023456783,2024-09-12 16:00:00,2024-09-12,16:00:00,1.4608,Thursday,16,9,Autumn,0
10023456783,2024-09-12 17:00:00,2024-09-12,17:00:00,1.6229,Thursday,17,9,Autumn,0
10023456783,2024-09-12 18:00:00,2024-09-12,18:00:00,1.8575,Thursday,18,9,Autumn,0
10023456783,2024-09-12 19:00:00,2024-09-12,19:00:00,2.4209,Thursday,19,9,Autumn,0
10023456783,2024-09-12 20:00:00,2024-09-12,20:00:00,2.5872,Thursday,20,9,Autumn,0
10023456783,2024-09-12 21:00:00,2024-09-12,21:00:00,2.1002,Thursday,21,9,Autumn,0
10023456783,2024-09-12 22:00:00,2024-09-12,22:00:00,1.6542,Thursday,22,9,Autumn,0
10023456783,2024-09-12 23:00:00,2024-09-12,23:00:00,0.8567,Thursday,23,9,Autumn,0
10023456783,2024-09-13 00:00:00,2024-09-13,00:00:00,0.2925,Friday,0,9,Autumn,0
10023456783,2024-09-13 01:00:00,2024-09-13,01:00:00,0.4093,Friday,1,9,Autumn,0
10023456783,2024-09-13 02:00:00,2024-09-13,02:00:00,0.3419,Friday,2,9,Autumn,0
10023456783,2024-09-13 03:00:00,2024-09-13,03:00:00,0.3517,Friday,3,9,Autumn,0
10023456783,2024-09-13 04:00:00,2024-09-13,04:00:00,1.9106,Friday,4,9,Autumn,1
10023456783,2024-09-13 05:00:00,2024-09-13,05:00:00,0.5632,Friday,5,9,Autumn,0
10023456783,2024-09-13 06:00:00,2024-09-13,06:00:00,1.1405,Friday,6,9,Autumn,0
10023456783,2024-09-13 07:00:00,2024-09-13,07:00:00,1.3582,Friday,7,9,Autumn,0
10023456783,2024-09-13 08:00:00,2024-09-13,08:00:00,1.0901,Friday,8,9,Autumn,0
10023456783,2024-09-13 09:00:00,2024-09-13,09:00:00,1.1882,Friday,9,9,Autumn,0
10023456783,2024-09-13 10:00:00,2024-09-13,10:00:00,0.9518,Friday,10,9,Autumn,0
10023456783,2024-09-13 11:00:00,2024-09-13,11:00:00,0.9607,Friday,11,9,Autumn,0
10023456783,2024-09-13 12:00:00,2024-09-13,12:00:00,0.8118,Friday,12,9,Autumn,0
10023456783,2024-09-13 13:00:00,2024-09-13,13:00:00,0.9087,Friday,13,9,Autumn,0
10023456783,2024-09-13 14:00:00,2024-09-13,14:00:00,1.0458,Friday,14,9,Autumn,0
10023456783,2024-09-13 15:00:00,2024-09-13,15:00:00,1.0637,Friday,15,9,Autumn,0
10023456783,2024-09-13 16:00:00,2024-09-13,16:00:00,1.1192,Friday,16,9,Autumn,0
10023456783,2024-09-13 17:00:00,2024-09-13,17:00:00,1.4095,Friday,17,9,Autumn,0
10023456783,2024-09-13 18:00:00,2024-09-13,18:00:00,1.6969,Friday,18,9,Autumn,0
10023456783,2024-09-13 19:00:00,2024-09-13,19:00:00,2.0648,Friday,19,9,Autumn,0
10023456783,2024-09-13 20:00:00,2024-09-13,20:00:00,1.8926,Friday,20,9,Autumn,0
10023456783,2024-09-13 21:00:00,2024-09-13,21:00:00,1.6845,Friday,21,9,Autumn,0
10023456783,2024-09-13 22:00:00,2024-09-13,22:00:00,1.3829,Friday,22,9,Autumn,0
10023456783,2024-09-13 23:00:00,2024-09-13,23:00:00,0.6519,Friday,23,9,Autumn,0
10023456783,2024-09-14 00:00:00,2024-09-14,00:00:00,0.4557,Saturday,0,9,Autumn,0
10023456783,2024-09-14 01:00:00,2024-09-14,01:00:00,3.7293,Saturday,1,9,Autumn,1
10023456783,2024-09-14 02:00:00,2024-09-14,02:00:00,5.3817,Saturday,2,9,Autumn,1
10023456783,2024-09-14 03:00:00,2024-09-14,03:00:00,6.1013,Saturday,3,9,Autumn,1
10023456783,2024-09-14 04:00:00,2024-09-14,04:00:00,0.3629,Saturday,4,9,Autumn,0
10023456783,2024-09-14 05:00:00,2024-09-14,05:00:00,0.3315,Saturday,5,9,Autumn,0
10023456783,2024-09-14 06:00:00,2024-09-14,06:00:00,0.6282,Saturday,6,9,Autumn,0
10023456783,2024-09-14 07:00:00,2024-09-14,07:00:00,1.0004,Saturday,7,9,Autumn,0
10023456783,2024-09-14 08:00:00,2024-09-14,08:00:00,1.4999,Saturday,8,9,Autumn,0
10023456783,2024-09-14 09:00:00,2024-09-14,09:00:00,1.4408,Saturday,9,9,Autumn,0
10023456783,2024-09-14 10:00:00,2024-09-14,10:00:00,1.5629,Saturday,10,9,Autumn,0
10023456783,2024-09-14 11:00:00,2024-09-14,11:00:00,1.2595,Saturday,11,9,Autumn,0
10023456783,2024-09-14 12:00:00,2024-09-14,12:00:00,1.3636,Saturday,12,9,Autumn,0
10023456783,2024-09-14 13:00:00,2024-09-14,13:00:00,1.2282,Saturday,13,9,Autumn,0
10023456783,2024-09-14 14:00:00,2024-09-14,14:00:00,1.2171,Saturday,14,9,Autumn,0
10023456783,2024-09-14 15:00:00,2024-09-14,15:00:00,1.1241,Saturday,15,9,Autumn,0
10023456783,2024-09-14 16:00:00,2024-09-14,16:00:00,1.2947,Saturday,16,9,Autumn,0
10023456783,2024-09-14 17:00:00,2024-09-14,17:00:00,1.2928,Saturday,17,9,Autumn,0
10023456783,2024-09-14 18:00:00,2024-09-14,18:00:00,1.8876,Saturday,18,9,Autumn,0
10023456783,2024-09-14 19:00:00,2024-09-14,19:00:00,2.0298,Saturday,19,9,Autumn,0
10023456783,2024-09-14 20:00:00,2024-09-14,20:00:00,2.1436,Saturday,20,9,Autumn,0
10023456783,2024-09-14 21:00:00,2024-09-14,21:00:00,1.8329,Saturday,21,9,Autumn,0
10023456783,2024-09-14 22:00:00,2024-09-14,22:00:00,1.1289,Saturday,22,9,Autumn,0
10023456783,2024-09-14 23:00:00,2024-09-14,23:00:00,2.1886,Saturday,23,9,Autumn,1
10023456783,2024-09-15 00:00:00,2024-09-15,00:00:00,0.3736,Sunday,0,9,Autumn,0
10023456783,2024-09-15 01:00:00,2024-09-15,01:00:00,0.4159,Sunday,1,9,Autumn,0
10023456783,2024-09-15 02:00:00,2024-09-15,02:00:00,0.3282,Sunday,2,9,Autumn,0
10023456783,2024-09-15 03:00:00,2024-09-15,03:00:00,0.3902,Sunday,3,9,Autumn,0
10023456783,2024-09-15 04:00:00,2024-09-15,04:00:00,0.3525,Sunday,4,9,Autumn,0
10023456783,2024-09-15 05:00:00,2024-09-15,05:00:00,0.4016,Sunday,5,9,Autumn,0
10023456783,2024-09-15 06:00:00,2024-09-15,06:00:00,0.6528,Sunday,6,9,Autumn,0
10023456783,2024-09-15 07:00:00,2024-09-15,07:00:00,0.8826,Sunday,7,9,Autumn,0
10023456783,2024-09-15 08:00:00,2024-09-15,08:00:00,1.3772,Sunday,8,9,Autumn,0
10023456783,2024-09-15 09:00:00,2024-09-15,09:00:00,1.7514,Sunday,9,9,Autumn,0
10023456783,2024-09-15 10:00:00,2024-09-15,10:00:00,1.4539,Sunday,10,9,Autumn,0
10023456783,2024-09-15 11:00:00,2024-09-15,11:00:00,1.2911,Sunday,11,9,Autumn,0
10023456783,2024-09-15 12:00:00,2024-09-15,12:00:00,1.0889,Sunday,12,9,Autumn,0
10023456783,2024-09-15 13:00:00,2024-09-15,13:00:00,1.0451,Sunday,13,9,Autumn,0
10023456783,2024-09-15 14:00:00,2024-09-15,14:00:00,1.0505,Sunday,14,9,Autumn,0
10023456783,2024-09-15 15:00:00,2024-09-15,15:00:00,1.1198,Sunday,15,9,Autumn,0
10023456783,2024-09-15 16:00:00,2024-09-15,16:00:00,1.4844,Sunday,16,9,Autumn,0
10023456783,2024-09-15 17:00:00,2024-09-15,17:00:00,1.5409,Sunday,17,9,Autumn,0
10023456783,2024-09-15 18:00:00,2024-09-15,18:00:00,2.0349,Sunday,18,9,Autumn,0
10023456783,2024-09-15 19:00:00,2024-09-15,19:00:00,2.0789,Sunday,19,9,Autumn,0
10023456783,2024-09-15 20:00:00,2024-09-15,20:00:00,2.7835,Sunday,20,9,Autumn,0
10023456783,2024-09-15 21:00:00,2024-09-15,21:00:00,1.8509,Sunday,21,9,Autumn,0
10023456783,2024-09-15 22:00:00,2024-09-15,22:00:00,1.2138,Sunday,22,9,Autumn,0
10023456783,2024-09-15 23:00:00,2024-09-15,23:00:00,0.8347,Sunday,23,9,Autumn,0
10023456783,2024-09-16 00:00:00,2024-09-16,00:00:00,0.3233,Monday,0,9,Autumn,0
10023456783,2024-09-16 01:00:00,2024-09-16,01:00:00,3.7230,Monday,1,9,Autumn,1
10023456783,2024-09-16 02:00:00,2024-09-16,02:00:00,5.2025,Monday,2,9,Autumn,1
10023456783,2024-09-16 03:00:00,2024-09-16,03:00:00,0.2700,Monday,3,9,Autumn,0
10023456783,2024-09-16 04:00:00,2024-09-16,04:00:00,3.7217,Monday,4,9,Autumn,1
10023456783,2024-09-16 05:00:00,2024-09-16,05:00:00,0.4574,Monday,5,9,Autumn,0
10023456783,2024-09-16 06:00:00,2024-09-16,06:00:00,0.7543,Monday,6,9,Autumn,0
10023456783,2024-09-16 07:00:00,2024-09-16,07:00:00,1.2441,Monday,7,9,Autumn,0
10023456783,2024-09-16 08:00:00,2024-09-16,08:00:00,1.0871,Monday,8,9,Autumn,0
10023456783,2024-09-16 09:00:00,2024-09-16,09:00:00,1.1173,Monday,9,9,Autumn,0
10023456783,2024-09-16 10:00:00,2024-09-16,10:00:00,0.8248,Monday,10,9,Autumn,0
10023456783,2024-09-16 11:00:00,2024-09-16,11:00:00,0.7351,Monday,11,9,Autumn,0
10023456783,2024-09-16 12:00:00,2024-09-16,12:00:00,0.7172,Monday,12,9,Autumn,0
10023456783,2024-09-16 13:00:00,2024-09-16,13:00:00,0.7757,Monday,13,9,Autumn,0
10023456783,2024-09-16 14:00:00,2024-09-16,14:00:00,0.7511,Monday,14,9,Autumn,0
10023456783,2024-09-16 15:00:00,2024-09-16,15:00:00,0.8989,Monday,15,9,Autumn,0
10023456783,2024-09-16 16:00:00,2024-09-16,16:00:00,0.9305,Monday,16,9,Autumn,0
10023456783,2024-09-16 17:00:00,2024-09-16,17:00:00,1.3007,Monday,17,9,Autumn,0
10023456783,2024-09-16 18:00:00,2024-09-16,18:00:00,1.6223,Monday,18,9,Autumn,0
10023456783,2024-09-16 19:00:00,2024-09-16,19:00:00,1.4750,Monday,19,9,Autumn,0
10023456783,2024-09-16 20:00:00,2024-09-16,20:00:00,2.1612,Monday,20,9,Autumn,0
10023456783,2024-09-16 21:00:00,2024-09-16,21:00:00,1.6361,Monday,21,9,Autumn,0
10023456783,2024-09-16 22:00:00,2024-09-16,22:00:00,0.8695,Monday,22,9,Autumn,0
10023456783,2024-09-16 23:00:00,2024-09-16,23:00:00,0.4924,Monday,23,9,Autumn,0
10023456783,2024-09-17 00:00:00,2024-09-17,00:00:00,0.3723,Tuesday,0,9,Autumn,0
10023456783,2024-09-17 01:00:00,2024-09-17,01:00:00,0.3201,Tuesday,1,9,Autumn,0
10023456783,2024-09-17 02:00:00,2024-09-17,02:00:00,0.2991,Tuesday,2,9,Autumn,0
10023456783,2024-09-17 03:00:00,2024-09-17,03:00:00,0.3244,Tuesday,3,9,Autumn,0
10023456783,2024-09-17 04:00:00,2024-09-17,04:00:00,0.2622,Tuesday,4,9,Autumn,0
10023456783,2024-09-17 05:00:00,2024-09-17,05:00:00,0.4596,Tuesday,5,9,Autumn,0
10023456783,2024-09-17 06:00:00,2024-09-17,06:00:00,0.9111,Tuesday,6,9,Autumn,0
10023456783,2024-09-17 07:00:00,2024-09-17,07:00:00,1.3886,Tuesday,7,9,Autumn,0
10023456783,2024-09-17 08:00:00,2024-09-17,08:00:00,1.1870,Tuesday,8,9,Autumn,0
10023456783,2024-09-17 09:00:00,2024-09-17,09:00:00,1.1069,Tuesday,9,9,Autumn,0
10023456783,2024-09-17 10:00:00,2024-09-17,10:00:00,1.0661,Tuesday,10,9,Autumn,0
10023456783,2024-09-17 11:00:00,2024-09-17,11:00:00,0.8464,Tuesday,11,9,Autumn,0
10023456783,2024-09-17 12:00:00,2024-09-17,12:00:00,0.8339,Tuesday,12,9,Autumn,0
10023456783,2024-09-17 13:00:00,2024-09-17,13:00:00,0.9504,Tuesday,13,9,Autumn,0
10023456783,2024-09-17 14:00:00,2024-09-17,14:00:00,0.8584,Tuesday,14,9,Autumn,0
10023456783,2024-09-17 15:00:00,2024-09-17,15:00:00,0.9149,Tuesday,15,9,Autumn,0
10023456783,2024-09-17 16:00:00,2024-09-17,16:00:00,1.1733,Tuesday,16,9,Autumn,0
10023456783,2024-09-17 17:00:00,2024-09-17,17:00:00,1.4204,Tuesday,17,9,Autumn,0
10023456783,2024-09-17 18:00:00,2024-09-17,18:00:00,1.8790,Tuesday,18,9,Autumn,0
10023456783,2024-09-17 19:00:00,2024-09-17,19:00:00,2.0617,Tuesday,19,9,Autumn,0
10023456783,2024-09-17 20:00:00,2024-09-17,20:00:00,0.3368,Tuesday,20,9,Autumn,1
10023456783,2024-09-17 21:00:00,2024-09-17,21:00:00,1.5150,Tuesday,21,9,Autumn,0
10023456783,2024-09-17 22:00:00,2024-09-17,22:00:00,1.1606,Tuesday,22,9,Autumn,0
10023456783,2024-09-17 23:00:00,2024-09-17,23:00:00,0.6559,Tuesday,23,9,Autumn,0
10023456783,2024-09-18 00:00:00,2024-09-18,00:00:00,0.4159,Wednesday,0,9,Autumn,0
10023456783,2024-09-18 01:00:00,2024-09-18,01:00:00,0.3564,Wednesday,1,9,Autumn,0
10023456783,2024-09-18 02:00:00,2024-09-18,02:00:00,0.3482,Wednesday,2,9,Autumn,0
10023456783,2024-09-18 03:00:00,2024-09-18,03:00:00,0.3943,Wednesday,3,9,Autumn,0
10023456783,2024-09-18 04:00:00,2024-09-18,04:00:00,0.4078,Wednesday,4,9,Autumn,0
10023456783,2024-09-18 05:00:00,2024-09-18,05:00:00,0.6219,Wednesday,5,9,Autumn,0
10023456783,2024-09-18 06:00:00,2024-09-18,06:00:00,0.8216,Wednesday,6,9,Autumn,0
10023456783,2024-09-18 07:00:00,2024-09-18,07:00:00,1.3090,Wednesday,7,9,Autumn,0
10023456783,2024-09-18 08:00:00,2024-09-18,08:00:00,1.5086,Wednesday,8,9,Autumn,0
10023456783,2024-09-18 09:00:00,2024-09-18,09:00:00,1.0469,Wednesday,9,9,Autumn,0
10023456783,2024-09-18 10:00:00,2024-09-18,10:00:00,0.8921,Wednesday,10,9,Autumn,0
10023456783,2024-09-18 11:00:00,2024-09-18,11:00:00,0.9086,Wednesday,11,9,Autumn,0
10023456783,2024-09-18 12:00:00,2024-09-18,12:00:00,0.7224,Wednesday,12,9,Autumn,0
10023456783,2024-09-18 13:00:00,2024-09-18,13:00:00,0.8189,Wednesday,13,9,Autumn,0
10023456783,2024-09-18 14:00:00,2024-09-18,14:00:00,0.9445,Wednesday,14,9,Autumn,0
10023456783,2024-09-18 15:00:00,2024-09-18,15:00:00,0.9549,Wednesday,15,9,Autumn,0
10023456783,2024-09-18 16:00:00,2024-09-18,16:00:00,1.2320,Wednesday,16,9,Autumn,0
10023456783,2024-09-18 17:00:00,2024-09-18,17:00:00,1.4562,Wednesday,17,9,Autumn,0
10023456783,2024-09-18 18:00:00,2024-09-18,18:00:00,1.9427,Wednesday,18,9,Autumn,0
10023456783,2024-09-18 19:00:00,2024-09-18,19:00:00,2.0908,Wednesday,19,9,Autumn,0
10023456783,2024-09-18 20:00:00,2024-09-18,20:00:00,2.0078,Wednesday,20,9,Autumn,0
10023456783,2024-09-18 21:00:00,2024-09-18,21:00:00,1.7051,Wednesday,21,9,Autumn,0
10023456783,2024-09-18 22:00:00,2024-09-18,22:00:00,1.2803,Wednesday,22,9,Autumn,0
10023456783,2024-09-18 23:00:00,2024-09-18,23:00:00,0.7148,Wednesday,23,9,Autumn,0
10023456783,2024-09-19 00:00:00,2024-09-19,00:00:00,0.4124,Thursday,0,9,Autumn,0
10023456783,2024-09-19 01:00:00,2024-09-19,01:00:00,0.4838,Thursday,1,9,Autumn,0
10023456783,2024-09-19 02:00:00,2024-09-19,02:00:00,0.4498,Thursday,2,9,Autumn,0
10023456783,2024-09-19 03:00:00,2024-09-19,03:00:00,0.3707,Thursday,3,9,Autumn,0
10023456783,2024-09-19 04:00:00,2024-09-19,04:00:00,0.4347,Thursday,4,9,Autumn,0
10023456783,2024-09-19 05:00:00,2024-09-19,05:00:00,0.7055,Thursday,5,9,Autumn,0
10023456783,2024-09-19 06:00:00,2024-09-19,06:00:00,1.3167,Thursday,6,9,Autumn,0
10023456783,2024-09-19 07:00:00,2024-09-19,07:00:00,1.3995,Thursday,7,9,Autumn,0
10023456783,2024-09-19 08:00:00,2024-09-19,08:00:00,1.7283,Thursday,8,9,Autumn,0
10023456783,2024-09-19 09:00:00,2024-09-19,09:00:00,1.7282,Thursday,9,9,Autumn,0
10023456783,2024-09-19 10:00:00,2024-09-19,10:00:00,0.9461,Thursday,10,9,Autumn,0
10023456783,2024-09-19 11:00:00,2024-09-19,11:00:00,1.0050,Thursday,11,9,Autumn,0
10023456783,2024-09-19 12:00:00,2024-09-19,12:00:00,1.1347,Thursday,12,9,Autumn,0
10023456783,2024-09-19 13:00:00,2024-09-19,13:00:00,1.1660,Thursday,13,9,Autumn,0
10023456783,2024-09-19 14:00:00,2024-09-19,14:00:00,1.3627,Thursday,14,9,Autumn,0
10023456783,2024-09-19 15:00:00,2024-09-19,15:00:00,1.2669,Thursday,15,9,Autumn,0
10023456783,2024-09-19 16:00:00,2024-09-19,16:00:00,1.4206,Thursday,16,9,Autumn,0
10023456783,2024-09-19 17:00:00,2024-09-19,17:00:00,1.9228,Thursday,17,9,Autumn,0
10023456783,2024-09-19 18:00:00,2024-09-19,18:00:00,2.4920,Thursday,18,9,Autumn,0
10023456783,2024-09-19 19:00:00,2024-09-19,19:00:00,2.3396,Thursday,19,9,Autumn,0
10023456783,2024-09-19 20:00:00,2024-09-19,20:00:00,2.4314,Thursday,20,9,Autumn,0
10023456783,2024-09-19 21:00:00,2024-09-19,21:00:00,2.0577,Thursday,21,9,Autumn,0
10023456783,2024-09-19 22:00:00,2024-09-19,22:00:00,1.3971,Thursday,22,9,Autumn,0
10023456783,2024-09-19 23:00:00,2024-09-19,23:00:00,0.9854,Thursday,23,9,Autumn,0
10023456783,2024-09-20 00:00:00,2024-09-20,00:00:00,0.4363,Friday,0,9,Autumn,0
10023456783,2024-09-20 01:00:00,2024-09-20,01:00:00,0.4206,Friday,1,9,Autumn,0
10023456783,2024-09-20 02:00:00,2024-09-20,02:00:00,0.3610,Friday,2,9,Autumn,0
10023456783,2024-09-20 03:00:00,2024-09-20,03:00:00,0.3496,Friday,3,9,Autumn,0
10023456783,2024-09-20 04:00:00,2024-09-20,04:00:00,0.4597,Friday,4,9,Autumn,0
10023456783,2024-09-20 05:00:00,2024-09-20,05:00:00,0.6436,Friday,5,9,Autumn,0
10023456783,2024-09-20 06:00:00,2024-09-20,06:00:00,1.0727,Friday,6,9,Autumn,0
10023456783,2024-09-20 07:00:00,2024-09-20,07:00:00,1.9394,Friday,7,9,Autumn,0
10023456783,2024-09-20 08:00:00,2024-09-20,08:00:00,1.8663,Friday,8,9,Autumn,0
10023456783,2024-09-20 09:00:00,2024-09-20,09:00:00,1.7812,Friday,9,9,Autumn,0
10023456783,2024-09-20 10:00:00,2024-09-20,10:00:00,1.4154,Friday,10,9,Autumn,0
10023456783,2024-09-20 11:00:00,2024-09-20,11:00:00,0.9557,Friday,11,9,Autumn,0
10023456783,2024-09-20 12:00:00,2024-09-20,12:00:00,1.4358,Friday,12,9,Autumn,0
10023456783,2024-09-20 13:00:00,2024-09-20,13:00:00,1.2251,Friday,13,9,Autumn,0
10023456783,2024-09-20 14:00:00,2024-09-20,14:00:00,1.1572,Friday,14,9,Autumn,0
10023456783,2024-09-20 15:00:00,2024-09-20,15:00:00,1.3708,Friday,15,9,Autumn,0
10023456783,2024-09-20 16:00:00,2024-09-20,16:00:00,1.6567,Friday,16,9,Autumn,0
10023456783,2024-09-20 17:00:00,2024-09-20,17:00:00,1.8314,Friday,17,9,Autumn,0
10023456783,2024-09-20 18:00:00,2024-09-20,18:00:00,2.1379,Friday,18,9,Autumn,0
10023456783,2024-09-20 19:00:00,2024-09-20,19:00:00,2.5248,Friday,19,9,Autumn,0
10023456783,2024-09-20 20:00:00,2024-09-20,20:00:00,2.3250,Friday,20,9,Autumn,0
10023456783,2024-09-20 21:00:00,2024-09-20,21:00:00,2.5408,Friday,21,9,Autumn,0
10023456783,2024-09-20 22:00:00,2024-09-20,22:00:00,1.6976,Friday,22,9,Autumn,0
10023456783,2024-09-20 23:00:00,2024-09-20,23:00:00,0.9993,Friday,23,9,Autumn,0
10023456783,2024-09-21 00:00:00,2024-09-21,00:00:00,0.4652,Saturday,0,9,Autumn,0
10023456783,2024-09-21 01:00:00,2024-09-21,01:00:00,0.4259,Saturday,1,9,Autumn,0
10023456783,2024-09-21 02:00:00,2024-09-21,02:00:00,0.4561,Saturday,2,9,Autumn,0
10023456783,2024-09-21 03:00:00,2024-09-21,03:00:00,0.3230,Saturday,3,9,Autumn,0
10023456783,2024-09-21 04:00:00,2024-09-21,04:00:00,0.3598,Saturday,4,9,Autumn,0
10023456783,2024-09-21 05:00:00,2024-09-21,05:00:00,0.4846,Saturday,5,9,Autumn,0
10023456783,2024-09-21 06:00:00,2024-09-21,06:00:00,0.5892,Saturday,6,9,Autumn,0
10023456783,2024-09-21 07:00:00,2024-09-21,07:00:00,0.9459,Saturday,7,9,Autumn,0
10023456783,2024-09-21 08:00:00,2024-09-21,08:00:00,1.4785,Saturday,8,9,Autumn,0
10023456783,2024-09-21 09:00:00,2024-09-21,09:00:00,1.8278,Saturday,9,9,Autumn,0
10023456783,2024-09-21 10:00:00,2024-09-21,10:00:00,1.6066,Saturday,10,9,Autumn,0
10023456783,2024-09-21 11:00:00,2024-09-21,11:00:00,1.1154,Saturday,11,9,Autumn,0
10023456783,2024-09-21 12:00:00,2024-09-21,12:00:00,1.2921,Saturday,12,9,Autumn,0
10023456783,2024-09-21 13:00:00,2024-09-21,13:00:00,1.2607,Saturday,13,9,Autumn,0
10023456783,2024-09-21 14:00:00,2024-09-21,14:00:00,1.0992,Saturday,14,9,Autumn,0
10023456783,2024-09-21 15:00:00,2024-09-21,15:00:00,1.3546,Saturday,15,9,Autumn,0
10023456783,2024-09-21 16:00:00,2024-09-21,16:00:00,1.4923,Saturday,16,9,Autumn,0
10023456783,2024-09-21 17:00:00,2024-09-21,17:00:00,1.6818,Saturday,17,9,Autumn,0
10023456783,2024-09-21 18:00:00,2024-09-21,18:00:00,1.8573,Saturday,18,9,Autumn,0
10023456783,2024-09-21 19:00:00,2024-09-21,19:00:00,2.0326,Saturday,19,9,Autumn,0
10023456783,2024-09-21 20:00:00,2024-09-21,20:00:00,1.7413,Saturday,20,9,Autumn,0
10023456783,2024-09-21 21:00:00,2024-09-21,21:00:00,1.5497,Saturday,21,9,Autumn,0
10023456783,2024-09-21 22:00:00,2024-09-21,22:00:00,1.4389,Saturday,22,9,Autumn,0
10023456783,2024-09-21 23:00:00,2024-09-21,23:00:00,1.0475,Saturday,23,9,Autumn,0
10023456783,2024-09-22 00:00:00,2024-09-22,00:00:00,0.4773,Sunday,0,9,Autumn,0
10023456783,2024-09-22 01:00:00,2024-09-22,01:00:00,0.4558,Sunday,1,9,Autumn,0
10023456783,2024-09-22 02:00:00,2024-09-22,02:00:00,0.4291,Sunday,2,9,Autumn,0
10023456783,2024-09-22 03:00:00,2024-09-22,03:00:00,0.4353,Sunday,3,9,Autumn,0
10023456783,2024-09-22 04:00:00,2024-09-22,04:00:00,0.3630,Sunday,4,9,Autumn,0
10023456783,2024-09-22 05:00:00,2024-09-22,05:00:00,0.6411,Sunday,5,9,Autumn,0
10023456783,2024-09-22 06:00:00,2024-09-22,06:00:00,0.6652,Sunday,6,9,Autumn,0
10023456783,2024-09-22 07:00:00,2024-09-22,07:00:00,0.8924,Sunday,7,9,Autumn,0
10023456783,2024-09-22 08:00:00,2024-09-22,08:00:00,1.5790,Sunday,8,9,Autumn,0
10023456783,2024-09-22 09:00:00,2024-09-22,09:00:00,1.6378,Sunday,9,9,Autumn,0
10023456783,2024-09-22 10:00:00,2024-09-22,10:00:00,0.0610,Sunday,10,9,Autumn,1
10023456783,2024-09-22 11:00:00,2024-09-22,11:00:00,1.2602,Sunday,11,9,Autumn,0
10023456783,2024-09-22 12:00:00,2024-09-22,12:00:00,1.3918,Sunday,12,9,Autumn,0
10023456783,2024-09-22 13:00:00,2024-09-22,13:00:00,1.1270,Sunday,13,9,Autumn,0
10023456783,2024-09-22 14:00:00,2024-09-22,14:00:00,0.9235,Sunday,14,9,Autumn,0
10023456783,2024-09-22 15:00:00,2024-09-22,15:00:00,1.4240,Sunday,15,9,Autumn,0
10023456783,2024-09-22 16:00:00,2024-09-22,16:00:00,1.3702,Sunday,16,9,Autumn,0
10023456783,2024-09-22 17:00:00,2024-09-22,17:00:00,1.5736,Sunday,17,9,Autumn,0
10023456783,2024-09-22 18:00:00,2024-09-22,18:00:00,1.9457,Sunday,18,9,Autumn,0
10023456783,2024-09-22 19:00:00,2024-09-22,19:00:00,2.5313,Sunday,19,9,Autumn,0
10023456783,2024-09-22 20:00:00,2024-09-22,20:00:00,1.5359,Sunday,20,9,Autumn,0
10023456783,2024-09-22 21:00:00,2024-09-22,21:00:00,1.8265,Sunday,21,9,Autumn,0
10023456783,2024-09-22 22:00:00,2024-09-22,22:00:00,1.5387,Sunday,22,9,Autumn,0
10023456783,2024-09-22 23:00:00,2024-09-22,23:00:00,0.9342,Sunday,23,9,Autumn,0
10023456783,2024-09-23 00:00:00,2024-09-23,00:00:00,0.5073,Monday,0,9,Autumn,0
10023456783,2024-09-23 01:00:00,2024-09-23,01:00:00,0.3573,Monday,1,9,Autumn,0
10023456783,2024-09-23 02:00:00,2024-09-23,02:00:00,0.3962,Monday,2,9,Autumn,0
10023456783,2024-09-23 03:00:00,2024-09-23,03:00:00,0.3122,Monday,3,9,Autumn,0
10023456783,2024-09-23 04:00:00,2024-09-23,04:00:00,0.4344,Monday,4,9,Autumn,0
10023456783,2024-09-23 05:00:00,2024-09-23,05:00:00,0.5711,Monday,5,9,Autumn,0
10023456783,2024-09-23 06:00:00,2024-09-23,06:00:00,0.9644,Monday,6,9,Autumn,0
10023456783,2024-09-23 07:00:00,2024-09-23,07:00:00,1.1828,Monday,7,9,Autumn,0
10023456783,2024-09-23 08:00:00,2024-09-23,08:00:00,1.6783,Monday,8,9,Autumn,0
10023456783,2024-09-23 09:00:00,2024-09-23,09:00:00,1.4876,Monday,9,9,Autumn,0
10023456783,2024-09-23 10:00:00,2024-09-23,10:00:00,1.0233,Monday,10,9,Autumn,0
10023456783,2024-09-23 11:00:00,2024-09-23,11:00:00,1.0315,Monday,11,9,Autumn,0
10023456783,2024-09-23 12:00:00,2024-09-23,12:00:00,0.9380,Monday,12,9,Autumn,0
10023456783,2024-09-23 13:00:00,2024-09-23,13:00:00,1.0130,Monday,13,9,Autumn,0
10023456783,2024-09-23 14:00:00,2024-09-23,14:00:00,0.9275,Monday,14,9,Autumn,0
10023456783,2024-09-23 15:00:00,2024-09-23,15:00:00,5.7797,Monday,15,9,Autumn,1
10023456783,2024-09-23 16:00:00,2024-09-23,16:00:00,8.1044,Monday,16,9,Autumn,1
10023456783,2024-09-23 17:00:00,2024-09-23,17:00:00,1.5625,Monday,17,9,Autumn,0
10023456783,2024-09-23 18:00:00,2024-09-23,18:00:00,1.7867,Monday,18,9,Autumn,0
10023456783,2024-09-23 19:00:00,2024-09-23,19:00:00,2.0484,Monday,19,9,Autumn,0
10023456783,2024-09-23 20:00:00,2024-09-23,20:00:00,1.7609,Monday,20,9,Autumn,0
10023456783,2024-09-23 21:00:00,2024-09-23,21:00:00,1.6753,Monday,21,9,Autumn,0
10023456783,2024-09-23 22:00:00,2024-09-23,22:00:00,1.6692,Monday,22,9,Autumn,0
10023456783,2024-09-23 23:00:00,2024-09-23,23:00:00,0.9160,Monday,23,9,Autumn,0
10023456783,2024-09-24 00:00:00,2024-09-24,00:00:00,0.4470,Tuesday,0,9,Autumn,0
10023456783,2024-09-24 01:00:00,2024-09-24,01:00:00,0.4397,Tuesday,1,9,Autumn,0
10023456783,2024-09-24 02:00:00,2024-09-24,02:00:00,0.3932,Tuesday,2,9,Autumn,0
10023456783,2024-09-24 03:00:00,2024-09-24,03:00:00,0.3117,Tuesday,3,9,Autumn,0
10023456783,2024-09-24 04:00:00,2024-09-24,04:00:00,0.4698,Tuesday,4,9,Autumn,0
10023456783,2024-09-24 05:00:00,2024-09-24,05:00:00,0.6033,Tuesday,5,9,Autumn,0
10023456783,2024-09-24 06:00:00,2024-09-24,06:00:00,1.0736,Tuesday,6,9,Autumn,0
10023456783,2024-09-24 07:00:00,2024-09-24,07:00:00,1.3552,Tuesday,7,9,Autumn,0
10023456783,2024-09-24 08:00:00,2024-09-24,08:00:00,1.4092,Tuesday,8,9,Autumn,0
10023456783,2024-09-24 09:00:00,2024-09-24,09:00:00,1.3370,Tuesday,9,9,Autumn,0
10023456783,2024-09-24 10:00:00,2024-09-24,10:00:00,1.3034,Tuesday,10,9,Autumn,0
10023456783,2024-09-24 11:00:00,2024-09-24,11:00:00,0.9138,Tuesday,11,9,Autumn,0
10023456783,2024-09-24 12:00:00,2024-09-24,12:00:00,0.8780,Tuesday,12,9,Autumn,0
10023456783,2024-09-24 13:00:00,2024-09-24,13:00:00,0.8021,Tuesday,13,9,Autumn,0
10023456783,2024-09-24 14:00:00,2024-09-24,14:00:00,0.9977,Tuesday,14,9,Autumn,0
10023456783,2024-09-24 15:00:00,2024-09-24,15:00:00,0.9465,Tuesday,15,9,Autumn,0
10023456783,2024-09-24 16:00:00,2024-09-24,16:00:00,1.2401,Tuesday,16,9,Autumn,0
10023456783,2024-09-24 17:00:00,2024-09-24,17:00:00,1.6992,Tuesday,17,9,Autumn,0
10023456783,2024-09-24 18:00:00,2024-09-24,18:00:00,2.0677,Tuesday,18,9,Autumn,0
10023456783,2024-09-24 19:00:00,2024-09-24,19:00:00,2.3564,Tuesday,19,9,Autumn,0
10023456783,2024-09-24 20:00:00,2024-09-24,20:00:00,1.9375,Tuesday,20,9,Autumn,0
10023456783,2024-09-24 21:00:00,2024-09-24,21:00:00,1.8317,Tuesday,21,9,Autumn,0
10023456783,2024-09-24 22:00:00,2024-09-24,22:00:00,1.1999,Tuesday,22,9,Autumn,0
10023456783,2024-09-24 23:00:00,2024-09-24,23:00:00,0.6631,Tuesday,23,9,Autumn,0
10023456783,2024-09-25 00:00:00,2024-09-25,00:00:00,0.4293,Wednesday,0,9,Autumn,0
10023456783,2024-09-25 01:00:00,2024-09-25,01:00:00,0.3962,Wednesday,1,9,Autumn,0
10023456783,2024-09-25 02:00:00,2024-09-25,02:00:00,0.3657,Wednesday,2,9,Autumn,0
10023456783,2024-09-25 03:00:00,2024-09-25,03:00:00,0.4311,Wednesday,3,9,Autumn,0
10023456783,2024-09-25 04:00:00,2024-09-25,04:00:00,0.3585,Wednesday,4,9,Autumn,0
10023456783,2024-09-25 05:00:00,2024-09-25,05:00:00,0.5188,Wednesday,5,9,Autumn,0
10023456783,2024-09-25 06:00:00,2024-09-25,06:00:00,1.0495,Wednesday,6,9,Autumn,0
10023456783,2024-09-25 07:00:00,2024-09-25,07:00:00,1.4646,Wednesday,7,9,Autumn,0
10023456783,2024-09-25 08:00:00,2024-09-25,08:00:00,1.6814,Wednesday,8,9,Autumn,0
10023456783,2024-09-25 09:00:00,2024-09-25,09:00:00,1.3904,Wednesday,9,9,Autumn,0
10023456783,2024-09-25 10:00:00,2024-09-25,10:00:00,1.1334,Wednesday,10,9,Autumn,0
10023456783,2024-09-25 11:00:00,2024-09-25,11:00:00,0.8551,Wednesday,11,9,Autumn,0
10023456783,2024-09-25 12:00:00,2024-09-25,12:00:00,1.0330,Wednesday,12,9,Autumn,0
10023456783,2024-09-25 13:00:00,2024-09-25,13:00:00,0.9009,Wednesday,13,9,Autumn,0
10023456783,2024-09-25 14:00:00,2024-09-25,14:00:00,1.0000,Wednesday,14,9,Autumn,0
10023456783,2024-09-25 15:00:00,2024-09-25,15:00:00,1.2053,Wednesday,15,9,Autumn,0
10023456783,2024-09-25 16:00:00,2024-09-25,16:00:00,1.0454,Wednesday,16,9,Autumn,0
10023456783,2024-09-25 17:00:00,2024-09-25,17:00:00,1.4727,Wednesday,17,9,Autumn,0
10023456783,2024-09-25 18:00:00,2024-09-25,18:00:00,1.6103,Wednesday,18,9,Autumn,0
10023456783,2024-09-25 19:00:00,2024-09-25,19:00:00,2.3849,Wednesday,19,9,Autumn,0
10023456783,2024-09-25 20:00:00,2024-09-25,20:00:00,2.1192,Wednesday,20,9,Autumn,0
10023456783,2024-09-25 21:00:00,2024-09-25,21:00:00,1.7569,Wednesday,21,9,Autumn,0
10023456783,2024-09-25 22:00:00,2024-09-25,22:00:00,1.2086,Wednesday,22,9,Autumn,0
10023456783,2024-09-25 23:00:00,2024-09-25,23:00:00,0.8546,Wednesday,23,9,Autumn,0
10023456783,2024-09-26 00:00:00,2024-09-26,00:00:00,4.1574,Thursday,0,9,Autumn,1
10023456783,2024-09-26 01:00:00,2024-09-26,01:00:00,0.2859,Thursday,1,9,Autumn,0
10023456783,2024-09-26 02:00:00,2024-09-26,02:00:00,0.3101,Thursday,2,9,Autumn,0
10023456783,2024-09-26 03:00:00,2024-09-26,03:00:00,5.4365,Thursday,3,9,Autumn,1
10023456783,2024-09-26 04:00:00,2024-09-26,04:00:00,4.5517,Thursday,4,9,Autumn,1
10023456783,2024-09-26 05:00:00,2024-09-26,05:00:00,4.9609,Thursday,5,9,Autumn,1
10023456783,2024-09-26 06:00:00,2024-09-26,06:00:00,0.9203,Thursday,6,9,Autumn,0
10023456783,2024-09-26 07:00:00,2024-09-26,07:00:00,1.1105,Thursday,7,9,Autumn,0
10023456783,2024-09-26 08:00:00,2024-09-26,08:00:00,1.2054,Thursday,8,9,Autumn,0
10023456783,2024-09-26 09:00:00,2024-09-26,09:00:00,1.1539,Thursday,9,9,Autumn,0
10023456783,2024-09-26 10:00:00,2024-09-26,10:00:00,0.8664,Thursday,10,9,Autumn,0
10023456783,2024-09-26 11:00:00,2024-09-26,11:00:00,0.8754,Thursday,11,9,Autumn,0
10023456783,2024-09-26 12:00:00,2024-09-26,12:00:00,0.6926,Thursday,12,9,Autumn,0
10023456783,2024-09-26 13:00:00,2024-09-26,13:00:00,0.9137,Thursday,13,9,Autumn,0
10023456783,2024-09-26 14:00:00,2024-09-26,14:00:00,0.8054,Thursday,14,9,Autumn,0
10023456783,2024-09-26 15:00:00,2024-09-26,15:00:00,0.8573,Thursday,15,9,Autumn,0
10023456783,2024-09-26 16:00:00,2024-09-26,16:00:00,0.8487,Thursday,16,9,Autumn,0
10023456783,2024-09-26 17:00:00,2024-09-26,17:00:00,1.4347,Thursday,17,9,Autumn,0
10023456783,2024-09-26 18:00:00,2024-09-26,18:00:00,1.6545,Thursday,18,9,Autumn,0
10023456783,2024-09-26 19:00:00,2024-09-26,19:00:00,1.7386,Thursday,19,9,Autumn,0
10023456783,2024-09-26 20:00:00,2024-09-26,20:00:00,1.7004,Thursday,20,9,Autumn,0
10023456783,2024-09-26 21:00:00,2024-09-26,21:00:00,1.4924,Thursday,21,9,Autumn,0
10023456783,2024-09-26 22:00:00,2024-09-26,22:00:00,0.9918,Thursday,22,9,Autumn,0
10023456783,2024-09-26 23:00:00,2024-09-26,23:00:00,0.8012,Thursday,23,9,Autumn,0
10023456783,2024-09-27 00:00:00,2024-09-27,00:00:00,0.3922,Friday,0,9,Autumn,0
10023456783,2024-09-27 01:00:00,2024-09-27,01:00:00,0.3217,Friday,1,9,Autumn,0
10023456783,2024-09-27 02:00:00,2024-09-27,02:00:00,0.2709,Friday,2,9,Autumn,0
10023456783,2024-09-27 03:00:00,2024-09-27,03:00:00,0.2748,Friday,3,9,Autumn,0
10023456783,2024-09-27 04:00:00,2024-09-27,04:00:00,0.3893,Friday,4,9,Autumn,0
10023456783,2024-09-27 05:00:00,2024-09-27,05:00:00,0.5921,Friday,5,9,Autumn,0
10023456783,2024-09-27 06:00:00,2024-09-27,06:00:00,0.8579,Friday,6,9,Autumn,0
10023456783,2024-09-27 07:00:00,2024-09-27,07:00:00,1.3343,Friday,7,9,Autumn,0
10023456783,2024-09-27 08:00:00,2024-09-27,08:00:00,1.3455,Friday,8,9,Autumn,0
10023456783,2024-09-27 09:00:00,2024-09-27,09:00:00,1.2093,Friday,9,9,Autumn,0
10023456783,2024-09-27 10:00:00,2024-09-27,10:00:00,6.5007,Friday,10,9,Autumn,1
10023456783,2024-09-27 11:00:00,2024-09-27,11:00:00,7.0496,Friday,11,9,Autumn,1
10023456783,2024-09-27 12:00:00,2024-09-27,12:00:00,0.8087,Friday,12,9,Autumn,0
10023456783,2024-09-27 13:00:00,2024-09-27,13:00:00,0.8967,Friday,13,9,Autumn,0
10023456783,2024-09-27 14:00:00,2024-09-27,14:00:00,0.9016,Friday,14,9,Autumn,0
10023456783,2024-09-27 15:00:00,2024-09-27,15:00:00,0.9638,Friday,15,9,Autumn,0
10023456783,2024-09-27 16:00:00,2024-09-27,16:00:00,0.8874,Friday,16,9,Autumn,0
10023456783,2024-09-27 17:00:00,2024-09-27,17:00:00,1.1108,Friday,17,9,Autumn,0
10023456783,2024-09-27 18:00:00,2024-09-27,18:00:00,1.9558,Friday,18,9,Autumn,0
10023456783,2024-09-27 19:00:00,2024-09-27,19:00:00,1.6677,Friday,19,9,Autumn,0
10023456783,2024-09-27 20:00:00,2024-09-27,20:00:00,1.9047,Friday,20,9,Autumn,0
10023456783,2024-09-27 21:00:00,2024-09-27,21:00:00,1.7126,Friday,21,9,Autumn,0
10023456783,2024-09-27 22:00:00,2024-09-27,22:00:00,1.1637,Friday,22,9,Autumn,0
10023456783,2024-09-27 23:00:00,2024-09-27,23:00:00,0.6844,Friday,23,9,Autumn,0
10023456783,2024-09-28 00:00:00,2024-09-28,00:00:00,0.4075,Saturday,0,9,Autumn,0
10023456783,2024-09-28 01:00:00,2024-09-28,01:00:00,0.3928,Saturday,1,9,Autumn,0
10023456783,2024-09-28 02:00:00,2024-09-28,02:00:00,0.2884,Saturday,2,9,Autumn,0
10023456783,2024-09-28 03:00:00,2024-09-28,03:00:00,0.3513,Saturday,3,9,Autumn,0
10023456783,2024-09-28 04:00:00,2024-09-28,04:00:00,0.4040,Saturday,4,9,Autumn,0
10023456783,2024-09-28 05:00:00,2024-09-28,05:00:00,0.4046,Saturday,5,9,Autumn,0
10023456783,2024-09-28 06:00:00,2024-09-28,06:00:00,0.6068,Saturday,6,9,Autumn,0
10023456783,2024-09-28 07:00:00,2024-09-28,07:00:00,0.9829,Saturday,7,9,Autumn,0
10023456783,2024-09-28 08:00:00,2024-09-28,08:00:00,1.2720,Saturday,8,9,Autumn,0
10023456783,2024-09-28 09:00:00,2024-09-28,09:00:00,1.7619,Saturday,9,9,Autumn,0
10023456783,2024-09-28 10:00:00,2024-09-28,10:00:00,1.6315,Saturday,10,9,Autumn,0
10023456783,2024-09-28 11:00:00,2024-09-28,11:00:00,1.1725,Saturday,11,9,Autumn,0
10023456783,2024-09-28 12:00:00,2024-09-28,12:00:00,1.0403,Saturday,12,9,Autumn,0
10023456783,2024-09-28 13:00:00,2024-09-28,13:00:00,1.0962,Saturday,13,9,Autumn,0
10023456783,2024-09-28 14:00:00,2024-09-28,14:00:00,1.2892,Saturday,14,9,Autumn,0
10023456783,2024-09-28 15:00:00,2024-09-28,15:00:00,0.9480,Saturday,15,9,Autumn,0
10023456783,2024-09-28 16:00:00,2024-09-28,16:00:00,1.4366,Saturday,16,9,Autumn,0
10023456783,2024-09-28 17:00:00,2024-09-28,17:00:00,1.5493,Saturday,17,9,Autumn,0
10023456783,2024-09-28 18:00:00,2024-09-28,18:00:00,1.4890,Saturday,18,9,Autumn,0
10023456783,2024-09-28 19:00:00,2024-09-28,19:00:00,1.9057,Saturday,19,9,Autumn,0
10023456783,2024-09-28 20:00:00,2024-09-28,20:00:00,1.7343,Saturday,20,9,Autumn,0
10023456783,2024-09-28 21:00:00,2024-09-28,21:00:00,1.6276,Saturday,21,9,Autumn,0
10023456783,2024-09-28 22:00:00,2024-09-28,22:00:00,1.4910,Saturday,22,9,Autumn,0
10023456783,2024-09-28 23:00:00,2024-09-28,23:00:00,0.7982,Saturday,23,9,Autumn,0
10023456783,2024-09-29 00:00:00,2024-09-29,00:00:00,0.3938,Sunday,0,9,Autumn,0
10023456783,2024-09-29 01:00:00,2024-09-29,01:00:00,0.4733,Sunday,1,9,Autumn,0
10023456783,2024-09-29 02:00:00,2024-09-29,02:00:00,0.3941,Sunday,2,9,Autumn,0
10023456783,2024-09-29 03:00:00,2024-09-29,03:00:00,0.4464,Sunday,3,9,Autumn,0
10023456783,2024-09-29 04:00:00,2024-09-29,04:00:00,0.4150,Sunday,4,9,Autumn,0
10023456783,2024-09-29 05:00:00,2024-09-29,05:00:00,0.4399,Sunday,5,9,Autumn,0
10023456783,2024-09-29 06:00:00,2024-09-29,06:00:00,0.7531,Sunday,6,9,Autumn,0
10023456783,2024-09-29 07:00:00,2024-09-29,07:00:00,1.1224,Sunday,7,9,Autumn,0
10023456783,2024-09-29 08:00:00,2024-09-29,08:00:00,1.2355,Sunday,8,9,Autumn,0
10023456783,2024-09-29 09:00:00,2024-09-29,09:00:00,1.4534,Sunday,9,9,Autumn,0
10023456783,2024-09-29 10:00:00,2024-09-29,10:00:00,1.8593,Sunday,10,9,Autumn,0
10023456783,2024-09-29 11:00:00,2024-09-29,11:00:00,1.6495,Sunday,11,9,Autumn,0
10023456783,2024-09-29 12:00:00,2024-09-29,12:00:00,1.2830,Sunday,12,9,Autumn,0
10023456783,2024-09-29 13:00:00,2024-09-29,13:00:00,1.1435,Sunday,13,9,Autumn,0
10023456783,2024-09-29 14:00:00,2024-09-29,14:00:00,1.1604,Sunday,14,9,Autumn,0
10023456783,2024-09-29 15:00:00,2024-09-29,15:00:00,1.2490,Sunday,15,9,Autumn,0
10023456783,2024-09-29 16:00:00,2024-09-29,16:00:00,1.3021,Sunday,16,9,Autumn,0
10023456783,2024-09-29 17:00:00,2024-09-29,17:00:00,1.2392,Sunday,17,9,Autumn,0
10023456783,2024-09-29 18:00:00,2024-09-29,18:00:00,2.1721,Sunday,18,9,Autumn,0
10023456783,2024-09-29 19:00:00,2024-09-29,19:00:00,2.0233,Sunday,19,9,Autumn,0
10023456783,2024-09-29 20:00:00,2024-09-29,20:00:00,1.9464,Sunday,20,9,Autumn,0
10023456783,2024-09-29 21:00:00,2024-09-29,21:00:00,1.7568,Sunday,21,9,Autumn,0
10023456783,2024-09-29 22:00:00,2024-09-29,22:00:00,1.6170,Sunday,22,9,Autumn,0
10023456783,2024-09-29 23:00:00,2024-09-29,23:00:00,0.9405,Sunday,23,9,Autumn,0
10023456783,2024-09-30 00:00:00,2024-09-30,00:00:00,0.4592,Monday,0,9,Autumn,0
10023456783,2024-09-30 01:00:00,2024-09-30,01:00:00,0.3473,Monday,1,9,Autumn,0
10023456783,2024-09-30 02:00:00,2024-09-30,02:00:00,0.3389,Monday,2,9,Autumn,0
10023456783,2024-09-30 03:00:00,2024-09-30,03:00:00,3.5428,Monday,3,9,Autumn,1
10023456783,2024-09-30 04:00:00,2024-09-30,04:00:00,5.2517,Monday,4,9,Autumn,1
10023456783,2024-09-30 05:00:00,2024-09-30,05:00:00,4.5321,Monday,5,9,Autumn,1
10023456783,2024-09-30 06:00:00,2024-09-30,06:00:00,1.0499,Monday,6,9,Autumn,0
10023456783,2024-09-30 07:00:00,2024-09-30,07:00:00,1.4714,Monday,7,9,Autumn,0
10023456783,2024-09-30 08:00:00,2024-09-30,08:00:00,1.8292,Monday,8,9,Autumn,0
10023456783,2024-09-30 09:00:00,2024-09-30,09:00:00,1.3598,Monday,9,9,Autumn,0
10023456783,2024-09-30 10:00:00,2024-09-30,10:00:00,1.1234,Monday,10,9,Autumn,0
10023456783,2024-09-30 11:00:00,2024-09-30,11:00:00,0.9946,Monday,11,9,Autumn,0
10023456783,2024-09-30 12:00:00,2024-09-30,12:00:00,1.0763,Monday,12,9,Autumn,0
10023456783,2024-09-30 13:00:00,2024-09-30,13:00:00,0.8498,Monday,13,9,Autumn,0
10023456783,2024-09-30 14:00:00,2024-09-30,14:00:00,1.0206,Monday,14,9,Autumn,0
10023456783,2024-09-30 15:00:00,2024-09-30,15:00:00,0.9564,Monday,15,9,Autumn,0
10023456783,2024-09-30 16:00:00,2024-09-30,16:00:00,1.1993,Monday,16,9,Autumn,0
10023456783,2024-09-30 17:00:00,2024-09-30,17:00:00,1.8148,Monday,17,9,Autumn,0
10023456783,2024-09-30 18:00:00,2024-09-30,18:00:00,2.0835,Monday,18,9,Autumn,0
10023456783,2024-09-30 19:00:00,2024-09-30,19:00:00,2.0284,Monday,19,9,Autumn,0
10023456783,2024-09-30 20:00:00,2024-09-30,20:00:00,2.3606,Monday,20,9,Autumn,0
10023456783,2024-09-30 21:00:00,2024-09-30,21:00:00,1.6849,Monday,21,9,Autumn,0
10023456783,2024-09-30 22:00:00,2024-09-30,22:00:00,1.3415,Monday,22,9,Autumn,0
10023456783,2024-09-30 23:00:00,2024-09-30,23:00:00,0.8307,Monday,23,9,Autumn,0
10023456783,2024-10-01 00:00:00,2024-10-01,00:00:00,0.3469,Tuesday,0,10,Autumn,0
10023456783,2024-10-01 01:00:00,2024-10-01,01:00:00,0.3961,Tuesday,1,10,Autumn,0
10023456783,2024-10-01 02:00:00,2024-10-01,02:00:00,0.3012,Tuesday,2,10,Autumn,0
10023456783,2024-10-01 03:00:00,2024-10-01,03:00:00,0.2746,Tuesday,3,10,Autumn,0
10023456783,2024-10-01 04:00:00,2024-10-01,04:00:00,0.2862,Tuesday,4,10,Autumn,0
10023456783,2024-10-01 05:00:00,2024-10-01,05:00:00,0.4916,Tuesday,5,10,Autumn,0
10023456783,2024-10-01 06:00:00,2024-10-01,06:00:00,0.8608,Tuesday,6,10,Autumn,0
10023456783,2024-10-01 07:00:00,2024-10-01,07:00:00,1.2585,Tuesday,7,10,Autumn,0
10023456783,2024-10-01 08:00:00,2024-10-01,08:00:00,1.3090,Tuesday,8,10,Autumn,0
10023456783,2024-10-01 09:00:00,2024-10-01,09:00:00,1.4047,Tuesday,9,10,Autumn,0
10023456783,2024-10-01 10:00:00,2024-10-01,10:00:00,1.1241,Tuesday,10,10,Autumn,0
10023456783,2024-10-01 11:00:00,2024-10-01,11:00:00,0.7365,Tuesday,11,10,Autumn,0
10023456783,2024-10-01 12:00:00,2024-10-01,12:00:00,0.9846,Tuesday,12,10,Autumn,0
10023456783,2024-10-01 13:00:00,2024-10-01,13:00:00,0.7163,Tuesday,13,10,Autumn,0
10023456783,2024-10-01 14:00:00,2024-10-01,14:00:00,0.8096,Tuesday,14,10,Autumn,0
10023456783,2024-10-01 15:00:00,2024-10-01,15:00:00,0.8961,Tuesday,15,10,Autumn,0
10023456783,2024-10-01 16:00:00,2024-10-01,16:00:00,1.0027,Tuesday,16,10,Autumn,0
10023456783,2024-10-01 17:00:00,2024-10-01,17:00:00,1.4615,Tuesday,17,10,Autumn,0
10023456783,2024-10-01 18:00:00,2024-10-01,18:00:00,1.9603,Tuesday,18,10,Autumn,0
10023456783,2024-10-01 19:00:00,2024-10-01,19:00:00,1.6295,Tuesday,19,10,Autumn,0
10023456783,2024-10-01 20:00:00,2024-10-01,20:00:00,1.6984,Tuesday,20,10,Autumn,0
10023456783,2024-10-01 21:00:00,2024-10-01,21:00:00,1.4941,Tuesday,21,10,Autumn,0
10023456783,2024-10-01 22:00:00,2024-10-01,22:00:00,1.1291,Tuesday,22,10,Autumn,0
10023456783,2024-10-01 23:00:00,2024-10-01,23:00:00,0.6264,Tuesday,23,10,Autumn,0
10023456783,2024-10-02 00:00:00,2024-10-02,00:00:00,0.4703,Wednesday,0,10,Autumn,0
10023456783,2024-10-02 01:00:00,2024-10-02,01:00:00,0.3769,Wednesday,1,10,Autumn,0
10023456783,2024-10-02 02:00:00,2024-10-02,02:00:00,0.4095,Wednesday,2,10,Autumn,0
10023456783,2024-10-02 03:00:00,2024-10-02,03:00:00,0.3322,Wednesday,3,10,Autumn,0
10023456783,2024-10-02 04:00:00,2024-10-02,04:00:00,0.4860,Wednesday,4,10,Autumn,0
10023456783,2024-10-02 05:00:00,2024-10-02,05:00:00,0.6655,Wednesday,5,10,Autumn,0
10023456783,2024-10-02 06:00:00,2024-10-02,06:00:00,1.0372,Wednesday,6,10,Autumn,0
10023456783,2024-10-02 07:00:00,2024-10-02,07:00:00,1.5421,Wednesday,7,10,Autumn,0
10023456783,2024-10-02 08:00:00,2024-10-02,08:00:00,1.6874,Wednesday,8,10,Autumn,0
10023456783,2024-10-02 09:00:00,2024-10-02,09:00:00,1.6830,Wednesday,9,10,Autumn,0
10023456783,2024-10-02 10:00:00,2024-10-02,10:00:00,1.3519,Wednesday,10,10,Autumn,0
10023456783,2024-10-02 11:00:00,2024-10-02,11:00:00,0.9605,Wednesday,11,10,Autumn,0
10023456783,2024-10-02 12:00:00,2024-10-02,12:00:00,1.0275,Wednesday,12,10,Autumn,0
10023456783,2024-10-02 13:00:00,2024-10-02,13:00:00,1.0324,Wednesday,13,10,Autumn,0
10023456783,2024-10-02 14:00:00,2024-10-02,14:00:00,1.1146,Wednesday,14,10,Autumn,0
10023456783,2024-10-02 15:00:00,2024-10-02,15:00:00,1.0997,Wednesday,15,10,Autumn,0
10023456783,2024-10-02 16:00:00,2024-10-02,16:00:00,1.2231,Wednesday,16,10,Autumn,0
10023456783,2024-10-02 17:00:00,2024-10-02,17:00:00,1.6947,Wednesday,17,10,Autumn,0
10023456783,2024-10-02 18:00:00,2024-10-02,18:00:00,2.4858,Wednesday,18,10,Autumn,0
10023456783,2024-10-02 19:00:00,2024-10-02,19:00:00,2.2474,Wednesday,19,10,Autumn,0
10023456783,2024-10-02 20:00:00,2024-10-02,20:00:00,2.4430,Wednesday,20,10,Autumn,0
10023456783,2024-10-02 21:00:00,2024-10-02,21:00:00,2.0271,Wednesday,21,10,Autumn,0
10023456783,2024-10-02 22:00:00,2024-10-02,22:00:00,1.4047,Wednesday,22,10,Autumn,0
10023456783,2024-10-02 23:00:00,2024-10-02,23:00:00,0.7462,Wednesday,23,10,Autumn,0
10023456783,2024-10-03 00:00:00,2024-10-03,00:00:00,0.3819,Thursday,0,10,Autumn,0
10023456783,2024-10-03 01:00:00,2024-10-03,01:00:00,0.3594,Thursday,1,10,Autumn,0
10023456783,2024-10-03 02:00:00,2024-10-03,02:00:00,0.3310,Thursday,2,10,Autumn,0
10023456783,2024-10-03 03:00:00,2024-10-03,03:00:00,0.2603,Thursday,3,10,Autumn,0
10023456783,2024-10-03 04:00:00,2024-10-03,04:00:00,0.3181,Thursday,4,10,Autumn,0
10023456783,2024-10-03 05:00:00,2024-10-03,05:00:00,0.6225,Thursday,5,10,Autumn,0
10023456783,2024-10-03 06:00:00,2024-10-03,06:00:00,1.0037,Thursday,6,10,Autumn,0
10023456783,2024-10-03 07:00:00,2024-10-03,07:00:00,1.4468,Thursday,7,10,Autumn,0
10023456783,2024-10-03 08:00:00,2024-10-03,08:00:00,1.3805,Thursday,8,10,Autumn,0
10023456783,2024-10-03 09:00:00,2024-10-03,09:00:00,1.3384,Thursday,9,10,Autumn,0
10023456783,2024-10-03 10:00:00,2024-10-03,10:00:00,1.0334,Thursday,10,10,Autumn,0
10023456783,2024-10-03 11:00:00,2024-10-03,11:00:00,0.9070,Thursday,11,10,Autumn,0
10023456783,2024-10-03 12:00:00,2024-10-03,12:00:00,0.8454,Thursday,12,10,Autumn,0
10023456783,2024-10-03 13:00:00,2024-10-03,13:00:00,0.8595,Thursday,13,10,Autumn,0
10023456783,2024-10-03 14:00:00,2024-10-03,14:00:00,0.9634,Thursday,14,10,Autumn,0
10023456783,2024-10-03 15:00:00,2024-10-03,15:00:00,0.9344,Thursday,15,10,Autumn,0
10023456783,2024-10-03 16:00:00,2024-10-03,16:00:00,1.1024,Thursday,16,10,Autumn,0
10023456783,2024-10-03 17:00:00,2024-10-03,17:00:00,1.5200,Thursday,17,10,Autumn,0
10023456783,2024-10-03 18:00:00,2024-10-03,18:00:00,1.6118,Thursday,18,10,Autumn,0
10023456783,2024-10-03 19:00:00,2024-10-03,19:00:00,2.2040,Thursday,19,10,Autumn,0
10023456783,2024-10-03 20:00:00,2024-10-03,20:00:00,1.9858,Thursday,20,10,Autumn,0
10023456783,2024-10-03 21:00:00,2024-10-03,21:00:00,1.6023,Thursday,21,10,Autumn,0
10023456783,2024-10-03 22:00:00,2024-10-03,22:00:00,1.3337,Thursday,22,10,Autumn,0
10023456783,2024-10-03 23:00:00,2024-10-03,23:00:00,0.7343,Thursday,23,10,Autumn,0
10023456783,2024-10-04 00:00:00,2024-10-04,00:00:00,0.5683,Friday,0,10,Autumn,0
10023456783,2024-10-04 01:00:00,2024-10-04,01:00:00,0.5580,Friday,1,10,Autumn,0
10023456783,2024-10-04 02:00:00,2024-10-04,02:00:00,0.4636,Friday,2,10,Autumn,0
10023456783,2024-10-04 03:00:00,2024-10-04,03:00:00,0.4249,Friday,3,10,Autumn,0
10023456783,2024-10-04 04:00:00,2024-10-04,04:00:00,0.5042,Friday,4,10,Autumn,0
10023456783,2024-10-04 05:00:00,2024-10-04,05:00:00,0.6076,Friday,5,10,Autumn,0
10023456783,2024-10-04 06:00:00,2024-10-04,06:00:00,1.0609,Friday,6,10,Autumn,0
10023456783,2024-10-04 07:00:00,2024-10-04,07:00:00,1.5136,Friday,7,10,Autumn,0
10023456783,2024-10-04 08:00:00,2024-10-04,08:00:00,1.6000,Friday,8,10,Autumn,0
10023456783,2024-10-04 09:00:00,2024-10-04,09:00:00,1.6330,Friday,9,10,Autumn,0
10023456783,2024-10-04 10:00:00,2024-10-04,10:00:00,1.2442,Friday,10,10,Autumn,0
10023456783,2024-10-04 11:00:00,2024-10-04,11:00:00,1.0000,Friday,11,10,Autumn,0
10023456783,2024-10-04 12:00:00,2024-10-04,12:00:00,1.2521,Friday,12,10,Autumn,0
10023456783,2024-10-04 13:00:00,2024-10-04,13:00:00,1.2114,Friday,13,10,Autumn,0
10023456783,2024-10-04 14:00:00,2024-10-04,14:00:00,1.1186,Friday,14,10,Autumn,0
10023456783,2024-10-04 15:00:00,2024-10-04,15:00:00,1.1101,Friday,15,10,Autumn,0
10023456783,2024-10-04 16:00:00,2024-10-04,16:00:00,1.5065,Friday,16,10,Autumn,0
10023456783,2024-10-04 17:00:00,2024-10-04,17:00:00,1.8953,Friday,17,10,Autumn,0
10023456783,2024-10-04 18:00:00,2024-10-04,18:00:00,1.8175,Friday,18,10,Autumn,0
10023456783,2024-10-04 19:00:00,2024-10-04,19:00:00,2.8511,Friday,19,10,Autumn,0
10023456783,2024-10-04 20:00:00,2024-10-04,20:00:00,2.2963,Friday,20,10,Autumn,0
10023456783,2024-10-04 21:00:00,2024-10-04,21:00:00,2.2372,Friday,21,10,Autumn,0
10023456783,2024-10-04 22:00:00,2024-10-04,22:00:00,1.5955,Friday,22,10,Autumn,0
10023456783,2024-10-04 23:00:00,2024-10-04,23:00:00,0.8837,Friday,23,10,Autumn,0
10023456783,2024-10-05 00:00:00,2024-10-05,00:00:00,0.6266,Saturday,0,10,Autumn,0
10023456783,2024-10-05 01:00:00,2024-10-05,01:00:00,0.4741,Saturday,1,10,Autumn,0
10023456783,2024-10-05 02:00:00,2024-10-05,02:00:00,0.3843,Saturday,2,10,Autumn,0
10023456783,2024-10-05 03:00:00,2024-10-05,03:00:00,0.5245,Saturday,3,10,Autumn,0
10023456783,2024-10-05 04:00:00,2024-10-05,04:00:00,0.4921,Saturday,4,10,Autumn,0
10023456783,2024-10-05 05:00:00,2024-10-05,05:00:00,0.6729,Saturday,5,10,Autumn,0
10023456783,2024-10-05 06:00:00,2024-10-05,06:00:00,0.8907,Saturday,6,10,Autumn,0
10023456783,2024-10-05 07:00:00,2024-10-05,07:00:00,1.5613,Saturday,7,10,Autumn,0
10023456783,2024-10-05 08:00:00,2024-10-05,08:00:00,1.6013,Saturday,8,10,Autumn,0
10023456783,2024-10-05 09:00:00,2024-10-05,09:00:00,2.1115,Saturday,9,10,Autumn,0
10023456783,2024-10-05 10:00:00,2024-10-05,10:00:00,1.9433,Saturday,10,10,Autumn,0
10023456783,2024-10-05 11:00:00,2024-10-05,11:00:00,1.9005,Saturday,11,10,Autumn,0
10023456783,2024-10-05 12:00:00,2024-10-05,12:00:00,1.7401,Saturday,12,10,Autumn,0
10023456783,2024-10-05 13:00:00,2024-10-05,13:00:00,1.5401,Saturday,13,10,Autumn,0
10023456783,2024-10-05 14:00:00,2024-10-05,14:00:00,1.8156,Saturday,14,10,Autumn,0
10023456783,2024-10-05 15:00:00,2024-10-05,15:00:00,1.5892,Saturday,15,10,Autumn,0
10023456783,2024-10-05 16:00:00,2024-10-05,16:00:00,1.8468,Saturday,16,10,Autumn,0
10023456783,2024-10-05 17:00:00,2024-10-05,17:00:00,2.5003,Saturday,17,10,Autumn,0
10023456783,2024-10-05 18:00:00,2024-10-05,18:00:00,2.5033,Saturday,18,10,Autumn,0
10023456783,2024-10-05 19:00:00,2024-10-05,19:00:00,2.9481,Saturday,19,10,Autumn,0
10023456783,2024-10-05 20:00:00,2024-10-05,20:00:00,2.3229,Saturday,20,10,Autumn,0
10023456783,2024-10-05 21:00:00,2024-10-05,21:00:00,2.2525,Saturday,21,10,Autumn,0
10023456783,2024-10-05 22:00:00,2024-10-05,22:00:00,1.8389,Saturday,22,10,Autumn,0
10023456783,2024-10-05 23:00:00,2024-10-05,23:00:00,1.3220,Saturday,23,10,Autumn,0
10023456783,2024-10-06 00:00:00,2024-10-06,00:00:00,0.6981,Sunday,0,10,Autumn,0
10023456783,2024-10-06 01:00:00,2024-10-06,01:00:00,0.5387,Sunday,1,10,Autumn,0
10023456783,2024-10-06 02:00:00,2024-10-06,02:00:00,0.4684,Sunday,2,10,Autumn,0
10023456783,2024-10-06 03:00:00,2024-10-06,03:00:00,0.4557,Sunday,3,10,Autumn,0
10023456783,2024-10-06 04:00:00,2024-10-06,04:00:00,0.5870,Sunday,4,10,Autumn,0
10023456783,2024-10-06 05:00:00,2024-10-06,05:00:00,0.6518,Sunday,5,10,Autumn,0
10023456783,2024-10-06 06:00:00,2024-10-06,06:00:00,0.9425,Sunday,6,10,Autumn,0
10023456783,2024-10-06 07:00:00,2024-10-06,07:00:00,1.0960,Sunday,7,10,Autumn,0
10023456783,2024-10-06 08:00:00,2024-10-06,08:00:00,2.1094,Sunday,8,10,Autumn,0
10023456783,2024-10-06 09:00:00,2024-10-06,09:00:00,2.1325,Sunday,9,10,Autumn,0
10023456783,2024-10-06 10:00:00,2024-10-06,10:00:00,1.8134,Sunday,10,10,Autumn,0
10023456783,2024-10-06 11:00:00,2024-10-06,11:00:00,1.4238,Sunday,11,10,Autumn,0
10023456783,2024-10-06 12:00:00,2024-10-06,12:00:00,1.4050,Sunday,12,10,Autumn,0
10023456783,2024-10-06 13:00:00,2024-10-06,13:00:00,1.4095,Sunday,13,10,Autumn,0
10023456783,2024-10-06 14:00:00,2024-10-06,14:00:00,1.5900,Sunday,14,10,Autumn,0
10023456783,2024-10-06 15:00:00,2024-10-06,15:00:00,1.5425,Sunday,15,10,Autumn,0
10023456783,2024-10-06 16:00:00,2024-10-06,16:00:00,1.8697,Sunday,16,10,Autumn,0
10023456783,2024-10-06 17:00:00,2024-10-06,17:00:00,2.2619,Sunday,17,10,Autumn,0
10023456783,2024-10-06 18:00:00,2024-10-06,18:00:00,2.3203,Sunday,18,10,Autumn,0
10023456783,2024-10-06 19:00:00,2024-10-06,19:00:00,3.1475,Sunday,19,10,Autumn,0
10023456783,2024-10-06 20:00:00,2024-10-06,20:00:00,2.2335,Sunday,20,10,Autumn,0
10023456783,2024-10-06 21:00:00,2024-10-06,21:00:00,2.2797,Sunday,21,10,Autumn,0
10023456783,2024-10-06 22:00:00,2024-10-06,22:00:00,1.6192,Sunday,22,10,Autumn,0
10023456783,2024-10-06 23:00:00,2024-10-06,23:00:00,1.0414,Sunday,23,10,Autumn,0
10023456783,2024-10-07 00:00:00,2024-10-07,00:00:00,0.4683,Monday,0,10,Autumn,0
10023456783,2024-10-07 01:00:00,2024-10-07,01:00:00,0.4771,Monday,1,10,Autumn,0
10023456783,2024-10-07 02:00:00,2024-10-07,02:00:00,0.4332,Monday,2,10,Autumn,0
10023456783,2024-10-07 03:00:00,2024-10-07,03:00:00,0.4488,Monday,3,10,Autumn,0
10023456783,2024-10-07 04:00:00,2024-10-07,04:00:00,2.4093,Monday,4,10,Autumn,1
10023456783,2024-10-07 05:00:00,2024-10-07,05:00:00,3.7084,Monday,5,10,Autumn,1
10023456783,2024-10-07 06:00:00,2024-10-07,06:00:00,1.1896,Monday,6,10,Autumn,0
10023456783,2024-10-07 07:00:00,2024-10-07,07:00:00,1.6241,Monday,7,10,Autumn,0
10023456783,2024-10-07 08:00:00,2024-10-07,08:00:00,1.9814,Monday,8,10,Autumn,0
10023456783,2024-10-07 09:00:00,2024-10-07,09:00:00,1.5437,Monday,9,10,Autumn,0
10023456783,2024-10-07 10:00:00,2024-10-07,10:00:00,1.1904,Monday,10,10,Autumn,0
10023456783,2024-10-07 11:00:00,2024-10-07,11:00:00,1.1903,Monday,11,10,Autumn,0
10023456783,2024-10-07 12:00:00,2024-10-07,12:00:00,1.0526,Monday,12,10,Autumn,0
10023456783,2024-10-07 13:00:00,2024-10-07,13:00:00,1.1831,Monday,13,10,Autumn,0
10023456783,2024-10-07 14:00:00,2024-10-07,14:00:00,0.9311,Monday,14,10,Autumn,0
10023456783,2024-10-07 15:00:00,2024-10-07,15:00:00,0.9829,Monday,15,10,Autumn,0
10023456783,2024-10-07 16:00:00,2024-10-07,16:00:00,1.3723,Monday,16,10,Autumn,0
10023456783,2024-10-07 17:00:00,2024-10-07,17:00:00,1.5797,Monday,17,10,Autumn,0
10023456783,2024-10-07 18:00:00,2024-10-07,18:00:00,2.0673,Monday,18,10,Autumn,0
10023456783,2024-10-07 19:00:00,2024-10-07,19:00:00,2.8484,Monday,19,10,Autumn,0
10023456783,2024-10-07 20:00:00,2024-10-07,20:00:00,2.6739,Monday,20,10,Autumn,0
10023456783,2024-10-07 21:00:00,2024-10-07,21:00:00,2.1440,Monday,21,10,Autumn,0
10023456783,2024-10-07 22:00:00,2024-10-07,22:00:00,1.4157,Monday,22,10,Autumn,0
10023456783,2024-10-07 23:00:00,2024-10-07,23:00:00,0.8673,Monday,23,10,Autumn,0
10023456783,2024-10-08 00:00:00,2024-10-08,00:00:00,0.5225,Tuesday,0,10,Autumn,0
10023456783,2024-10-08 01:00:00,2024-10-08,01:00:00,0.5309,Tuesday,1,10,Autumn,0
10023456783,2024-10-08 02:00:00,2024-10-08,02:00:00,0.4783,Tuesday,2,10,Autumn,0
10023456783,2024-10-08 03:00:00,2024-10-08,03:00:00,0.4306,Tuesday,3,10,Autumn,0
10023456783,2024-10-08 04:00:00,2024-10-08,04:00:00,0.4585,Tuesday,4,10,Autumn,0
10023456783,2024-10-08 05:00:00,2024-10-08,05:00:00,0.7071,Tuesday,5,10,Autumn,0
10023456783,2024-10-08 06:00:00,2024-10-08,06:00:00,1.0172,Tuesday,6,10,Autumn,0
10023456783,2024-10-08 07:00:00,2024-10-08,07:00:00,1.9167,Tuesday,7,10,Autumn,0
10023456783,2024-10-08 08:00:00,2024-10-08,08:00:00,1.9543,Tuesday,8,10,Autumn,0
10023456783,2024-10-08 09:00:00,2024-10-08,09:00:00,1.6086,Tuesday,9,10,Autumn,0
10023456783,2024-10-08 10:00:00,2024-10-08,10:00:00,1.3473,Tuesday,10,10,Autumn,0
10023456783,2024-10-08 11:00:00,2024-10-08,11:00:00,1.1138,Tuesday,11,10,Autumn,0
10023456783,2024-10-08 12:00:00,2024-10-08,12:00:00,1.3200,Tuesday,12,10,Autumn,0
10023456783,2024-10-08 13:00:00,2024-10-08,13:00:00,1.1671,Tuesday,13,10,Autumn,0
10023456783,2024-10-08 14:00:00,2024-10-08,14:00:00,1.1568,Tuesday,14,10,Autumn,0
10023456783,2024-10-08 15:00:00,2024-10-08,15:00:00,1.2844,Tuesday,15,10,Autumn,0
10023456783,2024-10-08 16:00:00,2024-10-08,16:00:00,1.3262,Tuesday,16,10,Autumn,0
10023456783,2024-10-08 17:00:00,2024-10-08,17:00:00,1.5956,Tuesday,17,10,Autumn,0
10023456783,2024-10-08 18:00:00,2024-10-08,18:00:00,2.2923,Tuesday,18,10,Autumn,0
10023456783,2024-10-08 19:00:00,2024-10-08,19:00:00,2.6889,Tuesday,19,10,Autumn,0
10023456783,2024-10-08 20:00:00,2024-10-08,20:00:00,2.8859,Tuesday,20,10,Autumn,0
10023456783,2024-10-08 21:00:00,2024-10-08,21:00:00,2.0147,Tuesday,21,10,Autumn,0
10023456783,2024-10-08 22:00:00,2024-10-08,22:00:00,1.6860,Tuesday,22,10,Autumn,0
10023456783,2024-10-08 23:00:00,2024-10-08,23:00:00,0.9325,Tuesday,23,10,Autumn,0
10023456783,2024-10-09 00:00:00,2024-10-09,00:00:00,0.3133,Wednesday,0,10,Autumn,0
10023456783,2024-10-09 01:00:00,2024-10-09,01:00:00,0.4370,Wednesday,1,10,Autumn,0
10023456783,2024-10-09 02:00:00,2024-10-09,02:00:00,0.3957,Wednesday,2,10,Autumn,0
10023456783,2024-10-09 03:00:00,2024-10-09,03:00:00,0.3900,Wednesday,3,10,Autumn,0
10023456783,2024-10-09 04:00:00,2024-10-09,04:00:00,0.4153,Wednesday,4,10,Autumn,0
10023456783,2024-10-09 05:00:00,2024-10-09,05:00:00,0.4837,Wednesday,5,10,Autumn,0
10023456783,2024-10-09 06:00:00,2024-10-09,06:00:00,1.0222,Wednesday,6,10,Autumn,0
10023456783,2024-10-09 07:00:00,2024-10-09,07:00:00,1.2527,Wednesday,7,10,Autumn,0
10023456783,2024-10-09 08:00:00,2024-10-09,08:00:00,1.7337,Wednesday,8,10,Autumn,0
10023456783,2024-10-09 09:00:00,2024-10-09,09:00:00,1.2568,Wednesday,9,10,Autumn,0
10023456783,2024-10-09 10:00:00,2024-10-09,10:00:00,0.9663,Wednesday,10,10,Autumn,0
10023456783,2024-10-09 11:00:00,2024-10-09,11:00:00,0.8685,Wednesday,11,10,Autumn,0
10023456783,2024-10-09 12:00:00,2024-10-09,12:00:00,0.8958,Wednesday,12,10,Autumn,0
10023456783,2024-10-09 13:00:00,2024-10-09,13:00:00,0.9910,Wednesday,13,10,Autumn,0
10023456783,2024-10-09 14:00:00,2024-10-09,14:00:00,0.9167,Wednesday,14,10,Autumn,0
10023456783,2024-10-09 15:00:00,2024-10-09,15:00:00,1.1527,Wednesday,15,10,Autumn,0
10023456783,2024-10-09 16:00:00,2024-10-09,16:00:00,1.3340,Wednesday,16,10,Autumn,0
10023456783,2024-10-09 17:00:00,2024-10-09,17:00:00,1.7176,Wednesday,17,10,Autumn,0
10023456783,2024-10-09 18:00:00,2024-10-09,18:00:00,2.0525,Wednesday,18,10,Autumn,0
10023456783,2024-10-09 19:00:00,2024-10-09,19:00:00,2.9221,Wednesday,19,10,Autumn,0
10023456783,2024-10-09 20:00:00,2024-10-09,20:00:00,2.3660,Wednesday,20,10,Autumn,0
10023456783,2024-10-09 21:00:00,2024-10-09,21:00:00,2.1363,Wednesday,21,10,Autumn,0
10023456783,2024-10-09 22:00:00,2024-10-09,22:00:00,1.3517,Wednesday,22,10,Autumn,0
10023456783,2024-10-09 23:00:00,2024-10-09,23:00:00,0.8159,Wednesday,23,10,Autumn,0
10023456783,2024-10-10 00:00:00,2024-10-10,00:00:00,0.4937,Thursday,0,10,Autumn,0
10023456783,2024-10-10 01:00:00,2024-10-10,01:00:00,0.4123,Thursday,1,10,Autumn,0
10023456783,2024-10-10 02:00:00,2024-10-10,02:00:00,0.3006,Thursday,2,10,Autumn,0
10023456783,2024-10-10 03:00:00,2024-10-10,03:00:00,0.3494,Thursday,3,10,Autumn,0
10023456783,2024-10-10 04:00:00,2024-10-10,04:00:00,0.4515,Thursday,4,10,Autumn,0
10023456783,2024-10-10 05:00:00,2024-10-10,05:00:00,0.5651,Thursday,5,10,Autumn,0
10023456783,2024-10-10 06:00:00,2024-10-10,06:00:00,1.1357,Thursday,6,10,Autumn,0
10023456783,2024-10-10 07:00:00,2024-10-10,07:00:00,0.1569,Thursday,7,10,Autumn,1
10023456783,2024-10-10 08:00:00,2024-10-10,08:00:00,1.3577,Thursday,8,10,Autumn,0
10023456783,2024-10-10 09:00:00,2024-10-10,09:00:00,1.2452,Thursday,9,10,Autumn,0
10023456783,2024-10-10 10:00:00,2024-10-10,10:00:00,0.9622,Thursday,10,10,Autumn,0
10023456783,2024-10-10 11:00:00,2024-10-10,11:00:00,0.9845,Thursday,11,10,Autumn,0
10023456783,2024-10-10 12:00:00,2024-10-10,12:00:00,1.1541,Thursday,12,10,Autumn,0
10023456783,2024-10-10 13:00:00,2024-10-10,13:00:00,1.0841,Thursday,13,10,Autumn,0
10023456783,2024-10-10 14:00:00,2024-10-10,14:00:00,0.9885,Thursday,14,10,Autumn,0
10023456783,2024-10-10 15:00:00,2024-10-10,15:00:00,0.9814,Thursday,15,10,Autumn,0
10023456783,2024-10-10 16:00:00,2024-10-10,16:00:00,1.1685,Thursday,16,10,Autumn,0
10023456783,2024-10-10 17:00:00,2024-10-10,17:00:00,1.6951,Thursday,17,10,Autumn,0
10023456783,2024-10-10 18:00:00,2024-10-10,18:00:00,1.8393,Thursday,18,10,Autumn,0
10023456783,2024-10-10 19:00:00,2024-10-10,19:00:00,2.3547,Thursday,19,10,Autumn,0
10023456783,2024-10-10 20:00:00,2024-10-10,20:00:00,1.9191,Thursday,20,10,Autumn,0
10023456783,2024-10-10 21:00:00,2024-10-10,21:00:00,1.9817,Thursday,21,10,Autumn,0
10023456783,2024-10-10 22:00:00,2024-10-10,22:00:00,1.3189,Thursday,22,10,Autumn,0
10023456783,2024-10-10 23:00:00,2024-10-10,23:00:00,0.8304,Thursday,23,10,Autumn,0
10023456783,2024-10-11 00:00:00,2024-10-11,00:00:00,0.4620,Friday,0,10,Autumn,0
10023456783,2024-10-11 01:00:00,2024-10-11,01:00:00,0.4052,Friday,1,10,Autumn,0
10023456783,2024-10-11 02:00:00,2024-10-11,02:00:00,0.4084,Friday,2,10,Autumn,0
10023456783,2024-10-11 03:00:00,2024-10-11,03:00:00,0.2746,Friday,3,10,Autumn,0
10023456783,2024-10-11 04:00:00,2024-10-11,04:00:00,0.3978,Friday,4,10,Autumn,0
10023456783,2024-10-11 05:00:00,2024-10-11,05:00:00,0.4994,Friday,5,10,Autumn,0
10023456783,2024-10-11 06:00:00,2024-10-11,06:00:00,0.9614,Friday,6,10,Autumn,0
10023456783,2024-10-11 07:00:00,2024-10-11,07:00:00,1.3407,Friday,7,10,Autumn,0
10023456783,2024-10-11 08:00:00,2024-10-11,08:00:00,1.6379,Friday,8,10,Autumn,0
10023456783,2024-10-11 09:00:00,2024-10-11,09:00:00,1.1574,Friday,9,10,Autumn,0
10023456783,2024-10-11 10:00:00,2024-10-11,10:00:00,1.1696,Friday,10,10,Autumn,0
10023456783,2024-10-11 11:00:00,2024-10-11,11:00:00,0.9668,Friday,11,10,Autumn,0
10023456783,2024-10-11 12:00:00,2024-10-11,12:00:00,0.8242,Friday,12,10,Autumn,0
10023456783,2024-10-11 13:00:00,2024-10-11,13:00:00,1.0037,Friday,13,10,Autumn,0
10023456783,2024-10-11 14:00:00,2024-10-11,14:00:00,1.0578,Friday,14,10,Autumn,0
10023456783,2024-10-11 15:00:00,2024-10-11,15:00:00,1.1111,Friday,15,10,Autumn,0
10023456783,2024-10-11 16:00:00,2024-10-11,16:00:00,0.9126,Friday,16,10,Autumn,0
10023456783,2024-10-11 17:00:00,2024-10-11,17:00:00,1.5648,Friday,17,10,Autumn,0
10023456783,2024-10-11 18:00:00,2024-10-11,18:00:00,2.0627,Friday,18,10,Autumn,0
10023456783,2024-10-11 19:00:00,2024-10-11,19:00:00,2.3792,Friday,19,10,Autumn,0
10023456783,2024-10-11 20:00:00,2024-10-11,20:00:00,2.4680,Friday,20,10,Autumn,0
10023456783,2024-10-11 21:00:00,2024-10-11,21:00:00,1.7893,Friday,21,10,Autumn,0
10023456783,2024-10-11 22:00:00,2024-10-11,22:00:00,1.2347,Friday,22,10,Autumn,0
10023456783,2024-10-11 23:00:00,2024-10-11,23:00:00,0.8376,Friday,23,10,Autumn,0
10023456783,2024-10-12 00:00:00,2024-10-12,00:00:00,0.4194,Saturday,0,10,Autumn,0
10023456783,2024-10-12 01:00:00,2024-10-12,01:00:00,0.4500,Saturday,1,10,Autumn,0
10023456783,2024-10-12 02:00:00,2024-10-12,02:00:00,0.4221,Saturday,2,10,Autumn,0
10023456783,2024-10-12 03:00:00,2024-10-12,03:00:00,0.3682,Saturday,3,10,Autumn,0
10023456783,2024-10-12 04:00:00,2024-10-12,04:00:00,1.5919,Saturday,4,10,Autumn,1
10023456783,2024-10-12 05:00:00,2024-10-12,05:00:00,2.8273,Saturday,5,10,Autumn,1
10023456783,2024-10-12 06:00:00,2024-10-12,06:00:00,0.8616,Saturday,6,10,Autumn,0
10023456783,2024-10-12 07:00:00,2024-10-12,07:00:00,1.1717,Saturday,7,10,Autumn,0
10023456783,2024-10-12 08:00:00,2024-10-12,08:00:00,1.2503,Saturday,8,10,Autumn,0
10023456783,2024-10-12 09:00:00,2024-10-12,09:00:00,1.8127,Saturday,9,10,Autumn,0
10023456783,2024-10-12 10:00:00,2024-10-12,10:00:00,1.6399,Saturday,10,10,Autumn,0
10023456783,2024-10-12 11:00:00,2024-10-12,11:00:00,1.2888,Saturday,11,10,Autumn,0
10023456783,2024-10-12 12:00:00,2024-10-12,12:00:00,1.2362,Saturday,12,10,Autumn,0
10023456783,2024-10-12 13:00:00,2024-10-12,13:00:00,1.0712,Saturday,13,10,Autumn,0
10023456783,2024-10-12 14:00:00,2024-10-12,14:00:00,1.0122,Saturday,14,10,Autumn,0
10023456783,2024-10-12 15:00:00,2024-10-12,15:00:00,1.2384,Saturday,15,10,Autumn,0
10023456783,2024-10-12 16:00:00,2024-10-12,16:00:00,1.1708,Saturday,16,10,Autumn,0
10023456783,2024-10-12 17:00:00,2024-10-12,17:00:00,1.5542,Saturday,17,10,Autumn,0
10023456783,2024-10-12 18:00:00,2024-10-12,18:00:00,1.6970,Saturday,18,10,Autumn,0
10023456783,2024-10-12 19:00:00,2024-10-12,19:00:00,1.9552,Saturday,19,10,Autumn,0
10023456783,2024-10-12 20:00:00,2024-10-12,20:00:00,1.9887,Saturday,20,10,Autumn,0
10023456783,2024-10-12 21:00:00,2024-10-12,21:00:00,1.6592,Saturday,21,10,Autumn,0
10023456783,2024-10-12 22:00:00,2024-10-12,22:00:00,1.3713,Saturday,22,10,Autumn,0
10023456783,2024-10-12 23:00:00,2024-10-12,23:00:00,0.9140,Saturday,23,10,Autumn,0
10023456783,2024-10-13 00:00:00,2024-10-13,00:00:00,5.6544,Sunday,0,10,Autumn,1
10023456783,2024-10-13 01:00:00,2024-10-13,01:00:00,3.6981,Sunday,1,10,Autumn,1
10023456783,2024-10-13 02:00:00,2024-10-13,02:00:00,0.3970,Sunday,2,10,Autumn,0
10023456783,2024-10-13 03:00:00,2024-10-13,03:00:00,0.5071,Sunday,3,10,Autumn,0
10023456783,2024-10-13 04:00:00,2024-10-13,04:00:00,0.5300,Sunday,4,10,Autumn,0
10023456783,2024-10-13 05:00:00,2024-10-13,05:00:00,0.6109,Sunday,5,10,Autumn,0
10023456783,2024-10-13 06:00:00,2024-10-13,06:00:00,0.8381,Sunday,6,10,Autumn,0
10023456783,2024-10-13 07:00:00,2024-10-13,07:00:00,1.0719,Sunday,7,10,Autumn,0
10023456783,2024-10-13 08:00:00,2024-10-13,08:00:00,2.0513,Sunday,8,10,Autumn,0
10023456783,2024-10-13 09:00:00,2024-10-13,09:00:00,1.8590,Sunday,9,10,Autumn,0
10023456783,2024-10-13 10:00:00,2024-10-13,10:00:00,2.0777,Sunday,10,10,Autumn,0
10023456783,2024-10-13 11:00:00,2024-10-13,11:00:00,2.2528,Sunday,11,10,Autumn,0
10023456783,2024-10-13 12:00:00,2024-10-13,12:00:00,1.3756,Sunday,12,10,Autumn,0
10023456783,2024-10-13 13:00:00,2024-10-13,13:00:00,1.7763,Sunday,13,10,Autumn,0
10023456783,2024-10-13 14:00:00,2024-10-13,14:00:00,1.6578,Sunday,14,10,Autumn,0
10023456783,2024-10-13 15:00:00,2024-10-13,15:00:00,1.4439,Sunday,15,10,Autumn,0
10023456783,2024-10-13 16:00:00,2024-10-13,16:00:00,1.8429,Sunday,16,10,Autumn,0
10023456783,2024-10-13 17:00:00,2024-10-13,17:00:00,2.0706,Sunday,17,10,Autumn,0
10023456783,2024-10-13 18:00:00,2024-10-13,18:00:00,2.0891,Sunday,18,10,Autumn,0
10023456783,2024-10-13 19:00:00,2024-10-13,19:00:00,2.2562,Sunday,19,10,Autumn,0
10023456783,2024-10-13 20:00:00,2024-10-13,20:00:00,2.8032,Sunday,20,10,Autumn,0
10023456783,2024-10-13 21:00:00,2024-10-13,21:00:00,2.4929,Sunday,21,10,Autumn,0
10023456783,2024-10-13 22:00:00,2024-10-13,22:00:00,1.8689,Sunday,22,10,Autumn,0
10023456783,2024-10-13 23:00:00,2024-10-13,23:00:00,1.1966,Sunday,23,10,Autumn,0
10023456783,2024-10-14 00:00:00,2024-10-14,00:00:00,0.4522,Monday,0,10,Autumn,0
10023456783,2024-10-14 01:00:00,2024-10-14,01:00:00,0.3427,Monday,1,10,Autumn,0
10023456783,2024-10-14 02:00:00,2024-10-14,02:00:00,0.3828,Monday,2,10,Autumn,0
10023456783,2024-10-14 03:00:00,2024-10-14,03:00:00,0.3204,Monday,3,10,Autumn,0
10023456783,2024-10-14 04:00:00,2024-10-14,04:00:00,0.4228,Monday,4,10,Autumn,0
10023456783,2024-10-14 05:00:00,2024-10-14,05:00:00,0.6436,Monday,5,10,Autumn,0
10023456783,2024-10-14 06:00:00,2024-10-14,06:00:00,1.1166,Monday,6,10,Autumn,0
10023456783,2024-10-14 07:00:00,2024-10-14,07:00:00,1.4331,Monday,7,10,Autumn,0
10023456783,2024-10-14 08:00:00,2024-10-14,08:00:00,1.3621,Monday,8,10,Autumn,0
10023456783,2024-10-14 09:00:00,2024-10-14,09:00:00,1.3663,Monday,9,10,Autumn,0
10023456783,2024-10-14 10:00:00,2024-10-14,10:00:00,1.1110,Monday,10,10,Autumn,0
10023456783,2024-10-14 11:00:00,2024-10-14,11:00:00,0.8985,Monday,11,10,Autumn,0
10023456783,2024-10-14 12:00:00,2024-10-14,12:00:00,0.7383,Monday,12,10,Autumn,0
10023456783,2024-10-14 13:00:00,2024-10-14,13:00:00,1.0697,Monday,13,10,Autumn,0
10023456783,2024-10-14 14:00:00,2024-10-14,14:00:00,0.8915,Monday,14,10,Autumn,0
10023456783,2024-10-14 15:00:00,2024-10-14,15:00:00,1.0785,Monday,15,10,Autumn,0
10023456783,2024-10-14 16:00:00,2024-10-14,16:00:00,1.1015,Monday,16,10,Autumn,0
10023456783,2024-10-14 17:00:00,2024-10-14,17:00:00,1.6997,Monday,17,10,Autumn,0
10023456783,2024-10-14 18:00:00,2024-10-14,18:00:00,2.0967,Monday,18,10,Autumn,0
10023456783,2024-10-14 19:00:00,2024-10-14,19:00:00,2.0938,Monday,19,10,Autumn,0
10023456783,2024-10-14 20:00:00,2024-10-14,20:00:00,2.4140,Monday,20,10,Autumn,0
10023456783,2024-10-14 21:00:00,2024-10-14,21:00:00,1.8615,Monday,21,10,Autumn,0
10023456783,2024-10-14 22:00:00,2024-10-14,22:00:00,1.4857,Monday,22,10,Autumn,0
10023456783,2024-10-14 23:00:00,2024-10-14,23:00:00,0.8522,Monday,23,10,Autumn,0
10023456783,2024-10-15 00:00:00,2024-10-15,00:00:00,0.3531,Tuesday,0,10,Autumn,0
10023456783,2024-10-15 01:00:00,2024-10-15,01:00:00,0.3752,Tuesday,1,10,Autumn,0
10023456783,2024-10-15 02:00:00,2024-10-15,02:00:00,0.3152,Tuesday,2,10,Autumn,0
10023456783,2024-10-15 03:00:00,2024-10-15,03:00:00,0.3111,Tuesday,3,10,Autumn,0
10023456783,2024-10-15 04:00:00,2024-10-15,04:00:00,0.3208,Tuesday,4,10,Autumn,0
10023456783,2024-10-15 05:00:00,2024-10-15,05:00:00,0.5264,Tuesday,5,10,Autumn,0
10023456783,2024-10-15 06:00:00,2024-10-15,06:00:00,0.7946,Tuesday,6,10,Autumn,0
10023456783,2024-10-15 07:00:00,2024-10-15,07:00:00,1.3492,Tuesday,7,10,Autumn,0
10023456783,2024-10-15 08:00:00,2024-10-15,08:00:00,1.4508,Tuesday,8,10,Autumn,0
10023456783,2024-10-15 09:00:00,2024-10-15,09:00:00,1.5089,Tuesday,9,10,Autumn,0
10023456783,2024-10-15 10:00:00,2024-10-15,10:00:00,1.0299,Tuesday,10,10,Autumn,0
10023456783,2024-10-15 11:00:00,2024-10-15,11:00:00,0.8108,Tuesday,11,10,Autumn,0
10023456783,2024-10-15 12:00:00,2024-10-15,12:00:00,1.0070,Tuesday,12,10,Autumn,0
10023456783,2024-10-15 13:00:00,2024-10-15,13:00:00,0.8208,Tuesday,13,10,Autumn,0
10023456783,2024-10-15 14:00:00,2024-10-15,14:00:00,1.0668,Tuesday,14,10,Autumn,0
10023456783,2024-10-15 15:00:00,2024-10-15,15:00:00,0.8539,Tuesday,15,10,Autumn,0
10023456783,2024-10-15 16:00:00,2024-10-15,16:00:00,1.1223,Tuesday,16,10,Autumn,0
10023456783,2024-10-15 17:00:00,2024-10-15,17:00:00,1.5012,Tuesday,17,10,Autumn,0
10023456783,2024-10-15 18:00:00,2024-10-15,18:00:00,1.6427,Tuesday,18,10,Autumn,0
10023456783,2024-10-15 19:00:00,2024-10-15,19:00:00,2.5732,Tuesday,19,10,Autumn,0
10023456783,2024-10-15 20:00:00,2024-10-15,20:00:00,1.9859,Tuesday,20,10,Autumn,0
10023456783,2024-10-15 21:00:00,2024-10-15,21:00:00,1.9097,Tuesday,21,10,Autumn,0
10023456783,2024-10-15 22:00:00,2024-10-15,22:00:00,1.2675,Tuesday,22,10,Autumn,0
10023456783,2024-10-15 23:00:00,2024-10-15,23:00:00,0.8114,Tuesday,23,10,Autumn,0
10023456783,2024-10-16 00:00:00,2024-10-16,00:00:00,0.4556,Wednesday,0,10,Autumn,0
10023456783,2024-10-16 01:00:00,2024-10-16,01:00:00,0.3908,Wednesday,1,10,Autumn,0
10023456783,2024-10-16 02:00:00,2024-10-16,02:00:00,0.3603,Wednesday,2,10,Autumn,0
10023456783,2024-10-16 03:00:00,2024-10-16,03:00:00,0.3999,Wednesday,3,10,Autumn,0
10023456783,2024-10-16 04:00:00,2024-10-16,04:00:00,0.3293,Wednesday,4,10,Autumn,0
10023456783,2024-10-16 05:00:00,2024-10-16,05:00:00,0.5914,Wednesday,5,10,Autumn,0
10023456783,2024-10-16 06:00:00,2024-10-16,06:00:00,0.8996,Wednesday,6,10,Autumn,0
10023456783,2024-10-16 07:00:00,2024-10-16,07:00:00,1.4235,Wednesday,7,10,Autumn,0
10023456783,2024-10-16 08:00:00,2024-10-16,08:00:00,1.5282,Wednesday,8,10,Autumn,0
10023456783,2024-10-16 09:00:00,2024-10-16,09:00:00,1.1076,Wednesday,9,10,Autumn,0
10023456783,2024-10-16 10:00:00,2024-10-16,10:00:00,0.9891,Wednesday,10,10,Autumn,0
10023456783,2024-10-16 11:00:00,2024-10-16,11:00:00,0.9332,Wednesday,11,10,Autumn,0
10023456783,2024-10-16 12:00:00,2024-10-16,12:00:00,1.0118,Wednesday,12,10,Autumn,0
10023456783,2024-10-16 13:00:00,2024-10-16,13:00:00,0.8701,Wednesday,13,10,Autumn,0
10023456783,2024-10-16 14:00:00,2024-10-16,14:00:00,1.0158,Wednesday,14,10,Autumn,0
10023456783,2024-10-16 15:00:00,2024-10-16,15:00:00,0.8886,Wednesday,15,10,Autumn,0
10023456783,2024-10-16 16:00:00,2024-10-16,16:00:00,1.1423,Wednesday,16,10,Autumn,0
10023456783,2024-10-16 17:00:00,2024-10-16,17:00:00,1.3909,Wednesday,17,10,Autumn,0
10023456783,2024-10-16 18:00:00,2024-10-16,18:00:00,2.1229,Wednesday,18,10,Autumn,0
10023456783,2024-10-16 19:00:00,2024-10-16,19:00:00,1.9164,Wednesday,19,10,Autumn,0
10023456783,2024-10-16 20:00:00,2024-10-16,20:00:00,1.8364,Wednesday,20,10,Autumn,0
10023456783,2024-10-16 21:00:00,2024-10-16,21:00:00,2.0187,Wednesday,21,10,Autumn,0
10023456783,2024-10-16 22:00:00,2024-10-16,22:00:00,1.2123,Wednesday,22,10,Autumn,0
10023456783,2024-10-16 23:00:00,2024-10-16,23:00:00,0.7371,Wednesday,23,10,Autumn,0
10023456783,2024-10-17 00:00:00,2024-10-17,00:00:00,0.3479,Thursday,0,10,Autumn,0
10023456783,2024-10-17 01:00:00,2024-10-17,01:00:00,0.3717,Thursday,1,10,Autumn,0
10023456783,2024-10-17 02:00:00,2024-10-17,02:00:00,0.3368,Thursday,2,10,Autumn,0
10023456783,2024-10-17 03:00:00,2024-10-17,03:00:00,0.4435,Thursday,3,10,Autumn,0
10023456783,2024-10-17 04:00:00,2024-10-17,04:00:00,0.3640,Thursday,4,10,Autumn,0
10023456783,2024-10-17 05:00:00,2024-10-17,05:00:00,4.5291,Thursday,5,10,Autumn,1
10023456783,2024-10-17 06:00:00,2024-10-17,06:00:00,0.9360,Thursday,6,10,Autumn,0
10023456783,2024-10-17 07:00:00,2024-10-17,07:00:00,1.7163,Thursday,7,10,Autumn,0
10023456783,2024-10-17 08:00:00,2024-10-17,08:00:00,1.7709,Thursday,8,10,Autumn,0
10023456783,2024-10-17 09:00:00,2024-10-17,09:00:00,1.4359,Thursday,9,10,Autumn,0
10023456783,2024-10-17 10:00:00,2024-10-17,10:00:00,1.1295,Thursday,10,10,Autumn,0
10023456783,2024-10-17 11:00:00,2024-10-17,11:00:00,0.9682,Thursday,11,10,Autumn,0
10023456783,2024-10-17 12:00:00,2024-10-17,12:00:00,0.8963,Thursday,12,10,Autumn,0
10023456783,2024-10-17 13:00:00,2024-10-17,13:00:00,0.9413,Thursday,13,10,Autumn,0
10023456783,2024-10-17 14:00:00,2024-10-17,14:00:00,1.0620,Thursday,14,10,Autumn,0
10023456783,2024-10-17 15:00:00,2024-10-17,15:00:00,1.0563,Thursday,15,10,Autumn,0
10023456783,2024-10-17 16:00:00,2024-10-17,16:00:00,1.3597,Thursday,16,10,Autumn,0
10023456783,2024-10-17 17:00:00,2024-10-17,17:00:00,1.4119,Thursday,17,10,Autumn,0
10023456783,2024-10-17 18:00:00,2024-10-17,18:00:00,2.0732,Thursday,18,10,Autumn,0
10023456783,2024-10-17 19:00:00,2024-10-17,19:00:00,2.4213,Thursday,19,10,Autumn,0
10023456783,2024-10-17 20:00:00,2024-10-17,20:00:00,2.3334,Thursday,20,10,Autumn,0
10023456783,2024-10-17 21:00:00,2024-10-17,21:00:00,1.8110,Thursday,21,10,Autumn,0
10023456783,2024-10-17 22:00:00,2024-10-17,22:00:00,1.2646,Thursday,22,10,Autumn,0
10023456783,2024-10-17 23:00:00,2024-10-17,23:00:00,0.8346,Thursday,23,10,Autumn,0
10023456783,2024-10-18 00:00:00,2024-10-18,00:00:00,0.3628,Friday,0,10,Autumn,0
10023456783,2024-10-18 01:00:00,2024-10-18,01:00:00,0.2997,Friday,1,10,Autumn,0
10023456783,2024-10-18 02:00:00,2024-10-18,02:00:00,0.3320,Friday,2,10,Autumn,0
10023456783,2024-10-18 03:00:00,2024-10-18,03:00:00,0.3401,Friday,3,10,Autumn,0
10023456783,2024-10-18 04:00:00,2024-10-18,04:00:00,0.3248,Friday,4,10,Autumn,0
10023456783,2024-10-18 05:00:00,2024-10-18,05:00:00,0.4971,Friday,5,10,Autumn,0
10023456783,2024-10-18 06:00:00,2024-10-18,06:00:00,0.9044,Friday,6,10,Autumn,0
10023456783,2024-10-18 07:00:00,2024-10-18,07:00:00,1.2422,Friday,7,10,Autumn,0
10023456783,2024-10-18 08:00:00,2024-10-18,08:00:00,1.2649,Friday,8,10,Autumn,0
10023456783,2024-10-18 09:00:00,2024-10-18,09:00:00,1.4773,Friday,9,10,Autumn,0
10023456783,2024-10-18 10:00:00,2024-10-18,10:00:00,1.1688,Friday,10,10,Autumn,0
10023456783,2024-10-18 11:00:00,2024-10-18,11:00:00,1.0715,Friday,11,10,Autumn,0
10023456783,2024-10-18 12:00:00,2024-10-18,12:00:00,0.9192,Friday,12,10,Autumn,0
10023456783,2024-10-18 13:00:00,2024-10-18,13:00:00,0.9841,Friday,13,10,Autumn,0
10023456783,2024-10-18 14:00:00,2024-10-18,14:00:00,0.9093,Friday,14,10,Autumn,0
10023456783,2024-10-18 15:00:00,2024-10-18,15:00:00,0.9771,Friday,15,10,Autumn,0
10023456783,2024-10-18 16:00:00,2024-10-18,16:00:00,1.0941,Friday,16,10,Autumn,0
10023456783,2024-10-18 17:00:00,2024-10-18,17:00:00,1.4655,Friday,17,10,Autumn,0
10023456783,2024-10-18 18:00:00,2024-10-18,18:00:00,1.7426,Friday,18,10,Autumn,0
10023456783,2024-10-18 19:00:00,2024-10-18,19:00:00,1.8271,Friday,19,10,Autumn,0
10023456783,2024-10-18 20:00:00,2024-10-18,20:00:00,1.7536,Friday,20,10,Autumn,0
10023456783,2024-10-18 21:00:00,2024-10-18,21:00:00,1.5203,Friday,21,10,Autumn,0
10023456783,2024-10-18 22:00:00,2024-10-18,22:00:00,1.2455,Friday,22,10,Autumn,0
10023456783,2024-10-18 23:00:00,2024-10-18,23:00:00,0.6362,Friday,23,10,Autumn,0
10023456783,2024-10-19 00:00:00,2024-10-19,00:00:00,0.4999,Saturday,0,10,Autumn,0
10023456783,2024-10-19 01:00:00,2024-10-19,01:00:00,0.4458,Saturday,1,10,Autumn,0
10023456783,2024-10-19 02:00:00,2024-10-19,02:00:00,0.4061,Saturday,2,10,Autumn,0
10023456783,2024-10-19 03:00:00,2024-10-19,03:00:00,0.3445,Saturday,3,10,Autumn,0
10023456783,2024-10-19 04:00:00,2024-10-19,04:00:00,0.2798,Saturday,4,10,Autumn,0
10023456783,2024-10-19 05:00:00,2024-10-19,05:00:00,0.3738,Saturday,5,10,Autumn,0
10023456783,2024-10-19 06:00:00,2024-10-19,06:00:00,0.6375,Saturday,6,10,Autumn,0
10023456783,2024-10-19 07:00:00,2024-10-19,07:00:00,0.8994,Saturday,7,10,Autumn,0
10023456783,2024-10-19 08:00:00,2024-10-19,08:00:00,1.1515,Saturday,8,10,Autumn,0
10023456783,2024-10-19 09:00:00,2024-10-19,09:00:00,1.5544,Saturday,9,10,Autumn,0
10023456783,2024-10-19 10:00:00,2024-10-19,10:00:00,1.4999,Saturday,10,10,Autumn,0
10023456783,2024-10-19 11:00:00,2024-10-19,11:00:00,1.3817,Saturday,11,10,Autumn,0
10023456783,2024-10-19 12:00:00,2024-10-19,12:00:00,1.1463,Saturday,12,10,Autumn,0
10023456783,2024-10-19 13:00:00,2024-10-19,13:00:00,1.1847,Saturday,13,10,Autumn,0
10023456783,2024-10-19 14:00:00,2024-10-19,14:00:00,1.3446,Saturday,14,10,Autumn,0
10023456783,2024-10-19 15:00:00,2024-10-19,15:00:00,1.1494,Saturday,15,10,Autumn,0
10023456783,2024-10-19 16:00:00,2024-10-19,16:00:00,1.4030,Saturday,16,10,Autumn,0
10023456783,2024-10-19 17:00:00,2024-10-19,17:00:00,1.5450,Saturday,17,10,Autumn,0
10023456783,2024-10-19 18:00:00,2024-10-19,18:00:00,1.8677,Saturday,18,10,Autumn,0
10023456783,2024-10-19 19:00:00,2024-10-19,19:00:00,2.2034,Saturday,19,10,Autumn,0
10023456783,2024-10-19 20:00:00,2024-10-19,20:00:00,2.1360,Saturday,20,10,Autumn,0
10023456783,2024-10-19 21:00:00,2024-10-19,21:00:00,1.9847,Saturday,21,10,Autumn,0
10023456783,2024-10-19 22:00:00,2024-10-19,22:00:00,1.5400,Saturday,22,10,Autumn,0
10023456783,2024-10-19 23:00:00,2024-10-19,23:00:00,1.0906,Saturday,23,10,Autumn,0
10023456783,2024-10-20 00:00:00,2024-10-20,00:00:00,0.4832,Sunday,0,10,Autumn,0
10023456783,2024-10-20 01:00:00,2024-10-20,01:00:00,0.4050,Sunday,1,10,Autumn,0
10023456783,2024-10-20 02:00:00,2024-10-20,02:00:00,0.3598,Sunday,2,10,Autumn,0
10023456783,2024-10-20 03:00:00,2024-10-20,03:00:00,0.2887,Sunday,3,10,Autumn,0
10023456783,2024-10-20 04:00:00,2024-10-20,04:00:00,1.4864,Sunday,4,10,Autumn,1
10023456783,2024-10-20 05:00:00,2024-10-20,05:00:00,2.8175,Sunday,5,10,Autumn,1
10023456783,2024-10-20 06:00:00,2024-10-20,06:00:00,0.8496,Sunday,6,10,Autumn,0
10023456783,2024-10-20 07:00:00,2024-10-20,07:00:00,0.8254,Sunday,7,10,Autumn,0
10023456783,2024-10-20 08:00:00,2024-10-20,08:00:00,1.5276,Sunday,8,10,Autumn,0
10023456783,2024-10-20 09:00:00,2024-10-20,09:00:00,1.4711,Sunday,9,10,Autumn,0
10023456783,2024-10-20 10:00:00,2024-10-20,10:00:00,1.3825,Sunday,10,10,Autumn,0
10023456783,2024-10-20 11:00:00,2024-10-20,11:00:00,1.6526,Sunday,11,10,Autumn,0
10023456783,2024-10-20 12:00:00,2024-10-20,12:00:00,0.9524,Sunday,12,10,Autumn,0
10023456783,2024-10-20 13:00:00,2024-10-20,13:00:00,1.1973,Sunday,13,10,Autumn,0
10023456783,2024-10-20 14:00:00,2024-10-20,14:00:00,1.0940,Sunday,14,10,Autumn,0
10023456783,2024-10-20 15:00:00,2024-10-20,15:00:00,1.2343,Sunday,15,10,Autumn,0
10023456783,2024-10-20 16:00:00,2024-10-20,16:00:00,1.3259,Sunday,16,10,Autumn,0
10023456783,2024-10-20 17:00:00,2024-10-20,17:00:00,1.4933,Sunday,17,10,Autumn,0
10023456783,2024-10-20 18:00:00,2024-10-20,18:00:00,2.1151,Sunday,18,10,Autumn,0
10023456783,2024-10-20 19:00:00,2024-10-20,19:00:00,2.2224,Sunday,19,10,Autumn,0
10023456783,2024-10-20 20:00:00,2024-10-20,20:00:00,1.9521,Sunday,20,10,Autumn,0
10023456783,2024-10-20 21:00:00,2024-10-20,21:00:00,1.5597,Sunday,21,10,Autumn,0
10023456783,2024-10-20 22:00:00,2024-10-20,22:00:00,1.3780,Sunday,22,10,Autumn,0
10023456783,2024-10-20 23:00:00,2024-10-20,23:00:00,0.9303,Sunday,23,10,Autumn,0
10023456783,2024-10-21 00:00:00,2024-10-21,00:00:00,0.4068,Monday,0,10,Autumn,0
10023456783,2024-10-21 01:00:00,2024-10-21,01:00:00,0.2858,Monday,1,10,Autumn,0
10023456783,2024-10-21 02:00:00,2024-10-21,02:00:00,3.6590,Monday,2,10,Autumn,1
10023456783,2024-10-21 03:00:00,2024-10-21,03:00:00,3.4832,Monday,3,10,Autumn,1
10023456783,2024-10-21 04:00:00,2024-10-21,04:00:00,5.4935,Monday,4,10,Autumn,1
10023456783,2024-10-21 05:00:00,2024-10-21,05:00:00,0.5284,Monday,5,10,Autumn,0
10023456783,2024-10-21 06:00:00,2024-10-21,06:00:00,0.8608,Monday,6,10,Autumn,0
10023456783,2024-10-21 07:00:00,2024-10-21,07:00:00,1.3305,Monday,7,10,Autumn,0
10023456783,2024-10-21 08:00:00,2024-10-21,08:00:00,1.4746,Monday,8,10,Autumn,0
10023456783,2024-10-21 09:00:00,2024-10-21,09:00:00,1.2003,Monday,9,10,Autumn,0
10023456783,2024-10-21 10:00:00,2024-10-21,10:00:00,0.9375,Monday,10,10,Autumn,0
10023456783,2024-10-21 11:00:00,2024-10-21,11:00:00,0.9160,Monday,11,10,Autumn,0
10023456783,2024-10-21 12:00:00,2024-10-21,12:00:00,0.8444,Monday,12,10,Autumn,0
10023456783,2024-10-21 13:00:00,2024-10-21,13:00:00,0.8483,Monday,13,10,Autumn,0
10023456783,2024-10-21 14:00:00,2024-10-21,14:00:00,0.9785,Monday,14,10,Autumn,0
10023456783,2024-10-21 15:00:00,2024-10-21,15:00:00,1.0223,Monday,15,10,Autumn,0
10023456783,2024-10-21 16:00:00,2024-10-21,16:00:00,1.0790,Monday,16,10,Autumn,0
10023456783,2024-10-21 17:00:00,2024-10-21,17:00:00,1.7056,Monday,17,10,Autumn,0
10023456783,2024-10-21 18:00:00,2024-10-21,18:00:00,1.5988,Monday,18,10,Autumn,0
10023456783,2024-10-21 19:00:00,2024-10-21,19:00:00,2.3368,Monday,19,10,Autumn,0
10023456783,2024-10-21 20:00:00,2024-10-21,20:00:00,2.0177,Monday,20,10,Autumn,0
10023456783,2024-10-21 21:00:00,2024-10-21,21:00:00,1.8492,Monday,21,10,Autumn,0
10023456783,2024-10-21 22:00:00,2024-10-21,22:00:00,1.4472,Monday,22,10,Autumn,0
10023456783,2024-10-21 23:00:00,2024-10-21,23:00:00,0.7837,Monday,23,10,Autumn,0
10023456783,2024-10-22 00:00:00,2024-10-22,00:00:00,0.4005,Tuesday,0,10,Autumn,0
10023456783,2024-10-22 01:00:00,2024-10-22,01:00:00,0.3736,Tuesday,1,10,Autumn,0
10023456783,2024-10-22 02:00:00,2024-10-22,02:00:00,0.4297,Tuesday,2,10,Autumn,0
10023456783,2024-10-22 03:00:00,2024-10-22,03:00:00,4.4916,Tuesday,3,10,Autumn,1
10023456783,2024-10-22 04:00:00,2024-10-22,04:00:00,4.1473,Tuesday,4,10,Autumn,1
10023456783,2024-10-22 05:00:00,2024-10-22,05:00:00,5.0072,Tuesday,5,10,Autumn,1
10023456783,2024-10-22 06:00:00,2024-10-22,06:00:00,0.9454,Tuesday,6,10,Autumn,0
10023456783,2024-10-22 07:00:00,2024-10-22,07:00:00,1.1302,Tuesday,7,10,Autumn,0
10023456783,2024-10-22 08:00:00,2024-10-22,08:00:00,1.6129,Tuesday,8,10,Autumn,0
10023456783,2024-10-22 09:00:00,2024-10-22,09:00:00,1.1942,Tuesday,9,10,Autumn,0
10023456783,2024-10-22 10:00:00,2024-10-22,10:00:00,1.0600,Tuesday,10,10,Autumn,0
10023456783,2024-10-22 11:00:00,2024-10-22,11:00:00,0.9584,Tuesday,11,10,Autumn,0
10023456783,2024-10-22 12:00:00,2024-10-22,12:00:00,0.8959,Tuesday,12,10,Autumn,0
10023456783,2024-10-22 13:00:00,2024-10-22,13:00:00,1.1970,Tuesday,13,10,Autumn,0
10023456783,2024-10-22 14:00:00,2024-10-22,14:00:00,0.8697,Tuesday,14,10,Autumn,0
10023456783,2024-10-22 15:00:00,2024-10-22,15:00:00,1.1180,Tuesday,15,10,Autumn,0
10023456783,2024-10-22 16:00:00,2024-10-22,16:00:00,1.1360,Tuesday,16,10,Autumn,0
10023456783,2024-10-22 17:00:00,2024-10-22,17:00:00,1.3568,Tuesday,17,10,Autumn,0
10023456783,2024-10-22 18:00:00,2024-10-22,18:00:00,2.0390,Tuesday,18,10,Autumn,0
10023456783,2024-10-22 19:00:00,2024-10-22,19:00:00,2.0623,Tuesday,19,10,Autumn,0
10023456783,2024-10-22 20:00:00,2024-10-22,20:00:00,2.3886,Tuesday,20,10,Autumn,0
10023456783,2024-10-22 21:00:00,2024-10-22,21:00:00,2.0167,Tuesday,21,10,Autumn,0
10023456783,2024-10-22 22:00:00,2024-10-22,22:00:00,1.3809,Tuesday,22,10,Autumn,0
10023456783,2024-10-22 23:00:00,2024-10-22,23:00:00,0.8265,Tuesday,23,10,Autumn,0
10023456783,2024-10-23 00:00:00,2024-10-23,00:00:00,0.3765,Wednesday,0,10,Autumn,0
10023456783,2024-10-23 01:00:00,2024-10-23,01:00:00,0.2836,Wednesday,1,10,Autumn,0
10023456783,2024-10-23 02:00:00,2024-10-23,02:00:00,0.3717,Wednesday,2,10,Autumn,0
10023456783,2024-10-23 03:00:00,2024-10-23,03:00:00,0.3633,Wednesday,3,10,Autumn,0
10023456783,2024-10-23 04:00:00,2024-10-23,04:00:00,0.3634,Wednesday,4,10,Autumn,0
10023456783,2024-10-23 05:00:00,2024-10-23,05:00:00,3.5590,Wednesday,5,10,Autumn,1
10023456783,2024-10-23 06:00:00,2024-10-23,06:00:00,4.6492,Wednesday,6,10,Autumn,1
10023456783,2024-10-23 07:00:00,2024-10-23,07:00:00,1.3315,Wednesday,7,10,Autumn,0
10023456783,2024-10-23 08:00:00,2024-10-23,08:00:00,1.4317,Wednesday,8,10,Autumn,0
10023456783,2024-10-23 09:00:00,2024-10-23,09:00:00,1.1423,Wednesday,9,10,Autumn,0
10023456783,2024-10-23 10:00:00,2024-10-23,10:00:00,0.9007,Wednesday,10,10,Autumn,0
10023456783,2024-10-23 11:00:00,2024-10-23,11:00:00,0.8130,Wednesday,11,10,Autumn,0
10023456783,2024-10-23 12:00:00,2024-10-23,12:00:00,0.8584,Wednesday,12,10,Autumn,0
10023456783,2024-10-23 13:00:00,2024-10-23,13:00:00,0.7773,Wednesday,13,10,Autumn,0
10023456783,2024-10-23 14:00:00,2024-10-23,14:00:00,0.8765,Wednesday,14,10,Autumn,0
10023456783,2024-10-23 15:00:00,2024-10-23,15:00:00,0.9378,Wednesday,15,10,Autumn,0
10023456783,2024-10-23 16:00:00,2024-10-23,16:00:00,0.9924,Wednesday,16,10,Autumn,0
10023456783,2024-10-23 17:00:00,2024-10-23,17:00:00,1.2599,Wednesday,17,10,Autumn,0
10023456783,2024-10-23 18:00:00,2024-10-23,18:00:00,1.3750,Wednesday,18,10,Autumn,0
10023456783,2024-10-23 19:00:00,2024-10-23,19:00:00,1.6711,Wednesday,19,10,Autumn,0
10023456783,2024-10-23 20:00:00,2024-10-23,20:00:00,2.1371,Wednesday,20,10,Autumn,0
10023456783,2024-10-23 21:00:00,2024-10-23,21:00:00,1.5232,Wednesday,21,10,Autumn,0
10023456783,2024-10-23 22:00:00,2024-10-23,22:00:00,1.4159,Wednesday,22,10,Autumn,0
10023456783,2024-10-23 23:00:00,2024-10-23,23:00:00,0.7737,Wednesday,23,10,Autumn,0
10023456783,2024-10-24 00:00:00,2024-10-24,00:00:00,0.3560,Thursday,0,10,Autumn,0
10023456783,2024-10-24 01:00:00,2024-10-24,01:00:00,0.2609,Thursday,1,10,Autumn,0
10023456783,2024-10-24 02:00:00,2024-10-24,02:00:00,0.2706,Thursday,2,10,Autumn,0
10023456783,2024-10-24 03:00:00,2024-10-24,03:00:00,0.2831,Thursday,3,10,Autumn,0
10023456783,2024-10-24 04:00:00,2024-10-24,04:00:00,0.3176,Thursday,4,10,Autumn,0
10023456783,2024-10-24 05:00:00,2024-10-24,05:00:00,0.5117,Thursday,5,10,Autumn,0
10023456783,2024-10-24 06:00:00,2024-10-24,06:00:00,0.8188,Thursday,6,10,Autumn,0
10023456783,2024-10-24 07:00:00,2024-10-24,07:00:00,1.1383,Thursday,7,10,Autumn,0
10023456783,2024-10-24 08:00:00,2024-10-24,08:00:00,1.1091,Thursday,8,10,Autumn,0
10023456783,2024-10-24 09:00:00,2024-10-24,09:00:00,1.0430,Thursday,9,10,Autumn,0
10023456783,2024-10-24 10:00:00,2024-10-24,10:00:00,0.6915,Thursday,10,10,Autumn,0
10023456783,2024-10-24 11:00:00,2024-10-24,11:00:00,0.8467,Thursday,11,10,Autumn,0
10023456783,2024-10-24 12:00:00,2024-10-24,12:00:00,0.8648,Thursday,12,10,Autumn,0
10023456783,2024-10-24 13:00:00,2024-10-24,13:00:00,0.6794,Thursday,13,10,Autumn,0
10023456783,2024-10-24 14:00:00,2024-10-24,14:00:00,0.9367,Thursday,14,10,Autumn,0
10023456783,2024-10-24 15:00:00,2024-10-24,15:00:00,0.9303,Thursday,15,10,Autumn,0
10023456783,2024-10-24 16:00:00,2024-10-24,16:00:00,0.8231,Thursday,16,10,Autumn,0
10023456783,2024-10-24 17:00:00,2024-10-24,17:00:00,1.1874,Thursday,17,10,Autumn,0
10023456783,2024-10-24 18:00:00,2024-10-24,18:00:00,1.5108,Thursday,18,10,Autumn,0
10023456783,2024-10-24 19:00:00,2024-10-24,19:00:00,1.6646,Thursday,19,10,Autumn,0
10023456783,2024-10-24 20:00:00,2024-10-24,20:00:00,1.7209,Thursday,20,10,Autumn,0
10023456783,2024-10-24 21:00:00,2024-10-24,21:00:00,1.4887,Thursday,21,10,Autumn,0
10023456783,2024-10-24 22:00:00,2024-10-24,22:00:00,1.0251,Thursday,22,10,Autumn,0
10023456783,2024-10-24 23:00:00,2024-10-24,23:00:00,0.5838,Thursday,23,10,Autumn,0
10023456783,2024-10-25 00:00:00,2024-10-25,00:00:00,0.2151,Friday,0,10,Autumn,0
10023456783,2024-10-25 01:00:00,2024-10-25,01:00:00,3.6157,Friday,1,10,Autumn,1
10023456783,2024-10-25 02:00:00,2024-10-25,02:00:00,0.1663,Friday,2,10,Autumn,0
10023456783,2024-10-25 03:00:00,2024-10-25,03:00:00,0.2513,Friday,3,10,Autumn,0
10023456783,2024-10-25 04:00:00,2024-10-25,04:00:00,4.5417,Friday,4,10,Autumn,1
10023456783,2024-10-25 05:00:00,2024-10-25,05:00:00,5.0212,Friday,5,10,Autumn,1
10023456783,2024-10-25 06:00:00,2024-10-25,06:00:00,0.6591,Friday,6,10,Autumn,0
10023456783,2024-10-25 07:00:00,2024-10-25,07:00:00,1.0000,Friday,7,10,Autumn,0
10023456783,2024-10-25 08:00:00,2024-10-25,08:00:00,0.9116,Friday,8,10,Autumn,0
10023456783,2024-10-25 09:00:00,2024-10-25,09:00:00,2.5510,Friday,9,10,Autumn,1
10023456783,2024-10-25 10:00:00,2024-10-25,10:00:00,0.6418,Friday,10,10,Autumn,0
10023456783,2024-10-25 11:00:00,2024-10-25,11:00:00,0.5666,Friday,11,10,Autumn,0
10023456783,2024-10-25 12:00:00,2024-10-25,12:00:00,0.5544,Friday,12,10,Autumn,0
10023456783,2024-10-25 13:00:00,2024-10-25,13:00:00,0.6564,Friday,13,10,Autumn,0
10023456783,2024-10-25 14:00:00,2024-10-25,14:00:00,6.1808,Friday,14,10,Autumn,1
10023456783,2024-10-25 15:00:00,2024-10-25,15:00:00,5.8896,Friday,15,10,Autumn,1
10023456783,2024-10-25 16:00:00,2024-10-25,16:00:00,0.7882,Friday,16,10,Autumn,0
10023456783,2024-10-25 17:00:00,2024-10-25,17:00:00,1.0148,Friday,17,10,Autumn,0
10023456783,2024-10-25 18:00:00,2024-10-25,18:00:00,1.3169,Friday,18,10,Autumn,0
10023456783,2024-10-25 19:00:00,2024-10-25,19:00:00,1.3829,Friday,19,10,Autumn,0
10023456783,2024-10-25 20:00:00,2024-10-25,20:00:00,1.4889,Friday,20,10,Autumn,0
10023456783,2024-10-25 21:00:00,2024-10-25,21:00:00,1.0784,Friday,21,10,Autumn,0
10023456783,2024-10-25 22:00:00,2024-10-25,22:00:00,0.9780,Friday,22,10,Autumn,0
10023456783,2024-10-25 23:00:00,2024-10-25,23:00:00,0.4426,Friday,23,10,Autumn,0
10023456783,2024-10-26 00:00:00,2024-10-26,00:00:00,0.3261,Saturday,0,10,Autumn,0
10023456783,2024-10-26 01:00:00,2024-10-26,01:00:00,0.2561,Saturday,1,10,Autumn,0
10023456783,2024-10-26 02:00:00,2024-10-26,02:00:00,0.2190,Saturday,2,10,Autumn,0
10023456783,2024-10-26 03:00:00,2024-10-26,03:00:00,0.1877,Saturday,3,10,Autumn,0
10023456783,2024-10-26 04:00:00,2024-10-26,04:00:00,0.2582,Saturday,4,10,Autumn,0
10023456783,2024-10-26 05:00:00,2024-10-26,05:00:00,0.3748,Saturday,5,10,Autumn,0
10023456783,2024-10-26 06:00:00,2024-10-26,06:00:00,0.4694,Saturday,6,10,Autumn,0
10023456783,2024-10-26 07:00:00,2024-10-26,07:00:00,0.6212,Saturday,7,10,Autumn,0
10023456783,2024-10-26 08:00:00,2024-10-26,08:00:00,0.9920,Saturday,8,10,Autumn,0
10023456783,2024-10-26 09:00:00,2024-10-26,09:00:00,1.0602,Saturday,9,10,Autumn,0
10023456783,2024-10-26 10:00:00,2024-10-26,10:00:00,1.0536,Saturday,10,10,Autumn,0
10023456783,2024-10-26 11:00:00,2024-10-26,11:00:00,0.8119,Saturday,11,10,Autumn,0
10023456783,2024-10-26 12:00:00,2024-10-26,12:00:00,0.8585,Saturday,12,10,Autumn,0
10023456783,2024-10-26 13:00:00,2024-10-26,13:00:00,0.8008,Saturday,13,10,Autumn,0
10023456783,2024-10-26 14:00:00,2024-10-26,14:00:00,0.7274,Saturday,14,10,Autumn,0
10023456783,2024-10-26 15:00:00,2024-10-26,15:00:00,0.9396,Saturday,15,10,Autumn,0
10023456783,2024-10-26 16:00:00,2024-10-26,16:00:00,0.7770,Saturday,16,10,Autumn,0
10023456783,2024-10-26 17:00:00,2024-10-26,17:00:00,1.1555,Saturday,17,10,Autumn,0
10023456783,2024-10-26 18:00:00,2024-10-26,18:00:00,1.3628,Saturday,18,10,Autumn,0
10023456783,2024-10-26 19:00:00,2024-10-26,19:00:00,1.5353,Saturday,19,10,Autumn,0
10023456783,2024-10-26 20:00:00,2024-10-26,20:00:00,1.4702,Saturday,20,10,Autumn,0
10023456783,2024-10-26 21:00:00,2024-10-26,21:00:00,1.2863,Saturday,21,10,Autumn,0
10023456783,2024-10-26 22:00:00,2024-10-26,22:00:00,0.8740,Saturday,22,10,Autumn,0
10023456783,2024-10-26 23:00:00,2024-10-26,23:00:00,0.5519,Saturday,23,10,Autumn,0
10023456783,2024-10-27 00:00:00,2024-10-27,00:00:00,0.2700,Sunday,0,10,Autumn,0
10023456783,2024-10-27 01:00:00,2024-10-27,01:00:00,0.2923,Sunday,1,10,Autumn,0
10023456783,2024-10-27 02:00:00,2024-10-27,02:00:00,0.3439,Sunday,2,10,Autumn,0
10023456783,2024-10-27 03:00:00,2024-10-27,03:00:00,0.2393,Sunday,3,10,Autumn,0
10023456783,2024-10-27 04:00:00,2024-10-27,04:00:00,0.2326,Sunday,4,10,Autumn,0
10023456783,2024-10-27 05:00:00,2024-10-27,05:00:00,0.3240,Sunday,5,10,Autumn,0
10023456783,2024-10-27 06:00:00,2024-10-27,06:00:00,0.3654,Sunday,6,10,Autumn,0
10023456783,2024-10-27 07:00:00,2024-10-27,07:00:00,0.6128,Sunday,7,10,Autumn,0
10023456783,2024-10-27 08:00:00,2024-10-27,08:00:00,0.9616,Sunday,8,10,Autumn,0
10023456783,2024-10-27 09:00:00,2024-10-27,09:00:00,1.0426,Sunday,9,10,Autumn,0
10023456783,2024-10-27 10:00:00,2024-10-27,10:00:00,1.1478,Sunday,10,10,Autumn,0
10023456783,2024-10-27 11:00:00,2024-10-27,11:00:00,0.8776,Sunday,11,10,Autumn,0
10023456783,2024-10-27 12:00:00,2024-10-27,12:00:00,0.8688,Sunday,12,10,Autumn,0
10023456783,2024-10-27 13:00:00,2024-10-27,13:00:00,0.7961,Sunday,13,10,Autumn,0
10023456783,2024-10-27 14:00:00,2024-10-27,14:00:00,0.7412,Sunday,14,10,Autumn,0
10023456783,2024-10-27 15:00:00,2024-10-27,15:00:00,0.7269,Sunday,15,10,Autumn,0
10023456783,2024-10-27 16:00:00,2024-10-27,16:00:00,1.0053,Sunday,16,10,Autumn,0
10023456783,2024-10-27 17:00:00,2024-10-27,17:00:00,1.0374,Sunday,17,10,Autumn,0
10023456783,2024-10-27 18:00:00,2024-10-27,18:00:00,1.3063,Sunday,18,10,Autumn,0
10023456783,2024-10-27 19:00:00,2024-10-27,19:00:00,1.5929,Sunday,19,10,Autumn,0
10023456783,2024-10-27 20:00:00,2024-10-27,20:00:00,1.3584,Sunday,20,10,Autumn,0
10023456783,2024-10-27 21:00:00,2024-10-27,21:00:00,1.3424,Sunday,21,10,Autumn,0
10023456783,2024-10-27 22:00:00,2024-10-27,22:00:00,1.0105,Sunday,22,10,Autumn,0
10023456783,2024-10-27 23:00:00,2024-10-27,23:00:00,0.6118,Sunday,23,10,Autumn,0
10023456783,2024-10-28 00:00:00,2024-10-28,00:00:00,0.2463,Monday,0,10,Autumn,0
10023456783,2024-10-28 01:00:00,2024-10-28,01:00:00,0.2201,Monday,1,10,Autumn,0
10023456783,2024-10-28 02:00:00,2024-10-28,02:00:00,0.1935,Monday,2,10,Autumn,0
10023456783,2024-10-28 03:00:00,2024-10-28,03:00:00,0.1759,Monday,3,10,Autumn,0
10023456783,2024-10-28 04:00:00,2024-10-28,04:00:00,0.2537,Monday,4,10,Autumn,0
10023456783,2024-10-28 05:00:00,2024-10-28,05:00:00,0.3408,Monday,5,10,Autumn,0
10023456783,2024-10-28 06:00:00,2024-10-28,06:00:00,0.5459,Monday,6,10,Autumn,0
10023456783,2024-10-28 07:00:00,2024-10-28,07:00:00,0.9656,Monday,7,10,Autumn,0
10023456783,2024-10-28 08:00:00,2024-10-28,08:00:00,0.9617,Monday,8,10,Autumn,0
10023456783,2024-10-28 09:00:00,2024-10-28,09:00:00,0.7350,Monday,9,10,Autumn,0
10023456783,2024-10-28 10:00:00,2024-10-28,10:00:00,0.6793,Monday,10,10,Autumn,0
10023456783,2024-10-28 11:00:00,2024-10-28,11:00:00,0.5112,Monday,11,10,Autumn,0
10023456783,2024-10-28 12:00:00,2024-10-28,12:00:00,0.4940,Monday,12,10,Autumn,0
10023456783,2024-10-28 13:00:00,2024-10-28,13:00:00,0.7649,Monday,13,10,Autumn,0
10023456783,2024-10-28 14:00:00,2024-10-28,14:00:00,6.5204,Monday,14,10,Autumn,1
10023456783,2024-10-28 15:00:00,2024-10-28,15:00:00,0.7338,Monday,15,10,Autumn,0
10023456783,2024-10-28 16:00:00,2024-10-28,16:00:00,0.8471,Monday,16,10,Autumn,0
10023456783,2024-10-28 17:00:00,2024-10-28,17:00:00,0.9442,Monday,17,10,Autumn,0
10023456783,2024-10-28 18:00:00,2024-10-28,18:00:00,1.2744,Monday,18,10,Autumn,0
10023456783,2024-10-28 19:00:00,2024-10-28,19:00:00,1.3438,Monday,19,10,Autumn,0
10023456783,2024-10-28 20:00:00,2024-10-28,20:00:00,1.2790,Monday,20,10,Autumn,0
10023456783,2024-10-28 21:00:00,2024-10-28,21:00:00,1.1333,Monday,21,10,Autumn,0
10023456783,2024-10-28 22:00:00,2024-10-28,22:00:00,0.8000,Monday,22,10,Autumn,0
10023456783,2024-10-28 23:00:00,2024-10-28,23:00:00,0.5473,Monday,23,10,Autumn,0
10023456783,2024-10-29 00:00:00,2024-10-29,00:00:00,3.4336,Tuesday,0,10,Autumn,1
10023456783,2024-10-29 01:00:00,2024-10-29,01:00:00,3.7341,Tuesday,1,10,Autumn,1
10023456783,2024-10-29 02:00:00,2024-10-29,02:00:00,4.9826,Tuesday,2,10,Autumn,1
10023456783,2024-10-29 03:00:00,2024-10-29,03:00:00,0.2584,Tuesday,3,10,Autumn,0
10023456783,2024-10-29 04:00:00,2024-10-29,04:00:00,0.2620,Tuesday,4,10,Autumn,0
10023456783,2024-10-29 05:00:00,2024-10-29,05:00:00,0.4627,Tuesday,5,10,Autumn,0
10023456783,2024-10-29 06:00:00,2024-10-29,06:00:00,0.7594,Tuesday,6,10,Autumn,0
10023456783,2024-10-29 07:00:00,2024-10-29,07:00:00,1.0493,Tuesday,7,10,Autumn,0
10023456783,2024-10-29 08:00:00,2024-10-29,08:00:00,1.2181,Tuesday,8,10,Autumn,0
10023456783,2024-10-29 09:00:00,2024-10-29,09:00:00,0.9763,Tuesday,9,10,Autumn,0
10023456783,2024-10-29 10:00:00,2024-10-29,10:00:00,0.7109,Tuesday,10,10,Autumn,0
10023456783,2024-10-29 11:00:00,2024-10-29,11:00:00,0.7523,Tuesday,11,10,Autumn,0
10023456783,2024-10-29 12:00:00,2024-10-29,12:00:00,0.6421,Tuesday,12,10,Autumn,0
10023456783,2024-10-29 13:00:00,2024-10-29,13:00:00,0.6968,Tuesday,13,10,Autumn,0
10023456783,2024-10-29 14:00:00,2024-10-29,14:00:00,0.6861,Tuesday,14,10,Autumn,0
10023456783,2024-10-29 15:00:00,2024-10-29,15:00:00,0.7025,Tuesday,15,10,Autumn,0
10023456783,2024-10-29 16:00:00,2024-10-29,16:00:00,0.8657,Tuesday,16,10,Autumn,0
10023456783,2024-10-29 17:00:00,2024-10-29,17:00:00,1.2868,Tuesday,17,10,Autumn,0
10023456783,2024-10-29 18:00:00,2024-10-29,18:00:00,1.3551,Tuesday,18,10,Autumn,0
10023456783,2024-10-29 19:00:00,2024-10-29,19:00:00,1.7580,Tuesday,19,10,Autumn,0
10023456783,2024-10-29 20:00:00,2024-10-29,20:00:00,1.7405,Tuesday,20,10,Autumn,0
10023456783,2024-10-29 21:00:00,2024-10-29,21:00:00,1.2244,Tuesday,21,10,Autumn,0
10023456783,2024-10-29 22:00:00,2024-10-29,22:00:00,0.9289,Tuesday,22,10,Autumn,0
10023456783,2024-10-29 23:00:00,2024-10-29,23:00:00,0.5023,Tuesday,23,10,Autumn,0
10023456783,2024-10-30 00:00:00,2024-10-30,00:00:00,0.3600,Wednesday,0,10,Autumn,0
10023456783,2024-10-30 01:00:00,2024-10-30,01:00:00,0.3573,Wednesday,1,10,Autumn,0
10023456783,2024-10-30 02:00:00,2024-10-30,02:00:00,0.2829,Wednesday,2,10,Autumn,0
10023456783,2024-10-30 03:00:00,2024-10-30,03:00:00,3.3960,Wednesday,3,10,Autumn,1
10023456783,2024-10-30 04:00:00,2024-10-30,04:00:00,0.3666,Wednesday,4,10,Autumn,0
10023456783,2024-10-30 05:00:00,2024-10-30,05:00:00,0.5679,Wednesday,5,10,Autumn,0
10023456783,2024-10-30 06:00:00,2024-10-30,06:00:00,0.8124,Wednesday,6,10,Autumn,0
10023456783,2024-10-30 07:00:00,2024-10-30,07:00:00,1.1335,Wednesday,7,10,Autumn,0
10023456783,2024-10-30 08:00:00,2024-10-30,08:00:00,1.2798,Wednesday,8,10,Autumn,0
10023456783,2024-10-30 09:00:00,2024-10-30,09:00:00,1.1143,Wednesday,9,10,Autumn,0
10023456783,2024-10-30 10:00:00,2024-10-30,10:00:00,0.8832,Wednesday,10,10,Autumn,0
10023456783,2024-10-30 11:00:00,2024-10-30,11:00:00,0.8491,Wednesday,11,10,Autumn,0
10023456783,2024-10-30 12:00:00,2024-10-30,12:00:00,0.8510,Wednesday,12,10,Autumn,0
10023456783,2024-10-30 13:00:00,2024-10-30,13:00:00,1.0111,Wednesday,13,10,Autumn,0
10023456783,2024-10-30 14:00:00,2024-10-30,14:00:00,0.7871,Wednesday,14,10,Autumn,0
10023456783,2024-10-30 15:00:00,2024-10-30,15:00:00,0.1630,Wednesday,15,10,Autumn,1
10023456783,2024-10-30 16:00:00,2024-10-30,16:00:00,1.0490,Wednesday,16,10,Autumn,0
10023456783,2024-10-30 17:00:00,2024-10-30,17:00:00,1.1867,Wednesday,17,10,Autumn,0
10023456783,2024-10-30 18:00:00,2024-10-30,18:00:00,1.6718,Wednesday,18,10,Autumn,0
10023456783,2024-10-30 19:00:00,2024-10-30,19:00:00,2.0483,Wednesday,19,10,Autumn,0
10023456783,2024-10-30 20:00:00,2024-10-30,20:00:00,2.0316,Wednesday,20,10,Autumn,0
10023456783,2024-10-30 21:00:00,2024-10-30,21:00:00,1.5962,Wednesday,21,10,Autumn,0
10023456783,2024-10-30 22:00:00,2024-10-30,22:00:00,1.2576,Wednesday,22,10,Autumn,0
10023456783,2024-10-30 23:00:00,2024-10-30,23:00:00,0.6711,Wednesday,23,10,Autumn,0
10023456783,2024-10-31 00:00:00,2024-10-31,00:00:00,0.3577,Thursday,0,10,Autumn,0
10023456783,2024-10-31 01:00:00,2024-10-31,01:00:00,0.3635,Thursday,1,10,Autumn,0
10023456783,2024-10-31 02:00:00,2024-10-31,02:00:00,0.3761,Thursday,2,10,Autumn,0
10023456783,2024-10-31 03:00:00,2024-10-31,03:00:00,0.2867,Thursday,3,10,Autumn,0
10023456783,2024-10-31 04:00:00,2024-10-31,04:00:00,0.3723,Thursday,4,10,Autumn,0
10023456783,2024-10-31 05:00:00,2024-10-31,05:00:00,0.4169,Thursday,5,10,Autumn,0
10023456783,2024-10-31 06:00:00,2024-10-31,06:00:00,1.0049,Thursday,6,10,Autumn,0
10023456783,2024-10-31 07:00:00,2024-10-31,07:00:00,1.1672,Thursday,7,10,Autumn,0
10023456783,2024-10-31 08:00:00,2024-10-31,08:00:00,1.2870,Thursday,8,10,Autumn,0
10023456783,2024-10-31 09:00:00,2024-10-31,09:00:00,1.1466,Thursday,9,10,Autumn,0
10023456783,2024-10-31 10:00:00,2024-10-31,10:00:00,0.8773,Thursday,10,10,Autumn,0
10023456783,2024-10-31 11:00:00,2024-10-31,11:00:00,0.8747,Thursday,11,10,Autumn,0
10023456783,2024-10-31 12:00:00,2024-10-31,12:00:00,0.8858,Thursday,12,10,Autumn,0
10023456783,2024-10-31 13:00:00,2024-10-31,13:00:00,0.9957,Thursday,13,10,Autumn,0
10023456783,2024-10-31 14:00:00,2024-10-31,14:00:00,0.9557,Thursday,14,10,Autumn,0
10023456783,2024-10-31 15:00:00,2024-10-31,15:00:00,0.8297,Thursday,15,10,Autumn,0
10023456783,2024-10-31 16:00:00,2024-10-31,16:00:00,1.1268,Thursday,16,10,Autumn,0
10023456783,2024-10-31 17:00:00,2024-10-31,17:00:00,1.2256,Thursday,17,10,Autumn,0
10023456783,2024-10-31 18:00:00,2024-10-31,18:00:00,1.9987,Thursday,18,10,Autumn,0
10023456783,2024-10-31 19:00:00,2024-10-31,19:00:00,1.8688,Thursday,19,10,Autumn,0
10023456783,2024-10-31 20:00:00,2024-10-31,20:00:00,1.5678,Thursday,20,10,Autumn,0
10023456783,2024-10-31 21:00:00,2024-10-31,21:00:00,1.8901,Thursday,21,10,Autumn,0
10023456783,2024-10-31 22:00:00,2024-10-31,22:00:00,1.2998,Thursday,22,10,Autumn,0
10023456783,2024-10-31 23:00:00,2024-10-31,23:00:00,0.7722,Thursday,23,10,Autumn,0
10023456783,2024-11-01 00:00:00,2024-11-01,00:00:00,0.3738,Friday,0,11,Autumn,0
10023456783,2024-11-01 01:00:00,2024-11-01,01:00:00,0.3446,Friday,1,11,Autumn,0
10023456783,2024-11-01 02:00:00,2024-11-01,02:00:00,0.3412,Friday,2,11,Autumn,0
10023456783,2024-11-01 03:00:00,2024-11-01,03:00:00,0.2672,Friday,3,11,Autumn,0
10023456783,2024-11-01 04:00:00,2024-11-01,04:00:00,0.4513,Friday,4,11,Autumn,0
10023456783,2024-11-01 05:00:00,2024-11-01,05:00:00,0.5887,Friday,5,11,Autumn,0
10023456783,2024-11-01 06:00:00,2024-11-01,06:00:00,0.9452,Friday,6,11,Autumn,0
10023456783,2024-11-01 07:00:00,2024-11-01,07:00:00,1.4930,Friday,7,11,Autumn,0
10023456783,2024-11-01 08:00:00,2024-11-01,08:00:00,1.4061,Friday,8,11,Autumn,0
10023456783,2024-11-01 09:00:00,2024-11-01,09:00:00,1.4474,Friday,9,11,Autumn,0
10023456783,2024-11-01 10:00:00,2024-11-01,10:00:00,1.1221,Friday,10,11,Autumn,0
10023456783,2024-11-01 11:00:00,2024-11-01,11:00:00,0.7779,Friday,11,11,Autumn,0
10023456783,2024-11-01 12:00:00,2024-11-01,12:00:00,0.8976,Friday,12,11,Autumn,0
10023456783,2024-11-01 13:00:00,2024-11-01,13:00:00,1.0953,Friday,13,11,Autumn,0
10023456783,2024-11-01 14:00:00,2024-11-01,14:00:00,0.8643,Friday,14,11,Autumn,0
10023456783,2024-11-01 15:00:00,2024-11-01,15:00:00,0.8807,Friday,15,11,Autumn,0
10023456783,2024-11-01 16:00:00,2024-11-01,16:00:00,0.9438,Friday,16,11,Autumn,0
10023456783,2024-11-01 17:00:00,2024-11-01,17:00:00,1.2366,Friday,17,11,Autumn,0
10023456783,2024-11-01 18:00:00,2024-11-01,18:00:00,1.8962,Friday,18,11,Autumn,0
10023456783,2024-11-01 19:00:00,2024-11-01,19:00:00,2.1580,Friday,19,11,Autumn,0
10023456783,2024-11-01 20:00:00,2024-11-01,20:00:00,1.9458,Friday,20,11,Autumn,0
10023456783,2024-11-01 21:00:00,2024-11-01,21:00:00,1.5393,Friday,21,11,Autumn,0
10023456783,2024-11-01 22:00:00,2024-11-01,22:00:00,1.2053,Friday,22,11,Autumn,0
10023456783,2024-11-01 23:00:00,2024-11-01,23:00:00,0.7395,Friday,23,11,Autumn,0
10023456783,2024-11-02 00:00:00,2024-11-02,00:00:00,0.4634,Saturday,0,11,Autumn,0
10023456783,2024-11-02 01:00:00,2024-11-02,01:00:00,0.4444,Saturday,1,11,Autumn,0
10023456783,2024-11-02 02:00:00,2024-11-02,02:00:00,0.2954,Saturday,2,11,Autumn,0
10023456783,2024-11-02 03:00:00,2024-11-02,03:00:00,0.3955,Saturday,3,11,Autumn,0
10023456783,2024-11-02 04:00:00,2024-11-02,04:00:00,0.4069,Saturday,4,11,Autumn,0
10023456783,2024-11-02 05:00:00,2024-11-02,05:00:00,0.4810,Saturday,5,11,Autumn,0
10023456783,2024-11-02 06:00:00,2024-11-02,06:00:00,0.6655,Saturday,6,11,Autumn,0
10023456783,2024-11-02 07:00:00,2024-11-02,07:00:00,1.0707,Saturday,7,11,Autumn,0
10023456783,2024-11-02 08:00:00,2024-11-02,08:00:00,1.5012,Saturday,8,11,Autumn,0
10023456783,2024-11-02 09:00:00,2024-11-02,09:00:00,1.7451,Saturday,9,11,Autumn,0
10023456783,2024-11-02 10:00:00,2024-11-02,10:00:00,1.5912,Saturday,10,11,Autumn,0
10023456783,2024-11-02 11:00:00,2024-11-02,11:00:00,1.5488,Saturday,11,11,Autumn,0
10023456783,2024-11-02 12:00:00,2024-11-02,12:00:00,1.3964,Saturday,12,11,Autumn,0
10023456783,2024-11-02 13:00:00,2024-11-02,13:00:00,1.0935,Saturday,13,11,Autumn,0
10023456783,2024-11-02 14:00:00,2024-11-02,14:00:00,1.2323,Saturday,14,11,Autumn,0
10023456783,2024-11-02 15:00:00,2024-11-02,15:00:00,1.4694,Saturday,15,11,Autumn,0
10023456783,2024-11-02 16:00:00,2024-11-02,16:00:00,1.4368,Saturday,16,11,Autumn,0
10023456783,2024-11-02 17:00:00,2024-11-02,17:00:00,1.7924,Saturday,17,11,Autumn,0
10023456783,2024-11-02 18:00:00,2024-11-02,18:00:00,1.8368,Saturday,18,11,Autumn,0
10023456783,2024-11-02 19:00:00,2024-11-02,19:00:00,2.0752,Saturday,19,11,Autumn,0
10023456783,2024-11-02 20:00:00,2024-11-02,20:00:00,1.8221,Saturday,20,11,Autumn,0
10023456783,2024-11-02 21:00:00,2024-11-02,21:00:00,1.6968,Saturday,21,11,Autumn,0
10023456783,2024-11-02 22:00:00,2024-11-02,22:00:00,5.6734,Saturday,22,11,Autumn,1
10023456783,2024-11-02 23:00:00,2024-11-02,23:00:00,0.8922,Saturday,23,11,Autumn,0
10023456783,2024-11-03 00:00:00,2024-11-03,00:00:00,0.4657,Sunday,0,11,Autumn,0
10023456783,2024-11-03 01:00:00,2024-11-03,01:00:00,0.3012,Sunday,1,11,Autumn,0
10023456783,2024-11-03 02:00:00,2024-11-03,02:00:00,0.4184,Sunday,2,11,Autumn,0
10023456783,2024-11-03 03:00:00,2024-11-03,03:00:00,0.3506,Sunday,3,11,Autumn,0
10023456783,2024-11-03 04:00:00,2024-11-03,04:00:00,0.3253,Sunday,4,11,Autumn,0
10023456783,2024-11-03 05:00:00,2024-11-03,05:00:00,0.4835,Sunday,5,11,Autumn,0
10023456783,2024-11-03 06:00:00,2024-11-03,06:00:00,0.7097,Sunday,6,11,Autumn,0
10023456783,2024-11-03 07:00:00,2024-11-03,07:00:00,1.0211,Sunday,7,11,Autumn,0
10023456783,2024-11-03 08:00:00,2024-11-03,08:00:00,1.6076,Sunday,8,11,Autumn,0
10023456783,2024-11-03 09:00:00,2024-11-03,09:00:00,1.6354,Sunday,9,11,Autumn,0
10023456783,2024-11-03 10:00:00,2024-11-03,10:00:00,1.4712,Sunday,10,11,Autumn,0
10023456783,2024-11-03 11:00:00,2024-11-03,11:00:00,1.1988,Sunday,11,11,Autumn,0
10023456783,2024-11-03 12:00:00,2024-11-03,12:00:00,1.3069,Sunday,12,11,Autumn,0
10023456783,2024-11-03 13:00:00,2024-11-03,13:00:00,1.0762,Sunday,13,11,Autumn,0
10023456783,2024-11-03 14:00:00,2024-11-03,14:00:00,0.9540,Sunday,14,11,Autumn,0
10023456783,2024-11-03 15:00:00,2024-11-03,15:00:00,1.1655,Sunday,15,11,Autumn,0
10023456783,2024-11-03 16:00:00,2024-11-03,16:00:00,1.2991,Sunday,16,11,Autumn,0
10023456783,2024-11-03 17:00:00,2024-11-03,17:00:00,1.4988,Sunday,17,11,Autumn,0
10023456783,2024-11-03 18:00:00,2024-11-03,18:00:00,1.9753,Sunday,18,11,Autumn,0
10023456783,2024-11-03 19:00:00,2024-11-03,19:00:00,2.3204,Sunday,19,11,Autumn,0
10023456783,2024-11-03 20:00:00,2024-11-03,20:00:00,1.4376,Sunday,20,11,Autumn,0
10023456783,2024-11-03 21:00:00,2024-11-03,21:00:00,1.9880,Sunday,21,11,Autumn,0
10023456783,2024-11-03 22:00:00,2024-11-03,22:00:00,1.2515,Sunday,22,11,Autumn,0
10023456783,2024-11-03 23:00:00,2024-11-03,23:00:00,0.7830,Sunday,23,11,Autumn,0
10023456783,2024-11-04 00:00:00,2024-11-04,00:00:00,0.3687,Monday,0,11,Autumn,0
10023456783,2024-11-04 01:00:00,2024-11-04,01:00:00,0.2955,Monday,1,11,Autumn,0
10023456783,2024-11-04 02:00:00,2024-11-04,02:00:00,0.3487,Monday,2,11,Autumn,0
10023456783,2024-11-04 03:00:00,2024-11-04,03:00:00,5.8229,Monday,3,11,Autumn,1
10023456783,2024-11-04 04:00:00,2024-11-04,04:00:00,0.4815,Monday,4,11,Autumn,0
10023456783,2024-11-04 05:00:00,2024-11-04,05:00:00,0.5495,Monday,5,11,Autumn,0
10023456783,2024-11-04 06:00:00,2024-11-04,06:00:00,0.9685,Monday,6,11,Autumn,0
10023456783,2024-11-04 07:00:00,2024-11-04,07:00:00,1.5722,Monday,7,11,Autumn,0
10023456783,2024-11-04 08:00:00,2024-11-04,08:00:00,1.3297,Monday,8,11,Autumn,0
10023456783,2024-11-04 09:00:00,2024-11-04,09:00:00,1.2660,Monday,9,11,Autumn,0
10023456783,2024-11-04 10:00:00,2024-11-04,10:00:00,0.9436,Monday,10,11,Autumn,0
10023456783,2024-11-04 11:00:00,2024-11-04,11:00:00,1.1597,Monday,11,11,Autumn,0
10023456783,2024-11-04 12:00:00,2024-11-04,12:00:00,0.8628,Monday,12,11,Autumn,0
10023456783,2024-11-04 13:00:00,2024-11-04,13:00:00,1.0262,Monday,13,11,Autumn,0
10023456783,2024-11-04 14:00:00,2024-11-04,14:00:00,0.7849,Monday,14,11,Autumn,0
10023456783,2024-11-04 15:00:00,2024-11-04,15:00:00,0.8915,Monday,15,11,Autumn,0
10023456783,2024-11-04 16:00:00,2024-11-04,16:00:00,1.0646,Monday,16,11,Autumn,0
10023456783,2024-11-04 17:00:00,2024-11-04,17:00:00,1.4219,Monday,17,11,Autumn,0
10023456783,2024-11-04 18:00:00,2024-11-04,18:00:00,1.8341,Monday,18,11,Autumn,0
10023456783,2024-11-04 19:00:00,2024-11-04,19:00:00,2.1105,Monday,19,11,Autumn,0
10023456783,2024-11-04 20:00:00,2024-11-04,20:00:00,1.4836,Monday,20,11,Autumn,0
10023456783,2024-11-04 21:00:00,2024-11-04,21:00:00,1.4146,Monday,21,11,Autumn,0
10023456783,2024-11-04 22:00:00,2024-11-04,22:00:00,1.2483,Monday,22,11,Autumn,0
10023456783,2024-11-04 23:00:00,2024-11-04,23:00:00,0.8773,Monday,23,11,Autumn,0
10023456783,2024-11-05 00:00:00,2024-11-05,00:00:00,4.1308,Tuesday,0,11,Autumn,1
10023456783,2024-11-05 01:00:00,2024-11-05,01:00:00,3.8140,Tuesday,1,11,Autumn,1
10023456783,2024-11-05 02:00:00,2024-11-05,02:00:00,6.1074,Tuesday,2,11,Autumn,1
10023456783,2024-11-05 03:00:00,2024-11-05,03:00:00,0.3845,Tuesday,3,11,Autumn,0
10023456783,2024-11-05 04:00:00,2024-11-05,04:00:00,0.3817,Tuesday,4,11,Autumn,0
10023456783,2024-11-05 05:00:00,2024-11-05,05:00:00,0.5890,Tuesday,5,11,Autumn,0
10023456783,2024-11-05 06:00:00,2024-11-05,06:00:00,1.0301,Tuesday,6,11,Autumn,0
10023456783,2024-11-05 07:00:00,2024-11-05,07:00:00,1.4163,Tuesday,7,11,Autumn,0
10023456783,2024-11-05 08:00:00,2024-11-05,08:00:00,1.6650,Tuesday,8,11,Autumn,0
10023456783,2024-11-05 09:00:00,2024-11-05,09:00:00,1.4345,Tuesday,9,11,Autumn,0
10023456783,2024-11-05 10:00:00,2024-11-05,10:00:00,1.1334,Tuesday,10,11,Autumn,0
10023456783,2024-11-05 11:00:00,2024-11-05,11:00:00,0.9778,Tuesday,11,11,Autumn,0
10023456783,2024-11-05 12:00:00,2024-11-05,12:00:00,0.8823,Tuesday,12,11,Autumn,0
10023456783,2024-11-05 13:00:00,2024-11-05,13:00:00,0.8447,Tuesday,13,11,Autumn,0
10023456783,2024-11-05 14:00:00,2024-11-05,14:00:00,1.0255,Tuesday,14,11,Autumn,0
10023456783,2024-11-05 15:00:00,2024-11-05,15:00:00,0.9886,Tuesday,15,11,Autumn,0
10023456783,2024-11-05 16:00:00,2024-11-05,16:00:00,1.3905,Tuesday,16,11,Autumn,0
10023456783,2024-11-05 17:00:00,2024-11-05,17:00:00,1.5568,Tuesday,17,11,Autumn,0
10023456783,2024-11-05 18:00:00,2024-11-05,18:00:00,2.1212,Tuesday,18,11,Autumn,0
10023456783,2024-11-05 19:00:00,2024-11-05,19:00:00,2.2666,Tuesday,19,11,Autumn,0
10023456783,2024-11-05 20:00:00,2024-11-05,20:00:00,2.1005,Tuesday,20,11,Autumn,0
10023456783,2024-11-05 21:00:00,2024-11-05,21:00:00,2.2711,Tuesday,21,11,Autumn,0
10023456783,2024-11-05 22:00:00,2024-11-05,22:00:00,1.4751,Tuesday,22,11,Autumn,0
10023456783,2024-11-05 23:00:00,2024-11-05,23:00:00,0.9295,Tuesday,23,11,Autumn,0
10023456783,2024-11-06 00:00:00,2024-11-06,00:00:00,0.3766,Wednesday,0,11,Autumn,0
10023456783,2024-11-06 01:00:00,2024-11-06,01:00:00,0.2655,Wednesday,1,11,Autumn,0
10023456783,2024-11-06 02:00:00,2024-11-06,02:00:00,0.3066,Wednesday,2,11,Autumn,0
10023456783,2024-11-06 03:00:00,2024-11-06,03:00:00,4.4631,Wednesday,3,11,Autumn,1
10023456783,2024-11-06 04:00:00,2024-11-06,04:00:00,4.3204,Wednesday,4,11,Autumn,1
10023456783,2024-11-06 05:00:00,2024-11-06,05:00:00,0.4221,Wednesday,5,11,Autumn,0
10023456783,2024-11-06 06:00:00,2024-11-06,06:00:00,0.8153,Wednesday,6,11,Autumn,0
10023456783,2024-11-06 07:00:00,2024-11-06,07:00:00,1.2255,Wednesday,7,11,Autumn,0
10023456783,2024-11-06 08:00:00,2024-11-06,08:00:00,1.5978,Wednesday,8,11,Autumn,0
10023456783,2024-11-06 09:00:00,2024-11-06,09:00:00,1.1199,Wednesday,9,11,Autumn,0
10023456783,2024-11-06 10:00:00,2024-11-06,10:00:00,0.8660,Wednesday,10,11,Autumn,0
10023456783,2024-11-06 11:00:00,2024-11-06,11:00:00,0.6947,Wednesday,11,11,Autumn,0
10023456783,2024-11-06 12:00:00,2024-11-06,12:00:00,0.8129,Wednesday,12,11,Autumn,0
10023456783,2024-11-06 13:00:00,2024-11-06,13:00:00,0.9173,Wednesday,13,11,Autumn,0
10023456783,2024-11-06 14:00:00,2024-11-06,14:00:00,0.9138,Wednesday,14,11,Autumn,0
10023456783,2024-11-06 15:00:00,2024-11-06,15:00:00,0.9282,Wednesday,15,11,Autumn,0
10023456783,2024-11-06 16:00:00,2024-11-06,16:00:00,1.2010,Wednesday,16,11,Autumn,0
10023456783,2024-11-06 17:00:00,2024-11-06,17:00:00,1.5962,Wednesday,17,11,Autumn,0
10023456783,2024-11-06 18:00:00,2024-11-06,18:00:00,1.5740,Wednesday,18,11,Autumn,0
10023456783,2024-11-06 19:00:00,2024-11-06,19:00:00,2.0539,Wednesday,19,11,Autumn,0
10023456783,2024-11-06 20:00:00,2024-11-06,20:00:00,2.1640,Wednesday,20,11,Autumn,0
10023456783,2024-11-06 21:00:00,2024-11-06,21:00:00,1.5999,Wednesday,21,11,Autumn,0
10023456783,2024-11-06 22:00:00,2024-11-06,22:00:00,1.2970,Wednesday,22,11,Autumn,0
10023456783,2024-11-06 23:00:00,2024-11-06,23:00:00,0.7109,Wednesday,23,11,Autumn,0
10023456783,2024-11-07 00:00:00,2024-11-07,00:00:00,0.4490,Thursday,0,11,Autumn,0
10023456783,2024-11-07 01:00:00,2024-11-07,01:00:00,0.4452,Thursday,1,11,Autumn,0
10023456783,2024-11-07 02:00:00,2024-11-07,02:00:00,0.2991,Thursday,2,11,Autumn,0
10023456783,2024-11-07 03:00:00,2024-11-07,03:00:00,0.4158,Thursday,3,11,Autumn,0
10023456783,2024-11-07 04:00:00,2024-11-07,04:00:00,0.3914,Thursday,4,11,Autumn,0
10023456783,2024-11-07 05:00:00,2024-11-07,05:00:00,0.5603,Thursday,5,11,Autumn,0
10023456783,2024-11-07 06:00:00,2024-11-07,06:00:00,0.8473,Thursday,6,11,Autumn,0
10023456783,2024-11-07 07:00:00,2024-11-07,07:00:00,1.7194,Thursday,7,11,Autumn,0
10023456783,2024-11-07 08:00:00,2024-11-07,08:00:00,1.8493,Thursday,8,11,Autumn,0
10023456783,2024-11-07 09:00:00,2024-11-07,09:00:00,1.1971,Thursday,9,11,Autumn,0
10023456783,2024-11-07 10:00:00,2024-11-07,10:00:00,0.9915,Thursday,10,11,Autumn,0
10023456783,2024-11-07 11:00:00,2024-11-07,11:00:00,1.0106,Thursday,11,11,Autumn,0
10023456783,2024-11-07 12:00:00,2024-11-07,12:00:00,0.8258,Thursday,12,11,Autumn,0
10023456783,2024-11-07 13:00:00,2024-11-07,13:00:00,1.2599,Thursday,13,11,Autumn,0
10023456783,2024-11-07 14:00:00,2024-11-07,14:00:00,0.9233,Thursday,14,11,Autumn,0
10023456783,2024-11-07 15:00:00,2024-11-07,15:00:00,1.1048,Thursday,15,11,Autumn,0
10023456783,2024-11-07 16:00:00,2024-11-07,16:00:00,1.3626,Thursday,16,11,Autumn,0
10023456783,2024-11-07 17:00:00,2024-11-07,17:00:00,1.2532,Thursday,17,11,Autumn,0
10023456783,2024-11-07 18:00:00,2024-11-07,18:00:00,2.2792,Thursday,18,11,Autumn,0
10023456783,2024-11-07 19:00:00,2024-11-07,19:00:00,2.1198,Thursday,19,11,Autumn,0
10023456783,2024-11-07 20:00:00,2024-11-07,20:00:00,2.0809,Thursday,20,11,Autumn,0
10023456783,2024-11-07 21:00:00,2024-11-07,21:00:00,1.5460,Thursday,21,11,Autumn,0
10023456783,2024-11-07 22:00:00,2024-11-07,22:00:00,1.6170,Thursday,22,11,Autumn,0
10023456783,2024-11-07 23:00:00,2024-11-07,23:00:00,0.6734,Thursday,23,11,Autumn,0
10023456783,2024-11-08 00:00:00,2024-11-08,00:00:00,6.1045,Friday,0,11,Autumn,1
10023456783,2024-11-08 01:00:00,2024-11-08,01:00:00,4.2046,Friday,1,11,Autumn,1
10023456783,2024-11-08 02:00:00,2024-11-08,02:00:00,5.7976,Friday,2,11,Autumn,1
10023456783,2024-11-08 03:00:00,2024-11-08,03:00:00,0.2614,Friday,3,11,Autumn,0
10023456783,2024-11-08 04:00:00,2024-11-08,04:00:00,0.3360,Friday,4,11,Autumn,0
10023456783,2024-11-08 05:00:00,2024-11-08,05:00:00,0.3500,Friday,5,11,Autumn,0
10023456783,2024-11-08 06:00:00,2024-11-08,06:00:00,0.9833,Friday,6,11,Autumn,0
10023456783,2024-11-08 07:00:00,2024-11-08,07:00:00,1.3633,Friday,7,11,Autumn,0
10023456783,2024-11-08 08:00:00,2024-11-08,08:00:00,1.0022,Friday,8,11,Autumn,0
10023456783,2024-11-08 09:00:00,2024-11-08,09:00:00,1.2181,Friday,9,11,Autumn,0
10023456783,2024-11-08 10:00:00,2024-11-08,10:00:00,0.7076,Friday,10,11,Autumn,0
10023456783,2024-11-08 11:00:00,2024-11-08,11:00:00,0.9028,Friday,11,11,Autumn,0
10023456783,2024-11-08 12:00:00,2024-11-08,12:00:00,0.6524,Friday,12,11,Autumn,0
10023456783,2024-11-08 13:00:00,2024-11-08,13:00:00,0.7307,Friday,13,11,Autumn,0
10023456783,2024-11-08 14:00:00,2024-11-08,14:00:00,0.8713,Friday,14,11,Autumn,0
10023456783,2024-11-08 15:00:00,2024-11-08,15:00:00,0.8361,Friday,15,11,Autumn,0
10023456783,2024-11-08 16:00:00,2024-11-08,16:00:00,0.8874,Friday,16,11,Autumn,0
10023456783,2024-11-08 17:00:00,2024-11-08,17:00:00,1.0508,Friday,17,11,Autumn,0
10023456783,2024-11-08 18:00:00,2024-11-08,18:00:00,1.5240,Friday,18,11,Autumn,0
10023456783,2024-11-08 19:00:00,2024-11-08,19:00:00,1.7151,Friday,19,11,Autumn,0
10023456783,2024-11-08 20:00:00,2024-11-08,20:00:00,1.8651,Friday,20,11,Autumn,0
10023456783,2024-11-08 21:00:00,2024-11-08,21:00:00,1.5341,Friday,21,11,Autumn,0
10023456783,2024-11-08 22:00:00,2024-11-08,22:00:00,1.1774,Friday,22,11,Autumn,0
10023456783,2024-11-08 23:00:00,2024-11-08,23:00:00,0.5129,Friday,23,11,Autumn,0
10023456783,2024-11-09 00:00:00,2024-11-09,00:00:00,0.4292,Saturday,0,11,Autumn,0
10023456783,2024-11-09 01:00:00,2024-11-09,01:00:00,0.3741,Saturday,1,11,Autumn,0
10023456783,2024-11-09 02:00:00,2024-11-09,02:00:00,0.3097,Saturday,2,11,Autumn,0
10023456783,2024-11-09 03:00:00,2024-11-09,03:00:00,0.3973,Saturday,3,11,Autumn,0
10023456783,2024-11-09 04:00:00,2024-11-09,04:00:00,0.2865,Saturday,4,11,Autumn,0
10023456783,2024-11-09 05:00:00,2024-11-09,05:00:00,0.4446,Saturday,5,11,Autumn,0
10023456783,2024-11-09 06:00:00,2024-11-09,06:00:00,0.5811,Saturday,6,11,Autumn,0
10023456783,2024-11-09 07:00:00,2024-11-09,07:00:00,0.8366,Saturday,7,11,Autumn,0
10023456783,2024-11-09 08:00:00,2024-11-09,08:00:00,1.4388,Saturday,8,11,Autumn,0
10023456783,2024-11-09 09:00:00,2024-11-09,09:00:00,1.4469,Saturday,9,11,Autumn,0
10023456783,2024-11-09 10:00:00,2024-11-09,10:00:00,1.4450,Saturday,10,11,Autumn,0
10023456783,2024-11-09 11:00:00,2024-11-09,11:00:00,1.2689,Saturday,11,11,Autumn,0
10023456783,2024-11-09 12:00:00,2024-11-09,12:00:00,1.1767,Saturday,12,11,Autumn,0
10023456783,2024-11-09 13:00:00,2024-11-09,13:00:00,1.0461,Saturday,13,11,Autumn,0
10023456783,2024-11-09 14:00:00,2024-11-09,14:00:00,0.9618,Saturday,14,11,Autumn,0
10023456783,2024-11-09 15:00:00,2024-11-09,15:00:00,1.0069,Saturday,15,11,Autumn,0
10023456783,2024-11-09 16:00:00,2024-11-09,16:00:00,1.2971,Saturday,16,11,Autumn,0
10023456783,2024-11-09 17:00:00,2024-11-09,17:00:00,1.3889,Saturday,17,11,Autumn,0
10023456783,2024-11-09 18:00:00,2024-11-09,18:00:00,1.3703,Saturday,18,11,Autumn,0
10023456783,2024-11-09 19:00:00,2024-11-09,19:00:00,1.4073,Saturday,19,11,Autumn,0
10023456783,2024-11-09 20:00:00,2024-11-09,20:00:00,1.8338,Saturday,20,11,Autumn,0
10023456783,2024-11-09 21:00:00,2024-11-09,21:00:00,1.5266,Saturday,21,11,Autumn,0
10023456783,2024-11-09 22:00:00,2024-11-09,22:00:00,1.3099,Saturday,22,11,Autumn,0
10023456783,2024-11-09 23:00:00,2024-11-09,23:00:00,0.9137,Saturday,23,11,Autumn,0
10023456783,2024-11-10 00:00:00,2024-11-10,00:00:00,0.3652,Sunday,0,11,Autumn,0
10023456783,2024-11-10 01:00:00,2024-11-10,01:00:00,0.3623,Sunday,1,11,Autumn,0
10023456783,2024-11-10 02:00:00,2024-11-10,02:00:00,0.3683,Sunday,2,11,Autumn,0
10023456783,2024-11-10 03:00:00,2024-11-10,03:00:00,0.3191,Sunday,3,11,Autumn,0
10023456783,2024-11-10 04:00:00,2024-11-10,04:00:00,0.4026,Sunday,4,11,Autumn,0
10023456783,2024-11-10 05:00:00,2024-11-10,05:00:00,3.4546,Sunday,5,11,Autumn,1
10023456783,2024-11-10 06:00:00,2024-11-10,06:00:00,6.0001,Sunday,6,11,Autumn,1
10023456783,2024-11-10 07:00:00,2024-11-10,07:00:00,3.6942,Sunday,7,11,Autumn,1
10023456783,2024-11-10 08:00:00,2024-11-10,08:00:00,1.3551,Sunday,8,11,Autumn,0
10023456783,2024-11-10 09:00:00,2024-11-10,09:00:00,1.6376,Sunday,9,11,Autumn,0
10023456783,2024-11-10 10:00:00,2024-11-10,10:00:00,1.3542,Sunday,10,11,Autumn,0
10023456783,2024-11-10 11:00:00,2024-11-10,11:00:00,1.2170,Sunday,11,11,Autumn,0
10023456783,2024-11-10 12:00:00,2024-11-10,12:00:00,1.1805,Sunday,12,11,Autumn,0
10023456783,2024-11-10 13:00:00,2024-11-10,13:00:00,0.9497,Sunday,13,11,Autumn,0
10023456783,2024-11-10 14:00:00,2024-11-10,14:00:00,1.0232,Sunday,14,11,Autumn,0
10023456783,2024-11-10 15:00:00,2024-11-10,15:00:00,1.1599,Sunday,15,11,Autumn,0
10023456783,2024-11-10 16:00:00,2024-11-10,16:00:00,1.2273,Sunday,16,11,Autumn,0
10023456783,2024-11-10 17:00:00,2024-11-10,17:00:00,1.4612,Sunday,17,11,Autumn,0
10023456783,2024-11-10 18:00:00,2024-11-10,18:00:00,5.1277,Sunday,18,11,Autumn,1
10023456783,2024-11-10 19:00:00,2024-11-10,19:00:00,2.1439,Sunday,19,11,Autumn,0
10023456783,2024-11-10 20:00:00,2024-11-10,20:00:00,2.0017,Sunday,20,11,Autumn,0
10023456783,2024-11-10 21:00:00,2024-11-10,21:00:00,2.0993,Sunday,21,11,Autumn,0
10023456783,2024-11-10 22:00:00,2024-11-10,22:00:00,1.3054,Sunday,22,11,Autumn,0
10023456783,2024-11-10 23:00:00,2024-11-10,23:00:00,0.7592,Sunday,23,11,Autumn,0
10023456783,2024-11-11 00:00:00,2024-11-11,00:00:00,0.3063,Monday,0,11,Autumn,0
10023456783,2024-11-11 01:00:00,2024-11-11,01:00:00,0.3578,Monday,1,11,Autumn,0
10023456783,2024-11-11 02:00:00,2024-11-11,02:00:00,0.2761,Monday,2,11,Autumn,0
10023456783,2024-11-11 03:00:00,2024-11-11,03:00:00,0.3036,Monday,3,11,Autumn,0
10023456783,2024-11-11 04:00:00,2024-11-11,04:00:00,0.3679,Monday,4,11,Autumn,0
10023456783,2024-11-11 05:00:00,2024-11-11,05:00:00,0.4284,Monday,5,11,Autumn,0
10023456783,2024-11-11 06:00:00,2024-11-11,06:00:00,0.5363,Monday,6,11,Autumn,0
10023456783,2024-11-11 07:00:00,2024-11-11,07:00:00,1.2036,Monday,7,11,Autumn,0
10023456783,2024-11-11 08:00:00,2024-11-11,08:00:00,1.1871,Monday,8,11,Autumn,0
10023456783,2024-11-11 09:00:00,2024-11-11,09:00:00,1.0979,Monday,9,11,Autumn,0
10023456783,2024-11-11 10:00:00,2024-11-11,10:00:00,0.9310,Monday,10,11,Autumn,0
10023456783,2024-11-11 11:00:00,2024-11-11,11:00:00,0.6937,Monday,11,11,Autumn,0
10023456783,2024-11-11 12:00:00,2024-11-11,12:00:00,0.7223,Monday,12,11,Autumn,0
10023456783,2024-11-11 13:00:00,2024-11-11,13:00:00,0.7183,Monday,13,11,Autumn,0
10023456783,2024-11-11 14:00:00,2024-11-11,14:00:00,0.6395,Monday,14,11,Autumn,0
10023456783,2024-11-11 15:00:00,2024-11-11,15:00:00,0.9334,Monday,15,11,Autumn,0
10023456783,2024-11-11 16:00:00,2024-11-11,16:00:00,1.1141,Monday,16,11,Autumn,0
10023456783,2024-11-11 17:00:00,2024-11-11,17:00:00,1.4900,Monday,17,11,Autumn,0
10023456783,2024-11-11 18:00:00,2024-11-11,18:00:00,1.6455,Monday,18,11,Autumn,0
10023456783,2024-11-11 19:00:00,2024-11-11,19:00:00,1.5664,Monday,19,11,Autumn,0
10023456783,2024-11-11 20:00:00,2024-11-11,20:00:00,1.6709,Monday,20,11,Autumn,0
10023456783,2024-11-11 21:00:00,2024-11-11,21:00:00,1.3337,Monday,21,11,Autumn,0
10023456783,2024-11-11 22:00:00,2024-11-11,22:00:00,0.9380,Monday,22,11,Autumn,0
10023456783,2024-11-11 23:00:00,2024-11-11,23:00:00,0.6435,Monday,23,11,Autumn,0
10023456783,2024-11-12 00:00:00,2024-11-12,00:00:00,0.3824,Tuesday,0,11,Autumn,0
10023456783,2024-11-12 01:00:00,2024-11-12,01:00:00,0.3979,Tuesday,1,11,Autumn,0
10023456783,2024-11-12 02:00:00,2024-11-12,02:00:00,4.0298,Tuesday,2,11,Autumn,1
10023456783,2024-11-12 03:00:00,2024-11-12,03:00:00,0.3714,Tuesday,3,11,Autumn,0
10023456783,2024-11-12 04:00:00,2024-11-12,04:00:00,0.3923,Tuesday,4,11,Autumn,0
10023456783,2024-11-12 05:00:00,2024-11-12,05:00:00,0.5435,Tuesday,5,11,Autumn,0
10023456783,2024-11-12 06:00:00,2024-11-12,06:00:00,0.8402,Tuesday,6,11,Autumn,0
10023456783,2024-11-12 07:00:00,2024-11-12,07:00:00,1.1260,Tuesday,7,11,Autumn,0
10023456783,2024-11-12 08:00:00,2024-11-12,08:00:00,1.2153,Tuesday,8,11,Autumn,0
10023456783,2024-11-12 09:00:00,2024-11-12,09:00:00,1.1148,Tuesday,9,11,Autumn,0
10023456783,2024-11-12 10:00:00,2024-11-12,10:00:00,1.0132,Tuesday,10,11,Autumn,0
10023456783,2024-11-12 11:00:00,2024-11-12,11:00:00,0.7583,Tuesday,11,11,Autumn,0
10023456783,2024-11-12 12:00:00,2024-11-12,12:00:00,0.7769,Tuesday,12,11,Autumn,0
10023456783,2024-11-12 13:00:00,2024-11-12,13:00:00,0.9386,Tuesday,13,11,Autumn,0
10023456783,2024-11-12 14:00:00,2024-11-12,14:00:00,0.8490,Tuesday,14,11,Autumn,0
10023456783,2024-11-12 15:00:00,2024-11-12,15:00:00,0.7387,Tuesday,15,11,Autumn,0
10023456783,2024-11-12 16:00:00,2024-11-12,16:00:00,0.9441,Tuesday,16,11,Autumn,0
10023456783,2024-11-12 17:00:00,2024-11-12,17:00:00,1.2856,Tuesday,17,11,Autumn,0
10023456783,2024-11-12 18:00:00,2024-11-12,18:00:00,1.7938,Tuesday,18,11,Autumn,0
10023456783,2024-11-12 19:00:00,2024-11-12,19:00:00,1.9842,Tuesday,19,11,Autumn,0
10023456783,2024-11-12 20:00:00,2024-11-12,20:00:00,1.6368,Tuesday,20,11,Autumn,0
10023456783,2024-11-12 21:00:00,2024-11-12,21:00:00,1.5620,Tuesday,21,11,Autumn,0
10023456783,2024-11-12 22:00:00,2024-11-12,22:00:00,1.0978,Tuesday,22,11,Autumn,0
10023456783,2024-11-12 23:00:00,2024-11-12,23:00:00,0.8127,Tuesday,23,11,Autumn,0
10023456783,2024-11-13 00:00:00,2024-11-13,00:00:00,0.3769,Wednesday,0,11,Autumn,0
10023456783,2024-11-13 01:00:00,2024-11-13,01:00:00,3.3327,Wednesday,1,11,Autumn,1
10023456783,2024-11-13 02:00:00,2024-11-13,02:00:00,5.2334,Wednesday,2,11,Autumn,1
10023456783,2024-11-13 03:00:00,2024-11-13,03:00:00,0.3207,Wednesday,3,11,Autumn,0
10023456783,2024-11-13 04:00:00,2024-11-13,04:00:00,0.3845,Wednesday,4,11,Autumn,0
10023456783,2024-11-13 05:00:00,2024-11-13,05:00:00,0.5373,Wednesday,5,11,Autumn,0
10023456783,2024-11-13 06:00:00,2024-11-13,06:00:00,0.8991,Wednesday,6,11,Autumn,0
10023456783,2024-11-13 07:00:00,2024-11-13,07:00:00,1.2631,Wednesday,7,11,Autumn,0
10023456783,2024-11-13 08:00:00,2024-11-13,08:00:00,1.4239,Wednesday,8,11,Autumn,0
10023456783,2024-11-13 09:00:00,2024-11-13,09:00:00,1.2060,Wednesday,9,11,Autumn,0
10023456783,2024-11-13 10:00:00,2024-11-13,10:00:00,0.9969,Wednesday,10,11,Autumn,0
10023456783,2024-11-13 11:00:00,2024-11-13,11:00:00,0.8528,Wednesday,11,11,Autumn,0
10023456783,2024-11-13 12:00:00,2024-11-13,12:00:00,0.8230,Wednesday,12,11,Autumn,0
10023456783,2024-11-13 13:00:00,2024-11-13,13:00:00,0.7784,Wednesday,13,11,Autumn,0
10023456783,2024-11-13 14:00:00,2024-11-13,14:00:00,0.8381,Wednesday,14,11,Autumn,0
10023456783,2024-11-13 15:00:00,2024-11-13,15:00:00,1.0195,Wednesday,15,11,Autumn,0
10023456783,2024-11-13 16:00:00,2024-11-13,16:00:00,1.2271,Wednesday,16,11,Autumn,0
10023456783,2024-11-13 17:00:00,2024-11-13,17:00:00,1.4350,Wednesday,17,11,Autumn,0
10023456783,2024-11-13 18:00:00,2024-11-13,18:00:00,1.4866,Wednesday,18,11,Autumn,0
10023456783,2024-11-13 19:00:00,2024-11-13,19:00:00,1.5298,Wednesday,19,11,Autumn,0
10023456783,2024-11-13 20:00:00,2024-11-13,20:00:00,1.6187,Wednesday,20,11,Autumn,0
10023456783,2024-11-13 21:00:00,2024-11-13,21:00:00,1.8368,Wednesday,21,11,Autumn,0
10023456783,2024-11-13 22:00:00,2024-11-13,22:00:00,1.2426,Wednesday,22,11,Autumn,0
10023456783,2024-11-13 23:00:00,2024-11-13,23:00:00,0.7260,Wednesday,23,11,Autumn,0
10023456783,2024-11-14 00:00:00,2024-11-14,00:00:00,0.3732,Thursday,0,11,Autumn,0
10023456783,2024-11-14 01:00:00,2024-11-14,01:00:00,0.3358,Thursday,1,11,Autumn,0
10023456783,2024-11-14 02:00:00,2024-11-14,02:00:00,0.2981,Thursday,2,11,Autumn,0
10023456783,2024-11-14 03:00:00,2024-11-14,03:00:00,0.3499,Thursday,3,11,Autumn,0
10023456783,2024-11-14 04:00:00,2024-11-14,04:00:00,0.2705,Thursday,4,11,Autumn,0
10023456783,2024-11-14 05:00:00,2024-11-14,05:00:00,0.4356,Thursday,5,11,Autumn,0
10023456783,2024-11-14 06:00:00,2024-11-14,06:00:00,0.7815,Thursday,6,11,Autumn,0
10023456783,2024-11-14 07:00:00,2024-11-14,07:00:00,1.2744,Thursday,7,11,Autumn,0
10023456783,2024-11-14 08:00:00,2024-11-14,08:00:00,1.5413,Thursday,8,11,Autumn,0
10023456783,2024-11-14 09:00:00,2024-11-14,09:00:00,1.0500,Thursday,9,11,Autumn,0
10023456783,2024-11-14 10:00:00,2024-11-14,10:00:00,1.0323,Thursday,10,11,Autumn,0
10023456783,2024-11-14 11:00:00,2024-11-14,11:00:00,0.7955,Thursday,11,11,Autumn,0
10023456783,2024-11-14 12:00:00,2024-11-14,12:00:00,0.9183,Thursday,12,11,Autumn,0
10023456783,2024-11-14 13:00:00,2024-11-14,13:00:00,0.8181,Thursday,13,11,Autumn,0
10023456783,2024-11-14 14:00:00,2024-11-14,14:00:00,1.0945,Thursday,14,11,Autumn,0
10023456783,2024-11-14 15:00:00,2024-11-14,15:00:00,0.9000,Thursday,15,11,Autumn,0
10023456783,2024-11-14 16:00:00,2024-11-14,16:00:00,1.1758,Thursday,16,11,Autumn,0
10023456783,2024-11-14 17:00:00,2024-11-14,17:00:00,1.2658,Thursday,17,11,Autumn,0
10023456783,2024-11-14 18:00:00,2024-11-14,18:00:00,1.9322,Thursday,18,11,Autumn,0
10023456783,2024-11-14 19:00:00,2024-11-14,19:00:00,2.4537,Thursday,19,11,Autumn,0
10023456783,2024-11-14 20:00:00,2024-11-14,20:00:00,1.7704,Thursday,20,11,Autumn,0
10023456783,2024-11-14 21:00:00,2024-11-14,21:00:00,1.4989,Thursday,21,11,Autumn,0
10023456783,2024-11-14 22:00:00,2024-11-14,22:00:00,1.0591,Thursday,22,11,Autumn,0
10023456783,2024-11-14 23:00:00,2024-11-14,23:00:00,0.6846,Thursday,23,11,Autumn,0
10023456783,2024-11-15 00:00:00,2024-11-15,00:00:00,0.2591,Friday,0,11,Autumn,0
10023456783,2024-11-15 01:00:00,2024-11-15,01:00:00,0.4067,Friday,1,11,Autumn,0
10023456783,2024-11-15 02:00:00,2024-11-15,02:00:00,0.2545,Friday,2,11,Autumn,0
10023456783,2024-11-15 03:00:00,2024-11-15,03:00:00,4.7526,Friday,3,11,Autumn,1
10023456783,2024-11-15 04:00:00,2024-11-15,04:00:00,5.7983,Friday,4,11,Autumn,1
10023456783,2024-11-15 05:00:00,2024-11-15,05:00:00,4.1796,Friday,5,11,Autumn,1
10023456783,2024-11-15 06:00:00,2024-11-15,06:00:00,0.9429,Friday,6,11,Autumn,0
10023456783,2024-11-15 07:00:00,2024-11-15,07:00:00,0.9794,Friday,7,11,Autumn,0
10023456783,2024-11-15 08:00:00,2024-11-15,08:00:00,1.1971,Friday,8,11,Autumn,0
10023456783,2024-11-15 09:00:00,2024-11-15,09:00:00,1.1724,Friday,9,11,Autumn,0
10023456783,2024-11-15 10:00:00,2024-11-15,10:00:00,0.9291,Friday,10,11,Autumn,0
10023456783,2024-11-15 11:00:00,2024-11-15,11:00:00,0.7031,Friday,11,11,Autumn,0
10023456783,2024-11-15 12:00:00,2024-11-15,12:00:00,0.8379,Friday,12,11,Autumn,0
10023456783,2024-11-15 13:00:00,2024-11-15,13:00:00,0.8687,Friday,13,11,Autumn,0
10023456783,2024-11-15 14:00:00,2024-11-15,14:00:00,0.9014,Friday,14,11,Autumn,0
10023456783,2024-11-15 15:00:00,2024-11-15,15:00:00,0.8684,Friday,15,11,Autumn,0
10023456783,2024-11-15 16:00:00,2024-11-15,16:00:00,1.0181,Friday,16,11,Autumn,0
10023456783,2024-11-15 17:00:00,2024-11-15,17:00:00,1.1582,Friday,17,11,Autumn,0
10023456783,2024-11-15 18:00:00,2024-11-15,18:00:00,1.6257,Friday,18,11,Autumn,0
10023456783,2024-11-15 19:00:00,2024-11-15,19:00:00,1.9455,Friday,19,11,Autumn,0
10023456783,2024-11-15 20:00:00,2024-11-15,20:00:00,1.9260,Friday,20,11,Autumn,0
10023456783,2024-11-15 21:00:00,2024-11-15,21:00:00,1.6842,Friday,21,11,Autumn,0
10023456783,2024-11-15 22:00:00,2024-11-15,22:00:00,0.8719,Friday,22,11,Autumn,0
10023456783,2024-11-15 23:00:00,2024-11-15,23:00:00,0.6035,Friday,23,11,Autumn,0
10023456783,2024-11-16 00:00:00,2024-11-16,00:00:00,0.3715,Saturday,0,11,Autumn,0
10023456783,2024-11-16 01:00:00,2024-11-16,01:00:00,0.3467,Saturday,1,11,Autumn,0
10023456783,2024-11-16 02:00:00,2024-11-16,02:00:00,0.4005,Saturday,2,11,Autumn,0
10023456783,2024-11-16 03:00:00,2024-11-16,03:00:00,5.4294,Saturday,3,11,Autumn,1
10023456783,2024-11-16 04:00:00,2024-11-16,04:00:00,4.8347,Saturday,4,11,Autumn,1
10023456783,2024-11-16 05:00:00,2024-11-16,05:00:00,0.3712,Saturday,5,11,Autumn,0
10023456783,2024-11-16 06:00:00,2024-11-16,06:00:00,0.5485,Saturday,6,11,Autumn,0
10023456783,2024-11-16 07:00:00,2024-11-16,07:00:00,0.8865,Saturday,7,11,Autumn,0
10023456783,2024-11-16 08:00:00,2024-11-16,08:00:00,1.0681,Saturday,8,11,Autumn,0
10023456783,2024-11-16 09:00:00,2024-11-16,09:00:00,1.5049,Saturday,9,11,Autumn,0
10023456783,2024-11-16 10:00:00,2024-11-16,10:00:00,1.3465,Saturday,10,11,Autumn,0
10023456783,2024-11-16 11:00:00,2024-11-16,11:00:00,1.1225,Saturday,11,11,Autumn,0
10023456783,2024-11-16 12:00:00,2024-11-16,12:00:00,1.2487,Saturday,12,11,Autumn,0
10023456783,2024-11-16 13:00:00,2024-11-16,13:00:00,0.9449,Saturday,13,11,Autumn,0
10023456783,2024-11-16 14:00:00,2024-11-16,14:00:00,0.8611,Saturday,14,11,Autumn,0
10023456783,2024-11-16 15:00:00,2024-11-16,15:00:00,1.0857,Saturday,15,11,Autumn,0
10023456783,2024-11-16 16:00:00,2024-11-16,16:00:00,0.9560,Saturday,16,11,Autumn,0
10023456783,2024-11-16 17:00:00,2024-11-16,17:00:00,1.3420,Saturday,17,11,Autumn,0
10023456783,2024-11-16 18:00:00,2024-11-16,18:00:00,1.8592,Saturday,18,11,Autumn,0
10023456783,2024-11-16 19:00:00,2024-11-16,19:00:00,1.5061,Saturday,19,11,Autumn,0
10023456783,2024-11-16 20:00:00,2024-11-16,20:00:00,1.9609,Saturday,20,11,Autumn,0
10023456783,2024-11-16 21:00:00,2024-11-16,21:00:00,1.6926,Saturday,21,11,Autumn,0
10023456783,2024-11-16 22:00:00,2024-11-16,22:00:00,1.0433,Saturday,22,11,Autumn,0
10023456783,2024-11-16 23:00:00,2024-11-16,23:00:00,0.8012,Saturday,23,11,Autumn,0
10023456783,2024-11-17 00:00:00,2024-11-17,00:00:00,5.6881,Sunday,0,11,Autumn,1
10023456783,2024-11-17 01:00:00,2024-11-17,01:00:00,4.0337,Sunday,1,11,Autumn,1
10023456783,2024-11-17 02:00:00,2024-11-17,02:00:00,3.8292,Sunday,2,11,Autumn,1
10023456783,2024-11-17 03:00:00,2024-11-17,03:00:00,0.2818,Sunday,3,11,Autumn,0
10023456783,2024-11-17 04:00:00,2024-11-17,04:00:00,0.3730,Sunday,4,11,Autumn,0
10023456783,2024-11-17 05:00:00,2024-11-17,05:00:00,0.3909,Sunday,5,11,Autumn,0
10023456783,2024-11-17 06:00:00,2024-11-17,06:00:00,0.6853,Sunday,6,11,Autumn,0
10023456783,2024-11-17 07:00:00,2024-11-17,07:00:00,0.9175,Sunday,7,11,Autumn,0
10023456783,2024-11-17 08:00:00,2024-11-17,08:00:00,1.2281,Sunday,8,11,Autumn,0
10023456783,2024-11-17 09:00:00,2024-11-17,09:00:00,1.5216,Sunday,9,11,Autumn,0
10023456783,2024-11-17 10:00:00,2024-11-17,10:00:00,1.4264,Sunday,10,11,Autumn,0
10023456783,2024-11-17 11:00:00,2024-11-17,11:00:00,1.2427,Sunday,11,11,Autumn,0
10023456783,2024-11-17 12:00:00,2024-11-17,12:00:00,1.3684,Sunday,12,11,Autumn,0
10023456783,2024-11-17 13:00:00,2024-11-17,13:00:00,1.2245,Sunday,13,11,Autumn,0
10023456783,2024-11-17 14:00:00,2024-11-17,14:00:00,0.9361,Sunday,14,11,Autumn,0
10023456783,2024-11-17 15:00:00,2024-11-17,15:00:00,1.4803,Sunday,15,11,Autumn,0
10023456783,2024-11-17 16:00:00,2024-11-17,16:00:00,1.4762,Sunday,16,11,Autumn,0
10023456783,2024-11-17 17:00:00,2024-11-17,17:00:00,1.6710,Sunday,17,11,Autumn,0
10023456783,2024-11-17 18:00:00,2024-11-17,18:00:00,1.8761,Sunday,18,11,Autumn,0
10023456783,2024-11-17 19:00:00,2024-11-17,19:00:00,1.8195,Sunday,19,11,Autumn,0
10023456783,2024-11-17 20:00:00,2024-11-17,20:00:00,2.0243,Sunday,20,11,Autumn,0
10023456783,2024-11-17 21:00:00,2024-11-17,21:00:00,1.4170,Sunday,21,11,Autumn,0
10023456783,2024-11-17 22:00:00,2024-11-17,22:00:00,1.3512,Sunday,22,11,Autumn,0
10023456783,2024-11-17 23:00:00,2024-11-17,23:00:00,0.8008,Sunday,23,11,Autumn,0
10023456783,2024-11-18 00:00:00,2024-11-18,00:00:00,0.3468,Monday,0,11,Autumn,0
10023456783,2024-11-18 01:00:00,2024-11-18,01:00:00,0.2454,Monday,1,11,Autumn,0
10023456783,2024-11-18 02:00:00,2024-11-18,02:00:00,0.2497,Monday,2,11,Autumn,0
10023456783,2024-11-18 03:00:00,2024-11-18,03:00:00,0.2827,Monday,3,11,Autumn,0
10023456783,2024-11-18 04:00:00,2024-11-18,04:00:00,0.3219,Monday,4,11,Autumn,0
10023456783,2024-11-18 05:00:00,2024-11-18,05:00:00,0.4758,Monday,5,11,Autumn,0
10023456783,2024-11-18 06:00:00,2024-11-18,06:00:00,0.8026,Monday,6,11,Autumn,0
10023456783,2024-11-18 07:00:00,2024-11-18,07:00:00,1.0179,Monday,7,11,Autumn,0
10023456783,2024-11-18 08:00:00,2024-11-18,08:00:00,1.3388,Monday,8,11,Autumn,0
10023456783,2024-11-18 09:00:00,2024-11-18,09:00:00,1.1571,Monday,9,11,Autumn,0
10023456783,2024-11-18 10:00:00,2024-11-18,10:00:00,0.9809,Monday,10,11,Autumn,0
10023456783,2024-11-18 11:00:00,2024-11-18,11:00:00,0.7251,Monday,11,11,Autumn,0
10023456783,2024-11-18 12:00:00,2024-11-18,12:00:00,0.7728,Monday,12,11,Autumn,0
10023456783,2024-11-18 13:00:00,2024-11-18,13:00:00,0.7877,Monday,13,11,Autumn,0
10023456783,2024-11-18 14:00:00,2024-11-18,14:00:00,0.8935,Monday,14,11,Autumn,0
10023456783,2024-11-18 15:00:00,2024-11-18,15:00:00,0.8344,Monday,15,11,Autumn,0
10023456783,2024-11-18 16:00:00,2024-11-18,16:00:00,0.8941,Monday,16,11,Autumn,0
10023456783,2024-11-18 17:00:00,2024-11-18,17:00:00,1.4669,Monday,17,11,Autumn,0
10023456783,2024-11-18 18:00:00,2024-11-18,18:00:00,1.6462,Monday,18,11,Autumn,0
10023456783,2024-11-18 19:00:00,2024-11-18,19:00:00,1.8629,Monday,19,11,Autumn,0
10023456783,2024-11-18 20:00:00,2024-11-18,20:00:00,1.9749,Monday,20,11,Autumn,0
10023456783,2024-11-18 21:00:00,2024-11-18,21:00:00,1.6300,Monday,21,11,Autumn,0
10023456783,2024-11-18 22:00:00,2024-11-18,22:00:00,1.0871,Monday,22,11,Autumn,0
10023456783,2024-11-18 23:00:00,2024-11-18,23:00:00,0.6531,Monday,23,11,Autumn,0
10023456783,2024-11-19 00:00:00,2024-11-19,00:00:00,0.3974,Tuesday,0,11,Autumn,0
10023456783,2024-11-19 01:00:00,2024-11-19,01:00:00,0.3353,Tuesday,1,11,Autumn,0
10023456783,2024-11-19 02:00:00,2024-11-19,02:00:00,0.3496,Tuesday,2,11,Autumn,0
10023456783,2024-11-19 03:00:00,2024-11-19,03:00:00,0.2707,Tuesday,3,11,Autumn,0
10023456783,2024-11-19 04:00:00,2024-11-19,04:00:00,0.3382,Tuesday,4,11,Autumn,0
10023456783,2024-11-19 05:00:00,2024-11-19,05:00:00,0.5443,Tuesday,5,11,Autumn,0
10023456783,2024-11-19 06:00:00,2024-11-19,06:00:00,0.8150,Tuesday,6,11,Autumn,0
10023456783,2024-11-19 07:00:00,2024-11-19,07:00:00,1.1619,Tuesday,7,11,Autumn,0
10023456783,2024-11-19 08:00:00,2024-11-19,08:00:00,1.1290,Tuesday,8,11,Autumn,0
10023456783,2024-11-19 09:00:00,2024-11-19,09:00:00,0.9149,Tuesday,9,11,Autumn,0
10023456783,2024-11-19 10:00:00,2024-11-19,10:00:00,0.8342,Tuesday,10,11,Autumn,0
10023456783,2024-11-19 11:00:00,2024-11-19,11:00:00,0.7235,Tuesday,11,11,Autumn,0
10023456783,2024-11-19 12:00:00,2024-11-19,12:00:00,0.8458,Tuesday,12,11,Autumn,0
10023456783,2024-11-19 13:00:00,2024-11-19,13:00:00,0.7872,Tuesday,13,11,Autumn,0
10023456783,2024-11-19 14:00:00,2024-11-19,14:00:00,1.0124,Tuesday,14,11,Autumn,0
10023456783,2024-11-19 15:00:00,2024-11-19,15:00:00,0.8671,Tuesday,15,11,Autumn,0
10023456783,2024-11-19 16:00:00,2024-11-19,16:00:00,0.8963,Tuesday,16,11,Autumn,0
10023456783,2024-11-19 17:00:00,2024-11-19,17:00:00,1.3554,Tuesday,17,11,Autumn,0
10023456783,2024-11-19 18:00:00,2024-11-19,18:00:00,1.7981,Tuesday,18,11,Autumn,0
10023456783,2024-11-19 19:00:00,2024-11-19,19:00:00,1.5286,Tuesday,19,11,Autumn,0
10023456783,2024-11-19 20:00:00,2024-11-19,20:00:00,1.6987,Tuesday,20,11,Autumn,0
10023456783,2024-11-19 21:00:00,2024-11-19,21:00:00,1.9451,Tuesday,21,11,Autumn,0
10023456783,2024-11-19 22:00:00,2024-11-19,22:00:00,0.8822,Tuesday,22,11,Autumn,0
10023456783,2024-11-19 23:00:00,2024-11-19,23:00:00,0.7323,Tuesday,23,11,Autumn,0
10023456783,2024-11-20 00:00:00,2024-11-20,00:00:00,0.4050,Wednesday,0,11,Autumn,0
10023456783,2024-11-20 01:00:00,2024-11-20,01:00:00,0.3174,Wednesday,1,11,Autumn,0
10023456783,2024-11-20 02:00:00,2024-11-20,02:00:00,0.2630,Wednesday,2,11,Autumn,0
10023456783,2024-11-20 03:00:00,2024-11-20,03:00:00,0.2997,Wednesday,3,11,Autumn,0
10023456783,2024-11-20 04:00:00,2024-11-20,04:00:00,0.3554,Wednesday,4,11,Autumn,0
10023456783,2024-11-20 05:00:00,2024-11-20,05:00:00,0.5136,Wednesday,5,11,Autumn,0
10023456783,2024-11-20 06:00:00,2024-11-20,06:00:00,0.8738,Wednesday,6,11,Autumn,0
10023456783,2024-11-20 07:00:00,2024-11-20,07:00:00,0.9832,Wednesday,7,11,Autumn,0
10023456783,2024-11-20 08:00:00,2024-11-20,08:00:00,1.2129,Wednesday,8,11,Autumn,0
10023456783,2024-11-20 09:00:00,2024-11-20,09:00:00,1.2187,Wednesday,9,11,Autumn,0
10023456783,2024-11-20 10:00:00,2024-11-20,10:00:00,1.0442,Wednesday,10,11,Autumn,0
10023456783,2024-11-20 11:00:00,2024-11-20,11:00:00,0.7681,Wednesday,11,11,Autumn,0
10023456783,2024-11-20 12:00:00,2024-11-20,12:00:00,0.6934,Wednesday,12,11,Autumn,0
10023456783,2024-11-20 13:00:00,2024-11-20,13:00:00,0.8295,Wednesday,13,11,Autumn,0
10023456783,2024-11-20 14:00:00,2024-11-20,14:00:00,0.7110,Wednesday,14,11,Autumn,0
10023456783,2024-11-20 15:00:00,2024-11-20,15:00:00,0.7771,Wednesday,15,11,Autumn,0
10023456783,2024-11-20 16:00:00,2024-11-20,16:00:00,0.9466,Wednesday,16,11,Autumn,0
10023456783,2024-11-20 17:00:00,2024-11-20,17:00:00,1.3676,Wednesday,17,11,Autumn,0
10023456783,2024-11-20 18:00:00,2024-11-20,18:00:00,1.8518,Wednesday,18,11,Autumn,0
10023456783,2024-11-20 19:00:00,2024-11-20,19:00:00,1.6081,Wednesday,19,11,Autumn,0
10023456783,2024-11-20 20:00:00,2024-11-20,20:00:00,1.3831,Wednesday,20,11,Autumn,0
10023456783,2024-11-20 21:00:00,2024-11-20,21:00:00,1.4627,Wednesday,21,11,Autumn,0
10023456783,2024-11-20 22:00:00,2024-11-20,22:00:00,1.2438,Wednesday,22,11,Autumn,0
10023456783,2024-11-20 23:00:00,2024-11-20,23:00:00,0.6481,Wednesday,23,11,Autumn,0
10023456783,2024-11-21 00:00:00,2024-11-21,00:00:00,0.2755,Thursday,0,11,Autumn,0
10023456783,2024-11-21 01:00:00,2024-11-21,01:00:00,0.3710,Thursday,1,11,Autumn,0
10023456783,2024-11-21 02:00:00,2024-11-21,02:00:00,0.3754,Thursday,2,11,Autumn,0
10023456783,2024-11-21 03:00:00,2024-11-21,03:00:00,0.3411,Thursday,3,11,Autumn,0
10023456783,2024-11-21 04:00:00,2024-11-21,04:00:00,0.3702,Thursday,4,11,Autumn,0
10023456783,2024-11-21 05:00:00,2024-11-21,05:00:00,0.4601,Thursday,5,11,Autumn,0
10023456783,2024-11-21 06:00:00,2024-11-21,06:00:00,1.1210,Thursday,6,11,Autumn,0
10023456783,2024-11-21 07:00:00,2024-11-21,07:00:00,1.0745,Thursday,7,11,Autumn,0
10023456783,2024-11-21 08:00:00,2024-11-21,08:00:00,1.4530,Thursday,8,11,Autumn,0
10023456783,2024-11-21 09:00:00,2024-11-21,09:00:00,1.0357,Thursday,9,11,Autumn,0
10023456783,2024-11-21 10:00:00,2024-11-21,10:00:00,1.0772,Thursday,10,11,Autumn,0
10023456783,2024-11-21 11:00:00,2024-11-21,11:00:00,0.7192,Thursday,11,11,Autumn,0
10023456783,2024-11-21 12:00:00,2024-11-21,12:00:00,0.8646,Thursday,12,11,Autumn,0
10023456783,2024-11-21 13:00:00,2024-11-21,13:00:00,0.8344,Thursday,13,11,Autumn,0
10023456783,2024-11-21 14:00:00,2024-11-21,14:00:00,0.9798,Thursday,14,11,Autumn,0
10023456783,2024-11-21 15:00:00,2024-11-21,15:00:00,0.7885,Thursday,15,11,Autumn,0
10023456783,2024-11-21 16:00:00,2024-11-21,16:00:00,1.0538,Thursday,16,11,Autumn,0
10023456783,2024-11-21 17:00:00,2024-11-21,17:00:00,1.4790,Thursday,17,11,Autumn,0
10023456783,2024-11-21 18:00:00,2024-11-21,18:00:00,1.6080,Thursday,18,11,Autumn,0
10023456783,2024-11-21 19:00:00,2024-11-21,19:00:00,2.0877,Thursday,19,11,Autumn,0
10023456783,2024-11-21 20:00:00,2024-11-21,20:00:00,1.9601,Thursday,20,11,Autumn,0
10023456783,2024-11-21 21:00:00,2024-11-21,21:00:00,1.3649,Thursday,21,11,Autumn,0
10023456783,2024-11-21 22:00:00,2024-11-21,22:00:00,1.0824,Thursday,22,11,Autumn,0
10023456783,2024-11-21 23:00:00,2024-11-21,23:00:00,0.7597,Thursday,23,11,Autumn,0
10023456783,2024-11-22 00:00:00,2024-11-22,00:00:00,0.4073,Friday,0,11,Autumn,0
10023456783,2024-11-22 01:00:00,2024-11-22,01:00:00,0.2929,Friday,1,11,Autumn,0
10023456783,2024-11-22 02:00:00,2024-11-22,02:00:00,0.3560,Friday,2,11,Autumn,0
10023456783,2024-11-22 03:00:00,2024-11-22,03:00:00,0.2765,Friday,3,11,Autumn,0
10023456783,2024-11-22 04:00:00,2024-11-22,04:00:00,0.3350,Friday,4,11,Autumn,0
10023456783,2024-11-22 05:00:00,2024-11-22,05:00:00,0.5302,Friday,5,11,Autumn,0
10023456783,2024-11-22 06:00:00,2024-11-22,06:00:00,0.8357,Friday,6,11,Autumn,0
10023456783,2024-11-22 07:00:00,2024-11-22,07:00:00,1.2518,Friday,7,11,Autumn,0
10023456783,2024-11-22 08:00:00,2024-11-22,08:00:00,1.3983,Friday,8,11,Autumn,0
10023456783,2024-11-22 09:00:00,2024-11-22,09:00:00,1.2385,Friday,9,11,Autumn,0
10023456783,2024-11-22 10:00:00,2024-11-22,10:00:00,0.8338,Friday,10,11,Autumn,0
10023456783,2024-11-22 11:00:00,2024-11-22,11:00:00,0.7503,Friday,11,11,Autumn,0
10023456783,2024-11-22 12:00:00,2024-11-22,12:00:00,0.9471,Friday,12,11,Autumn,0
10023456783,2024-11-22 13:00:00,2024-11-22,13:00:00,0.8006,Friday,13,11,Autumn,0
10023456783,2024-11-22 14:00:00,2024-11-22,14:00:00,0.7410,Friday,14,11,Autumn,0
10023456783,2024-11-22 15:00:00,2024-11-22,15:00:00,0.8368,Friday,15,11,Autumn,0
10023456783,2024-11-22 16:00:00,2024-11-22,16:00:00,1.0903,Friday,16,11,Autumn,0
10023456783,2024-11-22 17:00:00,2024-11-22,17:00:00,1.3553,Friday,17,11,Autumn,0
10023456783,2024-11-22 18:00:00,2024-11-22,18:00:00,1.8417,Friday,18,11,Autumn,0
10023456783,2024-11-22 19:00:00,2024-11-22,19:00:00,1.9767,Friday,19,11,Autumn,0
10023456783,2024-11-22 20:00:00,2024-11-22,20:00:00,1.9011,Friday,20,11,Autumn,0
10023456783,2024-11-22 21:00:00,2024-11-22,21:00:00,1.5645,Friday,21,11,Autumn,0
10023456783,2024-11-22 22:00:00,2024-11-22,22:00:00,1.0577,Friday,22,11,Autumn,0
10023456783,2024-11-22 23:00:00,2024-11-22,23:00:00,0.6328,Friday,23,11,Autumn,0
10023456783,2024-11-23 00:00:00,2024-11-23,00:00:00,0.5695,Saturday,0,11,Autumn,0
10023456783,2024-11-23 01:00:00,2024-11-23,01:00:00,0.3715,Saturday,1,11,Autumn,0
10023456783,2024-11-23 02:00:00,2024-11-23,02:00:00,0.3908,Saturday,2,11,Autumn,0
10023456783,2024-11-23 03:00:00,2024-11-23,03:00:00,0.2904,Saturday,3,11,Autumn,0
10023456783,2024-11-23 04:00:00,2024-11-23,04:00:00,0.4061,Saturday,4,11,Autumn,0
10023456783,2024-11-23 05:00:00,2024-11-23,05:00:00,0.4426,Saturday,5,11,Autumn,0
10023456783,2024-11-23 06:00:00,2024-11-23,06:00:00,0.7088,Saturday,6,11,Autumn,0
10023456783,2024-11-23 07:00:00,2024-11-23,07:00:00,1.3103,Saturday,7,11,Autumn,0
10023456783,2024-11-23 08:00:00,2024-11-23,08:00:00,1.4954,Saturday,8,11,Autumn,0
10023456783,2024-11-23 09:00:00,2024-11-23,09:00:00,1.5872,Saturday,9,11,Autumn,0
10023456783,2024-11-23 10:00:00,2024-11-23,10:00:00,1.7046,Saturday,10,11,Autumn,0
10023456783,2024-11-23 11:00:00,2024-11-23,11:00:00,1.3530,Saturday,11,11,Autumn,0
10023456783,2024-11-23 12:00:00,2024-11-23,12:00:00,1.4059,Saturday,12,11,Autumn,0
10023456783,2024-11-23 13:00:00,2024-11-23,13:00:00,1.2498,Saturday,13,11,Autumn,0
10023456783,2024-11-23 14:00:00,2024-11-23,14:00:00,1.2947,Saturday,14,11,Autumn,0
10023456783,2024-11-23 15:00:00,2024-11-23,15:00:00,1.3091,Saturday,15,11,Autumn,0
10023456783,2024-11-23 16:00:00,2024-11-23,16:00:00,1.4542,Saturday,16,11,Autumn,0
10023456783,2024-11-23 17:00:00,2024-11-23,17:00:00,1.7190,Saturday,17,11,Autumn,0
10023456783,2024-11-23 18:00:00,2024-11-23,18:00:00,1.9760,Saturday,18,11,Autumn,0
10023456783,2024-11-23 19:00:00,2024-11-23,19:00:00,2.8229,Saturday,19,11,Autumn,0
10023456783,2024-11-23 20:00:00,2024-11-23,20:00:00,2.0851,Saturday,20,11,Autumn,0
10023456783,2024-11-23 21:00:00,2024-11-23,21:00:00,1.6886,Saturday,21,11,Autumn,0
10023456783,2024-11-23 22:00:00,2024-11-23,22:00:00,1.7734,Saturday,22,11,Autumn,0
10023456783,2024-11-23 23:00:00,2024-11-23,23:00:00,1.0445,Saturday,23,11,Autumn,0
10023456783,2024-11-24 00:00:00,2024-11-24,00:00:00,0.4035,Sunday,0,11,Autumn,0
10023456783,2024-11-24 01:00:00,2024-11-24,01:00:00,3.8121,Sunday,1,11,Autumn,1
10023456783,2024-11-24 02:00:00,2024-11-24,02:00:00,0.3336,Sunday,2,11,Autumn,0
10023456783,2024-11-24 03:00:00,2024-11-24,03:00:00,0.3301,Sunday,3,11,Autumn,0
10023456783,2024-11-24 04:00:00,2024-11-24,04:00:00,0.3715,Sunday,4,11,Autumn,0
10023456783,2024-11-24 05:00:00,2024-11-24,05:00:00,0.4957,Sunday,5,11,Autumn,0
10023456783,2024-11-24 06:00:00,2024-11-24,06:00:00,0.6630,Sunday,6,11,Autumn,0
10023456783,2024-11-24 07:00:00,2024-11-24,07:00:00,0.8991,Sunday,7,11,Autumn,0
10023456783,2024-11-24 08:00:00,2024-11-24,08:00:00,1.4404,Sunday,8,11,Autumn,0
10023456783,2024-11-24 09:00:00,2024-11-24,09:00:00,1.5022,Sunday,9,11,Autumn,0
10023456783,2024-11-24 10:00:00,2024-11-24,10:00:00,1.5866,Sunday,10,11,Autumn,0
10023456783,2024-11-24 11:00:00,2024-11-24,11:00:00,0.0827,Sunday,11,11,Autumn,1
10023456783,2024-11-24 12:00:00,2024-11-24,12:00:00,1.0905,Sunday,12,11,Autumn,0
10023456783,2024-11-24 13:00:00,2024-11-24,13:00:00,1.0989,Sunday,13,11,Autumn,0
10023456783,2024-11-24 14:00:00,2024-11-24,14:00:00,1.0701,Sunday,14,11,Autumn,0
10023456783,2024-11-24 15:00:00,2024-11-24,15:00:00,1.1427,Sunday,15,11,Autumn,0
10023456783,2024-11-24 16:00:00,2024-11-24,16:00:00,1.2384,Sunday,16,11,Autumn,0
10023456783,2024-11-24 17:00:00,2024-11-24,17:00:00,1.2900,Sunday,17,11,Autumn,0
10023456783,2024-11-24 18:00:00,2024-11-24,18:00:00,2.0918,Sunday,18,11,Autumn,0
10023456783,2024-11-24 19:00:00,2024-11-24,19:00:00,1.7095,Sunday,19,11,Autumn,0
10023456783,2024-11-24 20:00:00,2024-11-24,20:00:00,1.7619,Sunday,20,11,Autumn,0
10023456783,2024-11-24 21:00:00,2024-11-24,21:00:00,1.9945,Sunday,21,11,Autumn,0
10023456783,2024-11-24 22:00:00,2024-11-24,22:00:00,1.1466,Sunday,22,11,Autumn,0
10023456783,2024-11-24 23:00:00,2024-11-24,23:00:00,0.9433,Sunday,23,11,Autumn,0
10023456783,2024-11-25 00:00:00,2024-11-25,00:00:00,0.4672,Monday,0,11,Autumn,0
10023456783,2024-11-25 01:00:00,2024-11-25,01:00:00,0.5045,Monday,1,11,Autumn,0
10023456783,2024-11-25 02:00:00,2024-11-25,02:00:00,0.5996,Monday,2,11,Autumn,0
10023456783,2024-11-25 03:00:00,2024-11-25,03:00:00,0.4515,Monday,3,11,Autumn,0
10023456783,2024-11-25 04:00:00,2024-11-25,04:00:00,0.4702,Monday,4,11,Autumn,0
10023456783,2024-11-25 05:00:00,2024-11-25,05:00:00,0.9233,Monday,5,11,Autumn,0
10023456783,2024-11-25 06:00:00,2024-11-25,06:00:00,1.2171,Monday,6,11,Autumn,0
10023456783,2024-11-25 07:00:00,2024-11-25,07:00:00,2.0216,Monday,7,11,Autumn,0
10023456783,2024-11-25 08:00:00,2024-11-25,08:00:00,2.1050,Monday,8,11,Autumn,0
10023456783,2024-11-25 09:00:00,2024-11-25,09:00:00,1.4386,Monday,9,11,Autumn,0
10023456783,2024-11-25 10:00:00,2024-11-25,10:00:00,1.2612,Monday,10,11,Autumn,0
10023456783,2024-11-25 11:00:00,2024-11-25,11:00:00,1.4590,Monday,11,11,Autumn,0
10023456783,2024-11-25 12:00:00,2024-11-25,12:00:00,1.2159,Monday,12,11,Autumn,0
10023456783,2024-11-25 13:00:00,2024-11-25,13:00:00,1.3088,Monday,13,11,Autumn,0
10023456783,2024-11-25 14:00:00,2024-11-25,14:00:00,1.3812,Monday,14,11,Autumn,0
10023456783,2024-11-25 15:00:00,2024-11-25,15:00:00,1.2267,Monday,15,11,Autumn,0
10023456783,2024-11-25 16:00:00,2024-11-25,16:00:00,1.2592,Monday,16,11,Autumn,0
10023456783,2024-11-25 17:00:00,2024-11-25,17:00:00,1.3787,Monday,17,11,Autumn,0
10023456783,2024-11-25 18:00:00,2024-11-25,18:00:00,2.4780,Monday,18,11,Autumn,0
10023456783,2024-11-25 19:00:00,2024-11-25,19:00:00,3.0126,Monday,19,11,Autumn,0
10023456783,2024-11-25 20:00:00,2024-11-25,20:00:00,2.8828,Monday,20,11,Autumn,0
10023456783,2024-11-25 21:00:00,2024-11-25,21:00:00,2.2150,Monday,21,11,Autumn,0
10023456783,2024-11-25 22:00:00,2024-11-25,22:00:00,1.6227,Monday,22,11,Autumn,0
10023456783,2024-11-25 23:00:00,2024-11-25,23:00:00,1.0204,Monday,23,11,Autumn,0
10023456783,2024-11-26 00:00:00,2024-11-26,00:00:00,4.9232,Tuesday,0,11,Autumn,1
10023456783,2024-11-26 01:00:00,2024-11-26,01:00:00,3.5552,Tuesday,1,11,Autumn,1
10023456783,2024-11-26 02:00:00,2024-11-26,02:00:00,0.2909,Tuesday,2,11,Autumn,0
10023456783,2024-11-26 03:00:00,2024-11-26,03:00:00,0.3676,Tuesday,3,11,Autumn,0
10023456783,2024-11-26 04:00:00,2024-11-26,04:00:00,0.4122,Tuesday,4,11,Autumn,0
10023456783,2024-11-26 05:00:00,2024-11-26,05:00:00,0.6098,Tuesday,5,11,Autumn,0
10023456783,2024-11-26 06:00:00,2024-11-26,06:00:00,0.8317,Tuesday,6,11,Autumn,0
10023456783,2024-11-26 07:00:00,2024-11-26,07:00:00,1.2531,Tuesday,7,11,Autumn,0
10023456783,2024-11-26 08:00:00,2024-11-26,08:00:00,1.2832,Tuesday,8,11,Autumn,0
10023456783,2024-11-26 09:00:00,2024-11-26,09:00:00,1.2104,Tuesday,9,11,Autumn,0
10023456783,2024-11-26 10:00:00,2024-11-26,10:00:00,1.0118,Tuesday,10,11,Autumn,0
10023456783,2024-11-26 11:00:00,2024-11-26,11:00:00,0.9326,Tuesday,11,11,Autumn,0
10023456783,2024-11-26 12:00:00,2024-11-26,12:00:00,0.9551,Tuesday,12,11,Autumn,0
10023456783,2024-11-26 13:00:00,2024-11-26,13:00:00,0.9784,Tuesday,13,11,Autumn,0
10023456783,2024-11-26 14:00:00,2024-11-26,14:00:00,0.8717,Tuesday,14,11,Autumn,0
10023456783,2024-11-26 15:00:00,2024-11-26,15:00:00,1.1019,Tuesday,15,11,Autumn,0
10023456783,2024-11-26 16:00:00,2024-11-26,16:00:00,1.2610,Tuesday,16,11,Autumn,0
10023456783,2024-11-26 17:00:00,2024-11-26,17:00:00,1.5482,Tuesday,17,11,Autumn,0
10023456783,2024-11-26 18:00:00,2024-11-26,18:00:00,1.8023,Tuesday,18,11,Autumn,0
10023456783,2024-11-26 19:00:00,2024-11-26,19:00:00,1.9732,Tuesday,19,11,Autumn,0
10023456783,2024-11-26 20:00:00,2024-11-26,20:00:00,2.1467,Tuesday,20,11,Autumn,0
10023456783,2024-11-26 21:00:00,2024-11-26,21:00:00,1.6690,Tuesday,21,11,Autumn,0
10023456783,2024-11-26 22:00:00,2024-11-26,22:00:00,1.3934,Tuesday,22,11,Autumn,0
10023456783,2024-11-26 23:00:00,2024-11-26,23:00:00,0.7264,Tuesday,23,11,Autumn,0
10023456783,2024-11-27 00:00:00,2024-11-27,00:00:00,0.3867,Wednesday,0,11,Autumn,0
10023456783,2024-11-27 01:00:00,2024-11-27,01:00:00,0.2880,Wednesday,1,11,Autumn,0
10023456783,2024-11-27 02:00:00,2024-11-27,02:00:00,0.3795,Wednesday,2,11,Autumn,0
10023456783,2024-11-27 03:00:00,2024-11-27,03:00:00,5.3571,Wednesday,3,11,Autumn,1
10023456783,2024-11-27 04:00:00,2024-11-27,04:00:00,5.5736,Wednesday,4,11,Autumn,1
10023456783,2024-11-27 05:00:00,2024-11-27,05:00:00,0.5171,Wednesday,5,11,Autumn,0
10023456783,2024-11-27 06:00:00,2024-11-27,06:00:00,0.8405,Wednesday,6,11,Autumn,0
10023456783,2024-11-27 07:00:00,2024-11-27,07:00:00,1.1607,Wednesday,7,11,Autumn,0
10023456783,2024-11-27 08:00:00,2024-11-27,08:00:00,1.3289,Wednesday,8,11,Autumn,0
10023456783,2024-11-27 09:00:00,2024-11-27,09:00:00,1.2959,Wednesday,9,11,Autumn,0
10023456783,2024-11-27 10:00:00,2024-11-27,10:00:00,0.8938,Wednesday,10,11,Autumn,0
10023456783,2024-11-27 11:00:00,2024-11-27,11:00:00,0.8409,Wednesday,11,11,Autumn,0
10023456783,2024-11-27 12:00:00,2024-11-27,12:00:00,0.8150,Wednesday,12,11,Autumn,0
10023456783,2024-11-27 13:00:00,2024-11-27,13:00:00,0.7599,Wednesday,13,11,Autumn,0
10023456783,2024-11-27 14:00:00,2024-11-27,14:00:00,0.8630,Wednesday,14,11,Autumn,0
10023456783,2024-11-27 15:00:00,2024-11-27,15:00:00,0.7492,Wednesday,15,11,Autumn,0
10023456783,2024-11-27 16:00:00,2024-11-27,16:00:00,1.0837,Wednesday,16,11,Autumn,0
10023456783,2024-11-27 17:00:00,2024-11-27,17:00:00,1.2827,Wednesday,17,11,Autumn,0
10023456783,2024-11-27 18:00:00,2024-11-27,18:00:00,1.9667,Wednesday,18,11,Autumn,0
10023456783,2024-11-27 19:00:00,2024-11-27,19:00:00,1.8606,Wednesday,19,11,Autumn,0
10023456783,2024-11-27 20:00:00,2024-11-27,20:00:00,1.8160,Wednesday,20,11,Autumn,0
10023456783,2024-11-27 21:00:00,2024-11-27,21:00:00,1.7265,Wednesday,21,11,Autumn,0
10023456783,2024-11-27 22:00:00,2024-11-27,22:00:00,1.0767,Wednesday,22,11,Autumn,0
10023456783,2024-11-27 23:00:00,2024-11-27,23:00:00,0.7825,Wednesday,23,11,Autumn,0
10023456783,2024-11-28 00:00:00,2024-11-28,00:00:00,0.5267,Thursday,0,11,Autumn,0
10023456783,2024-11-28 01:00:00,2024-11-28,01:00:00,0.3464,Thursday,1,11,Autumn,0
10023456783,2024-11-28 02:00:00,2024-11-28,02:00:00,0.2585,Thursday,2,11,Autumn,0
10023456783,2024-11-28 03:00:00,2024-11-28,03:00:00,0.3440,Thursday,3,11,Autumn,0
10023456783,2024-11-28 04:00:00,2024-11-28,04:00:00,0.3645,Thursday,4,11,Autumn,0
10023456783,2024-11-28 05:00:00,2024-11-28,05:00:00,0.5781,Thursday,5,11,Autumn,0
10023456783,2024-11-28 06:00:00,2024-11-28,06:00:00,1.0763,Thursday,6,11,Autumn,0
10023456783,2024-11-28 07:00:00,2024-11-28,07:00:00,1.3113,Thursday,7,11,Autumn,0
10023456783,2024-11-28 08:00:00,2024-11-28,08:00:00,1.4866,Thursday,8,11,Autumn,0
10023456783,2024-11-28 09:00:00,2024-11-28,09:00:00,1.1490,Thursday,9,11,Autumn,0
10023456783,2024-11-28 10:00:00,2024-11-28,10:00:00,1.0335,Thursday,10,11,Autumn,0
10023456783,2024-11-28 11:00:00,2024-11-28,11:00:00,0.8454,Thursday,11,11,Autumn,0
10023456783,2024-11-28 12:00:00,2024-11-28,12:00:00,0.9307,Thursday,12,11,Autumn,0
10023456783,2024-11-28 13:00:00,2024-11-28,13:00:00,0.9497,Thursday,13,11,Autumn,0
10023456783,2024-11-28 14:00:00,2024-11-28,14:00:00,0.8770,Thursday,14,11,Autumn,0
10023456783,2024-11-28 15:00:00,2024-11-28,15:00:00,1.1812,Thursday,15,11,Autumn,0
10023456783,2024-11-28 16:00:00,2024-11-28,16:00:00,1.0802,Thursday,16,11,Autumn,0
10023456783,2024-11-28 17:00:00,2024-11-28,17:00:00,1.4873,Thursday,17,11,Autumn,0
10023456783,2024-11-28 18:00:00,2024-11-28,18:00:00,1.8818,Thursday,18,11,Autumn,0
10023456783,2024-11-28 19:00:00,2024-11-28,19:00:00,2.2434,Thursday,19,11,Autumn,0
10023456783,2024-11-28 20:00:00,2024-11-28,20:00:00,1.9187,Thursday,20,11,Autumn,0
10023456783,2024-11-28 21:00:00,2024-11-28,21:00:00,1.7465,Thursday,21,11,Autumn,0
10023456783,2024-11-28 22:00:00,2024-11-28,22:00:00,1.1908,Thursday,22,11,Autumn,0
10023456783,2024-11-28 23:00:00,2024-11-28,23:00:00,0.7771,Thursday,23,11,Autumn,0
10023456783,2024-11-29 00:00:00,2024-11-29,00:00:00,6.0720,Friday,0,11,Autumn,1
10023456783,2024-11-29 01:00:00,2024-11-29,01:00:00,5.0726,Friday,1,11,Autumn,1
10023456783,2024-11-29 02:00:00,2024-11-29,02:00:00,5.4493,Friday,2,11,Autumn,1
10023456783,2024-11-29 03:00:00,2024-11-29,03:00:00,0.3492,Friday,3,11,Autumn,0
10023456783,2024-11-29 04:00:00,2024-11-29,04:00:00,0.3963,Friday,4,11,Autumn,0
10023456783,2024-11-29 05:00:00,2024-11-29,05:00:00,0.5836,Friday,5,11,Autumn,0
10023456783,2024-11-29 06:00:00,2024-11-29,06:00:00,1.0996,Friday,6,11,Autumn,0
10023456783,2024-11-29 07:00:00,2024-11-29,07:00:00,1.3585,Friday,7,11,Autumn,0
10023456783,2024-11-29 08:00:00,2024-11-29,08:00:00,1.5601,Friday,8,11,Autumn,0
10023456783,2024-11-29 09:00:00,2024-11-29,09:00:00,1.2958,Friday,9,11,Autumn,0
10023456783,2024-11-29 10:00:00,2024-11-29,10:00:00,1.0014,Friday,10,11,Autumn,0
10023456783,2024-11-29 11:00:00,2024-11-29,11:00:00,0.9400,Friday,11,11,Autumn,0
10023456783,2024-11-29 12:00:00,2024-11-29,12:00:00,0.9616,Friday,12,11,Autumn,0
10023456783,2024-11-29 13:00:00,2024-11-29,13:00:00,1.0162,Friday,13,11,Autumn,0
10023456783,2024-11-29 14:00:00,2024-11-29,14:00:00,1.0092,Friday,14,11,Autumn,0
10023456783,2024-11-29 15:00:00,2024-11-29,15:00:00,1.0306,Friday,15,11,Autumn,0
10023456783,2024-11-29 16:00:00,2024-11-29,16:00:00,1.3070,Friday,16,11,Autumn,0
10023456783,2024-11-29 17:00:00,2024-11-29,17:00:00,1.7273,Friday,17,11,Autumn,0
10023456783,2024-11-29 18:00:00,2024-11-29,18:00:00,1.8275,Friday,18,11,Autumn,0
10023456783,2024-11-29 19:00:00,2024-11-29,19:00:00,2.4655,Friday,19,11,Autumn,0
10023456783,2024-11-29 20:00:00,2024-11-29,20:00:00,2.3500,Friday,20,11,Autumn,0
10023456783,2024-11-29 21:00:00,2024-11-29,21:00:00,2.2862,Friday,21,11,Autumn,0
10023456783,2024-11-29 22:00:00,2024-11-29,22:00:00,1.2135,Friday,22,11,Autumn,0
10023456783,2024-11-29 23:00:00,2024-11-29,23:00:00,0.8090,Friday,23,11,Autumn,0
10023456783,2024-11-30 00:00:00,2024-11-30,00:00:00,0.6900,Saturday,0,11,Autumn,0
10023456783,2024-11-30 01:00:00,2024-11-30,01:00:00,0.5690,Saturday,1,11,Autumn,0
10023456783,2024-11-30 02:00:00,2024-11-30,02:00:00,0.4360,Saturday,2,11,Autumn,0
10023456783,2024-11-30 03:00:00,2024-11-30,03:00:00,5.3110,Saturday,3,11,Autumn,1
10023456783,2024-11-30 04:00:00,2024-11-30,04:00:00,0.4982,Saturday,4,11,Autumn,0
10023456783,2024-11-30 05:00:00,2024-11-30,05:00:00,0.6136,Saturday,5,11,Autumn,0
10023456783,2024-11-30 06:00:00,2024-11-30,06:00:00,0.8750,Saturday,6,11,Autumn,0
10023456783,2024-11-30 07:00:00,2024-11-30,07:00:00,1.3235,Saturday,7,11,Autumn,0
10023456783,2024-11-30 08:00:00,2024-11-30,08:00:00,1.7223,Saturday,8,11,Autumn,0
10023456783,2024-11-30 09:00:00,2024-11-30,09:00:00,1.7189,Saturday,9,11,Autumn,0
10023456783,2024-11-30 10:00:00,2024-11-30,10:00:00,1.6593,Saturday,10,11,Autumn,0
10023456783,2024-11-30 11:00:00,2024-11-30,11:00:00,1.6542,Saturday,11,11,Autumn,0
10023456783,2024-11-30 12:00:00,2024-11-30,12:00:00,1.7489,Saturday,12,11,Autumn,0
10023456783,2024-11-30 13:00:00,2024-11-30,13:00:00,1.4487,Saturday,13,11,Autumn,0
10023456783,2024-11-30 14:00:00,2024-11-30,14:00:00,1.3806,Saturday,14,11,Autumn,0
10023456783,2024-11-30 15:00:00,2024-11-30,15:00:00,1.6011,Saturday,15,11,Autumn,0
10023456783,2024-11-30 16:00:00,2024-11-30,16:00:00,1.8099,Saturday,16,11,Autumn,0
10023456783,2024-11-30 17:00:00,2024-11-30,17:00:00,1.6753,Saturday,17,11,Autumn,0
10023456783,2024-11-30 18:00:00,2024-11-30,18:00:00,2.2916,Saturday,18,11,Autumn,0
10023456783,2024-11-30 19:00:00,2024-11-30,19:00:00,2.0716,Saturday,19,11,Autumn,0
10023456783,2024-11-30 20:00:00,2024-11-30,20:00:00,2.5446,Saturday,20,11,Autumn,0
10023456783,2024-11-30 21:00:00,2024-11-30,21:00:00,1.9003,Saturday,21,11,Autumn,0
10023456783,2024-11-30 22:00:00,2024-11-30,22:00:00,1.6561,Saturday,22,11,Autumn,0
10023456783,2024-11-30 23:00:00,2024-11-30,23:00:00,1.2218,Saturday,23,11,Autumn,0
10023456783,2024-12-01 00:00:00,2024-12-01,00:00:00,0.4594,Sunday,0,12,Winter,0
10023456783,2024-12-01 01:00:00,2024-12-01,01:00:00,0.5323,Sunday,1,12,Winter,0
10023456783,2024-12-01 02:00:00,2024-12-01,02:00:00,0.5171,Sunday,2,12,Winter,0
10023456783,2024-12-01 03:00:00,2024-12-01,03:00:00,0.4055,Sunday,3,12,Winter,0
10023456783,2024-12-01 04:00:00,2024-12-01,04:00:00,1.8212,Sunday,4,12,Winter,1
10023456783,2024-12-01 05:00:00,2024-12-01,05:00:00,0.5795,Sunday,5,12,Winter,0
10023456783,2024-12-01 06:00:00,2024-12-01,06:00:00,0.6032,Sunday,6,12,Winter,0
10023456783,2024-12-01 07:00:00,2024-12-01,07:00:00,1.1757,Sunday,7,12,Winter,0
10023456783,2024-12-01 08:00:00,2024-12-01,08:00:00,1.5802,Sunday,8,12,Winter,0
10023456783,2024-12-01 09:00:00,2024-12-01,09:00:00,1.5292,Sunday,9,12,Winter,0
10023456783,2024-12-01 10:00:00,2024-12-01,10:00:00,1.7361,Sunday,10,12,Winter,0
10023456783,2024-12-01 11:00:00,2024-12-01,11:00:00,1.5145,Sunday,11,12,Winter,0
10023456783,2024-12-01 12:00:00,2024-12-01,12:00:00,1.3412,Sunday,12,12,Winter,0
10023456783,2024-12-01 13:00:00,2024-12-01,13:00:00,1.2108,Sunday,13,12,Winter,0
10023456783,2024-12-01 14:00:00,2024-12-01,14:00:00,1.0857,Sunday,14,12,Winter,0
10023456783,2024-12-01 15:00:00,2024-12-01,15:00:00,1.4438,Sunday,15,12,Winter,0
10023456783,2024-12-01 16:00:00,2024-12-01,16:00:00,1.4898,Sunday,16,12,Winter,0
10023456783,2024-12-01 17:00:00,2024-12-01,17:00:00,1.7236,Sunday,17,12,Winter,0
10023456783,2024-12-01 18:00:00,2024-12-01,18:00:00,2.2599,Sunday,18,12,Winter,0
10023456783,2024-12-01 19:00:00,2024-12-01,19:00:00,2.5767,Sunday,19,12,Winter,0
10023456783,2024-12-01 20:00:00,2024-12-01,20:00:00,2.0695,Sunday,20,12,Winter,0
10023456783,2024-12-01 21:00:00,2024-12-01,21:00:00,1.8944,Sunday,21,12,Winter,0
10023456783,2024-12-01 22:00:00,2024-12-01,22:00:00,1.6663,Sunday,22,12,Winter,0
10023456783,2024-12-01 23:00:00,2024-12-01,23:00:00,1.0579,Sunday,23,12,Winter,0
10023456783,2024-12-02 00:00:00,2024-12-02,00:00:00,0.5324,Monday,0,12,Winter,0
10023456783,2024-12-02 01:00:00,2024-12-02,01:00:00,0.3673,Monday,1,12,Winter,0
10023456783,2024-12-02 02:00:00,2024-12-02,02:00:00,5.5813,Monday,2,12,Winter,1
10023456783,2024-12-02 03:00:00,2024-12-02,03:00:00,4.8873,Monday,3,12,Winter,1
10023456783,2024-12-02 04:00:00,2024-12-02,04:00:00,0.5035,Monday,4,12,Winter,0
10023456783,2024-12-02 05:00:00,2024-12-02,05:00:00,0.6817,Monday,5,12,Winter,0
10023456783,2024-12-02 06:00:00,2024-12-02,06:00:00,1.0021,Monday,6,12,Winter,0
10023456783,2024-12-02 07:00:00,2024-12-02,07:00:00,1.5739,Monday,7,12,Winter,0
10023456783,2024-12-02 08:00:00,2024-12-02,08:00:00,1.7929,Monday,8,12,Winter,0
10023456783,2024-12-02 09:00:00,2024-12-02,09:00:00,1.5230,Monday,9,12,Winter,0
10023456783,2024-12-02 10:00:00,2024-12-02,10:00:00,1.2648,Monday,10,12,Winter,0
10023456783,2024-12-02 11:00:00,2024-12-02,11:00:00,0.9589,Monday,11,12,Winter,0
10023456783,2024-12-02 12:00:00,2024-12-02,12:00:00,1.1783,Monday,12,12,Winter,0
10023456783,2024-12-02 13:00:00,2024-12-02,13:00:00,1.1759,Monday,13,12,Winter,0
10023456783,2024-12-02 14:00:00,2024-12-02,14:00:00,1.0293,Monday,14,12,Winter,0
10023456783,2024-12-02 15:00:00,2024-12-02,15:00:00,0.9873,Monday,15,12,Winter,0
10023456783,2024-12-02 16:00:00,2024-12-02,16:00:00,1.1935,Monday,16,12,Winter,0
10023456783,2024-12-02 17:00:00,2024-12-02,17:00:00,1.8460,Monday,17,12,Winter,0
10023456783,2024-12-02 18:00:00,2024-12-02,18:00:00,2.0471,Monday,18,12,Winter,0
10023456783,2024-12-02 19:00:00,2024-12-02,19:00:00,2.6430,Monday,19,12,Winter,0
10023456783,2024-12-02 20:00:00,2024-12-02,20:00:00,2.4437,Monday,20,12,Winter,0
10023456783,2024-12-02 21:00:00,2024-12-02,21:00:00,1.9560,Monday,21,12,Winter,0
10023456783,2024-12-02 22:00:00,2024-12-02,22:00:00,1.5369,Monday,22,12,Winter,0
10023456783,2024-12-02 23:00:00,2024-12-02,23:00:00,0.6770,Monday,23,12,Winter,0
10023456783,2024-12-03 00:00:00,2024-12-03,00:00:00,0.5919,Tuesday,0,12,Winter,0
10023456783,2024-12-03 01:00:00,2024-12-03,01:00:00,0.5200,Tuesday,1,12,Winter,0
10023456783,2024-12-03 02:00:00,2024-12-03,02:00:00,0.5063,Tuesday,2,12,Winter,0
10023456783,2024-12-03 03:00:00,2024-12-03,03:00:00,0.6546,Tuesday,3,12,Winter,0
10023456783,2024-12-03 04:00:00,2024-12-03,04:00:00,0.6661,Tuesday,4,12,Winter,0
10023456783,2024-12-03 05:00:00,2024-12-03,05:00:00,0.8127,Tuesday,5,12,Winter,0
10023456783,2024-12-03 06:00:00,2024-12-03,06:00:00,1.3161,Tuesday,6,12,Winter,0
10023456783,2024-12-03 07:00:00,2024-12-03,07:00:00,2.0209,Tuesday,7,12,Winter,0
10023456783,2024-12-03 08:00:00,2024-12-03,08:00:00,2.5652,Tuesday,8,12,Winter,0
10023456783,2024-12-03 09:00:00,2024-12-03,09:00:00,2.3062,Tuesday,9,12,Winter,0
10023456783,2024-12-03 10:00:00,2024-12-03,10:00:00,1.6949,Tuesday,10,12,Winter,0
10023456783,2024-12-03 11:00:00,2024-12-03,11:00:00,1.3531,Tuesday,11,12,Winter,0
10023456783,2024-12-03 12:00:00,2024-12-03,12:00:00,1.3460,Tuesday,12,12,Winter,0
10023456783,2024-12-03 13:00:00,2024-12-03,13:00:00,1.5986,Tuesday,13,12,Winter,0
10023456783,2024-12-03 14:00:00,2024-12-03,14:00:00,4.7457,Tuesday,14,12,Winter,1
10023456783,2024-12-03 15:00:00,2024-12-03,15:00:00,1.4569,Tuesday,15,12,Winter,0
10023456783,2024-12-03 16:00:00,2024-12-03,16:00:00,2.1439,Tuesday,16,12,Winter,0
10023456783,2024-12-03 17:00:00,2024-12-03,17:00:00,2.5469,Tuesday,17,12,Winter,0
10023456783,2024-12-03 18:00:00,2024-12-03,18:00:00,3.2372,Tuesday,18,12,Winter,0
10023456783,2024-12-03 19:00:00,2024-12-03,19:00:00,3.5569,Tuesday,19,12,Winter,0
10023456783,2024-12-03 20:00:00,2024-12-03,20:00:00,3.4175,Tuesday,20,12,Winter,0
10023456783,2024-12-03 21:00:00,2024-12-03,21:00:00,2.7578,Tuesday,21,12,Winter,0
10023456783,2024-12-03 22:00:00,2024-12-03,22:00:00,2.5778,Tuesday,22,12,Winter,0
10023456783,2024-12-03 23:00:00,2024-12-03,23:00:00,1.3947,Tuesday,23,12,Winter,0
10023456783,2024-12-04 00:00:00,2024-12-04,00:00:00,0.3720,Wednesday,0,12,Winter,0
10023456783,2024-12-04 01:00:00,2024-12-04,01:00:00,5.2391,Wednesday,1,12,Winter,1
10023456783,2024-12-04 02:00:00,2024-12-04,02:00:00,5.0589,Wednesday,2,12,Winter,1
10023456783,2024-12-04 03:00:00,2024-12-04,03:00:00,4.7587,Wednesday,3,12,Winter,1
10023456783,2024-12-04 04:00:00,2024-12-04,04:00:00,0.4035,Wednesday,4,12,Winter,0
10023456783,2024-12-04 05:00:00,2024-12-04,05:00:00,0.5478,Wednesday,5,12,Winter,0
10023456783,2024-12-04 06:00:00,2024-12-04,06:00:00,1.0470,Wednesday,6,12,Winter,0
10023456783,2024-12-04 07:00:00,2024-12-04,07:00:00,1.3657,Wednesday,7,12,Winter,0
10023456783,2024-12-04 08:00:00,2024-12-04,08:00:00,1.3908,Wednesday,8,12,Winter,0
10023456783,2024-12-04 09:00:00,2024-12-04,09:00:00,1.1869,Wednesday,9,12,Winter,0
10023456783,2024-12-04 10:00:00,2024-12-04,10:00:00,1.1772,Wednesday,10,12,Winter,0
10023456783,2024-12-04 11:00:00,2024-12-04,11:00:00,1.0561,Wednesday,11,12,Winter,0
10023456783,2024-12-04 12:00:00,2024-12-04,12:00:00,1.0094,Wednesday,12,12,Winter,0
10023456783,2024-12-04 13:00:00,2024-12-04,13:00:00,1.0710,Wednesday,13,12,Winter,0
10023456783,2024-12-04 14:00:00,2024-12-04,14:00:00,1.1942,Wednesday,14,12,Winter,0
10023456783,2024-12-04 15:00:00,2024-12-04,15:00:00,1.0141,Wednesday,15,12,Winter,0
10023456783,2024-12-04 16:00:00,2024-12-04,16:00:00,1.3969,Wednesday,16,12,Winter,0
10023456783,2024-12-04 17:00:00,2024-12-04,17:00:00,1.4939,Wednesday,17,12,Winter,0
10023456783,2024-12-04 18:00:00,2024-12-04,18:00:00,2.4347,Wednesday,18,12,Winter,0
10023456783,2024-12-04 19:00:00,2024-12-04,19:00:00,2.3982,Wednesday,19,12,Winter,0
10023456783,2024-12-04 20:00:00,2024-12-04,20:00:00,2.2096,Wednesday,20,12,Winter,0
10023456783,2024-12-04 21:00:00,2024-12-04,21:00:00,1.9768,Wednesday,21,12,Winter,0
10023456783,2024-12-04 22:00:00,2024-12-04,22:00:00,1.4469,Wednesday,22,12,Winter,0
10023456783,2024-12-04 23:00:00,2024-12-04,23:00:00,0.7011,Wednesday,23,12,Winter,0
10023456783,2024-12-05 00:00:00,2024-12-05,00:00:00,0.6831,Thursday,0,12,Winter,0
10023456783,2024-12-05 01:00:00,2024-12-05,01:00:00,0.5230,Thursday,1,12,Winter,0
10023456783,2024-12-05 02:00:00,2024-12-05,02:00:00,0.5544,Thursday,2,12,Winter,0
10023456783,2024-12-05 03:00:00,2024-12-05,03:00:00,0.4539,Thursday,3,12,Winter,0
10023456783,2024-12-05 04:00:00,2024-12-05,04:00:00,0.5425,Thursday,4,12,Winter,0
10023456783,2024-12-05 05:00:00,2024-12-05,05:00:00,0.7310,Thursday,5,12,Winter,0
10023456783,2024-12-05 06:00:00,2024-12-05,06:00:00,1.4703,Thursday,6,12,Winter,0
10023456783,2024-12-05 07:00:00,2024-12-05,07:00:00,2.1497,Thursday,7,12,Winter,0
10023456783,2024-12-05 08:00:00,2024-12-05,08:00:00,2.3751,Thursday,8,12,Winter,0
10023456783,2024-12-05 09:00:00,2024-12-05,09:00:00,1.8099,Thursday,9,12,Winter,0
10023456783,2024-12-05 10:00:00,2024-12-05,10:00:00,1.3266,Thursday,10,12,Winter,0
10023456783,2024-12-05 11:00:00,2024-12-05,11:00:00,1.2895,Thursday,11,12,Winter,0
10023456783,2024-12-05 12:00:00,2024-12-05,12:00:00,1.2843,Thursday,12,12,Winter,0
10023456783,2024-12-05 13:00:00,2024-12-05,13:00:00,1.4234,Thursday,13,12,Winter,0
10023456783,2024-12-05 14:00:00,2024-12-05,14:00:00,1.4200,Thursday,14,12,Winter,0
10023456783,2024-12-05 15:00:00,2024-12-05,15:00:00,1.3944,Thursday,15,12,Winter,0
10023456783,2024-12-05 16:00:00,2024-12-05,16:00:00,1.8301,Thursday,16,12,Winter,0
10023456783,2024-12-05 17:00:00,2024-12-05,17:00:00,1.9491,Thursday,17,12,Winter,0
10023456783,2024-12-05 18:00:00,2024-12-05,18:00:00,2.6058,Thursday,18,12,Winter,0
10023456783,2024-12-05 19:00:00,2024-12-05,19:00:00,3.5053,Thursday,19,12,Winter,0
10023456783,2024-12-05 20:00:00,2024-12-05,20:00:00,2.8275,Thursday,20,12,Winter,0
10023456783,2024-12-05 21:00:00,2024-12-05,21:00:00,2.4457,Thursday,21,12,Winter,0
10023456783,2024-12-05 22:00:00,2024-12-05,22:00:00,1.6758,Thursday,22,12,Winter,0
10023456783,2024-12-05 23:00:00,2024-12-05,23:00:00,1.2938,Thursday,23,12,Winter,0
10023456783,2024-12-06 00:00:00,2024-12-06,00:00:00,0.4958,Friday,0,12,Winter,0
10023456783,2024-12-06 01:00:00,2024-12-06,01:00:00,0.5833,Friday,1,12,Winter,0
10023456783,2024-12-06 02:00:00,2024-12-06,02:00:00,0.5502,Friday,2,12,Winter,0
10023456783,2024-12-06 03:00:00,2024-12-06,03:00:00,0.4963,Friday,3,12,Winter,0
10023456783,2024-12-06 04:00:00,2024-12-06,04:00:00,0.5185,Friday,4,12,Winter,0
10023456783,2024-12-06 05:00:00,2024-12-06,05:00:00,0.8572,Friday,5,12,Winter,0
10023456783,2024-12-06 06:00:00,2024-12-06,06:00:00,1.3255,Friday,6,12,Winter,0
10023456783,2024-12-06 07:00:00,2024-12-06,07:00:00,1.9022,Friday,7,12,Winter,0
10023456783,2024-12-06 08:00:00,2024-12-06,08:00:00,2.1092,Friday,8,12,Winter,0
10023456783,2024-12-06 09:00:00,2024-12-06,09:00:00,1.6885,Friday,9,12,Winter,0
10023456783,2024-12-06 10:00:00,2024-12-06,10:00:00,1.4463,Friday,10,12,Winter,0
10023456783,2024-12-06 11:00:00,2024-12-06,11:00:00,1.1079,Friday,11,12,Winter,0
10023456783,2024-12-06 12:00:00,2024-12-06,12:00:00,1.2444,Friday,12,12,Winter,0
10023456783,2024-12-06 13:00:00,2024-12-06,13:00:00,1.3319,Friday,13,12,Winter,0
10023456783,2024-12-06 14:00:00,2024-12-06,14:00:00,1.1586,Friday,14,12,Winter,0
10023456783,2024-12-06 15:00:00,2024-12-06,15:00:00,1.4902,Friday,15,12,Winter,0
10023456783,2024-12-06 16:00:00,2024-12-06,16:00:00,1.7344,Friday,16,12,Winter,0
10023456783,2024-12-06 17:00:00,2024-12-06,17:00:00,1.8860,Friday,17,12,Winter,0
10023456783,2024-12-06 18:00:00,2024-12-06,18:00:00,3.2785,Friday,18,12,Winter,0
10023456783,2024-12-06 19:00:00,2024-12-06,19:00:00,2.7924,Friday,19,12,Winter,0
10023456783,2024-12-06 20:00:00,2024-12-06,20:00:00,2.5887,Friday,20,12,Winter,0
10023456783,2024-12-06 21:00:00,2024-12-06,21:00:00,2.7239,Friday,21,12,Winter,0
10023456783,2024-12-06 22:00:00,2024-12-06,22:00:00,1.6665,Friday,22,12,Winter,0
10023456783,2024-12-06 23:00:00,2024-12-06,23:00:00,0.9659,Friday,23,12,Winter,0
10023456783,2024-12-07 00:00:00,2024-12-07,00:00:00,0.6818,Saturday,0,12,Winter,0
10023456783,2024-12-07 01:00:00,2024-12-07,01:00:00,0.4708,Saturday,1,12,Winter,0
10023456783,2024-12-07 02:00:00,2024-12-07,02:00:00,0.5175,Saturday,2,12,Winter,0
10023456783,2024-12-07 03:00:00,2024-12-07,03:00:00,0.4931,Saturday,3,12,Winter,0
10023456783,2024-12-07 04:00:00,2024-12-07,04:00:00,0.4982,Saturday,4,12,Winter,0
10023456783,2024-12-07 05:00:00,2024-12-07,05:00:00,0.7701,Saturday,5,12,Winter,0
10023456783,2024-12-07 06:00:00,2024-12-07,06:00:00,0.9252,Saturday,6,12,Winter,0
10023456783,2024-12-07 07:00:00,2024-12-07,07:00:00,1.3443,Saturday,7,12,Winter,0
10023456783,2024-12-07 08:00:00,2024-12-07,08:00:00,1.9418,Saturday,8,12,Winter,0
10023456783,2024-12-07 09:00:00,2024-12-07,09:00:00,2.1452,Saturday,9,12,Winter,0
10023456783,2024-12-07 10:00:00,2024-12-07,10:00:00,1.9129,Saturday,10,12,Winter,0
10023456783,2024-12-07 11:00:00,2024-12-07,11:00:00,1.7059,Saturday,11,12,Winter,0
10023456783,2024-12-07 12:00:00,2024-12-07,12:00:00,1.6922,Saturday,12,12,Winter,0
10023456783,2024-12-07 13:00:00,2024-12-07,13:00:00,0.0766,Saturday,13,12,Winter,1
10023456783,2024-12-07 14:00:00,2024-12-07,14:00:00,1.4245,Saturday,14,12,Winter,0
10023456783,2024-12-07 15:00:00,2024-12-07,15:00:00,1.8217,Saturday,15,12,Winter,0
10023456783,2024-12-07 16:00:00,2024-12-07,16:00:00,1.8991,Saturday,16,12,Winter,0
10023456783,2024-12-07 17:00:00,2024-12-07,17:00:00,2.5262,Saturday,17,12,Winter,0
10023456783,2024-12-07 18:00:00,2024-12-07,18:00:00,2.4907,Saturday,18,12,Winter,0
10023456783,2024-12-07 19:00:00,2024-12-07,19:00:00,2.6995,Saturday,19,12,Winter,0
10023456783,2024-12-07 20:00:00,2024-12-07,20:00:00,2.7814,Saturday,20,12,Winter,0
10023456783,2024-12-07 21:00:00,2024-12-07,21:00:00,2.8080,Saturday,21,12,Winter,0
10023456783,2024-12-07 22:00:00,2024-12-07,22:00:00,1.7386,Saturday,22,12,Winter,0
10023456783,2024-12-07 23:00:00,2024-12-07,23:00:00,1.2180,Saturday,23,12,Winter,0
10023456783,2024-12-08 00:00:00,2024-12-08,00:00:00,0.5239,Sunday,0,12,Winter,0
10023456783,2024-12-08 01:00:00,2024-12-08,01:00:00,0.4877,Sunday,1,12,Winter,0
10023456783,2024-12-08 02:00:00,2024-12-08,02:00:00,0.4101,Sunday,2,12,Winter,0
10023456783,2024-12-08 03:00:00,2024-12-08,03:00:00,0.4252,Sunday,3,12,Winter,0
10023456783,2024-12-08 04:00:00,2024-12-08,04:00:00,2.4695,Sunday,4,12,Winter,1
10023456783,2024-12-08 05:00:00,2024-12-08,05:00:00,0.5154,Sunday,5,12,Winter,0
10023456783,2024-12-08 06:00:00,2024-12-08,06:00:00,0.8331,Sunday,6,12,Winter,0
10023456783,2024-12-08 07:00:00,2024-12-08,07:00:00,0.9577,Sunday,7,12,Winter,0
10023456783,2024-12-08 08:00:00,2024-12-08,08:00:00,1.4229,Sunday,8,12,Winter,0
10023456783,2024-12-08 09:00:00,2024-12-08,09:00:00,1.7525,Sunday,9,12,Winter,0
10023456783,2024-12-08 10:00:00,2024-12-08,10:00:00,1.4692,Sunday,10,12,Winter,0
10023456783,2024-12-08 11:00:00,2024-12-08,11:00:00,1.4750,Sunday,11,12,Winter,0
10023456783,2024-12-08 12:00:00,2024-12-08,12:00:00,1.1819,Sunday,12,12,Winter,0
10023456783,2024-12-08 13:00:00,2024-12-08,13:00:00,1.5386,Sunday,13,12,Winter,0
10023456783,2024-12-08 14:00:00,2024-12-08,14:00:00,1.4693,Sunday,14,12,Winter,0
10023456783,2024-12-08 15:00:00,2024-12-08,15:00:00,1.4423,Sunday,15,12,Winter,0
10023456783,2024-12-08 16:00:00,2024-12-08,16:00:00,1.4872,Sunday,16,12,Winter,0
10023456783,2024-12-08 17:00:00,2024-12-08,17:00:00,1.5015,Sunday,17,12,Winter,0
10023456783,2024-12-08 18:00:00,2024-12-08,18:00:00,2.2638,Sunday,18,12,Winter,0
10023456783,2024-12-08 19:00:00,2024-12-08,19:00:00,2.2615,Sunday,19,12,Winter,0
10023456783,2024-12-08 20:00:00,2024-12-08,20:00:00,1.9549,Sunday,20,12,Winter,0
10023456783,2024-12-08 21:00:00,2024-12-08,21:00:00,1.6543,Sunday,21,12,Winter,0
10023456783,2024-12-08 22:00:00,2024-12-08,22:00:00,1.5284,Sunday,22,12,Winter,0
10023456783,2024-12-08 23:00:00,2024-12-08,23:00:00,1.0705,Sunday,23,12,Winter,0
10023456783,2024-12-09 00:00:00,2024-12-09,00:00:00,0.4574,Monday,0,12,Winter,0
10023456783,2024-12-09 01:00:00,2024-12-09,01:00:00,0.3061,Monday,1,12,Winter,0
10023456783,2024-12-09 02:00:00,2024-12-09,02:00:00,0.3470,Monday,2,12,Winter,0
10023456783,2024-12-09 03:00:00,2024-12-09,03:00:00,0.2646,Monday,3,12,Winter,0
10023456783,2024-12-09 04:00:00,2024-12-09,04:00:00,0.2893,Monday,4,12,Winter,0
10023456783,2024-12-09 05:00:00,2024-12-09,05:00:00,0.5535,Monday,5,12,Winter,0
10023456783,2024-12-09 06:00:00,2024-12-09,06:00:00,0.9166,Monday,6,12,Winter,0
10023456783,2024-12-09 07:00:00,2024-12-09,07:00:00,1.3289,Monday,7,12,Winter,0
10023456783,2024-12-09 08:00:00,2024-12-09,08:00:00,1.4429,Monday,8,12,Winter,0
10023456783,2024-12-09 09:00:00,2024-12-09,09:00:00,1.0256,Monday,9,12,Winter,0
10023456783,2024-12-09 10:00:00,2024-12-09,10:00:00,1.0171,Monday,10,12,Winter,0
10023456783,2024-12-09 11:00:00,2024-12-09,11:00:00,0.9377,Monday,11,12,Winter,0
10023456783,2024-12-09 12:00:00,2024-12-09,12:00:00,0.8456,Monday,12,12,Winter,0
10023456783,2024-12-09 13:00:00,2024-12-09,13:00:00,1.0041,Monday,13,12,Winter,0
10023456783,2024-12-09 14:00:00,2024-12-09,14:00:00,0.9337,Monday,14,12,Winter,0
10023456783,2024-12-09 15:00:00,2024-12-09,15:00:00,0.9676,Monday,15,12,Winter,0
10023456783,2024-12-09 16:00:00,2024-12-09,16:00:00,1.0849,Monday,16,12,Winter,0
10023456783,2024-12-09 17:00:00,2024-12-09,17:00:00,1.1603,Monday,17,12,Winter,0
10023456783,2024-12-09 18:00:00,2024-12-09,18:00:00,2.1552,Monday,18,12,Winter,0
10023456783,2024-12-09 19:00:00,2024-12-09,19:00:00,2.1111,Monday,19,12,Winter,0
10023456783,2024-12-09 20:00:00,2024-12-09,20:00:00,1.8652,Monday,20,12,Winter,0
10023456783,2024-12-09 21:00:00,2024-12-09,21:00:00,1.8704,Monday,21,12,Winter,0
10023456783,2024-12-09 22:00:00,2024-12-09,22:00:00,1.0976,Monday,22,12,Winter,0
10023456783,2024-12-09 23:00:00,2024-12-09,23:00:00,0.6006,Monday,23,12,Winter,0
10023456783,2024-12-10 00:00:00,2024-12-10,00:00:00,0.3909,Tuesday,0,12,Winter,0
10023456783,2024-12-10 01:00:00,2024-12-10,01:00:00,0.3726,Tuesday,1,12,Winter,0
10023456783,2024-12-10 02:00:00,2024-12-10,02:00:00,0.3995,Tuesday,2,12,Winter,0
10023456783,2024-12-10 03:00:00,2024-12-10,03:00:00,0.2860,Tuesday,3,12,Winter,0
10023456783,2024-12-10 04:00:00,2024-12-10,04:00:00,0.3295,Tuesday,4,12,Winter,0
10023456783,2024-12-10 05:00:00,2024-12-10,05:00:00,3.6830,Tuesday,5,12,Winter,1
10023456783,2024-12-10 06:00:00,2024-12-10,06:00:00,3.7688,Tuesday,6,12,Winter,1
10023456783,2024-12-10 07:00:00,2024-12-10,07:00:00,1.4702,Tuesday,7,12,Winter,0
10023456783,2024-12-10 08:00:00,2024-12-10,08:00:00,1.4127,Tuesday,8,12,Winter,0
10023456783,2024-12-10 09:00:00,2024-12-10,09:00:00,1.2932,Tuesday,9,12,Winter,0
10023456783,2024-12-10 10:00:00,2024-12-10,10:00:00,1.1690,Tuesday,10,12,Winter,0
10023456783,2024-12-10 11:00:00,2024-12-10,11:00:00,1.0325,Tuesday,11,12,Winter,0
10023456783,2024-12-10 12:00:00,2024-12-10,12:00:00,0.9751,Tuesday,12,12,Winter,0
10023456783,2024-12-10 13:00:00,2024-12-10,13:00:00,1.0492,Tuesday,13,12,Winter,0
10023456783,2024-12-10 14:00:00,2024-12-10,14:00:00,1.0525,Tuesday,14,12,Winter,0
10023456783,2024-12-10 15:00:00,2024-12-10,15:00:00,0.8634,Tuesday,15,12,Winter,0
10023456783,2024-12-10 16:00:00,2024-12-10,16:00:00,1.3114,Tuesday,16,12,Winter,0
10023456783,2024-12-10 17:00:00,2024-12-10,17:00:00,1.3148,Tuesday,17,12,Winter,0
10023456783,2024-12-10 18:00:00,2024-12-10,18:00:00,1.5717,Tuesday,18,12,Winter,0
10023456783,2024-12-10 19:00:00,2024-12-10,19:00:00,2.4214,Tuesday,19,12,Winter,0
10023456783,2024-12-10 20:00:00,2024-12-10,20:00:00,2.2259,Tuesday,20,12,Winter,0
10023456783,2024-12-10 21:00:00,2024-12-10,21:00:00,2.0463,Tuesday,21,12,Winter,0
10023456783,2024-12-10 22:00:00,2024-12-10,22:00:00,1.4023,Tuesday,22,12,Winter,0
10023456783,2024-12-10 23:00:00,2024-12-10,23:00:00,0.6698,Tuesday,23,12,Winter,0
10023456783,2024-12-11 00:00:00,2024-12-11,00:00:00,0.3953,Wednesday,0,12,Winter,0
10023456783,2024-12-11 01:00:00,2024-12-11,01:00:00,0.3362,Wednesday,1,12,Winter,0
10023456783,2024-12-11 02:00:00,2024-12-11,02:00:00,0.3334,Wednesday,2,12,Winter,0
10023456783,2024-12-11 03:00:00,2024-12-11,03:00:00,5.0463,Wednesday,3,12,Winter,1
10023456783,2024-12-11 04:00:00,2024-12-11,04:00:00,0.4158,Wednesday,4,12,Winter,0
10023456783,2024-12-11 05:00:00,2024-12-11,05:00:00,0.5272,Wednesday,5,12,Winter,0
10023456783,2024-12-11 06:00:00,2024-12-11,06:00:00,0.9715,Wednesday,6,12,Winter,0
10023456783,2024-12-11 07:00:00,2024-12-11,07:00:00,1.2050,Wednesday,7,12,Winter,0
10023456783,2024-12-11 08:00:00,2024-12-11,08:00:00,1.5715,Wednesday,8,12,Winter,0
10023456783,2024-12-11 09:00:00,2024-12-11,09:00:00,1.3626,Wednesday,9,12,Winter,0
10023456783,2024-12-11 10:00:00,2024-12-11,10:00:00,0.9308,Wednesday,10,12,Winter,0
10023456783,2024-12-11 11:00:00,2024-12-11,11:00:00,0.7986,Wednesday,11,12,Winter,0
10023456783,2024-12-11 12:00:00,2024-12-11,12:00:00,0.8160,Wednesday,12,12,Winter,0
10023456783,2024-12-11 13:00:00,2024-12-11,13:00:00,0.9555,Wednesday,13,12,Winter,0
10023456783,2024-12-11 14:00:00,2024-12-11,14:00:00,0.9670,Wednesday,14,12,Winter,0
10023456783,2024-12-11 15:00:00,2024-12-11,15:00:00,0.9931,Wednesday,15,12,Winter,0
10023456783,2024-12-11 16:00:00,2024-12-11,16:00:00,1.1662,Wednesday,16,12,Winter,0
10023456783,2024-12-11 17:00:00,2024-12-11,17:00:00,1.5148,Wednesday,17,12,Winter,0
10023456783,2024-12-11 18:00:00,2024-12-11,18:00:00,1.7537,Wednesday,18,12,Winter,0
10023456783,2024-12-11 19:00:00,2024-12-11,19:00:00,6.5335,Wednesday,19,12,Winter,1
10023456783,2024-12-11 20:00:00,2024-12-11,20:00:00,1.9196,Wednesday,20,12,Winter,0
10023456783,2024-12-11 21:00:00,2024-12-11,21:00:00,1.6062,Wednesday,21,12,Winter,0
10023456783,2024-12-11 22:00:00,2024-12-11,22:00:00,1.3409,Wednesday,22,12,Winter,0
10023456783,2024-12-11 23:00:00,2024-12-11,23:00:00,0.5861,Wednesday,23,12,Winter,0
10023456783,2024-12-12 00:00:00,2024-12-12,00:00:00,0.4557,Thursday,0,12,Winter,0
10023456783,2024-12-12 01:00:00,2024-12-12,01:00:00,0.3407,Thursday,1,12,Winter,0
10023456783,2024-12-12 02:00:00,2024-12-12,02:00:00,0.3499,Thursday,2,12,Winter,0
10023456783,2024-12-12 03:00:00,2024-12-12,03:00:00,0.4041,Thursday,3,12,Winter,0
10023456783,2024-12-12 04:00:00,2024-12-12,04:00:00,0.4803,Thursday,4,12,Winter,0
10023456783,2024-12-12 05:00:00,2024-12-12,05:00:00,0.5570,Thursday,5,12,Winter,0
10023456783,2024-12-12 06:00:00,2024-12-12,06:00:00,0.9913,Thursday,6,12,Winter,0
10023456783,2024-12-12 07:00:00,2024-12-12,07:00:00,1.1289,Thursday,7,12,Winter,0
10023456783,2024-12-12 08:00:00,2024-12-12,08:00:00,1.5256,Thursday,8,12,Winter,0
10023456783,2024-12-12 09:00:00,2024-12-12,09:00:00,1.2276,Thursday,9,12,Winter,0
10023456783,2024-12-12 10:00:00,2024-12-12,10:00:00,5.4608,Thursday,10,12,Winter,1
10023456783,2024-12-12 11:00:00,2024-12-12,11:00:00,6.7311,Thursday,11,12,Winter,1
10023456783,2024-12-12 12:00:00,2024-12-12,12:00:00,1.1492,Thursday,12,12,Winter,0
10023456783,2024-12-12 13:00:00,2024-12-12,13:00:00,0.9236,Thursday,13,12,Winter,0
10023456783,2024-12-12 14:00:00,2024-12-12,14:00:00,0.9396,Thursday,14,12,Winter,0
10023456783,2024-12-12 15:00:00,2024-12-12,15:00:00,1.2007,Thursday,15,12,Winter,0
10023456783,2024-12-12 16:00:00,2024-12-12,16:00:00,1.3343,Thursday,16,12,Winter,0
10023456783,2024-12-12 17:00:00,2024-12-12,17:00:00,1.6317,Thursday,17,12,Winter,0
10023456783,2024-12-12 18:00:00,2024-12-12,18:00:00,1.8065,Thursday,18,12,Winter,0
10023456783,2024-12-12 19:00:00,2024-12-12,19:00:00,2.0147,Thursday,19,12,Winter,0
10023456783,2024-12-12 20:00:00,2024-12-12,20:00:00,1.9854,Thursday,20,12,Winter,0
10023456783,2024-12-12 21:00:00,2024-12-12,21:00:00,1.6444,Thursday,21,12,Winter,0
10023456783,2024-12-12 22:00:00,2024-12-12,22:00:00,1.6024,Thursday,22,12,Winter,0
10023456783,2024-12-12 23:00:00,2024-12-12,23:00:00,0.7620,Thursday,23,12,Winter,0
10023456783,2024-12-13 00:00:00,2024-12-13,00:00:00,0.4546,Friday,0,12,Winter,0
10023456783,2024-12-13 01:00:00,2024-12-13,01:00:00,0.3845,Friday,1,12,Winter,0
10023456783,2024-12-13 02:00:00,2024-12-13,02:00:00,0.3862,Friday,2,12,Winter,0
10023456783,2024-12-13 03:00:00,2024-12-13,03:00:00,0.3813,Friday,3,12,Winter,0
10023456783,2024-12-13 04:00:00,2024-12-13,04:00:00,0.4004,Friday,4,12,Winter,0
10023456783,2024-12-13 05:00:00,2024-12-13,05:00:00,0.5939,Friday,5,12,Winter,0
10023456783,2024-12-13 06:00:00,2024-12-13,06:00:00,1.0021,Friday,6,12,Winter,0
10023456783,2024-12-13 07:00:00,2024-12-13,07:00:00,1.3141,Friday,7,12,Winter,0
10023456783,2024-12-13 08:00:00,2024-12-13,08:00:00,1.5271,Friday,8,12,Winter,0
10023456783,2024-12-13 09:00:00,2024-12-13,09:00:00,1.1952,Friday,9,12,Winter,0
10023456783,2024-12-13 10:00:00,2024-12-13,10:00:00,1.0593,Friday,10,12,Winter,0
10023456783,2024-12-13 11:00:00,2024-12-13,11:00:00,3.8618,Friday,11,12,Winter,1
10023456783,2024-12-13 12:00:00,2024-12-13,12:00:00,1.0500,Friday,12,12,Winter,0
10023456783,2024-12-13 13:00:00,2024-12-13,13:00:00,0.9068,Friday,13,12,Winter,0
10023456783,2024-12-13 14:00:00,2024-12-13,14:00:00,1.0044,Friday,14,12,Winter,0
10023456783,2024-12-13 15:00:00,2024-12-13,15:00:00,0.9367,Friday,15,12,Winter,0
10023456783,2024-12-13 16:00:00,2024-12-13,16:00:00,1.3844,Friday,16,12,Winter,0
10023456783,2024-12-13 17:00:00,2024-12-13,17:00:00,1.7138,Friday,17,12,Winter,0
10023456783,2024-12-13 18:00:00,2024-12-13,18:00:00,2.0201,Friday,18,12,Winter,0
10023456783,2024-12-13 19:00:00,2024-12-13,19:00:00,2.2940,Friday,19,12,Winter,0
10023456783,2024-12-13 20:00:00,2024-12-13,20:00:00,2.1691,Friday,20,12,Winter,0
10023456783,2024-12-13 21:00:00,2024-12-13,21:00:00,1.8033,Friday,21,12,Winter,0
10023456783,2024-12-13 22:00:00,2024-12-13,22:00:00,1.2914,Friday,22,12,Winter,0
10023456783,2024-12-13 23:00:00,2024-12-13,23:00:00,0.7812,Friday,23,12,Winter,0
10023456783,2024-12-14 00:00:00,2024-12-14,00:00:00,0.4266,Saturday,0,12,Winter,0
10023456783,2024-12-14 01:00:00,2024-12-14,01:00:00,0.3060,Saturday,1,12,Winter,0
10023456783,2024-12-14 02:00:00,2024-12-14,02:00:00,0.2710,Saturday,2,12,Winter,0
10023456783,2024-12-14 03:00:00,2024-12-14,03:00:00,0.3220,Saturday,3,12,Winter,0
10023456783,2024-12-14 04:00:00,2024-12-14,04:00:00,0.3942,Saturday,4,12,Winter,0
10023456783,2024-12-14 05:00:00,2024-12-14,05:00:00,0.4258,Saturday,5,12,Winter,0
10023456783,2024-12-14 06:00:00,2024-12-14,06:00:00,0.6430,Saturday,6,12,Winter,0
10023456783,2024-12-14 07:00:00,2024-12-14,07:00:00,0.9067,Saturday,7,12,Winter,0
10023456783,2024-12-14 08:00:00,2024-12-14,08:00:00,1.2484,Saturday,8,12,Winter,0
10023456783,2024-12-14 09:00:00,2024-12-14,09:00:00,1.2651,Saturday,9,12,Winter,0
10023456783,2024-12-14 10:00:00,2024-12-14,10:00:00,1.2817,Saturday,10,12,Winter,0
10023456783,2024-12-14 11:00:00,2024-12-14,11:00:00,1.3299,Saturday,11,12,Winter,0
10023456783,2024-12-14 12:00:00,2024-12-14,12:00:00,1.1642,Saturday,12,12,Winter,0
10023456783,2024-12-14 13:00:00,2024-12-14,13:00:00,1.0255,Saturday,13,12,Winter,0
10023456783,2024-12-14 14:00:00,2024-12-14,14:00:00,0.8736,Saturday,14,12,Winter,0
10023456783,2024-12-14 15:00:00,2024-12-14,15:00:00,0.7844,Saturday,15,12,Winter,0
10023456783,2024-12-14 16:00:00,2024-12-14,16:00:00,1.2037,Saturday,16,12,Winter,0
10023456783,2024-12-14 17:00:00,2024-12-14,17:00:00,1.3338,Saturday,17,12,Winter,0
10023456783,2024-12-14 18:00:00,2024-12-14,18:00:00,1.8856,Saturday,18,12,Winter,0
10023456783,2024-12-14 19:00:00,2024-12-14,19:00:00,1.7050,Saturday,19,12,Winter,0
10023456783,2024-12-14 20:00:00,2024-12-14,20:00:00,1.6745,Saturday,20,12,Winter,0
10023456783,2024-12-14 21:00:00,2024-12-14,21:00:00,1.4401,Saturday,21,12,Winter,0
10023456783,2024-12-14 22:00:00,2024-12-14,22:00:00,0.9654,Saturday,22,12,Winter,0
10023456783,2024-12-14 23:00:00,2024-12-14,23:00:00,0.7512,Saturday,23,12,Winter,0
10023456783,2024-12-15 00:00:00,2024-12-15,00:00:00,0.4881,Sunday,0,12,Winter,0
10023456783,2024-12-15 01:00:00,2024-12-15,01:00:00,0.4449,Sunday,1,12,Winter,0
10023456783,2024-12-15 02:00:00,2024-12-15,02:00:00,0.3822,Sunday,2,12,Winter,0
10023456783,2024-12-15 03:00:00,2024-12-15,03:00:00,0.3416,Sunday,3,12,Winter,0
10023456783,2024-12-15 04:00:00,2024-12-15,04:00:00,0.4057,Sunday,4,12,Winter,0
10023456783,2024-12-15 05:00:00,2024-12-15,05:00:00,0.4452,Sunday,5,12,Winter,0
10023456783,2024-12-15 06:00:00,2024-12-15,06:00:00,0.7311,Sunday,6,12,Winter,0
10023456783,2024-12-15 07:00:00,2024-12-15,07:00:00,1.1690,Sunday,7,12,Winter,0
10023456783,2024-12-15 08:00:00,2024-12-15,08:00:00,1.4708,Sunday,8,12,Winter,0
10023456783,2024-12-15 09:00:00,2024-12-15,09:00:00,1.6116,Sunday,9,12,Winter,0
10023456783,2024-12-15 10:00:00,2024-12-15,10:00:00,1.5391,Sunday,10,12,Winter,0
10023456783,2024-12-15 11:00:00,2024-12-15,11:00:00,1.0875,Sunday,11,12,Winter,0
10023456783,2024-12-15 12:00:00,2024-12-15,12:00:00,1.2431,Sunday,12,12,Winter,0
10023456783,2024-12-15 13:00:00,2024-12-15,13:00:00,1.2585,Sunday,13,12,Winter,0
10023456783,2024-12-15 14:00:00,2024-12-15,14:00:00,1.2146,Sunday,14,12,Winter,0
10023456783,2024-12-15 15:00:00,2024-12-15,15:00:00,0.9804,Sunday,15,12,Winter,0
10023456783,2024-12-15 16:00:00,2024-12-15,16:00:00,1.3032,Sunday,16,12,Winter,0
10023456783,2024-12-15 17:00:00,2024-12-15,17:00:00,1.4126,Sunday,17,12,Winter,0
10023456783,2024-12-15 18:00:00,2024-12-15,18:00:00,2.2139,Sunday,18,12,Winter,0
10023456783,2024-12-15 19:00:00,2024-12-15,19:00:00,2.2532,Sunday,19,12,Winter,0
10023456783,2024-12-15 20:00:00,2024-12-15,20:00:00,2.1639,Sunday,20,12,Winter,0
10023456783,2024-12-15 21:00:00,2024-12-15,21:00:00,1.8343,Sunday,21,12,Winter,0
10023456783,2024-12-15 22:00:00,2024-12-15,22:00:00,1.3326,Sunday,22,12,Winter,0
10023456783,2024-12-15 23:00:00,2024-12-15,23:00:00,0.9446,Sunday,23,12,Winter,0
10023456783,2024-12-16 00:00:00,2024-12-16,00:00:00,0.5314,Monday,0,12,Winter,0
10023456783,2024-12-16 01:00:00,2024-12-16,01:00:00,0.4343,Monday,1,12,Winter,0
10023456783,2024-12-16 02:00:00,2024-12-16,02:00:00,0.4788,Monday,2,12,Winter,0
10023456783,2024-12-16 03:00:00,2024-12-16,03:00:00,0.4727,Monday,3,12,Winter,0
10023456783,2024-12-16 04:00:00,2024-12-16,04:00:00,0.5028,Monday,4,12,Winter,0
10023456783,2024-12-16 05:00:00,2024-12-16,05:00:00,0.6773,Monday,5,12,Winter,0
10023456783,2024-12-16 06:00:00,2024-12-16,06:00:00,0.9693,Monday,6,12,Winter,0
10023456783,2024-12-16 07:00:00,2024-12-16,07:00:00,1.5799,Monday,7,12,Winter,0
10023456783,2024-12-16 08:00:00,2024-12-16,08:00:00,1.9842,Monday,8,12,Winter,0
10023456783,2024-12-16 09:00:00,2024-12-16,09:00:00,1.4213,Monday,9,12,Winter,0
10023456783,2024-12-16 10:00:00,2024-12-16,10:00:00,1.0948,Monday,10,12,Winter,0
10023456783,2024-12-16 11:00:00,2024-12-16,11:00:00,1.0415,Monday,11,12,Winter,0
10023456783,2024-12-16 12:00:00,2024-12-16,12:00:00,1.2025,Monday,12,12,Winter,0
10023456783,2024-12-16 13:00:00,2024-12-16,13:00:00,1.0269,Monday,13,12,Winter,0
10023456783,2024-12-16 14:00:00,2024-12-16,14:00:00,1.0322,Monday,14,12,Winter,0
10023456783,2024-12-16 15:00:00,2024-12-16,15:00:00,1.3481,Monday,15,12,Winter,0
10023456783,2024-12-16 16:00:00,2024-12-16,16:00:00,1.3934,Monday,16,12,Winter,0
10023456783,2024-12-16 17:00:00,2024-12-16,17:00:00,1.4608,Monday,17,12,Winter,0
10023456783,2024-12-16 18:00:00,2024-12-16,18:00:00,2.1431,Monday,18,12,Winter,0
10023456783,2024-12-16 19:00:00,2024-12-16,19:00:00,3.2951,Monday,19,12,Winter,0
10023456783,2024-12-16 20:00:00,2024-12-16,20:00:00,2.6447,Monday,20,12,Winter,0
10023456783,2024-12-16 21:00:00,2024-12-16,21:00:00,1.8482,Monday,21,12,Winter,0
10023456783,2024-12-16 22:00:00,2024-12-16,22:00:00,1.4731,Monday,22,12,Winter,0
10023456783,2024-12-16 23:00:00,2024-12-16,23:00:00,0.8144,Monday,23,12,Winter,0
10023456783,2024-12-17 00:00:00,2024-12-17,00:00:00,0.3670,Tuesday,0,12,Winter,0
10023456783,2024-12-17 01:00:00,2024-12-17,01:00:00,0.3024,Tuesday,1,12,Winter,0
10023456783,2024-12-17 02:00:00,2024-12-17,02:00:00,0.3536,Tuesday,2,12,Winter,0
10023456783,2024-12-17 03:00:00,2024-12-17,03:00:00,0.2865,Tuesday,3,12,Winter,0
10023456783,2024-12-17 04:00:00,2024-12-17,04:00:00,0.3766,Tuesday,4,12,Winter,0
10023456783,2024-12-17 05:00:00,2024-12-17,05:00:00,0.4162,Tuesday,5,12,Winter,0
10023456783,2024-12-17 06:00:00,2024-12-17,06:00:00,1.0431,Tuesday,6,12,Winter,0
10023456783,2024-12-17 07:00:00,2024-12-17,07:00:00,0.9797,Tuesday,7,12,Winter,0
10023456783,2024-12-17 08:00:00,2024-12-17,08:00:00,1.0891,Tuesday,8,12,Winter,0
10023456783,2024-12-17 09:00:00,2024-12-17,09:00:00,1.0240,Tuesday,9,12,Winter,0
10023456783,2024-12-17 10:00:00,2024-12-17,10:00:00,0.9969,Tuesday,10,12,Winter,0
10023456783,2024-12-17 11:00:00,2024-12-17,11:00:00,4.1421,Tuesday,11,12,Winter,1
10023456783,2024-12-17 12:00:00,2024-12-17,12:00:00,5.4349,Tuesday,12,12,Winter,1
10023456783,2024-12-17 13:00:00,2024-12-17,13:00:00,0.7739,Tuesday,13,12,Winter,0
10023456783,2024-12-17 14:00:00,2024-12-17,14:00:00,0.8194,Tuesday,14,12,Winter,0
10023456783,2024-12-17 15:00:00,2024-12-17,15:00:00,0.9938,Tuesday,15,12,Winter,0
10023456783,2024-12-17 16:00:00,2024-12-17,16:00:00,1.1437,Tuesday,16,12,Winter,0
10023456783,2024-12-17 17:00:00,2024-12-17,17:00:00,1.2002,Tuesday,17,12,Winter,0
10023456783,2024-12-17 18:00:00,2024-12-17,18:00:00,1.4698,Tuesday,18,12,Winter,0
10023456783,2024-12-17 19:00:00,2024-12-17,19:00:00,1.6251,Tuesday,19,12,Winter,0
10023456783,2024-12-17 20:00:00,2024-12-17,20:00:00,1.6960,Tuesday,20,12,Winter,0
10023456783,2024-12-17 21:00:00,2024-12-17,21:00:00,1.5515,Tuesday,21,12,Winter,0
10023456783,2024-12-17 22:00:00,2024-12-17,22:00:00,1.0786,Tuesday,22,12,Winter,0
10023456783,2024-12-17 23:00:00,2024-12-17,23:00:00,0.6333,Tuesday,23,12,Winter,0
10023456783,2024-12-18 00:00:00,2024-12-18,00:00:00,0.2550,Wednesday,0,12,Winter,0
10023456783,2024-12-18 01:00:00,2024-12-18,01:00:00,0.2529,Wednesday,1,12,Winter,0
10023456783,2024-12-18 02:00:00,2024-12-18,02:00:00,0.2433,Wednesday,2,12,Winter,0
10023456783,2024-12-18 03:00:00,2024-12-18,03:00:00,0.2568,Wednesday,3,12,Winter,0
10023456783,2024-12-18 04:00:00,2024-12-18,04:00:00,0.3570,Wednesday,4,12,Winter,0
10023456783,2024-12-18 05:00:00,2024-12-18,05:00:00,0.4854,Wednesday,5,12,Winter,0
10023456783,2024-12-18 06:00:00,2024-12-18,06:00:00,0.7273,Wednesday,6,12,Winter,0
10023456783,2024-12-18 07:00:00,2024-12-18,07:00:00,1.1312,Wednesday,7,12,Winter,0
10023456783,2024-12-18 08:00:00,2024-12-18,08:00:00,1.1867,Wednesday,8,12,Winter,0
10023456783,2024-12-18 09:00:00,2024-12-18,09:00:00,1.0989,Wednesday,9,12,Winter,0
10023456783,2024-12-18 10:00:00,2024-12-18,10:00:00,0.7403,Wednesday,10,12,Winter,0
10023456783,2024-12-18 11:00:00,2024-12-18,11:00:00,0.6314,Wednesday,11,12,Winter,0
10023456783,2024-12-18 12:00:00,2024-12-18,12:00:00,0.7501,Wednesday,12,12,Winter,0
10023456783,2024-12-18 13:00:00,2024-12-18,13:00:00,0.8276,Wednesday,13,12,Winter,0
10023456783,2024-12-18 14:00:00,2024-12-18,14:00:00,0.8022,Wednesday,14,12,Winter,0
10023456783,2024-12-18 15:00:00,2024-12-18,15:00:00,0.8618,Wednesday,15,12,Winter,0
10023456783,2024-12-18 16:00:00,2024-12-18,16:00:00,0.8563,Wednesday,16,12,Winter,0
10023456783,2024-12-18 17:00:00,2024-12-18,17:00:00,1.1897,Wednesday,17,12,Winter,0
10023456783,2024-12-18 18:00:00,2024-12-18,18:00:00,1.6553,Wednesday,18,12,Winter,0
10023456783,2024-12-18 19:00:00,2024-12-18,19:00:00,1.7576,Wednesday,19,12,Winter,0
10023456783,2024-12-18 20:00:00,2024-12-18,20:00:00,1.5601,Wednesday,20,12,Winter,0
10023456783,2024-12-18 21:00:00,2024-12-18,21:00:00,1.4150,Wednesday,21,12,Winter,0
10023456783,2024-12-18 22:00:00,2024-12-18,22:00:00,1.0256,Wednesday,22,12,Winter,0
10023456783,2024-12-18 23:00:00,2024-12-18,23:00:00,0.6511,Wednesday,23,12,Winter,0
10023456783,2024-12-19 00:00:00,2024-12-19,00:00:00,0.4647,Thursday,0,12,Winter,0
10023456783,2024-12-19 01:00:00,2024-12-19,01:00:00,0.2895,Thursday,1,12,Winter,0
10023456783,2024-12-19 02:00:00,2024-12-19,02:00:00,0.3923,Thursday,2,12,Winter,0
10023456783,2024-12-19 03:00:00,2024-12-19,03:00:00,0.2792,Thursday,3,12,Winter,0
10023456783,2024-12-19 04:00:00,2024-12-19,04:00:00,0.2821,Thursday,4,12,Winter,0
10023456783,2024-12-19 05:00:00,2024-12-19,05:00:00,0.4895,Thursday,5,12,Winter,0
10023456783,2024-12-19 06:00:00,2024-12-19,06:00:00,0.7344,Thursday,6,12,Winter,0
10023456783,2024-12-19 07:00:00,2024-12-19,07:00:00,1.1026,Thursday,7,12,Winter,0
10023456783,2024-12-19 08:00:00,2024-12-19,08:00:00,1.1232,Thursday,8,12,Winter,0
10023456783,2024-12-19 09:00:00,2024-12-19,09:00:00,1.2007,Thursday,9,12,Winter,0
10023456783,2024-12-19 10:00:00,2024-12-19,10:00:00,0.9069,Thursday,10,12,Winter,0
10023456783,2024-12-19 11:00:00,2024-12-19,11:00:00,0.8000,Thursday,11,12,Winter,0
10023456783,2024-12-19 12:00:00,2024-12-19,12:00:00,0.8791,Thursday,12,12,Winter,0
10023456783,2024-12-19 13:00:00,2024-12-19,13:00:00,0.9917,Thursday,13,12,Winter,0
10023456783,2024-12-19 14:00:00,2024-12-19,14:00:00,0.7091,Thursday,14,12,Winter,0
10023456783,2024-12-19 15:00:00,2024-12-19,15:00:00,0.8568,Thursday,15,12,Winter,0
10023456783,2024-12-19 16:00:00,2024-12-19,16:00:00,1.0601,Thursday,16,12,Winter,0
10023456783,2024-12-19 17:00:00,2024-12-19,17:00:00,1.5394,Thursday,17,12,Winter,0
10023456783,2024-12-19 18:00:00,2024-12-19,18:00:00,1.4801,Thursday,18,12,Winter,0
10023456783,2024-12-19 19:00:00,2024-12-19,19:00:00,1.9631,Thursday,19,12,Winter,0
10023456783,2024-12-19 20:00:00,2024-12-19,20:00:00,1.6407,Thursday,20,12,Winter,0
10023456783,2024-12-19 21:00:00,2024-12-19,21:00:00,1.7222,Thursday,21,12,Winter,0
10023456783,2024-12-19 22:00:00,2024-12-19,22:00:00,1.0624,Thursday,22,12,Winter,0
10023456783,2024-12-19 23:00:00,2024-12-19,23:00:00,0.7191,Thursday,23,12,Winter,0
10023456783,2024-12-20 00:00:00,2024-12-20,00:00:00,0.3666,Friday,0,12,Winter,0
10023456783,2024-12-20 01:00:00,2024-12-20,01:00:00,0.3731,Friday,1,12,Winter,0
10023456783,2024-12-20 02:00:00,2024-12-20,02:00:00,0.3842,Friday,2,12,Winter,0
10023456783,2024-12-20 03:00:00,2024-12-20,03:00:00,0.4018,Friday,3,12,Winter,0
10023456783,2024-12-20 04:00:00,2024-12-20,04:00:00,0.4047,Friday,4,12,Winter,0
10023456783,2024-12-20 05:00:00,2024-12-20,05:00:00,0.5453,Friday,5,12,Winter,0
10023456783,2024-12-20 06:00:00,2024-12-20,06:00:00,1.0210,Friday,6,12,Winter,0
10023456783,2024-12-20 07:00:00,2024-12-20,07:00:00,1.4276,Friday,7,12,Winter,0
10023456783,2024-12-20 08:00:00,2024-12-20,08:00:00,1.8327,Friday,8,12,Winter,0
10023456783,2024-12-20 09:00:00,2024-12-20,09:00:00,1.0723,Friday,9,12,Winter,0
10023456783,2024-12-20 10:00:00,2024-12-20,10:00:00,0.9289,Friday,10,12,Winter,0
10023456783,2024-12-20 11:00:00,2024-12-20,11:00:00,1.1130,Friday,11,12,Winter,0
10023456783,2024-12-20 12:00:00,2024-12-20,12:00:00,0.8800,Friday,12,12,Winter,0
10023456783,2024-12-20 13:00:00,2024-12-20,13:00:00,0.9375,Friday,13,12,Winter,0
10023456783,2024-12-20 14:00:00,2024-12-20,14:00:00,7.1172,Friday,14,12,Winter,1
10023456783,2024-12-20 15:00:00,2024-12-20,15:00:00,4.8352,Friday,15,12,Winter,1
10023456783,2024-12-20 16:00:00,2024-12-20,16:00:00,1.3710,Friday,16,12,Winter,0
10023456783,2024-12-20 17:00:00,2024-12-20,17:00:00,1.5852,Friday,17,12,Winter,0
10023456783,2024-12-20 18:00:00,2024-12-20,18:00:00,1.9432,Friday,18,12,Winter,0
10023456783,2024-12-20 19:00:00,2024-12-20,19:00:00,2.0311,Friday,19,12,Winter,0
10023456783,2024-12-20 20:00:00,2024-12-20,20:00:00,2.0229,Friday,20,12,Winter,0
10023456783,2024-12-20 21:00:00,2024-12-20,21:00:00,1.8892,Friday,21,12,Winter,0
10023456783,2024-12-20 22:00:00,2024-12-20,22:00:00,1.4632,Friday,22,12,Winter,0
10023456783,2024-12-20 23:00:00,2024-12-20,23:00:00,0.9002,Friday,23,12,Winter,0
10023456783,2024-12-21 00:00:00,2024-12-21,00:00:00,0.4061,Saturday,0,12,Winter,0
10023456783,2024-12-21 01:00:00,2024-12-21,01:00:00,0.3541,Saturday,1,12,Winter,0
10023456783,2024-12-21 02:00:00,2024-12-21,02:00:00,0.3170,Saturday,2,12,Winter,0
10023456783,2024-12-21 03:00:00,2024-12-21,03:00:00,0.4524,Saturday,3,12,Winter,0
10023456783,2024-12-21 04:00:00,2024-12-21,04:00:00,0.3148,Saturday,4,12,Winter,0
10023456783,2024-12-21 05:00:00,2024-12-21,05:00:00,0.4009,Saturday,5,12,Winter,0
10023456783,2024-12-21 06:00:00,2024-12-21,06:00:00,0.7378,Saturday,6,12,Winter,0
10023456783,2024-12-21 07:00:00,2024-12-21,07:00:00,0.9598,Saturday,7,12,Winter,0
10023456783,2024-12-21 08:00:00,2024-12-21,08:00:00,1.1194,Saturday,8,12,Winter,0
10023456783,2024-12-21 09:00:00,2024-12-21,09:00:00,1.5734,Saturday,9,12,Winter,0
10023456783,2024-12-21 10:00:00,2024-12-21,10:00:00,1.2271,Saturday,10,12,Winter,0
10023456783,2024-12-21 11:00:00,2024-12-21,11:00:00,1.1448,Saturday,11,12,Winter,0
10023456783,2024-12-21 12:00:00,2024-12-21,12:00:00,0.9280,Saturday,12,12,Winter,0
10023456783,2024-12-21 13:00:00,2024-12-21,13:00:00,0.9247,Saturday,13,12,Winter,0
10023456783,2024-12-21 14:00:00,2024-12-21,14:00:00,1.0983,Saturday,14,12,Winter,0
10023456783,2024-12-21 15:00:00,2024-12-21,15:00:00,0.9643,Saturday,15,12,Winter,0
10023456783,2024-12-21 16:00:00,2024-12-21,16:00:00,1.2329,Saturday,16,12,Winter,0
10023456783,2024-12-21 17:00:00,2024-12-21,17:00:00,1.3104,Saturday,17,12,Winter,0
10023456783,2024-12-21 18:00:00,2024-12-21,18:00:00,1.7459,Saturday,18,12,Winter,0
10023456783,2024-12-21 19:00:00,2024-12-21,19:00:00,1.7300,Saturday,19,12,Winter,0
10023456783,2024-12-21 20:00:00,2024-12-21,20:00:00,1.7911,Saturday,20,12,Winter,0
10023456783,2024-12-21 21:00:00,2024-12-21,21:00:00,1.4873,Saturday,21,12,Winter,0
10023456783,2024-12-21 22:00:00,2024-12-21,22:00:00,1.0814,Saturday,22,12,Winter,0
10023456783,2024-12-21 23:00:00,2024-12-21,23:00:00,0.8968,Saturday,23,12,Winter,0
10023456783,2024-12-22 00:00:00,2024-12-22,00:00:00,0.3883,Sunday,0,12,Winter,0
10023456783,2024-12-22 01:00:00,2024-12-22,01:00:00,0.3815,Sunday,1,12,Winter,0
10023456783,2024-12-22 02:00:00,2024-12-22,02:00:00,0.3582,Sunday,2,12,Winter,0
10023456783,2024-12-22 03:00:00,2024-12-22,03:00:00,0.2745,Sunday,3,12,Winter,0
10023456783,2024-12-22 04:00:00,2024-12-22,04:00:00,0.2979,Sunday,4,12,Winter,0
10023456783,2024-12-22 05:00:00,2024-12-22,05:00:00,3.6239,Sunday,5,12,Winter,1
10023456783,2024-12-22 06:00:00,2024-12-22,06:00:00,4.6057,Sunday,6,12,Winter,1
10023456783,2024-12-22 07:00:00,2024-12-22,07:00:00,4.4240,Sunday,7,12,Winter,1
10023456783,2024-12-22 08:00:00,2024-12-22,08:00:00,1.2732,Sunday,8,12,Winter,0
10023456783,2024-12-22 09:00:00,2024-12-22,09:00:00,1.4321,Sunday,9,12,Winter,0
10023456783,2024-12-22 10:00:00,2024-12-22,10:00:00,1.2956,Sunday,10,12,Winter,0
10023456783,2024-12-22 11:00:00,2024-12-22,11:00:00,1.1802,Sunday,11,12,Winter,0
10023456783,2024-12-22 12:00:00,2024-12-22,12:00:00,1.2128,Sunday,12,12,Winter,0
10023456783,2024-12-22 13:00:00,2024-12-22,13:00:00,1.0031,Sunday,13,12,Winter,0
10023456783,2024-12-22 14:00:00,2024-12-22,14:00:00,1.0040,Sunday,14,12,Winter,0
10023456783,2024-12-22 15:00:00,2024-12-22,15:00:00,0.9860,Sunday,15,12,Winter,0
10023456783,2024-12-22 16:00:00,2024-12-22,16:00:00,1.2063,Sunday,16,12,Winter,0
10023456783,2024-12-22 17:00:00,2024-12-22,17:00:00,1.5452,Sunday,17,12,Winter,0
10023456783,2024-12-22 18:00:00,2024-12-22,18:00:00,1.5470,Sunday,18,12,Winter,0
10023456783,2024-12-22 19:00:00,2024-12-22,19:00:00,1.7943,Sunday,19,12,Winter,0
10023456783,2024-12-22 20:00:00,2024-12-22,20:00:00,1.7953,Sunday,20,12,Winter,0
10023456783,2024-12-22 21:00:00,2024-12-22,21:00:00,1.5739,Sunday,21,12,Winter,0
10023456783,2024-12-22 22:00:00,2024-12-22,22:00:00,1.2267,Sunday,22,12,Winter,0
10023456783,2024-12-22 23:00:00,2024-12-22,23:00:00,0.7297,Sunday,23,12,Winter,0
10023456783,2024-12-23 00:00:00,2024-12-23,00:00:00,0.3986,Monday,0,12,Winter,0
10023456783,2024-12-23 01:00:00,2024-12-23,01:00:00,0.3071,Monday,1,12,Winter,0
10023456783,2024-12-23 02:00:00,2024-12-23,02:00:00,0.3393,Monday,2,12,Winter,0
10023456783,2024-12-23 03:00:00,2024-12-23,03:00:00,0.3534,Monday,3,12,Winter,0
10023456783,2024-12-23 04:00:00,2024-12-23,04:00:00,0.3396,Monday,4,12,Winter,0
10023456783,2024-12-23 05:00:00,2024-12-23,05:00:00,0.3792,Monday,5,12,Winter,0
10023456783,2024-12-23 06:00:00,2024-12-23,06:00:00,0.8721,Monday,6,12,Winter,0
10023456783,2024-12-23 07:00:00,2024-12-23,07:00:00,1.1946,Monday,7,12,Winter,0
10023456783,2024-12-23 08:00:00,2024-12-23,08:00:00,1.5340,Monday,8,12,Winter,0
10023456783,2024-12-23 09:00:00,2024-12-23,09:00:00,1.3258,Monday,9,12,Winter,0
10023456783,2024-12-23 10:00:00,2024-12-23,10:00:00,0.8983,Monday,10,12,Winter,0
10023456783,2024-12-23 11:00:00,2024-12-23,11:00:00,0.7491,Monday,11,12,Winter,0
10023456783,2024-12-23 12:00:00,2024-12-23,12:00:00,0.9039,Monday,12,12,Winter,0
10023456783,2024-12-23 13:00:00,2024-12-23,13:00:00,0.9037,Monday,13,12,Winter,0
10023456783,2024-12-23 14:00:00,2024-12-23,14:00:00,0.9600,Monday,14,12,Winter,0
10023456783,2024-12-23 15:00:00,2024-12-23,15:00:00,1.1107,Monday,15,12,Winter,0
10023456783,2024-12-23 16:00:00,2024-12-23,16:00:00,0.8849,Monday,16,12,Winter,0
10023456783,2024-12-23 17:00:00,2024-12-23,17:00:00,1.5747,Monday,17,12,Winter,0
10023456783,2024-12-23 18:00:00,2024-12-23,18:00:00,1.7283,Monday,18,12,Winter,0
10023456783,2024-12-23 19:00:00,2024-12-23,19:00:00,1.8347,Monday,19,12,Winter,0
10023456783,2024-12-23 20:00:00,2024-12-23,20:00:00,1.9766,Monday,20,12,Winter,0
10023456783,2024-12-23 21:00:00,2024-12-23,21:00:00,1.6657,Monday,21,12,Winter,0
10023456783,2024-12-23 22:00:00,2024-12-23,22:00:00,1.1592,Monday,22,12,Winter,0
10023456783,2024-12-23 23:00:00,2024-12-23,23:00:00,0.8305,Monday,23,12,Winter,0
10023456783,2024-12-24 00:00:00,2024-12-24,00:00:00,0.4572,Tuesday,0,12,Winter,0
10023456783,2024-12-24 01:00:00,2024-12-24,01:00:00,0.4270,Tuesday,1,12,Winter,0
10023456783,2024-12-24 02:00:00,2024-12-24,02:00:00,0.3612,Tuesday,2,12,Winter,0
10023456783,2024-12-24 03:00:00,2024-12-24,03:00:00,0.4042,Tuesday,3,12,Winter,0
10023456783,2024-12-24 04:00:00,2024-12-24,04:00:00,0.5304,Tuesday,4,12,Winter,0
10023456783,2024-12-24 05:00:00,2024-12-24,05:00:00,0.4753,Tuesday,5,12,Winter,0
10023456783,2024-12-24 06:00:00,2024-12-24,06:00:00,0.8144,Tuesday,6,12,Winter,0
10023456783,2024-12-24 07:00:00,2024-12-24,07:00:00,1.3801,Tuesday,7,12,Winter,0
10023456783,2024-12-24 08:00:00,2024-12-24,08:00:00,1.4724,Tuesday,8,12,Winter,0
10023456783,2024-12-24 09:00:00,2024-12-24,09:00:00,1.2937,Tuesday,9,12,Winter,0
10023456783,2024-12-24 10:00:00,2024-12-24,10:00:00,1.1583,Tuesday,10,12,Winter,0
10023456783,2024-12-24 11:00:00,2024-12-24,11:00:00,0.9405,Tuesday,11,12,Winter,0
10023456783,2024-12-24 12:00:00,2024-12-24,12:00:00,1.2022,Tuesday,12,12,Winter,0
10023456783,2024-12-24 13:00:00,2024-12-24,13:00:00,1.2021,Tuesday,13,12,Winter,0
10023456783,2024-12-24 14:00:00,2024-12-24,14:00:00,0.9045,Tuesday,14,12,Winter,0
10023456783,2024-12-24 15:00:00,2024-12-24,15:00:00,1.0787,Tuesday,15,12,Winter,0
10023456783,2024-12-24 16:00:00,2024-12-24,16:00:00,1.2595,Tuesday,16,12,Winter,0
10023456783,2024-12-24 17:00:00,2024-12-24,17:00:00,1.3638,Tuesday,17,12,Winter,0
10023456783,2024-12-24 18:00:00,2024-12-24,18:00:00,2.0734,Tuesday,18,12,Winter,0
10023456783,2024-12-24 19:00:00,2024-12-24,19:00:00,2.0845,Tuesday,19,12,Winter,0
10023456783,2024-12-24 20:00:00,2024-12-24,20:00:00,1.9190,Tuesday,20,12,Winter,0
10023456783,2024-12-24 21:00:00,2024-12-24,21:00:00,1.6839,Tuesday,21,12,Winter,0
10023456783,2024-12-24 22:00:00,2024-12-24,22:00:00,1.3521,Tuesday,22,12,Winter,0
10023456783,2024-12-24 23:00:00,2024-12-24,23:00:00,0.6374,Tuesday,23,12,Winter,0
10023456783,2024-12-25 00:00:00,2024-12-25,00:00:00,0.4866,Wednesday,0,12,Winter,0
10023456783,2024-12-25 01:00:00,2024-12-25,01:00:00,0.4962,Wednesday,1,12,Winter,0
10023456783,2024-12-25 02:00:00,2024-12-25,02:00:00,0.3988,Wednesday,2,12,Winter,0
10023456783,2024-12-25 03:00:00,2024-12-25,03:00:00,0.3648,Wednesday,3,12,Winter,0
10023456783,2024-12-25 04:00:00,2024-12-25,04:00:00,0.4136,Wednesday,4,12,Winter,0
10023456783,2024-12-25 05:00:00,2024-12-25,05:00:00,0.7150,Wednesday,5,12,Winter,0
10023456783,2024-12-25 06:00:00,2024-12-25,06:00:00,0.9659,Wednesday,6,12,Winter,0
10023456783,2024-12-25 07:00:00,2024-12-25,07:00:00,1.3643,Wednesday,7,12,Winter,0
10023456783,2024-12-25 08:00:00,2024-12-25,08:00:00,1.4545,Wednesday,8,12,Winter,0
10023456783,2024-12-25 09:00:00,2024-12-25,09:00:00,1.3245,Wednesday,9,12,Winter,0
10023456783,2024-12-25 10:00:00,2024-12-25,10:00:00,1.0743,Wednesday,10,12,Winter,0
10023456783,2024-12-25 11:00:00,2024-12-25,11:00:00,0.9736,Wednesday,11,12,Winter,0
10023456783,2024-12-25 12:00:00,2024-12-25,12:00:00,0.9204,Wednesday,12,12,Winter,0
10023456783,2024-12-25 13:00:00,2024-12-25,13:00:00,0.9555,Wednesday,13,12,Winter,0
10023456783,2024-12-25 14:00:00,2024-12-25,14:00:00,0.9926,Wednesday,14,12,Winter,0
10023456783,2024-12-25 15:00:00,2024-12-25,15:00:00,1.0113,Wednesday,15,12,Winter,0
10023456783,2024-12-25 16:00:00,2024-12-25,16:00:00,1.0811,Wednesday,16,12,Winter,0
10023456783,2024-12-25 17:00:00,2024-12-25,17:00:00,1.6960,Wednesday,17,12,Winter,0
10023456783,2024-12-25 18:00:00,2024-12-25,18:00:00,2.1904,Wednesday,18,12,Winter,0
10023456783,2024-12-25 19:00:00,2024-12-25,19:00:00,2.0354,Wednesday,19,12,Winter,0
10023456783,2024-12-25 20:00:00,2024-12-25,20:00:00,2.0608,Wednesday,20,12,Winter,0
10023456783,2024-12-25 21:00:00,2024-12-25,21:00:00,1.9297,Wednesday,21,12,Winter,0
10023456783,2024-12-25 22:00:00,2024-12-25,22:00:00,1.1810,Wednesday,22,12,Winter,0
10023456783,2024-12-25 23:00:00,2024-12-25,23:00:00,0.9002,Wednesday,23,12,Winter,0
10023456783,2024-12-26 00:00:00,2024-12-26,00:00:00,0.4504,Thursday,0,12,Winter,0
10023456783,2024-12-26 01:00:00,2024-12-26,01:00:00,0.4673,Thursday,1,12,Winter,0
10023456783,2024-12-26 02:00:00,2024-12-26,02:00:00,0.3665,Thursday,2,12,Winter,0
10023456783,2024-12-26 03:00:00,2024-12-26,03:00:00,0.3873,Thursday,3,12,Winter,0
10023456783,2024-12-26 04:00:00,2024-12-26,04:00:00,0.4866,Thursday,4,12,Winter,0
10023456783,2024-12-26 05:00:00,2024-12-26,05:00:00,0.5818,Thursday,5,12,Winter,0
10023456783,2024-12-26 06:00:00,2024-12-26,06:00:00,1.1564,Thursday,6,12,Winter,0
10023456783,2024-12-26 07:00:00,2024-12-26,07:00:00,1.5478,Thursday,7,12,Winter,0
10023456783,2024-12-26 08:00:00,2024-12-26,08:00:00,1.6413,Thursday,8,12,Winter,0
10023456783,2024-12-26 09:00:00,2024-12-26,09:00:00,1.2876,Thursday,9,12,Winter,0
10023456783,2024-12-26 10:00:00,2024-12-26,10:00:00,1.0643,Thursday,10,12,Winter,0
10023456783,2024-12-26 11:00:00,2024-12-26,11:00:00,1.1202,Thursday,11,12,Winter,0
10023456783,2024-12-26 12:00:00,2024-12-26,12:00:00,1.0057,Thursday,12,12,Winter,0
10023456783,2024-12-26 13:00:00,2024-12-26,13:00:00,1.0733,Thursday,13,12,Winter,0
10023456783,2024-12-26 14:00:00,2024-12-26,14:00:00,1.4058,Thursday,14,12,Winter,0
10023456783,2024-12-26 15:00:00,2024-12-26,15:00:00,1.1157,Thursday,15,12,Winter,0
10023456783,2024-12-26 16:00:00,2024-12-26,16:00:00,1.1857,Thursday,16,12,Winter,0
10023456783,2024-12-26 17:00:00,2024-12-26,17:00:00,1.4932,Thursday,17,12,Winter,0
10023456783,2024-12-26 18:00:00,2024-12-26,18:00:00,1.8086,Thursday,18,12,Winter,0
10023456783,2024-12-26 19:00:00,2024-12-26,19:00:00,1.9075,Thursday,19,12,Winter,0
10023456783,2024-12-26 20:00:00,2024-12-26,20:00:00,2.6089,Thursday,20,12,Winter,0
10023456783,2024-12-26 21:00:00,2024-12-26,21:00:00,2.0538,Thursday,21,12,Winter,0
10023456783,2024-12-26 22:00:00,2024-12-26,22:00:00,1.4517,Thursday,22,12,Winter,0
10023456783,2024-12-26 23:00:00,2024-12-26,23:00:00,0.9537,Thursday,23,12,Winter,0
10023456783,2024-12-27 00:00:00,2024-12-27,00:00:00,0.4470,Friday,0,12,Winter,0
10023456783,2024-12-27 01:00:00,2024-12-27,01:00:00,0.3247,Friday,1,12,Winter,0
10023456783,2024-12-27 02:00:00,2024-12-27,02:00:00,0.3199,Friday,2,12,Winter,0
10023456783,2024-12-27 03:00:00,2024-12-27,03:00:00,0.2389,Friday,3,12,Winter,0
10023456783,2024-12-27 04:00:00,2024-12-27,04:00:00,3.3951,Friday,4,12,Winter,1
10023456783,2024-12-27 05:00:00,2024-12-27,05:00:00,0.6441,Friday,5,12,Winter,0
10023456783,2024-12-27 06:00:00,2024-12-27,06:00:00,1.0318,Friday,6,12,Winter,0
10023456783,2024-12-27 07:00:00,2024-12-27,07:00:00,1.3614,Friday,7,12,Winter,0
10023456783,2024-12-27 08:00:00,2024-12-27,08:00:00,1.1193,Friday,8,12,Winter,0
10023456783,2024-12-27 09:00:00,2024-12-27,09:00:00,1.1290,Friday,9,12,Winter,0
10023456783,2024-12-27 10:00:00,2024-12-27,10:00:00,0.9391,Friday,10,12,Winter,0
10023456783,2024-12-27 11:00:00,2024-12-27,11:00:00,0.7438,Friday,11,12,Winter,0
10023456783,2024-12-27 12:00:00,2024-12-27,12:00:00,1.0208,Friday,12,12,Winter,0
10023456783,2024-12-27 13:00:00,2024-12-27,13:00:00,1.0008,Friday,13,12,Winter,0
10023456783,2024-12-27 14:00:00,2024-12-27,14:00:00,0.8589,Friday,14,12,Winter,0
10023456783,2024-12-27 15:00:00,2024-12-27,15:00:00,0.9757,Friday,15,12,Winter,0
10023456783,2024-12-27 16:00:00,2024-12-27,16:00:00,1.0473,Friday,16,12,Winter,0
10023456783,2024-12-27 17:00:00,2024-12-27,17:00:00,1.2238,Friday,17,12,Winter,0
10023456783,2024-12-27 18:00:00,2024-12-27,18:00:00,1.8068,Friday,18,12,Winter,0
10023456783,2024-12-27 19:00:00,2024-12-27,19:00:00,2.0928,Friday,19,12,Winter,0
10023456783,2024-12-27 20:00:00,2024-12-27,20:00:00,1.9046,Friday,20,12,Winter,0
10023456783,2024-12-27 21:00:00,2024-12-27,21:00:00,1.6803,Friday,21,12,Winter,0
10023456783,2024-12-27 22:00:00,2024-12-27,22:00:00,1.2631,Friday,22,12,Winter,0
10023456783,2024-12-27 23:00:00,2024-12-27,23:00:00,0.6385,Friday,23,12,Winter,0
10023456783,2024-12-28 00:00:00,2024-12-28,00:00:00,0.4290,Saturday,0,12,Winter,0
10023456783,2024-12-28 01:00:00,2024-12-28,01:00:00,3.6148,Saturday,1,12,Winter,1
10023456783,2024-12-28 02:00:00,2024-12-28,02:00:00,0.2804,Saturday,2,12,Winter,0
10023456783,2024-12-28 03:00:00,2024-12-28,03:00:00,0.3324,Saturday,3,12,Winter,0
10023456783,2024-12-28 04:00:00,2024-12-28,04:00:00,0.3685,Saturday,4,12,Winter,0
10023456783,2024-12-28 05:00:00,2024-12-28,05:00:00,0.3899,Saturday,5,12,Winter,0
10023456783,2024-12-28 06:00:00,2024-12-28,06:00:00,0.5602,Saturday,6,12,Winter,0
10023456783,2024-12-28 07:00:00,2024-12-28,07:00:00,0.8994,Saturday,7,12,Winter,0
10023456783,2024-12-28 08:00:00,2024-12-28,08:00:00,1.1948,Saturday,8,12,Winter,0
10023456783,2024-12-28 09:00:00,2024-12-28,09:00:00,1.3917,Saturday,9,12,Winter,0
10023456783,2024-12-28 10:00:00,2024-12-28,10:00:00,1.3141,Saturday,10,12,Winter,0
10023456783,2024-12-28 11:00:00,2024-12-28,11:00:00,1.1608,Saturday,11,12,Winter,0
10023456783,2024-12-28 12:00:00,2024-12-28,12:00:00,0.9931,Saturday,12,12,Winter,0
10023456783,2024-12-28 13:00:00,2024-12-28,13:00:00,0.9576,Saturday,13,12,Winter,0
10023456783,2024-12-28 14:00:00,2024-12-28,14:00:00,1.0257,Saturday,14,12,Winter,0
10023456783,2024-12-28 15:00:00,2024-12-28,15:00:00,1.0203,Saturday,15,12,Winter,0
10023456783,2024-12-28 16:00:00,2024-12-28,16:00:00,0.9573,Saturday,16,12,Winter,0
10023456783,2024-12-28 17:00:00,2024-12-28,17:00:00,1.2248,Saturday,17,12,Winter,0
10023456783,2024-12-28 18:00:00,2024-12-28,18:00:00,1.3779,Saturday,18,12,Winter,0
10023456783,2024-12-28 19:00:00,2024-12-28,19:00:00,1.5731,Saturday,19,12,Winter,0
10023456783,2024-12-28 20:00:00,2024-12-28,20:00:00,1.7708,Saturday,20,12,Winter,0
10023456783,2024-12-28 21:00:00,2024-12-28,21:00:00,1.3113,Saturday,21,12,Winter,0
10023456783,2024-12-28 22:00:00,2024-12-28,22:00:00,1.0133,Saturday,22,12,Winter,0
10023456783,2024-12-28 23:00:00,2024-12-28,23:00:00,0.6551,Saturday,23,12,Winter,0
10023456783,2024-12-29 00:00:00,2024-12-29,00:00:00,0.4130,Sunday,0,12,Winter,0
10023456783,2024-12-29 01:00:00,2024-12-29,01:00:00,0.3510,Sunday,1,12,Winter,0
10023456783,2024-12-29 02:00:00,2024-12-29,02:00:00,0.3547,Sunday,2,12,Winter,0
10023456783,2024-12-29 03:00:00,2024-12-29,03:00:00,0.2963,Sunday,3,12,Winter,0
10023456783,2024-12-29 04:00:00,2024-12-29,04:00:00,0.3420,Sunday,4,12,Winter,0
10023456783,2024-12-29 05:00:00,2024-12-29,05:00:00,4.7740,Sunday,5,12,Winter,1
10023456783,2024-12-29 06:00:00,2024-12-29,06:00:00,0.7435,Sunday,6,12,Winter,0
10023456783,2024-12-29 07:00:00,2024-12-29,07:00:00,0.8620,Sunday,7,12,Winter,0
10023456783,2024-12-29 08:00:00,2024-12-29,08:00:00,1.3337,Sunday,8,12,Winter,0
10023456783,2024-12-29 09:00:00,2024-12-29,09:00:00,1.1918,Sunday,9,12,Winter,0
10023456783,2024-12-29 10:00:00,2024-12-29,10:00:00,1.3217,Sunday,10,12,Winter,0
10023456783,2024-12-29 11:00:00,2024-12-29,11:00:00,1.2293,Sunday,11,12,Winter,0
10023456783,2024-12-29 12:00:00,2024-12-29,12:00:00,1.1876,Sunday,12,12,Winter,0
10023456783,2024-12-29 13:00:00,2024-12-29,13:00:00,0.9454,Sunday,13,12,Winter,0
10023456783,2024-12-29 14:00:00,2024-12-29,14:00:00,1.1497,Sunday,14,12,Winter,0
10023456783,2024-12-29 15:00:00,2024-12-29,15:00:00,1.1539,Sunday,15,12,Winter,0
10023456783,2024-12-29 16:00:00,2024-12-29,16:00:00,1.1450,Sunday,16,12,Winter,0
10023456783,2024-12-29 17:00:00,2024-12-29,17:00:00,1.5078,Sunday,17,12,Winter,0
10023456783,2024-12-29 18:00:00,2024-12-29,18:00:00,1.8283,Sunday,18,12,Winter,0
10023456783,2024-12-29 19:00:00,2024-12-29,19:00:00,1.5567,Sunday,19,12,Winter,0
10023456783,2024-12-29 20:00:00,2024-12-29,20:00:00,1.8600,Sunday,20,12,Winter,0
10023456783,2024-12-29 21:00:00,2024-12-29,21:00:00,1.6690,Sunday,21,12,Winter,0
10023456783,2024-12-29 22:00:00,2024-12-29,22:00:00,1.4867,Sunday,22,12,Winter,0
10023456783,2024-12-29 23:00:00,2024-12-29,23:00:00,0.8427,Sunday,23,12,Winter,0
10023456783,2024-12-30 00:00:00,2024-12-30,00:00:00,0.4004,Monday,0,12,Winter,0
10023456783,2024-12-30 01:00:00,2024-12-30,01:00:00,0.3004,Monday,1,12,Winter,0
10023456783,2024-12-30 02:00:00,2024-12-30,02:00:00,0.3969,Monday,2,12,Winter,0
10023456783,2024-12-30 03:00:00,2024-12-30,03:00:00,0.2457,Monday,3,12,Winter,0
10023456783,2024-12-30 04:00:00,2024-12-30,04:00:00,0.3813,Monday,4,12,Winter,0
10023456783,2024-12-30 05:00:00,2024-12-30,05:00:00,0.5234,Monday,5,12,Winter,0
10023456783,2024-12-30 06:00:00,2024-12-30,06:00:00,1.0009,Monday,6,12,Winter,0
10023456783,2024-12-30 07:00:00,2024-12-30,07:00:00,3.3190,Monday,7,12,Winter,1
10023456783,2024-12-30 08:00:00,2024-12-30,08:00:00,1.5197,Monday,8,12,Winter,0
10023456783,2024-12-30 09:00:00,2024-12-30,09:00:00,1.0991,Monday,9,12,Winter,0
10023456783,2024-12-30 10:00:00,2024-12-30,10:00:00,1.0383,Monday,10,12,Winter,0
10023456783,2024-12-30 11:00:00,2024-12-30,11:00:00,0.8840,Monday,11,12,Winter,0
10023456783,2024-12-30 12:00:00,2024-12-30,12:00:00,0.9929,Monday,12,12,Winter,0
10023456783,2024-12-30 13:00:00,2024-12-30,13:00:00,0.9708,Monday,13,12,Winter,0
10023456783,2024-12-30 14:00:00,2024-12-30,14:00:00,0.8224,Monday,14,12,Winter,0
10023456783,2024-12-30 15:00:00,2024-12-30,15:00:00,1.0344,Monday,15,12,Winter,0
10023456783,2024-12-30 16:00:00,2024-12-30,16:00:00,1.2395,Monday,16,12,Winter,0
10023456783,2024-12-30 17:00:00,2024-12-30,17:00:00,1.3537,Monday,17,12,Winter,0
10023456783,2024-12-30 18:00:00,2024-12-30,18:00:00,2.1712,Monday,18,12,Winter,0
10023456783,2024-12-30 19:00:00,2024-12-30,19:00:00,2.0890,Monday,19,12,Winter,0
10023456783,2024-12-30 20:00:00,2024-12-30,20:00:00,1.9322,Monday,20,12,Winter,0
10023456783,2024-12-30 21:00:00,2024-12-30,21:00:00,1.6619,Monday,21,12,Winter,0
10023456783,2024-12-30 22:00:00,2024-12-30,22:00:00,1.1553,Monday,22,12,Winter,0
10023456783,2024-12-30 23:00:00,2024-12-30,23:00:00,0.7903,Monday,23,12,Winter,0
10023456783,2024-12-31 00:00:00,2024-12-31,00:00:00,0.4010,Tuesday,0,12,Winter,0
10023456783,2024-12-31 01:00:00,2024-12-31,01:00:00,0.4201,Tuesday,1,12,Winter,0
10023456783,2024-12-31 02:00:00,2024-12-31,02:00:00,0.3819,Tuesday,2,12,Winter,0
10023456783,2024-12-31 03:00:00,2024-12-31,03:00:00,0.3672,Tuesday,3,12,Winter,0
10023456783,2024-12-31 04:00:00,2024-12-31,04:00:00,0.4031,Tuesday,4,12,Winter,0
10023456783,2024-12-31 05:00:00,2024-12-31,05:00:00,0.5272,Tuesday,5,12,Winter,0
10023456783,2024-12-31 06:00:00,2024-12-31,06:00:00,0.9204,Tuesday,6,12,Winter,0
10023456783,2024-12-31 07:00:00,2024-12-31,07:00:00,1.2378,Tuesday,7,12,Winter,0
10023456783,2024-12-31 08:00:00,2024-12-31,08:00:00,1.9955,Tuesday,8,12,Winter,0
10023456783,2024-12-31 09:00:00,2024-12-31,09:00:00,1.1629,Tuesday,9,12,Winter,0
10023456783,2024-12-31 10:00:00,2024-12-31,10:00:00,1.2238,Tuesday,10,12,Winter,0
10023456783,2024-12-31 11:00:00,2024-12-31,11:00:00,0.8813,Tuesday,11,12,Winter,0
10023456783,2024-12-31 12:00:00,2024-12-31,12:00:00,0.8503,Tuesday,12,12,Winter,0
10023456783,2024-12-31 13:00:00,2024-12-31,13:00:00,1.0114,Tuesday,13,12,Winter,0
10023456783,2024-12-31 14:00:00,2024-12-31,14:00:00,1.0455,Tuesday,14,12,Winter,0
10023456783,2024-12-31 15:00:00,2024-12-31,15:00:00,1.0879,Tuesday,15,12,Winter,0
10023456783,2024-12-31 16:00:00,2024-12-31,16:00:00,1.1324,Tuesday,16,12,Winter,0
10023456783,2024-12-31 17:00:00,2024-12-31,17:00:00,1.5832,Tuesday,17,12,Winter,0
10023456783,2024-12-31 18:00:00,2024-12-31,18:00:00,1.7249,Tuesday,18,12,Winter,0
10023456783,2024-12-31 19:00:00,2024-12-31,19:00:00,2.0973,Tuesday,19,12,Winter,0
10023456783,2024-12-31 20:00:00,2024-12-31,20:00:00,2.0549,Tuesday,20,12,Winter,0
10023456783,2024-12-31 21:00:00,2024-12-31,21:00:00,1.7922,Tuesday,21,12,Winter,0
10023456783,2024-12-31 22:00:00,2024-12-31,22:00:00,1.1475,Tuesday,22,12,Winter,0
10023456783,2024-12-31 23:00:00,2024-12-31,23:00:00,0.7082,Tuesday,23,12,Winter,0
