consumer_number,timestamp,date,time,consumption_kwh,day_of_week,hour,month,season,ground_truth_anomaly
10023456784,2024-01-01 00:00:00,2024-01-01,00:00:00,0.4075,Monday,0,1,Winter,0
10023456784,2024-01-01 01:00:00,2024-01-01,01:00:00,0.3360,Monday,1,1,Winter,0
10023456784,2024-01-01 02:00:00,2024-01-01,02:00:00,0.3561,Monday,2,1,Winter,0
10023456784,2024-01-01 03:00:00,2024-01-01,03:00:00,0.3590,Monday,3,1,Winter,0
10023456784,2024-01-01 04:00:00,2024-01-01,04:00:00,0.2933,Monday,4,1,Winter,0
10023456784,2024-01-01 05:00:00,2024-01-01,05:00:00,0.5919,Monday,5,1,Winter,0
10023456784,2024-01-01 06:00:00,2024-01-01,06:00:00,0.9474,Monday,6,1,Winter,0
10023456784,2024-01-01 07:00:00,2024-01-01,07:00:00,1.3932,Monday,7,1,Winter,0
10023456784,2024-01-01 08:00:00,2024-01-01,08:00:00,1.6797,Monday,8,1,Winter,0
10023456784,2024-01-01 09:00:00,2024-01-01,09:00:00,1.1889,Monday,9,1,Winter,0
10023456784,2024-01-01 10:00:00,2024-01-01,10:00:00,1.0165,Monday,10,1,Winter,0
10023456784,2024-01-01 11:00:00,2024-01-01,11:00:00,0.9125,Monday,11,1,Winter,0
10023456784,2024-01-01 12:00:00,2024-01-01,12:00:00,0.8972,Monday,12,1,Winter,0
10023456784,2024-01-01 13:00:00,2024-01-01,13:00:00,1.1547,Monday,13,1,Winter,0
10023456784,2024-01-01 14:00:00,2024-01-01,14:00:00,1.1441,Monday,14,1,Winter,0
10023456784,2024-01-01 15:00:00,2024-01-01,15:00:00,0.8264,Monday,15,1,Winter,0
10023456784,2024-01-01 16:00:00,2024-01-01,16:00:00,0.2235,Monday,16,1,Winter,1
10023456784,2024-01-01 17:00:00,2024-01-01,17:00:00,1.6894,Monday,17,1,Winter,0
10023456784,2024-01-01 18:00:00,2024-01-01,18:00:00,1.7861,Monday,18,1,Winter,0
10023456784,2024-01-01 19:00:00,2024-01-01,19:00:00,2.3735,Monday,19,1,Winter,0
10023456784,2024-01-01 20:00:00,2024-01-01,20:00:00,2.0245,Monday,20,1,Winter,0
10023456784,2024-01-01 21:00:00,2024-01-01,21:00:00,1.8725,Monday,21,1,Winter,0
10023456784,2024-01-01 22:00:00,2024-01-01,22:00:00,1.0608,Monday,22,1,Winter,0
10023456784,2024-01-01 23:00:00,2024-01-01,23:00:00,0.9058,Monday,23,1,Winter,0
10023456784,2024-01-02 00:00:00,2024-01-02,00:00:00,0.4064,Tuesday,0,1,Winter,0
10023456784,2024-01-02 01:00:00,2024-01-02,01:00:00,0.3377,Tuesday,1,1,Winter,0
10023456784,2024-01-02 02:00:00,2024-01-02,02:00:00,0.4242,Tuesday,2,1,Winter,0
10023456784,2024-01-02 03:00:00,2024-01-02,03:00:00,0.4366,Tuesday,3,1,Winter,0
10023456784,2024-01-02 04:00:00,2024-01-02,04:00:00,0.5098,Tuesday,4,1,Winter,0
10023456784,2024-01-02 05:00:00,2024-01-02,05:00:00,0.7642,Tuesday,5,1,Winter,0
10023456784,2024-01-02 06:00:00,2024-01-02,06:00:00,1.3632,Tuesday,6,1,Winter,0
10023456784,2024-01-02 07:00:00,2024-01-02,07:00:00,1.7232,Tuesday,7,1,Winter,0
10023456784,2024-01-02 08:00:00,2024-01-02,08:00:00,2.1812,Tuesday,8,1,Winter,0
10023456784,2024-01-02 09:00:00,2024-01-02,09:00:00,1.7844,Tuesday,9,1,Winter,0
10023456784,2024-01-02 10:00:00,2024-01-02,10:00:00,1.1879,Tuesday,10,1,Winter,0
10023456784,2024-01-02 11:00:00,2024-01-02,11:00:00,0.9854,Tuesday,11,1,Winter,0
10023456784,2024-01-02 12:00:00,2024-01-02,12:00:00,0.9953,Tuesday,12,1,Winter,0
10023456784,2024-01-02 13:00:00,2024-01-02,13:00:00,1.1885,Tuesday,13,1,Winter,0
10023456784,2024-01-02 14:00:00,2024-01-02,14:00:00,1.3983,Tuesday,14,1,Winter,0
10023456784,2024-01-02 15:00:00,2024-01-02,15:00:00,1.5356,Tuesday,15,1,Winter,0
10023456784,2024-01-02 16:00:00,2024-01-02,16:00:00,1.2140,Tuesday,16,1,Winter,0
10023456784,2024-01-02 17:00:00,2024-01-02,17:00:00,2.2810,Tuesday,17,1,Winter,0
10023456784,2024-01-02 18:00:00,2024-01-02,18:00:00,1.8945,Tuesday,18,1,Winter,0
10023456784,2024-01-02 19:00:00,2024-01-02,19:00:00,2.2119,Tuesday,19,1,Winter,0
10023456784,2024-01-02 20:00:00,2024-01-02,20:00:00,2.2001,Tuesday,20,1,Winter,0
10023456784,2024-01-02 21:00:00,2024-01-02,21:00:00,2.5893,Tuesday,21,1,Winter,0
10023456784,2024-01-02 22:00:00,2024-01-02,22:00:00,1.5013,Tuesday,22,1,Winter,0
10023456784,2024-01-02 23:00:00,2024-01-02,23:00:00,1.0705,Tuesday,23,1,Winter,0
10023456784,2024-01-03 00:00:00,2024-01-03,00:00:00,0.4829,Wednesday,0,1,Winter,0
10023456784,2024-01-03 01:00:00,2024-01-03,01:00:00,0.3962,Wednesday,1,1,Winter,0
10023456784,2024-01-03 02:00:00,2024-01-03,02:00:00,0.4298,Wednesday,2,1,Winter,0
10023456784,2024-01-03 03:00:00,2024-01-03,03:00:00,0.3594,Wednesday,3,1,Winter,0
10023456784,2024-01-03 04:00:00,2024-01-03,04:00:00,0.4338,Wednesday,4,1,Winter,0
10023456784,2024-01-03 05:00:00,2024-01-03,05:00:00,0.6061,Wednesday,5,1,Winter,0
10023456784,2024-01-03 06:00:00,2024-01-03,06:00:00,1.5356,Wednesday,6,1,Winter,0
10023456784,2024-01-03 07:00:00,2024-01-03,07:00:00,1.3195,Wednesday,7,1,Winter,0
10023456784,2024-01-03 08:00:00,2024-01-03,08:00:00,1.7474,Wednesday,8,1,Winter,0
10023456784,2024-01-03 09:00:00,2024-01-03,09:00:00,1.4003,Wednesday,9,1,Winter,0
10023456784,2024-01-03 10:00:00,2024-01-03,10:00:00,1.3679,Wednesday,10,1,Winter,0
10023456784,2024-01-03 11:00:00,2024-01-03,11:00:00,1.1746,Wednesday,11,1,Winter,0
10023456784,2024-01-03 12:00:00,2024-01-03,12:00:00,1.0945,Wednesday,12,1,Winter,0
10023456784,2024-01-03 13:00:00,2024-01-03,13:00:00,1.2609,Wednesday,13,1,Winter,0
10023456784,2024-01-03 14:00:00,2024-01-03,14:00:00,0.9788,Wednesday,14,1,Winter,0
10023456784,2024-01-03 15:00:00,2024-01-03,15:00:00,1.1060,Wednesday,15,1,Winter,0
10023456784,2024-01-03 16:00:00,2024-01-03,16:00:00,1.5229,Wednesday,16,1,Winter,0
10023456784,2024-01-03 17:00:00,2024-01-03,17:00:00,1.4888,Wednesday,17,1,Winter,0
10023456784,2024-01-03 18:00:00,2024-01-03,18:00:00,2.3540,Wednesday,18,1,Winter,0
10023456784,2024-01-03 19:00:00,2024-01-03,19:00:00,2.6796,Wednesday,19,1,Winter,0
10023456784,2024-01-03 20:00:00,2024-01-03,20:00:00,2.5275,Wednesday,20,1,Winter,0
10023456784,2024-01-03 21:00:00,2024-01-03,21:00:00,2.0685,Wednesday,21,1,Winter,0
10023456784,2024-01-03 22:00:00,2024-01-03,22:00:00,1.4509,Wednesday,22,1,Winter,0
10023456784,2024-01-03 23:00:00,2024-01-03,23:00:00,0.7683,Wednesday,23,1,Winter,0
10023456784,2024-01-04 00:00:00,2024-01-04,00:00:00,0.4912,Thursday,0,1,Winter,0
10023456784,2024-01-04 01:00:00,2024-01-04,01:00:00,0.3184,Thursday,1,1,Winter,0
10023456784,2024-01-04 02:00:00,2024-01-04,02:00:00,0.3011,Thursday,2,1,Winter,0
10023456784,2024-01-04 03:00:00,2024-01-04,03:00:00,0.3923,Thursday,3,1,Winter,0
10023456784,2024-01-04 04:00:00,2024-01-04,04:00:00,0.4811,Thursday,4,1,Winter,0
10023456784,2024-01-04 05:00:00,2024-01-04,05:00:00,0.5329,Thursday,5,1,Winter,0
10023456784,2024-01-04 06:00:00,2024-01-04,06:00:00,1.2065,Thursday,6,1,Winter,0
10023456784,2024-01-04 07:00:00,2024-01-04,07:00:00,1.4974,Thursday,7,1,Winter,0
10023456784,2024-01-04 08:00:00,2024-01-04,08:00:00,1.4708,Thursday,8,1,Winter,0
10023456784,2024-01-04 09:00:00,2024-01-04,09:00:00,1.5484,Thursday,9,1,Winter,0
10023456784,2024-01-04 10:00:00,2024-01-04,10:00:00,1.1967,Thursday,10,1,Winter,0
10023456784,2024-01-04 11:00:00,2024-01-04,11:00:00,1.0229,Thursday,11,1,Winter,0
10023456784,2024-01-04 12:00:00,2024-01-04,12:00:00,1.0726,Thursday,12,1,Winter,0
10023456784,2024-01-04 13:00:00,2024-01-04,13:00:00,1.3934,Thursday,13,1,Winter,0
10023456784,2024-01-04 14:00:00,2024-01-04,14:00:00,1.0129,Thursday,14,1,Winter,0
10023456784,2024-01-04 15:00:00,2024-01-04,15:00:00,1.0403,Thursday,15,1,Winter,0
10023456784,2024-01-04 16:00:00,2024-01-04,16:00:00,1.2061,Thursday,16,1,Winter,0
10023456784,2024-01-04 17:00:00,2024-01-04,17:00:00,1.7113,Thursday,17,1,Winter,0
10023456784,2024-01-04 18:00:00,2024-01-04,18:00:00,2.0767,Thursday,18,1,Winter,0
10023456784,2024-01-04 19:00:00,2024-01-04,19:00:00,2.6696,Thursday,19,1,Winter,0
10023456784,2024-01-04 20:00:00,2024-01-04,20:00:00,2.3699,Thursday,20,1,Winter,0
10023456784,2024-01-04 21:00:00,2024-01-04,21:00:00,2.0866,Thursday,21,1,Winter,0
10023456784,2024-01-04 22:00:00,2024-01-04,22:00:00,1.2854,Thursday,22,1,Winter,0
10023456784,2024-01-04 23:00:00,2024-01-04,23:00:00,1.0382,Thursday,23,1,Winter,0
10023456784,2024-01-05 00:00:00,2024-01-05,00:00:00,0.4716,Friday,0,1,Winter,0
10023456784,2024-01-05 01:00:00,2024-01-05,01:00:00,0.5831,Friday,1,1,Winter,0
10023456784,2024-01-05 02:00:00,2024-01-05,02:00:00,0.3261,Friday,2,1,Winter,0
10023456784,2024-01-05 03:00:00,2024-01-05,03:00:00,0.4095,Friday,3,1,Winter,0
10023456784,2024-01-05 04:00:00,2024-01-05,04:00:00,0.3785,Friday,4,1,Winter,0
10023456784,2024-01-05 05:00:00,2024-01-05,05:00:00,0.7717,Friday,5,1,Winter,0
10023456784,2024-01-05 06:00:00,2024-01-05,06:00:00,1.0330,Friday,6,1,Winter,0
10023456784,2024-01-05 07:00:00,2024-01-05,07:00:00,1.7636,Friday,7,1,Winter,0
10023456784,2024-01-05 08:00:00,2024-01-05,08:00:00,1.7688,Friday,8,1,Winter,0
10023456784,2024-01-05 09:00:00,2024-01-05,09:00:00,1.3979,Friday,9,1,Winter,0
10023456784,2024-01-05 10:00:00,2024-01-05,10:00:00,1.2683,Friday,10,1,Winter,0
10023456784,2024-01-05 11:00:00,2024-01-05,11:00:00,0.9761,Friday,11,1,Winter,0
10023456784,2024-01-05 12:00:00,2024-01-05,12:00:00,1.0620,Friday,12,1,Winter,0
10023456784,2024-01-05 13:00:00,2024-01-05,13:00:00,1.2537,Friday,13,1,Winter,0
10023456784,2024-01-05 14:00:00,2024-01-05,14:00:00,1.1397,Friday,14,1,Winter,0
10023456784,2024-01-05 15:00:00,2024-01-05,15:00:00,1.1513,Friday,15,1,Winter,0
10023456784,2024-01-05 16:00:00,2024-01-05,16:00:00,1.4081,Friday,16,1,Winter,0
10023456784,2024-01-05 17:00:00,2024-01-05,17:00:00,2.2439,Friday,17,1,Winter,0
10023456784,2024-01-05 18:00:00,2024-01-05,18:00:00,2.0431,Friday,18,1,Winter,0
10023456784,2024-01-05 19:00:00,2024-01-05,19:00:00,2.3874,Friday,19,1,Winter,0
10023456784,2024-01-05 20:00:00,2024-01-05,20:00:00,2.2629,Friday,20,1,Winter,0
10023456784,2024-01-05 21:00:00,2024-01-05,21:00:00,2.0193,Friday,21,1,Winter,0
10023456784,2024-01-05 22:00:00,2024-01-05,22:00:00,1.3021,Friday,22,1,Winter,0
10023456784,2024-01-05 23:00:00,2024-01-05,23:00:00,0.8538,Friday,23,1,Winter,0
10023456784,2024-01-06 00:00:00,2024-01-06,00:00:00,0.6340,Saturday,0,1,Winter,0
10023456784,2024-01-06 01:00:00,2024-01-06,01:00:00,0.4424,Saturday,1,1,Winter,0
10023456784,2024-01-06 02:00:00,2024-01-06,02:00:00,0.4203,Saturday,2,1,Winter,0
10023456784,2024-01-06 03:00:00,2024-01-06,03:00:00,0.3886,Saturday,3,1,Winter,0
10023456784,2024-01-06 04:00:00,2024-01-06,04:00:00,0.4332,Saturday,4,1,Winter,0
10023456784,2024-01-06 05:00:00,2024-01-06,05:00:00,0.5328,Saturday,5,1,Winter,0
10023456784,2024-01-06 06:00:00,2024-01-06,06:00:00,0.8391,Saturday,6,1,Winter,0
10023456784,2024-01-06 07:00:00,2024-01-06,07:00:00,1.1883,Saturday,7,1,Winter,0
10023456784,2024-01-06 08:00:00,2024-01-06,08:00:00,2.0188,Saturday,8,1,Winter,0
10023456784,2024-01-06 09:00:00,2024-01-06,09:00:00,1.9465,Saturday,9,1,Winter,0
10023456784,2024-01-06 10:00:00,2024-01-06,10:00:00,1.9943,Saturday,10,1,Winter,0
10023456784,2024-01-06 11:00:00,2024-01-06,11:00:00,1.5593,Saturday,11,1,Winter,0
10023456784,2024-01-06 12:00:00,2024-01-06,12:00:00,1.6848,Saturday,12,1,Winter,0
10023456784,2024-01-06 13:00:00,2024-01-06,13:00:00,1.5670,Saturday,13,1,Winter,0
10023456784,2024-01-06 14:00:00,2024-01-06,14:00:00,1.4759,Saturday,14,1,Winter,0
10023456784,2024-01-06 15:00:00,2024-01-06,15:00:00,1.3196,Saturday,15,1,Winter,0
10023456784,2024-01-06 16:00:00,2024-01-06,16:00:00,1.6325,Saturday,16,1,Winter,0
10023456784,2024-01-06 17:00:00,2024-01-06,17:00:00,1.8070,Saturday,17,1,Winter,0
10023456784,2024-01-06 18:00:00,2024-01-06,18:00:00,2.4754,Saturday,18,1,Winter,0
10023456784,2024-01-06 19:00:00,2024-01-06,19:00:00,2.4864,Saturday,19,1,Winter,0
10023456784,2024-01-06 20:00:00,2024-01-06,20:00:00,2.4954,Saturday,20,1,Winter,0
10023456784,2024-01-06 21:00:00,2024-01-06,21:00:00,1.8742,Saturday,21,1,Winter,0
10023456784,2024-01-06 22:00:00,2024-01-06,22:00:00,1.6797,Saturday,22,1,Winter,0
10023456784,2024-01-06 23:00:00,2024-01-06,23:00:00,1.2621,Saturday,23,1,Winter,0
10023456784,2024-01-07 00:00:00,2024-01-07,00:00:00,0.7193,Sunday,0,1,Winter,0
10023456784,2024-01-07 01:00:00,2024-01-07,01:00:00,0.6779,Sunday,1,1,Winter,0
10023456784,2024-01-07 02:00:00,2024-01-07,02:00:00,0.6541,Sunday,2,1,Winter,0
10023456784,2024-01-07 03:00:00,2024-01-07,03:00:00,0.6035,Sunday,3,1,Winter,0
10023456784,2024-01-07 04:00:00,2024-01-07,04:00:00,0.7082,Sunday,4,1,Winter,0
10023456784,2024-01-07 05:00:00,2024-01-07,05:00:00,0.6507,Sunday,5,1,Winter,0
10023456784,2024-01-07 06:00:00,2024-01-07,06:00:00,1.0219,Sunday,6,1,Winter,0
10023456784,2024-01-07 07:00:00,2024-01-07,07:00:00,0.2506,Sunday,7,1,Winter,1
10023456784,2024-01-07 08:00:00,2024-01-07,08:00:00,2.2236,Sunday,8,1,Winter,0
10023456784,2024-01-07 09:00:00,2024-01-07,09:00:00,2.8326,Sunday,9,1,Winter,0
10023456784,2024-01-07 10:00:00,2024-01-07,10:00:00,2.5276,Sunday,10,1,Winter,0
10023456784,2024-01-07 11:00:00,2024-01-07,11:00:00,2.1575,Sunday,11,1,Winter,0
10023456784,2024-01-07 12:00:00,2024-01-07,12:00:00,1.7548,Sunday,12,1,Winter,0
10023456784,2024-01-07 13:00:00,2024-01-07,13:00:00,1.8496,Sunday,13,1,Winter,0
10023456784,2024-01-07 14:00:00,2024-01-07,14:00:00,1.3868,Sunday,14,1,Winter,0
10023456784,2024-01-07 15:00:00,2024-01-07,15:00:00,1.7097,Sunday,15,1,Winter,0
10023456784,2024-01-07 16:00:00,2024-01-07,16:00:00,2.1016,Sunday,16,1,Winter,0
10023456784,2024-01-07 17:00:00,2024-01-07,17:00:00,2.3297,Sunday,17,1,Winter,0
10023456784,2024-01-07 18:00:00,2024-01-07,18:00:00,3.1279,Sunday,18,1,Winter,0
10023456784,2024-01-07 19:00:00,2024-01-07,19:00:00,3.6197,Sunday,19,1,Winter,0
10023456784,2024-01-07 20:00:00,2024-01-07,20:00:00,3.1029,Sunday,20,1,Winter,0
10023456784,2024-01-07 21:00:00,2024-01-07,21:00:00,2.7436,Sunday,21,1,Winter,0
10023456784,2024-01-07 22:00:00,2024-01-07,22:00:00,2.0068,Sunday,22,1,Winter,0
10023456784,2024-01-07 23:00:00,2024-01-07,23:00:00,1.8773,Sunday,23,1,Winter,0
10023456784,2024-01-08 00:00:00,2024-01-08,00:00:00,0.5578,Monday,0,1,Winter,0
10023456784,2024-01-08 01:00:00,2024-01-08,01:00:00,0.5599,Monday,1,1,Winter,0
10023456784,2024-01-08 02:00:00,2024-01-08,02:00:00,0.5410,Monday,2,1,Winter,0
10023456784,2024-01-08 03:00:00,2024-01-08,03:00:00,0.4707,Monday,3,1,Winter,0
10023456784,2024-01-08 04:00:00,2024-01-08,04:00:00,0.4741,Monday,4,1,Winter,0
10023456784,2024-01-08 05:00:00,2024-01-08,05:00:00,0.6456,Monday,5,1,Winter,0
10023456784,2024-01-08 06:00:00,2024-01-08,06:00:00,1.3527,Monday,6,1,Winter,0
10023456784,2024-01-08 07:00:00,2024-01-08,07:00:00,1.9802,Monday,7,1,Winter,0
10023456784,2024-01-08 08:00:00,2024-01-08,08:00:00,2.2314,Monday,8,1,Winter,0
10023456784,2024-01-08 09:00:00,2024-01-08,09:00:00,1.7856,Monday,9,1,Winter,0
10023456784,2024-01-08 10:00:00,2024-01-08,10:00:00,1.1546,Monday,10,1,Winter,0
10023456784,2024-01-08 11:00:00,2024-01-08,11:00:00,1.0526,Monday,11,1,Winter,0
10023456784,2024-01-08 12:00:00,2024-01-08,12:00:00,1.1661,Monday,12,1,Winter,0
10023456784,2024-01-08 13:00:00,2024-01-08,13:00:00,1.3294,Monday,13,1,Winter,0
10023456784,2024-01-08 14:00:00,2024-01-08,14:00:00,1.2569,Monday,14,1,Winter,0
10023456784,2024-01-08 15:00:00,2024-01-08,15:00:00,1.2339,Monday,15,1,Winter,0
10023456784,2024-01-08 16:00:00,2024-01-08,16:00:00,1.3833,Monday,16,1,Winter,0
10023456784,2024-01-08 17:00:00,2024-01-08,17:00:00,1.8697,Monday,17,1,Winter,0
10023456784,2024-01-08 18:00:00,2024-01-08,18:00:00,0.2655,Monday,18,1,Winter,1
10023456784,2024-01-08 19:00:00,2024-01-08,19:00:00,0.6364,Monday,19,1,Winter,1
10023456784,2024-01-08 20:00:00,2024-01-08,20:00:00,2.2306,Monday,20,1,Winter,0
10023456784,2024-01-08 21:00:00,2024-01-08,21:00:00,2.0824,Monday,21,1,Winter,0
10023456784,2024-01-08 22:00:00,2024-01-08,22:00:00,1.7386,Monday,22,1,Winter,0
10023456784,2024-01-08 23:00:00,2024-01-08,23:00:00,0.9735,Monday,23,1,Winter,0
10023456784,2024-01-09 00:00:00,2024-01-09,00:00:00,0.5224,Tuesday,0,1,Winter,0
10023456784,2024-01-09 01:00:00,2024-01-09,01:00:00,0.3718,Tuesday,1,1,Winter,0
10023456784,2024-01-09 02:00:00,2024-01-09,02:00:00,0.3114,Tuesday,2,1,Winter,0
10023456784,2024-01-09 03:00:00,2024-01-09,03:00:00,0.4003,Tuesday,3,1,Winter,0
10023456784,2024-01-09 04:00:00,2024-01-09,04:00:00,0.4264,Tuesday,4,1,Winter,0
10023456784,2024-01-09 05:00:00,2024-01-09,05:00:00,0.6456,Tuesday,5,1,Winter,0
10023456784,2024-01-09 06:00:00,2024-01-09,06:00:00,1.0750,Tuesday,6,1,Winter,0
10023456784,2024-01-09 07:00:00,2024-01-09,07:00:00,1.5715,Tuesday,7,1,Winter,0
10023456784,2024-01-09 08:00:00,2024-01-09,08:00:00,2.0688,Tuesday,8,1,Winter,0
10023456784,2024-01-09 09:00:00,2024-01-09,09:00:00,1.6353,Tuesday,9,1,Winter,0
10023456784,2024-01-09 10:00:00,2024-01-09,10:00:00,1.1379,Tuesday,10,1,Winter,0
10023456784,2024-01-09 11:00:00,2024-01-09,11:00:00,1.0694,Tuesday,11,1,Winter,0
10023456784,2024-01-09 12:00:00,2024-01-09,12:00:00,1.0056,Tuesday,12,1,Winter,0
10023456784,2024-01-09 13:00:00,2024-01-09,13:00:00,1.2316,Tuesday,13,1,Winter,0
10023456784,2024-01-09 14:00:00,2024-01-09,14:00:00,1.3320,Tuesday,14,1,Winter,0
10023456784,2024-01-09 15:00:00,2024-01-09,15:00:00,1.5458,Tuesday,15,1,Winter,0
10023456784,2024-01-09 16:00:00,2024-01-09,16:00:00,1.2701,Tuesday,16,1,Winter,0
10023456784,2024-01-09 17:00:00,2024-01-09,17:00:00,1.6024,Tuesday,17,1,Winter,0
10023456784,2024-01-09 18:00:00,2024-01-09,18:00:00,2.0796,Tuesday,18,1,Winter,0
10023456784,2024-01-09 19:00:00,2024-01-09,19:00:00,2.3481,Tuesday,19,1,Winter,0
10023456784,2024-01-09 20:00:00,2024-01-09,20:00:00,2.1356,Tuesday,20,1,Winter,0
10023456784,2024-01-09 21:00:00,2024-01-09,21:00:00,2.0216,Tuesday,21,1,Winter,0
10023456784,2024-01-09 22:00:00,2024-01-09,22:00:00,1.6013,Tuesday,22,1,Winter,0
10023456784,2024-01-09 23:00:00,2024-01-09,23:00:00,0.8292,Tuesday,23,1,Winter,0
10023456784,2024-01-10 00:00:00,2024-01-10,00:00:00,0.6264,Wednesday,0,1,Winter,0
10023456784,2024-01-10 01:00:00,2024-01-10,01:00:00,0.3454,Wednesday,1,1,Winter,0
10023456784,2024-01-10 02:00:00,2024-01-10,02:00:00,0.3901,Wednesday,2,1,Winter,0
10023456784,2024-01-10 03:00:00,2024-01-10,03:00:00,0.3463,Wednesday,3,1,Winter,0
10023456784,2024-01-10 04:00:00,2024-01-10,04:00:00,0.4140,Wednesday,4,1,Winter,0
10023456784,2024-01-10 05:00:00,2024-01-10,05:00:00,0.5684,Wednesday,5,1,Winter,0
10023456784,2024-01-10 06:00:00,2024-01-10,06:00:00,1.2817,Wednesday,6,1,Winter,0
10023456784,2024-01-10 07:00:00,2024-01-10,07:00:00,1.7390,Wednesday,7,1,Winter,0
10023456784,2024-01-10 08:00:00,2024-01-10,08:00:00,1.8257,Wednesday,8,1,Winter,0
10023456784,2024-01-10 09:00:00,2024-01-10,09:00:00,1.5020,Wednesday,9,1,Winter,0
10023456784,2024-01-10 10:00:00,2024-01-10,10:00:00,0.9818,Wednesday,10,1,Winter,0
10023456784,2024-01-10 11:00:00,2024-01-10,11:00:00,0.8727,Wednesday,11,1,Winter,0
10023456784,2024-01-10 12:00:00,2024-01-10,12:00:00,1.1104,Wednesday,12,1,Winter,0
10023456784,2024-01-10 13:00:00,2024-01-10,13:00:00,1.3065,Wednesday,13,1,Winter,0
10023456784,2024-01-10 14:00:00,2024-01-10,14:00:00,1.1992,Wednesday,14,1,Winter,0
10023456784,2024-01-10 15:00:00,2024-01-10,15:00:00,1.1618,Wednesday,15,1,Winter,0
10023456784,2024-01-10 16:00:00,2024-01-10,16:00:00,1.3805,Wednesday,16,1,Winter,0
10023456784,2024-01-10 17:00:00,2024-01-10,17:00:00,1.6567,Wednesday,17,1,Winter,0
10023456784,2024-01-10 18:00:00,2024-01-10,18:00:00,2.5588,Wednesday,18,1,Winter,0
10023456784,2024-01-10 19:00:00,2024-01-10,19:00:00,2.0008,Wednesday,19,1,Winter,0
10023456784,2024-01-10 20:00:00,2024-01-10,20:00:00,2.1837,Wednesday,20,1,Winter,0
10023456784,2024-01-10 21:00:00,2024-01-10,21:00:00,2.0253,Wednesday,21,1,Winter,0
10023456784,2024-01-10 22:00:00,2024-01-10,22:00:00,1.5027,Wednesday,22,1,Winter,0
10023456784,2024-01-10 23:00:00,2024-01-10,23:00:00,0.8007,Wednesday,23,1,Winter,0
10023456784,2024-01-11 00:00:00,2024-01-11,00:00:00,0.6036,Thursday,0,1,Winter,0
10023456784,2024-01-11 01:00:00,2024-01-11,01:00:00,0.5223,Thursday,1,1,Winter,0
10023456784,2024-01-11 02:00:00,2024-01-11,02:00:00,0.4615,Thursday,2,1,Winter,0
10023456784,2024-01-11 03:00:00,2024-01-11,03:00:00,0.3826,Thursday,3,1,Winter,0
10023456784,2024-01-11 04:00:00,2024-01-11,04:00:00,0.4271,Thursday,4,1,Winter,0
10023456784,2024-01-11 05:00:00,2024-01-11,05:00:00,0.7351,Thursday,5,1,Winter,0
10023456784,2024-01-11 06:00:00,2024-01-11,06:00:00,1.4582,Thursday,6,1,Winter,0
10023456784,2024-01-11 07:00:00,2024-01-11,07:00:00,2.0288,Thursday,7,1,Winter,0
10023456784,2024-01-11 08:00:00,2024-01-11,08:00:00,1.5726,Thursday,8,1,Winter,0
10023456784,2024-01-11 09:00:00,2024-01-11,09:00:00,1.6055,Thursday,9,1,Winter,0
10023456784,2024-01-11 10:00:00,2024-01-11,10:00:00,1.1705,Thursday,10,1,Winter,0
10023456784,2024-01-11 11:00:00,2024-01-11,11:00:00,1.1393,Thursday,11,1,Winter,0
10023456784,2024-01-11 12:00:00,2024-01-11,12:00:00,1.0027,Thursday,12,1,Winter,0
10023456784,2024-01-11 13:00:00,2024-01-11,13:00:00,1.6012,Thursday,13,1,Winter,0
10023456784,2024-01-11 14:00:00,2024-01-11,14:00:00,1.1336,Thursday,14,1,Winter,0
10023456784,2024-01-11 15:00:00,2024-01-11,15:00:00,1.2101,Thursday,15,1,Winter,0
10023456784,2024-01-11 16:00:00,2024-01-11,16:00:00,1.7211,Thursday,16,1,Winter,0
10023456784,2024-01-11 17:00:00,2024-01-11,17:00:00,2.1540,Thursday,17,1,Winter,0
10023456784,2024-01-11 18:00:00,2024-01-11,18:00:00,2.2994,Thursday,18,1,Winter,0
10023456784,2024-01-11 19:00:00,2024-01-11,19:00:00,2.1592,Thursday,19,1,Winter,0
10023456784,2024-01-11 20:00:00,2024-01-11,20:00:00,2.8002,Thursday,20,1,Winter,0
10023456784,2024-01-11 21:00:00,2024-01-11,21:00:00,2.2996,Thursday,21,1,Winter,0
10023456784,2024-01-11 22:00:00,2024-01-11,22:00:00,1.5870,Thursday,22,1,Winter,0
10023456784,2024-01-11 23:00:00,2024-01-11,23:00:00,0.9491,Thursday,23,1,Winter,0
10023456784,2024-01-12 00:00:00,2024-01-12,00:00:00,0.3860,Friday,0,1,Winter,0
10023456784,2024-01-12 01:00:00,2024-01-12,01:00:00,0.4386,Friday,1,1,Winter,0
10023456784,2024-01-12 02:00:00,2024-01-12,02:00:00,0.3844,Friday,2,1,Winter,0
10023456784,2024-01-12 03:00:00,2024-01-12,03:00:00,0.4815,Friday,3,1,Winter,0
10023456784,2024-01-12 04:00:00,2024-01-12,04:00:00,0.4798,Friday,4,1,Winter,0
10023456784,2024-01-12 05:00:00,2024-01-12,05:00:00,0.7318,Friday,5,1,Winter,0
10023456784,2024-01-12 06:00:00,2024-01-12,06:00:00,1.1558,Friday,6,1,Winter,0
10023456784,2024-01-12 07:00:00,2024-01-12,07:00:00,1.6388,Friday,7,1,Winter,0
10023456784,2024-01-12 08:00:00,2024-01-12,08:00:00,1.7035,Friday,8,1,Winter,0
10023456784,2024-01-12 09:00:00,2024-01-12,09:00:00,1.6855,Friday,9,1,Winter,0
10023456784,2024-01-12 10:00:00,2024-01-12,10:00:00,0.1797,Friday,10,1,Winter,1
10023456784,2024-01-12 11:00:00,2024-01-12,11:00:00,0.9961,Friday,11,1,Winter,0
10023456784,2024-01-12 12:00:00,2024-01-12,12:00:00,0.9112,Friday,12,1,Winter,0
10023456784,2024-01-12 13:00:00,2024-01-12,13:00:00,1.1280,Friday,13,1,Winter,0
10023456784,2024-01-12 14:00:00,2024-01-12,14:00:00,1.0954,Friday,14,1,Winter,0
10023456784,2024-01-12 15:00:00,2024-01-12,15:00:00,1.3503,Friday,15,1,Winter,0
10023456784,2024-01-12 16:00:00,2024-01-12,16:00:00,1.4533,Friday,16,1,Winter,0
10023456784,2024-01-12 17:00:00,2024-01-12,17:00:00,1.5888,Friday,17,1,Winter,0
10023456784,2024-01-12 18:00:00,2024-01-12,18:00:00,1.8396,Friday,18,1,Winter,0
10023456784,2024-01-12 19:00:00,2024-01-12,19:00:00,2.5936,Friday,19,1,Winter,0
10023456784,2024-01-12 20:00:00,2024-01-12,20:00:00,0.2892,Friday,20,1,Winter,1
10023456784,2024-01-12 21:00:00,2024-01-12,21:00:00,0.5240,Friday,21,1,Winter,1
10023456784,2024-01-12 22:00:00,2024-01-12,22:00:00,0.3048,Friday,22,1,Winter,1
10023456784,2024-01-12 23:00:00,2024-01-12,23:00:00,0.9127,Friday,23,1,Winter,0
10023456784,2024-01-13 00:00:00,2024-01-13,00:00:00,0.5334,Saturday,0,1,Winter,0
10023456784,2024-01-13 01:00:00,2024-01-13,01:00:00,0.5474,Saturday,1,1,Winter,0
10023456784,2024-01-13 02:00:00,2024-01-13,02:00:00,0.3165,Saturday,2,1,Winter,0
10023456784,2024-01-13 03:00:00,2024-01-13,03:00:00,0.3013,Saturday,3,1,Winter,0
10023456784,2024-01-13 04:00:00,2024-01-13,04:00:00,0.4196,Saturday,4,1,Winter,0
10023456784,2024-01-13 05:00:00,2024-01-13,05:00:00,0.5878,Saturday,5,1,Winter,0
10023456784,2024-01-13 06:00:00,2024-01-13,06:00:00,0.6998,Saturday,6,1,Winter,0
10023456784,2024-01-13 07:00:00,2024-01-13,07:00:00,0.9609,Saturday,7,1,Winter,0
10023456784,2024-01-13 08:00:00,2024-01-13,08:00:00,1.6260,Saturday,8,1,Winter,0
10023456784,2024-01-13 09:00:00,2024-01-13,09:00:00,0.1816,Saturday,9,1,Winter,1
10023456784,2024-01-13 10:00:00,2024-01-13,10:00:00,1.7945,Saturday,10,1,Winter,0
10023456784,2024-01-13 11:00:00,2024-01-13,11:00:00,1.9201,Saturday,11,1,Winter,0
10023456784,2024-01-13 12:00:00,2024-01-13,12:00:00,1.5379,Saturday,12,1,Winter,0
10023456784,2024-01-13 13:00:00,2024-01-13,13:00:00,1.5259,Saturday,13,1,Winter,0
10023456784,2024-01-13 14:00:00,2024-01-13,14:00:00,1.2913,Saturday,14,1,Winter,0
10023456784,2024-01-13 15:00:00,2024-01-13,15:00:00,1.2410,Saturday,15,1,Winter,0
10023456784,2024-01-13 16:00:00,2024-01-13,16:00:00,1.4297,Saturday,16,1,Winter,0
10023456784,2024-01-13 17:00:00,2024-01-13,17:00:00,1.7013,Saturday,17,1,Winter,0
10023456784,2024-01-13 18:00:00,2024-01-13,18:00:00,2.3743,Saturday,18,1,Winter,0
10023456784,2024-01-13 19:00:00,2024-01-13,19:00:00,2.4022,Saturday,19,1,Winter,0
10023456784,2024-01-13 20:00:00,2024-01-13,20:00:00,2.2719,Saturday,20,1,Winter,0
10023456784,2024-01-13 21:00:00,2024-01-13,21:00:00,2.0511,Saturday,21,1,Winter,0
10023456784,2024-01-13 22:00:00,2024-01-13,22:00:00,1.5185,Saturday,22,1,Winter,0
10023456784,2024-01-13 23:00:00,2024-01-13,23:00:00,1.0916,Saturday,23,1,Winter,0
10023456784,2024-01-14 00:00:00,2024-01-14,00:00:00,0.5427,Sunday,0,1,Winter,0
10023456784,2024-01-14 01:00:00,2024-01-14,01:00:00,0.6731,Sunday,1,1,Winter,0
10023456784,2024-01-14 02:00:00,2024-01-14,02:00:00,0.5311,Sunday,2,1,Winter,0
10023456784,2024-01-14 03:00:00,2024-01-14,03:00:00,0.4972,Sunday,3,1,Winter,0
10023456784,2024-01-14 04:00:00,2024-01-14,04:00:00,0.4896,Sunday,4,1,Winter,0
10023456784,2024-01-14 05:00:00,2024-01-14,05:00:00,0.6231,Sunday,5,1,Winter,0
10023456784,2024-01-14 06:00:00,2024-01-14,06:00:00,0.9863,Sunday,6,1,Winter,0
10023456784,2024-01-14 07:00:00,2024-01-14,07:00:00,1.1353,Sunday,7,1,Winter,0
10023456784,2024-01-14 08:00:00,2024-01-14,08:00:00,1.7980,Sunday,8,1,Winter,0
10023456784,2024-01-14 09:00:00,2024-01-14,09:00:00,2.2345,Sunday,9,1,Winter,0
10023456784,2024-01-14 10:00:00,2024-01-14,10:00:00,1.8412,Sunday,10,1,Winter,0
10023456784,2024-01-14 11:00:00,2024-01-14,11:00:00,1.7186,Sunday,11,1,Winter,0
10023456784,2024-01-14 12:00:00,2024-01-14,12:00:00,1.5245,Sunday,12,1,Winter,0
10023456784,2024-01-14 13:00:00,2024-01-14,13:00:00,1.6692,Sunday,13,1,Winter,0
10023456784,2024-01-14 14:00:00,2024-01-14,14:00:00,1.5062,Sunday,14,1,Winter,0
10023456784,2024-01-14 15:00:00,2024-01-14,15:00:00,1.3802,Sunday,15,1,Winter,0
10023456784,2024-01-14 16:00:00,2024-01-14,16:00:00,1.4120,Sunday,16,1,Winter,0
10023456784,2024-01-14 17:00:00,2024-01-14,17:00:00,2.0231,Sunday,17,1,Winter,0
10023456784,2024-01-14 18:00:00,2024-01-14,18:00:00,2.8113,Sunday,18,1,Winter,0
10023456784,2024-01-14 19:00:00,2024-01-14,19:00:00,2.4402,Sunday,19,1,Winter,0
10023456784,2024-01-14 20:00:00,2024-01-14,20:00:00,2.6165,Sunday,20,1,Winter,0
10023456784,2024-01-14 21:00:00,2024-01-14,21:00:00,2.2472,Sunday,21,1,Winter,0
10023456784,2024-01-14 22:00:00,2024-01-14,22:00:00,2.0078,Sunday,22,1,Winter,0
10023456784,2024-01-14 23:00:00,2024-01-14,23:00:00,1.2519,Sunday,23,1,Winter,0
10023456784,2024-01-15 00:00:00,2024-01-15,00:00:00,0.5375,Monday,0,1,Winter,0
10023456784,2024-01-15 01:00:00,2024-01-15,01:00:00,0.3652,Monday,1,1,Winter,0
10023456784,2024-01-15 02:00:00,2024-01-15,02:00:00,0.3738,Monday,2,1,Winter,0
10023456784,2024-01-15 03:00:00,2024-01-15,03:00:00,0.4216,Monday,3,1,Winter,0
10023456784,2024-01-15 04:00:00,2024-01-15,04:00:00,0.4987,Monday,4,1,Winter,0
10023456784,2024-01-15 05:00:00,2024-01-15,05:00:00,0.6318,Monday,5,1,Winter,0
10023456784,2024-01-15 06:00:00,2024-01-15,06:00:00,1.2471,Monday,6,1,Winter,0
10023456784,2024-01-15 07:00:00,2024-01-15,07:00:00,1.5523,Monday,7,1,Winter,0
10023456784,2024-01-15 08:00:00,2024-01-15,08:00:00,2.2761,Monday,8,1,Winter,0
10023456784,2024-01-15 09:00:00,2024-01-15,09:00:00,1.6728,Monday,9,1,Winter,0
10023456784,2024-01-15 10:00:00,2024-01-15,10:00:00,1.1345,Monday,10,1,Winter,0
10023456784,2024-01-15 11:00:00,2024-01-15,11:00:00,1.1591,Monday,11,1,Winter,0
10023456784,2024-01-15 12:00:00,2024-01-15,12:00:00,1.0535,Monday,12,1,Winter,0
10023456784,2024-01-15 13:00:00,2024-01-15,13:00:00,1.1017,Monday,13,1,Winter,0
10023456784,2024-01-15 14:00:00,2024-01-15,14:00:00,1.2029,Monday,14,1,Winter,0
10023456784,2024-01-15 15:00:00,2024-01-15,15:00:00,1.2246,Monday,15,1,Winter,0
10023456784,2024-01-15 16:00:00,2024-01-15,16:00:00,1.4007,Monday,16,1,Winter,0
10023456784,2024-01-15 17:00:00,2024-01-15,17:00:00,1.6407,Monday,17,1,Winter,0
10023456784,2024-01-15 18:00:00,2024-01-15,18:00:00,2.7984,Monday,18,1,Winter,0
10023456784,2024-01-15 19:00:00,2024-01-15,19:00:00,2.0600,Monday,19,1,Winter,0
10023456784,2024-01-15 20:00:00,2024-01-15,20:00:00,2.4308,Monday,20,1,Winter,0
10023456784,2024-01-15 21:00:00,2024-01-15,21:00:00,2.4626,Monday,21,1,Winter,0
10023456784,2024-01-15 22:00:00,2024-01-15,22:00:00,1.5557,Monday,22,1,Winter,0
10023456784,2024-01-15 23:00:00,2024-01-15,23:00:00,0.8917,Monday,23,1,Winter,0
10023456784,2024-01-16 00:00:00,2024-01-16,00:00:00,0.3743,Tuesday,0,1,Winter,0
10023456784,2024-01-16 01:00:00,2024-01-16,01:00:00,0.4810,Tuesday,1,1,Winter,0
10023456784,2024-01-16 02:00:00,2024-01-16,02:00:00,0.3494,Tuesday,2,1,Winter,0
10023456784,2024-01-16 03:00:00,2024-01-16,03:00:00,0.3593,Tuesday,3,1,Winter,0
10023456784,2024-01-16 04:00:00,2024-01-16,04:00:00,0.3565,Tuesday,4,1,Winter,0
10023456784,2024-01-16 05:00:00,2024-01-16,05:00:00,0.4605,Tuesday,5,1,Winter,0
10023456784,2024-01-16 06:00:00,2024-01-16,06:00:00,0.9510,Tuesday,6,1,Winter,0
10023456784,2024-01-16 07:00:00,2024-01-16,07:00:00,1.4107,Tuesday,7,1,Winter,0
10023456784,2024-01-16 08:00:00,2024-01-16,08:00:00,1.5927,Tuesday,8,1,Winter,0
10023456784,2024-01-16 09:00:00,2024-01-16,09:00:00,1.1103,Tuesday,9,1,Winter,0
10023456784,2024-01-16 10:00:00,2024-01-16,10:00:00,1.0152,Tuesday,10,1,Winter,0
10023456784,2024-01-16 11:00:00,2024-01-16,11:00:00,0.8563,Tuesday,11,1,Winter,0
10023456784,2024-01-16 12:00:00,2024-01-16,12:00:00,0.8723,Tuesday,12,1,Winter,0
10023456784,2024-01-16 13:00:00,2024-01-16,13:00:00,1.2248,Tuesday,13,1,Winter,0
10023456784,2024-01-16 14:00:00,2024-01-16,14:00:00,0.9888,Tuesday,14,1,Winter,0
10023456784,2024-01-16 15:00:00,2024-01-16,15:00:00,0.9930,Tuesday,15,1,Winter,0
10023456784,2024-01-16 16:00:00,2024-01-16,16:00:00,1.1987,Tuesday,16,1,Winter,0
10023456784,2024-01-16 17:00:00,2024-01-16,17:00:00,1.3248,Tuesday,17,1,Winter,0
10023456784,2024-01-16 18:00:00,2024-01-16,18:00:00,1.9537,Tuesday,18,1,Winter,0
10023456784,2024-01-16 19:00:00,2024-01-16,19:00:00,1.8687,Tuesday,19,1,Winter,0
10023456784,2024-01-16 20:00:00,2024-01-16,20:00:00,2.0646,Tuesday,20,1,Winter,0
10023456784,2024-01-16 21:00:00,2024-01-16,21:00:00,1.9970,Tuesday,21,1,Winter,0
10023456784,2024-01-16 22:00:00,2024-01-16,22:00:00,1.3265,Tuesday,22,1,Winter,0
10023456784,2024-01-16 23:00:00,2024-01-16,23:00:00,0.9561,Tuesday,23,1,Winter,0
10023456784,2024-01-17 00:00:00,2024-01-17,00:00:00,0.4431,Wednesday,0,1,Winter,0
10023456784,2024-01-17 01:00:00,2024-01-17,01:00:00,0.4406,Wednesday,1,1,Winter,0
10023456784,2024-01-17 02:00:00,2024-01-17,02:00:00,0.5028,Wednesday,2,1,Winter,0
10023456784,2024-01-17 03:00:00,2024-01-17,03:00:00,0.3748,Wednesday,3,1,Winter,0
10023456784,2024-01-17 04:00:00,2024-01-17,04:00:00,0.4475,Wednesday,4,1,Winter,0
10023456784,2024-01-17 05:00:00,2024-01-17,05:00:00,0.8376,Wednesday,5,1,Winter,0
10023456784,2024-01-17 06:00:00,2024-01-17,06:00:00,1.1338,Wednesday,6,1,Winter,0
10023456784,2024-01-17 07:00:00,2024-01-17,07:00:00,1.6458,Wednesday,7,1,Winter,0
10023456784,2024-01-17 08:00:00,2024-01-17,08:00:00,1.9002,Wednesday,8,1,Winter,0
10023456784,2024-01-17 09:00:00,2024-01-17,09:00:00,1.4145,Wednesday,9,1,Winter,0
10023456784,2024-01-17 10:00:00,2024-01-17,10:00:00,1.3014,Wednesday,10,1,Winter,0
10023456784,2024-01-17 11:00:00,2024-01-17,11:00:00,0.9650,Wednesday,11,1,Winter,0
10023456784,2024-01-17 12:00:00,2024-01-17,12:00:00,1.4641,Wednesday,12,1,Winter,0
10023456784,2024-01-17 13:00:00,2024-01-17,13:00:00,1.3348,Wednesday,13,1,Winter,0
10023456784,2024-01-17 14:00:00,2024-01-17,14:00:00,1.0477,Wednesday,14,1,Winter,0
10023456784,2024-01-17 15:00:00,2024-01-17,15:00:00,1.3103,Wednesday,15,1,Winter,0
10023456784,2024-01-17 16:00:00,2024-01-17,16:00:00,1.4438,Wednesday,16,1,Winter,0
10023456784,2024-01-17 17:00:00,2024-01-17,17:00:00,1.9708,Wednesday,17,1,Winter,0
10023456784,2024-01-17 18:00:00,2024-01-17,18:00:00,3.0036,Wednesday,18,1,Winter,0
10023456784,2024-01-17 19:00:00,2024-01-17,19:00:00,2.6767,Wednesday,19,1,Winter,0
10023456784,2024-01-17 20:00:00,2024-01-17,20:00:00,2.5672,Wednesday,20,1,Winter,0
10023456784,2024-01-17 21:00:00,2024-01-17,21:00:00,2.3389,Wednesday,21,1,Winter,0
10023456784,2024-01-17 22:00:00,2024-01-17,22:00:00,1.4895,Wednesday,22,1,Winter,0
10023456784,2024-01-17 23:00:00,2024-01-17,23:00:00,0.8133,Wednesday,23,1,Winter,0
10023456784,2024-01-18 00:00:00,2024-01-18,00:00:00,0.5471,Thursday,0,1,Winter,0
10023456784,2024-01-18 01:00:00,2024-01-18,01:00:00,0.6026,Thursday,1,1,Winter,0
10023456784,2024-01-18 02:00:00,2024-01-18,02:00:00,0.4242,Thursday,2,1,Winter,0
10023456784,2024-01-18 03:00:00,2024-01-18,03:00:00,0.4654,Thursday,3,1,Winter,0
10023456784,2024-01-18 04:00:00,2024-01-18,04:00:00,0.6588,Thursday,4,1,Winter,0
10023456784,2024-01-18 05:00:00,2024-01-18,05:00:00,0.7134,Thursday,5,1,Winter,0
10023456784,2024-01-18 06:00:00,2024-01-18,06:00:00,1.1694,Thursday,6,1,Winter,0
10023456784,2024-01-18 07:00:00,2024-01-18,07:00:00,1.9201,Thursday,7,1,Winter,0
10023456784,2024-01-18 08:00:00,2024-01-18,08:00:00,1.7386,Thursday,8,1,Winter,0
10023456784,2024-01-18 09:00:00,2024-01-18,09:00:00,1.4784,Thursday,9,1,Winter,0
10023456784,2024-01-18 10:00:00,2024-01-18,10:00:00,4.5036,Thursday,10,1,Winter,1
10023456784,2024-01-18 11:00:00,2024-01-18,11:00:00,1.0718,Thursday,11,1,Winter,0
10023456784,2024-01-18 12:00:00,2024-01-18,12:00:00,1.2571,Thursday,12,1,Winter,0
10023456784,2024-01-18 13:00:00,2024-01-18,13:00:00,0.9839,Thursday,13,1,Winter,0
10023456784,2024-01-18 14:00:00,2024-01-18,14:00:00,1.0201,Thursday,14,1,Winter,0
10023456784,2024-01-18 15:00:00,2024-01-18,15:00:00,1.3286,Thursday,15,1,Winter,0
10023456784,2024-01-18 16:00:00,2024-01-18,16:00:00,1.5199,Thursday,16,1,Winter,0
10023456784,2024-01-18 17:00:00,2024-01-18,17:00:00,2.0488,Thursday,17,1,Winter,0
10023456784,2024-01-18 18:00:00,2024-01-18,18:00:00,2.0802,Thursday,18,1,Winter,0
10023456784,2024-01-18 19:00:00,2024-01-18,19:00:00,0.2437,Thursday,19,1,Winter,1
10023456784,2024-01-18 20:00:00,2024-01-18,20:00:00,0.4033,Thursday,20,1,Winter,1
10023456784,2024-01-18 21:00:00,2024-01-18,21:00:00,0.4706,Thursday,21,1,Winter,1
10023456784,2024-01-18 22:00:00,2024-01-18,22:00:00,1.7245,Thursday,22,1,Winter,0
10023456784,2024-01-18 23:00:00,2024-01-18,23:00:00,0.8745,Thursday,23,1,Winter,0
10023456784,2024-01-19 00:00:00,2024-01-19,00:00:00,0.4769,Friday,0,1,Winter,0
10023456784,2024-01-19 01:00:00,2024-01-19,01:00:00,0.4070,Friday,1,1,Winter,0
10023456784,2024-01-19 02:00:00,2024-01-19,02:00:00,0.3981,Friday,2,1,Winter,0
10023456784,2024-01-19 03:00:00,2024-01-19,03:00:00,0.4817,Friday,3,1,Winter,0
10023456784,2024-01-19 04:00:00,2024-01-19,04:00:00,0.3880,Friday,4,1,Winter,0
10023456784,2024-01-19 05:00:00,2024-01-19,05:00:00,0.8325,Friday,5,1,Winter,0
10023456784,2024-01-19 06:00:00,2024-01-19,06:00:00,1.3440,Friday,6,1,Winter,0
10023456784,2024-01-19 07:00:00,2024-01-19,07:00:00,2.6848,Friday,7,1,Winter,0
10023456784,2024-01-19 08:00:00,2024-01-19,08:00:00,2.0834,Friday,8,1,Winter,0
10023456784,2024-01-19 09:00:00,2024-01-19,09:00:00,1.4888,Friday,9,1,Winter,0
10023456784,2024-01-19 10:00:00,2024-01-19,10:00:00,1.3923,Friday,10,1,Winter,0
10023456784,2024-01-19 11:00:00,2024-01-19,11:00:00,1.1175,Friday,11,1,Winter,0
10023456784,2024-01-19 12:00:00,2024-01-19,12:00:00,1.3251,Friday,12,1,Winter,0
10023456784,2024-01-19 13:00:00,2024-01-19,13:00:00,1.5959,Friday,13,1,Winter,0
10023456784,2024-01-19 14:00:00,2024-01-19,14:00:00,0.9938,Friday,14,1,Winter,0
10023456784,2024-01-19 15:00:00,2024-01-19,15:00:00,1.3860,Friday,15,1,Winter,0
10023456784,2024-01-19 16:00:00,2024-01-19,16:00:00,1.4785,Friday,16,1,Winter,0
10023456784,2024-01-19 17:00:00,2024-01-19,17:00:00,1.8942,Friday,17,1,Winter,0
10023456784,2024-01-19 18:00:00,2024-01-19,18:00:00,2.8829,Friday,18,1,Winter,0
10023456784,2024-01-19 19:00:00,2024-01-19,19:00:00,3.0460,Friday,19,1,Winter,0
10023456784,2024-01-19 20:00:00,2024-01-19,20:00:00,2.8468,Friday,20,1,Winter,0
10023456784,2024-01-19 21:00:00,2024-01-19,21:00:00,11.1207,Friday,21,1,Winter,1
10023456784,2024-01-19 22:00:00,2024-01-19,22:00:00,1.5831,Friday,22,1,Winter,0
10023456784,2024-01-19 23:00:00,2024-01-19,23:00:00,0.9521,Friday,23,1,Winter,0
10023456784,2024-01-20 00:00:00,2024-01-20,00:00:00,0.7839,Saturday,0,1,Winter,0
10023456784,2024-01-20 01:00:00,2024-01-20,01:00:00,0.6320,Saturday,1,1,Winter,0
10023456784,2024-01-20 02:00:00,2024-01-20,02:00:00,0.4948,Saturday,2,1,Winter,0
10023456784,2024-01-20 03:00:00,2024-01-20,03:00:00,0.4141,Saturday,3,1,Winter,0
10023456784,2024-01-20 04:00:00,2024-01-20,04:00:00,0.5339,Saturday,4,1,Winter,0
10023456784,2024-01-20 05:00:00,2024-01-20,05:00:00,0.8431,Saturday,5,1,Winter,0
10023456784,2024-01-20 06:00:00,2024-01-20,06:00:00,1.0116,Saturday,6,1,Winter,0
10023456784,2024-01-20 07:00:00,2024-01-20,07:00:00,1.3840,Saturday,7,1,Winter,0
10023456784,2024-01-20 08:00:00,2024-01-20,08:00:00,2.1208,Saturday,8,1,Winter,0
10023456784,2024-01-20 09:00:00,2024-01-20,09:00:00,2.2648,Saturday,9,1,Winter,0
10023456784,2024-01-20 10:00:00,2024-01-20,10:00:00,2.1563,Saturday,10,1,Winter,0
10023456784,2024-01-20 11:00:00,2024-01-20,11:00:00,2.1384,Saturday,11,1,Winter,0
10023456784,2024-01-20 12:00:00,2024-01-20,12:00:00,1.5110,Saturday,12,1,Winter,0
10023456784,2024-01-20 13:00:00,2024-01-20,13:00:00,1.6109,Saturday,13,1,Winter,0
10023456784,2024-01-20 14:00:00,2024-01-20,14:00:00,1.6936,Saturday,14,1,Winter,0
10023456784,2024-01-20 15:00:00,2024-01-20,15:00:00,1.7384,Saturday,15,1,Winter,0
10023456784,2024-01-20 16:00:00,2024-01-20,16:00:00,1.9455,Saturday,16,1,Winter,0
10023456784,2024-01-20 17:00:00,2024-01-20,17:00:00,2.3770,Saturday,17,1,Winter,0
10023456784,2024-01-20 18:00:00,2024-01-20,18:00:00,2.8812,Saturday,18,1,Winter,0
10023456784,2024-01-20 19:00:00,2024-01-20,19:00:00,3.3701,Saturday,19,1,Winter,0
10023456784,2024-01-20 20:00:00,2024-01-20,20:00:00,2.6384,Saturday,20,1,Winter,0
10023456784,2024-01-20 21:00:00,2024-01-20,21:00:00,2.4840,Saturday,21,1,Winter,0
10023456784,2024-01-20 22:00:00,2024-01-20,22:00:00,2.0581,Saturday,22,1,Winter,0
10023456784,2024-01-20 23:00:00,2024-01-20,23:00:00,1.4099,Saturday,23,1,Winter,0
10023456784,2024-01-21 00:00:00,2024-01-21,00:00:00,0.9115,Sunday,0,1,Winter,0
10023456784,2024-01-21 01:00:00,2024-01-21,01:00:00,0.7992,Sunday,1,1,Winter,0
10023456784,2024-01-21 02:00:00,2024-01-21,02:00:00,0.5104,Sunday,2,1,Winter,0
10023456784,2024-01-21 03:00:00,2024-01-21,03:00:00,0.6611,Sunday,3,1,Winter,0
10023456784,2024-01-21 04:00:00,2024-01-21,04:00:00,0.7626,Sunday,4,1,Winter,0
10023456784,2024-01-21 05:00:00,2024-01-21,05:00:00,0.7068,Sunday,5,1,Winter,0
10023456784,2024-01-21 06:00:00,2024-01-21,06:00:00,1.0435,Sunday,6,1,Winter,0
10023456784,2024-01-21 07:00:00,2024-01-21,07:00:00,1.9684,Sunday,7,1,Winter,0
10023456784,2024-01-21 08:00:00,2024-01-21,08:00:00,2.1533,Sunday,8,1,Winter,0
10023456784,2024-01-21 09:00:00,2024-01-21,09:00:00,2.6215,Sunday,9,1,Winter,0
10023456784,2024-01-21 10:00:00,2024-01-21,10:00:00,2.5764,Sunday,10,1,Winter,0
10023456784,2024-01-21 11:00:00,2024-01-21,11:00:00,2.1752,Sunday,11,1,Winter,0
10023456784,2024-01-21 12:00:00,2024-01-21,12:00:00,1.9416,Sunday,12,1,Winter,0
10023456784,2024-01-21 13:00:00,2024-01-21,13:00:00,1.7820,Sunday,13,1,Winter,0
10023456784,2024-01-21 14:00:00,2024-01-21,14:00:00,2.2251,Sunday,14,1,Winter,0
10023456784,2024-01-21 15:00:00,2024-01-21,15:00:00,2.0464,Sunday,15,1,Winter,0
10023456784,2024-01-21 16:00:00,2024-01-21,16:00:00,2.1318,Sunday,16,1,Winter,0
10023456784,2024-01-21 17:00:00,2024-01-21,17:00:00,2.4192,Sunday,17,1,Winter,0
10023456784,2024-01-21 18:00:00,2024-01-21,18:00:00,2.8505,Sunday,18,1,Winter,0
10023456784,2024-01-21 19:00:00,2024-01-21,19:00:00,3.4659,Sunday,19,1,Winter,0
10023456784,2024-01-21 20:00:00,2024-01-21,20:00:00,13.4131,Sunday,20,1,Winter,1
10023456784,2024-01-21 21:00:00,2024-01-21,21:00:00,2.3345,Sunday,21,1,Winter,0
10023456784,2024-01-21 22:00:00,2024-01-21,22:00:00,2.0377,Sunday,22,1,Winter,0
10023456784,2024-01-21 23:00:00,2024-01-21,23:00:00,1.5845,Sunday,23,1,Winter,0
10023456784,2024-01-22 00:00:00,2024-01-22,00:00:00,0.6697,Monday,0,1,Winter,0
10023456784,2024-01-22 01:00:00,2024-01-22,01:00:00,0.6119,Monday,1,1,Winter,0
10023456784,2024-01-22 02:00:00,2024-01-22,02:00:00,0.4772,Monday,2,1,Winter,0
10023456784,2024-01-22 03:00:00,2024-01-22,03:00:00,0.4947,Monday,3,1,Winter,0
10023456784,2024-01-22 04:00:00,2024-01-22,04:00:00,0.5215,Monday,4,1,Winter,0
10023456784,2024-01-22 05:00:00,2024-01-22,05:00:00,0.6941,Monday,5,1,Winter,0
10023456784,2024-01-22 06:00:00,2024-01-22,06:00:00,1.3454,Monday,6,1,Winter,0
10023456784,2024-01-22 07:00:00,2024-01-22,07:00:00,1.9358,Monday,7,1,Winter,0
10023456784,2024-01-22 08:00:00,2024-01-22,08:00:00,1.7906,Monday,8,1,Winter,0
10023456784,2024-01-22 09:00:00,2024-01-22,09:00:00,1.7274,Monday,9,1,Winter,0
10023456784,2024-01-22 10:00:00,2024-01-22,10:00:00,1.4416,Monday,10,1,Winter,0
10023456784,2024-01-22 11:00:00,2024-01-22,11:00:00,1.2927,Monday,11,1,Winter,0
10023456784,2024-01-22 12:00:00,2024-01-22,12:00:00,1.4148,Monday,12,1,Winter,0
10023456784,2024-01-22 13:00:00,2024-01-22,13:00:00,1.5060,Monday,13,1,Winter,0
10023456784,2024-01-22 14:00:00,2024-01-22,14:00:00,1.0775,Monday,14,1,Winter,0
10023456784,2024-01-22 15:00:00,2024-01-22,15:00:00,1.3552,Monday,15,1,Winter,0
10023456784,2024-01-22 16:00:00,2024-01-22,16:00:00,1.8708,Monday,16,1,Winter,0
10023456784,2024-01-22 17:00:00,2024-01-22,17:00:00,2.1330,Monday,17,1,Winter,0
10023456784,2024-01-22 18:00:00,2024-01-22,18:00:00,2.5294,Monday,18,1,Winter,0
10023456784,2024-01-22 19:00:00,2024-01-22,19:00:00,2.7795,Monday,19,1,Winter,0
10023456784,2024-01-22 20:00:00,2024-01-22,20:00:00,2.6877,Monday,20,1,Winter,0
10023456784,2024-01-22 21:00:00,2024-01-22,21:00:00,2.5558,Monday,21,1,Winter,0
10023456784,2024-01-22 22:00:00,2024-01-22,22:00:00,2.1261,Monday,22,1,Winter,0
10023456784,2024-01-22 23:00:00,2024-01-22,23:00:00,1.3229,Monday,23,1,Winter,0
10023456784,2024-01-23 00:00:00,2024-01-23,00:00:00,0.4789,Tuesday,0,1,Winter,0
10023456784,2024-01-23 01:00:00,2024-01-23,01:00:00,0.4652,Tuesday,1,1,Winter,0
10023456784,2024-01-23 02:00:00,2024-01-23,02:00:00,0.3640,Tuesday,2,1,Winter,0
10023456784,2024-01-23 03:00:00,2024-01-23,03:00:00,0.4439,Tuesday,3,1,Winter,0
10023456784,2024-01-23 04:00:00,2024-01-23,04:00:00,0.5386,Tuesday,4,1,Winter,0
10023456784,2024-01-23 05:00:00,2024-01-23,05:00:00,0.6707,Tuesday,5,1,Winter,0
10023456784,2024-01-23 06:00:00,2024-01-23,06:00:00,1.2969,Tuesday,6,1,Winter,0
10023456784,2024-01-23 07:00:00,2024-01-23,07:00:00,1.7559,Tuesday,7,1,Winter,0
10023456784,2024-01-23 08:00:00,2024-01-23,08:00:00,1.8349,Tuesday,8,1,Winter,0
10023456784,2024-01-23 09:00:00,2024-01-23,09:00:00,2.0506,Tuesday,9,1,Winter,0
10023456784,2024-01-23 10:00:00,2024-01-23,10:00:00,1.3248,Tuesday,10,1,Winter,0
10023456784,2024-01-23 11:00:00,2024-01-23,11:00:00,1.3660,Tuesday,11,1,Winter,0
10023456784,2024-01-23 12:00:00,2024-01-23,12:00:00,1.1514,Tuesday,12,1,Winter,0
10023456784,2024-01-23 13:00:00,2024-01-23,13:00:00,1.1312,Tuesday,13,1,Winter,0
10023456784,2024-01-23 14:00:00,2024-01-23,14:00:00,1.3452,Tuesday,14,1,Winter,0
10023456784,2024-01-23 15:00:00,2024-01-23,15:00:00,1.1567,Tuesday,15,1,Winter,0
10023456784,2024-01-23 16:00:00,2024-01-23,16:00:00,1.7262,Tuesday,16,1,Winter,0
10023456784,2024-01-23 17:00:00,2024-01-23,17:00:00,1.9780,Tuesday,17,1,Winter,0
10023456784,2024-01-23 18:00:00,2024-01-23,18:00:00,2.6650,Tuesday,18,1,Winter,0
10023456784,2024-01-23 19:00:00,2024-01-23,19:00:00,2.6317,Tuesday,19,1,Winter,0
10023456784,2024-01-23 20:00:00,2024-01-23,20:00:00,2.8669,Tuesday,20,1,Winter,0
10023456784,2024-01-23 21:00:00,2024-01-23,21:00:00,2.3653,Tuesday,21,1,Winter,0
10023456784,2024-01-23 22:00:00,2024-01-23,22:00:00,1.7650,Tuesday,22,1,Winter,0
10023456784,2024-01-23 23:00:00,2024-01-23,23:00:00,0.8623,Tuesday,23,1,Winter,0
10023456784,2024-01-24 00:00:00,2024-01-24,00:00:00,0.6014,Wednesday,0,1,Winter,0
10023456784,2024-01-24 01:00:00,2024-01-24,01:00:00,0.3943,Wednesday,1,1,Winter,0
10023456784,2024-01-24 02:00:00,2024-01-24,02:00:00,1.2053,Wednesday,2,1,Winter,1
10023456784,2024-01-24 03:00:00,2024-01-24,03:00:00,0.5352,Wednesday,3,1,Winter,0
10023456784,2024-01-24 04:00:00,2024-01-24,04:00:00,0.5780,Wednesday,4,1,Winter,0
10023456784,2024-01-24 05:00:00,2024-01-24,05:00:00,0.7772,Wednesday,5,1,Winter,0
10023456784,2024-01-24 06:00:00,2024-01-24,06:00:00,1.4399,Wednesday,6,1,Winter,0
10023456784,2024-01-24 07:00:00,2024-01-24,07:00:00,1.9097,Wednesday,7,1,Winter,0
10023456784,2024-01-24 08:00:00,2024-01-24,08:00:00,1.9375,Wednesday,8,1,Winter,0
10023456784,2024-01-24 09:00:00,2024-01-24,09:00:00,1.5088,Wednesday,9,1,Winter,0
10023456784,2024-01-24 10:00:00,2024-01-24,10:00:00,1.5460,Wednesday,10,1,Winter,0
10023456784,2024-01-24 11:00:00,2024-01-24,11:00:00,1.1501,Wednesday,11,1,Winter,0
10023456784,2024-01-24 12:00:00,2024-01-24,12:00:00,1.1854,Wednesday,12,1,Winter,0
10023456784,2024-01-24 13:00:00,2024-01-24,13:00:00,1.4580,Wednesday,13,1,Winter,0
10023456784,2024-01-24 14:00:00,2024-01-24,14:00:00,1.3535,Wednesday,14,1,Winter,0
10023456784,2024-01-24 15:00:00,2024-01-24,15:00:00,1.1815,Wednesday,15,1,Winter,0
10023456784,2024-01-24 16:00:00,2024-01-24,16:00:00,1.5539,Wednesday,16,1,Winter,0
10023456784,2024-01-24 17:00:00,2024-01-24,17:00:00,2.2036,Wednesday,17,1,Winter,0
10023456784,2024-01-24 18:00:00,2024-01-24,18:00:00,2.9600,Wednesday,18,1,Winter,0
10023456784,2024-01-24 19:00:00,2024-01-24,19:00:00,2.8287,Wednesday,19,1,Winter,0
10023456784,2024-01-24 20:00:00,2024-01-24,20:00:00,2.6951,Wednesday,20,1,Winter,0
10023456784,2024-01-24 21:00:00,2024-01-24,21:00:00,2.4016,Wednesday,21,1,Winter,0
10023456784,2024-01-24 22:00:00,2024-01-24,22:00:00,1.4455,Wednesday,22,1,Winter,0
10023456784,2024-01-24 23:00:00,2024-01-24,23:00:00,1.0203,Wednesday,23,1,Winter,0
10023456784,2024-01-25 00:00:00,2024-01-25,00:00:00,0.5043,Thursday,0,1,Winter,0
10023456784,2024-01-25 01:00:00,2024-01-25,01:00:00,0.5391,Thursday,1,1,Winter,0
10023456784,2024-01-25 02:00:00,2024-01-25,02:00:00,0.3624,Thursday,2,1,Winter,0
10023456784,2024-01-25 03:00:00,2024-01-25,03:00:00,0.3687,Thursday,3,1,Winter,0
10023456784,2024-01-25 04:00:00,2024-01-25,04:00:00,0.3748,Thursday,4,1,Winter,0
10023456784,2024-01-25 05:00:00,2024-01-25,05:00:00,0.6535,Thursday,5,1,Winter,0
10023456784,2024-01-25 06:00:00,2024-01-25,06:00:00,1.4301,Thursday,6,1,Winter,0
10023456784,2024-01-25 07:00:00,2024-01-25,07:00:00,1.5362,Thursday,7,1,Winter,0
10023456784,2024-01-25 08:00:00,2024-01-25,08:00:00,1.7177,Thursday,8,1,Winter,0
10023456784,2024-01-25 09:00:00,2024-01-25,09:00:00,1.5514,Thursday,9,1,Winter,0
10023456784,2024-01-25 10:00:00,2024-01-25,10:00:00,1.3505,Thursday,10,1,Winter,0
10023456784,2024-01-25 11:00:00,2024-01-25,11:00:00,0.9654,Thursday,11,1,Winter,0
10023456784,2024-01-25 12:00:00,2024-01-25,12:00:00,1.3309,Thursday,12,1,Winter,0
10023456784,2024-01-25 13:00:00,2024-01-25,13:00:00,1.2089,Thursday,13,1,Winter,0
10023456784,2024-01-25 14:00:00,2024-01-25,14:00:00,1.0132,Thursday,14,1,Winter,0
10023456784,2024-01-25 15:00:00,2024-01-25,15:00:00,1.0224,Thursday,15,1,Winter,0
10023456784,2024-01-25 16:00:00,2024-01-25,16:00:00,1.2502,Thursday,16,1,Winter,0
10023456784,2024-01-25 17:00:00,2024-01-25,17:00:00,1.6396,Thursday,17,1,Winter,0
10023456784,2024-01-25 18:00:00,2024-01-25,18:00:00,13.4295,Thursday,18,1,Winter,1
10023456784,2024-01-25 19:00:00,2024-01-25,19:00:00,2.6594,Thursday,19,1,Winter,0
10023456784,2024-01-25 20:00:00,2024-01-25,20:00:00,2.7151,Thursday,20,1,Winter,0
10023456784,2024-01-25 21:00:00,2024-01-25,21:00:00,2.1715,Thursday,21,1,Winter,0
10023456784,2024-01-25 22:00:00,2024-01-25,22:00:00,1.4756,Thursday,22,1,Winter,0
10023456784,2024-01-25 23:00:00,2024-01-25,23:00:00,0.7845,Thursday,23,1,Winter,0
10023456784,2024-01-26 00:00:00,2024-01-26,00:00:00,0.6051,Friday,0,1,Winter,0
10023456784,2024-01-26 01:00:00,2024-01-26,01:00:00,0.5417,Friday,1,1,Winter,0
10023456784,2024-01-26 02:00:00,2024-01-26,02:00:00,0.5756,Friday,2,1,Winter,0
10023456784,2024-01-26 03:00:00,2024-01-26,03:00:00,0.4403,Friday,3,1,Winter,0
10023456784,2024-01-26 04:00:00,2024-01-26,04:00:00,0.6282,Friday,4,1,Winter,0
10023456784,2024-01-26 05:00:00,2024-01-26,05:00:00,0.7897,Friday,5,1,Winter,0
10023456784,2024-01-26 06:00:00,2024-01-26,06:00:00,1.1699,Friday,6,1,Winter,0
10023456784,2024-01-26 07:00:00,2024-01-26,07:00:00,2.1746,Friday,7,1,Winter,0
10023456784,2024-01-26 08:00:00,2024-01-26,08:00:00,2.4046,Friday,8,1,Winter,0
10023456784,2024-01-26 09:00:00,2024-01-26,09:00:00,2.0770,Friday,9,1,Winter,0
10023456784,2024-01-26 10:00:00,2024-01-26,10:00:00,1.9246,Friday,10,1,Winter,0
10023456784,2024-01-26 11:00:00,2024-01-26,11:00:00,1.2046,Friday,11,1,Winter,0
10023456784,2024-01-26 12:00:00,2024-01-26,12:00:00,1.2652,Friday,12,1,Winter,0
10023456784,2024-01-26 13:00:00,2024-01-26,13:00:00,1.2660,Friday,13,1,Winter,0
10023456784,2024-01-26 14:00:00,2024-01-26,14:00:00,1.5312,Friday,14,1,Winter,0
10023456784,2024-01-26 15:00:00,2024-01-26,15:00:00,1.4252,Friday,15,1,Winter,0
10023456784,2024-01-26 16:00:00,2024-01-26,16:00:00,1.8433,Friday,16,1,Winter,0
10023456784,2024-01-26 17:00:00,2024-01-26,17:00:00,1.8927,Friday,17,1,Winter,0
10023456784,2024-01-26 18:00:00,2024-01-26,18:00:00,2.3908,Friday,18,1,Winter,0
10023456784,2024-01-26 19:00:00,2024-01-26,19:00:00,3.2806,Friday,19,1,Winter,0
10023456784,2024-01-26 20:00:00,2024-01-26,20:00:00,3.1352,Friday,20,1,Winter,0
10023456784,2024-01-26 21:00:00,2024-01-26,21:00:00,2.3045,Friday,21,1,Winter,0
10023456784,2024-01-26 22:00:00,2024-01-26,22:00:00,1.7974,Friday,22,1,Winter,0
10023456784,2024-01-26 23:00:00,2024-01-26,23:00:00,0.9740,Friday,23,1,Winter,0
10023456784,2024-01-27 00:00:00,2024-01-27,00:00:00,0.7076,Saturday,0,1,Winter,0
10023456784,2024-01-27 01:00:00,2024-01-27,01:00:00,0.5581,Saturday,1,1,Winter,0
10023456784,2024-01-27 02:00:00,2024-01-27,02:00:00,0.6693,Saturday,2,1,Winter,0
10023456784,2024-01-27 03:00:00,2024-01-27,03:00:00,0.5503,Saturday,3,1,Winter,0
10023456784,2024-01-27 04:00:00,2024-01-27,04:00:00,0.5669,Saturday,4,1,Winter,0
10023456784,2024-01-27 05:00:00,2024-01-27,05:00:00,0.6966,Saturday,5,1,Winter,0
10023456784,2024-01-27 06:00:00,2024-01-27,06:00:00,1.1140,Saturday,6,1,Winter,0
10023456784,2024-01-27 07:00:00,2024-01-27,07:00:00,1.6340,Saturday,7,1,Winter,0
10023456784,2024-01-27 08:00:00,2024-01-27,08:00:00,1.7798,Saturday,8,1,Winter,0
10023456784,2024-01-27 09:00:00,2024-01-27,09:00:00,2.0858,Saturday,9,1,Winter,0
10023456784,2024-01-27 10:00:00,2024-01-27,10:00:00,2.0802,Saturday,10,1,Winter,0
10023456784,2024-01-27 11:00:00,2024-01-27,11:00:00,1.8977,Saturday,11,1,Winter,0
10023456784,2024-01-27 12:00:00,2024-01-27,12:00:00,2.0026,Saturday,12,1,Winter,0
10023456784,2024-01-27 13:00:00,2024-01-27,13:00:00,1.8522,Saturday,13,1,Winter,0
10023456784,2024-01-27 14:00:00,2024-01-27,14:00:00,1.9059,Saturday,14,1,Winter,0
10023456784,2024-01-27 15:00:00,2024-01-27,15:00:00,1.8546,Saturday,15,1,Winter,0
10023456784,2024-01-27 16:00:00,2024-01-27,16:00:00,2.1128,Saturday,16,1,Winter,0
10023456784,2024-01-27 17:00:00,2024-01-27,17:00:00,2.1227,Saturday,17,1,Winter,0
10023456784,2024-01-27 18:00:00,2024-01-27,18:00:00,2.7476,Saturday,18,1,Winter,0
10023456784,2024-01-27 19:00:00,2024-01-27,19:00:00,3.0278,Saturday,19,1,Winter,0
10023456784,2024-01-27 20:00:00,2024-01-27,20:00:00,3.1911,Saturday,20,1,Winter,0
10023456784,2024-01-27 21:00:00,2024-01-27,21:00:00,2.7045,Saturday,21,1,Winter,0
10023456784,2024-01-27 22:00:00,2024-01-27,22:00:00,2.0388,Saturday,22,1,Winter,0
10023456784,2024-01-27 23:00:00,2024-01-27,23:00:00,1.5326,Saturday,23,1,Winter,0
10023456784,2024-01-28 00:00:00,2024-01-28,00:00:00,0.7942,Sunday,0,1,Winter,0
10023456784,2024-01-28 01:00:00,2024-01-28,01:00:00,0.5988,Sunday,1,1,Winter,0
10023456784,2024-01-28 02:00:00,2024-01-28,02:00:00,0.6022,Sunday,2,1,Winter,0
10023456784,2024-01-28 03:00:00,2024-01-28,03:00:00,0.6335,Sunday,3,1,Winter,0
10023456784,2024-01-28 04:00:00,2024-01-28,04:00:00,0.6850,Sunday,4,1,Winter,0
10023456784,2024-01-28 05:00:00,2024-01-28,05:00:00,0.6650,Sunday,5,1,Winter,0
10023456784,2024-01-28 06:00:00,2024-01-28,06:00:00,1.1415,Sunday,6,1,Winter,0
10023456784,2024-01-28 07:00:00,2024-01-28,07:00:00,1.7556,Sunday,7,1,Winter,0
10023456784,2024-01-28 08:00:00,2024-01-28,08:00:00,1.7314,Sunday,8,1,Winter,0
10023456784,2024-01-28 09:00:00,2024-01-28,09:00:00,2.2604,Sunday,9,1,Winter,0
10023456784,2024-01-28 10:00:00,2024-01-28,10:00:00,11.9630,Sunday,10,1,Winter,1
10023456784,2024-01-28 11:00:00,2024-01-28,11:00:00,2.1596,Sunday,11,1,Winter,0
10023456784,2024-01-28 12:00:00,2024-01-28,12:00:00,1.8837,Sunday,12,1,Winter,0
10023456784,2024-01-28 13:00:00,2024-01-28,13:00:00,1.8088,Sunday,13,1,Winter,0
10023456784,2024-01-28 14:00:00,2024-01-28,14:00:00,1.6321,Sunday,14,1,Winter,0
10023456784,2024-01-28 15:00:00,2024-01-28,15:00:00,1.6485,Sunday,15,1,Winter,0
10023456784,2024-01-28 16:00:00,2024-01-28,16:00:00,1.9680,Sunday,16,1,Winter,0
10023456784,2024-01-28 17:00:00,2024-01-28,17:00:00,2.9482,Sunday,17,1,Winter,0
10023456784,2024-01-28 18:00:00,2024-01-28,18:00:00,3.1283,Sunday,18,1,Winter,0
10023456784,2024-01-28 19:00:00,2024-01-28,19:00:00,3.7495,Sunday,19,1,Winter,0
10023456784,2024-01-28 20:00:00,2024-01-28,20:00:00,2.7552,Sunday,20,1,Winter,0
10023456784,2024-01-28 21:00:00,2024-01-28,21:00:00,2.8324,Sunday,21,1,Winter,0
10023456784,2024-01-28 22:00:00,2024-01-28,22:00:00,2.2913,Sunday,22,1,Winter,0
10023456784,2024-01-28 23:00:00,2024-01-28,23:00:00,3.7514,Sunday,23,1,Winter,1
10023456784,2024-01-29 00:00:00,2024-01-29,00:00:00,1.1525,Monday,0,1,Winter,1
10023456784,2024-01-29 01:00:00,2024-01-29,01:00:00,1.1033,Monday,1,1,Winter,1
10023456784,2024-01-29 02:00:00,2024-01-29,02:00:00,1.2730,Monday,2,1,Winter,1
10023456784,2024-01-29 03:00:00,2024-01-29,03:00:00,0.3773,Monday,3,1,Winter,0
10023456784,2024-01-29 04:00:00,2024-01-29,04:00:00,0.5380,Monday,4,1,Winter,0
10023456784,2024-01-29 05:00:00,2024-01-29,05:00:00,0.6448,Monday,5,1,Winter,0
10023456784,2024-01-29 06:00:00,2024-01-29,06:00:00,1.1186,Monday,6,1,Winter,0
10023456784,2024-01-29 07:00:00,2024-01-29,07:00:00,1.7341,Monday,7,1,Winter,0
10023456784,2024-01-29 08:00:00,2024-01-29,08:00:00,1.7768,Monday,8,1,Winter,0
10023456784,2024-01-29 09:00:00,2024-01-29,09:00:00,1.5820,Monday,9,1,Winter,0
10023456784,2024-01-29 10:00:00,2024-01-29,10:00:00,1.0333,Monday,10,1,Winter,0
10023456784,2024-01-29 11:00:00,2024-01-29,11:00:00,1.0537,Monday,11,1,Winter,0
10023456784,2024-01-29 12:00:00,2024-01-29,12:00:00,1.1259,Monday,12,1,Winter,0
10023456784,2024-01-29 13:00:00,2024-01-29,13:00:00,1.2785,Monday,13,1,Winter,0
10023456784,2024-01-29 14:00:00,2024-01-29,14:00:00,1.1560,Monday,14,1,Winter,0
10023456784,2024-01-29 15:00:00,2024-01-29,15:00:00,1.0219,Monday,15,1,Winter,0
10023456784,2024-01-29 16:00:00,2024-01-29,16:00:00,1.4531,Monday,16,1,Winter,0
10023456784,2024-01-29 17:00:00,2024-01-29,17:00:00,0.1013,Monday,17,1,Winter,1
10023456784,2024-01-29 18:00:00,2024-01-29,18:00:00,1.5989,Monday,18,1,Winter,0
10023456784,2024-01-29 19:00:00,2024-01-29,19:00:00,2.4264,Monday,19,1,Winter,0
10023456784,2024-01-29 20:00:00,2024-01-29,20:00:00,2.5701,Monday,20,1,Winter,0
10023456784,2024-01-29 21:00:00,2024-01-29,21:00:00,1.7334,Monday,21,1,Winter,0
10023456784,2024-01-29 22:00:00,2024-01-29,22:00:00,1.5994,Monday,22,1,Winter,0
10023456784,2024-01-29 23:00:00,2024-01-29,23:00:00,0.8505,Monday,23,1,Winter,0
10023456784,2024-01-30 00:00:00,2024-01-30,00:00:00,0.6086,Tuesday,0,1,Winter,0
10023456784,2024-01-30 01:00:00,2024-01-30,01:00:00,0.4481,Tuesday,1,1,Winter,0
10023456784,2024-01-30 02:00:00,2024-01-30,02:00:00,0.5053,Tuesday,2,1,Winter,0
10023456784,2024-01-30 03:00:00,2024-01-30,03:00:00,0.4664,Tuesday,3,1,Winter,0
10023456784,2024-01-30 04:00:00,2024-01-30,04:00:00,0.5453,Tuesday,4,1,Winter,0
10023456784,2024-01-30 05:00:00,2024-01-30,05:00:00,0.6342,Tuesday,5,1,Winter,0
10023456784,2024-01-30 06:00:00,2024-01-30,06:00:00,1.3015,Tuesday,6,1,Winter,0
10023456784,2024-01-30 07:00:00,2024-01-30,07:00:00,1.6935,Tuesday,7,1,Winter,0
10023456784,2024-01-30 08:00:00,2024-01-30,08:00:00,1.9680,Tuesday,8,1,Winter,0
10023456784,2024-01-30 09:00:00,2024-01-30,09:00:00,1.4352,Tuesday,9,1,Winter,0
10023456784,2024-01-30 10:00:00,2024-01-30,10:00:00,1.2207,Tuesday,10,1,Winter,0
10023456784,2024-01-30 11:00:00,2024-01-30,11:00:00,1.1431,Tuesday,11,1,Winter,0
10023456784,2024-01-30 12:00:00,2024-01-30,12:00:00,1.3145,Tuesday,12,1,Winter,0
10023456784,2024-01-30 13:00:00,2024-01-30,13:00:00,1.5814,Tuesday,13,1,Winter,0
10023456784,2024-01-30 14:00:00,2024-01-30,14:00:00,1.2801,Tuesday,14,1,Winter,0
10023456784,2024-01-30 15:00:00,2024-01-30,15:00:00,1.3493,Tuesday,15,1,Winter,0
10023456784,2024-01-30 16:00:00,2024-01-30,16:00:00,1.5484,Tuesday,16,1,Winter,0
10023456784,2024-01-30 17:00:00,2024-01-30,17:00:00,1.7779,Tuesday,17,1,Winter,0
10023456784,2024-01-30 18:00:00,2024-01-30,18:00:00,3.1389,Tuesday,18,1,Winter,0
10023456784,2024-01-30 19:00:00,2024-01-30,19:00:00,2.7657,Tuesday,19,1,Winter,0
10023456784,2024-01-30 20:00:00,2024-01-30,20:00:00,2.9410,Tuesday,20,1,Winter,0
10023456784,2024-01-30 21:00:00,2024-01-30,21:00:00,3.1470,Tuesday,21,1,Winter,0
10023456784,2024-01-30 22:00:00,2024-01-30,22:00:00,1.5585,Tuesday,22,1,Winter,0
10023456784,2024-01-30 23:00:00,2024-01-30,23:00:00,1.0851,Tuesday,23,1,Winter,0
10023456784,2024-01-31 00:00:00,2024-01-31,00:00:00,0.4754,Wednesday,0,1,Winter,0
10023456784,2024-01-31 01:00:00,2024-01-31,01:00:00,0.5586,Wednesday,1,1,Winter,0
10023456784,2024-01-31 02:00:00,2024-01-31,02:00:00,0.5445,Wednesday,2,1,Winter,0
10023456784,2024-01-31 03:00:00,2024-01-31,03:00:00,0.4637,Wednesday,3,1,Winter,0
10023456784,2024-01-31 04:00:00,2024-01-31,04:00:00,0.5441,Wednesday,4,1,Winter,0
10023456784,2024-01-31 05:00:00,2024-01-31,05:00:00,1.0698,Wednesday,5,1,Winter,0
10023456784,2024-01-31 06:00:00,2024-01-31,06:00:00,1.5258,Wednesday,6,1,Winter,0
10023456784,2024-01-31 07:00:00,2024-01-31,07:00:00,1.9156,Wednesday,7,1,Winter,0
10023456784,2024-01-31 08:00:00,2024-01-31,08:00:00,1.9599,Wednesday,8,1,Winter,0
10023456784,2024-01-31 09:00:00,2024-01-31,09:00:00,1.6702,Wednesday,9,1,Winter,0
10023456784,2024-01-31 10:00:00,2024-01-31,10:00:00,1.3138,Wednesday,10,1,Winter,0
10023456784,2024-01-31 11:00:00,2024-01-31,11:00:00,1.2095,Wednesday,11,1,Winter,0
10023456784,2024-01-31 12:00:00,2024-01-31,12:00:00,1.2223,Wednesday,12,1,Winter,0
10023456784,2024-01-31 13:00:00,2024-01-31,13:00:00,1.3954,Wednesday,13,1,Winter,0
10023456784,2024-01-31 14:00:00,2024-01-31,14:00:00,1.2128,Wednesday,14,1,Winter,0
10023456784,2024-01-31 15:00:00,2024-01-31,15:00:00,1.4461,Wednesday,15,1,Winter,0
10023456784,2024-01-31 16:00:00,2024-01-31,16:00:00,1.7630,Wednesday,16,1,Winter,0
10023456784,2024-01-31 17:00:00,2024-01-31,17:00:00,2.5280,Wednesday,17,1,Winter,0
10023456784,2024-01-31 18:00:00,2024-01-31,18:00:00,2.2767,Wednesday,18,1,Winter,0
10023456784,2024-01-31 19:00:00,2024-01-31,19:00:00,2.4992,Wednesday,19,1,Winter,0
10023456784,2024-01-31 20:00:00,2024-01-31,20:00:00,2.8738,Wednesday,20,1,Winter,0
10023456784,2024-01-31 21:00:00,2024-01-31,21:00:00,2.5424,Wednesday,21,1,Winter,0
10023456784,2024-01-31 22:00:00,2024-01-31,22:00:00,2.0909,Wednesday,22,1,Winter,0
10023456784,2024-01-31 23:00:00,2024-01-31,23:00:00,1.0179,Wednesday,23,1,Winter,0
10023456784,2024-02-01 00:00:00,2024-02-01,00:00:00,0.6531,Thursday,0,2,Winter,0
10023456784,2024-02-01 01:00:00,2024-02-01,01:00:00,0.5026,Thursday,1,2,Winter,0
10023456784,2024-02-01 02:00:00,2024-02-01,02:00:00,0.5477,Thursday,2,2,Winter,0
10023456784,2024-02-01 03:00:00,2024-02-01,03:00:00,0.4535,Thursday,3,2,Winter,0
10023456784,2024-02-01 04:00:00,2024-02-01,04:00:00,0.5826,Thursday,4,2,Winter,0
10023456784,2024-02-01 05:00:00,2024-02-01,05:00:00,0.8309,Thursday,5,2,Winter,0
10023456784,2024-02-01 06:00:00,2024-02-01,06:00:00,1.4064,Thursday,6,2,Winter,0
10023456784,2024-02-01 07:00:00,2024-02-01,07:00:00,1.9208,Thursday,7,2,Winter,0
10023456784,2024-02-01 08:00:00,2024-02-01,08:00:00,1.8868,Thursday,8,2,Winter,0
10023456784,2024-02-01 09:00:00,2024-02-01,09:00:00,1.8214,Thursday,9,2,Winter,0
10023456784,2024-02-01 10:00:00,2024-02-01,10:00:00,1.4276,Thursday,10,2,Winter,0
10023456784,2024-02-01 11:00:00,2024-02-01,11:00:00,1.1983,Thursday,11,2,Winter,0
10023456784,2024-02-01 12:00:00,2024-02-01,12:00:00,1.3676,Thursday,12,2,Winter,0
10023456784,2024-02-01 13:00:00,2024-02-01,13:00:00,1.2729,Thursday,13,2,Winter,0
10023456784,2024-02-01 14:00:00,2024-02-01,14:00:00,1.4019,Thursday,14,2,Winter,0
10023456784,2024-02-01 15:00:00,2024-02-01,15:00:00,1.5264,Thursday,15,2,Winter,0
10023456784,2024-02-01 16:00:00,2024-02-01,16:00:00,1.8905,Thursday,16,2,Winter,0
10023456784,2024-02-01 17:00:00,2024-02-01,17:00:00,1.8456,Thursday,17,2,Winter,0
10023456784,2024-02-01 18:00:00,2024-02-01,18:00:00,2.6986,Thursday,18,2,Winter,0
10023456784,2024-02-01 19:00:00,2024-02-01,19:00:00,2.3207,Thursday,19,2,Winter,0
10023456784,2024-02-01 20:00:00,2024-02-01,20:00:00,3.3234,Thursday,20,2,Winter,0
10023456784,2024-02-01 21:00:00,2024-02-01,21:00:00,2.3796,Thursday,21,2,Winter,0
10023456784,2024-02-01 22:00:00,2024-02-01,22:00:00,1.9682,Thursday,22,2,Winter,0
10023456784,2024-02-01 23:00:00,2024-02-01,23:00:00,1.1448,Thursday,23,2,Winter,0
10023456784,2024-02-02 00:00:00,2024-02-02,00:00:00,0.6639,Friday,0,2,Winter,0
10023456784,2024-02-02 01:00:00,2024-02-02,01:00:00,0.3989,Friday,1,2,Winter,0
10023456784,2024-02-02 02:00:00,2024-02-02,02:00:00,0.4844,Friday,2,2,Winter,0
10023456784,2024-02-02 03:00:00,2024-02-02,03:00:00,0.3435,Friday,3,2,Winter,0
10023456784,2024-02-02 04:00:00,2024-02-02,04:00:00,0.4569,Friday,4,2,Winter,0
10023456784,2024-02-02 05:00:00,2024-02-02,05:00:00,0.6928,Friday,5,2,Winter,0
10023456784,2024-02-02 06:00:00,2024-02-02,06:00:00,1.2249,Friday,6,2,Winter,0
10023456784,2024-02-02 07:00:00,2024-02-02,07:00:00,1.6740,Friday,7,2,Winter,0
10023456784,2024-02-02 08:00:00,2024-02-02,08:00:00,1.5820,Friday,8,2,Winter,0
10023456784,2024-02-02 09:00:00,2024-02-02,09:00:00,1.7312,Friday,9,2,Winter,0
10023456784,2024-02-02 10:00:00,2024-02-02,10:00:00,1.3264,Friday,10,2,Winter,0
10023456784,2024-02-02 11:00:00,2024-02-02,11:00:00,1.3834,Friday,11,2,Winter,0
10023456784,2024-02-02 12:00:00,2024-02-02,12:00:00,1.1085,Friday,12,2,Winter,0
10023456784,2024-02-02 13:00:00,2024-02-02,13:00:00,1.3080,Friday,13,2,Winter,0
10023456784,2024-02-02 14:00:00,2024-02-02,14:00:00,1.2266,Friday,14,2,Winter,0
10023456784,2024-02-02 15:00:00,2024-02-02,15:00:00,1.3967,Friday,15,2,Winter,0
10023456784,2024-02-02 16:00:00,2024-02-02,16:00:00,1.1803,Friday,16,2,Winter,0
10023456784,2024-02-02 17:00:00,2024-02-02,17:00:00,1.9202,Friday,17,2,Winter,0
10023456784,2024-02-02 18:00:00,2024-02-02,18:00:00,1.9924,Friday,18,2,Winter,0
10023456784,2024-02-02 19:00:00,2024-02-02,19:00:00,3.0253,Friday,19,2,Winter,0
10023456784,2024-02-02 20:00:00,2024-02-02,20:00:00,2.6313,Friday,20,2,Winter,0
10023456784,2024-02-02 21:00:00,2024-02-02,21:00:00,2.2661,Friday,21,2,Winter,0
10023456784,2024-02-02 22:00:00,2024-02-02,22:00:00,1.5535,Friday,22,2,Winter,0
10023456784,2024-02-02 23:00:00,2024-02-02,23:00:00,0.7337,Friday,23,2,Winter,0
10023456784,2024-02-03 00:00:00,2024-02-03,00:00:00,0.6956,Saturday,0,2,Winter,0
10023456784,2024-02-03 01:00:00,2024-02-03,01:00:00,0.7400,Saturday,1,2,Winter,0
10023456784,2024-02-03 02:00:00,2024-02-03,02:00:00,0.6549,Saturday,2,2,Winter,0
10023456784,2024-02-03 03:00:00,2024-02-03,03:00:00,0.4404,Saturday,3,2,Winter,0
10023456784,2024-02-03 04:00:00,2024-02-03,04:00:00,0.5688,Saturday,4,2,Winter,0
10023456784,2024-02-03 05:00:00,2024-02-03,05:00:00,0.6647,Saturday,5,2,Winter,0
10023456784,2024-02-03 06:00:00,2024-02-03,06:00:00,1.0320,Saturday,6,2,Winter,0
10023456784,2024-02-03 07:00:00,2024-02-03,07:00:00,1.3751,Saturday,7,2,Winter,0
10023456784,2024-02-03 08:00:00,2024-02-03,08:00:00,2.2947,Saturday,8,2,Winter,0
10023456784,2024-02-03 09:00:00,2024-02-03,09:00:00,2.4129,Saturday,9,2,Winter,0
10023456784,2024-02-03 10:00:00,2024-02-03,10:00:00,2.2266,Saturday,10,2,Winter,0
10023456784,2024-02-03 11:00:00,2024-02-03,11:00:00,1.8985,Saturday,11,2,Winter,0
10023456784,2024-02-03 12:00:00,2024-02-03,12:00:00,1.7797,Saturday,12,2,Winter,0
10023456784,2024-02-03 13:00:00,2024-02-03,13:00:00,1.6231,Saturday,13,2,Winter,0
10023456784,2024-02-03 14:00:00,2024-02-03,14:00:00,1.6455,Saturday,14,2,Winter,0
10023456784,2024-02-03 15:00:00,2024-02-03,15:00:00,1.8890,Saturday,15,2,Winter,0
10023456784,2024-02-03 16:00:00,2024-02-03,16:00:00,2.1604,Saturday,16,2,Winter,0
10023456784,2024-02-03 17:00:00,2024-02-03,17:00:00,2.2816,Saturday,17,2,Winter,0
10023456784,2024-02-03 18:00:00,2024-02-03,18:00:00,2.9827,Saturday,18,2,Winter,0
10023456784,2024-02-03 19:00:00,2024-02-03,19:00:00,2.9823,Saturday,19,2,Winter,0
10023456784,2024-02-03 20:00:00,2024-02-03,20:00:00,2.8782,Saturday,20,2,Winter,0
10023456784,2024-02-03 21:00:00,2024-02-03,21:00:00,2.7733,Saturday,21,2,Winter,0
10023456784,2024-02-03 22:00:00,2024-02-03,22:00:00,2.0489,Saturday,22,2,Winter,0
10023456784,2024-02-03 23:00:00,2024-02-03,23:00:00,1.2237,Saturday,23,2,Winter,0
10023456784,2024-02-04 00:00:00,2024-02-04,00:00:00,0.7525,Sunday,0,2,Winter,0
10023456784,2024-02-04 01:00:00,2024-02-04,01:00:00,0.5990,Sunday,1,2,Winter,0
10023456784,2024-02-04 02:00:00,2024-02-04,02:00:00,0.4199,Sunday,2,2,Winter,0
10023456784,2024-02-04 03:00:00,2024-02-04,03:00:00,0.6048,Sunday,3,2,Winter,0
10023456784,2024-02-04 04:00:00,2024-02-04,04:00:00,0.5779,Sunday,4,2,Winter,0
10023456784,2024-02-04 05:00:00,2024-02-04,05:00:00,0.6509,Sunday,5,2,Winter,0
10023456784,2024-02-04 06:00:00,2024-02-04,06:00:00,1.0877,Sunday,6,2,Winter,0
10023456784,2024-02-04 07:00:00,2024-02-04,07:00:00,1.7889,Sunday,7,2,Winter,0
10023456784,2024-02-04 08:00:00,2024-02-04,08:00:00,2.1915,Sunday,8,2,Winter,0
10023456784,2024-02-04 09:00:00,2024-02-04,09:00:00,2.2295,Sunday,9,2,Winter,0
10023456784,2024-02-04 10:00:00,2024-02-04,10:00:00,2.1376,Sunday,10,2,Winter,0
10023456784,2024-02-04 11:00:00,2024-02-04,11:00:00,2.4673,Sunday,11,2,Winter,0
10023456784,2024-02-04 12:00:00,2024-02-04,12:00:00,2.1379,Sunday,12,2,Winter,0
10023456784,2024-02-04 13:00:00,2024-02-04,13:00:00,1.6876,Sunday,13,2,Winter,0
10023456784,2024-02-04 14:00:00,2024-02-04,14:00:00,1.6909,Sunday,14,2,Winter,0
10023456784,2024-02-04 15:00:00,2024-02-04,15:00:00,1.7828,Sunday,15,2,Winter,0
10023456784,2024-02-04 16:00:00,2024-02-04,16:00:00,2.1219,Sunday,16,2,Winter,0
10023456784,2024-02-04 17:00:00,2024-02-04,17:00:00,2.3389,Sunday,17,2,Winter,0
10023456784,2024-02-04 18:00:00,2024-02-04,18:00:00,3.2661,Sunday,18,2,Winter,0
10023456784,2024-02-04 19:00:00,2024-02-04,19:00:00,3.5966,Sunday,19,2,Winter,0
10023456784,2024-02-04 20:00:00,2024-02-04,20:00:00,3.0039,Sunday,20,2,Winter,0
10023456784,2024-02-04 21:00:00,2024-02-04,21:00:00,3.0873,Sunday,21,2,Winter,0
10023456784,2024-02-04 22:00:00,2024-02-04,22:00:00,1.9886,Sunday,22,2,Winter,0
10023456784,2024-02-04 23:00:00,2024-02-04,23:00:00,1.5647,Sunday,23,2,Winter,0
10023456784,2024-02-05 00:00:00,2024-02-05,00:00:00,0.4525,Monday,0,2,Winter,0
10023456784,2024-02-05 01:00:00,2024-02-05,01:00:00,0.4689,Monday,1,2,Winter,0
10023456784,2024-02-05 02:00:00,2024-02-05,02:00:00,0.3217,Monday,2,2,Winter,0
10023456784,2024-02-05 03:00:00,2024-02-05,03:00:00,0.3763,Monday,3,2,Winter,0
10023456784,2024-02-05 04:00:00,2024-02-05,04:00:00,0.4348,Monday,4,2,Winter,0
10023456784,2024-02-05 05:00:00,2024-02-05,05:00:00,0.6059,Monday,5,2,Winter,0
10023456784,2024-02-05 06:00:00,2024-02-05,06:00:00,1.3534,Monday,6,2,Winter,0
10023456784,2024-02-05 07:00:00,2024-02-05,07:00:00,1.3553,Monday,7,2,Winter,0
10023456784,2024-02-05 08:00:00,2024-02-05,08:00:00,1.4507,Monday,8,2,Winter,0
10023456784,2024-02-05 09:00:00,2024-02-05,09:00:00,1.6634,Monday,9,2,Winter,0
10023456784,2024-02-05 10:00:00,2024-02-05,10:00:00,1.0636,Monday,10,2,Winter,0
10023456784,2024-02-05 11:00:00,2024-02-05,11:00:00,0.9877,Monday,11,2,Winter,0
10023456784,2024-02-05 12:00:00,2024-02-05,12:00:00,1.0860,Monday,12,2,Winter,0
10023456784,2024-02-05 13:00:00,2024-02-05,13:00:00,0.9745,Monday,13,2,Winter,0
10023456784,2024-02-05 14:00:00,2024-02-05,14:00:00,1.0429,Monday,14,2,Winter,0
10023456784,2024-02-05 15:00:00,2024-02-05,15:00:00,2.5289,Monday,15,2,Winter,1
10023456784,2024-02-05 16:00:00,2024-02-05,16:00:00,1.4052,Monday,16,2,Winter,0
10023456784,2024-02-05 17:00:00,2024-02-05,17:00:00,1.7912,Monday,17,2,Winter,0
10023456784,2024-02-05 18:00:00,2024-02-05,18:00:00,1.9288,Monday,18,2,Winter,0
10023456784,2024-02-05 19:00:00,2024-02-05,19:00:00,2.2727,Monday,19,2,Winter,0
10023456784,2024-02-05 20:00:00,2024-02-05,20:00:00,2.1046,Monday,20,2,Winter,0
10023456784,2024-02-05 21:00:00,2024-02-05,21:00:00,2.1142,Monday,21,2,Winter,0
10023456784,2024-02-05 22:00:00,2024-02-05,22:00:00,1.3181,Monday,22,2,Winter,0
10023456784,2024-02-05 23:00:00,2024-02-05,23:00:00,0.9241,Monday,23,2,Winter,0
10023456784,2024-02-06 00:00:00,2024-02-06,00:00:00,0.8001,Tuesday,0,2,Winter,0
10023456784,2024-02-06 01:00:00,2024-02-06,01:00:00,0.7080,Tuesday,1,2,Winter,0
10023456784,2024-02-06 02:00:00,2024-02-06,02:00:00,0.6584,Tuesday,2,2,Winter,0
10023456784,2024-02-06 03:00:00,2024-02-06,03:00:00,0.6697,Tuesday,3,2,Winter,0
10023456784,2024-02-06 04:00:00,2024-02-06,04:00:00,0.6578,Tuesday,4,2,Winter,0
10023456784,2024-02-06 05:00:00,2024-02-06,05:00:00,0.7870,Tuesday,5,2,Winter,0
10023456784,2024-02-06 06:00:00,2024-02-06,06:00:00,1.8607,Tuesday,6,2,Winter,0
10023456784,2024-02-06 07:00:00,2024-02-06,07:00:00,2.5420,Tuesday,7,2,Winter,0
10023456784,2024-02-06 08:00:00,2024-02-06,08:00:00,2.5672,Tuesday,8,2,Winter,0
10023456784,2024-02-06 09:00:00,2024-02-06,09:00:00,2.0412,Tuesday,9,2,Winter,0
10023456784,2024-02-06 10:00:00,2024-02-06,10:00:00,1.8996,Tuesday,10,2,Winter,0
10023456784,2024-02-06 11:00:00,2024-02-06,11:00:00,0.0944,Tuesday,11,2,Winter,1
10023456784,2024-02-06 12:00:00,2024-02-06,12:00:00,1.6100,Tuesday,12,2,Winter,0
10023456784,2024-02-06 13:00:00,2024-02-06,13:00:00,1.6307,Tuesday,13,2,Winter,0
10023456784,2024-02-06 14:00:00,2024-02-06,14:00:00,1.5428,Tuesday,14,2,Winter,0
10023456784,2024-02-06 15:00:00,2024-02-06,15:00:00,1.7117,Tuesday,15,2,Winter,0
10023456784,2024-02-06 16:00:00,2024-02-06,16:00:00,2.0776,Tuesday,16,2,Winter,0
10023456784,2024-02-06 17:00:00,2024-02-06,17:00:00,5.7375,Tuesday,17,2,Winter,1
10023456784,2024-02-06 18:00:00,2024-02-06,18:00:00,2.9886,Tuesday,18,2,Winter,0
10023456784,2024-02-06 19:00:00,2024-02-06,19:00:00,3.3736,Tuesday,19,2,Winter,0
10023456784,2024-02-06 20:00:00,2024-02-06,20:00:00,3.6183,Tuesday,20,2,Winter,0
10023456784,2024-02-06 21:00:00,2024-02-06,21:00:00,3.1571,Tuesday,21,2,Winter,0
10023456784,2024-02-06 22:00:00,2024-02-06,22:00:00,2.4318,Tuesday,22,2,Winter,0
10023456784,2024-02-06 23:00:00,2024-02-06,23:00:00,1.3623,Tuesday,23,2,Winter,0
10023456784,2024-02-07 00:00:00,2024-02-07,00:00:00,0.6875,Wednesday,0,2,Winter,0
10023456784,2024-02-07 01:00:00,2024-02-07,01:00:00,0.6736,Wednesday,1,2,Winter,0
10023456784,2024-02-07 02:00:00,2024-02-07,02:00:00,0.5609,Wednesday,2,2,Winter,0
10023456784,2024-02-07 03:00:00,2024-02-07,03:00:00,0.4867,Wednesday,3,2,Winter,0
10023456784,2024-02-07 04:00:00,2024-02-07,04:00:00,0.5649,Wednesday,4,2,Winter,0
10023456784,2024-02-07 05:00:00,2024-02-07,05:00:00,0.7950,Wednesday,5,2,Winter,0
10023456784,2024-02-07 06:00:00,2024-02-07,06:00:00,1.3478,Wednesday,6,2,Winter,0
10023456784,2024-02-07 07:00:00,2024-02-07,07:00:00,1.7839,Wednesday,7,2,Winter,0
10023456784,2024-02-07 08:00:00,2024-02-07,08:00:00,1.8684,Wednesday,8,2,Winter,0
10023456784,2024-02-07 09:00:00,2024-02-07,09:00:00,2.1100,Wednesday,9,2,Winter,0
10023456784,2024-02-07 10:00:00,2024-02-07,10:00:00,1.5416,Wednesday,10,2,Winter,0
10023456784,2024-02-07 11:00:00,2024-02-07,11:00:00,1.3075,Wednesday,11,2,Winter,0
10023456784,2024-02-07 12:00:00,2024-02-07,12:00:00,1.3652,Wednesday,12,2,Winter,0
10023456784,2024-02-07 13:00:00,2024-02-07,13:00:00,1.5701,Wednesday,13,2,Winter,0
10023456784,2024-02-07 14:00:00,2024-02-07,14:00:00,1.4015,Wednesday,14,2,Winter,0
10023456784,2024-02-07 15:00:00,2024-02-07,15:00:00,1.6937,Wednesday,15,2,Winter,0
10023456784,2024-02-07 16:00:00,2024-02-07,16:00:00,1.4943,Wednesday,16,2,Winter,0
10023456784,2024-02-07 17:00:00,2024-02-07,17:00:00,2.0099,Wednesday,17,2,Winter,0
10023456784,2024-02-07 18:00:00,2024-02-07,18:00:00,3.1995,Wednesday,18,2,Winter,0
10023456784,2024-02-07 19:00:00,2024-02-07,19:00:00,3.3165,Wednesday,19,2,Winter,0
10023456784,2024-02-07 20:00:00,2024-02-07,20:00:00,3.4847,Wednesday,20,2,Winter,0
10023456784,2024-02-07 21:00:00,2024-02-07,21:00:00,2.3913,Wednesday,21,2,Winter,0
10023456784,2024-02-07 22:00:00,2024-02-07,22:00:00,2.2874,Wednesday,22,2,Winter,0
10023456784,2024-02-07 23:00:00,2024-02-07,23:00:00,7.1862,Wednesday,23,2,Winter,1
10023456784,2024-02-08 00:00:00,2024-02-08,00:00:00,0.5161,Thursday,0,2,Winter,0
10023456784,2024-02-08 01:00:00,2024-02-08,01:00:00,0.4171,Thursday,1,2,Winter,0
10023456784,2024-02-08 02:00:00,2024-02-08,02:00:00,0.4700,Thursday,2,2,Winter,0
10023456784,2024-02-08 03:00:00,2024-02-08,03:00:00,0.3169,Thursday,3,2,Winter,0
10023456784,2024-02-08 04:00:00,2024-02-08,04:00:00,0.5054,Thursday,4,2,Winter,0
10023456784,2024-02-08 05:00:00,2024-02-08,05:00:00,0.6248,Thursday,5,2,Winter,0
10023456784,2024-02-08 06:00:00,2024-02-08,06:00:00,1.0699,Thursday,6,2,Winter,0
10023456784,2024-02-08 07:00:00,2024-02-08,07:00:00,1.5690,Thursday,7,2,Winter,0
10023456784,2024-02-08 08:00:00,2024-02-08,08:00:00,1.8190,Thursday,8,2,Winter,0
10023456784,2024-02-08 09:00:00,2024-02-08,09:00:00,0.1614,Thursday,9,2,Winter,1
10023456784,2024-02-08 10:00:00,2024-02-08,10:00:00,1.0762,Thursday,10,2,Winter,0
10023456784,2024-02-08 11:00:00,2024-02-08,11:00:00,1.0812,Thursday,11,2,Winter,0
10023456784,2024-02-08 12:00:00,2024-02-08,12:00:00,1.1695,Thursday,12,2,Winter,0
10023456784,2024-02-08 13:00:00,2024-02-08,13:00:00,1.0862,Thursday,13,2,Winter,0
10023456784,2024-02-08 14:00:00,2024-02-08,14:00:00,1.1153,Thursday,14,2,Winter,0
10023456784,2024-02-08 15:00:00,2024-02-08,15:00:00,1.0514,Thursday,15,2,Winter,0
10023456784,2024-02-08 16:00:00,2024-02-08,16:00:00,1.4606,Thursday,16,2,Winter,0
10023456784,2024-02-08 17:00:00,2024-02-08,17:00:00,1.4886,Thursday,17,2,Winter,0
10023456784,2024-02-08 18:00:00,2024-02-08,18:00:00,1.9618,Thursday,18,2,Winter,0
10023456784,2024-02-08 19:00:00,2024-02-08,19:00:00,2.5651,Thursday,19,2,Winter,0
10023456784,2024-02-08 20:00:00,2024-02-08,20:00:00,2.5673,Thursday,20,2,Winter,0
10023456784,2024-02-08 21:00:00,2024-02-08,21:00:00,1.7556,Thursday,21,2,Winter,0
10023456784,2024-02-08 22:00:00,2024-02-08,22:00:00,1.6108,Thursday,22,2,Winter,0
10023456784,2024-02-08 23:00:00,2024-02-08,23:00:00,0.8241,Thursday,23,2,Winter,0
10023456784,2024-02-09 00:00:00,2024-02-09,00:00:00,0.6104,Friday,0,2,Winter,0
10023456784,2024-02-09 01:00:00,2024-02-09,01:00:00,0.4312,Friday,1,2,Winter,0
10023456784,2024-02-09 02:00:00,2024-02-09,02:00:00,0.3331,Friday,2,2,Winter,0
10023456784,2024-02-09 03:00:00,2024-02-09,03:00:00,0.3992,Friday,3,2,Winter,0
10023456784,2024-02-09 04:00:00,2024-02-09,04:00:00,0.5277,Friday,4,2,Winter,0
10023456784,2024-02-09 05:00:00,2024-02-09,05:00:00,0.7635,Friday,5,2,Winter,0
10023456784,2024-02-09 06:00:00,2024-02-09,06:00:00,1.2639,Friday,6,2,Winter,0
10023456784,2024-02-09 07:00:00,2024-02-09,07:00:00,1.6574,Friday,7,2,Winter,0
10023456784,2024-02-09 08:00:00,2024-02-09,08:00:00,1.7809,Friday,8,2,Winter,0
10023456784,2024-02-09 09:00:00,2024-02-09,09:00:00,1.7314,Friday,9,2,Winter,0
10023456784,2024-02-09 10:00:00,2024-02-09,10:00:00,1.2824,Friday,10,2,Winter,0
10023456784,2024-02-09 11:00:00,2024-02-09,11:00:00,1.2172,Friday,11,2,Winter,0
10023456784,2024-02-09 12:00:00,2024-02-09,12:00:00,1.2479,Friday,12,2,Winter,0
10023456784,2024-02-09 13:00:00,2024-02-09,13:00:00,1.3106,Friday,13,2,Winter,0
10023456784,2024-02-09 14:00:00,2024-02-09,14:00:00,0.9221,Friday,14,2,Winter,0
10023456784,2024-02-09 15:00:00,2024-02-09,15:00:00,2.6838,Friday,15,2,Winter,1
10023456784,2024-02-09 16:00:00,2024-02-09,16:00:00,4.3179,Friday,16,2,Winter,1
10023456784,2024-02-09 17:00:00,2024-02-09,17:00:00,4.4612,Friday,17,2,Winter,1
10023456784,2024-02-09 18:00:00,2024-02-09,18:00:00,5.6332,Friday,18,2,Winter,1
10023456784,2024-02-09 19:00:00,2024-02-09,19:00:00,6.6041,Friday,19,2,Winter,1
10023456784,2024-02-09 20:00:00,2024-02-09,20:00:00,5.0483,Friday,20,2,Winter,1
10023456784,2024-02-09 21:00:00,2024-02-09,21:00:00,2.1723,Friday,21,2,Winter,0
10023456784,2024-02-09 22:00:00,2024-02-09,22:00:00,1.7288,Friday,22,2,Winter,0
10023456784,2024-02-09 23:00:00,2024-02-09,23:00:00,0.9814,Friday,23,2,Winter,0
10023456784,2024-02-10 00:00:00,2024-02-10,00:00:00,0.7106,Saturday,0,2,Winter,0
10023456784,2024-02-10 01:00:00,2024-02-10,01:00:00,0.5417,Saturday,1,2,Winter,0
10023456784,2024-02-10 02:00:00,2024-02-10,02:00:00,0.4395,Saturday,2,2,Winter,0
10023456784,2024-02-10 03:00:00,2024-02-10,03:00:00,0.5580,Saturday,3,2,Winter,0
10023456784,2024-02-10 04:00:00,2024-02-10,04:00:00,0.4821,Saturday,4,2,Winter,0
10023456784,2024-02-10 05:00:00,2024-02-10,05:00:00,4.4490,Saturday,5,2,Winter,1
10023456784,2024-02-10 06:00:00,2024-02-10,06:00:00,1.1352,Saturday,6,2,Winter,0
10023456784,2024-02-10 07:00:00,2024-02-10,07:00:00,1.2206,Saturday,7,2,Winter,0
10023456784,2024-02-10 08:00:00,2024-02-10,08:00:00,1.9296,Saturday,8,2,Winter,0
10023456784,2024-02-10 09:00:00,2024-02-10,09:00:00,2.2975,Saturday,9,2,Winter,0
10023456784,2024-02-10 10:00:00,2024-02-10,10:00:00,2.2566,Saturday,10,2,Winter,0
10023456784,2024-02-10 11:00:00,2024-02-10,11:00:00,1.4196,Saturday,11,2,Winter,0
10023456784,2024-02-10 12:00:00,2024-02-10,12:00:00,1.6884,Saturday,12,2,Winter,0
10023456784,2024-02-10 13:00:00,2024-02-10,13:00:00,1.7896,Saturday,13,2,Winter,0
10023456784,2024-02-10 14:00:00,2024-02-10,14:00:00,1.6321,Saturday,14,2,Winter,0
10023456784,2024-02-10 15:00:00,2024-02-10,15:00:00,3.5814,Saturday,15,2,Winter,1
10023456784,2024-02-10 16:00:00,2024-02-10,16:00:00,2.2194,Saturday,16,2,Winter,0
10023456784,2024-02-10 17:00:00,2024-02-10,17:00:00,2.3247,Saturday,17,2,Winter,0
10023456784,2024-02-10 18:00:00,2024-02-10,18:00:00,2.7393,Saturday,18,2,Winter,0
10023456784,2024-02-10 19:00:00,2024-02-10,19:00:00,2.6927,Saturday,19,2,Winter,0
10023456784,2024-02-10 20:00:00,2024-02-10,20:00:00,2.8152,Saturday,20,2,Winter,0
10023456784,2024-02-10 21:00:00,2024-02-10,21:00:00,2.3287,Saturday,21,2,Winter,0
10023456784,2024-02-10 22:00:00,2024-02-10,22:00:00,1.9960,Saturday,22,2,Winter,0
10023456784,2024-02-10 23:00:00,2024-02-10,23:00:00,1.1204,Saturday,23,2,Winter,0
10023456784,2024-02-11 00:00:00,2024-02-11,00:00:00,0.5923,Sunday,0,2,Winter,0
10023456784,2024-02-11 01:00:00,2024-02-11,01:00:00,0.6171,Sunday,1,2,Winter,0
10023456784,2024-02-11 02:00:00,2024-02-11,02:00:00,0.4598,Sunday,2,2,Winter,0
10023456784,2024-02-11 03:00:00,2024-02-11,03:00:00,0.4845,Sunday,3,2,Winter,0
10023456784,2024-02-11 04:00:00,2024-02-11,04:00:00,0.4605,Sunday,4,2,Winter,0
10023456784,2024-02-11 05:00:00,2024-02-11,05:00:00,0.5479,Sunday,5,2,Winter,0
10023456784,2024-02-11 06:00:00,2024-02-11,06:00:00,0.9649,Sunday,6,2,Winter,0
10023456784,2024-02-11 07:00:00,2024-02-11,07:00:00,1.1623,Sunday,7,2,Winter,0
10023456784,2024-02-11 08:00:00,2024-02-11,08:00:00,1.7525,Sunday,8,2,Winter,0
10023456784,2024-02-11 09:00:00,2024-02-11,09:00:00,1.7715,Sunday,9,2,Winter,0
10023456784,2024-02-11 10:00:00,2024-02-11,10:00:00,2.0292,Sunday,10,2,Winter,0
10023456784,2024-02-11 11:00:00,2024-02-11,11:00:00,1.6714,Sunday,11,2,Winter,0
10023456784,2024-02-11 12:00:00,2024-02-11,12:00:00,1.5333,Sunday,12,2,Winter,0
10023456784,2024-02-11 13:00:00,2024-02-11,13:00:00,1.7840,Sunday,13,2,Winter,0
10023456784,2024-02-11 14:00:00,2024-02-11,14:00:00,1.3541,Sunday,14,2,Winter,0
10023456784,2024-02-11 15:00:00,2024-02-11,15:00:00,1.6410,Sunday,15,2,Winter,0
10023456784,2024-02-11 16:00:00,2024-02-11,16:00:00,1.6794,Sunday,16,2,Winter,0
10023456784,2024-02-11 17:00:00,2024-02-11,17:00:00,2.1305,Sunday,17,2,Winter,0
10023456784,2024-02-11 18:00:00,2024-02-11,18:00:00,2.4810,Sunday,18,2,Winter,0
10023456784,2024-02-11 19:00:00,2024-02-11,19:00:00,2.9797,Sunday,19,2,Winter,0
10023456784,2024-02-11 20:00:00,2024-02-11,20:00:00,2.3287,Sunday,20,2,Winter,0
10023456784,2024-02-11 21:00:00,2024-02-11,21:00:00,2.3031,Sunday,21,2,Winter,0
10023456784,2024-02-11 22:00:00,2024-02-11,22:00:00,3.6531,Sunday,22,2,Winter,1
10023456784,2024-02-11 23:00:00,2024-02-11,23:00:00,2.3224,Sunday,23,2,Winter,1
10023456784,2024-02-12 00:00:00,2024-02-12,00:00:00,1.0362,Monday,0,2,Winter,1
10023456784,2024-02-12 01:00:00,2024-02-12,01:00:00,0.9950,Monday,1,2,Winter,1
10023456784,2024-02-12 02:00:00,2024-02-12,02:00:00,0.6983,Monday,2,2,Winter,1
10023456784,2024-02-12 03:00:00,2024-02-12,03:00:00,1.0220,Monday,3,2,Winter,1
10023456784,2024-02-12 04:00:00,2024-02-12,04:00:00,0.4764,Monday,4,2,Winter,0
10023456784,2024-02-12 05:00:00,2024-02-12,05:00:00,0.6836,Monday,5,2,Winter,0
10023456784,2024-02-12 06:00:00,2024-02-12,06:00:00,1.2625,Monday,6,2,Winter,0
10023456784,2024-02-12 07:00:00,2024-02-12,07:00:00,1.8897,Monday,7,2,Winter,0
10023456784,2024-02-12 08:00:00,2024-02-12,08:00:00,1.8506,Monday,8,2,Winter,0
10023456784,2024-02-12 09:00:00,2024-02-12,09:00:00,1.6054,Monday,9,2,Winter,0
10023456784,2024-02-12 10:00:00,2024-02-12,10:00:00,1.1949,Monday,10,2,Winter,0
10023456784,2024-02-12 11:00:00,2024-02-12,11:00:00,1.0551,Monday,11,2,Winter,0
10023456784,2024-02-12 12:00:00,2024-02-12,12:00:00,1.1944,Monday,12,2,Winter,0
10023456784,2024-02-12 13:00:00,2024-02-12,13:00:00,1.4385,Monday,13,2,Winter,0
10023456784,2024-02-12 14:00:00,2024-02-12,14:00:00,0.9439,Monday,14,2,Winter,0
10023456784,2024-02-12 15:00:00,2024-02-12,15:00:00,1.4001,Monday,15,2,Winter,0
10023456784,2024-02-12 16:00:00,2024-02-12,16:00:00,1.5218,Monday,16,2,Winter,0
10023456784,2024-02-12 17:00:00,2024-02-12,17:00:00,1.9208,Monday,17,2,Winter,0
10023456784,2024-02-12 18:00:00,2024-02-12,18:00:00,2.3667,Monday,18,2,Winter,0
10023456784,2024-02-12 19:00:00,2024-02-12,19:00:00,2.7995,Monday,19,2,Winter,0
10023456784,2024-02-12 20:00:00,2024-02-12,20:00:00,2.4519,Monday,20,2,Winter,0
10023456784,2024-02-12 21:00:00,2024-02-12,21:00:00,2.3626,Monday,21,2,Winter,0
10023456784,2024-02-12 22:00:00,2024-02-12,22:00:00,1.7225,Monday,22,2,Winter,0
10023456784,2024-02-12 23:00:00,2024-02-12,23:00:00,0.9304,Monday,23,2,Winter,0
10023456784,2024-02-13 00:00:00,2024-02-13,00:00:00,0.5588,Tuesday,0,2,Winter,0
10023456784,2024-02-13 01:00:00,2024-02-13,01:00:00,0.5415,Tuesday,1,2,Winter,0
10023456784,2024-02-13 02:00:00,2024-02-13,02:00:00,0.4174,Tuesday,2,2,Winter,0
10023456784,2024-02-13 03:00:00,2024-02-13,03:00:00,0.5486,Tuesday,3,2,Winter,0
10023456784,2024-02-13 04:00:00,2024-02-13,04:00:00,0.5415,Tuesday,4,2,Winter,0
10023456784,2024-02-13 05:00:00,2024-02-13,05:00:00,0.6362,Tuesday,5,2,Winter,0
10023456784,2024-02-13 06:00:00,2024-02-13,06:00:00,1.4916,Tuesday,6,2,Winter,0
10023456784,2024-02-13 07:00:00,2024-02-13,07:00:00,1.7011,Tuesday,7,2,Winter,0
10023456784,2024-02-13 08:00:00,2024-02-13,08:00:00,1.6953,Tuesday,8,2,Winter,0
10023456784,2024-02-13 09:00:00,2024-02-13,09:00:00,1.5749,Tuesday,9,2,Winter,0
10023456784,2024-02-13 10:00:00,2024-02-13,10:00:00,1.3356,Tuesday,10,2,Winter,0
10023456784,2024-02-13 11:00:00,2024-02-13,11:00:00,1.2474,Tuesday,11,2,Winter,0
10023456784,2024-02-13 12:00:00,2024-02-13,12:00:00,1.2571,Tuesday,12,2,Winter,0
10023456784,2024-02-13 13:00:00,2024-02-13,13:00:00,1.2194,Tuesday,13,2,Winter,0
10023456784,2024-02-13 14:00:00,2024-02-13,14:00:00,1.4391,Tuesday,14,2,Winter,0
10023456784,2024-02-13 15:00:00,2024-02-13,15:00:00,1.4551,Tuesday,15,2,Winter,0
10023456784,2024-02-13 16:00:00,2024-02-13,16:00:00,1.6347,Tuesday,16,2,Winter,0
10023456784,2024-02-13 17:00:00,2024-02-13,17:00:00,0.1361,Tuesday,17,2,Winter,1
10023456784,2024-02-13 18:00:00,2024-02-13,18:00:00,2.6803,Tuesday,18,2,Winter,0
10023456784,2024-02-13 19:00:00,2024-02-13,19:00:00,3.1340,Tuesday,19,2,Winter,0
10023456784,2024-02-13 20:00:00,2024-02-13,20:00:00,3.1710,Tuesday,20,2,Winter,0
10023456784,2024-02-13 21:00:00,2024-02-13,21:00:00,2.5156,Tuesday,21,2,Winter,0
10023456784,2024-02-13 22:00:00,2024-02-13,22:00:00,1.7304,Tuesday,22,2,Winter,0
10023456784,2024-02-13 23:00:00,2024-02-13,23:00:00,0.9493,Tuesday,23,2,Winter,0
10023456784,2024-02-14 00:00:00,2024-02-14,00:00:00,0.4001,Wednesday,0,2,Winter,0
10023456784,2024-02-14 01:00:00,2024-02-14,01:00:00,0.4654,Wednesday,1,2,Winter,0
10023456784,2024-02-14 02:00:00,2024-02-14,02:00:00,0.4242,Wednesday,2,2,Winter,0
10023456784,2024-02-14 03:00:00,2024-02-14,03:00:00,0.3179,Wednesday,3,2,Winter,0
10023456784,2024-02-14 04:00:00,2024-02-14,04:00:00,0.4967,Wednesday,4,2,Winter,0
10023456784,2024-02-14 05:00:00,2024-02-14,05:00:00,0.5648,Wednesday,5,2,Winter,0
10023456784,2024-02-14 06:00:00,2024-02-14,06:00:00,0.9820,Wednesday,6,2,Winter,0
10023456784,2024-02-14 07:00:00,2024-02-14,07:00:00,1.8485,Wednesday,7,2,Winter,0
10023456784,2024-02-14 08:00:00,2024-02-14,08:00:00,1.4629,Wednesday,8,2,Winter,0
10023456784,2024-02-14 09:00:00,2024-02-14,09:00:00,1.4405,Wednesday,9,2,Winter,0
10023456784,2024-02-14 10:00:00,2024-02-14,10:00:00,1.0974,Wednesday,10,2,Winter,0
10023456784,2024-02-14 11:00:00,2024-02-14,11:00:00,1.1848,Wednesday,11,2,Winter,0
10023456784,2024-02-14 12:00:00,2024-02-14,12:00:00,1.3590,Wednesday,12,2,Winter,0
10023456784,2024-02-14 13:00:00,2024-02-14,13:00:00,0.9992,Wednesday,13,2,Winter,0
10023456784,2024-02-14 14:00:00,2024-02-14,14:00:00,1.0257,Wednesday,14,2,Winter,0
10023456784,2024-02-14 15:00:00,2024-02-14,15:00:00,1.1004,Wednesday,15,2,Winter,0
10023456784,2024-02-14 16:00:00,2024-02-14,16:00:00,1.2148,Wednesday,16,2,Winter,0
10023456784,2024-02-14 17:00:00,2024-02-14,17:00:00,1.8729,Wednesday,17,2,Winter,0
10023456784,2024-02-14 18:00:00,2024-02-14,18:00:00,2.3114,Wednesday,18,2,Winter,0
10023456784,2024-02-14 19:00:00,2024-02-14,19:00:00,1.9295,Wednesday,19,2,Winter,0
10023456784,2024-02-14 20:00:00,2024-02-14,20:00:00,2.0854,Wednesday,20,2,Winter,0
10023456784,2024-02-14 21:00:00,2024-02-14,21:00:00,2.1643,Wednesday,21,2,Winter,0
10023456784,2024-02-14 22:00:00,2024-02-14,22:00:00,1.4387,Wednesday,22,2,Winter,0
10023456784,2024-02-14 23:00:00,2024-02-14,23:00:00,0.8336,Wednesday,23,2,Winter,0
10023456784,2024-02-15 00:00:00,2024-02-15,00:00:00,0.3753,Thursday,0,2,Winter,0
10023456784,2024-02-15 01:00:00,2024-02-15,01:00:00,0.3780,Thursday,1,2,Winter,0
10023456784,2024-02-15 02:00:00,2024-02-15,02:00:00,0.2935,Thursday,2,2,Winter,0
10023456784,2024-02-15 03:00:00,2024-02-15,03:00:00,0.3504,Thursday,3,2,Winter,0
10023456784,2024-02-15 04:00:00,2024-02-15,04:00:00,0.3640,Thursday,4,2,Winter,0
10023456784,2024-02-15 05:00:00,2024-02-15,05:00:00,0.6469,Thursday,5,2,Winter,0
10023456784,2024-02-15 06:00:00,2024-02-15,06:00:00,0.9168,Thursday,6,2,Winter,0
10023456784,2024-02-15 07:00:00,2024-02-15,07:00:00,1.4410,Thursday,7,2,Winter,0
10023456784,2024-02-15 08:00:00,2024-02-15,08:00:00,1.6177,Thursday,8,2,Winter,0
10023456784,2024-02-15 09:00:00,2024-02-15,09:00:00,4.5939,Thursday,9,2,Winter,1
10023456784,2024-02-15 10:00:00,2024-02-15,10:00:00,1.2744,Thursday,10,2,Winter,0
10023456784,2024-02-15 11:00:00,2024-02-15,11:00:00,0.9641,Thursday,11,2,Winter,0
10023456784,2024-02-15 12:00:00,2024-02-15,12:00:00,1.0620,Thursday,12,2,Winter,0
10023456784,2024-02-15 13:00:00,2024-02-15,13:00:00,1.0016,Thursday,13,2,Winter,0
10023456784,2024-02-15 14:00:00,2024-02-15,14:00:00,0.9650,Thursday,14,2,Winter,0
10023456784,2024-02-15 15:00:00,2024-02-15,15:00:00,1.0199,Thursday,15,2,Winter,0
10023456784,2024-02-15 16:00:00,2024-02-15,16:00:00,1.2471,Thursday,16,2,Winter,0
10023456784,2024-02-15 17:00:00,2024-02-15,17:00:00,1.5781,Thursday,17,2,Winter,0
10023456784,2024-02-15 18:00:00,2024-02-15,18:00:00,2.3633,Thursday,18,2,Winter,0
10023456784,2024-02-15 19:00:00,2024-02-15,19:00:00,2.3703,Thursday,19,2,Winter,0
10023456784,2024-02-15 20:00:00,2024-02-15,20:00:00,2.3572,Thursday,20,2,Winter,0
10023456784,2024-02-15 21:00:00,2024-02-15,21:00:00,1.9663,Thursday,21,2,Winter,0
10023456784,2024-02-15 22:00:00,2024-02-15,22:00:00,1.1476,Thursday,22,2,Winter,0
10023456784,2024-02-15 23:00:00,2024-02-15,23:00:00,0.5872,Thursday,23,2,Winter,0
10023456784,2024-02-16 00:00:00,2024-02-16,00:00:00,0.4683,Friday,0,2,Winter,0
10023456784,2024-02-16 01:00:00,2024-02-16,01:00:00,0.4043,Friday,1,2,Winter,0
10023456784,2024-02-16 02:00:00,2024-02-16,02:00:00,0.3706,Friday,2,2,Winter,0
10023456784,2024-02-16 03:00:00,2024-02-16,03:00:00,0.3368,Friday,3,2,Winter,0
10023456784,2024-02-16 04:00:00,2024-02-16,04:00:00,0.4182,Friday,4,2,Winter,0
10023456784,2024-02-16 05:00:00,2024-02-16,05:00:00,0.7668,Friday,5,2,Winter,0
10023456784,2024-02-16 06:00:00,2024-02-16,06:00:00,0.7611,Friday,6,2,Winter,0
10023456784,2024-02-16 07:00:00,2024-02-16,07:00:00,1.5044,Friday,7,2,Winter,0
10023456784,2024-02-16 08:00:00,2024-02-16,08:00:00,1.5062,Friday,8,2,Winter,0
10023456784,2024-02-16 09:00:00,2024-02-16,09:00:00,1.3012,Friday,9,2,Winter,0
10023456784,2024-02-16 10:00:00,2024-02-16,10:00:00,1.2196,Friday,10,2,Winter,0
10023456784,2024-02-16 11:00:00,2024-02-16,11:00:00,1.0150,Friday,11,2,Winter,0
10023456784,2024-02-16 12:00:00,2024-02-16,12:00:00,1.1133,Friday,12,2,Winter,0
10023456784,2024-02-16 13:00:00,2024-02-16,13:00:00,1.1030,Friday,13,2,Winter,0
10023456784,2024-02-16 14:00:00,2024-02-16,14:00:00,0.9083,Friday,14,2,Winter,0
10023456784,2024-02-16 15:00:00,2024-02-16,15:00:00,0.9768,Friday,15,2,Winter,0
10023456784,2024-02-16 16:00:00,2024-02-16,16:00:00,1.2805,Friday,16,2,Winter,0
10023456784,2024-02-16 17:00:00,2024-02-16,17:00:00,1.4603,Friday,17,2,Winter,0
10023456784,2024-02-16 18:00:00,2024-02-16,18:00:00,2.0444,Friday,18,2,Winter,0
10023456784,2024-02-16 19:00:00,2024-02-16,19:00:00,2.5206,Friday,19,2,Winter,0
10023456784,2024-02-16 20:00:00,2024-02-16,20:00:00,2.3012,Friday,20,2,Winter,0
10023456784,2024-02-16 21:00:00,2024-02-16,21:00:00,1.5933,Friday,21,2,Winter,0
10023456784,2024-02-16 22:00:00,2024-02-16,22:00:00,1.4453,Friday,22,2,Winter,0
10023456784,2024-02-16 23:00:00,2024-02-16,23:00:00,0.8987,Friday,23,2,Winter,0
10023456784,2024-02-17 00:00:00,2024-02-17,00:00:00,0.5891,Saturday,0,2,Winter,0
10023456784,2024-02-17 01:00:00,2024-02-17,01:00:00,0.5043,Saturday,1,2,Winter,0
10023456784,2024-02-17 02:00:00,2024-02-17,02:00:00,0.4882,Saturday,2,2,Winter,0
10023456784,2024-02-17 03:00:00,2024-02-17,03:00:00,0.4945,Saturday,3,2,Winter,0
10023456784,2024-02-17 04:00:00,2024-02-17,04:00:00,0.4501,Saturday,4,2,Winter,0
10023456784,2024-02-17 05:00:00,2024-02-17,05:00:00,0.5590,Saturday,5,2,Winter,0
10023456784,2024-02-17 06:00:00,2024-02-17,06:00:00,0.8693,Saturday,6,2,Winter,0
10023456784,2024-02-17 07:00:00,2024-02-17,07:00:00,1.6090,Saturday,7,2,Winter,0
10023456784,2024-02-17 08:00:00,2024-02-17,08:00:00,1.6259,Saturday,8,2,Winter,0
10023456784,2024-02-17 09:00:00,2024-02-17,09:00:00,2.0823,Saturday,9,2,Winter,0
10023456784,2024-02-17 10:00:00,2024-02-17,10:00:00,2.0387,Saturday,10,2,Winter,0
10023456784,2024-02-17 11:00:00,2024-02-17,11:00:00,1.9250,Saturday,11,2,Winter,0
10023456784,2024-02-17 12:00:00,2024-02-17,12:00:00,1.5571,Saturday,12,2,Winter,0
10023456784,2024-02-17 13:00:00,2024-02-17,13:00:00,1.2592,Saturday,13,2,Winter,0
10023456784,2024-02-17 14:00:00,2024-02-17,14:00:00,1.5034,Saturday,14,2,Winter,0
10023456784,2024-02-17 15:00:00,2024-02-17,15:00:00,1.7119,Saturday,15,2,Winter,0
10023456784,2024-02-17 16:00:00,2024-02-17,16:00:00,1.4129,Saturday,16,2,Winter,0
10023456784,2024-02-17 17:00:00,2024-02-17,17:00:00,2.0876,Saturday,17,2,Winter,0
10023456784,2024-02-17 18:00:00,2024-02-17,18:00:00,2.4333,Saturday,18,2,Winter,0
10023456784,2024-02-17 19:00:00,2024-02-17,19:00:00,2.8766,Saturday,19,2,Winter,0
10023456784,2024-02-17 20:00:00,2024-02-17,20:00:00,2.4470,Saturday,20,2,Winter,0
10023456784,2024-02-17 21:00:00,2024-02-17,21:00:00,1.9987,Saturday,21,2,Winter,0
10023456784,2024-02-17 22:00:00,2024-02-17,22:00:00,1.9110,Saturday,22,2,Winter,0
10023456784,2024-02-17 23:00:00,2024-02-17,23:00:00,0.9969,Saturday,23,2,Winter,0
10023456784,2024-02-18 00:00:00,2024-02-18,00:00:00,0.6039,Sunday,0,2,Winter,0
10023456784,2024-02-18 01:00:00,2024-02-18,01:00:00,0.4409,Sunday,1,2,Winter,0
10023456784,2024-02-18 02:00:00,2024-02-18,02:00:00,0.4769,Sunday,2,2,Winter,0
10023456784,2024-02-18 03:00:00,2024-02-18,03:00:00,0.3871,Sunday,3,2,Winter,0
10023456784,2024-02-18 04:00:00,2024-02-18,04:00:00,0.4175,Sunday,4,2,Winter,0
10023456784,2024-02-18 05:00:00,2024-02-18,05:00:00,0.4820,Sunday,5,2,Winter,0
10023456784,2024-02-18 06:00:00,2024-02-18,06:00:00,0.7172,Sunday,6,2,Winter,0
10023456784,2024-02-18 07:00:00,2024-02-18,07:00:00,1.4451,Sunday,7,2,Winter,0
10023456784,2024-02-18 08:00:00,2024-02-18,08:00:00,1.4431,Sunday,8,2,Winter,0
10023456784,2024-02-18 09:00:00,2024-02-18,09:00:00,2.0781,Sunday,9,2,Winter,0
10023456784,2024-02-18 10:00:00,2024-02-18,10:00:00,1.8186,Sunday,10,2,Winter,0
10023456784,2024-02-18 11:00:00,2024-02-18,11:00:00,1.5631,Sunday,11,2,Winter,0
10023456784,2024-02-18 12:00:00,2024-02-18,12:00:00,1.1579,Sunday,12,2,Winter,0
10023456784,2024-02-18 13:00:00,2024-02-18,13:00:00,1.4350,Sunday,13,2,Winter,0
10023456784,2024-02-18 14:00:00,2024-02-18,14:00:00,1.3464,Sunday,14,2,Winter,0
10023456784,2024-02-18 15:00:00,2024-02-18,15:00:00,1.5755,Sunday,15,2,Winter,0
10023456784,2024-02-18 16:00:00,2024-02-18,16:00:00,1.3583,Sunday,16,2,Winter,0
10023456784,2024-02-18 17:00:00,2024-02-18,17:00:00,1.8317,Sunday,17,2,Winter,0
10023456784,2024-02-18 18:00:00,2024-02-18,18:00:00,2.4926,Sunday,18,2,Winter,0
10023456784,2024-02-18 19:00:00,2024-02-18,19:00:00,2.6170,Sunday,19,2,Winter,0
10023456784,2024-02-18 20:00:00,2024-02-18,20:00:00,2.6418,Sunday,20,2,Winter,0
10023456784,2024-02-18 21:00:00,2024-02-18,21:00:00,2.1848,Sunday,21,2,Winter,0
10023456784,2024-02-18 22:00:00,2024-02-18,22:00:00,0.3006,Sunday,22,2,Winter,1
10023456784,2024-02-18 23:00:00,2024-02-18,23:00:00,0.9481,Sunday,23,2,Winter,0
10023456784,2024-02-19 00:00:00,2024-02-19,00:00:00,0.5395,Monday,0,2,Winter,0
10023456784,2024-02-19 01:00:00,2024-02-19,01:00:00,0.5001,Monday,1,2,Winter,0
10023456784,2024-02-19 02:00:00,2024-02-19,02:00:00,0.5114,Monday,2,2,Winter,0
10023456784,2024-02-19 03:00:00,2024-02-19,03:00:00,0.3901,Monday,3,2,Winter,0
10023456784,2024-02-19 04:00:00,2024-02-19,04:00:00,0.3896,Monday,4,2,Winter,0
10023456784,2024-02-19 05:00:00,2024-02-19,05:00:00,0.7249,Monday,5,2,Winter,0
10023456784,2024-02-19 06:00:00,2024-02-19,06:00:00,1.2256,Monday,6,2,Winter,0
10023456784,2024-02-19 07:00:00,2024-02-19,07:00:00,1.7139,Monday,7,2,Winter,0
10023456784,2024-02-19 08:00:00,2024-02-19,08:00:00,1.6686,Monday,8,2,Winter,0
10023456784,2024-02-19 09:00:00,2024-02-19,09:00:00,1.4115,Monday,9,2,Winter,0
10023456784,2024-02-19 10:00:00,2024-02-19,10:00:00,1.3161,Monday,10,2,Winter,0
10023456784,2024-02-19 11:00:00,2024-02-19,11:00:00,1.1093,Monday,11,2,Winter,0
10023456784,2024-02-19 12:00:00,2024-02-19,12:00:00,1.2328,Monday,12,2,Winter,0
10023456784,2024-02-19 13:00:00,2024-02-19,13:00:00,1.2451,Monday,13,2,Winter,0
10023456784,2024-02-19 14:00:00,2024-02-19,14:00:00,1.2024,Monday,14,2,Winter,0
10023456784,2024-02-19 15:00:00,2024-02-19,15:00:00,1.1196,Monday,15,2,Winter,0
10023456784,2024-02-19 16:00:00,2024-02-19,16:00:00,1.7076,Monday,16,2,Winter,0
10023456784,2024-02-19 17:00:00,2024-02-19,17:00:00,2.3697,Monday,17,2,Winter,0
10023456784,2024-02-19 18:00:00,2024-02-19,18:00:00,2.4828,Monday,18,2,Winter,0
10023456784,2024-02-19 19:00:00,2024-02-19,19:00:00,2.6127,Monday,19,2,Winter,0
10023456784,2024-02-19 20:00:00,2024-02-19,20:00:00,2.7411,Monday,20,2,Winter,0
10023456784,2024-02-19 21:00:00,2024-02-19,21:00:00,2.3125,Monday,21,2,Winter,0
10023456784,2024-02-19 22:00:00,2024-02-19,22:00:00,1.9068,Monday,22,2,Winter,0
10023456784,2024-02-19 23:00:00,2024-02-19,23:00:00,0.9215,Monday,23,2,Winter,0
10023456784,2024-02-20 00:00:00,2024-02-20,00:00:00,0.7087,Tuesday,0,2,Winter,0
10023456784,2024-02-20 01:00:00,2024-02-20,01:00:00,0.5961,Tuesday,1,2,Winter,0
10023456784,2024-02-20 02:00:00,2024-02-20,02:00:00,0.5288,Tuesday,2,2,Winter,0
10023456784,2024-02-20 03:00:00,2024-02-20,03:00:00,0.5299,Tuesday,3,2,Winter,0
10023456784,2024-02-20 04:00:00,2024-02-20,04:00:00,0.8098,Tuesday,4,2,Winter,0
10023456784,2024-02-20 05:00:00,2024-02-20,05:00:00,1.0883,Tuesday,5,2,Winter,0
10023456784,2024-02-20 06:00:00,2024-02-20,06:00:00,1.6276,Tuesday,6,2,Winter,0
10023456784,2024-02-20 07:00:00,2024-02-20,07:00:00,2.2025,Tuesday,7,2,Winter,0
10023456784,2024-02-20 08:00:00,2024-02-20,08:00:00,2.3725,Tuesday,8,2,Winter,0
10023456784,2024-02-20 09:00:00,2024-02-20,09:00:00,2.1194,Tuesday,9,2,Winter,0
10023456784,2024-02-20 10:00:00,2024-02-20,10:00:00,2.0984,Tuesday,10,2,Winter,0
10023456784,2024-02-20 11:00:00,2024-02-20,11:00:00,0.0588,Tuesday,11,2,Winter,1
10023456784,2024-02-20 12:00:00,2024-02-20,12:00:00,1.2712,Tuesday,12,2,Winter,0
10023456784,2024-02-20 13:00:00,2024-02-20,13:00:00,1.5787,Tuesday,13,2,Winter,0
10023456784,2024-02-20 14:00:00,2024-02-20,14:00:00,1.6654,Tuesday,14,2,Winter,0
10023456784,2024-02-20 15:00:00,2024-02-20,15:00:00,1.5452,Tuesday,15,2,Winter,0
10023456784,2024-02-20 16:00:00,2024-02-20,16:00:00,1.8826,Tuesday,16,2,Winter,0
10023456784,2024-02-20 17:00:00,2024-02-20,17:00:00,2.8596,Tuesday,17,2,Winter,0
10023456784,2024-02-20 18:00:00,2024-02-20,18:00:00,3.0916,Tuesday,18,2,Winter,0
10023456784,2024-02-20 19:00:00,2024-02-20,19:00:00,3.5677,Tuesday,19,2,Winter,0
10023456784,2024-02-20 20:00:00,2024-02-20,20:00:00,3.5446,Tuesday,20,2,Winter,0
10023456784,2024-02-20 21:00:00,2024-02-20,21:00:00,3.3806,Tuesday,21,2,Winter,0
10023456784,2024-02-20 22:00:00,2024-02-20,22:00:00,2.3629,Tuesday,22,2,Winter,0
10023456784,2024-02-20 23:00:00,2024-02-20,23:00:00,1.5661,Tuesday,23,2,Winter,0
10023456784,2024-02-21 00:00:00,2024-02-21,00:00:00,0.6624,Wednesday,0,2,Winter,0
10023456784,2024-02-21 01:00:00,2024-02-21,01:00:00,0.6319,Wednesday,1,2,Winter,0
10023456784,2024-02-21 02:00:00,2024-02-21,02:00:00,0.5550,Wednesday,2,2,Winter,0
10023456784,2024-02-21 03:00:00,2024-02-21,03:00:00,0.6823,Wednesday,3,2,Winter,0
10023456784,2024-02-21 04:00:00,2024-02-21,04:00:00,0.5413,Wednesday,4,2,Winter,0
10023456784,2024-02-21 05:00:00,2024-02-21,05:00:00,0.9132,Wednesday,5,2,Winter,0
10023456784,2024-02-21 06:00:00,2024-02-21,06:00:00,1.6455,Wednesday,6,2,Winter,0
10023456784,2024-02-21 07:00:00,2024-02-21,07:00:00,2.1577,Wednesday,7,2,Winter,0
10023456784,2024-02-21 08:00:00,2024-02-21,08:00:00,1.8087,Wednesday,8,2,Winter,0
10023456784,2024-02-21 09:00:00,2024-02-21,09:00:00,1.9067,Wednesday,9,2,Winter,0
10023456784,2024-02-21 10:00:00,2024-02-21,10:00:00,1.7195,Wednesday,10,2,Winter,0
10023456784,2024-02-21 11:00:00,2024-02-21,11:00:00,1.7223,Wednesday,11,2,Winter,0
10023456784,2024-02-21 12:00:00,2024-02-21,12:00:00,1.4585,Wednesday,12,2,Winter,0
10023456784,2024-02-21 13:00:00,2024-02-21,13:00:00,1.7027,Wednesday,13,2,Winter,0
10023456784,2024-02-21 14:00:00,2024-02-21,14:00:00,1.4537,Wednesday,14,2,Winter,0
10023456784,2024-02-21 15:00:00,2024-02-21,15:00:00,1.6073,Wednesday,15,2,Winter,0
10023456784,2024-02-21 16:00:00,2024-02-21,16:00:00,1.7250,Wednesday,16,2,Winter,0
10023456784,2024-02-21 17:00:00,2024-02-21,17:00:00,2.2643,Wednesday,17,2,Winter,0
10023456784,2024-02-21 18:00:00,2024-02-21,18:00:00,3.7796,Wednesday,18,2,Winter,0
10023456784,2024-02-21 19:00:00,2024-02-21,19:00:00,3.5830,Wednesday,19,2,Winter,0
10023456784,2024-02-21 20:00:00,2024-02-21,20:00:00,3.2066,Wednesday,20,2,Winter,0
10023456784,2024-02-21 21:00:00,2024-02-21,21:00:00,3.1962,Wednesday,21,2,Winter,0
10023456784,2024-02-21 22:00:00,2024-02-21,22:00:00,2.0335,Wednesday,22,2,Winter,0
10023456784,2024-02-21 23:00:00,2024-02-21,23:00:00,1.3502,Wednesday,23,2,Winter,0
10023456784,2024-02-22 00:00:00,2024-02-22,00:00:00,0.7382,Thursday,0,2,Winter,0
10023456784,2024-02-22 01:00:00,2024-02-22,01:00:00,0.6010,Thursday,1,2,Winter,0
10023456784,2024-02-22 02:00:00,2024-02-22,02:00:00,0.5609,Thursday,2,2,Winter,0
10023456784,2024-02-22 03:00:00,2024-02-22,03:00:00,0.5903,Thursday,3,2,Winter,0
10023456784,2024-02-22 04:00:00,2024-02-22,04:00:00,0.6993,Thursday,4,2,Winter,0
10023456784,2024-02-22 05:00:00,2024-02-22,05:00:00,0.9787,Thursday,5,2,Winter,0
10023456784,2024-02-22 06:00:00,2024-02-22,06:00:00,1.8082,Thursday,6,2,Winter,0
10023456784,2024-02-22 07:00:00,2024-02-22,07:00:00,2.1907,Thursday,7,2,Winter,0
10023456784,2024-02-22 08:00:00,2024-02-22,08:00:00,2.7750,Thursday,8,2,Winter,0
10023456784,2024-02-22 09:00:00,2024-02-22,09:00:00,1.9753,Thursday,9,2,Winter,0
10023456784,2024-02-22 10:00:00,2024-02-22,10:00:00,1.6723,Thursday,10,2,Winter,0
10023456784,2024-02-22 11:00:00,2024-02-22,11:00:00,1.6442,Thursday,11,2,Winter,0
10023456784,2024-02-22 12:00:00,2024-02-22,12:00:00,1.5148,Thursday,12,2,Winter,0
10023456784,2024-02-22 13:00:00,2024-02-22,13:00:00,1.6668,Thursday,13,2,Winter,0
10023456784,2024-02-22 14:00:00,2024-02-22,14:00:00,1.6489,Thursday,14,2,Winter,0
10023456784,2024-02-22 15:00:00,2024-02-22,15:00:00,1.7219,Thursday,15,2,Winter,0
10023456784,2024-02-22 16:00:00,2024-02-22,16:00:00,1.8183,Thursday,16,2,Winter,0
10023456784,2024-02-22 17:00:00,2024-02-22,17:00:00,2.7289,Thursday,17,2,Winter,0
10023456784,2024-02-22 18:00:00,2024-02-22,18:00:00,2.7945,Thursday,18,2,Winter,0
10023456784,2024-02-22 19:00:00,2024-02-22,19:00:00,2.9752,Thursday,19,2,Winter,0
10023456784,2024-02-22 20:00:00,2024-02-22,20:00:00,3.8867,Thursday,20,2,Winter,0
10023456784,2024-02-22 21:00:00,2024-02-22,21:00:00,2.9127,Thursday,21,2,Winter,0
10023456784,2024-02-22 22:00:00,2024-02-22,22:00:00,2.0421,Thursday,22,2,Winter,0
10023456784,2024-02-22 23:00:00,2024-02-22,23:00:00,0.9916,Thursday,23,2,Winter,0
10023456784,2024-02-23 00:00:00,2024-02-23,00:00:00,0.5279,Friday,0,2,Winter,0
10023456784,2024-02-23 01:00:00,2024-02-23,01:00:00,0.3522,Friday,1,2,Winter,0
10023456784,2024-02-23 02:00:00,2024-02-23,02:00:00,0.4092,Friday,2,2,Winter,0
10023456784,2024-02-23 03:00:00,2024-02-23,03:00:00,0.5168,Friday,3,2,Winter,0
10023456784,2024-02-23 04:00:00,2024-02-23,04:00:00,0.6147,Friday,4,2,Winter,0
10023456784,2024-02-23 05:00:00,2024-02-23,05:00:00,0.6235,Friday,5,2,Winter,0
10023456784,2024-02-23 06:00:00,2024-02-23,06:00:00,1.1528,Friday,6,2,Winter,0
10023456784,2024-02-23 07:00:00,2024-02-23,07:00:00,1.8749,Friday,7,2,Winter,0
10023456784,2024-02-23 08:00:00,2024-02-23,08:00:00,1.6004,Friday,8,2,Winter,0
10023456784,2024-02-23 09:00:00,2024-02-23,09:00:00,1.8581,Friday,9,2,Winter,0
10023456784,2024-02-23 10:00:00,2024-02-23,10:00:00,1.0842,Friday,10,2,Winter,0
10023456784,2024-02-23 11:00:00,2024-02-23,11:00:00,1.1573,Friday,11,2,Winter,0
10023456784,2024-02-23 12:00:00,2024-02-23,12:00:00,1.1658,Friday,12,2,Winter,0
10023456784,2024-02-23 13:00:00,2024-02-23,13:00:00,1.2416,Friday,13,2,Winter,0
10023456784,2024-02-23 14:00:00,2024-02-23,14:00:00,1.3795,Friday,14,2,Winter,0
10023456784,2024-02-23 15:00:00,2024-02-23,15:00:00,1.1526,Friday,15,2,Winter,0
10023456784,2024-02-23 16:00:00,2024-02-23,16:00:00,1.2277,Friday,16,2,Winter,0
10023456784,2024-02-23 17:00:00,2024-02-23,17:00:00,1.9548,Friday,17,2,Winter,0
10023456784,2024-02-23 18:00:00,2024-02-23,18:00:00,2.9022,Friday,18,2,Winter,0
10023456784,2024-02-23 19:00:00,2024-02-23,19:00:00,2.3867,Friday,19,2,Winter,0
10023456784,2024-02-23 20:00:00,2024-02-23,20:00:00,2.1042,Friday,20,2,Winter,0
10023456784,2024-02-23 21:00:00,2024-02-23,21:00:00,2.1477,Friday,21,2,Winter,0
10023456784,2024-02-23 22:00:00,2024-02-23,22:00:00,2.0037,Friday,22,2,Winter,0
10023456784,2024-02-23 23:00:00,2024-02-23,23:00:00,0.7657,Friday,23,2,Winter,0
10023456784,2024-02-24 00:00:00,2024-02-24,00:00:00,0.7711,Saturday,0,2,Winter,0
10023456784,2024-02-24 01:00:00,2024-02-24,01:00:00,0.6787,Saturday,1,2,Winter,0
10023456784,2024-02-24 02:00:00,2024-02-24,02:00:00,0.4547,Saturday,2,2,Winter,0
10023456784,2024-02-24 03:00:00,2024-02-24,03:00:00,0.4877,Saturday,3,2,Winter,0
10023456784,2024-02-24 04:00:00,2024-02-24,04:00:00,0.5603,Saturday,4,2,Winter,0
10023456784,2024-02-24 05:00:00,2024-02-24,05:00:00,0.5304,Saturday,5,2,Winter,0
10023456784,2024-02-24 06:00:00,2024-02-24,06:00:00,0.9185,Saturday,6,2,Winter,0
10023456784,2024-02-24 07:00:00,2024-02-24,07:00:00,1.6399,Saturday,7,2,Winter,0
10023456784,2024-02-24 08:00:00,2024-02-24,08:00:00,2.0587,Saturday,8,2,Winter,0
10023456784,2024-02-24 09:00:00,2024-02-24,09:00:00,2.5521,Saturday,9,2,Winter,0
10023456784,2024-02-24 10:00:00,2024-02-24,10:00:00,2.1939,Saturday,10,2,Winter,0
10023456784,2024-02-24 11:00:00,2024-02-24,11:00:00,1.7157,Saturday,11,2,Winter,0
10023456784,2024-02-24 12:00:00,2024-02-24,12:00:00,1.7403,Saturday,12,2,Winter,0
10023456784,2024-02-24 13:00:00,2024-02-24,13:00:00,1.5256,Saturday,13,2,Winter,0
10023456784,2024-02-24 14:00:00,2024-02-24,14:00:00,1.4888,Saturday,14,2,Winter,0
10023456784,2024-02-24 15:00:00,2024-02-24,15:00:00,1.5561,Saturday,15,2,Winter,0
10023456784,2024-02-24 16:00:00,2024-02-24,16:00:00,1.9340,Saturday,16,2,Winter,0
10023456784,2024-02-24 17:00:00,2024-02-24,17:00:00,6.3318,Saturday,17,2,Winter,1
10023456784,2024-02-24 18:00:00,2024-02-24,18:00:00,7.8165,Saturday,18,2,Winter,1
10023456784,2024-02-24 19:00:00,2024-02-24,19:00:00,10.4178,Saturday,19,2,Winter,1
10023456784,2024-02-24 20:00:00,2024-02-24,20:00:00,7.0548,Saturday,20,2,Winter,1
10023456784,2024-02-24 21:00:00,2024-02-24,21:00:00,2.7033,Saturday,21,2,Winter,0
10023456784,2024-02-24 22:00:00,2024-02-24,22:00:00,2.0579,Saturday,22,2,Winter,0
10023456784,2024-02-24 23:00:00,2024-02-24,23:00:00,1.4252,Saturday,23,2,Winter,0
10023456784,2024-02-25 00:00:00,2024-02-25,00:00:00,0.6211,Sunday,0,2,Winter,0
10023456784,2024-02-25 01:00:00,2024-02-25,01:00:00,0.7444,Sunday,1,2,Winter,0
10023456784,2024-02-25 02:00:00,2024-02-25,02:00:00,0.4675,Sunday,2,2,Winter,0
10023456784,2024-02-25 03:00:00,2024-02-25,03:00:00,0.4279,Sunday,3,2,Winter,0
10023456784,2024-02-25 04:00:00,2024-02-25,04:00:00,0.5122,Sunday,4,2,Winter,0
10023456784,2024-02-25 05:00:00,2024-02-25,05:00:00,0.5618,Sunday,5,2,Winter,0
10023456784,2024-02-25 06:00:00,2024-02-25,06:00:00,1.0733,Sunday,6,2,Winter,0
10023456784,2024-02-25 07:00:00,2024-02-25,07:00:00,1.4240,Sunday,7,2,Winter,0
10023456784,2024-02-25 08:00:00,2024-02-25,08:00:00,2.1319,Sunday,8,2,Winter,0
10023456784,2024-02-25 09:00:00,2024-02-25,09:00:00,2.2984,Sunday,9,2,Winter,0
10023456784,2024-02-25 10:00:00,2024-02-25,10:00:00,2.4544,Sunday,10,2,Winter,0
10023456784,2024-02-25 11:00:00,2024-02-25,11:00:00,1.6807,Sunday,11,2,Winter,0
10023456784,2024-02-25 12:00:00,2024-02-25,12:00:00,1.6247,Sunday,12,2,Winter,0
10023456784,2024-02-25 13:00:00,2024-02-25,13:00:00,1.7734,Sunday,13,2,Winter,0
10023456784,2024-02-25 14:00:00,2024-02-25,14:00:00,1.6112,Sunday,14,2,Winter,0
10023456784,2024-02-25 15:00:00,2024-02-25,15:00:00,1.6732,Sunday,15,2,Winter,0
10023456784,2024-02-25 16:00:00,2024-02-25,16:00:00,1.6943,Sunday,16,2,Winter,0
10023456784,2024-02-25 17:00:00,2024-02-25,17:00:00,2.0901,Sunday,17,2,Winter,0
10023456784,2024-02-25 18:00:00,2024-02-25,18:00:00,2.9116,Sunday,18,2,Winter,0
10023456784,2024-02-25 19:00:00,2024-02-25,19:00:00,2.6852,Sunday,19,2,Winter,0
10023456784,2024-02-25 20:00:00,2024-02-25,20:00:00,2.5031,Sunday,20,2,Winter,0
10023456784,2024-02-25 21:00:00,2024-02-25,21:00:00,2.2813,Sunday,21,2,Winter,0
10023456784,2024-02-25 22:00:00,2024-02-25,22:00:00,2.3537,Sunday,22,2,Winter,0
10023456784,2024-02-25 23:00:00,2024-02-25,23:00:00,1.3262,Sunday,23,2,Winter,0
10023456784,2024-02-26 00:00:00,2024-02-26,00:00:00,0.6543,Monday,0,2,Winter,0
10023456784,2024-02-26 01:00:00,2024-02-26,01:00:00,0.4919,Monday,1,2,Winter,0
10023456784,2024-02-26 02:00:00,2024-02-26,02:00:00,0.6151,Monday,2,2,Winter,0
10023456784,2024-02-26 03:00:00,2024-02-26,03:00:00,0.5648,Monday,3,2,Winter,0
10023456784,2024-02-26 04:00:00,2024-02-26,04:00:00,0.6100,Monday,4,2,Winter,0
10023456784,2024-02-26 05:00:00,2024-02-26,05:00:00,0.7149,Monday,5,2,Winter,0
10023456784,2024-02-26 06:00:00,2024-02-26,06:00:00,1.2891,Monday,6,2,Winter,0
10023456784,2024-02-26 07:00:00,2024-02-26,07:00:00,2.0282,Monday,7,2,Winter,0
10023456784,2024-02-26 08:00:00,2024-02-26,08:00:00,1.9664,Monday,8,2,Winter,0
10023456784,2024-02-26 09:00:00,2024-02-26,09:00:00,1.9786,Monday,9,2,Winter,0
10023456784,2024-02-26 10:00:00,2024-02-26,10:00:00,1.3975,Monday,10,2,Winter,0
10023456784,2024-02-26 11:00:00,2024-02-26,11:00:00,1.3839,Monday,11,2,Winter,0
10023456784,2024-02-26 12:00:00,2024-02-26,12:00:00,1.5019,Monday,12,2,Winter,0
10023456784,2024-02-26 13:00:00,2024-02-26,13:00:00,1.1216,Monday,13,2,Winter,0
10023456784,2024-02-26 14:00:00,2024-02-26,14:00:00,1.4752,Monday,14,2,Winter,0
10023456784,2024-02-26 15:00:00,2024-02-26,15:00:00,1.6877,Monday,15,2,Winter,0
10023456784,2024-02-26 16:00:00,2024-02-26,16:00:00,1.8960,Monday,16,2,Winter,0
10023456784,2024-02-26 17:00:00,2024-02-26,17:00:00,1.9791,Monday,17,2,Winter,0
10023456784,2024-02-26 18:00:00,2024-02-26,18:00:00,2.6070,Monday,18,2,Winter,0
10023456784,2024-02-26 19:00:00,2024-02-26,19:00:00,3.0996,Monday,19,2,Winter,0
10023456784,2024-02-26 20:00:00,2024-02-26,20:00:00,2.9523,Monday,20,2,Winter,0
10023456784,2024-02-26 21:00:00,2024-02-26,21:00:00,2.4467,Monday,21,2,Winter,0
10023456784,2024-02-26 22:00:00,2024-02-26,22:00:00,1.8680,Monday,22,2,Winter,0
10023456784,2024-02-26 23:00:00,2024-02-26,23:00:00,1.0885,Monday,23,2,Winter,0
10023456784,2024-02-27 00:00:00,2024-02-27,00:00:00,0.5032,Tuesday,0,2,Winter,0
10023456784,2024-02-27 01:00:00,2024-02-27,01:00:00,0.5123,Tuesday,1,2,Winter,0
10023456784,2024-02-27 02:00:00,2024-02-27,02:00:00,0.4738,Tuesday,2,2,Winter,0
10023456784,2024-02-27 03:00:00,2024-02-27,03:00:00,0.4709,Tuesday,3,2,Winter,0
10023456784,2024-02-27 04:00:00,2024-02-27,04:00:00,0.3875,Tuesday,4,2,Winter,0
10023456784,2024-02-27 05:00:00,2024-02-27,05:00:00,0.6733,Tuesday,5,2,Winter,0
10023456784,2024-02-27 06:00:00,2024-02-27,06:00:00,1.0934,Tuesday,6,2,Winter,0
10023456784,2024-02-27 07:00:00,2024-02-27,07:00:00,1.7450,Tuesday,7,2,Winter,0
10023456784,2024-02-27 08:00:00,2024-02-27,08:00:00,1.8711,Tuesday,8,2,Winter,0
10023456784,2024-02-27 09:00:00,2024-02-27,09:00:00,1.9689,Tuesday,9,2,Winter,0
10023456784,2024-02-27 10:00:00,2024-02-27,10:00:00,1.3706,Tuesday,10,2,Winter,0
10023456784,2024-02-27 11:00:00,2024-02-27,11:00:00,1.1846,Tuesday,11,2,Winter,0
10023456784,2024-02-27 12:00:00,2024-02-27,12:00:00,1.2061,Tuesday,12,2,Winter,0
10023456784,2024-02-27 13:00:00,2024-02-27,13:00:00,1.1292,Tuesday,13,2,Winter,0
10023456784,2024-02-27 14:00:00,2024-02-27,14:00:00,0.0775,Tuesday,14,2,Winter,1
10023456784,2024-02-27 15:00:00,2024-02-27,15:00:00,1.2600,Tuesday,15,2,Winter,0
10023456784,2024-02-27 16:00:00,2024-02-27,16:00:00,1.4858,Tuesday,16,2,Winter,0
10023456784,2024-02-27 17:00:00,2024-02-27,17:00:00,1.7987,Tuesday,17,2,Winter,0
10023456784,2024-02-27 18:00:00,2024-02-27,18:00:00,2.3243,Tuesday,18,2,Winter,0
10023456784,2024-02-27 19:00:00,2024-02-27,19:00:00,2.8634,Tuesday,19,2,Winter,0
10023456784,2024-02-27 20:00:00,2024-02-27,20:00:00,2.8180,Tuesday,20,2,Winter,0
10023456784,2024-02-27 21:00:00,2024-02-27,21:00:00,2.2428,Tuesday,21,2,Winter,0
10023456784,2024-02-27 22:00:00,2024-02-27,22:00:00,1.3424,Tuesday,22,2,Winter,0
10023456784,2024-02-27 23:00:00,2024-02-27,23:00:00,0.9524,Tuesday,23,2,Winter,0
10023456784,2024-02-28 00:00:00,2024-02-28,00:00:00,0.5269,Wednesday,0,2,Winter,0
10023456784,2024-02-28 01:00:00,2024-02-28,01:00:00,0.6225,Wednesday,1,2,Winter,0
10023456784,2024-02-28 02:00:00,2024-02-28,02:00:00,0.4915,Wednesday,2,2,Winter,0
10023456784,2024-02-28 03:00:00,2024-02-28,03:00:00,0.4218,Wednesday,3,2,Winter,0
10023456784,2024-02-28 04:00:00,2024-02-28,04:00:00,0.6299,Wednesday,4,2,Winter,0
10023456784,2024-02-28 05:00:00,2024-02-28,05:00:00,0.7447,Wednesday,5,2,Winter,0
10023456784,2024-02-28 06:00:00,2024-02-28,06:00:00,1.2487,Wednesday,6,2,Winter,0
10023456784,2024-02-28 07:00:00,2024-02-28,07:00:00,1.7980,Wednesday,7,2,Winter,0
10023456784,2024-02-28 08:00:00,2024-02-28,08:00:00,2.5152,Wednesday,8,2,Winter,0
10023456784,2024-02-28 09:00:00,2024-02-28,09:00:00,1.9932,Wednesday,9,2,Winter,0
10023456784,2024-02-28 10:00:00,2024-02-28,10:00:00,1.4495,Wednesday,10,2,Winter,0
10023456784,2024-02-28 11:00:00,2024-02-28,11:00:00,1.3525,Wednesday,11,2,Winter,0
10023456784,2024-02-28 12:00:00,2024-02-28,12:00:00,1.7530,Wednesday,12,2,Winter,0
10023456784,2024-02-28 13:00:00,2024-02-28,13:00:00,1.5767,Wednesday,13,2,Winter,0
10023456784,2024-02-28 14:00:00,2024-02-28,14:00:00,1.4540,Wednesday,14,2,Winter,0
10023456784,2024-02-28 15:00:00,2024-02-28,15:00:00,1.5615,Wednesday,15,2,Winter,0
10023456784,2024-02-28 16:00:00,2024-02-28,16:00:00,1.9315,Wednesday,16,2,Winter,0
10023456784,2024-02-28 17:00:00,2024-02-28,17:00:00,2.5984,Wednesday,17,2,Winter,0
10023456784,2024-02-28 18:00:00,2024-02-28,18:00:00,2.9366,Wednesday,18,2,Winter,0
10023456784,2024-02-28 19:00:00,2024-02-28,19:00:00,3.9158,Wednesday,19,2,Winter,0
10023456784,2024-02-28 20:00:00,2024-02-28,20:00:00,2.8061,Wednesday,20,2,Winter,0
10023456784,2024-02-28 21:00:00,2024-02-28,21:00:00,2.8527,Wednesday,21,2,Winter,0
10023456784,2024-02-28 22:00:00,2024-02-28,22:00:00,2.0962,Wednesday,22,2,Winter,0
10023456784,2024-02-28 23:00:00,2024-02-28,23:00:00,1.1643,Wednesday,23,2,Winter,0
10023456784,2024-02-29 00:00:00,2024-02-29,00:00:00,0.8755,Thursday,0,2,Winter,0
10023456784,2024-02-29 01:00:00,2024-02-29,01:00:00,0.7471,Thursday,1,2,Winter,0
10023456784,2024-02-29 02:00:00,2024-02-29,02:00:00,0.6861,Thursday,2,2,Winter,0
10023456784,2024-02-29 03:00:00,2024-02-29,03:00:00,0.4806,Thursday,3,2,Winter,0
10023456784,2024-02-29 04:00:00,2024-02-29,04:00:00,0.6555,Thursday,4,2,Winter,0
10023456784,2024-02-29 05:00:00,2024-02-29,05:00:00,0.9298,Thursday,5,2,Winter,0
10023456784,2024-02-29 06:00:00,2024-02-29,06:00:00,2.0745,Thursday,6,2,Winter,0
10023456784,2024-02-29 07:00:00,2024-02-29,07:00:00,2.4235,Thursday,7,2,Winter,0
10023456784,2024-02-29 08:00:00,2024-02-29,08:00:00,2.8031,Thursday,8,2,Winter,0
10023456784,2024-02-29 09:00:00,2024-02-29,09:00:00,2.4466,Thursday,9,2,Winter,0
10023456784,2024-02-29 10:00:00,2024-02-29,10:00:00,1.8373,Thursday,10,2,Winter,0
10023456784,2024-02-29 11:00:00,2024-02-29,11:00:00,1.5216,Thursday,11,2,Winter,0
10023456784,2024-02-29 12:00:00,2024-02-29,12:00:00,1.5648,Thursday,12,2,Winter,0
10023456784,2024-02-29 13:00:00,2024-02-29,13:00:00,2.2750,Thursday,13,2,Winter,0
10023456784,2024-02-29 14:00:00,2024-02-29,14:00:00,1.6675,Thursday,14,2,Winter,0
10023456784,2024-02-29 15:00:00,2024-02-29,15:00:00,1.8364,Thursday,15,2,Winter,0
10023456784,2024-02-29 16:00:00,2024-02-29,16:00:00,2.0993,Thursday,16,2,Winter,0
10023456784,2024-02-29 17:00:00,2024-02-29,17:00:00,2.7903,Thursday,17,2,Winter,0
10023456784,2024-02-29 18:00:00,2024-02-29,18:00:00,3.6314,Thursday,18,2,Winter,0
10023456784,2024-02-29 19:00:00,2024-02-29,19:00:00,3.2718,Thursday,19,2,Winter,0
10023456784,2024-02-29 20:00:00,2024-02-29,20:00:00,3.4834,Thursday,20,2,Winter,0
10023456784,2024-02-29 21:00:00,2024-02-29,21:00:00,2.8152,Thursday,21,2,Winter,0
10023456784,2024-02-29 22:00:00,2024-02-29,22:00:00,1.8968,Thursday,22,2,Winter,0
10023456784,2024-02-29 23:00:00,2024-02-29,23:00:00,1.2586,Thursday,23,2,Winter,0
10023456784,2024-03-01 00:00:00,2024-03-01,00:00:00,0.5909,Friday,0,3,Spring,0
10023456784,2024-03-01 01:00:00,2024-03-01,01:00:00,0.6157,Friday,1,3,Spring,0
10023456784,2024-03-01 02:00:00,2024-03-01,02:00:00,0.6319,Friday,2,3,Spring,0
10023456784,2024-03-01 03:00:00,2024-03-01,03:00:00,0.5165,Friday,3,3,Spring,0
10023456784,2024-03-01 04:00:00,2024-03-01,04:00:00,0.6006,Friday,4,3,Spring,0
10023456784,2024-03-01 05:00:00,2024-03-01,05:00:00,0.8735,Friday,5,3,Spring,0
10023456784,2024-03-01 06:00:00,2024-03-01,06:00:00,1.3039,Friday,6,3,Spring,0
10023456784,2024-03-01 07:00:00,2024-03-01,07:00:00,2.1615,Friday,7,3,Spring,0
10023456784,2024-03-01 08:00:00,2024-03-01,08:00:00,2.7857,Friday,8,3,Spring,0
10023456784,2024-03-01 09:00:00,2024-03-01,09:00:00,2.2198,Friday,9,3,Spring,0
10023456784,2024-03-01 10:00:00,2024-03-01,10:00:00,1.9533,Friday,10,3,Spring,0
10023456784,2024-03-01 11:00:00,2024-03-01,11:00:00,1.5705,Friday,11,3,Spring,0
10023456784,2024-03-01 12:00:00,2024-03-01,12:00:00,1.7181,Friday,12,3,Spring,0
10023456784,2024-03-01 13:00:00,2024-03-01,13:00:00,1.9244,Friday,13,3,Spring,0
10023456784,2024-03-01 14:00:00,2024-03-01,14:00:00,1.6355,Friday,14,3,Spring,0
10023456784,2024-03-01 15:00:00,2024-03-01,15:00:00,1.5463,Friday,15,3,Spring,0
10023456784,2024-03-01 16:00:00,2024-03-01,16:00:00,2.1676,Friday,16,3,Spring,0
10023456784,2024-03-01 17:00:00,2024-03-01,17:00:00,2.7079,Friday,17,3,Spring,0
10023456784,2024-03-01 18:00:00,2024-03-01,18:00:00,3.3410,Friday,18,3,Spring,0
10023456784,2024-03-01 19:00:00,2024-03-01,19:00:00,4.5481,Friday,19,3,Spring,0
10023456784,2024-03-01 20:00:00,2024-03-01,20:00:00,3.3374,Friday,20,3,Spring,0
10023456784,2024-03-01 21:00:00,2024-03-01,21:00:00,3.7581,Friday,21,3,Spring,0
10023456784,2024-03-01 22:00:00,2024-03-01,22:00:00,5.4205,Friday,22,3,Spring,1
10023456784,2024-03-01 23:00:00,2024-03-01,23:00:00,3.2321,Friday,23,3,Spring,1
10023456784,2024-03-02 00:00:00,2024-03-02,00:00:00,2.3763,Saturday,0,3,Spring,1
10023456784,2024-03-02 01:00:00,2024-03-02,01:00:00,0.6927,Saturday,1,3,Spring,0
10023456784,2024-03-02 02:00:00,2024-03-02,02:00:00,0.6767,Saturday,2,3,Spring,0
10023456784,2024-03-02 03:00:00,2024-03-02,03:00:00,0.7135,Saturday,3,3,Spring,0
10023456784,2024-03-02 04:00:00,2024-03-02,04:00:00,0.6733,Saturday,4,3,Spring,0
10023456784,2024-03-02 05:00:00,2024-03-02,05:00:00,0.8315,Saturday,5,3,Spring,0
10023456784,2024-03-02 06:00:00,2024-03-02,06:00:00,1.0474,Saturday,6,3,Spring,0
10023456784,2024-03-02 07:00:00,2024-03-02,07:00:00,1.9273,Saturday,7,3,Spring,0
10023456784,2024-03-02 08:00:00,2024-03-02,08:00:00,2.3350,Saturday,8,3,Spring,0
10023456784,2024-03-02 09:00:00,2024-03-02,09:00:00,2.4296,Saturday,9,3,Spring,0
10023456784,2024-03-02 10:00:00,2024-03-02,10:00:00,2.1126,Saturday,10,3,Spring,0
10023456784,2024-03-02 11:00:00,2024-03-02,11:00:00,1.9573,Saturday,11,3,Spring,0
10023456784,2024-03-02 12:00:00,2024-03-02,12:00:00,3.0423,Saturday,12,3,Spring,0
10023456784,2024-03-02 13:00:00,2024-03-02,13:00:00,2.0590,Saturday,13,3,Spring,0
10023456784,2024-03-02 14:00:00,2024-03-02,14:00:00,2.1063,Saturday,14,3,Spring,0
10023456784,2024-03-02 15:00:00,2024-03-02,15:00:00,1.8654,Saturday,15,3,Spring,0
10023456784,2024-03-02 16:00:00,2024-03-02,16:00:00,2.4590,Saturday,16,3,Spring,0
10023456784,2024-03-02 17:00:00,2024-03-02,17:00:00,2.5596,Saturday,17,3,Spring,0
10023456784,2024-03-02 18:00:00,2024-03-02,18:00:00,3.5892,Saturday,18,3,Spring,0
10023456784,2024-03-02 19:00:00,2024-03-02,19:00:00,4.1887,Saturday,19,3,Spring,0
10023456784,2024-03-02 20:00:00,2024-03-02,20:00:00,3.5550,Saturday,20,3,Spring,0
10023456784,2024-03-02 21:00:00,2024-03-02,21:00:00,3.5701,Saturday,21,3,Spring,0
10023456784,2024-03-02 22:00:00,2024-03-02,22:00:00,2.2045,Saturday,22,3,Spring,0
10023456784,2024-03-02 23:00:00,2024-03-02,23:00:00,1.6003,Saturday,23,3,Spring,0
10023456784,2024-03-03 00:00:00,2024-03-03,00:00:00,0.8882,Sunday,0,3,Spring,0
10023456784,2024-03-03 01:00:00,2024-03-03,01:00:00,0.8623,Sunday,1,3,Spring,0
10023456784,2024-03-03 02:00:00,2024-03-03,02:00:00,0.8214,Sunday,2,3,Spring,0
10023456784,2024-03-03 03:00:00,2024-03-03,03:00:00,0.5855,Sunday,3,3,Spring,0
10023456784,2024-03-03 04:00:00,2024-03-03,04:00:00,0.6611,Sunday,4,3,Spring,0
10023456784,2024-03-03 05:00:00,2024-03-03,05:00:00,0.9679,Sunday,5,3,Spring,0
10023456784,2024-03-03 06:00:00,2024-03-03,06:00:00,1.1901,Sunday,6,3,Spring,0
10023456784,2024-03-03 07:00:00,2024-03-03,07:00:00,2.0736,Sunday,7,3,Spring,0
10023456784,2024-03-03 08:00:00,2024-03-03,08:00:00,2.4895,Sunday,8,3,Spring,0
10023456784,2024-03-03 09:00:00,2024-03-03,09:00:00,3.1307,Sunday,9,3,Spring,0
10023456784,2024-03-03 10:00:00,2024-03-03,10:00:00,2.5112,Sunday,10,3,Spring,0
10023456784,2024-03-03 11:00:00,2024-03-03,11:00:00,2.0236,Sunday,11,3,Spring,0
10023456784,2024-03-03 12:00:00,2024-03-03,12:00:00,2.8977,Sunday,12,3,Spring,0
10023456784,2024-03-03 13:00:00,2024-03-03,13:00:00,2.0059,Sunday,13,3,Spring,0
10023456784,2024-03-03 14:00:00,2024-03-03,14:00:00,2.2577,Sunday,14,3,Spring,0
10023456784,2024-03-03 15:00:00,2024-03-03,15:00:00,1.8278,Sunday,15,3,Spring,0
10023456784,2024-03-03 16:00:00,2024-03-03,16:00:00,2.9348,Sunday,16,3,Spring,0
10023456784,2024-03-03 17:00:00,2024-03-03,17:00:00,3.0753,Sunday,17,3,Spring,0
10023456784,2024-03-03 18:00:00,2024-03-03,18:00:00,3.4867,Sunday,18,3,Spring,0
10023456784,2024-03-03 19:00:00,2024-03-03,19:00:00,4.1829,Sunday,19,3,Spring,0
10023456784,2024-03-03 20:00:00,2024-03-03,20:00:00,3.2057,Sunday,20,3,Spring,0
10023456784,2024-03-03 21:00:00,2024-03-03,21:00:00,3.2582,Sunday,21,3,Spring,0
10023456784,2024-03-03 22:00:00,2024-03-03,22:00:00,0.2277,Sunday,22,3,Spring,1
10023456784,2024-03-03 23:00:00,2024-03-03,23:00:00,1.6907,Sunday,23,3,Spring,0
10023456784,2024-03-04 00:00:00,2024-03-04,00:00:00,0.7677,Monday,0,3,Spring,0
10023456784,2024-03-04 01:00:00,2024-03-04,01:00:00,0.5868,Monday,1,3,Spring,0
10023456784,2024-03-04 02:00:00,2024-03-04,02:00:00,0.6188,Monday,2,3,Spring,0
10023456784,2024-03-04 03:00:00,2024-03-04,03:00:00,0.7397,Monday,3,3,Spring,0
10023456784,2024-03-04 04:00:00,2024-03-04,04:00:00,0.6670,Monday,4,3,Spring,0
10023456784,2024-03-04 05:00:00,2024-03-04,05:00:00,1.2892,Monday,5,3,Spring,0
10023456784,2024-03-04 06:00:00,2024-03-04,06:00:00,2.0156,Monday,6,3,Spring,0
10023456784,2024-03-04 07:00:00,2024-03-04,07:00:00,2.5621,Monday,7,3,Spring,0
10023456784,2024-03-04 08:00:00,2024-03-04,08:00:00,3.0959,Monday,8,3,Spring,0
10023456784,2024-03-04 09:00:00,2024-03-04,09:00:00,2.3518,Monday,9,3,Spring,0
10023456784,2024-03-04 10:00:00,2024-03-04,10:00:00,1.9662,Monday,10,3,Spring,0
10023456784,2024-03-04 11:00:00,2024-03-04,11:00:00,1.6290,Monday,11,3,Spring,0
10023456784,2024-03-04 12:00:00,2024-03-04,12:00:00,5.6657,Monday,12,3,Spring,1
10023456784,2024-03-04 13:00:00,2024-03-04,13:00:00,1.8494,Monday,13,3,Spring,0
10023456784,2024-03-04 14:00:00,2024-03-04,14:00:00,1.7277,Monday,14,3,Spring,0
10023456784,2024-03-04 15:00:00,2024-03-04,15:00:00,1.8864,Monday,15,3,Spring,0
10023456784,2024-03-04 16:00:00,2024-03-04,16:00:00,2.3912,Monday,16,3,Spring,0
10023456784,2024-03-04 17:00:00,2024-03-04,17:00:00,2.8351,Monday,17,3,Spring,0
10023456784,2024-03-04 18:00:00,2024-03-04,18:00:00,3.6430,Monday,18,3,Spring,0
10023456784,2024-03-04 19:00:00,2024-03-04,19:00:00,3.4561,Monday,19,3,Spring,0
10023456784,2024-03-04 20:00:00,2024-03-04,20:00:00,3.5748,Monday,20,3,Spring,0
10023456784,2024-03-04 21:00:00,2024-03-04,21:00:00,3.3580,Monday,21,3,Spring,0
10023456784,2024-03-04 22:00:00,2024-03-04,22:00:00,2.2075,Monday,22,3,Spring,0
10023456784,2024-03-04 23:00:00,2024-03-04,23:00:00,1.5896,Monday,23,3,Spring,0
10023456784,2024-03-05 00:00:00,2024-03-05,00:00:00,0.7565,Tuesday,0,3,Spring,0
10023456784,2024-03-05 01:00:00,2024-03-05,01:00:00,0.7006,Tuesday,1,3,Spring,0
10023456784,2024-03-05 02:00:00,2024-03-05,02:00:00,0.6523,Tuesday,2,3,Spring,0
10023456784,2024-03-05 03:00:00,2024-03-05,03:00:00,0.6714,Tuesday,3,3,Spring,0
10023456784,2024-03-05 04:00:00,2024-03-05,04:00:00,0.7367,Tuesday,4,3,Spring,0
10023456784,2024-03-05 05:00:00,2024-03-05,05:00:00,0.8826,Tuesday,5,3,Spring,0
10023456784,2024-03-05 06:00:00,2024-03-05,06:00:00,1.4868,Tuesday,6,3,Spring,0
10023456784,2024-03-05 07:00:00,2024-03-05,07:00:00,2.4687,Tuesday,7,3,Spring,0
10023456784,2024-03-05 08:00:00,2024-03-05,08:00:00,2.5967,Tuesday,8,3,Spring,0
10023456784,2024-03-05 09:00:00,2024-03-05,09:00:00,2.1821,Tuesday,9,3,Spring,0
10023456784,2024-03-05 10:00:00,2024-03-05,10:00:00,1.8370,Tuesday,10,3,Spring,0
10023456784,2024-03-05 11:00:00,2024-03-05,11:00:00,1.6002,Tuesday,11,3,Spring,0
10023456784,2024-03-05 12:00:00,2024-03-05,12:00:00,1.4681,Tuesday,12,3,Spring,0
10023456784,2024-03-05 13:00:00,2024-03-05,13:00:00,1.8960,Tuesday,13,3,Spring,0
10023456784,2024-03-05 14:00:00,2024-03-05,14:00:00,1.7090,Tuesday,14,3,Spring,0
10023456784,2024-03-05 15:00:00,2024-03-05,15:00:00,1.7578,Tuesday,15,3,Spring,0
10023456784,2024-03-05 16:00:00,2024-03-05,16:00:00,2.4079,Tuesday,16,3,Spring,0
10023456784,2024-03-05 17:00:00,2024-03-05,17:00:00,2.4201,Tuesday,17,3,Spring,0
10023456784,2024-03-05 18:00:00,2024-03-05,18:00:00,3.1466,Tuesday,18,3,Spring,0
10023456784,2024-03-05 19:00:00,2024-03-05,19:00:00,3.6892,Tuesday,19,3,Spring,0
10023456784,2024-03-05 20:00:00,2024-03-05,20:00:00,4.0357,Tuesday,20,3,Spring,0
10023456784,2024-03-05 21:00:00,2024-03-05,21:00:00,3.2305,Tuesday,21,3,Spring,0
10023456784,2024-03-05 22:00:00,2024-03-05,22:00:00,0.1870,Tuesday,22,3,Spring,1
10023456784,2024-03-05 23:00:00,2024-03-05,23:00:00,0.1660,Tuesday,23,3,Spring,1
10023456784,2024-03-06 00:00:00,2024-03-06,00:00:00,0.5744,Wednesday,0,3,Spring,0
10023456784,2024-03-06 01:00:00,2024-03-06,01:00:00,0.6979,Wednesday,1,3,Spring,0
10023456784,2024-03-06 02:00:00,2024-03-06,02:00:00,0.4598,Wednesday,2,3,Spring,0
10023456784,2024-03-06 03:00:00,2024-03-06,03:00:00,0.6208,Wednesday,3,3,Spring,0
10023456784,2024-03-06 04:00:00,2024-03-06,04:00:00,0.7139,Wednesday,4,3,Spring,0
10023456784,2024-03-06 05:00:00,2024-03-06,05:00:00,0.9512,Wednesday,5,3,Spring,0
10023456784,2024-03-06 06:00:00,2024-03-06,06:00:00,1.7424,Wednesday,6,3,Spring,0
10023456784,2024-03-06 07:00:00,2024-03-06,07:00:00,2.3680,Wednesday,7,3,Spring,0
10023456784,2024-03-06 08:00:00,2024-03-06,08:00:00,2.1032,Wednesday,8,3,Spring,0
10023456784,2024-03-06 09:00:00,2024-03-06,09:00:00,0.3058,Wednesday,9,3,Spring,1
10023456784,2024-03-06 10:00:00,2024-03-06,10:00:00,1.6449,Wednesday,10,3,Spring,0
10023456784,2024-03-06 11:00:00,2024-03-06,11:00:00,1.5688,Wednesday,11,3,Spring,0
10023456784,2024-03-06 12:00:00,2024-03-06,12:00:00,1.4690,Wednesday,12,3,Spring,0
10023456784,2024-03-06 13:00:00,2024-03-06,13:00:00,1.8102,Wednesday,13,3,Spring,0
10023456784,2024-03-06 14:00:00,2024-03-06,14:00:00,1.5782,Wednesday,14,3,Spring,0
10023456784,2024-03-06 15:00:00,2024-03-06,15:00:00,1.5882,Wednesday,15,3,Spring,0
10023456784,2024-03-06 16:00:00,2024-03-06,16:00:00,1.6878,Wednesday,16,3,Spring,0
10023456784,2024-03-06 17:00:00,2024-03-06,17:00:00,2.8568,Wednesday,17,3,Spring,0
10023456784,2024-03-06 18:00:00,2024-03-06,18:00:00,2.7149,Wednesday,18,3,Spring,0
10023456784,2024-03-06 19:00:00,2024-03-06,19:00:00,3.6339,Wednesday,19,3,Spring,0
10023456784,2024-03-06 20:00:00,2024-03-06,20:00:00,4.1209,Wednesday,20,3,Spring,0
10023456784,2024-03-06 21:00:00,2024-03-06,21:00:00,2.7710,Wednesday,21,3,Spring,0
10023456784,2024-03-06 22:00:00,2024-03-06,22:00:00,2.3815,Wednesday,22,3,Spring,0
10023456784,2024-03-06 23:00:00,2024-03-06,23:00:00,1.3166,Wednesday,23,3,Spring,0
10023456784,2024-03-07 00:00:00,2024-03-07,00:00:00,0.7625,Thursday,0,3,Spring,0
10023456784,2024-03-07 01:00:00,2024-03-07,01:00:00,0.5504,Thursday,1,3,Spring,0
10023456784,2024-03-07 02:00:00,2024-03-07,02:00:00,0.5013,Thursday,2,3,Spring,0
10023456784,2024-03-07 03:00:00,2024-03-07,03:00:00,0.5510,Thursday,3,3,Spring,0
10023456784,2024-03-07 04:00:00,2024-03-07,04:00:00,0.5983,Thursday,4,3,Spring,0
10023456784,2024-03-07 05:00:00,2024-03-07,05:00:00,1.0051,Thursday,5,3,Spring,0
10023456784,2024-03-07 06:00:00,2024-03-07,06:00:00,1.4767,Thursday,6,3,Spring,0
10023456784,2024-03-07 07:00:00,2024-03-07,07:00:00,1.8190,Thursday,7,3,Spring,0
10023456784,2024-03-07 08:00:00,2024-03-07,08:00:00,2.4185,Thursday,8,3,Spring,0
10023456784,2024-03-07 09:00:00,2024-03-07,09:00:00,2.2612,Thursday,9,3,Spring,0
10023456784,2024-03-07 10:00:00,2024-03-07,10:00:00,1.2528,Thursday,10,3,Spring,0
10023456784,2024-03-07 11:00:00,2024-03-07,11:00:00,1.4257,Thursday,11,3,Spring,0
10023456784,2024-03-07 12:00:00,2024-03-07,12:00:00,1.4402,Thursday,12,3,Spring,0
10023456784,2024-03-07 13:00:00,2024-03-07,13:00:00,1.2634,Thursday,13,3,Spring,0
10023456784,2024-03-07 14:00:00,2024-03-07,14:00:00,1.4622,Thursday,14,3,Spring,0
10023456784,2024-03-07 15:00:00,2024-03-07,15:00:00,1.8086,Thursday,15,3,Spring,0
10023456784,2024-03-07 16:00:00,2024-03-07,16:00:00,1.7051,Thursday,16,3,Spring,0
10023456784,2024-03-07 17:00:00,2024-03-07,17:00:00,2.3172,Thursday,17,3,Spring,0
10023456784,2024-03-07 18:00:00,2024-03-07,18:00:00,3.0699,Thursday,18,3,Spring,0
10023456784,2024-03-07 19:00:00,2024-03-07,19:00:00,3.5823,Thursday,19,3,Spring,0
10023456784,2024-03-07 20:00:00,2024-03-07,20:00:00,3.1404,Thursday,20,3,Spring,0
10023456784,2024-03-07 21:00:00,2024-03-07,21:00:00,2.4099,Thursday,21,3,Spring,0
10023456784,2024-03-07 22:00:00,2024-03-07,22:00:00,2.0609,Thursday,22,3,Spring,0
10023456784,2024-03-07 23:00:00,2024-03-07,23:00:00,1.4468,Thursday,23,3,Spring,0
10023456784,2024-03-08 00:00:00,2024-03-08,00:00:00,0.6696,Friday,0,3,Spring,0
10023456784,2024-03-08 01:00:00,2024-03-08,01:00:00,0.6361,Friday,1,3,Spring,0
10023456784,2024-03-08 02:00:00,2024-03-08,02:00:00,0.5600,Friday,2,3,Spring,0
10023456784,2024-03-08 03:00:00,2024-03-08,03:00:00,0.5143,Friday,3,3,Spring,0
10023456784,2024-03-08 04:00:00,2024-03-08,04:00:00,0.5952,Friday,4,3,Spring,0
10023456784,2024-03-08 05:00:00,2024-03-08,05:00:00,0.8680,Friday,5,3,Spring,0
10023456784,2024-03-08 06:00:00,2024-03-08,06:00:00,1.4856,Friday,6,3,Spring,0
10023456784,2024-03-08 07:00:00,2024-03-08,07:00:00,2.1713,Friday,7,3,Spring,0
10023456784,2024-03-08 08:00:00,2024-03-08,08:00:00,2.5725,Friday,8,3,Spring,0
10023456784,2024-03-08 09:00:00,2024-03-08,09:00:00,1.8754,Friday,9,3,Spring,0
10023456784,2024-03-08 10:00:00,2024-03-08,10:00:00,1.4722,Friday,10,3,Spring,0
10023456784,2024-03-08 11:00:00,2024-03-08,11:00:00,1.3255,Friday,11,3,Spring,0
10023456784,2024-03-08 12:00:00,2024-03-08,12:00:00,1.2394,Friday,12,3,Spring,0
10023456784,2024-03-08 13:00:00,2024-03-08,13:00:00,1.2590,Friday,13,3,Spring,0
10023456784,2024-03-08 14:00:00,2024-03-08,14:00:00,1.2096,Friday,14,3,Spring,0
10023456784,2024-03-08 15:00:00,2024-03-08,15:00:00,1.4757,Friday,15,3,Spring,0
10023456784,2024-03-08 16:00:00,2024-03-08,16:00:00,1.5927,Friday,16,3,Spring,0
10023456784,2024-03-08 17:00:00,2024-03-08,17:00:00,2.0370,Friday,17,3,Spring,0
10023456784,2024-03-08 18:00:00,2024-03-08,18:00:00,3.3247,Friday,18,3,Spring,0
10023456784,2024-03-08 19:00:00,2024-03-08,19:00:00,3.3581,Friday,19,3,Spring,0
10023456784,2024-03-08 20:00:00,2024-03-08,20:00:00,0.2425,Friday,20,3,Spring,1
10023456784,2024-03-08 21:00:00,2024-03-08,21:00:00,0.4425,Friday,21,3,Spring,1
10023456784,2024-03-08 22:00:00,2024-03-08,22:00:00,0.2176,Friday,22,3,Spring,1
10023456784,2024-03-08 23:00:00,2024-03-08,23:00:00,0.9998,Friday,23,3,Spring,0
10023456784,2024-03-09 00:00:00,2024-03-09,00:00:00,0.7987,Saturday,0,3,Spring,0
10023456784,2024-03-09 01:00:00,2024-03-09,01:00:00,0.7049,Saturday,1,3,Spring,0
10023456784,2024-03-09 02:00:00,2024-03-09,02:00:00,0.8941,Saturday,2,3,Spring,0
10023456784,2024-03-09 03:00:00,2024-03-09,03:00:00,0.6651,Saturday,3,3,Spring,0
10023456784,2024-03-09 04:00:00,2024-03-09,04:00:00,0.6002,Saturday,4,3,Spring,0
10023456784,2024-03-09 05:00:00,2024-03-09,05:00:00,0.8573,Saturday,5,3,Spring,0
10023456784,2024-03-09 06:00:00,2024-03-09,06:00:00,1.1230,Saturday,6,3,Spring,0
10023456784,2024-03-09 07:00:00,2024-03-09,07:00:00,1.9295,Saturday,7,3,Spring,0
10023456784,2024-03-09 08:00:00,2024-03-09,08:00:00,2.5068,Saturday,8,3,Spring,0
10023456784,2024-03-09 09:00:00,2024-03-09,09:00:00,3.4100,Saturday,9,3,Spring,0
10023456784,2024-03-09 10:00:00,2024-03-09,10:00:00,2.2470,Saturday,10,3,Spring,0
10023456784,2024-03-09 11:00:00,2024-03-09,11:00:00,2.3318,Saturday,11,3,Spring,0
10023456784,2024-03-09 12:00:00,2024-03-09,12:00:00,1.9154,Saturday,12,3,Spring,0
10023456784,2024-03-09 13:00:00,2024-03-09,13:00:00,1.8872,Saturday,13,3,Spring,0
10023456784,2024-03-09 14:00:00,2024-03-09,14:00:00,2.0006,Saturday,14,3,Spring,0
10023456784,2024-03-09 15:00:00,2024-03-09,15:00:00,2.3064,Saturday,15,3,Spring,0
10023456784,2024-03-09 16:00:00,2024-03-09,16:00:00,2.0447,Saturday,16,3,Spring,0
10023456784,2024-03-09 17:00:00,2024-03-09,17:00:00,2.4370,Saturday,17,3,Spring,0
10023456784,2024-03-09 18:00:00,2024-03-09,18:00:00,3.5062,Saturday,18,3,Spring,0
10023456784,2024-03-09 19:00:00,2024-03-09,19:00:00,3.2165,Saturday,19,3,Spring,0
10023456784,2024-03-09 20:00:00,2024-03-09,20:00:00,3.2129,Saturday,20,3,Spring,0
10023456784,2024-03-09 21:00:00,2024-03-09,21:00:00,3.8682,Saturday,21,3,Spring,0
10023456784,2024-03-09 22:00:00,2024-03-09,22:00:00,2.7111,Saturday,22,3,Spring,0
10023456784,2024-03-09 23:00:00,2024-03-09,23:00:00,1.3166,Saturday,23,3,Spring,0
10023456784,2024-03-10 00:00:00,2024-03-10,00:00:00,1.1116,Sunday,0,3,Spring,0
10023456784,2024-03-10 01:00:00,2024-03-10,01:00:00,0.7190,Sunday,1,3,Spring,0
10023456784,2024-03-10 02:00:00,2024-03-10,02:00:00,0.7464,Sunday,2,3,Spring,0
10023456784,2024-03-10 03:00:00,2024-03-10,03:00:00,0.6438,Sunday,3,3,Spring,0
10023456784,2024-03-10 04:00:00,2024-03-10,04:00:00,0.7713,Sunday,4,3,Spring,0
10023456784,2024-03-10 05:00:00,2024-03-10,05:00:00,1.0211,Sunday,5,3,Spring,0
10023456784,2024-03-10 06:00:00,2024-03-10,06:00:00,1.7056,Sunday,6,3,Spring,0
10023456784,2024-03-10 07:00:00,2024-03-10,07:00:00,2.0559,Sunday,7,3,Spring,0
10023456784,2024-03-10 08:00:00,2024-03-10,08:00:00,2.7485,Sunday,8,3,Spring,0
10023456784,2024-03-10 09:00:00,2024-03-10,09:00:00,3.0746,Sunday,9,3,Spring,0
10023456784,2024-03-10 10:00:00,2024-03-10,10:00:00,3.1623,Sunday,10,3,Spring,0
10023456784,2024-03-10 11:00:00,2024-03-10,11:00:00,2.6229,Sunday,11,3,Spring,0
10023456784,2024-03-10 12:00:00,2024-03-10,12:00:00,2.6127,Sunday,12,3,Spring,0
10023456784,2024-03-10 13:00:00,2024-03-10,13:00:00,2.5488,Sunday,13,3,Spring,0
10023456784,2024-03-10 14:00:00,2024-03-10,14:00:00,2.0918,Sunday,14,3,Spring,0
10023456784,2024-03-10 15:00:00,2024-03-10,15:00:00,2.5829,Sunday,15,3,Spring,0
10023456784,2024-03-10 16:00:00,2024-03-10,16:00:00,2.8436,Sunday,16,3,Spring,0
10023456784,2024-03-10 17:00:00,2024-03-10,17:00:00,3.5776,Sunday,17,3,Spring,0
10023456784,2024-03-10 18:00:00,2024-03-10,18:00:00,3.5640,Sunday,18,3,Spring,0
10023456784,2024-03-10 19:00:00,2024-03-10,19:00:00,3.8784,Sunday,19,3,Spring,0
10023456784,2024-03-10 20:00:00,2024-03-10,20:00:00,3.9675,Sunday,20,3,Spring,0
10023456784,2024-03-10 21:00:00,2024-03-10,21:00:00,3.6682,Sunday,21,3,Spring,0
10023456784,2024-03-10 22:00:00,2024-03-10,22:00:00,11.3543,Sunday,22,3,Spring,1
10023456784,2024-03-10 23:00:00,2024-03-10,23:00:00,1.5500,Sunday,23,3,Spring,0
10023456784,2024-03-11 00:00:00,2024-03-11,00:00:00,0.7886,Monday,0,3,Spring,0
10023456784,2024-03-11 01:00:00,2024-03-11,01:00:00,0.7985,Monday,1,3,Spring,0
10023456784,2024-03-11 02:00:00,2024-03-11,02:00:00,0.7231,Monday,2,3,Spring,0
10023456784,2024-03-11 03:00:00,2024-03-11,03:00:00,0.5881,Monday,3,3,Spring,0
10023456784,2024-03-11 04:00:00,2024-03-11,04:00:00,0.7075,Monday,4,3,Spring,0
10023456784,2024-03-11 05:00:00,2024-03-11,05:00:00,1.0252,Monday,5,3,Spring,0
10023456784,2024-03-11 06:00:00,2024-03-11,06:00:00,1.8140,Monday,6,3,Spring,0
10023456784,2024-03-11 07:00:00,2024-03-11,07:00:00,2.8894,Monday,7,3,Spring,0
10023456784,2024-03-11 08:00:00,2024-03-11,08:00:00,2.7003,Monday,8,3,Spring,0
10023456784,2024-03-11 09:00:00,2024-03-11,09:00:00,2.2880,Monday,9,3,Spring,0
10023456784,2024-03-11 10:00:00,2024-03-11,10:00:00,1.8510,Monday,10,3,Spring,0
10023456784,2024-03-11 11:00:00,2024-03-11,11:00:00,1.5971,Monday,11,3,Spring,0
10023456784,2024-03-11 12:00:00,2024-03-11,12:00:00,1.5950,Monday,12,3,Spring,0
10023456784,2024-03-11 13:00:00,2024-03-11,13:00:00,1.5274,Monday,13,3,Spring,0
10023456784,2024-03-11 14:00:00,2024-03-11,14:00:00,1.8139,Monday,14,3,Spring,0
10023456784,2024-03-11 15:00:00,2024-03-11,15:00:00,1.8754,Monday,15,3,Spring,0
10023456784,2024-03-11 16:00:00,2024-03-11,16:00:00,2.0352,Monday,16,3,Spring,0
10023456784,2024-03-11 17:00:00,2024-03-11,17:00:00,2.7973,Monday,17,3,Spring,0
10023456784,2024-03-11 18:00:00,2024-03-11,18:00:00,3.4400,Monday,18,3,Spring,0
10023456784,2024-03-11 19:00:00,2024-03-11,19:00:00,2.8447,Monday,19,3,Spring,0
10023456784,2024-03-11 20:00:00,2024-03-11,20:00:00,3.0221,Monday,20,3,Spring,0
10023456784,2024-03-11 21:00:00,2024-03-11,21:00:00,3.0338,Monday,21,3,Spring,0
10023456784,2024-03-11 22:00:00,2024-03-11,22:00:00,2.5049,Monday,22,3,Spring,0
10023456784,2024-03-11 23:00:00,2024-03-11,23:00:00,1.2505,Monday,23,3,Spring,0
10023456784,2024-03-12 00:00:00,2024-03-12,00:00:00,0.9507,Tuesday,0,3,Spring,0
10023456784,2024-03-12 01:00:00,2024-03-12,01:00:00,0.7718,Tuesday,1,3,Spring,0
10023456784,2024-03-12 02:00:00,2024-03-12,02:00:00,0.5449,Tuesday,2,3,Spring,0
10023456784,2024-03-12 03:00:00,2024-03-12,03:00:00,0.6082,Tuesday,3,3,Spring,0
10023456784,2024-03-12 04:00:00,2024-03-12,04:00:00,0.7001,Tuesday,4,3,Spring,0
10023456784,2024-03-12 05:00:00,2024-03-12,05:00:00,1.1938,Tuesday,5,3,Spring,0
10023456784,2024-03-12 06:00:00,2024-03-12,06:00:00,1.7925,Tuesday,6,3,Spring,0
10023456784,2024-03-12 07:00:00,2024-03-12,07:00:00,2.6916,Tuesday,7,3,Spring,0
10023456784,2024-03-12 08:00:00,2024-03-12,08:00:00,2.8018,Tuesday,8,3,Spring,0
10023456784,2024-03-12 09:00:00,2024-03-12,09:00:00,2.2397,Tuesday,9,3,Spring,0
10023456784,2024-03-12 10:00:00,2024-03-12,10:00:00,2.3698,Tuesday,10,3,Spring,0
10023456784,2024-03-12 11:00:00,2024-03-12,11:00:00,1.5975,Tuesday,11,3,Spring,0
10023456784,2024-03-12 12:00:00,2024-03-12,12:00:00,1.7849,Tuesday,12,3,Spring,0
10023456784,2024-03-12 13:00:00,2024-03-12,13:00:00,1.8941,Tuesday,13,3,Spring,0
10023456784,2024-03-12 14:00:00,2024-03-12,14:00:00,1.4595,Tuesday,14,3,Spring,0
10023456784,2024-03-12 15:00:00,2024-03-12,15:00:00,2.0298,Tuesday,15,3,Spring,0
10023456784,2024-03-12 16:00:00,2024-03-12,16:00:00,2.0043,Tuesday,16,3,Spring,0
10023456784,2024-03-12 17:00:00,2024-03-12,17:00:00,3.3391,Tuesday,17,3,Spring,0
10023456784,2024-03-12 18:00:00,2024-03-12,18:00:00,3.4118,Tuesday,18,3,Spring,0
10023456784,2024-03-12 19:00:00,2024-03-12,19:00:00,3.9027,Tuesday,19,3,Spring,0
10023456784,2024-03-12 20:00:00,2024-03-12,20:00:00,3.6851,Tuesday,20,3,Spring,0
10023456784,2024-03-12 21:00:00,2024-03-12,21:00:00,3.6797,Tuesday,21,3,Spring,0
10023456784,2024-03-12 22:00:00,2024-03-12,22:00:00,2.1035,Tuesday,22,3,Spring,0
10023456784,2024-03-12 23:00:00,2024-03-12,23:00:00,1.4232,Tuesday,23,3,Spring,0
10023456784,2024-03-13 00:00:00,2024-03-13,00:00:00,0.7263,Wednesday,0,3,Spring,0
10023456784,2024-03-13 01:00:00,2024-03-13,01:00:00,0.5724,Wednesday,1,3,Spring,0
10023456784,2024-03-13 02:00:00,2024-03-13,02:00:00,0.5409,Wednesday,2,3,Spring,0
10023456784,2024-03-13 03:00:00,2024-03-13,03:00:00,0.4666,Wednesday,3,3,Spring,0
10023456784,2024-03-13 04:00:00,2024-03-13,04:00:00,0.4504,Wednesday,4,3,Spring,0
10023456784,2024-03-13 05:00:00,2024-03-13,05:00:00,0.8590,Wednesday,5,3,Spring,0
10023456784,2024-03-13 06:00:00,2024-03-13,06:00:00,1.4316,Wednesday,6,3,Spring,0
10023456784,2024-03-13 07:00:00,2024-03-13,07:00:00,2.1066,Wednesday,7,3,Spring,0
10023456784,2024-03-13 08:00:00,2024-03-13,08:00:00,2.4852,Wednesday,8,3,Spring,0
10023456784,2024-03-13 09:00:00,2024-03-13,09:00:00,2.7040,Wednesday,9,3,Spring,0
10023456784,2024-03-13 10:00:00,2024-03-13,10:00:00,1.7414,Wednesday,10,3,Spring,0
10023456784,2024-03-13 11:00:00,2024-03-13,11:00:00,1.7427,Wednesday,11,3,Spring,0
10023456784,2024-03-13 12:00:00,2024-03-13,12:00:00,1.5596,Wednesday,12,3,Spring,0
10023456784,2024-03-13 13:00:00,2024-03-13,13:00:00,1.7177,Wednesday,13,3,Spring,0
10023456784,2024-03-13 14:00:00,2024-03-13,14:00:00,1.5763,Wednesday,14,3,Spring,0
10023456784,2024-03-13 15:00:00,2024-03-13,15:00:00,1.8067,Wednesday,15,3,Spring,0
10023456784,2024-03-13 16:00:00,2024-03-13,16:00:00,1.7265,Wednesday,16,3,Spring,0
10023456784,2024-03-13 17:00:00,2024-03-13,17:00:00,2.4158,Wednesday,17,3,Spring,0
10023456784,2024-03-13 18:00:00,2024-03-13,18:00:00,2.8916,Wednesday,18,3,Spring,0
10023456784,2024-03-13 19:00:00,2024-03-13,19:00:00,3.8453,Wednesday,19,3,Spring,0
10023456784,2024-03-13 20:00:00,2024-03-13,20:00:00,3.6916,Wednesday,20,3,Spring,0
10023456784,2024-03-13 21:00:00,2024-03-13,21:00:00,2.5876,Wednesday,21,3,Spring,0
10023456784,2024-03-13 22:00:00,2024-03-13,22:00:00,2.0720,Wednesday,22,3,Spring,0
10023456784,2024-03-13 23:00:00,2024-03-13,23:00:00,1.2741,Wednesday,23,3,Spring,0
10023456784,2024-03-14 00:00:00,2024-03-14,00:00:00,0.7226,Thursday,0,3,Spring,0
10023456784,2024-03-14 01:00:00,2024-03-14,01:00:00,0.6298,Thursday,1,3,Spring,0
10023456784,2024-03-14 02:00:00,2024-03-14,02:00:00,0.5754,Thursday,2,3,Spring,0
10023456784,2024-03-14 03:00:00,2024-03-14,03:00:00,0.7903,Thursday,3,3,Spring,0
10023456784,2024-03-14 04:00:00,2024-03-14,04:00:00,0.6137,Thursday,4,3,Spring,0
10023456784,2024-03-14 05:00:00,2024-03-14,05:00:00,1.0245,Thursday,5,3,Spring,0
10023456784,2024-03-14 06:00:00,2024-03-14,06:00:00,1.8341,Thursday,6,3,Spring,0
10023456784,2024-03-14 07:00:00,2024-03-14,07:00:00,2.2643,Thursday,7,3,Spring,0
10023456784,2024-03-14 08:00:00,2024-03-14,08:00:00,2.0327,Thursday,8,3,Spring,0
10023456784,2024-03-14 09:00:00,2024-03-14,09:00:00,2.4193,Thursday,9,3,Spring,0
10023456784,2024-03-14 10:00:00,2024-03-14,10:00:00,1.4006,Thursday,10,3,Spring,0
10023456784,2024-03-14 11:00:00,2024-03-14,11:00:00,1.4754,Thursday,11,3,Spring,0
10023456784,2024-03-14 12:00:00,2024-03-14,12:00:00,1.8627,Thursday,12,3,Spring,0
10023456784,2024-03-14 13:00:00,2024-03-14,13:00:00,1.9662,Thursday,13,3,Spring,0
10023456784,2024-03-14 14:00:00,2024-03-14,14:00:00,1.7607,Thursday,14,3,Spring,0
10023456784,2024-03-14 15:00:00,2024-03-14,15:00:00,1.7313,Thursday,15,3,Spring,0
10023456784,2024-03-14 16:00:00,2024-03-14,16:00:00,1.9017,Thursday,16,3,Spring,0
10023456784,2024-03-14 17:00:00,2024-03-14,17:00:00,2.3206,Thursday,17,3,Spring,0
10023456784,2024-03-14 18:00:00,2024-03-14,18:00:00,10.5890,Thursday,18,3,Spring,1
10023456784,2024-03-14 19:00:00,2024-03-14,19:00:00,3.8705,Thursday,19,3,Spring,0
10023456784,2024-03-14 20:00:00,2024-03-14,20:00:00,3.8313,Thursday,20,3,Spring,0
10023456784,2024-03-14 21:00:00,2024-03-14,21:00:00,3.4104,Thursday,21,3,Spring,0
10023456784,2024-03-14 22:00:00,2024-03-14,22:00:00,2.2074,Thursday,22,3,Spring,0
10023456784,2024-03-14 23:00:00,2024-03-14,23:00:00,1.2700,Thursday,23,3,Spring,0
10023456784,2024-03-15 00:00:00,2024-03-15,00:00:00,0.6595,Friday,0,3,Spring,0
10023456784,2024-03-15 01:00:00,2024-03-15,01:00:00,0.5131,Friday,1,3,Spring,0
10023456784,2024-03-15 02:00:00,2024-03-15,02:00:00,0.4810,Friday,2,3,Spring,0
10023456784,2024-03-15 03:00:00,2024-03-15,03:00:00,0.5214,Friday,3,3,Spring,0
10023456784,2024-03-15 04:00:00,2024-03-15,04:00:00,0.6028,Friday,4,3,Spring,0
10023456784,2024-03-15 05:00:00,2024-03-15,05:00:00,1.1913,Friday,5,3,Spring,0
10023456784,2024-03-15 06:00:00,2024-03-15,06:00:00,1.5672,Friday,6,3,Spring,0
10023456784,2024-03-15 07:00:00,2024-03-15,07:00:00,2.2898,Friday,7,3,Spring,0
10023456784,2024-03-15 08:00:00,2024-03-15,08:00:00,2.0158,Friday,8,3,Spring,0
10023456784,2024-03-15 09:00:00,2024-03-15,09:00:00,1.8805,Friday,9,3,Spring,0
10023456784,2024-03-15 10:00:00,2024-03-15,10:00:00,1.5607,Friday,10,3,Spring,0
10023456784,2024-03-15 11:00:00,2024-03-15,11:00:00,1.4317,Friday,11,3,Spring,0
10023456784,2024-03-15 12:00:00,2024-03-15,12:00:00,1.5727,Friday,12,3,Spring,0
10023456784,2024-03-15 13:00:00,2024-03-15,13:00:00,1.3121,Friday,13,3,Spring,0
10023456784,2024-03-15 14:00:00,2024-03-15,14:00:00,1.7575,Friday,14,3,Spring,0
10023456784,2024-03-15 15:00:00,2024-03-15,15:00:00,1.5862,Friday,15,3,Spring,0
10023456784,2024-03-15 16:00:00,2024-03-15,16:00:00,2.1196,Friday,16,3,Spring,0
10023456784,2024-03-15 17:00:00,2024-03-15,17:00:00,2.4943,Friday,17,3,Spring,0
10023456784,2024-03-15 18:00:00,2024-03-15,18:00:00,3.6341,Friday,18,3,Spring,0
10023456784,2024-03-15 19:00:00,2024-03-15,19:00:00,3.2563,Friday,19,3,Spring,0
10023456784,2024-03-15 20:00:00,2024-03-15,20:00:00,3.2737,Friday,20,3,Spring,0
10023456784,2024-03-15 21:00:00,2024-03-15,21:00:00,0.4795,Friday,21,3,Spring,1
10023456784,2024-03-15 22:00:00,2024-03-15,22:00:00,2.3418,Friday,22,3,Spring,0
10023456784,2024-03-15 23:00:00,2024-03-15,23:00:00,1.2157,Friday,23,3,Spring,0
10023456784,2024-03-16 00:00:00,2024-03-16,00:00:00,0.8864,Saturday,0,3,Spring,0
10023456784,2024-03-16 01:00:00,2024-03-16,01:00:00,0.9256,Saturday,1,3,Spring,0
10023456784,2024-03-16 02:00:00,2024-03-16,02:00:00,0.7380,Saturday,2,3,Spring,0
10023456784,2024-03-16 03:00:00,2024-03-16,03:00:00,0.7290,Saturday,3,3,Spring,0
10023456784,2024-03-16 04:00:00,2024-03-16,04:00:00,0.8422,Saturday,4,3,Spring,0
10023456784,2024-03-16 05:00:00,2024-03-16,05:00:00,1.0014,Saturday,5,3,Spring,0
10023456784,2024-03-16 06:00:00,2024-03-16,06:00:00,1.6587,Saturday,6,3,Spring,0
10023456784,2024-03-16 07:00:00,2024-03-16,07:00:00,2.2521,Saturday,7,3,Spring,0
10023456784,2024-03-16 08:00:00,2024-03-16,08:00:00,11.3868,Saturday,8,3,Spring,1
10023456784,2024-03-16 09:00:00,2024-03-16,09:00:00,3.4946,Saturday,9,3,Spring,0
10023456784,2024-03-16 10:00:00,2024-03-16,10:00:00,3.8224,Saturday,10,3,Spring,0
10023456784,2024-03-16 11:00:00,2024-03-16,11:00:00,3.5266,Saturday,11,3,Spring,0
10023456784,2024-03-16 12:00:00,2024-03-16,12:00:00,2.5346,Saturday,12,3,Spring,0
10023456784,2024-03-16 13:00:00,2024-03-16,13:00:00,2.0027,Saturday,13,3,Spring,0
10023456784,2024-03-16 14:00:00,2024-03-16,14:00:00,2.9107,Saturday,14,3,Spring,0
10023456784,2024-03-16 15:00:00,2024-03-16,15:00:00,2.9089,Saturday,15,3,Spring,0
10023456784,2024-03-16 16:00:00,2024-03-16,16:00:00,3.4675,Saturday,16,3,Spring,0
10023456784,2024-03-16 17:00:00,2024-03-16,17:00:00,3.5101,Saturday,17,3,Spring,0
10023456784,2024-03-16 18:00:00,2024-03-16,18:00:00,3.7746,Saturday,18,3,Spring,0
10023456784,2024-03-16 19:00:00,2024-03-16,19:00:00,4.6712,Saturday,19,3,Spring,0
10023456784,2024-03-16 20:00:00,2024-03-16,20:00:00,4.7174,Saturday,20,3,Spring,0
10023456784,2024-03-16 21:00:00,2024-03-16,21:00:00,4.0307,Saturday,21,3,Spring,0
10023456784,2024-03-16 22:00:00,2024-03-16,22:00:00,2.9884,Saturday,22,3,Spring,0
10023456784,2024-03-16 23:00:00,2024-03-16,23:00:00,1.9833,Saturday,23,3,Spring,0
10023456784,2024-03-17 00:00:00,2024-03-17,00:00:00,0.8992,Sunday,0,3,Spring,0
10023456784,2024-03-17 01:00:00,2024-03-17,01:00:00,0.7400,Sunday,1,3,Spring,0
10023456784,2024-03-17 02:00:00,2024-03-17,02:00:00,0.7255,Sunday,2,3,Spring,0
10023456784,2024-03-17 03:00:00,2024-03-17,03:00:00,0.6468,Sunday,3,3,Spring,0
10023456784,2024-03-17 04:00:00,2024-03-17,04:00:00,0.6395,Sunday,4,3,Spring,0
10023456784,2024-03-17 05:00:00,2024-03-17,05:00:00,1.0522,Sunday,5,3,Spring,0
10023456784,2024-03-17 06:00:00,2024-03-17,06:00:00,4.2551,Sunday,6,3,Spring,1
10023456784,2024-03-17 07:00:00,2024-03-17,07:00:00,2.0741,Sunday,7,3,Spring,0
10023456784,2024-03-17 08:00:00,2024-03-17,08:00:00,2.6086,Sunday,8,3,Spring,0
10023456784,2024-03-17 09:00:00,2024-03-17,09:00:00,2.6959,Sunday,9,3,Spring,0
10023456784,2024-03-17 10:00:00,2024-03-17,10:00:00,2.8401,Sunday,10,3,Spring,0
10023456784,2024-03-17 11:00:00,2024-03-17,11:00:00,2.8921,Sunday,11,3,Spring,0
10023456784,2024-03-17 12:00:00,2024-03-17,12:00:00,0.1724,Sunday,12,3,Spring,1
10023456784,2024-03-17 13:00:00,2024-03-17,13:00:00,2.1515,Sunday,13,3,Spring,0
10023456784,2024-03-17 14:00:00,2024-03-17,14:00:00,2.1485,Sunday,14,3,Spring,0
10023456784,2024-03-17 15:00:00,2024-03-17,15:00:00,2.5568,Sunday,15,3,Spring,0
10023456784,2024-03-17 16:00:00,2024-03-17,16:00:00,2.8327,Sunday,16,3,Spring,0
10023456784,2024-03-17 17:00:00,2024-03-17,17:00:00,2.9979,Sunday,17,3,Spring,0
10023456784,2024-03-17 18:00:00,2024-03-17,18:00:00,3.3043,Sunday,18,3,Spring,0
10023456784,2024-03-17 19:00:00,2024-03-17,19:00:00,3.8175,Sunday,19,3,Spring,0
10023456784,2024-03-17 20:00:00,2024-03-17,20:00:00,3.4059,Sunday,20,3,Spring,0
10023456784,2024-03-17 21:00:00,2024-03-17,21:00:00,3.0631,Sunday,21,3,Spring,0
10023456784,2024-03-17 22:00:00,2024-03-17,22:00:00,3.0066,Sunday,22,3,Spring,0
10023456784,2024-03-17 23:00:00,2024-03-17,23:00:00,1.9712,Sunday,23,3,Spring,0
10023456784,2024-03-18 00:00:00,2024-03-18,00:00:00,0.8207,Monday,0,3,Spring,0
10023456784,2024-03-18 01:00:00,2024-03-18,01:00:00,0.8201,Monday,1,3,Spring,0
10023456784,2024-03-18 02:00:00,2024-03-18,02:00:00,0.5892,Monday,2,3,Spring,0
10023456784,2024-03-18 03:00:00,2024-03-18,03:00:00,0.5685,Monday,3,3,Spring,0
10023456784,2024-03-18 04:00:00,2024-03-18,04:00:00,0.6890,Monday,4,3,Spring,0
10023456784,2024-03-18 05:00:00,2024-03-18,05:00:00,1.2386,Monday,5,3,Spring,0
10023456784,2024-03-18 06:00:00,2024-03-18,06:00:00,1.4886,Monday,6,3,Spring,0
10023456784,2024-03-18 07:00:00,2024-03-18,07:00:00,2.6055,Monday,7,3,Spring,0
10023456784,2024-03-18 08:00:00,2024-03-18,08:00:00,2.7719,Monday,8,3,Spring,0
10023456784,2024-03-18 09:00:00,2024-03-18,09:00:00,2.2827,Monday,9,3,Spring,0
10023456784,2024-03-18 10:00:00,2024-03-18,10:00:00,1.8776,Monday,10,3,Spring,0
10023456784,2024-03-18 11:00:00,2024-03-18,11:00:00,1.5098,Monday,11,3,Spring,0
10023456784,2024-03-18 12:00:00,2024-03-18,12:00:00,1.7355,Monday,12,3,Spring,0
10023456784,2024-03-18 13:00:00,2024-03-18,13:00:00,1.7460,Monday,13,3,Spring,0
10023456784,2024-03-18 14:00:00,2024-03-18,14:00:00,1.9373,Monday,14,3,Spring,0
10023456784,2024-03-18 15:00:00,2024-03-18,15:00:00,1.9836,Monday,15,3,Spring,0
10023456784,2024-03-18 16:00:00,2024-03-18,16:00:00,1.9030,Monday,16,3,Spring,0
10023456784,2024-03-18 17:00:00,2024-03-18,17:00:00,1.9997,Monday,17,3,Spring,0
10023456784,2024-03-18 18:00:00,2024-03-18,18:00:00,3.1500,Monday,18,3,Spring,0
10023456784,2024-03-18 19:00:00,2024-03-18,19:00:00,3.4126,Monday,19,3,Spring,0
10023456784,2024-03-18 20:00:00,2024-03-18,20:00:00,4.0056,Monday,20,3,Spring,0
10023456784,2024-03-18 21:00:00,2024-03-18,21:00:00,2.9359,Monday,21,3,Spring,0
10023456784,2024-03-18 22:00:00,2024-03-18,22:00:00,2.0750,Monday,22,3,Spring,0
10023456784,2024-03-18 23:00:00,2024-03-18,23:00:00,4.8489,Monday,23,3,Spring,1
10023456784,2024-03-19 00:00:00,2024-03-19,00:00:00,0.7925,Tuesday,0,3,Spring,0
10023456784,2024-03-19 01:00:00,2024-03-19,01:00:00,0.6907,Tuesday,1,3,Spring,0
10023456784,2024-03-19 02:00:00,2024-03-19,02:00:00,0.6523,Tuesday,2,3,Spring,0
10023456784,2024-03-19 03:00:00,2024-03-19,03:00:00,0.6476,Tuesday,3,3,Spring,0
10023456784,2024-03-19 04:00:00,2024-03-19,04:00:00,0.6159,Tuesday,4,3,Spring,0
10023456784,2024-03-19 05:00:00,2024-03-19,05:00:00,0.7953,Tuesday,5,3,Spring,0
10023456784,2024-03-19 06:00:00,2024-03-19,06:00:00,2.1845,Tuesday,6,3,Spring,0
10023456784,2024-03-19 07:00:00,2024-03-19,07:00:00,2.9201,Tuesday,7,3,Spring,0
10023456784,2024-03-19 08:00:00,2024-03-19,08:00:00,2.3703,Tuesday,8,3,Spring,0
10023456784,2024-03-19 09:00:00,2024-03-19,09:00:00,2.2757,Tuesday,9,3,Spring,0
10023456784,2024-03-19 10:00:00,2024-03-19,10:00:00,1.9482,Tuesday,10,3,Spring,0
10023456784,2024-03-19 11:00:00,2024-03-19,11:00:00,1.8344,Tuesday,11,3,Spring,0
10023456784,2024-03-19 12:00:00,2024-03-19,12:00:00,1.7456,Tuesday,12,3,Spring,0
10023456784,2024-03-19 13:00:00,2024-03-19,13:00:00,1.6681,Tuesday,13,3,Spring,0
10023456784,2024-03-19 14:00:00,2024-03-19,14:00:00,1.7083,Tuesday,14,3,Spring,0
10023456784,2024-03-19 15:00:00,2024-03-19,15:00:00,1.7950,Tuesday,15,3,Spring,0
10023456784,2024-03-19 16:00:00,2024-03-19,16:00:00,2.1674,Tuesday,16,3,Spring,0
10023456784,2024-03-19 17:00:00,2024-03-19,17:00:00,2.5714,Tuesday,17,3,Spring,0
10023456784,2024-03-19 18:00:00,2024-03-19,18:00:00,3.1367,Tuesday,18,3,Spring,0
10023456784,2024-03-19 19:00:00,2024-03-19,19:00:00,3.9837,Tuesday,19,3,Spring,0
10023456784,2024-03-19 20:00:00,2024-03-19,20:00:00,3.7608,Tuesday,20,3,Spring,0
10023456784,2024-03-19 21:00:00,2024-03-19,21:00:00,2.9514,Tuesday,21,3,Spring,0
10023456784,2024-03-19 22:00:00,2024-03-19,22:00:00,0.2283,Tuesday,22,3,Spring,1
10023456784,2024-03-19 23:00:00,2024-03-19,23:00:00,1.2816,Tuesday,23,3,Spring,0
10023456784,2024-03-20 00:00:00,2024-03-20,00:00:00,0.9784,Wednesday,0,3,Spring,0
10023456784,2024-03-20 01:00:00,2024-03-20,01:00:00,0.8237,Wednesday,1,3,Spring,0
10023456784,2024-03-20 02:00:00,2024-03-20,02:00:00,0.6405,Wednesday,2,3,Spring,0
10023456784,2024-03-20 03:00:00,2024-03-20,03:00:00,0.6683,Wednesday,3,3,Spring,0
10023456784,2024-03-20 04:00:00,2024-03-20,04:00:00,0.7705,Wednesday,4,3,Spring,0
10023456784,2024-03-20 05:00:00,2024-03-20,05:00:00,0.9943,Wednesday,5,3,Spring,0
10023456784,2024-03-20 06:00:00,2024-03-20,06:00:00,2.0235,Wednesday,6,3,Spring,0
10023456784,2024-03-20 07:00:00,2024-03-20,07:00:00,2.5766,Wednesday,7,3,Spring,0
10023456784,2024-03-20 08:00:00,2024-03-20,08:00:00,3.5172,Wednesday,8,3,Spring,0
10023456784,2024-03-20 09:00:00,2024-03-20,09:00:00,2.6415,Wednesday,9,3,Spring,0
10023456784,2024-03-20 10:00:00,2024-03-20,10:00:00,1.9658,Wednesday,10,3,Spring,0
10023456784,2024-03-20 11:00:00,2024-03-20,11:00:00,1.7078,Wednesday,11,3,Spring,0
10023456784,2024-03-20 12:00:00,2024-03-20,12:00:00,1.8229,Wednesday,12,3,Spring,0
10023456784,2024-03-20 13:00:00,2024-03-20,13:00:00,1.6638,Wednesday,13,3,Spring,0
10023456784,2024-03-20 14:00:00,2024-03-20,14:00:00,1.9046,Wednesday,14,3,Spring,0
10023456784,2024-03-20 15:00:00,2024-03-20,15:00:00,1.7825,Wednesday,15,3,Spring,0
10023456784,2024-03-20 16:00:00,2024-03-20,16:00:00,2.4936,Wednesday,16,3,Spring,0
10023456784,2024-03-20 17:00:00,2024-03-20,17:00:00,3.2874,Wednesday,17,3,Spring,0
10023456784,2024-03-20 18:00:00,2024-03-20,18:00:00,3.5742,Wednesday,18,3,Spring,0
10023456784,2024-03-20 19:00:00,2024-03-20,19:00:00,4.3048,Wednesday,19,3,Spring,0
10023456784,2024-03-20 20:00:00,2024-03-20,20:00:00,3.9280,Wednesday,20,3,Spring,0
10023456784,2024-03-20 21:00:00,2024-03-20,21:00:00,3.9812,Wednesday,21,3,Spring,0
10023456784,2024-03-20 22:00:00,2024-03-20,22:00:00,2.8791,Wednesday,22,3,Spring,0
10023456784,2024-03-20 23:00:00,2024-03-20,23:00:00,1.5856,Wednesday,23,3,Spring,0
10023456784,2024-03-21 00:00:00,2024-03-21,00:00:00,0.7853,Thursday,0,3,Spring,0
10023456784,2024-03-21 01:00:00,2024-03-21,01:00:00,0.8396,Thursday,1,3,Spring,0
10023456784,2024-03-21 02:00:00,2024-03-21,02:00:00,0.8194,Thursday,2,3,Spring,0
10023456784,2024-03-21 03:00:00,2024-03-21,03:00:00,0.7171,Thursday,3,3,Spring,0
10023456784,2024-03-21 04:00:00,2024-03-21,04:00:00,0.9182,Thursday,4,3,Spring,0
10023456784,2024-03-21 05:00:00,2024-03-21,05:00:00,1.1121,Thursday,5,3,Spring,0
10023456784,2024-03-21 06:00:00,2024-03-21,06:00:00,2.0237,Thursday,6,3,Spring,0
10023456784,2024-03-21 07:00:00,2024-03-21,07:00:00,3.1058,Thursday,7,3,Spring,0
10023456784,2024-03-21 08:00:00,2024-03-21,08:00:00,3.3692,Thursday,8,3,Spring,0
10023456784,2024-03-21 09:00:00,2024-03-21,09:00:00,2.5506,Thursday,9,3,Spring,0
10023456784,2024-03-21 10:00:00,2024-03-21,10:00:00,2.4393,Thursday,10,3,Spring,0
10023456784,2024-03-21 11:00:00,2024-03-21,11:00:00,2.1065,Thursday,11,3,Spring,0
10023456784,2024-03-21 12:00:00,2024-03-21,12:00:00,1.6965,Thursday,12,3,Spring,0
10023456784,2024-03-21 13:00:00,2024-03-21,13:00:00,1.7882,Thursday,13,3,Spring,0
10023456784,2024-03-21 14:00:00,2024-03-21,14:00:00,1.9643,Thursday,14,3,Spring,0
10023456784,2024-03-21 15:00:00,2024-03-21,15:00:00,2.0953,Thursday,15,3,Spring,0
10023456784,2024-03-21 16:00:00,2024-03-21,16:00:00,2.6594,Thursday,16,3,Spring,0
10023456784,2024-03-21 17:00:00,2024-03-21,17:00:00,3.1246,Thursday,17,3,Spring,0
10023456784,2024-03-21 18:00:00,2024-03-21,18:00:00,3.7496,Thursday,18,3,Spring,0
10023456784,2024-03-21 19:00:00,2024-03-21,19:00:00,4.1507,Thursday,19,3,Spring,0
10023456784,2024-03-21 20:00:00,2024-03-21,20:00:00,4.5520,Thursday,20,3,Spring,0
10023456784,2024-03-21 21:00:00,2024-03-21,21:00:00,3.9020,Thursday,21,3,Spring,0
10023456784,2024-03-21 22:00:00,2024-03-21,22:00:00,2.7214,Thursday,22,3,Spring,0
10023456784,2024-03-21 23:00:00,2024-03-21,23:00:00,1.5405,Thursday,23,3,Spring,0
10023456784,2024-03-22 00:00:00,2024-03-22,00:00:00,0.7717,Friday,0,3,Spring,0
10023456784,2024-03-22 01:00:00,2024-03-22,01:00:00,0.8744,Friday,1,3,Spring,0
10023456784,2024-03-22 02:00:00,2024-03-22,02:00:00,0.7964,Friday,2,3,Spring,0
10023456784,2024-03-22 03:00:00,2024-03-22,03:00:00,0.7817,Friday,3,3,Spring,0
10023456784,2024-03-22 04:00:00,2024-03-22,04:00:00,0.7899,Friday,4,3,Spring,0
10023456784,2024-03-22 05:00:00,2024-03-22,05:00:00,1.5342,Friday,5,3,Spring,0
10023456784,2024-03-22 06:00:00,2024-03-22,06:00:00,2.3099,Friday,6,3,Spring,0
10023456784,2024-03-22 07:00:00,2024-03-22,07:00:00,3.1090,Friday,7,3,Spring,0
10023456784,2024-03-22 08:00:00,2024-03-22,08:00:00,3.0231,Friday,8,3,Spring,0
10023456784,2024-03-22 09:00:00,2024-03-22,09:00:00,2.6080,Friday,9,3,Spring,0
10023456784,2024-03-22 10:00:00,2024-03-22,10:00:00,2.3997,Friday,10,3,Spring,0
10023456784,2024-03-22 11:00:00,2024-03-22,11:00:00,2.0615,Friday,11,3,Spring,0
10023456784,2024-03-22 12:00:00,2024-03-22,12:00:00,2.4238,Friday,12,3,Spring,0
10023456784,2024-03-22 13:00:00,2024-03-22,13:00:00,2.3227,Friday,13,3,Spring,0
10023456784,2024-03-22 14:00:00,2024-03-22,14:00:00,1.5578,Friday,14,3,Spring,0
10023456784,2024-03-22 15:00:00,2024-03-22,15:00:00,2.0974,Friday,15,3,Spring,0
10023456784,2024-03-22 16:00:00,2024-03-22,16:00:00,2.2843,Friday,16,3,Spring,0
10023456784,2024-03-22 17:00:00,2024-03-22,17:00:00,2.9830,Friday,17,3,Spring,0
10023456784,2024-03-22 18:00:00,2024-03-22,18:00:00,3.8137,Friday,18,3,Spring,0
10023456784,2024-03-22 19:00:00,2024-03-22,19:00:00,4.1402,Friday,19,3,Spring,0
10023456784,2024-03-22 20:00:00,2024-03-22,20:00:00,3.7966,Friday,20,3,Spring,0
10023456784,2024-03-22 21:00:00,2024-03-22,21:00:00,3.0604,Friday,21,3,Spring,0
10023456784,2024-03-22 22:00:00,2024-03-22,22:00:00,2.6717,Friday,22,3,Spring,0
10023456784,2024-03-22 23:00:00,2024-03-22,23:00:00,1.8744,Friday,23,3,Spring,0
10023456784,2024-03-23 00:00:00,2024-03-23,00:00:00,0.7978,Saturday,0,3,Spring,0
10023456784,2024-03-23 01:00:00,2024-03-23,01:00:00,0.6614,Saturday,1,3,Spring,0
10023456784,2024-03-23 02:00:00,2024-03-23,02:00:00,0.5265,Saturday,2,3,Spring,0
10023456784,2024-03-23 03:00:00,2024-03-23,03:00:00,0.6641,Saturday,3,3,Spring,0
10023456784,2024-03-23 04:00:00,2024-03-23,04:00:00,0.6177,Saturday,4,3,Spring,0
10023456784,2024-03-23 05:00:00,2024-03-23,05:00:00,0.9056,Saturday,5,3,Spring,0
10023456784,2024-03-23 06:00:00,2024-03-23,06:00:00,1.2507,Saturday,6,3,Spring,0
10023456784,2024-03-23 07:00:00,2024-03-23,07:00:00,1.8555,Saturday,7,3,Spring,0
10023456784,2024-03-23 08:00:00,2024-03-23,08:00:00,2.6199,Saturday,8,3,Spring,0
10023456784,2024-03-23 09:00:00,2024-03-23,09:00:00,2.8303,Saturday,9,3,Spring,0
10023456784,2024-03-23 10:00:00,2024-03-23,10:00:00,2.6871,Saturday,10,3,Spring,0
10023456784,2024-03-23 11:00:00,2024-03-23,11:00:00,2.3416,Saturday,11,3,Spring,0
10023456784,2024-03-23 12:00:00,2024-03-23,12:00:00,2.5800,Saturday,12,3,Spring,0
10023456784,2024-03-23 13:00:00,2024-03-23,13:00:00,1.9561,Saturday,13,3,Spring,0
10023456784,2024-03-23 14:00:00,2024-03-23,14:00:00,2.0052,Saturday,14,3,Spring,0
10023456784,2024-03-23 15:00:00,2024-03-23,15:00:00,2.1592,Saturday,15,3,Spring,0
10023456784,2024-03-23 16:00:00,2024-03-23,16:00:00,2.1104,Saturday,16,3,Spring,0
10023456784,2024-03-23 17:00:00,2024-03-23,17:00:00,2.8064,Saturday,17,3,Spring,0
10023456784,2024-03-23 18:00:00,2024-03-23,18:00:00,3.9374,Saturday,18,3,Spring,0
10023456784,2024-03-23 19:00:00,2024-03-23,19:00:00,3.0982,Saturday,19,3,Spring,0
10023456784,2024-03-23 20:00:00,2024-03-23,20:00:00,3.4830,Saturday,20,3,Spring,0
10023456784,2024-03-23 21:00:00,2024-03-23,21:00:00,2.9527,Saturday,21,3,Spring,0
10023456784,2024-03-23 22:00:00,2024-03-23,22:00:00,2.1601,Saturday,22,3,Spring,0
10023456784,2024-03-23 23:00:00,2024-03-23,23:00:00,1.5615,Saturday,23,3,Spring,0
10023456784,2024-03-24 00:00:00,2024-03-24,00:00:00,0.7654,Sunday,0,3,Spring,0
10023456784,2024-03-24 01:00:00,2024-03-24,01:00:00,0.6916,Sunday,1,3,Spring,0
10023456784,2024-03-24 02:00:00,2024-03-24,02:00:00,0.5291,Sunday,2,3,Spring,0
10023456784,2024-03-24 03:00:00,2024-03-24,03:00:00,0.5546,Sunday,3,3,Spring,0
10023456784,2024-03-24 04:00:00,2024-03-24,04:00:00,0.6024,Sunday,4,3,Spring,0
10023456784,2024-03-24 05:00:00,2024-03-24,05:00:00,0.8252,Sunday,5,3,Spring,0
10023456784,2024-03-24 06:00:00,2024-03-24,06:00:00,1.0568,Sunday,6,3,Spring,0
10023456784,2024-03-24 07:00:00,2024-03-24,07:00:00,1.5155,Sunday,7,3,Spring,0
10023456784,2024-03-24 08:00:00,2024-03-24,08:00:00,2.3063,Sunday,8,3,Spring,0
10023456784,2024-03-24 09:00:00,2024-03-24,09:00:00,2.6534,Sunday,9,3,Spring,0
10023456784,2024-03-24 10:00:00,2024-03-24,10:00:00,11.5274,Sunday,10,3,Spring,1
10023456784,2024-03-24 11:00:00,2024-03-24,11:00:00,2.2062,Sunday,11,3,Spring,0
10023456784,2024-03-24 12:00:00,2024-03-24,12:00:00,2.0877,Sunday,12,3,Spring,0
10023456784,2024-03-24 13:00:00,2024-03-24,13:00:00,1.4894,Sunday,13,3,Spring,0
10023456784,2024-03-24 14:00:00,2024-03-24,14:00:00,2.0902,Sunday,14,3,Spring,0
10023456784,2024-03-24 15:00:00,2024-03-24,15:00:00,1.9795,Sunday,15,3,Spring,0
10023456784,2024-03-24 16:00:00,2024-03-24,16:00:00,1.7578,Sunday,16,3,Spring,0
10023456784,2024-03-24 17:00:00,2024-03-24,17:00:00,2.8497,Sunday,17,3,Spring,0
10023456784,2024-03-24 18:00:00,2024-03-24,18:00:00,3.3510,Sunday,18,3,Spring,0
10023456784,2024-03-24 19:00:00,2024-03-24,19:00:00,3.0073,Sunday,19,3,Spring,0
10023456784,2024-03-24 20:00:00,2024-03-24,20:00:00,2.8406,Sunday,20,3,Spring,0
10023456784,2024-03-24 21:00:00,2024-03-24,21:00:00,2.7714,Sunday,21,3,Spring,0
10023456784,2024-03-24 22:00:00,2024-03-24,22:00:00,1.9980,Sunday,22,3,Spring,0
10023456784,2024-03-24 23:00:00,2024-03-24,23:00:00,1.6278,Sunday,23,3,Spring,0
10023456784,2024-03-25 00:00:00,2024-03-25,00:00:00,0.4784,Monday,0,3,Spring,0
10023456784,2024-03-25 01:00:00,2024-03-25,01:00:00,0.6644,Monday,1,3,Spring,0
10023456784,2024-03-25 02:00:00,2024-03-25,02:00:00,0.5633,Monday,2,3,Spring,0
10023456784,2024-03-25 03:00:00,2024-03-25,03:00:00,0.4644,Monday,3,3,Spring,0
10023456784,2024-03-25 04:00:00,2024-03-25,04:00:00,0.4791,Monday,4,3,Spring,0
10023456784,2024-03-25 05:00:00,2024-03-25,05:00:00,0.7977,Monday,5,3,Spring,0
10023456784,2024-03-25 06:00:00,2024-03-25,06:00:00,1.3080,Monday,6,3,Spring,0
10023456784,2024-03-25 07:00:00,2024-03-25,07:00:00,2.1219,Monday,7,3,Spring,0
10023456784,2024-03-25 08:00:00,2024-03-25,08:00:00,2.1381,Monday,8,3,Spring,0
10023456784,2024-03-25 09:00:00,2024-03-25,09:00:00,2.0748,Monday,9,3,Spring,0
10023456784,2024-03-25 10:00:00,2024-03-25,10:00:00,1.2875,Monday,10,3,Spring,0
10023456784,2024-03-25 11:00:00,2024-03-25,11:00:00,1.3665,Monday,11,3,Spring,0
10023456784,2024-03-25 12:00:00,2024-03-25,12:00:00,1.3291,Monday,12,3,Spring,0
10023456784,2024-03-25 13:00:00,2024-03-25,13:00:00,0.9844,Monday,13,3,Spring,0
10023456784,2024-03-25 14:00:00,2024-03-25,14:00:00,1.1811,Monday,14,3,Spring,0
10023456784,2024-03-25 15:00:00,2024-03-25,15:00:00,1.3814,Monday,15,3,Spring,0
10023456784,2024-03-25 16:00:00,2024-03-25,16:00:00,1.8014,Monday,16,3,Spring,0
10023456784,2024-03-25 17:00:00,2024-03-25,17:00:00,1.9387,Monday,17,3,Spring,0
10023456784,2024-03-25 18:00:00,2024-03-25,18:00:00,2.5036,Monday,18,3,Spring,0
10023456784,2024-03-25 19:00:00,2024-03-25,19:00:00,3.1699,Monday,19,3,Spring,0
10023456784,2024-03-25 20:00:00,2024-03-25,20:00:00,2.7492,Monday,20,3,Spring,0
10023456784,2024-03-25 21:00:00,2024-03-25,21:00:00,2.6090,Monday,21,3,Spring,0
10023456784,2024-03-25 22:00:00,2024-03-25,22:00:00,1.7835,Monday,22,3,Spring,0
10023456784,2024-03-25 23:00:00,2024-03-25,23:00:00,1.4229,Monday,23,3,Spring,0
10023456784,2024-03-26 00:00:00,2024-03-26,00:00:00,0.5936,Tuesday,0,3,Spring,0
10023456784,2024-03-26 01:00:00,2024-03-26,01:00:00,0.5010,Tuesday,1,3,Spring,0
10023456784,2024-03-26 02:00:00,2024-03-26,02:00:00,0.5265,Tuesday,2,3,Spring,0
10023456784,2024-03-26 03:00:00,2024-03-26,03:00:00,0.4730,Tuesday,3,3,Spring,0
10023456784,2024-03-26 04:00:00,2024-03-26,04:00:00,0.5404,Tuesday,4,3,Spring,0
10023456784,2024-03-26 05:00:00,2024-03-26,05:00:00,0.8424,Tuesday,5,3,Spring,0
10023456784,2024-03-26 06:00:00,2024-03-26,06:00:00,1.2376,Tuesday,6,3,Spring,0
10023456784,2024-03-26 07:00:00,2024-03-26,07:00:00,1.5596,Tuesday,7,3,Spring,0
10023456784,2024-03-26 08:00:00,2024-03-26,08:00:00,2.2772,Tuesday,8,3,Spring,0
10023456784,2024-03-26 09:00:00,2024-03-26,09:00:00,1.8303,Tuesday,9,3,Spring,0
10023456784,2024-03-26 10:00:00,2024-03-26,10:00:00,1.3033,Tuesday,10,3,Spring,0
10023456784,2024-03-26 11:00:00,2024-03-26,11:00:00,1.3344,Tuesday,11,3,Spring,0
10023456784,2024-03-26 12:00:00,2024-03-26,12:00:00,1.3155,Tuesday,12,3,Spring,0
10023456784,2024-03-26 13:00:00,2024-03-26,13:00:00,1.4845,Tuesday,13,3,Spring,0
10023456784,2024-03-26 14:00:00,2024-03-26,14:00:00,1.3985,Tuesday,14,3,Spring,0
10023456784,2024-03-26 15:00:00,2024-03-26,15:00:00,1.4283,Tuesday,15,3,Spring,0
10023456784,2024-03-26 16:00:00,2024-03-26,16:00:00,1.5812,Tuesday,16,3,Spring,0
10023456784,2024-03-26 17:00:00,2024-03-26,17:00:00,1.9153,Tuesday,17,3,Spring,0
10023456784,2024-03-26 18:00:00,2024-03-26,18:00:00,2.8367,Tuesday,18,3,Spring,0
10023456784,2024-03-26 19:00:00,2024-03-26,19:00:00,3.1792,Tuesday,19,3,Spring,0
10023456784,2024-03-26 20:00:00,2024-03-26,20:00:00,2.8487,Tuesday,20,3,Spring,0
10023456784,2024-03-26 21:00:00,2024-03-26,21:00:00,2.6909,Tuesday,21,3,Spring,0
10023456784,2024-03-26 22:00:00,2024-03-26,22:00:00,1.7336,Tuesday,22,3,Spring,0
10023456784,2024-03-26 23:00:00,2024-03-26,23:00:00,1.1435,Tuesday,23,3,Spring,0
10023456784,2024-03-27 00:00:00,2024-03-27,00:00:00,0.6932,Wednesday,0,3,Spring,0
10023456784,2024-03-27 01:00:00,2024-03-27,01:00:00,0.5786,Wednesday,1,3,Spring,0
10023456784,2024-03-27 02:00:00,2024-03-27,02:00:00,0.5004,Wednesday,2,3,Spring,0
10023456784,2024-03-27 03:00:00,2024-03-27,03:00:00,0.4743,Wednesday,3,3,Spring,0
10023456784,2024-03-27 04:00:00,2024-03-27,04:00:00,0.5810,Wednesday,4,3,Spring,0
10023456784,2024-03-27 05:00:00,2024-03-27,05:00:00,0.7504,Wednesday,5,3,Spring,0
10023456784,2024-03-27 06:00:00,2024-03-27,06:00:00,1.2955,Wednesday,6,3,Spring,0
10023456784,2024-03-27 07:00:00,2024-03-27,07:00:00,2.0419,Wednesday,7,3,Spring,0
10023456784,2024-03-27 08:00:00,2024-03-27,08:00:00,1.8841,Wednesday,8,3,Spring,0
10023456784,2024-03-27 09:00:00,2024-03-27,09:00:00,1.5879,Wednesday,9,3,Spring,0
10023456784,2024-03-27 10:00:00,2024-03-27,10:00:00,1.4598,Wednesday,10,3,Spring,0
10023456784,2024-03-27 11:00:00,2024-03-27,11:00:00,1.3414,Wednesday,11,3,Spring,0
10023456784,2024-03-27 12:00:00,2024-03-27,12:00:00,1.2125,Wednesday,12,3,Spring,0
10023456784,2024-03-27 13:00:00,2024-03-27,13:00:00,1.4591,Wednesday,13,3,Spring,0
10023456784,2024-03-27 14:00:00,2024-03-27,14:00:00,1.4376,Wednesday,14,3,Spring,0
10023456784,2024-03-27 15:00:00,2024-03-27,15:00:00,1.5253,Wednesday,15,3,Spring,0
10023456784,2024-03-27 16:00:00,2024-03-27,16:00:00,1.5008,Wednesday,16,3,Spring,0
10023456784,2024-03-27 17:00:00,2024-03-27,17:00:00,2.1901,Wednesday,17,3,Spring,0
10023456784,2024-03-27 18:00:00,2024-03-27,18:00:00,2.7724,Wednesday,18,3,Spring,0
10023456784,2024-03-27 19:00:00,2024-03-27,19:00:00,2.9628,Wednesday,19,3,Spring,0
10023456784,2024-03-27 20:00:00,2024-03-27,20:00:00,2.8824,Wednesday,20,3,Spring,0
10023456784,2024-03-27 21:00:00,2024-03-27,21:00:00,2.0691,Wednesday,21,3,Spring,0
10023456784,2024-03-27 22:00:00,2024-03-27,22:00:00,1.8496,Wednesday,22,3,Spring,0
10023456784,2024-03-27 23:00:00,2024-03-27,23:00:00,1.0639,Wednesday,23,3,Spring,0
10023456784,2024-03-28 00:00:00,2024-03-28,00:00:00,0.7233,Thursday,0,3,Spring,0
10023456784,2024-03-28 01:00:00,2024-03-28,01:00:00,0.7429,Thursday,1,3,Spring,0
10023456784,2024-03-28 02:00:00,2024-03-28,02:00:00,0.5936,Thursday,2,3,Spring,0
10023456784,2024-03-28 03:00:00,2024-03-28,03:00:00,0.5208,Thursday,3,3,Spring,0
10023456784,2024-03-28 04:00:00,2024-03-28,04:00:00,0.6620,Thursday,4,3,Spring,0
10023456784,2024-03-28 05:00:00,2024-03-28,05:00:00,1.0975,Thursday,5,3,Spring,0
10023456784,2024-03-28 06:00:00,2024-03-28,06:00:00,1.5256,Thursday,6,3,Spring,0
10023456784,2024-03-28 07:00:00,2024-03-28,07:00:00,2.3782,Thursday,7,3,Spring,0
10023456784,2024-03-28 08:00:00,2024-03-28,08:00:00,2.7151,Thursday,8,3,Spring,0
10023456784,2024-03-28 09:00:00,2024-03-28,09:00:00,2.4693,Thursday,9,3,Spring,0
10023456784,2024-03-28 10:00:00,2024-03-28,10:00:00,1.7625,Thursday,10,3,Spring,0
10023456784,2024-03-28 11:00:00,2024-03-28,11:00:00,1.6044,Thursday,11,3,Spring,0
10023456784,2024-03-28 12:00:00,2024-03-28,12:00:00,1.2910,Thursday,12,3,Spring,0
10023456784,2024-03-28 13:00:00,2024-03-28,13:00:00,1.7574,Thursday,13,3,Spring,0
10023456784,2024-03-28 14:00:00,2024-03-28,14:00:00,1.8289,Thursday,14,3,Spring,0
10023456784,2024-03-28 15:00:00,2024-03-28,15:00:00,1.6538,Thursday,15,3,Spring,0
10023456784,2024-03-28 16:00:00,2024-03-28,16:00:00,2.1167,Thursday,16,3,Spring,0
10023456784,2024-03-28 17:00:00,2024-03-28,17:00:00,3.0584,Thursday,17,3,Spring,0
10023456784,2024-03-28 18:00:00,2024-03-28,18:00:00,2.7696,Thursday,18,3,Spring,0
10023456784,2024-03-28 19:00:00,2024-03-28,19:00:00,3.8564,Thursday,19,3,Spring,0
10023456784,2024-03-28 20:00:00,2024-03-28,20:00:00,4.0344,Thursday,20,3,Spring,0
10023456784,2024-03-28 21:00:00,2024-03-28,21:00:00,3.1172,Thursday,21,3,Spring,0
10023456784,2024-03-28 22:00:00,2024-03-28,22:00:00,2.1713,Thursday,22,3,Spring,0
10023456784,2024-03-28 23:00:00,2024-03-28,23:00:00,1.1758,Thursday,23,3,Spring,0
10023456784,2024-03-29 00:00:00,2024-03-29,00:00:00,0.6574,Friday,0,3,Spring,0
10023456784,2024-03-29 01:00:00,2024-03-29,01:00:00,0.5570,Friday,1,3,Spring,0
10023456784,2024-03-29 02:00:00,2024-03-29,02:00:00,0.5562,Friday,2,3,Spring,0
10023456784,2024-03-29 03:00:00,2024-03-29,03:00:00,0.4879,Friday,3,3,Spring,0
10023456784,2024-03-29 04:00:00,2024-03-29,04:00:00,0.6041,Friday,4,3,Spring,0
10023456784,2024-03-29 05:00:00,2024-03-29,05:00:00,0.7748,Friday,5,3,Spring,0
10023456784,2024-03-29 06:00:00,2024-03-29,06:00:00,1.7998,Friday,6,3,Spring,0
10023456784,2024-03-29 07:00:00,2024-03-29,07:00:00,2.2802,Friday,7,3,Spring,0
10023456784,2024-03-29 08:00:00,2024-03-29,08:00:00,2.4657,Friday,8,3,Spring,0
10023456784,2024-03-29 09:00:00,2024-03-29,09:00:00,1.8577,Friday,9,3,Spring,0
10023456784,2024-03-29 10:00:00,2024-03-29,10:00:00,2.1477,Friday,10,3,Spring,0
10023456784,2024-03-29 11:00:00,2024-03-29,11:00:00,1.4459,Friday,11,3,Spring,0
10023456784,2024-03-29 12:00:00,2024-03-29,12:00:00,1.8863,Friday,12,3,Spring,0
10023456784,2024-03-29 13:00:00,2024-03-29,13:00:00,1.8101,Friday,13,3,Spring,0
10023456784,2024-03-29 14:00:00,2024-03-29,14:00:00,1.7497,Friday,14,3,Spring,0
10023456784,2024-03-29 15:00:00,2024-03-29,15:00:00,1.9292,Friday,15,3,Spring,0
10023456784,2024-03-29 16:00:00,2024-03-29,16:00:00,2.3144,Friday,16,3,Spring,0
10023456784,2024-03-29 17:00:00,2024-03-29,17:00:00,2.9704,Friday,17,3,Spring,0
10023456784,2024-03-29 18:00:00,2024-03-29,18:00:00,3.3230,Friday,18,3,Spring,0
10023456784,2024-03-29 19:00:00,2024-03-29,19:00:00,3.6756,Friday,19,3,Spring,0
10023456784,2024-03-29 20:00:00,2024-03-29,20:00:00,3.2195,Friday,20,3,Spring,0
10023456784,2024-03-29 21:00:00,2024-03-29,21:00:00,2.8600,Friday,21,3,Spring,0
10023456784,2024-03-29 22:00:00,2024-03-29,22:00:00,2.0738,Friday,22,3,Spring,0
10023456784,2024-03-29 23:00:00,2024-03-29,23:00:00,1.2973,Friday,23,3,Spring,0
10023456784,2024-03-30 00:00:00,2024-03-30,00:00:00,0.9673,Saturday,0,3,Spring,0
10023456784,2024-03-30 01:00:00,2024-03-30,01:00:00,0.8776,Saturday,1,3,Spring,0
10023456784,2024-03-30 02:00:00,2024-03-30,02:00:00,0.7494,Saturday,2,3,Spring,0
10023456784,2024-03-30 03:00:00,2024-03-30,03:00:00,0.6469,Saturday,3,3,Spring,0
10023456784,2024-03-30 04:00:00,2024-03-30,04:00:00,0.7568,Saturday,4,3,Spring,0
10023456784,2024-03-30 05:00:00,2024-03-30,05:00:00,1.0051,Saturday,5,3,Spring,0
10023456784,2024-03-30 06:00:00,2024-03-30,06:00:00,1.1661,Saturday,6,3,Spring,0
10023456784,2024-03-30 07:00:00,2024-03-30,07:00:00,1.7073,Saturday,7,3,Spring,0
10023456784,2024-03-30 08:00:00,2024-03-30,08:00:00,2.7695,Saturday,8,3,Spring,0
10023456784,2024-03-30 09:00:00,2024-03-30,09:00:00,2.8471,Saturday,9,3,Spring,0
10023456784,2024-03-30 10:00:00,2024-03-30,10:00:00,3.5065,Saturday,10,3,Spring,0
10023456784,2024-03-30 11:00:00,2024-03-30,11:00:00,2.3166,Saturday,11,3,Spring,0
10023456784,2024-03-30 12:00:00,2024-03-30,12:00:00,2.3702,Saturday,12,3,Spring,0
10023456784,2024-03-30 13:00:00,2024-03-30,13:00:00,2.0879,Saturday,13,3,Spring,0
10023456784,2024-03-30 14:00:00,2024-03-30,14:00:00,2.1214,Saturday,14,3,Spring,0
10023456784,2024-03-30 15:00:00,2024-03-30,15:00:00,2.2060,Saturday,15,3,Spring,0
10023456784,2024-03-30 16:00:00,2024-03-30,16:00:00,2.3702,Saturday,16,3,Spring,0
10023456784,2024-03-30 17:00:00,2024-03-30,17:00:00,2.8696,Saturday,17,3,Spring,0
10023456784,2024-03-30 18:00:00,2024-03-30,18:00:00,4.4465,Saturday,18,3,Spring,0
10023456784,2024-03-30 19:00:00,2024-03-30,19:00:00,3.3668,Saturday,19,3,Spring,0
10023456784,2024-03-30 20:00:00,2024-03-30,20:00:00,3.8503,Saturday,20,3,Spring,0
10023456784,2024-03-30 21:00:00,2024-03-30,21:00:00,3.2239,Saturday,21,3,Spring,0
10023456784,2024-03-30 22:00:00,2024-03-30,22:00:00,2.2682,Saturday,22,3,Spring,0
10023456784,2024-03-30 23:00:00,2024-03-30,23:00:00,1.4684,Saturday,23,3,Spring,0
10023456784,2024-03-31 00:00:00,2024-03-31,00:00:00,0.9397,Sunday,0,3,Spring,0
10023456784,2024-03-31 01:00:00,2024-03-31,01:00:00,0.7189,Sunday,1,3,Spring,0
10023456784,2024-03-31 02:00:00,2024-03-31,02:00:00,0.7488,Sunday,2,3,Spring,0
10023456784,2024-03-31 03:00:00,2024-03-31,03:00:00,0.6435,Sunday,3,3,Spring,0
10023456784,2024-03-31 04:00:00,2024-03-31,04:00:00,0.5758,Sunday,4,3,Spring,0
10023456784,2024-03-31 05:00:00,2024-03-31,05:00:00,0.8234,Sunday,5,3,Spring,0
10023456784,2024-03-31 06:00:00,2024-03-31,06:00:00,1.0459,Sunday,6,3,Spring,0
10023456784,2024-03-31 07:00:00,2024-03-31,07:00:00,1.6178,Sunday,7,3,Spring,0
10023456784,2024-03-31 08:00:00,2024-03-31,08:00:00,2.4209,Sunday,8,3,Spring,0
10023456784,2024-03-31 09:00:00,2024-03-31,09:00:00,2.7304,Sunday,9,3,Spring,0
10023456784,2024-03-31 10:00:00,2024-03-31,10:00:00,2.5764,Sunday,10,3,Spring,0
10023456784,2024-03-31 11:00:00,2024-03-31,11:00:00,1.6979,Sunday,11,3,Spring,0
10023456784,2024-03-31 12:00:00,2024-03-31,12:00:00,2.0098,Sunday,12,3,Spring,0
10023456784,2024-03-31 13:00:00,2024-03-31,13:00:00,1.7213,Sunday,13,3,Spring,0
10023456784,2024-03-31 14:00:00,2024-03-31,14:00:00,1.9911,Sunday,14,3,Spring,0
10023456784,2024-03-31 15:00:00,2024-03-31,15:00:00,2.2305,Sunday,15,3,Spring,0
10023456784,2024-03-31 16:00:00,2024-03-31,16:00:00,2.5618,Sunday,16,3,Spring,0
10023456784,2024-03-31 17:00:00,2024-03-31,17:00:00,2.4725,Sunday,17,3,Spring,0
10023456784,2024-03-31 18:00:00,2024-03-31,18:00:00,3.6323,Sunday,18,3,Spring,0
10023456784,2024-03-31 19:00:00,2024-03-31,19:00:00,3.8681,Sunday,19,3,Spring,0
10023456784,2024-03-31 20:00:00,2024-03-31,20:00:00,3.5199,Sunday,20,3,Spring,0
10023456784,2024-03-31 21:00:00,2024-03-31,21:00:00,3.1993,Sunday,21,3,Spring,0
10023456784,2024-03-31 22:00:00,2024-03-31,22:00:00,2.7061,Sunday,22,3,Spring,0
10023456784,2024-03-31 23:00:00,2024-03-31,23:00:00,1.3713,Sunday,23,3,Spring,0
10023456784,2024-04-01 00:00:00,2024-04-01,00:00:00,0.7332,Monday,0,4,Spring,0
10023456784,2024-04-01 01:00:00,2024-04-01,01:00:00,0.7056,Monday,1,4,Spring,0
10023456784,2024-04-01 02:00:00,2024-04-01,02:00:00,0.4640,Monday,2,4,Spring,0
10023456784,2024-04-01 03:00:00,2024-04-01,03:00:00,0.6050,Monday,3,4,Spring,0
10023456784,2024-04-01 04:00:00,2024-04-01,04:00:00,0.5358,Monday,4,4,Spring,0
10023456784,2024-04-01 05:00:00,2024-04-01,05:00:00,0.8641,Monday,5,4,Spring,0
10023456784,2024-04-01 06:00:00,2024-04-01,06:00:00,1.5108,Monday,6,4,Spring,0
10023456784,2024-04-01 07:00:00,2024-04-01,07:00:00,2.2616,Monday,7,4,Spring,0
10023456784,2024-04-01 08:00:00,2024-04-01,08:00:00,3.0121,Monday,8,4,Spring,0
10023456784,2024-04-01 09:00:00,2024-04-01,09:00:00,2.2551,Monday,9,4,Spring,0
10023456784,2024-04-01 10:00:00,2024-04-01,10:00:00,1.6703,Monday,10,4,Spring,0
10023456784,2024-04-01 11:00:00,2024-04-01,11:00:00,1.6003,Monday,11,4,Spring,0
10023456784,2024-04-01 12:00:00,2024-04-01,12:00:00,1.6810,Monday,12,4,Spring,0
10023456784,2024-04-01 13:00:00,2024-04-01,13:00:00,1.4504,Monday,13,4,Spring,0
10023456784,2024-04-01 14:00:00,2024-04-01,14:00:00,1.6237,Monday,14,4,Spring,0
10023456784,2024-04-01 15:00:00,2024-04-01,15:00:00,1.6187,Monday,15,4,Spring,0
10023456784,2024-04-01 16:00:00,2024-04-01,16:00:00,2.3509,Monday,16,4,Spring,0
10023456784,2024-04-01 17:00:00,2024-04-01,17:00:00,2.5996,Monday,17,4,Spring,0
10023456784,2024-04-01 18:00:00,2024-04-01,18:00:00,3.0357,Monday,18,4,Spring,0
10023456784,2024-04-01 19:00:00,2024-04-01,19:00:00,3.5355,Monday,19,4,Spring,0
10023456784,2024-04-01 20:00:00,2024-04-01,20:00:00,3.5357,Monday,20,4,Spring,0
10023456784,2024-04-01 21:00:00,2024-04-01,21:00:00,2.6412,Monday,21,4,Spring,0
10023456784,2024-04-01 22:00:00,2024-04-01,22:00:00,2.0929,Monday,22,4,Spring,0
10023456784,2024-04-01 23:00:00,2024-04-01,23:00:00,1.1385,Monday,23,4,Spring,0
10023456784,2024-04-02 00:00:00,2024-04-02,00:00:00,0.4929,Tuesday,0,4,Spring,0
10023456784,2024-04-02 01:00:00,2024-04-02,01:00:00,0.5363,Tuesday,1,4,Spring,0
10023456784,2024-04-02 02:00:00,2024-04-02,02:00:00,0.4369,Tuesday,2,4,Spring,0
10023456784,2024-04-02 03:00:00,2024-04-02,03:00:00,0.5074,Tuesday,3,4,Spring,0
10023456784,2024-04-02 04:00:00,2024-04-02,04:00:00,0.6105,Tuesday,4,4,Spring,0
10023456784,2024-04-02 05:00:00,2024-04-02,05:00:00,0.7707,Tuesday,5,4,Spring,0
10023456784,2024-04-02 06:00:00,2024-04-02,06:00:00,1.5377,Tuesday,6,4,Spring,0
10023456784,2024-04-02 07:00:00,2024-04-02,07:00:00,1.8499,Tuesday,7,4,Spring,0
10023456784,2024-04-02 08:00:00,2024-04-02,08:00:00,1.7365,Tuesday,8,4,Spring,0
10023456784,2024-04-02 09:00:00,2024-04-02,09:00:00,1.9955,Tuesday,9,4,Spring,0
10023456784,2024-04-02 10:00:00,2024-04-02,10:00:00,1.4982,Tuesday,10,4,Spring,0
10023456784,2024-04-02 11:00:00,2024-04-02,11:00:00,1.1027,Tuesday,11,4,Spring,0
10023456784,2024-04-02 12:00:00,2024-04-02,12:00:00,1.1922,Tuesday,12,4,Spring,0
10023456784,2024-04-02 13:00:00,2024-04-02,13:00:00,1.1791,Tuesday,13,4,Spring,0
10023456784,2024-04-02 14:00:00,2024-04-02,14:00:00,1.3831,Tuesday,14,4,Spring,0
10023456784,2024-04-02 15:00:00,2024-04-02,15:00:00,1.3572,Tuesday,15,4,Spring,0
10023456784,2024-04-02 16:00:00,2024-04-02,16:00:00,1.1476,Tuesday,16,4,Spring,0
10023456784,2024-04-02 17:00:00,2024-04-02,17:00:00,2.0567,Tuesday,17,4,Spring,0
10023456784,2024-04-02 18:00:00,2024-04-02,18:00:00,2.5056,Tuesday,18,4,Spring,0
10023456784,2024-04-02 19:00:00,2024-04-02,19:00:00,3.1863,Tuesday,19,4,Spring,0
10023456784,2024-04-02 20:00:00,2024-04-02,20:00:00,3.1363,Tuesday,20,4,Spring,0
10023456784,2024-04-02 21:00:00,2024-04-02,21:00:00,0.1884,Tuesday,21,4,Spring,1
10023456784,2024-04-02 22:00:00,2024-04-02,22:00:00,1.6495,Tuesday,22,4,Spring,0
10023456784,2024-04-02 23:00:00,2024-04-02,23:00:00,0.9609,Tuesday,23,4,Spring,0
10023456784,2024-04-03 00:00:00,2024-04-03,00:00:00,0.7622,Wednesday,0,4,Spring,0
10023456784,2024-04-03 01:00:00,2024-04-03,01:00:00,0.7620,Wednesday,1,4,Spring,0
10023456784,2024-04-03 02:00:00,2024-04-03,02:00:00,0.5637,Wednesday,2,4,Spring,0
10023456784,2024-04-03 03:00:00,2024-04-03,03:00:00,0.5812,Wednesday,3,4,Spring,0
10023456784,2024-04-03 04:00:00,2024-04-03,04:00:00,0.5940,Wednesday,4,4,Spring,0
10023456784,2024-04-03 05:00:00,2024-04-03,05:00:00,1.0257,Wednesday,5,4,Spring,0
10023456784,2024-04-03 06:00:00,2024-04-03,06:00:00,1.8161,Wednesday,6,4,Spring,0
10023456784,2024-04-03 07:00:00,2024-04-03,07:00:00,2.2017,Wednesday,7,4,Spring,0
10023456784,2024-04-03 08:00:00,2024-04-03,08:00:00,3.1685,Wednesday,8,4,Spring,0
10023456784,2024-04-03 09:00:00,2024-04-03,09:00:00,2.3897,Wednesday,9,4,Spring,0
10023456784,2024-04-03 10:00:00,2024-04-03,10:00:00,1.8901,Wednesday,10,4,Spring,0
10023456784,2024-04-03 11:00:00,2024-04-03,11:00:00,1.8520,Wednesday,11,4,Spring,0
10023456784,2024-04-03 12:00:00,2024-04-03,12:00:00,1.9131,Wednesday,12,4,Spring,0
10023456784,2024-04-03 13:00:00,2024-04-03,13:00:00,1.4478,Wednesday,13,4,Spring,0
10023456784,2024-04-03 14:00:00,2024-04-03,14:00:00,1.6681,Wednesday,14,4,Spring,0
10023456784,2024-04-03 15:00:00,2024-04-03,15:00:00,2.1398,Wednesday,15,4,Spring,0
10023456784,2024-04-03 16:00:00,2024-04-03,16:00:00,1.8779,Wednesday,16,4,Spring,0
10023456784,2024-04-03 17:00:00,2024-04-03,17:00:00,2.7033,Wednesday,17,4,Spring,0
10023456784,2024-04-03 18:00:00,2024-04-03,18:00:00,2.6755,Wednesday,18,4,Spring,0
10023456784,2024-04-03 19:00:00,2024-04-03,19:00:00,3.1629,Wednesday,19,4,Spring,0
10023456784,2024-04-03 20:00:00,2024-04-03,20:00:00,3.5491,Wednesday,20,4,Spring,0
10023456784,2024-04-03 21:00:00,2024-04-03,21:00:00,3.0499,Wednesday,21,4,Spring,0
10023456784,2024-04-03 22:00:00,2024-04-03,22:00:00,2.0611,Wednesday,22,4,Spring,0
10023456784,2024-04-03 23:00:00,2024-04-03,23:00:00,1.3808,Wednesday,23,4,Spring,0
10023456784,2024-04-04 00:00:00,2024-04-04,00:00:00,0.6128,Thursday,0,4,Spring,0
10023456784,2024-04-04 01:00:00,2024-04-04,01:00:00,0.5892,Thursday,1,4,Spring,0
10023456784,2024-04-04 02:00:00,2024-04-04,02:00:00,0.6068,Thursday,2,4,Spring,0
10023456784,2024-04-04 03:00:00,2024-04-04,03:00:00,0.6037,Thursday,3,4,Spring,0
10023456784,2024-04-04 04:00:00,2024-04-04,04:00:00,0.7339,Thursday,4,4,Spring,0
10023456784,2024-04-04 05:00:00,2024-04-04,05:00:00,1.0308,Thursday,5,4,Spring,0
10023456784,2024-04-04 06:00:00,2024-04-04,06:00:00,1.7031,Thursday,6,4,Spring,0
10023456784,2024-04-04 07:00:00,2024-04-04,07:00:00,2.5566,Thursday,7,4,Spring,0
10023456784,2024-04-04 08:00:00,2024-04-04,08:00:00,2.5191,Thursday,8,4,Spring,0
10023456784,2024-04-04 09:00:00,2024-04-04,09:00:00,2.2157,Thursday,9,4,Spring,0
10023456784,2024-04-04 10:00:00,2024-04-04,10:00:00,1.4559,Thursday,10,4,Spring,0
10023456784,2024-04-04 11:00:00,2024-04-04,11:00:00,1.6618,Thursday,11,4,Spring,0
10023456784,2024-04-04 12:00:00,2024-04-04,12:00:00,1.4599,Thursday,12,4,Spring,0
10023456784,2024-04-04 13:00:00,2024-04-04,13:00:00,1.7245,Thursday,13,4,Spring,0
10023456784,2024-04-04 14:00:00,2024-04-04,14:00:00,4.9839,Thursday,14,4,Spring,1
10023456784,2024-04-04 15:00:00,2024-04-04,15:00:00,5.0961,Thursday,15,4,Spring,1
10023456784,2024-04-04 16:00:00,2024-04-04,16:00:00,6.7011,Thursday,16,4,Spring,1
10023456784,2024-04-04 17:00:00,2024-04-04,17:00:00,7.7054,Thursday,17,4,Spring,1
10023456784,2024-04-04 18:00:00,2024-04-04,18:00:00,8.8228,Thursday,18,4,Spring,1
10023456784,2024-04-04 19:00:00,2024-04-04,19:00:00,3.4838,Thursday,19,4,Spring,0
10023456784,2024-04-04 20:00:00,2024-04-04,20:00:00,3.6887,Thursday,20,4,Spring,0
10023456784,2024-04-04 21:00:00,2024-04-04,21:00:00,3.7620,Thursday,21,4,Spring,0
10023456784,2024-04-04 22:00:00,2024-04-04,22:00:00,2.0105,Thursday,22,4,Spring,0
10023456784,2024-04-04 23:00:00,2024-04-04,23:00:00,1.1714,Thursday,23,4,Spring,0
10023456784,2024-04-05 00:00:00,2024-04-05,00:00:00,0.8776,Friday,0,4,Spring,0
10023456784,2024-04-05 01:00:00,2024-04-05,01:00:00,0.8236,Friday,1,4,Spring,0
10023456784,2024-04-05 02:00:00,2024-04-05,02:00:00,0.7296,Friday,2,4,Spring,0
10023456784,2024-04-05 03:00:00,2024-04-05,03:00:00,0.6703,Friday,3,4,Spring,0
10023456784,2024-04-05 04:00:00,2024-04-05,04:00:00,0.9471,Friday,4,4,Spring,0
10023456784,2024-04-05 05:00:00,2024-04-05,05:00:00,0.9639,Friday,5,4,Spring,0
10023456784,2024-04-05 06:00:00,2024-04-05,06:00:00,1.8782,Friday,6,4,Spring,0
10023456784,2024-04-05 07:00:00,2024-04-05,07:00:00,2.3859,Friday,7,4,Spring,0
10023456784,2024-04-05 08:00:00,2024-04-05,08:00:00,2.8828,Friday,8,4,Spring,0
10023456784,2024-04-05 09:00:00,2024-04-05,09:00:00,2.4581,Friday,9,4,Spring,0
10023456784,2024-04-05 10:00:00,2024-04-05,10:00:00,1.8047,Friday,10,4,Spring,0
10023456784,2024-04-05 11:00:00,2024-04-05,11:00:00,1.9509,Friday,11,4,Spring,0
10023456784,2024-04-05 12:00:00,2024-04-05,12:00:00,1.5509,Friday,12,4,Spring,0
10023456784,2024-04-05 13:00:00,2024-04-05,13:00:00,1.7843,Friday,13,4,Spring,0
10023456784,2024-04-05 14:00:00,2024-04-05,14:00:00,1.3584,Friday,14,4,Spring,0
10023456784,2024-04-05 15:00:00,2024-04-05,15:00:00,1.7727,Friday,15,4,Spring,0
10023456784,2024-04-05 16:00:00,2024-04-05,16:00:00,2.1042,Friday,16,4,Spring,0
10023456784,2024-04-05 17:00:00,2024-04-05,17:00:00,2.6992,Friday,17,4,Spring,0
10023456784,2024-04-05 18:00:00,2024-04-05,18:00:00,3.5994,Friday,18,4,Spring,0
10023456784,2024-04-05 19:00:00,2024-04-05,19:00:00,10.7131,Friday,19,4,Spring,1
10023456784,2024-04-05 20:00:00,2024-04-05,20:00:00,4.7578,Friday,20,4,Spring,0
10023456784,2024-04-05 21:00:00,2024-04-05,21:00:00,3.3630,Friday,21,4,Spring,0
10023456784,2024-04-05 22:00:00,2024-04-05,22:00:00,2.5269,Friday,22,4,Spring,0
10023456784,2024-04-05 23:00:00,2024-04-05,23:00:00,1.6377,Friday,23,4,Spring,0
10023456784,2024-04-06 00:00:00,2024-04-06,00:00:00,0.9570,Saturday,0,4,Spring,0
10023456784,2024-04-06 01:00:00,2024-04-06,01:00:00,0.8452,Saturday,1,4,Spring,0
10023456784,2024-04-06 02:00:00,2024-04-06,02:00:00,0.8611,Saturday,2,4,Spring,0
10023456784,2024-04-06 03:00:00,2024-04-06,03:00:00,0.6556,Saturday,3,4,Spring,0
10023456784,2024-04-06 04:00:00,2024-04-06,04:00:00,0.8517,Saturday,4,4,Spring,0
10023456784,2024-04-06 05:00:00,2024-04-06,05:00:00,1.0672,Saturday,5,4,Spring,0
10023456784,2024-04-06 06:00:00,2024-04-06,06:00:00,1.3573,Saturday,6,4,Spring,0
10023456784,2024-04-06 07:00:00,2024-04-06,07:00:00,2.2459,Saturday,7,4,Spring,0
10023456784,2024-04-06 08:00:00,2024-04-06,08:00:00,2.9219,Saturday,8,4,Spring,0
10023456784,2024-04-06 09:00:00,2024-04-06,09:00:00,3.6771,Saturday,9,4,Spring,0
10023456784,2024-04-06 10:00:00,2024-04-06,10:00:00,3.5212,Saturday,10,4,Spring,0
10023456784,2024-04-06 11:00:00,2024-04-06,11:00:00,2.9260,Saturday,11,4,Spring,0
10023456784,2024-04-06 12:00:00,2024-04-06,12:00:00,2.8725,Saturday,12,4,Spring,0
10023456784,2024-04-06 13:00:00,2024-04-06,13:00:00,2.7392,Saturday,13,4,Spring,0
10023456784,2024-04-06 14:00:00,2024-04-06,14:00:00,2.0524,Saturday,14,4,Spring,0
10023456784,2024-04-06 15:00:00,2024-04-06,15:00:00,2.4365,Saturday,15,4,Spring,0
10023456784,2024-04-06 16:00:00,2024-04-06,16:00:00,2.6353,Saturday,16,4,Spring,0
10023456784,2024-04-06 17:00:00,2024-04-06,17:00:00,4.0677,Saturday,17,4,Spring,0
10023456784,2024-04-06 18:00:00,2024-04-06,18:00:00,4.0595,Saturday,18,4,Spring,0
10023456784,2024-04-06 19:00:00,2024-04-06,19:00:00,4.8440,Saturday,19,4,Spring,0
10023456784,2024-04-06 20:00:00,2024-04-06,20:00:00,3.5269,Saturday,20,4,Spring,0
10023456784,2024-04-06 21:00:00,2024-04-06,21:00:00,4.9020,Saturday,21,4,Spring,0
10023456784,2024-04-06 22:00:00,2024-04-06,22:00:00,2.5563,Saturday,22,4,Spring,0
10023456784,2024-04-06 23:00:00,2024-04-06,23:00:00,2.0558,Saturday,23,4,Spring,0
10023456784,2024-04-07 00:00:00,2024-04-07,00:00:00,0.9483,Sunday,0,4,Spring,0
10023456784,2024-04-07 01:00:00,2024-04-07,01:00:00,0.8687,Sunday,1,4,Spring,0
10023456784,2024-04-07 02:00:00,2024-04-07,02:00:00,0.6562,Sunday,2,4,Spring,0
10023456784,2024-04-07 03:00:00,2024-04-07,03:00:00,0.6285,Sunday,3,4,Spring,0
10023456784,2024-04-07 04:00:00,2024-04-07,04:00:00,0.8560,Sunday,4,4,Spring,0
10023456784,2024-04-07 05:00:00,2024-04-07,05:00:00,0.8679,Sunday,5,4,Spring,0
10023456784,2024-04-07 06:00:00,2024-04-07,06:00:00,1.3769,Sunday,6,4,Spring,0
10023456784,2024-04-07 07:00:00,2024-04-07,07:00:00,2.0795,Sunday,7,4,Spring,0
10023456784,2024-04-07 08:00:00,2024-04-07,08:00:00,3.0907,Sunday,8,4,Spring,0
10023456784,2024-04-07 09:00:00,2024-04-07,09:00:00,2.9864,Sunday,9,4,Spring,0
10023456784,2024-04-07 10:00:00,2024-04-07,10:00:00,3.0080,Sunday,10,4,Spring,0
10023456784,2024-04-07 11:00:00,2024-04-07,11:00:00,2.2900,Sunday,11,4,Spring,0
10023456784,2024-04-07 12:00:00,2024-04-07,12:00:00,2.2524,Sunday,12,4,Spring,0
10023456784,2024-04-07 13:00:00,2024-04-07,13:00:00,2.1301,Sunday,13,4,Spring,0
10023456784,2024-04-07 14:00:00,2024-04-07,14:00:00,1.9848,Sunday,14,4,Spring,0
10023456784,2024-04-07 15:00:00,2024-04-07,15:00:00,2.1185,Sunday,15,4,Spring,0
10023456784,2024-04-07 16:00:00,2024-04-07,16:00:00,0.2503,Sunday,16,4,Spring,1
10023456784,2024-04-07 17:00:00,2024-04-07,17:00:00,3.0582,Sunday,17,4,Spring,0
10023456784,2024-04-07 18:00:00,2024-04-07,18:00:00,3.4097,Sunday,18,4,Spring,0
10023456784,2024-04-07 19:00:00,2024-04-07,19:00:00,4.3028,Sunday,19,4,Spring,0
10023456784,2024-04-07 20:00:00,2024-04-07,20:00:00,4.2390,Sunday,20,4,Spring,0
10023456784,2024-04-07 21:00:00,2024-04-07,21:00:00,3.4244,Sunday,21,4,Spring,0
10023456784,2024-04-07 22:00:00,2024-04-07,22:00:00,2.8887,Sunday,22,4,Spring,0
10023456784,2024-04-07 23:00:00,2024-04-07,23:00:00,1.7629,Sunday,23,4,Spring,0
10023456784,2024-04-08 00:00:00,2024-04-08,00:00:00,0.7664,Monday,0,4,Spring,0
10023456784,2024-04-08 01:00:00,2024-04-08,01:00:00,0.5448,Monday,1,4,Spring,0
10023456784,2024-04-08 02:00:00,2024-04-08,02:00:00,0.5535,Monday,2,4,Spring,0
10023456784,2024-04-08 03:00:00,2024-04-08,03:00:00,0.6315,Monday,3,4,Spring,0
10023456784,2024-04-08 04:00:00,2024-04-08,04:00:00,0.7087,Monday,4,4,Spring,0
10023456784,2024-04-08 05:00:00,2024-04-08,05:00:00,1.0288,Monday,5,4,Spring,0
10023456784,2024-04-08 06:00:00,2024-04-08,06:00:00,1.4534,Monday,6,4,Spring,0
10023456784,2024-04-08 07:00:00,2024-04-08,07:00:00,2.0256,Monday,7,4,Spring,0
10023456784,2024-04-08 08:00:00,2024-04-08,08:00:00,3.2108,Monday,8,4,Spring,0
10023456784,2024-04-08 09:00:00,2024-04-08,09:00:00,2.2521,Monday,9,4,Spring,0
10023456784,2024-04-08 10:00:00,2024-04-08,10:00:00,1.7446,Monday,10,4,Spring,0
10023456784,2024-04-08 11:00:00,2024-04-08,11:00:00,1.7830,Monday,11,4,Spring,0
10023456784,2024-04-08 12:00:00,2024-04-08,12:00:00,1.6069,Monday,12,4,Spring,0
10023456784,2024-04-08 13:00:00,2024-04-08,13:00:00,1.5408,Monday,13,4,Spring,0
10023456784,2024-04-08 14:00:00,2024-04-08,14:00:00,1.5269,Monday,14,4,Spring,0
10023456784,2024-04-08 15:00:00,2024-04-08,15:00:00,1.9749,Monday,15,4,Spring,0
10023456784,2024-04-08 16:00:00,2024-04-08,16:00:00,2.3854,Monday,16,4,Spring,0
10023456784,2024-04-08 17:00:00,2024-04-08,17:00:00,2.4270,Monday,17,4,Spring,0
10023456784,2024-04-08 18:00:00,2024-04-08,18:00:00,0.3393,Monday,18,4,Spring,1
10023456784,2024-04-08 19:00:00,2024-04-08,19:00:00,0.2728,Monday,19,4,Spring,1
10023456784,2024-04-08 20:00:00,2024-04-08,20:00:00,3.7572,Monday,20,4,Spring,0
10023456784,2024-04-08 21:00:00,2024-04-08,21:00:00,3.3979,Monday,21,4,Spring,0
10023456784,2024-04-08 22:00:00,2024-04-08,22:00:00,2.1675,Monday,22,4,Spring,0
10023456784,2024-04-08 23:00:00,2024-04-08,23:00:00,1.4473,Monday,23,4,Spring,0
10023456784,2024-04-09 00:00:00,2024-04-09,00:00:00,0.5568,Tuesday,0,4,Spring,0
10023456784,2024-04-09 01:00:00,2024-04-09,01:00:00,0.4872,Tuesday,1,4,Spring,0
10023456784,2024-04-09 02:00:00,2024-04-09,02:00:00,0.5384,Tuesday,2,4,Spring,0
10023456784,2024-04-09 03:00:00,2024-04-09,03:00:00,0.4851,Tuesday,3,4,Spring,0
10023456784,2024-04-09 04:00:00,2024-04-09,04:00:00,0.4268,Tuesday,4,4,Spring,0
10023456784,2024-04-09 05:00:00,2024-04-09,05:00:00,2.6005,Tuesday,5,4,Spring,1
10023456784,2024-04-09 06:00:00,2024-04-09,06:00:00,1.5499,Tuesday,6,4,Spring,0
10023456784,2024-04-09 07:00:00,2024-04-09,07:00:00,2.3786,Tuesday,7,4,Spring,0
10023456784,2024-04-09 08:00:00,2024-04-09,08:00:00,2.0979,Tuesday,8,4,Spring,0
10023456784,2024-04-09 09:00:00,2024-04-09,09:00:00,1.9795,Tuesday,9,4,Spring,0
10023456784,2024-04-09 10:00:00,2024-04-09,10:00:00,1.4666,Tuesday,10,4,Spring,0
10023456784,2024-04-09 11:00:00,2024-04-09,11:00:00,1.2576,Tuesday,11,4,Spring,0
10023456784,2024-04-09 12:00:00,2024-04-09,12:00:00,1.4305,Tuesday,12,4,Spring,0
10023456784,2024-04-09 13:00:00,2024-04-09,13:00:00,1.1358,Tuesday,13,4,Spring,0
10023456784,2024-04-09 14:00:00,2024-04-09,14:00:00,1.2436,Tuesday,14,4,Spring,0
10023456784,2024-04-09 15:00:00,2024-04-09,15:00:00,1.4943,Tuesday,15,4,Spring,0
10023456784,2024-04-09 16:00:00,2024-04-09,16:00:00,1.6815,Tuesday,16,4,Spring,0
10023456784,2024-04-09 17:00:00,2024-04-09,17:00:00,2.1810,Tuesday,17,4,Spring,0
10023456784,2024-04-09 18:00:00,2024-04-09,18:00:00,3.1381,Tuesday,18,4,Spring,0
10023456784,2024-04-09 19:00:00,2024-04-09,19:00:00,2.9116,Tuesday,19,4,Spring,0
10023456784,2024-04-09 20:00:00,2024-04-09,20:00:00,3.4235,Tuesday,20,4,Spring,0
10023456784,2024-04-09 21:00:00,2024-04-09,21:00:00,1.9428,Tuesday,21,4,Spring,0
10023456784,2024-04-09 22:00:00,2024-04-09,22:00:00,2.0312,Tuesday,22,4,Spring,0
10023456784,2024-04-09 23:00:00,2024-04-09,23:00:00,1.0344,Tuesday,23,4,Spring,0
10023456784,2024-04-10 00:00:00,2024-04-10,00:00:00,0.8112,Wednesday,0,4,Spring,0
10023456784,2024-04-10 01:00:00,2024-04-10,01:00:00,0.6081,Wednesday,1,4,Spring,0
10023456784,2024-04-10 02:00:00,2024-04-10,02:00:00,0.5218,Wednesday,2,4,Spring,0
10023456784,2024-04-10 03:00:00,2024-04-10,03:00:00,0.5292,Wednesday,3,4,Spring,0
10023456784,2024-04-10 04:00:00,2024-04-10,04:00:00,0.6421,Wednesday,4,4,Spring,0
10023456784,2024-04-10 05:00:00,2024-04-10,05:00:00,0.8349,Wednesday,5,4,Spring,0
10023456784,2024-04-10 06:00:00,2024-04-10,06:00:00,1.7778,Wednesday,6,4,Spring,0
10023456784,2024-04-10 07:00:00,2024-04-10,07:00:00,2.1461,Wednesday,7,4,Spring,0
10023456784,2024-04-10 08:00:00,2024-04-10,08:00:00,2.6817,Wednesday,8,4,Spring,0
10023456784,2024-04-10 09:00:00,2024-04-10,09:00:00,2.2347,Wednesday,9,4,Spring,0
10023456784,2024-04-10 10:00:00,2024-04-10,10:00:00,1.9559,Wednesday,10,4,Spring,0
10023456784,2024-04-10 11:00:00,2024-04-10,11:00:00,1.5536,Wednesday,11,4,Spring,0
10023456784,2024-04-10 12:00:00,2024-04-10,12:00:00,1.4956,Wednesday,12,4,Spring,0
10023456784,2024-04-10 13:00:00,2024-04-10,13:00:00,1.4501,Wednesday,13,4,Spring,0
10023456784,2024-04-10 14:00:00,2024-04-10,14:00:00,1.6921,Wednesday,14,4,Spring,0
10023456784,2024-04-10 15:00:00,2024-04-10,15:00:00,1.5609,Wednesday,15,4,Spring,0
10023456784,2024-04-10 16:00:00,2024-04-10,16:00:00,2.1232,Wednesday,16,4,Spring,0
10023456784,2024-04-10 17:00:00,2024-04-10,17:00:00,2.8747,Wednesday,17,4,Spring,0
10023456784,2024-04-10 18:00:00,2024-04-10,18:00:00,3.6590,Wednesday,18,4,Spring,0
10023456784,2024-04-10 19:00:00,2024-04-10,19:00:00,3.9915,Wednesday,19,4,Spring,0
10023456784,2024-04-10 20:00:00,2024-04-10,20:00:00,3.8373,Wednesday,20,4,Spring,0
10023456784,2024-04-10 21:00:00,2024-04-10,21:00:00,3.3956,Wednesday,21,4,Spring,0
10023456784,2024-04-10 22:00:00,2024-04-10,22:00:00,1.8207,Wednesday,22,4,Spring,0
10023456784,2024-04-10 23:00:00,2024-04-10,23:00:00,1.3699,Wednesday,23,4,Spring,0
10023456784,2024-04-11 00:00:00,2024-04-11,00:00:00,0.6776,Thursday,0,4,Spring,0
10023456784,2024-04-11 01:00:00,2024-04-11,01:00:00,0.6943,Thursday,1,4,Spring,0
10023456784,2024-04-11 02:00:00,2024-04-11,02:00:00,0.5948,Thursday,2,4,Spring,0
10023456784,2024-04-11 03:00:00,2024-04-11,03:00:00,0.6503,Thursday,3,4,Spring,0
10023456784,2024-04-11 04:00:00,2024-04-11,04:00:00,0.6871,Thursday,4,4,Spring,0
10023456784,2024-04-11 05:00:00,2024-04-11,05:00:00,0.8665,Thursday,5,4,Spring,0
10023456784,2024-04-11 06:00:00,2024-04-11,06:00:00,1.7581,Thursday,6,4,Spring,0
10023456784,2024-04-11 07:00:00,2024-04-11,07:00:00,2.7324,Thursday,7,4,Spring,0
10023456784,2024-04-11 08:00:00,2024-04-11,08:00:00,2.7269,Thursday,8,4,Spring,0
10023456784,2024-04-11 09:00:00,2024-04-11,09:00:00,2.3912,Thursday,9,4,Spring,0
10023456784,2024-04-11 10:00:00,2024-04-11,10:00:00,1.7065,Thursday,10,4,Spring,0
10023456784,2024-04-11 11:00:00,2024-04-11,11:00:00,1.6815,Thursday,11,4,Spring,0
10023456784,2024-04-11 12:00:00,2024-04-11,12:00:00,1.7690,Thursday,12,4,Spring,0
10023456784,2024-04-11 13:00:00,2024-04-11,13:00:00,1.9373,Thursday,13,4,Spring,0
10023456784,2024-04-11 14:00:00,2024-04-11,14:00:00,1.6338,Thursday,14,4,Spring,0
10023456784,2024-04-11 15:00:00,2024-04-11,15:00:00,1.8761,Thursday,15,4,Spring,0
10023456784,2024-04-11 16:00:00,2024-04-11,16:00:00,1.9246,Thursday,16,4,Spring,0
10023456784,2024-04-11 17:00:00,2024-04-11,17:00:00,2.5606,Thursday,17,4,Spring,0
10023456784,2024-04-11 18:00:00,2024-04-11,18:00:00,0.4873,Thursday,18,4,Spring,1
10023456784,2024-04-11 19:00:00,2024-04-11,19:00:00,3.8311,Thursday,19,4,Spring,0
10023456784,2024-04-11 20:00:00,2024-04-11,20:00:00,3.8394,Thursday,20,4,Spring,0
10023456784,2024-04-11 21:00:00,2024-04-11,21:00:00,2.9178,Thursday,21,4,Spring,0
10023456784,2024-04-11 22:00:00,2024-04-11,22:00:00,2.3112,Thursday,22,4,Spring,0
10023456784,2024-04-11 23:00:00,2024-04-11,23:00:00,1.4497,Thursday,23,4,Spring,0
10023456784,2024-04-12 00:00:00,2024-04-12,00:00:00,0.8900,Friday,0,4,Spring,0
10023456784,2024-04-12 01:00:00,2024-04-12,01:00:00,0.6463,Friday,1,4,Spring,0
10023456784,2024-04-12 02:00:00,2024-04-12,02:00:00,0.7278,Friday,2,4,Spring,0
10023456784,2024-04-12 03:00:00,2024-04-12,03:00:00,0.7851,Friday,3,4,Spring,0
10023456784,2024-04-12 04:00:00,2024-04-12,04:00:00,0.9116,Friday,4,4,Spring,0
10023456784,2024-04-12 05:00:00,2024-04-12,05:00:00,0.9634,Friday,5,4,Spring,0
10023456784,2024-04-12 06:00:00,2024-04-12,06:00:00,1.6702,Friday,6,4,Spring,0
10023456784,2024-04-12 07:00:00,2024-04-12,07:00:00,2.4383,Friday,7,4,Spring,0
10023456784,2024-04-12 08:00:00,2024-04-12,08:00:00,3.0989,Friday,8,4,Spring,0
10023456784,2024-04-12 09:00:00,2024-04-12,09:00:00,2.9314,Friday,9,4,Spring,0
10023456784,2024-04-12 10:00:00,2024-04-12,10:00:00,2.5393,Friday,10,4,Spring,0
10023456784,2024-04-12 11:00:00,2024-04-12,11:00:00,1.8024,Friday,11,4,Spring,0
10023456784,2024-04-12 12:00:00,2024-04-12,12:00:00,2.1131,Friday,12,4,Spring,0
10023456784,2024-04-12 13:00:00,2024-04-12,13:00:00,1.9341,Friday,13,4,Spring,0
10023456784,2024-04-12 14:00:00,2024-04-12,14:00:00,1.5825,Friday,14,4,Spring,0
10023456784,2024-04-12 15:00:00,2024-04-12,15:00:00,2.1160,Friday,15,4,Spring,0
10023456784,2024-04-12 16:00:00,2024-04-12,16:00:00,2.0137,Friday,16,4,Spring,0
10023456784,2024-04-12 17:00:00,2024-04-12,17:00:00,3.2436,Friday,17,4,Spring,0
10023456784,2024-04-12 18:00:00,2024-04-12,18:00:00,4.5542,Friday,18,4,Spring,0
10023456784,2024-04-12 19:00:00,2024-04-12,19:00:00,3.7439,Friday,19,4,Spring,0
10023456784,2024-04-12 20:00:00,2024-04-12,20:00:00,4.1167,Friday,20,4,Spring,0
10023456784,2024-04-12 21:00:00,2024-04-12,21:00:00,2.7912,Friday,21,4,Spring,0
10023456784,2024-04-12 22:00:00,2024-04-12,22:00:00,2.7490,Friday,22,4,Spring,0
10023456784,2024-04-12 23:00:00,2024-04-12,23:00:00,1.6664,Friday,23,4,Spring,0
10023456784,2024-04-13 00:00:00,2024-04-13,00:00:00,1.0677,Saturday,0,4,Spring,0
10023456784,2024-04-13 01:00:00,2024-04-13,01:00:00,0.8321,Saturday,1,4,Spring,0
10023456784,2024-04-13 02:00:00,2024-04-13,02:00:00,0.7825,Saturday,2,4,Spring,0
10023456784,2024-04-13 03:00:00,2024-04-13,03:00:00,0.6771,Saturday,3,4,Spring,0
10023456784,2024-04-13 04:00:00,2024-04-13,04:00:00,1.0499,Saturday,4,4,Spring,0
10023456784,2024-04-13 05:00:00,2024-04-13,05:00:00,0.9551,Saturday,5,4,Spring,0
10023456784,2024-04-13 06:00:00,2024-04-13,06:00:00,1.4592,Saturday,6,4,Spring,0
10023456784,2024-04-13 07:00:00,2024-04-13,07:00:00,2.3526,Saturday,7,4,Spring,0
10023456784,2024-04-13 08:00:00,2024-04-13,08:00:00,3.3547,Saturday,8,4,Spring,0
10023456784,2024-04-13 09:00:00,2024-04-13,09:00:00,3.4790,Saturday,9,4,Spring,0
10023456784,2024-04-13 10:00:00,2024-04-13,10:00:00,3.0511,Saturday,10,4,Spring,0
10023456784,2024-04-13 11:00:00,2024-04-13,11:00:00,2.5707,Saturday,11,4,Spring,0
10023456784,2024-04-13 12:00:00,2024-04-13,12:00:00,2.7913,Saturday,12,4,Spring,0
10023456784,2024-04-13 13:00:00,2024-04-13,13:00:00,2.7404,Saturday,13,4,Spring,0
10023456784,2024-04-13 14:00:00,2024-04-13,14:00:00,2.4518,Saturday,14,4,Spring,0
10023456784,2024-04-13 15:00:00,2024-04-13,15:00:00,2.2613,Saturday,15,4,Spring,0
10023456784,2024-04-13 16:00:00,2024-04-13,16:00:00,0.1540,Saturday,16,4,Spring,1
10023456784,2024-04-13 17:00:00,2024-04-13,17:00:00,3.0298,Saturday,17,4,Spring,0
10023456784,2024-04-13 18:00:00,2024-04-13,18:00:00,3.8664,Saturday,18,4,Spring,0
10023456784,2024-04-13 19:00:00,2024-04-13,19:00:00,4.0291,Saturday,19,4,Spring,0
10023456784,2024-04-13 20:00:00,2024-04-13,20:00:00,4.2731,Saturday,20,4,Spring,0
10023456784,2024-04-13 21:00:00,2024-04-13,21:00:00,3.5738,Saturday,21,4,Spring,0
10023456784,2024-04-13 22:00:00,2024-04-13,22:00:00,3.0253,Saturday,22,4,Spring,0
10023456784,2024-04-13 23:00:00,2024-04-13,23:00:00,2.0751,Saturday,23,4,Spring,0
10023456784,2024-04-14 00:00:00,2024-04-14,00:00:00,1.1978,Sunday,0,4,Spring,0
10023456784,2024-04-14 01:00:00,2024-04-14,01:00:00,0.8385,Sunday,1,4,Spring,0
10023456784,2024-04-14 02:00:00,2024-04-14,02:00:00,0.7594,Sunday,2,4,Spring,0
10023456784,2024-04-14 03:00:00,2024-04-14,03:00:00,0.9212,Sunday,3,4,Spring,0
10023456784,2024-04-14 04:00:00,2024-04-14,04:00:00,0.9432,Sunday,4,4,Spring,0
10023456784,2024-04-14 05:00:00,2024-04-14,05:00:00,1.2572,Sunday,5,4,Spring,0
10023456784,2024-04-14 06:00:00,2024-04-14,06:00:00,1.7806,Sunday,6,4,Spring,0
10023456784,2024-04-14 07:00:00,2024-04-14,07:00:00,2.1120,Sunday,7,4,Spring,0
10023456784,2024-04-14 08:00:00,2024-04-14,08:00:00,3.4761,Sunday,8,4,Spring,0
10023456784,2024-04-14 09:00:00,2024-04-14,09:00:00,3.4570,Sunday,9,4,Spring,0
10023456784,2024-04-14 10:00:00,2024-04-14,10:00:00,3.9874,Sunday,10,4,Spring,0
10023456784,2024-04-14 11:00:00,2024-04-14,11:00:00,3.1211,Sunday,11,4,Spring,0
10023456784,2024-04-14 12:00:00,2024-04-14,12:00:00,2.7582,Sunday,12,4,Spring,0
10023456784,2024-04-14 13:00:00,2024-04-14,13:00:00,2.9660,Sunday,13,4,Spring,0
10023456784,2024-04-14 14:00:00,2024-04-14,14:00:00,2.7358,Sunday,14,4,Spring,0
10023456784,2024-04-14 15:00:00,2024-04-14,15:00:00,2.9363,Sunday,15,4,Spring,0
10023456784,2024-04-14 16:00:00,2024-04-14,16:00:00,2.5274,Sunday,16,4,Spring,0
10023456784,2024-04-14 17:00:00,2024-04-14,17:00:00,3.2930,Sunday,17,4,Spring,0
10023456784,2024-04-14 18:00:00,2024-04-14,18:00:00,3.5359,Sunday,18,4,Spring,0
10023456784,2024-04-14 19:00:00,2024-04-14,19:00:00,4.8898,Sunday,19,4,Spring,0
10023456784,2024-04-14 20:00:00,2024-04-14,20:00:00,4.6558,Sunday,20,4,Spring,0
10023456784,2024-04-14 21:00:00,2024-04-14,21:00:00,3.8428,Sunday,21,4,Spring,0
10023456784,2024-04-14 22:00:00,2024-04-14,22:00:00,3.9045,Sunday,22,4,Spring,0
10023456784,2024-04-14 23:00:00,2024-04-14,23:00:00,2.1338,Sunday,23,4,Spring,0
10023456784,2024-04-15 00:00:00,2024-04-15,00:00:00,0.7909,Monday,0,4,Spring,0
10023456784,2024-04-15 01:00:00,2024-04-15,01:00:00,0.6035,Monday,1,4,Spring,0
10023456784,2024-04-15 02:00:00,2024-04-15,02:00:00,0.6068,Monday,2,4,Spring,0
10023456784,2024-04-15 03:00:00,2024-04-15,03:00:00,0.5132,Monday,3,4,Spring,0
10023456784,2024-04-15 04:00:00,2024-04-15,04:00:00,0.6453,Monday,4,4,Spring,0
10023456784,2024-04-15 05:00:00,2024-04-15,05:00:00,0.9885,Monday,5,4,Spring,0
10023456784,2024-04-15 06:00:00,2024-04-15,06:00:00,2.0651,Monday,6,4,Spring,0
10023456784,2024-04-15 07:00:00,2024-04-15,07:00:00,3.0889,Monday,7,4,Spring,0
10023456784,2024-04-15 08:00:00,2024-04-15,08:00:00,2.9002,Monday,8,4,Spring,0
10023456784,2024-04-15 09:00:00,2024-04-15,09:00:00,2.7401,Monday,9,4,Spring,0
10023456784,2024-04-15 10:00:00,2024-04-15,10:00:00,1.7232,Monday,10,4,Spring,0
10023456784,2024-04-15 11:00:00,2024-04-15,11:00:00,1.7208,Monday,11,4,Spring,0
10023456784,2024-04-15 12:00:00,2024-04-15,12:00:00,1.7531,Monday,12,4,Spring,0
10023456784,2024-04-15 13:00:00,2024-04-15,13:00:00,1.8003,Monday,13,4,Spring,0
10023456784,2024-04-15 14:00:00,2024-04-15,14:00:00,1.8497,Monday,14,4,Spring,0
10023456784,2024-04-15 15:00:00,2024-04-15,15:00:00,1.8537,Monday,15,4,Spring,0
10023456784,2024-04-15 16:00:00,2024-04-15,16:00:00,2.0361,Monday,16,4,Spring,0
10023456784,2024-04-15 17:00:00,2024-04-15,17:00:00,2.9417,Monday,17,4,Spring,0
10023456784,2024-04-15 18:00:00,2024-04-15,18:00:00,3.3571,Monday,18,4,Spring,0
10023456784,2024-04-15 19:00:00,2024-04-15,19:00:00,4.7360,Monday,19,4,Spring,0
10023456784,2024-04-15 20:00:00,2024-04-15,20:00:00,4.4542,Monday,20,4,Spring,0
10023456784,2024-04-15 21:00:00,2024-04-15,21:00:00,3.5790,Monday,21,4,Spring,0
10023456784,2024-04-15 22:00:00,2024-04-15,22:00:00,2.8300,Monday,22,4,Spring,0
10023456784,2024-04-15 23:00:00,2024-04-15,23:00:00,1.5012,Monday,23,4,Spring,0
10023456784,2024-04-16 00:00:00,2024-04-16,00:00:00,0.9655,Tuesday,0,4,Spring,0
10023456784,2024-04-16 01:00:00,2024-04-16,01:00:00,0.6352,Tuesday,1,4,Spring,0
10023456784,2024-04-16 02:00:00,2024-04-16,02:00:00,0.5977,Tuesday,2,4,Spring,0
10023456784,2024-04-16 03:00:00,2024-04-16,03:00:00,0.6761,Tuesday,3,4,Spring,0
10023456784,2024-04-16 04:00:00,2024-04-16,04:00:00,0.9007,Tuesday,4,4,Spring,0
10023456784,2024-04-16 05:00:00,2024-04-16,05:00:00,1.2123,Tuesday,5,4,Spring,0
10023456784,2024-04-16 06:00:00,2024-04-16,06:00:00,2.2017,Tuesday,6,4,Spring,0
10023456784,2024-04-16 07:00:00,2024-04-16,07:00:00,2.8839,Tuesday,7,4,Spring,0
10023456784,2024-04-16 08:00:00,2024-04-16,08:00:00,2.7794,Tuesday,8,4,Spring,0
10023456784,2024-04-16 09:00:00,2024-04-16,09:00:00,2.8700,Tuesday,9,4,Spring,0
10023456784,2024-04-16 10:00:00,2024-04-16,10:00:00,2.1375,Tuesday,10,4,Spring,0
10023456784,2024-04-16 11:00:00,2024-04-16,11:00:00,1.5865,Tuesday,11,4,Spring,0
10023456784,2024-04-16 12:00:00,2024-04-16,12:00:00,1.8328,Tuesday,12,4,Spring,0
10023456784,2024-04-16 13:00:00,2024-04-16,13:00:00,2.2157,Tuesday,13,4,Spring,0
10023456784,2024-04-16 14:00:00,2024-04-16,14:00:00,2.0281,Tuesday,14,4,Spring,0
10023456784,2024-04-16 15:00:00,2024-04-16,15:00:00,1.9928,Tuesday,15,4,Spring,0
10023456784,2024-04-16 16:00:00,2024-04-16,16:00:00,2.3762,Tuesday,16,4,Spring,0
10023456784,2024-04-16 17:00:00,2024-04-16,17:00:00,3.1743,Tuesday,17,4,Spring,0
10023456784,2024-04-16 18:00:00,2024-04-16,18:00:00,4.0327,Tuesday,18,4,Spring,0
10023456784,2024-04-16 19:00:00,2024-04-16,19:00:00,4.2397,Tuesday,19,4,Spring,0
10023456784,2024-04-16 20:00:00,2024-04-16,20:00:00,4.3358,Tuesday,20,4,Spring,0
10023456784,2024-04-16 21:00:00,2024-04-16,21:00:00,3.6273,Tuesday,21,4,Spring,0
10023456784,2024-04-16 22:00:00,2024-04-16,22:00:00,2.6060,Tuesday,22,4,Spring,0
10023456784,2024-04-16 23:00:00,2024-04-16,23:00:00,1.5242,Tuesday,23,4,Spring,0
10023456784,2024-04-17 00:00:00,2024-04-17,00:00:00,0.6830,Wednesday,0,4,Spring,0
10023456784,2024-04-17 01:00:00,2024-04-17,01:00:00,0.7072,Wednesday,1,4,Spring,0
10023456784,2024-04-17 02:00:00,2024-04-17,02:00:00,0.6429,Wednesday,2,4,Spring,0
10023456784,2024-04-17 03:00:00,2024-04-17,03:00:00,0.5756,Wednesday,3,4,Spring,0
10023456784,2024-04-17 04:00:00,2024-04-17,04:00:00,0.6899,Wednesday,4,4,Spring,0
10023456784,2024-04-17 05:00:00,2024-04-17,05:00:00,1.0489,Wednesday,5,4,Spring,0
10023456784,2024-04-17 06:00:00,2024-04-17,06:00:00,1.8677,Wednesday,6,4,Spring,0
10023456784,2024-04-17 07:00:00,2024-04-17,07:00:00,2.4430,Wednesday,7,4,Spring,0
10023456784,2024-04-17 08:00:00,2024-04-17,08:00:00,2.4008,Wednesday,8,4,Spring,0
10023456784,2024-04-17 09:00:00,2024-04-17,09:00:00,2.4015,Wednesday,9,4,Spring,0
10023456784,2024-04-17 10:00:00,2024-04-17,10:00:00,1.8361,Wednesday,10,4,Spring,0
10023456784,2024-04-17 11:00:00,2024-04-17,11:00:00,2.0878,Wednesday,11,4,Spring,0
10023456784,2024-04-17 12:00:00,2024-04-17,12:00:00,1.8783,Wednesday,12,4,Spring,0
10023456784,2024-04-17 13:00:00,2024-04-17,13:00:00,2.1210,Wednesday,13,4,Spring,0
10023456784,2024-04-17 14:00:00,2024-04-17,14:00:00,1.7979,Wednesday,14,4,Spring,0
10023456784,2024-04-17 15:00:00,2024-04-17,15:00:00,1.6651,Wednesday,15,4,Spring,0
10023456784,2024-04-17 16:00:00,2024-04-17,16:00:00,1.9755,Wednesday,16,4,Spring,0
10023456784,2024-04-17 17:00:00,2024-04-17,17:00:00,2.9847,Wednesday,17,4,Spring,0
10023456784,2024-04-17 18:00:00,2024-04-17,18:00:00,3.8015,Wednesday,18,4,Spring,0
10023456784,2024-04-17 19:00:00,2024-04-17,19:00:00,4.6506,Wednesday,19,4,Spring,0
10023456784,2024-04-17 20:00:00,2024-04-17,20:00:00,3.5053,Wednesday,20,4,Spring,0
10023456784,2024-04-17 21:00:00,2024-04-17,21:00:00,2.8104,Wednesday,21,4,Spring,0
10023456784,2024-04-17 22:00:00,2024-04-17,22:00:00,2.8070,Wednesday,22,4,Spring,0
10023456784,2024-04-17 23:00:00,2024-04-17,23:00:00,1.5135,Wednesday,23,4,Spring,0
10023456784,2024-04-18 00:00:00,2024-04-18,00:00:00,0.6391,Thursday,0,4,Spring,0
10023456784,2024-04-18 01:00:00,2024-04-18,01:00:00,0.7421,Thursday,1,4,Spring,0
10023456784,2024-04-18 02:00:00,2024-04-18,02:00:00,0.6375,Thursday,2,4,Spring,0
10023456784,2024-04-18 03:00:00,2024-04-18,03:00:00,0.5719,Thursday,3,4,Spring,0
10023456784,2024-04-18 04:00:00,2024-04-18,04:00:00,0.7185,Thursday,4,4,Spring,0
10023456784,2024-04-18 05:00:00,2024-04-18,05:00:00,0.9869,Thursday,5,4,Spring,0
10023456784,2024-04-18 06:00:00,2024-04-18,06:00:00,1.8352,Thursday,6,4,Spring,0
10023456784,2024-04-18 07:00:00,2024-04-18,07:00:00,2.3090,Thursday,7,4,Spring,0
10023456784,2024-04-18 08:00:00,2024-04-18,08:00:00,2.9285,Thursday,8,4,Spring,0
10023456784,2024-04-18 09:00:00,2024-04-18,09:00:00,2.2599,Thursday,9,4,Spring,0
10023456784,2024-04-18 10:00:00,2024-04-18,10:00:00,1.3949,Thursday,10,4,Spring,0
10023456784,2024-04-18 11:00:00,2024-04-18,11:00:00,1.7555,Thursday,11,4,Spring,0
10023456784,2024-04-18 12:00:00,2024-04-18,12:00:00,1.4272,Thursday,12,4,Spring,0
10023456784,2024-04-18 13:00:00,2024-04-18,13:00:00,1.4094,Thursday,13,4,Spring,0
10023456784,2024-04-18 14:00:00,2024-04-18,14:00:00,1.8738,Thursday,14,4,Spring,0
10023456784,2024-04-18 15:00:00,2024-04-18,15:00:00,2.2941,Thursday,15,4,Spring,0
10023456784,2024-04-18 16:00:00,2024-04-18,16:00:00,1.7884,Thursday,16,4,Spring,0
10023456784,2024-04-18 17:00:00,2024-04-18,17:00:00,2.4192,Thursday,17,4,Spring,0
10023456784,2024-04-18 18:00:00,2024-04-18,18:00:00,3.1471,Thursday,18,4,Spring,0
10023456784,2024-04-18 19:00:00,2024-04-18,19:00:00,3.4116,Thursday,19,4,Spring,0
10023456784,2024-04-18 20:00:00,2024-04-18,20:00:00,3.4361,Thursday,20,4,Spring,0
10023456784,2024-04-18 21:00:00,2024-04-18,21:00:00,3.4208,Thursday,21,4,Spring,0
10023456784,2024-04-18 22:00:00,2024-04-18,22:00:00,2.1917,Thursday,22,4,Spring,0
10023456784,2024-04-18 23:00:00,2024-04-18,23:00:00,1.3342,Thursday,23,4,Spring,0
10023456784,2024-04-19 00:00:00,2024-04-19,00:00:00,0.8386,Friday,0,4,Spring,0
10023456784,2024-04-19 01:00:00,2024-04-19,01:00:00,0.6289,Friday,1,4,Spring,0
10023456784,2024-04-19 02:00:00,2024-04-19,02:00:00,0.5689,Friday,2,4,Spring,0
10023456784,2024-04-19 03:00:00,2024-04-19,03:00:00,0.6025,Friday,3,4,Spring,0
10023456784,2024-04-19 04:00:00,2024-04-19,04:00:00,0.6793,Friday,4,4,Spring,0
10023456784,2024-04-19 05:00:00,2024-04-19,05:00:00,1.0521,Friday,5,4,Spring,0
10023456784,2024-04-19 06:00:00,2024-04-19,06:00:00,1.8137,Friday,6,4,Spring,0
10023456784,2024-04-19 07:00:00,2024-04-19,07:00:00,2.5809,Friday,7,4,Spring,0
10023456784,2024-04-19 08:00:00,2024-04-19,08:00:00,2.4812,Friday,8,4,Spring,0
10023456784,2024-04-19 09:00:00,2024-04-19,09:00:00,2.5029,Friday,9,4,Spring,0
10023456784,2024-04-19 10:00:00,2024-04-19,10:00:00,1.7801,Friday,10,4,Spring,0
10023456784,2024-04-19 11:00:00,2024-04-19,11:00:00,1.5136,Friday,11,4,Spring,0
10023456784,2024-04-19 12:00:00,2024-04-19,12:00:00,1.5354,Friday,12,4,Spring,0
10023456784,2024-04-19 13:00:00,2024-04-19,13:00:00,1.9722,Friday,13,4,Spring,0
10023456784,2024-04-19 14:00:00,2024-04-19,14:00:00,1.9485,Friday,14,4,Spring,0
10023456784,2024-04-19 15:00:00,2024-04-19,15:00:00,1.9413,Friday,15,4,Spring,0
10023456784,2024-04-19 16:00:00,2024-04-19,16:00:00,2.1686,Friday,16,4,Spring,0
10023456784,2024-04-19 17:00:00,2024-04-19,17:00:00,3.0929,Friday,17,4,Spring,0
10023456784,2024-04-19 18:00:00,2024-04-19,18:00:00,3.1759,Friday,18,4,Spring,0
10023456784,2024-04-19 19:00:00,2024-04-19,19:00:00,4.2233,Friday,19,4,Spring,0
10023456784,2024-04-19 20:00:00,2024-04-19,20:00:00,3.9514,Friday,20,4,Spring,0
10023456784,2024-04-19 21:00:00,2024-04-19,21:00:00,2.8249,Friday,21,4,Spring,0
10023456784,2024-04-19 22:00:00,2024-04-19,22:00:00,2.3581,Friday,22,4,Spring,0
10023456784,2024-04-19 23:00:00,2024-04-19,23:00:00,1.3651,Friday,23,4,Spring,0
10023456784,2024-04-20 00:00:00,2024-04-20,00:00:00,1.1867,Saturday,0,4,Spring,0
10023456784,2024-04-20 01:00:00,2024-04-20,01:00:00,0.9738,Saturday,1,4,Spring,0
10023456784,2024-04-20 02:00:00,2024-04-20,02:00:00,0.8735,Saturday,2,4,Spring,0
10023456784,2024-04-20 03:00:00,2024-04-20,03:00:00,0.8471,Saturday,3,4,Spring,0
10023456784,2024-04-20 04:00:00,2024-04-20,04:00:00,1.0313,Saturday,4,4,Spring,0
10023456784,2024-04-20 05:00:00,2024-04-20,05:00:00,0.9530,Saturday,5,4,Spring,0
10023456784,2024-04-20 06:00:00,2024-04-20,06:00:00,1.4340,Saturday,6,4,Spring,0
10023456784,2024-04-20 07:00:00,2024-04-20,07:00:00,2.3190,Saturday,7,4,Spring,0
10023456784,2024-04-20 08:00:00,2024-04-20,08:00:00,3.4680,Saturday,8,4,Spring,0
10023456784,2024-04-20 09:00:00,2024-04-20,09:00:00,3.8833,Saturday,9,4,Spring,0
10023456784,2024-04-20 10:00:00,2024-04-20,10:00:00,3.6809,Saturday,10,4,Spring,0
10023456784,2024-04-20 11:00:00,2024-04-20,11:00:00,2.9952,Saturday,11,4,Spring,0
10023456784,2024-04-20 12:00:00,2024-04-20,12:00:00,2.8528,Saturday,12,4,Spring,0
10023456784,2024-04-20 13:00:00,2024-04-20,13:00:00,3.2479,Saturday,13,4,Spring,0
10023456784,2024-04-20 14:00:00,2024-04-20,14:00:00,2.8984,Saturday,14,4,Spring,0
10023456784,2024-04-20 15:00:00,2024-04-20,15:00:00,2.7361,Saturday,15,4,Spring,0
10023456784,2024-04-20 16:00:00,2024-04-20,16:00:00,3.1793,Saturday,16,4,Spring,0
10023456784,2024-04-20 17:00:00,2024-04-20,17:00:00,3.6235,Saturday,17,4,Spring,0
10023456784,2024-04-20 18:00:00,2024-04-20,18:00:00,4.3223,Saturday,18,4,Spring,0
10023456784,2024-04-20 19:00:00,2024-04-20,19:00:00,5.8141,Saturday,19,4,Spring,0
10023456784,2024-04-20 20:00:00,2024-04-20,20:00:00,4.1435,Saturday,20,4,Spring,0
10023456784,2024-04-20 21:00:00,2024-04-20,21:00:00,4.9620,Saturday,21,4,Spring,0
10023456784,2024-04-20 22:00:00,2024-04-20,22:00:00,3.2098,Saturday,22,4,Spring,0
10023456784,2024-04-20 23:00:00,2024-04-20,23:00:00,2.2976,Saturday,23,4,Spring,0
10023456784,2024-04-21 00:00:00,2024-04-21,00:00:00,0.9172,Sunday,0,4,Spring,0
10023456784,2024-04-21 01:00:00,2024-04-21,01:00:00,0.7859,Sunday,1,4,Spring,0
10023456784,2024-04-21 02:00:00,2024-04-21,02:00:00,0.8866,Sunday,2,4,Spring,0
10023456784,2024-04-21 03:00:00,2024-04-21,03:00:00,0.7823,Sunday,3,4,Spring,0
10023456784,2024-04-21 04:00:00,2024-04-21,04:00:00,0.8737,Sunday,4,4,Spring,0
10023456784,2024-04-21 05:00:00,2024-04-21,05:00:00,1.0437,Sunday,5,4,Spring,0
10023456784,2024-04-21 06:00:00,2024-04-21,06:00:00,1.4274,Sunday,6,4,Spring,0
10023456784,2024-04-21 07:00:00,2024-04-21,07:00:00,2.2892,Sunday,7,4,Spring,0
10023456784,2024-04-21 08:00:00,2024-04-21,08:00:00,3.3447,Sunday,8,4,Spring,0
10023456784,2024-04-21 09:00:00,2024-04-21,09:00:00,2.9846,Sunday,9,4,Spring,0
10023456784,2024-04-21 10:00:00,2024-04-21,10:00:00,2.7978,Sunday,10,4,Spring,0
10023456784,2024-04-21 11:00:00,2024-04-21,11:00:00,2.8192,Sunday,11,4,Spring,0
10023456784,2024-04-21 12:00:00,2024-04-21,12:00:00,2.9613,Sunday,12,4,Spring,0
10023456784,2024-04-21 13:00:00,2024-04-21,13:00:00,2.5306,Sunday,13,4,Spring,0
10023456784,2024-04-21 14:00:00,2024-04-21,14:00:00,2.2285,Sunday,14,4,Spring,0
10023456784,2024-04-21 15:00:00,2024-04-21,15:00:00,2.5910,Sunday,15,4,Spring,0
10023456784,2024-04-21 16:00:00,2024-04-21,16:00:00,2.1949,Sunday,16,4,Spring,0
10023456784,2024-04-21 17:00:00,2024-04-21,17:00:00,3.7354,Sunday,17,4,Spring,0
10023456784,2024-04-21 18:00:00,2024-04-21,18:00:00,4.0268,Sunday,18,4,Spring,0
10023456784,2024-04-21 19:00:00,2024-04-21,19:00:00,0.5026,Sunday,19,4,Spring,1
10023456784,2024-04-21 20:00:00,2024-04-21,20:00:00,0.2345,Sunday,20,4,Spring,1
10023456784,2024-04-21 21:00:00,2024-04-21,21:00:00,0.2472,Sunday,21,4,Spring,1
10023456784,2024-04-21 22:00:00,2024-04-21,22:00:00,2.7806,Sunday,22,4,Spring,0
10023456784,2024-04-21 23:00:00,2024-04-21,23:00:00,2.0831,Sunday,23,4,Spring,0
10023456784,2024-04-22 00:00:00,2024-04-22,00:00:00,0.7190,Monday,0,4,Spring,0
10023456784,2024-04-22 01:00:00,2024-04-22,01:00:00,0.6524,Monday,1,4,Spring,0
10023456784,2024-04-22 02:00:00,2024-04-22,02:00:00,0.6515,Monday,2,4,Spring,0
10023456784,2024-04-22 03:00:00,2024-04-22,03:00:00,0.6019,Monday,3,4,Spring,0
10023456784,2024-04-22 04:00:00,2024-04-22,04:00:00,0.6711,Monday,4,4,Spring,0
10023456784,2024-04-22 05:00:00,2024-04-22,05:00:00,0.8387,Monday,5,4,Spring,0
10023456784,2024-04-22 06:00:00,2024-04-22,06:00:00,1.6002,Monday,6,4,Spring,0
10023456784,2024-04-22 07:00:00,2024-04-22,07:00:00,2.4153,Monday,7,4,Spring,0
10023456784,2024-04-22 08:00:00,2024-04-22,08:00:00,2.7753,Monday,8,4,Spring,0
10023456784,2024-04-22 09:00:00,2024-04-22,09:00:00,2.2206,Monday,9,4,Spring,0
10023456784,2024-04-22 10:00:00,2024-04-22,10:00:00,1.6193,Monday,10,4,Spring,0
10023456784,2024-04-22 11:00:00,2024-04-22,11:00:00,1.5424,Monday,11,4,Spring,0
10023456784,2024-04-22 12:00:00,2024-04-22,12:00:00,7.9557,Monday,12,4,Spring,1
10023456784,2024-04-22 13:00:00,2024-04-22,13:00:00,1.7260,Monday,13,4,Spring,0
10023456784,2024-04-22 14:00:00,2024-04-22,14:00:00,1.7485,Monday,14,4,Spring,0
10023456784,2024-04-22 15:00:00,2024-04-22,15:00:00,1.6426,Monday,15,4,Spring,0
10023456784,2024-04-22 16:00:00,2024-04-22,16:00:00,1.8818,Monday,16,4,Spring,0
10023456784,2024-04-22 17:00:00,2024-04-22,17:00:00,2.4259,Monday,17,4,Spring,0
10023456784,2024-04-22 18:00:00,2024-04-22,18:00:00,2.5487,Monday,18,4,Spring,0
10023456784,2024-04-22 19:00:00,2024-04-22,19:00:00,3.6669,Monday,19,4,Spring,0
10023456784,2024-04-22 20:00:00,2024-04-22,20:00:00,3.9543,Monday,20,4,Spring,0
10023456784,2024-04-22 21:00:00,2024-04-22,21:00:00,3.5848,Monday,21,4,Spring,0
10023456784,2024-04-22 22:00:00,2024-04-22,22:00:00,1.8179,Monday,22,4,Spring,0
10023456784,2024-04-22 23:00:00,2024-04-22,23:00:00,1.2183,Monday,23,4,Spring,0
10023456784,2024-04-23 00:00:00,2024-04-23,00:00:00,0.5784,Tuesday,0,4,Spring,0
10023456784,2024-04-23 01:00:00,2024-04-23,01:00:00,0.6082,Tuesday,1,4,Spring,0
10023456784,2024-04-23 02:00:00,2024-04-23,02:00:00,0.5211,Tuesday,2,4,Spring,0
10023456784,2024-04-23 03:00:00,2024-04-23,03:00:00,0.4237,Tuesday,3,4,Spring,0
10023456784,2024-04-23 04:00:00,2024-04-23,04:00:00,0.5288,Tuesday,4,4,Spring,0
10023456784,2024-04-23 05:00:00,2024-04-23,05:00:00,0.6680,Tuesday,5,4,Spring,0
10023456784,2024-04-23 06:00:00,2024-04-23,06:00:00,1.3431,Tuesday,6,4,Spring,0
10023456784,2024-04-23 07:00:00,2024-04-23,07:00:00,1.6322,Tuesday,7,4,Spring,0
10023456784,2024-04-23 08:00:00,2024-04-23,08:00:00,2.3259,Tuesday,8,4,Spring,0
10023456784,2024-04-23 09:00:00,2024-04-23,09:00:00,1.8545,Tuesday,9,4,Spring,0
10023456784,2024-04-23 10:00:00,2024-04-23,10:00:00,1.4614,Tuesday,10,4,Spring,0
10023456784,2024-04-23 11:00:00,2024-04-23,11:00:00,1.0374,Tuesday,11,4,Spring,0
10023456784,2024-04-23 12:00:00,2024-04-23,12:00:00,1.3830,Tuesday,12,4,Spring,0
10023456784,2024-04-23 13:00:00,2024-04-23,13:00:00,1.2780,Tuesday,13,4,Spring,0
10023456784,2024-04-23 14:00:00,2024-04-23,14:00:00,1.3438,Tuesday,14,4,Spring,0
10023456784,2024-04-23 15:00:00,2024-04-23,15:00:00,1.4641,Tuesday,15,4,Spring,0
10023456784,2024-04-23 16:00:00,2024-04-23,16:00:00,1.5561,Tuesday,16,4,Spring,0
10023456784,2024-04-23 17:00:00,2024-04-23,17:00:00,1.8902,Tuesday,17,4,Spring,0
10023456784,2024-04-23 18:00:00,2024-04-23,18:00:00,2.3581,Tuesday,18,4,Spring,0
10023456784,2024-04-23 19:00:00,2024-04-23,19:00:00,3.3383,Tuesday,19,4,Spring,0
10023456784,2024-04-23 20:00:00,2024-04-23,20:00:00,2.8142,Tuesday,20,4,Spring,0
10023456784,2024-04-23 21:00:00,2024-04-23,21:00:00,2.9675,Tuesday,21,4,Spring,0
10023456784,2024-04-23 22:00:00,2024-04-23,22:00:00,0.3089,Tuesday,22,4,Spring,1
10023456784,2024-04-23 23:00:00,2024-04-23,23:00:00,0.1890,Tuesday,23,4,Spring,1
10023456784,2024-04-24 00:00:00,2024-04-24,00:00:00,0.1292,Wednesday,0,4,Spring,1
10023456784,2024-04-24 01:00:00,2024-04-24,01:00:00,0.5743,Wednesday,1,4,Spring,0
10023456784,2024-04-24 02:00:00,2024-04-24,02:00:00,0.6308,Wednesday,2,4,Spring,0
10023456784,2024-04-24 03:00:00,2024-04-24,03:00:00,0.6073,Wednesday,3,4,Spring,0
10023456784,2024-04-24 04:00:00,2024-04-24,04:00:00,0.8244,Wednesday,4,4,Spring,0
10023456784,2024-04-24 05:00:00,2024-04-24,05:00:00,0.9540,Wednesday,5,4,Spring,0
10023456784,2024-04-24 06:00:00,2024-04-24,06:00:00,1.6505,Wednesday,6,4,Spring,0
10023456784,2024-04-24 07:00:00,2024-04-24,07:00:00,2.2762,Wednesday,7,4,Spring,0
10023456784,2024-04-24 08:00:00,2024-04-24,08:00:00,2.2506,Wednesday,8,4,Spring,0
10023456784,2024-04-24 09:00:00,2024-04-24,09:00:00,2.1044,Wednesday,9,4,Spring,0
10023456784,2024-04-24 10:00:00,2024-04-24,10:00:00,1.6256,Wednesday,10,4,Spring,0
10023456784,2024-04-24 11:00:00,2024-04-24,11:00:00,1.3250,Wednesday,11,4,Spring,0
10023456784,2024-04-24 12:00:00,2024-04-24,12:00:00,1.5204,Wednesday,12,4,Spring,0
10023456784,2024-04-24 13:00:00,2024-04-24,13:00:00,1.4157,Wednesday,13,4,Spring,0
10023456784,2024-04-24 14:00:00,2024-04-24,14:00:00,1.5696,Wednesday,14,4,Spring,0
10023456784,2024-04-24 15:00:00,2024-04-24,15:00:00,1.4402,Wednesday,15,4,Spring,0
10023456784,2024-04-24 16:00:00,2024-04-24,16:00:00,5.4381,Wednesday,16,4,Spring,1
10023456784,2024-04-24 17:00:00,2024-04-24,17:00:00,5.5482,Wednesday,17,4,Spring,1
10023456784,2024-04-24 18:00:00,2024-04-24,18:00:00,6.4174,Wednesday,18,4,Spring,1
10023456784,2024-04-24 19:00:00,2024-04-24,19:00:00,3.0238,Wednesday,19,4,Spring,0
10023456784,2024-04-24 20:00:00,2024-04-24,20:00:00,3.0893,Wednesday,20,4,Spring,0
10023456784,2024-04-24 21:00:00,2024-04-24,21:00:00,2.8871,Wednesday,21,4,Spring,0
10023456784,2024-04-24 22:00:00,2024-04-24,22:00:00,1.9998,Wednesday,22,4,Spring,0
10023456784,2024-04-24 23:00:00,2024-04-24,23:00:00,1.3152,Wednesday,23,4,Spring,0
10023456784,2024-04-25 00:00:00,2024-04-25,00:00:00,0.6423,Thursday,0,4,Spring,0
10023456784,2024-04-25 01:00:00,2024-04-25,01:00:00,0.5670,Thursday,1,4,Spring,0
10023456784,2024-04-25 02:00:00,2024-04-25,02:00:00,0.5121,Thursday,2,4,Spring,0
10023456784,2024-04-25 03:00:00,2024-04-25,03:00:00,0.5042,Thursday,3,4,Spring,0
10023456784,2024-04-25 04:00:00,2024-04-25,04:00:00,0.5858,Thursday,4,4,Spring,0
10023456784,2024-04-25 05:00:00,2024-04-25,05:00:00,0.9496,Thursday,5,4,Spring,0
10023456784,2024-04-25 06:00:00,2024-04-25,06:00:00,1.2181,Thursday,6,4,Spring,0
10023456784,2024-04-25 07:00:00,2024-04-25,07:00:00,2.0179,Thursday,7,4,Spring,0
10023456784,2024-04-25 08:00:00,2024-04-25,08:00:00,1.9603,Thursday,8,4,Spring,0
10023456784,2024-04-25 09:00:00,2024-04-25,09:00:00,1.9819,Thursday,9,4,Spring,0
10023456784,2024-04-25 10:00:00,2024-04-25,10:00:00,1.7005,Thursday,10,4,Spring,0
10023456784,2024-04-25 11:00:00,2024-04-25,11:00:00,1.2743,Thursday,11,4,Spring,0
10023456784,2024-04-25 12:00:00,2024-04-25,12:00:00,1.5319,Thursday,12,4,Spring,0
10023456784,2024-04-25 13:00:00,2024-04-25,13:00:00,1.3629,Thursday,13,4,Spring,0
10023456784,2024-04-25 14:00:00,2024-04-25,14:00:00,1.4290,Thursday,14,4,Spring,0
10023456784,2024-04-25 15:00:00,2024-04-25,15:00:00,1.6367,Thursday,15,4,Spring,0
10023456784,2024-04-25 16:00:00,2024-04-25,16:00:00,1.8580,Thursday,16,4,Spring,0
10023456784,2024-04-25 17:00:00,2024-04-25,17:00:00,2.7857,Thursday,17,4,Spring,0
10023456784,2024-04-25 18:00:00,2024-04-25,18:00:00,3.1353,Thursday,18,4,Spring,0
10023456784,2024-04-25 19:00:00,2024-04-25,19:00:00,2.6327,Thursday,19,4,Spring,0
10023456784,2024-04-25 20:00:00,2024-04-25,20:00:00,3.0439,Thursday,20,4,Spring,0
10023456784,2024-04-25 21:00:00,2024-04-25,21:00:00,2.5980,Thursday,21,4,Spring,0
10023456784,2024-04-25 22:00:00,2024-04-25,22:00:00,2.2954,Thursday,22,4,Spring,0
10023456784,2024-04-25 23:00:00,2024-04-25,23:00:00,1.2479,Thursday,23,4,Spring,0
10023456784,2024-04-26 00:00:00,2024-04-26,00:00:00,0.8226,Friday,0,4,Spring,0
10023456784,2024-04-26 01:00:00,2024-04-26,01:00:00,0.7484,Friday,1,4,Spring,0
10023456784,2024-04-26 02:00:00,2024-04-26,02:00:00,0.7516,Friday,2,4,Spring,0
10023456784,2024-04-26 03:00:00,2024-04-26,03:00:00,0.7080,Friday,3,4,Spring,0
10023456784,2024-04-26 04:00:00,2024-04-26,04:00:00,0.8508,Friday,4,4,Spring,0
10023456784,2024-04-26 05:00:00,2024-04-26,05:00:00,1.2024,Friday,5,4,Spring,0
10023456784,2024-04-26 06:00:00,2024-04-26,06:00:00,1.8161,Friday,6,4,Spring,0
10023456784,2024-04-26 07:00:00,2024-04-26,07:00:00,2.5401,Friday,7,4,Spring,0
10023456784,2024-04-26 08:00:00,2024-04-26,08:00:00,3.2774,Friday,8,4,Spring,0
10023456784,2024-04-26 09:00:00,2024-04-26,09:00:00,2.7891,Friday,9,4,Spring,0
10023456784,2024-04-26 10:00:00,2024-04-26,10:00:00,2.0946,Friday,10,4,Spring,0
10023456784,2024-04-26 11:00:00,2024-04-26,11:00:00,1.9226,Friday,11,4,Spring,0
10023456784,2024-04-26 12:00:00,2024-04-26,12:00:00,1.8702,Friday,12,4,Spring,0
10023456784,2024-04-26 13:00:00,2024-04-26,13:00:00,2.0396,Friday,13,4,Spring,0
10023456784,2024-04-26 14:00:00,2024-04-26,14:00:00,2.0435,Friday,14,4,Spring,0
10023456784,2024-04-26 15:00:00,2024-04-26,15:00:00,1.9440,Friday,15,4,Spring,0
10023456784,2024-04-26 16:00:00,2024-04-26,16:00:00,1.9018,Friday,16,4,Spring,0
10023456784,2024-04-26 17:00:00,2024-04-26,17:00:00,3.2138,Friday,17,4,Spring,0
10023456784,2024-04-26 18:00:00,2024-04-26,18:00:00,4.1341,Friday,18,4,Spring,0
10023456784,2024-04-26 19:00:00,2024-04-26,19:00:00,4.7609,Friday,19,4,Spring,0
10023456784,2024-04-26 20:00:00,2024-04-26,20:00:00,3.9839,Friday,20,4,Spring,0
10023456784,2024-04-26 21:00:00,2024-04-26,21:00:00,3.4927,Friday,21,4,Spring,0
10023456784,2024-04-26 22:00:00,2024-04-26,22:00:00,3.0181,Friday,22,4,Spring,0
10023456784,2024-04-26 23:00:00,2024-04-26,23:00:00,6.8321,Friday,23,4,Spring,1
10023456784,2024-04-27 00:00:00,2024-04-27,00:00:00,1.1494,Saturday,0,4,Spring,0
10023456784,2024-04-27 01:00:00,2024-04-27,01:00:00,1.2084,Saturday,1,4,Spring,0
10023456784,2024-04-27 02:00:00,2024-04-27,02:00:00,0.9576,Saturday,2,4,Spring,0
10023456784,2024-04-27 03:00:00,2024-04-27,03:00:00,0.8173,Saturday,3,4,Spring,0
10023456784,2024-04-27 04:00:00,2024-04-27,04:00:00,0.8337,Saturday,4,4,Spring,0
10023456784,2024-04-27 05:00:00,2024-04-27,05:00:00,1.1739,Saturday,5,4,Spring,0
10023456784,2024-04-27 06:00:00,2024-04-27,06:00:00,1.3858,Saturday,6,4,Spring,0
10023456784,2024-04-27 07:00:00,2024-04-27,07:00:00,2.7557,Saturday,7,4,Spring,0
10023456784,2024-04-27 08:00:00,2024-04-27,08:00:00,3.7257,Saturday,8,4,Spring,0
10023456784,2024-04-27 09:00:00,2024-04-27,09:00:00,3.5065,Saturday,9,4,Spring,0
10023456784,2024-04-27 10:00:00,2024-04-27,10:00:00,3.8647,Saturday,10,4,Spring,0
10023456784,2024-04-27 11:00:00,2024-04-27,11:00:00,3.9098,Saturday,11,4,Spring,0
10023456784,2024-04-27 12:00:00,2024-04-27,12:00:00,2.6569,Saturday,12,4,Spring,0
10023456784,2024-04-27 13:00:00,2024-04-27,13:00:00,2.5894,Saturday,13,4,Spring,0
10023456784,2024-04-27 14:00:00,2024-04-27,14:00:00,2.3983,Saturday,14,4,Spring,0
10023456784,2024-04-27 15:00:00,2024-04-27,15:00:00,2.5742,Saturday,15,4,Spring,0
10023456784,2024-04-27 16:00:00,2024-04-27,16:00:00,0.2136,Saturday,16,4,Spring,1
10023456784,2024-04-27 17:00:00,2024-04-27,17:00:00,3.7056,Saturday,17,4,Spring,0
10023456784,2024-04-27 18:00:00,2024-04-27,18:00:00,3.4178,Saturday,18,4,Spring,0
10023456784,2024-04-27 19:00:00,2024-04-27,19:00:00,0.6221,Saturday,19,4,Spring,1
10023456784,2024-04-27 20:00:00,2024-04-27,20:00:00,0.6025,Saturday,20,4,Spring,1
10023456784,2024-04-27 21:00:00,2024-04-27,21:00:00,4.2050,Saturday,21,4,Spring,0
10023456784,2024-04-27 22:00:00,2024-04-27,22:00:00,3.6760,Saturday,22,4,Spring,0
10023456784,2024-04-27 23:00:00,2024-04-27,23:00:00,2.1071,Saturday,23,4,Spring,0
10023456784,2024-04-28 00:00:00,2024-04-28,00:00:00,0.9700,Sunday,0,4,Spring,0
10023456784,2024-04-28 01:00:00,2024-04-28,01:00:00,0.9860,Sunday,1,4,Spring,0
10023456784,2024-04-28 02:00:00,2024-04-28,02:00:00,0.7374,Sunday,2,4,Spring,0
10023456784,2024-04-28 03:00:00,2024-04-28,03:00:00,0.6565,Sunday,3,4,Spring,0
10023456784,2024-04-28 04:00:00,2024-04-28,04:00:00,0.8249,Sunday,4,4,Spring,0
10023456784,2024-04-28 05:00:00,2024-04-28,05:00:00,0.9376,Sunday,5,4,Spring,0
10023456784,2024-04-28 06:00:00,2024-04-28,06:00:00,1.5499,Sunday,6,4,Spring,0
10023456784,2024-04-28 07:00:00,2024-04-28,07:00:00,2.4607,Sunday,7,4,Spring,0
10023456784,2024-04-28 08:00:00,2024-04-28,08:00:00,3.0542,Sunday,8,4,Spring,0
10023456784,2024-04-28 09:00:00,2024-04-28,09:00:00,8.6134,Sunday,9,4,Spring,1
10023456784,2024-04-28 10:00:00,2024-04-28,10:00:00,6.8942,Sunday,10,4,Spring,1
10023456784,2024-04-28 11:00:00,2024-04-28,11:00:00,7.1877,Sunday,11,4,Spring,1
10023456784,2024-04-28 12:00:00,2024-04-28,12:00:00,2.3691,Sunday,12,4,Spring,0
10023456784,2024-04-28 13:00:00,2024-04-28,13:00:00,2.5151,Sunday,13,4,Spring,0
10023456784,2024-04-28 14:00:00,2024-04-28,14:00:00,2.1279,Sunday,14,4,Spring,0
10023456784,2024-04-28 15:00:00,2024-04-28,15:00:00,2.7991,Sunday,15,4,Spring,0
10023456784,2024-04-28 16:00:00,2024-04-28,16:00:00,3.0641,Sunday,16,4,Spring,0
10023456784,2024-04-28 17:00:00,2024-04-28,17:00:00,3.3471,Sunday,17,4,Spring,0
10023456784,2024-04-28 18:00:00,2024-04-28,18:00:00,4.6769,Sunday,18,4,Spring,0
10023456784,2024-04-28 19:00:00,2024-04-28,19:00:00,5.1195,Sunday,19,4,Spring,0
10023456784,2024-04-28 20:00:00,2024-04-28,20:00:00,4.0623,Sunday,20,4,Spring,0
10023456784,2024-04-28 21:00:00,2024-04-28,21:00:00,3.7600,Sunday,21,4,Spring,0
10023456784,2024-04-28 22:00:00,2024-04-28,22:00:00,3.0241,Sunday,22,4,Spring,0
10023456784,2024-04-28 23:00:00,2024-04-28,23:00:00,1.8505,Sunday,23,4,Spring,0
10023456784,2024-04-29 00:00:00,2024-04-29,00:00:00,1.1153,Monday,0,4,Spring,0
10023456784,2024-04-29 01:00:00,2024-04-29,01:00:00,0.7158,Monday,1,4,Spring,0
10023456784,2024-04-29 02:00:00,2024-04-29,02:00:00,1.1204,Monday,2,4,Spring,0
10023456784,2024-04-29 03:00:00,2024-04-29,03:00:00,0.8688,Monday,3,4,Spring,0
10023456784,2024-04-29 04:00:00,2024-04-29,04:00:00,0.9617,Monday,4,4,Spring,0
10023456784,2024-04-29 05:00:00,2024-04-29,05:00:00,1.5479,Monday,5,4,Spring,0
10023456784,2024-04-29 06:00:00,2024-04-29,06:00:00,2.2529,Monday,6,4,Spring,0
10023456784,2024-04-29 07:00:00,2024-04-29,07:00:00,3.4464,Monday,7,4,Spring,0
10023456784,2024-04-29 08:00:00,2024-04-29,08:00:00,4.2834,Monday,8,4,Spring,0
10023456784,2024-04-29 09:00:00,2024-04-29,09:00:00,3.5723,Monday,9,4,Spring,0
10023456784,2024-04-29 10:00:00,2024-04-29,10:00:00,2.3619,Monday,10,4,Spring,0
10023456784,2024-04-29 11:00:00,2024-04-29,11:00:00,2.3773,Monday,11,4,Spring,0
10023456784,2024-04-29 12:00:00,2024-04-29,12:00:00,2.2023,Monday,12,4,Spring,0
10023456784,2024-04-29 13:00:00,2024-04-29,13:00:00,2.1659,Monday,13,4,Spring,0
10023456784,2024-04-29 14:00:00,2024-04-29,14:00:00,2.3968,Monday,14,4,Spring,0
10023456784,2024-04-29 15:00:00,2024-04-29,15:00:00,2.7892,Monday,15,4,Spring,0
10023456784,2024-04-29 16:00:00,2024-04-29,16:00:00,3.0067,Monday,16,4,Spring,0
10023456784,2024-04-29 17:00:00,2024-04-29,17:00:00,3.5428,Monday,17,4,Spring,0
10023456784,2024-04-29 18:00:00,2024-04-29,18:00:00,5.1285,Monday,18,4,Spring,0
10023456784,2024-04-29 19:00:00,2024-04-29,19:00:00,5.6240,Monday,19,4,Spring,0
10023456784,2024-04-29 20:00:00,2024-04-29,20:00:00,6.0024,Monday,20,4,Spring,0
10023456784,2024-04-29 21:00:00,2024-04-29,21:00:00,3.7514,Monday,21,4,Spring,0
10023456784,2024-04-29 22:00:00,2024-04-29,22:00:00,3.3944,Monday,22,4,Spring,0
10023456784,2024-04-29 23:00:00,2024-04-29,23:00:00,1.7912,Monday,23,4,Spring,0
10023456784,2024-04-30 00:00:00,2024-04-30,00:00:00,1.1055,Tuesday,0,4,Spring,0
10023456784,2024-04-30 01:00:00,2024-04-30,01:00:00,0.9726,Tuesday,1,4,Spring,0
10023456784,2024-04-30 02:00:00,2024-04-30,02:00:00,0.9508,Tuesday,2,4,Spring,0
10023456784,2024-04-30 03:00:00,2024-04-30,03:00:00,0.7495,Tuesday,3,4,Spring,0
10023456784,2024-04-30 04:00:00,2024-04-30,04:00:00,1.1390,Tuesday,4,4,Spring,0
10023456784,2024-04-30 05:00:00,2024-04-30,05:00:00,1.2383,Tuesday,5,4,Spring,0
10023456784,2024-04-30 06:00:00,2024-04-30,06:00:00,2.5865,Tuesday,6,4,Spring,0
10023456784,2024-04-30 07:00:00,2024-04-30,07:00:00,3.8881,Tuesday,7,4,Spring,0
10023456784,2024-04-30 08:00:00,2024-04-30,08:00:00,4.1355,Tuesday,8,4,Spring,0
10023456784,2024-04-30 09:00:00,2024-04-30,09:00:00,3.5492,Tuesday,9,4,Spring,0
10023456784,2024-04-30 10:00:00,2024-04-30,10:00:00,2.4514,Tuesday,10,4,Spring,0
10023456784,2024-04-30 11:00:00,2024-04-30,11:00:00,2.3268,Tuesday,11,4,Spring,0
10023456784,2024-04-30 12:00:00,2024-04-30,12:00:00,2.7793,Tuesday,12,4,Spring,0
10023456784,2024-04-30 13:00:00,2024-04-30,13:00:00,2.6569,Tuesday,13,4,Spring,0
10023456784,2024-04-30 14:00:00,2024-04-30,14:00:00,2.4294,Tuesday,14,4,Spring,0
10023456784,2024-04-30 15:00:00,2024-04-30,15:00:00,3.2485,Tuesday,15,4,Spring,0
10023456784,2024-04-30 16:00:00,2024-04-30,16:00:00,3.6063,Tuesday,16,4,Spring,0
10023456784,2024-04-30 17:00:00,2024-04-30,17:00:00,3.9317,Tuesday,17,4,Spring,0
10023456784,2024-04-30 18:00:00,2024-04-30,18:00:00,4.7388,Tuesday,18,4,Spring,0
10023456784,2024-04-30 19:00:00,2024-04-30,19:00:00,5.1543,Tuesday,19,4,Spring,0
10023456784,2024-04-30 20:00:00,2024-04-30,20:00:00,5.4531,Tuesday,20,4,Spring,0
10023456784,2024-04-30 21:00:00,2024-04-30,21:00:00,4.6186,Tuesday,21,4,Spring,0
10023456784,2024-04-30 22:00:00,2024-04-30,22:00:00,3.3425,Tuesday,22,4,Spring,0
10023456784,2024-04-30 23:00:00,2024-04-30,23:00:00,2.1247,Tuesday,23,4,Spring,0
10023456784,2024-05-01 00:00:00,2024-05-01,00:00:00,0.8509,Wednesday,0,5,Spring,0
10023456784,2024-05-01 01:00:00,2024-05-01,01:00:00,0.9126,Wednesday,1,5,Spring,0
10023456784,2024-05-01 02:00:00,2024-05-01,02:00:00,0.8117,Wednesday,2,5,Spring,0
10023456784,2024-05-01 03:00:00,2024-05-01,03:00:00,0.7398,Wednesday,3,5,Spring,0
10023456784,2024-05-01 04:00:00,2024-05-01,04:00:00,0.8530,Wednesday,4,5,Spring,0
10023456784,2024-05-01 05:00:00,2024-05-01,05:00:00,1.1611,Wednesday,5,5,Spring,0
10023456784,2024-05-01 06:00:00,2024-05-01,06:00:00,1.7076,Wednesday,6,5,Spring,0
10023456784,2024-05-01 07:00:00,2024-05-01,07:00:00,2.5321,Wednesday,7,5,Spring,0
10023456784,2024-05-01 08:00:00,2024-05-01,08:00:00,3.4776,Wednesday,8,5,Spring,0
10023456784,2024-05-01 09:00:00,2024-05-01,09:00:00,2.7298,Wednesday,9,5,Spring,0
10023456784,2024-05-01 10:00:00,2024-05-01,10:00:00,2.5624,Wednesday,10,5,Spring,0
10023456784,2024-05-01 11:00:00,2024-05-01,11:00:00,1.8783,Wednesday,11,5,Spring,0
10023456784,2024-05-01 12:00:00,2024-05-01,12:00:00,1.8894,Wednesday,12,5,Spring,0
10023456784,2024-05-01 13:00:00,2024-05-01,13:00:00,1.9742,Wednesday,13,5,Spring,0
10023456784,2024-05-01 14:00:00,2024-05-01,14:00:00,1.9989,Wednesday,14,5,Spring,0
10023456784,2024-05-01 15:00:00,2024-05-01,15:00:00,1.9265,Wednesday,15,5,Spring,0
10023456784,2024-05-01 16:00:00,2024-05-01,16:00:00,2.6851,Wednesday,16,5,Spring,0
10023456784,2024-05-01 17:00:00,2024-05-01,17:00:00,3.3201,Wednesday,17,5,Spring,0
10023456784,2024-05-01 18:00:00,2024-05-01,18:00:00,4.0004,Wednesday,18,5,Spring,0
10023456784,2024-05-01 19:00:00,2024-05-01,19:00:00,4.0406,Wednesday,19,5,Spring,0
10023456784,2024-05-01 20:00:00,2024-05-01,20:00:00,4.1622,Wednesday,20,5,Spring,0
10023456784,2024-05-01 21:00:00,2024-05-01,21:00:00,3.5339,Wednesday,21,5,Spring,0
10023456784,2024-05-01 22:00:00,2024-05-01,22:00:00,2.4188,Wednesday,22,5,Spring,0
10023456784,2024-05-01 23:00:00,2024-05-01,23:00:00,1.8170,Wednesday,23,5,Spring,0
10023456784,2024-05-02 00:00:00,2024-05-02,00:00:00,0.7032,Thursday,0,5,Spring,0
10023456784,2024-05-02 01:00:00,2024-05-02,01:00:00,0.5818,Thursday,1,5,Spring,0
10023456784,2024-05-02 02:00:00,2024-05-02,02:00:00,0.5770,Thursday,2,5,Spring,0
10023456784,2024-05-02 03:00:00,2024-05-02,03:00:00,0.6731,Thursday,3,5,Spring,0
10023456784,2024-05-02 04:00:00,2024-05-02,04:00:00,0.6788,Thursday,4,5,Spring,0
10023456784,2024-05-02 05:00:00,2024-05-02,05:00:00,0.8869,Thursday,5,5,Spring,0
10023456784,2024-05-02 06:00:00,2024-05-02,06:00:00,1.8199,Thursday,6,5,Spring,0
10023456784,2024-05-02 07:00:00,2024-05-02,07:00:00,2.7972,Thursday,7,5,Spring,0
10023456784,2024-05-02 08:00:00,2024-05-02,08:00:00,2.8176,Thursday,8,5,Spring,0
10023456784,2024-05-02 09:00:00,2024-05-02,09:00:00,2.6180,Thursday,9,5,Spring,0
10023456784,2024-05-02 10:00:00,2024-05-02,10:00:00,1.9196,Thursday,10,5,Spring,0
10023456784,2024-05-02 11:00:00,2024-05-02,11:00:00,1.9201,Thursday,11,5,Spring,0
10023456784,2024-05-02 12:00:00,2024-05-02,12:00:00,1.9504,Thursday,12,5,Spring,0
10023456784,2024-05-02 13:00:00,2024-05-02,13:00:00,1.7928,Thursday,13,5,Spring,0
10023456784,2024-05-02 14:00:00,2024-05-02,14:00:00,1.6986,Thursday,14,5,Spring,0
10023456784,2024-05-02 15:00:00,2024-05-02,15:00:00,1.8771,Thursday,15,5,Spring,0
10023456784,2024-05-02 16:00:00,2024-05-02,16:00:00,1.8128,Thursday,16,5,Spring,0
10023456784,2024-05-02 17:00:00,2024-05-02,17:00:00,2.8122,Thursday,17,5,Spring,0
10023456784,2024-05-02 18:00:00,2024-05-02,18:00:00,3.4577,Thursday,18,5,Spring,0
10023456784,2024-05-02 19:00:00,2024-05-02,19:00:00,3.6715,Thursday,19,5,Spring,0
10023456784,2024-05-02 20:00:00,2024-05-02,20:00:00,3.6799,Thursday,20,5,Spring,0
10023456784,2024-05-02 21:00:00,2024-05-02,21:00:00,3.5670,Thursday,21,5,Spring,0
10023456784,2024-05-02 22:00:00,2024-05-02,22:00:00,2.3124,Thursday,22,5,Spring,0
10023456784,2024-05-02 23:00:00,2024-05-02,23:00:00,1.2910,Thursday,23,5,Spring,0
10023456784,2024-05-03 00:00:00,2024-05-03,00:00:00,0.8229,Friday,0,5,Spring,0
10023456784,2024-05-03 01:00:00,2024-05-03,01:00:00,0.8779,Friday,1,5,Spring,0
10023456784,2024-05-03 02:00:00,2024-05-03,02:00:00,0.7262,Friday,2,5,Spring,0
10023456784,2024-05-03 03:00:00,2024-05-03,03:00:00,0.7931,Friday,3,5,Spring,0
10023456784,2024-05-03 04:00:00,2024-05-03,04:00:00,0.8397,Friday,4,5,Spring,0
10023456784,2024-05-03 05:00:00,2024-05-03,05:00:00,1.2316,Friday,5,5,Spring,0
10023456784,2024-05-03 06:00:00,2024-05-03,06:00:00,2.0576,Friday,6,5,Spring,0
10023456784,2024-05-03 07:00:00,2024-05-03,07:00:00,2.6503,Friday,7,5,Spring,0
10023456784,2024-05-03 08:00:00,2024-05-03,08:00:00,3.2377,Friday,8,5,Spring,0
10023456784,2024-05-03 09:00:00,2024-05-03,09:00:00,3.2363,Friday,9,5,Spring,0
10023456784,2024-05-03 10:00:00,2024-05-03,10:00:00,2.3718,Friday,10,5,Spring,0
10023456784,2024-05-03 11:00:00,2024-05-03,11:00:00,2.1317,Friday,11,5,Spring,0
10023456784,2024-05-03 12:00:00,2024-05-03,12:00:00,2.2738,Friday,12,5,Spring,0
10023456784,2024-05-03 13:00:00,2024-05-03,13:00:00,2.2782,Friday,13,5,Spring,0
10023456784,2024-05-03 14:00:00,2024-05-03,14:00:00,2.3466,Friday,14,5,Spring,0
10023456784,2024-05-03 15:00:00,2024-05-03,15:00:00,4.8348,Friday,15,5,Spring,1
10023456784,2024-05-03 16:00:00,2024-05-03,16:00:00,7.6431,Friday,16,5,Spring,1
10023456784,2024-05-03 17:00:00,2024-05-03,17:00:00,8.3521,Friday,17,5,Spring,1
10023456784,2024-05-03 18:00:00,2024-05-03,18:00:00,11.5655,Friday,18,5,Spring,1
10023456784,2024-05-03 19:00:00,2024-05-03,19:00:00,12.5891,Friday,19,5,Spring,1
10023456784,2024-05-03 20:00:00,2024-05-03,20:00:00,4.7415,Friday,20,5,Spring,0
10023456784,2024-05-03 21:00:00,2024-05-03,21:00:00,4.8192,Friday,21,5,Spring,0
10023456784,2024-05-03 22:00:00,2024-05-03,22:00:00,3.0014,Friday,22,5,Spring,0
10023456784,2024-05-03 23:00:00,2024-05-03,23:00:00,1.6532,Friday,23,5,Spring,0
10023456784,2024-05-04 00:00:00,2024-05-04,00:00:00,1.0756,Saturday,0,5,Spring,0
10023456784,2024-05-04 01:00:00,2024-05-04,01:00:00,1.0236,Saturday,1,5,Spring,0
10023456784,2024-05-04 02:00:00,2024-05-04,02:00:00,0.8547,Saturday,2,5,Spring,0
10023456784,2024-05-04 03:00:00,2024-05-04,03:00:00,0.8023,Saturday,3,5,Spring,0
10023456784,2024-05-04 04:00:00,2024-05-04,04:00:00,0.8521,Saturday,4,5,Spring,0
10023456784,2024-05-04 05:00:00,2024-05-04,05:00:00,1.0768,Saturday,5,5,Spring,0
10023456784,2024-05-04 06:00:00,2024-05-04,06:00:00,1.7150,Saturday,6,5,Spring,0
10023456784,2024-05-04 07:00:00,2024-05-04,07:00:00,1.9428,Saturday,7,5,Spring,0
10023456784,2024-05-04 08:00:00,2024-05-04,08:00:00,3.1539,Saturday,8,5,Spring,0
10023456784,2024-05-04 09:00:00,2024-05-04,09:00:00,3.4660,Saturday,9,5,Spring,0
10023456784,2024-05-04 10:00:00,2024-05-04,10:00:00,3.5455,Saturday,10,5,Spring,0
10023456784,2024-05-04 11:00:00,2024-05-04,11:00:00,3.0952,Saturday,11,5,Spring,0
10023456784,2024-05-04 12:00:00,2024-05-04,12:00:00,2.6963,Saturday,12,5,Spring,0
10023456784,2024-05-04 13:00:00,2024-05-04,13:00:00,2.5676,Saturday,13,5,Spring,0
10023456784,2024-05-04 14:00:00,2024-05-04,14:00:00,2.7410,Saturday,14,5,Spring,0
10023456784,2024-05-04 15:00:00,2024-05-04,15:00:00,2.0468,Saturday,15,5,Spring,0
10023456784,2024-05-04 16:00:00,2024-05-04,16:00:00,2.9910,Saturday,16,5,Spring,0
10023456784,2024-05-04 17:00:00,2024-05-04,17:00:00,3.8549,Saturday,17,5,Spring,0
10023456784,2024-05-04 18:00:00,2024-05-04,18:00:00,3.6897,Saturday,18,5,Spring,0
10023456784,2024-05-04 19:00:00,2024-05-04,19:00:00,5.3041,Saturday,19,5,Spring,0
10023456784,2024-05-04 20:00:00,2024-05-04,20:00:00,4.3195,Saturday,20,5,Spring,0
10023456784,2024-05-04 21:00:00,2024-05-04,21:00:00,4.1443,Saturday,21,5,Spring,0
10023456784,2024-05-04 22:00:00,2024-05-04,22:00:00,3.1267,Saturday,22,5,Spring,0
10023456784,2024-05-04 23:00:00,2024-05-04,23:00:00,1.7983,Saturday,23,5,Spring,0
10023456784,2024-05-05 00:00:00,2024-05-05,00:00:00,0.8939,Sunday,0,5,Spring,0
10023456784,2024-05-05 01:00:00,2024-05-05,01:00:00,0.6736,Sunday,1,5,Spring,0
10023456784,2024-05-05 02:00:00,2024-05-05,02:00:00,0.7450,Sunday,2,5,Spring,0
10023456784,2024-05-05 03:00:00,2024-05-05,03:00:00,0.6212,Sunday,3,5,Spring,0
10023456784,2024-05-05 04:00:00,2024-05-05,04:00:00,0.8325,Sunday,4,5,Spring,0
10023456784,2024-05-05 05:00:00,2024-05-05,05:00:00,0.9976,Sunday,5,5,Spring,0
10023456784,2024-05-05 06:00:00,2024-05-05,06:00:00,1.4690,Sunday,6,5,Spring,0
10023456784,2024-05-05 07:00:00,2024-05-05,07:00:00,1.8675,Sunday,7,5,Spring,0
10023456784,2024-05-05 08:00:00,2024-05-05,08:00:00,2.5544,Sunday,8,5,Spring,0
10023456784,2024-05-05 09:00:00,2024-05-05,09:00:00,2.7115,Sunday,9,5,Spring,0
10023456784,2024-05-05 10:00:00,2024-05-05,10:00:00,2.6399,Sunday,10,5,Spring,0
10023456784,2024-05-05 11:00:00,2024-05-05,11:00:00,2.6002,Sunday,11,5,Spring,0
10023456784,2024-05-05 12:00:00,2024-05-05,12:00:00,2.4868,Sunday,12,5,Spring,0
10023456784,2024-05-05 13:00:00,2024-05-05,13:00:00,2.3247,Sunday,13,5,Spring,0
10023456784,2024-05-05 14:00:00,2024-05-05,14:00:00,2.0802,Sunday,14,5,Spring,0
10023456784,2024-05-05 15:00:00,2024-05-05,15:00:00,2.1823,Sunday,15,5,Spring,0
10023456784,2024-05-05 16:00:00,2024-05-05,16:00:00,2.0816,Sunday,16,5,Spring,0
10023456784,2024-05-05 17:00:00,2024-05-05,17:00:00,3.0518,Sunday,17,5,Spring,0
10023456784,2024-05-05 18:00:00,2024-05-05,18:00:00,3.9421,Sunday,18,5,Spring,0
10023456784,2024-05-05 19:00:00,2024-05-05,19:00:00,4.2412,Sunday,19,5,Spring,0
10023456784,2024-05-05 20:00:00,2024-05-05,20:00:00,3.7866,Sunday,20,5,Spring,0
10023456784,2024-05-05 21:00:00,2024-05-05,21:00:00,3.9016,Sunday,21,5,Spring,0
10023456784,2024-05-05 22:00:00,2024-05-05,22:00:00,2.5898,Sunday,22,5,Spring,0
10023456784,2024-05-05 23:00:00,2024-05-05,23:00:00,1.7265,Sunday,23,5,Spring,0
10023456784,2024-05-06 00:00:00,2024-05-06,00:00:00,0.9549,Monday,0,5,Spring,0
10023456784,2024-05-06 01:00:00,2024-05-06,01:00:00,0.7864,Monday,1,5,Spring,0
10023456784,2024-05-06 02:00:00,2024-05-06,02:00:00,0.7363,Monday,2,5,Spring,0
10023456784,2024-05-06 03:00:00,2024-05-06,03:00:00,0.7109,Monday,3,5,Spring,0
10023456784,2024-05-06 04:00:00,2024-05-06,04:00:00,0.6476,Monday,4,5,Spring,0
10023456784,2024-05-06 05:00:00,2024-05-06,05:00:00,1.0113,Monday,5,5,Spring,0
10023456784,2024-05-06 06:00:00,2024-05-06,06:00:00,2.0541,Monday,6,5,Spring,0
10023456784,2024-05-06 07:00:00,2024-05-06,07:00:00,2.7879,Monday,7,5,Spring,0
10023456784,2024-05-06 08:00:00,2024-05-06,08:00:00,2.5092,Monday,8,5,Spring,0
10023456784,2024-05-06 09:00:00,2024-05-06,09:00:00,2.3913,Monday,9,5,Spring,0
10023456784,2024-05-06 10:00:00,2024-05-06,10:00:00,1.7927,Monday,10,5,Spring,0
10023456784,2024-05-06 11:00:00,2024-05-06,11:00:00,1.9327,Monday,11,5,Spring,0
10023456784,2024-05-06 12:00:00,2024-05-06,12:00:00,1.9066,Monday,12,5,Spring,0
10023456784,2024-05-06 13:00:00,2024-05-06,13:00:00,2.1374,Monday,13,5,Spring,0
10023456784,2024-05-06 14:00:00,2024-05-06,14:00:00,1.7357,Monday,14,5,Spring,0
10023456784,2024-05-06 15:00:00,2024-05-06,15:00:00,4.2877,Monday,15,5,Spring,1
10023456784,2024-05-06 16:00:00,2024-05-06,16:00:00,5.7826,Monday,16,5,Spring,1
10023456784,2024-05-06 17:00:00,2024-05-06,17:00:00,8.0392,Monday,17,5,Spring,1
10023456784,2024-05-06 18:00:00,2024-05-06,18:00:00,0.3413,Monday,18,5,Spring,1
10023456784,2024-05-06 19:00:00,2024-05-06,19:00:00,0.3562,Monday,19,5,Spring,1
10023456784,2024-05-06 20:00:00,2024-05-06,20:00:00,4.0186,Monday,20,5,Spring,0
10023456784,2024-05-06 21:00:00,2024-05-06,21:00:00,3.0755,Monday,21,5,Spring,0
10023456784,2024-05-06 22:00:00,2024-05-06,22:00:00,2.4829,Monday,22,5,Spring,0
10023456784,2024-05-06 23:00:00,2024-05-06,23:00:00,1.4939,Monday,23,5,Spring,0
10023456784,2024-05-07 00:00:00,2024-05-07,00:00:00,0.7073,Tuesday,0,5,Spring,0
10023456784,2024-05-07 01:00:00,2024-05-07,01:00:00,0.7344,Tuesday,1,5,Spring,0
10023456784,2024-05-07 02:00:00,2024-05-07,02:00:00,0.6638,Tuesday,2,5,Spring,0
10023456784,2024-05-07 03:00:00,2024-05-07,03:00:00,0.5817,Tuesday,3,5,Spring,0
10023456784,2024-05-07 04:00:00,2024-05-07,04:00:00,0.8273,Tuesday,4,5,Spring,0
10023456784,2024-05-07 05:00:00,2024-05-07,05:00:00,1.1361,Tuesday,5,5,Spring,0
10023456784,2024-05-07 06:00:00,2024-05-07,06:00:00,1.7292,Tuesday,6,5,Spring,0
10023456784,2024-05-07 07:00:00,2024-05-07,07:00:00,2.5880,Tuesday,7,5,Spring,0
10023456784,2024-05-07 08:00:00,2024-05-07,08:00:00,3.0512,Tuesday,8,5,Spring,0
10023456784,2024-05-07 09:00:00,2024-05-07,09:00:00,2.8103,Tuesday,9,5,Spring,0
10023456784,2024-05-07 10:00:00,2024-05-07,10:00:00,1.7880,Tuesday,10,5,Spring,0
10023456784,2024-05-07 11:00:00,2024-05-07,11:00:00,1.9222,Tuesday,11,5,Spring,0
10023456784,2024-05-07 12:00:00,2024-05-07,12:00:00,1.9716,Tuesday,12,5,Spring,0
10023456784,2024-05-07 13:00:00,2024-05-07,13:00:00,1.7878,Tuesday,13,5,Spring,0
10023456784,2024-05-07 14:00:00,2024-05-07,14:00:00,1.5907,Tuesday,14,5,Spring,0
10023456784,2024-05-07 15:00:00,2024-05-07,15:00:00,1.9913,Tuesday,15,5,Spring,0
10023456784,2024-05-07 16:00:00,2024-05-07,16:00:00,2.0747,Tuesday,16,5,Spring,0
10023456784,2024-05-07 17:00:00,2024-05-07,17:00:00,2.5874,Tuesday,17,5,Spring,0
10023456784,2024-05-07 18:00:00,2024-05-07,18:00:00,3.5343,Tuesday,18,5,Spring,0
10023456784,2024-05-07 19:00:00,2024-05-07,19:00:00,3.6353,Tuesday,19,5,Spring,0
10023456784,2024-05-07 20:00:00,2024-05-07,20:00:00,4.3628,Tuesday,20,5,Spring,0
10023456784,2024-05-07 21:00:00,2024-05-07,21:00:00,2.8198,Tuesday,21,5,Spring,0
10023456784,2024-05-07 22:00:00,2024-05-07,22:00:00,2.0665,Tuesday,22,5,Spring,0
10023456784,2024-05-07 23:00:00,2024-05-07,23:00:00,1.4051,Tuesday,23,5,Spring,0
10023456784,2024-05-08 00:00:00,2024-05-08,00:00:00,0.7333,Wednesday,0,5,Spring,0
10023456784,2024-05-08 01:00:00,2024-05-08,01:00:00,0.5750,Wednesday,1,5,Spring,0
10023456784,2024-05-08 02:00:00,2024-05-08,02:00:00,0.5745,Wednesday,2,5,Spring,0
10023456784,2024-05-08 03:00:00,2024-05-08,03:00:00,0.5988,Wednesday,3,5,Spring,0
10023456784,2024-05-08 04:00:00,2024-05-08,04:00:00,0.7379,Wednesday,4,5,Spring,0
10023456784,2024-05-08 05:00:00,2024-05-08,05:00:00,0.9471,Wednesday,5,5,Spring,0
10023456784,2024-05-08 06:00:00,2024-05-08,06:00:00,1.7098,Wednesday,6,5,Spring,0
10023456784,2024-05-08 07:00:00,2024-05-08,07:00:00,2.0531,Wednesday,7,5,Spring,0
10023456784,2024-05-08 08:00:00,2024-05-08,08:00:00,2.3212,Wednesday,8,5,Spring,0
10023456784,2024-05-08 09:00:00,2024-05-08,09:00:00,2.3789,Wednesday,9,5,Spring,0
10023456784,2024-05-08 10:00:00,2024-05-08,10:00:00,2.1034,Wednesday,10,5,Spring,0
10023456784,2024-05-08 11:00:00,2024-05-08,11:00:00,2.0459,Wednesday,11,5,Spring,0
10023456784,2024-05-08 12:00:00,2024-05-08,12:00:00,1.4907,Wednesday,12,5,Spring,0
10023456784,2024-05-08 13:00:00,2024-05-08,13:00:00,1.7641,Wednesday,13,5,Spring,0
10023456784,2024-05-08 14:00:00,2024-05-08,14:00:00,1.7661,Wednesday,14,5,Spring,0
10023456784,2024-05-08 15:00:00,2024-05-08,15:00:00,1.7929,Wednesday,15,5,Spring,0
10023456784,2024-05-08 16:00:00,2024-05-08,16:00:00,2.1508,Wednesday,16,5,Spring,0
10023456784,2024-05-08 17:00:00,2024-05-08,17:00:00,2.6272,Wednesday,17,5,Spring,0
10023456784,2024-05-08 18:00:00,2024-05-08,18:00:00,3.4847,Wednesday,18,5,Spring,0
10023456784,2024-05-08 19:00:00,2024-05-08,19:00:00,3.3121,Wednesday,19,5,Spring,0
10023456784,2024-05-08 20:00:00,2024-05-08,20:00:00,3.1093,Wednesday,20,5,Spring,0
10023456784,2024-05-08 21:00:00,2024-05-08,21:00:00,3.0404,Wednesday,21,5,Spring,0
10023456784,2024-05-08 22:00:00,2024-05-08,22:00:00,2.5565,Wednesday,22,5,Spring,0
10023456784,2024-05-08 23:00:00,2024-05-08,23:00:00,1.4477,Wednesday,23,5,Spring,0
10023456784,2024-05-09 00:00:00,2024-05-09,00:00:00,0.7197,Thursday,0,5,Spring,0
10023456784,2024-05-09 01:00:00,2024-05-09,01:00:00,0.7396,Thursday,1,5,Spring,0
10023456784,2024-05-09 02:00:00,2024-05-09,02:00:00,0.4954,Thursday,2,5,Spring,0
10023456784,2024-05-09 03:00:00,2024-05-09,03:00:00,0.8352,Thursday,3,5,Spring,0
10023456784,2024-05-09 04:00:00,2024-05-09,04:00:00,0.6966,Thursday,4,5,Spring,0
10023456784,2024-05-09 05:00:00,2024-05-09,05:00:00,1.1294,Thursday,5,5,Spring,0
10023456784,2024-05-09 06:00:00,2024-05-09,06:00:00,2.2531,Thursday,6,5,Spring,0
10023456784,2024-05-09 07:00:00,2024-05-09,07:00:00,2.2054,Thursday,7,5,Spring,0
10023456784,2024-05-09 08:00:00,2024-05-09,08:00:00,2.9957,Thursday,8,5,Spring,0
10023456784,2024-05-09 09:00:00,2024-05-09,09:00:00,2.5420,Thursday,9,5,Spring,0
10023456784,2024-05-09 10:00:00,2024-05-09,10:00:00,2.0187,Thursday,10,5,Spring,0
10023456784,2024-05-09 11:00:00,2024-05-09,11:00:00,1.9178,Thursday,11,5,Spring,0
10023456784,2024-05-09 12:00:00,2024-05-09,12:00:00,1.6754,Thursday,12,5,Spring,0
10023456784,2024-05-09 13:00:00,2024-05-09,13:00:00,0.2162,Thursday,13,5,Spring,1
10023456784,2024-05-09 14:00:00,2024-05-09,14:00:00,2.1981,Thursday,14,5,Spring,0
10023456784,2024-05-09 15:00:00,2024-05-09,15:00:00,2.1561,Thursday,15,5,Spring,0
10023456784,2024-05-09 16:00:00,2024-05-09,16:00:00,2.3649,Thursday,16,5,Spring,0
10023456784,2024-05-09 17:00:00,2024-05-09,17:00:00,2.5006,Thursday,17,5,Spring,0
10023456784,2024-05-09 18:00:00,2024-05-09,18:00:00,3.7782,Thursday,18,5,Spring,0
10023456784,2024-05-09 19:00:00,2024-05-09,19:00:00,3.7715,Thursday,19,5,Spring,0
10023456784,2024-05-09 20:00:00,2024-05-09,20:00:00,4.1979,Thursday,20,5,Spring,0
10023456784,2024-05-09 21:00:00,2024-05-09,21:00:00,4.4520,Thursday,21,5,Spring,0
10023456784,2024-05-09 22:00:00,2024-05-09,22:00:00,2.6240,Thursday,22,5,Spring,0
10023456784,2024-05-09 23:00:00,2024-05-09,23:00:00,1.2261,Thursday,23,5,Spring,0
10023456784,2024-05-10 00:00:00,2024-05-10,00:00:00,0.8548,Friday,0,5,Spring,0
10023456784,2024-05-10 01:00:00,2024-05-10,01:00:00,0.7767,Friday,1,5,Spring,0
10023456784,2024-05-10 02:00:00,2024-05-10,02:00:00,0.9344,Friday,2,5,Spring,0
10023456784,2024-05-10 03:00:00,2024-05-10,03:00:00,0.5851,Friday,3,5,Spring,0
10023456784,2024-05-10 04:00:00,2024-05-10,04:00:00,0.7197,Friday,4,5,Spring,0
10023456784,2024-05-10 05:00:00,2024-05-10,05:00:00,1.2941,Friday,5,5,Spring,0
10023456784,2024-05-10 06:00:00,2024-05-10,06:00:00,1.7624,Friday,6,5,Spring,0
10023456784,2024-05-10 07:00:00,2024-05-10,07:00:00,2.1177,Friday,7,5,Spring,0
10023456784,2024-05-10 08:00:00,2024-05-10,08:00:00,3.2028,Friday,8,5,Spring,0
10023456784,2024-05-10 09:00:00,2024-05-10,09:00:00,2.6515,Friday,9,5,Spring,0
10023456784,2024-05-10 10:00:00,2024-05-10,10:00:00,2.1221,Friday,10,5,Spring,0
10023456784,2024-05-10 11:00:00,2024-05-10,11:00:00,1.9389,Friday,11,5,Spring,0
10023456784,2024-05-10 12:00:00,2024-05-10,12:00:00,1.9511,Friday,12,5,Spring,0
10023456784,2024-05-10 13:00:00,2024-05-10,13:00:00,2.0070,Friday,13,5,Spring,0
10023456784,2024-05-10 14:00:00,2024-05-10,14:00:00,2.1259,Friday,14,5,Spring,0
10023456784,2024-05-10 15:00:00,2024-05-10,15:00:00,2.0403,Friday,15,5,Spring,0
10023456784,2024-05-10 16:00:00,2024-05-10,16:00:00,2.7604,Friday,16,5,Spring,0
10023456784,2024-05-10 17:00:00,2024-05-10,17:00:00,2.9704,Friday,17,5,Spring,0
10023456784,2024-05-10 18:00:00,2024-05-10,18:00:00,3.7997,Friday,18,5,Spring,0
10023456784,2024-05-10 19:00:00,2024-05-10,19:00:00,4.7075,Friday,19,5,Spring,0
10023456784,2024-05-10 20:00:00,2024-05-10,20:00:00,4.5557,Friday,20,5,Spring,0
10023456784,2024-05-10 21:00:00,2024-05-10,21:00:00,3.7574,Friday,21,5,Spring,0
10023456784,2024-05-10 22:00:00,2024-05-10,22:00:00,2.8467,Friday,22,5,Spring,0
10023456784,2024-05-10 23:00:00,2024-05-10,23:00:00,1.4960,Friday,23,5,Spring,0
10023456784,2024-05-11 00:00:00,2024-05-11,00:00:00,1.0830,Saturday,0,5,Spring,0
10023456784,2024-05-11 01:00:00,2024-05-11,01:00:00,0.8542,Saturday,1,5,Spring,0
10023456784,2024-05-11 02:00:00,2024-05-11,02:00:00,0.7762,Saturday,2,5,Spring,0
10023456784,2024-05-11 03:00:00,2024-05-11,03:00:00,0.8502,Saturday,3,5,Spring,0
10023456784,2024-05-11 04:00:00,2024-05-11,04:00:00,0.9351,Saturday,4,5,Spring,0
10023456784,2024-05-11 05:00:00,2024-05-11,05:00:00,1.1940,Saturday,5,5,Spring,0
10023456784,2024-05-11 06:00:00,2024-05-11,06:00:00,1.6336,Saturday,6,5,Spring,0
10023456784,2024-05-11 07:00:00,2024-05-11,07:00:00,2.4003,Saturday,7,5,Spring,0
10023456784,2024-05-11 08:00:00,2024-05-11,08:00:00,3.6764,Saturday,8,5,Spring,0
10023456784,2024-05-11 09:00:00,2024-05-11,09:00:00,3.8361,Saturday,9,5,Spring,0
10023456784,2024-05-11 10:00:00,2024-05-11,10:00:00,3.5017,Saturday,10,5,Spring,0
10023456784,2024-05-11 11:00:00,2024-05-11,11:00:00,2.7566,Saturday,11,5,Spring,0
10023456784,2024-05-11 12:00:00,2024-05-11,12:00:00,2.7994,Saturday,12,5,Spring,0
10023456784,2024-05-11 13:00:00,2024-05-11,13:00:00,2.5744,Saturday,13,5,Spring,0
10023456784,2024-05-11 14:00:00,2024-05-11,14:00:00,2.7869,Saturday,14,5,Spring,0
10023456784,2024-05-11 15:00:00,2024-05-11,15:00:00,2.9052,Saturday,15,5,Spring,0
10023456784,2024-05-11 16:00:00,2024-05-11,16:00:00,3.1967,Saturday,16,5,Spring,0
10023456784,2024-05-11 17:00:00,2024-05-11,17:00:00,4.0486,Saturday,17,5,Spring,0
10023456784,2024-05-11 18:00:00,2024-05-11,18:00:00,5.0170,Saturday,18,5,Spring,0
10023456784,2024-05-11 19:00:00,2024-05-11,19:00:00,5.0174,Saturday,19,5,Spring,0
10023456784,2024-05-11 20:00:00,2024-05-11,20:00:00,4.5032,Saturday,20,5,Spring,0
10023456784,2024-05-11 21:00:00,2024-05-11,21:00:00,4.5002,Saturday,21,5,Spring,0
10023456784,2024-05-11 22:00:00,2024-05-11,22:00:00,3.0860,Saturday,22,5,Spring,0
10023456784,2024-05-11 23:00:00,2024-05-11,23:00:00,2.0317,Saturday,23,5,Spring,0
10023456784,2024-05-12 00:00:00,2024-05-12,00:00:00,1.2952,Sunday,0,5,Spring,0
10023456784,2024-05-12 01:00:00,2024-05-12,01:00:00,1.1414,Sunday,1,5,Spring,0
10023456784,2024-05-12 02:00:00,2024-05-12,02:00:00,1.0054,Sunday,2,5,Spring,0
10023456784,2024-05-12 03:00:00,2024-05-12,03:00:00,1.0071,Sunday,3,5,Spring,0
10023456784,2024-05-12 04:00:00,2024-05-12,04:00:00,2.7132,Sunday,4,5,Spring,1
10023456784,2024-05-12 05:00:00,2024-05-12,05:00:00,2.6145,Sunday,5,5,Spring,1
10023456784,2024-05-12 06:00:00,2024-05-12,06:00:00,5.1095,Sunday,6,5,Spring,1
10023456784,2024-05-12 07:00:00,2024-05-12,07:00:00,7.2830,Sunday,7,5,Spring,1
10023456784,2024-05-12 08:00:00,2024-05-12,08:00:00,3.8061,Sunday,8,5,Spring,0
10023456784,2024-05-12 09:00:00,2024-05-12,09:00:00,4.2830,Sunday,9,5,Spring,0
10023456784,2024-05-12 10:00:00,2024-05-12,10:00:00,3.7693,Sunday,10,5,Spring,0
10023456784,2024-05-12 11:00:00,2024-05-12,11:00:00,3.3123,Sunday,11,5,Spring,0
10023456784,2024-05-12 12:00:00,2024-05-12,12:00:00,16.0952,Sunday,12,5,Spring,1
10023456784,2024-05-12 13:00:00,2024-05-12,13:00:00,2.8841,Sunday,13,5,Spring,0
10023456784,2024-05-12 14:00:00,2024-05-12,14:00:00,3.0790,Sunday,14,5,Spring,0
10023456784,2024-05-12 15:00:00,2024-05-12,15:00:00,2.8801,Sunday,15,5,Spring,0
10023456784,2024-05-12 16:00:00,2024-05-12,16:00:00,3.7508,Sunday,16,5,Spring,0
10023456784,2024-05-12 17:00:00,2024-05-12,17:00:00,3.6222,Sunday,17,5,Spring,0
10023456784,2024-05-12 18:00:00,2024-05-12,18:00:00,4.5210,Sunday,18,5,Spring,0
10023456784,2024-05-12 19:00:00,2024-05-12,19:00:00,6.3996,Sunday,19,5,Spring,0
10023456784,2024-05-12 20:00:00,2024-05-12,20:00:00,5.8528,Sunday,20,5,Spring,0
10023456784,2024-05-12 21:00:00,2024-05-12,21:00:00,4.1577,Sunday,21,5,Spring,0
10023456784,2024-05-12 22:00:00,2024-05-12,22:00:00,3.6264,Sunday,22,5,Spring,0
10023456784,2024-05-12 23:00:00,2024-05-12,23:00:00,2.8243,Sunday,23,5,Spring,0
10023456784,2024-05-13 00:00:00,2024-05-13,00:00:00,1.0197,Monday,0,5,Spring,0
10023456784,2024-05-13 01:00:00,2024-05-13,01:00:00,0.8945,Monday,1,5,Spring,0
10023456784,2024-05-13 02:00:00,2024-05-13,02:00:00,0.7841,Monday,2,5,Spring,0
10023456784,2024-05-13 03:00:00,2024-05-13,03:00:00,0.8289,Monday,3,5,Spring,0
10023456784,2024-05-13 04:00:00,2024-05-13,04:00:00,1.0690,Monday,4,5,Spring,0
10023456784,2024-05-13 05:00:00,2024-05-13,05:00:00,1.4227,Monday,5,5,Spring,0
10023456784,2024-05-13 06:00:00,2024-05-13,06:00:00,2.7771,Monday,6,5,Spring,0
10023456784,2024-05-13 07:00:00,2024-05-13,07:00:00,3.2090,Monday,7,5,Spring,0
10023456784,2024-05-13 08:00:00,2024-05-13,08:00:00,3.5927,Monday,8,5,Spring,0
10023456784,2024-05-13 09:00:00,2024-05-13,09:00:00,3.1260,Monday,9,5,Spring,0
10023456784,2024-05-13 10:00:00,2024-05-13,10:00:00,2.6741,Monday,10,5,Spring,0
10023456784,2024-05-13 11:00:00,2024-05-13,11:00:00,2.6669,Monday,11,5,Spring,0
10023456784,2024-05-13 12:00:00,2024-05-13,12:00:00,2.2695,Monday,12,5,Spring,0
10023456784,2024-05-13 13:00:00,2024-05-13,13:00:00,2.8624,Monday,13,5,Spring,0
10023456784,2024-05-13 14:00:00,2024-05-13,14:00:00,2.5091,Monday,14,5,Spring,0
10023456784,2024-05-13 15:00:00,2024-05-13,15:00:00,2.4501,Monday,15,5,Spring,0
10023456784,2024-05-13 16:00:00,2024-05-13,16:00:00,3.2661,Monday,16,5,Spring,0
10023456784,2024-05-13 17:00:00,2024-05-13,17:00:00,3.4750,Monday,17,5,Spring,0
10023456784,2024-05-13 18:00:00,2024-05-13,18:00:00,4.6552,Monday,18,5,Spring,0
10023456784,2024-05-13 19:00:00,2024-05-13,19:00:00,5.4237,Monday,19,5,Spring,0
10023456784,2024-05-13 20:00:00,2024-05-13,20:00:00,5.5888,Monday,20,5,Spring,0
10023456784,2024-05-13 21:00:00,2024-05-13,21:00:00,4.7796,Monday,21,5,Spring,0
10023456784,2024-05-13 22:00:00,2024-05-13,22:00:00,3.2622,Monday,22,5,Spring,0
10023456784,2024-05-13 23:00:00,2024-05-13,23:00:00,1.6634,Monday,23,5,Spring,0
10023456784,2024-05-14 00:00:00,2024-05-14,00:00:00,0.7578,Tuesday,0,5,Spring,0
10023456784,2024-05-14 01:00:00,2024-05-14,01:00:00,0.6717,Tuesday,1,5,Spring,0
10023456784,2024-05-14 02:00:00,2024-05-14,02:00:00,0.6446,Tuesday,2,5,Spring,0
10023456784,2024-05-14 03:00:00,2024-05-14,03:00:00,0.6846,Tuesday,3,5,Spring,0
10023456784,2024-05-14 04:00:00,2024-05-14,04:00:00,0.7826,Tuesday,4,5,Spring,0
10023456784,2024-05-14 05:00:00,2024-05-14,05:00:00,1.1894,Tuesday,5,5,Spring,0
10023456784,2024-05-14 06:00:00,2024-05-14,06:00:00,1.9919,Tuesday,6,5,Spring,0
10023456784,2024-05-14 07:00:00,2024-05-14,07:00:00,2.9907,Tuesday,7,5,Spring,0
10023456784,2024-05-14 08:00:00,2024-05-14,08:00:00,2.9551,Tuesday,8,5,Spring,0
10023456784,2024-05-14 09:00:00,2024-05-14,09:00:00,2.6705,Tuesday,9,5,Spring,0
10023456784,2024-05-14 10:00:00,2024-05-14,10:00:00,2.0478,Tuesday,10,5,Spring,0
10023456784,2024-05-14 11:00:00,2024-05-14,11:00:00,1.3766,Tuesday,11,5,Spring,0
10023456784,2024-05-14 12:00:00,2024-05-14,12:00:00,1.9068,Tuesday,12,5,Spring,0
10023456784,2024-05-14 13:00:00,2024-05-14,13:00:00,2.0087,Tuesday,13,5,Spring,0
10023456784,2024-05-14 14:00:00,2024-05-14,14:00:00,1.9576,Tuesday,14,5,Spring,0
10023456784,2024-05-14 15:00:00,2024-05-14,15:00:00,1.7979,Tuesday,15,5,Spring,0
10023456784,2024-05-14 16:00:00,2024-05-14,16:00:00,1.9381,Tuesday,16,5,Spring,0
10023456784,2024-05-14 17:00:00,2024-05-14,17:00:00,3.0686,Tuesday,17,5,Spring,0
10023456784,2024-05-14 18:00:00,2024-05-14,18:00:00,3.3422,Tuesday,18,5,Spring,0
10023456784,2024-05-14 19:00:00,2024-05-14,19:00:00,3.9500,Tuesday,19,5,Spring,0
10023456784,2024-05-14 20:00:00,2024-05-14,20:00:00,0.3976,Tuesday,20,5,Spring,1
10023456784,2024-05-14 21:00:00,2024-05-14,21:00:00,3.0556,Tuesday,21,5,Spring,0
10023456784,2024-05-14 22:00:00,2024-05-14,22:00:00,2.5041,Tuesday,22,5,Spring,0
10023456784,2024-05-14 23:00:00,2024-05-14,23:00:00,1.3417,Tuesday,23,5,Spring,0
10023456784,2024-05-15 00:00:00,2024-05-15,00:00:00,1.0839,Wednesday,0,5,Spring,0
10023456784,2024-05-15 01:00:00,2024-05-15,01:00:00,0.9178,Wednesday,1,5,Spring,0
10023456784,2024-05-15 02:00:00,2024-05-15,02:00:00,0.6782,Wednesday,2,5,Spring,0
10023456784,2024-05-15 03:00:00,2024-05-15,03:00:00,0.8952,Wednesday,3,5,Spring,0
10023456784,2024-05-15 04:00:00,2024-05-15,04:00:00,0.9529,Wednesday,4,5,Spring,0
10023456784,2024-05-15 05:00:00,2024-05-15,05:00:00,1.6017,Wednesday,5,5,Spring,0
10023456784,2024-05-15 06:00:00,2024-05-15,06:00:00,2.3446,Wednesday,6,5,Spring,0
10023456784,2024-05-15 07:00:00,2024-05-15,07:00:00,3.4658,Wednesday,7,5,Spring,0
10023456784,2024-05-15 08:00:00,2024-05-15,08:00:00,3.7007,Wednesday,8,5,Spring,0
10023456784,2024-05-15 09:00:00,2024-05-15,09:00:00,2.9758,Wednesday,9,5,Spring,0
10023456784,2024-05-15 10:00:00,2024-05-15,10:00:00,2.4607,Wednesday,10,5,Spring,0
10023456784,2024-05-15 11:00:00,2024-05-15,11:00:00,2.0662,Wednesday,11,5,Spring,0
10023456784,2024-05-15 12:00:00,2024-05-15,12:00:00,2.1329,Wednesday,12,5,Spring,0
10023456784,2024-05-15 13:00:00,2024-05-15,13:00:00,2.8967,Wednesday,13,5,Spring,0
10023456784,2024-05-15 14:00:00,2024-05-15,14:00:00,2.2673,Wednesday,14,5,Spring,0
10023456784,2024-05-15 15:00:00,2024-05-15,15:00:00,2.7075,Wednesday,15,5,Spring,0
10023456784,2024-05-15 16:00:00,2024-05-15,16:00:00,2.5478,Wednesday,16,5,Spring,0
10023456784,2024-05-15 17:00:00,2024-05-15,17:00:00,2.9954,Wednesday,17,5,Spring,0
10023456784,2024-05-15 18:00:00,2024-05-15,18:00:00,4.9846,Wednesday,18,5,Spring,0
10023456784,2024-05-15 19:00:00,2024-05-15,19:00:00,4.9296,Wednesday,19,5,Spring,0
10023456784,2024-05-15 20:00:00,2024-05-15,20:00:00,4.8428,Wednesday,20,5,Spring,0
10023456784,2024-05-15 21:00:00,2024-05-15,21:00:00,4.1751,Wednesday,21,5,Spring,0
10023456784,2024-05-15 22:00:00,2024-05-15,22:00:00,2.5841,Wednesday,22,5,Spring,0
10023456784,2024-05-15 23:00:00,2024-05-15,23:00:00,1.7358,Wednesday,23,5,Spring,0
10023456784,2024-05-16 00:00:00,2024-05-16,00:00:00,1.0787,Thursday,0,5,Spring,0
10023456784,2024-05-16 01:00:00,2024-05-16,01:00:00,0.7302,Thursday,1,5,Spring,0
10023456784,2024-05-16 02:00:00,2024-05-16,02:00:00,0.5627,Thursday,2,5,Spring,0
10023456784,2024-05-16 03:00:00,2024-05-16,03:00:00,0.6166,Thursday,3,5,Spring,0
10023456784,2024-05-16 04:00:00,2024-05-16,04:00:00,0.9095,Thursday,4,5,Spring,0
10023456784,2024-05-16 05:00:00,2024-05-16,05:00:00,1.1344,Thursday,5,5,Spring,0
10023456784,2024-05-16 06:00:00,2024-05-16,06:00:00,2.2636,Thursday,6,5,Spring,0
10023456784,2024-05-16 07:00:00,2024-05-16,07:00:00,3.0041,Thursday,7,5,Spring,0
10023456784,2024-05-16 08:00:00,2024-05-16,08:00:00,3.0304,Thursday,8,5,Spring,0
10023456784,2024-05-16 09:00:00,2024-05-16,09:00:00,2.6531,Thursday,9,5,Spring,0
10023456784,2024-05-16 10:00:00,2024-05-16,10:00:00,2.0381,Thursday,10,5,Spring,0
10023456784,2024-05-16 11:00:00,2024-05-16,11:00:00,2.0231,Thursday,11,5,Spring,0
10023456784,2024-05-16 12:00:00,2024-05-16,12:00:00,2.0484,Thursday,12,5,Spring,0
10023456784,2024-05-16 13:00:00,2024-05-16,13:00:00,2.3008,Thursday,13,5,Spring,0
10023456784,2024-05-16 14:00:00,2024-05-16,14:00:00,1.7151,Thursday,14,5,Spring,0
10023456784,2024-05-16 15:00:00,2024-05-16,15:00:00,2.2563,Thursday,15,5,Spring,0
10023456784,2024-05-16 16:00:00,2024-05-16,16:00:00,2.2055,Thursday,16,5,Spring,0
10023456784,2024-05-16 17:00:00,2024-05-16,17:00:00,3.2496,Thursday,17,5,Spring,0
10023456784,2024-05-16 18:00:00,2024-05-16,18:00:00,3.6274,Thursday,18,5,Spring,0
10023456784,2024-05-16 19:00:00,2024-05-16,19:00:00,5.5023,Thursday,19,5,Spring,0
10023456784,2024-05-16 20:00:00,2024-05-16,20:00:00,24.2687,Thursday,20,5,Spring,1
10023456784,2024-05-16 21:00:00,2024-05-16,21:00:00,4.0991,Thursday,21,5,Spring,0
10023456784,2024-05-16 22:00:00,2024-05-16,22:00:00,2.5711,Thursday,22,5,Spring,0
10023456784,2024-05-16 23:00:00,2024-05-16,23:00:00,1.7002,Thursday,23,5,Spring,0
10023456784,2024-05-17 00:00:00,2024-05-17,00:00:00,1.1833,Friday,0,5,Spring,0
10023456784,2024-05-17 01:00:00,2024-05-17,01:00:00,0.7584,Friday,1,5,Spring,0
10023456784,2024-05-17 02:00:00,2024-05-17,02:00:00,0.8701,Friday,2,5,Spring,0
10023456784,2024-05-17 03:00:00,2024-05-17,03:00:00,0.7744,Friday,3,5,Spring,0
10023456784,2024-05-17 04:00:00,2024-05-17,04:00:00,0.8534,Friday,4,5,Spring,0
10023456784,2024-05-17 05:00:00,2024-05-17,05:00:00,1.3990,Friday,5,5,Spring,0
10023456784,2024-05-17 06:00:00,2024-05-17,06:00:00,2.3752,Friday,6,5,Spring,0
10023456784,2024-05-17 07:00:00,2024-05-17,07:00:00,3.1287,Friday,7,5,Spring,0
10023456784,2024-05-17 08:00:00,2024-05-17,08:00:00,2.9582,Friday,8,5,Spring,0
10023456784,2024-05-17 09:00:00,2024-05-17,09:00:00,2.6954,Friday,9,5,Spring,0
10023456784,2024-05-17 10:00:00,2024-05-17,10:00:00,2.2891,Friday,10,5,Spring,0
10023456784,2024-05-17 11:00:00,2024-05-17,11:00:00,1.9187,Friday,11,5,Spring,0
10023456784,2024-05-17 12:00:00,2024-05-17,12:00:00,2.1566,Friday,12,5,Spring,0
10023456784,2024-05-17 13:00:00,2024-05-17,13:00:00,2.2775,Friday,13,5,Spring,0
10023456784,2024-05-17 14:00:00,2024-05-17,14:00:00,1.8370,Friday,14,5,Spring,0
10023456784,2024-05-17 15:00:00,2024-05-17,15:00:00,2.2054,Friday,15,5,Spring,0
10023456784,2024-05-17 16:00:00,2024-05-17,16:00:00,2.9640,Friday,16,5,Spring,0
10023456784,2024-05-17 17:00:00,2024-05-17,17:00:00,3.1286,Friday,17,5,Spring,0
10023456784,2024-05-17 18:00:00,2024-05-17,18:00:00,4.4103,Friday,18,5,Spring,0
10023456784,2024-05-17 19:00:00,2024-05-17,19:00:00,4.3133,Friday,19,5,Spring,0
10023456784,2024-05-17 20:00:00,2024-05-17,20:00:00,3.6592,Friday,20,5,Spring,0
10023456784,2024-05-17 21:00:00,2024-05-17,21:00:00,4.1435,Friday,21,5,Spring,0
10023456784,2024-05-17 22:00:00,2024-05-17,22:00:00,2.6050,Friday,22,5,Spring,0
10023456784,2024-05-17 23:00:00,2024-05-17,23:00:00,1.9336,Friday,23,5,Spring,0
10023456784,2024-05-18 00:00:00,2024-05-18,00:00:00,1.1482,Saturday,0,5,Spring,0
10023456784,2024-05-18 01:00:00,2024-05-18,01:00:00,1.0491,Saturday,1,5,Spring,0
10023456784,2024-05-18 02:00:00,2024-05-18,02:00:00,0.9190,Saturday,2,5,Spring,0
10023456784,2024-05-18 03:00:00,2024-05-18,03:00:00,1.1259,Saturday,3,5,Spring,0
10023456784,2024-05-18 04:00:00,2024-05-18,04:00:00,1.0450,Saturday,4,5,Spring,0
10023456784,2024-05-18 05:00:00,2024-05-18,05:00:00,1.2290,Saturday,5,5,Spring,0
10023456784,2024-05-18 06:00:00,2024-05-18,06:00:00,1.9433,Saturday,6,5,Spring,0
10023456784,2024-05-18 07:00:00,2024-05-18,07:00:00,2.8994,Saturday,7,5,Spring,0
10023456784,2024-05-18 08:00:00,2024-05-18,08:00:00,3.5702,Saturday,8,5,Spring,0
10023456784,2024-05-18 09:00:00,2024-05-18,09:00:00,4.4371,Saturday,9,5,Spring,0
10023456784,2024-05-18 10:00:00,2024-05-18,10:00:00,3.8714,Saturday,10,5,Spring,0
10023456784,2024-05-18 11:00:00,2024-05-18,11:00:00,3.0446,Saturday,11,5,Spring,0
10023456784,2024-05-18 12:00:00,2024-05-18,12:00:00,3.2754,Saturday,12,5,Spring,0
10023456784,2024-05-18 13:00:00,2024-05-18,13:00:00,2.7455,Saturday,13,5,Spring,0
10023456784,2024-05-18 14:00:00,2024-05-18,14:00:00,2.8494,Saturday,14,5,Spring,0
10023456784,2024-05-18 15:00:00,2024-05-18,15:00:00,3.1498,Saturday,15,5,Spring,0
10023456784,2024-05-18 16:00:00,2024-05-18,16:00:00,3.3528,Saturday,16,5,Spring,0
10023456784,2024-05-18 17:00:00,2024-05-18,17:00:00,4.4482,Saturday,17,5,Spring,0
10023456784,2024-05-18 18:00:00,2024-05-18,18:00:00,5.4009,Saturday,18,5,Spring,0
10023456784,2024-05-18 19:00:00,2024-05-18,19:00:00,5.7377,Saturday,19,5,Spring,0
10023456784,2024-05-18 20:00:00,2024-05-18,20:00:00,5.0271,Saturday,20,5,Spring,0
10023456784,2024-05-18 21:00:00,2024-05-18,21:00:00,4.3213,Saturday,21,5,Spring,0
10023456784,2024-05-18 22:00:00,2024-05-18,22:00:00,3.8590,Saturday,22,5,Spring,0
10023456784,2024-05-18 23:00:00,2024-05-18,23:00:00,2.6133,Saturday,23,5,Spring,0
10023456784,2024-05-19 00:00:00,2024-05-19,00:00:00,1.2246,Sunday,0,5,Spring,0
10023456784,2024-05-19 01:00:00,2024-05-19,01:00:00,1.1820,Sunday,1,5,Spring,0
10023456784,2024-05-19 02:00:00,2024-05-19,02:00:00,1.2165,Sunday,2,5,Spring,0
10023456784,2024-05-19 03:00:00,2024-05-19,03:00:00,1.0900,Sunday,3,5,Spring,0
10023456784,2024-05-19 04:00:00,2024-05-19,04:00:00,1.3612,Sunday,4,5,Spring,0
10023456784,2024-05-19 05:00:00,2024-05-19,05:00:00,1.3106,Sunday,5,5,Spring,0
10023456784,2024-05-19 06:00:00,2024-05-19,06:00:00,2.0212,Sunday,6,5,Spring,0
10023456784,2024-05-19 07:00:00,2024-05-19,07:00:00,3.3583,Sunday,7,5,Spring,0
10023456784,2024-05-19 08:00:00,2024-05-19,08:00:00,4.4083,Sunday,8,5,Spring,0
10023456784,2024-05-19 09:00:00,2024-05-19,09:00:00,4.8128,Sunday,9,5,Spring,0
10023456784,2024-05-19 10:00:00,2024-05-19,10:00:00,4.6541,Sunday,10,5,Spring,0
10023456784,2024-05-19 11:00:00,2024-05-19,11:00:00,4.0847,Sunday,11,5,Spring,0
10023456784,2024-05-19 12:00:00,2024-05-19,12:00:00,4.1598,Sunday,12,5,Spring,0
10023456784,2024-05-19 13:00:00,2024-05-19,13:00:00,3.7534,Sunday,13,5,Spring,0
10023456784,2024-05-19 14:00:00,2024-05-19,14:00:00,3.6527,Sunday,14,5,Spring,0
10023456784,2024-05-19 15:00:00,2024-05-19,15:00:00,3.6683,Sunday,15,5,Spring,0
10023456784,2024-05-19 16:00:00,2024-05-19,16:00:00,3.4900,Sunday,16,5,Spring,0
10023456784,2024-05-19 17:00:00,2024-05-19,17:00:00,5.7181,Sunday,17,5,Spring,0
10023456784,2024-05-19 18:00:00,2024-05-19,18:00:00,6.3662,Sunday,18,5,Spring,0
10023456784,2024-05-19 19:00:00,2024-05-19,19:00:00,6.5207,Sunday,19,5,Spring,0
10023456784,2024-05-19 20:00:00,2024-05-19,20:00:00,5.9514,Sunday,20,5,Spring,0
10023456784,2024-05-19 21:00:00,2024-05-19,21:00:00,4.6737,Sunday,21,5,Spring,0
10023456784,2024-05-19 22:00:00,2024-05-19,22:00:00,4.2455,Sunday,22,5,Spring,0
10023456784,2024-05-19 23:00:00,2024-05-19,23:00:00,2.7325,Sunday,23,5,Spring,0
10023456784,2024-05-20 00:00:00,2024-05-20,00:00:00,1.0041,Monday,0,5,Spring,0
10023456784,2024-05-20 01:00:00,2024-05-20,01:00:00,0.8764,Monday,1,5,Spring,0
10023456784,2024-05-20 02:00:00,2024-05-20,02:00:00,1.0722,Monday,2,5,Spring,0
10023456784,2024-05-20 03:00:00,2024-05-20,03:00:00,0.8745,Monday,3,5,Spring,0
10023456784,2024-05-20 04:00:00,2024-05-20,04:00:00,1.1763,Monday,4,5,Spring,0
10023456784,2024-05-20 05:00:00,2024-05-20,05:00:00,1.6712,Monday,5,5,Spring,0
10023456784,2024-05-20 06:00:00,2024-05-20,06:00:00,2.9354,Monday,6,5,Spring,0
10023456784,2024-05-20 07:00:00,2024-05-20,07:00:00,3.5157,Monday,7,5,Spring,0
10023456784,2024-05-20 08:00:00,2024-05-20,08:00:00,3.6362,Monday,8,5,Spring,0
10023456784,2024-05-20 09:00:00,2024-05-20,09:00:00,3.4809,Monday,9,5,Spring,0
10023456784,2024-05-20 10:00:00,2024-05-20,10:00:00,2.5674,Monday,10,5,Spring,0
10023456784,2024-05-20 11:00:00,2024-05-20,11:00:00,2.2408,Monday,11,5,Spring,0
10023456784,2024-05-20 12:00:00,2024-05-20,12:00:00,2.5250,Monday,12,5,Spring,0
10023456784,2024-05-20 13:00:00,2024-05-20,13:00:00,2.7126,Monday,13,5,Spring,0
10023456784,2024-05-20 14:00:00,2024-05-20,14:00:00,2.4735,Monday,14,5,Spring,0
10023456784,2024-05-20 15:00:00,2024-05-20,15:00:00,2.4633,Monday,15,5,Spring,0
10023456784,2024-05-20 16:00:00,2024-05-20,16:00:00,3.6217,Monday,16,5,Spring,0
10023456784,2024-05-20 17:00:00,2024-05-20,17:00:00,4.3830,Monday,17,5,Spring,0
10023456784,2024-05-20 18:00:00,2024-05-20,18:00:00,4.9048,Monday,18,5,Spring,0
10023456784,2024-05-20 19:00:00,2024-05-20,19:00:00,4.7553,Monday,19,5,Spring,0
10023456784,2024-05-20 20:00:00,2024-05-20,20:00:00,6.2396,Monday,20,5,Spring,0
10023456784,2024-05-20 21:00:00,2024-05-20,21:00:00,4.6331,Monday,21,5,Spring,0
10023456784,2024-05-20 22:00:00,2024-05-20,22:00:00,3.4213,Monday,22,5,Spring,0
10023456784,2024-05-20 23:00:00,2024-05-20,23:00:00,1.9217,Monday,23,5,Spring,0
10023456784,2024-05-21 00:00:00,2024-05-21,00:00:00,1.2219,Tuesday,0,5,Spring,0
10023456784,2024-05-21 01:00:00,2024-05-21,01:00:00,1.0535,Tuesday,1,5,Spring,0
10023456784,2024-05-21 02:00:00,2024-05-21,02:00:00,3.2339,Tuesday,2,5,Spring,1
10023456784,2024-05-21 03:00:00,2024-05-21,03:00:00,0.8185,Tuesday,3,5,Spring,0
10023456784,2024-05-21 04:00:00,2024-05-21,04:00:00,1.0074,Tuesday,4,5,Spring,0
10023456784,2024-05-21 05:00:00,2024-05-21,05:00:00,1.3533,Tuesday,5,5,Spring,0
10023456784,2024-05-21 06:00:00,2024-05-21,06:00:00,2.7211,Tuesday,6,5,Spring,0
10023456784,2024-05-21 07:00:00,2024-05-21,07:00:00,3.2619,Tuesday,7,5,Spring,0
10023456784,2024-05-21 08:00:00,2024-05-21,08:00:00,3.9753,Tuesday,8,5,Spring,0
10023456784,2024-05-21 09:00:00,2024-05-21,09:00:00,3.4653,Tuesday,9,5,Spring,0
10023456784,2024-05-21 10:00:00,2024-05-21,10:00:00,3.0587,Tuesday,10,5,Spring,0
10023456784,2024-05-21 11:00:00,2024-05-21,11:00:00,2.4766,Tuesday,11,5,Spring,0
10023456784,2024-05-21 12:00:00,2024-05-21,12:00:00,9.3914,Tuesday,12,5,Spring,1
10023456784,2024-05-21 13:00:00,2024-05-21,13:00:00,3.2377,Tuesday,13,5,Spring,0
10023456784,2024-05-21 14:00:00,2024-05-21,14:00:00,2.3936,Tuesday,14,5,Spring,0
10023456784,2024-05-21 15:00:00,2024-05-21,15:00:00,2.5479,Tuesday,15,5,Spring,0
10023456784,2024-05-21 16:00:00,2024-05-21,16:00:00,2.6715,Tuesday,16,5,Spring,0
10023456784,2024-05-21 17:00:00,2024-05-21,17:00:00,4.4930,Tuesday,17,5,Spring,0
10023456784,2024-05-21 18:00:00,2024-05-21,18:00:00,4.7178,Tuesday,18,5,Spring,0
10023456784,2024-05-21 19:00:00,2024-05-21,19:00:00,4.6901,Tuesday,19,5,Spring,0
10023456784,2024-05-21 20:00:00,2024-05-21,20:00:00,4.3350,Tuesday,20,5,Spring,0
10023456784,2024-05-21 21:00:00,2024-05-21,21:00:00,4.9931,Tuesday,21,5,Spring,0
10023456784,2024-05-21 22:00:00,2024-05-21,22:00:00,3.0916,Tuesday,22,5,Spring,0
10023456784,2024-05-21 23:00:00,2024-05-21,23:00:00,1.9480,Tuesday,23,5,Spring,0
10023456784,2024-05-22 00:00:00,2024-05-22,00:00:00,1.2099,Wednesday,0,5,Spring,0
10023456784,2024-05-22 01:00:00,2024-05-22,01:00:00,1.2260,Wednesday,1,5,Spring,0
10023456784,2024-05-22 02:00:00,2024-05-22,02:00:00,0.9182,Wednesday,2,5,Spring,0
10023456784,2024-05-22 03:00:00,2024-05-22,03:00:00,1.1491,Wednesday,3,5,Spring,0
10023456784,2024-05-22 04:00:00,2024-05-22,04:00:00,1.0418,Wednesday,4,5,Spring,0
10023456784,2024-05-22 05:00:00,2024-05-22,05:00:00,1.5458,Wednesday,5,5,Spring,0
10023456784,2024-05-22 06:00:00,2024-05-22,06:00:00,2.4925,Wednesday,6,5,Spring,0
10023456784,2024-05-22 07:00:00,2024-05-22,07:00:00,4.4926,Wednesday,7,5,Spring,0
10023456784,2024-05-22 08:00:00,2024-05-22,08:00:00,4.4994,Wednesday,8,5,Spring,0
10023456784,2024-05-22 09:00:00,2024-05-22,09:00:00,4.1121,Wednesday,9,5,Spring,0
10023456784,2024-05-22 10:00:00,2024-05-22,10:00:00,2.5009,Wednesday,10,5,Spring,0
10023456784,2024-05-22 11:00:00,2024-05-22,11:00:00,2.9674,Wednesday,11,5,Spring,0
10023456784,2024-05-22 12:00:00,2024-05-22,12:00:00,2.3664,Wednesday,12,5,Spring,0
10023456784,2024-05-22 13:00:00,2024-05-22,13:00:00,2.4035,Wednesday,13,5,Spring,0
10023456784,2024-05-22 14:00:00,2024-05-22,14:00:00,2.6610,Wednesday,14,5,Spring,0
10023456784,2024-05-22 15:00:00,2024-05-22,15:00:00,3.0633,Wednesday,15,5,Spring,0
10023456784,2024-05-22 16:00:00,2024-05-22,16:00:00,3.8637,Wednesday,16,5,Spring,0
10023456784,2024-05-22 17:00:00,2024-05-22,17:00:00,11.6645,Wednesday,17,5,Spring,1
10023456784,2024-05-22 18:00:00,2024-05-22,18:00:00,5.1923,Wednesday,18,5,Spring,0
10023456784,2024-05-22 19:00:00,2024-05-22,19:00:00,6.6944,Wednesday,19,5,Spring,0
10023456784,2024-05-22 20:00:00,2024-05-22,20:00:00,7.0267,Wednesday,20,5,Spring,0
10023456784,2024-05-22 21:00:00,2024-05-22,21:00:00,4.7935,Wednesday,21,5,Spring,0
10023456784,2024-05-22 22:00:00,2024-05-22,22:00:00,3.7547,Wednesday,22,5,Spring,0
10023456784,2024-05-22 23:00:00,2024-05-22,23:00:00,2.5166,Wednesday,23,5,Spring,0
10023456784,2024-05-23 00:00:00,2024-05-23,00:00:00,0.7067,Thursday,0,5,Spring,0
10023456784,2024-05-23 01:00:00,2024-05-23,01:00:00,0.6028,Thursday,1,5,Spring,0
10023456784,2024-05-23 02:00:00,2024-05-23,02:00:00,0.6396,Thursday,2,5,Spring,0
10023456784,2024-05-23 03:00:00,2024-05-23,03:00:00,0.7526,Thursday,3,5,Spring,0
10023456784,2024-05-23 04:00:00,2024-05-23,04:00:00,0.6194,Thursday,4,5,Spring,0
10023456784,2024-05-23 05:00:00,2024-05-23,05:00:00,0.9676,Thursday,5,5,Spring,0
10023456784,2024-05-23 06:00:00,2024-05-23,06:00:00,1.9492,Thursday,6,5,Spring,0
10023456784,2024-05-23 07:00:00,2024-05-23,07:00:00,2.5839,Thursday,7,5,Spring,0
10023456784,2024-05-23 08:00:00,2024-05-23,08:00:00,3.2235,Thursday,8,5,Spring,0
10023456784,2024-05-23 09:00:00,2024-05-23,09:00:00,2.5510,Thursday,9,5,Spring,0
10023456784,2024-05-23 10:00:00,2024-05-23,10:00:00,1.4096,Thursday,10,5,Spring,0
10023456784,2024-05-23 11:00:00,2024-05-23,11:00:00,2.0042,Thursday,11,5,Spring,0
10023456784,2024-05-23 12:00:00,2024-05-23,12:00:00,1.8247,Thursday,12,5,Spring,0
10023456784,2024-05-23 13:00:00,2024-05-23,13:00:00,1.5229,Thursday,13,5,Spring,0
10023456784,2024-05-23 14:00:00,2024-05-23,14:00:00,1.8436,Thursday,14,5,Spring,0
10023456784,2024-05-23 15:00:00,2024-05-23,15:00:00,1.7833,Thursday,15,5,Spring,0
10023456784,2024-05-23 16:00:00,2024-05-23,16:00:00,2.3064,Thursday,16,5,Spring,0
10023456784,2024-05-23 17:00:00,2024-05-23,17:00:00,2.8548,Thursday,17,5,Spring,0
10023456784,2024-05-23 18:00:00,2024-05-23,18:00:00,3.7425,Thursday,18,5,Spring,0
10023456784,2024-05-23 19:00:00,2024-05-23,19:00:00,4.2931,Thursday,19,5,Spring,0
10023456784,2024-05-23 20:00:00,2024-05-23,20:00:00,3.6396,Thursday,20,5,Spring,0
10023456784,2024-05-23 21:00:00,2024-05-23,21:00:00,3.7043,Thursday,21,5,Spring,0
10023456784,2024-05-23 22:00:00,2024-05-23,22:00:00,2.4116,Thursday,22,5,Spring,0
10023456784,2024-05-23 23:00:00,2024-05-23,23:00:00,1.5021,Thursday,23,5,Spring,0
10023456784,2024-05-24 00:00:00,2024-05-24,00:00:00,0.8256,Friday,0,5,Spring,0
10023456784,2024-05-24 01:00:00,2024-05-24,01:00:00,0.8054,Friday,1,5,Spring,0
10023456784,2024-05-24 02:00:00,2024-05-24,02:00:00,0.6645,Friday,2,5,Spring,0
10023456784,2024-05-24 03:00:00,2024-05-24,03:00:00,0.8124,Friday,3,5,Spring,0
10023456784,2024-05-24 04:00:00,2024-05-24,04:00:00,1.0105,Friday,4,5,Spring,0
10023456784,2024-05-24 05:00:00,2024-05-24,05:00:00,1.2948,Friday,5,5,Spring,0
10023456784,2024-05-24 06:00:00,2024-05-24,06:00:00,2.4590,Friday,6,5,Spring,0
10023456784,2024-05-24 07:00:00,2024-05-24,07:00:00,2.2952,Friday,7,5,Spring,0
10023456784,2024-05-24 08:00:00,2024-05-24,08:00:00,3.2406,Friday,8,5,Spring,0
10023456784,2024-05-24 09:00:00,2024-05-24,09:00:00,2.3059,Friday,9,5,Spring,0
10023456784,2024-05-24 10:00:00,2024-05-24,10:00:00,2.1168,Friday,10,5,Spring,0
10023456784,2024-05-24 11:00:00,2024-05-24,11:00:00,2.4771,Friday,11,5,Spring,0
10023456784,2024-05-24 12:00:00,2024-05-24,12:00:00,2.2031,Friday,12,5,Spring,0
10023456784,2024-05-24 13:00:00,2024-05-24,13:00:00,2.0712,Friday,13,5,Spring,0
10023456784,2024-05-24 14:00:00,2024-05-24,14:00:00,2.2194,Friday,14,5,Spring,0
10023456784,2024-05-24 15:00:00,2024-05-24,15:00:00,2.2463,Friday,15,5,Spring,0
10023456784,2024-05-24 16:00:00,2024-05-24,16:00:00,3.0698,Friday,16,5,Spring,0
10023456784,2024-05-24 17:00:00,2024-05-24,17:00:00,3.2506,Friday,17,5,Spring,0
10023456784,2024-05-24 18:00:00,2024-05-24,18:00:00,4.2284,Friday,18,5,Spring,0
10023456784,2024-05-24 19:00:00,2024-05-24,19:00:00,4.8968,Friday,19,5,Spring,0
10023456784,2024-05-24 20:00:00,2024-05-24,20:00:00,4.6230,Friday,20,5,Spring,0
10023456784,2024-05-24 21:00:00,2024-05-24,21:00:00,3.7023,Friday,21,5,Spring,0
10023456784,2024-05-24 22:00:00,2024-05-24,22:00:00,3.5872,Friday,22,5,Spring,0
10023456784,2024-05-24 23:00:00,2024-05-24,23:00:00,1.6537,Friday,23,5,Spring,0
10023456784,2024-05-25 00:00:00,2024-05-25,00:00:00,1.1117,Saturday,0,5,Spring,0
10023456784,2024-05-25 01:00:00,2024-05-25,01:00:00,0.8431,Saturday,1,5,Spring,0
10023456784,2024-05-25 02:00:00,2024-05-25,02:00:00,0.7870,Saturday,2,5,Spring,0
10023456784,2024-05-25 03:00:00,2024-05-25,03:00:00,0.7156,Saturday,3,5,Spring,0
10023456784,2024-05-25 04:00:00,2024-05-25,04:00:00,0.6894,Saturday,4,5,Spring,0
10023456784,2024-05-25 05:00:00,2024-05-25,05:00:00,0.9890,Saturday,5,5,Spring,0
10023456784,2024-05-25 06:00:00,2024-05-25,06:00:00,1.4546,Saturday,6,5,Spring,0
10023456784,2024-05-25 07:00:00,2024-05-25,07:00:00,2.2074,Saturday,7,5,Spring,0
10023456784,2024-05-25 08:00:00,2024-05-25,08:00:00,2.7185,Saturday,8,5,Spring,0
10023456784,2024-05-25 09:00:00,2024-05-25,09:00:00,3.7324,Saturday,9,5,Spring,0
10023456784,2024-05-25 10:00:00,2024-05-25,10:00:00,3.2485,Saturday,10,5,Spring,0
10023456784,2024-05-25 11:00:00,2024-05-25,11:00:00,2.5277,Saturday,11,5,Spring,0
10023456784,2024-05-25 12:00:00,2024-05-25,12:00:00,2.3380,Saturday,12,5,Spring,0
10023456784,2024-05-25 13:00:00,2024-05-25,13:00:00,2.4181,Saturday,13,5,Spring,0
10023456784,2024-05-25 14:00:00,2024-05-25,14:00:00,2.0971,Saturday,14,5,Spring,0
10023456784,2024-05-25 15:00:00,2024-05-25,15:00:00,3.3030,Saturday,15,5,Spring,0
10023456784,2024-05-25 16:00:00,2024-05-25,16:00:00,2.8772,Saturday,16,5,Spring,0
10023456784,2024-05-25 17:00:00,2024-05-25,17:00:00,3.2525,Saturday,17,5,Spring,0
10023456784,2024-05-25 18:00:00,2024-05-25,18:00:00,3.8112,Saturday,18,5,Spring,0
10023456784,2024-05-25 19:00:00,2024-05-25,19:00:00,4.7305,Saturday,19,5,Spring,0
10023456784,2024-05-25 20:00:00,2024-05-25,20:00:00,4.9415,Saturday,20,5,Spring,0
10023456784,2024-05-25 21:00:00,2024-05-25,21:00:00,3.2907,Saturday,21,5,Spring,0
10023456784,2024-05-25 22:00:00,2024-05-25,22:00:00,2.8014,Saturday,22,5,Spring,0
10023456784,2024-05-25 23:00:00,2024-05-25,23:00:00,1.9177,Saturday,23,5,Spring,0
10023456784,2024-05-26 00:00:00,2024-05-26,00:00:00,1.1536,Sunday,0,5,Spring,0
10023456784,2024-05-26 01:00:00,2024-05-26,01:00:00,0.7700,Sunday,1,5,Spring,0
10023456784,2024-05-26 02:00:00,2024-05-26,02:00:00,0.8741,Sunday,2,5,Spring,0
10023456784,2024-05-26 03:00:00,2024-05-26,03:00:00,0.7567,Sunday,3,5,Spring,0
10023456784,2024-05-26 04:00:00,2024-05-26,04:00:00,1.7098,Sunday,4,5,Spring,1
10023456784,2024-05-26 05:00:00,2024-05-26,05:00:00,2.4778,Sunday,5,5,Spring,1
10023456784,2024-05-26 06:00:00,2024-05-26,06:00:00,3.2566,Sunday,6,5,Spring,1
10023456784,2024-05-26 07:00:00,2024-05-26,07:00:00,3.9998,Sunday,7,5,Spring,1
10023456784,2024-05-26 08:00:00,2024-05-26,08:00:00,3.1987,Sunday,8,5,Spring,0
10023456784,2024-05-26 09:00:00,2024-05-26,09:00:00,3.1379,Sunday,9,5,Spring,0
10023456784,2024-05-26 10:00:00,2024-05-26,10:00:00,2.9919,Sunday,10,5,Spring,0
10023456784,2024-05-26 11:00:00,2024-05-26,11:00:00,2.6263,Sunday,11,5,Spring,0
10023456784,2024-05-26 12:00:00,2024-05-26,12:00:00,2.8617,Sunday,12,5,Spring,0
10023456784,2024-05-26 13:00:00,2024-05-26,13:00:00,1.7929,Sunday,13,5,Spring,0
10023456784,2024-05-26 14:00:00,2024-05-26,14:00:00,2.4017,Sunday,14,5,Spring,0
10023456784,2024-05-26 15:00:00,2024-05-26,15:00:00,2.3969,Sunday,15,5,Spring,0
10023456784,2024-05-26 16:00:00,2024-05-26,16:00:00,2.8452,Sunday,16,5,Spring,0
10023456784,2024-05-26 17:00:00,2024-05-26,17:00:00,3.7453,Sunday,17,5,Spring,0
10023456784,2024-05-26 18:00:00,2024-05-26,18:00:00,4.0031,Sunday,18,5,Spring,0
10023456784,2024-05-26 19:00:00,2024-05-26,19:00:00,3.9615,Sunday,19,5,Spring,0
10023456784,2024-05-26 20:00:00,2024-05-26,20:00:00,4.4614,Sunday,20,5,Spring,0
10023456784,2024-05-26 21:00:00,2024-05-26,21:00:00,3.7613,Sunday,21,5,Spring,0
10023456784,2024-05-26 22:00:00,2024-05-26,22:00:00,2.5925,Sunday,22,5,Spring,0
10023456784,2024-05-26 23:00:00,2024-05-26,23:00:00,1.9475,Sunday,23,5,Spring,0
10023456784,2024-05-27 00:00:00,2024-05-27,00:00:00,0.7327,Monday,0,5,Spring,0
10023456784,2024-05-27 01:00:00,2024-05-27,01:00:00,0.6295,Monday,1,5,Spring,0
10023456784,2024-05-27 02:00:00,2024-05-27,02:00:00,0.6078,Monday,2,5,Spring,0
10023456784,2024-05-27 03:00:00,2024-05-27,03:00:00,0.5470,Monday,3,5,Spring,0
10023456784,2024-05-27 04:00:00,2024-05-27,04:00:00,0.8257,Monday,4,5,Spring,0
10023456784,2024-05-27 05:00:00,2024-05-27,05:00:00,0.9880,Monday,5,5,Spring,0
10023456784,2024-05-27 06:00:00,2024-05-27,06:00:00,1.6264,Monday,6,5,Spring,0
10023456784,2024-05-27 07:00:00,2024-05-27,07:00:00,2.6534,Monday,7,5,Spring,0
10023456784,2024-05-27 08:00:00,2024-05-27,08:00:00,2.4870,Monday,8,5,Spring,0
10023456784,2024-05-27 09:00:00,2024-05-27,09:00:00,2.2068,Monday,9,5,Spring,0
10023456784,2024-05-27 10:00:00,2024-05-27,10:00:00,1.8821,Monday,10,5,Spring,0
10023456784,2024-05-27 11:00:00,2024-05-27,11:00:00,1.4743,Monday,11,5,Spring,0
10023456784,2024-05-27 12:00:00,2024-05-27,12:00:00,1.7709,Monday,12,5,Spring,0
10023456784,2024-05-27 13:00:00,2024-05-27,13:00:00,1.8158,Monday,13,5,Spring,0
10023456784,2024-05-27 14:00:00,2024-05-27,14:00:00,2.0154,Monday,14,5,Spring,0
10023456784,2024-05-27 15:00:00,2024-05-27,15:00:00,2.0052,Monday,15,5,Spring,0
10023456784,2024-05-27 16:00:00,2024-05-27,16:00:00,2.2298,Monday,16,5,Spring,0
10023456784,2024-05-27 17:00:00,2024-05-27,17:00:00,9.6669,Monday,17,5,Spring,1
10023456784,2024-05-27 18:00:00,2024-05-27,18:00:00,3.5236,Monday,18,5,Spring,0
10023456784,2024-05-27 19:00:00,2024-05-27,19:00:00,3.3474,Monday,19,5,Spring,0
10023456784,2024-05-27 20:00:00,2024-05-27,20:00:00,3.4854,Monday,20,5,Spring,0
10023456784,2024-05-27 21:00:00,2024-05-27,21:00:00,3.2554,Monday,21,5,Spring,0
10023456784,2024-05-27 22:00:00,2024-05-27,22:00:00,2.4685,Monday,22,5,Spring,0
10023456784,2024-05-27 23:00:00,2024-05-27,23:00:00,1.5116,Monday,23,5,Spring,0
10023456784,2024-05-28 00:00:00,2024-05-28,00:00:00,0.7237,Tuesday,0,5,Spring,0
10023456784,2024-05-28 01:00:00,2024-05-28,01:00:00,0.5852,Tuesday,1,5,Spring,0
10023456784,2024-05-28 02:00:00,2024-05-28,02:00:00,0.5360,Tuesday,2,5,Spring,0
10023456784,2024-05-28 03:00:00,2024-05-28,03:00:00,0.5515,Tuesday,3,5,Spring,0
10023456784,2024-05-28 04:00:00,2024-05-28,04:00:00,0.6778,Tuesday,4,5,Spring,0
10023456784,2024-05-28 05:00:00,2024-05-28,05:00:00,0.7778,Tuesday,5,5,Spring,0
10023456784,2024-05-28 06:00:00,2024-05-28,06:00:00,1.5076,Tuesday,6,5,Spring,0
10023456784,2024-05-28 07:00:00,2024-05-28,07:00:00,2.1775,Tuesday,7,5,Spring,0
10023456784,2024-05-28 08:00:00,2024-05-28,08:00:00,2.6923,Tuesday,8,5,Spring,0
10023456784,2024-05-28 09:00:00,2024-05-28,09:00:00,2.3156,Tuesday,9,5,Spring,0
10023456784,2024-05-28 10:00:00,2024-05-28,10:00:00,1.5732,Tuesday,10,5,Spring,0
10023456784,2024-05-28 11:00:00,2024-05-28,11:00:00,1.4153,Tuesday,11,5,Spring,0
10023456784,2024-05-28 12:00:00,2024-05-28,12:00:00,1.4657,Tuesday,12,5,Spring,0
10023456784,2024-05-28 13:00:00,2024-05-28,13:00:00,1.6278,Tuesday,13,5,Spring,0
10023456784,2024-05-28 14:00:00,2024-05-28,14:00:00,1.7331,Tuesday,14,5,Spring,0
10023456784,2024-05-28 15:00:00,2024-05-28,15:00:00,1.3601,Tuesday,15,5,Spring,0
10023456784,2024-05-28 16:00:00,2024-05-28,16:00:00,2.0326,Tuesday,16,5,Spring,0
10023456784,2024-05-28 17:00:00,2024-05-28,17:00:00,2.2742,Tuesday,17,5,Spring,0
10023456784,2024-05-28 18:00:00,2024-05-28,18:00:00,3.3051,Tuesday,18,5,Spring,0
10023456784,2024-05-28 19:00:00,2024-05-28,19:00:00,3.3012,Tuesday,19,5,Spring,0
10023456784,2024-05-28 20:00:00,2024-05-28,20:00:00,3.0226,Tuesday,20,5,Spring,0
10023456784,2024-05-28 21:00:00,2024-05-28,21:00:00,3.0856,Tuesday,21,5,Spring,0
10023456784,2024-05-28 22:00:00,2024-05-28,22:00:00,2.0158,Tuesday,22,5,Spring,0
10023456784,2024-05-28 23:00:00,2024-05-28,23:00:00,1.1971,Tuesday,23,5,Spring,0
10023456784,2024-05-29 00:00:00,2024-05-29,00:00:00,0.7612,Wednesday,0,5,Spring,0
10023456784,2024-05-29 01:00:00,2024-05-29,01:00:00,0.6396,Wednesday,1,5,Spring,0
10023456784,2024-05-29 02:00:00,2024-05-29,02:00:00,0.5898,Wednesday,2,5,Spring,0
10023456784,2024-05-29 03:00:00,2024-05-29,03:00:00,0.6547,Wednesday,3,5,Spring,0
10023456784,2024-05-29 04:00:00,2024-05-29,04:00:00,0.6792,Wednesday,4,5,Spring,0
10023456784,2024-05-29 05:00:00,2024-05-29,05:00:00,0.9232,Wednesday,5,5,Spring,0
10023456784,2024-05-29 06:00:00,2024-05-29,06:00:00,1.6170,Wednesday,6,5,Spring,0
10023456784,2024-05-29 07:00:00,2024-05-29,07:00:00,2.1698,Wednesday,7,5,Spring,0
10023456784,2024-05-29 08:00:00,2024-05-29,08:00:00,2.2216,Wednesday,8,5,Spring,0
10023456784,2024-05-29 09:00:00,2024-05-29,09:00:00,2.1042,Wednesday,9,5,Spring,0
10023456784,2024-05-29 10:00:00,2024-05-29,10:00:00,1.5867,Wednesday,10,5,Spring,0
10023456784,2024-05-29 11:00:00,2024-05-29,11:00:00,1.5257,Wednesday,11,5,Spring,0
10023456784,2024-05-29 12:00:00,2024-05-29,12:00:00,1.7046,Wednesday,12,5,Spring,0
10023456784,2024-05-29 13:00:00,2024-05-29,13:00:00,1.2951,Wednesday,13,5,Spring,0
10023456784,2024-05-29 14:00:00,2024-05-29,14:00:00,1.5461,Wednesday,14,5,Spring,0
10023456784,2024-05-29 15:00:00,2024-05-29,15:00:00,1.8399,Wednesday,15,5,Spring,0
10023456784,2024-05-29 16:00:00,2024-05-29,16:00:00,1.5052,Wednesday,16,5,Spring,0
10023456784,2024-05-29 17:00:00,2024-05-29,17:00:00,2.4838,Wednesday,17,5,Spring,0
10023456784,2024-05-29 18:00:00,2024-05-29,18:00:00,3.2324,Wednesday,18,5,Spring,0
10023456784,2024-05-29 19:00:00,2024-05-29,19:00:00,3.7517,Wednesday,19,5,Spring,0
10023456784,2024-05-29 20:00:00,2024-05-29,20:00:00,2.8034,Wednesday,20,5,Spring,0
10023456784,2024-05-29 21:00:00,2024-05-29,21:00:00,2.9870,Wednesday,21,5,Spring,0
10023456784,2024-05-29 22:00:00,2024-05-29,22:00:00,2.1301,Wednesday,22,5,Spring,0
10023456784,2024-05-29 23:00:00,2024-05-29,23:00:00,1.2184,Wednesday,23,5,Spring,0
10023456784,2024-05-30 00:00:00,2024-05-30,00:00:00,0.6910,Thursday,0,5,Spring,0
10023456784,2024-05-30 01:00:00,2024-05-30,01:00:00,0.7332,Thursday,1,5,Spring,0
10023456784,2024-05-30 02:00:00,2024-05-30,02:00:00,0.5798,Thursday,2,5,Spring,0
10023456784,2024-05-30 03:00:00,2024-05-30,03:00:00,0.8339,Thursday,3,5,Spring,0
10023456784,2024-05-30 04:00:00,2024-05-30,04:00:00,0.6926,Thursday,4,5,Spring,0
10023456784,2024-05-30 05:00:00,2024-05-30,05:00:00,1.2006,Thursday,5,5,Spring,0
10023456784,2024-05-30 06:00:00,2024-05-30,06:00:00,1.8239,Thursday,6,5,Spring,0
10023456784,2024-05-30 07:00:00,2024-05-30,07:00:00,2.7558,Thursday,7,5,Spring,0
10023456784,2024-05-30 08:00:00,2024-05-30,08:00:00,2.7557,Thursday,8,5,Spring,0
10023456784,2024-05-30 09:00:00,2024-05-30,09:00:00,2.2690,Thursday,9,5,Spring,0
10023456784,2024-05-30 10:00:00,2024-05-30,10:00:00,2.1633,Thursday,10,5,Spring,0
10023456784,2024-05-30 11:00:00,2024-05-30,11:00:00,1.6971,Thursday,11,5,Spring,0
10023456784,2024-05-30 12:00:00,2024-05-30,12:00:00,1.5959,Thursday,12,5,Spring,0
10023456784,2024-05-30 13:00:00,2024-05-30,13:00:00,1.9388,Thursday,13,5,Spring,0
10023456784,2024-05-30 14:00:00,2024-05-30,14:00:00,1.5631,Thursday,14,5,Spring,0
10023456784,2024-05-30 15:00:00,2024-05-30,15:00:00,2.5793,Thursday,15,5,Spring,0
10023456784,2024-05-30 16:00:00,2024-05-30,16:00:00,1.8801,Thursday,16,5,Spring,0
10023456784,2024-05-30 17:00:00,2024-05-30,17:00:00,2.7072,Thursday,17,5,Spring,0
10023456784,2024-05-30 18:00:00,2024-05-30,18:00:00,3.5698,Thursday,18,5,Spring,0
10023456784,2024-05-30 19:00:00,2024-05-30,19:00:00,4.6643,Thursday,19,5,Spring,0
10023456784,2024-05-30 20:00:00,2024-05-30,20:00:00,4.0369,Thursday,20,5,Spring,0
10023456784,2024-05-30 21:00:00,2024-05-30,21:00:00,3.3506,Thursday,21,5,Spring,0
10023456784,2024-05-30 22:00:00,2024-05-30,22:00:00,2.1391,Thursday,22,5,Spring,0
10023456784,2024-05-30 23:00:00,2024-05-30,23:00:00,1.3089,Thursday,23,5,Spring,0
10023456784,2024-05-31 00:00:00,2024-05-31,00:00:00,0.8690,Friday,0,5,Spring,0
10023456784,2024-05-31 01:00:00,2024-05-31,01:00:00,0.6216,Friday,1,5,Spring,0
10023456784,2024-05-31 02:00:00,2024-05-31,02:00:00,0.6757,Friday,2,5,Spring,0
10023456784,2024-05-31 03:00:00,2024-05-31,03:00:00,0.6804,Friday,3,5,Spring,0
10023456784,2024-05-31 04:00:00,2024-05-31,04:00:00,3.1912,Friday,4,5,Spring,1
10023456784,2024-05-31 05:00:00,2024-05-31,05:00:00,0.9740,Friday,5,5,Spring,0
10023456784,2024-05-31 06:00:00,2024-05-31,06:00:00,1.5739,Friday,6,5,Spring,0
10023456784,2024-05-31 07:00:00,2024-05-31,07:00:00,2.4824,Friday,7,5,Spring,0
10023456784,2024-05-31 08:00:00,2024-05-31,08:00:00,2.5643,Friday,8,5,Spring,0
10023456784,2024-05-31 09:00:00,2024-05-31,09:00:00,2.2526,Friday,9,5,Spring,0
10023456784,2024-05-31 10:00:00,2024-05-31,10:00:00,1.7944,Friday,10,5,Spring,0
10023456784,2024-05-31 11:00:00,2024-05-31,11:00:00,1.8076,Friday,11,5,Spring,0
10023456784,2024-05-31 12:00:00,2024-05-31,12:00:00,1.4549,Friday,12,5,Spring,0
10023456784,2024-05-31 13:00:00,2024-05-31,13:00:00,1.7136,Friday,13,5,Spring,0
10023456784,2024-05-31 14:00:00,2024-05-31,14:00:00,1.8260,Friday,14,5,Spring,0
10023456784,2024-05-31 15:00:00,2024-05-31,15:00:00,1.9655,Friday,15,5,Spring,0
10023456784,2024-05-31 16:00:00,2024-05-31,16:00:00,2.0826,Friday,16,5,Spring,0
10023456784,2024-05-31 17:00:00,2024-05-31,17:00:00,2.9252,Friday,17,5,Spring,0
10023456784,2024-05-31 18:00:00,2024-05-31,18:00:00,3.7675,Friday,18,5,Spring,0
10023456784,2024-05-31 19:00:00,2024-05-31,19:00:00,3.5976,Friday,19,5,Spring,0
10023456784,2024-05-31 20:00:00,2024-05-31,20:00:00,4.0002,Friday,20,5,Spring,0
10023456784,2024-05-31 21:00:00,2024-05-31,21:00:00,3.2074,Friday,21,5,Spring,0
10023456784,2024-05-31 22:00:00,2024-05-31,22:00:00,2.4477,Friday,22,5,Spring,0
10023456784,2024-05-31 23:00:00,2024-05-31,23:00:00,6.1625,Friday,23,5,Spring,1
10023456784,2024-06-01 00:00:00,2024-06-01,00:00:00,0.8230,Saturday,0,6,Summer,0
10023456784,2024-06-01 01:00:00,2024-06-01,01:00:00,0.8795,Saturday,1,6,Summer,0
10023456784,2024-06-01 02:00:00,2024-06-01,02:00:00,0.6305,Saturday,2,6,Summer,0
10023456784,2024-06-01 03:00:00,2024-06-01,03:00:00,0.5578,Saturday,3,6,Summer,0
10023456784,2024-06-01 04:00:00,2024-06-01,04:00:00,0.6635,Saturday,4,6,Summer,0
10023456784,2024-06-01 05:00:00,2024-06-01,05:00:00,0.9557,Saturday,5,6,Summer,0
10023456784,2024-06-01 06:00:00,2024-06-01,06:00:00,1.0893,Saturday,6,6,Summer,0
10023456784,2024-06-01 07:00:00,2024-06-01,07:00:00,2.0765,Saturday,7,6,Summer,0
10023456784,2024-06-01 08:00:00,2024-06-01,08:00:00,2.4167,Saturday,8,6,Summer,0
10023456784,2024-06-01 09:00:00,2024-06-01,09:00:00,2.4174,Saturday,9,6,Summer,0
10023456784,2024-06-01 10:00:00,2024-06-01,10:00:00,2.8471,Saturday,10,6,Summer,0
10023456784,2024-06-01 11:00:00,2024-06-01,11:00:00,2.4638,Saturday,11,6,Summer,0
10023456784,2024-06-01 12:00:00,2024-06-01,12:00:00,2.1196,Saturday,12,6,Summer,0
10023456784,2024-06-01 13:00:00,2024-06-01,13:00:00,3.0011,Saturday,13,6,Summer,0
10023456784,2024-06-01 14:00:00,2024-06-01,14:00:00,2.0714,Saturday,14,6,Summer,0
10023456784,2024-06-01 15:00:00,2024-06-01,15:00:00,2.5433,Saturday,15,6,Summer,0
10023456784,2024-06-01 16:00:00,2024-06-01,16:00:00,2.6772,Saturday,16,6,Summer,0
10023456784,2024-06-01 17:00:00,2024-06-01,17:00:00,2.7965,Saturday,17,6,Summer,0
10023456784,2024-06-01 18:00:00,2024-06-01,18:00:00,3.6318,Saturday,18,6,Summer,0
10023456784,2024-06-01 19:00:00,2024-06-01,19:00:00,4.0787,Saturday,19,6,Summer,0
10023456784,2024-06-01 20:00:00,2024-06-01,20:00:00,3.3025,Saturday,20,6,Summer,0
10023456784,2024-06-01 21:00:00,2024-06-01,21:00:00,4.2439,Saturday,21,6,Summer,0
10023456784,2024-06-01 22:00:00,2024-06-01,22:00:00,2.4700,Saturday,22,6,Summer,0
10023456784,2024-06-01 23:00:00,2024-06-01,23:00:00,1.7254,Saturday,23,6,Summer,0
10023456784,2024-06-02 00:00:00,2024-06-02,00:00:00,6.2579,Sunday,0,6,Summer,1
10023456784,2024-06-02 01:00:00,2024-06-02,01:00:00,0.9412,Sunday,1,6,Summer,0
10023456784,2024-06-02 02:00:00,2024-06-02,02:00:00,0.9093,Sunday,2,6,Summer,0
10023456784,2024-06-02 03:00:00,2024-06-02,03:00:00,0.8128,Sunday,3,6,Summer,0
10023456784,2024-06-02 04:00:00,2024-06-02,04:00:00,0.7074,Sunday,4,6,Summer,0
10023456784,2024-06-02 05:00:00,2024-06-02,05:00:00,0.9407,Sunday,5,6,Summer,0
10023456784,2024-06-02 06:00:00,2024-06-02,06:00:00,1.5408,Sunday,6,6,Summer,0
10023456784,2024-06-02 07:00:00,2024-06-02,07:00:00,2.1810,Sunday,7,6,Summer,0
10023456784,2024-06-02 08:00:00,2024-06-02,08:00:00,2.6579,Sunday,8,6,Summer,0
10023456784,2024-06-02 09:00:00,2024-06-02,09:00:00,3.5462,Sunday,9,6,Summer,0
10023456784,2024-06-02 10:00:00,2024-06-02,10:00:00,0.1878,Sunday,10,6,Summer,1
10023456784,2024-06-02 11:00:00,2024-06-02,11:00:00,2.6548,Sunday,11,6,Summer,0
10023456784,2024-06-02 12:00:00,2024-06-02,12:00:00,3.1070,Sunday,12,6,Summer,0
10023456784,2024-06-02 13:00:00,2024-06-02,13:00:00,2.5182,Sunday,13,6,Summer,0
10023456784,2024-06-02 14:00:00,2024-06-02,14:00:00,2.5933,Sunday,14,6,Summer,0
10023456784,2024-06-02 15:00:00,2024-06-02,15:00:00,2.7949,Sunday,15,6,Summer,0
10023456784,2024-06-02 16:00:00,2024-06-02,16:00:00,1.9720,Sunday,16,6,Summer,0
10023456784,2024-06-02 17:00:00,2024-06-02,17:00:00,3.4615,Sunday,17,6,Summer,0
10023456784,2024-06-02 18:00:00,2024-06-02,18:00:00,4.0805,Sunday,18,6,Summer,0
10023456784,2024-06-02 19:00:00,2024-06-02,19:00:00,4.5696,Sunday,19,6,Summer,0
10023456784,2024-06-02 20:00:00,2024-06-02,20:00:00,3.7664,Sunday,20,6,Summer,0
10023456784,2024-06-02 21:00:00,2024-06-02,21:00:00,3.9910,Sunday,21,6,Summer,0
10023456784,2024-06-02 22:00:00,2024-06-02,22:00:00,2.8730,Sunday,22,6,Summer,0
10023456784,2024-06-02 23:00:00,2024-06-02,23:00:00,1.7330,Sunday,23,6,Summer,0
10023456784,2024-06-03 00:00:00,2024-06-03,00:00:00,0.9171,Monday,0,6,Summer,0
10023456784,2024-06-03 01:00:00,2024-06-03,01:00:00,0.7137,Monday,1,6,Summer,0
10023456784,2024-06-03 02:00:00,2024-06-03,02:00:00,0.7306,Monday,2,6,Summer,0
10023456784,2024-06-03 03:00:00,2024-06-03,03:00:00,0.6046,Monday,3,6,Summer,0
10023456784,2024-06-03 04:00:00,2024-06-03,04:00:00,0.7369,Monday,4,6,Summer,0
10023456784,2024-06-03 05:00:00,2024-06-03,05:00:00,1.1437,Monday,5,6,Summer,0
10023456784,2024-06-03 06:00:00,2024-06-03,06:00:00,2.1112,Monday,6,6,Summer,0
10023456784,2024-06-03 07:00:00,2024-06-03,07:00:00,2.6807,Monday,7,6,Summer,0
10023456784,2024-06-03 08:00:00,2024-06-03,08:00:00,3.4651,Monday,8,6,Summer,0
10023456784,2024-06-03 09:00:00,2024-06-03,09:00:00,2.1115,Monday,9,6,Summer,0
10023456784,2024-06-03 10:00:00,2024-06-03,10:00:00,1.9325,Monday,10,6,Summer,0
10023456784,2024-06-03 11:00:00,2024-06-03,11:00:00,1.7970,Monday,11,6,Summer,0
10023456784,2024-06-03 12:00:00,2024-06-03,12:00:00,1.9285,Monday,12,6,Summer,0
10023456784,2024-06-03 13:00:00,2024-06-03,13:00:00,2.4556,Monday,13,6,Summer,0
10023456784,2024-06-03 14:00:00,2024-06-03,14:00:00,1.9071,Monday,14,6,Summer,0
10023456784,2024-06-03 15:00:00,2024-06-03,15:00:00,1.8354,Monday,15,6,Summer,0
10023456784,2024-06-03 16:00:00,2024-06-03,16:00:00,2.3114,Monday,16,6,Summer,0
10023456784,2024-06-03 17:00:00,2024-06-03,17:00:00,2.6830,Monday,17,6,Summer,0
10023456784,2024-06-03 18:00:00,2024-06-03,18:00:00,3.8237,Monday,18,6,Summer,0
10023456784,2024-06-03 19:00:00,2024-06-03,19:00:00,3.5000,Monday,19,6,Summer,0
10023456784,2024-06-03 20:00:00,2024-06-03,20:00:00,4.5783,Monday,20,6,Summer,0
10023456784,2024-06-03 21:00:00,2024-06-03,21:00:00,3.6040,Monday,21,6,Summer,0
10023456784,2024-06-03 22:00:00,2024-06-03,22:00:00,2.8221,Monday,22,6,Summer,0
10023456784,2024-06-03 23:00:00,2024-06-03,23:00:00,1.4166,Monday,23,6,Summer,0
10023456784,2024-06-04 00:00:00,2024-06-04,00:00:00,3.4686,Tuesday,0,6,Summer,1
10023456784,2024-06-04 01:00:00,2024-06-04,01:00:00,0.8205,Tuesday,1,6,Summer,0
10023456784,2024-06-04 02:00:00,2024-06-04,02:00:00,0.7890,Tuesday,2,6,Summer,0
10023456784,2024-06-04 03:00:00,2024-06-04,03:00:00,0.6869,Tuesday,3,6,Summer,0
10023456784,2024-06-04 04:00:00,2024-06-04,04:00:00,1.1337,Tuesday,4,6,Summer,0
10023456784,2024-06-04 05:00:00,2024-06-04,05:00:00,1.2474,Tuesday,5,6,Summer,0
10023456784,2024-06-04 06:00:00,2024-06-04,06:00:00,2.3071,Tuesday,6,6,Summer,0
10023456784,2024-06-04 07:00:00,2024-06-04,07:00:00,3.1328,Tuesday,7,6,Summer,0
10023456784,2024-06-04 08:00:00,2024-06-04,08:00:00,3.4379,Tuesday,8,6,Summer,0
10023456784,2024-06-04 09:00:00,2024-06-04,09:00:00,2.9672,Tuesday,9,6,Summer,0
10023456784,2024-06-04 10:00:00,2024-06-04,10:00:00,2.6320,Tuesday,10,6,Summer,0
10023456784,2024-06-04 11:00:00,2024-06-04,11:00:00,2.1914,Tuesday,11,6,Summer,0
10023456784,2024-06-04 12:00:00,2024-06-04,12:00:00,2.1754,Tuesday,12,6,Summer,0
10023456784,2024-06-04 13:00:00,2024-06-04,13:00:00,2.2142,Tuesday,13,6,Summer,0
10023456784,2024-06-04 14:00:00,2024-06-04,14:00:00,2.1577,Tuesday,14,6,Summer,0
10023456784,2024-06-04 15:00:00,2024-06-04,15:00:00,2.8970,Tuesday,15,6,Summer,0
10023456784,2024-06-04 16:00:00,2024-06-04,16:00:00,2.6302,Tuesday,16,6,Summer,0
10023456784,2024-06-04 17:00:00,2024-06-04,17:00:00,3.3656,Tuesday,17,6,Summer,0
10023456784,2024-06-04 18:00:00,2024-06-04,18:00:00,4.8402,Tuesday,18,6,Summer,0
10023456784,2024-06-04 19:00:00,2024-06-04,19:00:00,5.0867,Tuesday,19,6,Summer,0
10023456784,2024-06-04 20:00:00,2024-06-04,20:00:00,5.2851,Tuesday,20,6,Summer,0
10023456784,2024-06-04 21:00:00,2024-06-04,21:00:00,4.5924,Tuesday,21,6,Summer,0
10023456784,2024-06-04 22:00:00,2024-06-04,22:00:00,3.0284,Tuesday,22,6,Summer,0
10023456784,2024-06-04 23:00:00,2024-06-04,23:00:00,2.0057,Tuesday,23,6,Summer,0
10023456784,2024-06-05 00:00:00,2024-06-05,00:00:00,0.8027,Wednesday,0,6,Summer,0
10023456784,2024-06-05 01:00:00,2024-06-05,01:00:00,0.6737,Wednesday,1,6,Summer,0
10023456784,2024-06-05 02:00:00,2024-06-05,02:00:00,0.6939,Wednesday,2,6,Summer,0
10023456784,2024-06-05 03:00:00,2024-06-05,03:00:00,0.7487,Wednesday,3,6,Summer,0
10023456784,2024-06-05 04:00:00,2024-06-05,04:00:00,0.6461,Wednesday,4,6,Summer,0
10023456784,2024-06-05 05:00:00,2024-06-05,05:00:00,1.0493,Wednesday,5,6,Summer,0
10023456784,2024-06-05 06:00:00,2024-06-05,06:00:00,1.7372,Wednesday,6,6,Summer,0
10023456784,2024-06-05 07:00:00,2024-06-05,07:00:00,2.8213,Wednesday,7,6,Summer,0
10023456784,2024-06-05 08:00:00,2024-06-05,08:00:00,3.6372,Wednesday,8,6,Summer,0
10023456784,2024-06-05 09:00:00,2024-06-05,09:00:00,2.2992,Wednesday,9,6,Summer,0
10023456784,2024-06-05 10:00:00,2024-06-05,10:00:00,1.7467,Wednesday,10,6,Summer,0
10023456784,2024-06-05 11:00:00,2024-06-05,11:00:00,1.8041,Wednesday,11,6,Summer,0
10023456784,2024-06-05 12:00:00,2024-06-05,12:00:00,1.9253,Wednesday,12,6,Summer,0
10023456784,2024-06-05 13:00:00,2024-06-05,13:00:00,1.7114,Wednesday,13,6,Summer,0
10023456784,2024-06-05 14:00:00,2024-06-05,14:00:00,1.8919,Wednesday,14,6,Summer,0
10023456784,2024-06-05 15:00:00,2024-06-05,15:00:00,2.1220,Wednesday,15,6,Summer,0
10023456784,2024-06-05 16:00:00,2024-06-05,16:00:00,2.0367,Wednesday,16,6,Summer,0
10023456784,2024-06-05 17:00:00,2024-06-05,17:00:00,2.8465,Wednesday,17,6,Summer,0
10023456784,2024-06-05 18:00:00,2024-06-05,18:00:00,3.3550,Wednesday,18,6,Summer,0
10023456784,2024-06-05 19:00:00,2024-06-05,19:00:00,4.1465,Wednesday,19,6,Summer,0
10023456784,2024-06-05 20:00:00,2024-06-05,20:00:00,3.7845,Wednesday,20,6,Summer,0
10023456784,2024-06-05 21:00:00,2024-06-05,21:00:00,2.9815,Wednesday,21,6,Summer,0
10023456784,2024-06-05 22:00:00,2024-06-05,22:00:00,2.7117,Wednesday,22,6,Summer,0
10023456784,2024-06-05 23:00:00,2024-06-05,23:00:00,1.4262,Wednesday,23,6,Summer,0
10023456784,2024-06-06 00:00:00,2024-06-06,00:00:00,0.7686,Thursday,0,6,Summer,0
10023456784,2024-06-06 01:00:00,2024-06-06,01:00:00,0.8460,Thursday,1,6,Summer,0
10023456784,2024-06-06 02:00:00,2024-06-06,02:00:00,0.8152,Thursday,2,6,Summer,0
10023456784,2024-06-06 03:00:00,2024-06-06,03:00:00,0.8488,Thursday,3,6,Summer,0
10023456784,2024-06-06 04:00:00,2024-06-06,04:00:00,1.1224,Thursday,4,6,Summer,0
10023456784,2024-06-06 05:00:00,2024-06-06,05:00:00,1.3714,Thursday,5,6,Summer,0
10023456784,2024-06-06 06:00:00,2024-06-06,06:00:00,2.2899,Thursday,6,6,Summer,0
10023456784,2024-06-06 07:00:00,2024-06-06,07:00:00,3.4703,Thursday,7,6,Summer,0
10023456784,2024-06-06 08:00:00,2024-06-06,08:00:00,4.0155,Thursday,8,6,Summer,0
10023456784,2024-06-06 09:00:00,2024-06-06,09:00:00,3.3385,Thursday,9,6,Summer,0
10023456784,2024-06-06 10:00:00,2024-06-06,10:00:00,2.6690,Thursday,10,6,Summer,0
10023456784,2024-06-06 11:00:00,2024-06-06,11:00:00,2.2152,Thursday,11,6,Summer,0
10023456784,2024-06-06 12:00:00,2024-06-06,12:00:00,2.3095,Thursday,12,6,Summer,0
10023456784,2024-06-06 13:00:00,2024-06-06,13:00:00,2.8401,Thursday,13,6,Summer,0
10023456784,2024-06-06 14:00:00,2024-06-06,14:00:00,1.9810,Thursday,14,6,Summer,0
10023456784,2024-06-06 15:00:00,2024-06-06,15:00:00,2.3933,Thursday,15,6,Summer,0
10023456784,2024-06-06 16:00:00,2024-06-06,16:00:00,2.7112,Thursday,16,6,Summer,0
10023456784,2024-06-06 17:00:00,2024-06-06,17:00:00,3.9200,Thursday,17,6,Summer,0
10023456784,2024-06-06 18:00:00,2024-06-06,18:00:00,4.5321,Thursday,18,6,Summer,0
10023456784,2024-06-06 19:00:00,2024-06-06,19:00:00,4.5490,Thursday,19,6,Summer,0
10023456784,2024-06-06 20:00:00,2024-06-06,20:00:00,4.9625,Thursday,20,6,Summer,0
10023456784,2024-06-06 21:00:00,2024-06-06,21:00:00,4.9564,Thursday,21,6,Summer,0
10023456784,2024-06-06 22:00:00,2024-06-06,22:00:00,2.9574,Thursday,22,6,Summer,0
10023456784,2024-06-06 23:00:00,2024-06-06,23:00:00,1.3958,Thursday,23,6,Summer,0
10023456784,2024-06-07 00:00:00,2024-06-07,00:00:00,0.8119,Friday,0,6,Summer,0
10023456784,2024-06-07 01:00:00,2024-06-07,01:00:00,0.5389,Friday,1,6,Summer,0
10023456784,2024-06-07 02:00:00,2024-06-07,02:00:00,0.6791,Friday,2,6,Summer,0
10023456784,2024-06-07 03:00:00,2024-06-07,03:00:00,0.6813,Friday,3,6,Summer,0
10023456784,2024-06-07 04:00:00,2024-06-07,04:00:00,0.8468,Friday,4,6,Summer,0
10023456784,2024-06-07 05:00:00,2024-06-07,05:00:00,1.0151,Friday,5,6,Summer,0
10023456784,2024-06-07 06:00:00,2024-06-07,06:00:00,2.2668,Friday,6,6,Summer,0
10023456784,2024-06-07 07:00:00,2024-06-07,07:00:00,2.5326,Friday,7,6,Summer,0
10023456784,2024-06-07 08:00:00,2024-06-07,08:00:00,3.4119,Friday,8,6,Summer,0
10023456784,2024-06-07 09:00:00,2024-06-07,09:00:00,2.5010,Friday,9,6,Summer,0
10023456784,2024-06-07 10:00:00,2024-06-07,10:00:00,1.9638,Friday,10,6,Summer,0
10023456784,2024-06-07 11:00:00,2024-06-07,11:00:00,2.3213,Friday,11,6,Summer,0
10023456784,2024-06-07 12:00:00,2024-06-07,12:00:00,2.0960,Friday,12,6,Summer,0
10023456784,2024-06-07 13:00:00,2024-06-07,13:00:00,2.0410,Friday,13,6,Summer,0
10023456784,2024-06-07 14:00:00,2024-06-07,14:00:00,2.0519,Friday,14,6,Summer,0
10023456784,2024-06-07 15:00:00,2024-06-07,15:00:00,2.0806,Friday,15,6,Summer,0
10023456784,2024-06-07 16:00:00,2024-06-07,16:00:00,2.3516,Friday,16,6,Summer,0
10023456784,2024-06-07 17:00:00,2024-06-07,17:00:00,3.7705,Friday,17,6,Summer,0
10023456784,2024-06-07 18:00:00,2024-06-07,18:00:00,3.9927,Friday,18,6,Summer,0
10023456784,2024-06-07 19:00:00,2024-06-07,19:00:00,4.6259,Friday,19,6,Summer,0
10023456784,2024-06-07 20:00:00,2024-06-07,20:00:00,4.1403,Friday,20,6,Summer,0
10023456784,2024-06-07 21:00:00,2024-06-07,21:00:00,3.4501,Friday,21,6,Summer,0
10023456784,2024-06-07 22:00:00,2024-06-07,22:00:00,2.4787,Friday,22,6,Summer,0
10023456784,2024-06-07 23:00:00,2024-06-07,23:00:00,1.4274,Friday,23,6,Summer,0
10023456784,2024-06-08 00:00:00,2024-06-08,00:00:00,1.1206,Saturday,0,6,Summer,0
10023456784,2024-06-08 01:00:00,2024-06-08,01:00:00,0.9632,Saturday,1,6,Summer,0
10023456784,2024-06-08 02:00:00,2024-06-08,02:00:00,0.8816,Saturday,2,6,Summer,0
10023456784,2024-06-08 03:00:00,2024-06-08,03:00:00,0.6867,Saturday,3,6,Summer,0
10023456784,2024-06-08 04:00:00,2024-06-08,04:00:00,0.7903,Saturday,4,6,Summer,0
10023456784,2024-06-08 05:00:00,2024-06-08,05:00:00,1.0148,Saturday,5,6,Summer,0
10023456784,2024-06-08 06:00:00,2024-06-08,06:00:00,1.6820,Saturday,6,6,Summer,0
10023456784,2024-06-08 07:00:00,2024-06-08,07:00:00,2.5050,Saturday,7,6,Summer,0
10023456784,2024-06-08 08:00:00,2024-06-08,08:00:00,2.7662,Saturday,8,6,Summer,0
10023456784,2024-06-08 09:00:00,2024-06-08,09:00:00,4.0094,Saturday,9,6,Summer,0
10023456784,2024-06-08 10:00:00,2024-06-08,10:00:00,2.8123,Saturday,10,6,Summer,0
10023456784,2024-06-08 11:00:00,2024-06-08,11:00:00,2.6041,Saturday,11,6,Summer,0
10023456784,2024-06-08 12:00:00,2024-06-08,12:00:00,2.8551,Saturday,12,6,Summer,0
10023456784,2024-06-08 13:00:00,2024-06-08,13:00:00,2.7239,Saturday,13,6,Summer,0
10023456784,2024-06-08 14:00:00,2024-06-08,14:00:00,2.8727,Saturday,14,6,Summer,0
10023456784,2024-06-08 15:00:00,2024-06-08,15:00:00,2.8494,Saturday,15,6,Summer,0
10023456784,2024-06-08 16:00:00,2024-06-08,16:00:00,3.4603,Saturday,16,6,Summer,0
10023456784,2024-06-08 17:00:00,2024-06-08,17:00:00,3.2570,Saturday,17,6,Summer,0
10023456784,2024-06-08 18:00:00,2024-06-08,18:00:00,4.1451,Saturday,18,6,Summer,0
10023456784,2024-06-08 19:00:00,2024-06-08,19:00:00,4.5206,Saturday,19,6,Summer,0
10023456784,2024-06-08 20:00:00,2024-06-08,20:00:00,5.1613,Saturday,20,6,Summer,0
10023456784,2024-06-08 21:00:00,2024-06-08,21:00:00,4.0833,Saturday,21,6,Summer,0
10023456784,2024-06-08 22:00:00,2024-06-08,22:00:00,2.8013,Saturday,22,6,Summer,0
10023456784,2024-06-08 23:00:00,2024-06-08,23:00:00,2.1221,Saturday,23,6,Summer,0
10023456784,2024-06-09 00:00:00,2024-06-09,00:00:00,1.0998,Sunday,0,6,Summer,0
10023456784,2024-06-09 01:00:00,2024-06-09,01:00:00,0.8661,Sunday,1,6,Summer,0
10023456784,2024-06-09 02:00:00,2024-06-09,02:00:00,0.8846,Sunday,2,6,Summer,0
10023456784,2024-06-09 03:00:00,2024-06-09,03:00:00,0.8212,Sunday,3,6,Summer,0
10023456784,2024-06-09 04:00:00,2024-06-09,04:00:00,0.7871,Sunday,4,6,Summer,0
10023456784,2024-06-09 05:00:00,2024-06-09,05:00:00,1.3114,Sunday,5,6,Summer,0
10023456784,2024-06-09 06:00:00,2024-06-09,06:00:00,7.0444,Sunday,6,6,Summer,1
10023456784,2024-06-09 07:00:00,2024-06-09,07:00:00,2.3648,Sunday,7,6,Summer,0
10023456784,2024-06-09 08:00:00,2024-06-09,08:00:00,2.9027,Sunday,8,6,Summer,0
10023456784,2024-06-09 09:00:00,2024-06-09,09:00:00,4.2344,Sunday,9,6,Summer,0
10023456784,2024-06-09 10:00:00,2024-06-09,10:00:00,3.1576,Sunday,10,6,Summer,0
10023456784,2024-06-09 11:00:00,2024-06-09,11:00:00,3.2919,Sunday,11,6,Summer,0
10023456784,2024-06-09 12:00:00,2024-06-09,12:00:00,0.1338,Sunday,12,6,Summer,1
10023456784,2024-06-09 13:00:00,2024-06-09,13:00:00,2.5679,Sunday,13,6,Summer,0
10023456784,2024-06-09 14:00:00,2024-06-09,14:00:00,2.6502,Sunday,14,6,Summer,0
10023456784,2024-06-09 15:00:00,2024-06-09,15:00:00,2.6839,Sunday,15,6,Summer,0
10023456784,2024-06-09 16:00:00,2024-06-09,16:00:00,3.3485,Sunday,16,6,Summer,0
10023456784,2024-06-09 17:00:00,2024-06-09,17:00:00,3.5298,Sunday,17,6,Summer,0
10023456784,2024-06-09 18:00:00,2024-06-09,18:00:00,4.4192,Sunday,18,6,Summer,0
10023456784,2024-06-09 19:00:00,2024-06-09,19:00:00,4.6312,Sunday,19,6,Summer,0
10023456784,2024-06-09 20:00:00,2024-06-09,20:00:00,5.5690,Sunday,20,6,Summer,0
10023456784,2024-06-09 21:00:00,2024-06-09,21:00:00,3.7461,Sunday,21,6,Summer,0
10023456784,2024-06-09 22:00:00,2024-06-09,22:00:00,3.3011,Sunday,22,6,Summer,0
10023456784,2024-06-09 23:00:00,2024-06-09,23:00:00,2.2977,Sunday,23,6,Summer,0
10023456784,2024-06-10 00:00:00,2024-06-10,00:00:00,1.0461,Monday,0,6,Summer,0
10023456784,2024-06-10 01:00:00,2024-06-10,01:00:00,0.7122,Monday,1,6,Summer,0
10023456784,2024-06-10 02:00:00,2024-06-10,02:00:00,0.6942,Monday,2,6,Summer,0
10023456784,2024-06-10 03:00:00,2024-06-10,03:00:00,0.6278,Monday,3,6,Summer,0
10023456784,2024-06-10 04:00:00,2024-06-10,04:00:00,0.8132,Monday,4,6,Summer,0
10023456784,2024-06-10 05:00:00,2024-06-10,05:00:00,1.1320,Monday,5,6,Summer,0
10023456784,2024-06-10 06:00:00,2024-06-10,06:00:00,2.0122,Monday,6,6,Summer,0
10023456784,2024-06-10 07:00:00,2024-06-10,07:00:00,3.1916,Monday,7,6,Summer,0
10023456784,2024-06-10 08:00:00,2024-06-10,08:00:00,0.2251,Monday,8,6,Summer,1
10023456784,2024-06-10 09:00:00,2024-06-10,09:00:00,2.6203,Monday,9,6,Summer,0
10023456784,2024-06-10 10:00:00,2024-06-10,10:00:00,2.1194,Monday,10,6,Summer,0
10023456784,2024-06-10 11:00:00,2024-06-10,11:00:00,1.8013,Monday,11,6,Summer,0
10023456784,2024-06-10 12:00:00,2024-06-10,12:00:00,1.9103,Monday,12,6,Summer,0
10023456784,2024-06-10 13:00:00,2024-06-10,13:00:00,1.9428,Monday,13,6,Summer,0
10023456784,2024-06-10 14:00:00,2024-06-10,14:00:00,2.0626,Monday,14,6,Summer,0
10023456784,2024-06-10 15:00:00,2024-06-10,15:00:00,2.0914,Monday,15,6,Summer,0
10023456784,2024-06-10 16:00:00,2024-06-10,16:00:00,2.4373,Monday,16,6,Summer,0
10023456784,2024-06-10 17:00:00,2024-06-10,17:00:00,2.6265,Monday,17,6,Summer,0
10023456784,2024-06-10 18:00:00,2024-06-10,18:00:00,3.8419,Monday,18,6,Summer,0
10023456784,2024-06-10 19:00:00,2024-06-10,19:00:00,4.4450,Monday,19,6,Summer,0
10023456784,2024-06-10 20:00:00,2024-06-10,20:00:00,3.9227,Monday,20,6,Summer,0
10023456784,2024-06-10 21:00:00,2024-06-10,21:00:00,3.8632,Monday,21,6,Summer,0
10023456784,2024-06-10 22:00:00,2024-06-10,22:00:00,2.5988,Monday,22,6,Summer,0
10023456784,2024-06-10 23:00:00,2024-06-10,23:00:00,3.9007,Monday,23,6,Summer,1
10023456784,2024-06-11 00:00:00,2024-06-11,00:00:00,2.0064,Tuesday,0,6,Summer,1
10023456784,2024-06-11 01:00:00,2024-06-11,01:00:00,1.9681,Tuesday,1,6,Summer,1
10023456784,2024-06-11 02:00:00,2024-06-11,02:00:00,1.5410,Tuesday,2,6,Summer,1
10023456784,2024-06-11 03:00:00,2024-06-11,03:00:00,1.7824,Tuesday,3,6,Summer,1
10023456784,2024-06-11 04:00:00,2024-06-11,04:00:00,1.8462,Tuesday,4,6,Summer,1
10023456784,2024-06-11 05:00:00,2024-06-11,05:00:00,0.9724,Tuesday,5,6,Summer,0
10023456784,2024-06-11 06:00:00,2024-06-11,06:00:00,1.8354,Tuesday,6,6,Summer,0
10023456784,2024-06-11 07:00:00,2024-06-11,07:00:00,2.1404,Tuesday,7,6,Summer,0
10023456784,2024-06-11 08:00:00,2024-06-11,08:00:00,2.3330,Tuesday,8,6,Summer,0
10023456784,2024-06-11 09:00:00,2024-06-11,09:00:00,2.5713,Tuesday,9,6,Summer,0
10023456784,2024-06-11 10:00:00,2024-06-11,10:00:00,1.8421,Tuesday,10,6,Summer,0
10023456784,2024-06-11 11:00:00,2024-06-11,11:00:00,1.9776,Tuesday,11,6,Summer,0
10023456784,2024-06-11 12:00:00,2024-06-11,12:00:00,1.5085,Tuesday,12,6,Summer,0
10023456784,2024-06-11 13:00:00,2024-06-11,13:00:00,1.8449,Tuesday,13,6,Summer,0
10023456784,2024-06-11 14:00:00,2024-06-11,14:00:00,1.5972,Tuesday,14,6,Summer,0
10023456784,2024-06-11 15:00:00,2024-06-11,15:00:00,1.9273,Tuesday,15,6,Summer,0
10023456784,2024-06-11 16:00:00,2024-06-11,16:00:00,2.0452,Tuesday,16,6,Summer,0
10023456784,2024-06-11 17:00:00,2024-06-11,17:00:00,0.1059,Tuesday,17,6,Summer,1
10023456784,2024-06-11 18:00:00,2024-06-11,18:00:00,4.0345,Tuesday,18,6,Summer,0
10023456784,2024-06-11 19:00:00,2024-06-11,19:00:00,3.5050,Tuesday,19,6,Summer,0
10023456784,2024-06-11 20:00:00,2024-06-11,20:00:00,4.5804,Tuesday,20,6,Summer,0
10023456784,2024-06-11 21:00:00,2024-06-11,21:00:00,3.2299,Tuesday,21,6,Summer,0
10023456784,2024-06-11 22:00:00,2024-06-11,22:00:00,2.2447,Tuesday,22,6,Summer,0
10023456784,2024-06-11 23:00:00,2024-06-11,23:00:00,1.5310,Tuesday,23,6,Summer,0
10023456784,2024-06-12 00:00:00,2024-06-12,00:00:00,1.0995,Wednesday,0,6,Summer,0
10023456784,2024-06-12 01:00:00,2024-06-12,01:00:00,1.0006,Wednesday,1,6,Summer,0
10023456784,2024-06-12 02:00:00,2024-06-12,02:00:00,0.9241,Wednesday,2,6,Summer,0
10023456784,2024-06-12 03:00:00,2024-06-12,03:00:00,0.7498,Wednesday,3,6,Summer,0
10023456784,2024-06-12 04:00:00,2024-06-12,04:00:00,1.0743,Wednesday,4,6,Summer,0
10023456784,2024-06-12 05:00:00,2024-06-12,05:00:00,1.3042,Wednesday,5,6,Summer,0
10023456784,2024-06-12 06:00:00,2024-06-12,06:00:00,2.0200,Wednesday,6,6,Summer,0
10023456784,2024-06-12 07:00:00,2024-06-12,07:00:00,2.9995,Wednesday,7,6,Summer,0
10023456784,2024-06-12 08:00:00,2024-06-12,08:00:00,3.4551,Wednesday,8,6,Summer,0
10023456784,2024-06-12 09:00:00,2024-06-12,09:00:00,3.2157,Wednesday,9,6,Summer,0
10023456784,2024-06-12 10:00:00,2024-06-12,10:00:00,2.2014,Wednesday,10,6,Summer,0
10023456784,2024-06-12 11:00:00,2024-06-12,11:00:00,2.3232,Wednesday,11,6,Summer,0
10023456784,2024-06-12 12:00:00,2024-06-12,12:00:00,2.2387,Wednesday,12,6,Summer,0
10023456784,2024-06-12 13:00:00,2024-06-12,13:00:00,2.0791,Wednesday,13,6,Summer,0
10023456784,2024-06-12 14:00:00,2024-06-12,14:00:00,1.9847,Wednesday,14,6,Summer,0
10023456784,2024-06-12 15:00:00,2024-06-12,15:00:00,2.4564,Wednesday,15,6,Summer,0
10023456784,2024-06-12 16:00:00,2024-06-12,16:00:00,2.6902,Wednesday,16,6,Summer,0
10023456784,2024-06-12 17:00:00,2024-06-12,17:00:00,3.2580,Wednesday,17,6,Summer,0
10023456784,2024-06-12 18:00:00,2024-06-12,18:00:00,4.1583,Wednesday,18,6,Summer,0
10023456784,2024-06-12 19:00:00,2024-06-12,19:00:00,4.8733,Wednesday,19,6,Summer,0
10023456784,2024-06-12 20:00:00,2024-06-12,20:00:00,4.8325,Wednesday,20,6,Summer,0
10023456784,2024-06-12 21:00:00,2024-06-12,21:00:00,5.1893,Wednesday,21,6,Summer,0
10023456784,2024-06-12 22:00:00,2024-06-12,22:00:00,2.8617,Wednesday,22,6,Summer,0
10023456784,2024-06-12 23:00:00,2024-06-12,23:00:00,1.9678,Wednesday,23,6,Summer,0
10023456784,2024-06-13 00:00:00,2024-06-13,00:00:00,0.9946,Thursday,0,6,Summer,0
10023456784,2024-06-13 01:00:00,2024-06-13,01:00:00,0.8482,Thursday,1,6,Summer,0
10023456784,2024-06-13 02:00:00,2024-06-13,02:00:00,0.7753,Thursday,2,6,Summer,0
10023456784,2024-06-13 03:00:00,2024-06-13,03:00:00,0.7379,Thursday,3,6,Summer,0
10023456784,2024-06-13 04:00:00,2024-06-13,04:00:00,0.8452,Thursday,4,6,Summer,0
10023456784,2024-06-13 05:00:00,2024-06-13,05:00:00,1.0677,Thursday,5,6,Summer,0
10023456784,2024-06-13 06:00:00,2024-06-13,06:00:00,2.4383,Thursday,6,6,Summer,0
10023456784,2024-06-13 07:00:00,2024-06-13,07:00:00,3.2302,Thursday,7,6,Summer,0
10023456784,2024-06-13 08:00:00,2024-06-13,08:00:00,4.3113,Thursday,8,6,Summer,0
10023456784,2024-06-13 09:00:00,2024-06-13,09:00:00,2.2380,Thursday,9,6,Summer,0
10023456784,2024-06-13 10:00:00,2024-06-13,10:00:00,1.8601,Thursday,10,6,Summer,0
10023456784,2024-06-13 11:00:00,2024-06-13,11:00:00,2.2102,Thursday,11,6,Summer,0
10023456784,2024-06-13 12:00:00,2024-06-13,12:00:00,2.0110,Thursday,12,6,Summer,0
10023456784,2024-06-13 13:00:00,2024-06-13,13:00:00,2.0122,Thursday,13,6,Summer,0
10023456784,2024-06-13 14:00:00,2024-06-13,14:00:00,2.3321,Thursday,14,6,Summer,0
10023456784,2024-06-13 15:00:00,2024-06-13,15:00:00,2.2591,Thursday,15,6,Summer,0
10023456784,2024-06-13 16:00:00,2024-06-13,16:00:00,2.1930,Thursday,16,6,Summer,0
10023456784,2024-06-13 17:00:00,2024-06-13,17:00:00,3.2106,Thursday,17,6,Summer,0
10023456784,2024-06-13 18:00:00,2024-06-13,18:00:00,4.4328,Thursday,18,6,Summer,0
10023456784,2024-06-13 19:00:00,2024-06-13,19:00:00,5.8484,Thursday,19,6,Summer,0
10023456784,2024-06-13 20:00:00,2024-06-13,20:00:00,4.7447,Thursday,20,6,Summer,0
10023456784,2024-06-13 21:00:00,2024-06-13,21:00:00,5.0472,Thursday,21,6,Summer,0
10023456784,2024-06-13 22:00:00,2024-06-13,22:00:00,3.0615,Thursday,22,6,Summer,0
10023456784,2024-06-13 23:00:00,2024-06-13,23:00:00,1.6695,Thursday,23,6,Summer,0
10023456784,2024-06-14 00:00:00,2024-06-14,00:00:00,0.8415,Friday,0,6,Summer,0
10023456784,2024-06-14 01:00:00,2024-06-14,01:00:00,0.9779,Friday,1,6,Summer,0
10023456784,2024-06-14 02:00:00,2024-06-14,02:00:00,0.7223,Friday,2,6,Summer,0
10023456784,2024-06-14 03:00:00,2024-06-14,03:00:00,0.9416,Friday,3,6,Summer,0
10023456784,2024-06-14 04:00:00,2024-06-14,04:00:00,0.9538,Friday,4,6,Summer,0
10023456784,2024-06-14 05:00:00,2024-06-14,05:00:00,1.2073,Friday,5,6,Summer,0
10023456784,2024-06-14 06:00:00,2024-06-14,06:00:00,2.0211,Friday,6,6,Summer,0
10023456784,2024-06-14 07:00:00,2024-06-14,07:00:00,3.1149,Friday,7,6,Summer,0
10023456784,2024-06-14 08:00:00,2024-06-14,08:00:00,3.1886,Friday,8,6,Summer,0
10023456784,2024-06-14 09:00:00,2024-06-14,09:00:00,2.9122,Friday,9,6,Summer,0
10023456784,2024-06-14 10:00:00,2024-06-14,10:00:00,2.0493,Friday,10,6,Summer,0
10023456784,2024-06-14 11:00:00,2024-06-14,11:00:00,1.8050,Friday,11,6,Summer,0
10023456784,2024-06-14 12:00:00,2024-06-14,12:00:00,1.9288,Friday,12,6,Summer,0
10023456784,2024-06-14 13:00:00,2024-06-14,13:00:00,2.6175,Friday,13,6,Summer,0
10023456784,2024-06-14 14:00:00,2024-06-14,14:00:00,2.1657,Friday,14,6,Summer,0
10023456784,2024-06-14 15:00:00,2024-06-14,15:00:00,2.2937,Friday,15,6,Summer,0
10023456784,2024-06-14 16:00:00,2024-06-14,16:00:00,2.3969,Friday,16,6,Summer,0
10023456784,2024-06-14 17:00:00,2024-06-14,17:00:00,3.4606,Friday,17,6,Summer,0
10023456784,2024-06-14 18:00:00,2024-06-14,18:00:00,3.6254,Friday,18,6,Summer,0
10023456784,2024-06-14 19:00:00,2024-06-14,19:00:00,4.4856,Friday,19,6,Summer,0
10023456784,2024-06-14 20:00:00,2024-06-14,20:00:00,4.3164,Friday,20,6,Summer,0
10023456784,2024-06-14 21:00:00,2024-06-14,21:00:00,3.3614,Friday,21,6,Summer,0
10023456784,2024-06-14 22:00:00,2024-06-14,22:00:00,2.8768,Friday,22,6,Summer,0
10023456784,2024-06-14 23:00:00,2024-06-14,23:00:00,1.9306,Friday,23,6,Summer,0
10023456784,2024-06-15 00:00:00,2024-06-15,00:00:00,1.1587,Saturday,0,6,Summer,0
10023456784,2024-06-15 01:00:00,2024-06-15,01:00:00,0.9684,Saturday,1,6,Summer,0
10023456784,2024-06-15 02:00:00,2024-06-15,02:00:00,0.8999,Saturday,2,6,Summer,0
10023456784,2024-06-15 03:00:00,2024-06-15,03:00:00,0.8247,Saturday,3,6,Summer,0
10023456784,2024-06-15 04:00:00,2024-06-15,04:00:00,0.9279,Saturday,4,6,Summer,0
10023456784,2024-06-15 05:00:00,2024-06-15,05:00:00,1.1044,Saturday,5,6,Summer,0
10023456784,2024-06-15 06:00:00,2024-06-15,06:00:00,1.7872,Saturday,6,6,Summer,0
10023456784,2024-06-15 07:00:00,2024-06-15,07:00:00,2.6008,Saturday,7,6,Summer,0
10023456784,2024-06-15 08:00:00,2024-06-15,08:00:00,3.6054,Saturday,8,6,Summer,0
10023456784,2024-06-15 09:00:00,2024-06-15,09:00:00,3.4657,Saturday,9,6,Summer,0
10023456784,2024-06-15 10:00:00,2024-06-15,10:00:00,3.2154,Saturday,10,6,Summer,0
10023456784,2024-06-15 11:00:00,2024-06-15,11:00:00,3.1928,Saturday,11,6,Summer,0
10023456784,2024-06-15 12:00:00,2024-06-15,12:00:00,3.0574,Saturday,12,6,Summer,0
10023456784,2024-06-15 13:00:00,2024-06-15,13:00:00,2.9564,Saturday,13,6,Summer,0
10023456784,2024-06-15 14:00:00,2024-06-15,14:00:00,2.9862,Saturday,14,6,Summer,0
10023456784,2024-06-15 15:00:00,2024-06-15,15:00:00,3.0329,Saturday,15,6,Summer,0
10023456784,2024-06-15 16:00:00,2024-06-15,16:00:00,3.1669,Saturday,16,6,Summer,0
10023456784,2024-06-15 17:00:00,2024-06-15,17:00:00,3.2977,Saturday,17,6,Summer,0
10023456784,2024-06-15 18:00:00,2024-06-15,18:00:00,5.1056,Saturday,18,6,Summer,0
10023456784,2024-06-15 19:00:00,2024-06-15,19:00:00,4.4876,Saturday,19,6,Summer,0
10023456784,2024-06-15 20:00:00,2024-06-15,20:00:00,4.5239,Saturday,20,6,Summer,0
10023456784,2024-06-15 21:00:00,2024-06-15,21:00:00,4.0194,Saturday,21,6,Summer,0
10023456784,2024-06-15 22:00:00,2024-06-15,22:00:00,0.1542,Saturday,22,6,Summer,1
10023456784,2024-06-15 23:00:00,2024-06-15,23:00:00,0.1135,Saturday,23,6,Summer,1
10023456784,2024-06-16 00:00:00,2024-06-16,00:00:00,1.1224,Sunday,0,6,Summer,0
10023456784,2024-06-16 01:00:00,2024-06-16,01:00:00,0.9401,Sunday,1,6,Summer,0
10023456784,2024-06-16 02:00:00,2024-06-16,02:00:00,0.9087,Sunday,2,6,Summer,0
10023456784,2024-06-16 03:00:00,2024-06-16,03:00:00,0.9044,Sunday,3,6,Summer,0
10023456784,2024-06-16 04:00:00,2024-06-16,04:00:00,0.9910,Sunday,4,6,Summer,0
10023456784,2024-06-16 05:00:00,2024-06-16,05:00:00,1.1593,Sunday,5,6,Summer,0
10023456784,2024-06-16 06:00:00,2024-06-16,06:00:00,1.7513,Sunday,6,6,Summer,0
10023456784,2024-06-16 07:00:00,2024-06-16,07:00:00,2.1892,Sunday,7,6,Summer,0
10023456784,2024-06-16 08:00:00,2024-06-16,08:00:00,3.5916,Sunday,8,6,Summer,0
10023456784,2024-06-16 09:00:00,2024-06-16,09:00:00,4.7436,Sunday,9,6,Summer,0
10023456784,2024-06-16 10:00:00,2024-06-16,10:00:00,4.0552,Sunday,10,6,Summer,0
10023456784,2024-06-16 11:00:00,2024-06-16,11:00:00,3.3508,Sunday,11,6,Summer,0
10023456784,2024-06-16 12:00:00,2024-06-16,12:00:00,3.3629,Sunday,12,6,Summer,0
10023456784,2024-06-16 13:00:00,2024-06-16,13:00:00,3.1591,Sunday,13,6,Summer,0
10023456784,2024-06-16 14:00:00,2024-06-16,14:00:00,2.8755,Sunday,14,6,Summer,0
10023456784,2024-06-16 15:00:00,2024-06-16,15:00:00,3.0506,Sunday,15,6,Summer,0
10023456784,2024-06-16 16:00:00,2024-06-16,16:00:00,3.2597,Sunday,16,6,Summer,0
10023456784,2024-06-16 17:00:00,2024-06-16,17:00:00,3.8439,Sunday,17,6,Summer,0
10023456784,2024-06-16 18:00:00,2024-06-16,18:00:00,4.3545,Sunday,18,6,Summer,0
10023456784,2024-06-16 19:00:00,2024-06-16,19:00:00,5.5648,Sunday,19,6,Summer,0
10023456784,2024-06-16 20:00:00,2024-06-16,20:00:00,4.8450,Sunday,20,6,Summer,0
10023456784,2024-06-16 21:00:00,2024-06-16,21:00:00,4.4203,Sunday,21,6,Summer,0
10023456784,2024-06-16 22:00:00,2024-06-16,22:00:00,4.1358,Sunday,22,6,Summer,0
10023456784,2024-06-16 23:00:00,2024-06-16,23:00:00,2.5071,Sunday,23,6,Summer,0
10023456784,2024-06-17 00:00:00,2024-06-17,00:00:00,0.8263,Monday,0,6,Summer,0
10023456784,2024-06-17 01:00:00,2024-06-17,01:00:00,0.6154,Monday,1,6,Summer,0
10023456784,2024-06-17 02:00:00,2024-06-17,02:00:00,0.6725,Monday,2,6,Summer,0
10023456784,2024-06-17 03:00:00,2024-06-17,03:00:00,0.7403,Monday,3,6,Summer,0
10023456784,2024-06-17 04:00:00,2024-06-17,04:00:00,0.8856,Monday,4,6,Summer,0
10023456784,2024-06-17 05:00:00,2024-06-17,05:00:00,1.0524,Monday,5,6,Summer,0
10023456784,2024-06-17 06:00:00,2024-06-17,06:00:00,2.1814,Monday,6,6,Summer,0
10023456784,2024-06-17 07:00:00,2024-06-17,07:00:00,2.5179,Monday,7,6,Summer,0
10023456784,2024-06-17 08:00:00,2024-06-17,08:00:00,2.7360,Monday,8,6,Summer,0
10023456784,2024-06-17 09:00:00,2024-06-17,09:00:00,2.4160,Monday,9,6,Summer,0
10023456784,2024-06-17 10:00:00,2024-06-17,10:00:00,1.9465,Monday,10,6,Summer,0
10023456784,2024-06-17 11:00:00,2024-06-17,11:00:00,1.5978,Monday,11,6,Summer,0
10023456784,2024-06-17 12:00:00,2024-06-17,12:00:00,1.9359,Monday,12,6,Summer,0
10023456784,2024-06-17 13:00:00,2024-06-17,13:00:00,1.9358,Monday,13,6,Summer,0
10023456784,2024-06-17 14:00:00,2024-06-17,14:00:00,1.8292,Monday,14,6,Summer,0
10023456784,2024-06-17 15:00:00,2024-06-17,15:00:00,1.8456,Monday,15,6,Summer,0
10023456784,2024-06-17 16:00:00,2024-06-17,16:00:00,2.6105,Monday,16,6,Summer,0
10023456784,2024-06-17 17:00:00,2024-06-17,17:00:00,3.1489,Monday,17,6,Summer,0
10023456784,2024-06-17 18:00:00,2024-06-17,18:00:00,3.2468,Monday,18,6,Summer,0
10023456784,2024-06-17 19:00:00,2024-06-17,19:00:00,3.5237,Monday,19,6,Summer,0
10023456784,2024-06-17 20:00:00,2024-06-17,20:00:00,4.0285,Monday,20,6,Summer,0
10023456784,2024-06-17 21:00:00,2024-06-17,21:00:00,3.1550,Monday,21,6,Summer,0
10023456784,2024-06-17 22:00:00,2024-06-17,22:00:00,2.7746,Monday,22,6,Summer,0
10023456784,2024-06-17 23:00:00,2024-06-17,23:00:00,1.2650,Monday,23,6,Summer,0
10023456784,2024-06-18 00:00:00,2024-06-18,00:00:00,0.6609,Tuesday,0,6,Summer,0
10023456784,2024-06-18 01:00:00,2024-06-18,01:00:00,0.6343,Tuesday,1,6,Summer,0
10023456784,2024-06-18 02:00:00,2024-06-18,02:00:00,0.5702,Tuesday,2,6,Summer,0
10023456784,2024-06-18 03:00:00,2024-06-18,03:00:00,0.6441,Tuesday,3,6,Summer,0
10023456784,2024-06-18 04:00:00,2024-06-18,04:00:00,0.9664,Tuesday,4,6,Summer,0
10023456784,2024-06-18 05:00:00,2024-06-18,05:00:00,0.7204,Tuesday,5,6,Summer,0
10023456784,2024-06-18 06:00:00,2024-06-18,06:00:00,1.4975,Tuesday,6,6,Summer,0
10023456784,2024-06-18 07:00:00,2024-06-18,07:00:00,2.6176,Tuesday,7,6,Summer,0
10023456784,2024-06-18 08:00:00,2024-06-18,08:00:00,2.7053,Tuesday,8,6,Summer,0
10023456784,2024-06-18 09:00:00,2024-06-18,09:00:00,2.0644,Tuesday,9,6,Summer,0
10023456784,2024-06-18 10:00:00,2024-06-18,10:00:00,1.8224,Tuesday,10,6,Summer,0
10023456784,2024-06-18 11:00:00,2024-06-18,11:00:00,1.3338,Tuesday,11,6,Summer,0
10023456784,2024-06-18 12:00:00,2024-06-18,12:00:00,1.9898,Tuesday,12,6,Summer,0
10023456784,2024-06-18 13:00:00,2024-06-18,13:00:00,1.7481,Tuesday,13,6,Summer,0
10023456784,2024-06-18 14:00:00,2024-06-18,14:00:00,1.9911,Tuesday,14,6,Summer,0
10023456784,2024-06-18 15:00:00,2024-06-18,15:00:00,2.0694,Tuesday,15,6,Summer,0
10023456784,2024-06-18 16:00:00,2024-06-18,16:00:00,2.1199,Tuesday,16,6,Summer,0
10023456784,2024-06-18 17:00:00,2024-06-18,17:00:00,2.7231,Tuesday,17,6,Summer,0
10023456784,2024-06-18 18:00:00,2024-06-18,18:00:00,3.3782,Tuesday,18,6,Summer,0
10023456784,2024-06-18 19:00:00,2024-06-18,19:00:00,3.8926,Tuesday,19,6,Summer,0
10023456784,2024-06-18 20:00:00,2024-06-18,20:00:00,2.7082,Tuesday,20,6,Summer,0
10023456784,2024-06-18 21:00:00,2024-06-18,21:00:00,3.0267,Tuesday,21,6,Summer,0
10023456784,2024-06-18 22:00:00,2024-06-18,22:00:00,1.8413,Tuesday,22,6,Summer,0
10023456784,2024-06-18 23:00:00,2024-06-18,23:00:00,1.6248,Tuesday,23,6,Summer,0
10023456784,2024-06-19 00:00:00,2024-06-19,00:00:00,0.6981,Wednesday,0,6,Summer,0
10023456784,2024-06-19 01:00:00,2024-06-19,01:00:00,0.5442,Wednesday,1,6,Summer,0
10023456784,2024-06-19 02:00:00,2024-06-19,02:00:00,0.5971,Wednesday,2,6,Summer,0
10023456784,2024-06-19 03:00:00,2024-06-19,03:00:00,0.4266,Wednesday,3,6,Summer,0
10023456784,2024-06-19 04:00:00,2024-06-19,04:00:00,0.5484,Wednesday,4,6,Summer,0
10023456784,2024-06-19 05:00:00,2024-06-19,05:00:00,0.7757,Wednesday,5,6,Summer,0
10023456784,2024-06-19 06:00:00,2024-06-19,06:00:00,1.5570,Wednesday,6,6,Summer,0
10023456784,2024-06-19 07:00:00,2024-06-19,07:00:00,2.1659,Wednesday,7,6,Summer,0
10023456784,2024-06-19 08:00:00,2024-06-19,08:00:00,1.9318,Wednesday,8,6,Summer,0
10023456784,2024-06-19 09:00:00,2024-06-19,09:00:00,2.2550,Wednesday,9,6,Summer,0
10023456784,2024-06-19 10:00:00,2024-06-19,10:00:00,1.4713,Wednesday,10,6,Summer,0
10023456784,2024-06-19 11:00:00,2024-06-19,11:00:00,1.2438,Wednesday,11,6,Summer,0
10023456784,2024-06-19 12:00:00,2024-06-19,12:00:00,1.5339,Wednesday,12,6,Summer,0
10023456784,2024-06-19 13:00:00,2024-06-19,13:00:00,1.8361,Wednesday,13,6,Summer,0
10023456784,2024-06-19 14:00:00,2024-06-19,14:00:00,1.4305,Wednesday,14,6,Summer,0
10023456784,2024-06-19 15:00:00,2024-06-19,15:00:00,1.5529,Wednesday,15,6,Summer,0
10023456784,2024-06-19 16:00:00,2024-06-19,16:00:00,1.6016,Wednesday,16,6,Summer,0
10023456784,2024-06-19 17:00:00,2024-06-19,17:00:00,2.1450,Wednesday,17,6,Summer,0
10023456784,2024-06-19 18:00:00,2024-06-19,18:00:00,2.4811,Wednesday,18,6,Summer,0
10023456784,2024-06-19 19:00:00,2024-06-19,19:00:00,3.0054,Wednesday,19,6,Summer,0
10023456784,2024-06-19 20:00:00,2024-06-19,20:00:00,2.6913,Wednesday,20,6,Summer,0
10023456784,2024-06-19 21:00:00,2024-06-19,21:00:00,2.6671,Wednesday,21,6,Summer,0
10023456784,2024-06-19 22:00:00,2024-06-19,22:00:00,1.7227,Wednesday,22,6,Summer,0
10023456784,2024-06-19 23:00:00,2024-06-19,23:00:00,1.2233,Wednesday,23,6,Summer,0
10023456784,2024-06-20 00:00:00,2024-06-20,00:00:00,0.6729,Thursday,0,6,Summer,0
10023456784,2024-06-20 01:00:00,2024-06-20,01:00:00,0.6396,Thursday,1,6,Summer,0
10023456784,2024-06-20 02:00:00,2024-06-20,02:00:00,0.5785,Thursday,2,6,Summer,0
10023456784,2024-06-20 03:00:00,2024-06-20,03:00:00,0.5869,Thursday,3,6,Summer,0
10023456784,2024-06-20 04:00:00,2024-06-20,04:00:00,0.6475,Thursday,4,6,Summer,0
10023456784,2024-06-20 05:00:00,2024-06-20,05:00:00,0.7998,Thursday,5,6,Summer,0
10023456784,2024-06-20 06:00:00,2024-06-20,06:00:00,1.4371,Thursday,6,6,Summer,0
10023456784,2024-06-20 07:00:00,2024-06-20,07:00:00,2.1813,Thursday,7,6,Summer,0
10023456784,2024-06-20 08:00:00,2024-06-20,08:00:00,2.2257,Thursday,8,6,Summer,0
10023456784,2024-06-20 09:00:00,2024-06-20,09:00:00,2.0692,Thursday,9,6,Summer,0
10023456784,2024-06-20 10:00:00,2024-06-20,10:00:00,1.7044,Thursday,10,6,Summer,0
10023456784,2024-06-20 11:00:00,2024-06-20,11:00:00,1.5003,Thursday,11,6,Summer,0
10023456784,2024-06-20 12:00:00,2024-06-20,12:00:00,1.4969,Thursday,12,6,Summer,0
10023456784,2024-06-20 13:00:00,2024-06-20,13:00:00,1.5260,Thursday,13,6,Summer,0
10023456784,2024-06-20 14:00:00,2024-06-20,14:00:00,1.5707,Thursday,14,6,Summer,0
10023456784,2024-06-20 15:00:00,2024-06-20,15:00:00,1.7036,Thursday,15,6,Summer,0
10023456784,2024-06-20 16:00:00,2024-06-20,16:00:00,1.7064,Thursday,16,6,Summer,0
10023456784,2024-06-20 17:00:00,2024-06-20,17:00:00,2.4336,Thursday,17,6,Summer,0
10023456784,2024-06-20 18:00:00,2024-06-20,18:00:00,2.8763,Thursday,18,6,Summer,0
10023456784,2024-06-20 19:00:00,2024-06-20,19:00:00,4.1764,Thursday,19,6,Summer,0
10023456784,2024-06-20 20:00:00,2024-06-20,20:00:00,3.1746,Thursday,20,6,Summer,0
10023456784,2024-06-20 21:00:00,2024-06-20,21:00:00,3.1459,Thursday,21,6,Summer,0
10023456784,2024-06-20 22:00:00,2024-06-20,22:00:00,2.0608,Thursday,22,6,Summer,0
10023456784,2024-06-20 23:00:00,2024-06-20,23:00:00,1.2633,Thursday,23,6,Summer,0
10023456784,2024-06-21 00:00:00,2024-06-21,00:00:00,0.7397,Friday,0,6,Summer,0
10023456784,2024-06-21 01:00:00,2024-06-21,01:00:00,0.7452,Friday,1,6,Summer,0
10023456784,2024-06-21 02:00:00,2024-06-21,02:00:00,0.6479,Friday,2,6,Summer,0
10023456784,2024-06-21 03:00:00,2024-06-21,03:00:00,0.4329,Friday,3,6,Summer,0
10023456784,2024-06-21 04:00:00,2024-06-21,04:00:00,0.8375,Friday,4,6,Summer,0
10023456784,2024-06-21 05:00:00,2024-06-21,05:00:00,0.8882,Friday,5,6,Summer,0
10023456784,2024-06-21 06:00:00,2024-06-21,06:00:00,1.5950,Friday,6,6,Summer,0
10023456784,2024-06-21 07:00:00,2024-06-21,07:00:00,2.1005,Friday,7,6,Summer,0
10023456784,2024-06-21 08:00:00,2024-06-21,08:00:00,2.7690,Friday,8,6,Summer,0
10023456784,2024-06-21 09:00:00,2024-06-21,09:00:00,2.2018,Friday,9,6,Summer,0
10023456784,2024-06-21 10:00:00,2024-06-21,10:00:00,1.7986,Friday,10,6,Summer,0
10023456784,2024-06-21 11:00:00,2024-06-21,11:00:00,1.4310,Friday,11,6,Summer,0
10023456784,2024-06-21 12:00:00,2024-06-21,12:00:00,1.5148,Friday,12,6,Summer,0
10023456784,2024-06-21 13:00:00,2024-06-21,13:00:00,1.9504,Friday,13,6,Summer,0
10023456784,2024-06-21 14:00:00,2024-06-21,14:00:00,1.9423,Friday,14,6,Summer,0
10023456784,2024-06-21 15:00:00,2024-06-21,15:00:00,1.7476,Friday,15,6,Summer,0
10023456784,2024-06-21 16:00:00,2024-06-21,16:00:00,2.2957,Friday,16,6,Summer,0
10023456784,2024-06-21 17:00:00,2024-06-21,17:00:00,2.0154,Friday,17,6,Summer,0
10023456784,2024-06-21 18:00:00,2024-06-21,18:00:00,2.9705,Friday,18,6,Summer,0
10023456784,2024-06-21 19:00:00,2024-06-21,19:00:00,4.5830,Friday,19,6,Summer,0
10023456784,2024-06-21 20:00:00,2024-06-21,20:00:00,3.2232,Friday,20,6,Summer,0
10023456784,2024-06-21 21:00:00,2024-06-21,21:00:00,0.2240,Friday,21,6,Summer,1
10023456784,2024-06-21 22:00:00,2024-06-21,22:00:00,0.3507,Friday,22,6,Summer,1
10023456784,2024-06-21 23:00:00,2024-06-21,23:00:00,0.1739,Friday,23,6,Summer,1
10023456784,2024-06-22 00:00:00,2024-06-22,00:00:00,0.8626,Saturday,0,6,Summer,0
10023456784,2024-06-22 01:00:00,2024-06-22,01:00:00,0.6644,Saturday,1,6,Summer,0
10023456784,2024-06-22 02:00:00,2024-06-22,02:00:00,0.7047,Saturday,2,6,Summer,0
10023456784,2024-06-22 03:00:00,2024-06-22,03:00:00,1.0457,Saturday,3,6,Summer,1
10023456784,2024-06-22 04:00:00,2024-06-22,04:00:00,1.9283,Saturday,4,6,Summer,1
10023456784,2024-06-22 05:00:00,2024-06-22,05:00:00,1.9422,Saturday,5,6,Summer,1
10023456784,2024-06-22 06:00:00,2024-06-22,06:00:00,2.7985,Saturday,6,6,Summer,1
10023456784,2024-06-22 07:00:00,2024-06-22,07:00:00,1.9016,Saturday,7,6,Summer,0
10023456784,2024-06-22 08:00:00,2024-06-22,08:00:00,2.7658,Saturday,8,6,Summer,0
10023456784,2024-06-22 09:00:00,2024-06-22,09:00:00,2.7391,Saturday,9,6,Summer,0
10023456784,2024-06-22 10:00:00,2024-06-22,10:00:00,2.6799,Saturday,10,6,Summer,0
10023456784,2024-06-22 11:00:00,2024-06-22,11:00:00,2.3982,Saturday,11,6,Summer,0
10023456784,2024-06-22 12:00:00,2024-06-22,12:00:00,2.0368,Saturday,12,6,Summer,0
10023456784,2024-06-22 13:00:00,2024-06-22,13:00:00,2.1538,Saturday,13,6,Summer,0
10023456784,2024-06-22 14:00:00,2024-06-22,14:00:00,1.7666,Saturday,14,6,Summer,0
10023456784,2024-06-22 15:00:00,2024-06-22,15:00:00,1.8968,Saturday,15,6,Summer,0
10023456784,2024-06-22 16:00:00,2024-06-22,16:00:00,2.3474,Saturday,16,6,Summer,0
10023456784,2024-06-22 17:00:00,2024-06-22,17:00:00,3.4584,Saturday,17,6,Summer,0
10023456784,2024-06-22 18:00:00,2024-06-22,18:00:00,3.6113,Saturday,18,6,Summer,0
10023456784,2024-06-22 19:00:00,2024-06-22,19:00:00,3.7367,Saturday,19,6,Summer,0
10023456784,2024-06-22 20:00:00,2024-06-22,20:00:00,4.0685,Saturday,20,6,Summer,0
10023456784,2024-06-22 21:00:00,2024-06-22,21:00:00,3.1795,Saturday,21,6,Summer,0
10023456784,2024-06-22 22:00:00,2024-06-22,22:00:00,2.4603,Saturday,22,6,Summer,0
10023456784,2024-06-22 23:00:00,2024-06-22,23:00:00,1.6869,Saturday,23,6,Summer,0
10023456784,2024-06-23 00:00:00,2024-06-23,00:00:00,0.9274,Sunday,0,6,Summer,0
10023456784,2024-06-23 01:00:00,2024-06-23,01:00:00,0.8190,Sunday,1,6,Summer,0
10023456784,2024-06-23 02:00:00,2024-06-23,02:00:00,0.6123,Sunday,2,6,Summer,0
10023456784,2024-06-23 03:00:00,2024-06-23,03:00:00,0.5421,Sunday,3,6,Summer,0
10023456784,2024-06-23 04:00:00,2024-06-23,04:00:00,0.7423,Sunday,4,6,Summer,0
10023456784,2024-06-23 05:00:00,2024-06-23,05:00:00,0.7712,Sunday,5,6,Summer,0
10023456784,2024-06-23 06:00:00,2024-06-23,06:00:00,1.5159,Sunday,6,6,Summer,0
10023456784,2024-06-23 07:00:00,2024-06-23,07:00:00,1.9653,Sunday,7,6,Summer,0
10023456784,2024-06-23 08:00:00,2024-06-23,08:00:00,2.4939,Sunday,8,6,Summer,0
10023456784,2024-06-23 09:00:00,2024-06-23,09:00:00,2.9229,Sunday,9,6,Summer,0
10023456784,2024-06-23 10:00:00,2024-06-23,10:00:00,3.1238,Sunday,10,6,Summer,0
10023456784,2024-06-23 11:00:00,2024-06-23,11:00:00,2.5754,Sunday,11,6,Summer,0
10023456784,2024-06-23 12:00:00,2024-06-23,12:00:00,2.0224,Sunday,12,6,Summer,0
10023456784,2024-06-23 13:00:00,2024-06-23,13:00:00,2.2107,Sunday,13,6,Summer,0
10023456784,2024-06-23 14:00:00,2024-06-23,14:00:00,2.1452,Sunday,14,6,Summer,0
10023456784,2024-06-23 15:00:00,2024-06-23,15:00:00,2.2095,Sunday,15,6,Summer,0
10023456784,2024-06-23 16:00:00,2024-06-23,16:00:00,2.2403,Sunday,16,6,Summer,0
10023456784,2024-06-23 17:00:00,2024-06-23,17:00:00,2.9932,Sunday,17,6,Summer,0
10023456784,2024-06-23 18:00:00,2024-06-23,18:00:00,3.2627,Sunday,18,6,Summer,0
10023456784,2024-06-23 19:00:00,2024-06-23,19:00:00,3.7236,Sunday,19,6,Summer,0
10023456784,2024-06-23 20:00:00,2024-06-23,20:00:00,4.1955,Sunday,20,6,Summer,0
10023456784,2024-06-23 21:00:00,2024-06-23,21:00:00,3.1154,Sunday,21,6,Summer,0
10023456784,2024-06-23 22:00:00,2024-06-23,22:00:00,2.4232,Sunday,22,6,Summer,0
10023456784,2024-06-23 23:00:00,2024-06-23,23:00:00,1.5709,Sunday,23,6,Summer,0
10023456784,2024-06-24 00:00:00,2024-06-24,00:00:00,0.9425,Monday,0,6,Summer,0
10023456784,2024-06-24 01:00:00,2024-06-24,01:00:00,0.6299,Monday,1,6,Summer,0
10023456784,2024-06-24 02:00:00,2024-06-24,02:00:00,0.6178,Monday,2,6,Summer,0
10023456784,2024-06-24 03:00:00,2024-06-24,03:00:00,0.6039,Monday,3,6,Summer,0
10023456784,2024-06-24 04:00:00,2024-06-24,04:00:00,0.7459,Monday,4,6,Summer,0
10023456784,2024-06-24 05:00:00,2024-06-24,05:00:00,1.0964,Monday,5,6,Summer,0
10023456784,2024-06-24 06:00:00,2024-06-24,06:00:00,1.3484,Monday,6,6,Summer,0
10023456784,2024-06-24 07:00:00,2024-06-24,07:00:00,2.1432,Monday,7,6,Summer,0
10023456784,2024-06-24 08:00:00,2024-06-24,08:00:00,2.5973,Monday,8,6,Summer,0
10023456784,2024-06-24 09:00:00,2024-06-24,09:00:00,2.5481,Monday,9,6,Summer,0
10023456784,2024-06-24 10:00:00,2024-06-24,10:00:00,1.8574,Monday,10,6,Summer,0
10023456784,2024-06-24 11:00:00,2024-06-24,11:00:00,1.6106,Monday,11,6,Summer,0
10023456784,2024-06-24 12:00:00,2024-06-24,12:00:00,1.7277,Monday,12,6,Summer,0
10023456784,2024-06-24 13:00:00,2024-06-24,13:00:00,1.5632,Monday,13,6,Summer,0
10023456784,2024-06-24 14:00:00,2024-06-24,14:00:00,1.7809,Monday,14,6,Summer,0
10023456784,2024-06-24 15:00:00,2024-06-24,15:00:00,1.8925,Monday,15,6,Summer,0
10023456784,2024-06-24 16:00:00,2024-06-24,16:00:00,2.6339,Monday,16,6,Summer,0
10023456784,2024-06-24 17:00:00,2024-06-24,17:00:00,2.8906,Monday,17,6,Summer,0
10023456784,2024-06-24 18:00:00,2024-06-24,18:00:00,3.4639,Monday,18,6,Summer,0
10023456784,2024-06-24 19:00:00,2024-06-24,19:00:00,3.5872,Monday,19,6,Summer,0
10023456784,2024-06-24 20:00:00,2024-06-24,20:00:00,3.3129,Monday,20,6,Summer,0
10023456784,2024-06-24 21:00:00,2024-06-24,21:00:00,2.9339,Monday,21,6,Summer,0
10023456784,2024-06-24 22:00:00,2024-06-24,22:00:00,2.2923,Monday,22,6,Summer,0
10023456784,2024-06-24 23:00:00,2024-06-24,23:00:00,1.3102,Monday,23,6,Summer,0
10023456784,2024-06-25 00:00:00,2024-06-25,00:00:00,0.6397,Tuesday,0,6,Summer,0
10023456784,2024-06-25 01:00:00,2024-06-25,01:00:00,0.5718,Tuesday,1,6,Summer,0
10023456784,2024-06-25 02:00:00,2024-06-25,02:00:00,0.5165,Tuesday,2,6,Summer,0
10023456784,2024-06-25 03:00:00,2024-06-25,03:00:00,0.5094,Tuesday,3,6,Summer,0
10023456784,2024-06-25 04:00:00,2024-06-25,04:00:00,0.6723,Tuesday,4,6,Summer,0
10023456784,2024-06-25 05:00:00,2024-06-25,05:00:00,0.8154,Tuesday,5,6,Summer,0
10023456784,2024-06-25 06:00:00,2024-06-25,06:00:00,1.3847,Tuesday,6,6,Summer,0
10023456784,2024-06-25 07:00:00,2024-06-25,07:00:00,2.2467,Tuesday,7,6,Summer,0
10023456784,2024-06-25 08:00:00,2024-06-25,08:00:00,1.8854,Tuesday,8,6,Summer,0
10023456784,2024-06-25 09:00:00,2024-06-25,09:00:00,1.9418,Tuesday,9,6,Summer,0
10023456784,2024-06-25 10:00:00,2024-06-25,10:00:00,1.5394,Tuesday,10,6,Summer,0
10023456784,2024-06-25 11:00:00,2024-06-25,11:00:00,4.8154,Tuesday,11,6,Summer,1
10023456784,2024-06-25 12:00:00,2024-06-25,12:00:00,1.4724,Tuesday,12,6,Summer,0
10023456784,2024-06-25 13:00:00,2024-06-25,13:00:00,1.4149,Tuesday,13,6,Summer,0
10023456784,2024-06-25 14:00:00,2024-06-25,14:00:00,1.4219,Tuesday,14,6,Summer,0
10023456784,2024-06-25 15:00:00,2024-06-25,15:00:00,1.7379,Tuesday,15,6,Summer,0
10023456784,2024-06-25 16:00:00,2024-06-25,16:00:00,2.0954,Tuesday,16,6,Summer,0
10023456784,2024-06-25 17:00:00,2024-06-25,17:00:00,2.6903,Tuesday,17,6,Summer,0
10023456784,2024-06-25 18:00:00,2024-06-25,18:00:00,7.8878,Tuesday,18,6,Summer,1
10023456784,2024-06-25 19:00:00,2024-06-25,19:00:00,3.2055,Tuesday,19,6,Summer,0
10023456784,2024-06-25 20:00:00,2024-06-25,20:00:00,2.7883,Tuesday,20,6,Summer,0
10023456784,2024-06-25 21:00:00,2024-06-25,21:00:00,2.8696,Tuesday,21,6,Summer,0
10023456784,2024-06-25 22:00:00,2024-06-25,22:00:00,1.6341,Tuesday,22,6,Summer,0
10023456784,2024-06-25 23:00:00,2024-06-25,23:00:00,1.1250,Tuesday,23,6,Summer,0
10023456784,2024-06-26 00:00:00,2024-06-26,00:00:00,0.6434,Wednesday,0,6,Summer,0
10023456784,2024-06-26 01:00:00,2024-06-26,01:00:00,0.4912,Wednesday,1,6,Summer,0
10023456784,2024-06-26 02:00:00,2024-06-26,02:00:00,0.5264,Wednesday,2,6,Summer,0
10023456784,2024-06-26 03:00:00,2024-06-26,03:00:00,0.5249,Wednesday,3,6,Summer,0
10023456784,2024-06-26 04:00:00,2024-06-26,04:00:00,0.5150,Wednesday,4,6,Summer,0
10023456784,2024-06-26 05:00:00,2024-06-26,05:00:00,0.9212,Wednesday,5,6,Summer,0
10023456784,2024-06-26 06:00:00,2024-06-26,06:00:00,1.4427,Wednesday,6,6,Summer,0
10023456784,2024-06-26 07:00:00,2024-06-26,07:00:00,1.9679,Wednesday,7,6,Summer,0
10023456784,2024-06-26 08:00:00,2024-06-26,08:00:00,1.9088,Wednesday,8,6,Summer,0
10023456784,2024-06-26 09:00:00,2024-06-26,09:00:00,1.6420,Wednesday,9,6,Summer,0
10023456784,2024-06-26 10:00:00,2024-06-26,10:00:00,1.3911,Wednesday,10,6,Summer,0
10023456784,2024-06-26 11:00:00,2024-06-26,11:00:00,1.3719,Wednesday,11,6,Summer,0
10023456784,2024-06-26 12:00:00,2024-06-26,12:00:00,1.6911,Wednesday,12,6,Summer,0
10023456784,2024-06-26 13:00:00,2024-06-26,13:00:00,1.3208,Wednesday,13,6,Summer,0
10023456784,2024-06-26 14:00:00,2024-06-26,14:00:00,1.2878,Wednesday,14,6,Summer,0
10023456784,2024-06-26 15:00:00,2024-06-26,15:00:00,1.5411,Wednesday,15,6,Summer,0
10023456784,2024-06-26 16:00:00,2024-06-26,16:00:00,0.1286,Wednesday,16,6,Summer,1
10023456784,2024-06-26 17:00:00,2024-06-26,17:00:00,1.8727,Wednesday,17,6,Summer,0
10023456784,2024-06-26 18:00:00,2024-06-26,18:00:00,2.7383,Wednesday,18,6,Summer,0
10023456784,2024-06-26 19:00:00,2024-06-26,19:00:00,3.3931,Wednesday,19,6,Summer,0
10023456784,2024-06-26 20:00:00,2024-06-26,20:00:00,2.8167,Wednesday,20,6,Summer,0
10023456784,2024-06-26 21:00:00,2024-06-26,21:00:00,2.4278,Wednesday,21,6,Summer,0
10023456784,2024-06-26 22:00:00,2024-06-26,22:00:00,2.5134,Wednesday,22,6,Summer,0
10023456784,2024-06-26 23:00:00,2024-06-26,23:00:00,1.1336,Wednesday,23,6,Summer,0
10023456784,2024-06-27 00:00:00,2024-06-27,00:00:00,0.6495,Thursday,0,6,Summer,0
10023456784,2024-06-27 01:00:00,2024-06-27,01:00:00,0.6340,Thursday,1,6,Summer,0
10023456784,2024-06-27 02:00:00,2024-06-27,02:00:00,0.5119,Thursday,2,6,Summer,0
10023456784,2024-06-27 03:00:00,2024-06-27,03:00:00,0.6839,Thursday,3,6,Summer,0
10023456784,2024-06-27 04:00:00,2024-06-27,04:00:00,0.6893,Thursday,4,6,Summer,0
10023456784,2024-06-27 05:00:00,2024-06-27,05:00:00,0.8704,Thursday,5,6,Summer,0
10023456784,2024-06-27 06:00:00,2024-06-27,06:00:00,1.4296,Thursday,6,6,Summer,0
10023456784,2024-06-27 07:00:00,2024-06-27,07:00:00,1.9436,Thursday,7,6,Summer,0
10023456784,2024-06-27 08:00:00,2024-06-27,08:00:00,2.3365,Thursday,8,6,Summer,0
10023456784,2024-06-27 09:00:00,2024-06-27,09:00:00,1.8216,Thursday,9,6,Summer,0
10023456784,2024-06-27 10:00:00,2024-06-27,10:00:00,1.7554,Thursday,10,6,Summer,0
10023456784,2024-06-27 11:00:00,2024-06-27,11:00:00,1.6355,Thursday,11,6,Summer,0
10023456784,2024-06-27 12:00:00,2024-06-27,12:00:00,1.6823,Thursday,12,6,Summer,0
10023456784,2024-06-27 13:00:00,2024-06-27,13:00:00,1.3374,Thursday,13,6,Summer,0
10023456784,2024-06-27 14:00:00,2024-06-27,14:00:00,1.6061,Thursday,14,6,Summer,0
10023456784,2024-06-27 15:00:00,2024-06-27,15:00:00,1.4938,Thursday,15,6,Summer,0
10023456784,2024-06-27 16:00:00,2024-06-27,16:00:00,1.7148,Thursday,16,6,Summer,0
10023456784,2024-06-27 17:00:00,2024-06-27,17:00:00,1.8854,Thursday,17,6,Summer,0
10023456784,2024-06-27 18:00:00,2024-06-27,18:00:00,2.9154,Thursday,18,6,Summer,0
10023456784,2024-06-27 19:00:00,2024-06-27,19:00:00,3.0269,Thursday,19,6,Summer,0
10023456784,2024-06-27 20:00:00,2024-06-27,20:00:00,3.4625,Thursday,20,6,Summer,0
10023456784,2024-06-27 21:00:00,2024-06-27,21:00:00,2.8140,Thursday,21,6,Summer,0
10023456784,2024-06-27 22:00:00,2024-06-27,22:00:00,2.1110,Thursday,22,6,Summer,0
10023456784,2024-06-27 23:00:00,2024-06-27,23:00:00,1.0364,Thursday,23,6,Summer,0
10023456784,2024-06-28 00:00:00,2024-06-28,00:00:00,4.1017,Friday,0,6,Summer,1
10023456784,2024-06-28 01:00:00,2024-06-28,01:00:00,0.6086,Friday,1,6,Summer,0
10023456784,2024-06-28 02:00:00,2024-06-28,02:00:00,0.4849,Friday,2,6,Summer,0
10023456784,2024-06-28 03:00:00,2024-06-28,03:00:00,0.5054,Friday,3,6,Summer,0
10023456784,2024-06-28 04:00:00,2024-06-28,04:00:00,0.5515,Friday,4,6,Summer,0
10023456784,2024-06-28 05:00:00,2024-06-28,05:00:00,0.9379,Friday,5,6,Summer,0
10023456784,2024-06-28 06:00:00,2024-06-28,06:00:00,5.2164,Friday,6,6,Summer,1
10023456784,2024-06-28 07:00:00,2024-06-28,07:00:00,1.7282,Friday,7,6,Summer,0
10023456784,2024-06-28 08:00:00,2024-06-28,08:00:00,2.2889,Friday,8,6,Summer,0
10023456784,2024-06-28 09:00:00,2024-06-28,09:00:00,1.8117,Friday,9,6,Summer,0
10023456784,2024-06-28 10:00:00,2024-06-28,10:00:00,1.3453,Friday,10,6,Summer,0
10023456784,2024-06-28 11:00:00,2024-06-28,11:00:00,1.3621,Friday,11,6,Summer,0
10023456784,2024-06-28 12:00:00,2024-06-28,12:00:00,1.5280,Friday,12,6,Summer,0
10023456784,2024-06-28 13:00:00,2024-06-28,13:00:00,1.3620,Friday,13,6,Summer,0
10023456784,2024-06-28 14:00:00,2024-06-28,14:00:00,1.3296,Friday,14,6,Summer,0
10023456784,2024-06-28 15:00:00,2024-06-28,15:00:00,1.5570,Friday,15,6,Summer,0
10023456784,2024-06-28 16:00:00,2024-06-28,16:00:00,1.9247,Friday,16,6,Summer,0
10023456784,2024-06-28 17:00:00,2024-06-28,17:00:00,1.8536,Friday,17,6,Summer,0
10023456784,2024-06-28 18:00:00,2024-06-28,18:00:00,2.8570,Friday,18,6,Summer,0
10023456784,2024-06-28 19:00:00,2024-06-28,19:00:00,2.9530,Friday,19,6,Summer,0
10023456784,2024-06-28 20:00:00,2024-06-28,20:00:00,3.3985,Friday,20,6,Summer,0
10023456784,2024-06-28 21:00:00,2024-06-28,21:00:00,2.1217,Friday,21,6,Summer,0
10023456784,2024-06-28 22:00:00,2024-06-28,22:00:00,2.0825,Friday,22,6,Summer,0
10023456784,2024-06-28 23:00:00,2024-06-28,23:00:00,1.1775,Friday,23,6,Summer,0
10023456784,2024-06-29 00:00:00,2024-06-29,00:00:00,0.7657,Saturday,0,6,Summer,0
10023456784,2024-06-29 01:00:00,2024-06-29,01:00:00,0.6433,Saturday,1,6,Summer,0
10023456784,2024-06-29 02:00:00,2024-06-29,02:00:00,0.5875,Saturday,2,6,Summer,0
10023456784,2024-06-29 03:00:00,2024-06-29,03:00:00,0.5206,Saturday,3,6,Summer,0
10023456784,2024-06-29 04:00:00,2024-06-29,04:00:00,0.5894,Saturday,4,6,Summer,0
10023456784,2024-06-29 05:00:00,2024-06-29,05:00:00,0.7766,Saturday,5,6,Summer,0
10023456784,2024-06-29 06:00:00,2024-06-29,06:00:00,1.2304,Saturday,6,6,Summer,0
10023456784,2024-06-29 07:00:00,2024-06-29,07:00:00,1.6656,Saturday,7,6,Summer,0
10023456784,2024-06-29 08:00:00,2024-06-29,08:00:00,2.5391,Saturday,8,6,Summer,0
10023456784,2024-06-29 09:00:00,2024-06-29,09:00:00,3.0483,Saturday,9,6,Summer,0
10023456784,2024-06-29 10:00:00,2024-06-29,10:00:00,2.5011,Saturday,10,6,Summer,0
10023456784,2024-06-29 11:00:00,2024-06-29,11:00:00,2.0573,Saturday,11,6,Summer,0
10023456784,2024-06-29 12:00:00,2024-06-29,12:00:00,1.9084,Saturday,12,6,Summer,0
10023456784,2024-06-29 13:00:00,2024-06-29,13:00:00,1.8922,Saturday,13,6,Summer,0
10023456784,2024-06-29 14:00:00,2024-06-29,14:00:00,1.6372,Saturday,14,6,Summer,0
10023456784,2024-06-29 15:00:00,2024-06-29,15:00:00,1.9804,Saturday,15,6,Summer,0
10023456784,2024-06-29 16:00:00,2024-06-29,16:00:00,2.1254,Saturday,16,6,Summer,0
10023456784,2024-06-29 17:00:00,2024-06-29,17:00:00,2.8623,Saturday,17,6,Summer,0
10023456784,2024-06-29 18:00:00,2024-06-29,18:00:00,2.6384,Saturday,18,6,Summer,0
10023456784,2024-06-29 19:00:00,2024-06-29,19:00:00,3.7787,Saturday,19,6,Summer,0
10023456784,2024-06-29 20:00:00,2024-06-29,20:00:00,3.4825,Saturday,20,6,Summer,0
10023456784,2024-06-29 21:00:00,2024-06-29,21:00:00,2.8943,Saturday,21,6,Summer,0
10023456784,2024-06-29 22:00:00,2024-06-29,22:00:00,1.8800,Saturday,22,6,Summer,0
10023456784,2024-06-29 23:00:00,2024-06-29,23:00:00,1.5493,Saturday,23,6,Summer,0
10023456784,2024-06-30 00:00:00,2024-06-30,00:00:00,0.8473,Sunday,0,6,Summer,0
10023456784,2024-06-30 01:00:00,2024-06-30,01:00:00,0.6995,Sunday,1,6,Summer,0
10023456784,2024-06-30 02:00:00,2024-06-30,02:00:00,0.6498,Sunday,2,6,Summer,0
10023456784,2024-06-30 03:00:00,2024-06-30,03:00:00,0.6258,Sunday,3,6,Summer,0
10023456784,2024-06-30 04:00:00,2024-06-30,04:00:00,0.7012,Sunday,4,6,Summer,0
10023456784,2024-06-30 05:00:00,2024-06-30,05:00:00,0.8137,Sunday,5,6,Summer,0
10023456784,2024-06-30 06:00:00,2024-06-30,06:00:00,1.2447,Sunday,6,6,Summer,0
10023456784,2024-06-30 07:00:00,2024-06-30,07:00:00,1.6595,Sunday,7,6,Summer,0
10023456784,2024-06-30 08:00:00,2024-06-30,08:00:00,2.1413,Sunday,8,6,Summer,0
10023456784,2024-06-30 09:00:00,2024-06-30,09:00:00,2.6380,Sunday,9,6,Summer,0
10023456784,2024-06-30 10:00:00,2024-06-30,10:00:00,2.4308,Sunday,10,6,Summer,0
10023456784,2024-06-30 11:00:00,2024-06-30,11:00:00,2.5978,Sunday,11,6,Summer,0
10023456784,2024-06-30 12:00:00,2024-06-30,12:00:00,1.7403,Sunday,12,6,Summer,0
10023456784,2024-06-30 13:00:00,2024-06-30,13:00:00,2.1413,Sunday,13,6,Summer,0
10023456784,2024-06-30 14:00:00,2024-06-30,14:00:00,2.0185,Sunday,14,6,Summer,0
10023456784,2024-06-30 15:00:00,2024-06-30,15:00:00,2.1367,Sunday,15,6,Summer,0
10023456784,2024-06-30 16:00:00,2024-06-30,16:00:00,2.1012,Sunday,16,6,Summer,0
10023456784,2024-06-30 17:00:00,2024-06-30,17:00:00,2.9718,Sunday,17,6,Summer,0
10023456784,2024-06-30 18:00:00,2024-06-30,18:00:00,3.4985,Sunday,18,6,Summer,0
10023456784,2024-06-30 19:00:00,2024-06-30,19:00:00,3.3240,Sunday,19,6,Summer,0
10023456784,2024-06-30 20:00:00,2024-06-30,20:00:00,3.1298,Sunday,20,6,Summer,0
10023456784,2024-06-30 21:00:00,2024-06-30,21:00:00,2.9211,Sunday,21,6,Summer,0
10023456784,2024-06-30 22:00:00,2024-06-30,22:00:00,2.5961,Sunday,22,6,Summer,0
10023456784,2024-06-30 23:00:00,2024-06-30,23:00:00,1.3036,Sunday,23,6,Summer,0
10023456784,2024-07-01 00:00:00,2024-07-01,00:00:00,0.5181,Monday,0,7,Summer,0
10023456784,2024-07-01 01:00:00,2024-07-01,01:00:00,0.5651,Monday,1,7,Summer,0
10023456784,2024-07-01 02:00:00,2024-07-01,02:00:00,0.4670,Monday,2,7,Summer,0
10023456784,2024-07-01 03:00:00,2024-07-01,03:00:00,0.4412,Monday,3,7,Summer,0
10023456784,2024-07-01 04:00:00,2024-07-01,04:00:00,0.5379,Monday,4,7,Summer,0
10023456784,2024-07-01 05:00:00,2024-07-01,05:00:00,0.6077,Monday,5,7,Summer,0
10023456784,2024-07-01 06:00:00,2024-07-01,06:00:00,1.2154,Monday,6,7,Summer,0
10023456784,2024-07-01 07:00:00,2024-07-01,07:00:00,1.8770,Monday,7,7,Summer,0
10023456784,2024-07-01 08:00:00,2024-07-01,08:00:00,1.7377,Monday,8,7,Summer,0
10023456784,2024-07-01 09:00:00,2024-07-01,09:00:00,1.9142,Monday,9,7,Summer,0
10023456784,2024-07-01 10:00:00,2024-07-01,10:00:00,1.2860,Monday,10,7,Summer,0
10023456784,2024-07-01 11:00:00,2024-07-01,11:00:00,1.2943,Monday,11,7,Summer,0
10023456784,2024-07-01 12:00:00,2024-07-01,12:00:00,1.2272,Monday,12,7,Summer,0
10023456784,2024-07-01 13:00:00,2024-07-01,13:00:00,1.3052,Monday,13,7,Summer,0
10023456784,2024-07-01 14:00:00,2024-07-01,14:00:00,1.2481,Monday,14,7,Summer,0
10023456784,2024-07-01 15:00:00,2024-07-01,15:00:00,1.4894,Monday,15,7,Summer,0
10023456784,2024-07-01 16:00:00,2024-07-01,16:00:00,1.6874,Monday,16,7,Summer,0
10023456784,2024-07-01 17:00:00,2024-07-01,17:00:00,2.0677,Monday,17,7,Summer,0
10023456784,2024-07-01 18:00:00,2024-07-01,18:00:00,3.0532,Monday,18,7,Summer,0
10023456784,2024-07-01 19:00:00,2024-07-01,19:00:00,2.8683,Monday,19,7,Summer,0
10023456784,2024-07-01 20:00:00,2024-07-01,20:00:00,3.4101,Monday,20,7,Summer,0
10023456784,2024-07-01 21:00:00,2024-07-01,21:00:00,2.2119,Monday,21,7,Summer,0
10023456784,2024-07-01 22:00:00,2024-07-01,22:00:00,2.1279,Monday,22,7,Summer,0
10023456784,2024-07-01 23:00:00,2024-07-01,23:00:00,0.9450,Monday,23,7,Summer,0
10023456784,2024-07-02 00:00:00,2024-07-02,00:00:00,0.6021,Tuesday,0,7,Summer,0
10023456784,2024-07-02 01:00:00,2024-07-02,01:00:00,0.6589,Tuesday,1,7,Summer,0
10023456784,2024-07-02 02:00:00,2024-07-02,02:00:00,0.5779,Tuesday,2,7,Summer,0
10023456784,2024-07-02 03:00:00,2024-07-02,03:00:00,0.5951,Tuesday,3,7,Summer,0
10023456784,2024-07-02 04:00:00,2024-07-02,04:00:00,0.5476,Tuesday,4,7,Summer,0
10023456784,2024-07-02 05:00:00,2024-07-02,05:00:00,0.9321,Tuesday,5,7,Summer,0
10023456784,2024-07-02 06:00:00,2024-07-02,06:00:00,1.3151,Tuesday,6,7,Summer,0
10023456784,2024-07-02 07:00:00,2024-07-02,07:00:00,2.3448,Tuesday,7,7,Summer,0
10023456784,2024-07-02 08:00:00,2024-07-02,08:00:00,2.4219,Tuesday,8,7,Summer,0
10023456784,2024-07-02 09:00:00,2024-07-02,09:00:00,1.9410,Tuesday,9,7,Summer,0
10023456784,2024-07-02 10:00:00,2024-07-02,10:00:00,1.4831,Tuesday,10,7,Summer,0
10023456784,2024-07-02 11:00:00,2024-07-02,11:00:00,1.5440,Tuesday,11,7,Summer,0
10023456784,2024-07-02 12:00:00,2024-07-02,12:00:00,1.7650,Tuesday,12,7,Summer,0
10023456784,2024-07-02 13:00:00,2024-07-02,13:00:00,1.7115,Tuesday,13,7,Summer,0
10023456784,2024-07-02 14:00:00,2024-07-02,14:00:00,1.3816,Tuesday,14,7,Summer,0
10023456784,2024-07-02 15:00:00,2024-07-02,15:00:00,1.4120,Tuesday,15,7,Summer,0
10023456784,2024-07-02 16:00:00,2024-07-02,16:00:00,1.5574,Tuesday,16,7,Summer,0
10023456784,2024-07-02 17:00:00,2024-07-02,17:00:00,2.6860,Tuesday,17,7,Summer,0
10023456784,2024-07-02 18:00:00,2024-07-02,18:00:00,2.9355,Tuesday,18,7,Summer,0
10023456784,2024-07-02 19:00:00,2024-07-02,19:00:00,3.6455,Tuesday,19,7,Summer,0
10023456784,2024-07-02 20:00:00,2024-07-02,20:00:00,3.0009,Tuesday,20,7,Summer,0
10023456784,2024-07-02 21:00:00,2024-07-02,21:00:00,0.1558,Tuesday,21,7,Summer,1
10023456784,2024-07-02 22:00:00,2024-07-02,22:00:00,1.8992,Tuesday,22,7,Summer,0
10023456784,2024-07-02 23:00:00,2024-07-02,23:00:00,1.3090,Tuesday,23,7,Summer,0
10023456784,2024-07-03 00:00:00,2024-07-03,00:00:00,1.0462,Wednesday,0,7,Summer,0
10023456784,2024-07-03 01:00:00,2024-07-03,01:00:00,0.7839,Wednesday,1,7,Summer,0
10023456784,2024-07-03 02:00:00,2024-07-03,02:00:00,0.7452,Wednesday,2,7,Summer,0
10023456784,2024-07-03 03:00:00,2024-07-03,03:00:00,0.6849,Wednesday,3,7,Summer,0
10023456784,2024-07-03 04:00:00,2024-07-03,04:00:00,0.7228,Wednesday,4,7,Summer,0
10023456784,2024-07-03 05:00:00,2024-07-03,05:00:00,1.0327,Wednesday,5,7,Summer,0
10023456784,2024-07-03 06:00:00,2024-07-03,06:00:00,1.7250,Wednesday,6,7,Summer,0
10023456784,2024-07-03 07:00:00,2024-07-03,07:00:00,2.4080,Wednesday,7,7,Summer,0
10023456784,2024-07-03 08:00:00,2024-07-03,08:00:00,3.1904,Wednesday,8,7,Summer,0
10023456784,2024-07-03 09:00:00,2024-07-03,09:00:00,2.4371,Wednesday,9,7,Summer,0
10023456784,2024-07-03 10:00:00,2024-07-03,10:00:00,2.1581,Wednesday,10,7,Summer,0
10023456784,2024-07-03 11:00:00,2024-07-03,11:00:00,1.5925,Wednesday,11,7,Summer,0
10023456784,2024-07-03 12:00:00,2024-07-03,12:00:00,1.6545,Wednesday,12,7,Summer,0
10023456784,2024-07-03 13:00:00,2024-07-03,13:00:00,1.9736,Wednesday,13,7,Summer,0
10023456784,2024-07-03 14:00:00,2024-07-03,14:00:00,1.9521,Wednesday,14,7,Summer,0
10023456784,2024-07-03 15:00:00,2024-07-03,15:00:00,2.1400,Wednesday,15,7,Summer,0
10023456784,2024-07-03 16:00:00,2024-07-03,16:00:00,2.2237,Wednesday,16,7,Summer,0
10023456784,2024-07-03 17:00:00,2024-07-03,17:00:00,3.4403,Wednesday,17,7,Summer,0
10023456784,2024-07-03 18:00:00,2024-07-03,18:00:00,3.5161,Wednesday,18,7,Summer,0
10023456784,2024-07-03 19:00:00,2024-07-03,19:00:00,3.9576,Wednesday,19,7,Summer,0
10023456784,2024-07-03 20:00:00,2024-07-03,20:00:00,3.4933,Wednesday,20,7,Summer,0
10023456784,2024-07-03 21:00:00,2024-07-03,21:00:00,3.8566,Wednesday,21,7,Summer,0
10023456784,2024-07-03 22:00:00,2024-07-03,22:00:00,2.5761,Wednesday,22,7,Summer,0
10023456784,2024-07-03 23:00:00,2024-07-03,23:00:00,1.9071,Wednesday,23,7,Summer,0
10023456784,2024-07-04 00:00:00,2024-07-04,00:00:00,1.0461,Thursday,0,7,Summer,0
10023456784,2024-07-04 01:00:00,2024-07-04,01:00:00,0.6937,Thursday,1,7,Summer,0
10023456784,2024-07-04 02:00:00,2024-07-04,02:00:00,0.7384,Thursday,2,7,Summer,0
10023456784,2024-07-04 03:00:00,2024-07-04,03:00:00,0.5758,Thursday,3,7,Summer,0
10023456784,2024-07-04 04:00:00,2024-07-04,04:00:00,0.6467,Thursday,4,7,Summer,0
10023456784,2024-07-04 05:00:00,2024-07-04,05:00:00,0.9614,Thursday,5,7,Summer,0
10023456784,2024-07-04 06:00:00,2024-07-04,06:00:00,2.0307,Thursday,6,7,Summer,0
10023456784,2024-07-04 07:00:00,2024-07-04,07:00:00,2.4644,Thursday,7,7,Summer,0
10023456784,2024-07-04 08:00:00,2024-07-04,08:00:00,3.0415,Thursday,8,7,Summer,0
10023456784,2024-07-04 09:00:00,2024-07-04,09:00:00,2.7730,Thursday,9,7,Summer,0
10023456784,2024-07-04 10:00:00,2024-07-04,10:00:00,2.3570,Thursday,10,7,Summer,0
10023456784,2024-07-04 11:00:00,2024-07-04,11:00:00,1.7134,Thursday,11,7,Summer,0
10023456784,2024-07-04 12:00:00,2024-07-04,12:00:00,2.0883,Thursday,12,7,Summer,0
10023456784,2024-07-04 13:00:00,2024-07-04,13:00:00,1.8525,Thursday,13,7,Summer,0
10023456784,2024-07-04 14:00:00,2024-07-04,14:00:00,1.6253,Thursday,14,7,Summer,0
10023456784,2024-07-04 15:00:00,2024-07-04,15:00:00,1.7855,Thursday,15,7,Summer,0
10023456784,2024-07-04 16:00:00,2024-07-04,16:00:00,2.0169,Thursday,16,7,Summer,0
10023456784,2024-07-04 17:00:00,2024-07-04,17:00:00,2.5736,Thursday,17,7,Summer,0
10023456784,2024-07-04 18:00:00,2024-07-04,18:00:00,4.1354,Thursday,18,7,Summer,0
10023456784,2024-07-04 19:00:00,2024-07-04,19:00:00,3.7210,Thursday,19,7,Summer,0
10023456784,2024-07-04 20:00:00,2024-07-04,20:00:00,4.1059,Thursday,20,7,Summer,0
10023456784,2024-07-04 21:00:00,2024-07-04,21:00:00,3.2782,Thursday,21,7,Summer,0
10023456784,2024-07-04 22:00:00,2024-07-04,22:00:00,3.0241,Thursday,22,7,Summer,0
10023456784,2024-07-04 23:00:00,2024-07-04,23:00:00,1.2605,Thursday,23,7,Summer,0
10023456784,2024-07-05 00:00:00,2024-07-05,00:00:00,0.6368,Friday,0,7,Summer,0
10023456784,2024-07-05 01:00:00,2024-07-05,01:00:00,0.6855,Friday,1,7,Summer,0
10023456784,2024-07-05 02:00:00,2024-07-05,02:00:00,0.5584,Friday,2,7,Summer,0
10023456784,2024-07-05 03:00:00,2024-07-05,03:00:00,0.6566,Friday,3,7,Summer,0
10023456784,2024-07-05 04:00:00,2024-07-05,04:00:00,0.7265,Friday,4,7,Summer,0
10023456784,2024-07-05 05:00:00,2024-07-05,05:00:00,1.2329,Friday,5,7,Summer,0
10023456784,2024-07-05 06:00:00,2024-07-05,06:00:00,1.5269,Friday,6,7,Summer,0
10023456784,2024-07-05 07:00:00,2024-07-05,07:00:00,2.8527,Friday,7,7,Summer,0
10023456784,2024-07-05 08:00:00,2024-07-05,08:00:00,2.4112,Friday,8,7,Summer,0
10023456784,2024-07-05 09:00:00,2024-07-05,09:00:00,2.4523,Friday,9,7,Summer,0
10023456784,2024-07-05 10:00:00,2024-07-05,10:00:00,1.5506,Friday,10,7,Summer,0
10023456784,2024-07-05 11:00:00,2024-07-05,11:00:00,1.5485,Friday,11,7,Summer,0
10023456784,2024-07-05 12:00:00,2024-07-05,12:00:00,1.5255,Friday,12,7,Summer,0
10023456784,2024-07-05 13:00:00,2024-07-05,13:00:00,1.7235,Friday,13,7,Summer,0
10023456784,2024-07-05 14:00:00,2024-07-05,14:00:00,1.7630,Friday,14,7,Summer,0
10023456784,2024-07-05 15:00:00,2024-07-05,15:00:00,1.8054,Friday,15,7,Summer,0
10023456784,2024-07-05 16:00:00,2024-07-05,16:00:00,2.2439,Friday,16,7,Summer,0
10023456784,2024-07-05 17:00:00,2024-07-05,17:00:00,2.2038,Friday,17,7,Summer,0
10023456784,2024-07-05 18:00:00,2024-07-05,18:00:00,0.1620,Friday,18,7,Summer,1
10023456784,2024-07-05 19:00:00,2024-07-05,19:00:00,3.8183,Friday,19,7,Summer,0
10023456784,2024-07-05 20:00:00,2024-07-05,20:00:00,3.9943,Friday,20,7,Summer,0
10023456784,2024-07-05 21:00:00,2024-07-05,21:00:00,3.1963,Friday,21,7,Summer,0
10023456784,2024-07-05 22:00:00,2024-07-05,22:00:00,2.0028,Friday,22,7,Summer,0
10023456784,2024-07-05 23:00:00,2024-07-05,23:00:00,1.0590,Friday,23,7,Summer,0
10023456784,2024-07-06 00:00:00,2024-07-06,00:00:00,0.7402,Saturday,0,7,Summer,0
10023456784,2024-07-06 01:00:00,2024-07-06,01:00:00,0.7132,Saturday,1,7,Summer,0
10023456784,2024-07-06 02:00:00,2024-07-06,02:00:00,0.6375,Saturday,2,7,Summer,0
10023456784,2024-07-06 03:00:00,2024-07-06,03:00:00,0.7681,Saturday,3,7,Summer,0
10023456784,2024-07-06 04:00:00,2024-07-06,04:00:00,0.5764,Saturday,4,7,Summer,0
10023456784,2024-07-06 05:00:00,2024-07-06,05:00:00,0.7644,Saturday,5,7,Summer,0
10023456784,2024-07-06 06:00:00,2024-07-06,06:00:00,0.9472,Saturday,6,7,Summer,0
10023456784,2024-07-06 07:00:00,2024-07-06,07:00:00,1.3975,Saturday,7,7,Summer,0
10023456784,2024-07-06 08:00:00,2024-07-06,08:00:00,2.7298,Saturday,8,7,Summer,0
10023456784,2024-07-06 09:00:00,2024-07-06,09:00:00,2.6630,Saturday,9,7,Summer,0
10023456784,2024-07-06 10:00:00,2024-07-06,10:00:00,2.1107,Saturday,10,7,Summer,0
10023456784,2024-07-06 11:00:00,2024-07-06,11:00:00,2.1139,Saturday,11,7,Summer,0
10023456784,2024-07-06 12:00:00,2024-07-06,12:00:00,1.7730,Saturday,12,7,Summer,0
10023456784,2024-07-06 13:00:00,2024-07-06,13:00:00,2.1364,Saturday,13,7,Summer,0
10023456784,2024-07-06 14:00:00,2024-07-06,14:00:00,1.9695,Saturday,14,7,Summer,0
10023456784,2024-07-06 15:00:00,2024-07-06,15:00:00,2.1747,Saturday,15,7,Summer,0
10023456784,2024-07-06 16:00:00,2024-07-06,16:00:00,2.3918,Saturday,16,7,Summer,0
10023456784,2024-07-06 17:00:00,2024-07-06,17:00:00,3.1569,Saturday,17,7,Summer,0
10023456784,2024-07-06 18:00:00,2024-07-06,18:00:00,3.1187,Saturday,18,7,Summer,0
10023456784,2024-07-06 19:00:00,2024-07-06,19:00:00,4.0251,Saturday,19,7,Summer,0
10023456784,2024-07-06 20:00:00,2024-07-06,20:00:00,3.3971,Saturday,20,7,Summer,0
10023456784,2024-07-06 21:00:00,2024-07-06,21:00:00,2.9027,Saturday,21,7,Summer,0
10023456784,2024-07-06 22:00:00,2024-07-06,22:00:00,2.7415,Saturday,22,7,Summer,0
10023456784,2024-07-06 23:00:00,2024-07-06,23:00:00,1.7011,Saturday,23,7,Summer,0
10023456784,2024-07-07 00:00:00,2024-07-07,00:00:00,0.6753,Sunday,0,7,Summer,0
10023456784,2024-07-07 01:00:00,2024-07-07,01:00:00,0.6890,Sunday,1,7,Summer,0
10023456784,2024-07-07 02:00:00,2024-07-07,02:00:00,0.6258,Sunday,2,7,Summer,0
10023456784,2024-07-07 03:00:00,2024-07-07,03:00:00,0.5791,Sunday,3,7,Summer,0
10023456784,2024-07-07 04:00:00,2024-07-07,04:00:00,2.7957,Sunday,4,7,Summer,1
10023456784,2024-07-07 05:00:00,2024-07-07,05:00:00,0.6622,Sunday,5,7,Summer,0
10023456784,2024-07-07 06:00:00,2024-07-07,06:00:00,1.0496,Sunday,6,7,Summer,0
10023456784,2024-07-07 07:00:00,2024-07-07,07:00:00,1.4370,Sunday,7,7,Summer,0
10023456784,2024-07-07 08:00:00,2024-07-07,08:00:00,2.1324,Sunday,8,7,Summer,0
10023456784,2024-07-07 09:00:00,2024-07-07,09:00:00,2.6670,Sunday,9,7,Summer,0
10023456784,2024-07-07 10:00:00,2024-07-07,10:00:00,5.6501,Sunday,10,7,Summer,1
10023456784,2024-07-07 11:00:00,2024-07-07,11:00:00,2.2233,Sunday,11,7,Summer,0
10023456784,2024-07-07 12:00:00,2024-07-07,12:00:00,1.9566,Sunday,12,7,Summer,0
10023456784,2024-07-07 13:00:00,2024-07-07,13:00:00,1.6236,Sunday,13,7,Summer,0
10023456784,2024-07-07 14:00:00,2024-07-07,14:00:00,1.8839,Sunday,14,7,Summer,0
10023456784,2024-07-07 15:00:00,2024-07-07,15:00:00,2.1356,Sunday,15,7,Summer,0
10023456784,2024-07-07 16:00:00,2024-07-07,16:00:00,2.4473,Sunday,16,7,Summer,0
10023456784,2024-07-07 17:00:00,2024-07-07,17:00:00,2.3680,Sunday,17,7,Summer,0
10023456784,2024-07-07 18:00:00,2024-07-07,18:00:00,2.9400,Sunday,18,7,Summer,0
10023456784,2024-07-07 19:00:00,2024-07-07,19:00:00,3.6814,Sunday,19,7,Summer,0
10023456784,2024-07-07 20:00:00,2024-07-07,20:00:00,2.6851,Sunday,20,7,Summer,0
10023456784,2024-07-07 21:00:00,2024-07-07,21:00:00,2.9471,Sunday,21,7,Summer,0
10023456784,2024-07-07 22:00:00,2024-07-07,22:00:00,2.6573,Sunday,22,7,Summer,0
10023456784,2024-07-07 23:00:00,2024-07-07,23:00:00,1.4415,Sunday,23,7,Summer,0
10023456784,2024-07-08 00:00:00,2024-07-08,00:00:00,0.5637,Monday,0,7,Summer,0
10023456784,2024-07-08 01:00:00,2024-07-08,01:00:00,0.4796,Monday,1,7,Summer,0
10023456784,2024-07-08 02:00:00,2024-07-08,02:00:00,0.5115,Monday,2,7,Summer,0
10023456784,2024-07-08 03:00:00,2024-07-08,03:00:00,0.4445,Monday,3,7,Summer,0
10023456784,2024-07-08 04:00:00,2024-07-08,04:00:00,0.5168,Monday,4,7,Summer,0
10023456784,2024-07-08 05:00:00,2024-07-08,05:00:00,0.8443,Monday,5,7,Summer,0
10023456784,2024-07-08 06:00:00,2024-07-08,06:00:00,1.4580,Monday,6,7,Summer,0
10023456784,2024-07-08 07:00:00,2024-07-08,07:00:00,1.9448,Monday,7,7,Summer,0
10023456784,2024-07-08 08:00:00,2024-07-08,08:00:00,2.2914,Monday,8,7,Summer,0
10023456784,2024-07-08 09:00:00,2024-07-08,09:00:00,2.0164,Monday,9,7,Summer,0
10023456784,2024-07-08 10:00:00,2024-07-08,10:00:00,1.3318,Monday,10,7,Summer,0
10023456784,2024-07-08 11:00:00,2024-07-08,11:00:00,1.6457,Monday,11,7,Summer,0
10023456784,2024-07-08 12:00:00,2024-07-08,12:00:00,1.3304,Monday,12,7,Summer,0
10023456784,2024-07-08 13:00:00,2024-07-08,13:00:00,1.4073,Monday,13,7,Summer,0
10023456784,2024-07-08 14:00:00,2024-07-08,14:00:00,1.2411,Monday,14,7,Summer,0
10023456784,2024-07-08 15:00:00,2024-07-08,15:00:00,1.4567,Monday,15,7,Summer,0
10023456784,2024-07-08 16:00:00,2024-07-08,16:00:00,1.6812,Monday,16,7,Summer,0
10023456784,2024-07-08 17:00:00,2024-07-08,17:00:00,2.4523,Monday,17,7,Summer,0
10023456784,2024-07-08 18:00:00,2024-07-08,18:00:00,2.2322,Monday,18,7,Summer,0
10023456784,2024-07-08 19:00:00,2024-07-08,19:00:00,3.0224,Monday,19,7,Summer,0
10023456784,2024-07-08 20:00:00,2024-07-08,20:00:00,2.9907,Monday,20,7,Summer,0
10023456784,2024-07-08 21:00:00,2024-07-08,21:00:00,2.7726,Monday,21,7,Summer,0
10023456784,2024-07-08 22:00:00,2024-07-08,22:00:00,1.9279,Monday,22,7,Summer,0
10023456784,2024-07-08 23:00:00,2024-07-08,23:00:00,1.2517,Monday,23,7,Summer,0
10023456784,2024-07-09 00:00:00,2024-07-09,00:00:00,0.5104,Tuesday,0,7,Summer,0
10023456784,2024-07-09 01:00:00,2024-07-09,01:00:00,0.5162,Tuesday,1,7,Summer,0
10023456784,2024-07-09 02:00:00,2024-07-09,02:00:00,0.3969,Tuesday,2,7,Summer,0
10023456784,2024-07-09 03:00:00,2024-07-09,03:00:00,0.4060,Tuesday,3,7,Summer,0
10023456784,2024-07-09 04:00:00,2024-07-09,04:00:00,0.5599,Tuesday,4,7,Summer,0
10023456784,2024-07-09 05:00:00,2024-07-09,05:00:00,0.8132,Tuesday,5,7,Summer,0
10023456784,2024-07-09 06:00:00,2024-07-09,06:00:00,1.3652,Tuesday,6,7,Summer,0
10023456784,2024-07-09 07:00:00,2024-07-09,07:00:00,1.8456,Tuesday,7,7,Summer,0
10023456784,2024-07-09 08:00:00,2024-07-09,08:00:00,1.8783,Tuesday,8,7,Summer,0
10023456784,2024-07-09 09:00:00,2024-07-09,09:00:00,1.8710,Tuesday,9,7,Summer,0
10023456784,2024-07-09 10:00:00,2024-07-09,10:00:00,1.1758,Tuesday,10,7,Summer,0
10023456784,2024-07-09 11:00:00,2024-07-09,11:00:00,1.1557,Tuesday,11,7,Summer,0
10023456784,2024-07-09 12:00:00,2024-07-09,12:00:00,1.1461,Tuesday,12,7,Summer,0
10023456784,2024-07-09 13:00:00,2024-07-09,13:00:00,1.2876,Tuesday,13,7,Summer,0
10023456784,2024-07-09 14:00:00,2024-07-09,14:00:00,1.1483,Tuesday,14,7,Summer,0
10023456784,2024-07-09 15:00:00,2024-07-09,15:00:00,1.5184,Tuesday,15,7,Summer,0
10023456784,2024-07-09 16:00:00,2024-07-09,16:00:00,1.5226,Tuesday,16,7,Summer,0
10023456784,2024-07-09 17:00:00,2024-07-09,17:00:00,2.2691,Tuesday,17,7,Summer,0
10023456784,2024-07-09 18:00:00,2024-07-09,18:00:00,2.5562,Tuesday,18,7,Summer,0
10023456784,2024-07-09 19:00:00,2024-07-09,19:00:00,2.5267,Tuesday,19,7,Summer,0
10023456784,2024-07-09 20:00:00,2024-07-09,20:00:00,2.5766,Tuesday,20,7,Summer,0
10023456784,2024-07-09 21:00:00,2024-07-09,21:00:00,2.2782,Tuesday,21,7,Summer,0
10023456784,2024-07-09 22:00:00,2024-07-09,22:00:00,1.8733,Tuesday,22,7,Summer,0
10023456784,2024-07-09 23:00:00,2024-07-09,23:00:00,1.1596,Tuesday,23,7,Summer,0
10023456784,2024-07-10 00:00:00,2024-07-10,00:00:00,0.5571,Wednesday,0,7,Summer,0
10023456784,2024-07-10 01:00:00,2024-07-10,01:00:00,0.5039,Wednesday,1,7,Summer,0
10023456784,2024-07-10 02:00:00,2024-07-10,02:00:00,0.5283,Wednesday,2,7,Summer,0
10023456784,2024-07-10 03:00:00,2024-07-10,03:00:00,0.5963,Wednesday,3,7,Summer,0
10023456784,2024-07-10 04:00:00,2024-07-10,04:00:00,0.5390,Wednesday,4,7,Summer,0
10023456784,2024-07-10 05:00:00,2024-07-10,05:00:00,0.6744,Wednesday,5,7,Summer,0
10023456784,2024-07-10 06:00:00,2024-07-10,06:00:00,1.3666,Wednesday,6,7,Summer,0
10023456784,2024-07-10 07:00:00,2024-07-10,07:00:00,1.8135,Wednesday,7,7,Summer,0
10023456784,2024-07-10 08:00:00,2024-07-10,08:00:00,1.8509,Wednesday,8,7,Summer,0
10023456784,2024-07-10 09:00:00,2024-07-10,09:00:00,1.8212,Wednesday,9,7,Summer,0
10023456784,2024-07-10 10:00:00,2024-07-10,10:00:00,1.5136,Wednesday,10,7,Summer,0
10023456784,2024-07-10 11:00:00,2024-07-10,11:00:00,1.3057,Wednesday,11,7,Summer,0
10023456784,2024-07-10 12:00:00,2024-07-10,12:00:00,1.5230,Wednesday,12,7,Summer,0
10023456784,2024-07-10 13:00:00,2024-07-10,13:00:00,1.5969,Wednesday,13,7,Summer,0
10023456784,2024-07-10 14:00:00,2024-07-10,14:00:00,1.1927,Wednesday,14,7,Summer,0
10023456784,2024-07-10 15:00:00,2024-07-10,15:00:00,1.2729,Wednesday,15,7,Summer,0
10023456784,2024-07-10 16:00:00,2024-07-10,16:00:00,1.6167,Wednesday,16,7,Summer,0
10023456784,2024-07-10 17:00:00,2024-07-10,17:00:00,2.2352,Wednesday,17,7,Summer,0
10023456784,2024-07-10 18:00:00,2024-07-10,18:00:00,2.8949,Wednesday,18,7,Summer,0
10023456784,2024-07-10 19:00:00,2024-07-10,19:00:00,2.9355,Wednesday,19,7,Summer,0
10023456784,2024-07-10 20:00:00,2024-07-10,20:00:00,3.3585,Wednesday,20,7,Summer,0
10023456784,2024-07-10 21:00:00,2024-07-10,21:00:00,2.6864,Wednesday,21,7,Summer,0
10023456784,2024-07-10 22:00:00,2024-07-10,22:00:00,1.8882,Wednesday,22,7,Summer,0
10023456784,2024-07-10 23:00:00,2024-07-10,23:00:00,1.1251,Wednesday,23,7,Summer,0
10023456784,2024-07-11 00:00:00,2024-07-11,00:00:00,0.7253,Thursday,0,7,Summer,0
10023456784,2024-07-11 01:00:00,2024-07-11,01:00:00,0.6012,Thursday,1,7,Summer,0
10023456784,2024-07-11 02:00:00,2024-07-11,02:00:00,0.5264,Thursday,2,7,Summer,0
10023456784,2024-07-11 03:00:00,2024-07-11,03:00:00,0.5461,Thursday,3,7,Summer,0
10023456784,2024-07-11 04:00:00,2024-07-11,04:00:00,0.5367,Thursday,4,7,Summer,0
10023456784,2024-07-11 05:00:00,2024-07-11,05:00:00,0.7703,Thursday,5,7,Summer,0
10023456784,2024-07-11 06:00:00,2024-07-11,06:00:00,1.4394,Thursday,6,7,Summer,0
10023456784,2024-07-11 07:00:00,2024-07-11,07:00:00,2.1627,Thursday,7,7,Summer,0
10023456784,2024-07-11 08:00:00,2024-07-11,08:00:00,2.2258,Thursday,8,7,Summer,0
10023456784,2024-07-11 09:00:00,2024-07-11,09:00:00,1.8883,Thursday,9,7,Summer,0
10023456784,2024-07-11 10:00:00,2024-07-11,10:00:00,1.7105,Thursday,10,7,Summer,0
10023456784,2024-07-11 11:00:00,2024-07-11,11:00:00,1.4600,Thursday,11,7,Summer,0
10023456784,2024-07-11 12:00:00,2024-07-11,12:00:00,1.3727,Thursday,12,7,Summer,0
10023456784,2024-07-11 13:00:00,2024-07-11,13:00:00,1.7729,Thursday,13,7,Summer,0
10023456784,2024-07-11 14:00:00,2024-07-11,14:00:00,1.5239,Thursday,14,7,Summer,0
10023456784,2024-07-11 15:00:00,2024-07-11,15:00:00,1.6838,Thursday,15,7,Summer,0
10023456784,2024-07-11 16:00:00,2024-07-11,16:00:00,1.9892,Thursday,16,7,Summer,0
10023456784,2024-07-11 17:00:00,2024-07-11,17:00:00,2.0491,Thursday,17,7,Summer,0
10023456784,2024-07-11 18:00:00,2024-07-11,18:00:00,3.0659,Thursday,18,7,Summer,0
10023456784,2024-07-11 19:00:00,2024-07-11,19:00:00,3.6008,Thursday,19,7,Summer,0
10023456784,2024-07-11 20:00:00,2024-07-11,20:00:00,3.6630,Thursday,20,7,Summer,0
10023456784,2024-07-11 21:00:00,2024-07-11,21:00:00,3.0591,Thursday,21,7,Summer,0
10023456784,2024-07-11 22:00:00,2024-07-11,22:00:00,2.0383,Thursday,22,7,Summer,0
10023456784,2024-07-11 23:00:00,2024-07-11,23:00:00,1.1975,Thursday,23,7,Summer,0
10023456784,2024-07-12 00:00:00,2024-07-12,00:00:00,0.7384,Friday,0,7,Summer,0
10023456784,2024-07-12 01:00:00,2024-07-12,01:00:00,0.6598,Friday,1,7,Summer,0
10023456784,2024-07-12 02:00:00,2024-07-12,02:00:00,0.5781,Friday,2,7,Summer,0
10023456784,2024-07-12 03:00:00,2024-07-12,03:00:00,0.4870,Friday,3,7,Summer,0
10023456784,2024-07-12 04:00:00,2024-07-12,04:00:00,0.6540,Friday,4,7,Summer,0
10023456784,2024-07-12 05:00:00,2024-07-12,05:00:00,0.9717,Friday,5,7,Summer,0
10023456784,2024-07-12 06:00:00,2024-07-12,06:00:00,1.9064,Friday,6,7,Summer,0
10023456784,2024-07-12 07:00:00,2024-07-12,07:00:00,2.3074,Friday,7,7,Summer,0
10023456784,2024-07-12 08:00:00,2024-07-12,08:00:00,2.1365,Friday,8,7,Summer,0
10023456784,2024-07-12 09:00:00,2024-07-12,09:00:00,2.1771,Friday,9,7,Summer,0
10023456784,2024-07-12 10:00:00,2024-07-12,10:00:00,1.8870,Friday,10,7,Summer,0
10023456784,2024-07-12 11:00:00,2024-07-12,11:00:00,1.1767,Friday,11,7,Summer,0
10023456784,2024-07-12 12:00:00,2024-07-12,12:00:00,1.6313,Friday,12,7,Summer,0
10023456784,2024-07-12 13:00:00,2024-07-12,13:00:00,1.5449,Friday,13,7,Summer,0
10023456784,2024-07-12 14:00:00,2024-07-12,14:00:00,1.6939,Friday,14,7,Summer,0
10023456784,2024-07-12 15:00:00,2024-07-12,15:00:00,1.6521,Friday,15,7,Summer,0
10023456784,2024-07-12 16:00:00,2024-07-12,16:00:00,1.7310,Friday,16,7,Summer,0
10023456784,2024-07-12 17:00:00,2024-07-12,17:00:00,2.5159,Friday,17,7,Summer,0
10023456784,2024-07-12 18:00:00,2024-07-12,18:00:00,3.2710,Friday,18,7,Summer,0
10023456784,2024-07-12 19:00:00,2024-07-12,19:00:00,3.6483,Friday,19,7,Summer,0
10023456784,2024-07-12 20:00:00,2024-07-12,20:00:00,3.1347,Friday,20,7,Summer,0
10023456784,2024-07-12 21:00:00,2024-07-12,21:00:00,3.0297,Friday,21,7,Summer,0
10023456784,2024-07-12 22:00:00,2024-07-12,22:00:00,1.9577,Friday,22,7,Summer,0
10023456784,2024-07-12 23:00:00,2024-07-12,23:00:00,1.6607,Friday,23,7,Summer,0
10023456784,2024-07-13 00:00:00,2024-07-13,00:00:00,0.9815,Saturday,0,7,Summer,0
10023456784,2024-07-13 01:00:00,2024-07-13,01:00:00,0.8715,Saturday,1,7,Summer,0
10023456784,2024-07-13 02:00:00,2024-07-13,02:00:00,0.8083,Saturday,2,7,Summer,0
10023456784,2024-07-13 03:00:00,2024-07-13,03:00:00,0.8453,Saturday,3,7,Summer,0
10023456784,2024-07-13 04:00:00,2024-07-13,04:00:00,0.7621,Saturday,4,7,Summer,0
10023456784,2024-07-13 05:00:00,2024-07-13,05:00:00,0.9657,Saturday,5,7,Summer,0
10023456784,2024-07-13 06:00:00,2024-07-13,06:00:00,1.4354,Saturday,6,7,Summer,0
10023456784,2024-07-13 07:00:00,2024-07-13,07:00:00,2.1511,Saturday,7,7,Summer,0
10023456784,2024-07-13 08:00:00,2024-07-13,08:00:00,3.3818,Saturday,8,7,Summer,0
10023456784,2024-07-13 09:00:00,2024-07-13,09:00:00,3.6538,Saturday,9,7,Summer,0
10023456784,2024-07-13 10:00:00,2024-07-13,10:00:00,3.2011,Saturday,10,7,Summer,0
10023456784,2024-07-13 11:00:00,2024-07-13,11:00:00,3.0661,Saturday,11,7,Summer,0
10023456784,2024-07-13 12:00:00,2024-07-13,12:00:00,2.0400,Saturday,12,7,Summer,0
10023456784,2024-07-13 13:00:00,2024-07-13,13:00:00,2.9675,Saturday,13,7,Summer,0
10023456784,2024-07-13 14:00:00,2024-07-13,14:00:00,2.6904,Saturday,14,7,Summer,0
10023456784,2024-07-13 15:00:00,2024-07-13,15:00:00,2.5340,Saturday,15,7,Summer,0
10023456784,2024-07-13 16:00:00,2024-07-13,16:00:00,2.9749,Saturday,16,7,Summer,0
10023456784,2024-07-13 17:00:00,2024-07-13,17:00:00,3.8481,Saturday,17,7,Summer,0
10023456784,2024-07-13 18:00:00,2024-07-13,18:00:00,3.7102,Saturday,18,7,Summer,0
10023456784,2024-07-13 19:00:00,2024-07-13,19:00:00,4.6957,Saturday,19,7,Summer,0
10023456784,2024-07-13 20:00:00,2024-07-13,20:00:00,4.5675,Saturday,20,7,Summer,0
10023456784,2024-07-13 21:00:00,2024-07-13,21:00:00,3.5635,Saturday,21,7,Summer,0
10023456784,2024-07-13 22:00:00,2024-07-13,22:00:00,2.7236,Saturday,22,7,Summer,0
10023456784,2024-07-13 23:00:00,2024-07-13,23:00:00,1.7334,Saturday,23,7,Summer,0
10023456784,2024-07-14 00:00:00,2024-07-14,00:00:00,0.6234,Sunday,0,7,Summer,0
10023456784,2024-07-14 01:00:00,2024-07-14,01:00:00,0.4952,Sunday,1,7,Summer,0
10023456784,2024-07-14 02:00:00,2024-07-14,02:00:00,0.4359,Sunday,2,7,Summer,0
10023456784,2024-07-14 03:00:00,2024-07-14,03:00:00,0.5095,Sunday,3,7,Summer,0
10023456784,2024-07-14 04:00:00,2024-07-14,04:00:00,0.6519,Sunday,4,7,Summer,0
10023456784,2024-07-14 05:00:00,2024-07-14,05:00:00,0.5275,Sunday,5,7,Summer,0
10023456784,2024-07-14 06:00:00,2024-07-14,06:00:00,0.8878,Sunday,6,7,Summer,0
10023456784,2024-07-14 07:00:00,2024-07-14,07:00:00,1.5365,Sunday,7,7,Summer,0
10023456784,2024-07-14 08:00:00,2024-07-14,08:00:00,2.0085,Sunday,8,7,Summer,0
10023456784,2024-07-14 09:00:00,2024-07-14,09:00:00,2.1279,Sunday,9,7,Summer,0
10023456784,2024-07-14 10:00:00,2024-07-14,10:00:00,2.3276,Sunday,10,7,Summer,0
10023456784,2024-07-14 11:00:00,2024-07-14,11:00:00,1.7461,Sunday,11,7,Summer,0
10023456784,2024-07-14 12:00:00,2024-07-14,12:00:00,1.6741,Sunday,12,7,Summer,0
10023456784,2024-07-14 13:00:00,2024-07-14,13:00:00,1.4557,Sunday,13,7,Summer,0
10023456784,2024-07-14 14:00:00,2024-07-14,14:00:00,1.4481,Sunday,14,7,Summer,0
10023456784,2024-07-14 15:00:00,2024-07-14,15:00:00,1.8330,Sunday,15,7,Summer,0
10023456784,2024-07-14 16:00:00,2024-07-14,16:00:00,1.6704,Sunday,16,7,Summer,0
10023456784,2024-07-14 17:00:00,2024-07-14,17:00:00,2.0395,Sunday,17,7,Summer,0
10023456784,2024-07-14 18:00:00,2024-07-14,18:00:00,2.6086,Sunday,18,7,Summer,0
10023456784,2024-07-14 19:00:00,2024-07-14,19:00:00,2.8772,Sunday,19,7,Summer,0
10023456784,2024-07-14 20:00:00,2024-07-14,20:00:00,3.0219,Sunday,20,7,Summer,0
10023456784,2024-07-14 21:00:00,2024-07-14,21:00:00,2.1097,Sunday,21,7,Summer,0
10023456784,2024-07-14 22:00:00,2024-07-14,22:00:00,1.8379,Sunday,22,7,Summer,0
10023456784,2024-07-14 23:00:00,2024-07-14,23:00:00,1.3092,Sunday,23,7,Summer,0
10023456784,2024-07-15 00:00:00,2024-07-15,00:00:00,0.4489,Monday,0,7,Summer,0
10023456784,2024-07-15 01:00:00,2024-07-15,01:00:00,0.5822,Monday,1,7,Summer,0
10023456784,2024-07-15 02:00:00,2024-07-15,02:00:00,0.4926,Monday,2,7,Summer,0
10023456784,2024-07-15 03:00:00,2024-07-15,03:00:00,0.4858,Monday,3,7,Summer,0
10023456784,2024-07-15 04:00:00,2024-07-15,04:00:00,0.5304,Monday,4,7,Summer,0
10023456784,2024-07-15 05:00:00,2024-07-15,05:00:00,0.7692,Monday,5,7,Summer,0
10023456784,2024-07-15 06:00:00,2024-07-15,06:00:00,1.3837,Monday,6,7,Summer,0
10023456784,2024-07-15 07:00:00,2024-07-15,07:00:00,2.1204,Monday,7,7,Summer,0
10023456784,2024-07-15 08:00:00,2024-07-15,08:00:00,2.1491,Monday,8,7,Summer,0
10023456784,2024-07-15 09:00:00,2024-07-15,09:00:00,1.9382,Monday,9,7,Summer,0
10023456784,2024-07-15 10:00:00,2024-07-15,10:00:00,1.5698,Monday,10,7,Summer,0
10023456784,2024-07-15 11:00:00,2024-07-15,11:00:00,1.3491,Monday,11,7,Summer,0
10023456784,2024-07-15 12:00:00,2024-07-15,12:00:00,1.1092,Monday,12,7,Summer,0
10023456784,2024-07-15 13:00:00,2024-07-15,13:00:00,1.3379,Monday,13,7,Summer,0
10023456784,2024-07-15 14:00:00,2024-07-15,14:00:00,1.3124,Monday,14,7,Summer,0
10023456784,2024-07-15 15:00:00,2024-07-15,15:00:00,1.4073,Monday,15,7,Summer,0
10023456784,2024-07-15 16:00:00,2024-07-15,16:00:00,1.7809,Monday,16,7,Summer,0
10023456784,2024-07-15 17:00:00,2024-07-15,17:00:00,2.1030,Monday,17,7,Summer,0
10023456784,2024-07-15 18:00:00,2024-07-15,18:00:00,2.2202,Monday,18,7,Summer,0
10023456784,2024-07-15 19:00:00,2024-07-15,19:00:00,2.8742,Monday,19,7,Summer,0
10023456784,2024-07-15 20:00:00,2024-07-15,20:00:00,2.9064,Monday,20,7,Summer,0
10023456784,2024-07-15 21:00:00,2024-07-15,21:00:00,2.4931,Monday,21,7,Summer,0
10023456784,2024-07-15 22:00:00,2024-07-15,22:00:00,2.1607,Monday,22,7,Summer,0
10023456784,2024-07-15 23:00:00,2024-07-15,23:00:00,1.0294,Monday,23,7,Summer,0
10023456784,2024-07-16 00:00:00,2024-07-16,00:00:00,0.6218,Tuesday,0,7,Summer,0
10023456784,2024-07-16 01:00:00,2024-07-16,01:00:00,0.4918,Tuesday,1,7,Summer,0
10023456784,2024-07-16 02:00:00,2024-07-16,02:00:00,0.4817,Tuesday,2,7,Summer,0
10023456784,2024-07-16 03:00:00,2024-07-16,03:00:00,0.5262,Tuesday,3,7,Summer,0
10023456784,2024-07-16 04:00:00,2024-07-16,04:00:00,0.5533,Tuesday,4,7,Summer,0
10023456784,2024-07-16 05:00:00,2024-07-16,05:00:00,0.9318,Tuesday,5,7,Summer,0
10023456784,2024-07-16 06:00:00,2024-07-16,06:00:00,1.5118,Tuesday,6,7,Summer,0
10023456784,2024-07-16 07:00:00,2024-07-16,07:00:00,1.7590,Tuesday,7,7,Summer,0
10023456784,2024-07-16 08:00:00,2024-07-16,08:00:00,1.8368,Tuesday,8,7,Summer,0
10023456784,2024-07-16 09:00:00,2024-07-16,09:00:00,1.5915,Tuesday,9,7,Summer,0
10023456784,2024-07-16 10:00:00,2024-07-16,10:00:00,1.7057,Tuesday,10,7,Summer,0
10023456784,2024-07-16 11:00:00,2024-07-16,11:00:00,0.9993,Tuesday,11,7,Summer,0
10023456784,2024-07-16 12:00:00,2024-07-16,12:00:00,1.4002,Tuesday,12,7,Summer,0
10023456784,2024-07-16 13:00:00,2024-07-16,13:00:00,1.4164,Tuesday,13,7,Summer,0
10023456784,2024-07-16 14:00:00,2024-07-16,14:00:00,1.2377,Tuesday,14,7,Summer,0
10023456784,2024-07-16 15:00:00,2024-07-16,15:00:00,1.3689,Tuesday,15,7,Summer,0
10023456784,2024-07-16 16:00:00,2024-07-16,16:00:00,1.7887,Tuesday,16,7,Summer,0
10023456784,2024-07-16 17:00:00,2024-07-16,17:00:00,2.2881,Tuesday,17,7,Summer,0
10023456784,2024-07-16 18:00:00,2024-07-16,18:00:00,2.5908,Tuesday,18,7,Summer,0
10023456784,2024-07-16 19:00:00,2024-07-16,19:00:00,2.5176,Tuesday,19,7,Summer,0
10023456784,2024-07-16 20:00:00,2024-07-16,20:00:00,3.2668,Tuesday,20,7,Summer,0
10023456784,2024-07-16 21:00:00,2024-07-16,21:00:00,2.5089,Tuesday,21,7,Summer,0
10023456784,2024-07-16 22:00:00,2024-07-16,22:00:00,1.7729,Tuesday,22,7,Summer,0
10023456784,2024-07-16 23:00:00,2024-07-16,23:00:00,1.1387,Tuesday,23,7,Summer,0
10023456784,2024-07-17 00:00:00,2024-07-17,00:00:00,0.6345,Wednesday,0,7,Summer,0
10023456784,2024-07-17 01:00:00,2024-07-17,01:00:00,0.5369,Wednesday,1,7,Summer,0
10023456784,2024-07-17 02:00:00,2024-07-17,02:00:00,0.5404,Wednesday,2,7,Summer,0
10023456784,2024-07-17 03:00:00,2024-07-17,03:00:00,0.4664,Wednesday,3,7,Summer,0
10023456784,2024-07-17 04:00:00,2024-07-17,04:00:00,0.5419,Wednesday,4,7,Summer,0
10023456784,2024-07-17 05:00:00,2024-07-17,05:00:00,0.8775,Wednesday,5,7,Summer,0
10023456784,2024-07-17 06:00:00,2024-07-17,06:00:00,1.5076,Wednesday,6,7,Summer,0
10023456784,2024-07-17 07:00:00,2024-07-17,07:00:00,2.1790,Wednesday,7,7,Summer,0
10023456784,2024-07-17 08:00:00,2024-07-17,08:00:00,2.7787,Wednesday,8,7,Summer,0
10023456784,2024-07-17 09:00:00,2024-07-17,09:00:00,2.2830,Wednesday,9,7,Summer,0
10023456784,2024-07-17 10:00:00,2024-07-17,10:00:00,1.7549,Wednesday,10,7,Summer,0
10023456784,2024-07-17 11:00:00,2024-07-17,11:00:00,1.3929,Wednesday,11,7,Summer,0
10023456784,2024-07-17 12:00:00,2024-07-17,12:00:00,1.3002,Wednesday,12,7,Summer,0
10023456784,2024-07-17 13:00:00,2024-07-17,13:00:00,1.3454,Wednesday,13,7,Summer,0
10023456784,2024-07-17 14:00:00,2024-07-17,14:00:00,1.5486,Wednesday,14,7,Summer,0
10023456784,2024-07-17 15:00:00,2024-07-17,15:00:00,1.3734,Wednesday,15,7,Summer,0
10023456784,2024-07-17 16:00:00,2024-07-17,16:00:00,1.8412,Wednesday,16,7,Summer,0
10023456784,2024-07-17 17:00:00,2024-07-17,17:00:00,2.1680,Wednesday,17,7,Summer,0
10023456784,2024-07-17 18:00:00,2024-07-17,18:00:00,2.9191,Wednesday,18,7,Summer,0
10023456784,2024-07-17 19:00:00,2024-07-17,19:00:00,3.5536,Wednesday,19,7,Summer,0
10023456784,2024-07-17 20:00:00,2024-07-17,20:00:00,3.0677,Wednesday,20,7,Summer,0
10023456784,2024-07-17 21:00:00,2024-07-17,21:00:00,2.5820,Wednesday,21,7,Summer,0
10023456784,2024-07-17 22:00:00,2024-07-17,22:00:00,2.1524,Wednesday,22,7,Summer,0
10023456784,2024-07-17 23:00:00,2024-07-17,23:00:00,1.0430,Wednesday,23,7,Summer,0
10023456784,2024-07-18 00:00:00,2024-07-18,00:00:00,0.5480,Thursday,0,7,Summer,0
10023456784,2024-07-18 01:00:00,2024-07-18,01:00:00,0.4986,Thursday,1,7,Summer,0
10023456784,2024-07-18 02:00:00,2024-07-18,02:00:00,0.4187,Thursday,2,7,Summer,0
10023456784,2024-07-18 03:00:00,2024-07-18,03:00:00,0.4830,Thursday,3,7,Summer,0
10023456784,2024-07-18 04:00:00,2024-07-18,04:00:00,0.5742,Thursday,4,7,Summer,0
10023456784,2024-07-18 05:00:00,2024-07-18,05:00:00,0.6352,Thursday,5,7,Summer,0
10023456784,2024-07-18 06:00:00,2024-07-18,06:00:00,1.4895,Thursday,6,7,Summer,0
10023456784,2024-07-18 07:00:00,2024-07-18,07:00:00,2.1547,Thursday,7,7,Summer,0
10023456784,2024-07-18 08:00:00,2024-07-18,08:00:00,1.9385,Thursday,8,7,Summer,0
10023456784,2024-07-18 09:00:00,2024-07-18,09:00:00,1.6751,Thursday,9,7,Summer,0
10023456784,2024-07-18 10:00:00,2024-07-18,10:00:00,1.6668,Thursday,10,7,Summer,0
10023456784,2024-07-18 11:00:00,2024-07-18,11:00:00,1.4048,Thursday,11,7,Summer,0
10023456784,2024-07-18 12:00:00,2024-07-18,12:00:00,1.2829,Thursday,12,7,Summer,0
10023456784,2024-07-18 13:00:00,2024-07-18,13:00:00,1.5437,Thursday,13,7,Summer,0
10023456784,2024-07-18 14:00:00,2024-07-18,14:00:00,1.5613,Thursday,14,7,Summer,0
10023456784,2024-07-18 15:00:00,2024-07-18,15:00:00,1.3258,Thursday,15,7,Summer,0
10023456784,2024-07-18 16:00:00,2024-07-18,16:00:00,1.7688,Thursday,16,7,Summer,0
10023456784,2024-07-18 17:00:00,2024-07-18,17:00:00,2.1736,Thursday,17,7,Summer,0
10023456784,2024-07-18 18:00:00,2024-07-18,18:00:00,2.9198,Thursday,18,7,Summer,0
10023456784,2024-07-18 19:00:00,2024-07-18,19:00:00,3.3178,Thursday,19,7,Summer,0
10023456784,2024-07-18 20:00:00,2024-07-18,20:00:00,2.9997,Thursday,20,7,Summer,0
10023456784,2024-07-18 21:00:00,2024-07-18,21:00:00,2.6383,Thursday,21,7,Summer,0
10023456784,2024-07-18 22:00:00,2024-07-18,22:00:00,1.6421,Thursday,22,7,Summer,0
10023456784,2024-07-18 23:00:00,2024-07-18,23:00:00,0.8368,Thursday,23,7,Summer,0
10023456784,2024-07-19 00:00:00,2024-07-19,00:00:00,0.6195,Friday,0,7,Summer,0
10023456784,2024-07-19 01:00:00,2024-07-19,01:00:00,0.5656,Friday,1,7,Summer,0
10023456784,2024-07-19 02:00:00,2024-07-19,02:00:00,0.4596,Friday,2,7,Summer,0
10023456784,2024-07-19 03:00:00,2024-07-19,03:00:00,0.4230,Friday,3,7,Summer,0
10023456784,2024-07-19 04:00:00,2024-07-19,04:00:00,0.5391,Friday,4,7,Summer,0
10023456784,2024-07-19 05:00:00,2024-07-19,05:00:00,0.7724,Friday,5,7,Summer,0
10023456784,2024-07-19 06:00:00,2024-07-19,06:00:00,1.4569,Friday,6,7,Summer,0
10023456784,2024-07-19 07:00:00,2024-07-19,07:00:00,1.6698,Friday,7,7,Summer,0
10023456784,2024-07-19 08:00:00,2024-07-19,08:00:00,2.4539,Friday,8,7,Summer,0
10023456784,2024-07-19 09:00:00,2024-07-19,09:00:00,1.7567,Friday,9,7,Summer,0
10023456784,2024-07-19 10:00:00,2024-07-19,10:00:00,1.6731,Friday,10,7,Summer,0
10023456784,2024-07-19 11:00:00,2024-07-19,11:00:00,1.3076,Friday,11,7,Summer,0
10023456784,2024-07-19 12:00:00,2024-07-19,12:00:00,1.1488,Friday,12,7,Summer,0
10023456784,2024-07-19 13:00:00,2024-07-19,13:00:00,1.4939,Friday,13,7,Summer,0
10023456784,2024-07-19 14:00:00,2024-07-19,14:00:00,1.2616,Friday,14,7,Summer,0
10023456784,2024-07-19 15:00:00,2024-07-19,15:00:00,1.1670,Friday,15,7,Summer,0
10023456784,2024-07-19 16:00:00,2024-07-19,16:00:00,1.4513,Friday,16,7,Summer,0
10023456784,2024-07-19 17:00:00,2024-07-19,17:00:00,1.8995,Friday,17,7,Summer,0
10023456784,2024-07-19 18:00:00,2024-07-19,18:00:00,2.5184,Friday,18,7,Summer,0
10023456784,2024-07-19 19:00:00,2024-07-19,19:00:00,2.9728,Friday,19,7,Summer,0
10023456784,2024-07-19 20:00:00,2024-07-19,20:00:00,3.1450,Friday,20,7,Summer,0
10023456784,2024-07-19 21:00:00,2024-07-19,21:00:00,2.5557,Friday,21,7,Summer,0
10023456784,2024-07-19 22:00:00,2024-07-19,22:00:00,1.6436,Friday,22,7,Summer,0
10023456784,2024-07-19 23:00:00,2024-07-19,23:00:00,1.1861,Friday,23,7,Summer,0
10023456784,2024-07-20 00:00:00,2024-07-20,00:00:00,0.5595,Saturday,0,7,Summer,0
10023456784,2024-07-20 01:00:00,2024-07-20,01:00:00,0.6031,Saturday,1,7,Summer,0
10023456784,2024-07-20 02:00:00,2024-07-20,02:00:00,0.5668,Saturday,2,7,Summer,0
10023456784,2024-07-20 03:00:00,2024-07-20,03:00:00,0.5236,Saturday,3,7,Summer,0
10023456784,2024-07-20 04:00:00,2024-07-20,04:00:00,0.4892,Saturday,4,7,Summer,0
10023456784,2024-07-20 05:00:00,2024-07-20,05:00:00,0.9532,Saturday,5,7,Summer,0
10023456784,2024-07-20 06:00:00,2024-07-20,06:00:00,1.0602,Saturday,6,7,Summer,0
10023456784,2024-07-20 07:00:00,2024-07-20,07:00:00,1.6810,Saturday,7,7,Summer,0
10023456784,2024-07-20 08:00:00,2024-07-20,08:00:00,1.8337,Saturday,8,7,Summer,0
10023456784,2024-07-20 09:00:00,2024-07-20,09:00:00,2.5442,Saturday,9,7,Summer,0
10023456784,2024-07-20 10:00:00,2024-07-20,10:00:00,2.1658,Saturday,10,7,Summer,0
10023456784,2024-07-20 11:00:00,2024-07-20,11:00:00,2.1844,Saturday,11,7,Summer,0
10023456784,2024-07-20 12:00:00,2024-07-20,12:00:00,2.1959,Saturday,12,7,Summer,0
10023456784,2024-07-20 13:00:00,2024-07-20,13:00:00,1.5420,Saturday,13,7,Summer,0
10023456784,2024-07-20 14:00:00,2024-07-20,14:00:00,1.7381,Saturday,14,7,Summer,0
10023456784,2024-07-20 15:00:00,2024-07-20,15:00:00,1.8721,Saturday,15,7,Summer,0
10023456784,2024-07-20 16:00:00,2024-07-20,16:00:00,2.1496,Saturday,16,7,Summer,0
10023456784,2024-07-20 17:00:00,2024-07-20,17:00:00,2.3706,Saturday,17,7,Summer,0
10023456784,2024-07-20 18:00:00,2024-07-20,18:00:00,2.9534,Saturday,18,7,Summer,0
10023456784,2024-07-20 19:00:00,2024-07-20,19:00:00,3.5350,Saturday,19,7,Summer,0
10023456784,2024-07-20 20:00:00,2024-07-20,20:00:00,3.4536,Saturday,20,7,Summer,0
10023456784,2024-07-20 21:00:00,2024-07-20,21:00:00,2.5352,Saturday,21,7,Summer,0
10023456784,2024-07-20 22:00:00,2024-07-20,22:00:00,1.8405,Saturday,22,7,Summer,0
10023456784,2024-07-20 23:00:00,2024-07-20,23:00:00,1.4020,Saturday,23,7,Summer,0
10023456784,2024-07-21 00:00:00,2024-07-21,00:00:00,0.8897,Sunday,0,7,Summer,0
10023456784,2024-07-21 01:00:00,2024-07-21,01:00:00,0.5526,Sunday,1,7,Summer,0
10023456784,2024-07-21 02:00:00,2024-07-21,02:00:00,0.5043,Sunday,2,7,Summer,0
10023456784,2024-07-21 03:00:00,2024-07-21,03:00:00,0.4397,Sunday,3,7,Summer,0
10023456784,2024-07-21 04:00:00,2024-07-21,04:00:00,0.4813,Sunday,4,7,Summer,0
10023456784,2024-07-21 05:00:00,2024-07-21,05:00:00,0.5819,Sunday,5,7,Summer,0
10023456784,2024-07-21 06:00:00,2024-07-21,06:00:00,1.0399,Sunday,6,7,Summer,0
10023456784,2024-07-21 07:00:00,2024-07-21,07:00:00,1.2478,Sunday,7,7,Summer,0
10023456784,2024-07-21 08:00:00,2024-07-21,08:00:00,2.1189,Sunday,8,7,Summer,0
10023456784,2024-07-21 09:00:00,2024-07-21,09:00:00,2.2838,Sunday,9,7,Summer,0
10023456784,2024-07-21 10:00:00,2024-07-21,10:00:00,2.0014,Sunday,10,7,Summer,0
10023456784,2024-07-21 11:00:00,2024-07-21,11:00:00,2.0184,Sunday,11,7,Summer,0
10023456784,2024-07-21 12:00:00,2024-07-21,12:00:00,1.7122,Sunday,12,7,Summer,0
10023456784,2024-07-21 13:00:00,2024-07-21,13:00:00,1.4980,Sunday,13,7,Summer,0
10023456784,2024-07-21 14:00:00,2024-07-21,14:00:00,1.5991,Sunday,14,7,Summer,0
10023456784,2024-07-21 15:00:00,2024-07-21,15:00:00,2.0303,Sunday,15,7,Summer,0
10023456784,2024-07-21 16:00:00,2024-07-21,16:00:00,2.1543,Sunday,16,7,Summer,0
10023456784,2024-07-21 17:00:00,2024-07-21,17:00:00,2.2833,Sunday,17,7,Summer,0
10023456784,2024-07-21 18:00:00,2024-07-21,18:00:00,3.1200,Sunday,18,7,Summer,0
10023456784,2024-07-21 19:00:00,2024-07-21,19:00:00,2.9875,Sunday,19,7,Summer,0
10023456784,2024-07-21 20:00:00,2024-07-21,20:00:00,3.0102,Sunday,20,7,Summer,0
10023456784,2024-07-21 21:00:00,2024-07-21,21:00:00,2.1877,Sunday,21,7,Summer,0
10023456784,2024-07-21 22:00:00,2024-07-21,22:00:00,1.9656,Sunday,22,7,Summer,0
10023456784,2024-07-21 23:00:00,2024-07-21,23:00:00,1.1618,Sunday,23,7,Summer,0
10023456784,2024-07-22 00:00:00,2024-07-22,00:00:00,0.6716,Monday,0,7,Summer,0
10023456784,2024-07-22 01:00:00,2024-07-22,01:00:00,0.6209,Monday,1,7,Summer,0
10023456784,2024-07-22 02:00:00,2024-07-22,02:00:00,0.6229,Monday,2,7,Summer,0
10023456784,2024-07-22 03:00:00,2024-07-22,03:00:00,0.4671,Monday,3,7,Summer,0
10023456784,2024-07-22 04:00:00,2024-07-22,04:00:00,0.6954,Monday,4,7,Summer,0
10023456784,2024-07-22 05:00:00,2024-07-22,05:00:00,0.9831,Monday,5,7,Summer,0
10023456784,2024-07-22 06:00:00,2024-07-22,06:00:00,1.4301,Monday,6,7,Summer,0
10023456784,2024-07-22 07:00:00,2024-07-22,07:00:00,2.1116,Monday,7,7,Summer,0
10023456784,2024-07-22 08:00:00,2024-07-22,08:00:00,2.9858,Monday,8,7,Summer,0
10023456784,2024-07-22 09:00:00,2024-07-22,09:00:00,2.3286,Monday,9,7,Summer,0
10023456784,2024-07-22 10:00:00,2024-07-22,10:00:00,1.9122,Monday,10,7,Summer,0
10023456784,2024-07-22 11:00:00,2024-07-22,11:00:00,1.4945,Monday,11,7,Summer,0
10023456784,2024-07-22 12:00:00,2024-07-22,12:00:00,1.4781,Monday,12,7,Summer,0
10023456784,2024-07-22 13:00:00,2024-07-22,13:00:00,1.5903,Monday,13,7,Summer,0
10023456784,2024-07-22 14:00:00,2024-07-22,14:00:00,1.5413,Monday,14,7,Summer,0
10023456784,2024-07-22 15:00:00,2024-07-22,15:00:00,1.5966,Monday,15,7,Summer,0
10023456784,2024-07-22 16:00:00,2024-07-22,16:00:00,1.8363,Monday,16,7,Summer,0
10023456784,2024-07-22 17:00:00,2024-07-22,17:00:00,2.4947,Monday,17,7,Summer,0
10023456784,2024-07-22 18:00:00,2024-07-22,18:00:00,2.9478,Monday,18,7,Summer,0
10023456784,2024-07-22 19:00:00,2024-07-22,19:00:00,3.5745,Monday,19,7,Summer,0
10023456784,2024-07-22 20:00:00,2024-07-22,20:00:00,4.0356,Monday,20,7,Summer,0
10023456784,2024-07-22 21:00:00,2024-07-22,21:00:00,3.7098,Monday,21,7,Summer,0
10023456784,2024-07-22 22:00:00,2024-07-22,22:00:00,1.7427,Monday,22,7,Summer,0
10023456784,2024-07-22 23:00:00,2024-07-22,23:00:00,1.1374,Monday,23,7,Summer,0
10023456784,2024-07-23 00:00:00,2024-07-23,00:00:00,0.7409,Tuesday,0,7,Summer,0
10023456784,2024-07-23 01:00:00,2024-07-23,01:00:00,0.6257,Tuesday,1,7,Summer,0
10023456784,2024-07-23 02:00:00,2024-07-23,02:00:00,0.6295,Tuesday,2,7,Summer,0
10023456784,2024-07-23 03:00:00,2024-07-23,03:00:00,0.4893,Tuesday,3,7,Summer,0
10023456784,2024-07-23 04:00:00,2024-07-23,04:00:00,0.6722,Tuesday,4,7,Summer,0
10023456784,2024-07-23 05:00:00,2024-07-23,05:00:00,0.8607,Tuesday,5,7,Summer,0
10023456784,2024-07-23 06:00:00,2024-07-23,06:00:00,1.6537,Tuesday,6,7,Summer,0
10023456784,2024-07-23 07:00:00,2024-07-23,07:00:00,2.4296,Tuesday,7,7,Summer,0
10023456784,2024-07-23 08:00:00,2024-07-23,08:00:00,2.5579,Tuesday,8,7,Summer,0
10023456784,2024-07-23 09:00:00,2024-07-23,09:00:00,1.9535,Tuesday,9,7,Summer,0
10023456784,2024-07-23 10:00:00,2024-07-23,10:00:00,1.7288,Tuesday,10,7,Summer,0
10023456784,2024-07-23 11:00:00,2024-07-23,11:00:00,1.5172,Tuesday,11,7,Summer,0
10023456784,2024-07-23 12:00:00,2024-07-23,12:00:00,1.4207,Tuesday,12,7,Summer,0
10023456784,2024-07-23 13:00:00,2024-07-23,13:00:00,1.8728,Tuesday,13,7,Summer,0
10023456784,2024-07-23 14:00:00,2024-07-23,14:00:00,1.7269,Tuesday,14,7,Summer,0
10023456784,2024-07-23 15:00:00,2024-07-23,15:00:00,1.8438,Tuesday,15,7,Summer,0
10023456784,2024-07-23 16:00:00,2024-07-23,16:00:00,1.9296,Tuesday,16,7,Summer,0
10023456784,2024-07-23 17:00:00,2024-07-23,17:00:00,0.2811,Tuesday,17,7,Summer,1
10023456784,2024-07-23 18:00:00,2024-07-23,18:00:00,3.0228,Tuesday,18,7,Summer,0
10023456784,2024-07-23 19:00:00,2024-07-23,19:00:00,3.8928,Tuesday,19,7,Summer,0
10023456784,2024-07-23 20:00:00,2024-07-23,20:00:00,3.4903,Tuesday,20,7,Summer,0
10023456784,2024-07-23 21:00:00,2024-07-23,21:00:00,3.2808,Tuesday,21,7,Summer,0
10023456784,2024-07-23 22:00:00,2024-07-23,22:00:00,2.1899,Tuesday,22,7,Summer,0
10023456784,2024-07-23 23:00:00,2024-07-23,23:00:00,1.2506,Tuesday,23,7,Summer,0
10023456784,2024-07-24 00:00:00,2024-07-24,00:00:00,0.5136,Wednesday,0,7,Summer,0
10023456784,2024-07-24 01:00:00,2024-07-24,01:00:00,0.5734,Wednesday,1,7,Summer,0
10023456784,2024-07-24 02:00:00,2024-07-24,02:00:00,0.4777,Wednesday,2,7,Summer,0
10023456784,2024-07-24 03:00:00,2024-07-24,03:00:00,0.4537,Wednesday,3,7,Summer,0
10023456784,2024-07-24 04:00:00,2024-07-24,04:00:00,0.5646,Wednesday,4,7,Summer,0
10023456784,2024-07-24 05:00:00,2024-07-24,05:00:00,0.6604,Wednesday,5,7,Summer,0
10023456784,2024-07-24 06:00:00,2024-07-24,06:00:00,1.3313,Wednesday,6,7,Summer,0
10023456784,2024-07-24 07:00:00,2024-07-24,07:00:00,1.7705,Wednesday,7,7,Summer,0
10023456784,2024-07-24 08:00:00,2024-07-24,08:00:00,2.0767,Wednesday,8,7,Summer,0
10023456784,2024-07-24 09:00:00,2024-07-24,09:00:00,1.6328,Wednesday,9,7,Summer,0
10023456784,2024-07-24 10:00:00,2024-07-24,10:00:00,3.5400,Wednesday,10,7,Summer,1
10023456784,2024-07-24 11:00:00,2024-07-24,11:00:00,3.2342,Wednesday,11,7,Summer,1
10023456784,2024-07-24 12:00:00,2024-07-24,12:00:00,2.7239,Wednesday,12,7,Summer,1
10023456784,2024-07-24 13:00:00,2024-07-24,13:00:00,3.4993,Wednesday,13,7,Summer,1
10023456784,2024-07-24 14:00:00,2024-07-24,14:00:00,4.0965,Wednesday,14,7,Summer,1
10023456784,2024-07-24 15:00:00,2024-07-24,15:00:00,1.3802,Wednesday,15,7,Summer,0
10023456784,2024-07-24 16:00:00,2024-07-24,16:00:00,1.2651,Wednesday,16,7,Summer,0
10023456784,2024-07-24 17:00:00,2024-07-24,17:00:00,2.1006,Wednesday,17,7,Summer,0
10023456784,2024-07-24 18:00:00,2024-07-24,18:00:00,2.8112,Wednesday,18,7,Summer,0
10023456784,2024-07-24 19:00:00,2024-07-24,19:00:00,3.2168,Wednesday,19,7,Summer,0
10023456784,2024-07-24 20:00:00,2024-07-24,20:00:00,2.7060,Wednesday,20,7,Summer,0
10023456784,2024-07-24 21:00:00,2024-07-24,21:00:00,2.2664,Wednesday,21,7,Summer,0
10023456784,2024-07-24 22:00:00,2024-07-24,22:00:00,1.7206,Wednesday,22,7,Summer,0
10023456784,2024-07-24 23:00:00,2024-07-24,23:00:00,1.0206,Wednesday,23,7,Summer,0
10023456784,2024-07-25 00:00:00,2024-07-25,00:00:00,0.4617,Thursday,0,7,Summer,0
10023456784,2024-07-25 01:00:00,2024-07-25,01:00:00,0.4338,Thursday,1,7,Summer,0
10023456784,2024-07-25 02:00:00,2024-07-25,02:00:00,0.4185,Thursday,2,7,Summer,0
10023456784,2024-07-25 03:00:00,2024-07-25,03:00:00,0.4473,Thursday,3,7,Summer,0
10023456784,2024-07-25 04:00:00,2024-07-25,04:00:00,0.5385,Thursday,4,7,Summer,0
10023456784,2024-07-25 05:00:00,2024-07-25,05:00:00,0.6871,Thursday,5,7,Summer,0
10023456784,2024-07-25 06:00:00,2024-07-25,06:00:00,1.1833,Thursday,6,7,Summer,0
10023456784,2024-07-25 07:00:00,2024-07-25,07:00:00,2.1880,Thursday,7,7,Summer,0
10023456784,2024-07-25 08:00:00,2024-07-25,08:00:00,1.8389,Thursday,8,7,Summer,0
10023456784,2024-07-25 09:00:00,2024-07-25,09:00:00,1.3907,Thursday,9,7,Summer,0
10023456784,2024-07-25 10:00:00,2024-07-25,10:00:00,1.6634,Thursday,10,7,Summer,0
10023456784,2024-07-25 11:00:00,2024-07-25,11:00:00,3.8500,Thursday,11,7,Summer,1
10023456784,2024-07-25 12:00:00,2024-07-25,12:00:00,1.4258,Thursday,12,7,Summer,0
10023456784,2024-07-25 13:00:00,2024-07-25,13:00:00,1.4898,Thursday,13,7,Summer,0
10023456784,2024-07-25 14:00:00,2024-07-25,14:00:00,1.5539,Thursday,14,7,Summer,0
10023456784,2024-07-25 15:00:00,2024-07-25,15:00:00,1.1584,Thursday,15,7,Summer,0
10023456784,2024-07-25 16:00:00,2024-07-25,16:00:00,1.3861,Thursday,16,7,Summer,0
10023456784,2024-07-25 17:00:00,2024-07-25,17:00:00,1.7002,Thursday,17,7,Summer,0
10023456784,2024-07-25 18:00:00,2024-07-25,18:00:00,2.9227,Thursday,18,7,Summer,0
10023456784,2024-07-25 19:00:00,2024-07-25,19:00:00,5.1314,Thursday,19,7,Summer,1
10023456784,2024-07-25 20:00:00,2024-07-25,20:00:00,4.4332,Thursday,20,7,Summer,1
10023456784,2024-07-25 21:00:00,2024-07-25,21:00:00,5.8882,Thursday,21,7,Summer,1
10023456784,2024-07-25 22:00:00,2024-07-25,22:00:00,4.2809,Thursday,22,7,Summer,1
10023456784,2024-07-25 23:00:00,2024-07-25,23:00:00,2.2489,Thursday,23,7,Summer,1
10023456784,2024-07-26 00:00:00,2024-07-26,00:00:00,1.2088,Friday,0,7,Summer,1
10023456784,2024-07-26 01:00:00,2024-07-26,01:00:00,0.6338,Friday,1,7,Summer,0
10023456784,2024-07-26 02:00:00,2024-07-26,02:00:00,0.4812,Friday,2,7,Summer,0
10023456784,2024-07-26 03:00:00,2024-07-26,03:00:00,0.4584,Friday,3,7,Summer,0
10023456784,2024-07-26 04:00:00,2024-07-26,04:00:00,0.4953,Friday,4,7,Summer,0
10023456784,2024-07-26 05:00:00,2024-07-26,05:00:00,0.7882,Friday,5,7,Summer,0
10023456784,2024-07-26 06:00:00,2024-07-26,06:00:00,1.5573,Friday,6,7,Summer,0
10023456784,2024-07-26 07:00:00,2024-07-26,07:00:00,2.3239,Friday,7,7,Summer,0
10023456784,2024-07-26 08:00:00,2024-07-26,08:00:00,1.8947,Friday,8,7,Summer,0
10023456784,2024-07-26 09:00:00,2024-07-26,09:00:00,2.2567,Friday,9,7,Summer,0
10023456784,2024-07-26 10:00:00,2024-07-26,10:00:00,1.3846,Friday,10,7,Summer,0
10023456784,2024-07-26 11:00:00,2024-07-26,11:00:00,1.4794,Friday,11,7,Summer,0
10023456784,2024-07-26 12:00:00,2024-07-26,12:00:00,1.2886,Friday,12,7,Summer,0
10023456784,2024-07-26 13:00:00,2024-07-26,13:00:00,1.5362,Friday,13,7,Summer,0
10023456784,2024-07-26 14:00:00,2024-07-26,14:00:00,1.3448,Friday,14,7,Summer,0
10023456784,2024-07-26 15:00:00,2024-07-26,15:00:00,3.4604,Friday,15,7,Summer,1
10023456784,2024-07-26 16:00:00,2024-07-26,16:00:00,1.6714,Friday,16,7,Summer,0
10023456784,2024-07-26 17:00:00,2024-07-26,17:00:00,2.2490,Friday,17,7,Summer,0
10023456784,2024-07-26 18:00:00,2024-07-26,18:00:00,3.0469,Friday,18,7,Summer,0
10023456784,2024-07-26 19:00:00,2024-07-26,19:00:00,3.4507,Friday,19,7,Summer,0
10023456784,2024-07-26 20:00:00,2024-07-26,20:00:00,3.0163,Friday,20,7,Summer,0
10023456784,2024-07-26 21:00:00,2024-07-26,21:00:00,2.6321,Friday,21,7,Summer,0
10023456784,2024-07-26 22:00:00,2024-07-26,22:00:00,1.9933,Friday,22,7,Summer,0
10023456784,2024-07-26 23:00:00,2024-07-26,23:00:00,1.2614,Friday,23,7,Summer,0
10023456784,2024-07-27 00:00:00,2024-07-27,00:00:00,0.7368,Saturday,0,7,Summer,0
10023456784,2024-07-27 01:00:00,2024-07-27,01:00:00,0.7320,Saturday,1,7,Summer,0
10023456784,2024-07-27 02:00:00,2024-07-27,02:00:00,0.5969,Saturday,2,7,Summer,0
10023456784,2024-07-27 03:00:00,2024-07-27,03:00:00,0.5457,Saturday,3,7,Summer,0
10023456784,2024-07-27 04:00:00,2024-07-27,04:00:00,0.6616,Saturday,4,7,Summer,0
10023456784,2024-07-27 05:00:00,2024-07-27,05:00:00,0.6792,Saturday,5,7,Summer,0
10023456784,2024-07-27 06:00:00,2024-07-27,06:00:00,1.0193,Saturday,6,7,Summer,0
10023456784,2024-07-27 07:00:00,2024-07-27,07:00:00,1.4748,Saturday,7,7,Summer,0
10023456784,2024-07-27 08:00:00,2024-07-27,08:00:00,2.7470,Saturday,8,7,Summer,0
10023456784,2024-07-27 09:00:00,2024-07-27,09:00:00,2.1035,Saturday,9,7,Summer,0
10023456784,2024-07-27 10:00:00,2024-07-27,10:00:00,2.1858,Saturday,10,7,Summer,0
10023456784,2024-07-27 11:00:00,2024-07-27,11:00:00,2.0658,Saturday,11,7,Summer,0
10023456784,2024-07-27 12:00:00,2024-07-27,12:00:00,2.0755,Saturday,12,7,Summer,0
10023456784,2024-07-27 13:00:00,2024-07-27,13:00:00,2.1093,Saturday,13,7,Summer,0
10023456784,2024-07-27 14:00:00,2024-07-27,14:00:00,1.6720,Saturday,14,7,Summer,0
10023456784,2024-07-27 15:00:00,2024-07-27,15:00:00,2.0141,Saturday,15,7,Summer,0
10023456784,2024-07-27 16:00:00,2024-07-27,16:00:00,6.7664,Saturday,16,7,Summer,1
10023456784,2024-07-27 17:00:00,2024-07-27,17:00:00,2.3976,Saturday,17,7,Summer,0
10023456784,2024-07-27 18:00:00,2024-07-27,18:00:00,3.2984,Saturday,18,7,Summer,0
10023456784,2024-07-27 19:00:00,2024-07-27,19:00:00,3.5729,Saturday,19,7,Summer,0
10023456784,2024-07-27 20:00:00,2024-07-27,20:00:00,3.3496,Saturday,20,7,Summer,0
10023456784,2024-07-27 21:00:00,2024-07-27,21:00:00,2.6425,Saturday,21,7,Summer,0
10023456784,2024-07-27 22:00:00,2024-07-27,22:00:00,2.6544,Saturday,22,7,Summer,0
10023456784,2024-07-27 23:00:00,2024-07-27,23:00:00,1.5437,Saturday,23,7,Summer,0
10023456784,2024-07-28 00:00:00,2024-07-28,00:00:00,2.5867,Sunday,0,7,Summer,1
10023456784,2024-07-28 01:00:00,2024-07-28,01:00:00,0.4962,Sunday,1,7,Summer,0
10023456784,2024-07-28 02:00:00,2024-07-28,02:00:00,0.5856,Sunday,2,7,Summer,0
10023456784,2024-07-28 03:00:00,2024-07-28,03:00:00,0.4072,Sunday,3,7,Summer,0
10023456784,2024-07-28 04:00:00,2024-07-28,04:00:00,0.4844,Sunday,4,7,Summer,0
10023456784,2024-07-28 05:00:00,2024-07-28,05:00:00,0.6011,Sunday,5,7,Summer,0
10023456784,2024-07-28 06:00:00,2024-07-28,06:00:00,0.9022,Sunday,6,7,Summer,0
10023456784,2024-07-28 07:00:00,2024-07-28,07:00:00,1.5299,Sunday,7,7,Summer,0
10023456784,2024-07-28 08:00:00,2024-07-28,08:00:00,2.1926,Sunday,8,7,Summer,0
10023456784,2024-07-28 09:00:00,2024-07-28,09:00:00,2.4782,Sunday,9,7,Summer,0
10023456784,2024-07-28 10:00:00,2024-07-28,10:00:00,2.3518,Sunday,10,7,Summer,0
10023456784,2024-07-28 11:00:00,2024-07-28,11:00:00,2.1906,Sunday,11,7,Summer,0
10023456784,2024-07-28 12:00:00,2024-07-28,12:00:00,6.7767,Sunday,12,7,Summer,1
10023456784,2024-07-28 13:00:00,2024-07-28,13:00:00,1.5018,Sunday,13,7,Summer,0
10023456784,2024-07-28 14:00:00,2024-07-28,14:00:00,1.8649,Sunday,14,7,Summer,0
10023456784,2024-07-28 15:00:00,2024-07-28,15:00:00,1.8240,Sunday,15,7,Summer,0
10023456784,2024-07-28 16:00:00,2024-07-28,16:00:00,2.0374,Sunday,16,7,Summer,0
10023456784,2024-07-28 17:00:00,2024-07-28,17:00:00,2.3785,Sunday,17,7,Summer,0
10023456784,2024-07-28 18:00:00,2024-07-28,18:00:00,2.9730,Sunday,18,7,Summer,0
10023456784,2024-07-28 19:00:00,2024-07-28,19:00:00,3.5037,Sunday,19,7,Summer,0
10023456784,2024-07-28 20:00:00,2024-07-28,20:00:00,2.6942,Sunday,20,7,Summer,0
10023456784,2024-07-28 21:00:00,2024-07-28,21:00:00,2.4390,Sunday,21,7,Summer,0
10023456784,2024-07-28 22:00:00,2024-07-28,22:00:00,1.9414,Sunday,22,7,Summer,0
10023456784,2024-07-28 23:00:00,2024-07-28,23:00:00,1.3746,Sunday,23,7,Summer,0
10023456784,2024-07-29 00:00:00,2024-07-29,00:00:00,0.6014,Monday,0,7,Summer,0
10023456784,2024-07-29 01:00:00,2024-07-29,01:00:00,1.1548,Monday,1,7,Summer,1
10023456784,2024-07-29 02:00:00,2024-07-29,02:00:00,0.5403,Monday,2,7,Summer,0
10023456784,2024-07-29 03:00:00,2024-07-29,03:00:00,0.3995,Monday,3,7,Summer,0
10023456784,2024-07-29 04:00:00,2024-07-29,04:00:00,0.4987,Monday,4,7,Summer,0
10023456784,2024-07-29 05:00:00,2024-07-29,05:00:00,0.8844,Monday,5,7,Summer,0
10023456784,2024-07-29 06:00:00,2024-07-29,06:00:00,1.2664,Monday,6,7,Summer,0
10023456784,2024-07-29 07:00:00,2024-07-29,07:00:00,1.9014,Monday,7,7,Summer,0
10023456784,2024-07-29 08:00:00,2024-07-29,08:00:00,2.0767,Monday,8,7,Summer,0
10023456784,2024-07-29 09:00:00,2024-07-29,09:00:00,2.0091,Monday,9,7,Summer,0
10023456784,2024-07-29 10:00:00,2024-07-29,10:00:00,1.4713,Monday,10,7,Summer,0
10023456784,2024-07-29 11:00:00,2024-07-29,11:00:00,1.0691,Monday,11,7,Summer,0
10023456784,2024-07-29 12:00:00,2024-07-29,12:00:00,1.1913,Monday,12,7,Summer,0
10023456784,2024-07-29 13:00:00,2024-07-29,13:00:00,1.1371,Monday,13,7,Summer,0
10023456784,2024-07-29 14:00:00,2024-07-29,14:00:00,1.3798,Monday,14,7,Summer,0
10023456784,2024-07-29 15:00:00,2024-07-29,15:00:00,1.3692,Monday,15,7,Summer,0
10023456784,2024-07-29 16:00:00,2024-07-29,16:00:00,1.4610,Monday,16,7,Summer,0
10023456784,2024-07-29 17:00:00,2024-07-29,17:00:00,1.9270,Monday,17,7,Summer,0
10023456784,2024-07-29 18:00:00,2024-07-29,18:00:00,1.9791,Monday,18,7,Summer,0
10023456784,2024-07-29 19:00:00,2024-07-29,19:00:00,3.3494,Monday,19,7,Summer,0
10023456784,2024-07-29 20:00:00,2024-07-29,20:00:00,2.6498,Monday,20,7,Summer,0
10023456784,2024-07-29 21:00:00,2024-07-29,21:00:00,2.5395,Monday,21,7,Summer,0
10023456784,2024-07-29 22:00:00,2024-07-29,22:00:00,1.5998,Monday,22,7,Summer,0
10023456784,2024-07-29 23:00:00,2024-07-29,23:00:00,0.9074,Monday,23,7,Summer,0
10023456784,2024-07-30 00:00:00,2024-07-30,00:00:00,0.7675,Tuesday,0,7,Summer,0
10023456784,2024-07-30 01:00:00,2024-07-30,01:00:00,0.5361,Tuesday,1,7,Summer,0
10023456784,2024-07-30 02:00:00,2024-07-30,02:00:00,0.6025,Tuesday,2,7,Summer,0
10023456784,2024-07-30 03:00:00,2024-07-30,03:00:00,0.6467,Tuesday,3,7,Summer,0
10023456784,2024-07-30 04:00:00,2024-07-30,04:00:00,0.7027,Tuesday,4,7,Summer,0
10023456784,2024-07-30 05:00:00,2024-07-30,05:00:00,0.8293,Tuesday,5,7,Summer,0
10023456784,2024-07-30 06:00:00,2024-07-30,06:00:00,1.5839,Tuesday,6,7,Summer,0
10023456784,2024-07-30 07:00:00,2024-07-30,07:00:00,2.2972,Tuesday,7,7,Summer,0
10023456784,2024-07-30 08:00:00,2024-07-30,08:00:00,2.3467,Tuesday,8,7,Summer,0
10023456784,2024-07-30 09:00:00,2024-07-30,09:00:00,2.2000,Tuesday,9,7,Summer,0
10023456784,2024-07-30 10:00:00,2024-07-30,10:00:00,1.5058,Tuesday,10,7,Summer,0
10023456784,2024-07-30 11:00:00,2024-07-30,11:00:00,1.4370,Tuesday,11,7,Summer,0
10023456784,2024-07-30 12:00:00,2024-07-30,12:00:00,1.3422,Tuesday,12,7,Summer,0
10023456784,2024-07-30 13:00:00,2024-07-30,13:00:00,1.8326,Tuesday,13,7,Summer,0
10023456784,2024-07-30 14:00:00,2024-07-30,14:00:00,4.8283,Tuesday,14,7,Summer,1
10023456784,2024-07-30 15:00:00,2024-07-30,15:00:00,1.7114,Tuesday,15,7,Summer,0
10023456784,2024-07-30 16:00:00,2024-07-30,16:00:00,1.8748,Tuesday,16,7,Summer,0
10023456784,2024-07-30 17:00:00,2024-07-30,17:00:00,2.5446,Tuesday,17,7,Summer,0
10023456784,2024-07-30 18:00:00,2024-07-30,18:00:00,2.7454,Tuesday,18,7,Summer,0
10023456784,2024-07-30 19:00:00,2024-07-30,19:00:00,3.7555,Tuesday,19,7,Summer,0
10023456784,2024-07-30 20:00:00,2024-07-30,20:00:00,3.0898,Tuesday,20,7,Summer,0
10023456784,2024-07-30 21:00:00,2024-07-30,21:00:00,2.5035,Tuesday,21,7,Summer,0
10023456784,2024-07-30 22:00:00,2024-07-30,22:00:00,1.8824,Tuesday,22,7,Summer,0
10023456784,2024-07-30 23:00:00,2024-07-30,23:00:00,1.2243,Tuesday,23,7,Summer,0
10023456784,2024-07-31 00:00:00,2024-07-31,00:00:00,3.3808,Wednesday,0,7,Summer,1
10023456784,2024-07-31 01:00:00,2024-07-31,01:00:00,0.7806,Wednesday,1,7,Summer,0
10023456784,2024-07-31 02:00:00,2024-07-31,02:00:00,0.5478,Wednesday,2,7,Summer,0
10023456784,2024-07-31 03:00:00,2024-07-31,03:00:00,0.6245,Wednesday,3,7,Summer,0
10023456784,2024-07-31 04:00:00,2024-07-31,04:00:00,0.7283,Wednesday,4,7,Summer,0
10023456784,2024-07-31 05:00:00,2024-07-31,05:00:00,1.0289,Wednesday,5,7,Summer,0
10023456784,2024-07-31 06:00:00,2024-07-31,06:00:00,1.6920,Wednesday,6,7,Summer,0
10023456784,2024-07-31 07:00:00,2024-07-31,07:00:00,2.3274,Wednesday,7,7,Summer,0
10023456784,2024-07-31 08:00:00,2024-07-31,08:00:00,3.0520,Wednesday,8,7,Summer,0
10023456784,2024-07-31 09:00:00,2024-07-31,09:00:00,2.4469,Wednesday,9,7,Summer,0
10023456784,2024-07-31 10:00:00,2024-07-31,10:00:00,2.0447,Wednesday,10,7,Summer,0
10023456784,2024-07-31 11:00:00,2024-07-31,11:00:00,1.5971,Wednesday,11,7,Summer,0
10023456784,2024-07-31 12:00:00,2024-07-31,12:00:00,1.9444,Wednesday,12,7,Summer,0
10023456784,2024-07-31 13:00:00,2024-07-31,13:00:00,1.6409,Wednesday,13,7,Summer,0
10023456784,2024-07-31 14:00:00,2024-07-31,14:00:00,1.8247,Wednesday,14,7,Summer,0
10023456784,2024-07-31 15:00:00,2024-07-31,15:00:00,1.9080,Wednesday,15,7,Summer,0
10023456784,2024-07-31 16:00:00,2024-07-31,16:00:00,2.3180,Wednesday,16,7,Summer,0
10023456784,2024-07-31 17:00:00,2024-07-31,17:00:00,2.5148,Wednesday,17,7,Summer,0
10023456784,2024-07-31 18:00:00,2024-07-31,18:00:00,3.9064,Wednesday,18,7,Summer,0
10023456784,2024-07-31 19:00:00,2024-07-31,19:00:00,3.9009,Wednesday,19,7,Summer,0
10023456784,2024-07-31 20:00:00,2024-07-31,20:00:00,4.2182,Wednesday,20,7,Summer,0
10023456784,2024-07-31 21:00:00,2024-07-31,21:00:00,3.5626,Wednesday,21,7,Summer,0
10023456784,2024-07-31 22:00:00,2024-07-31,22:00:00,2.4079,Wednesday,22,7,Summer,0
10023456784,2024-07-31 23:00:00,2024-07-31,23:00:00,1.3359,Wednesday,23,7,Summer,0
10023456784,2024-08-01 00:00:00,2024-08-01,00:00:00,0.7551,Thursday,0,8,Summer,0
10023456784,2024-08-01 01:00:00,2024-08-01,01:00:00,0.9432,Thursday,1,8,Summer,0
10023456784,2024-08-01 02:00:00,2024-08-01,02:00:00,0.8425,Thursday,2,8,Summer,0
10023456784,2024-08-01 03:00:00,2024-08-01,03:00:00,0.7311,Thursday,3,8,Summer,0
10023456784,2024-08-01 04:00:00,2024-08-01,04:00:00,1.0004,Thursday,4,8,Summer,0
10023456784,2024-08-01 05:00:00,2024-08-01,05:00:00,1.2415,Thursday,5,8,Summer,0
10023456784,2024-08-01 06:00:00,2024-08-01,06:00:00,2.0058,Thursday,6,8,Summer,0
10023456784,2024-08-01 07:00:00,2024-08-01,07:00:00,2.9770,Thursday,7,8,Summer,0
10023456784,2024-08-01 08:00:00,2024-08-01,08:00:00,3.8564,Thursday,8,8,Summer,0
10023456784,2024-08-01 09:00:00,2024-08-01,09:00:00,2.4971,Thursday,9,8,Summer,0
10023456784,2024-08-01 10:00:00,2024-08-01,10:00:00,2.4775,Thursday,10,8,Summer,0
10023456784,2024-08-01 11:00:00,2024-08-01,11:00:00,2.1047,Thursday,11,8,Summer,0
10023456784,2024-08-01 12:00:00,2024-08-01,12:00:00,2.4149,Thursday,12,8,Summer,0
10023456784,2024-08-01 13:00:00,2024-08-01,13:00:00,2.2834,Thursday,13,8,Summer,0
10023456784,2024-08-01 14:00:00,2024-08-01,14:00:00,2.4324,Thursday,14,8,Summer,0
10023456784,2024-08-01 15:00:00,2024-08-01,15:00:00,1.9531,Thursday,15,8,Summer,0
10023456784,2024-08-01 16:00:00,2024-08-01,16:00:00,2.2657,Thursday,16,8,Summer,0
10023456784,2024-08-01 17:00:00,2024-08-01,17:00:00,4.1630,Thursday,17,8,Summer,0
10023456784,2024-08-01 18:00:00,2024-08-01,18:00:00,4.1874,Thursday,18,8,Summer,0
10023456784,2024-08-01 19:00:00,2024-08-01,19:00:00,5.0720,Thursday,19,8,Summer,0
10023456784,2024-08-01 20:00:00,2024-08-01,20:00:00,4.0726,Thursday,20,8,Summer,0
10023456784,2024-08-01 21:00:00,2024-08-01,21:00:00,4.5361,Thursday,21,8,Summer,0
10023456784,2024-08-01 22:00:00,2024-08-01,22:00:00,3.0375,Thursday,22,8,Summer,0
10023456784,2024-08-01 23:00:00,2024-08-01,23:00:00,1.8153,Thursday,23,8,Summer,0
10023456784,2024-08-02 00:00:00,2024-08-02,00:00:00,0.6171,Friday,0,8,Summer,0
10023456784,2024-08-02 01:00:00,2024-08-02,01:00:00,0.6123,Friday,1,8,Summer,0
10023456784,2024-08-02 02:00:00,2024-08-02,02:00:00,0.6625,Friday,2,8,Summer,0
10023456784,2024-08-02 03:00:00,2024-08-02,03:00:00,0.7540,Friday,3,8,Summer,0
10023456784,2024-08-02 04:00:00,2024-08-02,04:00:00,0.7418,Friday,4,8,Summer,0
10023456784,2024-08-02 05:00:00,2024-08-02,05:00:00,0.9463,Friday,5,8,Summer,0
10023456784,2024-08-02 06:00:00,2024-08-02,06:00:00,1.8724,Friday,6,8,Summer,0
10023456784,2024-08-02 07:00:00,2024-08-02,07:00:00,2.0064,Friday,7,8,Summer,0
10023456784,2024-08-02 08:00:00,2024-08-02,08:00:00,2.7016,Friday,8,8,Summer,0
10023456784,2024-08-02 09:00:00,2024-08-02,09:00:00,2.2260,Friday,9,8,Summer,0
10023456784,2024-08-02 10:00:00,2024-08-02,10:00:00,1.6770,Friday,10,8,Summer,0
10023456784,2024-08-02 11:00:00,2024-08-02,11:00:00,1.5259,Friday,11,8,Summer,0
10023456784,2024-08-02 12:00:00,2024-08-02,12:00:00,1.6820,Friday,12,8,Summer,0
10023456784,2024-08-02 13:00:00,2024-08-02,13:00:00,1.8485,Friday,13,8,Summer,0
10023456784,2024-08-02 14:00:00,2024-08-02,14:00:00,1.6811,Friday,14,8,Summer,0
10023456784,2024-08-02 15:00:00,2024-08-02,15:00:00,6.0570,Friday,15,8,Summer,1
10023456784,2024-08-02 16:00:00,2024-08-02,16:00:00,1.9993,Friday,16,8,Summer,0
10023456784,2024-08-02 17:00:00,2024-08-02,17:00:00,2.7399,Friday,17,8,Summer,0
10023456784,2024-08-02 18:00:00,2024-08-02,18:00:00,3.6311,Friday,18,8,Summer,0
10023456784,2024-08-02 19:00:00,2024-08-02,19:00:00,3.5980,Friday,19,8,Summer,0
10023456784,2024-08-02 20:00:00,2024-08-02,20:00:00,3.5207,Friday,20,8,Summer,0
10023456784,2024-08-02 21:00:00,2024-08-02,21:00:00,3.2718,Friday,21,8,Summer,0
10023456784,2024-08-02 22:00:00,2024-08-02,22:00:00,2.1767,Friday,22,8,Summer,0
10023456784,2024-08-02 23:00:00,2024-08-02,23:00:00,1.3253,Friday,23,8,Summer,0
10023456784,2024-08-03 00:00:00,2024-08-03,00:00:00,0.7175,Saturday,0,8,Summer,0
10023456784,2024-08-03 01:00:00,2024-08-03,01:00:00,0.6246,Saturday,1,8,Summer,0
10023456784,2024-08-03 02:00:00,2024-08-03,02:00:00,0.5516,Saturday,2,8,Summer,0
10023456784,2024-08-03 03:00:00,2024-08-03,03:00:00,0.6304,Saturday,3,8,Summer,0
10023456784,2024-08-03 04:00:00,2024-08-03,04:00:00,0.5402,Saturday,4,8,Summer,0
10023456784,2024-08-03 05:00:00,2024-08-03,05:00:00,0.6431,Saturday,5,8,Summer,0
10023456784,2024-08-03 06:00:00,2024-08-03,06:00:00,0.9912,Saturday,6,8,Summer,0
10023456784,2024-08-03 07:00:00,2024-08-03,07:00:00,1.4750,Saturday,7,8,Summer,0
10023456784,2024-08-03 08:00:00,2024-08-03,08:00:00,2.1934,Saturday,8,8,Summer,0
10023456784,2024-08-03 09:00:00,2024-08-03,09:00:00,2.0530,Saturday,9,8,Summer,0
10023456784,2024-08-03 10:00:00,2024-08-03,10:00:00,2.2288,Saturday,10,8,Summer,0
10023456784,2024-08-03 11:00:00,2024-08-03,11:00:00,1.9407,Saturday,11,8,Summer,0
10023456784,2024-08-03 12:00:00,2024-08-03,12:00:00,1.8576,Saturday,12,8,Summer,0
10023456784,2024-08-03 13:00:00,2024-08-03,13:00:00,1.9303,Saturday,13,8,Summer,0
10023456784,2024-08-03 14:00:00,2024-08-03,14:00:00,1.8027,Saturday,14,8,Summer,0
10023456784,2024-08-03 15:00:00,2024-08-03,15:00:00,1.6278,Saturday,15,8,Summer,0
10023456784,2024-08-03 16:00:00,2024-08-03,16:00:00,1.8009,Saturday,16,8,Summer,0
10023456784,2024-08-03 17:00:00,2024-08-03,17:00:00,2.2234,Saturday,17,8,Summer,0
10023456784,2024-08-03 18:00:00,2024-08-03,18:00:00,3.2725,Saturday,18,8,Summer,0
10023456784,2024-08-03 19:00:00,2024-08-03,19:00:00,3.0552,Saturday,19,8,Summer,0
10023456784,2024-08-03 20:00:00,2024-08-03,20:00:00,2.9636,Saturday,20,8,Summer,0
10023456784,2024-08-03 21:00:00,2024-08-03,21:00:00,2.6894,Saturday,21,8,Summer,0
10023456784,2024-08-03 22:00:00,2024-08-03,22:00:00,2.0680,Saturday,22,8,Summer,0
10023456784,2024-08-03 23:00:00,2024-08-03,23:00:00,1.3636,Saturday,23,8,Summer,0
10023456784,2024-08-04 00:00:00,2024-08-04,00:00:00,0.6935,Sunday,0,8,Summer,0
10023456784,2024-08-04 01:00:00,2024-08-04,01:00:00,0.6503,Sunday,1,8,Summer,0
10023456784,2024-08-04 02:00:00,2024-08-04,02:00:00,0.5231,Sunday,2,8,Summer,0
10023456784,2024-08-04 03:00:00,2024-08-04,03:00:00,0.5656,Sunday,3,8,Summer,0
10023456784,2024-08-04 04:00:00,2024-08-04,04:00:00,0.5191,Sunday,4,8,Summer,0
10023456784,2024-08-04 05:00:00,2024-08-04,05:00:00,0.6685,Sunday,5,8,Summer,0
10023456784,2024-08-04 06:00:00,2024-08-04,06:00:00,0.9329,Sunday,6,8,Summer,0
10023456784,2024-08-04 07:00:00,2024-08-04,07:00:00,1.7253,Sunday,7,8,Summer,0
10023456784,2024-08-04 08:00:00,2024-08-04,08:00:00,2.1274,Sunday,8,8,Summer,0
10023456784,2024-08-04 09:00:00,2024-08-04,09:00:00,2.3172,Sunday,9,8,Summer,0
10023456784,2024-08-04 10:00:00,2024-08-04,10:00:00,2.1592,Sunday,10,8,Summer,0
10023456784,2024-08-04 11:00:00,2024-08-04,11:00:00,4.5650,Sunday,11,8,Summer,1
10023456784,2024-08-04 12:00:00,2024-08-04,12:00:00,4.3706,Sunday,12,8,Summer,1
10023456784,2024-08-04 13:00:00,2024-08-04,13:00:00,4.4228,Sunday,13,8,Summer,1
10023456784,2024-08-04 14:00:00,2024-08-04,14:00:00,4.0644,Sunday,14,8,Summer,1
10023456784,2024-08-04 15:00:00,2024-08-04,15:00:00,3.7291,Sunday,15,8,Summer,1
10023456784,2024-08-04 16:00:00,2024-08-04,16:00:00,1.5928,Sunday,16,8,Summer,0
10023456784,2024-08-04 17:00:00,2024-08-04,17:00:00,2.5473,Sunday,17,8,Summer,0
10023456784,2024-08-04 18:00:00,2024-08-04,18:00:00,2.9571,Sunday,18,8,Summer,0
10023456784,2024-08-04 19:00:00,2024-08-04,19:00:00,3.2314,Sunday,19,8,Summer,0
10023456784,2024-08-04 20:00:00,2024-08-04,20:00:00,2.7537,Sunday,20,8,Summer,0
10023456784,2024-08-04 21:00:00,2024-08-04,21:00:00,2.1319,Sunday,21,8,Summer,0
10023456784,2024-08-04 22:00:00,2024-08-04,22:00:00,2.2131,Sunday,22,8,Summer,0
10023456784,2024-08-04 23:00:00,2024-08-04,23:00:00,1.1829,Sunday,23,8,Summer,0
10023456784,2024-08-05 00:00:00,2024-08-05,00:00:00,0.5322,Monday,0,8,Summer,0
10023456784,2024-08-05 01:00:00,2024-08-05,01:00:00,0.5044,Monday,1,8,Summer,0
10023456784,2024-08-05 02:00:00,2024-08-05,02:00:00,0.4625,Monday,2,8,Summer,0
10023456784,2024-08-05 03:00:00,2024-08-05,03:00:00,0.4912,Monday,3,8,Summer,0
10023456784,2024-08-05 04:00:00,2024-08-05,04:00:00,0.3949,Monday,4,8,Summer,0
10023456784,2024-08-05 05:00:00,2024-08-05,05:00:00,0.6462,Monday,5,8,Summer,0
10023456784,2024-08-05 06:00:00,2024-08-05,06:00:00,1.0494,Monday,6,8,Summer,0
10023456784,2024-08-05 07:00:00,2024-08-05,07:00:00,1.6494,Monday,7,8,Summer,0
10023456784,2024-08-05 08:00:00,2024-08-05,08:00:00,1.9554,Monday,8,8,Summer,0
10023456784,2024-08-05 09:00:00,2024-08-05,09:00:00,1.5528,Monday,9,8,Summer,0
10023456784,2024-08-05 10:00:00,2024-08-05,10:00:00,1.1806,Monday,10,8,Summer,0
10023456784,2024-08-05 11:00:00,2024-08-05,11:00:00,1.0763,Monday,11,8,Summer,0
10023456784,2024-08-05 12:00:00,2024-08-05,12:00:00,1.3588,Monday,12,8,Summer,0
10023456784,2024-08-05 13:00:00,2024-08-05,13:00:00,1.1349,Monday,13,8,Summer,0
10023456784,2024-08-05 14:00:00,2024-08-05,14:00:00,4.3646,Monday,14,8,Summer,1
10023456784,2024-08-05 15:00:00,2024-08-05,15:00:00,1.2053,Monday,15,8,Summer,0
10023456784,2024-08-05 16:00:00,2024-08-05,16:00:00,1.5559,Monday,16,8,Summer,0
10023456784,2024-08-05 17:00:00,2024-08-05,17:00:00,1.7659,Monday,17,8,Summer,0
10023456784,2024-08-05 18:00:00,2024-08-05,18:00:00,2.3707,Monday,18,8,Summer,0
10023456784,2024-08-05 19:00:00,2024-08-05,19:00:00,2.9660,Monday,19,8,Summer,0
10023456784,2024-08-05 20:00:00,2024-08-05,20:00:00,2.6069,Monday,20,8,Summer,0
10023456784,2024-08-05 21:00:00,2024-08-05,21:00:00,2.2579,Monday,21,8,Summer,0
10023456784,2024-08-05 22:00:00,2024-08-05,22:00:00,1.6714,Monday,22,8,Summer,0
10023456784,2024-08-05 23:00:00,2024-08-05,23:00:00,0.8932,Monday,23,8,Summer,0
10023456784,2024-08-06 00:00:00,2024-08-06,00:00:00,0.4864,Tuesday,0,8,Summer,0
10023456784,2024-08-06 01:00:00,2024-08-06,01:00:00,1.2810,Tuesday,1,8,Summer,1
10023456784,2024-08-06 02:00:00,2024-08-06,02:00:00,0.3771,Tuesday,2,8,Summer,0
10023456784,2024-08-06 03:00:00,2024-08-06,03:00:00,0.3873,Tuesday,3,8,Summer,0
10023456784,2024-08-06 04:00:00,2024-08-06,04:00:00,0.5012,Tuesday,4,8,Summer,0
10023456784,2024-08-06 05:00:00,2024-08-06,05:00:00,0.6375,Tuesday,5,8,Summer,0
10023456784,2024-08-06 06:00:00,2024-08-06,06:00:00,1.2393,Tuesday,6,8,Summer,0
10023456784,2024-08-06 07:00:00,2024-08-06,07:00:00,1.7543,Tuesday,7,8,Summer,0
10023456784,2024-08-06 08:00:00,2024-08-06,08:00:00,1.9246,Tuesday,8,8,Summer,0
10023456784,2024-08-06 09:00:00,2024-08-06,09:00:00,1.8130,Tuesday,9,8,Summer,0
10023456784,2024-08-06 10:00:00,2024-08-06,10:00:00,1.1407,Tuesday,10,8,Summer,0
10023456784,2024-08-06 11:00:00,2024-08-06,11:00:00,1.0220,Tuesday,11,8,Summer,0
10023456784,2024-08-06 12:00:00,2024-08-06,12:00:00,0.9701,Tuesday,12,8,Summer,0
10023456784,2024-08-06 13:00:00,2024-08-06,13:00:00,1.1591,Tuesday,13,8,Summer,0
10023456784,2024-08-06 14:00:00,2024-08-06,14:00:00,1.2654,Tuesday,14,8,Summer,0
10023456784,2024-08-06 15:00:00,2024-08-06,15:00:00,1.2531,Tuesday,15,8,Summer,0
10023456784,2024-08-06 16:00:00,2024-08-06,16:00:00,1.0856,Tuesday,16,8,Summer,0
10023456784,2024-08-06 17:00:00,2024-08-06,17:00:00,1.6651,Tuesday,17,8,Summer,0
10023456784,2024-08-06 18:00:00,2024-08-06,18:00:00,2.0901,Tuesday,18,8,Summer,0
10023456784,2024-08-06 19:00:00,2024-08-06,19:00:00,2.4528,Tuesday,19,8,Summer,0
10023456784,2024-08-06 20:00:00,2024-08-06,20:00:00,2.0550,Tuesday,20,8,Summer,0
10023456784,2024-08-06 21:00:00,2024-08-06,21:00:00,2.1148,Tuesday,21,8,Summer,0
10023456784,2024-08-06 22:00:00,2024-08-06,22:00:00,1.2720,Tuesday,22,8,Summer,0
10023456784,2024-08-06 23:00:00,2024-08-06,23:00:00,0.9567,Tuesday,23,8,Summer,0
10023456784,2024-08-07 00:00:00,2024-08-07,00:00:00,0.4683,Wednesday,0,8,Summer,0
10023456784,2024-08-07 01:00:00,2024-08-07,01:00:00,0.4325,Wednesday,1,8,Summer,0
10023456784,2024-08-07 02:00:00,2024-08-07,02:00:00,0.3238,Wednesday,2,8,Summer,0
10023456784,2024-08-07 03:00:00,2024-08-07,03:00:00,0.4114,Wednesday,3,8,Summer,0
10023456784,2024-08-07 04:00:00,2024-08-07,04:00:00,0.3950,Wednesday,4,8,Summer,0
10023456784,2024-08-07 05:00:00,2024-08-07,05:00:00,0.7429,Wednesday,5,8,Summer,0
10023456784,2024-08-07 06:00:00,2024-08-07,06:00:00,1.0997,Wednesday,6,8,Summer,0
10023456784,2024-08-07 07:00:00,2024-08-07,07:00:00,1.3496,Wednesday,7,8,Summer,0
10023456784,2024-08-07 08:00:00,2024-08-07,08:00:00,1.8382,Wednesday,8,8,Summer,0
10023456784,2024-08-07 09:00:00,2024-08-07,09:00:00,1.7796,Wednesday,9,8,Summer,0
10023456784,2024-08-07 10:00:00,2024-08-07,10:00:00,1.3784,Wednesday,10,8,Summer,0
10023456784,2024-08-07 11:00:00,2024-08-07,11:00:00,0.8954,Wednesday,11,8,Summer,0
10023456784,2024-08-07 12:00:00,2024-08-07,12:00:00,1.0406,Wednesday,12,8,Summer,0
10023456784,2024-08-07 13:00:00,2024-08-07,13:00:00,1.2151,Wednesday,13,8,Summer,0
10023456784,2024-08-07 14:00:00,2024-08-07,14:00:00,1.0741,Wednesday,14,8,Summer,0
10023456784,2024-08-07 15:00:00,2024-08-07,15:00:00,1.0445,Wednesday,15,8,Summer,0
10023456784,2024-08-07 16:00:00,2024-08-07,16:00:00,1.4912,Wednesday,16,8,Summer,0
10023456784,2024-08-07 17:00:00,2024-08-07,17:00:00,1.7409,Wednesday,17,8,Summer,0
10023456784,2024-08-07 18:00:00,2024-08-07,18:00:00,2.1644,Wednesday,18,8,Summer,0
10023456784,2024-08-07 19:00:00,2024-08-07,19:00:00,2.7112,Wednesday,19,8,Summer,0
10023456784,2024-08-07 20:00:00,2024-08-07,20:00:00,2.3311,Wednesday,20,8,Summer,0
10023456784,2024-08-07 21:00:00,2024-08-07,21:00:00,2.2173,Wednesday,21,8,Summer,0
10023456784,2024-08-07 22:00:00,2024-08-07,22:00:00,1.7764,Wednesday,22,8,Summer,0
10023456784,2024-08-07 23:00:00,2024-08-07,23:00:00,1.1012,Wednesday,23,8,Summer,0
10023456784,2024-08-08 00:00:00,2024-08-08,00:00:00,0.3757,Thursday,0,8,Summer,0
10023456784,2024-08-08 01:00:00,2024-08-08,01:00:00,0.4450,Thursday,1,8,Summer,0
10023456784,2024-08-08 02:00:00,2024-08-08,02:00:00,0.3442,Thursday,2,8,Summer,0
10023456784,2024-08-08 03:00:00,2024-08-08,03:00:00,0.2989,Thursday,3,8,Summer,0
10023456784,2024-08-08 04:00:00,2024-08-08,04:00:00,0.3820,Thursday,4,8,Summer,0
10023456784,2024-08-08 05:00:00,2024-08-08,05:00:00,0.7217,Thursday,5,8,Summer,0
10023456784,2024-08-08 06:00:00,2024-08-08,06:00:00,1.1257,Thursday,6,8,Summer,0
10023456784,2024-08-08 07:00:00,2024-08-08,07:00:00,1.4680,Thursday,7,8,Summer,0
10023456784,2024-08-08 08:00:00,2024-08-08,08:00:00,1.6377,Thursday,8,8,Summer,0
10023456784,2024-08-08 09:00:00,2024-08-08,09:00:00,1.4942,Thursday,9,8,Summer,0
10023456784,2024-08-08 10:00:00,2024-08-08,10:00:00,1.0664,Thursday,10,8,Summer,0
10023456784,2024-08-08 11:00:00,2024-08-08,11:00:00,1.0416,Thursday,11,8,Summer,0
10023456784,2024-08-08 12:00:00,2024-08-08,12:00:00,2.2806,Thursday,12,8,Summer,1
10023456784,2024-08-08 13:00:00,2024-08-08,13:00:00,2.4116,Thursday,13,8,Summer,1
10023456784,2024-08-08 14:00:00,2024-08-08,14:00:00,2.7906,Thursday,14,8,Summer,1
10023456784,2024-08-08 15:00:00,2024-08-08,15:00:00,1.1325,Thursday,15,8,Summer,0
10023456784,2024-08-08 16:00:00,2024-08-08,16:00:00,1.4213,Thursday,16,8,Summer,0
10023456784,2024-08-08 17:00:00,2024-08-08,17:00:00,1.6749,Thursday,17,8,Summer,0
10023456784,2024-08-08 18:00:00,2024-08-08,18:00:00,2.3252,Thursday,18,8,Summer,0
10023456784,2024-08-08 19:00:00,2024-08-08,19:00:00,2.9441,Thursday,19,8,Summer,0
10023456784,2024-08-08 20:00:00,2024-08-08,20:00:00,1.9166,Thursday,20,8,Summer,0
10023456784,2024-08-08 21:00:00,2024-08-08,21:00:00,1.8319,Thursday,21,8,Summer,0
10023456784,2024-08-08 22:00:00,2024-08-08,22:00:00,1.3629,Thursday,22,8,Summer,0
10023456784,2024-08-08 23:00:00,2024-08-08,23:00:00,0.9546,Thursday,23,8,Summer,0
10023456784,2024-08-09 00:00:00,2024-08-09,00:00:00,0.4885,Friday,0,8,Summer,0
10023456784,2024-08-09 01:00:00,2024-08-09,01:00:00,0.4261,Friday,1,8,Summer,0
10023456784,2024-08-09 02:00:00,2024-08-09,02:00:00,0.3400,Friday,2,8,Summer,0
10023456784,2024-08-09 03:00:00,2024-08-09,03:00:00,0.2892,Friday,3,8,Summer,0
10023456784,2024-08-09 04:00:00,2024-08-09,04:00:00,0.4965,Friday,4,8,Summer,0
10023456784,2024-08-09 05:00:00,2024-08-09,05:00:00,0.6576,Friday,5,8,Summer,0
10023456784,2024-08-09 06:00:00,2024-08-09,06:00:00,1.0679,Friday,6,8,Summer,0
10023456784,2024-08-09 07:00:00,2024-08-09,07:00:00,1.2209,Friday,7,8,Summer,0
10023456784,2024-08-09 08:00:00,2024-08-09,08:00:00,1.8858,Friday,8,8,Summer,0
10023456784,2024-08-09 09:00:00,2024-08-09,09:00:00,1.6393,Friday,9,8,Summer,0
10023456784,2024-08-09 10:00:00,2024-08-09,10:00:00,1.1806,Friday,10,8,Summer,0
10023456784,2024-08-09 11:00:00,2024-08-09,11:00:00,0.9824,Friday,11,8,Summer,0
10023456784,2024-08-09 12:00:00,2024-08-09,12:00:00,1.0017,Friday,12,8,Summer,0
10023456784,2024-08-09 13:00:00,2024-08-09,13:00:00,1.1057,Friday,13,8,Summer,0
10023456784,2024-08-09 14:00:00,2024-08-09,14:00:00,0.9364,Friday,14,8,Summer,0
10023456784,2024-08-09 15:00:00,2024-08-09,15:00:00,1.0481,Friday,15,8,Summer,0
10023456784,2024-08-09 16:00:00,2024-08-09,16:00:00,1.2919,Friday,16,8,Summer,0
10023456784,2024-08-09 17:00:00,2024-08-09,17:00:00,1.4281,Friday,17,8,Summer,0
10023456784,2024-08-09 18:00:00,2024-08-09,18:00:00,1.9614,Friday,18,8,Summer,0
10023456784,2024-08-09 19:00:00,2024-08-09,19:00:00,2.3650,Friday,19,8,Summer,0
10023456784,2024-08-09 20:00:00,2024-08-09,20:00:00,2.1649,Friday,20,8,Summer,0
10023456784,2024-08-09 21:00:00,2024-08-09,21:00:00,1.9151,Friday,21,8,Summer,0
10023456784,2024-08-09 22:00:00,2024-08-09,22:00:00,1.3326,Friday,22,8,Summer,0
10023456784,2024-08-09 23:00:00,2024-08-09,23:00:00,0.9240,Friday,23,8,Summer,0
10023456784,2024-08-10 00:00:00,2024-08-10,00:00:00,0.4821,Saturday,0,8,Summer,0
10023456784,2024-08-10 01:00:00,2024-08-10,01:00:00,0.5365,Saturday,1,8,Summer,0
10023456784,2024-08-10 02:00:00,2024-08-10,02:00:00,0.4105,Saturday,2,8,Summer,0
10023456784,2024-08-10 03:00:00,2024-08-10,03:00:00,0.5236,Saturday,3,8,Summer,0
10023456784,2024-08-10 04:00:00,2024-08-10,04:00:00,0.4953,Saturday,4,8,Summer,0
10023456784,2024-08-10 05:00:00,2024-08-10,05:00:00,2.0756,Saturday,5,8,Summer,1
10023456784,2024-08-10 06:00:00,2024-08-10,06:00:00,0.8913,Saturday,6,8,Summer,0
10023456784,2024-08-10 07:00:00,2024-08-10,07:00:00,1.4801,Saturday,7,8,Summer,0
10023456784,2024-08-10 08:00:00,2024-08-10,08:00:00,1.9449,Saturday,8,8,Summer,0
10023456784,2024-08-10 09:00:00,2024-08-10,09:00:00,1.8564,Saturday,9,8,Summer,0
10023456784,2024-08-10 10:00:00,2024-08-10,10:00:00,2.0217,Saturday,10,8,Summer,0
10023456784,2024-08-10 11:00:00,2024-08-10,11:00:00,1.9471,Saturday,11,8,Summer,0
10023456784,2024-08-10 12:00:00,2024-08-10,12:00:00,1.8047,Saturday,12,8,Summer,0
10023456784,2024-08-10 13:00:00,2024-08-10,13:00:00,1.6458,Saturday,13,8,Summer,0
10023456784,2024-08-10 14:00:00,2024-08-10,14:00:00,1.6883,Saturday,14,8,Summer,0
10023456784,2024-08-10 15:00:00,2024-08-10,15:00:00,1.4247,Saturday,15,8,Summer,0
10023456784,2024-08-10 16:00:00,2024-08-10,16:00:00,1.9427,Saturday,16,8,Summer,0
10023456784,2024-08-10 17:00:00,2024-08-10,17:00:00,1.9084,Saturday,17,8,Summer,0
10023456784,2024-08-10 18:00:00,2024-08-10,18:00:00,2.8755,Saturday,18,8,Summer,0
10023456784,2024-08-10 19:00:00,2024-08-10,19:00:00,2.4890,Saturday,19,8,Summer,0
10023456784,2024-08-10 20:00:00,2024-08-10,20:00:00,2.3572,Saturday,20,8,Summer,0
10023456784,2024-08-10 21:00:00,2024-08-10,21:00:00,2.2686,Saturday,21,8,Summer,0
10023456784,2024-08-10 22:00:00,2024-08-10,22:00:00,2.0400,Saturday,22,8,Summer,0
10023456784,2024-08-10 23:00:00,2024-08-10,23:00:00,1.1164,Saturday,23,8,Summer,0
10023456784,2024-08-11 00:00:00,2024-08-11,00:00:00,0.8871,Sunday,0,8,Summer,0
10023456784,2024-08-11 01:00:00,2024-08-11,01:00:00,0.7474,Sunday,1,8,Summer,0
10023456784,2024-08-11 02:00:00,2024-08-11,02:00:00,0.4441,Sunday,2,8,Summer,0
10023456784,2024-08-11 03:00:00,2024-08-11,03:00:00,0.4940,Sunday,3,8,Summer,0
10023456784,2024-08-11 04:00:00,2024-08-11,04:00:00,0.6062,Sunday,4,8,Summer,0
10023456784,2024-08-11 05:00:00,2024-08-11,05:00:00,0.6416,Sunday,5,8,Summer,0
10023456784,2024-08-11 06:00:00,2024-08-11,06:00:00,1.1363,Sunday,6,8,Summer,0
10023456784,2024-08-11 07:00:00,2024-08-11,07:00:00,1.5876,Sunday,7,8,Summer,0
10023456784,2024-08-11 08:00:00,2024-08-11,08:00:00,1.7765,Sunday,8,8,Summer,0
10023456784,2024-08-11 09:00:00,2024-08-11,09:00:00,2.2427,Sunday,9,8,Summer,0
10023456784,2024-08-11 10:00:00,2024-08-11,10:00:00,1.9382,Sunday,10,8,Summer,0
10023456784,2024-08-11 11:00:00,2024-08-11,11:00:00,2.6763,Sunday,11,8,Summer,0
10023456784,2024-08-11 12:00:00,2024-08-11,12:00:00,1.9262,Sunday,12,8,Summer,0
10023456784,2024-08-11 13:00:00,2024-08-11,13:00:00,1.8474,Sunday,13,8,Summer,0
10023456784,2024-08-11 14:00:00,2024-08-11,14:00:00,2.0970,Sunday,14,8,Summer,0
10023456784,2024-08-11 15:00:00,2024-08-11,15:00:00,2.0440,Sunday,15,8,Summer,0
10023456784,2024-08-11 16:00:00,2024-08-11,16:00:00,2.5458,Sunday,16,8,Summer,0
10023456784,2024-08-11 17:00:00,2024-08-11,17:00:00,2.2221,Sunday,17,8,Summer,0
10023456784,2024-08-11 18:00:00,2024-08-11,18:00:00,3.1338,Sunday,18,8,Summer,0
10023456784,2024-08-11 19:00:00,2024-08-11,19:00:00,4.0883,Sunday,19,8,Summer,0
10023456784,2024-08-11 20:00:00,2024-08-11,20:00:00,3.1278,Sunday,20,8,Summer,0
10023456784,2024-08-11 21:00:00,2024-08-11,21:00:00,2.5461,Sunday,21,8,Summer,0
10023456784,2024-08-11 22:00:00,2024-08-11,22:00:00,2.2523,Sunday,22,8,Summer,0
10023456784,2024-08-11 23:00:00,2024-08-11,23:00:00,1.7143,Sunday,23,8,Summer,0
10023456784,2024-08-12 00:00:00,2024-08-12,00:00:00,0.5800,Monday,0,8,Summer,0
10023456784,2024-08-12 01:00:00,2024-08-12,01:00:00,0.5250,Monday,1,8,Summer,0
10023456784,2024-08-12 02:00:00,2024-08-12,02:00:00,0.4436,Monday,2,8,Summer,0
10023456784,2024-08-12 03:00:00,2024-08-12,03:00:00,0.5328,Monday,3,8,Summer,0
10023456784,2024-08-12 04:00:00,2024-08-12,04:00:00,0.5063,Monday,4,8,Summer,0
10023456784,2024-08-12 05:00:00,2024-08-12,05:00:00,0.7910,Monday,5,8,Summer,0
10023456784,2024-08-12 06:00:00,2024-08-12,06:00:00,1.2060,Monday,6,8,Summer,0
10023456784,2024-08-12 07:00:00,2024-08-12,07:00:00,1.7110,Monday,7,8,Summer,0
10023456784,2024-08-12 08:00:00,2024-08-12,08:00:00,1.8024,Monday,8,8,Summer,0
10023456784,2024-08-12 09:00:00,2024-08-12,09:00:00,1.7708,Monday,9,8,Summer,0
10023456784,2024-08-12 10:00:00,2024-08-12,10:00:00,1.3807,Monday,10,8,Summer,0
10023456784,2024-08-12 11:00:00,2024-08-12,11:00:00,0.9945,Monday,11,8,Summer,0
10023456784,2024-08-12 12:00:00,2024-08-12,12:00:00,1.4158,Monday,12,8,Summer,0
10023456784,2024-08-12 13:00:00,2024-08-12,13:00:00,1.3089,Monday,13,8,Summer,0
10023456784,2024-08-12 14:00:00,2024-08-12,14:00:00,1.4522,Monday,14,8,Summer,0
10023456784,2024-08-12 15:00:00,2024-08-12,15:00:00,1.2996,Monday,15,8,Summer,0
10023456784,2024-08-12 16:00:00,2024-08-12,16:00:00,1.9655,Monday,16,8,Summer,0
10023456784,2024-08-12 17:00:00,2024-08-12,17:00:00,1.8971,Monday,17,8,Summer,0
10023456784,2024-08-12 18:00:00,2024-08-12,18:00:00,2.3971,Monday,18,8,Summer,0
10023456784,2024-08-12 19:00:00,2024-08-12,19:00:00,3.3914,Monday,19,8,Summer,0
10023456784,2024-08-12 20:00:00,2024-08-12,20:00:00,2.9681,Monday,20,8,Summer,0
10023456784,2024-08-12 21:00:00,2024-08-12,21:00:00,2.2972,Monday,21,8,Summer,0
10023456784,2024-08-12 22:00:00,2024-08-12,22:00:00,1.5491,Monday,22,8,Summer,0
10023456784,2024-08-12 23:00:00,2024-08-12,23:00:00,0.7739,Monday,23,8,Summer,0
10023456784,2024-08-13 00:00:00,2024-08-13,00:00:00,0.4655,Tuesday,0,8,Summer,0
10023456784,2024-08-13 01:00:00,2024-08-13,01:00:00,0.5095,Tuesday,1,8,Summer,0
10023456784,2024-08-13 02:00:00,2024-08-13,02:00:00,0.3490,Tuesday,2,8,Summer,0
10023456784,2024-08-13 03:00:00,2024-08-13,03:00:00,0.3856,Tuesday,3,8,Summer,0
10023456784,2024-08-13 04:00:00,2024-08-13,04:00:00,0.3134,Tuesday,4,8,Summer,0
10023456784,2024-08-13 05:00:00,2024-08-13,05:00:00,0.5980,Tuesday,5,8,Summer,0
10023456784,2024-08-13 06:00:00,2024-08-13,06:00:00,0.9245,Tuesday,6,8,Summer,0
10023456784,2024-08-13 07:00:00,2024-08-13,07:00:00,1.5443,Tuesday,7,8,Summer,0
10023456784,2024-08-13 08:00:00,2024-08-13,08:00:00,1.6283,Tuesday,8,8,Summer,0
10023456784,2024-08-13 09:00:00,2024-08-13,09:00:00,1.4778,Tuesday,9,8,Summer,0
10023456784,2024-08-13 10:00:00,2024-08-13,10:00:00,1.0018,Tuesday,10,8,Summer,0
10023456784,2024-08-13 11:00:00,2024-08-13,11:00:00,0.9623,Tuesday,11,8,Summer,0
10023456784,2024-08-13 12:00:00,2024-08-13,12:00:00,0.8921,Tuesday,12,8,Summer,0
10023456784,2024-08-13 13:00:00,2024-08-13,13:00:00,1.1433,Tuesday,13,8,Summer,0
10023456784,2024-08-13 14:00:00,2024-08-13,14:00:00,1.1202,Tuesday,14,8,Summer,0
10023456784,2024-08-13 15:00:00,2024-08-13,15:00:00,0.9173,Tuesday,15,8,Summer,0
10023456784,2024-08-13 16:00:00,2024-08-13,16:00:00,1.0891,Tuesday,16,8,Summer,0
10023456784,2024-08-13 17:00:00,2024-08-13,17:00:00,1.5886,Tuesday,17,8,Summer,0
10023456784,2024-08-13 18:00:00,2024-08-13,18:00:00,2.0746,Tuesday,18,8,Summer,0
10023456784,2024-08-13 19:00:00,2024-08-13,19:00:00,2.3441,Tuesday,19,8,Summer,0
10023456784,2024-08-13 20:00:00,2024-08-13,20:00:00,1.9931,Tuesday,20,8,Summer,0
10023456784,2024-08-13 21:00:00,2024-08-13,21:00:00,1.7193,Tuesday,21,8,Summer,0
10023456784,2024-08-13 22:00:00,2024-08-13,22:00:00,1.6442,Tuesday,22,8,Summer,0
10023456784,2024-08-13 23:00:00,2024-08-13,23:00:00,0.8319,Tuesday,23,8,Summer,0
10023456784,2024-08-14 00:00:00,2024-08-14,00:00:00,0.3649,Wednesday,0,8,Summer,0
10023456784,2024-08-14 01:00:00,2024-08-14,01:00:00,0.2893,Wednesday,1,8,Summer,0
10023456784,2024-08-14 02:00:00,2024-08-14,02:00:00,0.3750,Wednesday,2,8,Summer,0
10023456784,2024-08-14 03:00:00,2024-08-14,03:00:00,0.3495,Wednesday,3,8,Summer,0
10023456784,2024-08-14 04:00:00,2024-08-14,04:00:00,0.3565,Wednesday,4,8,Summer,0
10023456784,2024-08-14 05:00:00,2024-08-14,05:00:00,0.6067,Wednesday,5,8,Summer,0
10023456784,2024-08-14 06:00:00,2024-08-14,06:00:00,1.1187,Wednesday,6,8,Summer,0
10023456784,2024-08-14 07:00:00,2024-08-14,07:00:00,1.3920,Wednesday,7,8,Summer,0
10023456784,2024-08-14 08:00:00,2024-08-14,08:00:00,1.3814,Wednesday,8,8,Summer,0
10023456784,2024-08-14 09:00:00,2024-08-14,09:00:00,1.1622,Wednesday,9,8,Summer,0
10023456784,2024-08-14 10:00:00,2024-08-14,10:00:00,0.8810,Wednesday,10,8,Summer,0
10023456784,2024-08-14 11:00:00,2024-08-14,11:00:00,0.7995,Wednesday,11,8,Summer,0
10023456784,2024-08-14 12:00:00,2024-08-14,12:00:00,1.0315,Wednesday,12,8,Summer,0
10023456784,2024-08-14 13:00:00,2024-08-14,13:00:00,0.9731,Wednesday,13,8,Summer,0
10023456784,2024-08-14 14:00:00,2024-08-14,14:00:00,0.9401,Wednesday,14,8,Summer,0
10023456784,2024-08-14 15:00:00,2024-08-14,15:00:00,1.0644,Wednesday,15,8,Summer,0
10023456784,2024-08-14 16:00:00,2024-08-14,16:00:00,1.4216,Wednesday,16,8,Summer,0
10023456784,2024-08-14 17:00:00,2024-08-14,17:00:00,1.4942,Wednesday,17,8,Summer,0
10023456784,2024-08-14 18:00:00,2024-08-14,18:00:00,2.6385,Wednesday,18,8,Summer,0
10023456784,2024-08-14 19:00:00,2024-08-14,19:00:00,2.1377,Wednesday,19,8,Summer,0
10023456784,2024-08-14 20:00:00,2024-08-14,20:00:00,2.1543,Wednesday,20,8,Summer,0
10023456784,2024-08-14 21:00:00,2024-08-14,21:00:00,1.7898,Wednesday,21,8,Summer,0
10023456784,2024-08-14 22:00:00,2024-08-14,22:00:00,1.4381,Wednesday,22,8,Summer,0
10023456784,2024-08-14 23:00:00,2024-08-14,23:00:00,0.8004,Wednesday,23,8,Summer,0
10023456784,2024-08-15 00:00:00,2024-08-15,00:00:00,0.5571,Thursday,0,8,Summer,0
10023456784,2024-08-15 01:00:00,2024-08-15,01:00:00,0.4638,Thursday,1,8,Summer,0
10023456784,2024-08-15 02:00:00,2024-08-15,02:00:00,0.4320,Thursday,2,8,Summer,0
10023456784,2024-08-15 03:00:00,2024-08-15,03:00:00,0.4869,Thursday,3,8,Summer,0
10023456784,2024-08-15 04:00:00,2024-08-15,04:00:00,0.5456,Thursday,4,8,Summer,0
10023456784,2024-08-15 05:00:00,2024-08-15,05:00:00,0.8360,Thursday,5,8,Summer,0
10023456784,2024-08-15 06:00:00,2024-08-15,06:00:00,1.4565,Thursday,6,8,Summer,0
10023456784,2024-08-15 07:00:00,2024-08-15,07:00:00,1.9065,Thursday,7,8,Summer,0
10023456784,2024-08-15 08:00:00,2024-08-15,08:00:00,2.1933,Thursday,8,8,Summer,0
10023456784,2024-08-15 09:00:00,2024-08-15,09:00:00,1.6116,Thursday,9,8,Summer,0
10023456784,2024-08-15 10:00:00,2024-08-15,10:00:00,1.5254,Thursday,10,8,Summer,0
10023456784,2024-08-15 11:00:00,2024-08-15,11:00:00,1.0932,Thursday,11,8,Summer,0
10023456784,2024-08-15 12:00:00,2024-08-15,12:00:00,1.2938,Thursday,12,8,Summer,0
10023456784,2024-08-15 13:00:00,2024-08-15,13:00:00,1.2568,Thursday,13,8,Summer,0
10023456784,2024-08-15 14:00:00,2024-08-15,14:00:00,1.2911,Thursday,14,8,Summer,0
10023456784,2024-08-15 15:00:00,2024-08-15,15:00:00,1.5719,Thursday,15,8,Summer,0
10023456784,2024-08-15 16:00:00,2024-08-15,16:00:00,1.7583,Thursday,16,8,Summer,0
10023456784,2024-08-15 17:00:00,2024-08-15,17:00:00,2.1813,Thursday,17,8,Summer,0
10023456784,2024-08-15 18:00:00,2024-08-15,18:00:00,2.7553,Thursday,18,8,Summer,0
10023456784,2024-08-15 19:00:00,2024-08-15,19:00:00,2.9865,Thursday,19,8,Summer,0
10023456784,2024-08-15 20:00:00,2024-08-15,20:00:00,2.9461,Thursday,20,8,Summer,0
10023456784,2024-08-15 21:00:00,2024-08-15,21:00:00,2.9128,Thursday,21,8,Summer,0
10023456784,2024-08-15 22:00:00,2024-08-15,22:00:00,1.9863,Thursday,22,8,Summer,0
10023456784,2024-08-15 23:00:00,2024-08-15,23:00:00,1.2866,Thursday,23,8,Summer,0
10023456784,2024-08-16 00:00:00,2024-08-16,00:00:00,0.5636,Friday,0,8,Summer,0
10023456784,2024-08-16 01:00:00,2024-08-16,01:00:00,0.5527,Friday,1,8,Summer,0
10023456784,2024-08-16 02:00:00,2024-08-16,02:00:00,0.5163,Friday,2,8,Summer,0
10023456784,2024-08-16 03:00:00,2024-08-16,03:00:00,0.5551,Friday,3,8,Summer,0
10023456784,2024-08-16 04:00:00,2024-08-16,04:00:00,0.5468,Friday,4,8,Summer,0
10023456784,2024-08-16 05:00:00,2024-08-16,05:00:00,0.8439,Friday,5,8,Summer,0
10023456784,2024-08-16 06:00:00,2024-08-16,06:00:00,1.4592,Friday,6,8,Summer,0
10023456784,2024-08-16 07:00:00,2024-08-16,07:00:00,1.8577,Friday,7,8,Summer,0
10023456784,2024-08-16 08:00:00,2024-08-16,08:00:00,2.1677,Friday,8,8,Summer,0
10023456784,2024-08-16 09:00:00,2024-08-16,09:00:00,1.5902,Friday,9,8,Summer,0
10023456784,2024-08-16 10:00:00,2024-08-16,10:00:00,1.4869,Friday,10,8,Summer,0
10023456784,2024-08-16 11:00:00,2024-08-16,11:00:00,1.1956,Friday,11,8,Summer,0
10023456784,2024-08-16 12:00:00,2024-08-16,12:00:00,1.2776,Friday,12,8,Summer,0
10023456784,2024-08-16 13:00:00,2024-08-16,13:00:00,1.3820,Friday,13,8,Summer,0
10023456784,2024-08-16 14:00:00,2024-08-16,14:00:00,1.4507,Friday,14,8,Summer,0
10023456784,2024-08-16 15:00:00,2024-08-16,15:00:00,1.3149,Friday,15,8,Summer,0
10023456784,2024-08-16 16:00:00,2024-08-16,16:00:00,1.5540,Friday,16,8,Summer,0
10023456784,2024-08-16 17:00:00,2024-08-16,17:00:00,2.2245,Friday,17,8,Summer,0
10023456784,2024-08-16 18:00:00,2024-08-16,18:00:00,2.3627,Friday,18,8,Summer,0
10023456784,2024-08-16 19:00:00,2024-08-16,19:00:00,2.7508,Friday,19,8,Summer,0
10023456784,2024-08-16 20:00:00,2024-08-16,20:00:00,2.9438,Friday,20,8,Summer,0
10023456784,2024-08-16 21:00:00,2024-08-16,21:00:00,2.6911,Friday,21,8,Summer,0
10023456784,2024-08-16 22:00:00,2024-08-16,22:00:00,1.9852,Friday,22,8,Summer,0
10023456784,2024-08-16 23:00:00,2024-08-16,23:00:00,1.1245,Friday,23,8,Summer,0
10023456784,2024-08-17 00:00:00,2024-08-17,00:00:00,0.8903,Saturday,0,8,Summer,0
10023456784,2024-08-17 01:00:00,2024-08-17,01:00:00,0.7306,Saturday,1,8,Summer,0
10023456784,2024-08-17 02:00:00,2024-08-17,02:00:00,0.4634,Saturday,2,8,Summer,0
10023456784,2024-08-17 03:00:00,2024-08-17,03:00:00,0.5315,Saturday,3,8,Summer,0
10023456784,2024-08-17 04:00:00,2024-08-17,04:00:00,0.4321,Saturday,4,8,Summer,0
10023456784,2024-08-17 05:00:00,2024-08-17,05:00:00,0.5502,Saturday,5,8,Summer,0
10023456784,2024-08-17 06:00:00,2024-08-17,06:00:00,1.0281,Saturday,6,8,Summer,0
10023456784,2024-08-17 07:00:00,2024-08-17,07:00:00,1.4906,Saturday,7,8,Summer,0
10023456784,2024-08-17 08:00:00,2024-08-17,08:00:00,2.0321,Saturday,8,8,Summer,0
10023456784,2024-08-17 09:00:00,2024-08-17,09:00:00,2.6122,Saturday,9,8,Summer,0
10023456784,2024-08-17 10:00:00,2024-08-17,10:00:00,1.7890,Saturday,10,8,Summer,0
10023456784,2024-08-17 11:00:00,2024-08-17,11:00:00,1.8457,Saturday,11,8,Summer,0
10023456784,2024-08-17 12:00:00,2024-08-17,12:00:00,1.3929,Saturday,12,8,Summer,0
10023456784,2024-08-17 13:00:00,2024-08-17,13:00:00,1.7634,Saturday,13,8,Summer,0
10023456784,2024-08-17 14:00:00,2024-08-17,14:00:00,1.4810,Saturday,14,8,Summer,0
10023456784,2024-08-17 15:00:00,2024-08-17,15:00:00,1.8840,Saturday,15,8,Summer,0
10023456784,2024-08-17 16:00:00,2024-08-17,16:00:00,1.6749,Saturday,16,8,Summer,0
10023456784,2024-08-17 17:00:00,2024-08-17,17:00:00,2.0302,Saturday,17,8,Summer,0
10023456784,2024-08-17 18:00:00,2024-08-17,18:00:00,3.3867,Saturday,18,8,Summer,0
10023456784,2024-08-17 19:00:00,2024-08-17,19:00:00,3.5036,Saturday,19,8,Summer,0
10023456784,2024-08-17 20:00:00,2024-08-17,20:00:00,2.6597,Saturday,20,8,Summer,0
10023456784,2024-08-17 21:00:00,2024-08-17,21:00:00,2.5808,Saturday,21,8,Summer,0
10023456784,2024-08-17 22:00:00,2024-08-17,22:00:00,1.8544,Saturday,22,8,Summer,0
10023456784,2024-08-17 23:00:00,2024-08-17,23:00:00,1.4640,Saturday,23,8,Summer,0
10023456784,2024-08-18 00:00:00,2024-08-18,00:00:00,0.8244,Sunday,0,8,Summer,0
10023456784,2024-08-18 01:00:00,2024-08-18,01:00:00,0.6358,Sunday,1,8,Summer,0
10023456784,2024-08-18 02:00:00,2024-08-18,02:00:00,0.7046,Sunday,2,8,Summer,0
10023456784,2024-08-18 03:00:00,2024-08-18,03:00:00,0.6382,Sunday,3,8,Summer,0
10023456784,2024-08-18 04:00:00,2024-08-18,04:00:00,0.6139,Sunday,4,8,Summer,0
10023456784,2024-08-18 05:00:00,2024-08-18,05:00:00,0.7059,Sunday,5,8,Summer,0
10023456784,2024-08-18 06:00:00,2024-08-18,06:00:00,0.9248,Sunday,6,8,Summer,0
10023456784,2024-08-18 07:00:00,2024-08-18,07:00:00,1.6954,Sunday,7,8,Summer,0
10023456784,2024-08-18 08:00:00,2024-08-18,08:00:00,2.5658,Sunday,8,8,Summer,0
10023456784,2024-08-18 09:00:00,2024-08-18,09:00:00,2.2106,Sunday,9,8,Summer,0
10023456784,2024-08-18 10:00:00,2024-08-18,10:00:00,2.4782,Sunday,10,8,Summer,0
10023456784,2024-08-18 11:00:00,2024-08-18,11:00:00,2.1297,Sunday,11,8,Summer,0
10023456784,2024-08-18 12:00:00,2024-08-18,12:00:00,2.2484,Sunday,12,8,Summer,0
10023456784,2024-08-18 13:00:00,2024-08-18,13:00:00,2.0844,Sunday,13,8,Summer,0
10023456784,2024-08-18 14:00:00,2024-08-18,14:00:00,1.7850,Sunday,14,8,Summer,0
10023456784,2024-08-18 15:00:00,2024-08-18,15:00:00,1.7727,Sunday,15,8,Summer,0
10023456784,2024-08-18 16:00:00,2024-08-18,16:00:00,2.1846,Sunday,16,8,Summer,0
10023456784,2024-08-18 17:00:00,2024-08-18,17:00:00,2.5414,Sunday,17,8,Summer,0
10023456784,2024-08-18 18:00:00,2024-08-18,18:00:00,3.5473,Sunday,18,8,Summer,0
10023456784,2024-08-18 19:00:00,2024-08-18,19:00:00,3.3295,Sunday,19,8,Summer,0
10023456784,2024-08-18 20:00:00,2024-08-18,20:00:00,3.6969,Sunday,20,8,Summer,0
10023456784,2024-08-18 21:00:00,2024-08-18,21:00:00,3.0634,Sunday,21,8,Summer,0
10023456784,2024-08-18 22:00:00,2024-08-18,22:00:00,2.3377,Sunday,22,8,Summer,0
10023456784,2024-08-18 23:00:00,2024-08-18,23:00:00,1.4659,Sunday,23,8,Summer,0
10023456784,2024-08-19 00:00:00,2024-08-19,00:00:00,0.4213,Monday,0,8,Summer,0
10023456784,2024-08-19 01:00:00,2024-08-19,01:00:00,1.6252,Monday,1,8,Summer,1
10023456784,2024-08-19 02:00:00,2024-08-19,02:00:00,0.5100,Monday,2,8,Summer,0
10023456784,2024-08-19 03:00:00,2024-08-19,03:00:00,0.3306,Monday,3,8,Summer,0
10023456784,2024-08-19 04:00:00,2024-08-19,04:00:00,0.4253,Monday,4,8,Summer,0
10023456784,2024-08-19 05:00:00,2024-08-19,05:00:00,0.7359,Monday,5,8,Summer,0
10023456784,2024-08-19 06:00:00,2024-08-19,06:00:00,1.1691,Monday,6,8,Summer,0
10023456784,2024-08-19 07:00:00,2024-08-19,07:00:00,1.7900,Monday,7,8,Summer,0
10023456784,2024-08-19 08:00:00,2024-08-19,08:00:00,1.8540,Monday,8,8,Summer,0
10023456784,2024-08-19 09:00:00,2024-08-19,09:00:00,1.6937,Monday,9,8,Summer,0
10023456784,2024-08-19 10:00:00,2024-08-19,10:00:00,1.2888,Monday,10,8,Summer,0
10023456784,2024-08-19 11:00:00,2024-08-19,11:00:00,1.0778,Monday,11,8,Summer,0
10023456784,2024-08-19 12:00:00,2024-08-19,12:00:00,1.3935,Monday,12,8,Summer,0
10023456784,2024-08-19 13:00:00,2024-08-19,13:00:00,1.0808,Monday,13,8,Summer,0
10023456784,2024-08-19 14:00:00,2024-08-19,14:00:00,1.5455,Monday,14,8,Summer,0
10023456784,2024-08-19 15:00:00,2024-08-19,15:00:00,1.0587,Monday,15,8,Summer,0
10023456784,2024-08-19 16:00:00,2024-08-19,16:00:00,1.4842,Monday,16,8,Summer,0
10023456784,2024-08-19 17:00:00,2024-08-19,17:00:00,1.7073,Monday,17,8,Summer,0
10023456784,2024-08-19 18:00:00,2024-08-19,18:00:00,2.2100,Monday,18,8,Summer,0
10023456784,2024-08-19 19:00:00,2024-08-19,19:00:00,2.5338,Monday,19,8,Summer,0
10023456784,2024-08-19 20:00:00,2024-08-19,20:00:00,3.2100,Monday,20,8,Summer,0
10023456784,2024-08-19 21:00:00,2024-08-19,21:00:00,2.4080,Monday,21,8,Summer,0
10023456784,2024-08-19 22:00:00,2024-08-19,22:00:00,1.3503,Monday,22,8,Summer,0
10023456784,2024-08-19 23:00:00,2024-08-19,23:00:00,0.9868,Monday,23,8,Summer,0
10023456784,2024-08-20 00:00:00,2024-08-20,00:00:00,0.5451,Tuesday,0,8,Summer,0
10023456784,2024-08-20 01:00:00,2024-08-20,01:00:00,0.4393,Tuesday,1,8,Summer,0
10023456784,2024-08-20 02:00:00,2024-08-20,02:00:00,0.4484,Tuesday,2,8,Summer,0
10023456784,2024-08-20 03:00:00,2024-08-20,03:00:00,0.4857,Tuesday,3,8,Summer,0
10023456784,2024-08-20 04:00:00,2024-08-20,04:00:00,0.4163,Tuesday,4,8,Summer,0
10023456784,2024-08-20 05:00:00,2024-08-20,05:00:00,0.6825,Tuesday,5,8,Summer,0
10023456784,2024-08-20 06:00:00,2024-08-20,06:00:00,1.1764,Tuesday,6,8,Summer,0
10023456784,2024-08-20 07:00:00,2024-08-20,07:00:00,1.7629,Tuesday,7,8,Summer,0
10023456784,2024-08-20 08:00:00,2024-08-20,08:00:00,1.8764,Tuesday,8,8,Summer,0
10023456784,2024-08-20 09:00:00,2024-08-20,09:00:00,1.4982,Tuesday,9,8,Summer,0
10023456784,2024-08-20 10:00:00,2024-08-20,10:00:00,1.2432,Tuesday,10,8,Summer,0
10023456784,2024-08-20 11:00:00,2024-08-20,11:00:00,0.8586,Tuesday,11,8,Summer,0
10023456784,2024-08-20 12:00:00,2024-08-20,12:00:00,1.1587,Tuesday,12,8,Summer,0
10023456784,2024-08-20 13:00:00,2024-08-20,13:00:00,1.3012,Tuesday,13,8,Summer,0
10023456784,2024-08-20 14:00:00,2024-08-20,14:00:00,1.1626,Tuesday,14,8,Summer,0
10023456784,2024-08-20 15:00:00,2024-08-20,15:00:00,1.0808,Tuesday,15,8,Summer,0
10023456784,2024-08-20 16:00:00,2024-08-20,16:00:00,1.2923,Tuesday,16,8,Summer,0
10023456784,2024-08-20 17:00:00,2024-08-20,17:00:00,2.1113,Tuesday,17,8,Summer,0
10023456784,2024-08-20 18:00:00,2024-08-20,18:00:00,2.7077,Tuesday,18,8,Summer,0
10023456784,2024-08-20 19:00:00,2024-08-20,19:00:00,2.3425,Tuesday,19,8,Summer,0
10023456784,2024-08-20 20:00:00,2024-08-20,20:00:00,2.7064,Tuesday,20,8,Summer,0
10023456784,2024-08-20 21:00:00,2024-08-20,21:00:00,1.9516,Tuesday,21,8,Summer,0
10023456784,2024-08-20 22:00:00,2024-08-20,22:00:00,1.2677,Tuesday,22,8,Summer,0
10023456784,2024-08-20 23:00:00,2024-08-20,23:00:00,2.8283,Tuesday,23,8,Summer,1
10023456784,2024-08-21 00:00:00,2024-08-21,00:00:00,0.5637,Wednesday,0,8,Summer,0
10023456784,2024-08-21 01:00:00,2024-08-21,01:00:00,0.4649,Wednesday,1,8,Summer,0
10023456784,2024-08-21 02:00:00,2024-08-21,02:00:00,0.4377,Wednesday,2,8,Summer,0
10023456784,2024-08-21 03:00:00,2024-08-21,03:00:00,0.3734,Wednesday,3,8,Summer,0
10023456784,2024-08-21 04:00:00,2024-08-21,04:00:00,0.4616,Wednesday,4,8,Summer,0
10023456784,2024-08-21 05:00:00,2024-08-21,05:00:00,0.7108,Wednesday,5,8,Summer,0
10023456784,2024-08-21 06:00:00,2024-08-21,06:00:00,1.0976,Wednesday,6,8,Summer,0
10023456784,2024-08-21 07:00:00,2024-08-21,07:00:00,1.5428,Wednesday,7,8,Summer,0
10023456784,2024-08-21 08:00:00,2024-08-21,08:00:00,1.7471,Wednesday,8,8,Summer,0
10023456784,2024-08-21 09:00:00,2024-08-21,09:00:00,1.5815,Wednesday,9,8,Summer,0
10023456784,2024-08-21 10:00:00,2024-08-21,10:00:00,1.1208,Wednesday,10,8,Summer,0
10023456784,2024-08-21 11:00:00,2024-08-21,11:00:00,0.8864,Wednesday,11,8,Summer,0
10023456784,2024-08-21 12:00:00,2024-08-21,12:00:00,1.0141,Wednesday,12,8,Summer,0
10023456784,2024-08-21 13:00:00,2024-08-21,13:00:00,0.9498,Wednesday,13,8,Summer,0
10023456784,2024-08-21 14:00:00,2024-08-21,14:00:00,1.0982,Wednesday,14,8,Summer,0
10023456784,2024-08-21 15:00:00,2024-08-21,15:00:00,1.1849,Wednesday,15,8,Summer,0
10023456784,2024-08-21 16:00:00,2024-08-21,16:00:00,1.3953,Wednesday,16,8,Summer,0
10023456784,2024-08-21 17:00:00,2024-08-21,17:00:00,1.6540,Wednesday,17,8,Summer,0
10023456784,2024-08-21 18:00:00,2024-08-21,18:00:00,2.0486,Wednesday,18,8,Summer,0
10023456784,2024-08-21 19:00:00,2024-08-21,19:00:00,2.5334,Wednesday,19,8,Summer,0
10023456784,2024-08-21 20:00:00,2024-08-21,20:00:00,2.5725,Wednesday,20,8,Summer,0
10023456784,2024-08-21 21:00:00,2024-08-21,21:00:00,2.3721,Wednesday,21,8,Summer,0
10023456784,2024-08-21 22:00:00,2024-08-21,22:00:00,1.5369,Wednesday,22,8,Summer,0
10023456784,2024-08-21 23:00:00,2024-08-21,23:00:00,1.0219,Wednesday,23,8,Summer,0
10023456784,2024-08-22 00:00:00,2024-08-22,00:00:00,0.5023,Thursday,0,8,Summer,0
10023456784,2024-08-22 01:00:00,2024-08-22,01:00:00,0.4384,Thursday,1,8,Summer,0
10023456784,2024-08-22 02:00:00,2024-08-22,02:00:00,0.4207,Thursday,2,8,Summer,0
10023456784,2024-08-22 03:00:00,2024-08-22,03:00:00,0.3435,Thursday,3,8,Summer,0
10023456784,2024-08-22 04:00:00,2024-08-22,04:00:00,0.4309,Thursday,4,8,Summer,0
10023456784,2024-08-22 05:00:00,2024-08-22,05:00:00,0.7230,Thursday,5,8,Summer,0
10023456784,2024-08-22 06:00:00,2024-08-22,06:00:00,1.2311,Thursday,6,8,Summer,0
10023456784,2024-08-22 07:00:00,2024-08-22,07:00:00,1.5330,Thursday,7,8,Summer,0
10023456784,2024-08-22 08:00:00,2024-08-22,08:00:00,1.9305,Thursday,8,8,Summer,0
10023456784,2024-08-22 09:00:00,2024-08-22,09:00:00,1.4545,Thursday,9,8,Summer,0
10023456784,2024-08-22 10:00:00,2024-08-22,10:00:00,1.1811,Thursday,10,8,Summer,0
10023456784,2024-08-22 11:00:00,2024-08-22,11:00:00,0.9524,Thursday,11,8,Summer,0
10023456784,2024-08-22 12:00:00,2024-08-22,12:00:00,2.4880,Thursday,12,8,Summer,1
10023456784,2024-08-22 13:00:00,2024-08-22,13:00:00,2.1967,Thursday,13,8,Summer,1
10023456784,2024-08-22 14:00:00,2024-08-22,14:00:00,2.3055,Thursday,14,8,Summer,1
10023456784,2024-08-22 15:00:00,2024-08-22,15:00:00,1.3282,Thursday,15,8,Summer,0
10023456784,2024-08-22 16:00:00,2024-08-22,16:00:00,1.5017,Thursday,16,8,Summer,0
10023456784,2024-08-22 17:00:00,2024-08-22,17:00:00,1.6789,Thursday,17,8,Summer,0
10023456784,2024-08-22 18:00:00,2024-08-22,18:00:00,2.3416,Thursday,18,8,Summer,0
10023456784,2024-08-22 19:00:00,2024-08-22,19:00:00,2.6939,Thursday,19,8,Summer,0
10023456784,2024-08-22 20:00:00,2024-08-22,20:00:00,0.2625,Thursday,20,8,Summer,1
10023456784,2024-08-22 21:00:00,2024-08-22,21:00:00,1.9246,Thursday,21,8,Summer,0
10023456784,2024-08-22 22:00:00,2024-08-22,22:00:00,1.5305,Thursday,22,8,Summer,0
10023456784,2024-08-22 23:00:00,2024-08-22,23:00:00,0.8198,Thursday,23,8,Summer,0
10023456784,2024-08-23 00:00:00,2024-08-23,00:00:00,0.4398,Friday,0,8,Summer,0
10023456784,2024-08-23 01:00:00,2024-08-23,01:00:00,0.3947,Friday,1,8,Summer,0
10023456784,2024-08-23 02:00:00,2024-08-23,02:00:00,0.3580,Friday,2,8,Summer,0
10023456784,2024-08-23 03:00:00,2024-08-23,03:00:00,0.2913,Friday,3,8,Summer,0
10023456784,2024-08-23 04:00:00,2024-08-23,04:00:00,0.3675,Friday,4,8,Summer,0
10023456784,2024-08-23 05:00:00,2024-08-23,05:00:00,0.5845,Friday,5,8,Summer,0
10023456784,2024-08-23 06:00:00,2024-08-23,06:00:00,1.0165,Friday,6,8,Summer,0
10023456784,2024-08-23 07:00:00,2024-08-23,07:00:00,1.4319,Friday,7,8,Summer,0
10023456784,2024-08-23 08:00:00,2024-08-23,08:00:00,1.5775,Friday,8,8,Summer,0
10023456784,2024-08-23 09:00:00,2024-08-23,09:00:00,1.4492,Friday,9,8,Summer,0
10023456784,2024-08-23 10:00:00,2024-08-23,10:00:00,0.9808,Friday,10,8,Summer,0
10023456784,2024-08-23 11:00:00,2024-08-23,11:00:00,0.8509,Friday,11,8,Summer,0
10023456784,2024-08-23 12:00:00,2024-08-23,12:00:00,0.7965,Friday,12,8,Summer,0
10023456784,2024-08-23 13:00:00,2024-08-23,13:00:00,1.0950,Friday,13,8,Summer,0
10023456784,2024-08-23 14:00:00,2024-08-23,14:00:00,0.8949,Friday,14,8,Summer,0
10023456784,2024-08-23 15:00:00,2024-08-23,15:00:00,1.0049,Friday,15,8,Summer,0
10023456784,2024-08-23 16:00:00,2024-08-23,16:00:00,1.0603,Friday,16,8,Summer,0
10023456784,2024-08-23 17:00:00,2024-08-23,17:00:00,1.4094,Friday,17,8,Summer,0
10023456784,2024-08-23 18:00:00,2024-08-23,18:00:00,1.8866,Friday,18,8,Summer,0
10023456784,2024-08-23 19:00:00,2024-08-23,19:00:00,1.8167,Friday,19,8,Summer,0
10023456784,2024-08-23 20:00:00,2024-08-23,20:00:00,1.8261,Friday,20,8,Summer,0
10023456784,2024-08-23 21:00:00,2024-08-23,21:00:00,2.1763,Friday,21,8,Summer,0
10023456784,2024-08-23 22:00:00,2024-08-23,22:00:00,1.1518,Friday,22,8,Summer,0
10023456784,2024-08-23 23:00:00,2024-08-23,23:00:00,0.7728,Friday,23,8,Summer,0
10023456784,2024-08-24 00:00:00,2024-08-24,00:00:00,0.5503,Saturday,0,8,Summer,0
10023456784,2024-08-24 01:00:00,2024-08-24,01:00:00,0.4156,Saturday,1,8,Summer,0
10023456784,2024-08-24 02:00:00,2024-08-24,02:00:00,0.3975,Saturday,2,8,Summer,0
10023456784,2024-08-24 03:00:00,2024-08-24,03:00:00,0.4622,Saturday,3,8,Summer,0
10023456784,2024-08-24 04:00:00,2024-08-24,04:00:00,0.3950,Saturday,4,8,Summer,0
10023456784,2024-08-24 05:00:00,2024-08-24,05:00:00,0.6552,Saturday,5,8,Summer,0
10023456784,2024-08-24 06:00:00,2024-08-24,06:00:00,0.8541,Saturday,6,8,Summer,0
10023456784,2024-08-24 07:00:00,2024-08-24,07:00:00,1.4234,Saturday,7,8,Summer,0
10023456784,2024-08-24 08:00:00,2024-08-24,08:00:00,1.7193,Saturday,8,8,Summer,0
10023456784,2024-08-24 09:00:00,2024-08-24,09:00:00,1.7388,Saturday,9,8,Summer,0
10023456784,2024-08-24 10:00:00,2024-08-24,10:00:00,1.5403,Saturday,10,8,Summer,0
10023456784,2024-08-24 11:00:00,2024-08-24,11:00:00,1.7548,Saturday,11,8,Summer,0
10023456784,2024-08-24 12:00:00,2024-08-24,12:00:00,1.4459,Saturday,12,8,Summer,0
10023456784,2024-08-24 13:00:00,2024-08-24,13:00:00,1.5283,Saturday,13,8,Summer,0
10023456784,2024-08-24 14:00:00,2024-08-24,14:00:00,1.5149,Saturday,14,8,Summer,0
10023456784,2024-08-24 15:00:00,2024-08-24,15:00:00,1.3578,Saturday,15,8,Summer,0
10023456784,2024-08-24 16:00:00,2024-08-24,16:00:00,4.8397,Saturday,16,8,Summer,1
10023456784,2024-08-24 17:00:00,2024-08-24,17:00:00,1.8479,Saturday,17,8,Summer,0
10023456784,2024-08-24 18:00:00,2024-08-24,18:00:00,2.1340,Saturday,18,8,Summer,0
10023456784,2024-08-24 19:00:00,2024-08-24,19:00:00,2.1233,Saturday,19,8,Summer,0
10023456784,2024-08-24 20:00:00,2024-08-24,20:00:00,2.2318,Saturday,20,8,Summer,0
10023456784,2024-08-24 21:00:00,2024-08-24,21:00:00,2.0055,Saturday,21,8,Summer,0
10023456784,2024-08-24 22:00:00,2024-08-24,22:00:00,1.2710,Saturday,22,8,Summer,0
10023456784,2024-08-24 23:00:00,2024-08-24,23:00:00,1.1904,Saturday,23,8,Summer,0
10023456784,2024-08-25 00:00:00,2024-08-25,00:00:00,0.7082,Sunday,0,8,Summer,0
10023456784,2024-08-25 01:00:00,2024-08-25,01:00:00,0.6886,Sunday,1,8,Summer,0
10023456784,2024-08-25 02:00:00,2024-08-25,02:00:00,0.5854,Sunday,2,8,Summer,0
10023456784,2024-08-25 03:00:00,2024-08-25,03:00:00,0.5144,Sunday,3,8,Summer,0
10023456784,2024-08-25 04:00:00,2024-08-25,04:00:00,0.5860,Sunday,4,8,Summer,0
10023456784,2024-08-25 05:00:00,2024-08-25,05:00:00,0.6170,Sunday,5,8,Summer,0
10023456784,2024-08-25 06:00:00,2024-08-25,06:00:00,1.2797,Sunday,6,8,Summer,0
10023456784,2024-08-25 07:00:00,2024-08-25,07:00:00,1.6562,Sunday,7,8,Summer,0
10023456784,2024-08-25 08:00:00,2024-08-25,08:00:00,2.5575,Sunday,8,8,Summer,0
10023456784,2024-08-25 09:00:00,2024-08-25,09:00:00,2.9588,Sunday,9,8,Summer,0
10023456784,2024-08-25 10:00:00,2024-08-25,10:00:00,2.3061,Sunday,10,8,Summer,0
10023456784,2024-08-25 11:00:00,2024-08-25,11:00:00,1.6936,Sunday,11,8,Summer,0
10023456784,2024-08-25 12:00:00,2024-08-25,12:00:00,2.1843,Sunday,12,8,Summer,0
10023456784,2024-08-25 13:00:00,2024-08-25,13:00:00,2.4660,Sunday,13,8,Summer,0
10023456784,2024-08-25 14:00:00,2024-08-25,14:00:00,1.6775,Sunday,14,8,Summer,0
10023456784,2024-08-25 15:00:00,2024-08-25,15:00:00,1.9678,Sunday,15,8,Summer,0
10023456784,2024-08-25 16:00:00,2024-08-25,16:00:00,2.3376,Sunday,16,8,Summer,0
10023456784,2024-08-25 17:00:00,2024-08-25,17:00:00,2.1800,Sunday,17,8,Summer,0
10023456784,2024-08-25 18:00:00,2024-08-25,18:00:00,3.0987,Sunday,18,8,Summer,0
10023456784,2024-08-25 19:00:00,2024-08-25,19:00:00,2.8008,Sunday,19,8,Summer,0
10023456784,2024-08-25 20:00:00,2024-08-25,20:00:00,2.9397,Sunday,20,8,Summer,0
10023456784,2024-08-25 21:00:00,2024-08-25,21:00:00,2.9680,Sunday,21,8,Summer,0
10023456784,2024-08-25 22:00:00,2024-08-25,22:00:00,2.3302,Sunday,22,8,Summer,0
10023456784,2024-08-25 23:00:00,2024-08-25,23:00:00,1.5836,Sunday,23,8,Summer,0
10023456784,2024-08-26 00:00:00,2024-08-26,00:00:00,0.5431,Monday,0,8,Summer,0
10023456784,2024-08-26 01:00:00,2024-08-26,01:00:00,0.5495,Monday,1,8,Summer,0
10023456784,2024-08-26 02:00:00,2024-08-26,02:00:00,0.3373,Monday,2,8,Summer,0
10023456784,2024-08-26 03:00:00,2024-08-26,03:00:00,0.4517,Monday,3,8,Summer,0
10023456784,2024-08-26 04:00:00,2024-08-26,04:00:00,0.5163,Monday,4,8,Summer,0
10023456784,2024-08-26 05:00:00,2024-08-26,05:00:00,0.6918,Monday,5,8,Summer,0
10023456784,2024-08-26 06:00:00,2024-08-26,06:00:00,1.3325,Monday,6,8,Summer,0
10023456784,2024-08-26 07:00:00,2024-08-26,07:00:00,11.3084,Monday,7,8,Summer,1
10023456784,2024-08-26 08:00:00,2024-08-26,08:00:00,2.2983,Monday,8,8,Summer,0
10023456784,2024-08-26 09:00:00,2024-08-26,09:00:00,1.6111,Monday,9,8,Summer,0
10023456784,2024-08-26 10:00:00,2024-08-26,10:00:00,1.2487,Monday,10,8,Summer,0
10023456784,2024-08-26 11:00:00,2024-08-26,11:00:00,1.1966,Monday,11,8,Summer,0
10023456784,2024-08-26 12:00:00,2024-08-26,12:00:00,1.1211,Monday,12,8,Summer,0
10023456784,2024-08-26 13:00:00,2024-08-26,13:00:00,1.1966,Monday,13,8,Summer,0
10023456784,2024-08-26 14:00:00,2024-08-26,14:00:00,1.3814,Monday,14,8,Summer,0
10023456784,2024-08-26 15:00:00,2024-08-26,15:00:00,1.3749,Monday,15,8,Summer,0
10023456784,2024-08-26 16:00:00,2024-08-26,16:00:00,1.4821,Monday,16,8,Summer,0
10023456784,2024-08-26 17:00:00,2024-08-26,17:00:00,1.7520,Monday,17,8,Summer,0
10023456784,2024-08-26 18:00:00,2024-08-26,18:00:00,2.6185,Monday,18,8,Summer,0
10023456784,2024-08-26 19:00:00,2024-08-26,19:00:00,2.4471,Monday,19,8,Summer,0
10023456784,2024-08-26 20:00:00,2024-08-26,20:00:00,2.0725,Monday,20,8,Summer,0
10023456784,2024-08-26 21:00:00,2024-08-26,21:00:00,2.4695,Monday,21,8,Summer,0
10023456784,2024-08-26 22:00:00,2024-08-26,22:00:00,1.4740,Monday,22,8,Summer,0
10023456784,2024-08-26 23:00:00,2024-08-26,23:00:00,0.8302,Monday,23,8,Summer,0
10023456784,2024-08-27 00:00:00,2024-08-27,00:00:00,0.4678,Tuesday,0,8,Summer,0
10023456784,2024-08-27 01:00:00,2024-08-27,01:00:00,0.4641,Tuesday,1,8,Summer,0
10023456784,2024-08-27 02:00:00,2024-08-27,02:00:00,0.3351,Tuesday,2,8,Summer,0
10023456784,2024-08-27 03:00:00,2024-08-27,03:00:00,0.4222,Tuesday,3,8,Summer,0
10023456784,2024-08-27 04:00:00,2024-08-27,04:00:00,0.4139,Tuesday,4,8,Summer,0
10023456784,2024-08-27 05:00:00,2024-08-27,05:00:00,0.5923,Tuesday,5,8,Summer,0
10023456784,2024-08-27 06:00:00,2024-08-27,06:00:00,0.9625,Tuesday,6,8,Summer,0
10023456784,2024-08-27 07:00:00,2024-08-27,07:00:00,1.4668,Tuesday,7,8,Summer,0
10023456784,2024-08-27 08:00:00,2024-08-27,08:00:00,1.9139,Tuesday,8,8,Summer,0
10023456784,2024-08-27 09:00:00,2024-08-27,09:00:00,1.6031,Tuesday,9,8,Summer,0
10023456784,2024-08-27 10:00:00,2024-08-27,10:00:00,1.3375,Tuesday,10,8,Summer,0
10023456784,2024-08-27 11:00:00,2024-08-27,11:00:00,1.1243,Tuesday,11,8,Summer,0
10023456784,2024-08-27 12:00:00,2024-08-27,12:00:00,1.1115,Tuesday,12,8,Summer,0
10023456784,2024-08-27 13:00:00,2024-08-27,13:00:00,1.0918,Tuesday,13,8,Summer,0
10023456784,2024-08-27 14:00:00,2024-08-27,14:00:00,1.0938,Tuesday,14,8,Summer,0
10023456784,2024-08-27 15:00:00,2024-08-27,15:00:00,2.5712,Tuesday,15,8,Summer,1
10023456784,2024-08-27 16:00:00,2024-08-27,16:00:00,3.1464,Tuesday,16,8,Summer,1
10023456784,2024-08-27 17:00:00,2024-08-27,17:00:00,3.1475,Tuesday,17,8,Summer,1
10023456784,2024-08-27 18:00:00,2024-08-27,18:00:00,4.4411,Tuesday,18,8,Summer,1
10023456784,2024-08-27 19:00:00,2024-08-27,19:00:00,5.3422,Tuesday,19,8,Summer,1
10023456784,2024-08-27 20:00:00,2024-08-27,20:00:00,3.0015,Tuesday,20,8,Summer,0
10023456784,2024-08-27 21:00:00,2024-08-27,21:00:00,2.1485,Tuesday,21,8,Summer,0
10023456784,2024-08-27 22:00:00,2024-08-27,22:00:00,1.6215,Tuesday,22,8,Summer,0
10023456784,2024-08-27 23:00:00,2024-08-27,23:00:00,0.8331,Tuesday,23,8,Summer,0
10023456784,2024-08-28 00:00:00,2024-08-28,00:00:00,0.6611,Wednesday,0,8,Summer,0
10023456784,2024-08-28 01:00:00,2024-08-28,01:00:00,0.5904,Wednesday,1,8,Summer,0
10023456784,2024-08-28 02:00:00,2024-08-28,02:00:00,0.5721,Wednesday,2,8,Summer,0
10023456784,2024-08-28 03:00:00,2024-08-28,03:00:00,0.4078,Wednesday,3,8,Summer,0
10023456784,2024-08-28 04:00:00,2024-08-28,04:00:00,0.4261,Wednesday,4,8,Summer,0
10023456784,2024-08-28 05:00:00,2024-08-28,05:00:00,0.6877,Wednesday,5,8,Summer,0
10023456784,2024-08-28 06:00:00,2024-08-28,06:00:00,1.2328,Wednesday,6,8,Summer,0
10023456784,2024-08-28 07:00:00,2024-08-28,07:00:00,1.7672,Wednesday,7,8,Summer,0
10023456784,2024-08-28 08:00:00,2024-08-28,08:00:00,2.8480,Wednesday,8,8,Summer,0
10023456784,2024-08-28 09:00:00,2024-08-28,09:00:00,1.8789,Wednesday,9,8,Summer,0
10023456784,2024-08-28 10:00:00,2024-08-28,10:00:00,1.6024,Wednesday,10,8,Summer,0
10023456784,2024-08-28 11:00:00,2024-08-28,11:00:00,1.2784,Wednesday,11,8,Summer,0
10023456784,2024-08-28 12:00:00,2024-08-28,12:00:00,1.3768,Wednesday,12,8,Summer,0
10023456784,2024-08-28 13:00:00,2024-08-28,13:00:00,1.3607,Wednesday,13,8,Summer,0
10023456784,2024-08-28 14:00:00,2024-08-28,14:00:00,1.4882,Wednesday,14,8,Summer,0
10023456784,2024-08-28 15:00:00,2024-08-28,15:00:00,1.2535,Wednesday,15,8,Summer,0
10023456784,2024-08-28 16:00:00,2024-08-28,16:00:00,1.9913,Wednesday,16,8,Summer,0
10023456784,2024-08-28 17:00:00,2024-08-28,17:00:00,2.0371,Wednesday,17,8,Summer,0
10023456784,2024-08-28 18:00:00,2024-08-28,18:00:00,3.6959,Wednesday,18,8,Summer,0
10023456784,2024-08-28 19:00:00,2024-08-28,19:00:00,3.0900,Wednesday,19,8,Summer,0
10023456784,2024-08-28 20:00:00,2024-08-28,20:00:00,3.7251,Wednesday,20,8,Summer,0
10023456784,2024-08-28 21:00:00,2024-08-28,21:00:00,2.8655,Wednesday,21,8,Summer,0
10023456784,2024-08-28 22:00:00,2024-08-28,22:00:00,1.9327,Wednesday,22,8,Summer,0
10023456784,2024-08-28 23:00:00,2024-08-28,23:00:00,1.0441,Wednesday,23,8,Summer,0
10023456784,2024-08-29 00:00:00,2024-08-29,00:00:00,0.7653,Thursday,0,8,Summer,0
10023456784,2024-08-29 01:00:00,2024-08-29,01:00:00,0.5284,Thursday,1,8,Summer,0
10023456784,2024-08-29 02:00:00,2024-08-29,02:00:00,0.5832,Thursday,2,8,Summer,0
10023456784,2024-08-29 03:00:00,2024-08-29,03:00:00,0.5457,Thursday,3,8,Summer,0
10023456784,2024-08-29 04:00:00,2024-08-29,04:00:00,0.6385,Thursday,4,8,Summer,0
10023456784,2024-08-29 05:00:00,2024-08-29,05:00:00,2.0868,Thursday,5,8,Summer,1
10023456784,2024-08-29 06:00:00,2024-08-29,06:00:00,1.6087,Thursday,6,8,Summer,0
10023456784,2024-08-29 07:00:00,2024-08-29,07:00:00,2.4915,Thursday,7,8,Summer,0
10023456784,2024-08-29 08:00:00,2024-08-29,08:00:00,2.4607,Thursday,8,8,Summer,0
10023456784,2024-08-29 09:00:00,2024-08-29,09:00:00,2.0983,Thursday,9,8,Summer,0
10023456784,2024-08-29 10:00:00,2024-08-29,10:00:00,1.8573,Thursday,10,8,Summer,0
10023456784,2024-08-29 11:00:00,2024-08-29,11:00:00,1.2342,Thursday,11,8,Summer,0
10023456784,2024-08-29 12:00:00,2024-08-29,12:00:00,1.3813,Thursday,12,8,Summer,0
10023456784,2024-08-29 13:00:00,2024-08-29,13:00:00,1.5064,Thursday,13,8,Summer,0
10023456784,2024-08-29 14:00:00,2024-08-29,14:00:00,1.4882,Thursday,14,8,Summer,0
10023456784,2024-08-29 15:00:00,2024-08-29,15:00:00,1.9431,Thursday,15,8,Summer,0
10023456784,2024-08-29 16:00:00,2024-08-29,16:00:00,1.9536,Thursday,16,8,Summer,0
10023456784,2024-08-29 17:00:00,2024-08-29,17:00:00,1.8945,Thursday,17,8,Summer,0
10023456784,2024-08-29 18:00:00,2024-08-29,18:00:00,2.9094,Thursday,18,8,Summer,0
10023456784,2024-08-29 19:00:00,2024-08-29,19:00:00,3.3733,Thursday,19,8,Summer,0
10023456784,2024-08-29 20:00:00,2024-08-29,20:00:00,3.4064,Thursday,20,8,Summer,0
10023456784,2024-08-29 21:00:00,2024-08-29,21:00:00,3.0756,Thursday,21,8,Summer,0
10023456784,2024-08-29 22:00:00,2024-08-29,22:00:00,2.3344,Thursday,22,8,Summer,0
10023456784,2024-08-29 23:00:00,2024-08-29,23:00:00,1.1351,Thursday,23,8,Summer,0
10023456784,2024-08-30 00:00:00,2024-08-30,00:00:00,0.4311,Friday,0,8,Summer,0
10023456784,2024-08-30 01:00:00,2024-08-30,01:00:00,0.5068,Friday,1,8,Summer,0
10023456784,2024-08-30 02:00:00,2024-08-30,02:00:00,0.3870,Friday,2,8,Summer,0
10023456784,2024-08-30 03:00:00,2024-08-30,03:00:00,0.4194,Friday,3,8,Summer,0
10023456784,2024-08-30 04:00:00,2024-08-30,04:00:00,0.6219,Friday,4,8,Summer,0
10023456784,2024-08-30 05:00:00,2024-08-30,05:00:00,0.6944,Friday,5,8,Summer,0
10023456784,2024-08-30 06:00:00,2024-08-30,06:00:00,1.2220,Friday,6,8,Summer,0
10023456784,2024-08-30 07:00:00,2024-08-30,07:00:00,1.8567,Friday,7,8,Summer,0
10023456784,2024-08-30 08:00:00,2024-08-30,08:00:00,1.9806,Friday,8,8,Summer,0
10023456784,2024-08-30 09:00:00,2024-08-30,09:00:00,1.9425,Friday,9,8,Summer,0
10023456784,2024-08-30 10:00:00,2024-08-30,10:00:00,1.4099,Friday,10,8,Summer,0
10023456784,2024-08-30 11:00:00,2024-08-30,11:00:00,1.1398,Friday,11,8,Summer,0
10023456784,2024-08-30 12:00:00,2024-08-30,12:00:00,1.0573,Friday,12,8,Summer,0
10023456784,2024-08-30 13:00:00,2024-08-30,13:00:00,1.9176,Friday,13,8,Summer,0
10023456784,2024-08-30 14:00:00,2024-08-30,14:00:00,1.3570,Friday,14,8,Summer,0
10023456784,2024-08-30 15:00:00,2024-08-30,15:00:00,1.4999,Friday,15,8,Summer,0
10023456784,2024-08-30 16:00:00,2024-08-30,16:00:00,1.3459,Friday,16,8,Summer,0
10023456784,2024-08-30 17:00:00,2024-08-30,17:00:00,2.2927,Friday,17,8,Summer,0
10023456784,2024-08-30 18:00:00,2024-08-30,18:00:00,2.6534,Friday,18,8,Summer,0
10023456784,2024-08-30 19:00:00,2024-08-30,19:00:00,2.8344,Friday,19,8,Summer,0
10023456784,2024-08-30 20:00:00,2024-08-30,20:00:00,3.4789,Friday,20,8,Summer,0
10023456784,2024-08-30 21:00:00,2024-08-30,21:00:00,2.1880,Friday,21,8,Summer,0
10023456784,2024-08-30 22:00:00,2024-08-30,22:00:00,1.5023,Friday,22,8,Summer,0
10023456784,2024-08-30 23:00:00,2024-08-30,23:00:00,1.1441,Friday,23,8,Summer,0
10023456784,2024-08-31 00:00:00,2024-08-31,00:00:00,0.6163,Saturday,0,8,Summer,0
10023456784,2024-08-31 01:00:00,2024-08-31,01:00:00,0.5425,Saturday,1,8,Summer,0
10023456784,2024-08-31 02:00:00,2024-08-31,02:00:00,0.4667,Saturday,2,8,Summer,0
10023456784,2024-08-31 03:00:00,2024-08-31,03:00:00,1.9855,Saturday,3,8,Summer,1
10023456784,2024-08-31 04:00:00,2024-08-31,04:00:00,0.4753,Saturday,4,8,Summer,0
10023456784,2024-08-31 05:00:00,2024-08-31,05:00:00,0.5625,Saturday,5,8,Summer,0
10023456784,2024-08-31 06:00:00,2024-08-31,06:00:00,0.9005,Saturday,6,8,Summer,0
10023456784,2024-08-31 07:00:00,2024-08-31,07:00:00,1.6147,Saturday,7,8,Summer,0
10023456784,2024-08-31 08:00:00,2024-08-31,08:00:00,1.5917,Saturday,8,8,Summer,0
10023456784,2024-08-31 09:00:00,2024-08-31,09:00:00,1.8211,Saturday,9,8,Summer,0
10023456784,2024-08-31 10:00:00,2024-08-31,10:00:00,1.7543,Saturday,10,8,Summer,0
10023456784,2024-08-31 11:00:00,2024-08-31,11:00:00,1.9787,Saturday,11,8,Summer,0
10023456784,2024-08-31 12:00:00,2024-08-31,12:00:00,1.2804,Saturday,12,8,Summer,0
10023456784,2024-08-31 13:00:00,2024-08-31,13:00:00,1.2752,Saturday,13,8,Summer,0
10023456784,2024-08-31 14:00:00,2024-08-31,14:00:00,1.5318,Saturday,14,8,Summer,0
10023456784,2024-08-31 15:00:00,2024-08-31,15:00:00,1.6352,Saturday,15,8,Summer,0
10023456784,2024-08-31 16:00:00,2024-08-31,16:00:00,1.5443,Saturday,16,8,Summer,0
10023456784,2024-08-31 17:00:00,2024-08-31,17:00:00,1.9734,Saturday,17,8,Summer,0
10023456784,2024-08-31 18:00:00,2024-08-31,18:00:00,2.3319,Saturday,18,8,Summer,0
10023456784,2024-08-31 19:00:00,2024-08-31,19:00:00,2.4783,Saturday,19,8,Summer,0
10023456784,2024-08-31 20:00:00,2024-08-31,20:00:00,2.1561,Saturday,20,8,Summer,0
10023456784,2024-08-31 21:00:00,2024-08-31,21:00:00,2.4532,Saturday,21,8,Summer,0
10023456784,2024-08-31 22:00:00,2024-08-31,22:00:00,1.6816,Saturday,22,8,Summer,0
10023456784,2024-08-31 23:00:00,2024-08-31,23:00:00,1.1553,Saturday,23,8,Summer,0
10023456784,2024-09-01 00:00:00,2024-09-01,00:00:00,0.6545,Sunday,0,9,Autumn,0
10023456784,2024-09-01 01:00:00,2024-09-01,01:00:00,0.4603,Sunday,1,9,Autumn,0
10023456784,2024-09-01 02:00:00,2024-09-01,02:00:00,0.4659,Sunday,2,9,Autumn,0
10023456784,2024-09-01 03:00:00,2024-09-01,03:00:00,0.4757,Sunday,3,9,Autumn,0
10023456784,2024-09-01 04:00:00,2024-09-01,04:00:00,0.5130,Sunday,4,9,Autumn,0
10023456784,2024-09-01 05:00:00,2024-09-01,05:00:00,0.5358,Sunday,5,9,Autumn,0
10023456784,2024-09-01 06:00:00,2024-09-01,06:00:00,0.9089,Sunday,6,9,Autumn,0
10023456784,2024-09-01 07:00:00,2024-09-01,07:00:00,1.1160,Sunday,7,9,Autumn,0
10023456784,2024-09-01 08:00:00,2024-09-01,08:00:00,1.6348,Sunday,8,9,Autumn,0
10023456784,2024-09-01 09:00:00,2024-09-01,09:00:00,2.0727,Sunday,9,9,Autumn,0
10023456784,2024-09-01 10:00:00,2024-09-01,10:00:00,1.6667,Sunday,10,9,Autumn,0
10023456784,2024-09-01 11:00:00,2024-09-01,11:00:00,1.6156,Sunday,11,9,Autumn,0
10023456784,2024-09-01 12:00:00,2024-09-01,12:00:00,1.5763,Sunday,12,9,Autumn,0
10023456784,2024-09-01 13:00:00,2024-09-01,13:00:00,1.3268,Sunday,13,9,Autumn,0
10023456784,2024-09-01 14:00:00,2024-09-01,14:00:00,1.3339,Sunday,14,9,Autumn,0
10023456784,2024-09-01 15:00:00,2024-09-01,15:00:00,1.3125,Sunday,15,9,Autumn,0
10023456784,2024-09-01 16:00:00,2024-09-01,16:00:00,1.8591,Sunday,16,9,Autumn,0
10023456784,2024-09-01 17:00:00,2024-09-01,17:00:00,4.7726,Sunday,17,9,Autumn,1
10023456784,2024-09-01 18:00:00,2024-09-01,18:00:00,2.5633,Sunday,18,9,Autumn,0
10023456784,2024-09-01 19:00:00,2024-09-01,19:00:00,2.5814,Sunday,19,9,Autumn,0
10023456784,2024-09-01 20:00:00,2024-09-01,20:00:00,1.9473,Sunday,20,9,Autumn,0
10023456784,2024-09-01 21:00:00,2024-09-01,21:00:00,2.3964,Sunday,21,9,Autumn,0
10023456784,2024-09-01 22:00:00,2024-09-01,22:00:00,1.8580,Sunday,22,9,Autumn,0
10023456784,2024-09-01 23:00:00,2024-09-01,23:00:00,1.0468,Sunday,23,9,Autumn,0
10023456784,2024-09-02 00:00:00,2024-09-02,00:00:00,0.6360,Monday,0,9,Autumn,0
10023456784,2024-09-02 01:00:00,2024-09-02,01:00:00,0.4303,Monday,1,9,Autumn,0
10023456784,2024-09-02 02:00:00,2024-09-02,02:00:00,0.4378,Monday,2,9,Autumn,0
10023456784,2024-09-02 03:00:00,2024-09-02,03:00:00,0.4101,Monday,3,9,Autumn,0
10023456784,2024-09-02 04:00:00,2024-09-02,04:00:00,0.5011,Monday,4,9,Autumn,0
10023456784,2024-09-02 05:00:00,2024-09-02,05:00:00,0.7314,Monday,5,9,Autumn,0
10023456784,2024-09-02 06:00:00,2024-09-02,06:00:00,1.6138,Monday,6,9,Autumn,0
10023456784,2024-09-02 07:00:00,2024-09-02,07:00:00,1.5818,Monday,7,9,Autumn,0
10023456784,2024-09-02 08:00:00,2024-09-02,08:00:00,2.0132,Monday,8,9,Autumn,0
10023456784,2024-09-02 09:00:00,2024-09-02,09:00:00,1.9898,Monday,9,9,Autumn,0
10023456784,2024-09-02 10:00:00,2024-09-02,10:00:00,1.0731,Monday,10,9,Autumn,0
10023456784,2024-09-02 11:00:00,2024-09-02,11:00:00,1.1519,Monday,11,9,Autumn,0
10023456784,2024-09-02 12:00:00,2024-09-02,12:00:00,1.1071,Monday,12,9,Autumn,0
10023456784,2024-09-02 13:00:00,2024-09-02,13:00:00,1.2556,Monday,13,9,Autumn,0
10023456784,2024-09-02 14:00:00,2024-09-02,14:00:00,1.3564,Monday,14,9,Autumn,0
10023456784,2024-09-02 15:00:00,2024-09-02,15:00:00,1.3503,Monday,15,9,Autumn,0
10023456784,2024-09-02 16:00:00,2024-09-02,16:00:00,1.5032,Monday,16,9,Autumn,0
10023456784,2024-09-02 17:00:00,2024-09-02,17:00:00,1.7949,Monday,17,9,Autumn,0
10023456784,2024-09-02 18:00:00,2024-09-02,18:00:00,2.5512,Monday,18,9,Autumn,0
10023456784,2024-09-02 19:00:00,2024-09-02,19:00:00,2.8235,Monday,19,9,Autumn,0
10023456784,2024-09-02 20:00:00,2024-09-02,20:00:00,2.4411,Monday,20,9,Autumn,0
10023456784,2024-09-02 21:00:00,2024-09-02,21:00:00,2.1189,Monday,21,9,Autumn,0
10023456784,2024-09-02 22:00:00,2024-09-02,22:00:00,1.5448,Monday,22,9,Autumn,0
10023456784,2024-09-02 23:00:00,2024-09-02,23:00:00,0.9315,Monday,23,9,Autumn,0
10023456784,2024-09-03 00:00:00,2024-09-03,00:00:00,0.4020,Tuesday,0,9,Autumn,0
10023456784,2024-09-03 01:00:00,2024-09-03,01:00:00,0.4631,Tuesday,1,9,Autumn,0
10023456784,2024-09-03 02:00:00,2024-09-03,02:00:00,0.3965,Tuesday,2,9,Autumn,0
10023456784,2024-09-03 03:00:00,2024-09-03,03:00:00,0.3134,Tuesday,3,9,Autumn,0
10023456784,2024-09-03 04:00:00,2024-09-03,04:00:00,0.4079,Tuesday,4,9,Autumn,0
10023456784,2024-09-03 05:00:00,2024-09-03,05:00:00,0.6413,Tuesday,5,9,Autumn,0
10023456784,2024-09-03 06:00:00,2024-09-03,06:00:00,1.3610,Tuesday,6,9,Autumn,0
10023456784,2024-09-03 07:00:00,2024-09-03,07:00:00,1.6014,Tuesday,7,9,Autumn,0
10023456784,2024-09-03 08:00:00,2024-09-03,08:00:00,1.7954,Tuesday,8,9,Autumn,0
10023456784,2024-09-03 09:00:00,2024-09-03,09:00:00,1.6495,Tuesday,9,9,Autumn,0
10023456784,2024-09-03 10:00:00,2024-09-03,10:00:00,1.4660,Tuesday,10,9,Autumn,0
10023456784,2024-09-03 11:00:00,2024-09-03,11:00:00,1.2361,Tuesday,11,9,Autumn,0
10023456784,2024-09-03 12:00:00,2024-09-03,12:00:00,0.9708,Tuesday,12,9,Autumn,0
10023456784,2024-09-03 13:00:00,2024-09-03,13:00:00,1.0345,Tuesday,13,9,Autumn,0
10023456784,2024-09-03 14:00:00,2024-09-03,14:00:00,1.0417,Tuesday,14,9,Autumn,0
10023456784,2024-09-03 15:00:00,2024-09-03,15:00:00,1.1328,Tuesday,15,9,Autumn,0
10023456784,2024-09-03 16:00:00,2024-09-03,16:00:00,1.2421,Tuesday,16,9,Autumn,0
10023456784,2024-09-03 17:00:00,2024-09-03,17:00:00,1.6359,Tuesday,17,9,Autumn,0
10023456784,2024-09-03 18:00:00,2024-09-03,18:00:00,2.2329,Tuesday,18,9,Autumn,0
10023456784,2024-09-03 19:00:00,2024-09-03,19:00:00,2.1506,Tuesday,19,9,Autumn,0
10023456784,2024-09-03 20:00:00,2024-09-03,20:00:00,2.3100,Tuesday,20,9,Autumn,0
10023456784,2024-09-03 21:00:00,2024-09-03,21:00:00,1.8056,Tuesday,21,9,Autumn,0
10023456784,2024-09-03 22:00:00,2024-09-03,22:00:00,1.4479,Tuesday,22,9,Autumn,0
10023456784,2024-09-03 23:00:00,2024-09-03,23:00:00,0.9638,Tuesday,23,9,Autumn,0
10023456784,2024-09-04 00:00:00,2024-09-04,00:00:00,0.4918,Wednesday,0,9,Autumn,0
10023456784,2024-09-04 01:00:00,2024-09-04,01:00:00,0.3855,Wednesday,1,9,Autumn,0
10023456784,2024-09-04 02:00:00,2024-09-04,02:00:00,0.3941,Wednesday,2,9,Autumn,0
10023456784,2024-09-04 03:00:00,2024-09-04,03:00:00,0.4129,Wednesday,3,9,Autumn,0
10023456784,2024-09-04 04:00:00,2024-09-04,04:00:00,0.3741,Wednesday,4,9,Autumn,0
10023456784,2024-09-04 05:00:00,2024-09-04,05:00:00,0.6063,Wednesday,5,9,Autumn,0
10023456784,2024-09-04 06:00:00,2024-09-04,06:00:00,1.0780,Wednesday,6,9,Autumn,0
10023456784,2024-09-04 07:00:00,2024-09-04,07:00:00,1.3195,Wednesday,7,9,Autumn,0
10023456784,2024-09-04 08:00:00,2024-09-04,08:00:00,1.4822,Wednesday,8,9,Autumn,0
10023456784,2024-09-04 09:00:00,2024-09-04,09:00:00,1.4336,Wednesday,9,9,Autumn,0
10023456784,2024-09-04 10:00:00,2024-09-04,10:00:00,1.0422,Wednesday,10,9,Autumn,0
10023456784,2024-09-04 11:00:00,2024-09-04,11:00:00,0.8057,Wednesday,11,9,Autumn,0
10023456784,2024-09-04 12:00:00,2024-09-04,12:00:00,0.9086,Wednesday,12,9,Autumn,0
10023456784,2024-09-04 13:00:00,2024-09-04,13:00:00,1.0558,Wednesday,13,9,Autumn,0
10023456784,2024-09-04 14:00:00,2024-09-04,14:00:00,1.0315,Wednesday,14,9,Autumn,0
10023456784,2024-09-04 15:00:00,2024-09-04,15:00:00,0.9893,Wednesday,15,9,Autumn,0
10023456784,2024-09-04 16:00:00,2024-09-04,16:00:00,1.2517,Wednesday,16,9,Autumn,0
10023456784,2024-09-04 17:00:00,2024-09-04,17:00:00,1.6177,Wednesday,17,9,Autumn,0
10023456784,2024-09-04 18:00:00,2024-09-04,18:00:00,1.8114,Wednesday,18,9,Autumn,0
10023456784,2024-09-04 19:00:00,2024-09-04,19:00:00,2.7788,Wednesday,19,9,Autumn,0
10023456784,2024-09-04 20:00:00,2024-09-04,20:00:00,5.5828,Wednesday,20,9,Autumn,1
10023456784,2024-09-04 21:00:00,2024-09-04,21:00:00,1.7314,Wednesday,21,9,Autumn,0
10023456784,2024-09-04 22:00:00,2024-09-04,22:00:00,1.1977,Wednesday,22,9,Autumn,0
10023456784,2024-09-04 23:00:00,2024-09-04,23:00:00,0.6318,Wednesday,23,9,Autumn,0
10023456784,2024-09-05 00:00:00,2024-09-05,00:00:00,0.6722,Thursday,0,9,Autumn,0
10023456784,2024-09-05 01:00:00,2024-09-05,01:00:00,0.4593,Thursday,1,9,Autumn,0
10023456784,2024-09-05 02:00:00,2024-09-05,02:00:00,0.3625,Thursday,2,9,Autumn,0
10023456784,2024-09-05 03:00:00,2024-09-05,03:00:00,0.5324,Thursday,3,9,Autumn,0
10023456784,2024-09-05 04:00:00,2024-09-05,04:00:00,0.5360,Thursday,4,9,Autumn,0
10023456784,2024-09-05 05:00:00,2024-09-05,05:00:00,0.7491,Thursday,5,9,Autumn,0
10023456784,2024-09-05 06:00:00,2024-09-05,06:00:00,1.1476,Thursday,6,9,Autumn,0
10023456784,2024-09-05 07:00:00,2024-09-05,07:00:00,1.6830,Thursday,7,9,Autumn,0
10023456784,2024-09-05 08:00:00,2024-09-05,08:00:00,2.0086,Thursday,8,9,Autumn,0
10023456784,2024-09-05 09:00:00,2024-09-05,09:00:00,1.8492,Thursday,9,9,Autumn,0
10023456784,2024-09-05 10:00:00,2024-09-05,10:00:00,1.2680,Thursday,10,9,Autumn,0
10023456784,2024-09-05 11:00:00,2024-09-05,11:00:00,1.1950,Thursday,11,9,Autumn,0
10023456784,2024-09-05 12:00:00,2024-09-05,12:00:00,1.0122,Thursday,12,9,Autumn,0
10023456784,2024-09-05 13:00:00,2024-09-05,13:00:00,1.3519,Thursday,13,9,Autumn,0
10023456784,2024-09-05 14:00:00,2024-09-05,14:00:00,1.4188,Thursday,14,9,Autumn,0
10023456784,2024-09-05 15:00:00,2024-09-05,15:00:00,1.3906,Thursday,15,9,Autumn,0
10023456784,2024-09-05 16:00:00,2024-09-05,16:00:00,1.5329,Thursday,16,9,Autumn,0
10023456784,2024-09-05 17:00:00,2024-09-05,17:00:00,1.7890,Thursday,17,9,Autumn,0
10023456784,2024-09-05 18:00:00,2024-09-05,18:00:00,2.1633,Thursday,18,9,Autumn,0
10023456784,2024-09-05 19:00:00,2024-09-05,19:00:00,2.8683,Thursday,19,9,Autumn,0
10023456784,2024-09-05 20:00:00,2024-09-05,20:00:00,2.4568,Thursday,20,9,Autumn,0
10023456784,2024-09-05 21:00:00,2024-09-05,21:00:00,1.8360,Thursday,21,9,Autumn,0
10023456784,2024-09-05 22:00:00,2024-09-05,22:00:00,1.4097,Thursday,22,9,Autumn,0
10023456784,2024-09-05 23:00:00,2024-09-05,23:00:00,0.8704,Thursday,23,9,Autumn,0
10023456784,2024-09-06 00:00:00,2024-09-06,00:00:00,0.5798,Friday,0,9,Autumn,0
10023456784,2024-09-06 01:00:00,2024-09-06,01:00:00,0.4282,Friday,1,9,Autumn,0
10023456784,2024-09-06 02:00:00,2024-09-06,02:00:00,0.3112,Friday,2,9,Autumn,0
10023456784,2024-09-06 03:00:00,2024-09-06,03:00:00,0.3553,Friday,3,9,Autumn,0
10023456784,2024-09-06 04:00:00,2024-09-06,04:00:00,0.3320,Friday,4,9,Autumn,0
10023456784,2024-09-06 05:00:00,2024-09-06,05:00:00,0.6125,Friday,5,9,Autumn,0
10023456784,2024-09-06 06:00:00,2024-09-06,06:00:00,1.1857,Friday,6,9,Autumn,0
10023456784,2024-09-06 07:00:00,2024-09-06,07:00:00,1.8200,Friday,7,9,Autumn,0
10023456784,2024-09-06 08:00:00,2024-09-06,08:00:00,1.4856,Friday,8,9,Autumn,0
10023456784,2024-09-06 09:00:00,2024-09-06,09:00:00,1.2597,Friday,9,9,Autumn,0
10023456784,2024-09-06 10:00:00,2024-09-06,10:00:00,1.0814,Friday,10,9,Autumn,0
10023456784,2024-09-06 11:00:00,2024-09-06,11:00:00,1.1234,Friday,11,9,Autumn,0
10023456784,2024-09-06 12:00:00,2024-09-06,12:00:00,1.0713,Friday,12,9,Autumn,0
10023456784,2024-09-06 13:00:00,2024-09-06,13:00:00,1.0502,Friday,13,9,Autumn,0
10023456784,2024-09-06 14:00:00,2024-09-06,14:00:00,0.9968,Friday,14,9,Autumn,0
10023456784,2024-09-06 15:00:00,2024-09-06,15:00:00,1.3528,Friday,15,9,Autumn,0
10023456784,2024-09-06 16:00:00,2024-09-06,16:00:00,1.3410,Friday,16,9,Autumn,0
10023456784,2024-09-06 17:00:00,2024-09-06,17:00:00,1.8002,Friday,17,9,Autumn,0
10023456784,2024-09-06 18:00:00,2024-09-06,18:00:00,1.7206,Friday,18,9,Autumn,0
10023456784,2024-09-06 19:00:00,2024-09-06,19:00:00,2.7228,Friday,19,9,Autumn,0
10023456784,2024-09-06 20:00:00,2024-09-06,20:00:00,2.4222,Friday,20,9,Autumn,0
10023456784,2024-09-06 21:00:00,2024-09-06,21:00:00,1.9539,Friday,21,9,Autumn,0
10023456784,2024-09-06 22:00:00,2024-09-06,22:00:00,1.4503,Friday,22,9,Autumn,0
10023456784,2024-09-06 23:00:00,2024-09-06,23:00:00,0.7384,Friday,23,9,Autumn,0
10023456784,2024-09-07 00:00:00,2024-09-07,00:00:00,0.6575,Saturday,0,9,Autumn,0
10023456784,2024-09-07 01:00:00,2024-09-07,01:00:00,0.4348,Saturday,1,9,Autumn,0
10023456784,2024-09-07 02:00:00,2024-09-07,02:00:00,0.3851,Saturday,2,9,Autumn,0
10023456784,2024-09-07 03:00:00,2024-09-07,03:00:00,0.4829,Saturday,3,9,Autumn,0
10023456784,2024-09-07 04:00:00,2024-09-07,04:00:00,0.4616,Saturday,4,9,Autumn,0
10023456784,2024-09-07 05:00:00,2024-09-07,05:00:00,0.4492,Saturday,5,9,Autumn,0
10023456784,2024-09-07 06:00:00,2024-09-07,06:00:00,0.8278,Saturday,6,9,Autumn,0
10023456784,2024-09-07 07:00:00,2024-09-07,07:00:00,1.2760,Saturday,7,9,Autumn,0
10023456784,2024-09-07 08:00:00,2024-09-07,08:00:00,1.8242,Saturday,8,9,Autumn,0
10023456784,2024-09-07 09:00:00,2024-09-07,09:00:00,2.3437,Saturday,9,9,Autumn,0
10023456784,2024-09-07 10:00:00,2024-09-07,10:00:00,1.9236,Saturday,10,9,Autumn,0
10023456784,2024-09-07 11:00:00,2024-09-07,11:00:00,1.5185,Saturday,11,9,Autumn,0
10023456784,2024-09-07 12:00:00,2024-09-07,12:00:00,1.7930,Saturday,12,9,Autumn,0
10023456784,2024-09-07 13:00:00,2024-09-07,13:00:00,1.3751,Saturday,13,9,Autumn,0
10023456784,2024-09-07 14:00:00,2024-09-07,14:00:00,1.3987,Saturday,14,9,Autumn,0
10023456784,2024-09-07 15:00:00,2024-09-07,15:00:00,1.5648,Saturday,15,9,Autumn,0
10023456784,2024-09-07 16:00:00,2024-09-07,16:00:00,1.6984,Saturday,16,9,Autumn,0
10023456784,2024-09-07 17:00:00,2024-09-07,17:00:00,1.8211,Saturday,17,9,Autumn,0
10023456784,2024-09-07 18:00:00,2024-09-07,18:00:00,2.6921,Saturday,18,9,Autumn,0
10023456784,2024-09-07 19:00:00,2024-09-07,19:00:00,2.7361,Saturday,19,9,Autumn,0
10023456784,2024-09-07 20:00:00,2024-09-07,20:00:00,3.0196,Saturday,20,9,Autumn,0
10023456784,2024-09-07 21:00:00,2024-09-07,21:00:00,2.4128,Saturday,21,9,Autumn,0
10023456784,2024-09-07 22:00:00,2024-09-07,22:00:00,1.9652,Saturday,22,9,Autumn,0
10023456784,2024-09-07 23:00:00,2024-09-07,23:00:00,1.0769,Saturday,23,9,Autumn,0
10023456784,2024-09-08 00:00:00,2024-09-08,00:00:00,0.6165,Sunday,0,9,Autumn,0
10023456784,2024-09-08 01:00:00,2024-09-08,01:00:00,0.4417,Sunday,1,9,Autumn,0
10023456784,2024-09-08 02:00:00,2024-09-08,02:00:00,0.3963,Sunday,2,9,Autumn,0
10023456784,2024-09-08 03:00:00,2024-09-08,03:00:00,0.4133,Sunday,3,9,Autumn,0
10023456784,2024-09-08 04:00:00,2024-09-08,04:00:00,0.5231,Sunday,4,9,Autumn,0
10023456784,2024-09-08 05:00:00,2024-09-08,05:00:00,0.5213,Sunday,5,9,Autumn,0
10023456784,2024-09-08 06:00:00,2024-09-08,06:00:00,0.7850,Sunday,6,9,Autumn,0
10023456784,2024-09-08 07:00:00,2024-09-08,07:00:00,1.2862,Sunday,7,9,Autumn,0
10023456784,2024-09-08 08:00:00,2024-09-08,08:00:00,1.8434,Sunday,8,9,Autumn,0
10023456784,2024-09-08 09:00:00,2024-09-08,09:00:00,1.5242,Sunday,9,9,Autumn,0
10023456784,2024-09-08 10:00:00,2024-09-08,10:00:00,1.8403,Sunday,10,9,Autumn,0
10023456784,2024-09-08 11:00:00,2024-09-08,11:00:00,1.3592,Sunday,11,9,Autumn,0
10023456784,2024-09-08 12:00:00,2024-09-08,12:00:00,1.3657,Sunday,12,9,Autumn,0
10023456784,2024-09-08 13:00:00,2024-09-08,13:00:00,1.2740,Sunday,13,9,Autumn,0
10023456784,2024-09-08 14:00:00,2024-09-08,14:00:00,1.2002,Sunday,14,9,Autumn,0
10023456784,2024-09-08 15:00:00,2024-09-08,15:00:00,1.2052,Sunday,15,9,Autumn,0
10023456784,2024-09-08 16:00:00,2024-09-08,16:00:00,1.6654,Sunday,16,9,Autumn,0
10023456784,2024-09-08 17:00:00,2024-09-08,17:00:00,2.2832,Sunday,17,9,Autumn,0
10023456784,2024-09-08 18:00:00,2024-09-08,18:00:00,1.8637,Sunday,18,9,Autumn,0
10023456784,2024-09-08 19:00:00,2024-09-08,19:00:00,2.3819,Sunday,19,9,Autumn,0
10023456784,2024-09-08 20:00:00,2024-09-08,20:00:00,2.7364,Sunday,20,9,Autumn,0
10023456784,2024-09-08 21:00:00,2024-09-08,21:00:00,1.7869,Sunday,21,9,Autumn,0
10023456784,2024-09-08 22:00:00,2024-09-08,22:00:00,1.7832,Sunday,22,9,Autumn,0
10023456784,2024-09-08 23:00:00,2024-09-08,23:00:00,1.1273,Sunday,23,9,Autumn,0
10023456784,2024-09-09 00:00:00,2024-09-09,00:00:00,0.5037,Monday,0,9,Autumn,0
10023456784,2024-09-09 01:00:00,2024-09-09,01:00:00,0.4753,Monday,1,9,Autumn,0
10023456784,2024-09-09 02:00:00,2024-09-09,02:00:00,0.5610,Monday,2,9,Autumn,0
10023456784,2024-09-09 03:00:00,2024-09-09,03:00:00,0.4401,Monday,3,9,Autumn,0
10023456784,2024-09-09 04:00:00,2024-09-09,04:00:00,0.6040,Monday,4,9,Autumn,0
10023456784,2024-09-09 05:00:00,2024-09-09,05:00:00,0.6103,Monday,5,9,Autumn,0
10023456784,2024-09-09 06:00:00,2024-09-09,06:00:00,1.3420,Monday,6,9,Autumn,0
10023456784,2024-09-09 07:00:00,2024-09-09,07:00:00,1.7974,Monday,7,9,Autumn,0
10023456784,2024-09-09 08:00:00,2024-09-09,08:00:00,1.8205,Monday,8,9,Autumn,0
10023456784,2024-09-09 09:00:00,2024-09-09,09:00:00,1.7580,Monday,9,9,Autumn,0
10023456784,2024-09-09 10:00:00,2024-09-09,10:00:00,1.4685,Monday,10,9,Autumn,0
10023456784,2024-09-09 11:00:00,2024-09-09,11:00:00,1.0428,Monday,11,9,Autumn,0
10023456784,2024-09-09 12:00:00,2024-09-09,12:00:00,1.0807,Monday,12,9,Autumn,0
10023456784,2024-09-09 13:00:00,2024-09-09,13:00:00,1.2358,Monday,13,9,Autumn,0
10023456784,2024-09-09 14:00:00,2024-09-09,14:00:00,1.4059,Monday,14,9,Autumn,0
10023456784,2024-09-09 15:00:00,2024-09-09,15:00:00,1.4020,Monday,15,9,Autumn,0
10023456784,2024-09-09 16:00:00,2024-09-09,16:00:00,1.3626,Monday,16,9,Autumn,0
10023456784,2024-09-09 17:00:00,2024-09-09,17:00:00,1.8011,Monday,17,9,Autumn,0
10023456784,2024-09-09 18:00:00,2024-09-09,18:00:00,2.5185,Monday,18,9,Autumn,0
10023456784,2024-09-09 19:00:00,2024-09-09,19:00:00,3.0375,Monday,19,9,Autumn,0
10023456784,2024-09-09 20:00:00,2024-09-09,20:00:00,2.5175,Monday,20,9,Autumn,0
10023456784,2024-09-09 21:00:00,2024-09-09,21:00:00,2.6971,Monday,21,9,Autumn,0
10023456784,2024-09-09 22:00:00,2024-09-09,22:00:00,1.5038,Monday,22,9,Autumn,0
10023456784,2024-09-09 23:00:00,2024-09-09,23:00:00,0.9928,Monday,23,9,Autumn,0
10023456784,2024-09-10 00:00:00,2024-09-10,00:00:00,0.4954,Tuesday,0,9,Autumn,0
10023456784,2024-09-10 01:00:00,2024-09-10,01:00:00,0.4555,Tuesday,1,9,Autumn,0
10023456784,2024-09-10 02:00:00,2024-09-10,02:00:00,0.4109,Tuesday,2,9,Autumn,0
10023456784,2024-09-10 03:00:00,2024-09-10,03:00:00,0.4890,Tuesday,3,9,Autumn,0
10023456784,2024-09-10 04:00:00,2024-09-10,04:00:00,0.4608,Tuesday,4,9,Autumn,0
10023456784,2024-09-10 05:00:00,2024-09-10,05:00:00,0.6481,Tuesday,5,9,Autumn,0
10023456784,2024-09-10 06:00:00,2024-09-10,06:00:00,0.9865,Tuesday,6,9,Autumn,0
10023456784,2024-09-10 07:00:00,2024-09-10,07:00:00,1.6468,Tuesday,7,9,Autumn,0
10023456784,2024-09-10 08:00:00,2024-09-10,08:00:00,1.7327,Tuesday,8,9,Autumn,0
10023456784,2024-09-10 09:00:00,2024-09-10,09:00:00,1.3769,Tuesday,9,9,Autumn,0
10023456784,2024-09-10 10:00:00,2024-09-10,10:00:00,0.9965,Tuesday,10,9,Autumn,0
10023456784,2024-09-10 11:00:00,2024-09-10,11:00:00,1.1614,Tuesday,11,9,Autumn,0
10023456784,2024-09-10 12:00:00,2024-09-10,12:00:00,1.2033,Tuesday,12,9,Autumn,0
10023456784,2024-09-10 13:00:00,2024-09-10,13:00:00,1.0882,Tuesday,13,9,Autumn,0
10023456784,2024-09-10 14:00:00,2024-09-10,14:00:00,1.3241,Tuesday,14,9,Autumn,0
10023456784,2024-09-10 15:00:00,2024-09-10,15:00:00,1.0819,Tuesday,15,9,Autumn,0
10023456784,2024-09-10 16:00:00,2024-09-10,16:00:00,1.1909,Tuesday,16,9,Autumn,0
10023456784,2024-09-10 17:00:00,2024-09-10,17:00:00,1.4794,Tuesday,17,9,Autumn,0
10023456784,2024-09-10 18:00:00,2024-09-10,18:00:00,2.1287,Tuesday,18,9,Autumn,0
10023456784,2024-09-10 19:00:00,2024-09-10,19:00:00,2.5939,Tuesday,19,9,Autumn,0
10023456784,2024-09-10 20:00:00,2024-09-10,20:00:00,2.2868,Tuesday,20,9,Autumn,0
10023456784,2024-09-10 21:00:00,2024-09-10,21:00:00,1.8711,Tuesday,21,9,Autumn,0
10023456784,2024-09-10 22:00:00,2024-09-10,22:00:00,1.3057,Tuesday,22,9,Autumn,0
10023456784,2024-09-10 23:00:00,2024-09-10,23:00:00,0.9098,Tuesday,23,9,Autumn,0
10023456784,2024-09-11 00:00:00,2024-09-11,00:00:00,0.6453,Wednesday,0,9,Autumn,0
10023456784,2024-09-11 01:00:00,2024-09-11,01:00:00,0.5034,Wednesday,1,9,Autumn,0
10023456784,2024-09-11 02:00:00,2024-09-11,02:00:00,0.4944,Wednesday,2,9,Autumn,0
10023456784,2024-09-11 03:00:00,2024-09-11,03:00:00,0.5579,Wednesday,3,9,Autumn,0
10023456784,2024-09-11 04:00:00,2024-09-11,04:00:00,0.5593,Wednesday,4,9,Autumn,0
10023456784,2024-09-11 05:00:00,2024-09-11,05:00:00,0.9177,Wednesday,5,9,Autumn,0
10023456784,2024-09-11 06:00:00,2024-09-11,06:00:00,1.3586,Wednesday,6,9,Autumn,0
10023456784,2024-09-11 07:00:00,2024-09-11,07:00:00,1.6625,Wednesday,7,9,Autumn,0
10023456784,2024-09-11 08:00:00,2024-09-11,08:00:00,2.1296,Wednesday,8,9,Autumn,0
10023456784,2024-09-11 09:00:00,2024-09-11,09:00:00,1.8376,Wednesday,9,9,Autumn,0
10023456784,2024-09-11 10:00:00,2024-09-11,10:00:00,1.6703,Wednesday,10,9,Autumn,0
10023456784,2024-09-11 11:00:00,2024-09-11,11:00:00,1.0810,Wednesday,11,9,Autumn,0
10023456784,2024-09-11 12:00:00,2024-09-11,12:00:00,1.4304,Wednesday,12,9,Autumn,0
10023456784,2024-09-11 13:00:00,2024-09-11,13:00:00,1.2571,Wednesday,13,9,Autumn,0
10023456784,2024-09-11 14:00:00,2024-09-11,14:00:00,1.2685,Wednesday,14,9,Autumn,0
10023456784,2024-09-11 15:00:00,2024-09-11,15:00:00,1.6558,Wednesday,15,9,Autumn,0
10023456784,2024-09-11 16:00:00,2024-09-11,16:00:00,1.5624,Wednesday,16,9,Autumn,0
10023456784,2024-09-11 17:00:00,2024-09-11,17:00:00,2.3611,Wednesday,17,9,Autumn,0
10023456784,2024-09-11 18:00:00,2024-09-11,18:00:00,2.5020,Wednesday,18,9,Autumn,0
10023456784,2024-09-11 19:00:00,2024-09-11,19:00:00,2.4183,Wednesday,19,9,Autumn,0
10023456784,2024-09-11 20:00:00,2024-09-11,20:00:00,3.0661,Wednesday,20,9,Autumn,0
10023456784,2024-09-11 21:00:00,2024-09-11,21:00:00,2.3482,Wednesday,21,9,Autumn,0
10023456784,2024-09-11 22:00:00,2024-09-11,22:00:00,1.7283,Wednesday,22,9,Autumn,0
10023456784,2024-09-11 23:00:00,2024-09-11,23:00:00,1.4553,Wednesday,23,9,Autumn,0
10023456784,2024-09-12 00:00:00,2024-09-12,00:00:00,0.6137,Thursday,0,9,Autumn,0
10023456784,2024-09-12 01:00:00,2024-09-12,01:00:00,0.4564,Thursday,1,9,Autumn,0
10023456784,2024-09-12 02:00:00,2024-09-12,02:00:00,0.4535,Thursday,2,9,Autumn,0
10023456784,2024-09-12 03:00:00,2024-09-12,03:00:00,0.4647,Thursday,3,9,Autumn,0
10023456784,2024-09-12 04:00:00,2024-09-12,04:00:00,0.5360,Thursday,4,9,Autumn,0
10023456784,2024-09-12 05:00:00,2024-09-12,05:00:00,0.6658,Thursday,5,9,Autumn,0
10023456784,2024-09-12 06:00:00,2024-09-12,06:00:00,1.4926,Thursday,6,9,Autumn,0
10023456784,2024-09-12 07:00:00,2024-09-12,07:00:00,1.5648,Thursday,7,9,Autumn,0
10023456784,2024-09-12 08:00:00,2024-09-12,08:00:00,1.9015,Thursday,8,9,Autumn,0
10023456784,2024-09-12 09:00:00,2024-09-12,09:00:00,1.6647,Thursday,9,9,Autumn,0
10023456784,2024-09-12 10:00:00,2024-09-12,10:00:00,1.3997,Thursday,10,9,Autumn,0
10023456784,2024-09-12 11:00:00,2024-09-12,11:00:00,1.2447,Thursday,11,9,Autumn,0
10023456784,2024-09-12 12:00:00,2024-09-12,12:00:00,1.0680,Thursday,12,9,Autumn,0
10023456784,2024-09-12 13:00:00,2024-09-12,13:00:00,1.1462,Thursday,13,9,Autumn,0
10023456784,2024-09-12 14:00:00,2024-09-12,14:00:00,1.3511,Thursday,14,9,Autumn,0
10023456784,2024-09-12 15:00:00,2024-09-12,15:00:00,1.2614,Thursday,15,9,Autumn,0
10023456784,2024-09-12 16:00:00,2024-09-12,16:00:00,1.4103,Thursday,16,9,Autumn,0
10023456784,2024-09-12 17:00:00,2024-09-12,17:00:00,1.9101,Thursday,17,9,Autumn,0
10023456784,2024-09-12 18:00:00,2024-09-12,18:00:00,2.7931,Thursday,18,9,Autumn,0
10023456784,2024-09-12 19:00:00,2024-09-12,19:00:00,2.2985,Thursday,19,9,Autumn,0
10023456784,2024-09-12 20:00:00,2024-09-12,20:00:00,2.8188,Thursday,20,9,Autumn,0
10023456784,2024-09-12 21:00:00,2024-09-12,21:00:00,2.0105,Thursday,21,9,Autumn,0
10023456784,2024-09-12 22:00:00,2024-09-12,22:00:00,1.6494,Thursday,22,9,Autumn,0
10023456784,2024-09-12 23:00:00,2024-09-12,23:00:00,0.8176,Thursday,23,9,Autumn,0
10023456784,2024-09-13 00:00:00,2024-09-13,00:00:00,0.6178,Friday,0,9,Autumn,0
10023456784,2024-09-13 01:00:00,2024-09-13,01:00:00,0.4485,Friday,1,9,Autumn,0
10023456784,2024-09-13 02:00:00,2024-09-13,02:00:00,0.4695,Friday,2,9,Autumn,0
10023456784,2024-09-13 03:00:00,2024-09-13,03:00:00,0.5530,Friday,3,9,Autumn,0
10023456784,2024-09-13 04:00:00,2024-09-13,04:00:00,0.5473,Friday,4,9,Autumn,0
10023456784,2024-09-13 05:00:00,2024-09-13,05:00:00,0.8587,Friday,5,9,Autumn,0
10023456784,2024-09-13 06:00:00,2024-09-13,06:00:00,1.2816,Friday,6,9,Autumn,0
10023456784,2024-09-13 07:00:00,2024-09-13,07:00:00,4.6418,Friday,7,9,Autumn,1
10023456784,2024-09-13 08:00:00,2024-09-13,08:00:00,1.8328,Friday,8,9,Autumn,0
10023456784,2024-09-13 09:00:00,2024-09-13,09:00:00,1.5187,Friday,9,9,Autumn,0
10023456784,2024-09-13 10:00:00,2024-09-13,10:00:00,1.2396,Friday,10,9,Autumn,0
10023456784,2024-09-13 11:00:00,2024-09-13,11:00:00,1.1454,Friday,11,9,Autumn,0
10023456784,2024-09-13 12:00:00,2024-09-13,12:00:00,1.2222,Friday,12,9,Autumn,0
10023456784,2024-09-13 13:00:00,2024-09-13,13:00:00,1.4584,Friday,13,9,Autumn,0
10023456784,2024-09-13 14:00:00,2024-09-13,14:00:00,1.1958,Friday,14,9,Autumn,0
10023456784,2024-09-13 15:00:00,2024-09-13,15:00:00,1.2122,Friday,15,9,Autumn,0
10023456784,2024-09-13 16:00:00,2024-09-13,16:00:00,1.6595,Friday,16,9,Autumn,0
10023456784,2024-09-13 17:00:00,2024-09-13,17:00:00,2.2391,Friday,17,9,Autumn,0
10023456784,2024-09-13 18:00:00,2024-09-13,18:00:00,2.3230,Friday,18,9,Autumn,0
10023456784,2024-09-13 19:00:00,2024-09-13,19:00:00,2.6075,Friday,19,9,Autumn,0
10023456784,2024-09-13 20:00:00,2024-09-13,20:00:00,2.6551,Friday,20,9,Autumn,0
10023456784,2024-09-13 21:00:00,2024-09-13,21:00:00,2.4769,Friday,21,9,Autumn,0
10023456784,2024-09-13 22:00:00,2024-09-13,22:00:00,1.7957,Friday,22,9,Autumn,0
10023456784,2024-09-13 23:00:00,2024-09-13,23:00:00,1.1051,Friday,23,9,Autumn,0
10023456784,2024-09-14 00:00:00,2024-09-14,00:00:00,0.5447,Saturday,0,9,Autumn,0
10023456784,2024-09-14 01:00:00,2024-09-14,01:00:00,0.5370,Saturday,1,9,Autumn,0
10023456784,2024-09-14 02:00:00,2024-09-14,02:00:00,0.5119,Saturday,2,9,Autumn,0
10023456784,2024-09-14 03:00:00,2024-09-14,03:00:00,0.3511,Saturday,3,9,Autumn,0
10023456784,2024-09-14 04:00:00,2024-09-14,04:00:00,0.4405,Saturday,4,9,Autumn,0
10023456784,2024-09-14 05:00:00,2024-09-14,05:00:00,0.5610,Saturday,5,9,Autumn,0
10023456784,2024-09-14 06:00:00,2024-09-14,06:00:00,0.8281,Saturday,6,9,Autumn,0
10023456784,2024-09-14 07:00:00,2024-09-14,07:00:00,1.1622,Saturday,7,9,Autumn,0
10023456784,2024-09-14 08:00:00,2024-09-14,08:00:00,1.5709,Saturday,8,9,Autumn,0
10023456784,2024-09-14 09:00:00,2024-09-14,09:00:00,1.8828,Saturday,9,9,Autumn,0
10023456784,2024-09-14 10:00:00,2024-09-14,10:00:00,1.6325,Saturday,10,9,Autumn,0
10023456784,2024-09-14 11:00:00,2024-09-14,11:00:00,1.6508,Saturday,11,9,Autumn,0
10023456784,2024-09-14 12:00:00,2024-09-14,12:00:00,1.5697,Saturday,12,9,Autumn,0
10023456784,2024-09-14 13:00:00,2024-09-14,13:00:00,1.3087,Saturday,13,9,Autumn,0
10023456784,2024-09-14 14:00:00,2024-09-14,14:00:00,1.3886,Saturday,14,9,Autumn,0
10023456784,2024-09-14 15:00:00,2024-09-14,15:00:00,1.1905,Saturday,15,9,Autumn,0
10023456784,2024-09-14 16:00:00,2024-09-14,16:00:00,1.6442,Saturday,16,9,Autumn,0
10023456784,2024-09-14 17:00:00,2024-09-14,17:00:00,1.8683,Saturday,17,9,Autumn,0
10023456784,2024-09-14 18:00:00,2024-09-14,18:00:00,2.2711,Saturday,18,9,Autumn,0
10023456784,2024-09-14 19:00:00,2024-09-14,19:00:00,0.2218,Saturday,19,9,Autumn,1
10023456784,2024-09-14 20:00:00,2024-09-14,20:00:00,2.5633,Saturday,20,9,Autumn,0
10023456784,2024-09-14 21:00:00,2024-09-14,21:00:00,2.2623,Saturday,21,9,Autumn,0
10023456784,2024-09-14 22:00:00,2024-09-14,22:00:00,1.7638,Saturday,22,9,Autumn,0
10023456784,2024-09-14 23:00:00,2024-09-14,23:00:00,1.2148,Saturday,23,9,Autumn,0
10023456784,2024-09-15 00:00:00,2024-09-15,00:00:00,0.5645,Sunday,0,9,Autumn,0
10023456784,2024-09-15 01:00:00,2024-09-15,01:00:00,0.4501,Sunday,1,9,Autumn,0
10023456784,2024-09-15 02:00:00,2024-09-15,02:00:00,0.4296,Sunday,2,9,Autumn,0
10023456784,2024-09-15 03:00:00,2024-09-15,03:00:00,0.4204,Sunday,3,9,Autumn,0
10023456784,2024-09-15 04:00:00,2024-09-15,04:00:00,0.4003,Sunday,4,9,Autumn,0
10023456784,2024-09-15 05:00:00,2024-09-15,05:00:00,0.5108,Sunday,5,9,Autumn,0
10023456784,2024-09-15 06:00:00,2024-09-15,06:00:00,0.8318,Sunday,6,9,Autumn,0
10023456784,2024-09-15 07:00:00,2024-09-15,07:00:00,1.2024,Sunday,7,9,Autumn,0
10023456784,2024-09-15 08:00:00,2024-09-15,08:00:00,0.3089,Sunday,8,9,Autumn,1
10023456784,2024-09-15 09:00:00,2024-09-15,09:00:00,1.4971,Sunday,9,9,Autumn,0
10023456784,2024-09-15 10:00:00,2024-09-15,10:00:00,1.5944,Sunday,10,9,Autumn,0
10023456784,2024-09-15 11:00:00,2024-09-15,11:00:00,1.6468,Sunday,11,9,Autumn,0
10023456784,2024-09-15 12:00:00,2024-09-15,12:00:00,1.4444,Sunday,12,9,Autumn,0
10023456784,2024-09-15 13:00:00,2024-09-15,13:00:00,1.1521,Sunday,13,9,Autumn,0
10023456784,2024-09-15 14:00:00,2024-09-15,14:00:00,1.3173,Sunday,14,9,Autumn,0
10023456784,2024-09-15 15:00:00,2024-09-15,15:00:00,1.5177,Sunday,15,9,Autumn,0
10023456784,2024-09-15 16:00:00,2024-09-15,16:00:00,5.8696,Sunday,16,9,Autumn,1
10023456784,2024-09-15 17:00:00,2024-09-15,17:00:00,1.6221,Sunday,17,9,Autumn,0
10023456784,2024-09-15 18:00:00,2024-09-15,18:00:00,2.1425,Sunday,18,9,Autumn,0
10023456784,2024-09-15 19:00:00,2024-09-15,19:00:00,2.6548,Sunday,19,9,Autumn,0
10023456784,2024-09-15 20:00:00,2024-09-15,20:00:00,2.1519,Sunday,20,9,Autumn,0
10023456784,2024-09-15 21:00:00,2024-09-15,21:00:00,1.8079,Sunday,21,9,Autumn,0
10023456784,2024-09-15 22:00:00,2024-09-15,22:00:00,1.4158,Sunday,22,9,Autumn,0
10023456784,2024-09-15 23:00:00,2024-09-15,23:00:00,1.0979,Sunday,23,9,Autumn,0
10023456784,2024-09-16 00:00:00,2024-09-16,00:00:00,0.3831,Monday,0,9,Autumn,0
10023456784,2024-09-16 01:00:00,2024-09-16,01:00:00,0.3963,Monday,1,9,Autumn,0
10023456784,2024-09-16 02:00:00,2024-09-16,02:00:00,0.3230,Monday,2,9,Autumn,0
10023456784,2024-09-16 03:00:00,2024-09-16,03:00:00,0.3190,Monday,3,9,Autumn,0
10023456784,2024-09-16 04:00:00,2024-09-16,04:00:00,0.2998,Monday,4,9,Autumn,0
10023456784,2024-09-16 05:00:00,2024-09-16,05:00:00,2.3494,Monday,5,9,Autumn,1
10023456784,2024-09-16 06:00:00,2024-09-16,06:00:00,0.8102,Monday,6,9,Autumn,0
10023456784,2024-09-16 07:00:00,2024-09-16,07:00:00,1.2851,Monday,7,9,Autumn,0
10023456784,2024-09-16 08:00:00,2024-09-16,08:00:00,1.6132,Monday,8,9,Autumn,0
10023456784,2024-09-16 09:00:00,2024-09-16,09:00:00,1.1250,Monday,9,9,Autumn,0
10023456784,2024-09-16 10:00:00,2024-09-16,10:00:00,1.0171,Monday,10,9,Autumn,0
10023456784,2024-09-16 11:00:00,2024-09-16,11:00:00,0.9948,Monday,11,9,Autumn,0
10023456784,2024-09-16 12:00:00,2024-09-16,12:00:00,0.9036,Monday,12,9,Autumn,0
10023456784,2024-09-16 13:00:00,2024-09-16,13:00:00,0.9133,Monday,13,9,Autumn,0
10023456784,2024-09-16 14:00:00,2024-09-16,14:00:00,1.0201,Monday,14,9,Autumn,0
10023456784,2024-09-16 15:00:00,2024-09-16,15:00:00,1.0630,Monday,15,9,Autumn,0
10023456784,2024-09-16 16:00:00,2024-09-16,16:00:00,1.2249,Monday,16,9,Autumn,0
10023456784,2024-09-16 17:00:00,2024-09-16,17:00:00,1.7513,Monday,17,9,Autumn,0
10023456784,2024-09-16 18:00:00,2024-09-16,18:00:00,1.6986,Monday,18,9,Autumn,0
10023456784,2024-09-16 19:00:00,2024-09-16,19:00:00,2.2855,Monday,19,9,Autumn,0
10023456784,2024-09-16 20:00:00,2024-09-16,20:00:00,1.8124,Monday,20,9,Autumn,0
10023456784,2024-09-16 21:00:00,2024-09-16,21:00:00,1.7028,Monday,21,9,Autumn,0
10023456784,2024-09-16 22:00:00,2024-09-16,22:00:00,1.5846,Monday,22,9,Autumn,0
10023456784,2024-09-16 23:00:00,2024-09-16,23:00:00,0.8113,Monday,23,9,Autumn,0
10023456784,2024-09-17 00:00:00,2024-09-17,00:00:00,0.3605,Tuesday,0,9,Autumn,0
10023456784,2024-09-17 01:00:00,2024-09-17,01:00:00,1.4810,Tuesday,1,9,Autumn,1
10023456784,2024-09-17 02:00:00,2024-09-17,02:00:00,0.2074,Tuesday,2,9,Autumn,0
10023456784,2024-09-17 03:00:00,2024-09-17,03:00:00,0.2931,Tuesday,3,9,Autumn,0
10023456784,2024-09-17 04:00:00,2024-09-17,04:00:00,0.3368,Tuesday,4,9,Autumn,0
10023456784,2024-09-17 05:00:00,2024-09-17,05:00:00,0.5601,Tuesday,5,9,Autumn,0
10023456784,2024-09-17 06:00:00,2024-09-17,06:00:00,0.9370,Tuesday,6,9,Autumn,0
10023456784,2024-09-17 07:00:00,2024-09-17,07:00:00,1.1253,Tuesday,7,9,Autumn,0
10023456784,2024-09-17 08:00:00,2024-09-17,08:00:00,1.1191,Tuesday,8,9,Autumn,0
10023456784,2024-09-17 09:00:00,2024-09-17,09:00:00,1.1778,Tuesday,9,9,Autumn,0
10023456784,2024-09-17 10:00:00,2024-09-17,10:00:00,0.8051,Tuesday,10,9,Autumn,0
10023456784,2024-09-17 11:00:00,2024-09-17,11:00:00,0.8477,Tuesday,11,9,Autumn,0
10023456784,2024-09-17 12:00:00,2024-09-17,12:00:00,0.8048,Tuesday,12,9,Autumn,0
10023456784,2024-09-17 13:00:00,2024-09-17,13:00:00,0.8187,Tuesday,13,9,Autumn,0
10023456784,2024-09-17 14:00:00,2024-09-17,14:00:00,0.6906,Tuesday,14,9,Autumn,0
10023456784,2024-09-17 15:00:00,2024-09-17,15:00:00,0.7699,Tuesday,15,9,Autumn,0
10023456784,2024-09-17 16:00:00,2024-09-17,16:00:00,0.9631,Tuesday,16,9,Autumn,0
10023456784,2024-09-17 17:00:00,2024-09-17,17:00:00,1.3097,Tuesday,17,9,Autumn,0
10023456784,2024-09-17 18:00:00,2024-09-17,18:00:00,1.7046,Tuesday,18,9,Autumn,0
10023456784,2024-09-17 19:00:00,2024-09-17,19:00:00,1.9068,Tuesday,19,9,Autumn,0
10023456784,2024-09-17 20:00:00,2024-09-17,20:00:00,1.7968,Tuesday,20,9,Autumn,0
10023456784,2024-09-17 21:00:00,2024-09-17,21:00:00,1.5555,Tuesday,21,9,Autumn,0
10023456784,2024-09-17 22:00:00,2024-09-17,22:00:00,1.0968,Tuesday,22,9,Autumn,0
10023456784,2024-09-17 23:00:00,2024-09-17,23:00:00,0.7663,Tuesday,23,9,Autumn,0
10023456784,2024-09-18 00:00:00,2024-09-18,00:00:00,0.4226,Wednesday,0,9,Autumn,0
10023456784,2024-09-18 01:00:00,2024-09-18,01:00:00,0.3213,Wednesday,1,9,Autumn,0
10023456784,2024-09-18 02:00:00,2024-09-18,02:00:00,0.3124,Wednesday,2,9,Autumn,0
10023456784,2024-09-18 03:00:00,2024-09-18,03:00:00,0.3800,Wednesday,3,9,Autumn,0
10023456784,2024-09-18 04:00:00,2024-09-18,04:00:00,0.3263,Wednesday,4,9,Autumn,0
10023456784,2024-09-18 05:00:00,2024-09-18,05:00:00,0.5672,Wednesday,5,9,Autumn,0
10023456784,2024-09-18 06:00:00,2024-09-18,06:00:00,1.0764,Wednesday,6,9,Autumn,0
10023456784,2024-09-18 07:00:00,2024-09-18,07:00:00,1.2623,Wednesday,7,9,Autumn,0
10023456784,2024-09-18 08:00:00,2024-09-18,08:00:00,1.2260,Wednesday,8,9,Autumn,0
10023456784,2024-09-18 09:00:00,2024-09-18,09:00:00,1.1773,Wednesday,9,9,Autumn,0
10023456784,2024-09-18 10:00:00,2024-09-18,10:00:00,0.8224,Wednesday,10,9,Autumn,0
10023456784,2024-09-18 11:00:00,2024-09-18,11:00:00,0.9080,Wednesday,11,9,Autumn,0
10023456784,2024-09-18 12:00:00,2024-09-18,12:00:00,0.9145,Wednesday,12,9,Autumn,0
10023456784,2024-09-18 13:00:00,2024-09-18,13:00:00,0.8335,Wednesday,13,9,Autumn,0
10023456784,2024-09-18 14:00:00,2024-09-18,14:00:00,0.8302,Wednesday,14,9,Autumn,0
10023456784,2024-09-18 15:00:00,2024-09-18,15:00:00,1.0696,Wednesday,15,9,Autumn,0
10023456784,2024-09-18 16:00:00,2024-09-18,16:00:00,1.1972,Wednesday,16,9,Autumn,0
10023456784,2024-09-18 17:00:00,2024-09-18,17:00:00,1.5618,Wednesday,17,9,Autumn,0
10023456784,2024-09-18 18:00:00,2024-09-18,18:00:00,2.0608,Wednesday,18,9,Autumn,0
10023456784,2024-09-18 19:00:00,2024-09-18,19:00:00,2.0682,Wednesday,19,9,Autumn,0
10023456784,2024-09-18 20:00:00,2024-09-18,20:00:00,1.7469,Wednesday,20,9,Autumn,0
10023456784,2024-09-18 21:00:00,2024-09-18,21:00:00,1.6277,Wednesday,21,9,Autumn,0
10023456784,2024-09-18 22:00:00,2024-09-18,22:00:00,1.2522,Wednesday,22,9,Autumn,0
10023456784,2024-09-18 23:00:00,2024-09-18,23:00:00,0.6566,Wednesday,23,9,Autumn,0
10023456784,2024-09-19 00:00:00,2024-09-19,00:00:00,0.4834,Thursday,0,9,Autumn,0
10023456784,2024-09-19 01:00:00,2024-09-19,01:00:00,0.4699,Thursday,1,9,Autumn,0
10023456784,2024-09-19 02:00:00,2024-09-19,02:00:00,0.4831,Thursday,2,9,Autumn,0
10023456784,2024-09-19 03:00:00,2024-09-19,03:00:00,0.4090,Thursday,3,9,Autumn,0
10023456784,2024-09-19 04:00:00,2024-09-19,04:00:00,0.3716,Thursday,4,9,Autumn,0
10023456784,2024-09-19 05:00:00,2024-09-19,05:00:00,0.7099,Thursday,5,9,Autumn,0
10023456784,2024-09-19 06:00:00,2024-09-19,06:00:00,1.1293,Thursday,6,9,Autumn,0
10023456784,2024-09-19 07:00:00,2024-09-19,07:00:00,1.4190,Thursday,7,9,Autumn,0
10023456784,2024-09-19 08:00:00,2024-09-19,08:00:00,1.6635,Thursday,8,9,Autumn,0
10023456784,2024-09-19 09:00:00,2024-09-19,09:00:00,1.4004,Thursday,9,9,Autumn,0
10023456784,2024-09-19 10:00:00,2024-09-19,10:00:00,0.8711,Thursday,10,9,Autumn,0
10023456784,2024-09-19 11:00:00,2024-09-19,11:00:00,1.0435,Thursday,11,9,Autumn,0
10023456784,2024-09-19 12:00:00,2024-09-19,12:00:00,0.9804,Thursday,12,9,Autumn,0
10023456784,2024-09-19 13:00:00,2024-09-19,13:00:00,1.0360,Thursday,13,9,Autumn,0
10023456784,2024-09-19 14:00:00,2024-09-19,14:00:00,1.1866,Thursday,14,9,Autumn,0
10023456784,2024-09-19 15:00:00,2024-09-19,15:00:00,1.2482,Thursday,15,9,Autumn,0
10023456784,2024-09-19 16:00:00,2024-09-19,16:00:00,1.4160,Thursday,16,9,Autumn,0
10023456784,2024-09-19 17:00:00,2024-09-19,17:00:00,1.5543,Thursday,17,9,Autumn,0
10023456784,2024-09-19 18:00:00,2024-09-19,18:00:00,1.9159,Thursday,18,9,Autumn,0
10023456784,2024-09-19 19:00:00,2024-09-19,19:00:00,2.0862,Thursday,19,9,Autumn,0
10023456784,2024-09-19 20:00:00,2024-09-19,20:00:00,2.0669,Thursday,20,9,Autumn,0
10023456784,2024-09-19 21:00:00,2024-09-19,21:00:00,1.9913,Thursday,21,9,Autumn,0
10023456784,2024-09-19 22:00:00,2024-09-19,22:00:00,1.6869,Thursday,22,9,Autumn,0
10023456784,2024-09-19 23:00:00,2024-09-19,23:00:00,0.7972,Thursday,23,9,Autumn,0
10023456784,2024-09-20 00:00:00,2024-09-20,00:00:00,0.2574,Friday,0,9,Autumn,0
10023456784,2024-09-20 01:00:00,2024-09-20,01:00:00,0.3253,Friday,1,9,Autumn,0
10023456784,2024-09-20 02:00:00,2024-09-20,02:00:00,0.2917,Friday,2,9,Autumn,0
10023456784,2024-09-20 03:00:00,2024-09-20,03:00:00,0.3467,Friday,3,9,Autumn,0
10023456784,2024-09-20 04:00:00,2024-09-20,04:00:00,0.4375,Friday,4,9,Autumn,0
10023456784,2024-09-20 05:00:00,2024-09-20,05:00:00,0.4788,Friday,5,9,Autumn,0
10023456784,2024-09-20 06:00:00,2024-09-20,06:00:00,1.0688,Friday,6,9,Autumn,0
10023456784,2024-09-20 07:00:00,2024-09-20,07:00:00,0.9792,Friday,7,9,Autumn,0
10023456784,2024-09-20 08:00:00,2024-09-20,08:00:00,1.3199,Friday,8,9,Autumn,0
10023456784,2024-09-20 09:00:00,2024-09-20,09:00:00,1.0889,Friday,9,9,Autumn,0
10023456784,2024-09-20 10:00:00,2024-09-20,10:00:00,0.9076,Friday,10,9,Autumn,0
10023456784,2024-09-20 11:00:00,2024-09-20,11:00:00,0.8121,Friday,11,9,Autumn,0
10023456784,2024-09-20 12:00:00,2024-09-20,12:00:00,1.0055,Friday,12,9,Autumn,0
10023456784,2024-09-20 13:00:00,2024-09-20,13:00:00,0.0795,Friday,13,9,Autumn,1
10023456784,2024-09-20 14:00:00,2024-09-20,14:00:00,0.8729,Friday,14,9,Autumn,0
10023456784,2024-09-20 15:00:00,2024-09-20,15:00:00,0.9511,Friday,15,9,Autumn,0
10023456784,2024-09-20 16:00:00,2024-09-20,16:00:00,0.9236,Friday,16,9,Autumn,0
10023456784,2024-09-20 17:00:00,2024-09-20,17:00:00,7.6844,Friday,17,9,Autumn,1
10023456784,2024-09-20 18:00:00,2024-09-20,18:00:00,1.7015,Friday,18,9,Autumn,0
10023456784,2024-09-20 19:00:00,2024-09-20,19:00:00,1.6048,Friday,19,9,Autumn,0
10023456784,2024-09-20 20:00:00,2024-09-20,20:00:00,1.6173,Friday,20,9,Autumn,0
10023456784,2024-09-20 21:00:00,2024-09-20,21:00:00,1.5355,Friday,21,9,Autumn,0
10023456784,2024-09-20 22:00:00,2024-09-20,22:00:00,1.2835,Friday,22,9,Autumn,0
10023456784,2024-09-20 23:00:00,2024-09-20,23:00:00,0.5585,Friday,23,9,Autumn,0
10023456784,2024-09-21 00:00:00,2024-09-21,00:00:00,0.3563,Saturday,0,9,Autumn,0
10023456784,2024-09-21 01:00:00,2024-09-21,01:00:00,0.3618,Saturday,1,9,Autumn,0
10023456784,2024-09-21 02:00:00,2024-09-21,02:00:00,0.2916,Saturday,2,9,Autumn,0
10023456784,2024-09-21 03:00:00,2024-09-21,03:00:00,0.3504,Saturday,3,9,Autumn,0
10023456784,2024-09-21 04:00:00,2024-09-21,04:00:00,0.3018,Saturday,4,9,Autumn,0
10023456784,2024-09-21 05:00:00,2024-09-21,05:00:00,0.4533,Saturday,5,9,Autumn,0
10023456784,2024-09-21 06:00:00,2024-09-21,06:00:00,0.6332,Saturday,6,9,Autumn,0
10023456784,2024-09-21 07:00:00,2024-09-21,07:00:00,0.6968,Saturday,7,9,Autumn,0
10023456784,2024-09-21 08:00:00,2024-09-21,08:00:00,1.2138,Saturday,8,9,Autumn,0
10023456784,2024-09-21 09:00:00,2024-09-21,09:00:00,1.2861,Saturday,9,9,Autumn,0
10023456784,2024-09-21 10:00:00,2024-09-21,10:00:00,1.1361,Saturday,10,9,Autumn,0
10023456784,2024-09-21 11:00:00,2024-09-21,11:00:00,0.9898,Saturday,11,9,Autumn,0
10023456784,2024-09-21 12:00:00,2024-09-21,12:00:00,0.9064,Saturday,12,9,Autumn,0
10023456784,2024-09-21 13:00:00,2024-09-21,13:00:00,1.0908,Saturday,13,9,Autumn,0
10023456784,2024-09-21 14:00:00,2024-09-21,14:00:00,1.1332,Saturday,14,9,Autumn,0
10023456784,2024-09-21 15:00:00,2024-09-21,15:00:00,1.1004,Saturday,15,9,Autumn,0
10023456784,2024-09-21 16:00:00,2024-09-21,16:00:00,1.2963,Saturday,16,9,Autumn,0
10023456784,2024-09-21 17:00:00,2024-09-21,17:00:00,1.3759,Saturday,17,9,Autumn,0
10023456784,2024-09-21 18:00:00,2024-09-21,18:00:00,1.5974,Saturday,18,9,Autumn,0
10023456784,2024-09-21 19:00:00,2024-09-21,19:00:00,1.8221,Saturday,19,9,Autumn,0
10023456784,2024-09-21 20:00:00,2024-09-21,20:00:00,1.8505,Saturday,20,9,Autumn,0
10023456784,2024-09-21 21:00:00,2024-09-21,21:00:00,1.6042,Saturday,21,9,Autumn,0
10023456784,2024-09-21 22:00:00,2024-09-21,22:00:00,1.3070,Saturday,22,9,Autumn,0
10023456784,2024-09-21 23:00:00,2024-09-21,23:00:00,0.7250,Saturday,23,9,Autumn,0
10023456784,2024-09-22 00:00:00,2024-09-22,00:00:00,0.5114,Sunday,0,9,Autumn,0
10023456784,2024-09-22 01:00:00,2024-09-22,01:00:00,0.4790,Sunday,1,9,Autumn,0
10023456784,2024-09-22 02:00:00,2024-09-22,02:00:00,0.3970,Sunday,2,9,Autumn,0
10023456784,2024-09-22 03:00:00,2024-09-22,03:00:00,0.2802,Sunday,3,9,Autumn,0
10023456784,2024-09-22 04:00:00,2024-09-22,04:00:00,0.3782,Sunday,4,9,Autumn,0
10023456784,2024-09-22 05:00:00,2024-09-22,05:00:00,0.4480,Sunday,5,9,Autumn,0
10023456784,2024-09-22 06:00:00,2024-09-22,06:00:00,0.5408,Sunday,6,9,Autumn,0
10023456784,2024-09-22 07:00:00,2024-09-22,07:00:00,1.0909,Sunday,7,9,Autumn,0
10023456784,2024-09-22 08:00:00,2024-09-22,08:00:00,1.5845,Sunday,8,9,Autumn,0
10023456784,2024-09-22 09:00:00,2024-09-22,09:00:00,1.4289,Sunday,9,9,Autumn,0
10023456784,2024-09-22 10:00:00,2024-09-22,10:00:00,1.7391,Sunday,10,9,Autumn,0
10023456784,2024-09-22 11:00:00,2024-09-22,11:00:00,1.3232,Sunday,11,9,Autumn,0
10023456784,2024-09-22 12:00:00,2024-09-22,12:00:00,1.2472,Sunday,12,9,Autumn,0
10023456784,2024-09-22 13:00:00,2024-09-22,13:00:00,1.2577,Sunday,13,9,Autumn,0
10023456784,2024-09-22 14:00:00,2024-09-22,14:00:00,1.2050,Sunday,14,9,Autumn,0
10023456784,2024-09-22 15:00:00,2024-09-22,15:00:00,1.1294,Sunday,15,9,Autumn,0
10023456784,2024-09-22 16:00:00,2024-09-22,16:00:00,1.3675,Sunday,16,9,Autumn,0
10023456784,2024-09-22 17:00:00,2024-09-22,17:00:00,1.5931,Sunday,17,9,Autumn,0
10023456784,2024-09-22 18:00:00,2024-09-22,18:00:00,2.2838,Sunday,18,9,Autumn,0
10023456784,2024-09-22 19:00:00,2024-09-22,19:00:00,2.4833,Sunday,19,9,Autumn,0
10023456784,2024-09-22 20:00:00,2024-09-22,20:00:00,2.0823,Sunday,20,9,Autumn,0
10023456784,2024-09-22 21:00:00,2024-09-22,21:00:00,1.7940,Sunday,21,9,Autumn,0
10023456784,2024-09-22 22:00:00,2024-09-22,22:00:00,1.5577,Sunday,22,9,Autumn,0
10023456784,2024-09-22 23:00:00,2024-09-22,23:00:00,1.0413,Sunday,23,9,Autumn,0
10023456784,2024-09-23 00:00:00,2024-09-23,00:00:00,0.4387,Monday,0,9,Autumn,0
10023456784,2024-09-23 01:00:00,2024-09-23,01:00:00,0.4108,Monday,1,9,Autumn,0
10023456784,2024-09-23 02:00:00,2024-09-23,02:00:00,1.4693,Monday,2,9,Autumn,1
10023456784,2024-09-23 03:00:00,2024-09-23,03:00:00,0.3435,Monday,3,9,Autumn,0
10023456784,2024-09-23 04:00:00,2024-09-23,04:00:00,0.3770,Monday,4,9,Autumn,0
10023456784,2024-09-23 05:00:00,2024-09-23,05:00:00,0.6212,Monday,5,9,Autumn,0
10023456784,2024-09-23 06:00:00,2024-09-23,06:00:00,1.0137,Monday,6,9,Autumn,0
10023456784,2024-09-23 07:00:00,2024-09-23,07:00:00,1.0841,Monday,7,9,Autumn,0
10023456784,2024-09-23 08:00:00,2024-09-23,08:00:00,1.2406,Monday,8,9,Autumn,0
10023456784,2024-09-23 09:00:00,2024-09-23,09:00:00,1.3343,Monday,9,9,Autumn,0
10023456784,2024-09-23 10:00:00,2024-09-23,10:00:00,0.9135,Monday,10,9,Autumn,0
10023456784,2024-09-23 11:00:00,2024-09-23,11:00:00,0.7104,Monday,11,9,Autumn,0
10023456784,2024-09-23 12:00:00,2024-09-23,12:00:00,0.8253,Monday,12,9,Autumn,0
10023456784,2024-09-23 13:00:00,2024-09-23,13:00:00,0.8774,Monday,13,9,Autumn,0
10023456784,2024-09-23 14:00:00,2024-09-23,14:00:00,0.9523,Monday,14,9,Autumn,0
10023456784,2024-09-23 15:00:00,2024-09-23,15:00:00,1.0174,Monday,15,9,Autumn,0
10023456784,2024-09-23 16:00:00,2024-09-23,16:00:00,1.0216,Monday,16,9,Autumn,0
10023456784,2024-09-23 17:00:00,2024-09-23,17:00:00,1.2980,Monday,17,9,Autumn,0
10023456784,2024-09-23 18:00:00,2024-09-23,18:00:00,2.1126,Monday,18,9,Autumn,0
10023456784,2024-09-23 19:00:00,2024-09-23,19:00:00,2.0237,Monday,19,9,Autumn,0
10023456784,2024-09-23 20:00:00,2024-09-23,20:00:00,2.0150,Monday,20,9,Autumn,0
10023456784,2024-09-23 21:00:00,2024-09-23,21:00:00,1.1358,Monday,21,9,Autumn,0
10023456784,2024-09-23 22:00:00,2024-09-23,22:00:00,1.2947,Monday,22,9,Autumn,0
10023456784,2024-09-23 23:00:00,2024-09-23,23:00:00,0.6664,Monday,23,9,Autumn,0
10023456784,2024-09-24 00:00:00,2024-09-24,00:00:00,0.5682,Tuesday,0,9,Autumn,0
10023456784,2024-09-24 01:00:00,2024-09-24,01:00:00,0.3945,Tuesday,1,9,Autumn,0
10023456784,2024-09-24 02:00:00,2024-09-24,02:00:00,0.4434,Tuesday,2,9,Autumn,0
10023456784,2024-09-24 03:00:00,2024-09-24,03:00:00,0.3620,Tuesday,3,9,Autumn,0
10023456784,2024-09-24 04:00:00,2024-09-24,04:00:00,0.3544,Tuesday,4,9,Autumn,0
10023456784,2024-09-24 05:00:00,2024-09-24,05:00:00,0.6105,Tuesday,5,9,Autumn,0
10023456784,2024-09-24 06:00:00,2024-09-24,06:00:00,1.1982,Tuesday,6,9,Autumn,0
10023456784,2024-09-24 07:00:00,2024-09-24,07:00:00,1.3094,Tuesday,7,9,Autumn,0
10023456784,2024-09-24 08:00:00,2024-09-24,08:00:00,1.4143,Tuesday,8,9,Autumn,0
10023456784,2024-09-24 09:00:00,2024-09-24,09:00:00,1.4228,Tuesday,9,9,Autumn,0
10023456784,2024-09-24 10:00:00,2024-09-24,10:00:00,1.1814,Tuesday,10,9,Autumn,0
10023456784,2024-09-24 11:00:00,2024-09-24,11:00:00,0.9235,Tuesday,11,9,Autumn,0
10023456784,2024-09-24 12:00:00,2024-09-24,12:00:00,1.2644,Tuesday,12,9,Autumn,0
10023456784,2024-09-24 13:00:00,2024-09-24,13:00:00,1.1663,Tuesday,13,9,Autumn,0
10023456784,2024-09-24 14:00:00,2024-09-24,14:00:00,0.9984,Tuesday,14,9,Autumn,0
10023456784,2024-09-24 15:00:00,2024-09-24,15:00:00,1.1030,Tuesday,15,9,Autumn,0
10023456784,2024-09-24 16:00:00,2024-09-24,16:00:00,1.3086,Tuesday,16,9,Autumn,0
10023456784,2024-09-24 17:00:00,2024-09-24,17:00:00,1.5868,Tuesday,17,9,Autumn,0
10023456784,2024-09-24 18:00:00,2024-09-24,18:00:00,1.9168,Tuesday,18,9,Autumn,0
10023456784,2024-09-24 19:00:00,2024-09-24,19:00:00,2.4539,Tuesday,19,9,Autumn,0
10023456784,2024-09-24 20:00:00,2024-09-24,20:00:00,2.0511,Tuesday,20,9,Autumn,0
10023456784,2024-09-24 21:00:00,2024-09-24,21:00:00,1.8839,Tuesday,21,9,Autumn,0
10023456784,2024-09-24 22:00:00,2024-09-24,22:00:00,1.4840,Tuesday,22,9,Autumn,0
10023456784,2024-09-24 23:00:00,2024-09-24,23:00:00,0.8815,Tuesday,23,9,Autumn,0
10023456784,2024-09-25 00:00:00,2024-09-25,00:00:00,0.6561,Wednesday,0,9,Autumn,0
10023456784,2024-09-25 01:00:00,2024-09-25,01:00:00,0.4348,Wednesday,1,9,Autumn,0
10023456784,2024-09-25 02:00:00,2024-09-25,02:00:00,0.5402,Wednesday,2,9,Autumn,0
10023456784,2024-09-25 03:00:00,2024-09-25,03:00:00,0.4938,Wednesday,3,9,Autumn,0
10023456784,2024-09-25 04:00:00,2024-09-25,04:00:00,0.4836,Wednesday,4,9,Autumn,0
10023456784,2024-09-25 05:00:00,2024-09-25,05:00:00,0.7090,Wednesday,5,9,Autumn,0
10023456784,2024-09-25 06:00:00,2024-09-25,06:00:00,1.2944,Wednesday,6,9,Autumn,0
10023456784,2024-09-25 07:00:00,2024-09-25,07:00:00,2.0764,Wednesday,7,9,Autumn,0
10023456784,2024-09-25 08:00:00,2024-09-25,08:00:00,2.1078,Wednesday,8,9,Autumn,0
10023456784,2024-09-25 09:00:00,2024-09-25,09:00:00,8.6954,Wednesday,9,9,Autumn,1
10023456784,2024-09-25 10:00:00,2024-09-25,10:00:00,1.5256,Wednesday,10,9,Autumn,0
10023456784,2024-09-25 11:00:00,2024-09-25,11:00:00,1.3766,Wednesday,11,9,Autumn,0
10023456784,2024-09-25 12:00:00,2024-09-25,12:00:00,1.1263,Wednesday,12,9,Autumn,0
10023456784,2024-09-25 13:00:00,2024-09-25,13:00:00,1.1896,Wednesday,13,9,Autumn,0
10023456784,2024-09-25 14:00:00,2024-09-25,14:00:00,1.2997,Wednesday,14,9,Autumn,0
10023456784,2024-09-25 15:00:00,2024-09-25,15:00:00,1.3876,Wednesday,15,9,Autumn,0
10023456784,2024-09-25 16:00:00,2024-09-25,16:00:00,1.7007,Wednesday,16,9,Autumn,0
10023456784,2024-09-25 17:00:00,2024-09-25,17:00:00,1.8515,Wednesday,17,9,Autumn,0
10023456784,2024-09-25 18:00:00,2024-09-25,18:00:00,2.6219,Wednesday,18,9,Autumn,0
10023456784,2024-09-25 19:00:00,2024-09-25,19:00:00,2.9091,Wednesday,19,9,Autumn,0
10023456784,2024-09-25 20:00:00,2024-09-25,20:00:00,2.7823,Wednesday,20,9,Autumn,0
10023456784,2024-09-25 21:00:00,2024-09-25,21:00:00,2.4587,Wednesday,21,9,Autumn,0
10023456784,2024-09-25 22:00:00,2024-09-25,22:00:00,2.0597,Wednesday,22,9,Autumn,0
10023456784,2024-09-25 23:00:00,2024-09-25,23:00:00,0.9546,Wednesday,23,9,Autumn,0
10023456784,2024-09-26 00:00:00,2024-09-26,00:00:00,0.7517,Thursday,0,9,Autumn,0
10023456784,2024-09-26 01:00:00,2024-09-26,01:00:00,0.5116,Thursday,1,9,Autumn,0
10023456784,2024-09-26 02:00:00,2024-09-26,02:00:00,0.4264,Thursday,2,9,Autumn,0
10023456784,2024-09-26 03:00:00,2024-09-26,03:00:00,0.4864,Thursday,3,9,Autumn,0
10023456784,2024-09-26 04:00:00,2024-09-26,04:00:00,0.6898,Thursday,4,9,Autumn,0
10023456784,2024-09-26 05:00:00,2024-09-26,05:00:00,0.6890,Thursday,5,9,Autumn,0
10023456784,2024-09-26 06:00:00,2024-09-26,06:00:00,1.1275,Thursday,6,9,Autumn,0
10023456784,2024-09-26 07:00:00,2024-09-26,07:00:00,2.1329,Thursday,7,9,Autumn,0
10023456784,2024-09-26 08:00:00,2024-09-26,08:00:00,1.8623,Thursday,8,9,Autumn,0
10023456784,2024-09-26 09:00:00,2024-09-26,09:00:00,1.8382,Thursday,9,9,Autumn,0
10023456784,2024-09-26 10:00:00,2024-09-26,10:00:00,1.4408,Thursday,10,9,Autumn,0
10023456784,2024-09-26 11:00:00,2024-09-26,11:00:00,1.0752,Thursday,11,9,Autumn,0
10023456784,2024-09-26 12:00:00,2024-09-26,12:00:00,1.0277,Thursday,12,9,Autumn,0
10023456784,2024-09-26 13:00:00,2024-09-26,13:00:00,1.2930,Thursday,13,9,Autumn,0
10023456784,2024-09-26 14:00:00,2024-09-26,14:00:00,1.2801,Thursday,14,9,Autumn,0
10023456784,2024-09-26 15:00:00,2024-09-26,15:00:00,1.6339,Thursday,15,9,Autumn,0
10023456784,2024-09-26 16:00:00,2024-09-26,16:00:00,1.6215,Thursday,16,9,Autumn,0
10023456784,2024-09-26 17:00:00,2024-09-26,17:00:00,2.0687,Thursday,17,9,Autumn,0
10023456784,2024-09-26 18:00:00,2024-09-26,18:00:00,2.8604,Thursday,18,9,Autumn,0
10023456784,2024-09-26 19:00:00,2024-09-26,19:00:00,2.9422,Thursday,19,9,Autumn,0
10023456784,2024-09-26 20:00:00,2024-09-26,20:00:00,3.4608,Thursday,20,9,Autumn,0
10023456784,2024-09-26 21:00:00,2024-09-26,21:00:00,2.0497,Thursday,21,9,Autumn,0
10023456784,2024-09-26 22:00:00,2024-09-26,22:00:00,1.9354,Thursday,22,9,Autumn,0
10023456784,2024-09-26 23:00:00,2024-09-26,23:00:00,1.0689,Thursday,23,9,Autumn,0
10023456784,2024-09-27 00:00:00,2024-09-27,00:00:00,0.2631,Friday,0,9,Autumn,0
10023456784,2024-09-27 01:00:00,2024-09-27,01:00:00,0.3608,Friday,1,9,Autumn,0
10023456784,2024-09-27 02:00:00,2024-09-27,02:00:00,0.3333,Friday,2,9,Autumn,0
10023456784,2024-09-27 03:00:00,2024-09-27,03:00:00,0.3762,Friday,3,9,Autumn,0
10023456784,2024-09-27 04:00:00,2024-09-27,04:00:00,0.2601,Friday,4,9,Autumn,0
10023456784,2024-09-27 05:00:00,2024-09-27,05:00:00,0.5396,Friday,5,9,Autumn,0
10023456784,2024-09-27 06:00:00,2024-09-27,06:00:00,0.8659,Friday,6,9,Autumn,0
10023456784,2024-09-27 07:00:00,2024-09-27,07:00:00,1.3464,Friday,7,9,Autumn,0
10023456784,2024-09-27 08:00:00,2024-09-27,08:00:00,1.5149,Friday,8,9,Autumn,0
10023456784,2024-09-27 09:00:00,2024-09-27,09:00:00,1.0557,Friday,9,9,Autumn,0
10023456784,2024-09-27 10:00:00,2024-09-27,10:00:00,0.8481,Friday,10,9,Autumn,0
10023456784,2024-09-27 11:00:00,2024-09-27,11:00:00,0.7061,Friday,11,9,Autumn,0
10023456784,2024-09-27 12:00:00,2024-09-27,12:00:00,0.2034,Friday,12,9,Autumn,1
10023456784,2024-09-27 13:00:00,2024-09-27,13:00:00,0.8343,Friday,13,9,Autumn,0
10023456784,2024-09-27 14:00:00,2024-09-27,14:00:00,0.9245,Friday,14,9,Autumn,0
10023456784,2024-09-27 15:00:00,2024-09-27,15:00:00,0.9010,Friday,15,9,Autumn,0
10023456784,2024-09-27 16:00:00,2024-09-27,16:00:00,1.0053,Friday,16,9,Autumn,0
10023456784,2024-09-27 17:00:00,2024-09-27,17:00:00,1.2796,Friday,17,9,Autumn,0
10023456784,2024-09-27 18:00:00,2024-09-27,18:00:00,1.6239,Friday,18,9,Autumn,0
10023456784,2024-09-27 19:00:00,2024-09-27,19:00:00,2.3184,Friday,19,9,Autumn,0
10023456784,2024-09-27 20:00:00,2024-09-27,20:00:00,2.3125,Friday,20,9,Autumn,0
10023456784,2024-09-27 21:00:00,2024-09-27,21:00:00,1.4568,Friday,21,9,Autumn,0
10023456784,2024-09-27 22:00:00,2024-09-27,22:00:00,1.0598,Friday,22,9,Autumn,0
10023456784,2024-09-27 23:00:00,2024-09-27,23:00:00,0.6975,Friday,23,9,Autumn,0
10023456784,2024-09-28 00:00:00,2024-09-28,00:00:00,0.4291,Saturday,0,9,Autumn,0
10023456784,2024-09-28 01:00:00,2024-09-28,01:00:00,0.3640,Saturday,1,9,Autumn,0
10023456784,2024-09-28 02:00:00,2024-09-28,02:00:00,0.2389,Saturday,2,9,Autumn,0
10023456784,2024-09-28 03:00:00,2024-09-28,03:00:00,0.2321,Saturday,3,9,Autumn,0
10023456784,2024-09-28 04:00:00,2024-09-28,04:00:00,0.2823,Saturday,4,9,Autumn,0
10023456784,2024-09-28 05:00:00,2024-09-28,05:00:00,0.3667,Saturday,5,9,Autumn,0
10023456784,2024-09-28 06:00:00,2024-09-28,06:00:00,0.6451,Saturday,6,9,Autumn,0
10023456784,2024-09-28 07:00:00,2024-09-28,07:00:00,0.8298,Saturday,7,9,Autumn,0
10023456784,2024-09-28 08:00:00,2024-09-28,08:00:00,1.2266,Saturday,8,9,Autumn,0
10023456784,2024-09-28 09:00:00,2024-09-28,09:00:00,1.4264,Saturday,9,9,Autumn,0
10023456784,2024-09-28 10:00:00,2024-09-28,10:00:00,1.0462,Saturday,10,9,Autumn,0
10023456784,2024-09-28 11:00:00,2024-09-28,11:00:00,1.0743,Saturday,11,9,Autumn,0
10023456784,2024-09-28 12:00:00,2024-09-28,12:00:00,0.9206,Saturday,12,9,Autumn,0
10023456784,2024-09-28 13:00:00,2024-09-28,13:00:00,4.6719,Saturday,13,9,Autumn,1
10023456784,2024-09-28 14:00:00,2024-09-28,14:00:00,1.0304,Saturday,14,9,Autumn,0
10023456784,2024-09-28 15:00:00,2024-09-28,15:00:00,1.0813,Saturday,15,9,Autumn,0
10023456784,2024-09-28 16:00:00,2024-09-28,16:00:00,1.1324,Saturday,16,9,Autumn,0
10023456784,2024-09-28 17:00:00,2024-09-28,17:00:00,1.3159,Saturday,17,9,Autumn,0
10023456784,2024-09-28 18:00:00,2024-09-28,18:00:00,1.5279,Saturday,18,9,Autumn,0
10023456784,2024-09-28 19:00:00,2024-09-28,19:00:00,1.7636,Saturday,19,9,Autumn,0
10023456784,2024-09-28 20:00:00,2024-09-28,20:00:00,1.6168,Saturday,20,9,Autumn,0
10023456784,2024-09-28 21:00:00,2024-09-28,21:00:00,1.3163,Saturday,21,9,Autumn,0
10023456784,2024-09-28 22:00:00,2024-09-28,22:00:00,1.1135,Saturday,22,9,Autumn,0
10023456784,2024-09-28 23:00:00,2024-09-28,23:00:00,0.7404,Saturday,23,9,Autumn,0
10023456784,2024-09-29 00:00:00,2024-09-29,00:00:00,0.4009,Sunday,0,9,Autumn,0
10023456784,2024-09-29 01:00:00,2024-09-29,01:00:00,0.3857,Sunday,1,9,Autumn,0
10023456784,2024-09-29 02:00:00,2024-09-29,02:00:00,0.3542,Sunday,2,9,Autumn,0
10023456784,2024-09-29 03:00:00,2024-09-29,03:00:00,0.3647,Sunday,3,9,Autumn,0
10023456784,2024-09-29 04:00:00,2024-09-29,04:00:00,0.3369,Sunday,4,9,Autumn,0
10023456784,2024-09-29 05:00:00,2024-09-29,05:00:00,0.3760,Sunday,5,9,Autumn,0
10023456784,2024-09-29 06:00:00,2024-09-29,06:00:00,0.6397,Sunday,6,9,Autumn,0
10023456784,2024-09-29 07:00:00,2024-09-29,07:00:00,1.0770,Sunday,7,9,Autumn,0
10023456784,2024-09-29 08:00:00,2024-09-29,08:00:00,1.2944,Sunday,8,9,Autumn,0
10023456784,2024-09-29 09:00:00,2024-09-29,09:00:00,1.4211,Sunday,9,9,Autumn,0
10023456784,2024-09-29 10:00:00,2024-09-29,10:00:00,1.4302,Sunday,10,9,Autumn,0
10023456784,2024-09-29 11:00:00,2024-09-29,11:00:00,1.0468,Sunday,11,9,Autumn,0
10023456784,2024-09-29 12:00:00,2024-09-29,12:00:00,1.1269,Sunday,12,9,Autumn,0
10023456784,2024-09-29 13:00:00,2024-09-29,13:00:00,1.2726,Sunday,13,9,Autumn,0
10023456784,2024-09-29 14:00:00,2024-09-29,14:00:00,5.3497,Sunday,14,9,Autumn,1
10023456784,2024-09-29 15:00:00,2024-09-29,15:00:00,1.2920,Sunday,15,9,Autumn,0
10023456784,2024-09-29 16:00:00,2024-09-29,16:00:00,1.2377,Sunday,16,9,Autumn,0
10023456784,2024-09-29 17:00:00,2024-09-29,17:00:00,1.3657,Sunday,17,9,Autumn,0
10023456784,2024-09-29 18:00:00,2024-09-29,18:00:00,2.0194,Sunday,18,9,Autumn,0
10023456784,2024-09-29 19:00:00,2024-09-29,19:00:00,1.9721,Sunday,19,9,Autumn,0
10023456784,2024-09-29 20:00:00,2024-09-29,20:00:00,1.7862,Sunday,20,9,Autumn,0
10023456784,2024-09-29 21:00:00,2024-09-29,21:00:00,1.4987,Sunday,21,9,Autumn,0
10023456784,2024-09-29 22:00:00,2024-09-29,22:00:00,1.3637,Sunday,22,9,Autumn,0
10023456784,2024-09-29 23:00:00,2024-09-29,23:00:00,1.0200,Sunday,23,9,Autumn,0
10023456784,2024-09-30 00:00:00,2024-09-30,00:00:00,0.3792,Monday,0,9,Autumn,0
10023456784,2024-09-30 01:00:00,2024-09-30,01:00:00,0.3705,Monday,1,9,Autumn,0
10023456784,2024-09-30 02:00:00,2024-09-30,02:00:00,0.2320,Monday,2,9,Autumn,0
10023456784,2024-09-30 03:00:00,2024-09-30,03:00:00,0.2941,Monday,3,9,Autumn,0
10023456784,2024-09-30 04:00:00,2024-09-30,04:00:00,0.2896,Monday,4,9,Autumn,0
10023456784,2024-09-30 05:00:00,2024-09-30,05:00:00,0.3757,Monday,5,9,Autumn,0
10023456784,2024-09-30 06:00:00,2024-09-30,06:00:00,0.7288,Monday,6,9,Autumn,0
10023456784,2024-09-30 07:00:00,2024-09-30,07:00:00,2.8125,Monday,7,9,Autumn,1
10023456784,2024-09-30 08:00:00,2024-09-30,08:00:00,1.3197,Monday,8,9,Autumn,0
10023456784,2024-09-30 09:00:00,2024-09-30,09:00:00,1.0446,Monday,9,9,Autumn,0
10023456784,2024-09-30 10:00:00,2024-09-30,10:00:00,0.7293,Monday,10,9,Autumn,0
10023456784,2024-09-30 11:00:00,2024-09-30,11:00:00,0.7285,Monday,11,9,Autumn,0
10023456784,2024-09-30 12:00:00,2024-09-30,12:00:00,0.8247,Monday,12,9,Autumn,0
10023456784,2024-09-30 13:00:00,2024-09-30,13:00:00,0.8174,Monday,13,9,Autumn,0
10023456784,2024-09-30 14:00:00,2024-09-30,14:00:00,0.6999,Monday,14,9,Autumn,0
10023456784,2024-09-30 15:00:00,2024-09-30,15:00:00,0.9172,Monday,15,9,Autumn,0
10023456784,2024-09-30 16:00:00,2024-09-30,16:00:00,0.9153,Monday,16,9,Autumn,0
10023456784,2024-09-30 17:00:00,2024-09-30,17:00:00,1.0361,Monday,17,9,Autumn,0
10023456784,2024-09-30 18:00:00,2024-09-30,18:00:00,1.6794,Monday,18,9,Autumn,0
10023456784,2024-09-30 19:00:00,2024-09-30,19:00:00,1.5885,Monday,19,9,Autumn,0
10023456784,2024-09-30 20:00:00,2024-09-30,20:00:00,1.7567,Monday,20,9,Autumn,0
10023456784,2024-09-30 21:00:00,2024-09-30,21:00:00,1.6163,Monday,21,9,Autumn,0
10023456784,2024-09-30 22:00:00,2024-09-30,22:00:00,1.0461,Monday,22,9,Autumn,0
10023456784,2024-09-30 23:00:00,2024-09-30,23:00:00,0.5585,Monday,23,9,Autumn,0
10023456784,2024-10-01 00:00:00,2024-10-01,00:00:00,0.3743,Tuesday,0,10,Autumn,0
10023456784,2024-10-01 01:00:00,2024-10-01,01:00:00,0.2850,Tuesday,1,10,Autumn,0
10023456784,2024-10-01 02:00:00,2024-10-01,02:00:00,0.2564,Tuesday,2,10,Autumn,0
10023456784,2024-10-01 03:00:00,2024-10-01,03:00:00,0.2777,Tuesday,3,10,Autumn,0
10023456784,2024-10-01 04:00:00,2024-10-01,04:00:00,0.2772,Tuesday,4,10,Autumn,0
10023456784,2024-10-01 05:00:00,2024-10-01,05:00:00,0.5315,Tuesday,5,10,Autumn,0
10023456784,2024-10-01 06:00:00,2024-10-01,06:00:00,0.7623,Tuesday,6,10,Autumn,0
10023456784,2024-10-01 07:00:00,2024-10-01,07:00:00,1.4178,Tuesday,7,10,Autumn,0
10023456784,2024-10-01 08:00:00,2024-10-01,08:00:00,1.4454,Tuesday,8,10,Autumn,0
10023456784,2024-10-01 09:00:00,2024-10-01,09:00:00,1.0213,Tuesday,9,10,Autumn,0
10023456784,2024-10-01 10:00:00,2024-10-01,10:00:00,1.0027,Tuesday,10,10,Autumn,0
10023456784,2024-10-01 11:00:00,2024-10-01,11:00:00,0.6313,Tuesday,11,10,Autumn,0
10023456784,2024-10-01 12:00:00,2024-10-01,12:00:00,0.9611,Tuesday,12,10,Autumn,0
10023456784,2024-10-01 13:00:00,2024-10-01,13:00:00,0.8915,Tuesday,13,10,Autumn,0
10023456784,2024-10-01 14:00:00,2024-10-01,14:00:00,0.8403,Tuesday,14,10,Autumn,0
10023456784,2024-10-01 15:00:00,2024-10-01,15:00:00,1.0274,Tuesday,15,10,Autumn,0
10023456784,2024-10-01 16:00:00,2024-10-01,16:00:00,1.0618,Tuesday,16,10,Autumn,0
10023456784,2024-10-01 17:00:00,2024-10-01,17:00:00,1.4003,Tuesday,17,10,Autumn,0
10023456784,2024-10-01 18:00:00,2024-10-01,18:00:00,2.0361,Tuesday,18,10,Autumn,0
10023456784,2024-10-01 19:00:00,2024-10-01,19:00:00,1.7387,Tuesday,19,10,Autumn,0
10023456784,2024-10-01 20:00:00,2024-10-01,20:00:00,1.8216,Tuesday,20,10,Autumn,0
10023456784,2024-10-01 21:00:00,2024-10-01,21:00:00,1.5887,Tuesday,21,10,Autumn,0
10023456784,2024-10-01 22:00:00,2024-10-01,22:00:00,1.3504,Tuesday,22,10,Autumn,0
10023456784,2024-10-01 23:00:00,2024-10-01,23:00:00,0.7665,Tuesday,23,10,Autumn,0
10023456784,2024-10-02 00:00:00,2024-10-02,00:00:00,0.6001,Wednesday,0,10,Autumn,0
10023456784,2024-10-02 01:00:00,2024-10-02,01:00:00,0.3645,Wednesday,1,10,Autumn,0
10023456784,2024-10-02 02:00:00,2024-10-02,02:00:00,0.3480,Wednesday,2,10,Autumn,0
10023456784,2024-10-02 03:00:00,2024-10-02,03:00:00,0.3014,Wednesday,3,10,Autumn,0
10023456784,2024-10-02 04:00:00,2024-10-02,04:00:00,0.3506,Wednesday,4,10,Autumn,0
10023456784,2024-10-02 05:00:00,2024-10-02,05:00:00,0.6103,Wednesday,5,10,Autumn,0
10023456784,2024-10-02 06:00:00,2024-10-02,06:00:00,1.0064,Wednesday,6,10,Autumn,0
10023456784,2024-10-02 07:00:00,2024-10-02,07:00:00,1.4263,Wednesday,7,10,Autumn,0
10023456784,2024-10-02 08:00:00,2024-10-02,08:00:00,1.4366,Wednesday,8,10,Autumn,0
10023456784,2024-10-02 09:00:00,2024-10-02,09:00:00,1.2258,Wednesday,9,10,Autumn,0
10023456784,2024-10-02 10:00:00,2024-10-02,10:00:00,0.9770,Wednesday,10,10,Autumn,0
10023456784,2024-10-02 11:00:00,2024-10-02,11:00:00,0.8502,Wednesday,11,10,Autumn,0
10023456784,2024-10-02 12:00:00,2024-10-02,12:00:00,0.9538,Wednesday,12,10,Autumn,0
10023456784,2024-10-02 13:00:00,2024-10-02,13:00:00,0.9970,Wednesday,13,10,Autumn,0
10023456784,2024-10-02 14:00:00,2024-10-02,14:00:00,0.9666,Wednesday,14,10,Autumn,0
10023456784,2024-10-02 15:00:00,2024-10-02,15:00:00,0.9520,Wednesday,15,10,Autumn,0
10023456784,2024-10-02 16:00:00,2024-10-02,16:00:00,1.3256,Wednesday,16,10,Autumn,0
10023456784,2024-10-02 17:00:00,2024-10-02,17:00:00,1.6799,Wednesday,17,10,Autumn,0
10023456784,2024-10-02 18:00:00,2024-10-02,18:00:00,1.6750,Wednesday,18,10,Autumn,0
10023456784,2024-10-02 19:00:00,2024-10-02,19:00:00,2.2331,Wednesday,19,10,Autumn,0
10023456784,2024-10-02 20:00:00,2024-10-02,20:00:00,2.0711,Wednesday,20,10,Autumn,0
10023456784,2024-10-02 21:00:00,2024-10-02,21:00:00,1.6323,Wednesday,21,10,Autumn,0
10023456784,2024-10-02 22:00:00,2024-10-02,22:00:00,1.4069,Wednesday,22,10,Autumn,0
10023456784,2024-10-02 23:00:00,2024-10-02,23:00:00,0.7089,Wednesday,23,10,Autumn,0
10023456784,2024-10-03 00:00:00,2024-10-03,00:00:00,0.5762,Thursday,0,10,Autumn,0
10023456784,2024-10-03 01:00:00,2024-10-03,01:00:00,0.4061,Thursday,1,10,Autumn,0
10023456784,2024-10-03 02:00:00,2024-10-03,02:00:00,0.3328,Thursday,2,10,Autumn,0
10023456784,2024-10-03 03:00:00,2024-10-03,03:00:00,0.4009,Thursday,3,10,Autumn,0
10023456784,2024-10-03 04:00:00,2024-10-03,04:00:00,0.4086,Thursday,4,10,Autumn,0
10023456784,2024-10-03 05:00:00,2024-10-03,05:00:00,0.5155,Thursday,5,10,Autumn,0
10023456784,2024-10-03 06:00:00,2024-10-03,06:00:00,0.9079,Thursday,6,10,Autumn,0
10023456784,2024-10-03 07:00:00,2024-10-03,07:00:00,1.6825,Thursday,7,10,Autumn,0
10023456784,2024-10-03 08:00:00,2024-10-03,08:00:00,1.5423,Thursday,8,10,Autumn,0
10023456784,2024-10-03 09:00:00,2024-10-03,09:00:00,1.3947,Thursday,9,10,Autumn,0
10023456784,2024-10-03 10:00:00,2024-10-03,10:00:00,0.8673,Thursday,10,10,Autumn,0
10023456784,2024-10-03 11:00:00,2024-10-03,11:00:00,1.0031,Thursday,11,10,Autumn,0
10023456784,2024-10-03 12:00:00,2024-10-03,12:00:00,0.9293,Thursday,12,10,Autumn,0
10023456784,2024-10-03 13:00:00,2024-10-03,13:00:00,1.4624,Thursday,13,10,Autumn,0
10023456784,2024-10-03 14:00:00,2024-10-03,14:00:00,1.0129,Thursday,14,10,Autumn,0
10023456784,2024-10-03 15:00:00,2024-10-03,15:00:00,1.2115,Thursday,15,10,Autumn,0
10023456784,2024-10-03 16:00:00,2024-10-03,16:00:00,1.0161,Thursday,16,10,Autumn,0
10023456784,2024-10-03 17:00:00,2024-10-03,17:00:00,1.3978,Thursday,17,10,Autumn,0
10023456784,2024-10-03 18:00:00,2024-10-03,18:00:00,1.8825,Thursday,18,10,Autumn,0
10023456784,2024-10-03 19:00:00,2024-10-03,19:00:00,2.1611,Thursday,19,10,Autumn,0
10023456784,2024-10-03 20:00:00,2024-10-03,20:00:00,1.9936,Thursday,20,10,Autumn,0
10023456784,2024-10-03 21:00:00,2024-10-03,21:00:00,1.6698,Thursday,21,10,Autumn,0
10023456784,2024-10-03 22:00:00,2024-10-03,22:00:00,1.2043,Thursday,22,10,Autumn,0
10023456784,2024-10-03 23:00:00,2024-10-03,23:00:00,0.8216,Thursday,23,10,Autumn,0
10023456784,2024-10-04 00:00:00,2024-10-04,00:00:00,0.4754,Friday,0,10,Autumn,0
10023456784,2024-10-04 01:00:00,2024-10-04,01:00:00,0.3772,Friday,1,10,Autumn,0
10023456784,2024-10-04 02:00:00,2024-10-04,02:00:00,0.3389,Friday,2,10,Autumn,0
10023456784,2024-10-04 03:00:00,2024-10-04,03:00:00,0.4282,Friday,3,10,Autumn,0
10023456784,2024-10-04 04:00:00,2024-10-04,04:00:00,0.4060,Friday,4,10,Autumn,0
10023456784,2024-10-04 05:00:00,2024-10-04,05:00:00,0.7297,Friday,5,10,Autumn,0
10023456784,2024-10-04 06:00:00,2024-10-04,06:00:00,0.8745,Friday,6,10,Autumn,0
10023456784,2024-10-04 07:00:00,2024-10-04,07:00:00,1.1500,Friday,7,10,Autumn,0
10023456784,2024-10-04 08:00:00,2024-10-04,08:00:00,1.3298,Friday,8,10,Autumn,0
10023456784,2024-10-04 09:00:00,2024-10-04,09:00:00,1.3843,Friday,9,10,Autumn,0
10023456784,2024-10-04 10:00:00,2024-10-04,10:00:00,0.9545,Friday,10,10,Autumn,0
10023456784,2024-10-04 11:00:00,2024-10-04,11:00:00,0.9838,Friday,11,10,Autumn,0
10023456784,2024-10-04 12:00:00,2024-10-04,12:00:00,1.0158,Friday,12,10,Autumn,0
10023456784,2024-10-04 13:00:00,2024-10-04,13:00:00,1.0625,Friday,13,10,Autumn,0
10023456784,2024-10-04 14:00:00,2024-10-04,14:00:00,0.9912,Friday,14,10,Autumn,0
10023456784,2024-10-04 15:00:00,2024-10-04,15:00:00,1.0295,Friday,15,10,Autumn,0
10023456784,2024-10-04 16:00:00,2024-10-04,16:00:00,1.2030,Friday,16,10,Autumn,0
10023456784,2024-10-04 17:00:00,2024-10-04,17:00:00,1.7244,Friday,17,10,Autumn,0
10023456784,2024-10-04 18:00:00,2024-10-04,18:00:00,2.0412,Friday,18,10,Autumn,0
10023456784,2024-10-04 19:00:00,2024-10-04,19:00:00,1.9227,Friday,19,10,Autumn,0
10023456784,2024-10-04 20:00:00,2024-10-04,20:00:00,2.2174,Friday,20,10,Autumn,0
10023456784,2024-10-04 21:00:00,2024-10-04,21:00:00,1.7856,Friday,21,10,Autumn,0
10023456784,2024-10-04 22:00:00,2024-10-04,22:00:00,1.3625,Friday,22,10,Autumn,0
10023456784,2024-10-04 23:00:00,2024-10-04,23:00:00,0.7451,Friday,23,10,Autumn,0
10023456784,2024-10-05 00:00:00,2024-10-05,00:00:00,0.4375,Saturday,0,10,Autumn,0
10023456784,2024-10-05 01:00:00,2024-10-05,01:00:00,0.3511,Saturday,1,10,Autumn,0
10023456784,2024-10-05 02:00:00,2024-10-05,02:00:00,0.4393,Saturday,2,10,Autumn,0
10023456784,2024-10-05 03:00:00,2024-10-05,03:00:00,0.3702,Saturday,3,10,Autumn,0
10023456784,2024-10-05 04:00:00,2024-10-05,04:00:00,0.3411,Saturday,4,10,Autumn,0
10023456784,2024-10-05 05:00:00,2024-10-05,05:00:00,0.4023,Saturday,5,10,Autumn,0
10023456784,2024-10-05 06:00:00,2024-10-05,06:00:00,0.7300,Saturday,6,10,Autumn,0
10023456784,2024-10-05 07:00:00,2024-10-05,07:00:00,0.9227,Saturday,7,10,Autumn,0
10023456784,2024-10-05 08:00:00,2024-10-05,08:00:00,1.4895,Saturday,8,10,Autumn,0
10023456784,2024-10-05 09:00:00,2024-10-05,09:00:00,1.5185,Saturday,9,10,Autumn,0
10023456784,2024-10-05 10:00:00,2024-10-05,10:00:00,1.4906,Saturday,10,10,Autumn,0
10023456784,2024-10-05 11:00:00,2024-10-05,11:00:00,1.5310,Saturday,11,10,Autumn,0
10023456784,2024-10-05 12:00:00,2024-10-05,12:00:00,1.1782,Saturday,12,10,Autumn,0
10023456784,2024-10-05 13:00:00,2024-10-05,13:00:00,1.2545,Saturday,13,10,Autumn,0
10023456784,2024-10-05 14:00:00,2024-10-05,14:00:00,1.1680,Saturday,14,10,Autumn,0
10023456784,2024-10-05 15:00:00,2024-10-05,15:00:00,1.2587,Saturday,15,10,Autumn,0
10023456784,2024-10-05 16:00:00,2024-10-05,16:00:00,1.2706,Saturday,16,10,Autumn,0
10023456784,2024-10-05 17:00:00,2024-10-05,17:00:00,1.4272,Saturday,17,10,Autumn,0
10023456784,2024-10-05 18:00:00,2024-10-05,18:00:00,1.9192,Saturday,18,10,Autumn,0
10023456784,2024-10-05 19:00:00,2024-10-05,19:00:00,7.2490,Saturday,19,10,Autumn,1
10023456784,2024-10-05 20:00:00,2024-10-05,20:00:00,2.0546,Saturday,20,10,Autumn,0
10023456784,2024-10-05 21:00:00,2024-10-05,21:00:00,1.6739,Saturday,21,10,Autumn,0
10023456784,2024-10-05 22:00:00,2024-10-05,22:00:00,1.2116,Saturday,22,10,Autumn,0
10023456784,2024-10-05 23:00:00,2024-10-05,23:00:00,0.7701,Saturday,23,10,Autumn,0
10023456784,2024-10-06 00:00:00,2024-10-06,00:00:00,0.5529,Sunday,0,10,Autumn,0
10023456784,2024-10-06 01:00:00,2024-10-06,01:00:00,0.4326,Sunday,1,10,Autumn,0
10023456784,2024-10-06 02:00:00,2024-10-06,02:00:00,0.3837,Sunday,2,10,Autumn,0
10023456784,2024-10-06 03:00:00,2024-10-06,03:00:00,0.4127,Sunday,3,10,Autumn,0
10023456784,2024-10-06 04:00:00,2024-10-06,04:00:00,0.3321,Sunday,4,10,Autumn,0
10023456784,2024-10-06 05:00:00,2024-10-06,05:00:00,3.4753,Sunday,5,10,Autumn,1
10023456784,2024-10-06 06:00:00,2024-10-06,06:00:00,0.6469,Sunday,6,10,Autumn,0
10023456784,2024-10-06 07:00:00,2024-10-06,07:00:00,0.9264,Sunday,7,10,Autumn,0
10023456784,2024-10-06 08:00:00,2024-10-06,08:00:00,1.5135,Sunday,8,10,Autumn,0
10023456784,2024-10-06 09:00:00,2024-10-06,09:00:00,2.0508,Sunday,9,10,Autumn,0
10023456784,2024-10-06 10:00:00,2024-10-06,10:00:00,1.5306,Sunday,10,10,Autumn,0
10023456784,2024-10-06 11:00:00,2024-10-06,11:00:00,1.2844,Sunday,11,10,Autumn,0
10023456784,2024-10-06 12:00:00,2024-10-06,12:00:00,1.3580,Sunday,12,10,Autumn,0
10023456784,2024-10-06 13:00:00,2024-10-06,13:00:00,1.3781,Sunday,13,10,Autumn,0
10023456784,2024-10-06 14:00:00,2024-10-06,14:00:00,1.2761,Sunday,14,10,Autumn,0
10023456784,2024-10-06 15:00:00,2024-10-06,15:00:00,1.2369,Sunday,15,10,Autumn,0
10023456784,2024-10-06 16:00:00,2024-10-06,16:00:00,1.4011,Sunday,16,10,Autumn,0
10023456784,2024-10-06 17:00:00,2024-10-06,17:00:00,1.5841,Sunday,17,10,Autumn,0
10023456784,2024-10-06 18:00:00,2024-10-06,18:00:00,2.0013,Sunday,18,10,Autumn,0
10023456784,2024-10-06 19:00:00,2024-10-06,19:00:00,2.1505,Sunday,19,10,Autumn,0
10023456784,2024-10-06 20:00:00,2024-10-06,20:00:00,1.8932,Sunday,20,10,Autumn,0
10023456784,2024-10-06 21:00:00,2024-10-06,21:00:00,1.9803,Sunday,21,10,Autumn,0
10023456784,2024-10-06 22:00:00,2024-10-06,22:00:00,0.2561,Sunday,22,10,Autumn,1
10023456784,2024-10-06 23:00:00,2024-10-06,23:00:00,1.0661,Sunday,23,10,Autumn,0
10023456784,2024-10-07 00:00:00,2024-10-07,00:00:00,0.4325,Monday,0,10,Autumn,0
10023456784,2024-10-07 01:00:00,2024-10-07,01:00:00,0.3631,Monday,1,10,Autumn,0
10023456784,2024-10-07 02:00:00,2024-10-07,02:00:00,0.2723,Monday,2,10,Autumn,0
10023456784,2024-10-07 03:00:00,2024-10-07,03:00:00,0.3431,Monday,3,10,Autumn,0
10023456784,2024-10-07 04:00:00,2024-10-07,04:00:00,0.3367,Monday,4,10,Autumn,0
10023456784,2024-10-07 05:00:00,2024-10-07,05:00:00,0.5936,Monday,5,10,Autumn,0
10023456784,2024-10-07 06:00:00,2024-10-07,06:00:00,1.0425,Monday,6,10,Autumn,0
10023456784,2024-10-07 07:00:00,2024-10-07,07:00:00,1.3607,Monday,7,10,Autumn,0
10023456784,2024-10-07 08:00:00,2024-10-07,08:00:00,1.3659,Monday,8,10,Autumn,0
10023456784,2024-10-07 09:00:00,2024-10-07,09:00:00,1.2456,Monday,9,10,Autumn,0
10023456784,2024-10-07 10:00:00,2024-10-07,10:00:00,0.9242,Monday,10,10,Autumn,0
10023456784,2024-10-07 11:00:00,2024-10-07,11:00:00,0.9344,Monday,11,10,Autumn,0
10023456784,2024-10-07 12:00:00,2024-10-07,12:00:00,1.0978,Monday,12,10,Autumn,0
10023456784,2024-10-07 13:00:00,2024-10-07,13:00:00,1.0022,Monday,13,10,Autumn,0
10023456784,2024-10-07 14:00:00,2024-10-07,14:00:00,1.1499,Monday,14,10,Autumn,0
10023456784,2024-10-07 15:00:00,2024-10-07,15:00:00,1.2616,Monday,15,10,Autumn,0
10023456784,2024-10-07 16:00:00,2024-10-07,16:00:00,1.1580,Monday,16,10,Autumn,0
10023456784,2024-10-07 17:00:00,2024-10-07,17:00:00,1.3634,Monday,17,10,Autumn,0
10023456784,2024-10-07 18:00:00,2024-10-07,18:00:00,2.4785,Monday,18,10,Autumn,0
10023456784,2024-10-07 19:00:00,2024-10-07,19:00:00,1.9140,Monday,19,10,Autumn,0
10023456784,2024-10-07 20:00:00,2024-10-07,20:00:00,2.2224,Monday,20,10,Autumn,0
10023456784,2024-10-07 21:00:00,2024-10-07,21:00:00,1.7792,Monday,21,10,Autumn,0
10023456784,2024-10-07 22:00:00,2024-10-07,22:00:00,1.2016,Monday,22,10,Autumn,0
10023456784,2024-10-07 23:00:00,2024-10-07,23:00:00,0.8329,Monday,23,10,Autumn,0
10023456784,2024-10-08 00:00:00,2024-10-08,00:00:00,0.4142,Tuesday,0,10,Autumn,0
10023456784,2024-10-08 01:00:00,2024-10-08,01:00:00,0.3694,Tuesday,1,10,Autumn,0
10023456784,2024-10-08 02:00:00,2024-10-08,02:00:00,0.3704,Tuesday,2,10,Autumn,0
10023456784,2024-10-08 03:00:00,2024-10-08,03:00:00,0.3549,Tuesday,3,10,Autumn,0
10023456784,2024-10-08 04:00:00,2024-10-08,04:00:00,0.2964,Tuesday,4,10,Autumn,0
10023456784,2024-10-08 05:00:00,2024-10-08,05:00:00,0.5924,Tuesday,5,10,Autumn,0
10023456784,2024-10-08 06:00:00,2024-10-08,06:00:00,0.9621,Tuesday,6,10,Autumn,0
10023456784,2024-10-08 07:00:00,2024-10-08,07:00:00,1.4869,Tuesday,7,10,Autumn,0
10023456784,2024-10-08 08:00:00,2024-10-08,08:00:00,1.5708,Tuesday,8,10,Autumn,0
10023456784,2024-10-08 09:00:00,2024-10-08,09:00:00,1.4695,Tuesday,9,10,Autumn,0
10023456784,2024-10-08 10:00:00,2024-10-08,10:00:00,1.1159,Tuesday,10,10,Autumn,0
10023456784,2024-10-08 11:00:00,2024-10-08,11:00:00,0.9145,Tuesday,11,10,Autumn,0
10023456784,2024-10-08 12:00:00,2024-10-08,12:00:00,1.0439,Tuesday,12,10,Autumn,0
10023456784,2024-10-08 13:00:00,2024-10-08,13:00:00,0.8329,Tuesday,13,10,Autumn,0
10023456784,2024-10-08 14:00:00,2024-10-08,14:00:00,1.0396,Tuesday,14,10,Autumn,0
10023456784,2024-10-08 15:00:00,2024-10-08,15:00:00,1.0389,Tuesday,15,10,Autumn,0
10023456784,2024-10-08 16:00:00,2024-10-08,16:00:00,1.2461,Tuesday,16,10,Autumn,0
10023456784,2024-10-08 17:00:00,2024-10-08,17:00:00,4.6079,Tuesday,17,10,Autumn,1
10023456784,2024-10-08 18:00:00,2024-10-08,18:00:00,1.9961,Tuesday,18,10,Autumn,0
10023456784,2024-10-08 19:00:00,2024-10-08,19:00:00,2.0028,Tuesday,19,10,Autumn,0
10023456784,2024-10-08 20:00:00,2024-10-08,20:00:00,2.1205,Tuesday,20,10,Autumn,0
10023456784,2024-10-08 21:00:00,2024-10-08,21:00:00,1.8639,Tuesday,21,10,Autumn,0
10023456784,2024-10-08 22:00:00,2024-10-08,22:00:00,1.1650,Tuesday,22,10,Autumn,0
10023456784,2024-10-08 23:00:00,2024-10-08,23:00:00,0.7443,Tuesday,23,10,Autumn,0
10023456784,2024-10-09 00:00:00,2024-10-09,00:00:00,0.4517,Wednesday,0,10,Autumn,0
10023456784,2024-10-09 01:00:00,2024-10-09,01:00:00,0.4873,Wednesday,1,10,Autumn,0
10023456784,2024-10-09 02:00:00,2024-10-09,02:00:00,0.3926,Wednesday,2,10,Autumn,0
10023456784,2024-10-09 03:00:00,2024-10-09,03:00:00,0.3723,Wednesday,3,10,Autumn,0
10023456784,2024-10-09 04:00:00,2024-10-09,04:00:00,0.5137,Wednesday,4,10,Autumn,0
10023456784,2024-10-09 05:00:00,2024-10-09,05:00:00,0.6409,Wednesday,5,10,Autumn,0
10023456784,2024-10-09 06:00:00,2024-10-09,06:00:00,1.1627,Wednesday,6,10,Autumn,0
10023456784,2024-10-09 07:00:00,2024-10-09,07:00:00,1.5234,Wednesday,7,10,Autumn,0
10023456784,2024-10-09 08:00:00,2024-10-09,08:00:00,1.8448,Wednesday,8,10,Autumn,0
10023456784,2024-10-09 09:00:00,2024-10-09,09:00:00,1.8092,Wednesday,9,10,Autumn,0
10023456784,2024-10-09 10:00:00,2024-10-09,10:00:00,1.5434,Wednesday,10,10,Autumn,0
10023456784,2024-10-09 11:00:00,2024-10-09,11:00:00,1.2641,Wednesday,11,10,Autumn,0
10023456784,2024-10-09 12:00:00,2024-10-09,12:00:00,1.2059,Wednesday,12,10,Autumn,0
10023456784,2024-10-09 13:00:00,2024-10-09,13:00:00,1.1480,Wednesday,13,10,Autumn,0
10023456784,2024-10-09 14:00:00,2024-10-09,14:00:00,1.5289,Wednesday,14,10,Autumn,0
10023456784,2024-10-09 15:00:00,2024-10-09,15:00:00,1.4763,Wednesday,15,10,Autumn,0
10023456784,2024-10-09 16:00:00,2024-10-09,16:00:00,1.5230,Wednesday,16,10,Autumn,0
10023456784,2024-10-09 17:00:00,2024-10-09,17:00:00,1.7110,Wednesday,17,10,Autumn,0
10023456784,2024-10-09 18:00:00,2024-10-09,18:00:00,2.4321,Wednesday,18,10,Autumn,0
10023456784,2024-10-09 19:00:00,2024-10-09,19:00:00,2.6361,Wednesday,19,10,Autumn,0
10023456784,2024-10-09 20:00:00,2024-10-09,20:00:00,2.6255,Wednesday,20,10,Autumn,0
10023456784,2024-10-09 21:00:00,2024-10-09,21:00:00,2.1947,Wednesday,21,10,Autumn,0
10023456784,2024-10-09 22:00:00,2024-10-09,22:00:00,1.7799,Wednesday,22,10,Autumn,0
10023456784,2024-10-09 23:00:00,2024-10-09,23:00:00,0.9127,Wednesday,23,10,Autumn,0
10023456784,2024-10-10 00:00:00,2024-10-10,00:00:00,0.6429,Thursday,0,10,Autumn,0
10023456784,2024-10-10 01:00:00,2024-10-10,01:00:00,0.6632,Thursday,1,10,Autumn,0
10023456784,2024-10-10 02:00:00,2024-10-10,02:00:00,0.5096,Thursday,2,10,Autumn,0
10023456784,2024-10-10 03:00:00,2024-10-10,03:00:00,0.4983,Thursday,3,10,Autumn,0
10023456784,2024-10-10 04:00:00,2024-10-10,04:00:00,0.4524,Thursday,4,10,Autumn,0
10023456784,2024-10-10 05:00:00,2024-10-10,05:00:00,0.8045,Thursday,5,10,Autumn,0
10023456784,2024-10-10 06:00:00,2024-10-10,06:00:00,1.3116,Thursday,6,10,Autumn,0
10023456784,2024-10-10 07:00:00,2024-10-10,07:00:00,1.7745,Thursday,7,10,Autumn,0
10023456784,2024-10-10 08:00:00,2024-10-10,08:00:00,2.6833,Thursday,8,10,Autumn,0
10023456784,2024-10-10 09:00:00,2024-10-10,09:00:00,1.7566,Thursday,9,10,Autumn,0
10023456784,2024-10-10 10:00:00,2024-10-10,10:00:00,1.4158,Thursday,10,10,Autumn,0
10023456784,2024-10-10 11:00:00,2024-10-10,11:00:00,1.1811,Thursday,11,10,Autumn,0
10023456784,2024-10-10 12:00:00,2024-10-10,12:00:00,1.6363,Thursday,12,10,Autumn,0
10023456784,2024-10-10 13:00:00,2024-10-10,13:00:00,1.5184,Thursday,13,10,Autumn,0
10023456784,2024-10-10 14:00:00,2024-10-10,14:00:00,1.3011,Thursday,14,10,Autumn,0
10023456784,2024-10-10 15:00:00,2024-10-10,15:00:00,1.3215,Thursday,15,10,Autumn,0
10023456784,2024-10-10 16:00:00,2024-10-10,16:00:00,1.5190,Thursday,16,10,Autumn,0
10023456784,2024-10-10 17:00:00,2024-10-10,17:00:00,2.1491,Thursday,17,10,Autumn,0
10023456784,2024-10-10 18:00:00,2024-10-10,18:00:00,2.7212,Thursday,18,10,Autumn,0
10023456784,2024-10-10 19:00:00,2024-10-10,19:00:00,3.8107,Thursday,19,10,Autumn,0
10023456784,2024-10-10 20:00:00,2024-10-10,20:00:00,2.5683,Thursday,20,10,Autumn,0
10023456784,2024-10-10 21:00:00,2024-10-10,21:00:00,2.6798,Thursday,21,10,Autumn,0
10023456784,2024-10-10 22:00:00,2024-10-10,22:00:00,1.8280,Thursday,22,10,Autumn,0
10023456784,2024-10-10 23:00:00,2024-10-10,23:00:00,1.1841,Thursday,23,10,Autumn,0
10023456784,2024-10-11 00:00:00,2024-10-11,00:00:00,0.4675,Friday,0,10,Autumn,0
10023456784,2024-10-11 01:00:00,2024-10-11,01:00:00,0.3365,Friday,1,10,Autumn,0
10023456784,2024-10-11 02:00:00,2024-10-11,02:00:00,0.2873,Friday,2,10,Autumn,0
10023456784,2024-10-11 03:00:00,2024-10-11,03:00:00,0.3563,Friday,3,10,Autumn,0
10023456784,2024-10-11 04:00:00,2024-10-11,04:00:00,0.3966,Friday,4,10,Autumn,0
10023456784,2024-10-11 05:00:00,2024-10-11,05:00:00,0.5387,Friday,5,10,Autumn,0
10023456784,2024-10-11 06:00:00,2024-10-11,06:00:00,0.8910,Friday,6,10,Autumn,0
10023456784,2024-10-11 07:00:00,2024-10-11,07:00:00,1.4776,Friday,7,10,Autumn,0
10023456784,2024-10-11 08:00:00,2024-10-11,08:00:00,1.8120,Friday,8,10,Autumn,0
10023456784,2024-10-11 09:00:00,2024-10-11,09:00:00,1.2505,Friday,9,10,Autumn,0
10023456784,2024-10-11 10:00:00,2024-10-11,10:00:00,1.0058,Friday,10,10,Autumn,0
10023456784,2024-10-11 11:00:00,2024-10-11,11:00:00,0.9252,Friday,11,10,Autumn,0
10023456784,2024-10-11 12:00:00,2024-10-11,12:00:00,1.0478,Friday,12,10,Autumn,0
10023456784,2024-10-11 13:00:00,2024-10-11,13:00:00,0.8412,Friday,13,10,Autumn,0
10023456784,2024-10-11 14:00:00,2024-10-11,14:00:00,1.0763,Friday,14,10,Autumn,0
10023456784,2024-10-11 15:00:00,2024-10-11,15:00:00,1.0681,Friday,15,10,Autumn,0
10023456784,2024-10-11 16:00:00,2024-10-11,16:00:00,0.9287,Friday,16,10,Autumn,0
10023456784,2024-10-11 17:00:00,2024-10-11,17:00:00,1.4170,Friday,17,10,Autumn,0
10023456784,2024-10-11 18:00:00,2024-10-11,18:00:00,2.1905,Friday,18,10,Autumn,0
10023456784,2024-10-11 19:00:00,2024-10-11,19:00:00,2.3977,Friday,19,10,Autumn,0
10023456784,2024-10-11 20:00:00,2024-10-11,20:00:00,2.1776,Friday,20,10,Autumn,0
10023456784,2024-10-11 21:00:00,2024-10-11,21:00:00,1.7227,Friday,21,10,Autumn,0
10023456784,2024-10-11 22:00:00,2024-10-11,22:00:00,1.4879,Friday,22,10,Autumn,0
10023456784,2024-10-11 23:00:00,2024-10-11,23:00:00,0.7203,Friday,23,10,Autumn,0
10023456784,2024-10-12 00:00:00,2024-10-12,00:00:00,0.7876,Saturday,0,10,Autumn,0
10023456784,2024-10-12 01:00:00,2024-10-12,01:00:00,0.7011,Saturday,1,10,Autumn,0
10023456784,2024-10-12 02:00:00,2024-10-12,02:00:00,0.5004,Saturday,2,10,Autumn,0
10023456784,2024-10-12 03:00:00,2024-10-12,03:00:00,0.4412,Saturday,3,10,Autumn,0
10023456784,2024-10-12 04:00:00,2024-10-12,04:00:00,0.6194,Saturday,4,10,Autumn,0
10023456784,2024-10-12 05:00:00,2024-10-12,05:00:00,0.8790,Saturday,5,10,Autumn,0
10023456784,2024-10-12 06:00:00,2024-10-12,06:00:00,2.9345,Saturday,6,10,Autumn,1
10023456784,2024-10-12 07:00:00,2024-10-12,07:00:00,4.1301,Saturday,7,10,Autumn,1
10023456784,2024-10-12 08:00:00,2024-10-12,08:00:00,5.6386,Saturday,8,10,Autumn,1
10023456784,2024-10-12 09:00:00,2024-10-12,09:00:00,6.7928,Saturday,9,10,Autumn,1
10023456784,2024-10-12 10:00:00,2024-10-12,10:00:00,7.3911,Saturday,10,10,Autumn,1
10023456784,2024-10-12 11:00:00,2024-10-12,11:00:00,6.8049,Saturday,11,10,Autumn,1
10023456784,2024-10-12 12:00:00,2024-10-12,12:00:00,1.8899,Saturday,12,10,Autumn,0
10023456784,2024-10-12 13:00:00,2024-10-12,13:00:00,1.8036,Saturday,13,10,Autumn,0
10023456784,2024-10-12 14:00:00,2024-10-12,14:00:00,1.7752,Saturday,14,10,Autumn,0
10023456784,2024-10-12 15:00:00,2024-10-12,15:00:00,1.6087,Saturday,15,10,Autumn,0
10023456784,2024-10-12 16:00:00,2024-10-12,16:00:00,1.9733,Saturday,16,10,Autumn,0
10023456784,2024-10-12 17:00:00,2024-10-12,17:00:00,2.5562,Saturday,17,10,Autumn,0
10023456784,2024-10-12 18:00:00,2024-10-12,18:00:00,3.5411,Saturday,18,10,Autumn,0
10023456784,2024-10-12 19:00:00,2024-10-12,19:00:00,3.1667,Saturday,19,10,Autumn,0
10023456784,2024-10-12 20:00:00,2024-10-12,20:00:00,2.3518,Saturday,20,10,Autumn,0
10023456784,2024-10-12 21:00:00,2024-10-12,21:00:00,3.2804,Saturday,21,10,Autumn,0
10023456784,2024-10-12 22:00:00,2024-10-12,22:00:00,2.1539,Saturday,22,10,Autumn,0
10023456784,2024-10-12 23:00:00,2024-10-12,23:00:00,1.3956,Saturday,23,10,Autumn,0
10023456784,2024-10-13 00:00:00,2024-10-13,00:00:00,0.5303,Sunday,0,10,Autumn,0
10023456784,2024-10-13 01:00:00,2024-10-13,01:00:00,0.4574,Sunday,1,10,Autumn,0
10023456784,2024-10-13 02:00:00,2024-10-13,02:00:00,0.4712,Sunday,2,10,Autumn,0
10023456784,2024-10-13 03:00:00,2024-10-13,03:00:00,0.3794,Sunday,3,10,Autumn,0
10023456784,2024-10-13 04:00:00,2024-10-13,04:00:00,0.4416,Sunday,4,10,Autumn,0
10023456784,2024-10-13 05:00:00,2024-10-13,05:00:00,0.6373,Sunday,5,10,Autumn,0
10023456784,2024-10-13 06:00:00,2024-10-13,06:00:00,0.8548,Sunday,6,10,Autumn,0
10023456784,2024-10-13 07:00:00,2024-10-13,07:00:00,1.4690,Sunday,7,10,Autumn,0
10023456784,2024-10-13 08:00:00,2024-10-13,08:00:00,1.8392,Sunday,8,10,Autumn,0
10023456784,2024-10-13 09:00:00,2024-10-13,09:00:00,1.8992,Sunday,9,10,Autumn,0
10023456784,2024-10-13 10:00:00,2024-10-13,10:00:00,1.7025,Sunday,10,10,Autumn,0
10023456784,2024-10-13 11:00:00,2024-10-13,11:00:00,1.5841,Sunday,11,10,Autumn,0
10023456784,2024-10-13 12:00:00,2024-10-13,12:00:00,1.5669,Sunday,12,10,Autumn,0
10023456784,2024-10-13 13:00:00,2024-10-13,13:00:00,1.5433,Sunday,13,10,Autumn,0
10023456784,2024-10-13 14:00:00,2024-10-13,14:00:00,1.4203,Sunday,14,10,Autumn,0
10023456784,2024-10-13 15:00:00,2024-10-13,15:00:00,1.1878,Sunday,15,10,Autumn,0
10023456784,2024-10-13 16:00:00,2024-10-13,16:00:00,1.5410,Sunday,16,10,Autumn,0
10023456784,2024-10-13 17:00:00,2024-10-13,17:00:00,1.9035,Sunday,17,10,Autumn,0
10023456784,2024-10-13 18:00:00,2024-10-13,18:00:00,2.1926,Sunday,18,10,Autumn,0
10023456784,2024-10-13 19:00:00,2024-10-13,19:00:00,2.1900,Sunday,19,10,Autumn,0
10023456784,2024-10-13 20:00:00,2024-10-13,20:00:00,2.2079,Sunday,20,10,Autumn,0
10023456784,2024-10-13 21:00:00,2024-10-13,21:00:00,1.7064,Sunday,21,10,Autumn,0
10023456784,2024-10-13 22:00:00,2024-10-13,22:00:00,1.9598,Sunday,22,10,Autumn,0
10023456784,2024-10-13 23:00:00,2024-10-13,23:00:00,1.0784,Sunday,23,10,Autumn,0
10023456784,2024-10-14 00:00:00,2024-10-14,00:00:00,0.4023,Monday,0,10,Autumn,0
10023456784,2024-10-14 01:00:00,2024-10-14,01:00:00,0.4255,Monday,1,10,Autumn,0
10023456784,2024-10-14 02:00:00,2024-10-14,02:00:00,0.2856,Monday,2,10,Autumn,0
10023456784,2024-10-14 03:00:00,2024-10-14,03:00:00,0.3974,Monday,3,10,Autumn,0
10023456784,2024-10-14 04:00:00,2024-10-14,04:00:00,0.3713,Monday,4,10,Autumn,0
10023456784,2024-10-14 05:00:00,2024-10-14,05:00:00,0.5085,Monday,5,10,Autumn,0
10023456784,2024-10-14 06:00:00,2024-10-14,06:00:00,0.9774,Monday,6,10,Autumn,0
10023456784,2024-10-14 07:00:00,2024-10-14,07:00:00,1.4288,Monday,7,10,Autumn,0
10023456784,2024-10-14 08:00:00,2024-10-14,08:00:00,1.1179,Monday,8,10,Autumn,0
10023456784,2024-10-14 09:00:00,2024-10-14,09:00:00,1.2188,Monday,9,10,Autumn,0
10023456784,2024-10-14 10:00:00,2024-10-14,10:00:00,1.0085,Monday,10,10,Autumn,0
10023456784,2024-10-14 11:00:00,2024-10-14,11:00:00,0.9414,Monday,11,10,Autumn,0
10023456784,2024-10-14 12:00:00,2024-10-14,12:00:00,0.9107,Monday,12,10,Autumn,0
10023456784,2024-10-14 13:00:00,2024-10-14,13:00:00,0.9213,Monday,13,10,Autumn,0
10023456784,2024-10-14 14:00:00,2024-10-14,14:00:00,0.7236,Monday,14,10,Autumn,0
10023456784,2024-10-14 15:00:00,2024-10-14,15:00:00,1.0708,Monday,15,10,Autumn,0
10023456784,2024-10-14 16:00:00,2024-10-14,16:00:00,0.9291,Monday,16,10,Autumn,0
10023456784,2024-10-14 17:00:00,2024-10-14,17:00:00,1.3332,Monday,17,10,Autumn,0
10023456784,2024-10-14 18:00:00,2024-10-14,18:00:00,1.6974,Monday,18,10,Autumn,0
10023456784,2024-10-14 19:00:00,2024-10-14,19:00:00,1.9047,Monday,19,10,Autumn,0
10023456784,2024-10-14 20:00:00,2024-10-14,20:00:00,1.8723,Monday,20,10,Autumn,0
10023456784,2024-10-14 21:00:00,2024-10-14,21:00:00,1.8547,Monday,21,10,Autumn,0
10023456784,2024-10-14 22:00:00,2024-10-14,22:00:00,1.1822,Monday,22,10,Autumn,0
10023456784,2024-10-14 23:00:00,2024-10-14,23:00:00,0.8153,Monday,23,10,Autumn,0
10023456784,2024-10-15 00:00:00,2024-10-15,00:00:00,0.5619,Tuesday,0,10,Autumn,0
10023456784,2024-10-15 01:00:00,2024-10-15,01:00:00,0.5629,Tuesday,1,10,Autumn,0
10023456784,2024-10-15 02:00:00,2024-10-15,02:00:00,0.5633,Tuesday,2,10,Autumn,0
10023456784,2024-10-15 03:00:00,2024-10-15,03:00:00,0.3832,Tuesday,3,10,Autumn,0
10023456784,2024-10-15 04:00:00,2024-10-15,04:00:00,0.4936,Tuesday,4,10,Autumn,0
10023456784,2024-10-15 05:00:00,2024-10-15,05:00:00,0.6431,Tuesday,5,10,Autumn,0
10023456784,2024-10-15 06:00:00,2024-10-15,06:00:00,1.3318,Tuesday,6,10,Autumn,0
10023456784,2024-10-15 07:00:00,2024-10-15,07:00:00,1.8284,Tuesday,7,10,Autumn,0
10023456784,2024-10-15 08:00:00,2024-10-15,08:00:00,1.7874,Tuesday,8,10,Autumn,0
10023456784,2024-10-15 09:00:00,2024-10-15,09:00:00,1.5537,Tuesday,9,10,Autumn,0
10023456784,2024-10-15 10:00:00,2024-10-15,10:00:00,1.5718,Tuesday,10,10,Autumn,0
10023456784,2024-10-15 11:00:00,2024-10-15,11:00:00,1.0533,Tuesday,11,10,Autumn,0
10023456784,2024-10-15 12:00:00,2024-10-15,12:00:00,1.1316,Tuesday,12,10,Autumn,0
10023456784,2024-10-15 13:00:00,2024-10-15,13:00:00,1.1863,Tuesday,13,10,Autumn,0
10023456784,2024-10-15 14:00:00,2024-10-15,14:00:00,1.2632,Tuesday,14,10,Autumn,0
10023456784,2024-10-15 15:00:00,2024-10-15,15:00:00,1.4817,Tuesday,15,10,Autumn,0
10023456784,2024-10-15 16:00:00,2024-10-15,16:00:00,1.3480,Tuesday,16,10,Autumn,0
10023456784,2024-10-15 17:00:00,2024-10-15,17:00:00,2.2625,Tuesday,17,10,Autumn,0
10023456784,2024-10-15 18:00:00,2024-10-15,18:00:00,2.6181,Tuesday,18,10,Autumn,0
10023456784,2024-10-15 19:00:00,2024-10-15,19:00:00,2.8154,Tuesday,19,10,Autumn,0
10023456784,2024-10-15 20:00:00,2024-10-15,20:00:00,2.9624,Tuesday,20,10,Autumn,0
10023456784,2024-10-15 21:00:00,2024-10-15,21:00:00,2.6364,Tuesday,21,10,Autumn,0
10023456784,2024-10-15 22:00:00,2024-10-15,22:00:00,1.5934,Tuesday,22,10,Autumn,0
10023456784,2024-10-15 23:00:00,2024-10-15,23:00:00,1.1399,Tuesday,23,10,Autumn,0
10023456784,2024-10-16 00:00:00,2024-10-16,00:00:00,0.4172,Wednesday,0,10,Autumn,0
10023456784,2024-10-16 01:00:00,2024-10-16,01:00:00,0.2219,Wednesday,1,10,Autumn,0
10023456784,2024-10-16 02:00:00,2024-10-16,02:00:00,0.3990,Wednesday,2,10,Autumn,0
10023456784,2024-10-16 03:00:00,2024-10-16,03:00:00,0.2220,Wednesday,3,10,Autumn,0
10023456784,2024-10-16 04:00:00,2024-10-16,04:00:00,0.4438,Wednesday,4,10,Autumn,0
10023456784,2024-10-16 05:00:00,2024-10-16,05:00:00,0.4346,Wednesday,5,10,Autumn,0
10023456784,2024-10-16 06:00:00,2024-10-16,06:00:00,0.9599,Wednesday,6,10,Autumn,0
10023456784,2024-10-16 07:00:00,2024-10-16,07:00:00,1.1998,Wednesday,7,10,Autumn,0
10023456784,2024-10-16 08:00:00,2024-10-16,08:00:00,1.2044,Wednesday,8,10,Autumn,0
10023456784,2024-10-16 09:00:00,2024-10-16,09:00:00,1.2146,Wednesday,9,10,Autumn,0
10023456784,2024-10-16 10:00:00,2024-10-16,10:00:00,1.0544,Wednesday,10,10,Autumn,0
10023456784,2024-10-16 11:00:00,2024-10-16,11:00:00,0.6748,Wednesday,11,10,Autumn,0
10023456784,2024-10-16 12:00:00,2024-10-16,12:00:00,0.8070,Wednesday,12,10,Autumn,0
10023456784,2024-10-16 13:00:00,2024-10-16,13:00:00,0.9145,Wednesday,13,10,Autumn,0
10023456784,2024-10-16 14:00:00,2024-10-16,14:00:00,0.7711,Wednesday,14,10,Autumn,0
10023456784,2024-10-16 15:00:00,2024-10-16,15:00:00,0.8556,Wednesday,15,10,Autumn,0
10023456784,2024-10-16 16:00:00,2024-10-16,16:00:00,0.8908,Wednesday,16,10,Autumn,0
10023456784,2024-10-16 17:00:00,2024-10-16,17:00:00,1.4886,Wednesday,17,10,Autumn,0
10023456784,2024-10-16 18:00:00,2024-10-16,18:00:00,2.0299,Wednesday,18,10,Autumn,0
10023456784,2024-10-16 19:00:00,2024-10-16,19:00:00,1.8965,Wednesday,19,10,Autumn,0
10023456784,2024-10-16 20:00:00,2024-10-16,20:00:00,2.2369,Wednesday,20,10,Autumn,0
10023456784,2024-10-16 21:00:00,2024-10-16,21:00:00,1.6733,Wednesday,21,10,Autumn,0
10023456784,2024-10-16 22:00:00,2024-10-16,22:00:00,1.4896,Wednesday,22,10,Autumn,0
10023456784,2024-10-16 23:00:00,2024-10-16,23:00:00,0.7664,Wednesday,23,10,Autumn,0
10023456784,2024-10-17 00:00:00,2024-10-17,00:00:00,0.3760,Thursday,0,10,Autumn,0
10023456784,2024-10-17 01:00:00,2024-10-17,01:00:00,0.2824,Thursday,1,10,Autumn,0
10023456784,2024-10-17 02:00:00,2024-10-17,02:00:00,0.3036,Thursday,2,10,Autumn,0
10023456784,2024-10-17 03:00:00,2024-10-17,03:00:00,0.2945,Thursday,3,10,Autumn,0
10023456784,2024-10-17 04:00:00,2024-10-17,04:00:00,0.3585,Thursday,4,10,Autumn,0
10023456784,2024-10-17 05:00:00,2024-10-17,05:00:00,0.3734,Thursday,5,10,Autumn,0
10023456784,2024-10-17 06:00:00,2024-10-17,06:00:00,0.7393,Thursday,6,10,Autumn,0
10023456784,2024-10-17 07:00:00,2024-10-17,07:00:00,0.9144,Thursday,7,10,Autumn,0
10023456784,2024-10-17 08:00:00,2024-10-17,08:00:00,3.6482,Thursday,8,10,Autumn,1
10023456784,2024-10-17 09:00:00,2024-10-17,09:00:00,0.9122,Thursday,9,10,Autumn,0
10023456784,2024-10-17 10:00:00,2024-10-17,10:00:00,0.7433,Thursday,10,10,Autumn,0
10023456784,2024-10-17 11:00:00,2024-10-17,11:00:00,0.7865,Thursday,11,10,Autumn,0
10023456784,2024-10-17 12:00:00,2024-10-17,12:00:00,0.6089,Thursday,12,10,Autumn,0
10023456784,2024-10-17 13:00:00,2024-10-17,13:00:00,0.8950,Thursday,13,10,Autumn,0
10023456784,2024-10-17 14:00:00,2024-10-17,14:00:00,0.8498,Thursday,14,10,Autumn,0
10023456784,2024-10-17 15:00:00,2024-10-17,15:00:00,0.8290,Thursday,15,10,Autumn,0
10023456784,2024-10-17 16:00:00,2024-10-17,16:00:00,0.9402,Thursday,16,10,Autumn,0
10023456784,2024-10-17 17:00:00,2024-10-17,17:00:00,1.0866,Thursday,17,10,Autumn,0
10023456784,2024-10-17 18:00:00,2024-10-17,18:00:00,1.4107,Thursday,18,10,Autumn,0
10023456784,2024-10-17 19:00:00,2024-10-17,19:00:00,1.7561,Thursday,19,10,Autumn,0
10023456784,2024-10-17 20:00:00,2024-10-17,20:00:00,1.8158,Thursday,20,10,Autumn,0
10023456784,2024-10-17 21:00:00,2024-10-17,21:00:00,1.0733,Thursday,21,10,Autumn,0
10023456784,2024-10-17 22:00:00,2024-10-17,22:00:00,1.0848,Thursday,22,10,Autumn,0
10023456784,2024-10-17 23:00:00,2024-10-17,23:00:00,0.5651,Thursday,23,10,Autumn,0
10023456784,2024-10-18 00:00:00,2024-10-18,00:00:00,0.2797,Friday,0,10,Autumn,0
10023456784,2024-10-18 01:00:00,2024-10-18,01:00:00,0.3703,Friday,1,10,Autumn,0
10023456784,2024-10-18 02:00:00,2024-10-18,02:00:00,0.3404,Friday,2,10,Autumn,0
10023456784,2024-10-18 03:00:00,2024-10-18,03:00:00,0.2928,Friday,3,10,Autumn,0
10023456784,2024-10-18 04:00:00,2024-10-18,04:00:00,0.3985,Friday,4,10,Autumn,0
10023456784,2024-10-18 05:00:00,2024-10-18,05:00:00,0.5765,Friday,5,10,Autumn,0
10023456784,2024-10-18 06:00:00,2024-10-18,06:00:00,0.8113,Friday,6,10,Autumn,0
10023456784,2024-10-18 07:00:00,2024-10-18,07:00:00,1.1106,Friday,7,10,Autumn,0
10023456784,2024-10-18 08:00:00,2024-10-18,08:00:00,1.2975,Friday,8,10,Autumn,0
10023456784,2024-10-18 09:00:00,2024-10-18,09:00:00,0.8577,Friday,9,10,Autumn,0
10023456784,2024-10-18 10:00:00,2024-10-18,10:00:00,1.1196,Friday,10,10,Autumn,0
10023456784,2024-10-18 11:00:00,2024-10-18,11:00:00,0.7012,Friday,11,10,Autumn,0
10023456784,2024-10-18 12:00:00,2024-10-18,12:00:00,0.6853,Friday,12,10,Autumn,0
10023456784,2024-10-18 13:00:00,2024-10-18,13:00:00,1.0543,Friday,13,10,Autumn,0
10023456784,2024-10-18 14:00:00,2024-10-18,14:00:00,0.7571,Friday,14,10,Autumn,0
10023456784,2024-10-18 15:00:00,2024-10-18,15:00:00,0.9665,Friday,15,10,Autumn,0
10023456784,2024-10-18 16:00:00,2024-10-18,16:00:00,1.0795,Friday,16,10,Autumn,0
10023456784,2024-10-18 17:00:00,2024-10-18,17:00:00,1.2963,Friday,17,10,Autumn,0
10023456784,2024-10-18 18:00:00,2024-10-18,18:00:00,1.7474,Friday,18,10,Autumn,0
10023456784,2024-10-18 19:00:00,2024-10-18,19:00:00,2.1833,Friday,19,10,Autumn,0
10023456784,2024-10-18 20:00:00,2024-10-18,20:00:00,1.8872,Friday,20,10,Autumn,0
10023456784,2024-10-18 21:00:00,2024-10-18,21:00:00,1.5595,Friday,21,10,Autumn,0
10023456784,2024-10-18 22:00:00,2024-10-18,22:00:00,1.4560,Friday,22,10,Autumn,0
10023456784,2024-10-18 23:00:00,2024-10-18,23:00:00,0.6692,Friday,23,10,Autumn,0
10023456784,2024-10-19 00:00:00,2024-10-19,00:00:00,0.7538,Saturday,0,10,Autumn,0
10023456784,2024-10-19 01:00:00,2024-10-19,01:00:00,0.6173,Saturday,1,10,Autumn,0
10023456784,2024-10-19 02:00:00,2024-10-19,02:00:00,0.5399,Saturday,2,10,Autumn,0
10023456784,2024-10-19 03:00:00,2024-10-19,03:00:00,0.5653,Saturday,3,10,Autumn,0
10023456784,2024-10-19 04:00:00,2024-10-19,04:00:00,0.3957,Saturday,4,10,Autumn,0
10023456784,2024-10-19 05:00:00,2024-10-19,05:00:00,0.7553,Saturday,5,10,Autumn,0
10023456784,2024-10-19 06:00:00,2024-10-19,06:00:00,0.8006,Saturday,6,10,Autumn,0
10023456784,2024-10-19 07:00:00,2024-10-19,07:00:00,1.4615,Saturday,7,10,Autumn,0
10023456784,2024-10-19 08:00:00,2024-10-19,08:00:00,1.9910,Saturday,8,10,Autumn,0
10023456784,2024-10-19 09:00:00,2024-10-19,09:00:00,1.9377,Saturday,9,10,Autumn,0
10023456784,2024-10-19 10:00:00,2024-10-19,10:00:00,2.0158,Saturday,10,10,Autumn,0
10023456784,2024-10-19 11:00:00,2024-10-19,11:00:00,1.7822,Saturday,11,10,Autumn,0
10023456784,2024-10-19 12:00:00,2024-10-19,12:00:00,0.1930,Saturday,12,10,Autumn,1
10023456784,2024-10-19 13:00:00,2024-10-19,13:00:00,1.5046,Saturday,13,10,Autumn,0
10023456784,2024-10-19 14:00:00,2024-10-19,14:00:00,1.4920,Saturday,14,10,Autumn,0
10023456784,2024-10-19 15:00:00,2024-10-19,15:00:00,1.5279,Saturday,15,10,Autumn,0
10023456784,2024-10-19 16:00:00,2024-10-19,16:00:00,1.5814,Saturday,16,10,Autumn,0
10023456784,2024-10-19 17:00:00,2024-10-19,17:00:00,1.8343,Saturday,17,10,Autumn,0
10023456784,2024-10-19 18:00:00,2024-10-19,18:00:00,2.6934,Saturday,18,10,Autumn,0
10023456784,2024-10-19 19:00:00,2024-10-19,19:00:00,2.8373,Saturday,19,10,Autumn,0
10023456784,2024-10-19 20:00:00,2024-10-19,20:00:00,2.5222,Saturday,20,10,Autumn,0
10023456784,2024-10-19 21:00:00,2024-10-19,21:00:00,2.4390,Saturday,21,10,Autumn,0
10023456784,2024-10-19 22:00:00,2024-10-19,22:00:00,1.6763,Saturday,22,10,Autumn,0
10023456784,2024-10-19 23:00:00,2024-10-19,23:00:00,1.5864,Saturday,23,10,Autumn,0
10023456784,2024-10-20 00:00:00,2024-10-20,00:00:00,0.4802,Sunday,0,10,Autumn,0
10023456784,2024-10-20 01:00:00,2024-10-20,01:00:00,0.5244,Sunday,1,10,Autumn,0
10023456784,2024-10-20 02:00:00,2024-10-20,02:00:00,0.4617,Sunday,2,10,Autumn,0
10023456784,2024-10-20 03:00:00,2024-10-20,03:00:00,1.3976,Sunday,3,10,Autumn,1
10023456784,2024-10-20 04:00:00,2024-10-20,04:00:00,0.5385,Sunday,4,10,Autumn,0
10023456784,2024-10-20 05:00:00,2024-10-20,05:00:00,0.5161,Sunday,5,10,Autumn,0
10023456784,2024-10-20 06:00:00,2024-10-20,06:00:00,0.7827,Sunday,6,10,Autumn,0
10023456784,2024-10-20 07:00:00,2024-10-20,07:00:00,1.3145,Sunday,7,10,Autumn,0
10023456784,2024-10-20 08:00:00,2024-10-20,08:00:00,1.5494,Sunday,8,10,Autumn,0
10023456784,2024-10-20 09:00:00,2024-10-20,09:00:00,1.8252,Sunday,9,10,Autumn,0
10023456784,2024-10-20 10:00:00,2024-10-20,10:00:00,0.1517,Sunday,10,10,Autumn,1
10023456784,2024-10-20 11:00:00,2024-10-20,11:00:00,1.6397,Sunday,11,10,Autumn,0
10023456784,2024-10-20 12:00:00,2024-10-20,12:00:00,1.5109,Sunday,12,10,Autumn,0
10023456784,2024-10-20 13:00:00,2024-10-20,13:00:00,1.5407,Sunday,13,10,Autumn,0
10023456784,2024-10-20 14:00:00,2024-10-20,14:00:00,1.7361,Sunday,14,10,Autumn,0
10023456784,2024-10-20 15:00:00,2024-10-20,15:00:00,1.5992,Sunday,15,10,Autumn,0
10023456784,2024-10-20 16:00:00,2024-10-20,16:00:00,1.6483,Sunday,16,10,Autumn,0
10023456784,2024-10-20 17:00:00,2024-10-20,17:00:00,1.7153,Sunday,17,10,Autumn,0
10023456784,2024-10-20 18:00:00,2024-10-20,18:00:00,2.2582,Sunday,18,10,Autumn,0
10023456784,2024-10-20 19:00:00,2024-10-20,19:00:00,2.6417,Sunday,19,10,Autumn,0
10023456784,2024-10-20 20:00:00,2024-10-20,20:00:00,2.4390,Sunday,20,10,Autumn,0
10023456784,2024-10-20 21:00:00,2024-10-20,21:00:00,1.7915,Sunday,21,10,Autumn,0
10023456784,2024-10-20 22:00:00,2024-10-20,22:00:00,1.4534,Sunday,22,10,Autumn,0
10023456784,2024-10-20 23:00:00,2024-10-20,23:00:00,1.2115,Sunday,23,10,Autumn,0
10023456784,2024-10-21 00:00:00,2024-10-21,00:00:00,0.4316,Monday,0,10,Autumn,0
10023456784,2024-10-21 01:00:00,2024-10-21,01:00:00,0.4151,Monday,1,10,Autumn,0
10023456784,2024-10-21 02:00:00,2024-10-21,02:00:00,0.3790,Monday,2,10,Autumn,0
10023456784,2024-10-21 03:00:00,2024-10-21,03:00:00,0.2693,Monday,3,10,Autumn,0
10023456784,2024-10-21 04:00:00,2024-10-21,04:00:00,0.4506,Monday,4,10,Autumn,0
10023456784,2024-10-21 05:00:00,2024-10-21,05:00:00,0.7675,Monday,5,10,Autumn,0
10023456784,2024-10-21 06:00:00,2024-10-21,06:00:00,1.2266,Monday,6,10,Autumn,0
10023456784,2024-10-21 07:00:00,2024-10-21,07:00:00,1.5700,Monday,7,10,Autumn,0
10023456784,2024-10-21 08:00:00,2024-10-21,08:00:00,1.8178,Monday,8,10,Autumn,0
10023456784,2024-10-21 09:00:00,2024-10-21,09:00:00,1.3104,Monday,9,10,Autumn,0
10023456784,2024-10-21 10:00:00,2024-10-21,10:00:00,1.3278,Monday,10,10,Autumn,0
10023456784,2024-10-21 11:00:00,2024-10-21,11:00:00,1.0427,Monday,11,10,Autumn,0
10023456784,2024-10-21 12:00:00,2024-10-21,12:00:00,1.0214,Monday,12,10,Autumn,0
10023456784,2024-10-21 13:00:00,2024-10-21,13:00:00,1.0251,Monday,13,10,Autumn,0
10023456784,2024-10-21 14:00:00,2024-10-21,14:00:00,1.1326,Monday,14,10,Autumn,0
10023456784,2024-10-21 15:00:00,2024-10-21,15:00:00,0.9785,Monday,15,10,Autumn,0
10023456784,2024-10-21 16:00:00,2024-10-21,16:00:00,1.5339,Monday,16,10,Autumn,0
10023456784,2024-10-21 17:00:00,2024-10-21,17:00:00,1.7883,Monday,17,10,Autumn,0
10023456784,2024-10-21 18:00:00,2024-10-21,18:00:00,1.9337,Monday,18,10,Autumn,0
10023456784,2024-10-21 19:00:00,2024-10-21,19:00:00,2.7744,Monday,19,10,Autumn,0
10023456784,2024-10-21 20:00:00,2024-10-21,20:00:00,2.1991,Monday,20,10,Autumn,0
10023456784,2024-10-21 21:00:00,2024-10-21,21:00:00,1.6576,Monday,21,10,Autumn,0
10023456784,2024-10-21 22:00:00,2024-10-21,22:00:00,0.2498,Monday,22,10,Autumn,1
10023456784,2024-10-21 23:00:00,2024-10-21,23:00:00,0.7929,Monday,23,10,Autumn,0
10023456784,2024-10-22 00:00:00,2024-10-22,00:00:00,0.3169,Tuesday,0,10,Autumn,0
10023456784,2024-10-22 01:00:00,2024-10-22,01:00:00,0.3523,Tuesday,1,10,Autumn,0
10023456784,2024-10-22 02:00:00,2024-10-22,02:00:00,0.3310,Tuesday,2,10,Autumn,0
10023456784,2024-10-22 03:00:00,2024-10-22,03:00:00,0.2788,Tuesday,3,10,Autumn,0
10023456784,2024-10-22 04:00:00,2024-10-22,04:00:00,0.3189,Tuesday,4,10,Autumn,0
10023456784,2024-10-22 05:00:00,2024-10-22,05:00:00,0.5371,Tuesday,5,10,Autumn,0
10023456784,2024-10-22 06:00:00,2024-10-22,06:00:00,0.8215,Tuesday,6,10,Autumn,0
10023456784,2024-10-22 07:00:00,2024-10-22,07:00:00,1.4554,Tuesday,7,10,Autumn,0
10023456784,2024-10-22 08:00:00,2024-10-22,08:00:00,1.3961,Tuesday,8,10,Autumn,0
10023456784,2024-10-22 09:00:00,2024-10-22,09:00:00,1.3341,Tuesday,9,10,Autumn,0
10023456784,2024-10-22 10:00:00,2024-10-22,10:00:00,0.7857,Tuesday,10,10,Autumn,0
10023456784,2024-10-22 11:00:00,2024-10-22,11:00:00,0.9277,Tuesday,11,10,Autumn,0
10023456784,2024-10-22 12:00:00,2024-10-22,12:00:00,1.0150,Tuesday,12,10,Autumn,0
10023456784,2024-10-22 13:00:00,2024-10-22,13:00:00,0.9121,Tuesday,13,10,Autumn,0
10023456784,2024-10-22 14:00:00,2024-10-22,14:00:00,1.1433,Tuesday,14,10,Autumn,0
10023456784,2024-10-22 15:00:00,2024-10-22,15:00:00,0.8693,Tuesday,15,10,Autumn,0
10023456784,2024-10-22 16:00:00,2024-10-22,16:00:00,1.1211,Tuesday,16,10,Autumn,0
10023456784,2024-10-22 17:00:00,2024-10-22,17:00:00,1.4599,Tuesday,17,10,Autumn,0
10023456784,2024-10-22 18:00:00,2024-10-22,18:00:00,1.7227,Tuesday,18,10,Autumn,0
10023456784,2024-10-22 19:00:00,2024-10-22,19:00:00,0.1595,Tuesday,19,10,Autumn,1
10023456784,2024-10-22 20:00:00,2024-10-22,20:00:00,2.2958,Tuesday,20,10,Autumn,0
10023456784,2024-10-22 21:00:00,2024-10-22,21:00:00,1.5016,Tuesday,21,10,Autumn,0
10023456784,2024-10-22 22:00:00,2024-10-22,22:00:00,1.2507,Tuesday,22,10,Autumn,0
10023456784,2024-10-22 23:00:00,2024-10-22,23:00:00,0.7911,Tuesday,23,10,Autumn,0
10023456784,2024-10-23 00:00:00,2024-10-23,00:00:00,0.3681,Wednesday,0,10,Autumn,0
10023456784,2024-10-23 01:00:00,2024-10-23,01:00:00,0.3670,Wednesday,1,10,Autumn,0
10023456784,2024-10-23 02:00:00,2024-10-23,02:00:00,0.3220,Wednesday,2,10,Autumn,0
10023456784,2024-10-23 03:00:00,2024-10-23,03:00:00,0.3807,Wednesday,3,10,Autumn,0
10023456784,2024-10-23 04:00:00,2024-10-23,04:00:00,0.4024,Wednesday,4,10,Autumn,0
10023456784,2024-10-23 05:00:00,2024-10-23,05:00:00,0.4727,Wednesday,5,10,Autumn,0
10023456784,2024-10-23 06:00:00,2024-10-23,06:00:00,1.0699,Wednesday,6,10,Autumn,0
10023456784,2024-10-23 07:00:00,2024-10-23,07:00:00,1.5799,Wednesday,7,10,Autumn,0
10023456784,2024-10-23 08:00:00,2024-10-23,08:00:00,1.3021,Wednesday,8,10,Autumn,0
10023456784,2024-10-23 09:00:00,2024-10-23,09:00:00,1.5533,Wednesday,9,10,Autumn,0
10023456784,2024-10-23 10:00:00,2024-10-23,10:00:00,0.9209,Wednesday,10,10,Autumn,0
10023456784,2024-10-23 11:00:00,2024-10-23,11:00:00,0.8612,Wednesday,11,10,Autumn,0
10023456784,2024-10-23 12:00:00,2024-10-23,12:00:00,0.8269,Wednesday,12,10,Autumn,0
10023456784,2024-10-23 13:00:00,2024-10-23,13:00:00,1.0733,Wednesday,13,10,Autumn,0
10023456784,2024-10-23 14:00:00,2024-10-23,14:00:00,3.0029,Wednesday,14,10,Autumn,1
10023456784,2024-10-23 15:00:00,2024-10-23,15:00:00,4.0692,Wednesday,15,10,Autumn,1
10023456784,2024-10-23 16:00:00,2024-10-23,16:00:00,3.4103,Wednesday,16,10,Autumn,1
10023456784,2024-10-23 17:00:00,2024-10-23,17:00:00,5.1182,Wednesday,17,10,Autumn,1
10023456784,2024-10-23 18:00:00,2024-10-23,18:00:00,1.7625,Wednesday,18,10,Autumn,0
10023456784,2024-10-23 19:00:00,2024-10-23,19:00:00,2.1969,Wednesday,19,10,Autumn,0
10023456784,2024-10-23 20:00:00,2024-10-23,20:00:00,2.4206,Wednesday,20,10,Autumn,0
10023456784,2024-10-23 21:00:00,2024-10-23,21:00:00,2.0530,Wednesday,21,10,Autumn,0
10023456784,2024-10-23 22:00:00,2024-10-23,22:00:00,1.2718,Wednesday,22,10,Autumn,0
10023456784,2024-10-23 23:00:00,2024-10-23,23:00:00,0.7903,Wednesday,23,10,Autumn,0
10023456784,2024-10-24 00:00:00,2024-10-24,00:00:00,0.3867,Thursday,0,10,Autumn,0
10023456784,2024-10-24 01:00:00,2024-10-24,01:00:00,0.3144,Thursday,1,10,Autumn,0
10023456784,2024-10-24 02:00:00,2024-10-24,02:00:00,0.3607,Thursday,2,10,Autumn,0
10023456784,2024-10-24 03:00:00,2024-10-24,03:00:00,0.3691,Thursday,3,10,Autumn,0
10023456784,2024-10-24 04:00:00,2024-10-24,04:00:00,0.3331,Thursday,4,10,Autumn,0
10023456784,2024-10-24 05:00:00,2024-10-24,05:00:00,0.5690,Thursday,5,10,Autumn,0
10023456784,2024-10-24 06:00:00,2024-10-24,06:00:00,0.9343,Thursday,6,10,Autumn,0
10023456784,2024-10-24 07:00:00,2024-10-24,07:00:00,1.3595,Thursday,7,10,Autumn,0
10023456784,2024-10-24 08:00:00,2024-10-24,08:00:00,1.5209,Thursday,8,10,Autumn,0
10023456784,2024-10-24 09:00:00,2024-10-24,09:00:00,1.4152,Thursday,9,10,Autumn,0
10023456784,2024-10-24 10:00:00,2024-10-24,10:00:00,0.9683,Thursday,10,10,Autumn,0
10023456784,2024-10-24 11:00:00,2024-10-24,11:00:00,0.8917,Thursday,11,10,Autumn,0
10023456784,2024-10-24 12:00:00,2024-10-24,12:00:00,0.9021,Thursday,12,10,Autumn,0
10023456784,2024-10-24 13:00:00,2024-10-24,13:00:00,0.9883,Thursday,13,10,Autumn,0
10023456784,2024-10-24 14:00:00,2024-10-24,14:00:00,0.9185,Thursday,14,10,Autumn,0
10023456784,2024-10-24 15:00:00,2024-10-24,15:00:00,1.1095,Thursday,15,10,Autumn,0
10023456784,2024-10-24 16:00:00,2024-10-24,16:00:00,1.0343,Thursday,16,10,Autumn,0
10023456784,2024-10-24 17:00:00,2024-10-24,17:00:00,1.5345,Thursday,17,10,Autumn,0
10023456784,2024-10-24 18:00:00,2024-10-24,18:00:00,1.9356,Thursday,18,10,Autumn,0
10023456784,2024-10-24 19:00:00,2024-10-24,19:00:00,2.0144,Thursday,19,10,Autumn,0
10023456784,2024-10-24 20:00:00,2024-10-24,20:00:00,1.6921,Thursday,20,10,Autumn,0
10023456784,2024-10-24 21:00:00,2024-10-24,21:00:00,1.5450,Thursday,21,10,Autumn,0
10023456784,2024-10-24 22:00:00,2024-10-24,22:00:00,1.2318,Thursday,22,10,Autumn,0
10023456784,2024-10-24 23:00:00,2024-10-24,23:00:00,0.7729,Thursday,23,10,Autumn,0
10023456784,2024-10-25 00:00:00,2024-10-25,00:00:00,0.5635,Friday,0,10,Autumn,0
10023456784,2024-10-25 01:00:00,2024-10-25,01:00:00,0.4294,Friday,1,10,Autumn,0
10023456784,2024-10-25 02:00:00,2024-10-25,02:00:00,0.5043,Friday,2,10,Autumn,0
10023456784,2024-10-25 03:00:00,2024-10-25,03:00:00,0.4404,Friday,3,10,Autumn,0
10023456784,2024-10-25 04:00:00,2024-10-25,04:00:00,0.5030,Friday,4,10,Autumn,0
10023456784,2024-10-25 05:00:00,2024-10-25,05:00:00,0.6227,Friday,5,10,Autumn,0
10023456784,2024-10-25 06:00:00,2024-10-25,06:00:00,1.1360,Friday,6,10,Autumn,0
10023456784,2024-10-25 07:00:00,2024-10-25,07:00:00,1.4373,Friday,7,10,Autumn,0
10023456784,2024-10-25 08:00:00,2024-10-25,08:00:00,1.6944,Friday,8,10,Autumn,0
10023456784,2024-10-25 09:00:00,2024-10-25,09:00:00,1.3409,Friday,9,10,Autumn,0
10023456784,2024-10-25 10:00:00,2024-10-25,10:00:00,1.3556,Friday,10,10,Autumn,0
10023456784,2024-10-25 11:00:00,2024-10-25,11:00:00,1.0337,Friday,11,10,Autumn,0
10023456784,2024-10-25 12:00:00,2024-10-25,12:00:00,1.0060,Friday,12,10,Autumn,0
10023456784,2024-10-25 13:00:00,2024-10-25,13:00:00,1.2503,Friday,13,10,Autumn,0
10023456784,2024-10-25 14:00:00,2024-10-25,14:00:00,1.1357,Friday,14,10,Autumn,0
10023456784,2024-10-25 15:00:00,2024-10-25,15:00:00,1.1534,Friday,15,10,Autumn,0
10023456784,2024-10-25 16:00:00,2024-10-25,16:00:00,1.4786,Friday,16,10,Autumn,0
10023456784,2024-10-25 17:00:00,2024-10-25,17:00:00,1.8335,Friday,17,10,Autumn,0
10023456784,2024-10-25 18:00:00,2024-10-25,18:00:00,2.8083,Friday,18,10,Autumn,0
10023456784,2024-10-25 19:00:00,2024-10-25,19:00:00,2.4634,Friday,19,10,Autumn,0
10023456784,2024-10-25 20:00:00,2024-10-25,20:00:00,2.4247,Friday,20,10,Autumn,0
10023456784,2024-10-25 21:00:00,2024-10-25,21:00:00,2.4432,Friday,21,10,Autumn,0
10023456784,2024-10-25 22:00:00,2024-10-25,22:00:00,1.3547,Friday,22,10,Autumn,0
10023456784,2024-10-25 23:00:00,2024-10-25,23:00:00,0.7643,Friday,23,10,Autumn,0
10023456784,2024-10-26 00:00:00,2024-10-26,00:00:00,0.4289,Saturday,0,10,Autumn,0
10023456784,2024-10-26 01:00:00,2024-10-26,01:00:00,0.3858,Saturday,1,10,Autumn,0
10023456784,2024-10-26 02:00:00,2024-10-26,02:00:00,0.3516,Saturday,2,10,Autumn,0
10023456784,2024-10-26 03:00:00,2024-10-26,03:00:00,0.3718,Saturday,3,10,Autumn,0
10023456784,2024-10-26 04:00:00,2024-10-26,04:00:00,0.2449,Saturday,4,10,Autumn,0
10023456784,2024-10-26 05:00:00,2024-10-26,05:00:00,0.5418,Saturday,5,10,Autumn,0
10023456784,2024-10-26 06:00:00,2024-10-26,06:00:00,0.6754,Saturday,6,10,Autumn,0
10023456784,2024-10-26 07:00:00,2024-10-26,07:00:00,1.0999,Saturday,7,10,Autumn,0
10023456784,2024-10-26 08:00:00,2024-10-26,08:00:00,1.5301,Saturday,8,10,Autumn,0
10023456784,2024-10-26 09:00:00,2024-10-26,09:00:00,1.4788,Saturday,9,10,Autumn,0
10023456784,2024-10-26 10:00:00,2024-10-26,10:00:00,1.2756,Saturday,10,10,Autumn,0
10023456784,2024-10-26 11:00:00,2024-10-26,11:00:00,1.2579,Saturday,11,10,Autumn,0
10023456784,2024-10-26 12:00:00,2024-10-26,12:00:00,1.4238,Saturday,12,10,Autumn,0
10023456784,2024-10-26 13:00:00,2024-10-26,13:00:00,1.4030,Saturday,13,10,Autumn,0
10023456784,2024-10-26 14:00:00,2024-10-26,14:00:00,1.2564,Saturday,14,10,Autumn,0
10023456784,2024-10-26 15:00:00,2024-10-26,15:00:00,1.2105,Saturday,15,10,Autumn,0
10023456784,2024-10-26 16:00:00,2024-10-26,16:00:00,1.2212,Saturday,16,10,Autumn,0
10023456784,2024-10-26 17:00:00,2024-10-26,17:00:00,2.0062,Saturday,17,10,Autumn,0
10023456784,2024-10-26 18:00:00,2024-10-26,18:00:00,2.1765,Saturday,18,10,Autumn,0
10023456784,2024-10-26 19:00:00,2024-10-26,19:00:00,2.0052,Saturday,19,10,Autumn,0
10023456784,2024-10-26 20:00:00,2024-10-26,20:00:00,2.1744,Saturday,20,10,Autumn,0
10023456784,2024-10-26 21:00:00,2024-10-26,21:00:00,1.9979,Saturday,21,10,Autumn,0
10023456784,2024-10-26 22:00:00,2024-10-26,22:00:00,1.4351,Saturday,22,10,Autumn,0
10023456784,2024-10-26 23:00:00,2024-10-26,23:00:00,0.8268,Saturday,23,10,Autumn,0
10023456784,2024-10-27 00:00:00,2024-10-27,00:00:00,0.7752,Sunday,0,10,Autumn,0
10023456784,2024-10-27 01:00:00,2024-10-27,01:00:00,0.6983,Sunday,1,10,Autumn,0
10023456784,2024-10-27 02:00:00,2024-10-27,02:00:00,0.5592,Sunday,2,10,Autumn,0
10023456784,2024-10-27 03:00:00,2024-10-27,03:00:00,0.5845,Sunday,3,10,Autumn,0
10023456784,2024-10-27 04:00:00,2024-10-27,04:00:00,0.4693,Sunday,4,10,Autumn,0
10023456784,2024-10-27 05:00:00,2024-10-27,05:00:00,0.7890,Sunday,5,10,Autumn,0
10023456784,2024-10-27 06:00:00,2024-10-27,06:00:00,1.1263,Sunday,6,10,Autumn,0
10023456784,2024-10-27 07:00:00,2024-10-27,07:00:00,1.7823,Sunday,7,10,Autumn,0
10023456784,2024-10-27 08:00:00,2024-10-27,08:00:00,2.1860,Sunday,8,10,Autumn,0
10023456784,2024-10-27 09:00:00,2024-10-27,09:00:00,2.4766,Sunday,9,10,Autumn,0
10023456784,2024-10-27 10:00:00,2024-10-27,10:00:00,2.2548,Sunday,10,10,Autumn,0
10023456784,2024-10-27 11:00:00,2024-10-27,11:00:00,1.8161,Sunday,11,10,Autumn,0
10023456784,2024-10-27 12:00:00,2024-10-27,12:00:00,2.1947,Sunday,12,10,Autumn,0
10023456784,2024-10-27 13:00:00,2024-10-27,13:00:00,1.3800,Sunday,13,10,Autumn,0
10023456784,2024-10-27 14:00:00,2024-10-27,14:00:00,1.9671,Sunday,14,10,Autumn,0
10023456784,2024-10-27 15:00:00,2024-10-27,15:00:00,2.1260,Sunday,15,10,Autumn,0
10023456784,2024-10-27 16:00:00,2024-10-27,16:00:00,2.2275,Sunday,16,10,Autumn,0
10023456784,2024-10-27 17:00:00,2024-10-27,17:00:00,2.5079,Sunday,17,10,Autumn,0
10023456784,2024-10-27 18:00:00,2024-10-27,18:00:00,3.0071,Sunday,18,10,Autumn,0
10023456784,2024-10-27 19:00:00,2024-10-27,19:00:00,3.6576,Sunday,19,10,Autumn,0
10023456784,2024-10-27 20:00:00,2024-10-27,20:00:00,3.2537,Sunday,20,10,Autumn,0
10023456784,2024-10-27 21:00:00,2024-10-27,21:00:00,2.6251,Sunday,21,10,Autumn,0
10023456784,2024-10-27 22:00:00,2024-10-27,22:00:00,2.1750,Sunday,22,10,Autumn,0
10023456784,2024-10-27 23:00:00,2024-10-27,23:00:00,1.7830,Sunday,23,10,Autumn,0
10023456784,2024-10-28 00:00:00,2024-10-28,00:00:00,0.5687,Monday,0,10,Autumn,0
10023456784,2024-10-28 01:00:00,2024-10-28,01:00:00,0.4328,Monday,1,10,Autumn,0
10023456784,2024-10-28 02:00:00,2024-10-28,02:00:00,0.3312,Monday,2,10,Autumn,0
10023456784,2024-10-28 03:00:00,2024-10-28,03:00:00,0.3903,Monday,3,10,Autumn,0
10023456784,2024-10-28 04:00:00,2024-10-28,04:00:00,0.4079,Monday,4,10,Autumn,0
10023456784,2024-10-28 05:00:00,2024-10-28,05:00:00,0.6134,Monday,5,10,Autumn,0
10023456784,2024-10-28 06:00:00,2024-10-28,06:00:00,1.2596,Monday,6,10,Autumn,0
10023456784,2024-10-28 07:00:00,2024-10-28,07:00:00,1.5862,Monday,7,10,Autumn,0
10023456784,2024-10-28 08:00:00,2024-10-28,08:00:00,1.6238,Monday,8,10,Autumn,0
10023456784,2024-10-28 09:00:00,2024-10-28,09:00:00,1.4048,Monday,9,10,Autumn,0
10023456784,2024-10-28 10:00:00,2024-10-28,10:00:00,1.1537,Monday,10,10,Autumn,0
10023456784,2024-10-28 11:00:00,2024-10-28,11:00:00,0.9123,Monday,11,10,Autumn,0
10023456784,2024-10-28 12:00:00,2024-10-28,12:00:00,0.9781,Monday,12,10,Autumn,0
10023456784,2024-10-28 13:00:00,2024-10-28,13:00:00,1.3110,Monday,13,10,Autumn,0
10023456784,2024-10-28 14:00:00,2024-10-28,14:00:00,1.1702,Monday,14,10,Autumn,0
10023456784,2024-10-28 15:00:00,2024-10-28,15:00:00,1.0990,Monday,15,10,Autumn,0
10023456784,2024-10-28 16:00:00,2024-10-28,16:00:00,1.1933,Monday,16,10,Autumn,0
10023456784,2024-10-28 17:00:00,2024-10-28,17:00:00,1.9744,Monday,17,10,Autumn,0
10023456784,2024-10-28 18:00:00,2024-10-28,18:00:00,2.0709,Monday,18,10,Autumn,0
10023456784,2024-10-28 19:00:00,2024-10-28,19:00:00,2.9359,Monday,19,10,Autumn,0
10023456784,2024-10-28 20:00:00,2024-10-28,20:00:00,0.6021,Monday,20,10,Autumn,1
10023456784,2024-10-28 21:00:00,2024-10-28,21:00:00,2.4432,Monday,21,10,Autumn,0
10023456784,2024-10-28 22:00:00,2024-10-28,22:00:00,1.5054,Monday,22,10,Autumn,0
10023456784,2024-10-28 23:00:00,2024-10-28,23:00:00,0.7880,Monday,23,10,Autumn,0
10023456784,2024-10-29 00:00:00,2024-10-29,00:00:00,0.3781,Tuesday,0,10,Autumn,0
10023456784,2024-10-29 01:00:00,2024-10-29,01:00:00,0.3747,Tuesday,1,10,Autumn,0
10023456784,2024-10-29 02:00:00,2024-10-29,02:00:00,0.3473,Tuesday,2,10,Autumn,0
10023456784,2024-10-29 03:00:00,2024-10-29,03:00:00,0.2798,Tuesday,3,10,Autumn,0
10023456784,2024-10-29 04:00:00,2024-10-29,04:00:00,0.4394,Tuesday,4,10,Autumn,0
10023456784,2024-10-29 05:00:00,2024-10-29,05:00:00,0.6274,Tuesday,5,10,Autumn,0
10023456784,2024-10-29 06:00:00,2024-10-29,06:00:00,0.9982,Tuesday,6,10,Autumn,0
10023456784,2024-10-29 07:00:00,2024-10-29,07:00:00,1.5116,Tuesday,7,10,Autumn,0
10023456784,2024-10-29 08:00:00,2024-10-29,08:00:00,1.4724,Tuesday,8,10,Autumn,0
10023456784,2024-10-29 09:00:00,2024-10-29,09:00:00,1.4607,Tuesday,9,10,Autumn,0
10023456784,2024-10-29 10:00:00,2024-10-29,10:00:00,0.8890,Tuesday,10,10,Autumn,0
10023456784,2024-10-29 11:00:00,2024-10-29,11:00:00,0.9967,Tuesday,11,10,Autumn,0
10023456784,2024-10-29 12:00:00,2024-10-29,12:00:00,1.0993,Tuesday,12,10,Autumn,0
10023456784,2024-10-29 13:00:00,2024-10-29,13:00:00,1.1289,Tuesday,13,10,Autumn,0
10023456784,2024-10-29 14:00:00,2024-10-29,14:00:00,1.1775,Tuesday,14,10,Autumn,0
10023456784,2024-10-29 15:00:00,2024-10-29,15:00:00,1.1789,Tuesday,15,10,Autumn,0
10023456784,2024-10-29 16:00:00,2024-10-29,16:00:00,1.3424,Tuesday,16,10,Autumn,0
10023456784,2024-10-29 17:00:00,2024-10-29,17:00:00,1.8721,Tuesday,17,10,Autumn,0
10023456784,2024-10-29 18:00:00,2024-10-29,18:00:00,2.0232,Tuesday,18,10,Autumn,0
10023456784,2024-10-29 19:00:00,2024-10-29,19:00:00,2.5677,Tuesday,19,10,Autumn,0
10023456784,2024-10-29 20:00:00,2024-10-29,20:00:00,2.2753,Tuesday,20,10,Autumn,0
10023456784,2024-10-29 21:00:00,2024-10-29,21:00:00,1.8190,Tuesday,21,10,Autumn,0
10023456784,2024-10-29 22:00:00,2024-10-29,22:00:00,1.0539,Tuesday,22,10,Autumn,0
10023456784,2024-10-29 23:00:00,2024-10-29,23:00:00,0.8497,Tuesday,23,10,Autumn,0
10023456784,2024-10-30 00:00:00,2024-10-30,00:00:00,0.4499,Wednesday,0,10,Autumn,0
10023456784,2024-10-30 01:00:00,2024-10-30,01:00:00,0.4522,Wednesday,1,10,Autumn,0
10023456784,2024-10-30 02:00:00,2024-10-30,02:00:00,0.4293,Wednesday,2,10,Autumn,0
10023456784,2024-10-30 03:00:00,2024-10-30,03:00:00,0.2711,Wednesday,3,10,Autumn,0
10023456784,2024-10-30 04:00:00,2024-10-30,04:00:00,0.3825,Wednesday,4,10,Autumn,0
10023456784,2024-10-30 05:00:00,2024-10-30,05:00:00,0.5381,Wednesday,5,10,Autumn,0
10023456784,2024-10-30 06:00:00,2024-10-30,06:00:00,0.9054,Wednesday,6,10,Autumn,0
10023456784,2024-10-30 07:00:00,2024-10-30,07:00:00,4.7082,Wednesday,7,10,Autumn,1
10023456784,2024-10-30 08:00:00,2024-10-30,08:00:00,1.8294,Wednesday,8,10,Autumn,0
10023456784,2024-10-30 09:00:00,2024-10-30,09:00:00,1.6673,Wednesday,9,10,Autumn,0
10023456784,2024-10-30 10:00:00,2024-10-30,10:00:00,1.2185,Wednesday,10,10,Autumn,0
10023456784,2024-10-30 11:00:00,2024-10-30,11:00:00,0.9429,Wednesday,11,10,Autumn,0
10023456784,2024-10-30 12:00:00,2024-10-30,12:00:00,0.8070,Wednesday,12,10,Autumn,0
10023456784,2024-10-30 13:00:00,2024-10-30,13:00:00,1.0608,Wednesday,13,10,Autumn,0
10023456784,2024-10-30 14:00:00,2024-10-30,14:00:00,0.8621,Wednesday,14,10,Autumn,0
10023456784,2024-10-30 15:00:00,2024-10-30,15:00:00,1.1799,Wednesday,15,10,Autumn,0
10023456784,2024-10-30 16:00:00,2024-10-30,16:00:00,1.2579,Wednesday,16,10,Autumn,0
10023456784,2024-10-30 17:00:00,2024-10-30,17:00:00,1.7865,Wednesday,17,10,Autumn,0
10023456784,2024-10-30 18:00:00,2024-10-30,18:00:00,1.7595,Wednesday,18,10,Autumn,0
10023456784,2024-10-30 19:00:00,2024-10-30,19:00:00,2.5137,Wednesday,19,10,Autumn,0
10023456784,2024-10-30 20:00:00,2024-10-30,20:00:00,2.4668,Wednesday,20,10,Autumn,0
10023456784,2024-10-30 21:00:00,2024-10-30,21:00:00,1.9359,Wednesday,21,10,Autumn,0
10023456784,2024-10-30 22:00:00,2024-10-30,22:00:00,1.4197,Wednesday,22,10,Autumn,0
10023456784,2024-10-30 23:00:00,2024-10-30,23:00:00,0.9141,Wednesday,23,10,Autumn,0
10023456784,2024-10-31 00:00:00,2024-10-31,00:00:00,0.5096,Thursday,0,10,Autumn,0
10023456784,2024-10-31 01:00:00,2024-10-31,01:00:00,0.3567,Thursday,1,10,Autumn,0
10023456784,2024-10-31 02:00:00,2024-10-31,02:00:00,0.4448,Thursday,2,10,Autumn,0
10023456784,2024-10-31 03:00:00,2024-10-31,03:00:00,0.3709,Thursday,3,10,Autumn,0
10023456784,2024-10-31 04:00:00,2024-10-31,04:00:00,0.5067,Thursday,4,10,Autumn,0
10023456784,2024-10-31 05:00:00,2024-10-31,05:00:00,0.7157,Thursday,5,10,Autumn,0
10023456784,2024-10-31 06:00:00,2024-10-31,06:00:00,1.1618,Thursday,6,10,Autumn,0
10023456784,2024-10-31 07:00:00,2024-10-31,07:00:00,1.6477,Thursday,7,10,Autumn,0
10023456784,2024-10-31 08:00:00,2024-10-31,08:00:00,1.7099,Thursday,8,10,Autumn,0
10023456784,2024-10-31 09:00:00,2024-10-31,09:00:00,1.4810,Thursday,9,10,Autumn,0
10023456784,2024-10-31 10:00:00,2024-10-31,10:00:00,1.1325,Thursday,10,10,Autumn,0
10023456784,2024-10-31 11:00:00,2024-10-31,11:00:00,1.0485,Thursday,11,10,Autumn,0
10023456784,2024-10-31 12:00:00,2024-10-31,12:00:00,1.0714,Thursday,12,10,Autumn,0
10023456784,2024-10-31 13:00:00,2024-10-31,13:00:00,2.9356,Thursday,13,10,Autumn,1
10023456784,2024-10-31 14:00:00,2024-10-31,14:00:00,1.1120,Thursday,14,10,Autumn,0
10023456784,2024-10-31 15:00:00,2024-10-31,15:00:00,1.0401,Thursday,15,10,Autumn,0
10023456784,2024-10-31 16:00:00,2024-10-31,16:00:00,1.1770,Thursday,16,10,Autumn,0
10023456784,2024-10-31 17:00:00,2024-10-31,17:00:00,1.7656,Thursday,17,10,Autumn,0
10023456784,2024-10-31 18:00:00,2024-10-31,18:00:00,1.7672,Thursday,18,10,Autumn,0
10023456784,2024-10-31 19:00:00,2024-10-31,19:00:00,2.7946,Thursday,19,10,Autumn,0
10023456784,2024-10-31 20:00:00,2024-10-31,20:00:00,2.5095,Thursday,20,10,Autumn,0
10023456784,2024-10-31 21:00:00,2024-10-31,21:00:00,2.0108,Thursday,21,10,Autumn,0
10023456784,2024-10-31 22:00:00,2024-10-31,22:00:00,1.4983,Thursday,22,10,Autumn,0
10023456784,2024-10-31 23:00:00,2024-10-31,23:00:00,0.7790,Thursday,23,10,Autumn,0
10023456784,2024-11-01 00:00:00,2024-11-01,00:00:00,0.5656,Friday,0,11,Autumn,0
10023456784,2024-11-01 01:00:00,2024-11-01,01:00:00,0.4379,Friday,1,11,Autumn,0
10023456784,2024-11-01 02:00:00,2024-11-01,02:00:00,0.3246,Friday,2,11,Autumn,0
10023456784,2024-11-01 03:00:00,2024-11-01,03:00:00,0.3000,Friday,3,11,Autumn,0
10023456784,2024-11-01 04:00:00,2024-11-01,04:00:00,0.4483,Friday,4,11,Autumn,0
10023456784,2024-11-01 05:00:00,2024-11-01,05:00:00,0.5541,Friday,5,11,Autumn,0
10023456784,2024-11-01 06:00:00,2024-11-01,06:00:00,0.9842,Friday,6,11,Autumn,0
10023456784,2024-11-01 07:00:00,2024-11-01,07:00:00,1.5975,Friday,7,11,Autumn,0
10023456784,2024-11-01 08:00:00,2024-11-01,08:00:00,1.3925,Friday,8,11,Autumn,0
10023456784,2024-11-01 09:00:00,2024-11-01,09:00:00,1.7146,Friday,9,11,Autumn,0
10023456784,2024-11-01 10:00:00,2024-11-01,10:00:00,1.1334,Friday,10,11,Autumn,0
10023456784,2024-11-01 11:00:00,2024-11-01,11:00:00,0.8847,Friday,11,11,Autumn,0
10023456784,2024-11-01 12:00:00,2024-11-01,12:00:00,1.0416,Friday,12,11,Autumn,0
10023456784,2024-11-01 13:00:00,2024-11-01,13:00:00,1.1380,Friday,13,11,Autumn,0
10023456784,2024-11-01 14:00:00,2024-11-01,14:00:00,1.2141,Friday,14,11,Autumn,0
10023456784,2024-11-01 15:00:00,2024-11-01,15:00:00,1.1156,Friday,15,11,Autumn,0
10023456784,2024-11-01 16:00:00,2024-11-01,16:00:00,1.1340,Friday,16,11,Autumn,0
10023456784,2024-11-01 17:00:00,2024-11-01,17:00:00,1.6395,Friday,17,11,Autumn,0
10023456784,2024-11-01 18:00:00,2024-11-01,18:00:00,1.7818,Friday,18,11,Autumn,0
10023456784,2024-11-01 19:00:00,2024-11-01,19:00:00,2.2533,Friday,19,11,Autumn,0
10023456784,2024-11-01 20:00:00,2024-11-01,20:00:00,2.5379,Friday,20,11,Autumn,0
10023456784,2024-11-01 21:00:00,2024-11-01,21:00:00,1.7704,Friday,21,11,Autumn,0
10023456784,2024-11-01 22:00:00,2024-11-01,22:00:00,1.8268,Friday,22,11,Autumn,0
10023456784,2024-11-01 23:00:00,2024-11-01,23:00:00,0.8057,Friday,23,11,Autumn,0
10023456784,2024-11-02 00:00:00,2024-11-02,00:00:00,0.7322,Saturday,0,11,Autumn,0
10023456784,2024-11-02 01:00:00,2024-11-02,01:00:00,0.4608,Saturday,1,11,Autumn,0
10023456784,2024-11-02 02:00:00,2024-11-02,02:00:00,0.5181,Saturday,2,11,Autumn,0
10023456784,2024-11-02 03:00:00,2024-11-02,03:00:00,0.4887,Saturday,3,11,Autumn,0
10023456784,2024-11-02 04:00:00,2024-11-02,04:00:00,0.5084,Saturday,4,11,Autumn,0
10023456784,2024-11-02 05:00:00,2024-11-02,05:00:00,0.5738,Saturday,5,11,Autumn,0
10023456784,2024-11-02 06:00:00,2024-11-02,06:00:00,0.9849,Saturday,6,11,Autumn,0
10023456784,2024-11-02 07:00:00,2024-11-02,07:00:00,1.2755,Saturday,7,11,Autumn,0
10023456784,2024-11-02 08:00:00,2024-11-02,08:00:00,1.8679,Saturday,8,11,Autumn,0
10023456784,2024-11-02 09:00:00,2024-11-02,09:00:00,2.0172,Saturday,9,11,Autumn,0
10023456784,2024-11-02 10:00:00,2024-11-02,10:00:00,2.0549,Saturday,10,11,Autumn,0
10023456784,2024-11-02 11:00:00,2024-11-02,11:00:00,2.2042,Saturday,11,11,Autumn,0
10023456784,2024-11-02 12:00:00,2024-11-02,12:00:00,1.8778,Saturday,12,11,Autumn,0
10023456784,2024-11-02 13:00:00,2024-11-02,13:00:00,1.3267,Saturday,13,11,Autumn,0
10023456784,2024-11-02 14:00:00,2024-11-02,14:00:00,1.8762,Saturday,14,11,Autumn,0
10023456784,2024-11-02 15:00:00,2024-11-02,15:00:00,1.7937,Saturday,15,11,Autumn,0
10023456784,2024-11-02 16:00:00,2024-11-02,16:00:00,1.6458,Saturday,16,11,Autumn,0
10023456784,2024-11-02 17:00:00,2024-11-02,17:00:00,2.2669,Saturday,17,11,Autumn,0
10023456784,2024-11-02 18:00:00,2024-11-02,18:00:00,2.5977,Saturday,18,11,Autumn,0
10023456784,2024-11-02 19:00:00,2024-11-02,19:00:00,2.7894,Saturday,19,11,Autumn,0
10023456784,2024-11-02 20:00:00,2024-11-02,20:00:00,2.6069,Saturday,20,11,Autumn,0
10023456784,2024-11-02 21:00:00,2024-11-02,21:00:00,1.9098,Saturday,21,11,Autumn,0
10023456784,2024-11-02 22:00:00,2024-11-02,22:00:00,2.0306,Saturday,22,11,Autumn,0
10023456784,2024-11-02 23:00:00,2024-11-02,23:00:00,1.2371,Saturday,23,11,Autumn,0
10023456784,2024-11-03 00:00:00,2024-11-03,00:00:00,0.6883,Sunday,0,11,Autumn,0
10023456784,2024-11-03 01:00:00,2024-11-03,01:00:00,0.4965,Sunday,1,11,Autumn,0
10023456784,2024-11-03 02:00:00,2024-11-03,02:00:00,0.4246,Sunday,2,11,Autumn,0
10023456784,2024-11-03 03:00:00,2024-11-03,03:00:00,0.4900,Sunday,3,11,Autumn,0
10023456784,2024-11-03 04:00:00,2024-11-03,04:00:00,0.5388,Sunday,4,11,Autumn,0
10023456784,2024-11-03 05:00:00,2024-11-03,05:00:00,0.5942,Sunday,5,11,Autumn,0
10023456784,2024-11-03 06:00:00,2024-11-03,06:00:00,0.9639,Sunday,6,11,Autumn,0
10023456784,2024-11-03 07:00:00,2024-11-03,07:00:00,1.2598,Sunday,7,11,Autumn,0
10023456784,2024-11-03 08:00:00,2024-11-03,08:00:00,1.5996,Sunday,8,11,Autumn,0
10023456784,2024-11-03 09:00:00,2024-11-03,09:00:00,1.9956,Sunday,9,11,Autumn,0
10023456784,2024-11-03 10:00:00,2024-11-03,10:00:00,1.6386,Sunday,10,11,Autumn,0
10023456784,2024-11-03 11:00:00,2024-11-03,11:00:00,1.5178,Sunday,11,11,Autumn,0
10023456784,2024-11-03 12:00:00,2024-11-03,12:00:00,1.3982,Sunday,12,11,Autumn,0
10023456784,2024-11-03 13:00:00,2024-11-03,13:00:00,1.2893,Sunday,13,11,Autumn,0
10023456784,2024-11-03 14:00:00,2024-11-03,14:00:00,1.5315,Sunday,14,11,Autumn,0
10023456784,2024-11-03 15:00:00,2024-11-03,15:00:00,1.5081,Sunday,15,11,Autumn,0
10023456784,2024-11-03 16:00:00,2024-11-03,16:00:00,1.6050,Sunday,16,11,Autumn,0
10023456784,2024-11-03 17:00:00,2024-11-03,17:00:00,2.3981,Sunday,17,11,Autumn,0
10023456784,2024-11-03 18:00:00,2024-11-03,18:00:00,2.1713,Sunday,18,11,Autumn,0
10023456784,2024-11-03 19:00:00,2024-11-03,19:00:00,3.0569,Sunday,19,11,Autumn,0
10023456784,2024-11-03 20:00:00,2024-11-03,20:00:00,2.4510,Sunday,20,11,Autumn,0
10023456784,2024-11-03 21:00:00,2024-11-03,21:00:00,2.1662,Sunday,21,11,Autumn,0
10023456784,2024-11-03 22:00:00,2024-11-03,22:00:00,1.9171,Sunday,22,11,Autumn,0
10023456784,2024-11-03 23:00:00,2024-11-03,23:00:00,1.1366,Sunday,23,11,Autumn,0
10023456784,2024-11-04 00:00:00,2024-11-04,00:00:00,0.7043,Monday,0,11,Autumn,0
10023456784,2024-11-04 01:00:00,2024-11-04,01:00:00,0.6762,Monday,1,11,Autumn,0
10023456784,2024-11-04 02:00:00,2024-11-04,02:00:00,0.6006,Monday,2,11,Autumn,0
10023456784,2024-11-04 03:00:00,2024-11-04,03:00:00,0.6580,Monday,3,11,Autumn,0
10023456784,2024-11-04 04:00:00,2024-11-04,04:00:00,0.6133,Monday,4,11,Autumn,0
10023456784,2024-11-04 05:00:00,2024-11-04,05:00:00,0.8531,Monday,5,11,Autumn,0
10023456784,2024-11-04 06:00:00,2024-11-04,06:00:00,1.5662,Monday,6,11,Autumn,0
10023456784,2024-11-04 07:00:00,2024-11-04,07:00:00,1.9797,Monday,7,11,Autumn,0
10023456784,2024-11-04 08:00:00,2024-11-04,08:00:00,2.4525,Monday,8,11,Autumn,0
10023456784,2024-11-04 09:00:00,2024-11-04,09:00:00,2.0242,Monday,9,11,Autumn,0
10023456784,2024-11-04 10:00:00,2024-11-04,10:00:00,1.6447,Monday,10,11,Autumn,0
10023456784,2024-11-04 11:00:00,2024-11-04,11:00:00,1.4650,Monday,11,11,Autumn,0
10023456784,2024-11-04 12:00:00,2024-11-04,12:00:00,1.6578,Monday,12,11,Autumn,0
10023456784,2024-11-04 13:00:00,2024-11-04,13:00:00,1.3963,Monday,13,11,Autumn,0
10023456784,2024-11-04 14:00:00,2024-11-04,14:00:00,1.5317,Monday,14,11,Autumn,0
10023456784,2024-11-04 15:00:00,2024-11-04,15:00:00,1.6778,Monday,15,11,Autumn,0
10023456784,2024-11-04 16:00:00,2024-11-04,16:00:00,1.6248,Monday,16,11,Autumn,0
10023456784,2024-11-04 17:00:00,2024-11-04,17:00:00,2.4893,Monday,17,11,Autumn,0
10023456784,2024-11-04 18:00:00,2024-11-04,18:00:00,2.7582,Monday,18,11,Autumn,0
10023456784,2024-11-04 19:00:00,2024-11-04,19:00:00,3.2197,Monday,19,11,Autumn,0
10023456784,2024-11-04 20:00:00,2024-11-04,20:00:00,2.8114,Monday,20,11,Autumn,0
10023456784,2024-11-04 21:00:00,2024-11-04,21:00:00,3.1553,Monday,21,11,Autumn,0
10023456784,2024-11-04 22:00:00,2024-11-04,22:00:00,1.8645,Monday,22,11,Autumn,0
10023456784,2024-11-04 23:00:00,2024-11-04,23:00:00,1.0415,Monday,23,11,Autumn,0
10023456784,2024-11-05 00:00:00,2024-11-05,00:00:00,0.5246,Tuesday,0,11,Autumn,0
10023456784,2024-11-05 01:00:00,2024-11-05,01:00:00,0.5020,Tuesday,1,11,Autumn,0
10023456784,2024-11-05 02:00:00,2024-11-05,02:00:00,0.4771,Tuesday,2,11,Autumn,0
10023456784,2024-11-05 03:00:00,2024-11-05,03:00:00,0.4671,Tuesday,3,11,Autumn,0
10023456784,2024-11-05 04:00:00,2024-11-05,04:00:00,0.3609,Tuesday,4,11,Autumn,0
10023456784,2024-11-05 05:00:00,2024-11-05,05:00:00,0.6704,Tuesday,5,11,Autumn,0
10023456784,2024-11-05 06:00:00,2024-11-05,06:00:00,1.2714,Tuesday,6,11,Autumn,0
10023456784,2024-11-05 07:00:00,2024-11-05,07:00:00,1.7639,Tuesday,7,11,Autumn,0
10023456784,2024-11-05 08:00:00,2024-11-05,08:00:00,2.0938,Tuesday,8,11,Autumn,0
10023456784,2024-11-05 09:00:00,2024-11-05,09:00:00,1.4374,Tuesday,9,11,Autumn,0
10023456784,2024-11-05 10:00:00,2024-11-05,10:00:00,1.3011,Tuesday,10,11,Autumn,0
10023456784,2024-11-05 11:00:00,2024-11-05,11:00:00,1.3050,Tuesday,11,11,Autumn,0
10023456784,2024-11-05 12:00:00,2024-11-05,12:00:00,1.1680,Tuesday,12,11,Autumn,0
10023456784,2024-11-05 13:00:00,2024-11-05,13:00:00,0.9649,Tuesday,13,11,Autumn,0
10023456784,2024-11-05 14:00:00,2024-11-05,14:00:00,4.2441,Tuesday,14,11,Autumn,1
10023456784,2024-11-05 15:00:00,2024-11-05,15:00:00,1.3267,Tuesday,15,11,Autumn,0
10023456784,2024-11-05 16:00:00,2024-11-05,16:00:00,1.4842,Tuesday,16,11,Autumn,0
10023456784,2024-11-05 17:00:00,2024-11-05,17:00:00,1.6533,Tuesday,17,11,Autumn,0
10023456784,2024-11-05 18:00:00,2024-11-05,18:00:00,2.0610,Tuesday,18,11,Autumn,0
10023456784,2024-11-05 19:00:00,2024-11-05,19:00:00,2.8018,Tuesday,19,11,Autumn,0
10023456784,2024-11-05 20:00:00,2024-11-05,20:00:00,2.6297,Tuesday,20,11,Autumn,0
10023456784,2024-11-05 21:00:00,2024-11-05,21:00:00,2.0963,Tuesday,21,11,Autumn,0
10023456784,2024-11-05 22:00:00,2024-11-05,22:00:00,1.8218,Tuesday,22,11,Autumn,0
10023456784,2024-11-05 23:00:00,2024-11-05,23:00:00,0.9613,Tuesday,23,11,Autumn,0
10023456784,2024-11-06 00:00:00,2024-11-06,00:00:00,0.5221,Wednesday,0,11,Autumn,0
10023456784,2024-11-06 01:00:00,2024-11-06,01:00:00,0.4601,Wednesday,1,11,Autumn,0
10023456784,2024-11-06 02:00:00,2024-11-06,02:00:00,0.3739,Wednesday,2,11,Autumn,0
10023456784,2024-11-06 03:00:00,2024-11-06,03:00:00,0.3751,Wednesday,3,11,Autumn,0
10023456784,2024-11-06 04:00:00,2024-11-06,04:00:00,0.3938,Wednesday,4,11,Autumn,0
10023456784,2024-11-06 05:00:00,2024-11-06,05:00:00,0.5855,Wednesday,5,11,Autumn,0
10023456784,2024-11-06 06:00:00,2024-11-06,06:00:00,1.0872,Wednesday,6,11,Autumn,0
10023456784,2024-11-06 07:00:00,2024-11-06,07:00:00,1.5192,Wednesday,7,11,Autumn,0
10023456784,2024-11-06 08:00:00,2024-11-06,08:00:00,1.5029,Wednesday,8,11,Autumn,0
10023456784,2024-11-06 09:00:00,2024-11-06,09:00:00,1.5026,Wednesday,9,11,Autumn,0
10023456784,2024-11-06 10:00:00,2024-11-06,10:00:00,1.0916,Wednesday,10,11,Autumn,0
10023456784,2024-11-06 11:00:00,2024-11-06,11:00:00,1.1216,Wednesday,11,11,Autumn,0
10023456784,2024-11-06 12:00:00,2024-11-06,12:00:00,0.9272,Wednesday,12,11,Autumn,0
10023456784,2024-11-06 13:00:00,2024-11-06,13:00:00,1.1069,Wednesday,13,11,Autumn,0
10023456784,2024-11-06 14:00:00,2024-11-06,14:00:00,1.0574,Wednesday,14,11,Autumn,0
10023456784,2024-11-06 15:00:00,2024-11-06,15:00:00,0.9790,Wednesday,15,11,Autumn,0
10023456784,2024-11-06 16:00:00,2024-11-06,16:00:00,1.2328,Wednesday,16,11,Autumn,0
10023456784,2024-11-06 17:00:00,2024-11-06,17:00:00,1.8318,Wednesday,17,11,Autumn,0
10023456784,2024-11-06 18:00:00,2024-11-06,18:00:00,8.8379,Wednesday,18,11,Autumn,1
10023456784,2024-11-06 19:00:00,2024-11-06,19:00:00,2.2008,Wednesday,19,11,Autumn,0
10023456784,2024-11-06 20:00:00,2024-11-06,20:00:00,2.0541,Wednesday,20,11,Autumn,0
10023456784,2024-11-06 21:00:00,2024-11-06,21:00:00,1.7147,Wednesday,21,11,Autumn,0
10023456784,2024-11-06 22:00:00,2024-11-06,22:00:00,1.4428,Wednesday,22,11,Autumn,0
10023456784,2024-11-06 23:00:00,2024-11-06,23:00:00,0.9280,Wednesday,23,11,Autumn,0
10023456784,2024-11-07 00:00:00,2024-11-07,00:00:00,0.4663,Thursday,0,11,Autumn,0
10023456784,2024-11-07 01:00:00,2024-11-07,01:00:00,0.5041,Thursday,1,11,Autumn,0
10023456784,2024-11-07 02:00:00,2024-11-07,02:00:00,0.4612,Thursday,2,11,Autumn,0
10023456784,2024-11-07 03:00:00,2024-11-07,03:00:00,0.3927,Thursday,3,11,Autumn,0
10023456784,2024-11-07 04:00:00,2024-11-07,04:00:00,0.4513,Thursday,4,11,Autumn,0
10023456784,2024-11-07 05:00:00,2024-11-07,05:00:00,0.6802,Thursday,5,11,Autumn,0
10023456784,2024-11-07 06:00:00,2024-11-07,06:00:00,1.2113,Thursday,6,11,Autumn,0
10023456784,2024-11-07 07:00:00,2024-11-07,07:00:00,1.4362,Thursday,7,11,Autumn,0
10023456784,2024-11-07 08:00:00,2024-11-07,08:00:00,1.5115,Thursday,8,11,Autumn,0
10023456784,2024-11-07 09:00:00,2024-11-07,09:00:00,1.5437,Thursday,9,11,Autumn,0
10023456784,2024-11-07 10:00:00,2024-11-07,10:00:00,1.1350,Thursday,10,11,Autumn,0
10023456784,2024-11-07 11:00:00,2024-11-07,11:00:00,1.0237,Thursday,11,11,Autumn,0
10023456784,2024-11-07 12:00:00,2024-11-07,12:00:00,0.1938,Thursday,12,11,Autumn,1
10023456784,2024-11-07 13:00:00,2024-11-07,13:00:00,0.9694,Thursday,13,11,Autumn,0
10023456784,2024-11-07 14:00:00,2024-11-07,14:00:00,1.0387,Thursday,14,11,Autumn,0
10023456784,2024-11-07 15:00:00,2024-11-07,15:00:00,1.0250,Thursday,15,11,Autumn,0
10023456784,2024-11-07 16:00:00,2024-11-07,16:00:00,1.2294,Thursday,16,11,Autumn,0
10023456784,2024-11-07 17:00:00,2024-11-07,17:00:00,1.7610,Thursday,17,11,Autumn,0
10023456784,2024-11-07 18:00:00,2024-11-07,18:00:00,2.0100,Thursday,18,11,Autumn,0
10023456784,2024-11-07 19:00:00,2024-11-07,19:00:00,2.3954,Thursday,19,11,Autumn,0
10023456784,2024-11-07 20:00:00,2024-11-07,20:00:00,2.4036,Thursday,20,11,Autumn,0
10023456784,2024-11-07 21:00:00,2024-11-07,21:00:00,1.8501,Thursday,21,11,Autumn,0
10023456784,2024-11-07 22:00:00,2024-11-07,22:00:00,1.6453,Thursday,22,11,Autumn,0
10023456784,2024-11-07 23:00:00,2024-11-07,23:00:00,0.8565,Thursday,23,11,Autumn,0
10023456784,2024-11-08 00:00:00,2024-11-08,00:00:00,0.4495,Friday,0,11,Autumn,0
10023456784,2024-11-08 01:00:00,2024-11-08,01:00:00,0.3420,Friday,1,11,Autumn,0
10023456784,2024-11-08 02:00:00,2024-11-08,02:00:00,0.3160,Friday,2,11,Autumn,0
10023456784,2024-11-08 03:00:00,2024-11-08,03:00:00,0.3137,Friday,3,11,Autumn,0
10023456784,2024-11-08 04:00:00,2024-11-08,04:00:00,0.3698,Friday,4,11,Autumn,0
10023456784,2024-11-08 05:00:00,2024-11-08,05:00:00,0.6036,Friday,5,11,Autumn,0
10023456784,2024-11-08 06:00:00,2024-11-08,06:00:00,0.8871,Friday,6,11,Autumn,0
10023456784,2024-11-08 07:00:00,2024-11-08,07:00:00,1.2346,Friday,7,11,Autumn,0
10023456784,2024-11-08 08:00:00,2024-11-08,08:00:00,5.0790,Friday,8,11,Autumn,1
10023456784,2024-11-08 09:00:00,2024-11-08,09:00:00,3.4423,Friday,9,11,Autumn,1
10023456784,2024-11-08 10:00:00,2024-11-08,10:00:00,3.0254,Friday,10,11,Autumn,1
10023456784,2024-11-08 11:00:00,2024-11-08,11:00:00,2.8196,Friday,11,11,Autumn,1
10023456784,2024-11-08 12:00:00,2024-11-08,12:00:00,2.6567,Friday,12,11,Autumn,1
10023456784,2024-11-08 13:00:00,2024-11-08,13:00:00,3.2968,Friday,13,11,Autumn,1
10023456784,2024-11-08 14:00:00,2024-11-08,14:00:00,0.9699,Friday,14,11,Autumn,0
10023456784,2024-11-08 15:00:00,2024-11-08,15:00:00,1.0860,Friday,15,11,Autumn,0
10023456784,2024-11-08 16:00:00,2024-11-08,16:00:00,1.2469,Friday,16,11,Autumn,0
10023456784,2024-11-08 17:00:00,2024-11-08,17:00:00,1.5900,Friday,17,11,Autumn,0
10023456784,2024-11-08 18:00:00,2024-11-08,18:00:00,1.9641,Friday,18,11,Autumn,0
10023456784,2024-11-08 19:00:00,2024-11-08,19:00:00,2.1683,Friday,19,11,Autumn,0
10023456784,2024-11-08 20:00:00,2024-11-08,20:00:00,2.0406,Friday,20,11,Autumn,0
10023456784,2024-11-08 21:00:00,2024-11-08,21:00:00,1.8421,Friday,21,11,Autumn,0
10023456784,2024-11-08 22:00:00,2024-11-08,22:00:00,1.7402,Friday,22,11,Autumn,0
10023456784,2024-11-08 23:00:00,2024-11-08,23:00:00,0.9490,Friday,23,11,Autumn,0
10023456784,2024-11-09 00:00:00,2024-11-09,00:00:00,0.5530,Saturday,0,11,Autumn,0
10023456784,2024-11-09 01:00:00,2024-11-09,01:00:00,0.4336,Saturday,1,11,Autumn,0
10023456784,2024-11-09 02:00:00,2024-11-09,02:00:00,0.4858,Saturday,2,11,Autumn,0
10023456784,2024-11-09 03:00:00,2024-11-09,03:00:00,0.3629,Saturday,3,11,Autumn,0
10023456784,2024-11-09 04:00:00,2024-11-09,04:00:00,0.4361,Saturday,4,11,Autumn,0
10023456784,2024-11-09 05:00:00,2024-11-09,05:00:00,0.5546,Saturday,5,11,Autumn,0
10023456784,2024-11-09 06:00:00,2024-11-09,06:00:00,2.0166,Saturday,6,11,Autumn,1
10023456784,2024-11-09 07:00:00,2024-11-09,07:00:00,3.1204,Saturday,7,11,Autumn,1
10023456784,2024-11-09 08:00:00,2024-11-09,08:00:00,4.3304,Saturday,8,11,Autumn,1
10023456784,2024-11-09 09:00:00,2024-11-09,09:00:00,1.4484,Saturday,9,11,Autumn,0
10023456784,2024-11-09 10:00:00,2024-11-09,10:00:00,1.8498,Saturday,10,11,Autumn,0
10023456784,2024-11-09 11:00:00,2024-11-09,11:00:00,1.6448,Saturday,11,11,Autumn,0
10023456784,2024-11-09 12:00:00,2024-11-09,12:00:00,1.3775,Saturday,12,11,Autumn,0
10023456784,2024-11-09 13:00:00,2024-11-09,13:00:00,1.1176,Saturday,13,11,Autumn,0
10023456784,2024-11-09 14:00:00,2024-11-09,14:00:00,1.4184,Saturday,14,11,Autumn,0
10023456784,2024-11-09 15:00:00,2024-11-09,15:00:00,1.3179,Saturday,15,11,Autumn,0
10023456784,2024-11-09 16:00:00,2024-11-09,16:00:00,1.3008,Saturday,16,11,Autumn,0
10023456784,2024-11-09 17:00:00,2024-11-09,17:00:00,1.7642,Saturday,17,11,Autumn,0
10023456784,2024-11-09 18:00:00,2024-11-09,18:00:00,2.7901,Saturday,18,11,Autumn,0
10023456784,2024-11-09 19:00:00,2024-11-09,19:00:00,0.2388,Saturday,19,11,Autumn,1
10023456784,2024-11-09 20:00:00,2024-11-09,20:00:00,2.6705,Saturday,20,11,Autumn,0
10023456784,2024-11-09 21:00:00,2024-11-09,21:00:00,1.9754,Saturday,21,11,Autumn,0
10023456784,2024-11-09 22:00:00,2024-11-09,22:00:00,1.5917,Saturday,22,11,Autumn,0
10023456784,2024-11-09 23:00:00,2024-11-09,23:00:00,1.1627,Saturday,23,11,Autumn,0
10023456784,2024-11-10 00:00:00,2024-11-10,00:00:00,0.4539,Sunday,0,11,Autumn,0
10023456784,2024-11-10 01:00:00,2024-11-10,01:00:00,0.5437,Sunday,1,11,Autumn,0
10023456784,2024-11-10 02:00:00,2024-11-10,02:00:00,0.4708,Sunday,2,11,Autumn,0
10023456784,2024-11-10 03:00:00,2024-11-10,03:00:00,0.4530,Sunday,3,11,Autumn,0
10023456784,2024-11-10 04:00:00,2024-11-10,04:00:00,1.8683,Sunday,4,11,Autumn,1
10023456784,2024-11-10 05:00:00,2024-11-10,05:00:00,0.4994,Sunday,5,11,Autumn,0
10023456784,2024-11-10 06:00:00,2024-11-10,06:00:00,0.9063,Sunday,6,11,Autumn,0
10023456784,2024-11-10 07:00:00,2024-11-10,07:00:00,0.9746,Sunday,7,11,Autumn,0
10023456784,2024-11-10 08:00:00,2024-11-10,08:00:00,1.6886,Sunday,8,11,Autumn,0
10023456784,2024-11-10 09:00:00,2024-11-10,09:00:00,1.8350,Sunday,9,11,Autumn,0
10023456784,2024-11-10 10:00:00,2024-11-10,10:00:00,1.7347,Sunday,10,11,Autumn,0
10023456784,2024-11-10 11:00:00,2024-11-10,11:00:00,1.6872,Sunday,11,11,Autumn,0
10023456784,2024-11-10 12:00:00,2024-11-10,12:00:00,1.2749,Sunday,12,11,Autumn,0
10023456784,2024-11-10 13:00:00,2024-11-10,13:00:00,1.4727,Sunday,13,11,Autumn,0
10023456784,2024-11-10 14:00:00,2024-11-10,14:00:00,1.3647,Sunday,14,11,Autumn,0
10023456784,2024-11-10 15:00:00,2024-11-10,15:00:00,1.1284,Sunday,15,11,Autumn,0
10023456784,2024-11-10 16:00:00,2024-11-10,16:00:00,1.8829,Sunday,16,11,Autumn,0
10023456784,2024-11-10 17:00:00,2024-11-10,17:00:00,2.1772,Sunday,17,11,Autumn,0
10023456784,2024-11-10 18:00:00,2024-11-10,18:00:00,2.3299,Sunday,18,11,Autumn,0
10023456784,2024-11-10 19:00:00,2024-11-10,19:00:00,2.5359,Sunday,19,11,Autumn,0
10023456784,2024-11-10 20:00:00,2024-11-10,20:00:00,2.2596,Sunday,20,11,Autumn,0
10023456784,2024-11-10 21:00:00,2024-11-10,21:00:00,0.2810,Sunday,21,11,Autumn,1
10023456784,2024-11-10 22:00:00,2024-11-10,22:00:00,0.2779,Sunday,22,11,Autumn,1
10023456784,2024-11-10 23:00:00,2024-11-10,23:00:00,1.1648,Sunday,23,11,Autumn,0
10023456784,2024-11-11 00:00:00,2024-11-11,00:00:00,0.3997,Monday,0,11,Autumn,0
10023456784,2024-11-11 01:00:00,2024-11-11,01:00:00,0.4511,Monday,1,11,Autumn,0
10023456784,2024-11-11 02:00:00,2024-11-11,02:00:00,0.3961,Monday,2,11,Autumn,0
10023456784,2024-11-11 03:00:00,2024-11-11,03:00:00,0.3986,Monday,3,11,Autumn,0
10023456784,2024-11-11 04:00:00,2024-11-11,04:00:00,0.4392,Monday,4,11,Autumn,0
10023456784,2024-11-11 05:00:00,2024-11-11,05:00:00,0.5293,Monday,5,11,Autumn,0
10023456784,2024-11-11 06:00:00,2024-11-11,06:00:00,0.9525,Monday,6,11,Autumn,0
10023456784,2024-11-11 07:00:00,2024-11-11,07:00:00,1.6635,Monday,7,11,Autumn,0
10023456784,2024-11-11 08:00:00,2024-11-11,08:00:00,1.5375,Monday,8,11,Autumn,0
10023456784,2024-11-11 09:00:00,2024-11-11,09:00:00,1.3353,Monday,9,11,Autumn,0
10023456784,2024-11-11 10:00:00,2024-11-11,10:00:00,0.8621,Monday,10,11,Autumn,0
10023456784,2024-11-11 11:00:00,2024-11-11,11:00:00,0.9056,Monday,11,11,Autumn,0
10023456784,2024-11-11 12:00:00,2024-11-11,12:00:00,1.1547,Monday,12,11,Autumn,0
10023456784,2024-11-11 13:00:00,2024-11-11,13:00:00,1.1841,Monday,13,11,Autumn,0
10023456784,2024-11-11 14:00:00,2024-11-11,14:00:00,1.2557,Monday,14,11,Autumn,0
10023456784,2024-11-11 15:00:00,2024-11-11,15:00:00,0.9130,Monday,15,11,Autumn,0
10023456784,2024-11-11 16:00:00,2024-11-11,16:00:00,1.4115,Monday,16,11,Autumn,0
10023456784,2024-11-11 17:00:00,2024-11-11,17:00:00,1.7810,Monday,17,11,Autumn,0
10023456784,2024-11-11 18:00:00,2024-11-11,18:00:00,2.0774,Monday,18,11,Autumn,0
10023456784,2024-11-11 19:00:00,2024-11-11,19:00:00,2.6372,Monday,19,11,Autumn,0
10023456784,2024-11-11 20:00:00,2024-11-11,20:00:00,2.1019,Monday,20,11,Autumn,0
10023456784,2024-11-11 21:00:00,2024-11-11,21:00:00,2.1287,Monday,21,11,Autumn,0
10023456784,2024-11-11 22:00:00,2024-11-11,22:00:00,1.3760,Monday,22,11,Autumn,0
10023456784,2024-11-11 23:00:00,2024-11-11,23:00:00,0.8859,Monday,23,11,Autumn,0
10023456784,2024-11-12 00:00:00,2024-11-12,00:00:00,0.3948,Tuesday,0,11,Autumn,0
10023456784,2024-11-12 01:00:00,2024-11-12,01:00:00,0.3627,Tuesday,1,11,Autumn,0
10023456784,2024-11-12 02:00:00,2024-11-12,02:00:00,0.2716,Tuesday,2,11,Autumn,0
10023456784,2024-11-12 03:00:00,2024-11-12,03:00:00,0.3324,Tuesday,3,11,Autumn,0
10023456784,2024-11-12 04:00:00,2024-11-12,04:00:00,0.3235,Tuesday,4,11,Autumn,0
10023456784,2024-11-12 05:00:00,2024-11-12,05:00:00,0.6754,Tuesday,5,11,Autumn,0
10023456784,2024-11-12 06:00:00,2024-11-12,06:00:00,1.0567,Tuesday,6,11,Autumn,0
10023456784,2024-11-12 07:00:00,2024-11-12,07:00:00,1.4090,Tuesday,7,11,Autumn,0
10023456784,2024-11-12 08:00:00,2024-11-12,08:00:00,1.6312,Tuesday,8,11,Autumn,0
10023456784,2024-11-12 09:00:00,2024-11-12,09:00:00,1.4758,Tuesday,9,11,Autumn,0
10023456784,2024-11-12 10:00:00,2024-11-12,10:00:00,1.1159,Tuesday,10,11,Autumn,0
10023456784,2024-11-12 11:00:00,2024-11-12,11:00:00,0.8833,Tuesday,11,11,Autumn,0
10023456784,2024-11-12 12:00:00,2024-11-12,12:00:00,1.0475,Tuesday,12,11,Autumn,0
10023456784,2024-11-12 13:00:00,2024-11-12,13:00:00,1.0689,Tuesday,13,11,Autumn,0
10023456784,2024-11-12 14:00:00,2024-11-12,14:00:00,0.8605,Tuesday,14,11,Autumn,0
10023456784,2024-11-12 15:00:00,2024-11-12,15:00:00,1.1078,Tuesday,15,11,Autumn,0
10023456784,2024-11-12 16:00:00,2024-11-12,16:00:00,2.7974,Tuesday,16,11,Autumn,1
10023456784,2024-11-12 17:00:00,2024-11-12,17:00:00,3.6563,Tuesday,17,11,Autumn,1
10023456784,2024-11-12 18:00:00,2024-11-12,18:00:00,3.9883,Tuesday,18,11,Autumn,1
10023456784,2024-11-12 19:00:00,2024-11-12,19:00:00,4.4415,Tuesday,19,11,Autumn,1
10023456784,2024-11-12 20:00:00,2024-11-12,20:00:00,2.3527,Tuesday,20,11,Autumn,0
10023456784,2024-11-12 21:00:00,2024-11-12,21:00:00,1.9872,Tuesday,21,11,Autumn,0
10023456784,2024-11-12 22:00:00,2024-11-12,22:00:00,1.3624,Tuesday,22,11,Autumn,0
10023456784,2024-11-12 23:00:00,2024-11-12,23:00:00,0.8477,Tuesday,23,11,Autumn,0
10023456784,2024-11-13 00:00:00,2024-11-13,00:00:00,0.4087,Wednesday,0,11,Autumn,0
10023456784,2024-11-13 01:00:00,2024-11-13,01:00:00,0.3777,Wednesday,1,11,Autumn,0
10023456784,2024-11-13 02:00:00,2024-11-13,02:00:00,0.3743,Wednesday,2,11,Autumn,0
10023456784,2024-11-13 03:00:00,2024-11-13,03:00:00,0.4126,Wednesday,3,11,Autumn,0
10023456784,2024-11-13 04:00:00,2024-11-13,04:00:00,0.4383,Wednesday,4,11,Autumn,0
10023456784,2024-11-13 05:00:00,2024-11-13,05:00:00,0.6779,Wednesday,5,11,Autumn,0
10023456784,2024-11-13 06:00:00,2024-11-13,06:00:00,1.0623,Wednesday,6,11,Autumn,0
10023456784,2024-11-13 07:00:00,2024-11-13,07:00:00,1.5228,Wednesday,7,11,Autumn,0
10023456784,2024-11-13 08:00:00,2024-11-13,08:00:00,1.8084,Wednesday,8,11,Autumn,0
10023456784,2024-11-13 09:00:00,2024-11-13,09:00:00,1.4301,Wednesday,9,11,Autumn,0
10023456784,2024-11-13 10:00:00,2024-11-13,10:00:00,0.8685,Wednesday,10,11,Autumn,0
10023456784,2024-11-13 11:00:00,2024-11-13,11:00:00,1.0906,Wednesday,11,11,Autumn,0
10023456784,2024-11-13 12:00:00,2024-11-13,12:00:00,1.2164,Wednesday,12,11,Autumn,0
10023456784,2024-11-13 13:00:00,2024-11-13,13:00:00,1.3206,Wednesday,13,11,Autumn,0
10023456784,2024-11-13 14:00:00,2024-11-13,14:00:00,0.9035,Wednesday,14,11,Autumn,0
10023456784,2024-11-13 15:00:00,2024-11-13,15:00:00,1.1708,Wednesday,15,11,Autumn,0
10023456784,2024-11-13 16:00:00,2024-11-13,16:00:00,1.1861,Wednesday,16,11,Autumn,0
10023456784,2024-11-13 17:00:00,2024-11-13,17:00:00,1.4536,Wednesday,17,11,Autumn,0
10023456784,2024-11-13 18:00:00,2024-11-13,18:00:00,2.3167,Wednesday,18,11,Autumn,0
10023456784,2024-11-13 19:00:00,2024-11-13,19:00:00,2.1795,Wednesday,19,11,Autumn,0
10023456784,2024-11-13 20:00:00,2024-11-13,20:00:00,2.3923,Wednesday,20,11,Autumn,0
10023456784,2024-11-13 21:00:00,2024-11-13,21:00:00,2.1472,Wednesday,21,11,Autumn,0
10023456784,2024-11-13 22:00:00,2024-11-13,22:00:00,1.4982,Wednesday,22,11,Autumn,0
10023456784,2024-11-13 23:00:00,2024-11-13,23:00:00,0.7568,Wednesday,23,11,Autumn,0
10023456784,2024-11-14 00:00:00,2024-11-14,00:00:00,0.5326,Thursday,0,11,Autumn,0
10023456784,2024-11-14 01:00:00,2024-11-14,01:00:00,0.4452,Thursday,1,11,Autumn,0
10023456784,2024-11-14 02:00:00,2024-11-14,02:00:00,0.3949,Thursday,2,11,Autumn,0
10023456784,2024-11-14 03:00:00,2024-11-14,03:00:00,0.4125,Thursday,3,11,Autumn,0
10023456784,2024-11-14 04:00:00,2024-11-14,04:00:00,0.4702,Thursday,4,11,Autumn,0
10023456784,2024-11-14 05:00:00,2024-11-14,05:00:00,0.6691,Thursday,5,11,Autumn,0
10023456784,2024-11-14 06:00:00,2024-11-14,06:00:00,0.9936,Thursday,6,11,Autumn,0
10023456784,2024-11-14 07:00:00,2024-11-14,07:00:00,1.8771,Thursday,7,11,Autumn,0
10023456784,2024-11-14 08:00:00,2024-11-14,08:00:00,1.9097,Thursday,8,11,Autumn,0
10023456784,2024-11-14 09:00:00,2024-11-14,09:00:00,1.7421,Thursday,9,11,Autumn,0
10023456784,2024-11-14 10:00:00,2024-11-14,10:00:00,1.2818,Thursday,10,11,Autumn,0
10023456784,2024-11-14 11:00:00,2024-11-14,11:00:00,1.2080,Thursday,11,11,Autumn,0
10023456784,2024-11-14 12:00:00,2024-11-14,12:00:00,0.1449,Thursday,12,11,Autumn,1
10023456784,2024-11-14 13:00:00,2024-11-14,13:00:00,1.3401,Thursday,13,11,Autumn,0
10023456784,2024-11-14 14:00:00,2024-11-14,14:00:00,1.0636,Thursday,14,11,Autumn,0
10023456784,2024-11-14 15:00:00,2024-11-14,15:00:00,1.1003,Thursday,15,11,Autumn,0
10023456784,2024-11-14 16:00:00,2024-11-14,16:00:00,1.5559,Thursday,16,11,Autumn,0
10023456784,2024-11-14 17:00:00,2024-11-14,17:00:00,1.8132,Thursday,17,11,Autumn,0
10023456784,2024-11-14 18:00:00,2024-11-14,18:00:00,2.2563,Thursday,18,11,Autumn,0
10023456784,2024-11-14 19:00:00,2024-11-14,19:00:00,2.9047,Thursday,19,11,Autumn,0
10023456784,2024-11-14 20:00:00,2024-11-14,20:00:00,2.8850,Thursday,20,11,Autumn,0
10023456784,2024-11-14 21:00:00,2024-11-14,21:00:00,2.1522,Thursday,21,11,Autumn,0
10023456784,2024-11-14 22:00:00,2024-11-14,22:00:00,1.4938,Thursday,22,11,Autumn,0
10023456784,2024-11-14 23:00:00,2024-11-14,23:00:00,0.9642,Thursday,23,11,Autumn,0
10023456784,2024-11-15 00:00:00,2024-11-15,00:00:00,0.5702,Friday,0,11,Autumn,0
10023456784,2024-11-15 01:00:00,2024-11-15,01:00:00,0.5934,Friday,1,11,Autumn,0
10023456784,2024-11-15 02:00:00,2024-11-15,02:00:00,0.4612,Friday,2,11,Autumn,0
10023456784,2024-11-15 03:00:00,2024-11-15,03:00:00,0.4399,Friday,3,11,Autumn,0
10023456784,2024-11-15 04:00:00,2024-11-15,04:00:00,0.5116,Friday,4,11,Autumn,0
10023456784,2024-11-15 05:00:00,2024-11-15,05:00:00,0.9843,Friday,5,11,Autumn,0
10023456784,2024-11-15 06:00:00,2024-11-15,06:00:00,1.4741,Friday,6,11,Autumn,0
10023456784,2024-11-15 07:00:00,2024-11-15,07:00:00,2.1171,Friday,7,11,Autumn,0
10023456784,2024-11-15 08:00:00,2024-11-15,08:00:00,2.5383,Friday,8,11,Autumn,0
10023456784,2024-11-15 09:00:00,2024-11-15,09:00:00,1.8767,Friday,9,11,Autumn,0
10023456784,2024-11-15 10:00:00,2024-11-15,10:00:00,1.4821,Friday,10,11,Autumn,0
10023456784,2024-11-15 11:00:00,2024-11-15,11:00:00,1.2379,Friday,11,11,Autumn,0
10023456784,2024-11-15 12:00:00,2024-11-15,12:00:00,6.0799,Friday,12,11,Autumn,1
10023456784,2024-11-15 13:00:00,2024-11-15,13:00:00,1.3068,Friday,13,11,Autumn,0
10023456784,2024-11-15 14:00:00,2024-11-15,14:00:00,1.3363,Friday,14,11,Autumn,0
10023456784,2024-11-15 15:00:00,2024-11-15,15:00:00,1.4450,Friday,15,11,Autumn,0
10023456784,2024-11-15 16:00:00,2024-11-15,16:00:00,1.6429,Friday,16,11,Autumn,0
10023456784,2024-11-15 17:00:00,2024-11-15,17:00:00,2.2956,Friday,17,11,Autumn,0
10023456784,2024-11-15 18:00:00,2024-11-15,18:00:00,3.2946,Friday,18,11,Autumn,0
10023456784,2024-11-15 19:00:00,2024-11-15,19:00:00,3.2819,Friday,19,11,Autumn,0
10023456784,2024-11-15 20:00:00,2024-11-15,20:00:00,3.1831,Friday,20,11,Autumn,0
10023456784,2024-11-15 21:00:00,2024-11-15,21:00:00,2.8901,Friday,21,11,Autumn,0
10023456784,2024-11-15 22:00:00,2024-11-15,22:00:00,1.5218,Friday,22,11,Autumn,0
10023456784,2024-11-15 23:00:00,2024-11-15,23:00:00,0.9089,Friday,23,11,Autumn,0
10023456784,2024-11-16 00:00:00,2024-11-16,00:00:00,0.7043,Saturday,0,11,Autumn,0
10023456784,2024-11-16 01:00:00,2024-11-16,01:00:00,0.5534,Saturday,1,11,Autumn,0
10023456784,2024-11-16 02:00:00,2024-11-16,02:00:00,0.6113,Saturday,2,11,Autumn,0
10023456784,2024-11-16 03:00:00,2024-11-16,03:00:00,0.4517,Saturday,3,11,Autumn,0
10023456784,2024-11-16 04:00:00,2024-11-16,04:00:00,0.5184,Saturday,4,11,Autumn,0
10023456784,2024-11-16 05:00:00,2024-11-16,05:00:00,0.7188,Saturday,5,11,Autumn,0
10023456784,2024-11-16 06:00:00,2024-11-16,06:00:00,0.9356,Saturday,6,11,Autumn,0
10023456784,2024-11-16 07:00:00,2024-11-16,07:00:00,1.1713,Saturday,7,11,Autumn,0
10023456784,2024-11-16 08:00:00,2024-11-16,08:00:00,1.4542,Saturday,8,11,Autumn,0
10023456784,2024-11-16 09:00:00,2024-11-16,09:00:00,2.3930,Saturday,9,11,Autumn,0
10023456784,2024-11-16 10:00:00,2024-11-16,10:00:00,1.8179,Saturday,10,11,Autumn,0
10023456784,2024-11-16 11:00:00,2024-11-16,11:00:00,1.6154,Saturday,11,11,Autumn,0
10023456784,2024-11-16 12:00:00,2024-11-16,12:00:00,1.5217,Saturday,12,11,Autumn,0
10023456784,2024-11-16 13:00:00,2024-11-16,13:00:00,1.5270,Saturday,13,11,Autumn,0
10023456784,2024-11-16 14:00:00,2024-11-16,14:00:00,1.3793,Saturday,14,11,Autumn,0
10023456784,2024-11-16 15:00:00,2024-11-16,15:00:00,1.7977,Saturday,15,11,Autumn,0
10023456784,2024-11-16 16:00:00,2024-11-16,16:00:00,1.7676,Saturday,16,11,Autumn,0
10023456784,2024-11-16 17:00:00,2024-11-16,17:00:00,2.3289,Saturday,17,11,Autumn,0
10023456784,2024-11-16 18:00:00,2024-11-16,18:00:00,2.9834,Saturday,18,11,Autumn,0
10023456784,2024-11-16 19:00:00,2024-11-16,19:00:00,3.1307,Saturday,19,11,Autumn,0
10023456784,2024-11-16 20:00:00,2024-11-16,20:00:00,2.1125,Saturday,20,11,Autumn,0
10023456784,2024-11-16 21:00:00,2024-11-16,21:00:00,2.3551,Saturday,21,11,Autumn,0
10023456784,2024-11-16 22:00:00,2024-11-16,22:00:00,1.5316,Saturday,22,11,Autumn,0
10023456784,2024-11-16 23:00:00,2024-11-16,23:00:00,1.4151,Saturday,23,11,Autumn,0
10023456784,2024-11-17 00:00:00,2024-11-17,00:00:00,0.5099,Sunday,0,11,Autumn,0
10023456784,2024-11-17 01:00:00,2024-11-17,01:00:00,0.4313,Sunday,1,11,Autumn,0
10023456784,2024-11-17 02:00:00,2024-11-17,02:00:00,0.3473,Sunday,2,11,Autumn,0
10023456784,2024-11-17 03:00:00,2024-11-17,03:00:00,0.4712,Sunday,3,11,Autumn,0
10023456784,2024-11-17 04:00:00,2024-11-17,04:00:00,0.4592,Sunday,4,11,Autumn,0
10023456784,2024-11-17 05:00:00,2024-11-17,05:00:00,0.5965,Sunday,5,11,Autumn,0
10023456784,2024-11-17 06:00:00,2024-11-17,06:00:00,0.8027,Sunday,6,11,Autumn,0
10023456784,2024-11-17 07:00:00,2024-11-17,07:00:00,1.1164,Sunday,7,11,Autumn,0
10023456784,2024-11-17 08:00:00,2024-11-17,08:00:00,1.3625,Sunday,8,11,Autumn,0
10023456784,2024-11-17 09:00:00,2024-11-17,09:00:00,1.7297,Sunday,9,11,Autumn,0
10023456784,2024-11-17 10:00:00,2024-11-17,10:00:00,1.6134,Sunday,10,11,Autumn,0
10023456784,2024-11-17 11:00:00,2024-11-17,11:00:00,1.4899,Sunday,11,11,Autumn,0
10023456784,2024-11-17 12:00:00,2024-11-17,12:00:00,1.6720,Sunday,12,11,Autumn,0
10023456784,2024-11-17 13:00:00,2024-11-17,13:00:00,1.4588,Sunday,13,11,Autumn,0
10023456784,2024-11-17 14:00:00,2024-11-17,14:00:00,1.4264,Sunday,14,11,Autumn,0
10023456784,2024-11-17 15:00:00,2024-11-17,15:00:00,1.1425,Sunday,15,11,Autumn,0
10023456784,2024-11-17 16:00:00,2024-11-17,16:00:00,1.6388,Sunday,16,11,Autumn,0
10023456784,2024-11-17 17:00:00,2024-11-17,17:00:00,1.8442,Sunday,17,11,Autumn,0
10023456784,2024-11-17 18:00:00,2024-11-17,18:00:00,2.4466,Sunday,18,11,Autumn,0
10023456784,2024-11-17 19:00:00,2024-11-17,19:00:00,2.5550,Sunday,19,11,Autumn,0
10023456784,2024-11-17 20:00:00,2024-11-17,20:00:00,2.1841,Sunday,20,11,Autumn,0
10023456784,2024-11-17 21:00:00,2024-11-17,21:00:00,1.9077,Sunday,21,11,Autumn,0
10023456784,2024-11-17 22:00:00,2024-11-17,22:00:00,1.4998,Sunday,22,11,Autumn,0
10023456784,2024-11-17 23:00:00,2024-11-17,23:00:00,1.1257,Sunday,23,11,Autumn,0
10023456784,2024-11-18 00:00:00,2024-11-18,00:00:00,0.3872,Monday,0,11,Autumn,0
10023456784,2024-11-18 01:00:00,2024-11-18,01:00:00,0.4645,Monday,1,11,Autumn,0
10023456784,2024-11-18 02:00:00,2024-11-18,02:00:00,0.2798,Monday,2,11,Autumn,0
10023456784,2024-11-18 03:00:00,2024-11-18,03:00:00,0.3235,Monday,3,11,Autumn,0
10023456784,2024-11-18 04:00:00,2024-11-18,04:00:00,0.3498,Monday,4,11,Autumn,0
10023456784,2024-11-18 05:00:00,2024-11-18,05:00:00,0.6210,Monday,5,11,Autumn,0
10023456784,2024-11-18 06:00:00,2024-11-18,06:00:00,0.9991,Monday,6,11,Autumn,0
10023456784,2024-11-18 07:00:00,2024-11-18,07:00:00,1.8371,Monday,7,11,Autumn,0
10023456784,2024-11-18 08:00:00,2024-11-18,08:00:00,1.7813,Monday,8,11,Autumn,0
10023456784,2024-11-18 09:00:00,2024-11-18,09:00:00,1.4241,Monday,9,11,Autumn,0
10023456784,2024-11-18 10:00:00,2024-11-18,10:00:00,1.0956,Monday,10,11,Autumn,0
10023456784,2024-11-18 11:00:00,2024-11-18,11:00:00,0.9040,Monday,11,11,Autumn,0
10023456784,2024-11-18 12:00:00,2024-11-18,12:00:00,1.0442,Monday,12,11,Autumn,0
10023456784,2024-11-18 13:00:00,2024-11-18,13:00:00,1.0550,Monday,13,11,Autumn,0
10023456784,2024-11-18 14:00:00,2024-11-18,14:00:00,0.9605,Monday,14,11,Autumn,0
10023456784,2024-11-18 15:00:00,2024-11-18,15:00:00,0.9693,Monday,15,11,Autumn,0
10023456784,2024-11-18 16:00:00,2024-11-18,16:00:00,1.1817,Monday,16,11,Autumn,0
10023456784,2024-11-18 17:00:00,2024-11-18,17:00:00,1.2119,Monday,17,11,Autumn,0
10023456784,2024-11-18 18:00:00,2024-11-18,18:00:00,1.9089,Monday,18,11,Autumn,0
10023456784,2024-11-18 19:00:00,2024-11-18,19:00:00,2.1878,Monday,19,11,Autumn,0
10023456784,2024-11-18 20:00:00,2024-11-18,20:00:00,2.3749,Monday,20,11,Autumn,0
10023456784,2024-11-18 21:00:00,2024-11-18,21:00:00,1.7419,Monday,21,11,Autumn,0
10023456784,2024-11-18 22:00:00,2024-11-18,22:00:00,1.3841,Monday,22,11,Autumn,0
10023456784,2024-11-18 23:00:00,2024-11-18,23:00:00,0.6890,Monday,23,11,Autumn,0
10023456784,2024-11-19 00:00:00,2024-11-19,00:00:00,0.3179,Tuesday,0,11,Autumn,0
10023456784,2024-11-19 01:00:00,2024-11-19,01:00:00,0.3146,Tuesday,1,11,Autumn,0
10023456784,2024-11-19 02:00:00,2024-11-19,02:00:00,0.3346,Tuesday,2,11,Autumn,0
10023456784,2024-11-19 03:00:00,2024-11-19,03:00:00,0.3171,Tuesday,3,11,Autumn,0
10023456784,2024-11-19 04:00:00,2024-11-19,04:00:00,0.3220,Tuesday,4,11,Autumn,0
10023456784,2024-11-19 05:00:00,2024-11-19,05:00:00,0.4754,Tuesday,5,11,Autumn,0
10023456784,2024-11-19 06:00:00,2024-11-19,06:00:00,0.8110,Tuesday,6,11,Autumn,0
10023456784,2024-11-19 07:00:00,2024-11-19,07:00:00,1.2530,Tuesday,7,11,Autumn,0
10023456784,2024-11-19 08:00:00,2024-11-19,08:00:00,1.1777,Tuesday,8,11,Autumn,0
10023456784,2024-11-19 09:00:00,2024-11-19,09:00:00,1.0347,Tuesday,9,11,Autumn,0
10023456784,2024-11-19 10:00:00,2024-11-19,10:00:00,0.7234,Tuesday,10,11,Autumn,0
10023456784,2024-11-19 11:00:00,2024-11-19,11:00:00,0.6971,Tuesday,11,11,Autumn,0
10023456784,2024-11-19 12:00:00,2024-11-19,12:00:00,0.8508,Tuesday,12,11,Autumn,0
10023456784,2024-11-19 13:00:00,2024-11-19,13:00:00,0.9208,Tuesday,13,11,Autumn,0
10023456784,2024-11-19 14:00:00,2024-11-19,14:00:00,0.7052,Tuesday,14,11,Autumn,0
10023456784,2024-11-19 15:00:00,2024-11-19,15:00:00,0.8601,Tuesday,15,11,Autumn,0
10023456784,2024-11-19 16:00:00,2024-11-19,16:00:00,1.1315,Tuesday,16,11,Autumn,0
10023456784,2024-11-19 17:00:00,2024-11-19,17:00:00,1.0647,Tuesday,17,11,Autumn,0
10023456784,2024-11-19 18:00:00,2024-11-19,18:00:00,1.4724,Tuesday,18,11,Autumn,0
10023456784,2024-11-19 19:00:00,2024-11-19,19:00:00,1.8055,Tuesday,19,11,Autumn,0
10023456784,2024-11-19 20:00:00,2024-11-19,20:00:00,1.7905,Tuesday,20,11,Autumn,0
10023456784,2024-11-19 21:00:00,2024-11-19,21:00:00,1.5900,Tuesday,21,11,Autumn,0
10023456784,2024-11-19 22:00:00,2024-11-19,22:00:00,1.2529,Tuesday,22,11,Autumn,0
10023456784,2024-11-19 23:00:00,2024-11-19,23:00:00,0.6426,Tuesday,23,11,Autumn,0
10023456784,2024-11-20 00:00:00,2024-11-20,00:00:00,0.3062,Wednesday,0,11,Autumn,0
10023456784,2024-11-20 01:00:00,2024-11-20,01:00:00,0.3306,Wednesday,1,11,Autumn,0
10023456784,2024-11-20 02:00:00,2024-11-20,02:00:00,0.3394,Wednesday,2,11,Autumn,0
10023456784,2024-11-20 03:00:00,2024-11-20,03:00:00,0.3307,Wednesday,3,11,Autumn,0
10023456784,2024-11-20 04:00:00,2024-11-20,04:00:00,0.3786,Wednesday,4,11,Autumn,0
10023456784,2024-11-20 05:00:00,2024-11-20,05:00:00,0.3500,Wednesday,5,11,Autumn,0
10023456784,2024-11-20 06:00:00,2024-11-20,06:00:00,0.7235,Wednesday,6,11,Autumn,0
10023456784,2024-11-20 07:00:00,2024-11-20,07:00:00,1.0537,Wednesday,7,11,Autumn,0
10023456784,2024-11-20 08:00:00,2024-11-20,08:00:00,1.3368,Wednesday,8,11,Autumn,0
10023456784,2024-11-20 09:00:00,2024-11-20,09:00:00,1.2428,Wednesday,9,11,Autumn,0
10023456784,2024-11-20 10:00:00,2024-11-20,10:00:00,0.9102,Wednesday,10,11,Autumn,0
10023456784,2024-11-20 11:00:00,2024-11-20,11:00:00,0.7879,Wednesday,11,11,Autumn,0
10023456784,2024-11-20 12:00:00,2024-11-20,12:00:00,0.8705,Wednesday,12,11,Autumn,0
10023456784,2024-11-20 13:00:00,2024-11-20,13:00:00,0.9390,Wednesday,13,11,Autumn,0
10023456784,2024-11-20 14:00:00,2024-11-20,14:00:00,0.7876,Wednesday,14,11,Autumn,0
10023456784,2024-11-20 15:00:00,2024-11-20,15:00:00,0.7475,Wednesday,15,11,Autumn,0
10023456784,2024-11-20 16:00:00,2024-11-20,16:00:00,1.0050,Wednesday,16,11,Autumn,0
10023456784,2024-11-20 17:00:00,2024-11-20,17:00:00,1.3659,Wednesday,17,11,Autumn,0
10023456784,2024-11-20 18:00:00,2024-11-20,18:00:00,1.5780,Wednesday,18,11,Autumn,0
10023456784,2024-11-20 19:00:00,2024-11-20,19:00:00,1.7744,Wednesday,19,11,Autumn,0
10023456784,2024-11-20 20:00:00,2024-11-20,20:00:00,1.8663,Wednesday,20,11,Autumn,0
10023456784,2024-11-20 21:00:00,2024-11-20,21:00:00,1.7272,Wednesday,21,11,Autumn,0
10023456784,2024-11-20 22:00:00,2024-11-20,22:00:00,1.0755,Wednesday,22,11,Autumn,0
10023456784,2024-11-20 23:00:00,2024-11-20,23:00:00,0.6155,Wednesday,23,11,Autumn,0
10023456784,2024-11-21 00:00:00,2024-11-21,00:00:00,0.2834,Thursday,0,11,Autumn,0
10023456784,2024-11-21 01:00:00,2024-11-21,01:00:00,0.3317,Thursday,1,11,Autumn,0
10023456784,2024-11-21 02:00:00,2024-11-21,02:00:00,0.2990,Thursday,2,11,Autumn,0
10023456784,2024-11-21 03:00:00,2024-11-21,03:00:00,0.2678,Thursday,3,11,Autumn,0
10023456784,2024-11-21 04:00:00,2024-11-21,04:00:00,0.4060,Thursday,4,11,Autumn,0
10023456784,2024-11-21 05:00:00,2024-11-21,05:00:00,0.3781,Thursday,5,11,Autumn,0
10023456784,2024-11-21 06:00:00,2024-11-21,06:00:00,0.8124,Thursday,6,11,Autumn,0
10023456784,2024-11-21 07:00:00,2024-11-21,07:00:00,1.2546,Thursday,7,11,Autumn,0
10023456784,2024-11-21 08:00:00,2024-11-21,08:00:00,1.2165,Thursday,8,11,Autumn,0
10023456784,2024-11-21 09:00:00,2024-11-21,09:00:00,1.2741,Thursday,9,11,Autumn,0
10023456784,2024-11-21 10:00:00,2024-11-21,10:00:00,0.9089,Thursday,10,11,Autumn,0
10023456784,2024-11-21 11:00:00,2024-11-21,11:00:00,0.7574,Thursday,11,11,Autumn,0
10023456784,2024-11-21 12:00:00,2024-11-21,12:00:00,0.6899,Thursday,12,11,Autumn,0
10023456784,2024-11-21 13:00:00,2024-11-21,13:00:00,0.8170,Thursday,13,11,Autumn,0
10023456784,2024-11-21 14:00:00,2024-11-21,14:00:00,0.8946,Thursday,14,11,Autumn,0
10023456784,2024-11-21 15:00:00,2024-11-21,15:00:00,0.9184,Thursday,15,11,Autumn,0
10023456784,2024-11-21 16:00:00,2024-11-21,16:00:00,0.9171,Thursday,16,11,Autumn,0
10023456784,2024-11-21 17:00:00,2024-11-21,17:00:00,1.3719,Thursday,17,11,Autumn,0
10023456784,2024-11-21 18:00:00,2024-11-21,18:00:00,1.8357,Thursday,18,11,Autumn,0
10023456784,2024-11-21 19:00:00,2024-11-21,19:00:00,1.7322,Thursday,19,11,Autumn,0
10023456784,2024-11-21 20:00:00,2024-11-21,20:00:00,1.4680,Thursday,20,11,Autumn,0
10023456784,2024-11-21 21:00:00,2024-11-21,21:00:00,1.4812,Thursday,21,11,Autumn,0
10023456784,2024-11-21 22:00:00,2024-11-21,22:00:00,1.0820,Thursday,22,11,Autumn,0
10023456784,2024-11-21 23:00:00,2024-11-21,23:00:00,0.8247,Thursday,23,11,Autumn,0
10023456784,2024-11-22 00:00:00,2024-11-22,00:00:00,0.3828,Friday,0,11,Autumn,0
10023456784,2024-11-22 01:00:00,2024-11-22,01:00:00,0.3376,Friday,1,11,Autumn,0
10023456784,2024-11-22 02:00:00,2024-11-22,02:00:00,0.4197,Friday,2,11,Autumn,0
10023456784,2024-11-22 03:00:00,2024-11-22,03:00:00,0.4313,Friday,3,11,Autumn,0
10023456784,2024-11-22 04:00:00,2024-11-22,04:00:00,0.3629,Friday,4,11,Autumn,0
10023456784,2024-11-22 05:00:00,2024-11-22,05:00:00,0.5728,Friday,5,11,Autumn,0
10023456784,2024-11-22 06:00:00,2024-11-22,06:00:00,2.6259,Friday,6,11,Autumn,1
10023456784,2024-11-22 07:00:00,2024-11-22,07:00:00,1.4490,Friday,7,11,Autumn,0
10023456784,2024-11-22 08:00:00,2024-11-22,08:00:00,1.5507,Friday,8,11,Autumn,0
10023456784,2024-11-22 09:00:00,2024-11-22,09:00:00,1.2403,Friday,9,11,Autumn,0
10023456784,2024-11-22 10:00:00,2024-11-22,10:00:00,0.9055,Friday,10,11,Autumn,0
10023456784,2024-11-22 11:00:00,2024-11-22,11:00:00,0.8889,Friday,11,11,Autumn,0
10023456784,2024-11-22 12:00:00,2024-11-22,12:00:00,2.7336,Friday,12,11,Autumn,1
10023456784,2024-11-22 13:00:00,2024-11-22,13:00:00,2.7294,Friday,13,11,Autumn,1
10023456784,2024-11-22 14:00:00,2024-11-22,14:00:00,2.9684,Friday,14,11,Autumn,1
10023456784,2024-11-22 15:00:00,2024-11-22,15:00:00,2.9778,Friday,15,11,Autumn,1
10023456784,2024-11-22 16:00:00,2024-11-22,16:00:00,3.4052,Friday,16,11,Autumn,1
10023456784,2024-11-22 17:00:00,2024-11-22,17:00:00,4.1439,Friday,17,11,Autumn,1
10023456784,2024-11-22 18:00:00,2024-11-22,18:00:00,1.8967,Friday,18,11,Autumn,0
10023456784,2024-11-22 19:00:00,2024-11-22,19:00:00,2.1478,Friday,19,11,Autumn,0
10023456784,2024-11-22 20:00:00,2024-11-22,20:00:00,2.0529,Friday,20,11,Autumn,0
10023456784,2024-11-22 21:00:00,2024-11-22,21:00:00,1.6655,Friday,21,11,Autumn,0
10023456784,2024-11-22 22:00:00,2024-11-22,22:00:00,1.2049,Friday,22,11,Autumn,0
10023456784,2024-11-22 23:00:00,2024-11-22,23:00:00,0.6932,Friday,23,11,Autumn,0
10023456784,2024-11-23 00:00:00,2024-11-23,00:00:00,0.5707,Saturday,0,11,Autumn,0
10023456784,2024-11-23 01:00:00,2024-11-23,01:00:00,0.4249,Saturday,1,11,Autumn,0
10023456784,2024-11-23 02:00:00,2024-11-23,02:00:00,0.5246,Saturday,2,11,Autumn,0
10023456784,2024-11-23 03:00:00,2024-11-23,03:00:00,0.3692,Saturday,3,11,Autumn,0
10023456784,2024-11-23 04:00:00,2024-11-23,04:00:00,0.3709,Saturday,4,11,Autumn,0
10023456784,2024-11-23 05:00:00,2024-11-23,05:00:00,0.4754,Saturday,5,11,Autumn,0
10023456784,2024-11-23 06:00:00,2024-11-23,06:00:00,0.7058,Saturday,6,11,Autumn,0
10023456784,2024-11-23 07:00:00,2024-11-23,07:00:00,1.2109,Saturday,7,11,Autumn,0
10023456784,2024-11-23 08:00:00,2024-11-23,08:00:00,1.5917,Saturday,8,11,Autumn,0
10023456784,2024-11-23 09:00:00,2024-11-23,09:00:00,1.5300,Saturday,9,11,Autumn,0
10023456784,2024-11-23 10:00:00,2024-11-23,10:00:00,1.5954,Saturday,10,11,Autumn,0
10023456784,2024-11-23 11:00:00,2024-11-23,11:00:00,1.2403,Saturday,11,11,Autumn,0
10023456784,2024-11-23 12:00:00,2024-11-23,12:00:00,1.2619,Saturday,12,11,Autumn,0
10023456784,2024-11-23 13:00:00,2024-11-23,13:00:00,1.1133,Saturday,13,11,Autumn,0
10023456784,2024-11-23 14:00:00,2024-11-23,14:00:00,1.2579,Saturday,14,11,Autumn,0
10023456784,2024-11-23 15:00:00,2024-11-23,15:00:00,1.2084,Saturday,15,11,Autumn,0
10023456784,2024-11-23 16:00:00,2024-11-23,16:00:00,1.3050,Saturday,16,11,Autumn,0
10023456784,2024-11-23 17:00:00,2024-11-23,17:00:00,1.8213,Saturday,17,11,Autumn,0
10023456784,2024-11-23 18:00:00,2024-11-23,18:00:00,2.2610,Saturday,18,11,Autumn,0
10023456784,2024-11-23 19:00:00,2024-11-23,19:00:00,2.6477,Saturday,19,11,Autumn,0
10023456784,2024-11-23 20:00:00,2024-11-23,20:00:00,2.2448,Saturday,20,11,Autumn,0
10023456784,2024-11-23 21:00:00,2024-11-23,21:00:00,2.1210,Saturday,21,11,Autumn,0
10023456784,2024-11-23 22:00:00,2024-11-23,22:00:00,1.4876,Saturday,22,11,Autumn,0
10023456784,2024-11-23 23:00:00,2024-11-23,23:00:00,1.2140,Saturday,23,11,Autumn,0
10023456784,2024-11-24 00:00:00,2024-11-24,00:00:00,0.4226,Sunday,0,11,Autumn,0
10023456784,2024-11-24 01:00:00,2024-11-24,01:00:00,0.4752,Sunday,1,11,Autumn,0
10023456784,2024-11-24 02:00:00,2024-11-24,02:00:00,0.4425,Sunday,2,11,Autumn,0
10023456784,2024-11-24 03:00:00,2024-11-24,03:00:00,0.4289,Sunday,3,11,Autumn,0
10023456784,2024-11-24 04:00:00,2024-11-24,04:00:00,0.4660,Sunday,4,11,Autumn,0
10023456784,2024-11-24 05:00:00,2024-11-24,05:00:00,0.5188,Sunday,5,11,Autumn,0
10023456784,2024-11-24 06:00:00,2024-11-24,06:00:00,0.9042,Sunday,6,11,Autumn,0
10023456784,2024-11-24 07:00:00,2024-11-24,07:00:00,1.0409,Sunday,7,11,Autumn,0
10023456784,2024-11-24 08:00:00,2024-11-24,08:00:00,1.5955,Sunday,8,11,Autumn,0
10023456784,2024-11-24 09:00:00,2024-11-24,09:00:00,1.8913,Sunday,9,11,Autumn,0
10023456784,2024-11-24 10:00:00,2024-11-24,10:00:00,1.9026,Sunday,10,11,Autumn,0
10023456784,2024-11-24 11:00:00,2024-11-24,11:00:00,1.4399,Sunday,11,11,Autumn,0
10023456784,2024-11-24 12:00:00,2024-11-24,12:00:00,1.2678,Sunday,12,11,Autumn,0
10023456784,2024-11-24 13:00:00,2024-11-24,13:00:00,1.1943,Sunday,13,11,Autumn,0
10023456784,2024-11-24 14:00:00,2024-11-24,14:00:00,1.3165,Sunday,14,11,Autumn,0
10023456784,2024-11-24 15:00:00,2024-11-24,15:00:00,1.2670,Sunday,15,11,Autumn,0
10023456784,2024-11-24 16:00:00,2024-11-24,16:00:00,1.5847,Sunday,16,11,Autumn,0
10023456784,2024-11-24 17:00:00,2024-11-24,17:00:00,1.6363,Sunday,17,11,Autumn,0
10023456784,2024-11-24 18:00:00,2024-11-24,18:00:00,2.1656,Sunday,18,11,Autumn,0
10023456784,2024-11-24 19:00:00,2024-11-24,19:00:00,2.1943,Sunday,19,11,Autumn,0
10023456784,2024-11-24 20:00:00,2024-11-24,20:00:00,2.1377,Sunday,20,11,Autumn,0
10023456784,2024-11-24 21:00:00,2024-11-24,21:00:00,2.0215,Sunday,21,11,Autumn,0
10023456784,2024-11-24 22:00:00,2024-11-24,22:00:00,1.5563,Sunday,22,11,Autumn,0
10023456784,2024-11-24 23:00:00,2024-11-24,23:00:00,0.9226,Sunday,23,11,Autumn,0
10023456784,2024-11-25 00:00:00,2024-11-25,00:00:00,0.4112,Monday,0,11,Autumn,0
10023456784,2024-11-25 01:00:00,2024-11-25,01:00:00,0.3792,Monday,1,11,Autumn,0
10023456784,2024-11-25 02:00:00,2024-11-25,02:00:00,1.1843,Monday,2,11,Autumn,1
10023456784,2024-11-25 03:00:00,2024-11-25,03:00:00,0.9807,Monday,3,11,Autumn,1
10023456784,2024-11-25 04:00:00,2024-11-25,04:00:00,0.9862,Monday,4,11,Autumn,1
10023456784,2024-11-25 05:00:00,2024-11-25,05:00:00,1.6835,Monday,5,11,Autumn,1
10023456784,2024-11-25 06:00:00,2024-11-25,06:00:00,1.0906,Monday,6,11,Autumn,0
10023456784,2024-11-25 07:00:00,2024-11-25,07:00:00,1.4710,Monday,7,11,Autumn,0
10023456784,2024-11-25 08:00:00,2024-11-25,08:00:00,1.5588,Monday,8,11,Autumn,0
10023456784,2024-11-25 09:00:00,2024-11-25,09:00:00,1.4282,Monday,9,11,Autumn,0
10023456784,2024-11-25 10:00:00,2024-11-25,10:00:00,0.9983,Monday,10,11,Autumn,0
10023456784,2024-11-25 11:00:00,2024-11-25,11:00:00,1.1760,Monday,11,11,Autumn,0
10023456784,2024-11-25 12:00:00,2024-11-25,12:00:00,1.0167,Monday,12,11,Autumn,0
10023456784,2024-11-25 13:00:00,2024-11-25,13:00:00,1.0006,Monday,13,11,Autumn,0
10023456784,2024-11-25 14:00:00,2024-11-25,14:00:00,1.0925,Monday,14,11,Autumn,0
10023456784,2024-11-25 15:00:00,2024-11-25,15:00:00,1.1124,Monday,15,11,Autumn,0
10023456784,2024-11-25 16:00:00,2024-11-25,16:00:00,1.3300,Monday,16,11,Autumn,0
10023456784,2024-11-25 17:00:00,2024-11-25,17:00:00,1.7649,Monday,17,11,Autumn,0
10023456784,2024-11-25 18:00:00,2024-11-25,18:00:00,1.9160,Monday,18,11,Autumn,0
10023456784,2024-11-25 19:00:00,2024-11-25,19:00:00,2.3105,Monday,19,11,Autumn,0
10023456784,2024-11-25 20:00:00,2024-11-25,20:00:00,2.0162,Monday,20,11,Autumn,0
10023456784,2024-11-25 21:00:00,2024-11-25,21:00:00,2.0248,Monday,21,11,Autumn,0
10023456784,2024-11-25 22:00:00,2024-11-25,22:00:00,1.3214,Monday,22,11,Autumn,0
10023456784,2024-11-25 23:00:00,2024-11-25,23:00:00,0.8360,Monday,23,11,Autumn,0
10023456784,2024-11-26 00:00:00,2024-11-26,00:00:00,0.5320,Tuesday,0,11,Autumn,0
10023456784,2024-11-26 01:00:00,2024-11-26,01:00:00,0.4899,Tuesday,1,11,Autumn,0
10023456784,2024-11-26 02:00:00,2024-11-26,02:00:00,0.4330,Tuesday,2,11,Autumn,0
10023456784,2024-11-26 03:00:00,2024-11-26,03:00:00,0.4393,Tuesday,3,11,Autumn,0
10023456784,2024-11-26 04:00:00,2024-11-26,04:00:00,0.5283,Tuesday,4,11,Autumn,0
10023456784,2024-11-26 05:00:00,2024-11-26,05:00:00,0.5976,Tuesday,5,11,Autumn,0
10023456784,2024-11-26 06:00:00,2024-11-26,06:00:00,1.4917,Tuesday,6,11,Autumn,0
10023456784,2024-11-26 07:00:00,2024-11-26,07:00:00,1.6505,Tuesday,7,11,Autumn,0
10023456784,2024-11-26 08:00:00,2024-11-26,08:00:00,1.7284,Tuesday,8,11,Autumn,0
10023456784,2024-11-26 09:00:00,2024-11-26,09:00:00,1.5223,Tuesday,9,11,Autumn,0
10023456784,2024-11-26 10:00:00,2024-11-26,10:00:00,1.3143,Tuesday,10,11,Autumn,0
10023456784,2024-11-26 11:00:00,2024-11-26,11:00:00,1.1487,Tuesday,11,11,Autumn,0
10023456784,2024-11-26 12:00:00,2024-11-26,12:00:00,1.1563,Tuesday,12,11,Autumn,0
10023456784,2024-11-26 13:00:00,2024-11-26,13:00:00,1.2544,Tuesday,13,11,Autumn,0
10023456784,2024-11-26 14:00:00,2024-11-26,14:00:00,0.8802,Tuesday,14,11,Autumn,0
10023456784,2024-11-26 15:00:00,2024-11-26,15:00:00,1.0283,Tuesday,15,11,Autumn,0
10023456784,2024-11-26 16:00:00,2024-11-26,16:00:00,1.3968,Tuesday,16,11,Autumn,0
10023456784,2024-11-26 17:00:00,2024-11-26,17:00:00,0.1920,Tuesday,17,11,Autumn,1
10023456784,2024-11-26 18:00:00,2024-11-26,18:00:00,2.0450,Tuesday,18,11,Autumn,0
10023456784,2024-11-26 19:00:00,2024-11-26,19:00:00,2.6277,Tuesday,19,11,Autumn,0
10023456784,2024-11-26 20:00:00,2024-11-26,20:00:00,2.3615,Tuesday,20,11,Autumn,0
10023456784,2024-11-26 21:00:00,2024-11-26,21:00:00,2.1916,Tuesday,21,11,Autumn,0
10023456784,2024-11-26 22:00:00,2024-11-26,22:00:00,1.8539,Tuesday,22,11,Autumn,0
10023456784,2024-11-26 23:00:00,2024-11-26,23:00:00,0.8648,Tuesday,23,11,Autumn,0
10023456784,2024-11-27 00:00:00,2024-11-27,00:00:00,0.3962,Wednesday,0,11,Autumn,0
10023456784,2024-11-27 01:00:00,2024-11-27,01:00:00,0.3375,Wednesday,1,11,Autumn,0
10023456784,2024-11-27 02:00:00,2024-11-27,02:00:00,0.4740,Wednesday,2,11,Autumn,0
10023456784,2024-11-27 03:00:00,2024-11-27,03:00:00,0.3667,Wednesday,3,11,Autumn,0
10023456784,2024-11-27 04:00:00,2024-11-27,04:00:00,0.4144,Wednesday,4,11,Autumn,0
10023456784,2024-11-27 05:00:00,2024-11-27,05:00:00,0.5210,Wednesday,5,11,Autumn,0
10023456784,2024-11-27 06:00:00,2024-11-27,06:00:00,0.8810,Wednesday,6,11,Autumn,0
10023456784,2024-11-27 07:00:00,2024-11-27,07:00:00,1.0547,Wednesday,7,11,Autumn,0
10023456784,2024-11-27 08:00:00,2024-11-27,08:00:00,1.5983,Wednesday,8,11,Autumn,0
10023456784,2024-11-27 09:00:00,2024-11-27,09:00:00,1.1884,Wednesday,9,11,Autumn,0
10023456784,2024-11-27 10:00:00,2024-11-27,10:00:00,0.8934,Wednesday,10,11,Autumn,0
10023456784,2024-11-27 11:00:00,2024-11-27,11:00:00,0.8191,Wednesday,11,11,Autumn,0
10023456784,2024-11-27 12:00:00,2024-11-27,12:00:00,0.9138,Wednesday,12,11,Autumn,0
10023456784,2024-11-27 13:00:00,2024-11-27,13:00:00,0.8993,Wednesday,13,11,Autumn,0
10023456784,2024-11-27 14:00:00,2024-11-27,14:00:00,0.8499,Wednesday,14,11,Autumn,0
10023456784,2024-11-27 15:00:00,2024-11-27,15:00:00,0.8345,Wednesday,15,11,Autumn,0
10023456784,2024-11-27 16:00:00,2024-11-27,16:00:00,1.0336,Wednesday,16,11,Autumn,0
10023456784,2024-11-27 17:00:00,2024-11-27,17:00:00,1.0465,Wednesday,17,11,Autumn,0
10023456784,2024-11-27 18:00:00,2024-11-27,18:00:00,2.0905,Wednesday,18,11,Autumn,0
10023456784,2024-11-27 19:00:00,2024-11-27,19:00:00,2.2713,Wednesday,19,11,Autumn,0
10023456784,2024-11-27 20:00:00,2024-11-27,20:00:00,1.5673,Wednesday,20,11,Autumn,0
10023456784,2024-11-27 21:00:00,2024-11-27,21:00:00,1.6353,Wednesday,21,11,Autumn,0
10023456784,2024-11-27 22:00:00,2024-11-27,22:00:00,1.1610,Wednesday,22,11,Autumn,0
10023456784,2024-11-27 23:00:00,2024-11-27,23:00:00,0.7197,Wednesday,23,11,Autumn,0
10023456784,2024-11-28 00:00:00,2024-11-28,00:00:00,0.4773,Thursday,0,11,Autumn,0
10023456784,2024-11-28 01:00:00,2024-11-28,01:00:00,0.4475,Thursday,1,11,Autumn,0
10023456784,2024-11-28 02:00:00,2024-11-28,02:00:00,0.4214,Thursday,2,11,Autumn,0
10023456784,2024-11-28 03:00:00,2024-11-28,03:00:00,0.3376,Thursday,3,11,Autumn,0
10023456784,2024-11-28 04:00:00,2024-11-28,04:00:00,0.3389,Thursday,4,11,Autumn,0
10023456784,2024-11-28 05:00:00,2024-11-28,05:00:00,0.6588,Thursday,5,11,Autumn,0
10023456784,2024-11-28 06:00:00,2024-11-28,06:00:00,1.0969,Thursday,6,11,Autumn,0
10023456784,2024-11-28 07:00:00,2024-11-28,07:00:00,1.6914,Thursday,7,11,Autumn,0
10023456784,2024-11-28 08:00:00,2024-11-28,08:00:00,1.7886,Thursday,8,11,Autumn,0
10023456784,2024-11-28 09:00:00,2024-11-28,09:00:00,1.5631,Thursday,9,11,Autumn,0
10023456784,2024-11-28 10:00:00,2024-11-28,10:00:00,0.9496,Thursday,10,11,Autumn,0
10023456784,2024-11-28 11:00:00,2024-11-28,11:00:00,1.0977,Thursday,11,11,Autumn,0
10023456784,2024-11-28 12:00:00,2024-11-28,12:00:00,0.9646,Thursday,12,11,Autumn,0
10023456784,2024-11-28 13:00:00,2024-11-28,13:00:00,1.2337,Thursday,13,11,Autumn,0
10023456784,2024-11-28 14:00:00,2024-11-28,14:00:00,1.1198,Thursday,14,11,Autumn,0
10023456784,2024-11-28 15:00:00,2024-11-28,15:00:00,1.1603,Thursday,15,11,Autumn,0
10023456784,2024-11-28 16:00:00,2024-11-28,16:00:00,1.3962,Thursday,16,11,Autumn,0
10023456784,2024-11-28 17:00:00,2024-11-28,17:00:00,1.9769,Thursday,17,11,Autumn,0
10023456784,2024-11-28 18:00:00,2024-11-28,18:00:00,2.5137,Thursday,18,11,Autumn,0
10023456784,2024-11-28 19:00:00,2024-11-28,19:00:00,2.6257,Thursday,19,11,Autumn,0
10023456784,2024-11-28 20:00:00,2024-11-28,20:00:00,2.1159,Thursday,20,11,Autumn,0
10023456784,2024-11-28 21:00:00,2024-11-28,21:00:00,2.1223,Thursday,21,11,Autumn,0
10023456784,2024-11-28 22:00:00,2024-11-28,22:00:00,1.3109,Thursday,22,11,Autumn,0
10023456784,2024-11-28 23:00:00,2024-11-28,23:00:00,0.6608,Thursday,23,11,Autumn,0
10023456784,2024-11-29 00:00:00,2024-11-29,00:00:00,0.4808,Friday,0,11,Autumn,0
10023456784,2024-11-29 01:00:00,2024-11-29,01:00:00,0.7025,Friday,1,11,Autumn,0
10023456784,2024-11-29 02:00:00,2024-11-29,02:00:00,0.5568,Friday,2,11,Autumn,0
10023456784,2024-11-29 03:00:00,2024-11-29,03:00:00,0.5400,Friday,3,11,Autumn,0
10023456784,2024-11-29 04:00:00,2024-11-29,04:00:00,0.5634,Friday,4,11,Autumn,0
10023456784,2024-11-29 05:00:00,2024-11-29,05:00:00,0.8967,Friday,5,11,Autumn,0
10023456784,2024-11-29 06:00:00,2024-11-29,06:00:00,1.3512,Friday,6,11,Autumn,0
10023456784,2024-11-29 07:00:00,2024-11-29,07:00:00,1.9137,Friday,7,11,Autumn,0
10023456784,2024-11-29 08:00:00,2024-11-29,08:00:00,2.2568,Friday,8,11,Autumn,0
10023456784,2024-11-29 09:00:00,2024-11-29,09:00:00,1.8818,Friday,9,11,Autumn,0
10023456784,2024-11-29 10:00:00,2024-11-29,10:00:00,1.5551,Friday,10,11,Autumn,0
10023456784,2024-11-29 11:00:00,2024-11-29,11:00:00,1.4975,Friday,11,11,Autumn,0
10023456784,2024-11-29 12:00:00,2024-11-29,12:00:00,1.3726,Friday,12,11,Autumn,0
10023456784,2024-11-29 13:00:00,2024-11-29,13:00:00,1.6932,Friday,13,11,Autumn,0
10023456784,2024-11-29 14:00:00,2024-11-29,14:00:00,1.4183,Friday,14,11,Autumn,0
10023456784,2024-11-29 15:00:00,2024-11-29,15:00:00,1.5473,Friday,15,11,Autumn,0
10023456784,2024-11-29 16:00:00,2024-11-29,16:00:00,1.6170,Friday,16,11,Autumn,0
10023456784,2024-11-29 17:00:00,2024-11-29,17:00:00,2.2436,Friday,17,11,Autumn,0
10023456784,2024-11-29 18:00:00,2024-11-29,18:00:00,3.3021,Friday,18,11,Autumn,0
10023456784,2024-11-29 19:00:00,2024-11-29,19:00:00,3.6608,Friday,19,11,Autumn,0
10023456784,2024-11-29 20:00:00,2024-11-29,20:00:00,3.6211,Friday,20,11,Autumn,0
10023456784,2024-11-29 21:00:00,2024-11-29,21:00:00,3.0716,Friday,21,11,Autumn,0
10023456784,2024-11-29 22:00:00,2024-11-29,22:00:00,1.9873,Friday,22,11,Autumn,0
10023456784,2024-11-29 23:00:00,2024-11-29,23:00:00,1.1170,Friday,23,11,Autumn,0
10023456784,2024-11-30 00:00:00,2024-11-30,00:00:00,0.7587,Saturday,0,11,Autumn,0
10023456784,2024-11-30 01:00:00,2024-11-30,01:00:00,0.6112,Saturday,1,11,Autumn,0
10023456784,2024-11-30 02:00:00,2024-11-30,02:00:00,0.5029,Saturday,2,11,Autumn,0
10023456784,2024-11-30 03:00:00,2024-11-30,03:00:00,0.5390,Saturday,3,11,Autumn,0
10023456784,2024-11-30 04:00:00,2024-11-30,04:00:00,0.6086,Saturday,4,11,Autumn,0
10023456784,2024-11-30 05:00:00,2024-11-30,05:00:00,0.5760,Saturday,5,11,Autumn,0
10023456784,2024-11-30 06:00:00,2024-11-30,06:00:00,0.9370,Saturday,6,11,Autumn,0
10023456784,2024-11-30 07:00:00,2024-11-30,07:00:00,1.3314,Saturday,7,11,Autumn,0
10023456784,2024-11-30 08:00:00,2024-11-30,08:00:00,2.2714,Saturday,8,11,Autumn,0
10023456784,2024-11-30 09:00:00,2024-11-30,09:00:00,2.3966,Saturday,9,11,Autumn,0
10023456784,2024-11-30 10:00:00,2024-11-30,10:00:00,2.1179,Saturday,10,11,Autumn,0
10023456784,2024-11-30 11:00:00,2024-11-30,11:00:00,1.8579,Saturday,11,11,Autumn,0
10023456784,2024-11-30 12:00:00,2024-11-30,12:00:00,1.8040,Saturday,12,11,Autumn,0
10023456784,2024-11-30 13:00:00,2024-11-30,13:00:00,9.5176,Saturday,13,11,Autumn,1
10023456784,2024-11-30 14:00:00,2024-11-30,14:00:00,1.8340,Saturday,14,11,Autumn,0
10023456784,2024-11-30 15:00:00,2024-11-30,15:00:00,1.5181,Saturday,15,11,Autumn,0
10023456784,2024-11-30 16:00:00,2024-11-30,16:00:00,1.6766,Saturday,16,11,Autumn,0
10023456784,2024-11-30 17:00:00,2024-11-30,17:00:00,2.2622,Saturday,17,11,Autumn,0
10023456784,2024-11-30 18:00:00,2024-11-30,18:00:00,2.8498,Saturday,18,11,Autumn,0
10023456784,2024-11-30 19:00:00,2024-11-30,19:00:00,3.2874,Saturday,19,11,Autumn,0
10023456784,2024-11-30 20:00:00,2024-11-30,20:00:00,2.9383,Saturday,20,11,Autumn,0
10023456784,2024-11-30 21:00:00,2024-11-30,21:00:00,2.6036,Saturday,21,11,Autumn,0
10023456784,2024-11-30 22:00:00,2024-11-30,22:00:00,1.8856,Saturday,22,11,Autumn,0
10023456784,2024-11-30 23:00:00,2024-11-30,23:00:00,1.3013,Saturday,23,11,Autumn,0
10023456784,2024-12-01 00:00:00,2024-12-01,00:00:00,0.8003,Sunday,0,12,Winter,0
10023456784,2024-12-01 01:00:00,2024-12-01,01:00:00,0.5533,Sunday,1,12,Winter,0
10023456784,2024-12-01 02:00:00,2024-12-01,02:00:00,0.5251,Sunday,2,12,Winter,0
10023456784,2024-12-01 03:00:00,2024-12-01,03:00:00,0.4425,Sunday,3,12,Winter,0
10023456784,2024-12-01 04:00:00,2024-12-01,04:00:00,0.4434,Sunday,4,12,Winter,0
10023456784,2024-12-01 05:00:00,2024-12-01,05:00:00,0.7920,Sunday,5,12,Winter,0
10023456784,2024-12-01 06:00:00,2024-12-01,06:00:00,0.9371,Sunday,6,12,Winter,0
10023456784,2024-12-01 07:00:00,2024-12-01,07:00:00,1.2424,Sunday,7,12,Winter,0
10023456784,2024-12-01 08:00:00,2024-12-01,08:00:00,1.5939,Sunday,8,12,Winter,0
10023456784,2024-12-01 09:00:00,2024-12-01,09:00:00,2.0965,Sunday,9,12,Winter,0
10023456784,2024-12-01 10:00:00,2024-12-01,10:00:00,2.1337,Sunday,10,12,Winter,0
10023456784,2024-12-01 11:00:00,2024-12-01,11:00:00,1.7738,Sunday,11,12,Winter,0
10023456784,2024-12-01 12:00:00,2024-12-01,12:00:00,1.7201,Sunday,12,12,Winter,0
10023456784,2024-12-01 13:00:00,2024-12-01,13:00:00,1.6888,Sunday,13,12,Winter,0
10023456784,2024-12-01 14:00:00,2024-12-01,14:00:00,1.3154,Sunday,14,12,Winter,0
10023456784,2024-12-01 15:00:00,2024-12-01,15:00:00,1.5953,Sunday,15,12,Winter,0
10023456784,2024-12-01 16:00:00,2024-12-01,16:00:00,1.5737,Sunday,16,12,Winter,0
10023456784,2024-12-01 17:00:00,2024-12-01,17:00:00,2.2270,Sunday,17,12,Winter,0
10023456784,2024-12-01 18:00:00,2024-12-01,18:00:00,2.4004,Sunday,18,12,Winter,0
10023456784,2024-12-01 19:00:00,2024-12-01,19:00:00,2.4414,Sunday,19,12,Winter,0
10023456784,2024-12-01 20:00:00,2024-12-01,20:00:00,2.3187,Sunday,20,12,Winter,0
10023456784,2024-12-01 21:00:00,2024-12-01,21:00:00,2.1232,Sunday,21,12,Winter,0
10023456784,2024-12-01 22:00:00,2024-12-01,22:00:00,1.8724,Sunday,22,12,Winter,0
10023456784,2024-12-01 23:00:00,2024-12-01,23:00:00,1.1466,Sunday,23,12,Winter,0
10023456784,2024-12-02 00:00:00,2024-12-02,00:00:00,0.4374,Monday,0,12,Winter,0
10023456784,2024-12-02 01:00:00,2024-12-02,01:00:00,0.5148,Monday,1,12,Winter,0
10023456784,2024-12-02 02:00:00,2024-12-02,02:00:00,0.4737,Monday,2,12,Winter,0
10023456784,2024-12-02 03:00:00,2024-12-02,03:00:00,0.3876,Monday,3,12,Winter,0
10023456784,2024-12-02 04:00:00,2024-12-02,04:00:00,0.5607,Monday,4,12,Winter,0
10023456784,2024-12-02 05:00:00,2024-12-02,05:00:00,0.5975,Monday,5,12,Winter,0
10023456784,2024-12-02 06:00:00,2024-12-02,06:00:00,1.2608,Monday,6,12,Winter,0
10023456784,2024-12-02 07:00:00,2024-12-02,07:00:00,1.4804,Monday,7,12,Winter,0
10023456784,2024-12-02 08:00:00,2024-12-02,08:00:00,1.9491,Monday,8,12,Winter,0
10023456784,2024-12-02 09:00:00,2024-12-02,09:00:00,1.7765,Monday,9,12,Winter,0
10023456784,2024-12-02 10:00:00,2024-12-02,10:00:00,1.2152,Monday,10,12,Winter,0
10023456784,2024-12-02 11:00:00,2024-12-02,11:00:00,1.0926,Monday,11,12,Winter,0
10023456784,2024-12-02 12:00:00,2024-12-02,12:00:00,1.0705,Monday,12,12,Winter,0
10023456784,2024-12-02 13:00:00,2024-12-02,13:00:00,1.1976,Monday,13,12,Winter,0
10023456784,2024-12-02 14:00:00,2024-12-02,14:00:00,1.1408,Monday,14,12,Winter,0
10023456784,2024-12-02 15:00:00,2024-12-02,15:00:00,1.3535,Monday,15,12,Winter,0
10023456784,2024-12-02 16:00:00,2024-12-02,16:00:00,1.3824,Monday,16,12,Winter,0
10023456784,2024-12-02 17:00:00,2024-12-02,17:00:00,2.0393,Monday,17,12,Winter,0
10023456784,2024-12-02 18:00:00,2024-12-02,18:00:00,2.6235,Monday,18,12,Winter,0
10023456784,2024-12-02 19:00:00,2024-12-02,19:00:00,2.5751,Monday,19,12,Winter,0
10023456784,2024-12-02 20:00:00,2024-12-02,20:00:00,2.2098,Monday,20,12,Winter,0
10023456784,2024-12-02 21:00:00,2024-12-02,21:00:00,2.1866,Monday,21,12,Winter,0
10023456784,2024-12-02 22:00:00,2024-12-02,22:00:00,1.6129,Monday,22,12,Winter,0
10023456784,2024-12-02 23:00:00,2024-12-02,23:00:00,1.0111,Monday,23,12,Winter,0
10023456784,2024-12-03 00:00:00,2024-12-03,00:00:00,0.4327,Tuesday,0,12,Winter,0
10023456784,2024-12-03 01:00:00,2024-12-03,01:00:00,0.3916,Tuesday,1,12,Winter,0
10023456784,2024-12-03 02:00:00,2024-12-03,02:00:00,0.3128,Tuesday,2,12,Winter,0
10023456784,2024-12-03 03:00:00,2024-12-03,03:00:00,0.3761,Tuesday,3,12,Winter,0
10023456784,2024-12-03 04:00:00,2024-12-03,04:00:00,0.5450,Tuesday,4,12,Winter,0
10023456784,2024-12-03 05:00:00,2024-12-03,05:00:00,0.6826,Tuesday,5,12,Winter,0
10023456784,2024-12-03 06:00:00,2024-12-03,06:00:00,1.0086,Tuesday,6,12,Winter,0
10023456784,2024-12-03 07:00:00,2024-12-03,07:00:00,1.5735,Tuesday,7,12,Winter,0
10023456784,2024-12-03 08:00:00,2024-12-03,08:00:00,1.5266,Tuesday,8,12,Winter,0
10023456784,2024-12-03 09:00:00,2024-12-03,09:00:00,1.5195,Tuesday,9,12,Winter,0
10023456784,2024-12-03 10:00:00,2024-12-03,10:00:00,1.0888,Tuesday,10,12,Winter,0
10023456784,2024-12-03 11:00:00,2024-12-03,11:00:00,0.1473,Tuesday,11,12,Winter,1
10023456784,2024-12-03 12:00:00,2024-12-03,12:00:00,0.9164,Tuesday,12,12,Winter,0
10023456784,2024-12-03 13:00:00,2024-12-03,13:00:00,1.0303,Tuesday,13,12,Winter,0
10023456784,2024-12-03 14:00:00,2024-12-03,14:00:00,1.0376,Tuesday,14,12,Winter,0
10023456784,2024-12-03 15:00:00,2024-12-03,15:00:00,1.1331,Tuesday,15,12,Winter,0
10023456784,2024-12-03 16:00:00,2024-12-03,16:00:00,1.2979,Tuesday,16,12,Winter,0
10023456784,2024-12-03 17:00:00,2024-12-03,17:00:00,1.3520,Tuesday,17,12,Winter,0
10023456784,2024-12-03 18:00:00,2024-12-03,18:00:00,2.2452,Tuesday,18,12,Winter,0
10023456784,2024-12-03 19:00:00,2024-12-03,19:00:00,1.8509,Tuesday,19,12,Winter,0
10023456784,2024-12-03 20:00:00,2024-12-03,20:00:00,1.9852,Tuesday,20,12,Winter,0
10023456784,2024-12-03 21:00:00,2024-12-03,21:00:00,2.0192,Tuesday,21,12,Winter,0
10023456784,2024-12-03 22:00:00,2024-12-03,22:00:00,1.1741,Tuesday,22,12,Winter,0
10023456784,2024-12-03 23:00:00,2024-12-03,23:00:00,0.7267,Tuesday,23,12,Winter,0
10023456784,2024-12-04 00:00:00,2024-12-04,00:00:00,0.3621,Wednesday,0,12,Winter,0
10023456784,2024-12-04 01:00:00,2024-12-04,01:00:00,0.3559,Wednesday,1,12,Winter,0
10023456784,2024-12-04 02:00:00,2024-12-04,02:00:00,0.4031,Wednesday,2,12,Winter,0
10023456784,2024-12-04 03:00:00,2024-12-04,03:00:00,0.3785,Wednesday,3,12,Winter,0
10023456784,2024-12-04 04:00:00,2024-12-04,04:00:00,0.4662,Wednesday,4,12,Winter,0
10023456784,2024-12-04 05:00:00,2024-12-04,05:00:00,0.5531,Wednesday,5,12,Winter,0
10023456784,2024-12-04 06:00:00,2024-12-04,06:00:00,1.0177,Wednesday,6,12,Winter,0
10023456784,2024-12-04 07:00:00,2024-12-04,07:00:00,1.5359,Wednesday,7,12,Winter,0
10023456784,2024-12-04 08:00:00,2024-12-04,08:00:00,1.4247,Wednesday,8,12,Winter,0
10023456784,2024-12-04 09:00:00,2024-12-04,09:00:00,1.4649,Wednesday,9,12,Winter,0
10023456784,2024-12-04 10:00:00,2024-12-04,10:00:00,0.9865,Wednesday,10,12,Winter,0
10023456784,2024-12-04 11:00:00,2024-12-04,11:00:00,0.9913,Wednesday,11,12,Winter,0
10023456784,2024-12-04 12:00:00,2024-12-04,12:00:00,0.7778,Wednesday,12,12,Winter,0
10023456784,2024-12-04 13:00:00,2024-12-04,13:00:00,0.8173,Wednesday,13,12,Winter,0
10023456784,2024-12-04 14:00:00,2024-12-04,14:00:00,0.7666,Wednesday,14,12,Winter,0
10023456784,2024-12-04 15:00:00,2024-12-04,15:00:00,0.9290,Wednesday,15,12,Winter,0
10023456784,2024-12-04 16:00:00,2024-12-04,16:00:00,4.4865,Wednesday,16,12,Winter,1
10023456784,2024-12-04 17:00:00,2024-12-04,17:00:00,1.2501,Wednesday,17,12,Winter,0
10023456784,2024-12-04 18:00:00,2024-12-04,18:00:00,1.8782,Wednesday,18,12,Winter,0
10023456784,2024-12-04 19:00:00,2024-12-04,19:00:00,1.9054,Wednesday,19,12,Winter,0
10023456784,2024-12-04 20:00:00,2024-12-04,20:00:00,2.0576,Wednesday,20,12,Winter,0
10023456784,2024-12-04 21:00:00,2024-12-04,21:00:00,1.7750,Wednesday,21,12,Winter,0
10023456784,2024-12-04 22:00:00,2024-12-04,22:00:00,4.4091,Wednesday,22,12,Winter,1
10023456784,2024-12-04 23:00:00,2024-12-04,23:00:00,0.7007,Wednesday,23,12,Winter,0
10023456784,2024-12-05 00:00:00,2024-12-05,00:00:00,0.4796,Thursday,0,12,Winter,0
10023456784,2024-12-05 01:00:00,2024-12-05,01:00:00,0.3851,Thursday,1,12,Winter,0
10023456784,2024-12-05 02:00:00,2024-12-05,02:00:00,0.4241,Thursday,2,12,Winter,0
10023456784,2024-12-05 03:00:00,2024-12-05,03:00:00,0.3188,Thursday,3,12,Winter,0
10023456784,2024-12-05 04:00:00,2024-12-05,04:00:00,0.3508,Thursday,4,12,Winter,0
10023456784,2024-12-05 05:00:00,2024-12-05,05:00:00,4.6032,Thursday,5,12,Winter,1
10023456784,2024-12-05 06:00:00,2024-12-05,06:00:00,0.9152,Thursday,6,12,Winter,0
10023456784,2024-12-05 07:00:00,2024-12-05,07:00:00,1.5179,Thursday,7,12,Winter,0
10023456784,2024-12-05 08:00:00,2024-12-05,08:00:00,3.1469,Thursday,8,12,Winter,1
10023456784,2024-12-05 09:00:00,2024-12-05,09:00:00,1.4196,Thursday,9,12,Winter,0
10023456784,2024-12-05 10:00:00,2024-12-05,10:00:00,1.0847,Thursday,10,12,Winter,0
10023456784,2024-12-05 11:00:00,2024-12-05,11:00:00,0.8603,Thursday,11,12,Winter,0
10023456784,2024-12-05 12:00:00,2024-12-05,12:00:00,1.0493,Thursday,12,12,Winter,0
10023456784,2024-12-05 13:00:00,2024-12-05,13:00:00,1.1721,Thursday,13,12,Winter,0
10023456784,2024-12-05 14:00:00,2024-12-05,14:00:00,1.0218,Thursday,14,12,Winter,0
10023456784,2024-12-05 15:00:00,2024-12-05,15:00:00,1.0128,Thursday,15,12,Winter,0
10023456784,2024-12-05 16:00:00,2024-12-05,16:00:00,1.2531,Thursday,16,12,Winter,0
10023456784,2024-12-05 17:00:00,2024-12-05,17:00:00,1.5401,Thursday,17,12,Winter,0
10023456784,2024-12-05 18:00:00,2024-12-05,18:00:00,1.7699,Thursday,18,12,Winter,0
10023456784,2024-12-05 19:00:00,2024-12-05,19:00:00,1.9489,Thursday,19,12,Winter,0
10023456784,2024-12-05 20:00:00,2024-12-05,20:00:00,2.5450,Thursday,20,12,Winter,0
10023456784,2024-12-05 21:00:00,2024-12-05,21:00:00,2.0518,Thursday,21,12,Winter,0
10023456784,2024-12-05 22:00:00,2024-12-05,22:00:00,1.3920,Thursday,22,12,Winter,0
10023456784,2024-12-05 23:00:00,2024-12-05,23:00:00,0.7563,Thursday,23,12,Winter,0
10023456784,2024-12-06 00:00:00,2024-12-06,00:00:00,0.6518,Friday,0,12,Winter,0
10023456784,2024-12-06 01:00:00,2024-12-06,01:00:00,0.5434,Friday,1,12,Winter,0
10023456784,2024-12-06 02:00:00,2024-12-06,02:00:00,0.5187,Friday,2,12,Winter,0
10023456784,2024-12-06 03:00:00,2024-12-06,03:00:00,0.5606,Friday,3,12,Winter,0
10023456784,2024-12-06 04:00:00,2024-12-06,04:00:00,0.6172,Friday,4,12,Winter,0
10023456784,2024-12-06 05:00:00,2024-12-06,05:00:00,0.9429,Friday,5,12,Winter,0
10023456784,2024-12-06 06:00:00,2024-12-06,06:00:00,1.4852,Friday,6,12,Winter,0
10023456784,2024-12-06 07:00:00,2024-12-06,07:00:00,2.2210,Friday,7,12,Winter,0
10023456784,2024-12-06 08:00:00,2024-12-06,08:00:00,2.1443,Friday,8,12,Winter,0
10023456784,2024-12-06 09:00:00,2024-12-06,09:00:00,2.2553,Friday,9,12,Winter,0
10023456784,2024-12-06 10:00:00,2024-12-06,10:00:00,1.9625,Friday,10,12,Winter,0
10023456784,2024-12-06 11:00:00,2024-12-06,11:00:00,1.6962,Friday,11,12,Winter,0
10023456784,2024-12-06 12:00:00,2024-12-06,12:00:00,1.5429,Friday,12,12,Winter,0
10023456784,2024-12-06 13:00:00,2024-12-06,13:00:00,1.6967,Friday,13,12,Winter,0
10023456784,2024-12-06 14:00:00,2024-12-06,14:00:00,1.7611,Friday,14,12,Winter,0
10023456784,2024-12-06 15:00:00,2024-12-06,15:00:00,1.3599,Friday,15,12,Winter,0
10023456784,2024-12-06 16:00:00,2024-12-06,16:00:00,2.1537,Friday,16,12,Winter,0
10023456784,2024-12-06 17:00:00,2024-12-06,17:00:00,2.7328,Friday,17,12,Winter,0
10023456784,2024-12-06 18:00:00,2024-12-06,18:00:00,2.9912,Friday,18,12,Winter,0
10023456784,2024-12-06 19:00:00,2024-12-06,19:00:00,3.0683,Friday,19,12,Winter,0
10023456784,2024-12-06 20:00:00,2024-12-06,20:00:00,3.8615,Friday,20,12,Winter,0
10023456784,2024-12-06 21:00:00,2024-12-06,21:00:00,2.6579,Friday,21,12,Winter,0
10023456784,2024-12-06 22:00:00,2024-12-06,22:00:00,0.3435,Friday,22,12,Winter,1
10023456784,2024-12-06 23:00:00,2024-12-06,23:00:00,1.1523,Friday,23,12,Winter,0
10023456784,2024-12-07 00:00:00,2024-12-07,00:00:00,0.6137,Saturday,0,12,Winter,0
10023456784,2024-12-07 01:00:00,2024-12-07,01:00:00,0.6972,Saturday,1,12,Winter,0
10023456784,2024-12-07 02:00:00,2024-12-07,02:00:00,0.5947,Saturday,2,12,Winter,0
10023456784,2024-12-07 03:00:00,2024-12-07,03:00:00,0.4743,Saturday,3,12,Winter,0
10023456784,2024-12-07 04:00:00,2024-12-07,04:00:00,0.4934,Saturday,4,12,Winter,0
10023456784,2024-12-07 05:00:00,2024-12-07,05:00:00,0.5937,Saturday,5,12,Winter,0
10023456784,2024-12-07 06:00:00,2024-12-07,06:00:00,0.8855,Saturday,6,12,Winter,0
10023456784,2024-12-07 07:00:00,2024-12-07,07:00:00,1.3398,Saturday,7,12,Winter,0
10023456784,2024-12-07 08:00:00,2024-12-07,08:00:00,1.9359,Saturday,8,12,Winter,0
10023456784,2024-12-07 09:00:00,2024-12-07,09:00:00,2.0882,Saturday,9,12,Winter,0
10023456784,2024-12-07 10:00:00,2024-12-07,10:00:00,2.0239,Saturday,10,12,Winter,0
10023456784,2024-12-07 11:00:00,2024-12-07,11:00:00,1.2720,Saturday,11,12,Winter,0
10023456784,2024-12-07 12:00:00,2024-12-07,12:00:00,1.6768,Saturday,12,12,Winter,0
10023456784,2024-12-07 13:00:00,2024-12-07,13:00:00,1.6094,Saturday,13,12,Winter,0
10023456784,2024-12-07 14:00:00,2024-12-07,14:00:00,1.4765,Saturday,14,12,Winter,0
10023456784,2024-12-07 15:00:00,2024-12-07,15:00:00,1.2940,Saturday,15,12,Winter,0
10023456784,2024-12-07 16:00:00,2024-12-07,16:00:00,2.0138,Saturday,16,12,Winter,0
10023456784,2024-12-07 17:00:00,2024-12-07,17:00:00,1.9217,Saturday,17,12,Winter,0
10023456784,2024-12-07 18:00:00,2024-12-07,18:00:00,2.8243,Saturday,18,12,Winter,0
10023456784,2024-12-07 19:00:00,2024-12-07,19:00:00,3.0018,Saturday,19,12,Winter,0
10023456784,2024-12-07 20:00:00,2024-12-07,20:00:00,2.3236,Saturday,20,12,Winter,0
10023456784,2024-12-07 21:00:00,2024-12-07,21:00:00,2.0299,Saturday,21,12,Winter,0
10023456784,2024-12-07 22:00:00,2024-12-07,22:00:00,1.4637,Saturday,22,12,Winter,0
10023456784,2024-12-07 23:00:00,2024-12-07,23:00:00,0.9684,Saturday,23,12,Winter,0
10023456784,2024-12-08 00:00:00,2024-12-08,00:00:00,0.5665,Sunday,0,12,Winter,0
10023456784,2024-12-08 01:00:00,2024-12-08,01:00:00,0.4759,Sunday,1,12,Winter,0
10023456784,2024-12-08 02:00:00,2024-12-08,02:00:00,0.5003,Sunday,2,12,Winter,0
10023456784,2024-12-08 03:00:00,2024-12-08,03:00:00,0.4522,Sunday,3,12,Winter,0
10023456784,2024-12-08 04:00:00,2024-12-08,04:00:00,0.6369,Sunday,4,12,Winter,0
10023456784,2024-12-08 05:00:00,2024-12-08,05:00:00,0.5683,Sunday,5,12,Winter,0
10023456784,2024-12-08 06:00:00,2024-12-08,06:00:00,0.8138,Sunday,6,12,Winter,0
10023456784,2024-12-08 07:00:00,2024-12-08,07:00:00,1.3429,Sunday,7,12,Winter,0
10023456784,2024-12-08 08:00:00,2024-12-08,08:00:00,2.0549,Sunday,8,12,Winter,0
10023456784,2024-12-08 09:00:00,2024-12-08,09:00:00,2.1663,Sunday,9,12,Winter,0
10023456784,2024-12-08 10:00:00,2024-12-08,10:00:00,0.1925,Sunday,10,12,Winter,1
10023456784,2024-12-08 11:00:00,2024-12-08,11:00:00,1.3544,Sunday,11,12,Winter,0
10023456784,2024-12-08 12:00:00,2024-12-08,12:00:00,1.5775,Sunday,12,12,Winter,0
10023456784,2024-12-08 13:00:00,2024-12-08,13:00:00,1.6114,Sunday,13,12,Winter,0
10023456784,2024-12-08 14:00:00,2024-12-08,14:00:00,1.4569,Sunday,14,12,Winter,0
10023456784,2024-12-08 15:00:00,2024-12-08,15:00:00,1.7163,Sunday,15,12,Winter,0
10023456784,2024-12-08 16:00:00,2024-12-08,16:00:00,2.1868,Sunday,16,12,Winter,0
10023456784,2024-12-08 17:00:00,2024-12-08,17:00:00,1.9275,Sunday,17,12,Winter,0
10023456784,2024-12-08 18:00:00,2024-12-08,18:00:00,2.4933,Sunday,18,12,Winter,0
10023456784,2024-12-08 19:00:00,2024-12-08,19:00:00,2.8526,Sunday,19,12,Winter,0
10023456784,2024-12-08 20:00:00,2024-12-08,20:00:00,2.5075,Sunday,20,12,Winter,0
10023456784,2024-12-08 21:00:00,2024-12-08,21:00:00,1.9458,Sunday,21,12,Winter,0
10023456784,2024-12-08 22:00:00,2024-12-08,22:00:00,1.7791,Sunday,22,12,Winter,0
10023456784,2024-12-08 23:00:00,2024-12-08,23:00:00,1.1099,Sunday,23,12,Winter,0
10023456784,2024-12-09 00:00:00,2024-12-09,00:00:00,0.6159,Monday,0,12,Winter,0
10023456784,2024-12-09 01:00:00,2024-12-09,01:00:00,0.4606,Monday,1,12,Winter,0
10023456784,2024-12-09 02:00:00,2024-12-09,02:00:00,0.4469,Monday,2,12,Winter,0
10023456784,2024-12-09 03:00:00,2024-12-09,03:00:00,0.3868,Monday,3,12,Winter,0
10023456784,2024-12-09 04:00:00,2024-12-09,04:00:00,0.4893,Monday,4,12,Winter,0
10023456784,2024-12-09 05:00:00,2024-12-09,05:00:00,0.7974,Monday,5,12,Winter,0
10023456784,2024-12-09 06:00:00,2024-12-09,06:00:00,1.2981,Monday,6,12,Winter,0
10023456784,2024-12-09 07:00:00,2024-12-09,07:00:00,1.6204,Monday,7,12,Winter,0
10023456784,2024-12-09 08:00:00,2024-12-09,08:00:00,1.7566,Monday,8,12,Winter,0
10023456784,2024-12-09 09:00:00,2024-12-09,09:00:00,1.6320,Monday,9,12,Winter,0
10023456784,2024-12-09 10:00:00,2024-12-09,10:00:00,1.2169,Monday,10,12,Winter,0
10023456784,2024-12-09 11:00:00,2024-12-09,11:00:00,1.1829,Monday,11,12,Winter,0
10023456784,2024-12-09 12:00:00,2024-12-09,12:00:00,1.3390,Monday,12,12,Winter,0
10023456784,2024-12-09 13:00:00,2024-12-09,13:00:00,1.1933,Monday,13,12,Winter,0
10023456784,2024-12-09 14:00:00,2024-12-09,14:00:00,1.3635,Monday,14,12,Winter,0
10023456784,2024-12-09 15:00:00,2024-12-09,15:00:00,1.3117,Monday,15,12,Winter,0
10023456784,2024-12-09 16:00:00,2024-12-09,16:00:00,1.3117,Monday,16,12,Winter,0
10023456784,2024-12-09 17:00:00,2024-12-09,17:00:00,2.2955,Monday,17,12,Winter,0
10023456784,2024-12-09 18:00:00,2024-12-09,18:00:00,2.4429,Monday,18,12,Winter,0
10023456784,2024-12-09 19:00:00,2024-12-09,19:00:00,2.9497,Monday,19,12,Winter,0
10023456784,2024-12-09 20:00:00,2024-12-09,20:00:00,3.0241,Monday,20,12,Winter,0
10023456784,2024-12-09 21:00:00,2024-12-09,21:00:00,0.1376,Monday,21,12,Winter,1
10023456784,2024-12-09 22:00:00,2024-12-09,22:00:00,1.6676,Monday,22,12,Winter,0
10023456784,2024-12-09 23:00:00,2024-12-09,23:00:00,1.2375,Monday,23,12,Winter,0
10023456784,2024-12-10 00:00:00,2024-12-10,00:00:00,0.6284,Tuesday,0,12,Winter,0
10023456784,2024-12-10 01:00:00,2024-12-10,01:00:00,0.4915,Tuesday,1,12,Winter,0
10023456784,2024-12-10 02:00:00,2024-12-10,02:00:00,0.4909,Tuesday,2,12,Winter,0
10023456784,2024-12-10 03:00:00,2024-12-10,03:00:00,0.4449,Tuesday,3,12,Winter,0
10023456784,2024-12-10 04:00:00,2024-12-10,04:00:00,0.5644,Tuesday,4,12,Winter,0
10023456784,2024-12-10 05:00:00,2024-12-10,05:00:00,0.8571,Tuesday,5,12,Winter,0
10023456784,2024-12-10 06:00:00,2024-12-10,06:00:00,1.7530,Tuesday,6,12,Winter,0
10023456784,2024-12-10 07:00:00,2024-12-10,07:00:00,2.0565,Tuesday,7,12,Winter,0
10023456784,2024-12-10 08:00:00,2024-12-10,08:00:00,2.3307,Tuesday,8,12,Winter,0
10023456784,2024-12-10 09:00:00,2024-12-10,09:00:00,2.0206,Tuesday,9,12,Winter,0
10023456784,2024-12-10 10:00:00,2024-12-10,10:00:00,1.5788,Tuesday,10,12,Winter,0
10023456784,2024-12-10 11:00:00,2024-12-10,11:00:00,1.6598,Tuesday,11,12,Winter,0
10023456784,2024-12-10 12:00:00,2024-12-10,12:00:00,1.4709,Tuesday,12,12,Winter,0
10023456784,2024-12-10 13:00:00,2024-12-10,13:00:00,1.3189,Tuesday,13,12,Winter,0
10023456784,2024-12-10 14:00:00,2024-12-10,14:00:00,1.6109,Tuesday,14,12,Winter,0
10023456784,2024-12-10 15:00:00,2024-12-10,15:00:00,1.2062,Tuesday,15,12,Winter,0
10023456784,2024-12-10 16:00:00,2024-12-10,16:00:00,1.6464,Tuesday,16,12,Winter,0
10023456784,2024-12-10 17:00:00,2024-12-10,17:00:00,2.4273,Tuesday,17,12,Winter,0
10023456784,2024-12-10 18:00:00,2024-12-10,18:00:00,2.6251,Tuesday,18,12,Winter,0
10023456784,2024-12-10 19:00:00,2024-12-10,19:00:00,3.4238,Tuesday,19,12,Winter,0
10023456784,2024-12-10 20:00:00,2024-12-10,20:00:00,2.9348,Tuesday,20,12,Winter,0
10023456784,2024-12-10 21:00:00,2024-12-10,21:00:00,2.9815,Tuesday,21,12,Winter,0
10023456784,2024-12-10 22:00:00,2024-12-10,22:00:00,1.9142,Tuesday,22,12,Winter,0
10023456784,2024-12-10 23:00:00,2024-12-10,23:00:00,1.1317,Tuesday,23,12,Winter,0
10023456784,2024-12-11 00:00:00,2024-12-11,00:00:00,0.5601,Wednesday,0,12,Winter,0
10023456784,2024-12-11 01:00:00,2024-12-11,01:00:00,0.4800,Wednesday,1,12,Winter,0
10023456784,2024-12-11 02:00:00,2024-12-11,02:00:00,0.4167,Wednesday,2,12,Winter,0
10023456784,2024-12-11 03:00:00,2024-12-11,03:00:00,0.3651,Wednesday,3,12,Winter,0
10023456784,2024-12-11 04:00:00,2024-12-11,04:00:00,0.6015,Wednesday,4,12,Winter,0
10023456784,2024-12-11 05:00:00,2024-12-11,05:00:00,0.7453,Wednesday,5,12,Winter,0
10023456784,2024-12-11 06:00:00,2024-12-11,06:00:00,1.4278,Wednesday,6,12,Winter,0
10023456784,2024-12-11 07:00:00,2024-12-11,07:00:00,2.0973,Wednesday,7,12,Winter,0
10023456784,2024-12-11 08:00:00,2024-12-11,08:00:00,1.9949,Wednesday,8,12,Winter,0
10023456784,2024-12-11 09:00:00,2024-12-11,09:00:00,1.3372,Wednesday,9,12,Winter,0
10023456784,2024-12-11 10:00:00,2024-12-11,10:00:00,1.3550,Wednesday,10,12,Winter,0
10023456784,2024-12-11 11:00:00,2024-12-11,11:00:00,1.0961,Wednesday,11,12,Winter,0
10023456784,2024-12-11 12:00:00,2024-12-11,12:00:00,1.2975,Wednesday,12,12,Winter,0
10023456784,2024-12-11 13:00:00,2024-12-11,13:00:00,1.1775,Wednesday,13,12,Winter,0
10023456784,2024-12-11 14:00:00,2024-12-11,14:00:00,1.5633,Wednesday,14,12,Winter,0
10023456784,2024-12-11 15:00:00,2024-12-11,15:00:00,1.5644,Wednesday,15,12,Winter,0
10023456784,2024-12-11 16:00:00,2024-12-11,16:00:00,1.6244,Wednesday,16,12,Winter,0
10023456784,2024-12-11 17:00:00,2024-12-11,17:00:00,1.7347,Wednesday,17,12,Winter,0
10023456784,2024-12-11 18:00:00,2024-12-11,18:00:00,2.1445,Wednesday,18,12,Winter,0
10023456784,2024-12-11 19:00:00,2024-12-11,19:00:00,3.0756,Wednesday,19,12,Winter,0
10023456784,2024-12-11 20:00:00,2024-12-11,20:00:00,2.3378,Wednesday,20,12,Winter,0
10023456784,2024-12-11 21:00:00,2024-12-11,21:00:00,2.4019,Wednesday,21,12,Winter,0
10023456784,2024-12-11 22:00:00,2024-12-11,22:00:00,1.8128,Wednesday,22,12,Winter,0
10023456784,2024-12-11 23:00:00,2024-12-11,23:00:00,0.8510,Wednesday,23,12,Winter,0
10023456784,2024-12-12 00:00:00,2024-12-12,00:00:00,0.6768,Thursday,0,12,Winter,0
10023456784,2024-12-12 01:00:00,2024-12-12,01:00:00,0.5578,Thursday,1,12,Winter,0
10023456784,2024-12-12 02:00:00,2024-12-12,02:00:00,0.4596,Thursday,2,12,Winter,0
10023456784,2024-12-12 03:00:00,2024-12-12,03:00:00,0.5232,Thursday,3,12,Winter,0
10023456784,2024-12-12 04:00:00,2024-12-12,04:00:00,0.5319,Thursday,4,12,Winter,0
10023456784,2024-12-12 05:00:00,2024-12-12,05:00:00,0.8242,Thursday,5,12,Winter,0
10023456784,2024-12-12 06:00:00,2024-12-12,06:00:00,1.2281,Thursday,6,12,Winter,0
10023456784,2024-12-12 07:00:00,2024-12-12,07:00:00,1.9723,Thursday,7,12,Winter,0
10023456784,2024-12-12 08:00:00,2024-12-12,08:00:00,2.2410,Thursday,8,12,Winter,0
10023456784,2024-12-12 09:00:00,2024-12-12,09:00:00,1.5164,Thursday,9,12,Winter,0
10023456784,2024-12-12 10:00:00,2024-12-12,10:00:00,1.7323,Thursday,10,12,Winter,0
10023456784,2024-12-12 11:00:00,2024-12-12,11:00:00,1.0456,Thursday,11,12,Winter,0
10023456784,2024-12-12 12:00:00,2024-12-12,12:00:00,1.2672,Thursday,12,12,Winter,0
10023456784,2024-12-12 13:00:00,2024-12-12,13:00:00,1.3981,Thursday,13,12,Winter,0
10023456784,2024-12-12 14:00:00,2024-12-12,14:00:00,1.1988,Thursday,14,12,Winter,0
10023456784,2024-12-12 15:00:00,2024-12-12,15:00:00,1.2644,Thursday,15,12,Winter,0
10023456784,2024-12-12 16:00:00,2024-12-12,16:00:00,1.2860,Thursday,16,12,Winter,0
10023456784,2024-12-12 17:00:00,2024-12-12,17:00:00,1.6595,Thursday,17,12,Winter,0
10023456784,2024-12-12 18:00:00,2024-12-12,18:00:00,0.3784,Thursday,18,12,Winter,1
10023456784,2024-12-12 19:00:00,2024-12-12,19:00:00,0.2576,Thursday,19,12,Winter,1
10023456784,2024-12-12 20:00:00,2024-12-12,20:00:00,2.5472,Thursday,20,12,Winter,0
10023456784,2024-12-12 21:00:00,2024-12-12,21:00:00,2.9032,Thursday,21,12,Winter,0
10023456784,2024-12-12 22:00:00,2024-12-12,22:00:00,1.8202,Thursday,22,12,Winter,0
10023456784,2024-12-12 23:00:00,2024-12-12,23:00:00,1.0680,Thursday,23,12,Winter,0
10023456784,2024-12-13 00:00:00,2024-12-13,00:00:00,0.4038,Friday,0,12,Winter,0
10023456784,2024-12-13 01:00:00,2024-12-13,01:00:00,0.3808,Friday,1,12,Winter,0
10023456784,2024-12-13 02:00:00,2024-12-13,02:00:00,0.2635,Friday,2,12,Winter,0
10023456784,2024-12-13 03:00:00,2024-12-13,03:00:00,0.3220,Friday,3,12,Winter,0
10023456784,2024-12-13 04:00:00,2024-12-13,04:00:00,0.3677,Friday,4,12,Winter,0
10023456784,2024-12-13 05:00:00,2024-12-13,05:00:00,0.6600,Friday,5,12,Winter,0
10023456784,2024-12-13 06:00:00,2024-12-13,06:00:00,0.9967,Friday,6,12,Winter,0
10023456784,2024-12-13 07:00:00,2024-12-13,07:00:00,1.4771,Friday,7,12,Winter,0
10023456784,2024-12-13 08:00:00,2024-12-13,08:00:00,0.2527,Friday,8,12,Winter,1
10023456784,2024-12-13 09:00:00,2024-12-13,09:00:00,1.4235,Friday,9,12,Winter,0
10023456784,2024-12-13 10:00:00,2024-12-13,10:00:00,1.1788,Friday,10,12,Winter,0
10023456784,2024-12-13 11:00:00,2024-12-13,11:00:00,0.9249,Friday,11,12,Winter,0
10023456784,2024-12-13 12:00:00,2024-12-13,12:00:00,0.9269,Friday,12,12,Winter,0
10023456784,2024-12-13 13:00:00,2024-12-13,13:00:00,0.9062,Friday,13,12,Winter,0
10023456784,2024-12-13 14:00:00,2024-12-13,14:00:00,0.8534,Friday,14,12,Winter,0
10023456784,2024-12-13 15:00:00,2024-12-13,15:00:00,1.1174,Friday,15,12,Winter,0
10023456784,2024-12-13 16:00:00,2024-12-13,16:00:00,1.1592,Friday,16,12,Winter,0
10023456784,2024-12-13 17:00:00,2024-12-13,17:00:00,1.5048,Friday,17,12,Winter,0
10023456784,2024-12-13 18:00:00,2024-12-13,18:00:00,1.8273,Friday,18,12,Winter,0
10023456784,2024-12-13 19:00:00,2024-12-13,19:00:00,2.3731,Friday,19,12,Winter,0
10023456784,2024-12-13 20:00:00,2024-12-13,20:00:00,2.1945,Friday,20,12,Winter,0
10023456784,2024-12-13 21:00:00,2024-12-13,21:00:00,1.9573,Friday,21,12,Winter,0
10023456784,2024-12-13 22:00:00,2024-12-13,22:00:00,0.0821,Friday,22,12,Winter,1
10023456784,2024-12-13 23:00:00,2024-12-13,23:00:00,0.7474,Friday,23,12,Winter,0
10023456784,2024-12-14 00:00:00,2024-12-14,00:00:00,0.4802,Saturday,0,12,Winter,0
10023456784,2024-12-14 01:00:00,2024-12-14,01:00:00,0.3591,Saturday,1,12,Winter,0
10023456784,2024-12-14 02:00:00,2024-12-14,02:00:00,0.4032,Saturday,2,12,Winter,0
10023456784,2024-12-14 03:00:00,2024-12-14,03:00:00,0.2668,Saturday,3,12,Winter,0
10023456784,2024-12-14 04:00:00,2024-12-14,04:00:00,0.4405,Saturday,4,12,Winter,0
10023456784,2024-12-14 05:00:00,2024-12-14,05:00:00,0.3965,Saturday,5,12,Winter,0
10023456784,2024-12-14 06:00:00,2024-12-14,06:00:00,0.5835,Saturday,6,12,Winter,0
10023456784,2024-12-14 07:00:00,2024-12-14,07:00:00,1.0886,Saturday,7,12,Winter,0
10023456784,2024-12-14 08:00:00,2024-12-14,08:00:00,1.6224,Saturday,8,12,Winter,0
10023456784,2024-12-14 09:00:00,2024-12-14,09:00:00,1.7456,Saturday,9,12,Winter,0
10023456784,2024-12-14 10:00:00,2024-12-14,10:00:00,1.6387,Saturday,10,12,Winter,0
10023456784,2024-12-14 11:00:00,2024-12-14,11:00:00,1.3873,Saturday,11,12,Winter,0
10023456784,2024-12-14 12:00:00,2024-12-14,12:00:00,1.3896,Saturday,12,12,Winter,0
10023456784,2024-12-14 13:00:00,2024-12-14,13:00:00,1.2104,Saturday,13,12,Winter,0
10023456784,2024-12-14 14:00:00,2024-12-14,14:00:00,1.1012,Saturday,14,12,Winter,0
10023456784,2024-12-14 15:00:00,2024-12-14,15:00:00,1.1196,Saturday,15,12,Winter,0
10023456784,2024-12-14 16:00:00,2024-12-14,16:00:00,1.5876,Saturday,16,12,Winter,0
10023456784,2024-12-14 17:00:00,2024-12-14,17:00:00,1.8418,Saturday,17,12,Winter,0
10023456784,2024-12-14 18:00:00,2024-12-14,18:00:00,1.7185,Saturday,18,12,Winter,0
10023456784,2024-12-14 19:00:00,2024-12-14,19:00:00,2.1691,Saturday,19,12,Winter,0
10023456784,2024-12-14 20:00:00,2024-12-14,20:00:00,1.7645,Saturday,20,12,Winter,0
10023456784,2024-12-14 21:00:00,2024-12-14,21:00:00,1.6003,Saturday,21,12,Winter,0
10023456784,2024-12-14 22:00:00,2024-12-14,22:00:00,1.3158,Saturday,22,12,Winter,0
10023456784,2024-12-14 23:00:00,2024-12-14,23:00:00,0.9135,Saturday,23,12,Winter,0
10023456784,2024-12-15 00:00:00,2024-12-15,00:00:00,0.5224,Sunday,0,12,Winter,0
10023456784,2024-12-15 01:00:00,2024-12-15,01:00:00,0.3892,Sunday,1,12,Winter,0
10023456784,2024-12-15 02:00:00,2024-12-15,02:00:00,0.4568,Sunday,2,12,Winter,0
10023456784,2024-12-15 03:00:00,2024-12-15,03:00:00,0.3919,Sunday,3,12,Winter,0
10023456784,2024-12-15 04:00:00,2024-12-15,04:00:00,0.3564,Sunday,4,12,Winter,0
10023456784,2024-12-15 05:00:00,2024-12-15,05:00:00,0.5497,Sunday,5,12,Winter,0
10023456784,2024-12-15 06:00:00,2024-12-15,06:00:00,0.7005,Sunday,6,12,Winter,0
10023456784,2024-12-15 07:00:00,2024-12-15,07:00:00,1.0150,Sunday,7,12,Winter,0
10023456784,2024-12-15 08:00:00,2024-12-15,08:00:00,2.0228,Sunday,8,12,Winter,0
10023456784,2024-12-15 09:00:00,2024-12-15,09:00:00,1.9168,Sunday,9,12,Winter,0
10023456784,2024-12-15 10:00:00,2024-12-15,10:00:00,1.8841,Sunday,10,12,Winter,0
10023456784,2024-12-15 11:00:00,2024-12-15,11:00:00,1.2481,Sunday,11,12,Winter,0
10023456784,2024-12-15 12:00:00,2024-12-15,12:00:00,1.3349,Sunday,12,12,Winter,0
10023456784,2024-12-15 13:00:00,2024-12-15,13:00:00,1.2292,Sunday,13,12,Winter,0
10023456784,2024-12-15 14:00:00,2024-12-15,14:00:00,1.2524,Sunday,14,12,Winter,0
10023456784,2024-12-15 15:00:00,2024-12-15,15:00:00,1.1650,Sunday,15,12,Winter,0
10023456784,2024-12-15 16:00:00,2024-12-15,16:00:00,1.4050,Sunday,16,12,Winter,0
10023456784,2024-12-15 17:00:00,2024-12-15,17:00:00,1.8269,Sunday,17,12,Winter,0
10023456784,2024-12-15 18:00:00,2024-12-15,18:00:00,2.3894,Sunday,18,12,Winter,0
10023456784,2024-12-15 19:00:00,2024-12-15,19:00:00,2.3050,Sunday,19,12,Winter,0
10023456784,2024-12-15 20:00:00,2024-12-15,20:00:00,2.4455,Sunday,20,12,Winter,0
10023456784,2024-12-15 21:00:00,2024-12-15,21:00:00,1.6085,Sunday,21,12,Winter,0
10023456784,2024-12-15 22:00:00,2024-12-15,22:00:00,1.7484,Sunday,22,12,Winter,0
10023456784,2024-12-15 23:00:00,2024-12-15,23:00:00,1.1250,Sunday,23,12,Winter,0
10023456784,2024-12-16 00:00:00,2024-12-16,00:00:00,0.4181,Monday,0,12,Winter,0
10023456784,2024-12-16 01:00:00,2024-12-16,01:00:00,0.4339,Monday,1,12,Winter,0
10023456784,2024-12-16 02:00:00,2024-12-16,02:00:00,0.3024,Monday,2,12,Winter,0
10023456784,2024-12-16 03:00:00,2024-12-16,03:00:00,0.2547,Monday,3,12,Winter,0
10023456784,2024-12-16 04:00:00,2024-12-16,04:00:00,0.3826,Monday,4,12,Winter,0
10023456784,2024-12-16 05:00:00,2024-12-16,05:00:00,0.4675,Monday,5,12,Winter,0
10023456784,2024-12-16 06:00:00,2024-12-16,06:00:00,0.9710,Monday,6,12,Winter,0
10023456784,2024-12-16 07:00:00,2024-12-16,07:00:00,1.2397,Monday,7,12,Winter,0
10023456784,2024-12-16 08:00:00,2024-12-16,08:00:00,1.2320,Monday,8,12,Winter,0
10023456784,2024-12-16 09:00:00,2024-12-16,09:00:00,1.0100,Monday,9,12,Winter,0
10023456784,2024-12-16 10:00:00,2024-12-16,10:00:00,1.0150,Monday,10,12,Winter,0
10023456784,2024-12-16 11:00:00,2024-12-16,11:00:00,0.8142,Monday,11,12,Winter,0
10023456784,2024-12-16 12:00:00,2024-12-16,12:00:00,1.0077,Monday,12,12,Winter,0
10023456784,2024-12-16 13:00:00,2024-12-16,13:00:00,1.1125,Monday,13,12,Winter,0
10023456784,2024-12-16 14:00:00,2024-12-16,14:00:00,0.9424,Monday,14,12,Winter,0
10023456784,2024-12-16 15:00:00,2024-12-16,15:00:00,0.7643,Monday,15,12,Winter,0
10023456784,2024-12-16 16:00:00,2024-12-16,16:00:00,1.3478,Monday,16,12,Winter,0
10023456784,2024-12-16 17:00:00,2024-12-16,17:00:00,1.7662,Monday,17,12,Winter,0
10023456784,2024-12-16 18:00:00,2024-12-16,18:00:00,1.6418,Monday,18,12,Winter,0
10023456784,2024-12-16 19:00:00,2024-12-16,19:00:00,1.8613,Monday,19,12,Winter,0
10023456784,2024-12-16 20:00:00,2024-12-16,20:00:00,1.6074,Monday,20,12,Winter,0
10023456784,2024-12-16 21:00:00,2024-12-16,21:00:00,1.6690,Monday,21,12,Winter,0
10023456784,2024-12-16 22:00:00,2024-12-16,22:00:00,1.1298,Monday,22,12,Winter,0
10023456784,2024-12-16 23:00:00,2024-12-16,23:00:00,0.7508,Monday,23,12,Winter,0
10023456784,2024-12-17 00:00:00,2024-12-17,00:00:00,0.4964,Tuesday,0,12,Winter,0
10023456784,2024-12-17 01:00:00,2024-12-17,01:00:00,0.3924,Tuesday,1,12,Winter,0
10023456784,2024-12-17 02:00:00,2024-12-17,02:00:00,0.4782,Tuesday,2,12,Winter,0
10023456784,2024-12-17 03:00:00,2024-12-17,03:00:00,0.4982,Tuesday,3,12,Winter,0
10023456784,2024-12-17 04:00:00,2024-12-17,04:00:00,0.5158,Tuesday,4,12,Winter,0
10023456784,2024-12-17 05:00:00,2024-12-17,05:00:00,0.6438,Tuesday,5,12,Winter,0
10023456784,2024-12-17 06:00:00,2024-12-17,06:00:00,0.9765,Tuesday,6,12,Winter,0
10023456784,2024-12-17 07:00:00,2024-12-17,07:00:00,1.2241,Tuesday,7,12,Winter,0
10023456784,2024-12-17 08:00:00,2024-12-17,08:00:00,1.8635,Tuesday,8,12,Winter,0
10023456784,2024-12-17 09:00:00,2024-12-17,09:00:00,1.3712,Tuesday,9,12,Winter,0
10023456784,2024-12-17 10:00:00,2024-12-17,10:00:00,1.2011,Tuesday,10,12,Winter,0
10023456784,2024-12-17 11:00:00,2024-12-17,11:00:00,0.8691,Tuesday,11,12,Winter,0
10023456784,2024-12-17 12:00:00,2024-12-17,12:00:00,0.9210,Tuesday,12,12,Winter,0
10023456784,2024-12-17 13:00:00,2024-12-17,13:00:00,1.0288,Tuesday,13,12,Winter,0
10023456784,2024-12-17 14:00:00,2024-12-17,14:00:00,0.8557,Tuesday,14,12,Winter,0
10023456784,2024-12-17 15:00:00,2024-12-17,15:00:00,1.3466,Tuesday,15,12,Winter,0
10023456784,2024-12-17 16:00:00,2024-12-17,16:00:00,1.2790,Tuesday,16,12,Winter,0
10023456784,2024-12-17 17:00:00,2024-12-17,17:00:00,1.4163,Tuesday,17,12,Winter,0
10023456784,2024-12-17 18:00:00,2024-12-17,18:00:00,1.9364,Tuesday,18,12,Winter,0
10023456784,2024-12-17 19:00:00,2024-12-17,19:00:00,1.9942,Tuesday,19,12,Winter,0
10023456784,2024-12-17 20:00:00,2024-12-17,20:00:00,2.0824,Tuesday,20,12,Winter,0
10023456784,2024-12-17 21:00:00,2024-12-17,21:00:00,1.6464,Tuesday,21,12,Winter,0
10023456784,2024-12-17 22:00:00,2024-12-17,22:00:00,1.3829,Tuesday,22,12,Winter,0
10023456784,2024-12-17 23:00:00,2024-12-17,23:00:00,0.9685,Tuesday,23,12,Winter,0
10023456784,2024-12-18 00:00:00,2024-12-18,00:00:00,0.3647,Wednesday,0,12,Winter,0
10023456784,2024-12-18 01:00:00,2024-12-18,01:00:00,0.3385,Wednesday,1,12,Winter,0
10023456784,2024-12-18 02:00:00,2024-12-18,02:00:00,0.2929,Wednesday,2,12,Winter,0
10023456784,2024-12-18 03:00:00,2024-12-18,03:00:00,0.2946,Wednesday,3,12,Winter,0
10023456784,2024-12-18 04:00:00,2024-12-18,04:00:00,0.3287,Wednesday,4,12,Winter,0
10023456784,2024-12-18 05:00:00,2024-12-18,05:00:00,0.5373,Wednesday,5,12,Winter,0
10023456784,2024-12-18 06:00:00,2024-12-18,06:00:00,0.7717,Wednesday,6,12,Winter,0
10023456784,2024-12-18 07:00:00,2024-12-18,07:00:00,1.2498,Wednesday,7,12,Winter,0
10023456784,2024-12-18 08:00:00,2024-12-18,08:00:00,1.3346,Wednesday,8,12,Winter,0
10023456784,2024-12-18 09:00:00,2024-12-18,09:00:00,0.9282,Wednesday,9,12,Winter,0
10023456784,2024-12-18 10:00:00,2024-12-18,10:00:00,0.8522,Wednesday,10,12,Winter,0
10023456784,2024-12-18 11:00:00,2024-12-18,11:00:00,0.7518,Wednesday,11,12,Winter,0
10023456784,2024-12-18 12:00:00,2024-12-18,12:00:00,0.7917,Wednesday,12,12,Winter,0
10023456784,2024-12-18 13:00:00,2024-12-18,13:00:00,0.9158,Wednesday,13,12,Winter,0
10023456784,2024-12-18 14:00:00,2024-12-18,14:00:00,0.7872,Wednesday,14,12,Winter,0
10023456784,2024-12-18 15:00:00,2024-12-18,15:00:00,1.0531,Wednesday,15,12,Winter,0
10023456784,2024-12-18 16:00:00,2024-12-18,16:00:00,1.0305,Wednesday,16,12,Winter,0
10023456784,2024-12-18 17:00:00,2024-12-18,17:00:00,1.3472,Wednesday,17,12,Winter,0
10023456784,2024-12-18 18:00:00,2024-12-18,18:00:00,1.7510,Wednesday,18,12,Winter,0
10023456784,2024-12-18 19:00:00,2024-12-18,19:00:00,1.8784,Wednesday,19,12,Winter,0
10023456784,2024-12-18 20:00:00,2024-12-18,20:00:00,2.3620,Wednesday,20,12,Winter,0
10023456784,2024-12-18 21:00:00,2024-12-18,21:00:00,1.4203,Wednesday,21,12,Winter,0
10023456784,2024-12-18 22:00:00,2024-12-18,22:00:00,1.1026,Wednesday,22,12,Winter,0
10023456784,2024-12-18 23:00:00,2024-12-18,23:00:00,0.7412,Wednesday,23,12,Winter,0
10023456784,2024-12-19 00:00:00,2024-12-19,00:00:00,0.5451,Thursday,0,12,Winter,0
10023456784,2024-12-19 01:00:00,2024-12-19,01:00:00,0.3932,Thursday,1,12,Winter,0
10023456784,2024-12-19 02:00:00,2024-12-19,02:00:00,0.3613,Thursday,2,12,Winter,0
10023456784,2024-12-19 03:00:00,2024-12-19,03:00:00,0.2982,Thursday,3,12,Winter,0
10023456784,2024-12-19 04:00:00,2024-12-19,04:00:00,0.4853,Thursday,4,12,Winter,0
10023456784,2024-12-19 05:00:00,2024-12-19,05:00:00,0.5659,Thursday,5,12,Winter,0
10023456784,2024-12-19 06:00:00,2024-12-19,06:00:00,1.0178,Thursday,6,12,Winter,0
10023456784,2024-12-19 07:00:00,2024-12-19,07:00:00,1.2534,Thursday,7,12,Winter,0
10023456784,2024-12-19 08:00:00,2024-12-19,08:00:00,1.4403,Thursday,8,12,Winter,0
10023456784,2024-12-19 09:00:00,2024-12-19,09:00:00,1.3064,Thursday,9,12,Winter,0
10023456784,2024-12-19 10:00:00,2024-12-19,10:00:00,1.0145,Thursday,10,12,Winter,0
10023456784,2024-12-19 11:00:00,2024-12-19,11:00:00,0.9836,Thursday,11,12,Winter,0
10023456784,2024-12-19 12:00:00,2024-12-19,12:00:00,0.9585,Thursday,12,12,Winter,0
10023456784,2024-12-19 13:00:00,2024-12-19,13:00:00,1.1813,Thursday,13,12,Winter,0
10023456784,2024-12-19 14:00:00,2024-12-19,14:00:00,1.0340,Thursday,14,12,Winter,0
10023456784,2024-12-19 15:00:00,2024-12-19,15:00:00,0.9226,Thursday,15,12,Winter,0
10023456784,2024-12-19 16:00:00,2024-12-19,16:00:00,1.1739,Thursday,16,12,Winter,0
10023456784,2024-12-19 17:00:00,2024-12-19,17:00:00,2.1011,Thursday,17,12,Winter,0
10023456784,2024-12-19 18:00:00,2024-12-19,18:00:00,1.8862,Thursday,18,12,Winter,0
10023456784,2024-12-19 19:00:00,2024-12-19,19:00:00,2.0851,Thursday,19,12,Winter,0
10023456784,2024-12-19 20:00:00,2024-12-19,20:00:00,2.4347,Thursday,20,12,Winter,0
10023456784,2024-12-19 21:00:00,2024-12-19,21:00:00,1.9438,Thursday,21,12,Winter,0
10023456784,2024-12-19 22:00:00,2024-12-19,22:00:00,1.1105,Thursday,22,12,Winter,0
10023456784,2024-12-19 23:00:00,2024-12-19,23:00:00,0.8496,Thursday,23,12,Winter,0
10023456784,2024-12-20 00:00:00,2024-12-20,00:00:00,0.4900,Friday,0,12,Winter,0
10023456784,2024-12-20 01:00:00,2024-12-20,01:00:00,0.2863,Friday,1,12,Winter,0
10023456784,2024-12-20 02:00:00,2024-12-20,02:00:00,0.3685,Friday,2,12,Winter,0
10023456784,2024-12-20 03:00:00,2024-12-20,03:00:00,0.3028,Friday,3,12,Winter,0
10023456784,2024-12-20 04:00:00,2024-12-20,04:00:00,0.4188,Friday,4,12,Winter,0
10023456784,2024-12-20 05:00:00,2024-12-20,05:00:00,0.5666,Friday,5,12,Winter,0
10023456784,2024-12-20 06:00:00,2024-12-20,06:00:00,4.1693,Friday,6,12,Winter,1
10023456784,2024-12-20 07:00:00,2024-12-20,07:00:00,1.5442,Friday,7,12,Winter,0
10023456784,2024-12-20 08:00:00,2024-12-20,08:00:00,1.7330,Friday,8,12,Winter,0
10023456784,2024-12-20 09:00:00,2024-12-20,09:00:00,1.4876,Friday,9,12,Winter,0
10023456784,2024-12-20 10:00:00,2024-12-20,10:00:00,1.0972,Friday,10,12,Winter,0
10023456784,2024-12-20 11:00:00,2024-12-20,11:00:00,0.9660,Friday,11,12,Winter,0
10023456784,2024-12-20 12:00:00,2024-12-20,12:00:00,1.0740,Friday,12,12,Winter,0
10023456784,2024-12-20 13:00:00,2024-12-20,13:00:00,1.0930,Friday,13,12,Winter,0
10023456784,2024-12-20 14:00:00,2024-12-20,14:00:00,1.0373,Friday,14,12,Winter,0
10023456784,2024-12-20 15:00:00,2024-12-20,15:00:00,1.1598,Friday,15,12,Winter,0
10023456784,2024-12-20 16:00:00,2024-12-20,16:00:00,1.4204,Friday,16,12,Winter,0
10023456784,2024-12-20 17:00:00,2024-12-20,17:00:00,1.6347,Friday,17,12,Winter,0
10023456784,2024-12-20 18:00:00,2024-12-20,18:00:00,2.0694,Friday,18,12,Winter,0
10023456784,2024-12-20 19:00:00,2024-12-20,19:00:00,2.8653,Friday,19,12,Winter,0
10023456784,2024-12-20 20:00:00,2024-12-20,20:00:00,2.0976,Friday,20,12,Winter,0
10023456784,2024-12-20 21:00:00,2024-12-20,21:00:00,2.0368,Friday,21,12,Winter,0
10023456784,2024-12-20 22:00:00,2024-12-20,22:00:00,1.5737,Friday,22,12,Winter,0
10023456784,2024-12-20 23:00:00,2024-12-20,23:00:00,0.7359,Friday,23,12,Winter,0
10023456784,2024-12-21 00:00:00,2024-12-21,00:00:00,0.5754,Saturday,0,12,Winter,0
10023456784,2024-12-21 01:00:00,2024-12-21,01:00:00,0.4565,Saturday,1,12,Winter,0
10023456784,2024-12-21 02:00:00,2024-12-21,02:00:00,0.5051,Saturday,2,12,Winter,0
10023456784,2024-12-21 03:00:00,2024-12-21,03:00:00,0.5837,Saturday,3,12,Winter,0
10023456784,2024-12-21 04:00:00,2024-12-21,04:00:00,0.5110,Saturday,4,12,Winter,0
10023456784,2024-12-21 05:00:00,2024-12-21,05:00:00,0.6113,Saturday,5,12,Winter,0
10023456784,2024-12-21 06:00:00,2024-12-21,06:00:00,1.0314,Saturday,6,12,Winter,0
10023456784,2024-12-21 07:00:00,2024-12-21,07:00:00,1.4937,Saturday,7,12,Winter,0
10023456784,2024-12-21 08:00:00,2024-12-21,08:00:00,1.8936,Saturday,8,12,Winter,0
10023456784,2024-12-21 09:00:00,2024-12-21,09:00:00,2.3649,Saturday,9,12,Winter,0
10023456784,2024-12-21 10:00:00,2024-12-21,10:00:00,2.0181,Saturday,10,12,Winter,0
10023456784,2024-12-21 11:00:00,2024-12-21,11:00:00,1.8731,Saturday,11,12,Winter,0
10023456784,2024-12-21 12:00:00,2024-12-21,12:00:00,1.9575,Saturday,12,12,Winter,0
10023456784,2024-12-21 13:00:00,2024-12-21,13:00:00,1.3568,Saturday,13,12,Winter,0
10023456784,2024-12-21 14:00:00,2024-12-21,14:00:00,1.5503,Saturday,14,12,Winter,0
10023456784,2024-12-21 15:00:00,2024-12-21,15:00:00,1.4062,Saturday,15,12,Winter,0
10023456784,2024-12-21 16:00:00,2024-12-21,16:00:00,1.9759,Saturday,16,12,Winter,0
10023456784,2024-12-21 17:00:00,2024-12-21,17:00:00,2.6270,Saturday,17,12,Winter,0
10023456784,2024-12-21 18:00:00,2024-12-21,18:00:00,3.1717,Saturday,18,12,Winter,0
10023456784,2024-12-21 19:00:00,2024-12-21,19:00:00,2.9868,Saturday,19,12,Winter,0
10023456784,2024-12-21 20:00:00,2024-12-21,20:00:00,2.9074,Saturday,20,12,Winter,0
10023456784,2024-12-21 21:00:00,2024-12-21,21:00:00,2.6196,Saturday,21,12,Winter,0
10023456784,2024-12-21 22:00:00,2024-12-21,22:00:00,1.7376,Saturday,22,12,Winter,0
10023456784,2024-12-21 23:00:00,2024-12-21,23:00:00,1.3477,Saturday,23,12,Winter,0
10023456784,2024-12-22 00:00:00,2024-12-22,00:00:00,0.5417,Sunday,0,12,Winter,0
10023456784,2024-12-22 01:00:00,2024-12-22,01:00:00,0.4795,Sunday,1,12,Winter,0
10023456784,2024-12-22 02:00:00,2024-12-22,02:00:00,0.3546,Sunday,2,12,Winter,0
10023456784,2024-12-22 03:00:00,2024-12-22,03:00:00,0.3485,Sunday,3,12,Winter,0
10023456784,2024-12-22 04:00:00,2024-12-22,04:00:00,0.3229,Sunday,4,12,Winter,0
10023456784,2024-12-22 05:00:00,2024-12-22,05:00:00,0.4598,Sunday,5,12,Winter,0
10023456784,2024-12-22 06:00:00,2024-12-22,06:00:00,0.7299,Sunday,6,12,Winter,0
10023456784,2024-12-22 07:00:00,2024-12-22,07:00:00,1.0727,Sunday,7,12,Winter,0
10023456784,2024-12-22 08:00:00,2024-12-22,08:00:00,1.4460,Sunday,8,12,Winter,0
10023456784,2024-12-22 09:00:00,2024-12-22,09:00:00,1.4869,Sunday,9,12,Winter,0
10023456784,2024-12-22 10:00:00,2024-12-22,10:00:00,1.7707,Sunday,10,12,Winter,0
10023456784,2024-12-22 11:00:00,2024-12-22,11:00:00,1.4927,Sunday,11,12,Winter,0
10023456784,2024-12-22 12:00:00,2024-12-22,12:00:00,1.3186,Sunday,12,12,Winter,0
10023456784,2024-12-22 13:00:00,2024-12-22,13:00:00,1.2023,Sunday,13,12,Winter,0
10023456784,2024-12-22 14:00:00,2024-12-22,14:00:00,1.2316,Sunday,14,12,Winter,0
10023456784,2024-12-22 15:00:00,2024-12-22,15:00:00,1.5805,Sunday,15,12,Winter,0
10023456784,2024-12-22 16:00:00,2024-12-22,16:00:00,1.5212,Sunday,16,12,Winter,0
10023456784,2024-12-22 17:00:00,2024-12-22,17:00:00,1.7124,Sunday,17,12,Winter,0
10023456784,2024-12-22 18:00:00,2024-12-22,18:00:00,2.3293,Sunday,18,12,Winter,0
10023456784,2024-12-22 19:00:00,2024-12-22,19:00:00,2.1644,Sunday,19,12,Winter,0
10023456784,2024-12-22 20:00:00,2024-12-22,20:00:00,2.0071,Sunday,20,12,Winter,0
10023456784,2024-12-22 21:00:00,2024-12-22,21:00:00,1.7881,Sunday,21,12,Winter,0
10023456784,2024-12-22 22:00:00,2024-12-22,22:00:00,1.3576,Sunday,22,12,Winter,0
10023456784,2024-12-22 23:00:00,2024-12-22,23:00:00,0.8925,Sunday,23,12,Winter,0
10023456784,2024-12-23 00:00:00,2024-12-23,00:00:00,0.4902,Monday,0,12,Winter,0
10023456784,2024-12-23 01:00:00,2024-12-23,01:00:00,0.4328,Monday,1,12,Winter,0
10023456784,2024-12-23 02:00:00,2024-12-23,02:00:00,0.4759,Monday,2,12,Winter,0
10023456784,2024-12-23 03:00:00,2024-12-23,03:00:00,0.4680,Monday,3,12,Winter,0
10023456784,2024-12-23 04:00:00,2024-12-23,04:00:00,0.3946,Monday,4,12,Winter,0
10023456784,2024-12-23 05:00:00,2024-12-23,05:00:00,0.7283,Monday,5,12,Winter,0
10023456784,2024-12-23 06:00:00,2024-12-23,06:00:00,1.2437,Monday,6,12,Winter,0
10023456784,2024-12-23 07:00:00,2024-12-23,07:00:00,1.8614,Monday,7,12,Winter,0
10023456784,2024-12-23 08:00:00,2024-12-23,08:00:00,1.9485,Monday,8,12,Winter,0
10023456784,2024-12-23 09:00:00,2024-12-23,09:00:00,1.7438,Monday,9,12,Winter,0
10023456784,2024-12-23 10:00:00,2024-12-23,10:00:00,1.3939,Monday,10,12,Winter,0
10023456784,2024-12-23 11:00:00,2024-12-23,11:00:00,1.0528,Monday,11,12,Winter,0
10023456784,2024-12-23 12:00:00,2024-12-23,12:00:00,1.1423,Monday,12,12,Winter,0
10023456784,2024-12-23 13:00:00,2024-12-23,13:00:00,1.0437,Monday,13,12,Winter,0
10023456784,2024-12-23 14:00:00,2024-12-23,14:00:00,1.3991,Monday,14,12,Winter,0
10023456784,2024-12-23 15:00:00,2024-12-23,15:00:00,1.3080,Monday,15,12,Winter,0
10023456784,2024-12-23 16:00:00,2024-12-23,16:00:00,1.4374,Monday,16,12,Winter,0
10023456784,2024-12-23 17:00:00,2024-12-23,17:00:00,2.1633,Monday,17,12,Winter,0
10023456784,2024-12-23 18:00:00,2024-12-23,18:00:00,1.9665,Monday,18,12,Winter,0
10023456784,2024-12-23 19:00:00,2024-12-23,19:00:00,3.0165,Monday,19,12,Winter,0
10023456784,2024-12-23 20:00:00,2024-12-23,20:00:00,2.2839,Monday,20,12,Winter,0
10023456784,2024-12-23 21:00:00,2024-12-23,21:00:00,2.0004,Monday,21,12,Winter,0
10023456784,2024-12-23 22:00:00,2024-12-23,22:00:00,1.7255,Monday,22,12,Winter,0
10023456784,2024-12-23 23:00:00,2024-12-23,23:00:00,0.8527,Monday,23,12,Winter,0
10023456784,2024-12-24 00:00:00,2024-12-24,00:00:00,0.5078,Tuesday,0,12,Winter,0
10023456784,2024-12-24 01:00:00,2024-12-24,01:00:00,0.3124,Tuesday,1,12,Winter,0
10023456784,2024-12-24 02:00:00,2024-12-24,02:00:00,0.3860,Tuesday,2,12,Winter,0
10023456784,2024-12-24 03:00:00,2024-12-24,03:00:00,0.2811,Tuesday,3,12,Winter,0
10023456784,2024-12-24 04:00:00,2024-12-24,04:00:00,0.4449,Tuesday,4,12,Winter,0
10023456784,2024-12-24 05:00:00,2024-12-24,05:00:00,0.5669,Tuesday,5,12,Winter,0
10023456784,2024-12-24 06:00:00,2024-12-24,06:00:00,0.9555,Tuesday,6,12,Winter,0
10023456784,2024-12-24 07:00:00,2024-12-24,07:00:00,1.5162,Tuesday,7,12,Winter,0
10023456784,2024-12-24 08:00:00,2024-12-24,08:00:00,1.2938,Tuesday,8,12,Winter,0
10023456784,2024-12-24 09:00:00,2024-12-24,09:00:00,1.1933,Tuesday,9,12,Winter,0
10023456784,2024-12-24 10:00:00,2024-12-24,10:00:00,0.9554,Tuesday,10,12,Winter,0
10023456784,2024-12-24 11:00:00,2024-12-24,11:00:00,1.0571,Tuesday,11,12,Winter,0
10023456784,2024-12-24 12:00:00,2024-12-24,12:00:00,0.9313,Tuesday,12,12,Winter,0
10023456784,2024-12-24 13:00:00,2024-12-24,13:00:00,0.8962,Tuesday,13,12,Winter,0
10023456784,2024-12-24 14:00:00,2024-12-24,14:00:00,0.8899,Tuesday,14,12,Winter,0
10023456784,2024-12-24 15:00:00,2024-12-24,15:00:00,0.8706,Tuesday,15,12,Winter,0
10023456784,2024-12-24 16:00:00,2024-12-24,16:00:00,1.1931,Tuesday,16,12,Winter,0
10023456784,2024-12-24 17:00:00,2024-12-24,17:00:00,1.5744,Tuesday,17,12,Winter,0
10023456784,2024-12-24 18:00:00,2024-12-24,18:00:00,1.7398,Tuesday,18,12,Winter,0
10023456784,2024-12-24 19:00:00,2024-12-24,19:00:00,2.1941,Tuesday,19,12,Winter,0
10023456784,2024-12-24 20:00:00,2024-12-24,20:00:00,1.9830,Tuesday,20,12,Winter,0
10023456784,2024-12-24 21:00:00,2024-12-24,21:00:00,1.6687,Tuesday,21,12,Winter,0
10023456784,2024-12-24 22:00:00,2024-12-24,22:00:00,1.3099,Tuesday,22,12,Winter,0
10023456784,2024-12-24 23:00:00,2024-12-24,23:00:00,0.8095,Tuesday,23,12,Winter,0
10023456784,2024-12-25 00:00:00,2024-12-25,00:00:00,0.4300,Wednesday,0,12,Winter,0
10023456784,2024-12-25 01:00:00,2024-12-25,01:00:00,0.2928,Wednesday,1,12,Winter,0
10023456784,2024-12-25 02:00:00,2024-12-25,02:00:00,0.3454,Wednesday,2,12,Winter,0
10023456784,2024-12-25 03:00:00,2024-12-25,03:00:00,0.3396,Wednesday,3,12,Winter,0
10023456784,2024-12-25 04:00:00,2024-12-25,04:00:00,0.3585,Wednesday,4,12,Winter,0
10023456784,2024-12-25 05:00:00,2024-12-25,05:00:00,0.5360,Wednesday,5,12,Winter,0
10023456784,2024-12-25 06:00:00,2024-12-25,06:00:00,1.0842,Wednesday,6,12,Winter,0
10023456784,2024-12-25 07:00:00,2024-12-25,07:00:00,1.4390,Wednesday,7,12,Winter,0
10023456784,2024-12-25 08:00:00,2024-12-25,08:00:00,1.4995,Wednesday,8,12,Winter,0
10023456784,2024-12-25 09:00:00,2024-12-25,09:00:00,1.2313,Wednesday,9,12,Winter,0
10023456784,2024-12-25 10:00:00,2024-12-25,10:00:00,1.1730,Wednesday,10,12,Winter,0
10023456784,2024-12-25 11:00:00,2024-12-25,11:00:00,0.9480,Wednesday,11,12,Winter,0
10023456784,2024-12-25 12:00:00,2024-12-25,12:00:00,1.1134,Wednesday,12,12,Winter,0
10023456784,2024-12-25 13:00:00,2024-12-25,13:00:00,0.9281,Wednesday,13,12,Winter,0
10023456784,2024-12-25 14:00:00,2024-12-25,14:00:00,0.9871,Wednesday,14,12,Winter,0
10023456784,2024-12-25 15:00:00,2024-12-25,15:00:00,1.0647,Wednesday,15,12,Winter,0
10023456784,2024-12-25 16:00:00,2024-12-25,16:00:00,1.3108,Wednesday,16,12,Winter,0
10023456784,2024-12-25 17:00:00,2024-12-25,17:00:00,1.4276,Wednesday,17,12,Winter,0
10023456784,2024-12-25 18:00:00,2024-12-25,18:00:00,1.8392,Wednesday,18,12,Winter,0
10023456784,2024-12-25 19:00:00,2024-12-25,19:00:00,2.3022,Wednesday,19,12,Winter,0
10023456784,2024-12-25 20:00:00,2024-12-25,20:00:00,2.0862,Wednesday,20,12,Winter,0
10023456784,2024-12-25 21:00:00,2024-12-25,21:00:00,2.1263,Wednesday,21,12,Winter,0
10023456784,2024-12-25 22:00:00,2024-12-25,22:00:00,1.2911,Wednesday,22,12,Winter,0
10023456784,2024-12-25 23:00:00,2024-12-25,23:00:00,0.8458,Wednesday,23,12,Winter,0
10023456784,2024-12-26 00:00:00,2024-12-26,00:00:00,0.3162,Thursday,0,12,Winter,0
10023456784,2024-12-26 01:00:00,2024-12-26,01:00:00,0.3172,Thursday,1,12,Winter,0
10023456784,2024-12-26 02:00:00,2024-12-26,02:00:00,0.2779,Thursday,2,12,Winter,0
10023456784,2024-12-26 03:00:00,2024-12-26,03:00:00,0.3167,Thursday,3,12,Winter,0
10023456784,2024-12-26 04:00:00,2024-12-26,04:00:00,0.4735,Thursday,4,12,Winter,0
10023456784,2024-12-26 05:00:00,2024-12-26,05:00:00,0.5361,Thursday,5,12,Winter,0
10023456784,2024-12-26 06:00:00,2024-12-26,06:00:00,0.8899,Thursday,6,12,Winter,0
10023456784,2024-12-26 07:00:00,2024-12-26,07:00:00,1.5635,Thursday,7,12,Winter,0
10023456784,2024-12-26 08:00:00,2024-12-26,08:00:00,1.4014,Thursday,8,12,Winter,0
10023456784,2024-12-26 09:00:00,2024-12-26,09:00:00,1.1090,Thursday,9,12,Winter,0
10023456784,2024-12-26 10:00:00,2024-12-26,10:00:00,1.0169,Thursday,10,12,Winter,0
10023456784,2024-12-26 11:00:00,2024-12-26,11:00:00,0.7730,Thursday,11,12,Winter,0
10023456784,2024-12-26 12:00:00,2024-12-26,12:00:00,0.9286,Thursday,12,12,Winter,0
10023456784,2024-12-26 13:00:00,2024-12-26,13:00:00,0.7159,Thursday,13,12,Winter,0
10023456784,2024-12-26 14:00:00,2024-12-26,14:00:00,0.8751,Thursday,14,12,Winter,0
10023456784,2024-12-26 15:00:00,2024-12-26,15:00:00,1.1419,Thursday,15,12,Winter,0
10023456784,2024-12-26 16:00:00,2024-12-26,16:00:00,1.2955,Thursday,16,12,Winter,0
10023456784,2024-12-26 17:00:00,2024-12-26,17:00:00,1.3023,Thursday,17,12,Winter,0
10023456784,2024-12-26 18:00:00,2024-12-26,18:00:00,1.6518,Thursday,18,12,Winter,0
10023456784,2024-12-26 19:00:00,2024-12-26,19:00:00,2.1390,Thursday,19,12,Winter,0
10023456784,2024-12-26 20:00:00,2024-12-26,20:00:00,1.7472,Thursday,20,12,Winter,0
10023456784,2024-12-26 21:00:00,2024-12-26,21:00:00,1.8046,Thursday,21,12,Winter,0
10023456784,2024-12-26 22:00:00,2024-12-26,22:00:00,0.9717,Thursday,22,12,Winter,0
10023456784,2024-12-26 23:00:00,2024-12-26,23:00:00,0.6220,Thursday,23,12,Winter,0
10023456784,2024-12-27 00:00:00,2024-12-27,00:00:00,0.4777,Friday,0,12,Winter,0
10023456784,2024-12-27 01:00:00,2024-12-27,01:00:00,0.4100,Friday,1,12,Winter,0
10023456784,2024-12-27 02:00:00,2024-12-27,02:00:00,0.2947,Friday,2,12,Winter,0
10023456784,2024-12-27 03:00:00,2024-12-27,03:00:00,0.3934,Friday,3,12,Winter,0
10023456784,2024-12-27 04:00:00,2024-12-27,04:00:00,0.5460,Friday,4,12,Winter,0
10023456784,2024-12-27 05:00:00,2024-12-27,05:00:00,0.6611,Friday,5,12,Winter,0
10023456784,2024-12-27 06:00:00,2024-12-27,06:00:00,1.1834,Friday,6,12,Winter,0
10023456784,2024-12-27 07:00:00,2024-12-27,07:00:00,1.3343,Friday,7,12,Winter,0
10023456784,2024-12-27 08:00:00,2024-12-27,08:00:00,1.8011,Friday,8,12,Winter,0
10023456784,2024-12-27 09:00:00,2024-12-27,09:00:00,1.2649,Friday,9,12,Winter,0
10023456784,2024-12-27 10:00:00,2024-12-27,10:00:00,1.0561,Friday,10,12,Winter,0
10023456784,2024-12-27 11:00:00,2024-12-27,11:00:00,1.0239,Friday,11,12,Winter,0
10023456784,2024-12-27 12:00:00,2024-12-27,12:00:00,1.0675,Friday,12,12,Winter,0
10023456784,2024-12-27 13:00:00,2024-12-27,13:00:00,1.1720,Friday,13,12,Winter,0
10023456784,2024-12-27 14:00:00,2024-12-27,14:00:00,1.3986,Friday,14,12,Winter,0
10023456784,2024-12-27 15:00:00,2024-12-27,15:00:00,1.3041,Friday,15,12,Winter,0
10023456784,2024-12-27 16:00:00,2024-12-27,16:00:00,1.4283,Friday,16,12,Winter,0
10023456784,2024-12-27 17:00:00,2024-12-27,17:00:00,1.6518,Friday,17,12,Winter,0
10023456784,2024-12-27 18:00:00,2024-12-27,18:00:00,0.3476,Friday,18,12,Winter,1
10023456784,2024-12-27 19:00:00,2024-12-27,19:00:00,0.4326,Friday,19,12,Winter,1
10023456784,2024-12-27 20:00:00,2024-12-27,20:00:00,2.5734,Friday,20,12,Winter,0
10023456784,2024-12-27 21:00:00,2024-12-27,21:00:00,1.8324,Friday,21,12,Winter,0
10023456784,2024-12-27 22:00:00,2024-12-27,22:00:00,1.1686,Friday,22,12,Winter,0
10023456784,2024-12-27 23:00:00,2024-12-27,23:00:00,0.6749,Friday,23,12,Winter,0
10023456784,2024-12-28 00:00:00,2024-12-28,00:00:00,0.5842,Saturday,0,12,Winter,0
10023456784,2024-12-28 01:00:00,2024-12-28,01:00:00,0.4661,Saturday,1,12,Winter,0
10023456784,2024-12-28 02:00:00,2024-12-28,02:00:00,0.4634,Saturday,2,12,Winter,0
10023456784,2024-12-28 03:00:00,2024-12-28,03:00:00,0.5011,Saturday,3,12,Winter,0
10023456784,2024-12-28 04:00:00,2024-12-28,04:00:00,0.5098,Saturday,4,12,Winter,0
10023456784,2024-12-28 05:00:00,2024-12-28,05:00:00,0.5827,Saturday,5,12,Winter,0
10023456784,2024-12-28 06:00:00,2024-12-28,06:00:00,1.0027,Saturday,6,12,Winter,0
10023456784,2024-12-28 07:00:00,2024-12-28,07:00:00,1.3974,Saturday,7,12,Winter,0
10023456784,2024-12-28 08:00:00,2024-12-28,08:00:00,1.7417,Saturday,8,12,Winter,0
10023456784,2024-12-28 09:00:00,2024-12-28,09:00:00,2.1328,Saturday,9,12,Winter,0
10023456784,2024-12-28 10:00:00,2024-12-28,10:00:00,1.9366,Saturday,10,12,Winter,0
10023456784,2024-12-28 11:00:00,2024-12-28,11:00:00,1.5340,Saturday,11,12,Winter,0
10023456784,2024-12-28 12:00:00,2024-12-28,12:00:00,1.7795,Saturday,12,12,Winter,0
10023456784,2024-12-28 13:00:00,2024-12-28,13:00:00,1.7364,Saturday,13,12,Winter,0
10023456784,2024-12-28 14:00:00,2024-12-28,14:00:00,1.6751,Saturday,14,12,Winter,0
10023456784,2024-12-28 15:00:00,2024-12-28,15:00:00,1.3662,Saturday,15,12,Winter,0
10023456784,2024-12-28 16:00:00,2024-12-28,16:00:00,2.0258,Saturday,16,12,Winter,0
10023456784,2024-12-28 17:00:00,2024-12-28,17:00:00,2.3695,Saturday,17,12,Winter,0
10023456784,2024-12-28 18:00:00,2024-12-28,18:00:00,2.6264,Saturday,18,12,Winter,0
10023456784,2024-12-28 19:00:00,2024-12-28,19:00:00,3.0454,Saturday,19,12,Winter,0
10023456784,2024-12-28 20:00:00,2024-12-28,20:00:00,2.5696,Saturday,20,12,Winter,0
10023456784,2024-12-28 21:00:00,2024-12-28,21:00:00,2.3507,Saturday,21,12,Winter,0
10023456784,2024-12-28 22:00:00,2024-12-28,22:00:00,1.7244,Saturday,22,12,Winter,0
10023456784,2024-12-28 23:00:00,2024-12-28,23:00:00,1.3991,Saturday,23,12,Winter,0
10023456784,2024-12-29 00:00:00,2024-12-29,00:00:00,0.5062,Sunday,0,12,Winter,0
10023456784,2024-12-29 01:00:00,2024-12-29,01:00:00,1.0846,Sunday,1,12,Winter,1
10023456784,2024-12-29 02:00:00,2024-12-29,02:00:00,1.3987,Sunday,2,12,Winter,1
10023456784,2024-12-29 03:00:00,2024-12-29,03:00:00,0.9927,Sunday,3,12,Winter,1
10023456784,2024-12-29 04:00:00,2024-12-29,04:00:00,0.3323,Sunday,4,12,Winter,0
10023456784,2024-12-29 05:00:00,2024-12-29,05:00:00,0.5490,Sunday,5,12,Winter,0
10023456784,2024-12-29 06:00:00,2024-12-29,06:00:00,0.7269,Sunday,6,12,Winter,0
10023456784,2024-12-29 07:00:00,2024-12-29,07:00:00,0.9823,Sunday,7,12,Winter,0
10023456784,2024-12-29 08:00:00,2024-12-29,08:00:00,1.6437,Sunday,8,12,Winter,0
10023456784,2024-12-29 09:00:00,2024-12-29,09:00:00,1.6377,Sunday,9,12,Winter,0
10023456784,2024-12-29 10:00:00,2024-12-29,10:00:00,1.6386,Sunday,10,12,Winter,0
10023456784,2024-12-29 11:00:00,2024-12-29,11:00:00,1.7140,Sunday,11,12,Winter,0
10023456784,2024-12-29 12:00:00,2024-12-29,12:00:00,1.2624,Sunday,12,12,Winter,0
10023456784,2024-12-29 13:00:00,2024-12-29,13:00:00,1.3511,Sunday,13,12,Winter,0
10023456784,2024-12-29 14:00:00,2024-12-29,14:00:00,0.9868,Sunday,14,12,Winter,0
10023456784,2024-12-29 15:00:00,2024-12-29,15:00:00,1.3184,Sunday,15,12,Winter,0
10023456784,2024-12-29 16:00:00,2024-12-29,16:00:00,1.3550,Sunday,16,12,Winter,0
10023456784,2024-12-29 17:00:00,2024-12-29,17:00:00,1.8211,Sunday,17,12,Winter,0
10023456784,2024-12-29 18:00:00,2024-12-29,18:00:00,2.2385,Sunday,18,12,Winter,0
10023456784,2024-12-29 19:00:00,2024-12-29,19:00:00,2.1021,Sunday,19,12,Winter,0
10023456784,2024-12-29 20:00:00,2024-12-29,20:00:00,2.2309,Sunday,20,12,Winter,0
10023456784,2024-12-29 21:00:00,2024-12-29,21:00:00,1.9208,Sunday,21,12,Winter,0
10023456784,2024-12-29 22:00:00,2024-12-29,22:00:00,1.7201,Sunday,22,12,Winter,0
10023456784,2024-12-29 23:00:00,2024-12-29,23:00:00,1.0911,Sunday,23,12,Winter,0
10023456784,2024-12-30 00:00:00,2024-12-30,00:00:00,0.4235,Monday,0,12,Winter,0
10023456784,2024-12-30 01:00:00,2024-12-30,01:00:00,0.3524,Monday,1,12,Winter,0
10023456784,2024-12-30 02:00:00,2024-12-30,02:00:00,0.2662,Monday,2,12,Winter,0
10023456784,2024-12-30 03:00:00,2024-12-30,03:00:00,0.3133,Monday,3,12,Winter,0
10023456784,2024-12-30 04:00:00,2024-12-30,04:00:00,0.2699,Monday,4,12,Winter,0
10023456784,2024-12-30 05:00:00,2024-12-30,05:00:00,0.5284,Monday,5,12,Winter,0
10023456784,2024-12-30 06:00:00,2024-12-30,06:00:00,0.7139,Monday,6,12,Winter,0
10023456784,2024-12-30 07:00:00,2024-12-30,07:00:00,1.1625,Monday,7,12,Winter,0
10023456784,2024-12-30 08:00:00,2024-12-30,08:00:00,1.5845,Monday,8,12,Winter,0
10023456784,2024-12-30 09:00:00,2024-12-30,09:00:00,1.3513,Monday,9,12,Winter,0
10023456784,2024-12-30 10:00:00,2024-12-30,10:00:00,0.1001,Monday,10,12,Winter,1
10023456784,2024-12-30 11:00:00,2024-12-30,11:00:00,0.8354,Monday,11,12,Winter,0
10023456784,2024-12-30 12:00:00,2024-12-30,12:00:00,0.8702,Monday,12,12,Winter,0
10023456784,2024-12-30 13:00:00,2024-12-30,13:00:00,1.0140,Monday,13,12,Winter,0
10023456784,2024-12-30 14:00:00,2024-12-30,14:00:00,1.0036,Monday,14,12,Winter,0
10023456784,2024-12-30 15:00:00,2024-12-30,15:00:00,1.2443,Monday,15,12,Winter,0
10023456784,2024-12-30 16:00:00,2024-12-30,16:00:00,1.0309,Monday,16,12,Winter,0
10023456784,2024-12-30 17:00:00,2024-12-30,17:00:00,1.2290,Monday,17,12,Winter,0
10023456784,2024-12-30 18:00:00,2024-12-30,18:00:00,1.8714,Monday,18,12,Winter,0
10023456784,2024-12-30 19:00:00,2024-12-30,19:00:00,1.8043,Monday,19,12,Winter,0
10023456784,2024-12-30 20:00:00,2024-12-30,20:00:00,1.6347,Monday,20,12,Winter,0
10023456784,2024-12-30 21:00:00,2024-12-30,21:00:00,1.5828,Monday,21,12,Winter,0
10023456784,2024-12-30 22:00:00,2024-12-30,22:00:00,1.3994,Monday,22,12,Winter,0
10023456784,2024-12-30 23:00:00,2024-12-30,23:00:00,0.7527,Monday,23,12,Winter,0
10023456784,2024-12-31 00:00:00,2024-12-31,00:00:00,0.4557,Tuesday,0,12,Winter,0
10023456784,2024-12-31 01:00:00,2024-12-31,01:00:00,0.3681,Tuesday,1,12,Winter,0
10023456784,2024-12-31 02:00:00,2024-12-31,02:00:00,0.4190,Tuesday,2,12,Winter,0
10023456784,2024-12-31 03:00:00,2024-12-31,03:00:00,0.3515,Tuesday,3,12,Winter,0
10023456784,2024-12-31 04:00:00,2024-12-31,04:00:00,0.4289,Tuesday,4,12,Winter,0
10023456784,2024-12-31 05:00:00,2024-12-31,05:00:00,0.6031,Tuesday,5,12,Winter,0
10023456784,2024-12-31 06:00:00,2024-12-31,06:00:00,1.0578,Tuesday,6,12,Winter,0
10023456784,2024-12-31 07:00:00,2024-12-31,07:00:00,1.4900,Tuesday,7,12,Winter,0
10023456784,2024-12-31 08:00:00,2024-12-31,08:00:00,1.6314,Tuesday,8,12,Winter,0
10023456784,2024-12-31 09:00:00,2024-12-31,09:00:00,1.5789,Tuesday,9,12,Winter,0
10023456784,2024-12-31 10:00:00,2024-12-31,10:00:00,1.1547,Tuesday,10,12,Winter,0
10023456784,2024-12-31 11:00:00,2024-12-31,11:00:00,1.0702,Tuesday,11,12,Winter,0
10023456784,2024-12-31 12:00:00,2024-12-31,12:00:00,1.0638,Tuesday,12,12,Winter,0
10023456784,2024-12-31 13:00:00,2024-12-31,13:00:00,0.9941,Tuesday,13,12,Winter,0
10023456784,2024-12-31 14:00:00,2024-12-31,14:00:00,0.9576,Tuesday,14,12,Winter,0
10023456784,2024-12-31 15:00:00,2024-12-31,15:00:00,1.1026,Tuesday,15,12,Winter,0
10023456784,2024-12-31 16:00:00,2024-12-31,16:00:00,1.1603,Tuesday,16,12,Winter,0
10023456784,2024-12-31 17:00:00,2024-12-31,17:00:00,1.4398,Tuesday,17,12,Winter,0
10023456784,2024-12-31 18:00:00,2024-12-31,18:00:00,2.1853,Tuesday,18,12,Winter,0
10023456784,2024-12-31 19:00:00,2024-12-31,19:00:00,2.0238,Tuesday,19,12,Winter,0
10023456784,2024-12-31 20:00:00,2024-12-31,20:00:00,2.2189,Tuesday,20,12,Winter,0
10023456784,2024-12-31 21:00:00,2024-12-31,21:00:00,2.0191,Tuesday,21,12,Winter,0
10023456784,2024-12-31 22:00:00,2024-12-31,22:00:00,1.3434,Tuesday,22,12,Winter,0
10023456784,2024-12-31 23:00:00,2024-12-31,23:00:00,0.8258,Tuesday,23,12,Winter,0
